datetime,open,high,low,close,volume,dividends,stock_splits,ticker,interval
2026-01-22 09:30:00-05:00,12.600000381469727,12.640000343322754,12.550000190734863,12.600000381469727,76345,0.0,0.0,AVPT,15m
2026-01-22 09:45:00-05:00,12.609999656677246,12.630000114440918,12.529999732971191,12.569999694824219,18963,0.0,0.0,AVPT,15m
2026-01-22 10:00:00-05:00,12.5600004196167,12.579999923706055,12.520000457763672,12.524999618530273,21853,0.0,0.0,AVPT,15m
2026-01-22 10:15:00-05:00,12.529999732971191,12.619999885559082,12.529999732971191,12.600000381469727,43350,0.0,0.0,AVPT,15m
2026-01-22 10:30:00-05:00,12.600000381469727,12.640000343322754,12.585000038146973,12.635000228881836,24219,0.0,0.0,AVPT,15m
2026-01-22 10:45:00-05:00,12.649999618530273,12.649999618530273,12.569999694824219,12.579999923706055,17778,0.0,0.0,AVPT,15m
2026-01-22 11:00:00-05:00,12.579999923706055,12.585000038146973,12.510000228881836,12.510000228881836,23652,0.0,0.0,AVPT,15m
2026-01-22 11:15:00-05:00,12.510000228881836,12.52180004119873,12.494999885559082,12.52180004119873,21844,0.0,0.0,AVPT,15m
2026-01-22 11:30:00-05:00,12.524999618530273,12.550000190734863,12.505000114440918,12.510000228881836,13838,0.0,0.0,AVPT,15m
2026-01-22 11:45:00-05:00,12.520000457763672,12.59000015258789,12.520000457763672,12.569999694824219,19868,0.0,0.0,AVPT,15m
2026-01-22 12:00:00-05:00,12.579999923706055,12.579999923706055,12.545000076293945,12.550000190734863,13553,0.0,0.0,AVPT,15m
2026-01-22 12:15:00-05:00,12.550000190734863,12.600000381469727,12.46500015258789,12.46500015258789,353084,0.0,0.0,AVPT,15m
2026-01-22 12:30:00-05:00,12.470000267028809,12.510000228881836,12.46500015258789,12.479999542236328,30382,0.0,0.0,AVPT,15m
2026-01-22 12:45:00-05:00,12.479999542236328,12.510000228881836,12.470000267028809,12.5,176563,0.0,0.0,AVPT,15m
2026-01-22 13:00:00-05:00,12.510000228881836,12.510000228881836,12.449999809265137,12.460000038146973,41070,0.0,0.0,AVPT,15m
2026-01-22 13:15:00-05:00,12.449999809265137,12.460000038146973,12.4399995803833,12.454999923706055,13284,0.0,0.0,AVPT,15m
2026-01-22 13:30:00-05:00,12.454999923706055,12.520000457763672,12.454999923706055,12.46500015258789,54304,0.0,0.0,AVPT,15m
2026-01-22 13:45:00-05:00,12.470000267028809,12.487000465393066,12.470000267028809,12.470000267028809,23354,0.0,0.0,AVPT,15m
2026-01-22 14:00:00-05:00,12.469900131225586,12.489999771118164,12.449999809265137,12.449999809265137,20864,0.0,0.0,AVPT,15m
2026-01-22 14:15:00-05:00,12.449999809265137,12.460000038146973,12.4399995803833,12.449999809265137,14322,0.0,0.0,AVPT,15m
2026-01-22 14:30:00-05:00,12.449999809265137,12.454999923706055,12.430000305175781,12.449999809265137,22620,0.0,0.0,AVPT,15m
2026-01-22 14:45:00-05:00,12.449999809265137,12.550000190734863,12.4350004196167,12.529999732971191,35235,0.0,0.0,AVPT,15m
2026-01-22 15:00:00-05:00,12.539999961853027,12.539999961853027,12.46500015258789,12.479999542236328,37055,0.0,0.0,AVPT,15m
2026-01-22 15:15:00-05:00,12.484999656677246,12.515000343322754,12.484999656677246,12.505499839782715,25136,0.0,0.0,AVPT,15m
2026-01-22 15:30:00-05:00,12.503199577331543,12.524999618530273,12.489999771118164,12.494999885559082,39874,0.0,0.0,AVPT,15m
2026-01-22 15:45:00-05:00,12.494999885559082,12.524999618530273,12.46500015258789,12.505000114440918,99432,0.0,0.0,AVPT,15m
2026-01-23 09:30:00-05:00,12.529999732971191,12.640000343322754,12.520000457763672,12.555000305175781,62691,0.0,0.0,AVPT,15m
2026-01-23 09:45:00-05:00,12.550000190734863,12.5649995803833,12.479999542236328,12.550000190734863,34548,0.0,0.0,AVPT,15m
2026-01-23 10:00:00-05:00,12.550000190734863,12.5600004196167,12.479999542236328,12.5,37708,0.0,0.0,AVPT,15m
2026-01-23 10:15:00-05:00,12.5,12.529999732971191,12.489999771118164,12.510000228881836,26715,0.0,0.0,AVPT,15m
2026-01-23 10:30:00-05:00,12.515000343322754,12.555000305175781,12.5,12.515000343322754,20208,0.0,0.0,AVPT,15m
2026-01-23 10:45:00-05:00,12.515000343322754,12.630000114440918,12.510000228881836,12.625,41117,0.0,0.0,AVPT,15m
2026-01-23 11:00:00-05:00,12.625,12.680000305175781,12.595000267028809,12.614999771118164,65483,0.0,0.0,AVPT,15m
2026-01-23 11:15:00-05:00,12.630000114440918,12.635000228881836,12.5649995803833,12.5649995803833,21265,0.0,0.0,AVPT,15m
2026-01-23 11:30:00-05:00,12.5649995803833,12.585000038146973,12.550000190734863,12.585000038146973,26532,0.0,0.0,AVPT,15m
2026-01-23 11:45:00-05:00,12.585000038146973,12.619999885559082,12.569999694824219,12.619999885559082,22575,0.0,0.0,AVPT,15m
2026-01-23 12:00:00-05:00,12.609999656677246,12.699999809265137,12.600000381469727,12.670000076293945,45677,0.0,0.0,AVPT,15m
2026-01-23 12:15:00-05:00,12.65999984741211,12.675000190734863,12.645000457763672,12.664999961853027,19226,0.0,0.0,AVPT,15m
2026-01-23 12:30:00-05:00,12.664999961853027,12.680000305175781,12.600000381469727,12.600000381469727,38377,0.0,0.0,AVPT,15m
2026-01-23 12:45:00-05:00,12.600000381469727,12.614999771118164,12.5,12.520000457763672,70391,0.0,0.0,AVPT,15m
2026-01-23 13:00:00-05:00,12.520000457763672,12.550000190734863,12.515000343322754,12.53499984741211,24478,0.0,0.0,AVPT,15m
2026-01-23 13:15:00-05:00,12.539999961853027,12.550000190734863,12.524999618530273,12.529999732971191,15883,0.0,0.0,AVPT,15m
2026-01-23 13:30:00-05:00,12.539999961853027,12.550000190734863,12.489999771118164,12.510000228881836,24486,0.0,0.0,AVPT,15m
2026-01-23 13:45:00-05:00,12.515000343322754,12.59000015258789,12.505000114440918,12.569999694824219,63584,0.0,0.0,AVPT,15m
2026-01-23 14:00:00-05:00,12.5600004196167,12.585100173950195,12.550000190734863,12.579999923706055,13946,0.0,0.0,AVPT,15m
2026-01-23 14:15:00-05:00,12.579999923706055,12.585000038146973,12.555000305175781,12.555000305175781,14743,0.0,0.0,AVPT,15m
2026-01-23 14:30:00-05:00,12.555000305175781,12.5649995803833,12.515000343322754,12.520000457763672,18175,0.0,0.0,AVPT,15m
2026-01-23 14:45:00-05:00,12.520000457763672,12.569999694824219,12.515000343322754,12.5649995803833,19208,0.0,0.0,AVPT,15m
2026-01-23 15:00:00-05:00,12.5649995803833,12.5649995803833,12.53499984741211,12.555000305175781,20458,0.0,0.0,AVPT,15m
2026-01-23 15:15:00-05:00,12.555000305175781,12.569999694824219,12.539999961853027,12.569999694824219,34770,0.0,0.0,AVPT,15m
2026-01-23 15:30:00-05:00,12.569999694824219,12.59000015258789,12.550000190734863,12.59000015258789,49568,0.0,0.0,AVPT,15m
2026-01-23 15:45:00-05:00,12.59000015258789,12.649999618530273,12.5600004196167,12.579999923706055,117303,0.0,0.0,AVPT,15m
2026-01-26 09:30:00-05:00,12.600000381469727,12.729999542236328,12.585000038146973,12.670000076293945,61621,0.0,0.0,AVPT,15m
2026-01-26 09:45:00-05:00,12.680000305175781,12.800000190734863,12.649999618530273,12.770000457763672,275450,0.0,0.0,AVPT,15m
2026-01-26 10:00:00-05:00,12.762700080871582,12.800000190734863,12.734999656677246,12.760000228881836,21773,0.0,0.0,AVPT,15m
2026-01-26 10:15:00-05:00,12.760000228881836,12.859999656677246,12.760000228881836,12.850000381469727,59338,0.0,0.0,AVPT,15m
2026-01-26 10:30:00-05:00,12.850000381469727,12.869999885559082,12.779999732971191,12.779999732971191,29017,0.0,0.0,AVPT,15m
2026-01-26 10:45:00-05:00,12.774999618530273,12.795000076293945,12.739999771118164,12.75,29678,0.0,0.0,AVPT,15m
2026-01-26 11:00:00-05:00,12.75,12.760000228881836,12.710000038146973,12.725000381469727,40765,0.0,0.0,AVPT,15m
2026-01-26 11:15:00-05:00,12.725000381469727,12.760000228881836,12.694999694824219,12.745800018310547,59120,0.0,0.0,AVPT,15m
2026-01-26 11:30:00-05:00,12.744999885559082,12.78499984741211,12.729999542236328,12.770000457763672,58222,0.0,0.0,AVPT,15m
2026-01-26 11:45:00-05:00,12.779999732971191,12.800000190734863,12.75,12.75,32911,0.0,0.0,AVPT,15m
2026-01-26 12:00:00-05:00,12.75,12.755000114440918,12.710000038146973,12.71500015258789,26755,0.0,0.0,AVPT,15m
2026-01-26 12:15:00-05:00,12.71500015258789,12.739999771118164,12.71500015258789,12.71500015258789,35508,0.0,0.0,AVPT,15m
2026-01-26 12:30:00-05:00,12.71500015258789,12.745800018310547,12.71500015258789,12.732999801635742,38278,0.0,0.0,AVPT,15m
2026-01-26 12:45:00-05:00,12.729999542236328,12.75,12.699999809265137,12.75,37498,0.0,0.0,AVPT,15m
2026-01-26 13:00:00-05:00,12.739999771118164,12.739999771118164,12.694999694824219,12.694999694824219,16535,0.0,0.0,AVPT,15m
2026-01-26 13:15:00-05:00,12.694999694824219,12.739999771118164,12.694999694824219,12.739999771118164,29057,0.0,0.0,AVPT,15m
2026-01-26 13:30:00-05:00,12.744999885559082,12.744999885559082,12.720000267028809,12.734999656677246,20070,0.0,0.0,AVPT,15m
2026-01-26 13:45:00-05:00,12.729999542236328,12.75,12.725000381469727,12.729999542236328,12026,0.0,0.0,AVPT,15m
2026-01-26 14:00:00-05:00,12.729999542236328,12.734999656677246,12.710000038146973,12.720000267028809,15785,0.0,0.0,AVPT,15m
2026-01-26 14:15:00-05:00,12.710000038146973,12.75,12.699999809265137,12.739999771118164,43351,0.0,0.0,AVPT,15m
2026-01-26 14:30:00-05:00,12.744999885559082,12.779999732971191,12.739999771118164,12.765000343322754,19641,0.0,0.0,AVPT,15m
2026-01-26 14:45:00-05:00,12.765000343322754,12.770000457763672,12.75,12.765000343322754,21649,0.0,0.0,AVPT,15m
2026-01-26 15:00:00-05:00,12.760000228881836,12.845000267028809,12.75,12.835000038146973,47845,0.0,0.0,AVPT,15m
2026-01-26 15:15:00-05:00,12.829999923706055,12.954999923706055,12.824199676513672,12.850099563598633,85227,0.0,0.0,AVPT,15m
2026-01-26 15:30:00-05:00,12.850000381469727,12.869999885559082,12.8149995803833,12.8149995803833,35375,0.0,0.0,AVPT,15m
2026-01-26 15:45:00-05:00,12.8149995803833,12.850000381469727,12.774999618530273,12.789999961853027,132046,0.0,0.0,AVPT,15m
2026-01-27 09:30:00-05:00,12.789999961853027,12.850000381469727,12.390000343322754,12.390000343322754,63039,0.0,0.0,AVPT,15m
2026-01-27 09:45:00-05:00,12.395000457763672,12.430000305175781,12.34000015258789,12.350000381469727,13837,0.0,0.0,AVPT,15m
2026-01-27 10:00:00-05:00,12.319999694824219,12.444999694824219,12.3100004196167,12.444999694824219,24921,0.0,0.0,AVPT,15m
2026-01-27 10:15:00-05:00,12.4350004196167,12.454999923706055,12.390000343322754,12.390000343322754,22011,0.0,0.0,AVPT,15m
2026-01-27 10:30:00-05:00,12.380000114440918,12.40999984741211,12.354999542236328,12.398099899291992,16101,0.0,0.0,AVPT,15m
2026-01-27 10:45:00-05:00,12.390000343322754,12.4350004196167,12.380000114440918,12.420000076293945,13373,0.0,0.0,AVPT,15m
2026-01-27 11:00:00-05:00,12.420000076293945,12.460000038146973,12.420000076293945,12.460000038146973,14120,0.0,0.0,AVPT,15m
2026-01-27 11:15:00-05:00,12.470000267028809,12.484999656677246,12.460000038146973,12.484999656677246,12373,0.0,0.0,AVPT,15m
2026-01-27 11:30:00-05:00,12.484999656677246,12.5,12.463399887084961,12.470000267028809,14915,0.0,0.0,AVPT,15m
2026-01-27 11:45:00-05:00,12.475000381469727,12.484999656677246,12.449999809265137,12.479999542236328,18092,0.0,0.0,AVPT,15m
2026-01-27 12:00:00-05:00,12.479999542236328,12.479999542236328,12.4399995803833,12.449999809265137,10270,0.0,0.0,AVPT,15m
2026-01-27 12:15:00-05:00,12.454999923706055,12.469900131225586,12.4399995803833,12.468999862670898,10417,0.0,0.0,AVPT,15m
2026-01-27 12:30:00-05:00,12.46500015258789,12.470000267028809,12.454999923706055,12.460000038146973,10272,0.0,0.0,AVPT,15m
2026-01-27 12:45:00-05:00,12.455400466918945,12.46500015258789,12.4350004196167,12.444999694824219,10280,0.0,0.0,AVPT,15m
2026-01-27 13:00:00-05:00,12.444999694824219,12.510000228881836,12.4350004196167,12.489999771118164,23169,0.0,0.0,AVPT,15m
2026-01-27 13:15:00-05:00,12.5,12.510000228881836,12.489999771118164,12.5,12472,0.0,0.0,AVPT,15m
2026-01-27 13:30:00-05:00,12.494999885559082,12.494999885559082,12.470000267028809,12.479999542236328,11553,0.0,0.0,AVPT,15m
2026-01-27 13:45:00-05:00,12.479999542236328,12.505000114440918,12.479999542236328,12.505000114440918,6511,0.0,0.0,AVPT,15m
2026-01-27 14:00:00-05:00,12.505000114440918,12.505399703979492,12.475000381469727,12.475000381469727,11330,0.0,0.0,AVPT,15m
2026-01-27 14:15:00-05:00,12.475000381469727,12.479999542236328,12.454999923706055,12.460000038146973,9396,0.0,0.0,AVPT,15m
2026-01-27 14:30:00-05:00,12.46500015258789,12.46500015258789,12.425000190734863,12.444999694824219,15330,0.0,0.0,AVPT,15m
2026-01-27 14:45:00-05:00,12.4399995803833,12.484999656677246,12.430000305175781,12.484999656677246,22725,0.0,0.0,AVPT,15m
2026-01-27 15:00:00-05:00,12.479999542236328,12.479999542236328,12.399999618530273,12.399999618530273,36807,0.0,0.0,AVPT,15m
2026-01-27 15:15:00-05:00,12.399999618530273,12.425000190734863,12.395000457763672,12.399999618530273,27668,0.0,0.0,AVPT,15m
2026-01-27 15:30:00-05:00,12.399999618530273,12.414999961853027,12.375,12.395000457763672,32654,0.0,0.0,AVPT,15m
2026-01-27 15:45:00-05:00,12.390000343322754,12.390000343322754,12.324999809265137,12.390000343322754,114163,0.0,0.0,AVPT,15m
2026-01-28 09:30:00-05:00,12.640000343322754,12.65999984741211,12.460000038146973,12.520000457763672,69727,0.0,0.0,AVPT,15m
2026-01-28 09:45:00-05:00,12.524999618530273,12.600000381469727,12.520000457763672,12.579999923706055,30443,0.0,0.0,AVPT,15m
2026-01-28 10:00:00-05:00,12.579999923706055,12.595000267028809,12.539999961853027,12.545000076293945,25087,0.0,0.0,AVPT,15m
2026-01-28 10:15:00-05:00,12.550000190734863,12.550000190734863,12.475000381469727,12.505000114440918,14103,0.0,0.0,AVPT,15m
2026-01-28 10:30:00-05:00,12.510000228881836,12.5600004196167,12.510000228881836,12.529999732971191,26741,0.0,0.0,AVPT,15m
2026-01-28 10:45:00-05:00,12.520000457763672,12.529999732971191,12.470000267028809,12.470000267028809,21471,0.0,0.0,AVPT,15m
2026-01-28 11:00:00-05:00,12.478400230407715,12.478400230407715,12.4350004196167,12.4399995803833,17742,0.0,0.0,AVPT,15m
2026-01-28 11:15:00-05:00,12.4350004196167,12.440799713134766,12.430000305175781,12.4350004196167,12529,0.0,0.0,AVPT,15m
2026-01-28 11:30:00-05:00,12.430000305175781,12.4350004196167,12.404999732971191,12.420000076293945,11101,0.0,0.0,AVPT,15m
2026-01-28 11:45:00-05:00,12.430000305175781,12.460000038146973,12.430000305175781,12.460000038146973,9177,0.0,0.0,AVPT,15m
2026-01-28 12:00:00-05:00,12.454999923706055,12.470000267028809,12.430000305175781,12.430000305175781,8061,0.0,0.0,AVPT,15m
2026-01-28 12:15:00-05:00,12.425000190734863,12.430000305175781,12.380000114440918,12.395000457763672,15194,0.0,0.0,AVPT,15m
2026-01-28 12:30:00-05:00,12.395000457763672,12.399999618530273,12.359999656677246,12.395000457763672,10885,0.0,0.0,AVPT,15m
2026-01-28 12:45:00-05:00,12.395000457763672,12.449999809265137,12.395000457763672,12.430000305175781,12241,0.0,0.0,AVPT,15m
2026-01-28 13:00:00-05:00,12.425000190734863,12.444999694824219,12.414999961853027,12.4350004196167,14344,0.0,0.0,AVPT,15m
2026-01-28 13:15:00-05:00,12.4350004196167,12.449999809265137,12.4350004196167,12.444999694824219,5072,0.0,0.0,AVPT,15m
2026-01-28 13:30:00-05:00,12.449999809265137,12.479999542236328,12.449999809265137,12.470000267028809,16791,0.0,0.0,AVPT,15m
2026-01-28 13:45:00-05:00,12.470000267028809,12.475000381469727,12.449999809265137,12.449999809265137,12702,0.0,0.0,AVPT,15m
2026-01-28 14:00:00-05:00,12.449999809265137,12.46500015258789,12.430000305175781,12.4399995803833,22950,0.0,0.0,AVPT,15m
2026-01-28 14:15:00-05:00,12.449999809265137,12.454999923706055,12.399999618530273,12.399999618530273,20646,0.0,0.0,AVPT,15m
2026-01-28 14:30:00-05:00,12.395000457763672,12.510000228881836,12.369999885559082,12.4399995803833,49111,0.0,0.0,AVPT,15m
2026-01-28 14:45:00-05:00,12.430000305175781,12.539999961853027,12.430000305175781,12.475000381469727,23393,0.0,0.0,AVPT,15m
2026-01-28 15:00:00-05:00,12.475000381469727,12.489999771118164,12.449999809265137,12.454999923706055,34590,0.0,0.0,AVPT,15m
2026-01-28 15:15:00-05:00,12.449999809265137,12.479999542236328,12.444999694824219,12.46500015258789,23068,0.0,0.0,AVPT,15m
2026-01-28 15:30:00-05:00,12.460000038146973,12.479999542236328,12.425000190734863,12.430000305175781,32865,0.0,0.0,AVPT,15m
2026-01-28 15:45:00-05:00,12.4350004196167,12.4350004196167,12.354999542236328,12.404999732971191,454744,0.0,0.0,AVPT,15m
2026-01-29 09:30:00-05:00,12.15999984741211,12.210399627685547,11.949999809265137,11.960000038146973,63748,0.0,0.0,AVPT,15m
2026-01-29 09:45:00-05:00,11.949999809265137,12.010000228881836,11.899999618530273,11.899999618530273,42814,0.0,0.0,AVPT,15m
2026-01-29 10:00:00-05:00,11.904999732971191,11.979999542236328,11.859999656677246,11.979999542236328,63514,0.0,0.0,AVPT,15m
2026-01-29 10:15:00-05:00,11.994999885559082,12.020000457763672,11.880000114440918,11.885000228881836,25271,0.0,0.0,AVPT,15m
2026-01-29 10:30:00-05:00,11.885000228881836,11.899999618530273,11.869999885559082,11.885000228881836,35135,0.0,0.0,AVPT,15m
2026-01-29 10:45:00-05:00,11.885000228881836,11.925000190734863,11.854999542236328,11.890000343322754,25009,0.0,0.0,AVPT,15m
2026-01-29 11:00:00-05:00,11.880000114440918,11.90999984741211,11.850000381469727,11.890000343322754,31688,0.0,0.0,AVPT,15m
2026-01-29 11:15:00-05:00,11.880000114440918,11.904999732971191,11.840200424194336,11.864999771118164,58898,0.0,0.0,AVPT,15m
2026-01-29 11:30:00-05:00,11.869999885559082,11.869999885559082,11.789999961853027,11.845000267028809,67713,0.0,0.0,AVPT,15m
2026-01-29 11:45:00-05:00,11.850000381469727,11.859999656677246,11.819999694824219,11.819999694824219,29244,0.0,0.0,AVPT,15m
2026-01-29 12:00:00-05:00,11.819999694824219,11.90999984741211,11.8149995803833,11.904999732971191,54171,0.0,0.0,AVPT,15m
2026-01-29 12:15:00-05:00,11.90999984741211,11.925000190734863,11.880000114440918,11.890000343322754,16366,0.0,0.0,AVPT,15m
2026-01-29 12:30:00-05:00,11.895000457763672,11.899999618530273,11.819999694824219,11.835000038146973,21396,0.0,0.0,AVPT,15m
2026-01-29 12:45:00-05:00,11.829999923706055,11.829999923706055,11.75,11.765000343322754,31320,0.0,0.0,AVPT,15m
2026-01-29 13:00:00-05:00,11.765000343322754,11.789999961853027,11.760000228881836,11.765000343322754,349046,0.0,0.0,AVPT,15m
2026-01-29 13:15:00-05:00,11.765000343322754,11.795000076293945,11.739999771118164,11.755000114440918,78268,0.0,0.0,AVPT,15m
2026-01-29 13:30:00-05:00,11.760000228881836,11.850000381469727,11.739999771118164,11.819999694824219,325553,0.0,0.0,AVPT,15m
2026-01-29 13:45:00-05:00,11.819999694824219,11.850000381469727,11.800000190734863,11.84000015258789,17901,0.0,0.0,AVPT,15m
2026-01-29 14:00:00-05:00,11.829999923706055,11.875,11.819999694824219,11.850000381469727,28663,0.0,0.0,AVPT,15m
2026-01-29 14:15:00-05:00,11.84000015258789,11.84000015258789,11.800000190734863,11.819999694824219,16929,0.0,0.0,AVPT,15m
2026-01-29 14:30:00-05:00,11.819999694824219,11.829999923706055,11.744999885559082,11.78499984741211,39362,0.0,0.0,AVPT,15m
2026-01-29 14:45:00-05:00,11.780099868774414,11.786299705505371,11.755000114440918,11.755000114440918,22145,0.0,0.0,AVPT,15m
2026-01-29 15:00:00-05:00,11.755000114440918,11.824999809265137,11.740099906921387,11.819999694824219,104151,0.0,0.0,AVPT,15m
2026-01-29 15:15:00-05:00,11.824999809265137,11.829999923706055,11.774999618530273,11.78499984741211,39794,0.0,0.0,AVPT,15m
2026-01-29 15:30:00-05:00,11.78499984741211,11.885000228881836,11.78499984741211,11.875,59411,0.0,0.0,AVPT,15m
2026-01-29 15:45:00-05:00,11.875,11.930000305175781,11.819999694824219,11.930000305175781,196767,0.0,0.0,AVPT,15m
2026-01-30 09:30:00-05:00,11.869999885559082,11.984999656677246,11.760000228881836,11.800000190734863,70792,0.0,0.0,AVPT,15m
2026-01-30 09:45:00-05:00,11.800000190734863,11.800000190734863,11.6850004196167,11.739999771118164,55831,0.0,0.0,AVPT,15m
2026-01-30 10:00:00-05:00,11.744999885559082,11.819999694824219,11.739999771118164,11.819999694824219,65662,0.0,0.0,AVPT,15m
2026-01-30 10:15:00-05:00,11.8149995803833,11.819999694824219,11.734999656677246,11.739999771118164,30983,0.0,0.0,AVPT,15m
2026-01-30 10:30:00-05:00,11.729999542236328,11.75,11.720000267028809,11.744999885559082,6168,0.0,0.0,AVPT,15m
2026-02-02 14:00:00-05:00,11.835000038146973,11.84000015258789,11.819999694824219,11.835000038146973,451731,0.0,0.0,AVPT,15m
2026-02-02 14:15:00-05:00,11.835000038146973,11.850000381469727,11.8100004196167,11.8100004196167,22586,0.0,0.0,AVPT,15m
2026-02-02 14:30:00-05:00,11.800000190734863,11.8100004196167,11.789999961853027,11.795000076293945,30641,0.0,0.0,AVPT,15m
2026-02-02 14:45:00-05:00,11.795000076293945,11.829999923706055,11.734999656677246,11.734999656677246,67942,0.0,0.0,AVPT,15m
2026-02-02 15:00:00-05:00,11.729999542236328,11.789999961853027,11.699999809265137,11.75,51560,0.0,0.0,AVPT,15m
2026-02-02 15:15:00-05:00,11.75,11.774999618530273,11.739999771118164,11.755000114440918,33844,0.0,0.0,AVPT,15m
2026-02-02 15:30:00-05:00,11.755000114440918,11.78499984741211,11.744999885559082,11.75,38099,0.0,0.0,AVPT,15m
2026-02-02 15:45:00-05:00,11.755000114440918,11.755000114440918,11.6899995803833,11.694999694824219,214354,0.0,0.0,AVPT,15m
2026-02-03 09:30:00-05:00,11.5,11.59000015258789,11.260000228881836,11.279999732971191,51459,0.0,0.0,AVPT,15m
2026-02-03 09:45:00-05:00,11.289999961853027,11.399999618530273,11.1850004196167,11.1899995803833,46705,0.0,0.0,AVPT,15m
2026-02-03 10:00:00-05:00,11.210000038146973,11.234999656677246,11.050000190734863,11.0649995803833,42502,0.0,0.0,AVPT,15m
2026-02-03 10:15:00-05:00,11.069999694824219,11.069999694824219,10.920000076293945,10.970000267028809,92392,0.0,0.0,AVPT,15m
2026-02-03 10:30:00-05:00,10.979999542236328,10.979999542236328,10.864999771118164,10.864999771118164,61285,0.0,0.0,AVPT,15m
2026-02-03 10:45:00-05:00,10.875,10.899999618530273,10.800000190734863,10.800000190734863,50742,0.0,0.0,AVPT,15m
2026-02-03 11:00:00-05:00,10.800000190734863,10.800000190734863,10.710000038146973,10.744999885559082,53331,0.0,0.0,AVPT,15m
2026-02-03 11:15:00-05:00,10.739999771118164,10.796299934387207,10.710000038146973,10.75,39415,0.0,0.0,AVPT,15m
2026-02-03 11:30:00-05:00,10.744999885559082,10.744999885559082,10.65999984741211,10.65999984741211,48447,0.0,0.0,AVPT,15m
2026-02-03 11:45:00-05:00,10.651700019836426,10.71500015258789,10.633000373840332,10.680000305175781,69659,0.0,0.0,AVPT,15m
2026-02-03 12:00:00-05:00,10.680000305175781,10.680000305175781,10.569999694824219,10.619999885559082,43650,0.0,0.0,AVPT,15m
2026-02-03 12:15:00-05:00,10.619999885559082,10.619999885559082,10.529999732971191,10.555000305175781,44913,0.0,0.0,AVPT,15m
2026-02-03 12:30:00-05:00,10.550000190734863,10.5600004196167,10.460000038146973,10.539999961853027,57068,0.0,0.0,AVPT,15m
2026-02-03 12:45:00-05:00,10.539999961853027,10.574999809265137,10.510000228881836,10.550200462341309,59956,0.0,0.0,AVPT,15m
2026-02-03 13:00:00-05:00,10.550000190734863,10.5600004196167,10.444999694824219,10.454999923706055,28658,0.0,0.0,AVPT,15m
2026-02-03 13:15:00-05:00,10.454999923706055,10.46500015258789,10.40999984741211,10.4399995803833,41800,0.0,0.0,AVPT,15m
2026-02-03 13:30:00-05:00,10.444999694824219,10.454999923706055,10.375,10.390000343322754,57374,0.0,0.0,AVPT,15m
2026-02-03 13:45:00-05:00,10.39579963684082,10.449999809265137,10.375,10.444999694824219,27651,0.0,0.0,AVPT,15m
2026-02-03 14:00:00-05:00,10.4399995803833,10.454999923706055,10.410300254821777,10.444999694824219,29305,0.0,0.0,AVPT,15m
2026-02-03 14:15:00-05:00,10.449999809265137,10.479999542236328,10.40999984741211,10.40999984741211,32216,0.0,0.0,AVPT,15m
2026-02-03 14:30:00-05:00,10.40999984741211,10.449999809265137,10.395000457763672,10.425000190734863,64640,0.0,0.0,AVPT,15m
2026-02-03 14:45:00-05:00,10.420000076293945,10.545000076293945,10.395000457763672,10.524999618530273,68593,0.0,0.0,AVPT,15m
2026-02-03 15:00:00-05:00,10.520000457763672,10.5600004196167,10.505000114440918,10.539999961853027,70481,0.0,0.0,AVPT,15m
2026-02-03 15:15:00-05:00,10.53499984741211,10.5649995803833,10.524999618530273,10.53499984741211,49993,0.0,0.0,AVPT,15m
2026-02-03 15:30:00-05:00,10.53499984741211,10.574999809265137,10.520000457763672,10.574999809265137,45180,0.0,0.0,AVPT,15m
2026-02-03 15:45:00-05:00,10.574999809265137,10.585000038146973,10.505000114440918,10.574999809265137,240899,0.0,0.0,AVPT,15m
2026-02-04 09:30:00-05:00,10.380000114440918,10.460000038146973,10.178999900817871,10.270000457763672,106234,0.0,0.0,AVPT,15m
2026-02-04 09:45:00-05:00,10.265000343322754,10.317000389099121,10.140000343322754,10.140000343322754,63575,0.0,0.0,AVPT,15m
2026-02-04 10:00:00-05:00,10.130000114440918,10.46500015258789,10.119999885559082,10.4350004196167,113868,0.0,0.0,AVPT,15m
2026-02-04 10:15:00-05:00,10.4350004196167,10.654999732971191,10.4350004196167,10.654999732971191,129201,0.0,0.0,AVPT,15m
2026-02-04 10:30:00-05:00,10.654999732971191,10.779999732971191,10.59000015258789,10.6850004196167,89713,0.0,0.0,AVPT,15m
2026-02-04 10:45:00-05:00,10.6850004196167,10.6850004196167,10.489999771118164,10.529999732971191,79736,0.0,0.0,AVPT,15m
2026-02-04 11:00:00-05:00,10.529999732971191,10.529999732971191,10.380000114440918,10.454999923706055,58065,0.0,0.0,AVPT,15m
2026-02-04 11:15:00-05:00,10.454999923706055,10.484999656677246,10.390000343322754,10.484999656677246,46730,0.0,0.0,AVPT,15m
2026-02-04 11:30:00-05:00,10.484999656677246,10.550000190734863,10.4350004196167,10.4375,74758,0.0,0.0,AVPT,15m
2026-02-04 11:45:00-05:00,10.430000305175781,10.475000381469727,10.395000457763672,10.449999809265137,32567,0.0,0.0,AVPT,15m
2026-02-04 12:00:00-05:00,10.444999694824219,10.460100173950195,10.380000114440918,10.414999961853027,52582,0.0,0.0,AVPT,15m
2026-02-04 12:15:00-05:00,10.420000076293945,10.444999694824219,10.345000267028809,10.350000381469727,62133,0.0,0.0,AVPT,15m
2026-02-04 12:30:00-05:00,10.350000381469727,10.385000228881836,10.319999694824219,10.357399940490723,48444,0.0,0.0,AVPT,15m
2026-02-04 12:45:00-05:00,10.359999656677246,10.395000457763672,10.329999923706055,10.385000228881836,22188,0.0,0.0,AVPT,15m
2026-02-04 13:00:00-05:00,10.380000114440918,10.414999961853027,10.359999656677246,10.369999885559082,32800,0.0,0.0,AVPT,15m
2026-02-04 13:15:00-05:00,10.359999656677246,10.444999694824219,10.335000038146973,10.4399995803833,45653,0.0,0.0,AVPT,15m
2026-02-04 13:30:00-05:00,10.444999694824219,10.444999694824219,10.390000343322754,10.420000076293945,48125,0.0,0.0,AVPT,15m
2026-02-04 13:45:00-05:00,10.414999961853027,10.46500015258789,10.395000457763672,10.444999694824219,24396,0.0,0.0,AVPT,15m
2026-02-04 14:00:00-05:00,10.4399995803833,10.444999694824219,10.399999618530273,10.420000076293945,31441,0.0,0.0,AVPT,15m
2026-02-04 14:15:00-05:00,10.414999961853027,10.430000305175781,10.395000457763672,10.425600051879883,27542,0.0,0.0,AVPT,15m
2026-02-04 14:30:00-05:00,10.425000190734863,10.470000267028809,10.425000190734863,10.454999923706055,37917,0.0,0.0,AVPT,15m
2026-02-04 14:45:00-05:00,10.449999809265137,10.520000457763672,10.444999694824219,10.520000457763672,98379,0.0,0.0,AVPT,15m
2026-02-04 15:00:00-05:00,10.529999732971191,10.574999809265137,10.494999885559082,10.555000305175781,156401,0.0,0.0,AVPT,15m
2026-02-04 15:15:00-05:00,10.555000305175781,10.5600004196167,10.505000114440918,10.505000114440918,61303,0.0,0.0,AVPT,15m
2026-02-04 15:30:00-05:00,10.5,10.529999732971191,10.484999656677246,10.505000114440918,78198,0.0,0.0,AVPT,15m
2026-02-04 15:45:00-05:00,10.505000114440918,10.545000076293945,10.475000381469727,10.529999732971191,250188,0.0,0.0,AVPT,15m
2026-02-05 09:30:00-05:00,10.5,10.770000457763672,10.479999542236328,10.6899995803833,93722,0.0,0.0,AVPT,15m
2026-02-05 09:45:00-05:00,10.680000305175781,10.680000305175781,10.5,10.539999961853027,57782,0.0,0.0,AVPT,15m
2026-02-05 10:00:00-05:00,10.539999961853027,10.550000190734863,10.40999984741211,10.420000076293945,52951,0.0,0.0,AVPT,15m
2026-02-05 10:15:00-05:00,10.414999961853027,10.539999961853027,10.390000343322754,10.489999771118164,105740,0.0,0.0,AVPT,15m
2026-02-05 10:30:00-05:00,10.510000228881836,10.524999618530273,10.420000076293945,10.449999809265137,43316,0.0,0.0,AVPT,15m
2026-02-05 10:45:00-05:00,10.460000038146973,10.475000381469727,10.399999618530273,10.420000076293945,24591,0.0,0.0,AVPT,15m
2026-02-05 11:00:00-05:00,10.4399995803833,10.454999923706055,10.369999885559082,10.414999961853027,37120,0.0,0.0,AVPT,15m
2026-02-05 11:15:00-05:00,10.399999618530273,10.494999885559082,10.399999618530273,10.489999771118164,27539,0.0,0.0,AVPT,15m
2026-02-05 11:30:00-05:00,10.489999771118164,10.555000305175781,10.479999542236328,10.529999732971191,43696,0.0,0.0,AVPT,15m
2026-02-05 11:45:00-05:00,10.524999618530273,10.569999694824219,10.494999885559082,10.539999961853027,30656,0.0,0.0,AVPT,15m
2026-02-05 12:00:00-05:00,10.555000305175781,10.585000038146973,10.510000228881836,10.579999923706055,40257,0.0,0.0,AVPT,15m
2026-02-05 12:15:00-05:00,10.569999694824219,10.625,10.524999618530273,10.604999542236328,28082,0.0,0.0,AVPT,15m
2026-02-05 12:30:00-05:00,10.609999656677246,10.630000114440918,10.579999923706055,10.600000381469727,36634,0.0,0.0,AVPT,15m
2026-02-05 12:45:00-05:00,10.60990047454834,10.614999771118164,10.449999809265137,10.470000267028809,61477,0.0,0.0,AVPT,15m
2026-02-05 13:00:00-05:00,10.46500015258789,10.5,10.399999618530273,10.420000076293945,27265,0.0,0.0,AVPT,15m
2026-02-05 13:15:00-05:00,10.414999961853027,10.425000190734863,10.359999656677246,10.385000228881836,30085,0.0,0.0,AVPT,15m
2026-02-05 13:30:00-05:00,10.385000228881836,10.425000190734863,10.369999885559082,10.40999984741211,47015,0.0,0.0,AVPT,15m
2026-02-05 13:45:00-05:00,10.404999732971191,10.404999732971191,10.350000381469727,10.390000343322754,25319,0.0,0.0,AVPT,15m
2026-02-05 14:00:00-05:00,10.380000114440918,10.4350004196167,10.369999885559082,10.420000076293945,27226,0.0,0.0,AVPT,15m
2026-02-05 14:15:00-05:00,10.40999984741211,10.416500091552734,10.34000015258789,10.345000267028809,26885,0.0,0.0,AVPT,15m
2026-02-05 14:30:00-05:00,10.329999923706055,10.329999923706055,10.279999732971191,10.295000076293945,29857,0.0,0.0,AVPT,15m
2026-02-05 14:45:00-05:00,10.300000190734863,10.3149995803833,10.279999732971191,10.300000190734863,34358,0.0,0.0,AVPT,15m
2026-02-05 15:00:00-05:00,10.289999961853027,10.366600036621094,10.279999732971191,10.324999809265137,44576,0.0,0.0,AVPT,15m
2026-02-05 15:15:00-05:00,10.329899787902832,10.329899787902832,10.234999656677246,10.234999656677246,54752,0.0,0.0,AVPT,15m
2026-02-05 15:30:00-05:00,10.234999656677246,10.248499870300293,10.149999618530273,10.164999961853027,114096,0.0,0.0,AVPT,15m
2026-02-05 15:45:00-05:00,10.149999618530273,10.180000305175781,10.125,10.175000190734863,395986,0.0,0.0,AVPT,15m
2026-02-06 09:30:00-05:00,10.390000343322754,10.5600004196167,10.364999771118164,10.550000190734863,74990,0.0,0.0,AVPT,15m
2026-02-06 09:45:00-05:00,10.604999542236328,10.609999656677246,10.255000114440918,10.255000114440918,58807,0.0,0.0,AVPT,15m
2026-02-06 10:00:00-05:00,10.255000114440918,10.300000190734863,10.1850004196167,10.295000076293945,88087,0.0,0.0,AVPT,15m
2026-02-06 10:15:00-05:00,10.289999961853027,10.399999618530273,10.274999618530273,10.390000343322754,30074,0.0,0.0,AVPT,15m
2026-02-06 10:30:00-05:00,10.380000114440918,10.399999618530273,10.3100004196167,10.385000228881836,32348,0.0,0.0,AVPT,15m
2026-02-06 10:45:00-05:00,10.399999618530273,10.454999923706055,10.399999618530273,10.420000076293945,51844,0.0,0.0,AVPT,15m
2026-02-06 11:00:00-05:00,10.449999809265137,10.494999885559082,10.430000305175781,10.470000267028809,31011,0.0,0.0,AVPT,15m
2026-02-06 11:15:00-05:00,10.520000457763672,10.5649995803833,10.505000114440918,10.5649995803833,31775,0.0,0.0,AVPT,15m
2026-02-06 11:30:00-05:00,10.569999694824219,10.59000015258789,10.550100326538086,10.585000038146973,25276,0.0,0.0,AVPT,15m
2026-02-06 11:45:00-05:00,10.59000015258789,10.59000015258789,10.555000305175781,10.574999809265137,17454,0.0,0.0,AVPT,15m
2026-02-06 12:00:00-05:00,10.579999923706055,10.604999542236328,10.555000305175781,10.595000267028809,35120,0.0,0.0,AVPT,15m
2026-02-06 12:15:00-05:00,10.595000267028809,10.600000381469727,10.5649995803833,10.574999809265137,23384,0.0,0.0,AVPT,15m
2026-02-06 12:30:00-05:00,10.585000038146973,10.645000457763672,10.574999809265137,10.595000267028809,31438,0.0,0.0,AVPT,15m
2026-02-06 12:45:00-05:00,10.595000267028809,10.595000267028809,10.574999809265137,10.585000038146973,18411,0.0,0.0,AVPT,15m
2026-02-06 13:00:00-05:00,10.595000267028809,10.614999771118164,10.569999694824219,10.569999694824219,51341,0.0,0.0,AVPT,15m
2026-02-06 13:15:00-05:00,10.5600004196167,10.589900016784668,10.539999961853027,10.574999809265137,26724,0.0,0.0,AVPT,15m
2026-02-06 13:30:00-05:00,10.579999923706055,10.585000038146973,10.550000190734863,10.574999809265137,26910,0.0,0.0,AVPT,15m
2026-02-06 13:45:00-05:00,10.579999923706055,10.59000015258789,10.555000305175781,10.555000305175781,24747,0.0,0.0,AVPT,15m
2026-02-06 14:00:00-05:00,10.555000305175781,10.574999809265137,10.539999961853027,10.539999961853027,30367,0.0,0.0,AVPT,15m
2026-02-06 14:15:00-05:00,10.529999732971191,10.595000267028809,10.524999618530273,10.595000267028809,31807,0.0,0.0,AVPT,15m
2026-02-06 14:30:00-05:00,10.59000015258789,10.604999542236328,10.5649995803833,10.574999809265137,27691,0.0,0.0,AVPT,15m
2026-02-06 14:45:00-05:00,10.574999809265137,10.574999809265137,10.524999618530273,10.529999732971191,30179,0.0,0.0,AVPT,15m
2026-02-06 15:00:00-05:00,10.529999732971191,10.569999694824219,10.520000457763672,10.569999694824219,57897,0.0,0.0,AVPT,15m
2026-02-06 15:15:00-05:00,10.574999809265137,10.65999984741211,10.569999694824219,10.614999771118164,133884,0.0,0.0,AVPT,15m
2026-02-06 15:30:00-05:00,10.614999771118164,10.664999961853027,10.604999542236328,10.637499809265137,90422,0.0,0.0,AVPT,15m
2026-02-06 15:45:00-05:00,10.635000228881836,10.635000228881836,10.5600004196167,10.569999694824219,217769,0.0,0.0,AVPT,15m
2026-02-09 09:30:00-05:00,10.670000076293945,10.854999542236328,10.479999542236328,10.75,68889,0.0,0.0,AVPT,15m
2026-02-09 09:45:00-05:00,10.75,10.795000076293945,10.694999694824219,10.75,44818,0.0,0.0,AVPT,15m
2026-02-09 10:00:00-05:00,10.720000267028809,10.819999694824219,10.720000267028809,10.789999961853027,46814,0.0,0.0,AVPT,15m
2026-02-09 10:15:00-05:00,10.789999961853027,10.869999885559082,10.765000343322754,10.774999618530273,162113,0.0,0.0,AVPT,15m
2026-02-09 10:30:00-05:00,10.774999618530273,10.859999656677246,10.75,10.8149995803833,45271,0.0,0.0,AVPT,15m
2026-02-09 10:45:00-05:00,10.8149995803833,10.890000343322754,10.765000343322754,10.869999885559082,37793,0.0,0.0,AVPT,15m
2026-02-09 11:00:00-05:00,10.869999885559082,10.899999618530273,10.850000381469727,10.864999771118164,22293,0.0,0.0,AVPT,15m
2026-02-09 11:15:00-05:00,10.869999885559082,10.880000114440918,10.835000038146973,10.864999771118164,39117,0.0,0.0,AVPT,15m
2026-02-09 11:30:00-05:00,10.864999771118164,10.899999618530273,10.859999656677246,10.899999618530273,25716,0.0,0.0,AVPT,15m
2026-02-09 11:45:00-05:00,10.899999618530273,10.914999961853027,10.885000228881836,10.890000343322754,21841,0.0,0.0,AVPT,15m
2026-02-09 12:00:00-05:00,10.890000343322754,10.904999732971191,10.875,10.875,24446,0.0,0.0,AVPT,15m
2026-02-09 12:15:00-05:00,10.875,10.890000343322754,10.84000015258789,10.845000267028809,27368,0.0,0.0,AVPT,15m
2026-02-09 12:30:00-05:00,10.845000267028809,10.899999618530273,10.84000015258789,10.89739990234375,81687,0.0,0.0,AVPT,15m
2026-02-09 12:45:00-05:00,10.895000457763672,10.920000076293945,10.880000114440918,10.880000114440918,24128,0.0,0.0,AVPT,15m
2026-02-09 13:00:00-05:00,10.875,10.9350004196167,10.875,10.9350004196167,40987,0.0,0.0,AVPT,15m
2026-02-09 13:15:00-05:00,10.9350004196167,10.9350004196167,10.859999656677246,10.899999618530273,30302,0.0,0.0,AVPT,15m
2026-02-09 13:30:00-05:00,10.899999618530273,10.914999961853027,10.854999542236328,10.88029956817627,31955,0.0,0.0,AVPT,15m
2026-02-09 13:45:00-05:00,10.880000114440918,10.899999618530273,10.864999771118164,10.899999618530273,26854,0.0,0.0,AVPT,15m
2026-02-09 14:00:00-05:00,10.899999618530273,10.91759967803955,10.895000457763672,10.914999961853027,36966,0.0,0.0,AVPT,15m
2026-02-09 14:15:00-05:00,10.912300109863281,10.9399995803833,10.890000343322754,10.904999732971191,35338,0.0,0.0,AVPT,15m
2026-02-09 14:30:00-05:00,10.904999732971191,10.925000190734863,10.904999732971191,10.920000076293945,32588,0.0,0.0,AVPT,15m
2026-02-09 14:45:00-05:00,10.914999961853027,10.914999961853027,10.899999618530273,10.904999732971191,20280,0.0,0.0,AVPT,15m
2026-02-09 15:00:00-05:00,10.899999618530273,10.975000381469727,10.890000343322754,10.975000381469727,40662,0.0,0.0,AVPT,15m
2026-02-09 15:15:00-05:00,10.975000381469727,10.975000381469727,10.914999961853027,10.914999961853027,31701,0.0,0.0,AVPT,15m
2026-02-09 15:30:00-05:00,10.914999961853027,10.914999961853027,10.869999885559082,10.895000457763672,48043,0.0,0.0,AVPT,15m
2026-02-09 15:45:00-05:00,10.895000457763672,10.904999732971191,10.869999885559082,10.869999885559082,201333,0.0,0.0,AVPT,15m
2026-02-10 09:30:00-05:00,11.010000228881836,11.15999984741211,10.930000305175781,10.970000267028809,36303,0.0,0.0,AVPT,15m
2026-02-10 09:45:00-05:00,11.020000457763672,11.130000114440918,10.989999771118164,11.095000267028809,51285,0.0,0.0,AVPT,15m
2026-02-10 10:00:00-05:00,11.100000381469727,11.229999542236328,11.079999923706055,11.15999984741211,24032,0.0,0.0,AVPT,15m
2026-02-10 10:15:00-05:00,11.164999961853027,11.204999923706055,11.069999694824219,11.1850004196167,58516,0.0,0.0,AVPT,15m
2026-02-10 10:30:00-05:00,11.1899995803833,11.265000343322754,11.1850004196167,11.210000038146973,32708,0.0,0.0,AVPT,15m
2026-02-10 10:45:00-05:00,11.21500015258789,11.225000381469727,11.140000343322754,11.15999984741211,27248,0.0,0.0,AVPT,15m
2026-02-10 11:00:00-05:00,11.149999618530273,11.164999961853027,11.121600151062012,11.145000457763672,44462,0.0,0.0,AVPT,15m
2026-02-10 11:15:00-05:00,11.145000457763672,11.145000457763672,11.079899787902832,11.09000015258789,37426,0.0,0.0,AVPT,15m
2026-02-10 11:30:00-05:00,11.079999923706055,11.095000267028809,11.0600004196167,11.079999923706055,24911,0.0,0.0,AVPT,15m
2026-02-10 11:45:00-05:00,11.085000038146973,11.085000038146973,11.050000190734863,11.050000190734863,22004,0.0,0.0,AVPT,15m
2026-02-10 12:00:00-05:00,11.055000305175781,11.0600004196167,11.029999732971191,11.045000076293945,28186,0.0,0.0,AVPT,15m
2026-02-10 12:15:00-05:00,11.045000076293945,11.085000038146973,11.039999961853027,11.0649995803833,51816,0.0,0.0,AVPT,15m
2026-02-10 12:30:00-05:00,11.0649995803833,11.079999923706055,11.050000190734863,11.055000305175781,31914,0.0,0.0,AVPT,15m
2026-02-10 12:45:00-05:00,11.050000190734863,11.055000305175781,11.020000457763672,11.020000457763672,16069,0.0,0.0,AVPT,15m
2026-02-10 13:00:00-05:00,11.020000457763672,11.020000457763672,10.96500015258789,10.96500015258789,18390,0.0,0.0,AVPT,15m
2026-02-10 13:15:00-05:00,10.96500015258789,10.979999542236328,10.90999984741211,10.920000076293945,16574,0.0,0.0,AVPT,15m
2026-02-10 13:30:00-05:00,10.914999961853027,10.9350004196167,10.899999618530273,10.920000076293945,14871,0.0,0.0,AVPT,15m
2026-02-10 13:45:00-05:00,10.914999961853027,10.925000190734863,10.895000457763672,10.90999984741211,16629,0.0,0.0,AVPT,15m
2026-02-10 14:00:00-05:00,10.90999984741211,10.930000305175781,10.890000343322754,10.895000457763672,10935,0.0,0.0,AVPT,15m
2026-02-10 14:15:00-05:00,10.895000457763672,10.904999732971191,10.885000228881836,10.904999732971191,15090,0.0,0.0,AVPT,15m
2026-02-10 14:30:00-05:00,10.904999732971191,10.925000190734863,10.891500473022461,10.895000457763672,20501,0.0,0.0,AVPT,15m
2026-02-10 14:45:00-05:00,10.899399757385254,10.899999618530273,10.880000114440918,10.885000228881836,11850,0.0,0.0,AVPT,15m
2026-02-10 15:00:00-05:00,10.880000114440918,10.920000076293945,10.880000114440918,10.914999961853027,26544,0.0,0.0,AVPT,15m
2026-02-10 15:15:00-05:00,10.914999961853027,10.930000305175781,10.899999618530273,10.920000076293945,21608,0.0,0.0,AVPT,15m
2026-02-10 15:30:00-05:00,10.914999961853027,10.920000076293945,10.890000343322754,10.904999732971191,32444,0.0,0.0,AVPT,15m
2026-02-10 15:45:00-05:00,10.904999732971191,10.954999923706055,10.890000343322754,10.9399995803833,138140,0.0,0.0,AVPT,15m
2026-02-11 09:30:00-05:00,10.90999984741211,10.90999984741211,10.59280014038086,10.649999618530273,56147,0.0,0.0,AVPT,15m
2026-02-11 09:45:00-05:00,10.65999984741211,10.680000305175781,10.520000457763672,10.5600004196167,38427,0.0,0.0,AVPT,15m
2026-02-11 10:00:00-05:00,10.569999694824219,10.595000267028809,10.484999656677246,10.515000343322754,34556,0.0,0.0,AVPT,15m
2026-02-11 10:15:00-05:00,10.520000457763672,10.5600004196167,10.479999542236328,10.479999542236328,43977,0.0,0.0,AVPT,15m
2026-02-11 10:30:00-05:00,10.484999656677246,10.555000305175781,10.470000267028809,10.489999771118164,29420,0.0,0.0,AVPT,15m
2026-02-11 10:45:00-05:00,10.484999656677246,10.510000228881836,10.4350004196167,10.479999542236328,22729,0.0,0.0,AVPT,15m
2026-02-11 11:00:00-05:00,10.470000267028809,10.470000267028809,10.414999961853027,10.414999961853027,11199,0.0,0.0,AVPT,15m
2026-02-11 11:15:00-05:00,10.40999984741211,10.429300308227539,10.375,10.375,13589,0.0,0.0,AVPT,15m
2026-02-11 11:30:00-05:00,10.369999885559082,10.385000228881836,10.324999809265137,10.380000114440918,16702,0.0,0.0,AVPT,15m
2026-02-11 11:45:00-05:00,10.375,10.390000343322754,10.34160041809082,10.359999656677246,10293,0.0,0.0,AVPT,15m
2026-02-11 12:00:00-05:00,10.350000381469727,10.404999732971191,10.329999923706055,10.404999732971191,24154,0.0,0.0,AVPT,15m
2026-02-11 12:15:00-05:00,10.399999618530273,10.449999809265137,10.369999885559082,10.444999694824219,37524,0.0,0.0,AVPT,15m
2026-02-11 12:30:00-05:00,10.449999809265137,10.449999809265137,10.414999961853027,10.425000190734863,12308,0.0,0.0,AVPT,15m
2026-02-11 12:45:00-05:00,10.420000076293945,10.420000076293945,10.404999732971191,10.40999984741211,12832,0.0,0.0,AVPT,15m
2026-02-11 13:00:00-05:00,10.390000343322754,10.40999984741211,10.380000114440918,10.407500267028809,17537,0.0,0.0,AVPT,15m
2026-02-11 13:15:00-05:00,10.40999984741211,10.494999885559082,10.40999984741211,10.494999885559082,14848,0.0,0.0,AVPT,15m
2026-02-11 13:30:00-05:00,10.5,10.535499572753906,10.470000267028809,10.535499572753906,35942,0.0,0.0,AVPT,15m
2026-02-11 13:45:00-05:00,10.539999961853027,10.5600004196167,10.494999885559082,10.555000305175781,46489,0.0,0.0,AVPT,15m
2026-02-11 14:00:00-05:00,10.555000305175781,10.604999542236328,10.545000076293945,10.60159969329834,18227,0.0,0.0,AVPT,15m
2026-02-11 14:15:00-05:00,10.600299835205078,10.600299835205078,10.579999923706055,10.585000038146973,10768,0.0,0.0,AVPT,15m
2026-02-11 14:30:00-05:00,10.579999923706055,10.600000381469727,10.5649995803833,10.585000038146973,13886,0.0,0.0,AVPT,15m
2026-02-11 14:45:00-05:00,10.585000038146973,10.585000038146973,10.5600004196167,10.5649995803833,17173,0.0,0.0,AVPT,15m
2026-02-11 15:00:00-05:00,10.5649995803833,10.595000267028809,10.545000076293945,10.595000267028809,40888,0.0,0.0,AVPT,15m
2026-02-11 15:15:00-05:00,10.595000267028809,10.619999885559082,10.53499984741211,10.53499984741211,35695,0.0,0.0,AVPT,15m
2026-02-11 15:30:00-05:00,10.53499984741211,10.555000305175781,10.520000457763672,10.529999732971191,40178,0.0,0.0,AVPT,15m
2026-02-11 15:45:00-05:00,10.539999961853027,10.585000038146973,10.529999732971191,10.555000305175781,190041,0.0,0.0,AVPT,15m
2026-02-12 09:30:00-05:00,10.579999923706055,10.710000038146973,10.5600004196167,10.569999694824219,266548,0.0,0.0,AVPT,15m
2026-02-12 09:45:00-05:00,10.550000190734863,10.550000190734863,10.460000038146973,10.470000267028809,30206,0.0,0.0,AVPT,15m
2026-02-12 10:00:00-05:00,10.470000267028809,10.625,10.470000267028809,10.579999923706055,35785,0.0,0.0,AVPT,15m
2026-02-12 10:15:00-05:00,10.579999923706055,10.619999885559082,10.569999694824219,10.595000267028809,36729,0.0,0.0,AVPT,15m
2026-02-12 10:30:00-05:00,10.595000267028809,10.604999542236328,10.46500015258789,10.479999542236328,16307,0.0,0.0,AVPT,15m
2026-02-12 10:45:00-05:00,10.489999771118164,10.53499984741211,10.420000076293945,10.425000190734863,28752,0.0,0.0,AVPT,15m
2026-02-12 11:00:00-05:00,10.420000076293945,10.4399995803833,10.420000076293945,10.420000076293945,15395,0.0,0.0,AVPT,15m
2026-02-12 11:15:00-05:00,10.425000190734863,10.4399995803833,10.350000381469727,10.350000381469727,28644,0.0,0.0,AVPT,15m
2026-02-12 11:30:00-05:00,10.350000381469727,10.385000228881836,10.319999694824219,10.359999656677246,19114,0.0,0.0,AVPT,15m
2026-02-12 11:45:00-05:00,10.350000381469727,10.354999542236328,10.300000190734863,10.335000038146973,26028,0.0,0.0,AVPT,15m
2026-02-12 12:00:00-05:00,10.329999923706055,10.34000015258789,10.300000190734863,10.319999694824219,18535,0.0,0.0,AVPT,15m
2026-02-12 12:15:00-05:00,10.3149995803833,10.359999656677246,10.300000190734863,10.34000015258789,25243,0.0,0.0,AVPT,15m
2026-02-12 12:30:00-05:00,10.359999656677246,10.390000343322754,10.345000267028809,10.385000228881836,20388,0.0,0.0,AVPT,15m
2026-02-12 12:45:00-05:00,10.380000114440918,10.380000114440918,10.3149995803833,10.34000015258789,32194,0.0,0.0,AVPT,15m
2026-02-12 13:00:00-05:00,10.34000015258789,10.354999542236328,10.320099830627441,10.354999542236328,20282,0.0,0.0,AVPT,15m
2026-02-12 13:15:00-05:00,10.350000381469727,10.375,10.319999694824219,10.350000381469727,32666,0.0,0.0,AVPT,15m
2026-02-12 13:30:00-05:00,10.34000015258789,10.375,10.34000015258789,10.369999885559082,20192,0.0,0.0,AVPT,15m
2026-02-12 13:45:00-05:00,10.380000114440918,10.420000076293945,10.345000267028809,10.399999618530273,19817,0.0,0.0,AVPT,15m
2026-02-12 14:00:00-05:00,10.399999618530273,10.4399995803833,10.390000343322754,10.4350004196167,15538,0.0,0.0,AVPT,15m
2026-02-12 14:15:00-05:00,10.449899673461914,10.475000381469727,10.430000305175781,10.460000038146973,30980,0.0,0.0,AVPT,15m
2026-02-12 14:30:00-05:00,10.454999923706055,10.510000228881836,10.454999923706055,10.479999542236328,14885,0.0,0.0,AVPT,15m
2026-02-12 14:45:00-05:00,10.470000267028809,10.484999656677246,10.425000190734863,10.430000305175781,34727,0.0,0.0,AVPT,15m
2026-02-12 15:00:00-05:00,10.449999809265137,10.484999656677246,10.4399995803833,10.470000267028809,24139,0.0,0.0,AVPT,15m
2026-02-12 15:15:00-05:00,10.475000381469727,10.475000381469727,10.414999961853027,10.4350004196167,23614,0.0,0.0,AVPT,15m
2026-02-12 15:30:00-05:00,10.430000305175781,10.449999809265137,10.425000190734863,10.425000190734863,37111,0.0,0.0,AVPT,15m
2026-02-12 15:45:00-05:00,10.425000190734863,10.444999694824219,10.369999885559082,10.40999984741211,167471,0.0,0.0,AVPT,15m
2026-02-13 09:30:00-05:00,10.59000015258789,10.760000228881836,10.5600004196167,10.710000038146973,43048,0.0,0.0,AVPT,15m
2026-02-13 09:45:00-05:00,10.739999771118164,10.819999694824219,10.670000076293945,10.670000076293945,44363,0.0,0.0,AVPT,15m
2026-02-13 10:00:00-05:00,10.680000305175781,10.755000114440918,10.675000190734863,10.720000267028809,56087,0.0,0.0,AVPT,15m
2026-02-13 10:15:00-05:00,10.720000267028809,10.800000190734863,10.680000305175781,10.795000076293945,24703,0.0,0.0,AVPT,15m
2026-02-13 10:30:00-05:00,10.795000076293945,10.795000076293945,10.605500221252441,10.609999656677246,30592,0.0,0.0,AVPT,15m
2026-02-13 10:45:00-05:00,10.609999656677246,10.670000076293945,10.574999809265137,10.649999618530273,89209,0.0,0.0,AVPT,15m
2026-02-13 11:00:00-05:00,10.65999984741211,10.6899995803833,10.625,10.649999618530273,88757,0.0,0.0,AVPT,15m
2026-02-13 11:15:00-05:00,10.654999732971191,10.654999732971191,10.569999694824219,10.604999542236328,23156,0.0,0.0,AVPT,15m
2026-02-13 11:30:00-05:00,10.604999542236328,10.649999618530273,10.595000267028809,10.649999618530273,25854,0.0,0.0,AVPT,15m
2026-02-13 11:45:00-05:00,10.645000457763672,10.675000190734863,10.630000114440918,10.645000457763672,26096,0.0,0.0,AVPT,15m
2026-02-13 12:00:00-05:00,10.649999618530273,10.694999694824219,10.640000343322754,10.694999694824219,20568,0.0,0.0,AVPT,15m
2026-02-13 12:15:00-05:00,10.6899995803833,10.760000228881836,10.6899995803833,10.739999771118164,36572,0.0,0.0,AVPT,15m
2026-02-13 12:30:00-05:00,10.744999885559082,10.765000343322754,10.699999809265137,10.699999809265137,14949,0.0,0.0,AVPT,15m
2026-02-13 12:45:00-05:00,10.699999809265137,10.71090030670166,10.675000190734863,10.710000038146973,13954,0.0,0.0,AVPT,15m
2026-02-13 13:00:00-05:00,10.710000038146973,10.720000267028809,10.640000343322754,10.65999984741211,37835,0.0,0.0,AVPT,15m
2026-02-13 13:15:00-05:00,10.664999961853027,10.6899995803833,10.625,10.649999618530273,27334,0.0,0.0,AVPT,15m
2026-02-13 13:30:00-05:00,10.640000343322754,10.680000305175781,10.640000343322754,10.65999984741211,24490,0.0,0.0,AVPT,15m
2026-02-13 13:45:00-05:00,10.65999984741211,10.694999694824219,10.645000457763672,10.654999732971191,21945,0.0,0.0,AVPT,15m
2026-02-13 14:00:00-05:00,10.649999618530273,10.675000190734863,10.625,10.630000114440918,28960,0.0,0.0,AVPT,15m
2026-02-13 14:15:00-05:00,10.635000228881836,10.649999618530273,10.574999809265137,10.579999923706055,24834,0.0,0.0,AVPT,15m
2026-02-13 14:30:00-05:00,10.579999923706055,10.640000343322754,10.579999923706055,10.625,24062,0.0,0.0,AVPT,15m
2026-02-13 14:45:00-05:00,10.625,10.635000228881836,10.595000267028809,10.600000381469727,50579,0.0,0.0,AVPT,15m
2026-02-13 15:00:00-05:00,10.604999542236328,10.635000228881836,10.579999923706055,10.579999923706055,30332,0.0,0.0,AVPT,15m
2026-02-13 15:15:00-05:00,10.585000038146973,10.614999771118164,10.539999961853027,10.545000076293945,95427,0.0,0.0,AVPT,15m
2026-02-13 15:30:00-05:00,10.545000076293945,10.574999809265137,10.539999961853027,10.569999694824219,103906,0.0,0.0,AVPT,15m
2026-02-13 15:45:00-05:00,10.569999694824219,10.604999542236328,10.539999961853027,10.550000190734863,683357,0.0,0.0,AVPT,15m
2026-02-17 09:30:00-05:00,10.550000190734863,10.779999732971191,10.5,10.5,70215,0.0,0.0,AVPT,15m
2026-02-17 09:45:00-05:00,10.539999961853027,10.550000190734863,10.40999984741211,10.40999984741211,43802,0.0,0.0,AVPT,15m
2026-02-17 10:00:00-05:00,10.40999984741211,10.479999542236328,10.40999984741211,10.449999809265137,44264,0.0,0.0,AVPT,15m
2026-02-17 10:15:00-05:00,10.440199851989746,10.5,10.390000343322754,10.420000076293945,30563,0.0,0.0,AVPT,15m
2026-02-17 10:30:00-05:00,10.414999961853027,10.430000305175781,10.369999885559082,10.404999732971191,35032,0.0,0.0,AVPT,15m
2026-02-17 10:45:00-05:00,10.414999961853027,10.449999809265137,10.390000343322754,10.390000343322754,22661,0.0,0.0,AVPT,15m
2026-02-17 11:00:00-05:00,10.395000457763672,10.475000381469727,10.380000114440918,10.46500015258789,26900,0.0,0.0,AVPT,15m
2026-02-17 11:15:00-05:00,10.460000038146973,10.505000114440918,10.4399995803833,10.4399995803833,18289,0.0,0.0,AVPT,15m
2026-02-17 11:30:00-05:00,10.4399995803833,10.484999656677246,10.425000190734863,10.4399995803833,24095,0.0,0.0,AVPT,15m
2026-02-17 11:45:00-05:00,10.4399995803833,10.454999923706055,10.430000305175781,10.4399995803833,14791,0.0,0.0,AVPT,15m
2026-02-17 12:00:00-05:00,10.449999809265137,10.46500015258789,10.40999984741211,10.40999984741211,28066,0.0,0.0,AVPT,15m
2026-02-17 12:15:00-05:00,10.420000076293945,10.475000381469727,10.375,10.470800399780273,58748,0.0,0.0,AVPT,15m
2026-02-17 12:30:00-05:00,10.479999542236328,10.479999542236328,10.380000114440918,10.385000228881836,28763,0.0,0.0,AVPT,15m
2026-02-17 12:45:00-05:00,10.380000114440918,10.385000228881836,10.3149995803833,10.359999656677246,96276,0.0,0.0,AVPT,15m
2026-02-17 13:00:00-05:00,10.359999656677246,10.359999656677246,10.319999694824219,10.34000015258789,29361,0.0,0.0,AVPT,15m
2026-02-17 13:15:00-05:00,10.329999923706055,10.390000343322754,10.3100004196167,10.390000343322754,29951,0.0,0.0,AVPT,15m
2026-02-17 13:30:00-05:00,10.385000228881836,10.425000190734863,10.375,10.40999984741211,21075,0.0,0.0,AVPT,15m
2026-02-17 13:45:00-05:00,10.40999984741211,10.40999984741211,10.359999656677246,10.359999656677246,26397,0.0,0.0,AVPT,15m
2026-02-17 14:00:00-05:00,10.361499786376953,10.395000457763672,10.350000381469727,10.390000343322754,17284,0.0,0.0,AVPT,15m
2026-02-17 14:15:00-05:00,10.380000114440918,10.395000457763672,10.359999656677246,10.359999656677246,17689,0.0,0.0,AVPT,15m
2026-02-17 14:30:00-05:00,10.359999656677246,10.420999526977539,10.359999656677246,10.420000076293945,16544,0.0,0.0,AVPT,15m
2026-02-17 14:45:00-05:00,10.40999984741211,10.430000305175781,10.390000343322754,10.420000076293945,33921,0.0,0.0,AVPT,15m
2026-02-17 15:00:00-05:00,10.425000190734863,10.4399995803833,10.399999618530273,10.404999732971191,25357,0.0,0.0,AVPT,15m
2026-02-17 15:15:00-05:00,10.399999618530273,10.405099868774414,10.380000114440918,10.395000457763672,28502,0.0,0.0,AVPT,15m
2026-02-17 15:30:00-05:00,10.390000343322754,10.40999984741211,10.385000228881836,10.40999984741211,45061,0.0,0.0,AVPT,15m
2026-02-17 15:45:00-05:00,10.404999732971191,10.420000076293945,10.385000228881836,10.414999961853027,149111,0.0,0.0,AVPT,15m
2026-02-18 09:30:00-05:00,10.420000076293945,10.460000038146973,10.25,10.449999809265137,35572,0.0,0.0,AVPT,15m
2026-02-18 09:45:00-05:00,10.460000038146973,10.550000190734863,10.449999809265137,10.529999732971191,15889,0.0,0.0,AVPT,15m
2026-02-18 10:00:00-05:00,10.545000076293945,10.630000114440918,10.520000457763672,10.630000114440918,29160,0.0,0.0,AVPT,15m
2026-02-18 10:15:00-05:00,10.635000228881836,10.640000343322754,10.585000038146973,10.630000114440918,26359,0.0,0.0,AVPT,15m
2026-02-18 10:30:00-05:00,10.630000114440918,10.654999732971191,10.604999542236328,10.645000457763672,19906,0.0,0.0,AVPT,15m
2026-02-18 10:45:00-05:00,10.640000343322754,10.649999618530273,10.604999542236328,10.649999618530273,33140,0.0,0.0,AVPT,15m
2026-02-18 11:00:00-05:00,10.649999618530273,10.6899995803833,10.619999885559082,10.630000114440918,22579,0.0,0.0,AVPT,15m
2026-02-18 11:15:00-05:00,10.640000343322754,10.645000457763672,10.585000038146973,10.614999771118164,15008,0.0,0.0,AVPT,15m
2026-02-18 11:30:00-05:00,10.630000114440918,10.63029956817627,10.619999885559082,10.630000114440918,11600,0.0,0.0,AVPT,15m
2026-02-18 11:45:00-05:00,10.619999885559082,10.664999961853027,10.619999885559082,10.649999618530273,14677,0.0,0.0,AVPT,15m
2026-02-18 12:00:00-05:00,10.645000457763672,10.694999694824219,10.645000457763672,10.694999694824219,22254,0.0,0.0,AVPT,15m
2026-02-18 12:15:00-05:00,10.6899995803833,10.710000038146973,10.6850004196167,10.694999694824219,33343,0.0,0.0,AVPT,15m
2026-02-18 12:30:00-05:00,10.699999809265137,10.744999885559082,10.699999809265137,10.734999656677246,29917,0.0,0.0,AVPT,15m
2026-02-18 12:45:00-05:00,10.739999771118164,10.760000228881836,10.73009967803955,10.755000114440918,22986,0.0,0.0,AVPT,15m
2026-02-18 13:00:00-05:00,10.755000114440918,10.755000114440918,10.729999542236328,10.729999542236328,24740,0.0,0.0,AVPT,15m
2026-02-18 13:15:00-05:00,10.725000381469727,10.734999656677246,10.710000038146973,10.720000267028809,22650,0.0,0.0,AVPT,15m
2026-02-18 13:30:00-05:00,10.729999542236328,10.734999656677246,10.694999694824219,10.699999809265137,15538,0.0,0.0,AVPT,15m
2026-02-18 13:45:00-05:00,10.704999923706055,10.704999923706055,10.664999961853027,10.680000305175781,19787,0.0,0.0,AVPT,15m
2026-02-18 14:00:00-05:00,10.680000305175781,10.704999923706055,10.675000190734863,10.694999694824219,25119,0.0,0.0,AVPT,15m
2026-02-18 14:15:00-05:00,10.694999694824219,10.720000267028809,10.670000076293945,10.675000190734863,27799,0.0,0.0,AVPT,15m
2026-02-18 14:30:00-05:00,10.680000305175781,10.680000305175781,10.649999618530273,10.649999618530273,24785,0.0,0.0,AVPT,15m
2026-02-18 14:45:00-05:00,10.640000343322754,10.645000457763672,10.585000038146973,10.585000038146973,23215,0.0,0.0,AVPT,15m
2026-02-18 15:00:00-05:00,10.585000038146973,10.645000457763672,10.585000038146973,10.600000381469727,40788,0.0,0.0,AVPT,15m
2026-02-18 15:15:00-05:00,10.600000381469727,10.614999771118164,10.585000038146973,10.585000038146973,42881,0.0,0.0,AVPT,15m
2026-02-18 15:30:00-05:00,10.579999923706055,10.619999885559082,10.574999809265137,10.59000015258789,57612,0.0,0.0,AVPT,15m
2026-02-18 15:45:00-05:00,10.59529972076416,10.635000228881836,10.579999923706055,10.600000381469727,172129,0.0,0.0,AVPT,15m
2026-02-19 09:30:00-05:00,10.510000228881836,10.630000114440918,10.38539981842041,10.529999732971191,71124,0.0,0.0,AVPT,15m
2026-02-19 09:45:00-05:00,10.5600004196167,10.6850004196167,10.510000228881836,10.630000114440918,70499,0.0,0.0,AVPT,15m
2026-02-19 10:00:00-05:00,10.630000114440918,10.645000457763672,10.5649995803833,10.574999809265137,108133,0.0,0.0,AVPT,15m
2026-02-19 10:15:00-05:00,10.579999923706055,10.654999732971191,10.574999809265137,10.59000015258789,36824,0.0,0.0,AVPT,15m
2026-02-19 10:30:00-05:00,10.595000267028809,10.625,10.529999732971191,10.529999732971191,24742,0.0,0.0,AVPT,15m
2026-02-19 10:45:00-05:00,10.53499984741211,10.585000038146973,10.515000343322754,10.585000038146973,21764,0.0,0.0,AVPT,15m
2026-02-19 11:00:00-05:00,10.59000015258789,10.609999656677246,10.555000305175781,10.609999656677246,13778,0.0,0.0,AVPT,15m
2026-02-19 11:15:00-05:00,10.609999656677246,10.645000457763672,10.574999809265137,10.574999809265137,26399,0.0,0.0,AVPT,15m
2026-02-19 11:30:00-05:00,10.574999809265137,10.635000228881836,10.5649995803833,10.585000038146973,43301,0.0,0.0,AVPT,15m
2026-02-19 11:45:00-05:00,10.59000015258789,10.614999771118164,10.585000038146973,10.595000267028809,20703,0.0,0.0,AVPT,15m
2026-02-19 12:00:00-05:00,10.59000015258789,10.600000381469727,10.574999809265137,10.59000015258789,24669,0.0,0.0,AVPT,15m
2026-02-19 12:15:00-05:00,10.595000267028809,10.619999885559082,10.585000038146973,10.595000267028809,23006,0.0,0.0,AVPT,15m
2026-02-19 12:30:00-05:00,10.59000015258789,10.595000267028809,10.569999694824219,10.579999923706055,22529,0.0,0.0,AVPT,15m
2026-02-19 12:45:00-05:00,10.569999694824219,10.574999809265137,10.53499984741211,10.5600004196167,28344,0.0,0.0,AVPT,15m
2026-02-19 13:00:00-05:00,10.5649995803833,10.569999694824219,10.550000190734863,10.5600004196167,19877,0.0,0.0,AVPT,15m
2026-02-19 13:15:00-05:00,10.5600004196167,10.569999694824219,10.524999618530273,10.569999694824219,27112,0.0,0.0,AVPT,15m
2026-02-19 13:30:00-05:00,10.5649995803833,10.579999923706055,10.529999732971191,10.5600004196167,25608,0.0,0.0,AVPT,15m
2026-02-19 13:45:00-05:00,10.569999694824219,10.600000381469727,10.5649995803833,10.595000267028809,12895,0.0,0.0,AVPT,15m
2026-02-19 14:00:00-05:00,10.59000015258789,10.59000015258789,10.550000190734863,10.569999694824219,16138,0.0,0.0,AVPT,15m
2026-02-19 14:15:00-05:00,10.579999923706055,10.579999923706055,10.524999618530273,10.539999961853027,21838,0.0,0.0,AVPT,15m
2026-02-19 14:30:00-05:00,10.545000076293945,10.5649995803833,10.524999618530273,10.5649995803833,21728,0.0,0.0,AVPT,15m
2026-02-19 14:45:00-05:00,10.5600004196167,10.619999885559082,10.555000305175781,10.579999923706055,24094,0.0,0.0,AVPT,15m
2026-02-19 15:00:00-05:00,10.59000015258789,10.604999542236328,10.585000038146973,10.59000015258789,19510,0.0,0.0,AVPT,15m
2026-02-19 15:15:00-05:00,10.595000267028809,10.625,10.585000038146973,10.59000015258789,31718,0.0,0.0,AVPT,15m
2026-02-19 15:30:00-05:00,10.595000267028809,10.625,10.579999923706055,10.585000038146973,28082,0.0,0.0,AVPT,15m
2026-02-19 15:45:00-05:00,10.579999923706055,10.640000343322754,10.579999923706055,10.635000228881836,121350,0.0,0.0,AVPT,15m
2026-02-20 09:30:00-05:00,10.649999618530273,10.649999618530273,10.510000228881836,10.579999923706055,90087,0.0,0.0,AVPT,15m
2026-02-20 09:45:00-05:00,10.600000381469727,10.680000305175781,10.595000267028809,10.649999618530273,43624,0.0,0.0,AVPT,15m
2026-02-20 10:00:00-05:00,10.649999618530273,10.819999694824219,10.630000114440918,10.710000038146973,79683,0.0,0.0,AVPT,15m
2026-02-20 10:15:00-05:00,10.71500015258789,10.779999732971191,10.680000305175781,10.720000267028809,35704,0.0,0.0,AVPT,15m
2026-02-20 10:30:00-05:00,10.725000381469727,10.78499984741211,10.670000076293945,10.6899995803833,32306,0.0,0.0,AVPT,15m
2026-02-20 10:45:00-05:00,10.699999809265137,10.779999732971191,10.6850004196167,10.774999618530273,23396,0.0,0.0,AVPT,15m
2026-02-20 11:00:00-05:00,10.789999961853027,10.795000076293945,10.729999542236328,10.729999542236328,12315,0.0,0.0,AVPT,15m
2026-02-20 11:15:00-05:00,10.720000267028809,10.720000267028809,10.665900230407715,10.665900230407715,17919,0.0,0.0,AVPT,15m
2026-02-20 11:30:00-05:00,10.65999984741211,10.739999771118164,10.65999984741211,10.725000381469727,16802,0.0,0.0,AVPT,15m
2026-02-20 11:45:00-05:00,10.725000381469727,10.779999732971191,10.725000381469727,10.779999732971191,34558,0.0,0.0,AVPT,15m
2026-02-20 12:00:00-05:00,10.770000457763672,10.774999618530273,10.694999694824219,10.694999694824219,15557,0.0,0.0,AVPT,15m
2026-02-20 12:15:00-05:00,10.6899995803833,10.6899995803833,10.649999618530273,10.6899995803833,17340,0.0,0.0,AVPT,15m
2026-02-20 12:30:00-05:00,10.699999809265137,10.720000267028809,10.675000190734863,10.6899995803833,24879,0.0,0.0,AVPT,15m
2026-02-20 12:45:00-05:00,10.694999694824219,10.739999771118164,10.680000305175781,10.739999771118164,23446,0.0,0.0,AVPT,15m
2026-02-20 13:00:00-05:00,10.739999771118164,10.739999771118164,10.645000457763672,10.649999618530273,21912,0.0,0.0,AVPT,15m
2026-02-20 13:15:00-05:00,10.640000343322754,10.640000343322754,10.53499984741211,10.550000190734863,292836,0.0,0.0,AVPT,15m
2026-02-20 13:30:00-05:00,10.550000190734863,10.664999961853027,10.545000076293945,10.65999984741211,25363,0.0,0.0,AVPT,15m
2026-02-20 13:45:00-05:00,10.664999961853027,10.704999923706055,10.65999984741211,10.6899995803833,18612,0.0,0.0,AVPT,15m
2026-02-20 14:00:00-05:00,10.6899995803833,10.6899995803833,10.579999923706055,10.579999923706055,17026,0.0,0.0,AVPT,15m
2026-02-20 14:15:00-05:00,10.569999694824219,10.569999694824219,10.489999771118164,10.489999771118164,14524,0.0,0.0,AVPT,15m
2026-02-20 14:30:00-05:00,10.484999656677246,10.539999961853027,10.484999656677246,10.539999961853027,24506,0.0,0.0,AVPT,15m
2026-02-20 14:45:00-05:00,10.539999961853027,10.550000190734863,10.454999923706055,10.489999771118164,24224,0.0,0.0,AVPT,15m
2026-02-20 15:00:00-05:00,10.484999656677246,10.510000228881836,10.46500015258789,10.484999656677246,38971,0.0,0.0,AVPT,15m
2026-02-20 15:15:00-05:00,10.484999656677246,10.494999885559082,10.444999694824219,10.449999809265137,36827,0.0,0.0,AVPT,15m
2026-02-20 15:30:00-05:00,10.454999923706055,10.512499809265137,10.454999923706055,10.510199546813965,41114,0.0,0.0,AVPT,15m
2026-02-20 15:45:00-05:00,10.510000228881836,10.539999961853027,10.479999542236328,10.510000228881836,159041,0.0,0.0,AVPT,15m
2026-02-23 09:30:00-05:00,10.399999618530273,10.399999618530273,10.029999732971191,10.029999732971191,55279,0.0,0.0,AVPT,15m
2026-02-23 09:45:00-05:00,10.020000457763672,10.09000015258789,9.970000267028809,10.055000305175781,28204,0.0,0.0,AVPT,15m
2026-02-23 10:00:00-05:00,10.0600004196167,10.140000343322754,10.020000457763672,10.114999771118164,56675,0.0,0.0,AVPT,15m
2026-02-23 10:15:00-05:00,10.119999885559082,10.121399879455566,10.069999694824219,10.069999694824219,15618,0.0,0.0,AVPT,15m
2026-02-23 10:30:00-05:00,10.069999694824219,10.095000267028809,10.039999961853027,10.069999694824219,16192,0.0,0.0,AVPT,15m
2026-02-23 10:45:00-05:00,10.050000190734863,10.09000015258789,10.010000228881836,10.020000457763672,19798,0.0,0.0,AVPT,15m
2026-02-23 11:00:00-05:00,10.020000457763672,10.029999732971191,9.970000267028809,10.000100135803223,19267,0.0,0.0,AVPT,15m
2026-02-23 11:15:00-05:00,10.0,10.050000190734863,9.979999542236328,10.039999961853027,26014,0.0,0.0,AVPT,15m
2026-02-23 11:30:00-05:00,10.010000228881836,10.051400184631348,10.0,10.041000366210938,16394,0.0,0.0,AVPT,15m
2026-02-23 11:45:00-05:00,10.039999961853027,10.055000305175781,10.029999732971191,10.029999732971191,11653,0.0,0.0,AVPT,15m
2026-02-23 12:00:00-05:00,10.024999618530273,10.029999732971191,9.989999771118164,9.989999771118164,15907,0.0,0.0,AVPT,15m
2026-02-23 12:15:00-05:00,9.989999771118164,10.029999732971191,9.989999771118164,10.010000228881836,16302,0.0,0.0,AVPT,15m
2026-02-23 12:30:00-05:00,10.010000228881836,10.0600004196167,10.005000114440918,10.045000076293945,36093,0.0,0.0,AVPT,15m
2026-02-23 12:45:00-05:00,10.045000076293945,10.065500259399414,10.045000076293945,10.045000076293945,23712,0.0,0.0,AVPT,15m
2026-02-23 13:00:00-05:00,10.050000190734863,10.055299758911133,10.024999618530273,10.045000076293945,14719,0.0,0.0,AVPT,15m
2026-02-23 13:15:00-05:00,10.039999961853027,10.04640007019043,10.020000457763672,10.029999732971191,33246,0.0,0.0,AVPT,15m
2026-02-23 13:30:00-05:00,10.029999732971191,10.058699607849121,10.029999732971191,10.029999732971191,14700,0.0,0.0,AVPT,15m
2026-02-23 13:45:00-05:00,10.020000457763672,10.024999618530273,9.970000267028809,9.979999542236328,14421,0.0,0.0,AVPT,15m
2026-02-23 14:00:00-05:00,10.0,10.015000343322754,9.989999771118164,10.0,17482,0.0,0.0,AVPT,15m
2026-02-23 14:15:00-05:00,9.989999771118164,9.989999771118164,9.925000190734863,9.9350004196167,16107,0.0,0.0,AVPT,15m
2026-02-23 14:30:00-05:00,9.930000305175781,9.939900398254395,9.925000190734863,9.930000305175781,15276,0.0,0.0,AVPT,15m
2026-02-23 14:45:00-05:00,9.9399995803833,9.989999771118164,9.9399995803833,9.949999809265137,25472,0.0,0.0,AVPT,15m
2026-02-23 15:00:00-05:00,9.949999809265137,9.970000267028809,9.9350004196167,9.937000274658203,31243,0.0,0.0,AVPT,15m
2026-02-23 15:15:00-05:00,9.9350004196167,9.954999923706055,9.904999732971191,9.904999732971191,26436,0.0,0.0,AVPT,15m
2026-02-23 15:30:00-05:00,9.90999984741211,9.936100006103516,9.90999984741211,9.925000190734863,38683,0.0,0.0,AVPT,15m
2026-02-23 15:45:00-05:00,9.920000076293945,9.954999923706055,9.895000457763672,9.949999809265137,168643,0.0,0.0,AVPT,15m
2026-02-24 09:30:00-05:00,9.899999618530273,10.319999694824219,9.854999542236328,10.319999694824219,80769,0.0,0.0,AVPT,15m
2026-02-24 09:45:00-05:00,10.289999961853027,10.3100004196167,10.090100288391113,10.090100288391113,45885,0.0,0.0,AVPT,15m
2026-02-24 10:00:00-05:00,10.039999961853027,10.199999809265137,10.039999961853027,10.170000076293945,38913,0.0,0.0,AVPT,15m
2026-02-24 10:15:00-05:00,10.15999984741211,10.300000190734863,10.15999984741211,10.289999961853027,24351,0.0,0.0,AVPT,15m
2026-02-24 10:30:00-05:00,10.300000190734863,10.329999923706055,10.229999542236328,10.270000457763672,21872,0.0,0.0,AVPT,15m
2026-02-24 10:45:00-05:00,10.25,10.25,10.180000305175781,10.1899995803833,17448,0.0,0.0,AVPT,15m
2026-02-24 11:00:00-05:00,10.1899995803833,10.199999809265137,10.125,10.140000343322754,31254,0.0,0.0,AVPT,15m
2026-02-24 11:15:00-05:00,10.135000228881836,10.149999618530273,10.104999542236328,10.149999618530273,17150,0.0,0.0,AVPT,15m
2026-02-24 11:30:00-05:00,10.154999732971191,10.154999732971191,10.104999542236328,10.140000343322754,34074,0.0,0.0,AVPT,15m
2026-02-24 11:45:00-05:00,10.149999618530273,10.15999984741211,10.09000015258789,10.149999618530273,38658,0.0,0.0,AVPT,15m
2026-02-24 12:00:00-05:00,10.15999984741211,10.15999984741211,10.119999885559082,10.125,11380,0.0,0.0,AVPT,15m
2026-02-24 12:15:00-05:00,10.130000114440918,10.15999984741211,10.109999656677246,10.140000343322754,19213,0.0,0.0,AVPT,15m
2026-02-24 12:30:00-05:00,10.140000343322754,10.145000457763672,10.109999656677246,10.109999656677246,12002,0.0,0.0,AVPT,15m
2026-02-24 12:45:00-05:00,10.109999656677246,10.135000228881836,10.109999656677246,10.119999885559082,12626,0.0,0.0,AVPT,15m
2026-02-24 13:00:00-05:00,10.125,10.145000457763672,10.09000015258789,10.104999542236328,17017,0.0,0.0,AVPT,15m
2026-02-24 13:15:00-05:00,10.100000381469727,10.104999542236328,10.09000015258789,10.100000381469727,15320,0.0,0.0,AVPT,15m
2026-02-24 13:30:00-05:00,10.10990047454834,10.154999732971191,10.100000381469727,10.135000228881836,20863,0.0,0.0,AVPT,15m
2026-02-24 13:45:00-05:00,10.140000343322754,10.175000190734863,10.125,10.135000228881836,18451,0.0,0.0,AVPT,15m
2026-02-24 14:00:00-05:00,10.130000114440918,10.175600051879883,10.109999656677246,10.109999656677246,26059,0.0,0.0,AVPT,15m
2026-02-24 14:15:00-05:00,10.109999656677246,10.109999656677246,10.074999809265137,10.095000267028809,21689,0.0,0.0,AVPT,15m
2026-02-24 14:30:00-05:00,10.100000381469727,10.125,10.100000381469727,10.100000381469727,12499,0.0,0.0,AVPT,15m
2026-02-24 14:45:00-05:00,10.095000267028809,10.134499549865723,10.09000015258789,10.09000015258789,21053,0.0,0.0,AVPT,15m
2026-02-24 15:00:00-05:00,10.095000267028809,10.125,10.09000015258789,10.109999656677246,25163,0.0,0.0,AVPT,15m
2026-02-24 15:15:00-05:00,10.109999656677246,10.109999656677246,10.079999923706055,10.09000015258789,36859,0.0,0.0,AVPT,15m
2026-02-24 15:30:00-05:00,10.09000015258789,10.135000228881836,10.079999923706055,10.125,47946,0.0,0.0,AVPT,15m
2026-02-24 15:45:00-05:00,10.125,10.164999961853027,10.119999885559082,10.130000114440918,211039,0.0,0.0,AVPT,15m
2026-02-25 09:30:00-05:00,10.100000381469727,10.145000457763672,9.90999984741211,10.010000228881836,55013,0.0,0.0,AVPT,15m
2026-02-25 09:45:00-05:00,10.020000457763672,10.270600318908691,10.020000457763672,10.255000114440918,39713,0.0,0.0,AVPT,15m
2026-02-25 10:00:00-05:00,10.255000114440918,10.3100004196167,10.170000076293945,10.199999809265137,22654,0.0,0.0,AVPT,15m
2026-02-25 10:15:00-05:00,10.204999923706055,10.204999923706055,10.15999984741211,10.180000305175781,18891,0.0,0.0,AVPT,15m
2026-02-25 10:30:00-05:00,10.1850004196167,10.220000267028809,10.154999732971191,10.199999809265137,20575,0.0,0.0,AVPT,15m
2026-02-25 10:45:00-05:00,10.194999694824219,10.220000267028809,10.135000228881836,10.154999732971191,17171,0.0,0.0,AVPT,15m
2026-02-25 11:00:00-05:00,10.154999732971191,10.154999732971191,10.069999694824219,10.069999694824219,16620,0.0,0.0,AVPT,15m
2026-02-25 11:15:00-05:00,10.069899559020996,10.140000343322754,10.055000305175781,10.140000343322754,19917,0.0,0.0,AVPT,15m
2026-02-25 11:30:00-05:00,10.145000457763672,10.149999618530273,10.135000228881836,10.145000457763672,15324,0.0,0.0,AVPT,15m
2026-02-25 11:45:00-05:00,10.140000343322754,10.180000305175781,10.125,10.175000190734863,14175,0.0,0.0,AVPT,15m
2026-02-25 12:00:00-05:00,10.170000076293945,10.170000076293945,10.135000228881836,10.154999732971191,19528,0.0,0.0,AVPT,15m
2026-02-25 12:15:00-05:00,10.164999961853027,10.170000076293945,10.140000343322754,10.145000457763672,12605,0.0,0.0,AVPT,15m
2026-02-25 12:30:00-05:00,10.145000457763672,10.1850004196167,10.140000343322754,10.180000305175781,14564,0.0,0.0,AVPT,15m
2026-02-25 12:45:00-05:00,10.170000076293945,10.21500015258789,10.170000076293945,10.21500015258789,18403,0.0,0.0,AVPT,15m
2026-02-25 13:00:00-05:00,10.220000267028809,10.255000114440918,10.220000267028809,10.255000114440918,19587,0.0,0.0,AVPT,15m
2026-02-25 13:15:00-05:00,10.255000114440918,10.265000343322754,10.241399765014648,10.265000343322754,10237,0.0,0.0,AVPT,15m
2026-02-25 13:30:00-05:00,10.260000228881836,10.260000228881836,10.234999656677246,10.244999885559082,15263,0.0,0.0,AVPT,15m
2026-02-25 13:45:00-05:00,10.25,10.25,10.220000267028809,10.25,14520,0.0,0.0,AVPT,15m
2026-02-25 14:00:00-05:00,10.25,10.274999618530273,10.244999885559082,10.244999885559082,16559,0.0,0.0,AVPT,15m
2026-02-25 14:15:00-05:00,10.25,10.277199745178223,10.244999885559082,10.260000228881836,22070,0.0,0.0,AVPT,15m
2026-02-25 14:30:00-05:00,10.265000343322754,10.28499984741211,10.265000343322754,10.28499984741211,21236,0.0,0.0,AVPT,15m
2026-02-25 14:45:00-05:00,10.28499984741211,10.305000305175781,10.279999732971191,10.305000305175781,24216,0.0,0.0,AVPT,15m
2026-02-25 15:00:00-05:00,10.305000305175781,10.3149995803833,10.28499984741211,10.300000190734863,31906,0.0,0.0,AVPT,15m
2026-02-25 15:15:00-05:00,10.289999961853027,10.305000305175781,10.265000343322754,10.280099868774414,29472,0.0,0.0,AVPT,15m
2026-02-25 15:30:00-05:00,10.28499984741211,10.295000076293945,10.274999618530273,10.274999618530273,32990,0.0,0.0,AVPT,15m
2026-02-25 15:45:00-05:00,10.27750015258789,10.295000076293945,10.1899995803833,10.225000381469727,334381,0.0,0.0,AVPT,15m
2026-02-26 09:30:00-05:00,10.399999618530273,10.510000228881836,10.279999732971191,10.489999771118164,76980,0.0,0.0,AVPT,15m
2026-02-26 09:45:00-05:00,10.460000038146973,10.600000381469727,10.390000343322754,10.569999694824219,66150,0.0,0.0,AVPT,15m
2026-02-26 10:00:00-05:00,10.59000015258789,10.65999984741211,10.569999694824219,10.649999618530273,59080,0.0,0.0,AVPT,15m
2026-02-26 10:15:00-05:00,10.640000343322754,10.645000457763672,10.484999656677246,10.484999656677246,39298,0.0,0.0,AVPT,15m
2026-02-26 10:30:00-05:00,10.479999542236328,10.529999732971191,10.40999984741211,10.489999771118164,86349,0.0,0.0,AVPT,15m
2026-02-26 10:45:00-05:00,10.489999771118164,10.524999618530273,10.489999771118164,10.510000228881836,42875,0.0,0.0,AVPT,15m
2026-02-26 11:00:00-05:00,10.515000343322754,10.515000343322754,10.460000038146973,10.5,25497,0.0,0.0,AVPT,15m
2026-02-26 11:15:00-05:00,10.505000114440918,10.510000228881836,10.319999694824219,10.329999923706055,39384,0.0,0.0,AVPT,15m
2026-02-26 11:30:00-05:00,10.335000038146973,10.34000015258789,10.270000457763672,10.279999732971191,25065,0.0,0.0,AVPT,15m
2026-02-26 11:45:00-05:00,10.28499984741211,10.300000190734863,10.255000114440918,10.255000114440918,16920,0.0,0.0,AVPT,15m
2026-02-26 12:00:00-05:00,10.255000114440918,10.319999694824219,10.255000114440918,10.305000305175781,21338,0.0,0.0,AVPT,15m
2026-02-26 12:15:00-05:00,10.300000190734863,10.335000038146973,10.244999885559082,10.244999885559082,46538,0.0,0.0,AVPT,15m
2026-02-26 12:30:00-05:00,10.244999885559082,10.295000076293945,10.220000267028809,10.239999771118164,82860,0.0,0.0,AVPT,15m
2026-02-26 12:45:00-05:00,10.244999885559082,10.28499984741211,10.244999885559082,10.25,62262,0.0,0.0,AVPT,15m
2026-02-26 13:00:00-05:00,10.244999885559082,10.255000114440918,10.164999961853027,10.170000076293945,47362,0.0,0.0,AVPT,15m
2026-02-26 13:15:00-05:00,10.170000076293945,10.220000267028809,10.170000076293945,10.199999809265137,516085,0.0,0.0,AVPT,15m
2026-02-26 13:30:00-05:00,10.210000038146973,10.267600059509277,10.210000038146973,10.255000114440918,13876,0.0,0.0,AVPT,15m
2026-02-26 13:45:00-05:00,10.270000457763672,10.279999732971191,10.239999771118164,10.239999771118164,19267,0.0,0.0,AVPT,15m
2026-02-26 14:00:00-05:00,10.239999771118164,10.3100004196167,10.234999656677246,10.305000305175781,21965,0.0,0.0,AVPT,15m
2026-02-26 14:15:00-05:00,10.3100004196167,10.390000343322754,10.300000190734863,10.34000015258789,51772,0.0,0.0,AVPT,15m
2026-02-26 14:30:00-05:00,10.34000015258789,10.420000076293945,10.324999809265137,10.369999885559082,34801,0.0,0.0,AVPT,15m
2026-02-26 14:45:00-05:00,10.364999771118164,10.414999961853027,10.359999656677246,10.385000228881836,34021,0.0,0.0,AVPT,15m
2026-02-26 15:00:00-05:00,10.385000228881836,10.4399995803833,10.385000228881836,10.4399995803833,35692,0.0,0.0,AVPT,15m
2026-02-26 15:15:00-05:00,10.4399995803833,10.449999809265137,10.390000343322754,10.395000457763672,40408,0.0,0.0,AVPT,15m
2026-02-26 15:30:00-05:00,10.395000457763672,10.40999984741211,10.375,10.38010025024414,54637,0.0,0.0,AVPT,15m
2026-02-26 15:45:00-05:00,10.385000228881836,10.395000457763672,10.354999542236328,10.369999885559082,240602,0.0,0.0,AVPT,15m
2026-02-27 09:30:00-05:00,11.079999923706055,11.149999618530273,10.555000305175781,10.600000381469727,102243,0.0,0.0,AVPT,15m
2026-02-27 09:45:00-05:00,10.569999694824219,10.710000038146973,10.420000076293945,10.460000038146973,54266,0.0,0.0,AVPT,15m
2026-02-27 10:00:00-05:00,10.430000305175781,10.71500015258789,10.430000305175781,10.699999809265137,59348,0.0,0.0,AVPT,15m
2026-02-27 10:15:00-05:00,10.710000038146973,10.800000190734863,10.6850004196167,10.800000190734863,67814,0.0,0.0,AVPT,15m
2026-02-27 10:30:00-05:00,10.800000190734863,10.805000305175781,10.635000228881836,10.664999961853027,46647,0.0,0.0,AVPT,15m
2026-02-27 10:45:00-05:00,10.664999961853027,10.720000267028809,10.59000015258789,10.680000305175781,40401,0.0,0.0,AVPT,15m
2026-02-27 11:00:00-05:00,10.675000190734863,10.720000267028809,10.649999618530273,10.6899995803833,36356,0.0,0.0,AVPT,15m
2026-02-27 11:15:00-05:00,10.6899995803833,10.720000267028809,10.675000190734863,10.675000190734863,26786,0.0,0.0,AVPT,15m
2026-02-27 11:30:00-05:00,10.675000190734863,10.8100004196167,10.675000190734863,10.774999618530273,39389,0.0,0.0,AVPT,15m
2026-02-27 11:45:00-05:00,10.779999732971191,10.839799880981445,10.770000457763672,10.824999809265137,37220,0.0,0.0,AVPT,15m
2026-02-27 12:00:00-05:00,10.829999923706055,10.875,10.8149995803833,10.819999694824219,52827,0.0,0.0,AVPT,15m
2026-02-27 12:15:00-05:00,10.824999809265137,10.875,10.779999732971191,10.854999542236328,45872,0.0,0.0,AVPT,15m
2026-02-27 12:30:00-05:00,10.859999656677246,10.875,10.819999694824219,10.835000038146973,29629,0.0,0.0,AVPT,15m
2026-02-27 12:45:00-05:00,10.829999923706055,10.845000267028809,10.8100004196167,10.829999923706055,20519,0.0,0.0,AVPT,15m
2026-02-27 13:00:00-05:00,10.84000015258789,10.854999542236328,10.819999694824219,10.819999694824219,35840,0.0,0.0,AVPT,15m
2026-02-27 13:15:00-05:00,10.8100004196167,10.845000267028809,10.78499984741211,10.829999923706055,28891,0.0,0.0,AVPT,15m
2026-02-27 13:30:00-05:00,10.829999923706055,10.835000038146973,10.765000343322754,10.789999961853027,46142,0.0,0.0,AVPT,15m
2026-02-27 13:45:00-05:00,10.789999961853027,10.789999961853027,10.704999923706055,10.75,36434,0.0,0.0,AVPT,15m
2026-02-27 14:00:00-05:00,10.75,10.755000114440918,10.710000038146973,10.71500015258789,28889,0.0,0.0,AVPT,15m
2026-02-27 14:15:00-05:00,10.710000038146973,10.75,10.670000076293945,10.704999923706055,33979,0.0,0.0,AVPT,15m
2026-02-27 14:30:00-05:00,10.710000038146973,10.725000381469727,10.6899995803833,10.6899995803833,23787,0.0,0.0,AVPT,15m
2026-02-27 14:45:00-05:00,10.699999809265137,10.71500015258789,10.680000305175781,10.6850004196167,24455,0.0,0.0,AVPT,15m
2026-02-27 15:00:00-05:00,10.6899995803833,10.735099792480469,10.6850004196167,10.729999542236328,31010,0.0,0.0,AVPT,15m
2026-02-27 15:15:00-05:00,10.734999656677246,10.739999771118164,10.664999961853027,10.694999694824219,47512,0.0,0.0,AVPT,15m
2026-02-27 15:30:00-05:00,10.694999694824219,10.720000267028809,10.6850004196167,10.70989990234375,52129,0.0,0.0,AVPT,15m
2026-02-27 15:45:00-05:00,10.702199935913086,10.805000305175781,10.694999694824219,10.78499984741211,230866,0.0,0.0,AVPT,15m
2026-03-02 09:30:00-05:00,10.579999923706055,10.710000038146973,10.539999961853027,10.670000076293945,300071,0.0,0.0,AVPT,15m
2026-03-02 09:45:00-05:00,10.65999984741211,10.8100004196167,10.630000114440918,10.789999961853027,54143,0.0,0.0,AVPT,15m
2026-03-02 10:00:00-05:00,10.819999694824219,10.824999809265137,10.585000038146973,10.609999656677246,71420,0.0,0.0,AVPT,15m
2026-03-02 10:15:00-05:00,10.609999656677246,10.65999984741211,10.524999618530273,10.59000015258789,82782,0.0,0.0,AVPT,15m
2026-03-02 10:30:00-05:00,10.595000267028809,10.680000305175781,10.529999732971191,10.680000305175781,43931,0.0,0.0,AVPT,15m
2026-03-02 10:45:00-05:00,10.670000076293945,10.670000076293945,10.550000190734863,10.579999923706055,63562,0.0,0.0,AVPT,15m
2026-03-02 11:00:00-05:00,10.574999809265137,10.600000381469727,10.524999618530273,10.569999694824219,37790,0.0,0.0,AVPT,15m
2026-03-02 11:15:00-05:00,10.59000015258789,10.59000015258789,10.395000457763672,10.420000076293945,44658,0.0,0.0,AVPT,15m
2026-03-02 11:30:00-05:00,10.425000190734863,10.489999771118164,10.425000190734863,10.449999809265137,49210,0.0,0.0,AVPT,15m
2026-03-02 11:45:00-05:00,10.444999694824219,10.520000457763672,10.414999961853027,10.520000457763672,39923,0.0,0.0,AVPT,15m
2026-03-02 12:00:00-05:00,10.5,10.515000343322754,10.460000038146973,10.460000038146973,32255,0.0,0.0,AVPT,15m
2026-03-02 12:15:00-05:00,10.454999923706055,10.484999656677246,10.414999961853027,10.430000305175781,69557,0.0,0.0,AVPT,15m
2026-03-02 12:30:00-05:00,10.425000190734863,10.520000457763672,10.399999618530273,10.520000457763672,54611,0.0,0.0,AVPT,15m
2026-03-02 12:45:00-05:00,10.524999618530273,10.595000267028809,10.524999618530273,10.585000038146973,46806,0.0,0.0,AVPT,15m
2026-03-02 13:00:00-05:00,10.585000038146973,10.595000267028809,10.545000076293945,10.595000267028809,31578,0.0,0.0,AVPT,15m
2026-03-02 13:15:00-05:00,10.595000267028809,10.625,10.58530044555664,10.609999656677246,27232,0.0,0.0,AVPT,15m
2026-03-02 13:30:00-05:00,10.609999656677246,10.614999771118164,10.545000076293945,10.59000015258789,87945,0.0,0.0,AVPT,15m
2026-03-02 13:45:00-05:00,10.585000038146973,10.595000267028809,10.542900085449219,10.5649995803833,29075,0.0,0.0,AVPT,15m
2026-03-02 14:00:00-05:00,10.555000305175781,10.595000267028809,10.555000305175781,10.59000015258789,27447,0.0,0.0,AVPT,15m
2026-03-02 14:15:00-05:00,10.600000381469727,10.625,10.5649995803833,10.600000381469727,23298,0.0,0.0,AVPT,15m
2026-03-02 14:30:00-05:00,10.600000381469727,10.609999656677246,10.555000305175781,10.5649995803833,25811,0.0,0.0,AVPT,15m
2026-03-02 14:45:00-05:00,10.5649995803833,10.585000038146973,10.539999961853027,10.579999923706055,37845,0.0,0.0,AVPT,15m
2026-03-02 15:00:00-05:00,10.569999694824219,10.574999809265137,10.505000114440918,10.515000343322754,727758,0.0,0.0,AVPT,15m
2026-03-02 15:15:00-05:00,10.515000343322754,10.545000076293945,10.484999656677246,10.489999771118164,106295,0.0,0.0,AVPT,15m
2026-03-02 15:30:00-05:00,10.489999771118164,10.505000114440918,10.460000038146973,10.475000381469727,104015,0.0,0.0,AVPT,15m
2026-03-02 15:45:00-05:00,10.475000381469727,10.539999961853027,10.475000381469727,10.5,533708,0.0,0.0,AVPT,15m
2026-03-03 09:30:00-05:00,10.199999809265137,10.46500015258789,10.199999809265137,10.444999694824219,87314,0.0,0.0,AVPT,15m
2026-03-03 09:45:00-05:00,10.430000305175781,10.449999809265137,10.329999923706055,10.390000343322754,57026,0.0,0.0,AVPT,15m
2026-03-03 10:00:00-05:00,10.390000343322754,10.449999809265137,10.279999732971191,10.414999961853027,88897,0.0,0.0,AVPT,15m
2026-03-03 10:15:00-05:00,10.4350004196167,10.489999771118164,10.395000457763672,10.479999542236328,77547,0.0,0.0,AVPT,15m
2026-03-03 10:30:00-05:00,10.484999656677246,10.664999961853027,10.484999656677246,10.609999656677246,70865,0.0,0.0,AVPT,15m
2026-03-03 10:45:00-05:00,10.614999771118164,10.649999618530273,10.545000076293945,10.569999694824219,64868,0.0,0.0,AVPT,15m
2026-03-03 11:00:00-05:00,10.5649995803833,10.64109992980957,10.555000305175781,10.609999656677246,65019,0.0,0.0,AVPT,15m
2026-03-03 11:15:00-05:00,10.609999656677246,10.760000228881836,10.59000015258789,10.75,57888,0.0,0.0,AVPT,15m
2026-03-03 11:30:00-05:00,10.739999771118164,10.744999885559082,10.6899995803833,10.739999771118164,53001,0.0,0.0,AVPT,15m
2026-03-03 11:45:00-05:00,10.739999771118164,10.78499984741211,10.717000007629395,10.739999771118164,43660,0.0,0.0,AVPT,15m
2026-03-03 12:00:00-05:00,10.742500305175781,10.744999885559082,10.680000305175781,10.6850004196167,54754,0.0,0.0,AVPT,15m
2026-03-03 12:15:00-05:00,10.680000305175781,10.725000381469727,10.670000076293945,10.725000381469727,36964,0.0,0.0,AVPT,15m
2026-03-03 12:30:00-05:00,10.725000381469727,10.744999885559082,10.6850004196167,10.739999771118164,49244,0.0,0.0,AVPT,15m
2026-03-03 12:45:00-05:00,10.739999771118164,10.779999732971191,10.729999542236328,10.765000343322754,52224,0.0,0.0,AVPT,15m
2026-03-03 13:00:00-05:00,10.770000457763672,10.805000305175781,10.770000457763672,10.770000457763672,35646,0.0,0.0,AVPT,15m
2026-03-03 13:15:00-05:00,10.779999732971191,10.835000038146973,10.779999732971191,10.824999809265137,55440,0.0,0.0,AVPT,15m
2026-03-03 13:30:00-05:00,10.824999809265137,10.895000457763672,10.8149995803833,10.869999885559082,52966,0.0,0.0,AVPT,15m
2026-03-03 13:45:00-05:00,10.875,10.925000190734863,10.850000381469727,10.90999984741211,41466,0.0,0.0,AVPT,15m
2026-03-03 14:00:00-05:00,10.914999961853027,10.920000076293945,10.850000381469727,10.895000457763672,45073,0.0,0.0,AVPT,15m
2026-03-03 14:15:00-05:00,10.90999984741211,10.960000038146973,10.890000343322754,10.9350004196167,49305,0.0,0.0,AVPT,15m
2026-03-03 14:30:00-05:00,10.9350004196167,10.94789981842041,10.864999771118164,10.890299797058105,89999,0.0,0.0,AVPT,15m
2026-03-03 14:45:00-05:00,10.899999618530273,10.949999809265137,10.890000343322754,10.904999732971191,53642,0.0,0.0,AVPT,15m
2026-03-03 15:00:00-05:00,10.899999618530273,10.925000190734863,10.875,10.880000114440918,75568,0.0,0.0,AVPT,15m
2026-03-03 15:15:00-05:00,10.869999885559082,10.869999885559082,10.819999694824219,10.835000038146973,64377,0.0,0.0,AVPT,15m
2026-03-03 15:30:00-05:00,10.835000038146973,10.84000015258789,10.800000190734863,10.8149995803833,65383,0.0,0.0,AVPT,15m
2026-03-03 15:45:00-05:00,10.8149995803833,10.84000015258789,10.78499984741211,10.8100004196167,308785,0.0,0.0,AVPT,15m
2026-03-04 09:30:00-05:00,10.890000343322754,10.989999771118164,10.819999694824219,10.920000076293945,138526,0.0,0.0,AVPT,15m
2026-03-04 09:45:00-05:00,10.90999984741211,11.0,10.859999656677246,10.970000267028809,116027,0.0,0.0,AVPT,15m
2026-03-04 10:00:00-05:00,10.979999542236328,11.03499984741211,10.930000305175781,10.989999771118164,80159,0.0,0.0,AVPT,15m
2026-03-04 10:15:00-05:00,10.960000038146973,11.0,10.930000305175781,10.989999771118164,46513,0.0,0.0,AVPT,15m
2026-03-04 10:30:00-05:00,10.989999771118164,11.055000305175781,10.930000305175781,11.010000228881836,106765,0.0,0.0,AVPT,15m
2026-03-04 10:45:00-05:00,11.029999732971191,11.114999771118164,11.010000228881836,11.085000038146973,39448,0.0,0.0,AVPT,15m
2026-03-04 11:00:00-05:00,11.09000015258789,11.114999771118164,11.055000305175781,11.104999542236328,45196,0.0,0.0,AVPT,15m
2026-03-04 11:15:00-05:00,11.109999656677246,11.140000343322754,11.079999923706055,11.100000381469727,56571,0.0,0.0,AVPT,15m
2026-03-04 11:30:00-05:00,11.100000381469727,11.104999542236328,11.039999961853027,11.050000190734863,41715,0.0,0.0,AVPT,15m
2026-03-04 11:45:00-05:00,11.050000190734863,11.109999656677246,11.050000190734863,11.09000015258789,53215,0.0,0.0,AVPT,15m
2026-03-04 12:00:00-05:00,11.095000267028809,11.11620044708252,11.085000038146973,11.100000381469727,43482,0.0,0.0,AVPT,15m
2026-03-04 12:15:00-05:00,11.095000267028809,11.104999542236328,11.0600004196167,11.074999809265137,44913,0.0,0.0,AVPT,15m
2026-03-04 12:30:00-05:00,11.079999923706055,11.109999656677246,11.069999694824219,11.100000381469727,32175,0.0,0.0,AVPT,15m
2026-03-04 12:45:00-05:00,11.100000381469727,11.128499984741211,11.079999923706055,11.128499984741211,38075,0.0,0.0,AVPT,15m
2026-03-04 13:00:00-05:00,11.125,11.1850004196167,11.119999885559082,11.170000076293945,43029,0.0,0.0,AVPT,15m
2026-03-04 13:15:00-05:00,11.170000076293945,11.1850004196167,11.140000343322754,11.175000190734863,38952,0.0,0.0,AVPT,15m
2026-03-04 13:30:00-05:00,11.175000190734863,11.204999923706055,11.15999984741211,11.194999694824219,63969,0.0,0.0,AVPT,15m
2026-03-04 13:45:00-05:00,11.194999694824219,11.194999694824219,11.15999984741211,11.170000076293945,37106,0.0,0.0,AVPT,15m
2026-03-04 14:00:00-05:00,11.180000305175781,11.21500015258789,11.175000190734863,11.199999809265137,38473,0.0,0.0,AVPT,15m
2026-03-04 14:15:00-05:00,11.204999923706055,11.204999923706055,11.175000190734863,11.1850004196167,37089,0.0,0.0,AVPT,15m
2026-03-04 14:30:00-05:00,11.180000305175781,11.21500015258789,11.170000076293945,11.199999809265137,36434,0.0,0.0,AVPT,15m
2026-03-04 14:45:00-05:00,11.199999809265137,11.21500015258789,11.194999694824219,11.210000038146973,32383,0.0,0.0,AVPT,15m
2026-03-04 15:00:00-05:00,11.210000038146973,11.210000038146973,11.145000457763672,11.194999694824219,90417,0.0,0.0,AVPT,15m
2026-03-04 15:15:00-05:00,11.199999809265137,11.210000038146973,11.154999732971191,11.205499649047852,80522,0.0,0.0,AVPT,15m
2026-03-04 15:30:00-05:00,11.204999923706055,11.229999542236328,11.175000190734863,11.229999542236328,84320,0.0,0.0,AVPT,15m
2026-03-04 15:45:00-05:00,11.225000381469727,11.234999656677246,11.09000015258789,11.100000381469727,331734,0.0,0.0,AVPT,15m
2026-03-05 09:30:00-05:00,11.109999656677246,11.40999984741211,11.109999656677246,11.399999618530273,80742,0.0,0.0,AVPT,15m
2026-03-05 09:45:00-05:00,11.369999885559082,11.399999618530273,11.3100004196167,11.364999771118164,67006,0.0,0.0,AVPT,15m
2026-03-05 10:00:00-05:00,11.369999885559082,11.414999961853027,11.279999732971191,11.385000228881836,56650,0.0,0.0,AVPT,15m
2026-03-05 10:15:00-05:00,11.385000228881836,11.40999984741211,11.220000267028809,11.239999771118164,98634,0.0,0.0,AVPT,15m
2026-03-05 10:30:00-05:00,11.25,11.25,11.164999961853027,11.1899995803833,58903,0.0,0.0,AVPT,15m
2026-03-05 10:45:00-05:00,11.199999809265137,11.28499984741211,11.1899995803833,11.239999771118164,40464,0.0,0.0,AVPT,15m
2026-03-05 11:00:00-05:00,11.239999771118164,11.239999771118164,11.079999923706055,11.100000381469727,35893,0.0,0.0,AVPT,15m
2026-03-05 11:15:00-05:00,11.104999542236328,11.140000343322754,11.0649995803833,11.125,36090,0.0,0.0,AVPT,15m
2026-03-05 11:30:00-05:00,11.125,11.204999923706055,11.095000267028809,11.1899995803833,56083,0.0,0.0,AVPT,15m
2026-03-05 11:45:00-05:00,11.1899995803833,11.204999923706055,11.164999961853027,11.1850004196167,42806,0.0,0.0,AVPT,15m
2026-03-05 12:00:00-05:00,11.1850004196167,11.229999542236328,11.15999984741211,11.170000076293945,48178,0.0,0.0,AVPT,15m
2026-03-05 12:15:00-05:00,11.170000076293945,11.170000076293945,11.0649995803833,11.109999656677246,62588,0.0,0.0,AVPT,15m
2026-03-05 12:30:00-05:00,11.104999542236328,11.170000076293945,11.085000038146973,11.140000343322754,74893,0.0,0.0,AVPT,15m
2026-03-05 12:45:00-05:00,11.140000343322754,11.220000267028809,11.104999542236328,11.164999961853027,63074,0.0,0.0,AVPT,15m
2026-03-05 13:00:00-05:00,11.15999984741211,11.220000267028809,11.140000343322754,11.220000267028809,73828,0.0,0.0,AVPT,15m
2026-03-05 13:15:00-05:00,11.220000267028809,11.220000267028809,11.170000076293945,11.1899995803833,61091,0.0,0.0,AVPT,15m
2026-03-05 13:30:00-05:00,11.180000305175781,11.1899995803833,11.114999771118164,11.175000190734863,49674,0.0,0.0,AVPT,15m
2026-03-05 13:45:00-05:00,11.175000190734863,11.229999542236328,11.15999984741211,11.210000038146973,77965,0.0,0.0,AVPT,15m
2026-03-05 14:00:00-05:00,11.210000038146973,11.279999732971191,11.199999809265137,11.279999732971191,54220,0.0,0.0,AVPT,15m
2026-03-05 14:15:00-05:00,11.279999732971191,11.289999961853027,11.229999542236328,11.244999885559082,50334,0.0,0.0,AVPT,15m
2026-03-05 14:30:00-05:00,11.244999885559082,11.25,11.164999961853027,11.180000305175781,52784,0.0,0.0,AVPT,15m
2026-03-05 14:45:00-05:00,11.175000190734863,11.210000038146973,11.170000076293945,11.199999809265137,78507,0.0,0.0,AVPT,15m
2026-03-05 15:00:00-05:00,11.204999923706055,11.210000038146973,11.154999732971191,11.210000038146973,98401,0.0,0.0,AVPT,15m
2026-03-05 15:15:00-05:00,11.210100173950195,11.270000457763672,11.210000038146973,11.255000114440918,101421,0.0,0.0,AVPT,15m
2026-03-05 15:30:00-05:00,11.25,11.279999732971191,11.239999771118164,11.255000114440918,91599,0.0,0.0,AVPT,15m
2026-03-05 15:45:00-05:00,11.255000114440918,11.3100004196167,11.244999885559082,11.279999732971191,435581,0.0,0.0,AVPT,15m
2026-03-06 09:30:00-05:00,11.260000228881836,11.319999694824219,11.079999923706055,11.079999923706055,125200,0.0,0.0,AVPT,15m
2026-03-06 09:45:00-05:00,11.0600004196167,11.104999542236328,11.0,11.039999961853027,139767,0.0,0.0,AVPT,15m
2026-03-06 10:00:00-05:00,11.045000076293945,11.114999771118164,10.989999771118164,11.079999923706055,50506,0.0,0.0,AVPT,15m
2026-03-06 10:15:00-05:00,11.085000038146973,11.119999885559082,11.045000076293945,11.114999771118164,40395,0.0,0.0,AVPT,15m
2026-03-06 10:30:00-05:00,11.140000343322754,11.180000305175781,11.09000015258789,11.109999656677246,47470,0.0,0.0,AVPT,15m
2026-03-06 10:45:00-05:00,11.119999885559082,11.149999618530273,11.0649995803833,11.140000343322754,42360,0.0,0.0,AVPT,15m
2026-03-06 11:00:00-05:00,11.141500473022461,11.170000076293945,11.114999771118164,11.114999771118164,45782,0.0,0.0,AVPT,15m
2026-03-06 11:15:00-05:00,11.119999885559082,11.13860034942627,11.079999923706055,11.129899978637695,38499,0.0,0.0,AVPT,15m
2026-03-06 11:30:00-05:00,11.130000114440918,11.204999923706055,11.114999771118164,11.180000305175781,37324,0.0,0.0,AVPT,15m
2026-03-06 11:45:00-05:00,11.180000305175781,11.270000457763672,11.180000305175781,11.25,30771,0.0,0.0,AVPT,15m
2026-03-06 12:00:00-05:00,11.255000114440918,11.274999618530273,11.170999526977539,11.180000305175781,35505,0.0,0.0,AVPT,15m
2026-03-06 12:15:00-05:00,11.1899995803833,11.1899995803833,11.125,11.154999732971191,31578,0.0,0.0,AVPT,15m
2026-03-06 12:30:00-05:00,11.15999984741211,11.164999961853027,11.100000381469727,11.100000381469727,27405,0.0,0.0,AVPT,15m
2026-03-06 12:45:00-05:00,11.109999656677246,11.164999961853027,11.109999656677246,11.145000457763672,29748,0.0,0.0,AVPT,15m
2026-03-06 13:00:00-05:00,11.154999732971191,11.170000076293945,11.0600004196167,11.09000015258789,30679,0.0,0.0,AVPT,15m
2026-03-06 13:15:00-05:00,11.079999923706055,11.109999656677246,11.0600004196167,11.0600004196167,40944,0.0,0.0,AVPT,15m
2026-03-06 13:30:00-05:00,11.069999694824219,11.09000015258789,11.03499984741211,11.045000076293945,34046,0.0,0.0,AVPT,15m
2026-03-06 13:45:00-05:00,11.050000190734863,11.050100326538086,11.005000114440918,11.005000114440918,26919,0.0,0.0,AVPT,15m
2026-03-06 14:00:00-05:00,11.005000114440918,11.09000015258789,11.005000114440918,11.081000328063965,51763,0.0,0.0,AVPT,15m
2026-03-06 14:15:00-05:00,11.09000015258789,11.119999885559082,11.069999694824219,11.095000267028809,36111,0.0,0.0,AVPT,15m
2026-03-06 14:30:00-05:00,11.109999656677246,11.125,11.095000267028809,11.095000267028809,26923,0.0,0.0,AVPT,15m
2026-03-06 14:45:00-05:00,11.100000381469727,11.135000228881836,11.090299606323242,11.119999885559082,42393,0.0,0.0,AVPT,15m
2026-03-06 15:00:00-05:00,11.125,11.164999961853027,11.095000267028809,11.109999656677246,66150,0.0,0.0,AVPT,15m
2026-03-06 15:15:00-05:00,11.104999542236328,11.125,11.085000038146973,11.101799964904785,44929,0.0,0.0,AVPT,15m
2026-03-06 15:30:00-05:00,11.109999656677246,11.130000114440918,11.09000015258789,11.109999656677246,69364,0.0,0.0,AVPT,15m
2026-03-06 15:45:00-05:00,11.104999542236328,11.130000114440918,11.055000305175781,11.079999923706055,284084,0.0,0.0,AVPT,15m
2026-03-09 09:30:00-04:00,10.930000305175781,11.029999732971191,10.720000267028809,10.8149995803833,112209,0.0,0.0,AVPT,15m
2026-03-09 09:45:00-04:00,10.8100004196167,10.835000038146973,10.739999771118164,10.744999885559082,92740,0.0,0.0,AVPT,15m
2026-03-09 10:00:00-04:00,10.744999885559082,10.845000267028809,10.720000267028809,10.744999885559082,114053,0.0,0.0,AVPT,15m
2026-03-09 10:15:00-04:00,10.739999771118164,10.824999809265137,10.729999542236328,10.824999809265137,73345,0.0,0.0,AVPT,15m
2026-03-09 10:30:00-04:00,10.824999809265137,10.96500015258789,10.824999809265137,10.96500015258789,61549,0.0,0.0,AVPT,15m
2026-03-09 10:45:00-04:00,10.960000038146973,11.024999618530273,10.954999923706055,10.970000267028809,50377,0.0,0.0,AVPT,15m
2026-03-09 11:00:00-04:00,10.975000381469727,10.984999656677246,10.920000076293945,10.960000038146973,47040,0.0,0.0,AVPT,15m
2026-03-09 11:15:00-04:00,10.960000038146973,10.989999771118164,10.944999694824219,10.975000381469727,39892,0.0,0.0,AVPT,15m
2026-03-09 11:30:00-04:00,10.975000381469727,10.989999771118164,10.925000190734863,10.949999809265137,50677,0.0,0.0,AVPT,15m
2026-03-09 11:45:00-04:00,10.944999694824219,10.954999923706055,10.90999984741211,10.9399995803833,65090,0.0,0.0,AVPT,15m
2026-03-09 12:00:00-04:00,10.944999694824219,11.015000343322754,10.9350004196167,11.005000114440918,39180,0.0,0.0,AVPT,15m
2026-03-09 12:15:00-04:00,11.005000114440918,11.005000114440918,10.96500015258789,10.96500015258789,49204,0.0,0.0,AVPT,15m
2026-03-09 12:30:00-04:00,10.960000038146973,11.005000114440918,10.949999809265137,11.005000114440918,27711,0.0,0.0,AVPT,15m
2026-03-09 12:45:00-04:00,11.0,11.03499984741211,10.984999656677246,11.024999618530273,46623,0.0,0.0,AVPT,15m
2026-03-09 13:00:00-04:00,11.024999618530273,11.024999618530273,10.949999809265137,10.96500015258789,66975,0.0,0.0,AVPT,15m
2026-03-09 13:15:00-04:00,10.96500015258789,10.96500015258789,10.90999984741211,10.914999961853027,32255,0.0,0.0,AVPT,15m
2026-03-09 13:30:00-04:00,10.914999961853027,10.925000190734863,10.864999771118164,10.864999771118164,51516,0.0,0.0,AVPT,15m
2026-03-09 13:45:00-04:00,10.869999885559082,10.895000457763672,10.869999885559082,10.885000228881836,40288,0.0,0.0,AVPT,15m
2026-03-09 14:00:00-04:00,10.885000228881836,10.930000305175781,10.869999885559082,10.899999618530273,32869,0.0,0.0,AVPT,15m
2026-03-09 14:15:00-04:00,10.899999618530273,10.925000190734863,10.890000343322754,10.895000457763672,30259,0.0,0.0,AVPT,15m
2026-03-09 14:30:00-04:00,10.895000457763672,10.925000190734863,10.895000457763672,10.904999732971191,32800,0.0,0.0,AVPT,15m
2026-03-09 14:45:00-04:00,10.904999732971191,10.914999961853027,10.880000114440918,10.895000457763672,50990,0.0,0.0,AVPT,15m
2026-03-09 15:00:00-04:00,10.890000343322754,10.899999618530273,10.854999542236328,10.875,40363,0.0,0.0,AVPT,15m
2026-03-09 15:15:00-04:00,10.875,11.045000076293945,10.875,11.045000076293945,92473,0.0,0.0,AVPT,15m
2026-03-09 15:30:00-04:00,11.045000076293945,11.085000038146973,11.010000228881836,11.0649995803833,108684,0.0,0.0,AVPT,15m
2026-03-09 15:45:00-04:00,11.0649995803833,11.104999542236328,11.0,11.010000228881836,267148,0.0,0.0,AVPT,15m
2026-03-10 09:30:00-04:00,11.0,11.0,10.5649995803833,10.600000381469727,190460,0.0,0.0,AVPT,15m
2026-03-10 09:45:00-04:00,10.600000381469727,10.6850004196167,10.579999923706055,10.645000457763672,140989,0.0,0.0,AVPT,15m
2026-03-10 10:00:00-04:00,10.640000343322754,10.649999618530273,10.494999885559082,10.524999618530273,77549,0.0,0.0,AVPT,15m
2026-03-10 10:15:00-04:00,10.520000457763672,10.670000076293945,10.503000259399414,10.640000343322754,46259,0.0,0.0,AVPT,15m
2026-03-10 10:30:00-04:00,10.649999618530273,10.654999732971191,10.600000381469727,10.604999542236328,60141,0.0,0.0,AVPT,15m
2026-03-10 10:45:00-04:00,10.604999542236328,10.649999618530273,10.595000267028809,10.645000457763672,33552,0.0,0.0,AVPT,15m
2026-03-10 11:00:00-04:00,10.649999618530273,10.720000267028809,10.630000114440918,10.71500015258789,60885,0.0,0.0,AVPT,15m
2026-03-10 11:15:00-04:00,10.71500015258789,10.819999694824219,10.71500015258789,10.8100004196167,34903,0.0,0.0,AVPT,15m
2026-03-10 11:30:00-04:00,10.805000305175781,10.805000305175781,10.71500015258789,10.75,32040,0.0,0.0,AVPT,15m
2026-03-10 11:45:00-04:00,10.739999771118164,10.760000228881836,10.720000267028809,10.755000114440918,21775,0.0,0.0,AVPT,15m
2026-03-10 12:00:00-04:00,10.75,10.770000457763672,10.680000305175781,10.720000267028809,33707,0.0,0.0,AVPT,15m
2026-03-10 12:15:00-04:00,10.720000267028809,10.800000190734863,10.720000267028809,10.800000190734863,26167,0.0,0.0,AVPT,15m
2026-03-10 12:30:00-04:00,10.8100004196167,10.854999542236328,10.789999961853027,10.795000076293945,30563,0.0,0.0,AVPT,15m
2026-03-10 12:45:00-04:00,10.789999961853027,10.789999961853027,10.739999771118164,10.739999771118164,28915,0.0,0.0,AVPT,15m
2026-03-10 13:00:00-04:00,10.739999771118164,10.739999771118164,10.680000305175781,10.6899995803833,27659,0.0,0.0,AVPT,15m
2026-03-10 13:15:00-04:00,10.6899995803833,10.760000228881836,10.6899995803833,10.744999885559082,23620,0.0,0.0,AVPT,15m
2026-03-10 13:30:00-04:00,10.739999771118164,10.739999771118164,10.625,10.6850004196167,42170,0.0,0.0,AVPT,15m
2026-03-10 13:45:00-04:00,10.6899995803833,10.739999771118164,10.6899995803833,10.725000381469727,27309,0.0,0.0,AVPT,15m
2026-03-10 14:00:00-04:00,10.725000381469727,10.75,10.649999618530273,10.649999618530273,42093,0.0,0.0,AVPT,15m
2026-03-10 14:15:00-04:00,10.65999984741211,10.699999809265137,10.59000015258789,10.625,41925,0.0,0.0,AVPT,15m
2026-03-10 14:30:00-04:00,10.649999618530273,10.65999984741211,10.625,10.640000343322754,40023,0.0,0.0,AVPT,15m
2026-03-10 14:45:00-04:00,10.640000343322754,10.649999618530273,10.619999885559082,10.619999885559082,29239,0.0,0.0,AVPT,15m
2026-03-10 15:00:00-04:00,10.619999885559082,10.649999618530273,10.609999656677246,10.649999618530273,37820,0.0,0.0,AVPT,15m
2026-03-10 15:15:00-04:00,10.645000457763672,10.664999961853027,10.625,10.664999961853027,44835,0.0,0.0,AVPT,15m
2026-03-10 15:30:00-04:00,10.664999961853027,10.6899995803833,10.625,10.680000305175781,67012,0.0,0.0,AVPT,15m
2026-03-10 15:45:00-04:00,10.675000190734863,10.729999542236328,10.675000190734863,10.729000091552734,217569,0.0,0.0,AVPT,15m
2026-03-11 09:30:00-04:00,10.720000267028809,10.949999809265137,10.699999809265137,10.800000190734863,66339,0.0,0.0,AVPT,15m
2026-03-11 09:45:00-04:00,10.8100004196167,10.850000381469727,10.789999961853027,10.84000015258789,36569,0.0,0.0,AVPT,15m
2026-03-11 10:00:00-04:00,10.84000015258789,10.890000343322754,10.760000228881836,10.779999732971191,47767,0.0,0.0,AVPT,15m
2026-03-11 10:15:00-04:00,10.779999732971191,10.78499984741211,10.649999618530273,10.704999923706055,34372,0.0,0.0,AVPT,15m
2026-03-11 10:30:00-04:00,10.720000267028809,10.734999656677246,10.664999961853027,10.729999542236328,35428,0.0,0.0,AVPT,15m
2026-03-11 10:45:00-04:00,10.729999542236328,10.734999656677246,10.6850004196167,10.699999809265137,33373,0.0,0.0,AVPT,15m
2026-03-11 11:00:00-04:00,10.694999694824219,10.71500015258789,10.550000190734863,10.550000190734863,27447,0.0,0.0,AVPT,15m
2026-03-11 11:15:00-04:00,10.545000076293945,10.625,10.539999961853027,10.604999542236328,30349,0.0,0.0,AVPT,15m
2026-03-11 11:30:00-04:00,10.609999656677246,10.619999885559082,10.545000076293945,10.550000190734863,36863,0.0,0.0,AVPT,15m
2026-03-11 11:45:00-04:00,10.550000190734863,10.604999542236328,10.524999618530273,10.59000015258789,28500,0.0,0.0,AVPT,15m
2026-03-11 12:00:00-04:00,10.595000267028809,10.609999656677246,10.539999961853027,10.5600004196167,46834,0.0,0.0,AVPT,15m
2026-03-11 12:15:00-04:00,10.5649995803833,10.5649995803833,10.53499984741211,10.5649995803833,27779,0.0,0.0,AVPT,15m
2026-03-11 12:30:00-04:00,10.5600004196167,10.595000267028809,10.545000076293945,10.574999809265137,42916,0.0,0.0,AVPT,15m
2026-03-11 12:45:00-04:00,10.569999694824219,10.630000114440918,10.569999694824219,10.625,53830,0.0,0.0,AVPT,15m
2026-03-11 13:00:00-04:00,10.619999885559082,10.649999618530273,10.600000381469727,10.619999885559082,35765,0.0,0.0,AVPT,15m
2026-03-11 13:15:00-04:00,10.619999885559082,10.664999961853027,10.614999771118164,10.645000457763672,26883,0.0,0.0,AVPT,15m
2026-03-11 13:30:00-04:00,10.645000457763672,10.654999732971191,10.5600004196167,10.585000038146973,38433,0.0,0.0,AVPT,15m
2026-03-11 13:45:00-04:00,10.585000038146973,10.600000381469727,10.574999809265137,10.595000267028809,25432,0.0,0.0,AVPT,15m
2026-03-11 14:00:00-04:00,10.585000038146973,10.614999771118164,10.555000305175781,10.569999694824219,24556,0.0,0.0,AVPT,15m
2026-03-11 14:15:00-04:00,10.574999809265137,10.614999771118164,10.5649995803833,10.609999656677246,30718,0.0,0.0,AVPT,15m
2026-03-11 14:30:00-04:00,10.619999885559082,10.619999885559082,10.579999923706055,10.585000038146973,31330,0.0,0.0,AVPT,15m
2026-03-11 14:45:00-04:00,10.585000038146973,10.619999885559082,10.579999923706055,10.619999885559082,38913,0.0,0.0,AVPT,15m
2026-03-11 15:00:00-04:00,10.619999885559082,10.635000228881836,10.604999542236328,10.614999771118164,60485,0.0,0.0,AVPT,15m
2026-03-11 15:15:00-04:00,10.614999771118164,10.630000114440918,10.572500228881836,10.614999771118164,100239,0.0,0.0,AVPT,15m
2026-03-11 15:30:00-04:00,10.619999885559082,10.640000343322754,10.590200424194336,10.614999771118164,102893,0.0,0.0,AVPT,15m
2026-03-11 15:45:00-04:00,10.619999885559082,10.649999618530273,10.569999694824219,10.579999923706055,258568,0.0,0.0,AVPT,15m
2026-03-12 09:30:00-04:00,10.4399995803833,10.670000076293945,10.399999618530273,10.619999885559082,159334,0.0,0.0,AVPT,15m
2026-03-12 09:45:00-04:00,10.619999885559082,10.635000228881836,10.470000267028809,10.545000076293945,93656,0.0,0.0,AVPT,15m
2026-03-12 10:00:00-04:00,10.5600004196167,10.59000015258789,10.494999885559082,10.5600004196167,76591,0.0,0.0,AVPT,15m
2026-03-12 10:15:00-04:00,10.550000190734863,10.600000381469727,10.505000114440918,10.539999961853027,49630,0.0,0.0,AVPT,15m
2026-03-12 10:30:00-04:00,10.529999732971191,10.529999732971191,10.444999694824219,10.520000457763672,52072,0.0,0.0,AVPT,15m
2026-03-12 10:45:00-04:00,10.520000457763672,10.545000076293945,10.444999694824219,10.46500015258789,82270,0.0,0.0,AVPT,15m
2026-03-12 11:00:00-04:00,10.470000267028809,10.479999542236328,10.420000076293945,10.4399995803833,62196,0.0,0.0,AVPT,15m
2026-03-12 11:15:00-04:00,10.444999694824219,10.479999542236328,10.4350004196167,10.479999542236328,40120,0.0,0.0,AVPT,15m
2026-03-12 11:30:00-04:00,10.484999656677246,10.595000267028809,10.475000381469727,10.579999923706055,46987,0.0,0.0,AVPT,15m
2026-03-12 11:45:00-04:00,10.569999694824219,10.609999656677246,10.550000190734863,10.585000038146973,41125,0.0,0.0,AVPT,15m
2026-03-12 12:00:00-04:00,10.600000381469727,10.609999656677246,10.494999885559082,10.53499984741211,28650,0.0,0.0,AVPT,15m
2026-03-12 12:15:00-04:00,10.538999557495117,10.609999656677246,10.538999557495117,10.5649995803833,44505,0.0,0.0,AVPT,15m
2026-03-12 12:30:00-04:00,10.555000305175781,10.604999542236328,10.539999961853027,10.569999694824219,33589,0.0,0.0,AVPT,15m
2026-03-12 12:45:00-04:00,10.569999694824219,10.574999809265137,10.539999961853027,10.5600004196167,30432,0.0,0.0,AVPT,15m
2026-03-12 13:00:00-04:00,10.550000190734863,10.570199966430664,10.53499984741211,10.550000190734863,29715,0.0,0.0,AVPT,15m
2026-03-12 13:15:00-04:00,10.550000190734863,10.555000305175781,10.520000457763672,10.530099868774414,39940,0.0,0.0,AVPT,15m
2026-03-12 13:30:00-04:00,10.539999961853027,10.569999694824219,10.510000228881836,10.510000228881836,30866,0.0,0.0,AVPT,15m
2026-03-12 13:45:00-04:00,10.515000343322754,10.53499984741211,10.460000038146973,10.470000267028809,25440,0.0,0.0,AVPT,15m
2026-03-12 14:00:00-04:00,10.475000381469727,10.510000228881836,10.475000381469727,10.489999771118164,25511,0.0,0.0,AVPT,15m
2026-03-12 14:15:00-04:00,10.5,10.5,10.454999923706055,10.470000267028809,37099,0.0,0.0,AVPT,15m
2026-03-12 14:30:00-04:00,10.470000267028809,10.479999542236328,10.46500015258789,10.479999542236328,27065,0.0,0.0,AVPT,15m
2026-03-12 14:45:00-04:00,10.479999542236328,10.5,10.460000038146973,10.46500015258789,27557,0.0,0.0,AVPT,15m
2026-03-12 15:00:00-04:00,10.470000267028809,10.479999542236328,10.4399995803833,10.4399995803833,35167,0.0,0.0,AVPT,15m
2026-03-12 15:15:00-04:00,10.449999809265137,10.484999656677246,10.449999809265137,10.470000267028809,39526,0.0,0.0,AVPT,15m
2026-03-12 15:30:00-04:00,10.479999542236328,10.494999885559082,10.449999809265137,10.475000381469727,66453,0.0,0.0,AVPT,15m
2026-03-12 15:45:00-04:00,10.475000381469727,10.494999885559082,10.4350004196167,10.460000038146973,246276,0.0,0.0,AVPT,15m
2026-03-13 09:30:00-04:00,10.399999618530273,10.649999618530273,10.375200271606445,10.550000190734863,81397,0.0,0.0,AVPT,15m
2026-03-13 09:45:00-04:00,10.550000190734863,10.5600004196167,10.5,10.510000228881836,38592,0.0,0.0,AVPT,15m
2026-03-13 10:00:00-04:00,10.510000228881836,10.53499984741211,10.470000267028809,10.489999771118164,33531,0.0,0.0,AVPT,15m
2026-03-13 10:15:00-04:00,10.484999656677246,10.569999694824219,10.484999656677246,10.569999694824219,29796,0.0,0.0,AVPT,15m
2026-03-13 10:30:00-04:00,10.600000381469727,10.600000381469727,10.5,10.529999732971191,25267,0.0,0.0,AVPT,15m
2026-03-13 10:45:00-04:00,10.510000228881836,10.510000228881836,10.4399995803833,10.460000038146973,37483,0.0,0.0,AVPT,15m
2026-03-13 11:00:00-04:00,10.449999809265137,10.454999923706055,10.385000228881836,10.414999961853027,30587,0.0,0.0,AVPT,15m
2026-03-13 11:15:00-04:00,10.420000076293945,10.430000305175781,10.369999885559082,10.380000114440918,30836,0.0,0.0,AVPT,15m
2026-03-13 11:30:00-04:00,10.380000114440918,10.395000457763672,10.319999694824219,10.319999694824219,33295,0.0,0.0,AVPT,15m
2026-03-13 11:45:00-04:00,10.329999923706055,10.350000381469727,10.291999816894531,10.324999809265137,32127,0.0,0.0,AVPT,15m
2026-03-13 12:00:00-04:00,10.3149995803833,10.354999542236328,10.3149995803833,10.345000267028809,25949,0.0,0.0,AVPT,15m
2026-03-13 12:15:00-04:00,10.350000381469727,10.404999732971191,10.350000381469727,10.399999618530273,25792,0.0,0.0,AVPT,15m
2026-03-13 12:30:00-04:00,10.399999618530273,10.420000076293945,10.390000343322754,10.399999618530273,19928,0.0,0.0,AVPT,15m
2026-03-13 12:45:00-04:00,10.390000343322754,10.395000457763672,10.350000381469727,10.350000381469727,30650,0.0,0.0,AVPT,15m
2026-03-13 13:00:00-04:00,10.369999885559082,10.369999885559082,10.345000267028809,10.359999656677246,31376,0.0,0.0,AVPT,15m
2026-03-13 13:15:00-04:00,10.359999656677246,10.390000343322754,10.354999542236328,10.390000343322754,21795,0.0,0.0,AVPT,15m
2026-03-13 13:30:00-04:00,10.399999618530273,10.404999732971191,10.369999885559082,10.375,21002,0.0,0.0,AVPT,15m
2026-03-13 13:45:00-04:00,10.375,10.380000114440918,10.291099548339844,10.329999923706055,36359,0.0,0.0,AVPT,15m
2026-03-13 14:00:00-04:00,10.329999923706055,10.350000381469727,10.324999809265137,10.34000015258789,22893,0.0,0.0,AVPT,15m
2026-03-13 14:15:00-04:00,10.329999923706055,10.345000267028809,10.305000305175781,10.34000015258789,22738,0.0,0.0,AVPT,15m
2026-03-13 14:30:00-04:00,10.34000015258789,10.364999771118164,10.329999923706055,10.354999542236328,17645,0.0,0.0,AVPT,15m
2026-03-13 14:45:00-04:00,10.350000381469727,10.364999771118164,10.345000267028809,10.345000267028809,17135,0.0,0.0,AVPT,15m
2026-03-13 15:00:00-04:00,10.345000267028809,10.354999542236328,10.322799682617188,10.354999542236328,31138,0.0,0.0,AVPT,15m
2026-03-13 15:15:00-04:00,10.354999542236328,10.375,10.350000381469727,10.350000381469727,33746,0.0,0.0,AVPT,15m
2026-03-13 15:30:00-04:00,10.359999656677246,10.364999771118164,10.345000267028809,10.354999542236328,37066,0.0,0.0,AVPT,15m
2026-03-13 15:45:00-04:00,10.359999656677246,10.449999809265137,10.359999656677246,10.4350004196167,148218,0.0,0.0,AVPT,15m
2026-03-16 09:30:00-04:00,10.4399995803833,10.5,10.380000114440918,10.380000114440918,22873,0.0,0.0,AVPT,15m
2026-03-16 09:45:00-04:00,10.390000343322754,10.5,10.390000343322754,10.489999771118164,12552,0.0,0.0,AVPT,15m
2026-03-16 10:00:00-04:00,10.479999542236328,10.510000228881836,10.430000305175781,10.5,30394,0.0,0.0,AVPT,15m
2026-03-16 10:15:00-04:00,10.505000114440918,10.524999618530273,10.470000267028809,10.494999885559082,18535,0.0,0.0,AVPT,15m
2026-03-16 10:30:00-04:00,10.489999771118164,10.489999771118164,10.420000076293945,10.420000076293945,25150,0.0,0.0,AVPT,15m
2026-03-16 10:45:00-04:00,10.420000076293945,10.470000267028809,10.40999984741211,10.460000038146973,25551,0.0,0.0,AVPT,15m
2026-03-16 11:00:00-04:00,10.460000038146973,10.5,10.449999809265137,10.489999771118164,15998,0.0,0.0,AVPT,15m
2026-03-16 11:15:00-04:00,10.489999771118164,10.53499984741211,10.46500015258789,10.529899597167969,20725,0.0,0.0,AVPT,15m
2026-03-16 11:30:00-04:00,10.520000457763672,10.53499984741211,10.510000228881836,10.529999732971191,9150,0.0,0.0,AVPT,15m
2026-03-16 11:45:00-04:00,10.524999618530273,10.529999732971191,10.489999771118164,10.489999771118164,9109,0.0,0.0,AVPT,15m
2026-03-16 12:00:00-04:00,10.479999542236328,10.505000114440918,10.470000267028809,10.505000114440918,13288,0.0,0.0,AVPT,15m
2026-03-16 12:15:00-04:00,10.510000228881836,10.524999618530273,10.46500015258789,10.479999542236328,30947,0.0,0.0,AVPT,15m
2026-03-16 12:30:00-04:00,10.474499702453613,10.555000305175781,10.470000267028809,10.555000305175781,10880,0.0,0.0,AVPT,15m
2026-03-16 12:45:00-04:00,10.550000190734863,10.5649995803833,10.53499984741211,10.550000190734863,11527,0.0,0.0,AVPT,15m
2026-03-16 13:00:00-04:00,10.555000305175781,10.569999694824219,10.53499984741211,10.569999694824219,10291,0.0,0.0,AVPT,15m
2026-03-16 13:15:00-04:00,10.569999694824219,10.59000015258789,10.555000305175781,10.555000305175781,9826,0.0,0.0,AVPT,15m
2026-03-16 13:30:00-04:00,10.550000190734863,10.555000305175781,10.520099639892578,10.520099639892578,17953,0.0,0.0,AVPT,15m
2026-03-16 13:45:00-04:00,10.529999732971191,10.529999732971191,10.5,10.520000457763672,14577,0.0,0.0,AVPT,15m
2026-03-16 14:00:00-04:00,10.520000457763672,10.545000076293945,10.510000228881836,10.545000076293945,9106,0.0,0.0,AVPT,15m
2026-03-16 14:15:00-04:00,10.548299789428711,10.5600004196167,10.494999885559082,10.5,27954,0.0,0.0,AVPT,15m
2026-03-16 14:30:00-04:00,10.494999885559082,10.555000305175781,10.494999885559082,10.555000305175781,32895,0.0,0.0,AVPT,15m
2026-03-16 14:45:00-04:00,10.555000305175781,10.555000305175781,10.489999771118164,10.5,20311,0.0,0.0,AVPT,15m
2026-03-16 15:00:00-04:00,10.494999885559082,10.53499984741211,10.470000267028809,10.484999656677246,29184,0.0,0.0,AVPT,15m
2026-03-16 15:15:00-04:00,10.479999542236328,10.479999542236328,10.449999809265137,10.470000267028809,33844,0.0,0.0,AVPT,15m
2026-03-16 15:30:00-04:00,10.460000038146973,10.470000267028809,10.420000076293945,10.460000038146973,37151,0.0,0.0,AVPT,15m
2026-03-16 15:45:00-04:00,10.470000267028809,10.539999961853027,10.46500015258789,10.524999618530273,80647,0.0,0.0,AVPT,15m
2026-03-17 09:30:00-04:00,10.489999771118164,10.770000457763672,10.489999771118164,10.699999809265137,40827,0.0,0.0,AVPT,15m
2026-03-17 09:45:00-04:00,10.6899995803833,10.829999923706055,10.670000076293945,10.770000457763672,18767,0.0,0.0,AVPT,15m
2026-03-17 10:00:00-04:00,10.760000228881836,10.774999618530273,10.619999885559082,10.640000343322754,30956,0.0,0.0,AVPT,15m
2026-03-17 10:15:00-04:00,10.630000114440918,10.635000228881836,10.574999809265137,10.600000381469727,20581,0.0,0.0,AVPT,15m
2026-03-17 10:30:00-04:00,10.600000381469727,10.604999542236328,10.53499984741211,10.550000190734863,22566,0.0,0.0,AVPT,15m
2026-03-17 10:45:00-04:00,10.5600004196167,10.585000038146973,10.550000190734863,10.569999694824219,14147,0.0,0.0,AVPT,15m
2026-03-17 11:00:00-04:00,10.574999809265137,10.604999542236328,10.5,10.510000228881836,19581,0.0,0.0,AVPT,15m
2026-03-17 11:15:00-04:00,10.520000457763672,10.569999694824219,10.520000457763672,10.550000190734863,17340,0.0,0.0,AVPT,15m
2026-03-17 11:30:00-04:00,10.550000190734863,10.5600004196167,10.515000343322754,10.54010009765625,12780,0.0,0.0,AVPT,15m
2026-03-17 11:45:00-04:00,10.545700073242188,10.545700073242188,10.515000343322754,10.529999732971191,12521,0.0,0.0,AVPT,15m
2026-03-17 12:00:00-04:00,10.520000457763672,10.520000457763672,10.479999542236328,10.489999771118164,13286,0.0,0.0,AVPT,15m
2026-03-17 12:15:00-04:00,10.489999771118164,10.510000228881836,10.484999656677246,10.505000114440918,14188,0.0,0.0,AVPT,15m
2026-03-17 12:30:00-04:00,10.5,10.505000114440918,10.454999923706055,10.470000267028809,25024,0.0,0.0,AVPT,15m
2026-03-17 12:45:00-04:00,10.479999542236328,10.529999732971191,10.475000381469727,10.524999618530273,34847,0.0,0.0,AVPT,15m
2026-03-17 13:00:00-04:00,10.524999618530273,10.5649995803833,10.524999618530273,10.560199737548828,17420,0.0,0.0,AVPT,15m
2026-03-17 13:15:00-04:00,10.5600004196167,10.585000038146973,10.53499984741211,10.585000038146973,11870,0.0,0.0,AVPT,15m
2026-03-17 13:30:00-04:00,10.59000015258789,10.59000015258789,10.550000190734863,10.555000305175781,13004,0.0,0.0,AVPT,15m
2026-03-17 13:45:00-04:00,10.550000190734863,10.550000190734863,10.520000457763672,10.529999732971191,10691,0.0,0.0,AVPT,15m
2026-03-17 14:00:00-04:00,10.529999732971191,10.529999732971191,10.479999542236328,10.484999656677246,11306,0.0,0.0,AVPT,15m
2026-03-17 14:15:00-04:00,10.479999542236328,10.494999885559082,10.46500015258789,10.475000381469727,14330,0.0,0.0,AVPT,15m
2026-03-17 14:30:00-04:00,10.475000381469727,10.484999656677246,10.460000038146973,10.46500015258789,14000,0.0,0.0,AVPT,15m
2026-03-17 14:45:00-04:00,10.470000267028809,10.484999656677246,10.460000038146973,10.484999656677246,15288,0.0,0.0,AVPT,15m
2026-03-17 15:00:00-04:00,10.489999771118164,10.505000114440918,10.470100402832031,10.475000381469727,12345,0.0,0.0,AVPT,15m
2026-03-17 15:15:00-04:00,10.479999542236328,10.484999656677246,10.460000038146973,10.475000381469727,17420,0.0,0.0,AVPT,15m
2026-03-17 15:30:00-04:00,10.479999542236328,10.484999656677246,10.4399995803833,10.454999923706055,25012,0.0,0.0,AVPT,15m
2026-03-17 15:45:00-04:00,10.455699920654297,10.510000228881836,10.455699920654297,10.479999542236328,110327,0.0,0.0,AVPT,15m
2026-03-18 09:30:00-04:00,10.25,10.4399995803833,10.25,10.385000228881836,46911,0.0,0.0,AVPT,15m
2026-03-18 09:45:00-04:00,10.420000076293945,10.4399995803833,10.369999885559082,10.390000343322754,13231,0.0,0.0,AVPT,15m
2026-03-18 10:00:00-04:00,10.395000457763672,10.430000305175781,10.335000038146973,10.359999656677246,21977,0.0,0.0,AVPT,15m
2026-03-18 10:15:00-04:00,10.359999656677246,10.420000076293945,10.329999923706055,10.350000381469727,13314,0.0,0.0,AVPT,15m
2026-03-18 10:30:00-04:00,10.354999542236328,10.380000114440918,10.335000038146973,10.350000381469727,12695,0.0,0.0,AVPT,15m
2026-03-18 10:45:00-04:00,10.354999542236328,10.359999656677246,10.3100004196167,10.345000267028809,10424,0.0,0.0,AVPT,15m
2026-03-18 11:00:00-04:00,10.345000267028809,10.414999961853027,10.329999923706055,10.40999984741211,30123,0.0,0.0,AVPT,15m
2026-03-18 11:15:00-04:00,10.414999961853027,10.444999694824219,10.414999961853027,10.414999961853027,18165,0.0,0.0,AVPT,15m
2026-03-18 11:30:00-04:00,10.414999961853027,10.420000076293945,10.399999618530273,10.399999618530273,8999,0.0,0.0,AVPT,15m
2026-03-18 11:45:00-04:00,10.404999732971191,10.425000190734863,10.404999732971191,10.40999984741211,15137,0.0,0.0,AVPT,15m
2026-03-18 12:00:00-04:00,10.399999618530273,10.404999732971191,10.385000228881836,10.404999732971191,8858,0.0,0.0,AVPT,15m
2026-03-18 12:15:00-04:00,10.40999984741211,10.4399995803833,10.404999732971191,10.425000190734863,14761,0.0,0.0,AVPT,15m
2026-03-18 12:30:00-04:00,10.420000076293945,10.449999809265137,10.380000114440918,10.414999961853027,20016,0.0,0.0,AVPT,15m
2026-03-18 12:45:00-04:00,10.40999984741211,10.439000129699707,10.40999984741211,10.4350004196167,11052,0.0,0.0,AVPT,15m
2026-03-18 13:00:00-04:00,10.4399995803833,10.4399995803833,10.40999984741211,10.4399995803833,14111,0.0,0.0,AVPT,15m
2026-03-18 13:15:00-04:00,10.4399995803833,10.454899787902832,10.4350004196167,10.454899787902832,8148,0.0,0.0,AVPT,15m
2026-03-18 13:30:00-04:00,10.458999633789062,10.484999656677246,10.440999984741211,10.484999656677246,6985,0.0,0.0,AVPT,15m
2026-03-18 13:45:00-04:00,10.479999542236328,10.484999656677246,10.46500015258789,10.484999656677246,10077,0.0,0.0,AVPT,15m
2026-03-18 14:00:00-04:00,10.484999656677246,10.484999656677246,10.399999618530273,10.430000305175781,16926,0.0,0.0,AVPT,15m
2026-03-18 14:15:00-04:00,10.399999618530273,10.420000076293945,10.390000343322754,10.420000076293945,11859,0.0,0.0,AVPT,15m
2026-03-18 14:30:00-04:00,10.430000305175781,10.460000038146973,10.399999618530273,10.420000076293945,22261,0.0,0.0,AVPT,15m
2026-03-18 14:45:00-04:00,10.40999984741211,10.40999984741211,10.345000267028809,10.350000381469727,21247,0.0,0.0,AVPT,15m
2026-03-18 15:00:00-04:00,10.345000267028809,10.395000457763672,10.345000267028809,10.385000228881836,31048,0.0,0.0,AVPT,15m
2026-03-18 15:15:00-04:00,10.390000343322754,10.404999732971191,10.369999885559082,10.390000343322754,16784,0.0,0.0,AVPT,15m
2026-03-18 15:30:00-04:00,10.395000457763672,10.40999984741211,10.369999885559082,10.380000114440918,18587,0.0,0.0,AVPT,15m
2026-03-18 15:45:00-04:00,10.375,10.380000114440918,10.305000305175781,10.354999542236328,90292,0.0,0.0,AVPT,15m
2026-03-19 09:30:00-04:00,10.289999961853027,10.590999603271484,10.270000457763672,10.550000190734863,46090,0.0,0.0,AVPT,15m
2026-03-19 09:45:00-04:00,10.529999732971191,10.569999694824219,10.4399995803833,10.46500015258789,60464,0.0,0.0,AVPT,15m
2026-03-19 10:00:00-04:00,10.460000038146973,10.479999542236328,10.399999618530273,10.40999984741211,23236,0.0,0.0,AVPT,15m
2026-03-19 10:15:00-04:00,10.40999984741211,10.4350004196167,10.380000114440918,10.4350004196167,17104,0.0,0.0,AVPT,15m
2026-03-19 10:30:00-04:00,10.4399995803833,10.505000114440918,10.40999984741211,10.40999984741211,15415,0.0,0.0,AVPT,15m
2026-03-19 10:45:00-04:00,10.404999732971191,10.459099769592285,10.404999732971191,10.449999809265137,10433,0.0,0.0,AVPT,15m
2026-03-19 11:00:00-04:00,10.449999809265137,10.515000343322754,10.449999809265137,10.479999542236328,12756,0.0,0.0,AVPT,15m
2026-03-19 11:15:00-04:00,10.484999656677246,10.484999656677246,10.420000076293945,10.420000076293945,9639,0.0,0.0,AVPT,15m
2026-03-19 11:30:00-04:00,10.420000076293945,10.430000305175781,10.319999694824219,10.350000381469727,87166,0.0,0.0,AVPT,15m
2026-03-19 11:45:00-04:00,10.350000381469727,10.380000114440918,10.329999923706055,10.380000114440918,11604,0.0,0.0,AVPT,15m
2026-03-19 12:00:00-04:00,10.380000114440918,10.40999984741211,10.3100004196167,10.3149995803833,19675,0.0,0.0,AVPT,15m
2026-03-19 12:15:00-04:00,10.3100004196167,10.335000038146973,10.289999961853027,10.335000038146973,31361,0.0,0.0,AVPT,15m
2026-03-19 12:30:00-04:00,10.335000038146973,10.369999885559082,10.335000038146973,10.369999885559082,12375,0.0,0.0,AVPT,15m
2026-03-19 12:45:00-04:00,10.364999771118164,10.390000343322754,10.359999656677246,10.390000343322754,16189,0.0,0.0,AVPT,15m
2026-03-19 13:00:00-04:00,10.399999618530273,10.399999618530273,10.34000015258789,10.350000381469727,13169,0.0,0.0,AVPT,15m
2026-03-19 13:15:00-04:00,10.350000381469727,10.359999656677246,10.329999923706055,10.335000038146973,24192,0.0,0.0,AVPT,15m
2026-03-19 13:30:00-04:00,10.34000015258789,10.350199699401855,10.3149995803833,10.324999809265137,7995,0.0,0.0,AVPT,15m
2026-03-19 13:45:00-04:00,10.319999694824219,10.324999809265137,10.289999961853027,10.295000076293945,9823,0.0,0.0,AVPT,15m
2026-03-19 14:00:00-04:00,10.300000190734863,10.335000038146973,10.295000076293945,10.324999809265137,18968,0.0,0.0,AVPT,15m
2026-03-19 14:15:00-04:00,10.329999923706055,10.350000381469727,10.319999694824219,10.319999694824219,19426,0.0,0.0,AVPT,15m
2026-03-19 14:30:00-04:00,10.324999809265137,10.324999809265137,10.3149995803833,10.319999694824219,7668,0.0,0.0,AVPT,15m
2026-03-19 14:45:00-04:00,10.324999809265137,10.364999771118164,10.3149995803833,10.359999656677246,21159,0.0,0.0,AVPT,15m
2026-03-19 15:00:00-04:00,10.359999656677246,10.484999656677246,10.359999656677246,10.460000038146973,41992,0.0,0.0,AVPT,15m
2026-03-19 15:15:00-04:00,10.46500015258789,10.46500015258789,10.385000228881836,10.399999618530273,20331,0.0,0.0,AVPT,15m
2026-03-19 15:30:00-04:00,10.399999618530273,10.4399995803833,10.369999885559082,10.425000190734863,323970,0.0,0.0,AVPT,15m
2026-03-19 15:45:00-04:00,10.425000190734863,10.449999809265137,10.414999961853027,10.4399995803833,384143,0.0,0.0,AVPT,15m
2026-03-20 09:30:00-04:00,10.220000267028809,10.25,10.09000015258789,10.220000267028809,158098,0.0,0.0,AVPT,15m
2026-03-20 09:45:00-04:00,10.229999542236328,10.25,10.170000076293945,10.175000190734863,30092,0.0,0.0,AVPT,15m
2026-03-20 10:00:00-04:00,10.180000305175781,10.28499984741211,10.180000305175781,10.28499984741211,51680,0.0,0.0,AVPT,15m
2026-03-20 10:15:00-04:00,10.289999961853027,10.319999694824219,10.260000228881836,10.300000190734863,31032,0.0,0.0,AVPT,15m
2026-03-20 10:30:00-04:00,10.289999961853027,10.350000381469727,10.289999961853027,10.319999694824219,47444,0.0,0.0,AVPT,15m
2026-03-20 10:45:00-04:00,10.324999809265137,10.350000381469727,10.3100004196167,10.335000038146973,34554,0.0,0.0,AVPT,15m
2026-03-20 11:00:00-04:00,10.34000015258789,10.359999656677246,10.319999694824219,10.350000381469727,42915,0.0,0.0,AVPT,15m
2026-03-20 11:15:00-04:00,10.350000381469727,10.380000114440918,10.3100004196167,10.350000381469727,30457,0.0,0.0,AVPT,15m
2026-03-20 11:30:00-04:00,10.350000381469727,10.380000114440918,10.345000267028809,10.380000114440918,15870,0.0,0.0,AVPT,15m
2026-03-20 11:45:00-04:00,10.369999885559082,10.380000114440918,10.350000381469727,10.380000114440918,16841,0.0,0.0,AVPT,15m
2026-03-20 12:00:00-04:00,10.390000343322754,10.414999961853027,10.390000343322754,10.414999961853027,16782,0.0,0.0,AVPT,15m
2026-03-20 12:15:00-04:00,10.40999984741211,10.40999984741211,10.369999885559082,10.369999885559082,15785,0.0,0.0,AVPT,15m
2026-03-20 12:30:00-04:00,10.369999885559082,10.369999885559082,10.34000015258789,10.34000015258789,38749,0.0,0.0,AVPT,15m
2026-03-20 12:45:00-04:00,10.345000267028809,10.404999732971191,10.329999923706055,10.390000343322754,32157,0.0,0.0,AVPT,15m
2026-03-20 13:00:00-04:00,10.395000457763672,10.395000457763672,10.345000267028809,10.350000381469727,23510,0.0,0.0,AVPT,15m
2026-03-20 13:15:00-04:00,10.358599662780762,10.380000114440918,10.335000038146973,10.375,23005,0.0,0.0,AVPT,15m
2026-03-20 13:30:00-04:00,10.375,10.375,10.3100004196167,10.350000381469727,21330,0.0,0.0,AVPT,15m
2026-03-20 13:45:00-04:00,10.350000381469727,10.385000228881836,10.34000015258789,10.380000114440918,28315,0.0,0.0,AVPT,15m
2026-03-20 14:00:00-04:00,10.390000343322754,10.395000457763672,10.350000381469727,10.350000381469727,22572,0.0,0.0,AVPT,15m
2026-03-20 14:15:00-04:00,10.350000381469727,10.350000381469727,10.3100004196167,10.350000381469727,27457,0.0,0.0,AVPT,15m
2026-03-20 14:30:00-04:00,10.350000381469727,10.350000381469727,10.305000305175781,10.3100004196167,22749,0.0,0.0,AVPT,15m
2026-03-20 14:45:00-04:00,10.3100004196167,10.324999809265137,10.305000305175781,10.324999809265137,15240,0.0,0.0,AVPT,15m
2026-03-20 15:00:00-04:00,10.324999809265137,10.356499671936035,10.324999809265137,10.350000381469727,26261,0.0,0.0,AVPT,15m
2026-03-20 15:15:00-04:00,10.354999542236328,10.354999542236328,10.330100059509277,10.34000015258789,32542,0.0,0.0,AVPT,15m
2026-03-20 15:30:00-04:00,10.350000381469727,10.350099563598633,10.255000114440918,10.28499984741211,57650,0.0,0.0,AVPT,15m
2026-03-20 15:45:00-04:00,10.28499984741211,10.324999809265137,10.25,10.300000190734863,192792,0.0,0.0,AVPT,15m
2026-03-23 09:30:00-04:00,10.279999732971191,10.380000114440918,10.279999732971191,10.354999542236328,85145,0.0,0.0,AVPT,15m
2026-03-23 09:45:00-04:00,10.359999656677246,10.399999618530273,10.319999694824219,10.34000015258789,58306,0.0,0.0,AVPT,15m
2026-03-23 10:00:00-04:00,10.329999923706055,10.399999618530273,10.3100004196167,10.359999656677246,74370,0.0,0.0,AVPT,15m
2026-03-23 10:15:00-04:00,10.354999542236328,10.385000228881836,10.204999923706055,10.235099792480469,66530,0.0,0.0,AVPT,15m
2026-03-23 10:30:00-04:00,10.234999656677246,10.300000190734863,10.208999633789062,10.270000457763672,50568,0.0,0.0,AVPT,15m
2026-03-23 10:45:00-04:00,10.260000228881836,10.3100004196167,10.25,10.289999961853027,41617,0.0,0.0,AVPT,15m
2026-03-23 11:00:00-04:00,10.300000190734863,10.369999885559082,10.300000190734863,10.369999885559082,24090,0.0,0.0,AVPT,15m
2026-03-23 11:15:00-04:00,10.369999885559082,10.369999885559082,10.305000305175781,10.3100004196167,24199,0.0,0.0,AVPT,15m
2026-03-23 11:30:00-04:00,10.305000305175781,10.3100004196167,10.170000076293945,10.180000305175781,24520,0.0,0.0,AVPT,15m
2026-03-23 11:45:00-04:00,10.180000305175781,10.180000305175781,10.100000381469727,10.114999771118164,45257,0.0,0.0,AVPT,15m
2026-03-23 12:00:00-04:00,10.119999885559082,10.194999694824219,10.119999885559082,10.1850004196167,33898,0.0,0.0,AVPT,15m
2026-03-23 12:15:00-04:00,10.1850004196167,10.1899995803833,10.135000228881836,10.154999732971191,63804,0.0,0.0,AVPT,15m
2026-03-23 12:30:00-04:00,10.145000457763672,10.194999694824219,10.145000457763672,10.1850004196167,45623,0.0,0.0,AVPT,15m
2026-03-23 12:45:00-04:00,10.1899995803833,10.201000213623047,10.135000228881836,10.149999618530273,30924,0.0,0.0,AVPT,15m
2026-03-23 13:00:00-04:00,10.149999618530273,10.180999755859375,10.135000228881836,10.180999755859375,18073,0.0,0.0,AVPT,15m
2026-03-23 13:15:00-04:00,10.1850004196167,10.210000038146973,10.154999732971191,10.199999809265137,32962,0.0,0.0,AVPT,15m
2026-03-23 13:30:00-04:00,10.199999809265137,10.265000343322754,10.194999694824219,10.244999885559082,38422,0.0,0.0,AVPT,15m
2026-03-23 13:45:00-04:00,10.244999885559082,10.274999618530273,10.244999885559082,10.274999618530273,19126,0.0,0.0,AVPT,15m
2026-03-23 14:00:00-04:00,10.274999618530273,10.279999732971191,10.239999771118164,10.264200210571289,33798,0.0,0.0,AVPT,15m
2026-03-23 14:15:00-04:00,10.260000228881836,10.279999732971191,10.260000228881836,10.273599624633789,19257,0.0,0.0,AVPT,15m
2026-03-23 14:30:00-04:00,10.279999732971191,10.329999923706055,10.272000312805176,10.319999694824219,41940,0.0,0.0,AVPT,15m
2026-03-23 14:45:00-04:00,10.3149995803833,10.324999809265137,10.300000190734863,10.3149995803833,28934,0.0,0.0,AVPT,15m
2026-03-23 15:00:00-04:00,10.3149995803833,10.324999809265137,10.300000190734863,10.300999641418457,29036,0.0,0.0,AVPT,15m
2026-03-23 15:15:00-04:00,10.305000305175781,10.3100004196167,10.265000343322754,10.279999732971191,37105,0.0,0.0,AVPT,15m
2026-03-23 15:30:00-04:00,10.274999618530273,10.295000076293945,10.274999618530273,10.289999961853027,44389,0.0,0.0,AVPT,15m
2026-03-23 15:45:00-04:00,10.300000190734863,10.3100004196167,10.229999542236328,10.234999656677246,191571,0.0,0.0,AVPT,15m
2026-03-24 09:30:00-04:00,10.130000114440918,10.15999984741211,9.819999694824219,9.890000343322754,47473,0.0,0.0,AVPT,15m
2026-03-24 09:45:00-04:00,9.890000343322754,9.90999984741211,9.819999694824219,9.84000015258789,29569,0.0,0.0,AVPT,15m
2026-03-24 10:00:00-04:00,9.84000015258789,9.859999656677246,9.704999923706055,9.770000457763672,45021,0.0,0.0,AVPT,15m
2026-03-24 10:15:00-04:00,9.774999618530273,9.899999618530273,9.760000228881836,9.885000228881836,37896,0.0,0.0,AVPT,15m
2026-03-24 10:30:00-04:00,9.885000228881836,9.890000343322754,9.84000015258789,9.890000343322754,23177,0.0,0.0,AVPT,15m
2026-03-24 10:45:00-04:00,9.880000114440918,9.899999618530273,9.819999694824219,9.819999694824219,37311,0.0,0.0,AVPT,15m
2026-03-24 11:00:00-04:00,9.850000381469727,9.880000114440918,9.789999961853027,9.819999694824219,12298,0.0,0.0,AVPT,15m
2026-03-24 11:15:00-04:00,9.829999923706055,9.854999542236328,9.800000190734863,9.8100004196167,25646,0.0,0.0,AVPT,15m
2026-03-24 11:30:00-04:00,9.8100004196167,9.819999694824219,9.725000381469727,9.725000381469727,20889,0.0,0.0,AVPT,15m
2026-03-24 11:45:00-04:00,9.739999771118164,9.770000457763672,9.709699630737305,9.709699630737305,22472,0.0,0.0,AVPT,15m
2026-03-24 12:00:00-04:00,9.710000038146973,9.75,9.704999923706055,9.744999885559082,15477,0.0,0.0,AVPT,15m
2026-03-24 12:15:00-04:00,9.739999771118164,9.744999885559082,9.731300354003906,9.739999771118164,21209,0.0,0.0,AVPT,15m
2026-03-24 12:30:00-04:00,9.73900032043457,9.73900032043457,9.670000076293945,9.680000305175781,22481,0.0,0.0,AVPT,15m
2026-03-24 12:45:00-04:00,9.6899995803833,9.720000267028809,9.6850004196167,9.710000038146973,18339,0.0,0.0,AVPT,15m
2026-03-24 13:00:00-04:00,9.710000038146973,9.710000038146973,9.620100021362305,9.649999618530273,27914,0.0,0.0,AVPT,15m
2026-03-24 13:15:00-04:00,9.640000343322754,9.640000343322754,9.614999771118164,9.619999885559082,19459,0.0,0.0,AVPT,15m
2026-03-24 13:30:00-04:00,9.630000114440918,9.6850004196167,9.625,9.649999618530273,24590,0.0,0.0,AVPT,15m
2026-03-24 13:45:00-04:00,9.649999618530273,9.6850004196167,9.649999618530273,9.664999961853027,27459,0.0,0.0,AVPT,15m
2026-03-24 14:00:00-04:00,9.65999984741211,9.670000076293945,9.630000114440918,9.65999984741211,18536,0.0,0.0,AVPT,15m
2026-03-24 14:15:00-04:00,9.664999961853027,9.680000305175781,9.664999961853027,9.670000076293945,26726,0.0,0.0,AVPT,15m
2026-03-24 14:30:00-04:00,9.680000305175781,9.720000267028809,9.680000305175781,9.694999694824219,26911,0.0,0.0,AVPT,15m
2026-03-24 14:45:00-04:00,9.6899995803833,9.6899995803833,9.664999961853027,9.670000076293945,30379,0.0,0.0,AVPT,15m
2026-03-24 15:00:00-04:00,9.680000305175781,9.704999923706055,9.680000305175781,9.704999923706055,38962,0.0,0.0,AVPT,15m
2026-03-24 15:15:00-04:00,9.710000038146973,9.720000267028809,9.694999694824219,9.71500015258789,35819,0.0,0.0,AVPT,15m
2026-03-24 15:30:00-04:00,9.71500015258789,9.71500015258789,9.664999961853027,9.664999961853027,34587,0.0,0.0,AVPT,15m
2026-03-24 15:45:00-04:00,9.65999984741211,9.65999984741211,9.585000038146973,9.609999656677246,130102,0.0,0.0,AVPT,15m
2026-03-25 09:30:00-04:00,9.8100004196167,9.890000343322754,9.800000190734863,9.859999656677246,40666,0.0,0.0,AVPT,15m
2026-03-25 09:45:00-04:00,9.859999656677246,9.914999961853027,9.84000015258789,9.84000015258789,16921,0.0,0.0,AVPT,15m
2026-03-25 10:00:00-04:00,9.850000381469727,9.890000343322754,9.84000015258789,9.880000114440918,28427,0.0,0.0,AVPT,15m
2026-03-25 10:15:00-04:00,9.880900382995605,9.920000076293945,9.869999885559082,9.890000343322754,28252,0.0,0.0,AVPT,15m
2026-03-25 10:30:00-04:00,9.890000343322754,9.904999732971191,9.845000267028809,9.859999656677246,17851,0.0,0.0,AVPT,15m
2026-03-25 10:45:00-04:00,9.850000381469727,9.890000343322754,9.84000015258789,9.869999885559082,26847,0.0,0.0,AVPT,15m
2026-03-25 11:00:00-04:00,9.890000343322754,9.895000457763672,9.645000457763672,9.649999618530273,38540,0.0,0.0,AVPT,15m
2026-03-25 11:15:00-04:00,9.654999732971191,9.699999809265137,9.595000267028809,9.699999809265137,30005,0.0,0.0,AVPT,15m
2026-03-25 11:30:00-04:00,9.704999923706055,9.725000381469727,9.640000343322754,9.649999618530273,27597,0.0,0.0,AVPT,15m
2026-03-25 11:45:00-04:00,9.640000343322754,9.6850004196167,9.630000114440918,9.664999961853027,20374,0.0,0.0,AVPT,15m
2026-03-25 12:00:00-04:00,9.664999961853027,9.6899995803833,9.640000343322754,9.649999618530273,26739,0.0,0.0,AVPT,15m
2026-03-25 12:15:00-04:00,9.649999618530273,9.6899995803833,9.649999618530273,9.6850004196167,28693,0.0,0.0,AVPT,15m
2026-03-25 12:30:00-04:00,9.6899995803833,9.720000267028809,9.6850004196167,9.694999694824219,35669,0.0,0.0,AVPT,15m
2026-03-25 12:45:00-04:00,9.694999694824219,9.720000267028809,9.680000305175781,9.6850004196167,39568,0.0,0.0,AVPT,15m
2026-03-25 13:00:00-04:00,9.6899995803833,9.729999542236328,9.664999961853027,9.729999542236328,31149,0.0,0.0,AVPT,15m
2026-03-25 13:15:00-04:00,9.725000381469727,9.729999542236328,9.699999809265137,9.720000267028809,19003,0.0,0.0,AVPT,15m
2026-03-25 13:30:00-04:00,9.720000267028809,9.75,9.704999923706055,9.75,20460,0.0,0.0,AVPT,15m
2026-03-25 13:45:00-04:00,9.744999885559082,9.75,9.704999923706055,9.729999542236328,25752,0.0,0.0,AVPT,15m
2026-03-25 14:00:00-04:00,9.729999542236328,9.729999542236328,9.690099716186523,9.710000038146973,18244,0.0,0.0,AVPT,15m
2026-03-25 14:15:00-04:00,9.704999923706055,9.71500015258789,9.680000305175781,9.680000305175781,31635,0.0,0.0,AVPT,15m
2026-03-25 14:30:00-04:00,9.675000190734863,9.694999694824219,9.65999984741211,9.664999961853027,25598,0.0,0.0,AVPT,15m
2026-03-25 14:45:00-04:00,9.664999961853027,9.675000190734863,9.614999771118164,9.645000457763672,37427,0.0,0.0,AVPT,15m
2026-03-25 15:00:00-04:00,9.645000457763672,9.670000076293945,9.630000114440918,9.664999961853027,26255,0.0,0.0,AVPT,15m
2026-03-25 15:15:00-04:00,9.670000076293945,9.680000305175781,9.654999732971191,9.654999732971191,33431,0.0,0.0,AVPT,15m
2026-03-25 15:30:00-04:00,9.654999732971191,9.65999984741211,9.635000228881836,9.645000457763672,49185,0.0,0.0,AVPT,15m
2026-03-25 15:45:00-04:00,9.645000457763672,9.6850004196167,9.630000114440918,9.664999961853027,134473,0.0,0.0,AVPT,15m
2026-03-26 09:30:00-04:00,9.630000114440918,9.854999542236328,9.550000190734863,9.770000457763672,41625,0.0,0.0,AVPT,15m
2026-03-26 09:45:00-04:00,9.8100004196167,9.949999809265137,9.800000190734863,9.949999809265137,24709,0.0,0.0,AVPT,15m
2026-03-26 10:00:00-04:00,9.960000038146973,9.989999771118164,9.90999984741211,9.90999984741211,39372,0.0,0.0,AVPT,15m
2026-03-26 10:15:00-04:00,9.920000076293945,9.9350004196167,9.880000114440918,9.920000076293945,22164,0.0,0.0,AVPT,15m
2026-03-26 10:30:00-04:00,9.925000190734863,9.944999694824219,9.885000228881836,9.904999732971191,29651,0.0,0.0,AVPT,15m
2026-03-26 10:45:00-04:00,9.90999984741211,9.920000076293945,9.875,9.899999618530273,24291,0.0,0.0,AVPT,15m
2026-03-26 11:00:00-04:00,9.914999961853027,9.920000076293945,9.854999542236328,9.859999656677246,19552,0.0,0.0,AVPT,15m
2026-03-26 11:15:00-04:00,9.859999656677246,9.859999656677246,9.841500282287598,9.859999656677246,16533,0.0,0.0,AVPT,15m
2026-03-26 11:30:00-04:00,9.850000381469727,9.899999618530273,9.845000267028809,9.899999618530273,12127,0.0,0.0,AVPT,15m
2026-03-26 11:45:00-04:00,9.899999618530273,9.904999732971191,9.819999694824219,9.819999694824219,26288,0.0,0.0,AVPT,15m
2026-03-26 12:00:00-04:00,9.8149995803833,9.819999694824219,9.800000190734863,9.805000305175781,15196,0.0,0.0,AVPT,15m
2026-03-26 12:15:00-04:00,9.800000190734863,9.800000190734863,9.765000343322754,9.770000457763672,17986,0.0,0.0,AVPT,15m
2026-03-26 12:30:00-04:00,9.765000343322754,9.800000190734863,9.755000114440918,9.800000190734863,18144,0.0,0.0,AVPT,15m
2026-03-26 12:45:00-04:00,9.805000305175781,9.845000267028809,9.805000305175781,9.845000267028809,48200,0.0,0.0,AVPT,15m
2026-03-26 13:00:00-04:00,9.854999542236328,9.854999542236328,9.8100004196167,9.8149995803833,13256,0.0,0.0,AVPT,15m
2026-03-26 13:15:00-04:00,9.810999870300293,9.835000038146973,9.805000305175781,9.805000305175781,14093,0.0,0.0,AVPT,15m
2026-03-26 13:30:00-04:00,9.8100004196167,9.819999694824219,9.789999961853027,9.789999961853027,24574,0.0,0.0,AVPT,15m
2026-03-26 13:45:00-04:00,9.789999961853027,9.789999961853027,9.755000114440918,9.774999618530273,15914,0.0,0.0,AVPT,15m
2026-03-26 14:00:00-04:00,9.774999618530273,9.795000076293945,9.774999618530273,9.779999732971191,19925,0.0,0.0,AVPT,15m
2026-03-26 14:15:00-04:00,9.78499984741211,9.8100004196167,9.770000457763672,9.774999618530273,20570,0.0,0.0,AVPT,15m
2026-03-26 14:30:00-04:00,9.774999618530273,9.805000305175781,9.774999618530273,9.779999732971191,17080,0.0,0.0,AVPT,15m
2026-03-26 14:45:00-04:00,9.779999732971191,9.789999961853027,9.765000343322754,9.789999961853027,23230,0.0,0.0,AVPT,15m
2026-03-26 15:00:00-04:00,9.789999961853027,9.8149995803833,9.779999732971191,9.779999732971191,21745,0.0,0.0,AVPT,15m
2026-03-26 15:15:00-04:00,9.78499984741211,9.78499984741211,9.744999885559082,9.744999885559082,25253,0.0,0.0,AVPT,15m
2026-03-26 15:30:00-04:00,9.75,9.755000114440918,9.734999656677246,9.739999771118164,27075,0.0,0.0,AVPT,15m
2026-03-26 15:45:00-04:00,9.739999771118164,9.779999732971191,9.71500015258789,9.779999732971191,171997,0.0,0.0,AVPT,15m
2026-03-27 09:30:00-04:00,9.609999656677246,9.609999656677246,9.430000305175781,9.510000228881836,77164,0.0,0.0,AVPT,15m
2026-03-27 09:45:00-04:00,9.520000457763672,9.520000457763672,9.449999809265137,9.46500015258789,20847,0.0,0.0,AVPT,15m
2026-03-27 10:00:00-04:00,9.460000038146973,9.460000038146973,9.329999923706055,9.390000343322754,43627,0.0,0.0,AVPT,15m
2026-03-27 10:15:00-04:00,9.399999618530273,9.449999809265137,9.390000343322754,9.414999961853027,35208,0.0,0.0,AVPT,15m
2026-03-27 10:30:00-04:00,9.430000305175781,9.484999656677246,9.420000076293945,9.484999656677246,31319,0.0,0.0,AVPT,15m
2026-03-27 10:45:00-04:00,9.484999656677246,9.520000457763672,9.470000267028809,9.48009967803955,20947,0.0,0.0,AVPT,15m
2026-03-27 11:00:00-04:00,9.484999656677246,9.529999732971191,9.479999542236328,9.524999618530273,26928,0.0,0.0,AVPT,15m
2026-03-27 11:15:00-04:00,9.520000457763672,9.520000457763672,9.430000305175781,9.475000381469727,46081,0.0,0.0,AVPT,15m
2026-03-27 11:30:00-04:00,9.479999542236328,9.505000114440918,9.449999809265137,9.470000267028809,23196,0.0,0.0,AVPT,15m
2026-03-27 11:45:00-04:00,9.479999542236328,9.489999771118164,9.475000381469727,9.489999771118164,11278,0.0,0.0,AVPT,15m
2026-03-27 12:00:00-04:00,9.494999885559082,9.510000228881836,9.444999694824219,9.449999809265137,23017,0.0,0.0,AVPT,15m
2026-03-27 12:15:00-04:00,9.460000038146973,9.470000267028809,9.449999809265137,9.449999809265137,14619,0.0,0.0,AVPT,15m
2026-03-27 12:30:00-04:00,9.460000038146973,9.475000381469727,9.403400421142578,9.420000076293945,58829,0.0,0.0,AVPT,15m
2026-03-27 12:45:00-04:00,9.430000305175781,9.449999809265137,9.430000305175781,9.440999984741211,14376,0.0,0.0,AVPT,15m
2026-03-27 13:00:00-04:00,9.449999809265137,9.5,9.449999809265137,9.470000267028809,26281,0.0,0.0,AVPT,15m
2026-03-27 13:15:00-04:00,9.475000381469727,9.479999542236328,9.450300216674805,9.450300216674805,22661,0.0,0.0,AVPT,15m
2026-03-27 13:30:00-04:00,9.460000038146973,9.46500015258789,9.4399995803833,9.449999809265137,30015,0.0,0.0,AVPT,15m
2026-03-27 13:45:00-04:00,9.449999809265137,9.449999809265137,9.420000076293945,9.4350004196167,18112,0.0,0.0,AVPT,15m
2026-03-27 14:00:00-04:00,9.430000305175781,9.4350004196167,9.40999984741211,9.420000076293945,22591,0.0,0.0,AVPT,15m
2026-03-27 14:15:00-04:00,9.430000305175781,9.460000038146973,9.430000305175781,9.444999694824219,24730,0.0,0.0,AVPT,15m
2026-03-27 14:30:00-04:00,9.444999694824219,9.484999656677246,9.444999694824219,9.46500015258789,29816,0.0,0.0,AVPT,15m
2026-03-27 14:45:00-04:00,9.470000267028809,9.475000381469727,9.425000190734863,9.430000305175781,16906,0.0,0.0,AVPT,15m
2026-03-27 15:00:00-04:00,9.4399995803833,9.4399995803833,9.395000457763672,9.430000305175781,23881,0.0,0.0,AVPT,15m
2026-03-27 15:15:00-04:00,9.425000190734863,9.4399995803833,9.404999732971191,9.4350004196167,34995,0.0,0.0,AVPT,15m
2026-03-27 15:30:00-04:00,9.4399995803833,9.479999542236328,9.4399995803833,9.444999694824219,53286,0.0,0.0,AVPT,15m
2026-03-27 15:45:00-04:00,9.449999809265137,9.470000267028809,9.414999961853027,9.444999694824219,162389,0.0,0.0,AVPT,15m
2026-03-30 09:30:00-04:00,9.529999732971191,9.6899995803833,9.510000228881836,9.585000038146973,49047,0.0,0.0,AVPT,15m
2026-03-30 09:45:00-04:00,9.609999656677246,9.630000114440918,9.5600004196167,9.609999656677246,32010,0.0,0.0,AVPT,15m
2026-03-30 10:00:00-04:00,9.600000381469727,9.600000381469727,9.520000457763672,9.550000190734863,77326,0.0,0.0,AVPT,15m
2026-03-30 10:15:00-04:00,9.550000190734863,9.630000114440918,9.53499984741211,9.595000267028809,44512,0.0,0.0,AVPT,15m
2026-03-30 10:30:00-04:00,9.59000015258789,9.604999542236328,9.539999961853027,9.569999694824219,63716,0.0,0.0,AVPT,15m
2026-03-30 10:45:00-04:00,9.574999809265137,9.609999656677246,9.5600004196167,9.600000381469727,61076,0.0,0.0,AVPT,15m
2026-03-30 11:00:00-04:00,9.600000381469727,9.649999618530273,9.5600004196167,9.569999694824219,89135,0.0,0.0,AVPT,15m
2026-03-30 11:15:00-04:00,9.550000190734863,9.614999771118164,9.550000190734863,9.609999656677246,37838,0.0,0.0,AVPT,15m
2026-03-30 11:30:00-04:00,9.609999656677246,9.635000228881836,9.595000267028809,9.619999885559082,38890,0.0,0.0,AVPT,15m
2026-03-30 11:45:00-04:00,9.619999885559082,9.670000076293945,9.614999771118164,9.65999984741211,24380,0.0,0.0,AVPT,15m
2026-03-30 12:00:00-04:00,9.670000076293945,9.680000305175781,9.619999885559082,9.645000457763672,66324,0.0,0.0,AVPT,15m
2026-03-30 12:15:00-04:00,9.645000457763672,9.649999618530273,9.609999656677246,9.614999771118164,35834,0.0,0.0,AVPT,15m
2026-03-30 12:30:00-04:00,9.614999771118164,9.630000114440918,9.581999778747559,9.600000381469727,58259,0.0,0.0,AVPT,15m
2026-03-30 12:45:00-04:00,9.600000381469727,9.609999656677246,9.569999694824219,9.609999656677246,34215,0.0,0.0,AVPT,15m
2026-03-30 13:00:00-04:00,9.619999885559082,9.619999885559082,9.53499984741211,9.539999961853027,34874,0.0,0.0,AVPT,15m
2026-03-30 13:15:00-04:00,9.550000190734863,9.550000190734863,9.505000114440918,9.520000457763672,46474,0.0,0.0,AVPT,15m
2026-03-30 13:30:00-04:00,9.53499984741211,9.53499984741211,9.505000114440918,9.515000343322754,40880,0.0,0.0,AVPT,15m
2026-03-30 13:45:00-04:00,9.524999618530273,9.529999732971191,9.479999542236328,9.479999542236328,60909,0.0,0.0,AVPT,15m
2026-03-30 14:00:00-04:00,9.479999542236328,9.489999771118164,9.449999809265137,9.454999923706055,40867,0.0,0.0,AVPT,15m
2026-03-30 14:15:00-04:00,9.449999809265137,9.48840045928955,9.448100090026855,9.465900421142578,33840,0.0,0.0,AVPT,15m
2026-03-30 14:30:00-04:00,9.470000267028809,9.5,9.470000267028809,9.479999542236328,28219,0.0,0.0,AVPT,15m
2026-03-30 14:45:00-04:00,9.475000381469727,9.475000381469727,9.444999694824219,9.454999923706055,26950,0.0,0.0,AVPT,15m
2026-03-30 15:00:00-04:00,9.454999923706055,9.459699630737305,9.399999618530273,9.404999732971191,47132,0.0,0.0,AVPT,15m
2026-03-30 15:15:00-04:00,9.420000076293945,9.425000190734863,9.390000343322754,9.395000457763672,82998,0.0,0.0,AVPT,15m
2026-03-30 15:30:00-04:00,9.390000343322754,9.399999618530273,9.380000114440918,9.395000457763672,107483,0.0,0.0,AVPT,15m
2026-03-30 15:45:00-04:00,9.395000457763672,9.414999961853027,9.300000190734863,9.359999656677246,591835,0.0,0.0,AVPT,15m
2026-03-31 09:30:00-04:00,9.479999542236328,9.609999656677246,9.399999618530273,9.430000305175781,65586,0.0,0.0,AVPT,15m
2026-03-31 09:45:00-04:00,9.4399995803833,9.5600004196167,9.4399995803833,9.470000267028809,63426,0.0,0.0,AVPT,15m
2026-03-31 10:00:00-04:00,9.449999809265137,9.5,9.420000076293945,9.5,106168,0.0,0.0,AVPT,15m
2026-03-31 10:15:00-04:00,9.505000114440918,9.510000228881836,9.390000343322754,9.390000343322754,55222,0.0,0.0,AVPT,15m
2026-03-31 10:30:00-04:00,9.395000457763672,9.399999618530273,9.300000190734863,9.319999694824219,52369,0.0,0.0,AVPT,15m
2026-03-31 10:45:00-04:00,9.3149995803833,9.319999694824219,9.234999656677246,9.295000076293945,49411,0.0,0.0,AVPT,15m
2026-03-31 11:00:00-04:00,9.289999961853027,9.354999542236328,9.289999961853027,9.354999542236328,78014,0.0,0.0,AVPT,15m
2026-03-31 11:15:00-04:00,9.354999542236328,9.380000114440918,9.329999923706055,9.34000015258789,43145,0.0,0.0,AVPT,15m
2026-03-31 11:30:00-04:00,9.34000015258789,9.345000267028809,9.3100004196167,9.345000267028809,22455,0.0,0.0,AVPT,15m
2026-03-31 11:45:00-04:00,9.34939956665039,9.364999771118164,9.335000038146973,9.335000038146973,28440,0.0,0.0,AVPT,15m
2026-03-31 12:00:00-04:00,9.324999809265137,9.364999771118164,9.324999809265137,9.354999542236328,21142,0.0,0.0,AVPT,15m
2026-03-31 12:15:00-04:00,9.354999542236328,9.362600326538086,9.319999694824219,9.350000381469727,25935,0.0,0.0,AVPT,15m
2026-03-31 12:30:00-04:00,9.350000381469727,9.510000228881836,9.335000038146973,9.454999923706055,59380,0.0,0.0,AVPT,15m
2026-03-31 12:45:00-04:00,9.449999809265137,9.449999809265137,9.390000343322754,9.414999961853027,70471,0.0,0.0,AVPT,15m
2026-03-31 13:00:00-04:00,9.414999961853027,9.460000038146973,9.40999984741211,9.460000038146973,35904,0.0,0.0,AVPT,15m
2026-03-31 13:15:00-04:00,9.46500015258789,9.475000381469727,9.414999961853027,9.414999961853027,37957,0.0,0.0,AVPT,15m
2026-03-31 13:30:00-04:00,9.420000076293945,9.444999694824219,9.380000114440918,9.385000228881836,44422,0.0,0.0,AVPT,15m
2026-03-31 13:45:00-04:00,9.390000343322754,9.395000457763672,9.364999771118164,9.369999885559082,25237,0.0,0.0,AVPT,15m
2026-03-31 14:00:00-04:00,9.375,9.40999984741211,9.375,9.400099754333496,41525,0.0,0.0,AVPT,15m
2026-03-31 14:15:00-04:00,9.404999732971191,9.420000076293945,9.385000228881836,9.399999618530273,43891,0.0,0.0,AVPT,15m
2026-03-31 14:30:00-04:00,9.404999732971191,9.40999984741211,9.390000343322754,9.404999732971191,33096,0.0,0.0,AVPT,15m
2026-03-31 14:45:00-04:00,9.404999732971191,9.414999961853027,9.395000457763672,9.395000457763672,37803,0.0,0.0,AVPT,15m
2026-03-31 15:00:00-04:00,9.399999618530273,9.4399995803833,9.395000457763672,9.4399995803833,163749,0.0,0.0,AVPT,15m
2026-03-31 15:15:00-04:00,9.454999923706055,9.475000381469727,9.444999694824219,9.475000381469727,47469,0.0,0.0,AVPT,15m
2026-03-31 15:30:00-04:00,9.475000381469727,9.529999732971191,9.470000267028809,9.5,124321,0.0,0.0,AVPT,15m
2026-03-31 15:45:00-04:00,9.5,9.529999732971191,9.460000038146973,9.510000228881836,483600,0.0,0.0,AVPT,15m
2026-04-01 09:30:00-04:00,9.579999923706055,9.609999656677246,9.460000038146973,9.479999542236328,88998,0.0,0.0,AVPT,15m
2026-04-01 09:45:00-04:00,9.494999885559082,9.520000457763672,9.399999618530273,9.510000228881836,55600,0.0,0.0,AVPT,15m
2026-04-01 10:00:00-04:00,9.520000457763672,9.5600004196167,9.5,9.545000076293945,43743,0.0,0.0,AVPT,15m
2026-04-01 10:15:00-04:00,9.550000190734863,9.59000015258789,9.529999732971191,9.53499984741211,38799,0.0,0.0,AVPT,15m
2026-04-01 10:30:00-04:00,9.539999961853027,9.630000114440918,9.515000343322754,9.630000114440918,52982,0.0,0.0,AVPT,15m
2026-04-01 10:45:00-04:00,9.625,9.649999618530273,9.609999656677246,9.635000228881836,34001,0.0,0.0,AVPT,15m
2026-04-01 11:00:00-04:00,9.640000343322754,9.670000076293945,9.619999885559082,9.65999984741211,27408,0.0,0.0,AVPT,15m
2026-04-01 11:15:00-04:00,9.649999618530273,9.6850004196167,9.635000228881836,9.664999961853027,26266,0.0,0.0,AVPT,15m
2026-04-01 11:30:00-04:00,9.664999961853027,9.6850004196167,9.645000457763672,9.6850004196167,24556,0.0,0.0,AVPT,15m
2026-04-01 11:45:00-04:00,9.6850004196167,9.694999694824219,9.649999618530273,9.65999984741211,27368,0.0,0.0,AVPT,15m
2026-04-01 12:00:00-04:00,9.649999618530273,9.675000190734863,9.645000457763672,9.649999618530273,17652,0.0,0.0,AVPT,15m
2026-04-01 12:15:00-04:00,9.640000343322754,9.654999732971191,9.630000114440918,9.635000228881836,19676,0.0,0.0,AVPT,15m
2026-04-01 12:30:00-04:00,9.635000228881836,9.664999961853027,9.635000228881836,9.664999961853027,18866,0.0,0.0,AVPT,15m
2026-04-01 12:45:00-04:00,9.670000076293945,9.670000076293945,9.640000343322754,9.654999732971191,16654,0.0,0.0,AVPT,15m
2026-04-01 13:00:00-04:00,9.654999732971191,9.670000076293945,9.654999732971191,9.664999961853027,19004,0.0,0.0,AVPT,15m
2026-04-01 13:15:00-04:00,9.65999984741211,9.65999984741211,9.635000228881836,9.648599624633789,21802,0.0,0.0,AVPT,15m
2026-04-01 13:30:00-04:00,9.645000457763672,9.664999961853027,9.625,9.65999984741211,29589,0.0,0.0,AVPT,15m
2026-04-01 13:45:00-04:00,9.65999984741211,9.689900398254395,9.65999984741211,9.675000190734863,24658,0.0,0.0,AVPT,15m
2026-04-01 14:00:00-04:00,9.675000190734863,9.694999694824219,9.654999732971191,9.65999984741211,28292,0.0,0.0,AVPT,15m
2026-04-01 14:15:00-04:00,9.664999961853027,9.664999961853027,9.619999885559082,9.619999885559082,39218,0.0,0.0,AVPT,15m
2026-04-01 14:30:00-04:00,9.619999885559082,9.635000228881836,9.604999542236328,9.619999885559082,26075,0.0,0.0,AVPT,15m
2026-04-01 14:45:00-04:00,9.614999771118164,9.614999771118164,9.59000015258789,9.604999542236328,30774,0.0,0.0,AVPT,15m
2026-04-01 15:00:00-04:00,9.609999656677246,9.664999961853027,9.595000267028809,9.654999732971191,37138,0.0,0.0,AVPT,15m
2026-04-01 15:15:00-04:00,9.654999732971191,9.6850004196167,9.649999618530273,9.675000190734863,83612,0.0,0.0,AVPT,15m
2026-04-01 15:30:00-04:00,9.675000190734863,9.704999923706055,9.65999984741211,9.699999809265137,119797,0.0,0.0,AVPT,15m
2026-04-01 15:45:00-04:00,9.694999694824219,9.729999542236328,9.6899995803833,9.729999542236328,231385,0.0,0.0,AVPT,15m
2026-04-02 09:30:00-04:00,9.619999885559082,9.630000114440918,9.470000267028809,9.529999732971191,99162,0.0,0.0,AVPT,15m
2026-04-02 09:45:00-04:00,9.520000457763672,9.630000114440918,9.520000457763672,9.5649995803833,53850,0.0,0.0,AVPT,15m
2026-04-02 10:00:00-04:00,9.569999694824219,9.640000343322754,9.550000190734863,9.635000228881836,58821,0.0,0.0,AVPT,15m
2026-04-02 10:15:00-04:00,9.630000114440918,9.664999961853027,9.625,9.649999618530273,37834,0.0,0.0,AVPT,15m
2026-04-02 10:30:00-04:00,9.645000457763672,9.864999771118164,9.645000457763672,9.75,52694,0.0,0.0,AVPT,15m
2026-04-02 10:45:00-04:00,9.75,9.800000190734863,9.71500015258789,9.774999618530273,25307,0.0,0.0,AVPT,15m
2026-04-02 11:00:00-04:00,9.774999618530273,9.805000305175781,9.744999885559082,9.795000076293945,25799,0.0,0.0,AVPT,15m
2026-04-02 11:15:00-04:00,9.779999732971191,9.800000190734863,9.729999542236328,9.795000076293945,18446,0.0,0.0,AVPT,15m
2026-04-02 11:30:00-04:00,9.800000190734863,9.824999809265137,9.78499984741211,9.8149995803833,19493,0.0,0.0,AVPT,15m
2026-04-02 11:45:00-04:00,9.8100004196167,9.819999694824219,9.770000457763672,9.819999694824219,18671,0.0,0.0,AVPT,15m
2026-04-02 12:00:00-04:00,9.8149995803833,9.829999923706055,9.8100004196167,9.824999809265137,22709,0.0,0.0,AVPT,15m
2026-04-02 12:15:00-04:00,9.819999694824219,9.819999694824219,9.78499984741211,9.800000190734863,19135,0.0,0.0,AVPT,15m
2026-04-02 12:30:00-04:00,9.795000076293945,9.859999656677246,9.789999961853027,9.840200424194336,32014,0.0,0.0,AVPT,15m
2026-04-02 12:45:00-04:00,9.841099739074707,9.864999771118164,9.84000015258789,9.854999542236328,33541,0.0,0.0,AVPT,15m
2026-04-02 13:00:00-04:00,9.850000381469727,9.859999656677246,9.835000038146973,9.854999542236328,36718,0.0,0.0,AVPT,15m
2026-04-02 13:15:00-04:00,9.859999656677246,9.869999885559082,9.850000381469727,9.854999542236328,26578,0.0,0.0,AVPT,15m
2026-04-02 13:30:00-04:00,9.859999656677246,9.869999885559082,9.854999542236328,9.859999656677246,22051,0.0,0.0,AVPT,15m
2026-04-02 13:45:00-04:00,9.859999656677246,9.859999656677246,9.829999923706055,9.84000015258789,32083,0.0,0.0,AVPT,15m
2026-04-02 14:00:00-04:00,9.850000381469727,9.875,9.850000381469727,9.864999771118164,28213,0.0,0.0,AVPT,15m
2026-04-02 14:15:00-04:00,9.854999542236328,9.875,9.85200023651123,9.869999885559082,52312,0.0,0.0,AVPT,15m
2026-04-02 14:30:00-04:00,9.869999885559082,9.897899627685547,9.869999885559082,9.895000457763672,54322,0.0,0.0,AVPT,15m
2026-04-02 14:45:00-04:00,9.890000343322754,9.9399995803833,9.885000228881836,9.9350004196167,79430,0.0,0.0,AVPT,15m
2026-04-02 15:00:00-04:00,9.9350004196167,9.954999923706055,9.925000190734863,9.9399995803833,38163,0.0,0.0,AVPT,15m
2026-04-02 15:15:00-04:00,9.9399995803833,9.949999809265137,9.925000190734863,9.925000190734863,38323,0.0,0.0,AVPT,15m
2026-04-02 15:30:00-04:00,9.925000190734863,9.9350004196167,9.904999732971191,9.911999702453613,44460,0.0,0.0,AVPT,15m
2026-04-02 15:45:00-04:00,9.914999961853027,9.949999809265137,9.904999732971191,9.9399995803833,113720,0.0,0.0,AVPT,15m
2026-04-06 09:30:00-04:00,9.850000381469727,9.949999809265137,9.789999961853027,9.90999984741211,118182,0.0,0.0,AVPT,15m
2026-04-06 09:45:00-04:00,9.90999984741211,9.989999771118164,9.90999984741211,9.989999771118164,22317,0.0,0.0,AVPT,15m
2026-04-06 10:00:00-04:00,9.984999656677246,10.024999618530273,9.890000343322754,9.9399995803833,48164,0.0,0.0,AVPT,15m
2026-04-06 10:15:00-04:00,9.9399995803833,9.975000381469727,9.9350004196167,9.954999923706055,13314,0.0,0.0,AVPT,15m
2026-04-06 10:30:00-04:00,9.954999923706055,9.960000038146973,9.90999984741211,9.925000190734863,20372,0.0,0.0,AVPT,15m
2026-04-06 10:45:00-04:00,9.920000076293945,9.930000305175781,9.875,9.930000305175781,20343,0.0,0.0,AVPT,15m
2026-04-06 11:00:00-04:00,9.920000076293945,9.9399995803833,9.914999961853027,9.9399995803833,17627,0.0,0.0,AVPT,15m
2026-04-06 11:15:00-04:00,9.9399995803833,9.944999694824219,9.925000190734863,9.925000190734863,19845,0.0,0.0,AVPT,15m
2026-04-06 11:30:00-04:00,9.920000076293945,9.954999923706055,9.920000076293945,9.954999923706055,12199,0.0,0.0,AVPT,15m
2026-04-06 11:45:00-04:00,9.970000267028809,9.970000267028809,9.949999809265137,9.954999923706055,19439,0.0,0.0,AVPT,15m
2026-04-06 12:00:00-04:00,9.954999923706055,9.960000038146973,9.949999809265137,9.960000038146973,17498,0.0,0.0,AVPT,15m
2026-04-06 12:15:00-04:00,9.960000038146973,9.984999656677246,9.954999923706055,9.979999542236328,24424,0.0,0.0,AVPT,15m
2026-04-06 12:30:00-04:00,9.984999656677246,10.029999732971191,9.984999656677246,10.029999732971191,15636,0.0,0.0,AVPT,15m
2026-04-06 12:45:00-04:00,10.024999618530273,10.029999732971191,10.0,10.029999732971191,52918,0.0,0.0,AVPT,15m
2026-04-06 13:00:00-04:00,10.020000457763672,10.029899597167969,9.975000381469727,9.979999542236328,33458,0.0,0.0,AVPT,15m
2026-04-06 13:15:00-04:00,9.984999656677246,10.050000190734863,9.984999656677246,10.050000190734863,18443,0.0,0.0,AVPT,15m
2026-04-06 13:30:00-04:00,10.0600004196167,10.0600004196167,10.020000457763672,10.029999732971191,26122,0.0,0.0,AVPT,15m
2026-04-06 13:45:00-04:00,10.029999732971191,10.03499984741211,10.015000343322754,10.03499984741211,11754,0.0,0.0,AVPT,15m
2026-04-06 14:00:00-04:00,10.029999732971191,10.0600004196167,10.020000457763672,10.039999961853027,23866,0.0,0.0,AVPT,15m
2026-04-06 14:15:00-04:00,10.03499984741211,10.0649995803833,10.03499984741211,10.055000305175781,15087,0.0,0.0,AVPT,15m
2026-04-06 14:30:00-04:00,10.055000305175781,10.0600004196167,10.024999618530273,10.03499984741211,14359,0.0,0.0,AVPT,15m
2026-04-06 14:45:00-04:00,10.029999732971191,10.03499984741211,10.015000343322754,10.03499984741211,17085,0.0,0.0,AVPT,15m
2026-04-06 15:00:00-04:00,10.03499984741211,10.037599563598633,10.015000343322754,10.037599563598633,21898,0.0,0.0,AVPT,15m
2026-04-06 15:15:00-04:00,10.029999732971191,10.029999732971191,10.010000228881836,10.020000457763672,24545,0.0,0.0,AVPT,15m
2026-04-06 15:30:00-04:00,10.010000228881836,10.029999732971191,10.009499549865723,10.029999732971191,32169,0.0,0.0,AVPT,15m
2026-04-06 15:45:00-04:00,10.039999961853027,10.0600004196167,10.005000114440918,10.050000190734863,142125,0.0,0.0,AVPT,15m
2026-04-07 09:30:00-04:00,10.010000228881836,10.100000381469727,9.949999809265137,10.029999732971191,47486,0.0,0.0,AVPT,15m
2026-04-07 09:45:00-04:00,10.045000076293945,10.09000015258789,10.045000076293945,10.069999694824219,16267,0.0,0.0,AVPT,15m
2026-04-07 10:00:00-04:00,10.039999961853027,10.039999961853027,9.980999946594238,10.010000228881836,29434,0.0,0.0,AVPT,15m
2026-04-07 10:15:00-04:00,10.020000457763672,10.0600004196167,10.020000457763672,10.0600004196167,14315,0.0,0.0,AVPT,15m
2026-04-07 10:30:00-04:00,10.0600004196167,10.0600004196167,10.010000228881836,10.010000228881836,21283,0.0,0.0,AVPT,15m
2026-04-07 10:45:00-04:00,10.020000457763672,10.029999732971191,9.984999656677246,9.984999656677246,19430,0.0,0.0,AVPT,15m
2026-04-07 11:00:00-04:00,9.979999542236328,10.005000114440918,9.954999923706055,9.994999885559082,26822,0.0,0.0,AVPT,15m
2026-04-07 11:15:00-04:00,9.989999771118164,10.03499984741211,9.989999771118164,10.010000228881836,32876,0.0,0.0,AVPT,15m
2026-04-07 11:30:00-04:00,10.010000228881836,10.029999732971191,9.989999771118164,10.020000457763672,19415,0.0,0.0,AVPT,15m
2026-04-07 11:45:00-04:00,10.020000457763672,10.024999618530273,10.0,10.010000228881836,29967,0.0,0.0,AVPT,15m
2026-04-07 12:00:00-04:00,10.020000457763672,10.104999542236328,10.020000457763672,10.029999732971191,33766,0.0,0.0,AVPT,15m
2026-04-07 12:15:00-04:00,10.024999618530273,10.045000076293945,10.010000228881836,10.045000076293945,40625,0.0,0.0,AVPT,15m
2026-04-07 12:30:00-04:00,10.045000076293945,10.0649995803833,10.029999732971191,10.039999961853027,25272,0.0,0.0,AVPT,15m
2026-04-07 12:45:00-04:00,10.045000076293945,10.0600004196167,10.045000076293945,10.045000076293945,14561,0.0,0.0,AVPT,15m
2026-04-07 13:00:00-04:00,10.039999961853027,10.050000190734863,10.024999618530273,10.029999732971191,24475,0.0,0.0,AVPT,15m
2026-04-07 13:15:00-04:00,10.03499984741211,10.03499984741211,10.024999618530273,10.03499984741211,22749,0.0,0.0,AVPT,15m
2026-04-07 13:30:00-04:00,10.039999961853027,10.085000038146973,10.03499984741211,10.03499984741211,31507,0.0,0.0,AVPT,15m
2026-04-07 13:45:00-04:00,10.039999961853027,10.039999961853027,10.024999618530273,10.024999618530273,12148,0.0,0.0,AVPT,15m
2026-04-07 14:00:00-04:00,10.020099639892578,10.020099639892578,9.975000381469727,9.979999542236328,45959,0.0,0.0,AVPT,15m
2026-04-07 14:15:00-04:00,9.985099792480469,9.985099792480469,9.949999809265137,9.96500015258789,15067,0.0,0.0,AVPT,15m
2026-04-07 14:30:00-04:00,9.96500015258789,9.979999542236328,9.949999809265137,9.970000267028809,27438,0.0,0.0,AVPT,15m
2026-04-07 14:45:00-04:00,9.979999542236328,9.979999542236328,9.9350004196167,9.954999923706055,28101,0.0,0.0,AVPT,15m
2026-04-07 15:00:00-04:00,9.949999809265137,9.949999809265137,9.920000076293945,9.930000305175781,47235,0.0,0.0,AVPT,15m
2026-04-07 15:15:00-04:00,9.9350004196167,10.010000228881836,9.9350004196167,9.96500015258789,57969,0.0,0.0,AVPT,15m
2026-04-07 15:30:00-04:00,9.96500015258789,9.96500015258789,9.914999961853027,9.944999694824219,58387,0.0,0.0,AVPT,15m
2026-04-07 15:45:00-04:00,9.944999694824219,10.020000457763672,9.944999694824219,10.020000457763672,175705,0.0,0.0,AVPT,15m
2026-04-08 09:30:00-04:00,10.369999885559082,10.399999618530273,10.210000038146973,10.210000038146973,96590,0.0,0.0,AVPT,15m
2026-04-08 09:45:00-04:00,10.199999809265137,10.210000038146973,10.149999618530273,10.15999984741211,28195,0.0,0.0,AVPT,15m
2026-04-08 10:00:00-04:00,10.154999732971191,10.1850004196167,10.135000228881836,10.170000076293945,34903,0.0,0.0,AVPT,15m
2026-04-08 10:15:00-04:00,10.175000190734863,10.220000267028809,10.175000190734863,10.199999809265137,24448,0.0,0.0,AVPT,15m
2026-04-08 10:30:00-04:00,10.21500015258789,10.21500015258789,10.164999961853027,10.1850004196167,37189,0.0,0.0,AVPT,15m
2026-04-08 10:45:00-04:00,10.175000190734863,10.1850004196167,10.095000267028809,10.145000457763672,28397,0.0,0.0,AVPT,15m
2026-04-08 11:00:00-04:00,10.154999732971191,10.1850004196167,10.140000343322754,10.149999618530273,35998,0.0,0.0,AVPT,15m
2026-04-08 11:15:00-04:00,10.154999732971191,10.154999732971191,10.095000267028809,10.100000381469727,41398,0.0,0.0,AVPT,15m
2026-04-08 11:30:00-04:00,10.100000381469727,10.104999542236328,10.050000190734863,10.09000015258789,42783,0.0,0.0,AVPT,15m
2026-04-08 11:45:00-04:00,10.095000267028809,10.098600387573242,10.069999694824219,10.079999923706055,32310,0.0,0.0,AVPT,15m
2026-04-08 12:00:00-04:00,10.074999809265137,10.09000015258789,10.0649995803833,10.0649995803833,27961,0.0,0.0,AVPT,15m
2026-04-08 12:15:00-04:00,10.0649995803833,10.0649995803833,10.015000343322754,10.024999618530273,22607,0.0,0.0,AVPT,15m
2026-04-08 12:30:00-04:00,10.020000457763672,10.024999618530273,10.005000114440918,10.010000228881836,27554,0.0,0.0,AVPT,15m
2026-04-08 12:45:00-04:00,10.0,10.005000114440918,9.954999923706055,9.979999542236328,40385,0.0,0.0,AVPT,15m
2026-04-08 13:00:00-04:00,9.975000381469727,9.984999656677246,9.930000305175781,9.949999809265137,24650,0.0,0.0,AVPT,15m
2026-04-08 13:15:00-04:00,9.944999694824219,9.949999809265137,9.885000228881836,9.899999618530273,28581,0.0,0.0,AVPT,15m
2026-04-08 13:30:00-04:00,9.899999618530273,9.899999618530273,9.845000267028809,9.854999542236328,26690,0.0,0.0,AVPT,15m
2026-04-08 13:45:00-04:00,9.864999771118164,9.880000114440918,9.845000267028809,9.864999771118164,19075,0.0,0.0,AVPT,15m
2026-04-08 14:00:00-04:00,9.864999771118164,9.890000343322754,9.864999771118164,9.869999885559082,20654,0.0,0.0,AVPT,15m
2026-04-08 14:15:00-04:00,9.869999885559082,9.880000114440918,9.819999694824219,9.850000381469727,28511,0.0,0.0,AVPT,15m
2026-04-08 14:30:00-04:00,9.854999542236328,9.854999542236328,9.8149995803833,9.819999694824219,19423,0.0,0.0,AVPT,15m
2026-04-08 14:45:00-04:00,9.819999694824219,9.819999694824219,9.789999961853027,9.789999961853027,21326,0.0,0.0,AVPT,15m
2026-04-08 15:00:00-04:00,9.795000076293945,9.824999809265137,9.789999961853027,9.824999809265137,30508,0.0,0.0,AVPT,15m
2026-04-08 15:15:00-04:00,9.824999809265137,9.829999923706055,9.744999885559082,9.760000228881836,39990,0.0,0.0,AVPT,15m
2026-04-08 15:30:00-04:00,9.770000457763672,9.774999618530273,9.744999885559082,9.770000457763672,55413,0.0,0.0,AVPT,15m
2026-04-08 15:45:00-04:00,9.779999732971191,9.8149995803833,9.779999732971191,9.800000190734863,181570,0.0,0.0,AVPT,15m
2026-04-09 09:30:00-04:00,9.729999542236328,9.729999542236328,9.4399995803833,9.5600004196167,63336,0.0,0.0,AVPT,15m
2026-04-09 09:45:00-04:00,9.5600004196167,9.569999694824219,9.25,9.3100004196167,77869,0.0,0.0,AVPT,15m
2026-04-09 10:00:00-04:00,9.3100004196167,9.399999618530273,9.289999961853027,9.399999618530273,43121,0.0,0.0,AVPT,15m
2026-04-09 10:15:00-04:00,9.390000343322754,9.399999618530273,9.375,9.375,26025,0.0,0.0,AVPT,15m
2026-04-09 10:30:00-04:00,9.380000114440918,9.385000228881836,9.3100004196167,9.3100004196167,35200,0.0,0.0,AVPT,15m
2026-04-09 10:45:00-04:00,9.319999694824219,9.324999809265137,9.21500015258789,9.255000114440918,52755,0.0,0.0,AVPT,15m
2026-04-09 11:00:00-04:00,9.25,9.25,9.1850004196167,9.204999923706055,47680,0.0,0.0,AVPT,15m
2026-04-09 11:15:00-04:00,9.210000038146973,9.210000038146973,9.170000076293945,9.170000076293945,31916,0.0,0.0,AVPT,15m
2026-04-09 11:30:00-04:00,9.15999984741211,9.204999923706055,9.135000228881836,9.149999618530273,42740,0.0,0.0,AVPT,15m
2026-04-09 11:45:00-04:00,9.130000114440918,9.199999809265137,9.130000114440918,9.164999961853027,33165,0.0,0.0,AVPT,15m
2026-04-09 12:00:00-04:00,9.170000076293945,9.239999771118164,9.170000076293945,9.1899995803833,40536,0.0,0.0,AVPT,15m
2026-04-09 12:15:00-04:00,9.1899995803833,9.21500015258789,9.175000190734863,9.20300006866455,32954,0.0,0.0,AVPT,15m
2026-04-09 12:30:00-04:00,9.199999809265137,9.204999923706055,9.175000190734863,9.1850004196167,28337,0.0,0.0,AVPT,15m
2026-04-09 12:45:00-04:00,9.1850004196167,9.194999694824219,9.135000228881836,9.145000457763672,57971,0.0,0.0,AVPT,15m
2026-04-09 13:00:00-04:00,9.140000343322754,9.180000305175781,9.140000343322754,9.175000190734863,20619,0.0,0.0,AVPT,15m
2026-04-09 13:15:00-04:00,9.175000190734863,9.1899995803833,9.130000114440918,9.130000114440918,71349,0.0,0.0,AVPT,15m
2026-04-09 13:30:00-04:00,9.130000114440918,9.149999618530273,9.09000015258789,9.119999885559082,47279,0.0,0.0,AVPT,15m
2026-04-09 13:45:00-04:00,9.119999885559082,9.135000228881836,9.109999656677246,9.109999656677246,17529,0.0,0.0,AVPT,15m
2026-04-09 14:00:00-04:00,9.109999656677246,9.114999771118164,9.050000190734863,9.0600004196167,49578,0.0,0.0,AVPT,15m
2026-04-09 14:15:00-04:00,9.055000305175781,9.074999809265137,9.055000305175781,9.055000305175781,32761,0.0,0.0,AVPT,15m
2026-04-09 14:30:00-04:00,9.0600004196167,9.0649995803833,9.03499984741211,9.039999961853027,31686,0.0,0.0,AVPT,15m
2026-04-09 14:45:00-04:00,9.039999961853027,9.109999656677246,9.039999961853027,9.104999542236328,57606,0.0,0.0,AVPT,15m
2026-04-09 15:00:00-04:00,9.104999542236328,9.145000457763672,9.085000038146973,9.140000343322754,54852,0.0,0.0,AVPT,15m
2026-04-09 15:15:00-04:00,9.149999618530273,9.210000038146973,9.149999618530273,9.210000038146973,88408,0.0,0.0,AVPT,15m
2026-04-09 15:30:00-04:00,9.210000038146973,9.255000114440918,9.180000305175781,9.199999809265137,85261,0.0,0.0,AVPT,15m
2026-04-09 15:45:00-04:00,9.194999694824219,9.204999923706055,9.135000228881836,9.149999618530273,401462,0.0,0.0,AVPT,15m
2026-04-10 09:30:00-04:00,9.104999542236328,9.239999771118164,8.949999809265137,8.979999542236328,135790,0.0,0.0,AVPT,15m
2026-04-10 09:45:00-04:00,8.978699684143066,9.010000228881836,8.864999771118164,8.929900169372559,35802,0.0,0.0,AVPT,15m
2026-04-10 10:00:00-04:00,8.930000305175781,8.970000267028809,8.90429973602295,8.960000038146973,44995,0.0,0.0,AVPT,15m
2026-04-10 10:15:00-04:00,8.949999809265137,8.970000267028809,8.90999984741211,8.90999984741211,55798,0.0,0.0,AVPT,15m
2026-04-10 10:30:00-04:00,8.914999961853027,8.979999542236328,8.875,8.875,58457,0.0,0.0,AVPT,15m
2026-04-10 10:45:00-04:00,8.875,8.904999732971191,8.86050033569336,8.864999771118164,45747,0.0,0.0,AVPT,15m
2026-04-10 11:00:00-04:00,8.869999885559082,8.895000457763672,8.835000038146973,8.869999885559082,40734,0.0,0.0,AVPT,15m
2026-04-10 11:15:00-04:00,8.859999656677246,8.914999961853027,8.854999542236328,8.914999961853027,24928,0.0,0.0,AVPT,15m
2026-04-10 11:30:00-04:00,8.90999984741211,8.90999984741211,8.854999542236328,8.880000114440918,23148,0.0,0.0,AVPT,15m
2026-04-10 11:45:00-04:00,8.885000228881836,8.925000190734863,8.885000228881836,8.925000190734863,19289,0.0,0.0,AVPT,15m
2026-04-10 12:00:00-04:00,8.925000190734863,8.960000038146973,8.925000190734863,8.960000038146973,25422,0.0,0.0,AVPT,15m
2026-04-10 12:15:00-04:00,8.954999923706055,8.96500015258789,8.951199531555176,8.96500015258789,25967,0.0,0.0,AVPT,15m
2026-04-10 12:30:00-04:00,8.960000038146973,8.96500015258789,8.9399995803833,8.944999694824219,22165,0.0,0.0,AVPT,15m
2026-04-10 12:45:00-04:00,8.944999694824219,9.024999618530273,8.914999961853027,9.0,118653,0.0,0.0,AVPT,15m
2026-04-10 13:00:00-04:00,9.0,9.024999618530273,9.0,9.020000457763672,20231,0.0,0.0,AVPT,15m
2026-04-10 13:15:00-04:00,9.015000343322754,9.015000343322754,8.989999771118164,8.994999885559082,32100,0.0,0.0,AVPT,15m
2026-04-10 13:30:00-04:00,8.994999885559082,9.0,8.984999656677246,8.989999771118164,28174,0.0,0.0,AVPT,15m
2026-04-10 13:45:00-04:00,8.994999885559082,8.996500015258789,8.975000381469727,8.979999542236328,39484,0.0,0.0,AVPT,15m
2026-04-10 14:00:00-04:00,8.975000381469727,8.979999542236328,8.949999809265137,8.970000267028809,41292,0.0,0.0,AVPT,15m
2026-04-10 14:15:00-04:00,8.96500015258789,8.984999656677246,8.96500015258789,8.975000381469727,28274,0.0,0.0,AVPT,15m
2026-04-10 14:30:00-04:00,8.984999656677246,8.984999656677246,8.960000038146973,8.96500015258789,26525,0.0,0.0,AVPT,15m
2026-04-10 14:45:00-04:00,8.960000038146973,8.975000381469727,8.954999923706055,8.970000267028809,38163,0.0,0.0,AVPT,15m
2026-04-10 15:00:00-04:00,8.975000381469727,8.994999885559082,8.949999809265137,8.975000381469727,48544,0.0,0.0,AVPT,15m
2026-04-10 15:15:00-04:00,8.970000267028809,8.975000381469727,8.944999694824219,8.975000381469727,50111,0.0,0.0,AVPT,15m
2026-04-10 15:30:00-04:00,8.975000381469727,8.984999656677246,8.949999809265137,8.960000038146973,59392,0.0,0.0,AVPT,15m
2026-04-10 15:45:00-04:00,8.96500015258789,9.0,8.954999923706055,8.994999885559082,290873,0.0,0.0,AVPT,15m
2026-04-13 09:30:00-04:00,9.020000457763672,9.029999732971191,8.960000038146973,8.989999771118164,45388,0.0,0.0,AVPT,15m
2026-04-13 09:45:00-04:00,9.0,9.199999809265137,9.0,9.1899995803833,39393,0.0,0.0,AVPT,15m
2026-04-13 10:00:00-04:00,9.210000038146973,9.270000457763672,9.210000038146973,9.25,40560,0.0,0.0,AVPT,15m
2026-04-13 10:15:00-04:00,9.255000114440918,9.34000015258789,9.244999885559082,9.34000015258789,44416,0.0,0.0,AVPT,15m
2026-04-13 10:30:00-04:00,9.335000038146973,9.345000267028809,9.260000228881836,9.260000228881836,34982,0.0,0.0,AVPT,15m
2026-04-13 10:45:00-04:00,9.265000343322754,9.34000015258789,9.265000343322754,9.3100004196167,57025,0.0,0.0,AVPT,15m
2026-04-13 11:00:00-04:00,9.3149995803833,9.3149995803833,9.270000457763672,9.300000190734863,67357,0.0,0.0,AVPT,15m
2026-04-13 11:15:00-04:00,9.3100004196167,9.345000267028809,9.300000190734863,9.319999694824219,24206,0.0,0.0,AVPT,15m
2026-04-13 11:30:00-04:00,9.324999809265137,9.395000457763672,9.324999809265137,9.370100021362305,61687,0.0,0.0,AVPT,15m
2026-04-13 11:45:00-04:00,9.375,9.375,9.324999809265137,9.324999809265137,58816,0.0,0.0,AVPT,15m
2026-04-13 12:00:00-04:00,9.324999809265137,9.335000038146973,9.300000190734863,9.335000038146973,36777,0.0,0.0,AVPT,15m
2026-04-13 12:15:00-04:00,9.335000038146973,9.385000228881836,9.335000038146973,9.380000114440918,36549,0.0,0.0,AVPT,15m
2026-04-13 12:30:00-04:00,9.385000228881836,9.399999618530273,9.375,9.390000343322754,29591,0.0,0.0,AVPT,15m
2026-04-13 12:45:00-04:00,9.385000228881836,9.414999961853027,9.359999656677246,9.414999961853027,94601,0.0,0.0,AVPT,15m
2026-04-13 13:00:00-04:00,9.414999961853027,9.454999923706055,9.40999984741211,9.444999694824219,37013,0.0,0.0,AVPT,15m
2026-04-13 13:15:00-04:00,9.444999694824219,9.449999809265137,9.399999618530273,9.430000305175781,81662,0.0,0.0,AVPT,15m
2026-04-13 13:30:00-04:00,9.420000076293945,9.4350004196167,9.40999984741211,9.425000190734863,57036,0.0,0.0,AVPT,15m
2026-04-13 13:45:00-04:00,9.420000076293945,9.420000076293945,9.404999732971191,9.414999961853027,21895,0.0,0.0,AVPT,15m
2026-04-13 14:00:00-04:00,9.414999961853027,9.430000305175781,9.414999961853027,9.414999961853027,20942,0.0,0.0,AVPT,15m
2026-04-13 14:15:00-04:00,9.414999961853027,9.419699668884277,9.395000457763672,9.395000457763672,25163,0.0,0.0,AVPT,15m
2026-04-13 14:30:00-04:00,9.395000457763672,9.414999961853027,9.380000114440918,9.399999618530273,49546,0.0,0.0,AVPT,15m
2026-04-13 14:45:00-04:00,9.395000457763672,9.40999984741211,9.380399703979492,9.404999732971191,34076,0.0,0.0,AVPT,15m
2026-04-13 15:00:00-04:00,9.404999732971191,9.404999732971191,9.359999656677246,9.359999656677246,42879,0.0,0.0,AVPT,15m
2026-04-13 15:15:00-04:00,9.354999542236328,9.369999885559082,9.329999923706055,9.369999885559082,58262,0.0,0.0,AVPT,15m
2026-04-13 15:30:00-04:00,9.375,9.419899940490723,9.375,9.404999732971191,63066,0.0,0.0,AVPT,15m
2026-04-13 15:45:00-04:00,9.404999732971191,9.489999771118164,9.395000457763672,9.470000267028809,199799,0.0,0.0,AVPT,15m
2026-04-14 09:30:00-04:00,9.5,9.699999809265137,9.475000381469727,9.609999656677246,94080,0.0,0.0,AVPT,15m
2026-04-14 09:45:00-04:00,9.609999656677246,9.609999656677246,9.489999771118164,9.520000457763672,31740,0.0,0.0,AVPT,15m
2026-04-14 10:00:00-04:00,9.53499984741211,9.539999961853027,9.489999771118164,9.5,34211,0.0,0.0,AVPT,15m
2026-04-14 10:15:00-04:00,9.505000114440918,9.510000228881836,9.489999771118164,9.5,22078,0.0,0.0,AVPT,15m
2026-04-14 10:30:00-04:00,9.505000114440918,9.510000228881836,9.46500015258789,9.465800285339355,26954,0.0,0.0,AVPT,15m
2026-04-14 10:45:00-04:00,9.460000038146973,9.460000038146973,9.414999961853027,9.420000076293945,19891,0.0,0.0,AVPT,15m
2026-04-14 11:00:00-04:00,9.425000190734863,9.425000190734863,9.380000114440918,9.385000228881836,22689,0.0,0.0,AVPT,15m
2026-04-14 11:15:00-04:00,9.385000228881836,9.385000228881836,9.34000015258789,9.369999885559082,24377,0.0,0.0,AVPT,15m
2026-04-14 11:30:00-04:00,9.364999771118164,9.399999618530273,9.359999656677246,9.399999618530273,19454,0.0,0.0,AVPT,15m
2026-04-14 11:45:00-04:00,9.404999732971191,9.430000305175781,9.404999732971191,9.420000076293945,18219,0.0,0.0,AVPT,15m
2026-04-14 12:00:00-04:00,9.420000076293945,9.425000190734863,9.40999984741211,9.425000190734863,18107,0.0,0.0,AVPT,15m
2026-04-14 12:15:00-04:00,9.420000076293945,9.449999809265137,9.40999984741211,9.444999694824219,20922,0.0,0.0,AVPT,15m
2026-04-14 12:30:00-04:00,9.4399995803833,9.44159984588623,9.420000076293945,9.428299903869629,23898,0.0,0.0,AVPT,15m
2026-04-14 12:45:00-04:00,9.425000190734863,9.444999694824219,9.414999961853027,9.4350004196167,24894,0.0,0.0,AVPT,15m
2026-04-14 13:00:00-04:00,9.444999694824219,9.475000381469727,9.420000076293945,9.475000381469727,29266,0.0,0.0,AVPT,15m
2026-04-14 13:15:00-04:00,9.475000381469727,9.479999542236328,9.460000038146973,9.46500015258789,23257,0.0,0.0,AVPT,15m
2026-04-14 13:30:00-04:00,9.460000038146973,9.470000267028809,9.4399995803833,9.46500015258789,46791,0.0,0.0,AVPT,15m
2026-04-14 13:45:00-04:00,9.460000038146973,9.460000038146973,9.430000305175781,9.430000305175781,24859,0.0,0.0,AVPT,15m
2026-04-14 14:00:00-04:00,9.425000190734863,9.425000190734863,9.350000381469727,9.350000381469727,28581,0.0,0.0,AVPT,15m
2026-04-14 14:15:00-04:00,9.350000381469727,9.350000381469727,9.300000190734863,9.324999809265137,19146,0.0,0.0,AVPT,15m
2026-04-14 14:30:00-04:00,9.329999923706055,9.359999656677246,9.329999923706055,9.329999923706055,22440,0.0,0.0,AVPT,15m
2026-04-14 14:45:00-04:00,9.329999923706055,9.329999923706055,9.300000190734863,9.324999809265137,22784,0.0,0.0,AVPT,15m
2026-04-14 15:00:00-04:00,9.319999694824219,9.350000381469727,9.319999694824219,9.350000381469727,21174,0.0,0.0,AVPT,15m
2026-04-14 15:15:00-04:00,9.354999542236328,9.375,9.350000381469727,9.354000091552734,26441,0.0,0.0,AVPT,15m
2026-04-14 15:30:00-04:00,9.354999542236328,9.354999542236328,9.329999923706055,9.350000381469727,30936,0.0,0.0,AVPT,15m
2026-04-14 15:45:00-04:00,9.345000267028809,9.399999618530273,9.345000267028809,9.395000457763672,118748,0.0,0.0,AVPT,15m
2026-04-15 09:30:00-04:00,9.550000190734863,9.8149995803833,9.460000038146973,9.739999771118164,86456,0.0,0.0,AVPT,15m
2026-04-15 09:45:00-04:00,9.734999656677246,9.829999923706055,9.725000381469727,9.734999656677246,38541,0.0,0.0,AVPT,15m
2026-04-15 10:00:00-04:00,9.729999542236328,9.744999885559082,9.694999694824219,9.725000381469727,34250,0.0,0.0,AVPT,15m
2026-04-15 10:15:00-04:00,9.725000381469727,9.734999656677246,9.654999732971191,9.65999984741211,28086,0.0,0.0,AVPT,15m
2026-04-15 10:30:00-04:00,9.670000076293945,9.670000076293945,9.635000228881836,9.645000457763672,26401,0.0,0.0,AVPT,15m
2026-04-15 10:45:00-04:00,9.640000343322754,9.680000305175781,9.625,9.680000305175781,29273,0.0,0.0,AVPT,15m
2026-04-15 11:00:00-04:00,9.6850004196167,9.699999809265137,9.675000190734863,9.6899995803833,43628,0.0,0.0,AVPT,15m
2026-04-15 11:15:00-04:00,9.6850004196167,9.734999656677246,9.6850004196167,9.734999656677246,28207,0.0,0.0,AVPT,15m
2026-04-15 11:30:00-04:00,9.729999542236328,9.729999542236328,9.675000190734863,9.6806001663208,20142,0.0,0.0,AVPT,15m
2026-04-15 11:45:00-04:00,9.688899993896484,9.704999923706055,9.6850004196167,9.694999694824219,15123,0.0,0.0,AVPT,15m
2026-04-15 12:00:00-04:00,9.6899995803833,9.704999923706055,9.670000076293945,9.675000190734863,29987,0.0,0.0,AVPT,15m
2026-04-15 12:15:00-04:00,9.675000190734863,9.6899995803833,9.664999961853027,9.6899995803833,13757,0.0,0.0,AVPT,15m
2026-04-15 12:30:00-04:00,9.6899995803833,9.6899995803833,9.664999961853027,9.670000076293945,27391,0.0,0.0,AVPT,15m
2026-04-15 12:45:00-04:00,9.664999961853027,9.729999542236328,9.664999961853027,9.720000267028809,47541,0.0,0.0,AVPT,15m
2026-04-15 13:00:00-04:00,9.729999542236328,9.734999656677246,9.699999809265137,9.704999923706055,24781,0.0,0.0,AVPT,15m
2026-04-15 13:15:00-04:00,9.704999923706055,9.71500015258789,9.694999694824219,9.71500015258789,18467,0.0,0.0,AVPT,15m
2026-04-15 13:30:00-04:00,9.71500015258789,9.75,9.71500015258789,9.729999542236328,35306,0.0,0.0,AVPT,15m
2026-04-15 13:45:00-04:00,9.725000381469727,9.734999656677246,9.71500015258789,9.71500015258789,34939,0.0,0.0,AVPT,15m
2026-04-15 14:00:00-04:00,9.71500015258789,9.78499984741211,9.71500015258789,9.774999618530273,29933,0.0,0.0,AVPT,15m
2026-04-15 14:15:00-04:00,9.774999618530273,9.774999618530273,9.755000114440918,9.760199546813965,18250,0.0,0.0,AVPT,15m
2026-04-15 14:30:00-04:00,9.765000343322754,9.795000076293945,9.765000343322754,9.78499984741211,20413,0.0,0.0,AVPT,15m
2026-04-15 14:45:00-04:00,9.78499984741211,9.78499984741211,9.765000343322754,9.765000343322754,47041,0.0,0.0,AVPT,15m
2026-04-15 15:00:00-04:00,9.765000343322754,9.765000343322754,9.755000114440918,9.760000228881836,41535,0.0,0.0,AVPT,15m
2026-04-15 15:15:00-04:00,9.755000114440918,9.755000114440918,9.734999656677246,9.755000114440918,47830,0.0,0.0,AVPT,15m
2026-04-15 15:30:00-04:00,9.75,9.755000114440918,9.720000267028809,9.744999885559082,60094,0.0,0.0,AVPT,15m
2026-04-15 15:45:00-04:00,9.744999885559082,9.770000457763672,9.699999809265137,9.744999885559082,191848,0.0,0.0,AVPT,15m
2026-04-16 09:30:00-04:00,9.949999809265137,10.020000457763672,9.890000343322754,9.970000267028809,83141,0.0,0.0,AVPT,15m
2026-04-16 09:45:00-04:00,9.975000381469727,10.029999732971191,9.90999984741211,9.930000305175781,80435,0.0,0.0,AVPT,15m
2026-04-16 10:00:00-04:00,9.930000305175781,9.944999694824219,9.890000343322754,9.925000190734863,61360,0.0,0.0,AVPT,15m
2026-04-16 10:15:00-04:00,9.920000076293945,9.930000305175781,9.895000457763672,9.904999732971191,28727,0.0,0.0,AVPT,15m
2026-04-16 10:30:00-04:00,9.90999984741211,9.9399995803833,9.904999732971191,9.9350004196167,13836,0.0,0.0,AVPT,15m
2026-04-16 10:45:00-04:00,9.9399995803833,9.970000267028809,9.925000190734863,9.925000190734863,19355,0.0,0.0,AVPT,15m
2026-04-16 11:00:00-04:00,9.930000305175781,9.9350004196167,9.880000114440918,9.920000076293945,16589,0.0,0.0,AVPT,15m
2026-04-16 11:15:00-04:00,9.925000190734863,9.975000381469727,9.925000190734863,9.949999809265137,28709,0.0,0.0,AVPT,15m
2026-04-16 11:30:00-04:00,9.9399995803833,9.989999771118164,9.930000305175781,9.930000305175781,27625,0.0,0.0,AVPT,15m
2026-04-16 11:45:00-04:00,9.920000076293945,9.944999694824219,9.920000076293945,9.9399995803833,16979,0.0,0.0,AVPT,15m
2026-04-16 12:00:00-04:00,9.949999809265137,10.005000114440918,9.949999809265137,9.989999771118164,27131,0.0,0.0,AVPT,15m
2026-04-16 12:15:00-04:00,9.984999656677246,9.984999656677246,9.954999923706055,9.954999923706055,29490,0.0,0.0,AVPT,15m
2026-04-16 12:30:00-04:00,9.95989990234375,9.960000038146973,9.920000076293945,9.944999694824219,33774,0.0,0.0,AVPT,15m
2026-04-16 12:45:00-04:00,9.944999694824219,9.960000038146973,9.9350004196167,9.944999694824219,27590,0.0,0.0,AVPT,15m
2026-04-16 13:00:00-04:00,9.944999694824219,9.944999694824219,9.904999732971191,9.904999732971191,18750,0.0,0.0,AVPT,15m
2026-04-16 13:15:00-04:00,9.899999618530273,9.9350004196167,9.890000343322754,9.930000305175781,22136,0.0,0.0,AVPT,15m
2026-04-16 13:30:00-04:00,9.925000190734863,9.9399995803833,9.900899887084961,9.904999732971191,11440,0.0,0.0,AVPT,15m
2026-04-16 13:45:00-04:00,9.899999618530273,9.914999961853027,9.890000343322754,9.890000343322754,20147,0.0,0.0,AVPT,15m
2026-04-16 14:00:00-04:00,9.899999618530273,9.90999984741211,9.875,9.895000457763672,18614,0.0,0.0,AVPT,15m
2026-04-16 14:15:00-04:00,9.895000457763672,9.895000457763672,9.86050033569336,9.869999885559082,14231,0.0,0.0,AVPT,15m
2026-04-16 14:30:00-04:00,9.875,9.920000076293945,9.875,9.920000076293945,13641,0.0,0.0,AVPT,15m
2026-04-16 14:45:00-04:00,9.930000305175781,9.9350004196167,9.920000076293945,9.9350004196167,13789,0.0,0.0,AVPT,15m
2026-04-16 15:00:00-04:00,9.9399995803833,9.954999923706055,9.920000076293945,9.920000076293945,21413,0.0,0.0,AVPT,15m
2026-04-16 15:15:00-04:00,9.914999961853027,9.925000190734863,9.90999984741211,9.90999984741211,26722,0.0,0.0,AVPT,15m
2026-04-16 15:30:00-04:00,9.904999732971191,9.9399995803833,9.904999732971191,9.9350004196167,34502,0.0,0.0,AVPT,15m
2026-04-16 15:45:00-04:00,9.9350004196167,9.970000267028809,9.9350004196167,9.96500015258789,97720,0.0,0.0,AVPT,15m
2026-04-17 09:30:00-04:00,10.220000267028809,10.279999732971191,10.09000015258789,10.234999656677246,93338,0.0,0.0,AVPT,15m
2026-04-17 09:45:00-04:00,10.239999771118164,10.270000457763672,10.170000076293945,10.210000038146973,47596,0.0,0.0,AVPT,15m
2026-04-17 10:00:00-04:00,10.210000038146973,10.210000038146973,10.149999618530273,10.164999961853027,31817,0.0,0.0,AVPT,15m
2026-04-17 10:15:00-04:00,10.170000076293945,10.220000267028809,10.170000076293945,10.220000267028809,18583,0.0,0.0,AVPT,15m
2026-04-17 10:30:00-04:00,10.229999542236328,10.25,10.225000381469727,10.244999885559082,29420,0.0,0.0,AVPT,15m
2026-04-17 10:45:00-04:00,10.234999656677246,10.244999885559082,10.20009994506836,10.20009994506836,26565,0.0,0.0,AVPT,15m
2026-04-17 11:00:00-04:00,10.199999809265137,10.210000038146973,10.149999618530273,10.149999618530273,33561,0.0,0.0,AVPT,15m
2026-04-17 11:15:00-04:00,10.15999984741211,10.170000076293945,10.125,10.125,34876,0.0,0.0,AVPT,15m
2026-04-17 11:30:00-04:00,10.125,10.145000457763672,10.09000015258789,10.09000015258789,19081,0.0,0.0,AVPT,15m
2026-04-17 11:45:00-04:00,10.09000015258789,10.119999885559082,10.0649995803833,10.119999885559082,23329,0.0,0.0,AVPT,15m
2026-04-17 12:00:00-04:00,10.114999771118164,10.138899803161621,10.093600273132324,10.093600273132324,19002,0.0,0.0,AVPT,15m
2026-04-17 12:15:00-04:00,10.09000015258789,10.10949993133545,10.079999923706055,10.104999542236328,17978,0.0,0.0,AVPT,15m
2026-04-17 12:30:00-04:00,10.109999656677246,10.109999656677246,10.100000381469727,10.109999656677246,19655,0.0,0.0,AVPT,15m
2026-04-17 12:45:00-04:00,10.104999542236328,10.114999771118164,10.104999542236328,10.114999771118164,8138,0.0,0.0,AVPT,15m
2026-04-17 13:00:00-04:00,10.119999885559082,10.119999885559082,10.100000381469727,10.104999542236328,29320,0.0,0.0,AVPT,15m
2026-04-17 13:15:00-04:00,10.100000381469727,10.100000381469727,10.050000190734863,10.0649995803833,24832,0.0,0.0,AVPT,15m
2026-04-17 13:30:00-04:00,10.069999694824219,10.088600158691406,10.0649995803833,10.074999809265137,12723,0.0,0.0,AVPT,15m
2026-04-17 13:45:00-04:00,10.079999923706055,10.100000381469727,10.069999694824219,10.069999694824219,12461,0.0,0.0,AVPT,15m
2026-04-17 14:00:00-04:00,10.074999809265137,10.074999809265137,10.029999732971191,10.039999961853027,44141,0.0,0.0,AVPT,15m
2026-04-17 14:15:00-04:00,10.050000190734863,10.055000305175781,10.024999618530273,10.029999732971191,15546,0.0,0.0,AVPT,15m
2026-04-17 14:30:00-04:00,10.024999618530273,10.029999732971191,10.010000228881836,10.020000457763672,17022,0.0,0.0,AVPT,15m
2026-04-17 14:45:00-04:00,10.020000457763672,10.028200149536133,9.984999656677246,9.984999656677246,29233,0.0,0.0,AVPT,15m
2026-04-17 15:00:00-04:00,9.989999771118164,10.020000457763672,9.984999656677246,10.020000457763672,21597,0.0,0.0,AVPT,15m
2026-04-17 15:15:00-04:00,10.029999732971191,10.039999961853027,10.015000343322754,10.015000343322754,22381,0.0,0.0,AVPT,15m
2026-04-17 15:30:00-04:00,10.013500213623047,10.045000076293945,10.0,10.029999732971191,61661,0.0,0.0,AVPT,15m
2026-04-17 15:45:00-04:00,10.029999732971191,10.050000190734863,10.020000457763672,10.039999961853027,105600,0.0,0.0,AVPT,15m
