datetime,open,high,low,close,volume,dividends,stock_splits,ticker,interval
2026-01-22 09:30:00-05:00,2.822499990463257,2.9000000953674316,2.8010001182556152,2.8499999046325684,34605,0.0,0.0,BAER,15m
2026-01-22 09:45:00-05:00,2.8420000076293945,2.918299913406372,2.7699999809265137,2.9000000953674316,75126,0.0,0.0,BAER,15m
2026-01-22 10:00:00-05:00,2.8499999046325684,2.880199909210205,2.8248000144958496,2.8248000144958496,3988,0.0,0.0,BAER,15m
2026-01-22 10:15:00-05:00,2.809999942779541,2.8399999141693115,2.7699999809265137,2.8299999237060547,15519,0.0,0.0,BAER,15m
2026-01-22 10:30:00-05:00,2.799999952316284,2.8278000354766846,2.7799999713897705,2.780100107192993,8157,0.0,0.0,BAER,15m
2026-01-22 10:45:00-05:00,2.781100034713745,2.7899999618530273,2.759999990463257,2.7799999713897705,3952,0.0,0.0,BAER,15m
2026-01-22 11:00:00-05:00,2.7799999713897705,2.836400032043457,2.779900074005127,2.815000057220459,11119,0.0,0.0,BAER,15m
2026-01-22 11:15:00-05:00,2.809999942779541,2.809999942779541,2.7799999713897705,2.789900064468384,12617,0.0,0.0,BAER,15m
2026-01-22 11:30:00-05:00,2.7899999618530273,2.799999952316284,2.7850000858306885,2.799999952316284,13955,0.0,0.0,BAER,15m
2026-01-22 11:45:00-05:00,2.799999952316284,2.8499999046325684,2.7899999618530273,2.8399999141693115,19292,0.0,0.0,BAER,15m
2026-01-22 12:00:00-05:00,2.8299999237060547,2.8299999237060547,2.812299966812134,2.825000047683716,4684,0.0,0.0,BAER,15m
2026-01-22 12:15:00-05:00,2.819999933242798,2.819999933242798,2.7899999618530273,2.7899999618530273,16034,0.0,0.0,BAER,15m
2026-01-22 12:30:00-05:00,2.80649995803833,2.809999942779541,2.79010009765625,2.799999952316284,10473,0.0,0.0,BAER,15m
2026-01-22 12:45:00-05:00,2.799999952316284,2.809999942779541,2.799999952316284,2.809999942779541,4013,0.0,0.0,BAER,15m
2026-01-22 13:00:00-05:00,2.799999952316284,2.816200017929077,2.799999952316284,2.815000057220459,101861,0.0,0.0,BAER,15m
2026-01-22 13:15:00-05:00,2.819999933242798,2.8450000286102295,2.815000057220459,2.819999933242798,8055,0.0,0.0,BAER,15m
2026-01-22 13:30:00-05:00,2.809999942779541,2.8299999237060547,2.809999942779541,2.815000057220459,113803,0.0,0.0,BAER,15m
2026-01-22 13:45:00-05:00,2.815000057220459,2.819999933242798,2.7699999809265137,2.7899999618530273,115155,0.0,0.0,BAER,15m
2026-01-22 14:00:00-05:00,2.7883999347686768,2.809999942779541,2.75,2.799999952316284,15594,0.0,0.0,BAER,15m
2026-01-22 14:15:00-05:00,2.799999952316284,2.825000047683716,2.780100107192993,2.780100107192993,12253,0.0,0.0,BAER,15m
2026-01-22 14:30:00-05:00,2.8299999237060547,2.9000000953674316,2.799999952316284,2.889899969100952,162690,0.0,0.0,BAER,15m
2026-01-22 14:45:00-05:00,2.869999885559082,2.890000104904175,2.819999933242798,2.8399999141693115,61217,0.0,0.0,BAER,15m
2026-01-22 15:00:00-05:00,2.8399999141693115,2.8450000286102295,2.819999933242798,2.8450000286102295,5621,0.0,0.0,BAER,15m
2026-01-22 15:15:00-05:00,2.844599962234497,2.8499999046325684,2.819999933242798,2.819999933242798,7898,0.0,0.0,BAER,15m
2026-01-22 15:30:00-05:00,2.819999933242798,2.8499999046325684,2.802000045776367,2.8201000690460205,5652,0.0,0.0,BAER,15m
2026-01-22 15:45:00-05:00,2.809999942779541,2.8350000381469727,2.7904999256134033,2.799999952316284,292831,0.0,0.0,BAER,15m
2026-01-23 09:30:00-05:00,2.819999933242798,2.819999933242798,2.690000057220459,2.6900999546051025,37418,0.0,0.0,BAER,15m
2026-01-23 09:45:00-05:00,2.6982998847961426,2.7298998832702637,2.6500000953674316,2.700000047683716,64813,0.0,0.0,BAER,15m
2026-01-23 10:00:00-05:00,2.681999921798706,2.7049999237060547,2.640000104904175,2.640000104904175,19898,0.0,0.0,BAER,15m
2026-01-23 10:15:00-05:00,2.6500000953674316,2.694999933242798,2.640000104904175,2.690000057220459,6763,0.0,0.0,BAER,15m
2026-01-23 10:30:00-05:00,2.684999942779541,2.700000047683716,2.684999942779541,2.6972999572753906,11176,0.0,0.0,BAER,15m
2026-01-23 10:45:00-05:00,2.694999933242798,2.7260000705718994,2.680000066757202,2.6909000873565674,25218,0.0,0.0,BAER,15m
2026-01-23 11:00:00-05:00,2.7100000381469727,2.7100000381469727,2.6500000953674316,2.6500000953674316,3907,0.0,0.0,BAER,15m
2026-01-23 11:15:00-05:00,2.680000066757202,2.680000066757202,2.630000114440918,2.634999990463257,24021,0.0,0.0,BAER,15m
2026-01-23 11:30:00-05:00,2.640000104904175,2.7200000286102295,2.640000104904175,2.7149999141693115,72686,0.0,0.0,BAER,15m
2026-01-23 11:45:00-05:00,2.7100000381469727,2.7269999980926514,2.690000057220459,2.700000047683716,34950,0.0,0.0,BAER,15m
2026-01-23 12:00:00-05:00,2.700000047683716,2.7493999004364014,2.6700000762939453,2.7388999462127686,24224,0.0,0.0,BAER,15m
2026-01-23 12:15:00-05:00,2.739000082015991,2.749300003051758,2.739000082015991,2.744999885559082,5597,0.0,0.0,BAER,15m
2026-01-23 12:30:00-05:00,2.744999885559082,2.7699999809265137,2.73799991607666,2.759999990463257,33365,0.0,0.0,BAER,15m
2026-01-23 12:45:00-05:00,2.759999990463257,2.764400005340576,2.720099925994873,2.7300000190734863,12859,0.0,0.0,BAER,15m
2026-01-23 13:00:00-05:00,2.740000009536743,2.740000009536743,2.7200000286102295,2.7200000286102295,7665,0.0,0.0,BAER,15m
2026-01-23 13:15:00-05:00,2.7200000286102295,2.7291998863220215,2.700000047683716,2.7200000286102295,1858,0.0,0.0,BAER,15m
2026-01-23 13:30:00-05:00,2.7249999046325684,2.740000009536743,2.7200000286102295,2.740000009536743,4061,0.0,0.0,BAER,15m
2026-01-23 13:45:00-05:00,2.734999895095825,2.759999990463257,2.710599899291992,2.744999885559082,5951,0.0,0.0,BAER,15m
2026-01-23 14:00:00-05:00,2.748500108718872,2.758500099182129,2.740000009536743,2.740000009536743,133228,0.0,0.0,BAER,15m
2026-01-23 14:15:00-05:00,2.75,2.7592999935150146,2.740000009536743,2.743000030517578,2100,0.0,0.0,BAER,15m
2026-01-23 14:30:00-05:00,2.75,2.759999990463257,2.7300000190734863,2.7355000972747803,3657,0.0,0.0,BAER,15m
2026-01-23 14:45:00-05:00,2.734999895095825,2.740000009536743,2.7249999046325684,2.734999895095825,6919,0.0,0.0,BAER,15m
2026-01-23 15:00:00-05:00,2.734999895095825,2.740000009536743,2.7130000591278076,2.719899892807007,9596,0.0,0.0,BAER,15m
2026-01-23 15:15:00-05:00,2.7188000679016113,2.7200000286102295,2.700000047683716,2.7100000381469727,11902,0.0,0.0,BAER,15m
2026-01-23 15:30:00-05:00,2.719899892807007,2.719899892807007,2.6700000762939453,2.67330002784729,23116,0.0,0.0,BAER,15m
2026-01-23 15:45:00-05:00,2.680000066757202,2.690000057220459,2.6500000953674316,2.6549999713897705,63146,0.0,0.0,BAER,15m
2026-01-26 09:30:00-05:00,2.640000104904175,2.6401000022888184,2.549999952316284,2.549999952316284,83753,0.0,0.0,BAER,15m
2026-01-26 09:45:00-05:00,2.550800085067749,2.569999933242798,2.5199999809265137,2.5199999809265137,42690,0.0,0.0,BAER,15m
2026-01-26 10:00:00-05:00,2.5,2.5299999713897705,2.4600000381469727,2.506500005722046,24863,0.0,0.0,BAER,15m
2026-01-26 10:15:00-05:00,2.5199999809265137,2.5390000343322754,2.509999990463257,2.5390000343322754,5946,0.0,0.0,BAER,15m
2026-01-26 10:30:00-05:00,2.5450000762939453,2.615000009536743,2.5350000858306885,2.5950000286102295,30188,0.0,0.0,BAER,15m
2026-01-26 10:45:00-05:00,2.5896999835968018,2.649899959564209,2.5799999237060547,2.587599992752075,6096,0.0,0.0,BAER,15m
2026-01-26 11:00:00-05:00,2.5999999046325684,2.5999999046325684,2.559999942779541,2.569999933242798,4418,0.0,0.0,BAER,15m
2026-01-26 11:15:00-05:00,2.550100088119507,2.575000047683716,2.550100088119507,2.565000057220459,6481,0.0,0.0,BAER,15m
2026-01-26 11:30:00-05:00,2.5799999237060547,2.6152000427246094,2.575000047683716,2.6152000427246094,5121,0.0,0.0,BAER,15m
2026-01-26 11:45:00-05:00,2.619999885559082,2.619999885559082,2.5799999237060547,2.609999895095825,8852,0.0,0.0,BAER,15m
2026-01-26 12:00:00-05:00,2.609999895095825,2.61680006980896,2.5799999237060547,2.5799999237060547,3070,0.0,0.0,BAER,15m
2026-01-26 12:15:00-05:00,2.5799999237060547,2.6500000953674316,2.5799999237060547,2.625,5846,0.0,0.0,BAER,15m
2026-01-26 12:30:00-05:00,2.640000104904175,2.721400022506714,2.640000104904175,2.721400022506714,9246,0.0,0.0,BAER,15m
2026-01-26 12:45:00-05:00,2.694999933242798,2.694999933242798,2.5999999046325684,2.640000104904175,6610,0.0,0.0,BAER,15m
2026-01-26 13:00:00-05:00,2.6500000953674316,2.7200000286102295,2.6500000953674316,2.684999942779541,83185,0.0,0.0,BAER,15m
2026-01-26 13:15:00-05:00,2.700000047683716,2.7699999809265137,2.680000066757202,2.7699999809265137,19526,0.0,0.0,BAER,15m
2026-01-26 13:30:00-05:00,2.75,2.799999952316284,2.740000009536743,2.799999952316284,111377,0.0,0.0,BAER,15m
2026-01-26 13:45:00-05:00,2.799999952316284,2.9700000286102295,2.7918999195098877,2.9600000381469727,87054,0.0,0.0,BAER,15m
2026-01-26 14:00:00-05:00,2.944999933242798,3.059999942779541,2.944999933242798,3.02239990234375,72090,0.0,0.0,BAER,15m
2026-01-26 14:15:00-05:00,3.0199999809265137,3.0299999713897705,2.984999895095825,2.984999895095825,41635,0.0,0.0,BAER,15m
2026-01-26 14:30:00-05:00,2.984999895095825,3.0999999046325684,2.9809999465942383,3.049999952316284,39783,0.0,0.0,BAER,15m
2026-01-26 14:45:00-05:00,3.0199999809265137,3.0799999237060547,2.890000104904175,2.940000057220459,40047,0.0,0.0,BAER,15m
2026-01-26 15:00:00-05:00,2.949199914932251,2.949199914932251,2.9000000953674316,2.9100000858306885,15562,0.0,0.0,BAER,15m
2026-01-26 15:15:00-05:00,2.909899950027466,2.909899950027466,2.8989999294281006,2.9000000953674316,4067,0.0,0.0,BAER,15m
2026-01-26 15:30:00-05:00,2.9000000953674316,2.908799886703491,2.890000104904175,2.9000000953674316,10791,0.0,0.0,BAER,15m
2026-01-26 15:45:00-05:00,2.9100000858306885,2.9100000858306885,2.8299999237060547,2.8499999046325684,97992,0.0,0.0,BAER,15m
2026-01-27 09:30:00-05:00,2.9100000858306885,3.190000057220459,2.900099992752075,3.0,337406,0.0,0.0,BAER,15m
2026-01-27 09:45:00-05:00,3.007999897003174,3.039400100708008,2.9000000953674316,2.940000057220459,89073,0.0,0.0,BAER,15m
2026-01-27 10:00:00-05:00,2.930000066757202,2.933000087738037,2.800100088119507,2.859999895095825,292886,0.0,0.0,BAER,15m
2026-01-27 10:15:00-05:00,2.8499999046325684,2.890000104904175,2.8399999141693115,2.8499999046325684,52010,0.0,0.0,BAER,15m
2026-01-27 10:30:00-05:00,2.8499999046325684,2.990000009536743,2.8499999046325684,2.9600000381469727,56648,0.0,0.0,BAER,15m
2026-01-27 10:45:00-05:00,2.940000057220459,3.0299999713897705,2.869999885559082,2.990000009536743,91309,0.0,0.0,BAER,15m
2026-01-27 11:00:00-05:00,2.990000009536743,3.0,2.950000047683716,2.990000009536743,41147,0.0,0.0,BAER,15m
2026-01-27 11:15:00-05:00,3.0,3.049999952316284,2.950000047683716,3.0399999618530273,109266,0.0,0.0,BAER,15m
2026-01-27 11:30:00-05:00,3.046999931335449,3.180000066757202,3.0350000858306885,3.1700000762939453,548179,0.0,0.0,BAER,15m
2026-01-27 11:45:00-05:00,3.1500000953674316,3.2200000286102295,3.130000114440918,3.1600000858306885,57465,0.0,0.0,BAER,15m
2026-01-27 12:00:00-05:00,3.1500000953674316,3.1600000858306885,3.049999952316284,3.049999952316284,34375,0.0,0.0,BAER,15m
2026-01-27 12:15:00-05:00,3.049999952316284,3.0748000144958496,2.9600000381469727,2.990000009536743,20066,0.0,0.0,BAER,15m
2026-01-27 12:30:00-05:00,2.990000009536743,3.049999952316284,2.9700000286102295,3.0,95170,0.0,0.0,BAER,15m
2026-01-27 12:45:00-05:00,3.0,3.130000114440918,3.0,3.113800048828125,76238,0.0,0.0,BAER,15m
2026-01-27 13:00:00-05:00,3.115000009536743,3.115000009536743,3.0,3.009999990463257,83241,0.0,0.0,BAER,15m
2026-01-27 13:15:00-05:00,2.990000009536743,3.0999999046325684,2.990000009536743,3.075000047683716,22325,0.0,0.0,BAER,15m
2026-01-27 13:30:00-05:00,3.0799999237060547,3.259999990463257,3.0766000747680664,3.259999990463257,1029231,0.0,0.0,BAER,15m
2026-01-27 13:45:00-05:00,3.259999990463257,3.2899999618530273,3.184999942779541,3.2186999320983887,89271,0.0,0.0,BAER,15m
2026-01-27 14:00:00-05:00,3.2049999237060547,3.299999952316284,3.2049999237060547,3.243799924850464,94023,0.0,0.0,BAER,15m
2026-01-27 14:15:00-05:00,3.2049999237060547,3.2200000286102295,3.0999999046325684,3.1600000858306885,50518,0.0,0.0,BAER,15m
2026-01-27 14:30:00-05:00,3.1700000762939453,3.2799999713897705,3.1500000953674316,3.2699999809265137,77809,0.0,0.0,BAER,15m
2026-01-27 14:45:00-05:00,3.25,3.2799999713897705,3.240000009536743,3.2799999713897705,21175,0.0,0.0,BAER,15m
2026-01-27 15:00:00-05:00,3.259999990463257,3.2799999713897705,3.22379994392395,3.25,32285,0.0,0.0,BAER,15m
2026-01-27 15:15:00-05:00,3.240000009536743,3.259999990463257,3.2200000286102295,3.2499001026153564,30392,0.0,0.0,BAER,15m
2026-01-27 15:30:00-05:00,3.234999895095825,3.234999895095825,3.190000057220459,3.205899953842163,27685,0.0,0.0,BAER,15m
2026-01-27 15:45:00-05:00,3.2100000381469727,3.2699999809265137,3.190000057220459,3.265000104904175,133953,0.0,0.0,BAER,15m
2026-01-28 09:30:00-05:00,3.2699999809265137,3.2999000549316406,3.1113998889923096,3.1700000762939453,185475,0.0,0.0,BAER,15m
2026-01-28 09:45:00-05:00,3.1700000762939453,3.3499999046325684,3.1700000762939453,3.2850000858306885,113024,0.0,0.0,BAER,15m
2026-01-28 10:00:00-05:00,3.2799999713897705,3.299999952316284,3.25,3.299999952316284,21727,0.0,0.0,BAER,15m
2026-01-28 10:15:00-05:00,3.2888998985290527,3.440000057220459,3.2888998985290527,3.375,113332,0.0,0.0,BAER,15m
2026-01-28 10:30:00-05:00,3.3499999046325684,3.3499999046325684,3.2799999713897705,3.2899999618530273,38137,0.0,0.0,BAER,15m
2026-01-28 10:45:00-05:00,3.3125,3.3399999141693115,3.2799999713897705,3.299999952316284,17794,0.0,0.0,BAER,15m
2026-01-28 11:00:00-05:00,3.312000036239624,3.319999933242798,3.2799999713897705,3.293800115585327,11079,0.0,0.0,BAER,15m
2026-01-28 11:15:00-05:00,3.2799999713897705,3.3092000484466553,3.2100000381469727,3.2200000286102295,39225,0.0,0.0,BAER,15m
2026-01-28 11:30:00-05:00,3.2200000286102295,3.226099967956543,3.1700000762939453,3.180000066757202,21640,0.0,0.0,BAER,15m
2026-01-28 11:45:00-05:00,3.184999942779541,3.190000057220459,3.1600000858306885,3.1700000762939453,27360,0.0,0.0,BAER,15m
2026-01-28 12:00:00-05:00,3.1700000762939453,3.2100000381469727,3.130000114440918,3.1500000953674316,29042,0.0,0.0,BAER,15m
2026-01-28 12:15:00-05:00,3.1600000858306885,3.190000057220459,3.130000114440918,3.130000114440918,21641,0.0,0.0,BAER,15m
2026-01-28 12:30:00-05:00,3.1600000858306885,3.190000057220459,3.1500000953674316,3.180000066757202,12473,0.0,0.0,BAER,15m
2026-01-28 12:45:00-05:00,3.200000047683716,3.2054998874664307,3.1700000762939453,3.200000047683716,32495,0.0,0.0,BAER,15m
2026-01-28 13:00:00-05:00,3.2200000286102295,3.25,3.1600000858306885,3.190000057220459,54192,0.0,0.0,BAER,15m
2026-01-28 13:15:00-05:00,3.190000057220459,3.219899892807007,3.174999952316284,3.2100000381469727,11574,0.0,0.0,BAER,15m
2026-01-28 13:30:00-05:00,3.2100000381469727,3.2100000381469727,3.190000057220459,3.1946001052856445,12609,0.0,0.0,BAER,15m
2026-01-28 13:45:00-05:00,3.2049999237060547,3.234999895095825,3.180000066757202,3.2200000286102295,19301,0.0,0.0,BAER,15m
2026-01-28 14:00:00-05:00,3.240000009536743,3.2699999809265137,3.2200000286102295,3.259999990463257,14972,0.0,0.0,BAER,15m
2026-01-28 14:15:00-05:00,3.25,3.259999990463257,3.240000009536743,3.240000009536743,7146,0.0,0.0,BAER,15m
2026-01-28 14:30:00-05:00,3.240000009536743,3.2699999809265137,3.200000047683716,3.2100000381469727,21496,0.0,0.0,BAER,15m
2026-01-28 14:45:00-05:00,3.2100000381469727,3.305000066757202,3.2100000381469727,3.305000066757202,411585,0.0,0.0,BAER,15m
2026-01-28 15:00:00-05:00,3.2799999713897705,3.2799999713897705,3.240000009536743,3.25,13612,0.0,0.0,BAER,15m
2026-01-28 15:15:00-05:00,3.25,3.25,3.200000047683716,3.2100000381469727,23229,0.0,0.0,BAER,15m
2026-01-28 15:30:00-05:00,3.200000047683716,3.2049999237060547,3.178999900817871,3.184999942779541,6905,0.0,0.0,BAER,15m
2026-01-28 15:45:00-05:00,3.184999942779541,3.2300000190734863,3.184999942779541,3.2300000190734863,104548,0.0,0.0,BAER,15m
2026-01-29 09:30:00-05:00,3.1500000953674316,3.2200000286102295,3.0199999809265137,3.052000045776367,80021,0.0,0.0,BAER,15m
2026-01-29 09:45:00-05:00,3.052000045776367,3.109999895095825,3.0199999809265137,3.059999942779541,28672,0.0,0.0,BAER,15m
2026-01-29 10:00:00-05:00,3.065999984741211,3.065999984741211,2.910099983215332,2.972599983215332,129175,0.0,0.0,BAER,15m
2026-01-29 10:15:00-05:00,2.988800048828125,3.0299999713897705,2.944999933242798,3.005000114440918,48791,0.0,0.0,BAER,15m
2026-01-29 10:30:00-05:00,2.9600000381469727,3.0499000549316406,2.9000000953674316,3.005000114440918,59864,0.0,0.0,BAER,15m
2026-01-29 10:45:00-05:00,3.001800060272217,3.0399999618530273,2.9649999141693115,3.0199999809265137,161718,0.0,0.0,BAER,15m
2026-01-29 11:00:00-05:00,3.038300037384033,3.038300037384033,2.9700000286102295,3.009999990463257,34175,0.0,0.0,BAER,15m
2026-01-29 11:15:00-05:00,3.0107998847961426,3.0199999809265137,2.990000009536743,3.0199999809265137,12779,0.0,0.0,BAER,15m
2026-01-29 11:30:00-05:00,3.0,3.049999952316284,2.994999885559082,3.049999952316284,24676,0.0,0.0,BAER,15m
2026-01-29 11:45:00-05:00,3.059999942779541,3.1298999786376953,3.0234999656677246,3.0950000286102295,38470,0.0,0.0,BAER,15m
2026-01-29 12:00:00-05:00,3.0920000076293945,3.1089999675750732,3.0701000690460205,3.1089999675750732,6926,0.0,0.0,BAER,15m
2026-01-29 12:15:00-05:00,3.0950000286102295,3.128000020980835,3.0950000286102295,3.103800058364868,10748,0.0,0.0,BAER,15m
2026-01-29 12:30:00-05:00,3.1224000453948975,3.1500000953674316,3.069999933242798,3.130000114440918,13644,0.0,0.0,BAER,15m
2026-01-29 12:45:00-05:00,3.124500036239624,3.124500036239624,3.0940001010894775,3.0940001010894775,2158,0.0,0.0,BAER,15m
2026-01-29 13:00:00-05:00,3.0799999237060547,3.140000104904175,3.0799999237060547,3.134999990463257,18453,0.0,0.0,BAER,15m
2026-01-29 13:15:00-05:00,3.134999990463257,3.134999990463257,3.100100040435791,3.134999990463257,7799,0.0,0.0,BAER,15m
2026-01-29 13:30:00-05:00,3.115000009536743,3.190000057220459,3.1040000915527344,3.140000104904175,22808,0.0,0.0,BAER,15m
2026-01-29 13:45:00-05:00,3.140000104904175,3.1470000743865967,3.1201999187469482,3.1201999187469482,5595,0.0,0.0,BAER,15m
2026-01-29 14:00:00-05:00,3.130000114440918,3.180000066757202,3.1136999130249023,3.134999990463257,5439,0.0,0.0,BAER,15m
2026-01-29 14:15:00-05:00,3.1600000858306885,3.177999973297119,3.159600019454956,3.1600000858306885,5100,0.0,0.0,BAER,15m
2026-01-29 14:30:00-05:00,3.1600000858306885,3.1600000858306885,3.091200113296509,3.115000009536743,7208,0.0,0.0,BAER,15m
2026-01-29 14:45:00-05:00,3.111999988555908,3.119999885559082,3.0899999141693115,3.0899999141693115,7700,0.0,0.0,BAER,15m
2026-01-29 15:00:00-05:00,3.0999999046325684,3.109999895095825,3.0850000381469727,3.109999895095825,12791,0.0,0.0,BAER,15m
2026-01-29 15:15:00-05:00,3.109999895095825,3.109999895095825,3.0899999141693115,3.1096999645233154,2446,0.0,0.0,BAER,15m
2026-01-29 15:30:00-05:00,3.0801000595092773,3.0999999046325684,3.0801000595092773,3.084199905395508,7264,0.0,0.0,BAER,15m
2026-01-29 15:45:00-05:00,3.08489990234375,3.125,3.08489990234375,3.0999999046325684,32542,0.0,0.0,BAER,15m
2026-01-30 09:30:00-05:00,3.049999952316284,3.174999952316284,3.0450000762939453,3.1449999809265137,53189,0.0,0.0,BAER,15m
2026-01-30 09:45:00-05:00,3.17549991607666,3.180000066757202,3.049999952316284,3.049999952316284,15755,0.0,0.0,BAER,15m
2026-01-30 10:00:00-05:00,3.052000045776367,3.0815000534057617,3.0,3.0299999713897705,23900,0.0,0.0,BAER,15m
2026-01-30 10:15:00-05:00,3.015000104904175,3.015000104904175,2.869999885559082,2.869999885559082,37741,0.0,0.0,BAER,15m
2026-01-30 10:30:00-05:00,2.8949999809265137,2.990000009536743,2.8949999809265137,2.9749999046325684,7384,0.0,0.0,BAER,15m
2026-02-02 13:45:00-05:00,2.8550000190734863,2.8550000190734863,2.8550000190734863,2.8550000190734863,228652,0.0,0.0,BAER,15m
2026-02-02 14:00:00-05:00,2.8434998989105225,2.9000000953674316,2.8434998989105225,2.8998000621795654,1720,0.0,0.0,BAER,15m
2026-02-02 14:15:00-05:00,2.890000104904175,2.9000000953674316,2.8550000190734863,2.8550000190734863,19900,0.0,0.0,BAER,15m
2026-02-02 14:30:00-05:00,2.859999895095825,2.880000114440918,2.8399999141693115,2.859999895095825,50161,0.0,0.0,BAER,15m
2026-02-02 14:45:00-05:00,2.8550000190734863,2.869999885559082,2.819999933242798,2.819999933242798,10241,0.0,0.0,BAER,15m
2026-02-02 15:00:00-05:00,2.809999942779541,2.8399999141693115,2.809999942779541,2.819999933242798,5442,0.0,0.0,BAER,15m
2026-02-02 15:15:00-05:00,2.825000047683716,2.825000047683716,2.805000066757202,2.815000057220459,24255,0.0,0.0,BAER,15m
2026-02-02 15:30:00-05:00,2.825000047683716,2.8399999141693115,2.809999942779541,2.819999933242798,3404,0.0,0.0,BAER,15m
2026-02-02 15:45:00-05:00,2.819999933242798,2.869999885559082,2.819999933242798,2.8499999046325684,202446,0.0,0.0,BAER,15m
2026-02-03 09:30:00-05:00,2.8499999046325684,2.9100000858306885,2.809999942779541,2.880000114440918,52790,0.0,0.0,BAER,15m
2026-02-03 09:45:00-05:00,2.8959999084472656,2.9070000648498535,2.809999942779541,2.809999942779541,43129,0.0,0.0,BAER,15m
2026-02-03 10:00:00-05:00,2.809999942779541,2.825000047683716,2.7701001167297363,2.799999952316284,22190,0.0,0.0,BAER,15m
2026-02-03 10:15:00-05:00,2.799999952316284,2.839400053024292,2.7941999435424805,2.825000047683716,14465,0.0,0.0,BAER,15m
2026-02-03 10:30:00-05:00,2.825000047683716,2.825000047683716,2.7850000858306885,2.806999921798706,15380,0.0,0.0,BAER,15m
2026-02-03 10:45:00-05:00,2.805000066757202,2.994999885559082,2.781599998474121,2.9100000858306885,108172,0.0,0.0,BAER,15m
2026-02-03 11:00:00-05:00,2.9000000953674316,2.940000057220459,2.865000009536743,2.9000000953674316,91028,0.0,0.0,BAER,15m
2026-02-03 11:15:00-05:00,2.9000000953674316,2.9298999309539795,2.8701000213623047,2.9000000953674316,22660,0.0,0.0,BAER,15m
2026-02-03 11:30:00-05:00,2.9000000953674316,2.9100000858306885,2.869999885559082,2.869999885559082,91753,0.0,0.0,BAER,15m
2026-02-03 11:45:00-05:00,2.869999885559082,2.884999990463257,2.8499999046325684,2.884999990463257,7508,0.0,0.0,BAER,15m
2026-02-03 12:00:00-05:00,2.8719000816345215,2.8798999786376953,2.8399999141693115,2.8499999046325684,3935,0.0,0.0,BAER,15m
2026-02-03 12:15:00-05:00,2.869999885559082,2.869999885559082,2.8399999141693115,2.8399999141693115,3775,0.0,0.0,BAER,15m
2026-02-03 12:30:00-05:00,2.8487000465393066,2.889899969100952,2.8399999141693115,2.869999885559082,35558,0.0,0.0,BAER,15m
2026-02-03 12:45:00-05:00,2.869999885559082,2.9100000858306885,2.86899995803833,2.9000000953674316,69685,0.0,0.0,BAER,15m
2026-02-03 13:00:00-05:00,2.890000104904175,2.9000000953674316,2.890000104904175,2.9000000953674316,23186,0.0,0.0,BAER,15m
2026-02-03 13:15:00-05:00,2.8973000049591064,2.9100000858306885,2.875,2.8801000118255615,36122,0.0,0.0,BAER,15m
2026-02-03 13:30:00-05:00,2.869999885559082,2.890000104904175,2.8499999046325684,2.8749001026153564,48008,0.0,0.0,BAER,15m
2026-02-03 13:45:00-05:00,2.890000104904175,2.890000104904175,2.8399999141693115,2.8499999046325684,13874,0.0,0.0,BAER,15m
2026-02-03 14:00:00-05:00,2.8499999046325684,2.865000009536743,2.8299999237060547,2.865000009536743,14905,0.0,0.0,BAER,15m
2026-02-03 14:15:00-05:00,2.865499973297119,2.890000104904175,2.859999895095825,2.890000104904175,8839,0.0,0.0,BAER,15m
2026-02-03 14:30:00-05:00,2.890000104904175,2.9049999713897705,2.880000114440918,2.8898000717163086,7979,0.0,0.0,BAER,15m
2026-02-03 14:45:00-05:00,2.884999990463257,2.8949999809265137,2.884999990463257,2.890000104904175,2403,0.0,0.0,BAER,15m
2026-02-03 15:00:00-05:00,2.9000000953674316,2.9700000286102295,2.9000000953674316,2.9700000286102295,22955,0.0,0.0,BAER,15m
2026-02-03 15:15:00-05:00,2.964200019836426,3.0,2.940000057220459,2.940000057220459,246735,0.0,0.0,BAER,15m
2026-02-03 15:30:00-05:00,2.940000057220459,2.9758999347686768,2.940000057220459,2.9600000381469727,13510,0.0,0.0,BAER,15m
2026-02-03 15:45:00-05:00,2.9600000381469727,2.9960999488830566,2.9600000381469727,2.984999895095825,78315,0.0,0.0,BAER,15m
2026-02-04 09:30:00-05:00,3.0299999713897705,3.0836000442504883,2.884999990463257,3.06850004196167,131195,0.0,0.0,BAER,15m
2026-02-04 09:45:00-05:00,3.0850000381469727,3.0999999046325684,2.9200000762939453,2.953900098800659,60919,0.0,0.0,BAER,15m
2026-02-04 10:00:00-05:00,2.934999942779541,2.95989990234375,2.869999885559082,2.884999990463257,99490,0.0,0.0,BAER,15m
2026-02-04 10:15:00-05:00,2.890000104904175,2.909899950027466,2.859999895095825,2.869999885559082,34793,0.0,0.0,BAER,15m
2026-02-04 10:30:00-05:00,2.8768999576568604,2.9049999713897705,2.7799999713897705,2.9000000953674316,60132,0.0,0.0,BAER,15m
2026-02-04 10:45:00-05:00,2.9000000953674316,2.9000000953674316,2.838399887084961,2.8550000190734863,24316,0.0,0.0,BAER,15m
2026-02-04 11:00:00-05:00,2.8550000190734863,2.859999895095825,2.8299999237060547,2.8420000076293945,10614,0.0,0.0,BAER,15m
2026-02-04 11:15:00-05:00,2.8499999046325684,2.8550000190734863,2.799999952316284,2.8399999141693115,21580,0.0,0.0,BAER,15m
2026-02-04 11:30:00-05:00,2.8399999141693115,2.889899969100952,2.79010009765625,2.803999900817871,21087,0.0,0.0,BAER,15m
2026-02-04 11:45:00-05:00,2.800100088119507,2.8399999141693115,2.7799999713897705,2.8299999237060547,29024,0.0,0.0,BAER,15m
2026-02-04 12:00:00-05:00,2.8299999237060547,2.8299999237060547,2.7904000282287598,2.8099000453948975,33840,0.0,0.0,BAER,15m
2026-02-04 12:15:00-05:00,2.809999942779541,2.8203001022338867,2.7899999618530273,2.805000066757202,34691,0.0,0.0,BAER,15m
2026-02-04 12:30:00-05:00,2.7899999618530273,2.799999952316284,2.7799999713897705,2.7899999618530273,8586,0.0,0.0,BAER,15m
2026-02-04 12:45:00-05:00,2.7799999713897705,2.8350000381469727,2.75,2.8350000381469727,19840,0.0,0.0,BAER,15m
2026-02-04 13:00:00-05:00,2.809999942779541,2.8299999237060547,2.799999952316284,2.819999933242798,12688,0.0,0.0,BAER,15m
2026-02-04 13:15:00-05:00,2.819999933242798,2.8940000534057617,2.819999933242798,2.875,37543,0.0,0.0,BAER,15m
2026-02-04 13:30:00-05:00,2.875,2.8989999294281006,2.8499999046325684,2.875,16819,0.0,0.0,BAER,15m
2026-02-04 13:45:00-05:00,2.890000104904175,2.890000104904175,2.8499999046325684,2.880000114440918,12543,0.0,0.0,BAER,15m
2026-02-04 14:00:00-05:00,2.880000114440918,2.890000104904175,2.859999895095825,2.865000009536743,4791,0.0,0.0,BAER,15m
2026-02-04 14:15:00-05:00,2.865000009536743,2.8889999389648438,2.865000009536743,2.884999990463257,9512,0.0,0.0,BAER,15m
2026-02-04 14:30:00-05:00,2.880000114440918,2.9200000762939453,2.869999885559082,2.880000114440918,97286,0.0,0.0,BAER,15m
2026-02-04 14:45:00-05:00,2.88319993019104,2.9149999618530273,2.880000114440918,2.9100000858306885,17799,0.0,0.0,BAER,15m
2026-02-04 15:00:00-05:00,2.9100000858306885,2.9100000858306885,2.880000114440918,2.880000114440918,3862,0.0,0.0,BAER,15m
2026-02-04 15:15:00-05:00,2.884999990463257,2.884999990463257,2.859999895095825,2.869999885559082,12940,0.0,0.0,BAER,15m
2026-02-04 15:30:00-05:00,2.869999885559082,2.880000114440918,2.859999895095825,2.869999885559082,6917,0.0,0.0,BAER,15m
2026-02-04 15:45:00-05:00,2.890000104904175,2.8949999809265137,2.8350000381469727,2.8399999141693115,65520,0.0,0.0,BAER,15m
2026-02-05 09:30:00-05:00,2.799999952316284,2.9049999713897705,2.75,2.8949999809265137,96880,0.0,0.0,BAER,15m
2026-02-05 09:45:00-05:00,2.8949999809265137,2.9084999561309814,2.7799999713897705,2.7850000858306885,13027,0.0,0.0,BAER,15m
2026-02-05 10:00:00-05:00,2.8050999641418457,2.8050999641418457,2.7100000381469727,2.75,34363,0.0,0.0,BAER,15m
2026-02-05 10:15:00-05:00,2.740000009536743,2.798799991607666,2.7200000286102295,2.7799999713897705,115033,0.0,0.0,BAER,15m
2026-02-05 10:30:00-05:00,2.759999990463257,2.7699999809265137,2.740000009536743,2.75,7965,0.0,0.0,BAER,15m
2026-02-05 10:45:00-05:00,2.7750000953674316,2.8399999141693115,2.7750000953674316,2.805000066757202,10308,0.0,0.0,BAER,15m
2026-02-05 11:00:00-05:00,2.805000066757202,2.8315000534057617,2.7899999618530273,2.796999931335449,6256,0.0,0.0,BAER,15m
2026-02-05 11:15:00-05:00,2.805000066757202,2.809999942779541,2.7899999618530273,2.809999942779541,9772,0.0,0.0,BAER,15m
2026-02-05 11:30:00-05:00,2.8299999237060547,2.8499999046325684,2.8299999237060547,2.843100070953369,3785,0.0,0.0,BAER,15m
2026-02-05 11:45:00-05:00,2.849900007247925,2.890000104904175,2.8301000595092773,2.890000104904175,14559,0.0,0.0,BAER,15m
2026-02-05 12:00:00-05:00,2.880000114440918,2.9000000953674316,2.869999885559082,2.880000114440918,41983,0.0,0.0,BAER,15m
2026-02-05 12:15:00-05:00,2.869999885559082,2.869999885559082,2.8299999237060547,2.8299999237060547,9019,0.0,0.0,BAER,15m
2026-02-05 12:30:00-05:00,2.85479998588562,2.859999895095825,2.8299999237060547,2.859999895095825,1719,0.0,0.0,BAER,15m
2026-02-05 12:45:00-05:00,2.849600076675415,2.849600076675415,2.8299999237060547,2.8299999237060547,1902,0.0,0.0,BAER,15m
2026-02-05 13:00:00-05:00,2.8299999237060547,2.859999895095825,2.809999942779541,2.815000057220459,3787,0.0,0.0,BAER,15m
2026-02-05 13:15:00-05:00,2.815000057220459,2.825000047683716,2.799999952316284,2.799999952316284,4111,0.0,0.0,BAER,15m
2026-02-05 13:30:00-05:00,2.799999952316284,2.8299999237060547,2.799999952316284,2.819999933242798,2948,0.0,0.0,BAER,15m
2026-02-05 13:45:00-05:00,2.799999952316284,2.819999933242798,2.799999952316284,2.809999942779541,7166,0.0,0.0,BAER,15m
2026-02-05 14:00:00-05:00,2.809999942779541,2.825000047683716,2.799999952316284,2.825000047683716,7792,0.0,0.0,BAER,15m
2026-02-05 14:15:00-05:00,2.809999942779541,2.8299999237060547,2.809999942779541,2.809999942779541,4696,0.0,0.0,BAER,15m
2026-02-05 14:30:00-05:00,2.819999933242798,2.822700023651123,2.7899999618530273,2.7899999618530273,18865,0.0,0.0,BAER,15m
2026-02-05 14:45:00-05:00,2.7976999282836914,2.809999942779541,2.7699999809265137,2.7899999618530273,5906,0.0,0.0,BAER,15m
2026-02-05 15:00:00-05:00,2.7899999618530273,2.809999942779541,2.780100107192993,2.799999952316284,18407,0.0,0.0,BAER,15m
2026-02-05 15:15:00-05:00,2.799999952316284,2.799999952316284,2.7300000190734863,2.7300000190734863,58020,0.0,0.0,BAER,15m
2026-02-05 15:30:00-05:00,2.7300000190734863,2.75,2.7200000286102295,2.7300000190734863,7968,0.0,0.0,BAER,15m
2026-02-05 15:45:00-05:00,2.721400022506714,2.7300000190734863,2.680000066757202,2.700000047683716,39115,0.0,0.0,BAER,15m
2026-02-06 09:30:00-05:00,2.7200000286102295,2.9200000762939453,2.7100000381469727,2.9200000762939453,62197,0.0,0.0,BAER,15m
2026-02-06 09:45:00-05:00,2.8550000190734863,2.8919999599456787,2.8340001106262207,2.8499999046325684,69901,0.0,0.0,BAER,15m
2026-02-06 10:00:00-05:00,2.8499999046325684,2.890000104904175,2.7799999713897705,2.840100049972534,10994,0.0,0.0,BAER,15m
2026-02-06 10:15:00-05:00,2.800100088119507,2.9200000762939453,2.799999952316284,2.8299999237060547,19360,0.0,0.0,BAER,15m
2026-02-06 10:30:00-05:00,2.8299999237060547,2.9000000953674316,2.8299999237060547,2.8499999046325684,8712,0.0,0.0,BAER,15m
2026-02-06 10:45:00-05:00,2.880000114440918,2.9000000953674316,2.880000114440918,2.9000000953674316,13048,0.0,0.0,BAER,15m
2026-02-06 11:00:00-05:00,2.9000000953674316,2.9100000858306885,2.884999990463257,2.9100000858306885,22859,0.0,0.0,BAER,15m
2026-02-06 11:15:00-05:00,2.900899887084961,2.9179999828338623,2.9000000953674316,2.9000000953674316,12112,0.0,0.0,BAER,15m
2026-02-06 11:30:00-05:00,2.9000000953674316,2.9100000858306885,2.869999885559082,2.908600091934204,17459,0.0,0.0,BAER,15m
2026-02-06 11:45:00-05:00,2.9079999923706055,2.9200000762939453,2.890000104904175,2.890000104904175,41519,0.0,0.0,BAER,15m
2026-02-06 12:00:00-05:00,2.880000114440918,2.9149999618530273,2.880000114440918,2.890000104904175,25197,0.0,0.0,BAER,15m
2026-02-06 12:15:00-05:00,2.869999885559082,2.869999885559082,2.859999895095825,2.869999885559082,143795,0.0,0.0,BAER,15m
2026-02-06 12:30:00-05:00,2.865000009536743,2.869999885559082,2.8499999046325684,2.859999895095825,4154,0.0,0.0,BAER,15m
2026-02-06 12:45:00-05:00,2.865000009536743,2.865000009536743,2.8399999141693115,2.865000009536743,16888,0.0,0.0,BAER,15m
2026-02-06 13:00:00-05:00,2.8589999675750732,2.865000009536743,2.8499999046325684,2.8499999046325684,5604,0.0,0.0,BAER,15m
2026-02-06 13:15:00-05:00,2.8499999046325684,2.869999885559082,2.8478000164031982,2.869999885559082,7585,0.0,0.0,BAER,15m
2026-02-06 13:30:00-05:00,2.8798999786376953,2.9000000953674316,2.8499999046325684,2.890000104904175,8439,0.0,0.0,BAER,15m
2026-02-06 13:45:00-05:00,2.890000104904175,2.9000000953674316,2.869999885559082,2.875,41428,0.0,0.0,BAER,15m
2026-02-06 14:00:00-05:00,2.875,2.880000114440918,2.859999895095825,2.880000114440918,14371,0.0,0.0,BAER,15m
2026-02-06 14:15:00-05:00,2.859999895095825,2.9100000858306885,2.859999895095825,2.9000000953674316,22273,0.0,0.0,BAER,15m
2026-02-06 14:30:00-05:00,2.890000104904175,2.9165000915527344,2.880000114440918,2.9065001010894775,12001,0.0,0.0,BAER,15m
2026-02-06 14:45:00-05:00,2.9100000858306885,2.9100000858306885,2.890000104904175,2.9000000953674316,11864,0.0,0.0,BAER,15m
2026-02-06 15:00:00-05:00,2.890000104904175,2.9100000858306885,2.869999885559082,2.880000114440918,256234,0.0,0.0,BAER,15m
2026-02-06 15:15:00-05:00,2.869999885559082,2.9070000648498535,2.869999885559082,2.9070000648498535,263652,0.0,0.0,BAER,15m
2026-02-06 15:30:00-05:00,2.9028000831604004,2.9028000831604004,2.869999885559082,2.869999885559082,5130,0.0,0.0,BAER,15m
2026-02-06 15:45:00-05:00,2.875,2.9000000953674316,2.869999885559082,2.8949999809265137,41241,0.0,0.0,BAER,15m
2026-02-09 09:30:00-05:00,2.9100000858306885,2.9100000858306885,2.809999942779541,2.839900016784668,59929,0.0,0.0,BAER,15m
2026-02-09 09:45:00-05:00,2.8299999237060547,2.8559999465942383,2.799999952316284,2.809999942779541,23506,0.0,0.0,BAER,15m
2026-02-09 10:00:00-05:00,2.802000045776367,2.8399999141693115,2.7660000324249268,2.8399999141693115,32466,0.0,0.0,BAER,15m
2026-02-09 10:15:00-05:00,2.875999927520752,2.909899950027466,2.8756000995635986,2.883699893951416,17455,0.0,0.0,BAER,15m
2026-02-09 10:30:00-05:00,2.890000104904175,2.9100000858306885,2.799999952316284,2.799999952316284,19826,0.0,0.0,BAER,15m
2026-02-09 10:45:00-05:00,2.799999952316284,2.8299999237060547,2.799999952316284,2.819999933242798,11725,0.0,0.0,BAER,15m
2026-02-09 11:00:00-05:00,2.809999942779541,2.819999933242798,2.7852001190185547,2.809499979019165,29275,0.0,0.0,BAER,15m
2026-02-09 11:15:00-05:00,2.809299945831299,2.809299945831299,2.799999952316284,2.803999900817871,12422,0.0,0.0,BAER,15m
2026-02-09 11:30:00-05:00,2.8041000366210938,2.847899913787842,2.799999952316284,2.799999952316284,9278,0.0,0.0,BAER,15m
2026-02-09 11:45:00-05:00,2.8041000366210938,2.809999942779541,2.794600009918213,2.799999952316284,12521,0.0,0.0,BAER,15m
2026-02-09 12:00:00-05:00,2.800100088119507,2.825000047683716,2.7960000038146973,2.799999952316284,65439,0.0,0.0,BAER,15m
2026-02-09 12:15:00-05:00,2.799999952316284,2.825000047683716,2.799999952316284,2.799999952316284,7959,0.0,0.0,BAER,15m
2026-02-09 12:30:00-05:00,2.809999942779541,2.825000047683716,2.809999942779541,2.819999933242798,64442,0.0,0.0,BAER,15m
2026-02-09 12:45:00-05:00,2.809999942779541,2.819999933242798,2.799999952316284,2.799999952316284,71118,0.0,0.0,BAER,15m
2026-02-09 13:00:00-05:00,2.799999952316284,2.809999942779541,2.7699999809265137,2.7899999618530273,21601,0.0,0.0,BAER,15m
2026-02-09 13:15:00-05:00,2.7899999618530273,2.7899999618530273,2.77020001411438,2.7899999618530273,8516,0.0,0.0,BAER,15m
2026-02-09 13:30:00-05:00,2.7880001068115234,2.7899999618530273,2.7799999713897705,2.7899999618530273,2250,0.0,0.0,BAER,15m
2026-02-09 13:45:00-05:00,2.7899999618530273,2.819999933242798,2.782399892807007,2.7950000762939453,31908,0.0,0.0,BAER,15m
2026-02-09 14:00:00-05:00,2.7918999195098877,2.799999952316284,2.7899999618530273,2.7899999618530273,12029,0.0,0.0,BAER,15m
2026-02-09 14:15:00-05:00,2.799999952316284,2.8350000381469727,2.799999952316284,2.819999933242798,21903,0.0,0.0,BAER,15m
2026-02-09 14:30:00-05:00,2.809999942779541,2.825000047683716,2.809999942779541,2.819999933242798,5130,0.0,0.0,BAER,15m
2026-02-09 14:45:00-05:00,2.819999933242798,2.8598999977111816,2.819999933242798,2.8399999141693115,19239,0.0,0.0,BAER,15m
2026-02-09 15:00:00-05:00,2.8399999141693115,2.849900007247925,2.819999933242798,2.8201000690460205,11789,0.0,0.0,BAER,15m
2026-02-09 15:15:00-05:00,2.819999933242798,2.819999933242798,2.805000066757202,2.809999942779541,10992,0.0,0.0,BAER,15m
2026-02-09 15:30:00-05:00,2.809999942779541,2.809999942779541,2.799999952316284,2.809999942779541,120802,0.0,0.0,BAER,15m
2026-02-09 15:45:00-05:00,2.815000057220459,2.859999895095825,2.809999942779541,2.8499999046325684,148477,0.0,0.0,BAER,15m
2026-02-10 09:30:00-05:00,2.890000104904175,2.930299997329712,2.8369998931884766,2.88070011138916,74663,0.0,0.0,BAER,15m
2026-02-10 09:45:00-05:00,2.864000082015991,2.869999885559082,2.7799999713897705,2.8499999046325684,43355,0.0,0.0,BAER,15m
2026-02-10 10:00:00-05:00,2.815000057220459,2.8499999046325684,2.799999952316284,2.8299999237060547,10480,0.0,0.0,BAER,15m
2026-02-10 10:15:00-05:00,2.8299999237060547,2.8399999141693115,2.819999933242798,2.8310000896453857,4604,0.0,0.0,BAER,15m
2026-02-10 10:30:00-05:00,2.8399999141693115,2.9100000858306885,2.8399999141693115,2.8901000022888184,10101,0.0,0.0,BAER,15m
2026-02-10 10:45:00-05:00,2.9100000858306885,2.9999001026153564,2.880000114440918,2.9000000953674316,235103,0.0,0.0,BAER,15m
2026-02-10 11:00:00-05:00,2.880000114440918,2.9999001026153564,2.869999885559082,2.875,94375,0.0,0.0,BAER,15m
2026-02-10 11:15:00-05:00,2.880000114440918,2.9000000953674316,2.869999885559082,2.880000114440918,181515,0.0,0.0,BAER,15m
2026-02-10 11:30:00-05:00,2.8949999809265137,3.0299999713897705,2.880000114440918,3.015000104904175,118984,0.0,0.0,BAER,15m
2026-02-10 11:45:00-05:00,3.015000104904175,3.0299999713897705,2.98009991645813,2.994999885559082,101307,0.0,0.0,BAER,15m
2026-02-10 12:00:00-05:00,2.9800000190734863,3.0095999240875244,2.9800000190734863,2.991499900817871,19196,0.0,0.0,BAER,15m
2026-02-10 12:15:00-05:00,3.0,3.0,2.9800000190734863,2.990000009536743,17051,0.0,0.0,BAER,15m
2026-02-10 12:30:00-05:00,2.9800000190734863,3.0199999809265137,2.9800000190734863,3.0,17082,0.0,0.0,BAER,15m
2026-02-10 12:45:00-05:00,3.0,3.0199999809265137,3.0,3.0,27242,0.0,0.0,BAER,15m
2026-02-10 13:00:00-05:00,3.0,3.009200096130371,2.9749999046325684,2.990000009536743,6604,0.0,0.0,BAER,15m
2026-02-10 13:15:00-05:00,2.984999895095825,3.0,2.9600000381469727,2.984999895095825,210222,0.0,0.0,BAER,15m
2026-02-10 13:30:00-05:00,2.9800000190734863,3.0,2.940000057220459,2.9800000190734863,27964,0.0,0.0,BAER,15m
2026-02-10 13:45:00-05:00,2.9605000019073486,2.9700000286102295,2.950000047683716,2.9649999141693115,4849,0.0,0.0,BAER,15m
2026-02-10 14:00:00-05:00,2.9649999141693115,2.9653000831604004,2.950000047683716,2.9649999141693115,9555,0.0,0.0,BAER,15m
2026-02-10 14:15:00-05:00,2.9649999141693115,3.0,2.9600000381469727,2.9800000190734863,23793,0.0,0.0,BAER,15m
2026-02-10 14:30:00-05:00,2.9798998832702637,2.984999895095825,2.9609999656677246,2.9790000915527344,17999,0.0,0.0,BAER,15m
2026-02-10 14:45:00-05:00,2.9749999046325684,2.9860000610351562,2.9714999198913574,2.9749999046325684,6035,0.0,0.0,BAER,15m
2026-02-10 15:00:00-05:00,2.9749999046325684,3.005000114440918,2.9700000286102295,2.9700000286102295,9793,0.0,0.0,BAER,15m
2026-02-10 15:15:00-05:00,2.9800000190734863,2.9800000190734863,2.9200000762939453,2.930000066757202,37967,0.0,0.0,BAER,15m
2026-02-10 15:30:00-05:00,2.920099973678589,2.925100088119507,2.9019999504089355,2.9019999504089355,17675,0.0,0.0,BAER,15m
2026-02-10 15:45:00-05:00,2.890000104904175,2.8901000022888184,2.859999895095825,2.86299991607666,30956,0.0,0.0,BAER,15m
2026-02-11 09:30:00-05:00,2.9000000953674316,2.934999942779541,2.799999952316284,2.8350000381469727,77974,0.0,0.0,BAER,15m
2026-02-11 09:45:00-05:00,2.840399980545044,2.859999895095825,2.7899999618530273,2.7899999618530273,11159,0.0,0.0,BAER,15m
2026-02-11 10:00:00-05:00,2.8099000453948975,2.819999933242798,2.7300000190734863,2.7474000453948975,64406,0.0,0.0,BAER,15m
2026-02-11 10:15:00-05:00,2.7483999729156494,2.759399890899658,2.7049999237060547,2.740000009536743,32864,0.0,0.0,BAER,15m
2026-02-11 10:30:00-05:00,2.7300000190734863,2.740000009536743,2.700000047683716,2.7049999237060547,20717,0.0,0.0,BAER,15m
2026-02-11 10:45:00-05:00,2.700000047683716,2.7535998821258545,2.680000066757202,2.744999885559082,80252,0.0,0.0,BAER,15m
2026-02-11 11:00:00-05:00,2.744999885559082,2.7699999809265137,2.740000009536743,2.76990008354187,10754,0.0,0.0,BAER,15m
2026-02-11 11:15:00-05:00,2.759999990463257,2.778899908065796,2.75,2.75,12733,0.0,0.0,BAER,15m
2026-02-11 11:30:00-05:00,2.75,2.755000114440918,2.7100000381469727,2.746999979019165,49428,0.0,0.0,BAER,15m
2026-02-11 11:45:00-05:00,2.742500066757202,2.75,2.7200000286102295,2.7300000190734863,27403,0.0,0.0,BAER,15m
2026-02-11 12:00:00-05:00,2.7200000286102295,2.7300000190734863,2.700000047683716,2.710099935531616,26617,0.0,0.0,BAER,15m
2026-02-11 12:15:00-05:00,2.7100000381469727,2.7298998832702637,2.7049999237060547,2.7298998832702637,14628,0.0,0.0,BAER,15m
2026-02-11 12:30:00-05:00,2.7200000286102295,2.7200000286102295,2.7021000385284424,2.7049999237060547,6213,0.0,0.0,BAER,15m
2026-02-11 12:45:00-05:00,2.700000047683716,2.7190001010894775,2.691499948501587,2.691499948501587,23877,0.0,0.0,BAER,15m
2026-02-11 13:00:00-05:00,2.690000057220459,2.694999933242798,2.680000066757202,2.680000066757202,7838,0.0,0.0,BAER,15m
2026-02-11 13:15:00-05:00,2.690000057220459,2.709700107574463,2.690000057220459,2.709700107574463,3465,0.0,0.0,BAER,15m
2026-02-11 13:30:00-05:00,2.700000047683716,2.700000047683716,2.690000057220459,2.6988000869750977,7836,0.0,0.0,BAER,15m
2026-02-11 13:45:00-05:00,2.694999933242798,2.7200000286102295,2.694999933242798,2.7200000286102295,11238,0.0,0.0,BAER,15m
2026-02-11 14:00:00-05:00,2.7149999141693115,2.7300000190734863,2.7100000381469727,2.7300000190734863,3261,0.0,0.0,BAER,15m
2026-02-11 14:15:00-05:00,2.7356998920440674,2.7356998920440674,2.690000057220459,2.719899892807007,40051,0.0,0.0,BAER,15m
2026-02-11 14:30:00-05:00,2.7100000381469727,2.7298998832702637,2.700000047683716,2.7298998832702637,44751,0.0,0.0,BAER,15m
2026-02-11 14:45:00-05:00,2.732800006866455,2.819999933242798,2.7300000190734863,2.7941999435424805,45920,0.0,0.0,BAER,15m
2026-02-11 15:00:00-05:00,2.7899999618530273,2.815000057220459,2.7899999618530273,2.7950000762939453,12571,0.0,0.0,BAER,15m
2026-02-11 15:15:00-05:00,2.7899999618530273,2.7899999618530273,2.7725000381469727,2.7776999473571777,9946,0.0,0.0,BAER,15m
2026-02-11 15:30:00-05:00,2.773900032043457,2.7899999618530273,2.7600998878479004,2.7799999713897705,17749,0.0,0.0,BAER,15m
2026-02-11 15:45:00-05:00,2.7718000411987305,2.809999942779541,2.759999990463257,2.7950000762939453,215693,0.0,0.0,BAER,15m
2026-02-12 09:30:00-05:00,2.7899999618530273,2.819999933242798,2.778700113296509,2.809999942779541,24119,0.0,0.0,BAER,15m
2026-02-12 09:45:00-05:00,2.759999990463257,2.819999933242798,2.740000009536743,2.799999952316284,28173,0.0,0.0,BAER,15m
2026-02-12 10:00:00-05:00,2.799999952316284,2.799999952316284,2.7100000381469727,2.7300000190734863,43987,0.0,0.0,BAER,15m
2026-02-12 10:15:00-05:00,2.7300000190734863,2.7300000190734863,2.700000047683716,2.700000047683716,10723,0.0,0.0,BAER,15m
2026-02-12 10:30:00-05:00,2.7100000381469727,2.7100000381469727,2.660099983215332,2.6700000762939453,23463,0.0,0.0,BAER,15m
2026-02-12 10:45:00-05:00,2.6649999618530273,2.6649999618530273,2.600100040435791,2.634999990463257,45633,0.0,0.0,BAER,15m
2026-02-12 11:00:00-05:00,2.640000104904175,2.640000104904175,2.6050000190734863,2.619999885559082,33488,0.0,0.0,BAER,15m
2026-02-12 11:15:00-05:00,2.619999885559082,2.6298999786376953,2.599900007247925,2.5999999046325684,23375,0.0,0.0,BAER,15m
2026-02-12 11:30:00-05:00,2.590100049972534,2.640000104904175,2.5899999141693115,2.625,50778,0.0,0.0,BAER,15m
2026-02-12 11:45:00-05:00,2.630000114440918,2.630000114440918,2.609999895095825,2.619999885559082,25158,0.0,0.0,BAER,15m
2026-02-12 12:00:00-05:00,2.631999969482422,2.634999990463257,2.609999895095825,2.615000009536743,3534,0.0,0.0,BAER,15m
2026-02-12 12:15:00-05:00,2.615000009536743,2.6700000762939453,2.5999999046325684,2.6500000953674316,55855,0.0,0.0,BAER,15m
2026-02-12 12:30:00-05:00,2.640000104904175,2.6649999618530273,2.6389000415802,2.6500000953674316,5515,0.0,0.0,BAER,15m
2026-02-12 12:45:00-05:00,2.6600000858306885,2.6700000762939453,2.6500000953674316,2.6500000953674316,10834,0.0,0.0,BAER,15m
2026-02-12 13:00:00-05:00,2.640000104904175,2.6700000762939453,2.619999885559082,2.634999990463257,26538,0.0,0.0,BAER,15m
2026-02-12 13:15:00-05:00,2.625,2.640000104904175,2.610100030899048,2.640000104904175,13299,0.0,0.0,BAER,15m
2026-02-12 13:30:00-05:00,2.640000104904175,2.640000104904175,2.615000009536743,2.640000104904175,2850,0.0,0.0,BAER,15m
2026-02-12 13:45:00-05:00,2.6600000858306885,2.690000057220459,2.6500000953674316,2.6649999618530273,127416,0.0,0.0,BAER,15m
2026-02-12 14:00:00-05:00,2.661400079727173,2.6649999618530273,2.6600000858306885,2.660099983215332,3357,0.0,0.0,BAER,15m
2026-02-12 14:15:00-05:00,2.6649999618530273,2.690000057220459,2.6600000858306885,2.6600000858306885,31229,0.0,0.0,BAER,15m
2026-02-12 14:30:00-05:00,2.6649999618530273,2.7149999141693115,2.6649999618530273,2.7149999141693115,33498,0.0,0.0,BAER,15m
2026-02-12 14:45:00-05:00,2.7100000381469727,2.7149999141693115,2.680000066757202,2.690000057220459,16398,0.0,0.0,BAER,15m
2026-02-12 15:00:00-05:00,2.690000057220459,2.700000047683716,2.684999942779541,2.6995999813079834,10533,0.0,0.0,BAER,15m
2026-02-12 15:15:00-05:00,2.699899911880493,2.699899911880493,2.680000066757202,2.690000057220459,9932,0.0,0.0,BAER,15m
2026-02-12 15:30:00-05:00,2.680000066757202,2.700000047683716,2.680000066757202,2.690000057220459,11624,0.0,0.0,BAER,15m
2026-02-12 15:45:00-05:00,2.684999942779541,2.700000047683716,2.6700000762939453,2.674999952316284,21388,0.0,0.0,BAER,15m
2026-02-13 09:30:00-05:00,2.722899913787842,2.722899913787842,2.630000114440918,2.700000047683716,17680,0.0,0.0,BAER,15m
2026-02-13 09:45:00-05:00,2.674999952316284,2.7044999599456787,2.6500000953674316,2.6503000259399414,43179,0.0,0.0,BAER,15m
2026-02-13 10:00:00-05:00,2.6549999713897705,2.6700000762939453,2.630000114440918,2.640000104904175,5643,0.0,0.0,BAER,15m
2026-02-13 10:15:00-05:00,2.630000114440918,2.680000066757202,2.630000114440918,2.680000066757202,8045,0.0,0.0,BAER,15m
2026-02-13 10:30:00-05:00,2.700000047683716,2.700000047683716,2.6700000762939453,2.680000066757202,20619,0.0,0.0,BAER,15m
2026-02-13 10:45:00-05:00,2.680000066757202,2.680000066757202,2.642199993133545,2.6600000858306885,30097,0.0,0.0,BAER,15m
2026-02-13 11:00:00-05:00,2.660099983215332,2.700000047683716,2.6600000858306885,2.680299997329712,12565,0.0,0.0,BAER,15m
2026-02-13 11:15:00-05:00,2.670099973678589,2.680000066757202,2.6700000762939453,2.6700000762939453,5222,0.0,0.0,BAER,15m
2026-02-13 11:30:00-05:00,2.6700000762939453,2.690000057220459,2.6700000762939453,2.690000057220459,1936,0.0,0.0,BAER,15m
2026-02-13 11:45:00-05:00,2.680000066757202,2.680000066757202,2.6649999618530273,2.6649999618530273,29667,0.0,0.0,BAER,15m
2026-02-13 12:00:00-05:00,2.6600000858306885,2.700000047683716,2.6600000858306885,2.698499917984009,18019,0.0,0.0,BAER,15m
2026-02-13 12:15:00-05:00,2.694999933242798,2.694999933242798,2.680000066757202,2.6821999549865723,60773,0.0,0.0,BAER,15m
2026-02-13 12:30:00-05:00,2.6800999641418457,2.7249999046325684,2.674999952316284,2.7249999046325684,20238,0.0,0.0,BAER,15m
2026-02-13 12:45:00-05:00,2.7200000286102295,2.7200000286102295,2.694999933242798,2.694999933242798,7061,0.0,0.0,BAER,15m
2026-02-13 13:00:00-05:00,2.690000057220459,2.699700117111206,2.690000057220459,2.699700117111206,3829,0.0,0.0,BAER,15m
2026-02-13 13:15:00-05:00,2.694999933242798,2.6998000144958496,2.690000057220459,2.690000057220459,1569,0.0,0.0,BAER,15m
2026-02-13 13:30:00-05:00,2.680000066757202,2.684999942779541,2.680000066757202,2.680000066757202,1309,0.0,0.0,BAER,15m
2026-02-13 13:45:00-05:00,2.700000047683716,2.700000047683716,2.680000066757202,2.680000066757202,1432,0.0,0.0,BAER,15m
2026-02-13 14:00:00-05:00,2.690000057220459,2.690000057220459,2.680000066757202,2.680000066757202,802,0.0,0.0,BAER,15m
2026-02-13 14:15:00-05:00,2.680000066757202,2.684999942779541,2.6535000801086426,2.6549999713897705,18040,0.0,0.0,BAER,15m
2026-02-13 14:30:00-05:00,2.6600000858306885,2.6600000858306885,2.6301000118255615,2.634999990463257,53065,0.0,0.0,BAER,15m
2026-02-13 14:45:00-05:00,2.640000104904175,2.6449999809265137,2.615000009536743,2.615000009536743,21161,0.0,0.0,BAER,15m
2026-02-13 15:00:00-05:00,2.6198999881744385,2.625,2.615000009536743,2.615000009536743,1487,0.0,0.0,BAER,15m
2026-02-13 15:15:00-05:00,2.6240999698638916,2.6240999698638916,2.5913000106811523,2.5999999046325684,22757,0.0,0.0,BAER,15m
2026-02-13 15:30:00-05:00,2.5950000286102295,2.6050000190734863,2.5950000286102295,2.6050000190734863,8963,0.0,0.0,BAER,15m
2026-02-13 15:45:00-05:00,2.6050000190734863,2.6050000190734863,2.5899999141693115,2.5999999046325684,15886,0.0,0.0,BAER,15m
2026-02-17 09:30:00-05:00,2.5999999046325684,2.609999895095825,2.5,2.5399999618530273,90702,0.0,0.0,BAER,15m
2026-02-17 09:45:00-05:00,2.5399999618530273,2.559999942779541,2.509999990463257,2.5209999084472656,39863,0.0,0.0,BAER,15m
2026-02-17 10:00:00-05:00,2.5,2.5420000553131104,2.5,2.5234999656677246,42984,0.0,0.0,BAER,15m
2026-02-17 10:15:00-05:00,2.510200023651123,2.510200023651123,2.4800000190734863,2.505000114440918,66828,0.0,0.0,BAER,15m
2026-02-17 10:30:00-05:00,2.505000114440918,2.5095999240875244,2.5,2.505000114440918,20898,0.0,0.0,BAER,15m
2026-02-17 10:45:00-05:00,2.505000114440918,2.509999990463257,2.505000114440918,2.505000114440918,95063,0.0,0.0,BAER,15m
2026-02-17 11:00:00-05:00,2.505000114440918,2.5999999046325684,2.505000114440918,2.5899999141693115,13494,0.0,0.0,BAER,15m
2026-02-17 11:15:00-05:00,2.5999999046325684,2.630000114440918,2.5815000534057617,2.629199981689453,7730,0.0,0.0,BAER,15m
2026-02-17 11:30:00-05:00,2.615000009536743,2.630000114440918,2.605799913406372,2.605799913406372,1072,0.0,0.0,BAER,15m
2026-02-17 11:45:00-05:00,2.615000009536743,2.6298999786376953,2.5999999046325684,2.6298999786376953,2965,0.0,0.0,BAER,15m
2026-02-17 12:00:00-05:00,2.5999999046325684,2.615000009536743,2.5999999046325684,2.609999895095825,2487,0.0,0.0,BAER,15m
2026-02-17 12:15:00-05:00,2.615000009536743,2.619999885559082,2.5999999046325684,2.5999999046325684,6497,0.0,0.0,BAER,15m
2026-02-17 12:30:00-05:00,2.5999999046325684,2.615000009536743,2.5999999046325684,2.5999999046325684,1424,0.0,0.0,BAER,15m
2026-02-17 12:45:00-05:00,2.5901999473571777,2.5999999046325684,2.5901999473571777,2.5999999046325684,2522,0.0,0.0,BAER,15m
2026-02-17 13:00:00-05:00,2.5999999046325684,2.609999895095825,2.5934998989105225,2.6098999977111816,6749,0.0,0.0,BAER,15m
2026-02-17 13:15:00-05:00,2.5899999141693115,2.5899999141693115,2.5850000381469727,2.5899999141693115,14318,0.0,0.0,BAER,15m
2026-02-17 13:30:00-05:00,2.5999999046325684,2.609999895095825,2.5999999046325684,2.609999895095825,625,0.0,0.0,BAER,15m
2026-02-17 13:45:00-05:00,2.5903000831604004,2.640000104904175,2.5903000831604004,2.630000114440918,10101,0.0,0.0,BAER,15m
2026-02-17 14:00:00-05:00,2.619999885559082,2.630000114440918,2.619999885559082,2.630000114440918,1630,0.0,0.0,BAER,15m
2026-02-17 14:15:00-05:00,2.625,2.640000104904175,2.625,2.634999990463257,793,0.0,0.0,BAER,15m
2026-02-17 14:30:00-05:00,2.630000114440918,2.630000114440918,2.630000114440918,2.630000114440918,1614,0.0,0.0,BAER,15m
2026-02-17 14:45:00-05:00,2.6600000858306885,2.6600000858306885,2.569999933242798,2.5850000381469727,26273,0.0,0.0,BAER,15m
2026-02-17 15:00:00-05:00,2.569999933242798,2.5799999237060547,2.549999952316284,2.5517001152038574,1751,0.0,0.0,BAER,15m
2026-02-17 15:15:00-05:00,2.555000066757202,2.555000066757202,2.5450000762939453,2.5450000762939453,4987,0.0,0.0,BAER,15m
2026-02-17 15:30:00-05:00,2.5450000762939453,2.559999942779541,2.54010009765625,2.549999952316284,14738,0.0,0.0,BAER,15m
2026-02-17 15:45:00-05:00,2.555000066757202,2.569999933242798,2.5350000858306885,2.565000057220459,48881,0.0,0.0,BAER,15m
2026-02-18 09:30:00-05:00,2.559999942779541,2.6500000953674316,2.5399999618530273,2.5850000381469727,25462,0.0,0.0,BAER,15m
2026-02-18 09:45:00-05:00,2.609999895095825,2.609999895095825,2.559999942779541,2.5850000381469727,9996,0.0,0.0,BAER,15m
2026-02-18 10:00:00-05:00,2.575000047683716,2.6098999977111816,2.569999933242798,2.6098999977111816,5669,0.0,0.0,BAER,15m
2026-02-18 10:15:00-05:00,2.5999999046325684,2.609999895095825,2.5899999141693115,2.5999999046325684,9336,0.0,0.0,BAER,15m
2026-02-18 10:30:00-05:00,2.5899999141693115,2.625,2.5899999141693115,2.5999999046325684,13637,0.0,0.0,BAER,15m
2026-02-18 10:45:00-05:00,2.609999895095825,2.609999895095825,2.5999999046325684,2.5999999046325684,7838,0.0,0.0,BAER,15m
2026-02-18 11:00:00-05:00,2.5999999046325684,2.619999885559082,2.5999999046325684,2.6050000190734863,9457,0.0,0.0,BAER,15m
2026-02-18 11:15:00-05:00,2.6019999980926514,2.6050000190734863,2.5850000381469727,2.5850000381469727,2816,0.0,0.0,BAER,15m
2026-02-18 11:30:00-05:00,2.5999999046325684,2.5999999046325684,2.5799999237060547,2.5899999141693115,2562,0.0,0.0,BAER,15m
2026-02-18 11:45:00-05:00,2.5899999141693115,2.5899999141693115,2.5799999237060547,2.5899999141693115,2769,0.0,0.0,BAER,15m
2026-02-18 12:00:00-05:00,2.5799999237060547,2.5894999504089355,2.569999933242798,2.569999933242798,14969,0.0,0.0,BAER,15m
2026-02-18 12:15:00-05:00,2.569999933242798,2.5899999141693115,2.569999933242798,2.569999933242798,9354,0.0,0.0,BAER,15m
2026-02-18 12:30:00-05:00,2.561300039291382,2.569999933242798,2.559999942779541,2.5638999938964844,3027,0.0,0.0,BAER,15m
2026-02-18 12:45:00-05:00,2.565000057220459,2.575000047683716,2.5638999938964844,2.575000047683716,7681,0.0,0.0,BAER,15m
2026-02-18 13:00:00-05:00,2.575000047683716,2.5799999237060547,2.575000047683716,2.575000047683716,4358,0.0,0.0,BAER,15m
2026-02-18 13:15:00-05:00,2.575000047683716,2.5799999237060547,2.549999952316284,2.559999942779541,51442,0.0,0.0,BAER,15m
2026-02-18 13:30:00-05:00,2.5799999237060547,2.6050000190734863,2.575000047683716,2.5799999237060547,12996,0.0,0.0,BAER,15m
2026-02-18 13:45:00-05:00,2.5799999237060547,2.5899999141693115,2.559999942779541,2.569999933242798,11343,0.0,0.0,BAER,15m
2026-02-18 14:00:00-05:00,2.569999933242798,2.569999933242798,2.559999942779541,2.569999933242798,2158,0.0,0.0,BAER,15m
2026-02-18 14:15:00-05:00,2.575000047683716,2.5850000381469727,2.575000047683716,2.575000047683716,3367,0.0,0.0,BAER,15m
2026-02-18 14:30:00-05:00,2.5850000381469727,2.5850000381469727,2.569999933242798,2.575000047683716,18123,0.0,0.0,BAER,15m
2026-02-18 14:45:00-05:00,2.575000047683716,2.5999999046325684,2.575000047683716,2.575000047683716,12104,0.0,0.0,BAER,15m
2026-02-18 15:00:00-05:00,2.575000047683716,2.5899999141693115,2.569999933242798,2.5799999237060547,12047,0.0,0.0,BAER,15m
2026-02-18 15:15:00-05:00,2.5799999237060547,2.5880000591278076,2.5799999237060547,2.5799999237060547,2503,0.0,0.0,BAER,15m
2026-02-18 15:30:00-05:00,2.569999933242798,2.5950000286102295,2.569999933242798,2.5950000286102295,13793,0.0,0.0,BAER,15m
2026-02-18 15:45:00-05:00,2.5950000286102295,2.6050000190734863,2.5799999237060547,2.5950000286102295,29759,0.0,0.0,BAER,15m
2026-02-19 09:30:00-05:00,2.549999952316284,2.549999952316284,2.490000009536743,2.5399999618530273,42232,0.0,0.0,BAER,15m
2026-02-19 09:45:00-05:00,2.5499000549316406,2.575000047683716,2.5450000762939453,2.5615999698638916,11082,0.0,0.0,BAER,15m
2026-02-19 10:00:00-05:00,2.559999942779541,2.559999942779541,2.549999952316284,2.559999942779541,8262,0.0,0.0,BAER,15m
2026-02-19 10:15:00-05:00,2.559999942779541,2.5764999389648438,2.559999942779541,2.569999933242798,3286,0.0,0.0,BAER,15m
2026-02-19 10:30:00-05:00,2.5899999141693115,2.5899999141693115,2.569999933242798,2.589900016784668,5291,0.0,0.0,BAER,15m
2026-02-19 10:45:00-05:00,2.5799999237060547,2.5999999046325684,2.5799999237060547,2.5999999046325684,12910,0.0,0.0,BAER,15m
2026-02-19 11:00:00-05:00,2.5950000286102295,2.5950000286102295,2.5799999237060547,2.5850000381469727,1933,0.0,0.0,BAER,15m
2026-02-19 11:15:00-05:00,2.5799999237060547,2.5799999237060547,2.569999933242798,2.575000047683716,2158,0.0,0.0,BAER,15m
2026-02-19 11:30:00-05:00,2.5601000785827637,2.569999933242798,2.559999942779541,2.569999933242798,1510,0.0,0.0,BAER,15m
2026-02-19 11:45:00-05:00,2.559999942779541,2.569999933242798,2.555000066757202,2.555000066757202,3826,0.0,0.0,BAER,15m
2026-02-19 12:00:00-05:00,2.555000066757202,2.555000066757202,2.5450000762939453,2.555000066757202,6678,0.0,0.0,BAER,15m
2026-02-19 12:15:00-05:00,2.549999952316284,2.555000066757202,2.549999952316284,2.555000066757202,2242,0.0,0.0,BAER,15m
2026-02-19 12:30:00-05:00,2.555000066757202,2.555000066757202,2.555000066757202,2.555000066757202,844,0.0,0.0,BAER,15m
2026-02-19 12:45:00-05:00,2.559999942779541,2.569999933242798,2.549999952316284,2.549999952316284,12877,0.0,0.0,BAER,15m
2026-02-19 13:00:00-05:00,2.5441999435424805,2.5441999435424805,2.5350000858306885,2.5399999618530273,1576,0.0,0.0,BAER,15m
2026-02-19 13:15:00-05:00,2.549999952316284,2.549999952316284,2.5308001041412354,2.5350000858306885,2599,0.0,0.0,BAER,15m
2026-02-19 13:30:00-05:00,2.5443999767303467,2.549999952316284,2.5350000858306885,2.549999952316284,1242,0.0,0.0,BAER,15m
2026-02-19 13:45:00-05:00,2.549999952316284,2.555000066757202,2.549999952316284,2.549999952316284,2130,0.0,0.0,BAER,15m
2026-02-19 14:00:00-05:00,2.549999952316284,2.569999933242798,2.549999952316284,2.559999942779541,1190,0.0,0.0,BAER,15m
2026-02-19 14:15:00-05:00,2.559999942779541,2.569999933242798,2.559999942779541,2.559999942779541,1905,0.0,0.0,BAER,15m
2026-02-19 14:30:00-05:00,2.559999942779541,2.569999933242798,2.559999942779541,2.559999942779541,1539,0.0,0.0,BAER,15m
2026-02-19 14:45:00-05:00,2.5782999992370605,2.5782999992370605,2.559999942779541,2.559999942779541,2358,0.0,0.0,BAER,15m
2026-02-19 15:00:00-05:00,2.559999942779541,2.5999999046325684,2.559999942779541,2.5999999046325684,8939,0.0,0.0,BAER,15m
2026-02-19 15:15:00-05:00,2.5999999046325684,2.625,2.5899999141693115,2.5899999141693115,33877,0.0,0.0,BAER,15m
2026-02-19 15:30:00-05:00,2.5999999046325684,2.630000114440918,2.5950000286102295,2.625,14652,0.0,0.0,BAER,15m
2026-02-19 15:45:00-05:00,2.619999885559082,2.630000114440918,2.6050000190734863,2.619999885559082,124721,0.0,0.0,BAER,15m
2026-02-20 09:30:00-05:00,2.5999999046325684,2.625,2.5899999141693115,2.5999999046325684,9248,0.0,0.0,BAER,15m
2026-02-20 09:45:00-05:00,2.5999999046325684,2.6050000190734863,2.5199999809265137,2.555000066757202,9528,0.0,0.0,BAER,15m
2026-02-20 10:00:00-05:00,2.579900026321411,2.5799999237060547,2.5211000442504883,2.569999933242798,5277,0.0,0.0,BAER,15m
2026-02-20 10:15:00-05:00,2.5655999183654785,2.575000047683716,2.5655999183654785,2.569999933242798,3419,0.0,0.0,BAER,15m
2026-02-20 10:30:00-05:00,2.5761001110076904,2.5761001110076904,2.555000066757202,2.555000066757202,1616,0.0,0.0,BAER,15m
2026-02-20 10:45:00-05:00,2.569999933242798,2.569999933242798,2.559999942779541,2.559999942779541,809,0.0,0.0,BAER,15m
2026-02-20 11:00:00-05:00,2.555000066757202,2.565000057220459,2.5399999618530273,2.565000057220459,1811,0.0,0.0,BAER,15m
2026-02-20 11:15:00-05:00,2.565000057220459,2.5799999237060547,2.549999952316284,2.549999952316284,16894,0.0,0.0,BAER,15m
2026-02-20 11:30:00-05:00,2.549999952316284,2.569999933242798,2.5399999618530273,2.559999942779541,14067,0.0,0.0,BAER,15m
2026-02-20 11:45:00-05:00,2.569999933242798,2.569999933242798,2.549999952316284,2.565000057220459,28432,0.0,0.0,BAER,15m
2026-02-20 12:00:00-05:00,2.549999952316284,2.549999952316284,2.5299999713897705,2.5299999713897705,29456,0.0,0.0,BAER,15m
2026-02-20 12:15:00-05:00,2.5299999713897705,2.5299999713897705,2.490000009536743,2.505000114440918,3590,0.0,0.0,BAER,15m
2026-02-20 12:30:00-05:00,2.50819993019104,2.5299999713897705,2.500200033187866,2.5299999713897705,6821,0.0,0.0,BAER,15m
2026-02-20 12:45:00-05:00,2.5250000953674316,2.5350000858306885,2.5250000953674316,2.5299999713897705,1216,0.0,0.0,BAER,15m
2026-02-20 13:00:00-05:00,2.5299999713897705,2.5399999618530273,2.5299999713897705,2.5399999618530273,1075,0.0,0.0,BAER,15m
2026-02-20 13:15:00-05:00,2.5299999713897705,2.5299999713897705,2.5007998943328857,2.5007998943328857,3167,0.0,0.0,BAER,15m
2026-02-20 13:30:00-05:00,2.515000104904175,2.5399999618530273,2.515000104904175,2.5350000858306885,1489,0.0,0.0,BAER,15m
2026-02-20 13:45:00-05:00,2.539900064468384,2.559999942779541,2.539900064468384,2.559999942779541,12439,0.0,0.0,BAER,15m
2026-02-20 14:00:00-05:00,2.559999942779541,2.559999942779541,2.549999952316284,2.5599000453948975,1029,0.0,0.0,BAER,15m
2026-02-20 14:15:00-05:00,2.5450000762939453,2.5450000762939453,2.5199999809265137,2.5250000953674316,15778,0.0,0.0,BAER,15m
2026-02-20 14:30:00-05:00,2.5250000953674316,2.5380001068115234,2.5199999809265137,2.5199999809265137,10241,0.0,0.0,BAER,15m
2026-02-20 14:45:00-05:00,2.5199999809265137,2.5199999809265137,2.5199999809265137,2.5199999809265137,502,0.0,0.0,BAER,15m
2026-02-20 15:00:00-05:00,2.505000114440918,2.509999990463257,2.490000009536743,2.509999990463257,5439,0.0,0.0,BAER,15m
2026-02-20 15:15:00-05:00,2.507200002670288,2.5106000900268555,2.5,2.5,3006,0.0,0.0,BAER,15m
2026-02-20 15:30:00-05:00,2.505000114440918,2.509999990463257,2.490000009536743,2.509999990463257,5889,0.0,0.0,BAER,15m
2026-02-20 15:45:00-05:00,2.5,2.509399890899658,2.490000009536743,2.5,30131,0.0,0.0,BAER,15m
2026-02-23 09:30:00-05:00,2.4600000381469727,2.4600000381469727,2.390000104904175,2.4100000858306885,87483,0.0,0.0,BAER,15m
2026-02-23 09:45:00-05:00,2.4100000858306885,2.4100000858306885,2.3499999046325684,2.365000009536743,25713,0.0,0.0,BAER,15m
2026-02-23 10:00:00-05:00,2.3566999435424805,2.369999885559082,2.3450000286102295,2.3499999046325684,16327,0.0,0.0,BAER,15m
2026-02-23 10:15:00-05:00,2.3499999046325684,2.3698999881744385,2.3399999141693115,2.3499999046325684,17789,0.0,0.0,BAER,15m
2026-02-23 10:30:00-05:00,2.3550000190734863,2.380000114440918,2.3550000190734863,2.375,20242,0.0,0.0,BAER,15m
2026-02-23 10:45:00-05:00,2.369999885559082,2.369999885559082,2.3350000381469727,2.3399999141693115,15833,0.0,0.0,BAER,15m
2026-02-23 11:00:00-05:00,2.3499999046325684,2.3499999046325684,2.3399999141693115,2.3399999141693115,9160,0.0,0.0,BAER,15m
2026-02-23 11:15:00-05:00,2.3399999141693115,2.369999885559082,2.3350000381469727,2.369999885559082,89734,0.0,0.0,BAER,15m
2026-02-23 11:30:00-05:00,2.3698999881744385,2.369999885559082,2.3517000675201416,2.3517000675201416,8778,0.0,0.0,BAER,15m
2026-02-23 11:45:00-05:00,2.350100040435791,2.3534998893737793,2.3201000690460205,2.325000047683716,32473,0.0,0.0,BAER,15m
2026-02-23 12:00:00-05:00,2.3303000926971436,2.359999895095825,2.3303000926971436,2.3399999141693115,15551,0.0,0.0,BAER,15m
2026-02-23 12:15:00-05:00,2.3350000381469727,2.3350000381469727,2.309999942779541,2.311300039291382,15743,0.0,0.0,BAER,15m
2026-02-23 12:30:00-05:00,2.315000057220459,2.31850004196167,2.2699999809265137,2.297600030899048,43774,0.0,0.0,BAER,15m
2026-02-23 12:45:00-05:00,2.299999952316284,2.3350000381469727,2.299999952316284,2.3350000381469727,24533,0.0,0.0,BAER,15m
2026-02-23 13:00:00-05:00,2.3399999141693115,2.3399999141693115,2.3299999237060547,2.3399999141693115,2942,0.0,0.0,BAER,15m
2026-02-23 13:15:00-05:00,2.3399999141693115,2.369999885559082,2.3299999237060547,2.369999885559082,42331,0.0,0.0,BAER,15m
2026-02-23 13:30:00-05:00,2.365000009536743,2.380000114440918,2.3499999046325684,2.359999895095825,128981,0.0,0.0,BAER,15m
2026-02-23 13:45:00-05:00,2.3550000190734863,2.369999885559082,2.3450000286102295,2.349400043487549,128489,0.0,0.0,BAER,15m
2026-02-23 14:00:00-05:00,2.3399999141693115,2.3450000286102295,2.3299999237060547,2.3299999237060547,4291,0.0,0.0,BAER,15m
2026-02-23 14:15:00-05:00,2.3499999046325684,2.365000009536743,2.3499999046325684,2.365000009536743,9779,0.0,0.0,BAER,15m
2026-02-23 14:30:00-05:00,2.36929988861084,2.3966000080108643,2.365000009536743,2.3966000080108643,26141,0.0,0.0,BAER,15m
2026-02-23 14:45:00-05:00,2.390000104904175,2.5399999618530273,2.390000104904175,2.4200000762939453,371866,0.0,0.0,BAER,15m
2026-02-23 15:00:00-05:00,2.430000066757202,2.4495999813079834,2.380000114440918,2.4200000762939453,123599,0.0,0.0,BAER,15m
2026-02-23 15:15:00-05:00,2.4200000762939453,2.4256999492645264,2.390000104904175,2.4100000858306885,47534,0.0,0.0,BAER,15m
2026-02-23 15:30:00-05:00,2.4198999404907227,2.440000057220459,2.390000104904175,2.440000057220459,89263,0.0,0.0,BAER,15m
2026-02-23 15:45:00-05:00,2.430000066757202,2.447999954223633,2.4100000858306885,2.4200000762939453,109811,0.0,0.0,BAER,15m
2026-02-24 09:30:00-05:00,2.4000000953674316,2.450000047683716,2.3301000595092773,2.434999942779541,32001,0.0,0.0,BAER,15m
2026-02-24 09:45:00-05:00,2.450000047683716,2.4600000381469727,2.4200000762939453,2.434999942779541,25889,0.0,0.0,BAER,15m
2026-02-24 10:00:00-05:00,2.4279000759124756,2.4700000286102295,2.4200000762939453,2.4600000381469727,39887,0.0,0.0,BAER,15m
2026-02-24 10:15:00-05:00,2.4600000381469727,2.492000102996826,2.4600000381469727,2.4700000286102295,15163,0.0,0.0,BAER,15m
2026-02-24 10:30:00-05:00,2.4700000286102295,2.478300094604492,2.410099983215332,2.4200000762939453,20239,0.0,0.0,BAER,15m
2026-02-24 10:45:00-05:00,2.424999952316284,2.4549999237060547,2.4200000762939453,2.4549999237060547,16759,0.0,0.0,BAER,15m
2026-02-24 11:00:00-05:00,2.450000047683716,2.4800000190734863,2.450000047683716,2.4700000286102295,2643,0.0,0.0,BAER,15m
2026-02-24 11:15:00-05:00,2.4749999046325684,2.4765000343322754,2.4700000286102295,2.4700000286102295,6658,0.0,0.0,BAER,15m
2026-02-24 11:30:00-05:00,2.4749999046325684,2.4749999046325684,2.4600000381469727,2.4649999141693115,6780,0.0,0.0,BAER,15m
2026-02-24 11:45:00-05:00,2.4649999141693115,2.4700000286102295,2.460099935531616,2.4700000286102295,8248,0.0,0.0,BAER,15m
2026-02-24 12:00:00-05:00,2.4649999141693115,2.475100040435791,2.4649999141693115,2.471100091934204,5345,0.0,0.0,BAER,15m
2026-02-24 12:15:00-05:00,2.4749999046325684,2.494999885559082,2.4600000381469727,2.4600000381469727,8182,0.0,0.0,BAER,15m
2026-02-24 12:30:00-05:00,2.4600000381469727,2.4700000286102295,2.440000057220459,2.4600000381469727,6019,0.0,0.0,BAER,15m
2026-02-24 12:45:00-05:00,2.4649999141693115,2.4700000286102295,2.4649999141693115,2.4679999351501465,7571,0.0,0.0,BAER,15m
2026-02-24 13:00:00-05:00,2.4700000286102295,2.4749999046325684,2.4600000381469727,2.4700000286102295,5234,0.0,0.0,BAER,15m
2026-02-24 13:15:00-05:00,2.4700000286102295,2.4700000286102295,2.450000047683716,2.4700000286102295,8307,0.0,0.0,BAER,15m
2026-02-24 13:30:00-05:00,2.469899892807007,2.484999895095825,2.4649999141693115,2.4800000190734863,3765,0.0,0.0,BAER,15m
2026-02-24 13:45:00-05:00,2.4749999046325684,2.5,2.4749999046325684,2.494999885559082,61246,0.0,0.0,BAER,15m
2026-02-24 14:00:00-05:00,2.4951000213623047,2.5,2.484999895095825,2.484999895095825,1120,0.0,0.0,BAER,15m
2026-02-24 14:15:00-05:00,2.489799976348877,2.5,2.4700000286102295,2.490000009536743,7427,0.0,0.0,BAER,15m
2026-02-24 14:30:00-05:00,2.4800000190734863,2.5,2.4800000190734863,2.494999885559082,4942,0.0,0.0,BAER,15m
2026-02-24 14:45:00-05:00,2.5,2.5083999633789062,2.5,2.5083999633789062,8250,0.0,0.0,BAER,15m
2026-02-24 15:00:00-05:00,2.505000114440918,2.505000114440918,2.5,2.5013999938964844,1986,0.0,0.0,BAER,15m
2026-02-24 15:15:00-05:00,2.5,2.509999990463257,2.5,2.505000114440918,5755,0.0,0.0,BAER,15m
2026-02-24 15:30:00-05:00,2.505000114440918,2.5199999809265137,2.5,2.5199999809265137,9622,0.0,0.0,BAER,15m
2026-02-24 15:45:00-05:00,2.515000104904175,2.5399999618530273,2.509999990463257,2.5299999713897705,49241,0.0,0.0,BAER,15m
2026-02-25 09:30:00-05:00,2.549999952316284,2.569999933242798,2.490000009536743,2.494999885559082,21101,0.0,0.0,BAER,15m
2026-02-25 09:45:00-05:00,2.5,2.5299999713897705,2.4902000427246094,2.5190000534057617,12092,0.0,0.0,BAER,15m
2026-02-25 10:00:00-05:00,2.5199999809265137,2.5220999717712402,2.4600000381469727,2.490000009536743,47228,0.0,0.0,BAER,15m
2026-02-25 10:15:00-05:00,2.4800000190734863,2.505000114440918,2.4749999046325684,2.505000114440918,5756,0.0,0.0,BAER,15m
2026-02-25 10:30:00-05:00,2.505000114440918,2.505000114440918,2.490000009536743,2.490000009536743,3537,0.0,0.0,BAER,15m
2026-02-25 10:45:00-05:00,2.490000009536743,2.509999990463257,2.490000009536743,2.505000114440918,4806,0.0,0.0,BAER,15m
2026-02-25 11:00:00-05:00,2.505000114440918,2.509999990463257,2.5,2.505000114440918,7452,0.0,0.0,BAER,15m
2026-02-25 11:15:00-05:00,2.505000114440918,2.509999990463257,2.505000114440918,2.505000114440918,4348,0.0,0.0,BAER,15m
2026-02-25 11:30:00-05:00,2.505000114440918,2.515000104904175,2.505000114440918,2.515000104904175,7949,0.0,0.0,BAER,15m
2026-02-25 11:45:00-05:00,2.511399984359741,2.5250000953674316,2.5,2.5,6025,0.0,0.0,BAER,15m
2026-02-25 12:00:00-05:00,2.505000114440918,2.526400089263916,2.5,2.515000104904175,12655,0.0,0.0,BAER,15m
2026-02-25 12:15:00-05:00,2.509999990463257,2.509999990463257,2.5046000480651855,2.505000114440918,2602,0.0,0.0,BAER,15m
2026-02-25 12:30:00-05:00,2.494999885559082,2.5,2.494999885559082,2.5,1038,0.0,0.0,BAER,15m
2026-02-25 12:45:00-05:00,2.505000114440918,2.509999990463257,2.5,2.509999990463257,7197,0.0,0.0,BAER,15m
2026-02-25 13:00:00-05:00,2.505000114440918,2.515000104904175,2.505000114440918,2.515000104904175,1502,0.0,0.0,BAER,15m
2026-02-25 13:15:00-05:00,2.5102999210357666,2.5190000534057617,2.505000114440918,2.5190000534057617,3796,0.0,0.0,BAER,15m
2026-02-25 13:30:00-05:00,2.515000104904175,2.5199999809265137,2.505000114440918,2.5199999809265137,3846,0.0,0.0,BAER,15m
2026-02-25 13:45:00-05:00,2.515000104904175,2.5199999809265137,2.5,2.5,82048,0.0,0.0,BAER,15m
2026-02-25 14:00:00-05:00,2.509999990463257,2.5199999809265137,2.5000998973846436,2.515000104904175,5071,0.0,0.0,BAER,15m
2026-02-25 14:15:00-05:00,2.509999990463257,2.509999990463257,2.505000114440918,2.50600004196167,2783,0.0,0.0,BAER,15m
2026-02-25 14:30:00-05:00,2.505000114440918,2.509999990463257,2.505000114440918,2.505000114440918,2716,0.0,0.0,BAER,15m
2026-02-25 14:45:00-05:00,2.505000114440918,2.5199999809265137,2.505000114440918,2.515000104904175,5289,0.0,0.0,BAER,15m
2026-02-25 15:00:00-05:00,2.515000104904175,2.515000104904175,2.5,2.5,9247,0.0,0.0,BAER,15m
2026-02-25 15:15:00-05:00,2.505000114440918,2.515000104904175,2.505000114440918,2.515000104904175,3672,0.0,0.0,BAER,15m
2026-02-25 15:30:00-05:00,2.515000104904175,2.515000104904175,2.5023000240325928,2.509999990463257,15593,0.0,0.0,BAER,15m
2026-02-25 15:45:00-05:00,2.51990008354187,2.5199999809265137,2.5,2.515000104904175,32395,0.0,0.0,BAER,15m
2026-02-26 09:30:00-05:00,2.5399999618530273,2.565000057220459,2.5299999713897705,2.559999942779541,19556,0.0,0.0,BAER,15m
2026-02-26 09:45:00-05:00,2.5399999618530273,2.558000087738037,2.5250000953674316,2.5399999618530273,9695,0.0,0.0,BAER,15m
2026-02-26 10:00:00-05:00,2.569999933242798,2.609999895095825,2.565000057220459,2.570199966430664,28426,0.0,0.0,BAER,15m
2026-02-26 10:15:00-05:00,2.562999963760376,2.562999963760376,2.5250000953674316,2.5399999618530273,4643,0.0,0.0,BAER,15m
2026-02-26 10:30:00-05:00,2.549999952316284,2.5799999237060547,2.549999952316284,2.5799999237060547,2015,0.0,0.0,BAER,15m
2026-02-26 10:45:00-05:00,2.5899999141693115,2.5999999046325684,2.5799999237060547,2.5999999046325684,16786,0.0,0.0,BAER,15m
2026-02-26 11:00:00-05:00,2.5999999046325684,2.609999895095825,2.5899999141693115,2.5999999046325684,35362,0.0,0.0,BAER,15m
2026-02-26 11:15:00-05:00,2.599100112915039,2.609999895095825,2.5899999141693115,2.5999999046325684,898,0.0,0.0,BAER,15m
2026-02-26 11:30:00-05:00,2.5999999046325684,2.5999999046325684,2.5799999237060547,2.5850000381469727,10328,0.0,0.0,BAER,15m
2026-02-26 11:45:00-05:00,2.5850000381469727,2.6198999881744385,2.5799999237060547,2.6198999881744385,16677,0.0,0.0,BAER,15m
2026-02-26 12:00:00-05:00,2.6050000190734863,2.619999885559082,2.5999999046325684,2.6133999824523926,20976,0.0,0.0,BAER,15m
2026-02-26 12:15:00-05:00,2.615000009536743,2.615000009536743,2.5950000286102295,2.609800100326538,4010,0.0,0.0,BAER,15m
2026-02-26 12:30:00-05:00,2.609999895095825,2.625,2.609999895095825,2.615600109100342,10873,0.0,0.0,BAER,15m
2026-02-26 12:45:00-05:00,2.5999999046325684,2.609999895095825,2.5999999046325684,2.609999895095825,5046,0.0,0.0,BAER,15m
2026-02-26 13:00:00-05:00,2.5999999046325684,2.609600067138672,2.5899999141693115,2.5999999046325684,3228,0.0,0.0,BAER,15m
2026-02-26 13:15:00-05:00,2.5999999046325684,2.5999999046325684,2.5999999046325684,2.5999999046325684,42758,0.0,0.0,BAER,15m
2026-02-26 13:30:00-05:00,2.5999999046325684,2.630000114440918,2.5999999046325684,2.626199960708618,10478,0.0,0.0,BAER,15m
2026-02-26 13:45:00-05:00,2.619999885559082,2.630000114440918,2.610100030899048,2.614500045776367,7285,0.0,0.0,BAER,15m
2026-02-26 14:00:00-05:00,2.6198999881744385,2.6198999881744385,2.610100030899048,2.615000009536743,2158,0.0,0.0,BAER,15m
2026-02-26 14:15:00-05:00,2.615000009536743,2.6196000576019287,2.5999999046325684,2.5999999046325684,5622,0.0,0.0,BAER,15m
2026-02-26 14:30:00-05:00,2.5999999046325684,2.615000009536743,2.5999999046325684,2.609999895095825,3994,0.0,0.0,BAER,15m
2026-02-26 14:45:00-05:00,2.5999999046325684,2.609999895095825,2.5999999046325684,2.5999999046325684,1385,0.0,0.0,BAER,15m
2026-02-26 15:00:00-05:00,2.5999999046325684,2.609999895095825,2.5999999046325684,2.6050000190734863,3621,0.0,0.0,BAER,15m
2026-02-26 15:15:00-05:00,2.6050000190734863,2.606300115585327,2.6050000190734863,2.6050000190734863,2708,0.0,0.0,BAER,15m
2026-02-26 15:30:00-05:00,2.6050000190734863,2.6050000190734863,2.569999933242798,2.5950000286102295,15285,0.0,0.0,BAER,15m
2026-02-26 15:45:00-05:00,2.5899999141693115,2.5999999046325684,2.5629000663757324,2.5899999141693115,24103,0.0,0.0,BAER,15m
2026-02-27 09:30:00-05:00,2.559999942779541,2.5899999141693115,2.509999990463257,2.509999990463257,15283,0.0,0.0,BAER,15m
2026-02-27 09:45:00-05:00,2.509999990463257,2.5350000858306885,2.4700000286102295,2.5,17969,0.0,0.0,BAER,15m
2026-02-27 10:00:00-05:00,2.496299982070923,2.549999952316284,2.494999885559082,2.5450000762939453,28979,0.0,0.0,BAER,15m
2026-02-27 10:15:00-05:00,2.5299999713897705,2.5350000858306885,2.5199999809265137,2.521399974822998,11228,0.0,0.0,BAER,15m
2026-02-27 10:30:00-05:00,2.5199999809265137,2.549999952316284,2.509999990463257,2.5399999618530273,8813,0.0,0.0,BAER,15m
2026-02-27 10:45:00-05:00,2.5399999618530273,2.5399999618530273,2.4200000762939453,2.450200080871582,131346,0.0,0.0,BAER,15m
2026-02-27 11:00:00-05:00,2.4700000286102295,2.4800000190734863,2.4600000381469727,2.4739999771118164,4569,0.0,0.0,BAER,15m
2026-02-27 11:15:00-05:00,2.4737000465393066,2.4820001125335693,2.4500999450683594,2.4700000286102295,27348,0.0,0.0,BAER,15m
2026-02-27 11:30:00-05:00,2.4700000286102295,2.4700000286102295,2.430000066757202,2.46589994430542,26638,0.0,0.0,BAER,15m
2026-02-27 11:45:00-05:00,2.450000047683716,2.450000047683716,2.424999952316284,2.440000057220459,11472,0.0,0.0,BAER,15m
2026-02-27 12:00:00-05:00,2.450000047683716,2.4655001163482666,2.450000047683716,2.4549999237060547,8947,0.0,0.0,BAER,15m
2026-02-27 12:15:00-05:00,2.450000047683716,2.4600000381469727,2.380000114440918,2.4100000858306885,26671,0.0,0.0,BAER,15m
2026-02-27 12:30:00-05:00,2.4149999618530273,2.430000066757202,2.4000000953674316,2.411099910736084,4427,0.0,0.0,BAER,15m
2026-02-27 12:45:00-05:00,2.4200000762939453,2.430000066757202,2.4200000762939453,2.4298999309539795,3305,0.0,0.0,BAER,15m
2026-02-27 13:00:00-05:00,2.4200000762939453,2.4200000762939453,2.384999990463257,2.384999990463257,10101,0.0,0.0,BAER,15m
2026-02-27 13:15:00-05:00,2.3989999294281006,2.3989999294281006,2.3801000118255615,2.3801000118255615,5675,0.0,0.0,BAER,15m
2026-02-27 13:30:00-05:00,2.3949999809265137,2.4047000408172607,2.390000104904175,2.4047000408172607,26732,0.0,0.0,BAER,15m
2026-02-27 13:45:00-05:00,2.4100000858306885,2.440000057220459,2.4000000953674316,2.4200000762939453,19344,0.0,0.0,BAER,15m
2026-02-27 14:00:00-05:00,2.4149999618530273,2.4200000762939453,2.4100000858306885,2.4200000762939453,10735,0.0,0.0,BAER,15m
2026-02-27 14:15:00-05:00,2.4200000762939453,2.450000047683716,2.4200000762939453,2.440000057220459,5838,0.0,0.0,BAER,15m
2026-02-27 14:30:00-05:00,2.440000057220459,2.440000057220459,2.430000066757202,2.430000066757202,1541,0.0,0.0,BAER,15m
2026-02-27 14:45:00-05:00,2.430000066757202,2.440000057220459,2.420099973678589,2.420099973678589,5908,0.0,0.0,BAER,15m
2026-02-27 15:00:00-05:00,2.4307000637054443,2.434999942779541,2.424999952316284,2.434999942779541,7755,0.0,0.0,BAER,15m
2026-02-27 15:15:00-05:00,2.440000057220459,2.450000047683716,2.440000057220459,2.444999933242798,7439,0.0,0.0,BAER,15m
2026-02-27 15:30:00-05:00,2.444999933242798,2.447999954223633,2.4200000762939453,2.440000057220459,32631,0.0,0.0,BAER,15m
2026-02-27 15:45:00-05:00,2.444999933242798,2.444999933242798,2.430000066757202,2.430000066757202,40355,0.0,0.0,BAER,15m
2026-03-02 09:30:00-05:00,2.3499999046325684,2.484999895095825,2.3499999046325684,2.4700000286102295,32267,0.0,0.0,BAER,15m
2026-03-02 09:45:00-05:00,2.4700000286102295,2.490000009536743,2.4549999237060547,2.4600000381469727,14693,0.0,0.0,BAER,15m
2026-03-02 10:00:00-05:00,2.444999933242798,2.4600000381469727,2.444999933242798,2.4600000381469727,799,0.0,0.0,BAER,15m
2026-03-02 10:15:00-05:00,2.4649999141693115,2.5350000858306885,2.4649999141693115,2.5,15954,0.0,0.0,BAER,15m
2026-03-02 10:30:00-05:00,2.4749999046325684,2.4899001121520996,2.450000047683716,2.4600000381469727,2952,0.0,0.0,BAER,15m
2026-03-02 10:45:00-05:00,2.4749999046325684,2.4749999046325684,2.4600000381469727,2.4600000381469727,2808,0.0,0.0,BAER,15m
2026-03-02 11:00:00-05:00,2.4600000381469727,2.474400043487549,2.440000057220459,2.444999933242798,12309,0.0,0.0,BAER,15m
2026-03-02 11:15:00-05:00,2.440000057220459,2.440000057220459,2.4000000953674316,2.424999952316284,8344,0.0,0.0,BAER,15m
2026-03-02 11:30:00-05:00,2.430000066757202,2.450000047683716,2.430000066757202,2.450000047683716,3070,0.0,0.0,BAER,15m
2026-03-02 11:45:00-05:00,2.45989990234375,2.4600000381469727,2.440000057220459,2.4400999546051025,41040,0.0,0.0,BAER,15m
2026-03-02 12:00:00-05:00,2.450000047683716,2.450000047683716,2.450000047683716,2.450000047683716,38050,0.0,0.0,BAER,15m
2026-03-02 12:15:00-05:00,2.450000047683716,2.4500999450683594,2.440000057220459,2.444999933242798,15684,0.0,0.0,BAER,15m
2026-03-02 12:30:00-05:00,2.450000047683716,2.4700000286102295,2.450000047683716,2.4700000286102295,3904,0.0,0.0,BAER,15m
2026-03-02 12:45:00-05:00,2.4700000286102295,2.505000114440918,2.4700000286102295,2.505000114440918,21761,0.0,0.0,BAER,15m
2026-03-02 13:00:00-05:00,2.5,2.5,2.484999895095825,2.484999895095825,4674,0.0,0.0,BAER,15m
2026-03-02 13:15:00-05:00,2.490000009536743,2.496299982070923,2.490000009536743,2.496299982070923,2295,0.0,0.0,BAER,15m
2026-03-02 13:30:00-05:00,2.5,2.5,2.4800000190734863,2.492000102996826,9630,0.0,0.0,BAER,15m
2026-03-02 13:45:00-05:00,2.4999001026153564,2.4999001026153564,2.4955999851226807,2.4990999698638916,2993,0.0,0.0,BAER,15m
2026-03-02 14:00:00-05:00,2.490000009536743,2.5,2.4800000190734863,2.5,3266,0.0,0.0,BAER,15m
2026-03-02 14:15:00-05:00,2.490000009536743,2.509999990463257,2.4800000190734863,2.5,13239,0.0,0.0,BAER,15m
2026-03-02 14:30:00-05:00,2.505000114440918,2.509000062942505,2.484999895095825,2.490000009536743,5333,0.0,0.0,BAER,15m
2026-03-02 14:45:00-05:00,2.490000009536743,2.4974000453948975,2.4800000190734863,2.490000009536743,80320,0.0,0.0,BAER,15m
2026-03-02 15:00:00-05:00,2.4800000190734863,2.490000009536743,2.4700000286102295,2.4700000286102295,5425,0.0,0.0,BAER,15m
2026-03-02 15:15:00-05:00,2.4700000286102295,2.4800000190734863,2.4600000381469727,2.4700000286102295,9295,0.0,0.0,BAER,15m
2026-03-02 15:30:00-05:00,2.4800000190734863,2.490000009536743,2.4749999046325684,2.4820001125335693,6678,0.0,0.0,BAER,15m
2026-03-02 15:45:00-05:00,2.4700000286102295,2.4749999046325684,2.4600000381469727,2.4649999141693115,22689,0.0,0.0,BAER,15m
2026-03-03 09:30:00-05:00,2.4800000190734863,2.5799999237060547,2.430000066757202,2.4549999237060547,146800,0.0,0.0,BAER,15m
2026-03-03 09:45:00-05:00,2.4549999237060547,2.4800000190734863,2.440000057220459,2.450000047683716,15757,0.0,0.0,BAER,15m
2026-03-03 10:00:00-05:00,2.430000066757202,2.434999942779541,2.4000000953674316,2.424999952316284,9053,0.0,0.0,BAER,15m
2026-03-03 10:15:00-05:00,2.424999952316284,2.424999952316284,2.369999885559082,2.375,23446,0.0,0.0,BAER,15m
2026-03-03 10:30:00-05:00,2.375,2.4100000858306885,2.375,2.4000000953674316,9176,0.0,0.0,BAER,15m
2026-03-03 10:45:00-05:00,2.3901000022888184,2.4000000953674316,2.380000114440918,2.3949999809265137,26377,0.0,0.0,BAER,15m
2026-03-03 11:00:00-05:00,2.3994998931884766,2.434999942779541,2.3966000080108643,2.434999942779541,7151,0.0,0.0,BAER,15m
2026-03-03 11:15:00-05:00,2.4398999214172363,2.450000047683716,2.430000066757202,2.430000066757202,17543,0.0,0.0,BAER,15m
2026-03-03 11:30:00-05:00,2.434999942779541,2.4549999237060547,2.4200000762939453,2.4549999237060547,13509,0.0,0.0,BAER,15m
2026-03-03 11:45:00-05:00,2.4549999237060547,2.4800000190734863,2.4549999237060547,2.4700000286102295,25436,0.0,0.0,BAER,15m
2026-03-03 12:00:00-05:00,2.4649999141693115,2.4700000286102295,2.450000047683716,2.4549999237060547,10407,0.0,0.0,BAER,15m
2026-03-03 12:15:00-05:00,2.4549999237060547,2.4600000381469727,2.4549999237060547,2.4600000381469727,4571,0.0,0.0,BAER,15m
2026-03-03 12:30:00-05:00,2.4649999141693115,2.4649999141693115,2.450000047683716,2.4649999141693115,7063,0.0,0.0,BAER,15m
2026-03-03 12:45:00-05:00,2.4649999141693115,2.4800000190734863,2.4649999141693115,2.4749999046325684,14120,0.0,0.0,BAER,15m
2026-03-03 13:00:00-05:00,2.4800000190734863,2.5,2.4700000286102295,2.4700000286102295,13784,0.0,0.0,BAER,15m
2026-03-03 13:15:00-05:00,2.4749999046325684,2.509999990463257,2.4649999141693115,2.4649999141693115,34193,0.0,0.0,BAER,15m
2026-03-03 13:30:00-05:00,2.4700000286102295,2.4800000190734863,2.4600000381469727,2.4600000381469727,14113,0.0,0.0,BAER,15m
2026-03-03 13:45:00-05:00,2.4549999237060547,2.4700000286102295,2.450000047683716,2.450000047683716,11044,0.0,0.0,BAER,15m
2026-03-03 14:00:00-05:00,2.450000047683716,2.458699941635132,2.434999942779541,2.434999942779541,9762,0.0,0.0,BAER,15m
2026-03-03 14:15:00-05:00,2.440000057220459,2.440000057220459,2.4149999618530273,2.4200000762939453,5298,0.0,0.0,BAER,15m
2026-03-03 14:30:00-05:00,2.4149999618530273,2.424999952316284,2.4100000858306885,2.424999952316284,6647,0.0,0.0,BAER,15m
2026-03-03 14:45:00-05:00,2.424999952316284,2.440000057220459,2.4149999618530273,2.4149999618530273,20820,0.0,0.0,BAER,15m
2026-03-03 15:00:00-05:00,2.4100000858306885,2.430000066757202,2.4100000858306885,2.4200000762939453,13056,0.0,0.0,BAER,15m
2026-03-03 15:15:00-05:00,2.4200000762939453,2.4200000762939453,2.4000000953674316,2.4000000953674316,25813,0.0,0.0,BAER,15m
2026-03-03 15:30:00-05:00,2.4049999713897705,2.4100000858306885,2.3775999546051025,2.384999990463257,18594,0.0,0.0,BAER,15m
2026-03-03 15:45:00-05:00,2.390000104904175,2.4100000858306885,2.369999885559082,2.4000000953674316,34039,0.0,0.0,BAER,15m
2026-03-04 09:30:00-05:00,2.4000000953674316,2.4700000286102295,2.365000009536743,2.380000114440918,66193,0.0,0.0,BAER,15m
2026-03-04 09:45:00-05:00,2.369999885559082,2.450000047683716,2.365000009536743,2.4000000953674316,59592,0.0,0.0,BAER,15m
2026-03-04 10:00:00-05:00,2.440000057220459,2.4600000381469727,2.4200000762939453,2.4600000381469727,29321,0.0,0.0,BAER,15m
2026-03-04 10:15:00-05:00,2.4700000286102295,2.4800000190734863,2.4700000286102295,2.4749999046325684,11125,0.0,0.0,BAER,15m
2026-03-04 10:30:00-05:00,2.490000009536743,2.5,2.484999895095825,2.494999885559082,29773,0.0,0.0,BAER,15m
2026-03-04 10:45:00-05:00,2.498699903488159,2.498699903488159,2.4800000190734863,2.4800000190734863,18697,0.0,0.0,BAER,15m
2026-03-04 11:00:00-05:00,2.484999895095825,2.490000009536743,2.4600000381469727,2.484999895095825,38782,0.0,0.0,BAER,15m
2026-03-04 11:15:00-05:00,2.484999895095825,2.484999895095825,2.4600000381469727,2.4600000381469727,3899,0.0,0.0,BAER,15m
2026-03-04 11:30:00-05:00,2.4790000915527344,2.4790000915527344,2.444999933242798,2.450000047683716,13388,0.0,0.0,BAER,15m
2026-03-04 11:45:00-05:00,2.450000047683716,2.4600000381469727,2.450000047683716,2.4549999237060547,6752,0.0,0.0,BAER,15m
2026-03-04 12:00:00-05:00,2.4549999237060547,2.494999885559082,2.4549999237060547,2.4800000190734863,23730,0.0,0.0,BAER,15m
2026-03-04 12:15:00-05:00,2.4779999256134033,2.4844000339508057,2.450000047683716,2.4700000286102295,5351,0.0,0.0,BAER,15m
2026-03-04 12:30:00-05:00,2.4600000381469727,2.509999990463257,2.4600000381469727,2.4649999141693115,73827,0.0,0.0,BAER,15m
2026-03-04 12:45:00-05:00,2.4600000381469727,2.4649999141693115,2.450000047683716,2.450000047683716,11310,0.0,0.0,BAER,15m
2026-03-04 13:00:00-05:00,2.450000047683716,2.4649999141693115,2.440000057220459,2.4649999141693115,6956,0.0,0.0,BAER,15m
2026-03-04 13:15:00-05:00,2.465100049972534,2.465100049972534,2.430000066757202,2.449899911880493,57610,0.0,0.0,BAER,15m
2026-03-04 13:30:00-05:00,2.4440999031066895,2.4700000286102295,2.4440999031066895,2.4700000286102295,12860,0.0,0.0,BAER,15m
2026-03-04 13:45:00-05:00,2.4700000286102295,2.509999990463257,2.4649999141693115,2.505000114440918,45753,0.0,0.0,BAER,15m
2026-03-04 14:00:00-05:00,2.509999990463257,2.509999990463257,2.490000009536743,2.5,20410,0.0,0.0,BAER,15m
2026-03-04 14:15:00-05:00,2.505000114440918,2.505000114440918,2.490000009536743,2.494999885559082,11986,0.0,0.0,BAER,15m
2026-03-04 14:30:00-05:00,2.4962000846862793,2.5,2.4800000190734863,2.4800000190734863,6867,0.0,0.0,BAER,15m
2026-03-04 14:45:00-05:00,2.4800000190734863,2.488600015640259,2.4700000286102295,2.4700000286102295,8040,0.0,0.0,BAER,15m
2026-03-04 15:00:00-05:00,2.4700000286102295,2.4899001121520996,2.4600000381469727,2.4700000286102295,5502,0.0,0.0,BAER,15m
2026-03-04 15:15:00-05:00,2.4700000286102295,2.4800000190734863,2.4700000286102295,2.4700000286102295,3876,0.0,0.0,BAER,15m
2026-03-04 15:30:00-05:00,2.4749999046325684,2.494999885559082,2.4749999046325684,2.490000009536743,12214,0.0,0.0,BAER,15m
2026-03-04 15:45:00-05:00,2.484999895095825,2.5,2.4749999046325684,2.494999885559082,29749,0.0,0.0,BAER,15m
2026-03-05 09:30:00-05:00,2.450000047683716,2.490000009536743,2.319999933242798,2.369999885559082,121474,0.0,0.0,BAER,15m
2026-03-05 09:45:00-05:00,2.380000114440918,2.4200000762939453,2.3499999046325684,2.380000114440918,65315,0.0,0.0,BAER,15m
2026-03-05 10:00:00-05:00,2.390000104904175,2.390000104904175,2.3499999046325684,2.365000009536743,31041,0.0,0.0,BAER,15m
2026-03-05 10:15:00-05:00,2.365000009536743,2.369999885559082,2.3299999237060547,2.339900016784668,21021,0.0,0.0,BAER,15m
2026-03-05 10:30:00-05:00,2.3498001098632812,2.3499999046325684,2.3450000286102295,2.3459999561309814,20116,0.0,0.0,BAER,15m
2026-03-05 10:45:00-05:00,2.3499999046325684,2.378499984741211,2.3499999046325684,2.369999885559082,25341,0.0,0.0,BAER,15m
2026-03-05 11:00:00-05:00,2.365000009536743,2.365000009536743,2.3450000286102295,2.3499999046325684,7265,0.0,0.0,BAER,15m
2026-03-05 11:15:00-05:00,2.3445000648498535,2.369999885559082,2.3445000648498535,2.36899995803833,35028,0.0,0.0,BAER,15m
2026-03-05 11:30:00-05:00,2.365000009536743,2.3698999881744385,2.3499999046325684,2.3499999046325684,4508,0.0,0.0,BAER,15m
2026-03-05 11:45:00-05:00,2.3499999046325684,2.359999895095825,2.3399999141693115,2.3399999141693115,24306,0.0,0.0,BAER,15m
2026-03-05 12:00:00-05:00,2.350600004196167,2.359999895095825,2.3450000286102295,2.3499999046325684,10836,0.0,0.0,BAER,15m
2026-03-05 12:15:00-05:00,2.3550000190734863,2.359999895095825,2.3510000705718994,2.359299898147583,16155,0.0,0.0,BAER,15m
2026-03-05 12:30:00-05:00,2.3550000190734863,2.359800100326538,2.315000057220459,2.315500020980835,20827,0.0,0.0,BAER,15m
2026-03-05 12:45:00-05:00,2.315000057220459,2.319200038909912,2.299999952316284,2.315000057220459,22407,0.0,0.0,BAER,15m
2026-03-05 13:00:00-05:00,2.319999933242798,2.3299999237060547,2.3129000663757324,2.325000047683716,6010,0.0,0.0,BAER,15m
2026-03-05 13:15:00-05:00,2.3299999237060547,2.3299999237060547,2.309999942779541,2.319999933242798,7537,0.0,0.0,BAER,15m
2026-03-05 13:30:00-05:00,2.319999933242798,2.3299999237060547,2.3199000358581543,2.3299999237060547,12984,0.0,0.0,BAER,15m
2026-03-05 13:45:00-05:00,2.329400062561035,2.3299999237060547,2.325000047683716,2.325000047683716,3457,0.0,0.0,BAER,15m
2026-03-05 14:00:00-05:00,2.3299999237060547,2.3399999141693115,2.319999933242798,2.3399999141693115,13340,0.0,0.0,BAER,15m
2026-03-05 14:15:00-05:00,2.3350000381469727,2.3350000381469727,2.319999933242798,2.325000047683716,19664,0.0,0.0,BAER,15m
2026-03-05 14:30:00-05:00,2.329900026321411,2.3399999141693115,2.325000047683716,2.3350000381469727,17131,0.0,0.0,BAER,15m
2026-03-05 14:45:00-05:00,2.3299999237060547,2.3299999237060547,2.305000066757202,2.3099000453948975,14427,0.0,0.0,BAER,15m
2026-03-05 15:00:00-05:00,2.309999942779541,2.3350000381469727,2.305000066757202,2.3350000381469727,11964,0.0,0.0,BAER,15m
2026-03-05 15:15:00-05:00,2.339900016784668,2.3450000286102295,2.319999933242798,2.3399999141693115,11670,0.0,0.0,BAER,15m
2026-03-05 15:30:00-05:00,2.339600086212158,2.359999895095825,2.3299999237060547,2.3550000190734863,16237,0.0,0.0,BAER,15m
2026-03-05 15:45:00-05:00,2.3587000370025635,2.365000009536743,2.3399999141693115,2.3550000190734863,49054,0.0,0.0,BAER,15m
2026-03-06 09:30:00-05:00,2.2100000381469727,2.299999952316284,2.0999999046325684,2.2899999618530273,144603,0.0,0.0,BAER,15m
2026-03-06 09:45:00-05:00,2.2799999713897705,2.287400007247925,2.25,2.2500998973846436,27776,0.0,0.0,BAER,15m
2026-03-06 10:00:00-05:00,2.25,2.3299999237060547,2.25,2.2950000762939453,68360,0.0,0.0,BAER,15m
2026-03-06 10:15:00-05:00,2.2950000762939453,2.299099922180176,2.2049999237060547,2.2049999237060547,64457,0.0,0.0,BAER,15m
2026-03-06 10:30:00-05:00,2.2049999237060547,2.289900064468384,2.2019999027252197,2.2864999771118164,84589,0.0,0.0,BAER,15m
2026-03-06 10:45:00-05:00,2.299999952316284,2.309999942779541,2.2799999713897705,2.299999952316284,11221,0.0,0.0,BAER,15m
2026-03-06 11:00:00-05:00,2.299999952316284,2.309999942779541,2.2850000858306885,2.2850000858306885,17841,0.0,0.0,BAER,15m
2026-03-06 11:15:00-05:00,2.2850000858306885,2.2850000858306885,2.25,2.255000114440918,27982,0.0,0.0,BAER,15m
2026-03-06 11:30:00-05:00,2.255000114440918,2.259999990463257,2.200000047683716,2.20989990234375,41054,0.0,0.0,BAER,15m
2026-03-06 11:45:00-05:00,2.2067999839782715,2.2300000190734863,2.194999933242798,2.220099925994873,52452,0.0,0.0,BAER,15m
2026-03-06 12:00:00-05:00,2.234999895095825,2.234999895095825,2.2200000286102295,2.2249999046325684,24803,0.0,0.0,BAER,15m
2026-03-06 12:15:00-05:00,2.2100000381469727,2.2100000381469727,2.200000047683716,2.2049999237060547,11903,0.0,0.0,BAER,15m
2026-03-06 12:30:00-05:00,2.2049999237060547,2.2100000381469727,2.200000047683716,2.207900047302246,20515,0.0,0.0,BAER,15m
2026-03-06 12:45:00-05:00,2.203900098800659,2.2049999237060547,2.200000047683716,2.200000047683716,11206,0.0,0.0,BAER,15m
2026-03-06 13:00:00-05:00,2.200000047683716,2.2300000190734863,2.200000047683716,2.2300000190734863,25551,0.0,0.0,BAER,15m
2026-03-06 13:15:00-05:00,2.234999895095825,2.240000009536743,2.223900079727173,2.234999895095825,21673,0.0,0.0,BAER,15m
2026-03-06 13:30:00-05:00,2.234999895095825,2.299999952316284,2.234999895095825,2.2850000858306885,44372,0.0,0.0,BAER,15m
2026-03-06 13:45:00-05:00,2.2850000858306885,2.2899999618530273,2.279900074005127,2.279900074005127,12606,0.0,0.0,BAER,15m
2026-03-06 14:00:00-05:00,2.2699999809265137,2.2699999809265137,2.234999895095825,2.234999895095825,39014,0.0,0.0,BAER,15m
2026-03-06 14:15:00-05:00,2.2300000190734863,2.240000009536743,2.210599899291992,2.227299928665161,47794,0.0,0.0,BAER,15m
2026-03-06 14:30:00-05:00,2.2200000286102295,2.2399001121520996,2.210099935531616,2.2399001121520996,33981,0.0,0.0,BAER,15m
2026-03-06 14:45:00-05:00,2.234999895095825,2.240000009536743,2.2149999141693115,2.2149999141693115,8656,0.0,0.0,BAER,15m
2026-03-06 15:00:00-05:00,2.2149999141693115,2.240000009536743,2.2149999141693115,2.2149999141693115,97076,0.0,0.0,BAER,15m
2026-03-06 15:15:00-05:00,2.219899892807007,2.25,2.2100000381469727,2.2100000381469727,40611,0.0,0.0,BAER,15m
2026-03-06 15:30:00-05:00,2.2149999141693115,2.2179999351501465,2.200000047683716,2.2149999141693115,31059,0.0,0.0,BAER,15m
2026-03-06 15:45:00-05:00,2.2149999141693115,2.2200000286102295,2.200000047683716,2.200000047683716,52519,0.0,0.0,BAER,15m
2026-03-09 09:30:00-04:00,2.1500000953674316,2.1600000858306885,2.049999952316284,2.130000114440918,184833,0.0,0.0,BAER,15m
2026-03-09 09:45:00-04:00,2.1449999809265137,2.1449999809265137,2.072000026702881,2.0799999237060547,33023,0.0,0.0,BAER,15m
2026-03-09 10:00:00-04:00,2.069999933242798,2.0899999141693115,2.063999891281128,2.0899999141693115,23319,0.0,0.0,BAER,15m
2026-03-09 10:15:00-04:00,2.0999999046325684,2.1610000133514404,2.0950000286102295,2.1466000080108643,40623,0.0,0.0,BAER,15m
2026-03-09 10:30:00-04:00,2.149899959564209,2.1600000858306885,2.140000104904175,2.1549999713897705,8355,0.0,0.0,BAER,15m
2026-03-09 10:45:00-04:00,2.1500000953674316,2.1600000858306885,2.130000114440918,2.140000104904175,13337,0.0,0.0,BAER,15m
2026-03-09 11:00:00-04:00,2.140000104904175,2.1500000953674316,2.134999990463257,2.1500000953674316,7586,0.0,0.0,BAER,15m
2026-03-09 11:15:00-04:00,2.1477999687194824,2.1500000953674316,2.1401000022888184,2.1500000953674316,4537,0.0,0.0,BAER,15m
2026-03-09 11:30:00-04:00,2.1600000858306885,2.1791000366210938,2.140000104904175,2.140000104904175,77512,0.0,0.0,BAER,15m
2026-03-09 11:45:00-04:00,2.140000104904175,2.1600000858306885,2.130500078201294,2.1600000858306885,12296,0.0,0.0,BAER,15m
2026-03-09 12:00:00-04:00,2.1649999618530273,2.180000066757202,2.1649999618530273,2.1649999618530273,9743,0.0,0.0,BAER,15m
2026-03-09 12:15:00-04:00,2.1600000858306885,2.1600000858306885,2.140000104904175,2.1449999809265137,5246,0.0,0.0,BAER,15m
2026-03-09 12:30:00-04:00,2.1449999809265137,2.1500000953674316,2.1401000022888184,2.1449999809265137,12437,0.0,0.0,BAER,15m
2026-03-09 12:45:00-04:00,2.149899959564209,2.1649999618530273,2.149899959564209,2.1649999618530273,11124,0.0,0.0,BAER,15m
2026-03-09 13:00:00-04:00,2.1600000858306885,2.1600000858306885,2.1500000953674316,2.1500000953674316,18633,0.0,0.0,BAER,15m
2026-03-09 13:15:00-04:00,2.1500000953674316,2.1500000953674316,2.130500078201294,2.130500078201294,29127,0.0,0.0,BAER,15m
2026-03-09 13:30:00-04:00,2.134999990463257,2.134999990463257,2.125,2.130000114440918,10316,0.0,0.0,BAER,15m
2026-03-09 13:45:00-04:00,2.130000114440918,2.134999990463257,2.130000114440918,2.130000114440918,3470,0.0,0.0,BAER,15m
2026-03-09 14:00:00-04:00,2.131200075149536,2.131200075149536,2.109999895095825,2.125,34667,0.0,0.0,BAER,15m
2026-03-09 14:15:00-04:00,2.125,2.138700008392334,2.1238999366760254,2.130000114440918,19213,0.0,0.0,BAER,15m
2026-03-09 14:30:00-04:00,2.121999979019165,2.146199941635132,2.121999979019165,2.1449999809265137,4760,0.0,0.0,BAER,15m
2026-03-09 14:45:00-04:00,2.140000104904175,2.1500000953674316,2.131999969482422,2.1361000537872314,12155,0.0,0.0,BAER,15m
2026-03-09 15:00:00-04:00,2.1384999752044678,2.1549999713897705,2.131999969482422,2.1500000953674316,36140,0.0,0.0,BAER,15m
2026-03-09 15:15:00-04:00,2.148200035095215,2.194999933242798,2.1449999809265137,2.190000057220459,45890,0.0,0.0,BAER,15m
2026-03-09 15:30:00-04:00,2.200000047683716,2.2100000381469727,2.190000057220459,2.190000057220459,16349,0.0,0.0,BAER,15m
2026-03-09 15:45:00-04:00,2.194999933242798,2.200000047683716,2.140000104904175,2.1600000858306885,105078,0.0,0.0,BAER,15m
2026-03-10 09:30:00-04:00,2.1500000953674316,2.190000057220459,2.134999990463257,2.134999990463257,21019,0.0,0.0,BAER,15m
2026-03-10 09:45:00-04:00,2.147200107574463,2.180000066757202,2.0999999046325684,2.1261000633239746,44533,0.0,0.0,BAER,15m
2026-03-10 10:00:00-04:00,2.119999885559082,2.140000104904175,2.109999895095825,2.1120998859405518,23542,0.0,0.0,BAER,15m
2026-03-10 10:15:00-04:00,2.111999988555908,2.134999990463257,2.0899999141693115,2.0999999046325684,55816,0.0,0.0,BAER,15m
2026-03-10 10:30:00-04:00,2.1050000190734863,2.119999885559082,2.1050000190734863,2.119499921798706,23336,0.0,0.0,BAER,15m
2026-03-10 10:45:00-04:00,2.115000009536743,2.119999885559082,2.109999895095825,2.119999885559082,31105,0.0,0.0,BAER,15m
2026-03-10 11:00:00-04:00,2.109999895095825,2.11899995803833,2.0945000648498535,2.0950000286102295,12062,0.0,0.0,BAER,15m
2026-03-10 11:15:00-04:00,2.0950000286102295,2.1084001064300537,2.0850000381469727,2.1084001064300537,42518,0.0,0.0,BAER,15m
2026-03-10 11:30:00-04:00,2.0999999046325684,2.109999895095825,2.0899999141693115,2.109999895095825,11112,0.0,0.0,BAER,15m
2026-03-10 11:45:00-04:00,2.109999895095825,2.109999895095825,2.0896999835968018,2.099900007247925,12672,0.0,0.0,BAER,15m
2026-03-10 12:00:00-04:00,2.0950000286102295,2.098900079727173,2.0799999237060547,2.0950000286102295,20170,0.0,0.0,BAER,15m
2026-03-10 12:15:00-04:00,2.0950000286102295,2.0999999046325684,2.0850000381469727,2.0999999046325684,38670,0.0,0.0,BAER,15m
2026-03-10 12:30:00-04:00,2.0950000286102295,2.109999895095825,2.0950000286102295,2.0950000286102295,15938,0.0,0.0,BAER,15m
2026-03-10 12:45:00-04:00,2.0950000286102295,2.0950000286102295,2.0799999237060547,2.0799999237060547,20857,0.0,0.0,BAER,15m
2026-03-10 13:00:00-04:00,2.088900089263916,2.0999999046325684,2.075000047683716,2.091599941253662,29738,0.0,0.0,BAER,15m
2026-03-10 13:15:00-04:00,2.0850000381469727,2.109999895095825,2.0799999237060547,2.1045000553131104,15221,0.0,0.0,BAER,15m
2026-03-10 13:30:00-04:00,2.0999999046325684,2.1080000400543213,2.0799999237060547,2.0799999237060547,8986,0.0,0.0,BAER,15m
2026-03-10 13:45:00-04:00,2.0850000381469727,2.096100091934204,2.081399917602539,2.0850000381469727,13032,0.0,0.0,BAER,15m
2026-03-10 14:00:00-04:00,2.0850000381469727,2.0850000381469727,2.049999952316284,2.055000066757202,43553,0.0,0.0,BAER,15m
2026-03-10 14:15:00-04:00,2.055000066757202,2.069999933242798,2.0350000858306885,2.0399999618530273,71179,0.0,0.0,BAER,15m
2026-03-10 14:30:00-04:00,2.0420000553131104,2.049999952316284,2.015000104904175,2.0250000953674316,43650,0.0,0.0,BAER,15m
2026-03-10 14:45:00-04:00,2.0199999809265137,2.025399923324585,2.009999990463257,2.0250000953674316,44301,0.0,0.0,BAER,15m
2026-03-10 15:00:00-04:00,2.009999990463257,2.0199999809265137,2.009999990463257,2.015000104904175,14950,0.0,0.0,BAER,15m
2026-03-10 15:15:00-04:00,2.009999990463257,2.0288000106811523,2.0,2.0,73485,0.0,0.0,BAER,15m
2026-03-10 15:30:00-04:00,2.005000114440918,2.0399999618530273,2.0,2.023900032043457,98711,0.0,0.0,BAER,15m
2026-03-10 15:45:00-04:00,2.0299999713897705,2.0299999713897705,2.0,2.0,113234,0.0,0.0,BAER,15m
2026-03-11 09:30:00-04:00,2.0199999809265137,2.069999933242798,1.9950000047683716,2.030100107192993,120978,0.0,0.0,BAER,15m
2026-03-11 09:45:00-04:00,2.029599905014038,2.029599905014038,2.01200008392334,2.0220999717712402,15455,0.0,0.0,BAER,15m
2026-03-11 10:00:00-04:00,2.0299999713897705,2.055000066757202,2.009999990463257,2.0350000858306885,126427,0.0,0.0,BAER,15m
2026-03-11 10:15:00-04:00,2.0350000858306885,2.109999895095825,2.0299999713897705,2.0940001010894775,110602,0.0,0.0,BAER,15m
2026-03-11 10:30:00-04:00,2.0950000286102295,2.0999999046325684,2.069999933242798,2.075000047683716,54693,0.0,0.0,BAER,15m
2026-03-11 10:45:00-04:00,2.075000047683716,2.0799999237060547,2.055000066757202,2.075000047683716,10179,0.0,0.0,BAER,15m
2026-03-11 11:00:00-04:00,2.069999933242798,2.069999933242798,2.0350000858306885,2.0399999618530273,40540,0.0,0.0,BAER,15m
2026-03-11 11:15:00-04:00,2.0380001068115234,2.0450000762939453,2.0320000648498535,2.0320000648498535,10611,0.0,0.0,BAER,15m
2026-03-11 11:30:00-04:00,2.036099910736084,2.049999952316284,2.0199999809265137,2.0450000762939453,26845,0.0,0.0,BAER,15m
2026-03-11 11:45:00-04:00,2.0399999618530273,2.049999952316284,2.0350000858306885,2.0450000762939453,8792,0.0,0.0,BAER,15m
2026-03-11 12:00:00-04:00,2.0399999618530273,2.0399999618530273,2.0199999809265137,2.0299999713897705,7373,0.0,0.0,BAER,15m
2026-03-11 12:15:00-04:00,2.0280001163482666,2.0280001163482666,2.0250000953674316,2.0250000953674316,891,0.0,0.0,BAER,15m
2026-03-11 12:30:00-04:00,2.0250000953674316,2.0450000762939453,2.0250000953674316,2.0350000858306885,20217,0.0,0.0,BAER,15m
2026-03-11 12:45:00-04:00,2.0450000762939453,2.049999952316284,2.0409998893737793,2.049999952316284,2373,0.0,0.0,BAER,15m
2026-03-11 13:00:00-04:00,2.059999942779541,2.059999942779541,2.055000066757202,2.055000066757202,5685,0.0,0.0,BAER,15m
2026-03-11 13:15:00-04:00,2.055000066757202,2.059999942779541,2.0450000762939453,2.0450000762939453,13859,0.0,0.0,BAER,15m
2026-03-11 13:30:00-04:00,2.0450000762939453,2.059999942779541,2.0445001125335693,2.049999952316284,19550,0.0,0.0,BAER,15m
2026-03-11 13:45:00-04:00,2.0485999584198,2.055000066757202,2.0450000762939453,2.049999952316284,7369,0.0,0.0,BAER,15m
2026-03-11 14:00:00-04:00,2.050800085067749,2.059999942779541,2.0450000762939453,2.0450000762939453,10545,0.0,0.0,BAER,15m
2026-03-11 14:15:00-04:00,2.046099901199341,2.055000066757202,2.0450000762939453,2.055000066757202,3573,0.0,0.0,BAER,15m
2026-03-11 14:30:00-04:00,2.055000066757202,2.065000057220459,2.049999952316284,2.065000057220459,16763,0.0,0.0,BAER,15m
2026-03-11 14:45:00-04:00,2.065000057220459,2.069999933242798,2.065000057220459,2.065000057220459,4634,0.0,0.0,BAER,15m
2026-03-11 15:00:00-04:00,2.065000057220459,2.0799999237060547,2.055000066757202,2.075000047683716,19758,0.0,0.0,BAER,15m
2026-03-11 15:15:00-04:00,2.0794999599456787,2.0899999141693115,2.075000047683716,2.0850000381469727,14635,0.0,0.0,BAER,15m
2026-03-11 15:30:00-04:00,2.0850000381469727,2.0850000381469727,2.0799999237060547,2.0799999237060547,41116,0.0,0.0,BAER,15m
2026-03-11 15:45:00-04:00,2.0850000381469727,2.1050000190734863,2.0799999237060547,2.0899999141693115,52170,0.0,0.0,BAER,15m
2026-03-12 09:30:00-04:00,2.0799999237060547,2.1480000019073486,2.069999933242798,2.0850000381469727,89277,0.0,0.0,BAER,15m
2026-03-12 09:45:00-04:00,2.0850000381469727,2.0850000381469727,2.0399999618530273,2.069999933242798,28175,0.0,0.0,BAER,15m
2026-03-12 10:00:00-04:00,2.059999942779541,2.130000114440918,2.059999942779541,2.119999885559082,21147,0.0,0.0,BAER,15m
2026-03-12 10:15:00-04:00,2.109999895095825,2.109999895095825,2.069999933242798,2.0796000957489014,15866,0.0,0.0,BAER,15m
2026-03-12 10:30:00-04:00,2.075000047683716,2.0850000381469727,2.059999942779541,2.0799999237060547,55226,0.0,0.0,BAER,15m
2026-03-12 10:45:00-04:00,2.0799999237060547,2.0799999237060547,2.059999942779541,2.065000057220459,2146,0.0,0.0,BAER,15m
2026-03-12 11:00:00-04:00,2.0606000423431396,2.0699000358581543,2.049999952316284,2.049999952316284,6986,0.0,0.0,BAER,15m
2026-03-12 11:15:00-04:00,2.0508999824523926,2.075000047683716,2.0508999824523926,2.075000047683716,14398,0.0,0.0,BAER,15m
2026-03-12 11:30:00-04:00,2.069999933242798,2.069999933242798,2.0399999618530273,2.0599000453948975,11904,0.0,0.0,BAER,15m
2026-03-12 11:45:00-04:00,2.049999952316284,2.049999952316284,2.0450000762939453,2.0450000762939453,1336,0.0,0.0,BAER,15m
2026-03-12 12:00:00-04:00,2.0450000762939453,2.049999952316284,2.0350000858306885,2.0350000858306885,8366,0.0,0.0,BAER,15m
2026-03-12 12:15:00-04:00,2.0399999618530273,2.055000066757202,2.0399999618530273,2.0399999618530273,6486,0.0,0.0,BAER,15m
2026-03-12 12:30:00-04:00,2.0399999618530273,2.055000066757202,2.0399999618530273,2.055000066757202,5969,0.0,0.0,BAER,15m
2026-03-12 12:45:00-04:00,2.049999952316284,2.059999942779541,2.0450000762939453,2.050100088119507,6857,0.0,0.0,BAER,15m
2026-03-12 13:00:00-04:00,2.059999942779541,2.0680999755859375,2.059999942779541,2.059999942779541,6595,0.0,0.0,BAER,15m
2026-03-12 13:15:00-04:00,2.049999952316284,2.055000066757202,2.0399999618530273,2.050299882888794,4415,0.0,0.0,BAER,15m
2026-03-12 13:30:00-04:00,2.055000066757202,2.059299945831299,2.049999952316284,2.055000066757202,6544,0.0,0.0,BAER,15m
2026-03-12 13:45:00-04:00,2.049999952316284,2.049999952316284,2.0350000858306885,2.0350000858306885,6248,0.0,0.0,BAER,15m
2026-03-12 14:00:00-04:00,2.0399999618530273,2.049999952316284,2.0399999618530273,2.049999952316284,9088,0.0,0.0,BAER,15m
2026-03-12 14:15:00-04:00,2.055000066757202,2.055000066757202,2.0399999618530273,2.0399999618530273,1973,0.0,0.0,BAER,15m
2026-03-12 14:30:00-04:00,2.0399999618530273,2.0399999618530273,2.0388998985290527,2.0388998985290527,1428,0.0,0.0,BAER,15m
2026-03-12 14:45:00-04:00,2.0299999713897705,2.059999942779541,2.0199999809265137,2.055000066757202,99576,0.0,0.0,BAER,15m
2026-03-12 15:00:00-04:00,2.055000066757202,2.055000066757202,2.0399999618530273,2.0450000762939453,8476,0.0,0.0,BAER,15m
2026-03-12 15:15:00-04:00,2.0450000762939453,2.0599000453948975,2.0450000762939453,2.049999952316284,17602,0.0,0.0,BAER,15m
2026-03-12 15:30:00-04:00,2.055000066757202,2.065000057220459,2.0399999618530273,2.049999952316284,32960,0.0,0.0,BAER,15m
2026-03-12 15:45:00-04:00,2.049999952316284,2.055000066757202,2.0399999618530273,2.0399999618530273,39321,0.0,0.0,BAER,15m
2026-03-13 09:30:00-04:00,2.049999952316284,2.0799999237060547,2.0199999809265137,2.0450000762939453,45507,0.0,0.0,BAER,15m
2026-03-13 09:45:00-04:00,2.0399999618530273,2.0450000762939453,2.0299999713897705,2.0350000858306885,6007,0.0,0.0,BAER,15m
2026-03-13 10:00:00-04:00,2.0350000858306885,2.0699000358581543,2.0350000858306885,2.065000057220459,9227,0.0,0.0,BAER,15m
2026-03-13 10:15:00-04:00,2.0608999729156494,2.0799999237060547,2.0608999729156494,2.06850004196167,9494,0.0,0.0,BAER,15m
2026-03-13 10:30:00-04:00,2.069999933242798,2.075000047683716,2.0510001182556152,2.0510001182556152,23055,0.0,0.0,BAER,15m
2026-03-13 10:45:00-04:00,2.049999952316284,2.055000066757202,2.0199999809265137,2.0299999713897705,27010,0.0,0.0,BAER,15m
2026-03-13 11:00:00-04:00,2.0350000858306885,2.0350000858306885,2.0350000858306885,2.0350000858306885,1007,0.0,0.0,BAER,15m
2026-03-13 11:15:00-04:00,2.0450000762939453,2.065000057220459,2.0450000762939453,2.049999952316284,55959,0.0,0.0,BAER,15m
2026-03-13 11:30:00-04:00,2.051800012588501,2.051800012588501,2.0299999713897705,2.0350000858306885,9327,0.0,0.0,BAER,15m
2026-03-13 11:45:00-04:00,2.0399999618530273,2.0450000762939453,2.0299999713897705,2.0299999713897705,10547,0.0,0.0,BAER,15m
2026-03-13 12:00:00-04:00,2.0399999618530273,2.0450000762939453,2.0199999809265137,2.0292000770568848,9041,0.0,0.0,BAER,15m
2026-03-13 12:15:00-04:00,2.0199999809265137,2.0285000801086426,2.0199999809265137,2.0250000953674316,7457,0.0,0.0,BAER,15m
2026-03-13 12:30:00-04:00,2.0250000953674316,2.0299999713897705,2.0199999809265137,2.0250000953674316,6351,0.0,0.0,BAER,15m
2026-03-13 12:45:00-04:00,2.0199999809265137,2.0350000858306885,2.0199999809265137,2.0250000953674316,4017,0.0,0.0,BAER,15m
2026-03-13 13:00:00-04:00,2.015000104904175,2.015000104904175,2.009999990463257,2.015000104904175,3122,0.0,0.0,BAER,15m
2026-03-13 13:15:00-04:00,2.01200008392334,2.015000104904175,2.0100998878479004,2.015000104904175,4281,0.0,0.0,BAER,15m
2026-03-13 13:30:00-04:00,2.015000104904175,2.015000104904175,2.009999990463257,2.015000104904175,6288,0.0,0.0,BAER,15m
2026-03-13 13:45:00-04:00,2.015000104904175,2.015000104904175,2.0,2.005000114440918,10744,0.0,0.0,BAER,15m
2026-03-13 14:00:00-04:00,2.005000114440918,2.019200086593628,2.0,2.019200086593628,12569,0.0,0.0,BAER,15m
2026-03-13 14:15:00-04:00,2.015000104904175,2.0160999298095703,2.015000104904175,2.015000104904175,1463,0.0,0.0,BAER,15m
2026-03-13 14:30:00-04:00,2.0199999809265137,2.0250000953674316,2.01200008392334,2.015000104904175,9378,0.0,0.0,BAER,15m
2026-03-13 14:45:00-04:00,2.009999990463257,2.015000104904175,2.005000114440918,2.005000114440918,10474,0.0,0.0,BAER,15m
2026-03-13 15:00:00-04:00,2.0023000240325928,2.005000114440918,2.0,2.0,5746,0.0,0.0,BAER,15m
2026-03-13 15:15:00-04:00,2.005000114440918,2.005000114440918,1.9800000190734863,1.9950000047683716,46493,0.0,0.0,BAER,15m
2026-03-13 15:30:00-04:00,1.996500015258789,1.996500015258789,1.9850000143051147,1.9850000143051147,5353,0.0,0.0,BAER,15m
2026-03-13 15:45:00-04:00,1.9850000143051147,2.0,1.965000033378601,1.9950000047683716,78694,0.0,0.0,BAER,15m
2026-03-16 09:30:00-04:00,2.049999952316284,2.069999933242798,1.9900000095367432,1.9900000095367432,30159,0.0,0.0,BAER,15m
2026-03-16 09:45:00-04:00,2.0,2.006500005722046,1.99399995803833,2.005000114440918,7811,0.0,0.0,BAER,15m
2026-03-16 10:00:00-04:00,2.009999990463257,2.009999990463257,1.9900000095367432,2.0,21213,0.0,0.0,BAER,15m
2026-03-16 10:15:00-04:00,2.0,2.009999990463257,1.9600000381469727,1.9800000190734863,48196,0.0,0.0,BAER,15m
2026-03-16 10:30:00-04:00,1.9704999923706055,1.9800000190734863,1.9600000381469727,1.9708000421524048,43674,0.0,0.0,BAER,15m
2026-03-16 10:45:00-04:00,1.98989999294281,1.98989999294281,1.9800000190734863,1.9808000326156616,52450,0.0,0.0,BAER,15m
2026-03-16 11:00:00-04:00,1.98989999294281,2.0,1.9850000143051147,1.9900000095367432,5966,0.0,0.0,BAER,15m
2026-03-16 11:15:00-04:00,1.9950000047683716,2.0,1.9900000095367432,2.0,8683,0.0,0.0,BAER,15m
2026-03-16 11:30:00-04:00,2.0,2.005000114440918,1.9914000034332275,2.005000114440918,2800,0.0,0.0,BAER,15m
2026-03-16 11:45:00-04:00,2.005000114440918,2.009999990463257,2.0,2.009999990463257,2435,0.0,0.0,BAER,15m
2026-03-16 12:00:00-04:00,2.009500026702881,2.009500026702881,1.9950000047683716,1.9950000047683716,12203,0.0,0.0,BAER,15m
2026-03-16 12:15:00-04:00,1.9950000047683716,1.9950000047683716,1.9900000095367432,1.9950000047683716,988,0.0,0.0,BAER,15m
2026-03-16 12:30:00-04:00,1.9900000095367432,2.009999990463257,1.9850000143051147,2.0,31671,0.0,0.0,BAER,15m
2026-03-16 12:45:00-04:00,2.0,2.0,1.9900000095367432,1.9900000095367432,12844,0.0,0.0,BAER,15m
2026-03-16 13:00:00-04:00,1.9900000095367432,1.9950000047683716,1.9800000190734863,1.9950000047683716,8277,0.0,0.0,BAER,15m
2026-03-16 13:15:00-04:00,2.0,2.0,1.9600000381469727,1.9700000286102295,70305,0.0,0.0,BAER,15m
2026-03-16 13:30:00-04:00,1.9700000286102295,1.9800000190734863,1.9700000286102295,1.9800000190734863,79447,0.0,0.0,BAER,15m
2026-03-16 13:45:00-04:00,1.9700000286102295,1.9850000143051147,1.9700000286102295,1.9850000143051147,13341,0.0,0.0,BAER,15m
2026-03-16 14:00:00-04:00,1.9850000143051147,1.9950000047683716,1.9850000143051147,1.9950000047683716,8757,0.0,0.0,BAER,15m
2026-03-16 14:15:00-04:00,1.9980000257492065,2.027100086212158,1.9980000257492065,2.027100086212158,16156,0.0,0.0,BAER,15m
2026-03-16 14:30:00-04:00,2.0199999809265137,2.0292999744415283,2.0199999809265137,2.0250000953674316,1924,0.0,0.0,BAER,15m
2026-03-16 14:45:00-04:00,2.0199999809265137,2.0299999713897705,2.015000104904175,2.015000104904175,4838,0.0,0.0,BAER,15m
2026-03-16 15:00:00-04:00,2.015000104904175,2.0250000953674316,1.9801000356674194,1.9850000143051147,50470,0.0,0.0,BAER,15m
2026-03-16 15:15:00-04:00,1.9850000143051147,1.9850000143051147,1.9600000381469727,1.965000033378601,75110,0.0,0.0,BAER,15m
2026-03-16 15:30:00-04:00,1.965000033378601,1.9700000286102295,1.9550000429153442,1.965000033378601,14556,0.0,0.0,BAER,15m
2026-03-16 15:45:00-04:00,1.965000033378601,1.975000023841858,1.9500000476837158,1.9700000286102295,44865,0.0,0.0,BAER,15m
2026-03-17 09:30:00-04:00,1.9900000095367432,2.0799999237060547,1.9850000143051147,2.0727999210357666,58229,0.0,0.0,BAER,15m
2026-03-17 09:45:00-04:00,2.0799999237060547,2.109999895095825,2.0799999237060547,2.1050000190734863,51377,0.0,0.0,BAER,15m
2026-03-17 10:00:00-04:00,2.0920000076293945,2.1461000442504883,2.0920000076293945,2.0999999046325684,57939,0.0,0.0,BAER,15m
2026-03-17 10:15:00-04:00,2.109999895095825,2.119999885559082,2.0999999046325684,2.119999885559082,8971,0.0,0.0,BAER,15m
2026-03-17 10:30:00-04:00,2.128000020980835,2.128000020980835,2.1040000915527344,2.109999895095825,3039,0.0,0.0,BAER,15m
2026-03-17 10:45:00-04:00,2.109999895095825,2.115999937057495,2.109999895095825,2.115000009536743,1032,0.0,0.0,BAER,15m
2026-03-17 11:00:00-04:00,2.115000009536743,2.115000009536743,2.0899999141693115,2.0999999046325684,8398,0.0,0.0,BAER,15m
2026-03-17 11:15:00-04:00,2.1050000190734863,2.1050000190734863,2.0799999237060547,2.0799999237060547,11014,0.0,0.0,BAER,15m
2026-03-17 11:30:00-04:00,2.075000047683716,2.075000047683716,2.059999942779541,2.059999942779541,3789,0.0,0.0,BAER,15m
2026-03-17 11:45:00-04:00,2.065000057220459,2.0899999141693115,2.065000057220459,2.069999933242798,72547,0.0,0.0,BAER,15m
2026-03-17 12:00:00-04:00,2.075000047683716,2.1050000190734863,2.069999933242798,2.1050000190734863,32339,0.0,0.0,BAER,15m
2026-03-17 12:15:00-04:00,2.109999895095825,2.115000009536743,2.065000057220459,2.0899999141693115,36479,0.0,0.0,BAER,15m
2026-03-17 12:30:00-04:00,2.0899999141693115,2.0899999141693115,2.069999933242798,2.089900016784668,8608,0.0,0.0,BAER,15m
2026-03-17 12:45:00-04:00,2.0850000381469727,2.0899999141693115,2.0850000381469727,2.0899999141693115,1769,0.0,0.0,BAER,15m
2026-03-17 13:00:00-04:00,2.099900007247925,2.125,2.0950000286102295,2.125,33434,0.0,0.0,BAER,15m
2026-03-17 13:15:00-04:00,2.119999885559082,2.119999885559082,2.0899999141693115,2.0999999046325684,29753,0.0,0.0,BAER,15m
2026-03-17 13:30:00-04:00,2.1050000190734863,2.1050000190734863,2.0999999046325684,2.0999999046325684,3561,0.0,0.0,BAER,15m
2026-03-17 13:45:00-04:00,2.0999999046325684,2.109999895095825,2.0999999046325684,2.1050000190734863,26829,0.0,0.0,BAER,15m
2026-03-17 14:00:00-04:00,2.1050000190734863,2.125,2.1050000190734863,2.125,8869,0.0,0.0,BAER,15m
2026-03-17 14:15:00-04:00,2.125999927520752,2.134999990463257,2.109999895095825,2.109999895095825,25360,0.0,0.0,BAER,15m
2026-03-17 14:30:00-04:00,2.109999895095825,2.115000009536743,2.0973000526428223,2.1050000190734863,13396,0.0,0.0,BAER,15m
2026-03-17 14:45:00-04:00,2.1019999980926514,2.109999895095825,2.0950000286102295,2.1098999977111816,10516,0.0,0.0,BAER,15m
2026-03-17 15:00:00-04:00,2.1050000190734863,2.1098999977111816,2.0999999046325684,2.1050000190734863,162838,0.0,0.0,BAER,15m
2026-03-17 15:15:00-04:00,2.0999999046325684,2.1050000190734863,2.0950000286102295,2.0950000286102295,7527,0.0,0.0,BAER,15m
2026-03-17 15:30:00-04:00,2.0980000495910645,2.119999885559082,2.0950000286102295,2.119999885559082,43718,0.0,0.0,BAER,15m
2026-03-17 15:45:00-04:00,2.115000009536743,2.119999885559082,2.109999895095825,2.115000009536743,196519,0.0,0.0,BAER,15m
2026-03-18 09:30:00-04:00,2.109999895095825,2.238600015640259,2.049999952316284,2.0899999141693115,13846,0.0,0.0,BAER,15m
2026-03-18 09:45:00-04:00,2.0799999237060547,2.0799999237060547,2.0213000774383545,2.0299999713897705,29769,0.0,0.0,BAER,15m
2026-03-18 10:00:00-04:00,2.0494000911712646,2.079900026321411,2.0399999618530273,2.059999942779541,10629,0.0,0.0,BAER,15m
2026-03-18 10:15:00-04:00,2.049999952316284,2.109999895095825,2.0399999618530273,2.0599000453948975,45945,0.0,0.0,BAER,15m
2026-03-18 10:30:00-04:00,2.0553998947143555,2.0566999912261963,2.0399999618530273,2.049999952316284,16539,0.0,0.0,BAER,15m
2026-03-18 10:45:00-04:00,2.046600103378296,2.0599000453948975,2.0399999618530273,2.053999900817871,3309,0.0,0.0,BAER,15m
2026-03-18 11:00:00-04:00,2.059999942779541,2.0699000358581543,2.059999942779541,2.065000057220459,2756,0.0,0.0,BAER,15m
2026-03-18 11:15:00-04:00,2.0638999938964844,2.065000057220459,2.055000066757202,2.055000066757202,3421,0.0,0.0,BAER,15m
2026-03-18 11:30:00-04:00,2.0599000453948975,2.0599000453948975,2.059799909591675,2.059799909591675,2726,0.0,0.0,BAER,15m
2026-03-18 11:45:00-04:00,2.0599000453948975,2.0599000453948975,2.0299999713897705,2.0350000858306885,50757,0.0,0.0,BAER,15m
2026-03-18 12:00:00-04:00,2.0299999713897705,2.0385000705718994,2.0199999809265137,2.0360000133514404,15765,0.0,0.0,BAER,15m
2026-03-18 12:15:00-04:00,2.0350000858306885,2.0350000858306885,2.0299999713897705,2.0350000858306885,566,0.0,0.0,BAER,15m
2026-03-18 12:30:00-04:00,2.039900064468384,2.039900064468384,2.0299999713897705,2.0299999713897705,895,0.0,0.0,BAER,15m
2026-03-18 12:45:00-04:00,2.0350000858306885,2.055000066757202,2.0350000858306885,2.0416998863220215,35463,0.0,0.0,BAER,15m
2026-03-18 13:00:00-04:00,2.0450000762939453,2.049999952316284,2.0450000762939453,2.049999952316284,2668,0.0,0.0,BAER,15m
2026-03-18 13:15:00-04:00,2.055000066757202,2.075000047683716,2.055000066757202,2.075000047683716,2607,0.0,0.0,BAER,15m
2026-03-18 13:30:00-04:00,2.0799999237060547,2.0850000381469727,2.069999933242798,2.0850000381469727,22572,0.0,0.0,BAER,15m
2026-03-18 13:45:00-04:00,2.0899999141693115,2.0899999141693115,2.077399969100952,2.077399969100952,14549,0.0,0.0,BAER,15m
2026-03-18 14:00:00-04:00,2.069999933242798,2.0899999141693115,2.069999933242798,2.0840001106262207,9637,0.0,0.0,BAER,15m
2026-03-18 14:15:00-04:00,2.0799999237060547,2.0799999237060547,2.069999933242798,2.075000047683716,2947,0.0,0.0,BAER,15m
2026-03-18 14:30:00-04:00,2.075000047683716,2.075000047683716,2.069999933242798,2.069999933242798,1459,0.0,0.0,BAER,15m
2026-03-18 14:45:00-04:00,2.069999933242798,2.069999933242798,2.055000066757202,2.059999942779541,15047,0.0,0.0,BAER,15m
2026-03-18 15:00:00-04:00,2.055000066757202,2.0664000511169434,2.055000066757202,2.065000057220459,2185,0.0,0.0,BAER,15m
2026-03-18 15:15:00-04:00,2.065000057220459,2.065000057220459,2.055000066757202,2.055000066757202,112641,0.0,0.0,BAER,15m
2026-03-18 15:30:00-04:00,2.055000066757202,2.055000066757202,2.049999952316284,2.049999952316284,7715,0.0,0.0,BAER,15m
2026-03-18 15:45:00-04:00,2.049999952316284,2.055000066757202,2.0399999618530273,2.0450000762939453,11006,0.0,0.0,BAER,15m
2026-03-19 09:30:00-04:00,2.0,2.009999990463257,1.9700000286102295,1.9700000286102295,34373,0.0,0.0,BAER,15m
2026-03-19 09:45:00-04:00,1.975000023841858,1.9850000143051147,1.9550000429153442,1.9550000429153442,80776,0.0,0.0,BAER,15m
2026-03-19 10:00:00-04:00,1.9550000429153442,1.9800000190734863,1.9550000429153442,1.9599000215530396,23230,0.0,0.0,BAER,15m
2026-03-19 10:15:00-04:00,1.9550000429153442,1.9600000381469727,1.9450000524520874,1.9459999799728394,37185,0.0,0.0,BAER,15m
2026-03-19 10:30:00-04:00,1.9500000476837158,1.9800000190734863,1.9500000476837158,1.965000033378601,57720,0.0,0.0,BAER,15m
2026-03-19 10:45:00-04:00,1.9600000381469727,1.9600000381469727,1.940000057220459,1.940999984741211,30877,0.0,0.0,BAER,15m
2026-03-19 11:00:00-04:00,1.940000057220459,1.9592000246047974,1.940000057220459,1.9500000476837158,6494,0.0,0.0,BAER,15m
2026-03-19 11:15:00-04:00,1.9581999778747559,1.9600000381469727,1.9450000524520874,1.9450000524520874,11360,0.0,0.0,BAER,15m
2026-03-19 11:30:00-04:00,1.940000057220459,1.9429999589920044,1.9299999475479126,1.934999942779541,23257,0.0,0.0,BAER,15m
2026-03-19 11:45:00-04:00,1.9320000410079956,1.934999942779541,1.9210000038146973,1.934999942779541,9967,0.0,0.0,BAER,15m
2026-03-19 12:00:00-04:00,1.9249999523162842,1.940000057220459,1.9199999570846558,1.9249999523162842,18580,0.0,0.0,BAER,15m
2026-03-19 12:15:00-04:00,1.9249999523162842,1.9299999475479126,1.9199999570846558,1.9299999475479126,17764,0.0,0.0,BAER,15m
2026-03-19 12:30:00-04:00,1.9249999523162842,1.9392000436782837,1.9149999618530273,1.9355000257492065,15563,0.0,0.0,BAER,15m
2026-03-19 12:45:00-04:00,1.934999942779541,1.934999942779541,1.9199999570846558,1.9249999523162842,7761,0.0,0.0,BAER,15m
2026-03-19 13:00:00-04:00,1.9249999523162842,1.9249999523162842,1.9049999713897705,1.9049999713897705,17550,0.0,0.0,BAER,15m
2026-03-19 13:15:00-04:00,1.909999966621399,1.9190000295639038,1.909999966621399,1.9149999618530273,8248,0.0,0.0,BAER,15m
2026-03-19 13:30:00-04:00,1.9149999618530273,1.9199999570846558,1.9049999713897705,1.9149999618530273,11791,0.0,0.0,BAER,15m
2026-03-19 13:45:00-04:00,1.9199999570846558,1.9450000524520874,1.9149999618530273,1.9392000436782837,18009,0.0,0.0,BAER,15m
2026-03-19 14:00:00-04:00,1.9299999475479126,1.9450000524520874,1.9299999475479126,1.9450000524520874,10642,0.0,0.0,BAER,15m
2026-03-19 14:15:00-04:00,1.940000057220459,1.9499000310897827,1.934999942779541,1.934999942779541,9413,0.0,0.0,BAER,15m
2026-03-19 14:30:00-04:00,1.934999942779541,1.934999942779541,1.9249999523162842,1.934999942779541,3717,0.0,0.0,BAER,15m
2026-03-19 14:45:00-04:00,1.9299999475479126,1.9450000524520874,1.9199999570846558,1.9199999570846558,71616,0.0,0.0,BAER,15m
2026-03-19 15:00:00-04:00,1.9399000406265259,1.965000033378601,1.934999942779541,1.9600000381469727,16430,0.0,0.0,BAER,15m
2026-03-19 15:15:00-04:00,1.965000033378601,1.965000033378601,1.9450000524520874,1.9500000476837158,11549,0.0,0.0,BAER,15m
2026-03-19 15:30:00-04:00,1.9500000476837158,1.975000023841858,1.9500000476837158,1.9702999591827393,11078,0.0,0.0,BAER,15m
2026-03-19 15:45:00-04:00,1.9700000286102295,1.9800000190734863,1.965000033378601,1.9700000286102295,26196,0.0,0.0,BAER,15m
2026-03-20 09:30:00-04:00,1.9800000190734863,1.9993000030517578,1.9500000476837158,1.9589999914169312,9458,0.0,0.0,BAER,15m
2026-03-20 09:45:00-04:00,1.9600000381469727,1.9600000381469727,1.9500000476837158,1.9500000476837158,3160,0.0,0.0,BAER,15m
2026-03-20 10:00:00-04:00,1.9598000049591064,1.9800000190734863,1.9500000476837158,1.965000033378601,91866,0.0,0.0,BAER,15m
2026-03-20 10:15:00-04:00,1.9800000190734863,1.9900000095367432,1.9600000381469727,1.9700000286102295,10363,0.0,0.0,BAER,15m
2026-03-20 10:30:00-04:00,1.9793000221252441,1.9850000143051147,1.9700000286102295,1.9850000143051147,4450,0.0,0.0,BAER,15m
2026-03-20 10:45:00-04:00,1.9800000190734863,1.9800000190734863,1.9700000286102295,1.9800000190734863,10905,0.0,0.0,BAER,15m
2026-03-20 11:00:00-04:00,1.975000023841858,1.9900000095367432,1.975000023841858,1.9800000190734863,12105,0.0,0.0,BAER,15m
2026-03-20 11:15:00-04:00,1.9880000352859497,1.999899983406067,1.9850000143051147,1.999899983406067,4522,0.0,0.0,BAER,15m
2026-03-20 11:30:00-04:00,1.9950000047683716,1.9950000047683716,1.9900000095367432,1.9900000095367432,1817,0.0,0.0,BAER,15m
2026-03-20 11:45:00-04:00,1.9900000095367432,2.0,1.9800000190734863,1.9950000047683716,3606,0.0,0.0,BAER,15m
2026-03-20 12:00:00-04:00,1.9950000047683716,2.0,1.9850000143051147,1.9850000143051147,11604,0.0,0.0,BAER,15m
2026-03-20 12:15:00-04:00,1.9850000143051147,1.9850000143051147,1.9700000286102295,1.975000023841858,21428,0.0,0.0,BAER,15m
2026-03-20 12:30:00-04:00,1.9700000286102295,1.9780000448226929,1.9700000286102295,1.9700000286102295,8460,0.0,0.0,BAER,15m
2026-03-20 12:45:00-04:00,1.9700000286102295,1.9800000190734863,1.965000033378601,1.9800000190734863,6728,0.0,0.0,BAER,15m
2026-03-20 13:00:00-04:00,1.975000023841858,1.975000023841858,1.965000033378601,1.9700000286102295,4156,0.0,0.0,BAER,15m
2026-03-20 13:15:00-04:00,1.9700000286102295,1.9783999919891357,1.965000033378601,1.965000033378601,4574,0.0,0.0,BAER,15m
2026-03-20 13:30:00-04:00,1.965000033378601,1.965000033378601,1.9500000476837158,1.9500000476837158,6274,0.0,0.0,BAER,15m
2026-03-20 13:45:00-04:00,1.9500000476837158,1.955899953842163,1.9500000476837158,1.9550000429153442,5280,0.0,0.0,BAER,15m
2026-03-20 14:00:00-04:00,1.9550000429153442,1.9550000429153442,1.9450000524520874,1.9450000524520874,5544,0.0,0.0,BAER,15m
2026-03-20 14:15:00-04:00,1.9450000524520874,1.9581999778747559,1.934999942779541,1.9401999711990356,17703,0.0,0.0,BAER,15m
2026-03-20 14:30:00-04:00,1.9450000524520874,1.9450000524520874,1.934499979019165,1.934499979019165,6116,0.0,0.0,BAER,15m
2026-03-20 14:45:00-04:00,1.934999942779541,1.934999942779541,1.909999966621399,1.9299999475479126,33040,0.0,0.0,BAER,15m
2026-03-20 15:00:00-04:00,1.934999942779541,1.9500000476837158,1.9299999475479126,1.934999942779541,24076,0.0,0.0,BAER,15m
2026-03-20 15:15:00-04:00,1.9320000410079956,1.9320000410079956,1.909999966621399,1.9234999418258667,23956,0.0,0.0,BAER,15m
2026-03-20 15:30:00-04:00,1.9249999523162842,1.9249999523162842,1.909999966621399,1.9149999618530273,53504,0.0,0.0,BAER,15m
2026-03-20 15:45:00-04:00,1.9149999618530273,1.934999942779541,1.9049999713897705,1.909999966621399,33593,0.0,0.0,BAER,15m
2026-03-23 09:30:00-04:00,1.9800000190734863,1.9800000190734863,1.9019999504089355,1.9285000562667847,40435,0.0,0.0,BAER,15m
2026-03-23 09:45:00-04:00,1.948099970817566,1.948099970817566,1.9113999605178833,1.9249999523162842,27438,0.0,0.0,BAER,15m
2026-03-23 10:00:00-04:00,1.9450000524520874,1.9450000524520874,1.9299999475479126,1.9399000406265259,2880,0.0,0.0,BAER,15m
2026-03-23 10:15:00-04:00,1.934999942779541,1.9500000476837158,1.9299999475479126,1.934999942779541,28764,0.0,0.0,BAER,15m
2026-03-23 10:30:00-04:00,1.930999994277954,1.9383000135421753,1.9049999713897705,1.919800043106079,35600,0.0,0.0,BAER,15m
2026-03-23 10:45:00-04:00,1.9199999570846558,1.940000057220459,1.9199999570846558,1.9199999570846558,106503,0.0,0.0,BAER,15m
2026-03-23 11:00:00-04:00,1.9199999570846558,1.9299999475479126,1.9149999618530273,1.9249999523162842,30660,0.0,0.0,BAER,15m
2026-03-23 11:15:00-04:00,1.9199999570846558,1.9399000406265259,1.9199999570846558,1.9299999475479126,18586,0.0,0.0,BAER,15m
2026-03-23 11:30:00-04:00,1.934999942779541,1.934999942779541,1.9149999618530273,1.9149999618530273,17974,0.0,0.0,BAER,15m
2026-03-23 11:45:00-04:00,1.9149999618530273,1.9149999618530273,1.8799999952316284,1.8949999809265137,67717,0.0,0.0,BAER,15m
2026-03-23 12:00:00-04:00,1.899999976158142,1.9199999570846558,1.899999976158142,1.9149999618530273,43288,0.0,0.0,BAER,15m
2026-03-23 12:15:00-04:00,1.9198999404907227,1.9198999404907227,1.899999976158142,1.9049999713897705,12612,0.0,0.0,BAER,15m
2026-03-23 12:30:00-04:00,1.9049999713897705,1.9149999618530273,1.9049999713897705,1.909999966621399,4134,0.0,0.0,BAER,15m
2026-03-23 12:45:00-04:00,1.9149999618530273,1.9149999618530273,1.8899999856948853,1.899899959564209,16214,0.0,0.0,BAER,15m
2026-03-23 13:00:00-04:00,1.8949999809265137,1.899899959564209,1.8899999856948853,1.8949999809265137,1216,0.0,0.0,BAER,15m
2026-03-23 13:15:00-04:00,1.8914999961853027,1.8949999809265137,1.8849999904632568,1.8849999904632568,5842,0.0,0.0,BAER,15m
2026-03-23 13:30:00-04:00,1.899999976158142,1.9149999618530273,1.899999976158142,1.9049999713897705,17479,0.0,0.0,BAER,15m
2026-03-23 13:45:00-04:00,1.9049999713897705,1.9199999570846558,1.9049999713897705,1.909999966621399,9282,0.0,0.0,BAER,15m
2026-03-23 14:00:00-04:00,1.909999966621399,1.909999966621399,1.899999976158142,1.9049999713897705,1396,0.0,0.0,BAER,15m
2026-03-23 14:15:00-04:00,1.899999976158142,1.9049999713897705,1.8949999809265137,1.8949999809265137,6650,0.0,0.0,BAER,15m
2026-03-23 14:30:00-04:00,1.894700050354004,1.9149999618530273,1.894700050354004,1.9149999618530273,9066,0.0,0.0,BAER,15m
2026-03-23 14:45:00-04:00,1.9149999618530273,1.9199999570846558,1.9149999618530273,1.9149999618530273,2193,0.0,0.0,BAER,15m
2026-03-23 15:00:00-04:00,1.909999966621399,1.9149999618530273,1.9049999713897705,1.9049999713897705,13421,0.0,0.0,BAER,15m
2026-03-23 15:15:00-04:00,1.9049999713897705,1.9149999618530273,1.9011000394821167,1.9049999713897705,28038,0.0,0.0,BAER,15m
2026-03-23 15:30:00-04:00,1.9049999713897705,1.9249999523162842,1.9049999713897705,1.9199999570846558,22146,0.0,0.0,BAER,15m
2026-03-23 15:45:00-04:00,1.9249999523162842,1.9490000009536743,1.9199999570846558,1.934999942779541,72437,0.0,0.0,BAER,15m
2026-03-24 09:30:00-04:00,1.9299999475479126,1.9600000381469727,1.9049999713897705,1.909999966621399,20375,0.0,0.0,BAER,15m
2026-03-24 09:45:00-04:00,1.9134000539779663,1.9134000539779663,1.9049999713897705,1.9049999713897705,2845,0.0,0.0,BAER,15m
2026-03-24 10:00:00-04:00,1.9084999561309814,1.909999966621399,1.8875000476837158,1.8875000476837158,5263,0.0,0.0,BAER,15m
2026-03-24 10:15:00-04:00,1.8901000022888184,1.8949999809265137,1.8700000047683716,1.8949999809265137,22572,0.0,0.0,BAER,15m
2026-03-24 10:30:00-04:00,1.8949999809265137,1.909999966621399,1.8899999856948853,1.909999966621399,7010,0.0,0.0,BAER,15m
2026-03-24 10:45:00-04:00,1.9149999618530273,1.9200999736785889,1.899999976158142,1.909999966621399,46290,0.0,0.0,BAER,15m
2026-03-24 11:00:00-04:00,1.9258999824523926,1.9258999824523926,1.899999976158142,1.899999976158142,966,0.0,0.0,BAER,15m
2026-03-24 11:15:00-04:00,1.9198999404907227,1.9199999570846558,1.9049999713897705,1.9199999570846558,8794,0.0,0.0,BAER,15m
2026-03-24 11:30:00-04:00,1.9198999404907227,1.926300048828125,1.9198999404907227,1.9249999523162842,1622,0.0,0.0,BAER,15m
2026-03-24 11:45:00-04:00,1.9149999618530273,1.9299999475479126,1.9149999618530273,1.9199999570846558,2820,0.0,0.0,BAER,15m
2026-03-24 12:00:00-04:00,1.9199999570846558,1.9199999570846558,1.9199999570846558,1.9199999570846558,594,0.0,0.0,BAER,15m
2026-03-24 12:15:00-04:00,1.909999966621399,1.934999942779541,1.909999966621399,1.934999942779541,29504,0.0,0.0,BAER,15m
2026-03-24 12:30:00-04:00,1.9299999475479126,1.9299999475479126,1.9199999570846558,1.9199999570846558,1969,0.0,0.0,BAER,15m
2026-03-24 12:45:00-04:00,1.9199999570846558,1.9299999475479126,1.9199999570846558,1.9299999475479126,2712,0.0,0.0,BAER,15m
2026-03-24 13:00:00-04:00,1.9199999570846558,1.9199999570846558,1.909999966621399,1.9199999570846558,9112,0.0,0.0,BAER,15m
2026-03-24 13:15:00-04:00,1.9199999570846558,1.9299999475479126,1.9000999927520752,1.9199999570846558,38140,0.0,0.0,BAER,15m
2026-03-24 13:30:00-04:00,1.9199999570846558,1.9249999523162842,1.909999966621399,1.909999966621399,3111,0.0,0.0,BAER,15m
2026-03-24 13:45:00-04:00,1.909999966621399,1.940000057220459,1.899999976158142,1.934999942779541,43967,0.0,0.0,BAER,15m
2026-03-24 14:15:00-04:00,1.934999942779541,1.940000057220459,1.9299999475479126,1.940000057220459,3785,0.0,0.0,BAER,15m
2026-03-24 14:30:00-04:00,1.9500000476837158,1.9600000381469727,1.9500000476837158,1.9500999450683594,3262,0.0,0.0,BAER,15m
2026-03-24 14:45:00-04:00,1.9550000429153442,1.965000033378601,1.9500000476837158,1.965000033378601,4788,0.0,0.0,BAER,15m
2026-03-24 15:00:00-04:00,1.9699000120162964,1.975000023841858,1.9600000381469727,1.975000023841858,6518,0.0,0.0,BAER,15m
2026-03-24 15:15:00-04:00,1.975000023841858,1.9900000095367432,1.9700000286102295,1.9800000190734863,26130,0.0,0.0,BAER,15m
2026-03-24 15:30:00-04:00,1.975000023841858,1.9980000257492065,1.975000023841858,1.9800000190734863,65818,0.0,0.0,BAER,15m
2026-03-24 15:45:00-04:00,1.9780000448226929,1.9850000143051147,1.9600000381469727,1.975000023841858,36745,0.0,0.0,BAER,15m
2026-03-25 09:30:00-04:00,2.0,2.039799928665161,1.9789999723434448,2.009999990463257,63561,0.0,0.0,BAER,15m
2026-03-25 09:45:00-04:00,1.9900000095367432,2.009999990463257,1.9800000190734863,2.009999990463257,3456,0.0,0.0,BAER,15m
2026-03-25 10:00:00-04:00,2.0,2.0,1.9900000095367432,1.9900000095367432,6098,0.0,0.0,BAER,15m
2026-03-25 10:15:00-04:00,2.0,2.009999990463257,1.9800000190734863,1.9800000190734863,13569,0.0,0.0,BAER,15m
2026-03-25 10:30:00-04:00,1.9850000143051147,1.9967999458312988,1.9801000356674194,1.9801000356674194,12111,0.0,0.0,BAER,15m
2026-03-25 10:45:00-04:00,1.9850000143051147,1.9850000143051147,1.965000033378601,1.9850000143051147,16041,0.0,0.0,BAER,15m
2026-03-25 11:00:00-04:00,1.9850000143051147,1.9850000143051147,1.9601000547409058,1.9665000438690186,46562,0.0,0.0,BAER,15m
2026-03-25 11:15:00-04:00,1.9600000381469727,1.9850000143051147,1.9499000310897827,1.9850000143051147,15236,0.0,0.0,BAER,15m
2026-03-25 11:30:00-04:00,1.9850000143051147,1.98989999294281,1.9800000190734863,1.9800000190734863,1063,0.0,0.0,BAER,15m
2026-03-25 11:45:00-04:00,1.9700000286102295,1.975000023841858,1.9700000286102295,1.9700000286102295,1326,0.0,0.0,BAER,15m
2026-03-25 12:00:00-04:00,1.9759000539779663,1.9759000539779663,1.9700000286102295,1.9700000286102295,398,0.0,0.0,BAER,15m
2026-03-25 12:15:00-04:00,1.9700000286102295,1.9700000286102295,1.9600000381469727,1.9700000286102295,12658,0.0,0.0,BAER,15m
2026-03-25 12:30:00-04:00,1.9700000286102295,1.9700000286102295,1.9700000286102295,1.9700000286102295,1363,0.0,0.0,BAER,15m
2026-03-25 12:45:00-04:00,1.9850000143051147,1.9850000143051147,1.9850000143051147,1.9850000143051147,801,0.0,0.0,BAER,15m
2026-03-25 13:00:00-04:00,1.9847999811172485,1.9850000143051147,1.9800000190734863,1.9800000190734863,2761,0.0,0.0,BAER,15m
2026-03-25 13:15:00-04:00,1.9850000143051147,1.98989999294281,1.9808000326156616,1.9808000326156616,1401,0.0,0.0,BAER,15m
2026-03-25 13:30:00-04:00,1.9850000143051147,1.9900000095367432,1.9850000143051147,1.9900000095367432,3265,0.0,0.0,BAER,15m
2026-03-25 13:45:00-04:00,1.9850000143051147,1.9900000095367432,1.9800000190734863,1.9800000190734863,1593,0.0,0.0,BAER,15m
2026-03-25 14:00:00-04:00,1.9850000143051147,1.9900000095367432,1.9800000190734863,1.9850000143051147,4940,0.0,0.0,BAER,15m
2026-03-25 14:15:00-04:00,1.9850000143051147,1.9950000047683716,1.9850000143051147,1.9850000143051147,7947,0.0,0.0,BAER,15m
2026-03-25 14:30:00-04:00,1.9800000190734863,1.9900000095367432,1.9800000190734863,1.9900000095367432,1173,0.0,0.0,BAER,15m
2026-03-25 14:45:00-04:00,1.981600046157837,1.9900000095367432,1.9800000190734863,1.9900000095367432,7730,0.0,0.0,BAER,15m
2026-03-25 15:00:00-04:00,1.9850000143051147,1.9950000047683716,1.975000023841858,1.975000023841858,25646,0.0,0.0,BAER,15m
2026-03-25 15:15:00-04:00,1.9800000190734863,1.9800000190734863,1.975000023841858,1.975000023841858,3223,0.0,0.0,BAER,15m
2026-03-25 15:30:00-04:00,1.9700000286102295,1.9700000286102295,1.965000033378601,1.9700000286102295,4592,0.0,0.0,BAER,15m
2026-03-25 15:45:00-04:00,1.965000033378601,1.9700000286102295,1.9450000524520874,1.9500000476837158,31544,0.0,0.0,BAER,15m
2026-03-26 09:30:00-04:00,1.9199999570846558,1.999899983406067,1.909999966621399,1.940000057220459,13030,0.0,0.0,BAER,15m
2026-03-26 09:45:00-04:00,1.9500000476837158,1.9600000381469727,1.9500000476837158,1.9600000381469727,23205,0.0,0.0,BAER,15m
2026-03-26 10:00:00-04:00,1.9700000286102295,1.9700000286102295,1.940500020980835,1.9700000286102295,20146,0.0,0.0,BAER,15m
2026-03-26 10:15:00-04:00,1.9700000286102295,1.9850000143051147,1.9700000286102295,1.9850000143051147,5359,0.0,0.0,BAER,15m
2026-03-26 10:30:00-04:00,1.9800000190734863,2.0,1.9700000286102295,1.9700000286102295,7009,0.0,0.0,BAER,15m
2026-03-26 10:45:00-04:00,1.9625999927520752,1.975000023841858,1.9500000476837158,1.9700000286102295,7538,0.0,0.0,BAER,15m
2026-03-26 11:00:00-04:00,1.965000033378601,1.965000033378601,1.965000033378601,1.965000033378601,1479,0.0,0.0,BAER,15m
2026-03-26 11:15:00-04:00,1.9500999450683594,1.9500999450683594,1.940000057220459,1.9500000476837158,9287,0.0,0.0,BAER,15m
2026-03-26 11:30:00-04:00,1.9500000476837158,1.9500000476837158,1.940000057220459,1.940000057220459,4359,0.0,0.0,BAER,15m
2026-03-26 11:45:00-04:00,1.940000057220459,1.940000057220459,1.940000057220459,1.940000057220459,854,0.0,0.0,BAER,15m
2026-03-26 12:00:00-04:00,1.9300999641418457,1.9600000381469727,1.9299999475479126,1.9450000524520874,7784,0.0,0.0,BAER,15m
2026-03-26 12:15:00-04:00,1.940000057220459,1.940000057220459,1.909999966621399,1.909999966621399,8835,0.0,0.0,BAER,15m
2026-03-26 12:30:00-04:00,1.909999966621399,1.909999966621399,1.8849999904632568,1.8899999856948853,48376,0.0,0.0,BAER,15m
2026-03-26 12:45:00-04:00,1.8899999856948853,1.8901000022888184,1.8799999952316284,1.8799999952316284,41187,0.0,0.0,BAER,15m
2026-03-26 13:00:00-04:00,1.8600000143051147,1.875,1.8600000143051147,1.8698999881744385,19516,0.0,0.0,BAER,15m
2026-03-26 13:15:00-04:00,1.8700000047683716,1.8700000047683716,1.8550000190734863,1.8600000143051147,23462,0.0,0.0,BAER,15m
2026-03-26 13:30:00-04:00,1.8630000352859497,1.8675999641418457,1.8550000190734863,1.8550000190734863,12127,0.0,0.0,BAER,15m
2026-03-26 13:45:00-04:00,1.8600000143051147,1.8600000143051147,1.840000033378601,1.8450000286102295,24880,0.0,0.0,BAER,15m
2026-03-26 14:00:00-04:00,1.8450000286102295,1.8899999856948853,1.840000033378601,1.8799999952316284,72763,0.0,0.0,BAER,15m
2026-03-26 14:15:00-04:00,1.875,1.875,1.8600000143051147,1.8650000095367432,71798,0.0,0.0,BAER,15m
2026-03-26 14:30:00-04:00,1.8650000095367432,1.8799999952316284,1.840000033378601,1.8650000095367432,83515,0.0,0.0,BAER,15m
2026-03-26 14:45:00-04:00,1.8700000047683716,1.8799999952316284,1.8600000143051147,1.8799999952316284,14270,0.0,0.0,BAER,15m
2026-03-26 15:00:00-04:00,1.875,1.875,1.8450000286102295,1.8598999977111816,15121,0.0,0.0,BAER,15m
2026-03-26 15:15:00-04:00,1.8550000190734863,1.8600000143051147,1.8450000286102295,1.8600000143051147,41627,0.0,0.0,BAER,15m
2026-03-26 15:30:00-04:00,1.8600000143051147,1.8700000047683716,1.8550000190734863,1.8668999671936035,30992,0.0,0.0,BAER,15m
2026-03-26 15:45:00-04:00,1.8600000143051147,1.8799999952316284,1.8600000143051147,1.8799999952316284,48856,0.0,0.0,BAER,15m
2026-03-27 09:30:00-04:00,1.8799999952316284,1.8799999952316284,1.7999999523162842,1.8200000524520874,82486,0.0,0.0,BAER,15m
2026-03-27 09:45:00-04:00,1.809999942779541,1.8250000476837158,1.7899999618530273,1.7949999570846558,25010,0.0,0.0,BAER,15m
2026-03-27 10:00:00-04:00,1.784999966621399,1.8200000524520874,1.7799999713897705,1.809999942779541,101148,0.0,0.0,BAER,15m
2026-03-27 10:15:00-04:00,1.815000057220459,1.8299000263214111,1.809999942779541,1.8250000476837158,23486,0.0,0.0,BAER,15m
2026-03-27 10:30:00-04:00,1.8200000524520874,1.8300000429153442,1.809999942779541,1.809999942779541,18705,0.0,0.0,BAER,15m
2026-03-27 10:45:00-04:00,1.815000057220459,1.8200000524520874,1.7899999618530273,1.8171000480651855,91704,0.0,0.0,BAER,15m
2026-03-27 11:00:00-04:00,1.815000057220459,1.8300000429153442,1.8106000423431396,1.815000057220459,12895,0.0,0.0,BAER,15m
2026-03-27 11:15:00-04:00,1.809999942779541,1.8300000429153442,1.8049999475479126,1.8250000476837158,30396,0.0,0.0,BAER,15m
2026-03-27 11:30:00-04:00,1.8250000476837158,1.850000023841858,1.8250000476837158,1.840000033378601,8097,0.0,0.0,BAER,15m
2026-03-27 11:45:00-04:00,1.8350000381469727,1.840000033378601,1.8250000476837158,1.8300000429153442,11258,0.0,0.0,BAER,15m
2026-03-27 12:00:00-04:00,1.8300000429153442,1.830199956893921,1.8100999593734741,1.8200000524520874,36352,0.0,0.0,BAER,15m
2026-03-27 12:15:00-04:00,1.8250000476837158,1.8300000429153442,1.8200000524520874,1.8200000524520874,24562,0.0,0.0,BAER,15m
2026-03-27 12:30:00-04:00,1.8200000524520874,1.840000033378601,1.809999942779541,1.840000033378601,38153,0.0,0.0,BAER,15m
2026-03-27 12:45:00-04:00,1.840000033378601,1.8550000190734863,1.840000033378601,1.850000023841858,12701,0.0,0.0,BAER,15m
2026-03-27 13:00:00-04:00,1.8550000190734863,1.8550000190734863,1.8450000286102295,1.850000023841858,17078,0.0,0.0,BAER,15m
2026-03-27 13:15:00-04:00,1.850000023841858,1.850000023841858,1.840000033378601,1.840000033378601,29020,0.0,0.0,BAER,15m
2026-03-27 13:30:00-04:00,1.840000033378601,1.8489999771118164,1.840000033378601,1.8450000286102295,13783,0.0,0.0,BAER,15m
2026-03-27 13:45:00-04:00,1.8450000286102295,1.850000023841858,1.840000033378601,1.847000002861023,42071,0.0,0.0,BAER,15m
2026-03-27 14:00:00-04:00,1.8450000286102295,1.8550000190734863,1.8450000286102295,1.8550000190734863,13525,0.0,0.0,BAER,15m
2026-03-27 14:15:00-04:00,1.8596999645233154,1.8596999645233154,1.850000023841858,1.850000023841858,2456,0.0,0.0,BAER,15m
2026-03-27 14:30:00-04:00,1.850000023841858,1.8650000095367432,1.8450000286102295,1.8480000495910645,17600,0.0,0.0,BAER,15m
2026-03-27 14:45:00-04:00,1.8450000286102295,1.850000023841858,1.840000033378601,1.8451000452041626,23751,0.0,0.0,BAER,15m
2026-03-27 15:00:00-04:00,1.8450000286102295,1.8550000190734863,1.840000033378601,1.850000023841858,14858,0.0,0.0,BAER,15m
2026-03-27 15:15:00-04:00,1.850000023841858,1.868499994277954,1.850000023841858,1.8600000143051147,10141,0.0,0.0,BAER,15m
2026-03-27 15:30:00-04:00,1.8650000095367432,1.8650000095367432,1.8550000190734863,1.8600000143051147,26615,0.0,0.0,BAER,15m
2026-03-27 15:45:00-04:00,1.8650000095367432,1.8693000078201294,1.8450000286102295,1.850000023841858,75289,0.0,0.0,BAER,15m
2026-03-30 09:30:00-04:00,1.850000023841858,1.8600000143051147,1.8300000429153442,1.8300000429153442,55655,0.0,0.0,BAER,15m
2026-03-30 09:45:00-04:00,1.8300000429153442,1.8450000286102295,1.7949999570846558,1.840000033378601,35961,0.0,0.0,BAER,15m
2026-03-30 10:00:00-04:00,1.8350000381469727,1.850000023841858,1.8250000476837158,1.8350000381469727,22379,0.0,0.0,BAER,15m
2026-03-30 10:15:00-04:00,1.840000033378601,1.8502000570297241,1.809999942779541,1.815000057220459,36168,0.0,0.0,BAER,15m
2026-03-30 10:30:00-04:00,1.815000057220459,1.815000057220459,1.7692999839782715,1.7692999839782715,58268,0.0,0.0,BAER,15m
2026-03-30 10:45:00-04:00,1.7599999904632568,1.7799999713897705,1.75,1.7799999713897705,27379,0.0,0.0,BAER,15m
2026-03-30 11:00:00-04:00,1.784999966621399,1.8200000524520874,1.784999966621399,1.8049999475479126,127784,0.0,0.0,BAER,15m
2026-03-30 11:15:00-04:00,1.7999999523162842,1.809999942779541,1.7999999523162842,1.7999999523162842,7332,0.0,0.0,BAER,15m
2026-03-30 11:30:00-04:00,1.7999999523162842,1.809999942779541,1.7799999713897705,1.784999966621399,17021,0.0,0.0,BAER,15m
2026-03-30 11:45:00-04:00,1.784999966621399,1.7949999570846558,1.7699999809265137,1.774999976158142,34409,0.0,0.0,BAER,15m
2026-03-30 12:00:00-04:00,1.774999976158142,1.7798999547958374,1.7549999952316284,1.7549999952316284,26160,0.0,0.0,BAER,15m
2026-03-30 12:15:00-04:00,1.7599999904632568,1.7649999856948853,1.7450000047683716,1.7450000047683716,22417,0.0,0.0,BAER,15m
2026-03-30 12:30:00-04:00,1.75,1.7599999904632568,1.7400000095367432,1.7549999952316284,36780,0.0,0.0,BAER,15m
2026-03-30 12:45:00-04:00,1.75,1.7599999904632568,1.7400000095367432,1.7450000047683716,11809,0.0,0.0,BAER,15m
2026-03-30 13:00:00-04:00,1.7400000095367432,1.75,1.7300000190734863,1.75,47852,0.0,0.0,BAER,15m
2026-03-30 13:15:00-04:00,1.75,1.75,1.7300000190734863,1.7300000190734863,8721,0.0,0.0,BAER,15m
2026-03-30 13:30:00-04:00,1.7300000190734863,1.7382999658584595,1.725000023841858,1.7300000190734863,9672,0.0,0.0,BAER,15m
2026-03-30 13:45:00-04:00,1.7300000190734863,1.7350000143051147,1.7200000286102295,1.7289999723434448,15699,0.0,0.0,BAER,15m
2026-03-30 14:00:00-04:00,1.7200000286102295,1.7283999919891357,1.7100000381469727,1.7100000381469727,61923,0.0,0.0,BAER,15m
2026-03-30 14:15:00-04:00,1.7200000286102295,1.7599999904632568,1.7200000286102295,1.7591999769210815,62872,0.0,0.0,BAER,15m
2026-03-30 14:30:00-04:00,1.7549999952316284,1.7599999904632568,1.75,1.7582999467849731,38503,0.0,0.0,BAER,15m
2026-03-30 14:45:00-04:00,1.75,1.7649999856948853,1.75,1.7549999952316284,48905,0.0,0.0,BAER,15m
2026-03-30 15:00:00-04:00,1.7549999952316284,1.7549999952316284,1.7200000286102295,1.725000023841858,52106,0.0,0.0,BAER,15m
2026-03-30 15:15:00-04:00,1.725000023841858,1.7400000095367432,1.7200000286102295,1.7200000286102295,19998,0.0,0.0,BAER,15m
2026-03-30 15:30:00-04:00,1.725000023841858,1.7450000047683716,1.7200000286102295,1.7400000095367432,24821,0.0,0.0,BAER,15m
2026-03-30 15:45:00-04:00,1.7400000095367432,1.7400000095367432,1.7200000286102295,1.725000023841858,51858,0.0,0.0,BAER,15m
2026-03-31 09:30:00-04:00,1.8200000524520874,1.8700000047683716,1.8200000524520874,1.8700000047683716,90203,0.0,0.0,BAER,15m
2026-03-31 09:45:00-04:00,1.8799999952316284,1.9800000190734863,1.8700000047683716,1.9800000190734863,60711,0.0,0.0,BAER,15m
2026-03-31 10:00:00-04:00,1.9900000095367432,1.9900000095367432,1.9599000215530396,1.9850000143051147,32228,0.0,0.0,BAER,15m
2026-03-31 10:15:00-04:00,1.9850000143051147,2.0299999713897705,1.968999981880188,2.0288000106811523,56573,0.0,0.0,BAER,15m
2026-03-31 10:30:00-04:00,2.009999990463257,2.0250000953674316,2.0,2.0100998878479004,64472,0.0,0.0,BAER,15m
2026-03-31 10:45:00-04:00,2.0164999961853027,2.0164999961853027,1.9801000356674194,2.005000114440918,41624,0.0,0.0,BAER,15m
2026-03-31 11:00:00-04:00,2.005000114440918,2.0399999618530273,2.0000998973846436,2.0399999618530273,67653,0.0,0.0,BAER,15m
2026-03-31 11:15:00-04:00,2.0399999618530273,2.069200038909912,2.0350000858306885,2.0350000858306885,23295,0.0,0.0,BAER,15m
2026-03-31 11:30:00-04:00,2.033400058746338,2.049999952316284,2.031599998474121,2.0350000858306885,66114,0.0,0.0,BAER,15m
2026-03-31 11:45:00-04:00,2.049999952316284,2.049999952316284,2.0299999713897705,2.040800094604492,11319,0.0,0.0,BAER,15m
2026-03-31 12:00:00-04:00,2.0594000816345215,2.0799999237060547,2.0199999809265137,2.0209999084472656,58088,0.0,0.0,BAER,15m
2026-03-31 12:15:00-04:00,2.0250000953674316,2.0450000762939453,2.008699893951416,2.0250000953674316,103880,0.0,0.0,BAER,15m
2026-03-31 12:30:00-04:00,2.0199999809265137,2.0799999237060547,2.0100998878479004,2.055000066757202,78785,0.0,0.0,BAER,15m
2026-03-31 12:45:00-04:00,2.049999952316284,2.049999952316284,2.0399999618530273,2.049999952316284,14891,0.0,0.0,BAER,15m
2026-03-31 13:00:00-04:00,2.059999942779541,2.060800075531006,2.0399999618530273,2.0399999618530273,11355,0.0,0.0,BAER,15m
2026-03-31 13:15:00-04:00,2.0299999713897705,2.049999952316284,2.0299999713897705,2.0299999713897705,10530,0.0,0.0,BAER,15m
2026-03-31 13:30:00-04:00,2.0399999618530273,2.0399999618530273,2.0,2.0,39143,0.0,0.0,BAER,15m
2026-03-31 13:45:00-04:00,2.0,2.015000104904175,2.0,2.0,2870,0.0,0.0,BAER,15m
2026-03-31 14:00:00-04:00,2.009999990463257,2.0190999507904053,1.9830000400543213,1.985700011253357,18685,0.0,0.0,BAER,15m
2026-03-31 14:15:00-04:00,1.9900000095367432,2.0099000930786133,1.9900000095367432,2.009200096130371,15185,0.0,0.0,BAER,15m
2026-03-31 14:30:00-04:00,2.005000114440918,2.009999990463257,1.9900000095367432,2.0,11255,0.0,0.0,BAER,15m
2026-03-31 14:45:00-04:00,2.005000114440918,2.0074000358581543,2.0,2.0,4530,0.0,0.0,BAER,15m
2026-03-31 15:00:00-04:00,2.009999990463257,2.0199999809265137,2.0099000930786133,2.009999990463257,13507,0.0,0.0,BAER,15m
2026-03-31 15:15:00-04:00,2.015000104904175,2.015000104904175,1.9900000095367432,2.0,43605,0.0,0.0,BAER,15m
2026-03-31 15:30:00-04:00,2.0,2.0,1.9900000095367432,1.9950000047683716,5937,0.0,0.0,BAER,15m
2026-03-31 15:45:00-04:00,1.9900000095367432,2.0199999809265137,1.9900000095367432,1.9900000095367432,125848,0.0,0.0,BAER,15m
2026-04-01 09:30:00-04:00,2.049999952316284,2.0899999141693115,2.0299999713897705,2.0399999618530273,62759,0.0,0.0,BAER,15m
2026-04-01 09:45:00-04:00,2.0399999618530273,2.069999933242798,2.0399999618530273,2.065000057220459,15492,0.0,0.0,BAER,15m
2026-04-01 10:00:00-04:00,2.065000057220459,2.065000057220459,2.0199999809265137,2.0199999809265137,22811,0.0,0.0,BAER,15m
2026-04-01 10:15:00-04:00,2.0299999713897705,2.059999942779541,2.0299999713897705,2.055000066757202,16511,0.0,0.0,BAER,15m
2026-04-01 10:30:00-04:00,2.055000066757202,2.065000057220459,2.0350000858306885,2.050100088119507,23595,0.0,0.0,BAER,15m
2026-04-01 10:45:00-04:00,2.050800085067749,2.050800085067749,2.0299999713897705,2.0399999618530273,6930,0.0,0.0,BAER,15m
2026-04-01 11:00:00-04:00,2.0387001037597656,2.049999952316284,2.0299999713897705,2.039900064468384,8000,0.0,0.0,BAER,15m
2026-04-01 11:15:00-04:00,2.0450000762939453,2.0601000785827637,2.0450000762939453,2.059999942779541,10353,0.0,0.0,BAER,15m
2026-04-01 11:30:00-04:00,2.055000066757202,2.059999942779541,2.049999952316284,2.059999942779541,6499,0.0,0.0,BAER,15m
2026-04-01 11:45:00-04:00,2.055000066757202,2.065000057220459,2.0450000762939453,2.0450000762939453,21355,0.0,0.0,BAER,15m
2026-04-01 12:00:00-04:00,2.0399999618530273,2.0499000549316406,2.0299999713897705,2.0302000045776367,19730,0.0,0.0,BAER,15m
2026-04-01 12:15:00-04:00,2.0299999713897705,2.0299999713897705,2.0199999809265137,2.0199999809265137,9002,0.0,0.0,BAER,15m
2026-04-01 12:30:00-04:00,2.02020001411438,2.0299999713897705,2.0199999809265137,2.0250000953674316,4812,0.0,0.0,BAER,15m
2026-04-01 12:45:00-04:00,2.0199999809265137,2.0290000438690186,2.0199999809265137,2.0209999084472656,3260,0.0,0.0,BAER,15m
2026-04-01 13:00:00-04:00,2.0271999835968018,2.029900074005127,2.0,2.015000104904175,30809,0.0,0.0,BAER,15m
2026-04-01 13:15:00-04:00,2.011399984359741,2.011399984359741,1.9950000047683716,2.0,18328,0.0,0.0,BAER,15m
2026-04-01 13:30:00-04:00,2.005000114440918,2.009999990463257,2.0,2.0,4094,0.0,0.0,BAER,15m
2026-04-01 13:45:00-04:00,2.0099000930786133,2.0099000930786133,1.9900000095367432,2.0,26572,0.0,0.0,BAER,15m
2026-04-01 14:00:00-04:00,2.0,2.0,1.9800000190734863,1.9800000190734863,10612,0.0,0.0,BAER,15m
2026-04-01 14:15:00-04:00,1.9850000143051147,1.9850000143051147,1.9600000381469727,1.9700000286102295,35484,0.0,0.0,BAER,15m
2026-04-01 14:30:00-04:00,1.9700000286102295,1.9700000286102295,1.9500000476837158,1.9700000286102295,13309,0.0,0.0,BAER,15m
2026-04-01 14:45:00-04:00,1.9700000286102295,1.9700000286102295,1.9550000429153442,1.965000033378601,7136,0.0,0.0,BAER,15m
2026-04-01 15:00:00-04:00,1.9600000381469727,1.9600000381469727,1.9550000429153442,1.9600000381469727,3460,0.0,0.0,BAER,15m
2026-04-01 15:15:00-04:00,1.965000033378601,1.9800000190734863,1.964900016784668,1.9800000190734863,13607,0.0,0.0,BAER,15m
2026-04-01 15:30:00-04:00,1.9850000143051147,1.9900000095367432,1.9800000190734863,1.9850000143051147,6418,0.0,0.0,BAER,15m
2026-04-01 15:45:00-04:00,1.9800000190734863,2.0,1.9800000190734863,1.9900000095367432,29986,0.0,0.0,BAER,15m
2026-04-02 09:30:00-04:00,1.940000057220459,1.975000023841858,1.940000057220459,1.9450000524520874,39272,0.0,0.0,BAER,15m
2026-04-02 09:45:00-04:00,1.9401999711990356,1.9500000476837158,1.9401999711990356,1.9500000476837158,5050,0.0,0.0,BAER,15m
2026-04-02 10:00:00-04:00,1.9800000190734863,1.9950000047683716,1.965000033378601,1.9950000047683716,13501,0.0,0.0,BAER,15m
2026-04-02 10:15:00-04:00,1.9950000047683716,1.9997999668121338,1.9900000095367432,1.9900000095367432,2682,0.0,0.0,BAER,15m
2026-04-02 10:30:00-04:00,1.9900000095367432,2.059999942779541,1.9900000095367432,2.0350000858306885,11031,0.0,0.0,BAER,15m
2026-04-02 10:45:00-04:00,2.0299999713897705,2.0399999618530273,2.015000104904175,2.0399999618530273,4828,0.0,0.0,BAER,15m
2026-04-02 11:00:00-04:00,2.0599000453948975,2.0599000453948975,2.0250000953674316,2.0350000858306885,5635,0.0,0.0,BAER,15m
2026-04-02 11:15:00-04:00,2.030100107192993,2.030100107192993,2.0202999114990234,2.0202999114990234,8556,0.0,0.0,BAER,15m
2026-04-02 11:30:00-04:00,2.0199999809265137,2.0299999713897705,2.015000104904175,2.015000104904175,3375,0.0,0.0,BAER,15m
2026-04-02 11:45:00-04:00,2.015000104904175,2.0199999809265137,2.009999990463257,2.009999990463257,7878,0.0,0.0,BAER,15m
2026-04-02 12:00:00-04:00,2.016700029373169,2.016700029373169,2.009999990463257,2.009999990463257,1883,0.0,0.0,BAER,15m
2026-04-02 12:15:00-04:00,2.005000114440918,2.005000114440918,2.0,2.005000114440918,2442,0.0,0.0,BAER,15m
2026-04-02 12:30:00-04:00,2.005000114440918,2.005000114440918,1.9900000095367432,2.0,7416,0.0,0.0,BAER,15m
2026-04-02 12:45:00-04:00,2.0,2.0,1.9800000190734863,1.9800000190734863,3270,0.0,0.0,BAER,15m
2026-04-02 13:00:00-04:00,1.9800000190734863,1.9850000143051147,1.9800000190734863,1.9800000190734863,2464,0.0,0.0,BAER,15m
2026-04-02 13:15:00-04:00,1.9843000173568726,1.9850000143051147,1.9843000173568726,1.9850000143051147,300,0.0,0.0,BAER,15m
2026-04-02 13:30:00-04:00,1.9850000143051147,1.98989999294281,1.975000023841858,1.9850000143051147,10575,0.0,0.0,BAER,15m
2026-04-02 13:45:00-04:00,1.9850000143051147,1.9850000143051147,1.9700000286102295,1.975000023841858,2780,0.0,0.0,BAER,15m
2026-04-02 14:00:00-04:00,1.9800000190734863,1.9800000190734863,1.9800000190734863,1.9800000190734863,3704,0.0,0.0,BAER,15m
2026-04-02 14:15:00-04:00,1.9838999509811401,1.9850000143051147,1.9700000286102295,1.9700000286102295,2348,0.0,0.0,BAER,15m
2026-04-02 14:30:00-04:00,1.975000023841858,2.0199999809265137,1.975000023841858,1.9900000095367432,49808,0.0,0.0,BAER,15m
2026-04-02 14:45:00-04:00,1.9900000095367432,2.0,1.9900000095367432,2.0,1693,0.0,0.0,BAER,15m
2026-04-02 15:00:00-04:00,1.9900000095367432,2.0299999713897705,1.9900000095367432,2.0250000953674316,11585,0.0,0.0,BAER,15m
2026-04-02 15:15:00-04:00,2.0250000953674316,2.0350000858306885,2.015000104904175,2.0199999809265137,29119,0.0,0.0,BAER,15m
2026-04-02 15:30:00-04:00,2.0199999809265137,2.0299999713897705,2.009999990463257,2.015000104904175,10446,0.0,0.0,BAER,15m
2026-04-02 15:45:00-04:00,2.0199999809265137,2.0250000953674316,2.009999990463257,2.009999990463257,21222,0.0,0.0,BAER,15m
2026-04-06 09:30:00-04:00,2.049999952316284,2.069999933242798,2.0299999713897705,2.0573999881744385,54648,0.0,0.0,BAER,15m
2026-04-06 09:45:00-04:00,2.049999952316284,2.088900089263916,2.049999952316284,2.0850000381469727,9662,0.0,0.0,BAER,15m
2026-04-06 10:00:00-04:00,2.119999885559082,2.1549999713897705,2.0950000286102295,2.134999990463257,68809,0.0,0.0,BAER,15m
2026-04-06 10:15:00-04:00,2.134999990463257,2.140000104904175,2.119999885559082,2.140000104904175,8613,0.0,0.0,BAER,15m
2026-04-06 10:30:00-04:00,2.1449999809265137,2.1500000953674316,2.0999999046325684,2.1110999584198,25505,0.0,0.0,BAER,15m
2026-04-06 10:45:00-04:00,2.109999895095825,2.130000114440918,2.0999999046325684,2.125,37255,0.0,0.0,BAER,15m
2026-04-06 11:00:00-04:00,2.1298999786376953,2.130000114440918,2.115000009536743,2.119999885559082,25630,0.0,0.0,BAER,15m
2026-04-06 11:15:00-04:00,2.115000009536743,2.115000009536743,2.1106998920440674,2.1106998920440674,334,0.0,0.0,BAER,15m
2026-04-06 11:30:00-04:00,2.115000009536743,2.140000104904175,2.115000009536743,2.134999990463257,13654,0.0,0.0,BAER,15m
2026-04-06 11:45:00-04:00,2.134999990463257,2.1449999809265137,2.119999885559082,2.119999885559082,12237,0.0,0.0,BAER,15m
2026-04-06 12:00:00-04:00,2.125,2.130000114440918,2.115000009536743,2.130000114440918,7145,0.0,0.0,BAER,15m
2026-04-06 12:15:00-04:00,2.125,2.134999990463257,2.125,2.125,5949,0.0,0.0,BAER,15m
2026-04-06 12:30:00-04:00,2.1201000213623047,2.134999990463257,2.119999885559082,2.134999990463257,6035,0.0,0.0,BAER,15m
2026-04-06 12:45:00-04:00,2.134999990463257,2.1449999809265137,2.115000009536743,2.115000009536743,30616,0.0,0.0,BAER,15m
2026-04-06 13:00:00-04:00,2.109999895095825,2.109999895095825,2.0999999046325684,2.0999999046325684,1552,0.0,0.0,BAER,15m
2026-04-06 13:15:00-04:00,2.0850000381469727,2.0950000286102295,2.069999933242798,2.0899999141693115,28302,0.0,0.0,BAER,15m
2026-04-06 13:30:00-04:00,2.0999999046325684,2.1050000190734863,2.0999999046325684,2.0999999046325684,3049,0.0,0.0,BAER,15m
2026-04-06 13:45:00-04:00,2.0950000286102295,2.099100112915039,2.0899999141693115,2.0950000286102295,4338,0.0,0.0,BAER,15m
2026-04-06 14:00:00-04:00,2.0999999046325684,2.119999885559082,2.0999999046325684,2.115000009536743,15528,0.0,0.0,BAER,15m
2026-04-06 14:15:00-04:00,2.119999885559082,2.130000114440918,2.115000009536743,2.125,17656,0.0,0.0,BAER,15m
2026-04-06 14:30:00-04:00,2.125,2.130000114440918,2.119999885559082,2.125,20861,0.0,0.0,BAER,15m
2026-04-06 14:45:00-04:00,2.119999885559082,2.130000114440918,2.119999885559082,2.125,4962,0.0,0.0,BAER,15m
2026-04-06 15:00:00-04:00,2.125,2.125,2.119999885559082,2.125,3734,0.0,0.0,BAER,15m
2026-04-06 15:15:00-04:00,2.1208999156951904,2.1389999389648438,2.119999885559082,2.130000114440918,23817,0.0,0.0,BAER,15m
2026-04-06 15:30:00-04:00,2.134999990463257,2.134999990463257,2.119999885559082,2.125,7250,0.0,0.0,BAER,15m
2026-04-06 15:45:00-04:00,2.125,2.140000104904175,2.119999885559082,2.125,64466,0.0,0.0,BAER,15m
2026-04-07 09:30:00-04:00,2.0999999046325684,2.0999999046325684,2.0399999618530273,2.0450000762939453,41989,0.0,0.0,BAER,15m
2026-04-07 09:45:00-04:00,2.0450000762939453,2.0450000762939453,2.009999990463257,2.0174999237060547,21030,0.0,0.0,BAER,15m
2026-04-07 10:00:00-04:00,2.009999990463257,2.009999990463257,1.9850000143051147,2.0,36901,0.0,0.0,BAER,15m
2026-04-07 10:15:00-04:00,2.0,2.0199999809265137,1.999899983406067,2.0199999809265137,8377,0.0,0.0,BAER,15m
2026-04-07 10:30:00-04:00,2.0199999809265137,2.0199999809265137,2.0,2.0,11012,0.0,0.0,BAER,15m
2026-04-07 10:45:00-04:00,2.005000114440918,2.0250000953674316,2.005000114440918,2.0199999809265137,11886,0.0,0.0,BAER,15m
2026-04-07 11:00:00-04:00,2.0199999809265137,2.0199999809265137,1.9900000095367432,2.0099000930786133,27271,0.0,0.0,BAER,15m
2026-04-07 11:15:00-04:00,2.007999897003174,2.130000114440918,2.005000114440918,2.125,81246,0.0,0.0,BAER,15m
2026-04-07 11:30:00-04:00,2.119999885559082,2.119999885559082,2.075000047683716,2.075000047683716,27332,0.0,0.0,BAER,15m
2026-04-07 11:45:00-04:00,2.0799999237060547,2.089600086212158,2.069999933242798,2.069999933242798,6338,0.0,0.0,BAER,15m
2026-04-07 12:00:00-04:00,2.0799999237060547,2.109999895095825,2.0799999237060547,2.0999999046325684,11846,0.0,0.0,BAER,15m
2026-04-07 12:15:00-04:00,2.1096999645233154,2.109999895095825,2.0999999046325684,2.0999999046325684,22036,0.0,0.0,BAER,15m
2026-04-07 12:30:00-04:00,2.1050000190734863,2.109999895095825,2.0999999046325684,2.1050000190734863,5244,0.0,0.0,BAER,15m
2026-04-07 12:45:00-04:00,2.109999895095825,2.115000009536743,2.0999999046325684,2.0999999046325684,2530,0.0,0.0,BAER,15m
2026-04-07 13:00:00-04:00,2.0999999046325684,2.1050000190734863,2.0950000286102295,2.0999999046325684,2657,0.0,0.0,BAER,15m
2026-04-07 13:15:00-04:00,2.0999999046325684,2.1050000190734863,2.09089994430542,2.1050000190734863,8338,0.0,0.0,BAER,15m
2026-04-07 13:30:00-04:00,2.1050000190734863,2.119999885559082,2.1050000190734863,2.109999895095825,3557,0.0,0.0,BAER,15m
2026-04-07 13:45:00-04:00,2.109999895095825,2.119999885559082,2.1050000190734863,2.109999895095825,5593,0.0,0.0,BAER,15m
2026-04-07 14:00:00-04:00,2.1015000343322754,2.1050000190734863,2.0999999046325684,2.0999999046325684,5421,0.0,0.0,BAER,15m
2026-04-07 14:15:00-04:00,2.0999999046325684,2.1050000190734863,2.0899999141693115,2.1050000190734863,6185,0.0,0.0,BAER,15m
2026-04-07 14:30:00-04:00,2.1050000190734863,2.1050000190734863,2.0899999141693115,2.1050000190734863,3520,0.0,0.0,BAER,15m
2026-04-07 14:45:00-04:00,2.0950000286102295,2.0950000286102295,2.0799999237060547,2.0799999237060547,2963,0.0,0.0,BAER,15m
2026-04-07 15:00:00-04:00,2.0799999237060547,2.088900089263916,2.075000047683716,2.075000047683716,11068,0.0,0.0,BAER,15m
2026-04-07 15:15:00-04:00,2.075000047683716,2.115000009536743,2.075000047683716,2.0850000381469727,39031,0.0,0.0,BAER,15m
2026-04-07 15:30:00-04:00,2.0799999237060547,2.0850000381469727,2.069999933242798,2.075000047683716,11441,0.0,0.0,BAER,15m
2026-04-07 15:45:00-04:00,2.075000047683716,2.1050000190734863,2.075000047683716,2.0999999046325684,40227,0.0,0.0,BAER,15m
2026-04-08 09:30:00-04:00,2.2100000381469727,2.234800100326538,2.170099973678589,2.190000057220459,86315,0.0,0.0,BAER,15m
2026-04-08 09:45:00-04:00,2.180999994277954,2.200000047683716,2.1700000762939453,2.180000066757202,11683,0.0,0.0,BAER,15m
2026-04-08 10:00:00-04:00,2.1700000762939453,2.194999933242798,2.1500000953674316,2.189199924468994,81314,0.0,0.0,BAER,15m
2026-04-08 10:15:00-04:00,2.190000057220459,2.2100000381469727,2.1898999214172363,2.20989990234375,21913,0.0,0.0,BAER,15m
2026-04-08 10:30:00-04:00,2.2049999237060547,2.2049999237060547,2.174999952316284,2.196700096130371,26095,0.0,0.0,BAER,15m
2026-04-08 10:45:00-04:00,2.194999933242798,2.194999933242798,2.1649999618530273,2.174999952316284,18655,0.0,0.0,BAER,15m
2026-04-08 11:00:00-04:00,2.174999952316284,2.184999942779541,2.1700000762939453,2.174999952316284,12880,0.0,0.0,BAER,15m
2026-04-08 11:15:00-04:00,2.174999952316284,2.184999942779541,2.174999952316284,2.184999942779541,4188,0.0,0.0,BAER,15m
2026-04-08 11:30:00-04:00,2.184999942779541,2.184999942779541,2.174999952316284,2.1800999641418457,9870,0.0,0.0,BAER,15m
2026-04-08 11:45:00-04:00,2.184999942779541,2.190000057220459,2.184999942779541,2.184999942779541,10500,0.0,0.0,BAER,15m
2026-04-08 12:00:00-04:00,2.184999942779541,2.200000047683716,2.184999942779541,2.194999933242798,24791,0.0,0.0,BAER,15m
2026-04-08 12:15:00-04:00,2.194999933242798,2.194999933242798,2.1700000762939453,2.171099901199341,41798,0.0,0.0,BAER,15m
2026-04-08 12:30:00-04:00,2.1700000762939453,2.184999942779541,2.1700000762939453,2.174999952316284,11344,0.0,0.0,BAER,15m
2026-04-08 12:45:00-04:00,2.174999952316284,2.174999952316284,2.174999952316284,2.174999952316284,6223,0.0,0.0,BAER,15m
2026-04-08 13:00:00-04:00,2.1700000762939453,2.180000066757202,2.1700000762939453,2.174999952316284,12744,0.0,0.0,BAER,15m
2026-04-08 13:15:00-04:00,2.174999952316284,2.174999952316284,2.1649999618530273,2.1649999618530273,5006,0.0,0.0,BAER,15m
2026-04-08 13:30:00-04:00,2.1649999618530273,2.174999952316284,2.1649999618530273,2.1700000762939453,13220,0.0,0.0,BAER,15m
2026-04-08 13:45:00-04:00,2.1789000034332275,2.184999942779541,2.174999952316284,2.180000066757202,5227,0.0,0.0,BAER,15m
2026-04-08 14:00:00-04:00,2.180000066757202,2.1882998943328857,2.180000066757202,2.180000066757202,11073,0.0,0.0,BAER,15m
2026-04-08 14:15:00-04:00,2.1700000762939453,2.1700000762939453,2.1500000953674316,2.1549999713897705,23489,0.0,0.0,BAER,15m
2026-04-08 14:30:00-04:00,2.1500000953674316,2.1500000953674316,2.140000104904175,2.140000104904175,2043,0.0,0.0,BAER,15m
2026-04-08 14:45:00-04:00,2.140000104904175,2.1449999809265137,2.140000104904175,2.140000104904175,2702,0.0,0.0,BAER,15m
2026-04-08 15:00:00-04:00,2.132999897003174,2.1449999809265137,2.130000114440918,2.1449999809265137,13368,0.0,0.0,BAER,15m
2026-04-08 15:15:00-04:00,2.1449999809265137,2.1449999809265137,2.1449999809265137,2.1449999809265137,1167,0.0,0.0,BAER,15m
2026-04-08 15:30:00-04:00,2.1500000953674316,2.1549999713897705,2.134999990463257,2.140000104904175,13897,0.0,0.0,BAER,15m
2026-04-08 15:45:00-04:00,2.140000104904175,2.1549999713897705,2.134999990463257,2.1549999713897705,47820,0.0,0.0,BAER,15m
2026-04-09 09:30:00-04:00,2.1600000858306885,2.180000066757202,2.1500000953674316,2.1549999713897705,20683,0.0,0.0,BAER,15m
2026-04-09 09:45:00-04:00,2.1598000526428223,2.1700000762939453,2.1500000953674316,2.1500000953674316,6654,0.0,0.0,BAER,15m
2026-04-09 10:00:00-04:00,2.1600000858306885,2.1600000858306885,2.134999990463257,2.134999990463257,6028,0.0,0.0,BAER,15m
2026-04-09 10:15:00-04:00,2.139899969100952,2.139899969100952,2.115000009536743,2.115000009536743,7522,0.0,0.0,BAER,15m
2026-04-09 10:30:00-04:00,2.119999885559082,2.140000104904175,2.119999885559082,2.140000104904175,19824,0.0,0.0,BAER,15m
2026-04-09 10:45:00-04:00,2.1600000858306885,2.1600000858306885,2.1500000953674316,2.1500000953674316,4487,0.0,0.0,BAER,15m
2026-04-09 11:00:00-04:00,2.134999990463257,2.134999990463257,2.134999990463257,2.134999990463257,410,0.0,0.0,BAER,15m
2026-04-09 11:15:00-04:00,2.134999990463257,2.1600000858306885,2.134999990463257,2.1600000858306885,6096,0.0,0.0,BAER,15m
2026-04-09 11:30:00-04:00,2.1500000953674316,2.1679999828338623,2.1500000953674316,2.1600000858306885,1885,0.0,0.0,BAER,15m
2026-04-09 11:45:00-04:00,2.1700000762939453,2.1700000762939453,2.1600000858306885,2.1600000858306885,2270,0.0,0.0,BAER,15m
2026-04-09 12:00:00-04:00,2.1700000762939453,2.178999900817871,2.1700000762939453,2.1700000762939453,2799,0.0,0.0,BAER,15m
2026-04-09 12:15:00-04:00,2.1700000762939453,2.1700000762939453,2.1607000827789307,2.1649999618530273,2232,0.0,0.0,BAER,15m
2026-04-09 12:30:00-04:00,2.1649999618530273,2.1689999103546143,2.1600000858306885,2.1689999103546143,1365,0.0,0.0,BAER,15m
2026-04-09 12:45:00-04:00,2.1649999618530273,2.184999942779541,2.1649999618530273,2.184999942779541,3020,0.0,0.0,BAER,15m
2026-04-09 13:00:00-04:00,2.1800999641418457,2.2149999141693115,2.1800999641418457,2.2100000381469727,12538,0.0,0.0,BAER,15m
2026-04-09 13:15:00-04:00,2.210099935531616,2.244999885559082,2.210099935531616,2.2298998832702637,61478,0.0,0.0,BAER,15m
2026-04-09 13:30:00-04:00,2.2200000286102295,2.2255001068115234,2.2100000381469727,2.220099925994873,42496,0.0,0.0,BAER,15m
2026-04-09 13:45:00-04:00,2.210200071334839,2.220099925994873,2.2000999450683594,2.2000999450683594,18764,0.0,0.0,BAER,15m
2026-04-09 14:00:00-04:00,2.2049999237060547,2.2049999237060547,2.200000047683716,2.2049999237060547,7573,0.0,0.0,BAER,15m
2026-04-09 14:15:00-04:00,2.2007999420166016,2.2091000080108643,2.200000047683716,2.2049999237060547,3053,0.0,0.0,BAER,15m
2026-04-09 14:30:00-04:00,2.2049999237060547,2.2049999237060547,2.190000057220459,2.194999933242798,4200,0.0,0.0,BAER,15m
2026-04-09 14:45:00-04:00,2.194999933242798,2.194999933242798,2.190000057220459,2.194999933242798,14629,0.0,0.0,BAER,15m
2026-04-09 15:00:00-04:00,2.200000047683716,2.2049999237060547,2.200000047683716,2.2049999237060547,25005,0.0,0.0,BAER,15m
2026-04-09 15:15:00-04:00,2.2049999237060547,2.2049999237060547,2.190000057220459,2.194999933242798,8055,0.0,0.0,BAER,15m
2026-04-09 15:30:00-04:00,2.200000047683716,2.200000047683716,2.180000066757202,2.184999942779541,7890,0.0,0.0,BAER,15m
2026-04-09 15:45:00-04:00,2.190000057220459,2.200000047683716,2.180000066757202,2.190000057220459,43371,0.0,0.0,BAER,15m
2026-04-10 09:30:00-04:00,2.180000066757202,2.2300000190734863,2.1700000762939453,2.2149999141693115,34552,0.0,0.0,BAER,15m
2026-04-10 09:45:00-04:00,2.2100000381469727,2.259999990463257,2.2100000381469727,2.240000009536743,28810,0.0,0.0,BAER,15m
2026-04-10 10:00:00-04:00,2.234999895095825,2.25,2.234999895095825,2.24180006980896,4249,0.0,0.0,BAER,15m
2026-04-10 10:15:00-04:00,2.25,2.2688000202178955,2.25,2.259999990463257,5124,0.0,0.0,BAER,15m
2026-04-10 10:30:00-04:00,2.255000114440918,2.255000114440918,2.240000009536743,2.240299940109253,12498,0.0,0.0,BAER,15m
2026-04-10 10:45:00-04:00,2.240000009536743,2.240000009536743,2.2149999141693115,2.2300000190734863,8349,0.0,0.0,BAER,15m
2026-04-10 11:00:00-04:00,2.231800079345703,2.2599000930786133,2.231800079345703,2.250999927520752,7698,0.0,0.0,BAER,15m
2026-04-10 11:15:00-04:00,2.255000114440918,2.255000114440918,2.244999885559082,2.25,5447,0.0,0.0,BAER,15m
2026-04-10 11:30:00-04:00,2.244999885559082,2.25,2.234999895095825,2.240000009536743,10947,0.0,0.0,BAER,15m
2026-04-10 11:45:00-04:00,2.240000009536743,2.240000009536743,2.2200000286102295,2.2249999046325684,4629,0.0,0.0,BAER,15m
2026-04-10 12:00:00-04:00,2.2200000286102295,2.2200000286102295,2.2109999656677246,2.2149999141693115,6327,0.0,0.0,BAER,15m
2026-04-10 12:15:00-04:00,2.2200000286102295,2.2300000190734863,2.2200000286102295,2.2300000190734863,8501,0.0,0.0,BAER,15m
2026-04-10 12:30:00-04:00,2.2200000286102295,2.220099925994873,2.180000066757202,2.184999942779541,61793,0.0,0.0,BAER,15m
2026-04-10 12:45:00-04:00,2.190000057220459,2.2100000381469727,2.180000066757202,2.200000047683716,40727,0.0,0.0,BAER,15m
2026-04-10 13:00:00-04:00,2.200000047683716,2.2049999237060547,2.190000057220459,2.2049999237060547,4310,0.0,0.0,BAER,15m
2026-04-10 13:15:00-04:00,2.200000047683716,2.2149999141693115,2.200000047683716,2.2100000381469727,7526,0.0,0.0,BAER,15m
2026-04-10 13:30:00-04:00,2.2100000381469727,2.210099935531616,2.2100000381469727,2.210099935531616,600,0.0,0.0,BAER,15m
2026-04-10 13:45:00-04:00,2.2100000381469727,2.2249999046325684,2.2100000381469727,2.2149999141693115,7572,0.0,0.0,BAER,15m
2026-04-10 14:00:00-04:00,2.2100000381469727,2.2149999141693115,2.2100000381469727,2.2100000381469727,2901,0.0,0.0,BAER,15m
2026-04-10 14:15:00-04:00,2.2100000381469727,2.2100000381469727,2.2100000381469727,2.2100000381469727,700,0.0,0.0,BAER,15m
2026-04-10 14:30:00-04:00,2.2149999141693115,2.2149999141693115,2.2100000381469727,2.2149999141693115,2300,0.0,0.0,BAER,15m
2026-04-10 14:45:00-04:00,2.2149999141693115,2.2200000286102295,2.2100000381469727,2.2149999141693115,4835,0.0,0.0,BAER,15m
2026-04-10 15:00:00-04:00,2.2100000381469727,2.2200000286102295,2.2100000381469727,2.2149999141693115,17472,0.0,0.0,BAER,15m
2026-04-10 15:15:00-04:00,2.2149999141693115,2.2149999141693115,2.200000047683716,2.2049999237060547,11631,0.0,0.0,BAER,15m
2026-04-10 15:30:00-04:00,2.20989990234375,2.20989990234375,2.194999933242798,2.194999933242798,11005,0.0,0.0,BAER,15m
2026-04-10 15:45:00-04:00,2.194999933242798,2.2249999046325684,2.1910998821258545,2.2200000286102295,43452,0.0,0.0,BAER,15m
2026-04-13 09:30:00-04:00,2.2100000381469727,2.2249999046325684,2.180000066757202,2.190000057220459,12911,0.0,0.0,BAER,15m
2026-04-13 09:45:00-04:00,2.1882998943328857,2.1882998943328857,2.1500000953674316,2.1600000858306885,91465,0.0,0.0,BAER,15m
2026-04-13 10:00:00-04:00,2.1549999713897705,2.190000057220459,2.1500000953674316,2.174999952316284,50718,0.0,0.0,BAER,15m
2026-04-13 10:15:00-04:00,2.174999952316284,2.200000047683716,2.1700000762939453,2.194999933242798,5285,0.0,0.0,BAER,15m
2026-04-13 10:30:00-04:00,2.194999933242798,2.200000047683716,2.194999933242798,2.194999933242798,4110,0.0,0.0,BAER,15m
2026-04-13 10:45:00-04:00,2.190200090408325,2.20989990234375,2.184999942779541,2.20989990234375,25917,0.0,0.0,BAER,15m
2026-04-13 11:00:00-04:00,2.2049999237060547,2.2049999237060547,2.194999933242798,2.194999933242798,11028,0.0,0.0,BAER,15m
2026-04-13 11:30:00-04:00,2.1902999877929688,2.194999933242798,2.184999942779541,2.194999933242798,5269,0.0,0.0,BAER,15m
2026-04-13 11:45:00-04:00,2.184999942779541,2.184999942779541,2.184999942779541,2.184999942779541,1712,0.0,0.0,BAER,15m
2026-04-13 12:00:00-04:00,2.184999942779541,2.200000047683716,2.180000066757202,2.194999933242798,11464,0.0,0.0,BAER,15m
2026-04-13 12:15:00-04:00,2.194999933242798,2.2100000381469727,2.194999933242798,2.2049999237060547,9915,0.0,0.0,BAER,15m
2026-04-13 12:30:00-04:00,2.200000047683716,2.217900037765503,2.200000047683716,2.217900037765503,15724,0.0,0.0,BAER,15m
2026-04-13 12:45:00-04:00,2.2200000286102295,2.2300000190734863,2.2200000286102295,2.2249999046325684,16053,0.0,0.0,BAER,15m
2026-04-13 13:00:00-04:00,2.2200000286102295,2.2298998832702637,2.2200000286102295,2.2249999046325684,7561,0.0,0.0,BAER,15m
2026-04-13 13:15:00-04:00,2.2249999046325684,2.240000009536743,2.2249999046325684,2.2302000522613525,7420,0.0,0.0,BAER,15m
2026-04-13 13:30:00-04:00,2.234999895095825,2.240000009536743,2.234999895095825,2.234999895095825,4547,0.0,0.0,BAER,15m
2026-04-13 13:45:00-04:00,2.234999895095825,2.234999895095825,2.2249999046325684,2.2249999046325684,6182,0.0,0.0,BAER,15m
2026-04-13 14:00:00-04:00,2.2300000190734863,2.234999895095825,2.2300000190734863,2.234999895095825,12015,0.0,0.0,BAER,15m
2026-04-13 14:30:00-04:00,2.2309999465942383,2.240000009536743,2.2309999465942383,2.240000009536743,6237,0.0,0.0,BAER,15m
2026-04-13 14:45:00-04:00,2.240000009536743,2.244999885559082,2.234999895095825,2.234999895095825,6816,0.0,0.0,BAER,15m
2026-04-13 15:00:00-04:00,2.2399001121520996,2.2399001121520996,2.2249999046325684,2.2300000190734863,12107,0.0,0.0,BAER,15m
2026-04-13 15:15:00-04:00,2.2249999046325684,2.234999895095825,2.2249999046325684,2.234999895095825,10695,0.0,0.0,BAER,15m
2026-04-13 15:30:00-04:00,2.234999895095825,2.240000009536743,2.2200000286102295,2.2249999046325684,15985,0.0,0.0,BAER,15m
2026-04-13 15:45:00-04:00,2.2249999046325684,2.234999895095825,2.2100000381469727,2.234999895095825,50710,0.0,0.0,BAER,15m
2026-04-14 09:30:00-04:00,2.240000009536743,2.319999933242798,2.2318999767303467,2.2950000762939453,36240,0.0,0.0,BAER,15m
2026-04-14 09:45:00-04:00,2.2899999618530273,2.2899999618530273,2.25,2.259999990463257,23182,0.0,0.0,BAER,15m
2026-04-14 10:00:00-04:00,2.265000104904175,2.265000104904175,2.25,2.25,11192,0.0,0.0,BAER,15m
2026-04-14 10:15:00-04:00,2.244999885559082,2.244999885559082,2.2200000286102295,2.240000009536743,20849,0.0,0.0,BAER,15m
2026-04-14 10:30:00-04:00,2.25,2.25,2.2100000381469727,2.2200000286102295,3851,0.0,0.0,BAER,15m
2026-04-14 10:45:00-04:00,2.2200000286102295,2.229300022125244,2.2200000286102295,2.228300094604492,7700,0.0,0.0,BAER,15m
2026-04-14 11:00:00-04:00,2.2200000286102295,2.2200000286102295,2.2007999420166016,2.2007999420166016,6403,0.0,0.0,BAER,15m
2026-04-14 11:15:00-04:00,2.200900077819824,2.2100000381469727,2.184999942779541,2.190000057220459,47816,0.0,0.0,BAER,15m
2026-04-14 11:30:00-04:00,2.190000057220459,2.2049999237060547,2.190000057220459,2.194999933242798,20592,0.0,0.0,BAER,15m
2026-04-14 11:45:00-04:00,2.194999933242798,2.2049999237060547,2.190000057220459,2.200000047683716,10335,0.0,0.0,BAER,15m
2026-04-14 12:00:00-04:00,2.190000057220459,2.1998000144958496,2.180000066757202,2.184999942779541,9448,0.0,0.0,BAER,15m
2026-04-14 12:15:00-04:00,2.1807000637054443,2.1898999214172363,2.1807000637054443,2.1898999214172363,362,0.0,0.0,BAER,15m
2026-04-14 12:30:00-04:00,2.1802000999450684,2.184999942779541,2.1500000953674316,2.1500000953674316,39442,0.0,0.0,BAER,15m
2026-04-14 12:45:00-04:00,2.152899980545044,2.1549999713897705,2.134999990463257,2.140000104904175,61658,0.0,0.0,BAER,15m
2026-04-14 13:00:00-04:00,2.1449999809265137,2.1700000762939453,2.1449999809265137,2.1600000858306885,20595,0.0,0.0,BAER,15m
2026-04-14 13:15:00-04:00,2.160099983215332,2.160099983215332,2.1500000953674316,2.1549999713897705,7087,0.0,0.0,BAER,15m
2026-04-14 13:30:00-04:00,2.1549999713897705,2.1600000858306885,2.1549999713897705,2.1600000858306885,2434,0.0,0.0,BAER,15m
2026-04-14 13:45:00-04:00,2.1649999618530273,2.1700000762939453,2.1549999713897705,2.1549999713897705,40186,0.0,0.0,BAER,15m
2026-04-14 14:00:00-04:00,2.1593000888824463,2.1593000888824463,2.1449999809265137,2.1549999713897705,23729,0.0,0.0,BAER,15m
2026-04-14 14:15:00-04:00,2.1500000953674316,2.1500000953674316,2.119999885559082,2.125,17730,0.0,0.0,BAER,15m
2026-04-14 14:30:00-04:00,2.130000114440918,2.1449999809265137,2.130000114440918,2.1449999809265137,25600,0.0,0.0,BAER,15m
2026-04-14 14:45:00-04:00,2.140000104904175,2.140000104904175,2.130000114440918,2.140000104904175,5135,0.0,0.0,BAER,15m
2026-04-14 15:00:00-04:00,2.140000104904175,2.1500000953674316,2.140000104904175,2.1449999809265137,4138,0.0,0.0,BAER,15m
2026-04-14 15:15:00-04:00,2.1445000171661377,2.1449999809265137,2.140000104904175,2.140000104904175,4201,0.0,0.0,BAER,15m
2026-04-14 15:30:00-04:00,2.1449999809265137,2.1449999809265137,2.140000104904175,2.140000104904175,3260,0.0,0.0,BAER,15m
2026-04-14 15:45:00-04:00,2.1496999263763428,2.1496999263763428,2.119999885559082,2.130000114440918,32744,0.0,0.0,BAER,15m
2026-04-15 09:30:00-04:00,2.140000104904175,2.1659998893737793,2.130000114440918,2.1659998893737793,66105,0.0,0.0,BAER,15m
2026-04-15 09:45:00-04:00,2.1659998893737793,2.180000066757202,2.1600000858306885,2.1600000858306885,9150,0.0,0.0,BAER,15m
2026-04-15 10:00:00-04:00,2.1698999404907227,2.180000066757202,2.1649999618530273,2.1649999618530273,26693,0.0,0.0,BAER,15m
2026-04-15 10:15:00-04:00,2.1649999618530273,2.174999952316284,2.140000104904175,2.1600000858306885,37319,0.0,0.0,BAER,15m
2026-04-15 10:30:00-04:00,2.1700000762939453,2.1700000762939453,2.1600000858306885,2.1600000858306885,4343,0.0,0.0,BAER,15m
2026-04-15 10:45:00-04:00,2.1600000858306885,2.1649999618530273,2.150700092315674,2.1577000617980957,10147,0.0,0.0,BAER,15m
2026-04-15 11:00:00-04:00,2.1549999713897705,2.1549999713897705,2.134000062942505,2.140000104904175,12746,0.0,0.0,BAER,15m
2026-04-15 11:15:00-04:00,2.1449999809265137,2.1449999809265137,2.134999990463257,2.134999990463257,2787,0.0,0.0,BAER,15m
2026-04-15 11:30:00-04:00,2.139899969100952,2.139899969100952,2.115000009536743,2.125,30817,0.0,0.0,BAER,15m
2026-04-15 11:45:00-04:00,2.125,2.125,2.109999895095825,2.109999895095825,10721,0.0,0.0,BAER,15m
2026-04-15 12:00:00-04:00,2.109999895095825,2.115000009536743,2.109999895095825,2.109999895095825,10670,0.0,0.0,BAER,15m
2026-04-15 12:15:00-04:00,2.119999885559082,2.130000114440918,2.109999895095825,2.115000009536743,33240,0.0,0.0,BAER,15m
2026-04-15 12:30:00-04:00,2.115000009536743,2.130000114440918,2.109999895095825,2.119999885559082,16175,0.0,0.0,BAER,15m
2026-04-15 12:45:00-04:00,2.115000009536743,2.115000009536743,2.1008999347686768,2.109999895095825,4923,0.0,0.0,BAER,15m
2026-04-15 13:00:00-04:00,2.119800090789795,2.134999990463257,2.1196999549865723,2.119999885559082,31069,0.0,0.0,BAER,15m
2026-04-15 13:15:00-04:00,2.115000009536743,2.119999885559082,2.115000009536743,2.115000009536743,6503,0.0,0.0,BAER,15m
2026-04-15 13:30:00-04:00,2.115000009536743,2.115000009536743,2.1106998920440674,2.115000009536743,3088,0.0,0.0,BAER,15m
2026-04-15 13:45:00-04:00,2.1108999252319336,2.115000009536743,2.109999895095825,2.115000009536743,1816,0.0,0.0,BAER,15m
2026-04-15 14:00:00-04:00,2.1198999881744385,2.125,2.109999895095825,2.125,12770,0.0,0.0,BAER,15m
2026-04-15 14:15:00-04:00,2.115000009536743,2.115000009536743,2.115000009536743,2.115000009536743,580,0.0,0.0,BAER,15m
2026-04-15 14:30:00-04:00,2.115000009536743,2.115000009536743,2.100100040435791,2.115000009536743,22748,0.0,0.0,BAER,15m
2026-04-15 14:45:00-04:00,2.115000009536743,2.125,2.115000009536743,2.115000009536743,7336,0.0,0.0,BAER,15m
2026-04-15 15:00:00-04:00,2.115000009536743,2.115000009536743,2.115000009536743,2.115000009536743,5658,0.0,0.0,BAER,15m
2026-04-15 15:15:00-04:00,2.119999885559082,2.125,2.115000009536743,2.125,15239,0.0,0.0,BAER,15m
2026-04-15 15:30:00-04:00,2.115000009536743,2.125,2.0950000286102295,2.0950000286102295,28418,0.0,0.0,BAER,15m
2026-04-15 15:45:00-04:00,2.0950000286102295,2.1050000190734863,2.0899999141693115,2.0950000286102295,75225,0.0,0.0,BAER,15m
2026-04-16 09:30:00-04:00,2.069999933242798,2.069999933242798,2.0399999618530273,2.0483999252319336,69660,0.0,0.0,BAER,15m
2026-04-16 09:45:00-04:00,2.0445001125335693,2.055000066757202,2.0350000858306885,2.0399999618530273,19121,0.0,0.0,BAER,15m
2026-04-16 10:00:00-04:00,2.0460000038146973,2.049999952316284,2.0350000858306885,2.049999952316284,8125,0.0,0.0,BAER,15m
2026-04-16 10:15:00-04:00,2.049999952316284,2.059999942779541,2.0399999618530273,2.0450000762939453,9244,0.0,0.0,BAER,15m
2026-04-16 10:30:00-04:00,2.0399999618530273,2.049999952316284,2.0350000858306885,2.0350000858306885,21073,0.0,0.0,BAER,15m
2026-04-16 10:45:00-04:00,2.0399999618530273,2.0450000762939453,2.0299999713897705,2.0299999713897705,25095,0.0,0.0,BAER,15m
2026-04-16 11:00:00-04:00,2.0299999713897705,2.0399999618530273,2.009999990463257,2.0299999713897705,50709,0.0,0.0,BAER,15m
2026-04-16 11:15:00-04:00,2.030100107192993,2.0399999618530273,2.030100107192993,2.0350000858306885,5576,0.0,0.0,BAER,15m
2026-04-16 11:30:00-04:00,2.039900064468384,2.055000066757202,2.039900064468384,2.055000066757202,5292,0.0,0.0,BAER,15m
2026-04-16 11:45:00-04:00,2.055000066757202,2.059999942779541,2.049999952316284,2.055000066757202,7176,0.0,0.0,BAER,15m
2026-04-16 12:00:00-04:00,2.055000066757202,2.065000057220459,2.055000066757202,2.059299945831299,26089,0.0,0.0,BAER,15m
2026-04-16 12:15:00-04:00,2.0599000453948975,2.065000057220459,2.055000066757202,2.055000066757202,12197,0.0,0.0,BAER,15m
2026-04-16 12:30:00-04:00,2.049999952316284,2.049999952316284,2.0399999618530273,2.0450000762939453,6917,0.0,0.0,BAER,15m
2026-04-16 12:45:00-04:00,2.0450000762939453,2.0450000762939453,2.0299999713897705,2.0350000858306885,14870,0.0,0.0,BAER,15m
2026-04-16 13:00:00-04:00,2.0350000858306885,2.0450000762939453,2.0299999713897705,2.0450000762939453,23713,0.0,0.0,BAER,15m
2026-04-16 13:15:00-04:00,2.0350000858306885,2.0450000762939453,2.0350000858306885,2.0450000762939453,7099,0.0,0.0,BAER,15m
2026-04-16 13:30:00-04:00,2.0299999713897705,2.0399999618530273,2.0299999713897705,2.039900064468384,8227,0.0,0.0,BAER,15m
2026-04-16 13:45:00-04:00,2.049999952316284,2.049999952316284,2.0350000858306885,2.0399999618530273,53263,0.0,0.0,BAER,15m
2026-04-16 14:00:00-04:00,2.049999952316284,2.049999952316284,2.0499000549316406,2.0499000549316406,7111,0.0,0.0,BAER,15m
2026-04-16 14:15:00-04:00,2.055000066757202,2.058300018310547,2.053800106048584,2.055000066757202,2572,0.0,0.0,BAER,15m
2026-04-16 14:30:00-04:00,2.055000066757202,2.059999942779541,2.055000066757202,2.059999942779541,3247,0.0,0.0,BAER,15m
2026-04-16 14:45:00-04:00,2.059999942779541,2.065000057220459,2.055000066757202,2.059999942779541,5217,0.0,0.0,BAER,15m
2026-04-16 15:00:00-04:00,2.059999942779541,2.0699000358581543,2.059999942779541,2.059999942779541,2050,0.0,0.0,BAER,15m
2026-04-16 15:15:00-04:00,2.065000057220459,2.065000057220459,2.059999942779541,2.065000057220459,2654,0.0,0.0,BAER,15m
2026-04-16 15:30:00-04:00,2.065000057220459,2.0664000511169434,2.059999942779541,2.065000057220459,9443,0.0,0.0,BAER,15m
2026-04-16 15:45:00-04:00,2.065000057220459,2.065000057220459,2.055000066757202,2.065000057220459,9651,0.0,0.0,BAER,15m
2026-04-17 09:30:00-04:00,2.0899999141693115,2.115000009536743,2.0850000381469727,2.0899999141693115,21019,0.0,0.0,BAER,15m
2026-04-17 09:45:00-04:00,2.0899999141693115,2.109999895095825,2.0899999141693115,2.0999999046325684,17863,0.0,0.0,BAER,15m
2026-04-17 10:00:00-04:00,2.0999999046325684,2.134999990463257,2.0999999046325684,2.134999990463257,16312,0.0,0.0,BAER,15m
2026-04-17 10:15:00-04:00,2.1449999809265137,2.179500102996826,2.1449999809265137,2.174999952316284,29428,0.0,0.0,BAER,15m
2026-04-17 10:30:00-04:00,2.174999952316284,2.184999942779541,2.1700000762939453,2.184999942779541,24942,0.0,0.0,BAER,15m
2026-04-17 10:45:00-04:00,2.190000057220459,2.2249999046325684,2.190000057220459,2.2002999782562256,47835,0.0,0.0,BAER,15m
2026-04-17 11:00:00-04:00,2.2149999141693115,2.2200000286102295,2.200000047683716,2.2149999141693115,45559,0.0,0.0,BAER,15m
2026-04-17 11:15:00-04:00,2.2181999683380127,2.234999895095825,2.2100000381469727,2.2200000286102295,37551,0.0,0.0,BAER,15m
2026-04-17 11:30:00-04:00,2.2249999046325684,2.255000114440918,2.2207999229431152,2.25,47699,0.0,0.0,BAER,15m
2026-04-17 11:45:00-04:00,2.244999885559082,2.250200033187866,2.240000009536743,2.240000009536743,15923,0.0,0.0,BAER,15m
2026-04-17 12:00:00-04:00,2.244999885559082,2.255000114440918,2.244999885559082,2.255000114440918,20174,0.0,0.0,BAER,15m
2026-04-17 12:15:00-04:00,2.2599000930786133,2.259999990463257,2.255000114440918,2.255000114440918,7030,0.0,0.0,BAER,15m
2026-04-17 12:30:00-04:00,2.255000114440918,2.255000114440918,2.234999895095825,2.234999895095825,7875,0.0,0.0,BAER,15m
2026-04-17 12:45:00-04:00,2.234999895095825,2.234999895095825,2.234999895095825,2.234999895095825,2348,0.0,0.0,BAER,15m
2026-04-17 13:00:00-04:00,2.234999895095825,2.244999885559082,2.2100000381469727,2.2100000381469727,20772,0.0,0.0,BAER,15m
2026-04-17 13:15:00-04:00,2.2149999141693115,2.2249999046325684,2.2049999237060547,2.2149999141693115,15907,0.0,0.0,BAER,15m
2026-04-17 13:30:00-04:00,2.2112998962402344,2.2149999141693115,2.2100000381469727,2.210900068283081,3475,0.0,0.0,BAER,15m
2026-04-17 13:45:00-04:00,2.2200000286102295,2.2249999046325684,2.2149999141693115,2.2149999141693115,11029,0.0,0.0,BAER,15m
2026-04-17 14:00:00-04:00,2.218400001525879,2.218400001525879,2.200000047683716,2.2049999237060547,22398,0.0,0.0,BAER,15m
2026-04-17 14:15:00-04:00,2.2049999237060547,2.2149999141693115,2.2049999237060547,2.2149999141693115,8405,0.0,0.0,BAER,15m
2026-04-17 14:30:00-04:00,2.2149999141693115,2.2200000286102295,2.2149999141693115,2.2200000286102295,14864,0.0,0.0,BAER,15m
2026-04-17 14:45:00-04:00,2.2249999046325684,2.234999895095825,2.2049999237060547,2.2100000381469727,39355,0.0,0.0,BAER,15m
2026-04-17 15:00:00-04:00,2.2100000381469727,2.2100000381469727,2.2100000381469727,2.2100000381469727,2130,0.0,0.0,BAER,15m
2026-04-17 15:15:00-04:00,2.218600034713745,2.218600034713745,2.2100000381469727,2.2149999141693115,1690,0.0,0.0,BAER,15m
2026-04-17 15:30:00-04:00,2.2149999141693115,2.2249999046325684,2.2149999141693115,2.2249999046325684,6311,0.0,0.0,BAER,15m
2026-04-17 15:45:00-04:00,2.2249999046325684,2.2249999046325684,2.2049999237060547,2.2149999141693115,44987,0.0,0.0,BAER,15m
