datetime,open,high,low,close,volume,dividends,stock_splits,ticker,interval
2026-01-22 09:30:00-05:00,2.759999990463257,2.799999952316284,2.734999895095825,2.760999917984009,1650734,0.0,0.0,BITF,15m
2026-01-22 09:45:00-05:00,2.7600998878479004,2.7655999660491943,2.7200000286102295,2.7376999855041504,592665,0.0,0.0,BITF,15m
2026-01-22 10:00:00-05:00,2.7300000190734863,2.7300000190734863,2.700000047683716,2.7190001010894775,767738,0.0,0.0,BITF,15m
2026-01-22 10:15:00-05:00,2.7149999141693115,2.7300000190734863,2.680000066757202,2.680000066757202,1683017,0.0,0.0,BITF,15m
2026-01-22 10:30:00-05:00,2.688999891281128,2.7298998832702637,2.680000066757202,2.719899892807007,363801,0.0,0.0,BITF,15m
2026-01-22 10:45:00-05:00,2.7174999713897705,2.740000009536743,2.7100000381469727,2.7332000732421875,395207,0.0,0.0,BITF,15m
2026-01-22 11:00:00-05:00,2.734999895095825,2.75,2.7200000286102295,2.7297000885009766,631217,0.0,0.0,BITF,15m
2026-01-22 11:15:00-05:00,2.725800037384033,2.740000009536743,2.7100000381469727,2.7249999046325684,547134,0.0,0.0,BITF,15m
2026-01-22 11:30:00-05:00,2.7200000286102295,2.740000009536743,2.7100000381469727,2.7249999046325684,264914,0.0,0.0,BITF,15m
2026-01-22 11:45:00-05:00,2.7249999046325684,2.7300000190734863,2.700000047683716,2.7000999450683594,379562,0.0,0.0,BITF,15m
2026-01-22 12:00:00-05:00,2.7030999660491943,2.7149999141693115,2.690000057220459,2.7049999237060547,283766,0.0,0.0,BITF,15m
2026-01-22 12:15:00-05:00,2.700000047683716,2.7195000648498535,2.690000057220459,2.694999933242798,265556,0.0,0.0,BITF,15m
2026-01-22 12:30:00-05:00,2.700000047683716,2.7100000381469727,2.690000057220459,2.7100000381469727,465329,0.0,0.0,BITF,15m
2026-01-22 12:45:00-05:00,2.700000047683716,2.7300000190734863,2.700000047683716,2.714600086212158,497288,0.0,0.0,BITF,15m
2026-01-22 13:00:00-05:00,2.7100000381469727,2.7300000190734863,2.7100000381469727,2.720099925994873,473407,0.0,0.0,BITF,15m
2026-01-22 13:15:00-05:00,2.7300000190734863,2.7300000190734863,2.7100000381469727,2.720099925994873,216768,0.0,0.0,BITF,15m
2026-01-22 13:30:00-05:00,2.7200000286102295,2.740000009536743,2.7100000381469727,2.7298998832702637,285644,0.0,0.0,BITF,15m
2026-01-22 13:45:00-05:00,2.7200000286102295,2.7399001121520996,2.7100000381469727,2.7149999141693115,105337,0.0,0.0,BITF,15m
2026-01-22 14:00:00-05:00,2.7195000648498535,2.7300000190734863,2.7100000381469727,2.7149999141693115,259869,0.0,0.0,BITF,15m
2026-01-22 14:15:00-05:00,2.7149999141693115,2.7300000190734863,2.7100000381469727,2.7149999141693115,175896,0.0,0.0,BITF,15m
2026-01-22 14:30:00-05:00,2.7149999141693115,2.740000009536743,2.7100000381469727,2.7200000286102295,3622870,0.0,0.0,BITF,15m
2026-01-22 14:45:00-05:00,2.7249999046325684,2.7474000453948975,2.7200000286102295,2.734999895095825,4133659,0.0,0.0,BITF,15m
2026-01-22 15:00:00-05:00,2.7300000190734863,2.7399001121520996,2.7100000381469727,2.7304000854492188,490757,0.0,0.0,BITF,15m
2026-01-22 15:15:00-05:00,2.734999895095825,2.740000009536743,2.7100000381469727,2.7149999141693115,328671,0.0,0.0,BITF,15m
2026-01-22 15:30:00-05:00,2.7149999141693115,2.7200000286102295,2.700000047683716,2.7093000411987305,526041,0.0,0.0,BITF,15m
2026-01-22 15:45:00-05:00,2.7049999237060547,2.7100000381469727,2.6649999618530273,2.6649999618530273,1485520,0.0,0.0,BITF,15m
2026-01-23 09:30:00-05:00,2.680000066757202,2.694999933242798,2.619999885559082,2.649899959564209,2600386,0.0,0.0,BITF,15m
2026-01-23 09:45:00-05:00,2.640000104904175,2.648699998855591,2.5999999046325684,2.619999885559082,1279967,0.0,0.0,BITF,15m
2026-01-23 10:00:00-05:00,2.625,2.640000104904175,2.609999895095825,2.6301000118255615,532513,0.0,0.0,BITF,15m
2026-01-23 10:15:00-05:00,2.6301000118255615,2.6633999347686768,2.619999885559082,2.6500000953674316,460121,0.0,0.0,BITF,15m
2026-01-23 10:30:00-05:00,2.654400110244751,2.700000047683716,2.651099920272827,2.6800999641418457,563683,0.0,0.0,BITF,15m
2026-01-23 10:45:00-05:00,2.680000066757202,2.7200000286102295,2.6700000762939453,2.7149999141693115,604743,0.0,0.0,BITF,15m
2026-01-23 11:00:00-05:00,2.7149999141693115,2.7200000286102295,2.690000057220459,2.70989990234375,522053,0.0,0.0,BITF,15m
2026-01-23 11:15:00-05:00,2.7100000381469727,2.7200000286102295,2.700000047683716,2.7149999141693115,455745,0.0,0.0,BITF,15m
2026-01-23 11:30:00-05:00,2.7151999473571777,2.759999990463257,2.7100000381469727,2.752500057220459,1205847,0.0,0.0,BITF,15m
2026-01-23 11:45:00-05:00,2.7500998973846436,2.7799999713897705,2.75,2.762200117111206,928416,0.0,0.0,BITF,15m
2026-01-23 12:00:00-05:00,2.7699999809265137,2.7899999618530273,2.740799903869629,2.7799999713897705,460572,0.0,0.0,BITF,15m
2026-01-23 12:15:00-05:00,2.7701001167297363,2.8299999237060547,2.7699999809265137,2.825000047683716,964149,0.0,0.0,BITF,15m
2026-01-23 12:30:00-05:00,2.8289999961853027,2.860100030899048,2.799999952316284,2.8299999237060547,1348483,0.0,0.0,BITF,15m
2026-01-23 12:45:00-05:00,2.8350000381469727,2.8399999141693115,2.799999952316284,2.8020999431610107,922113,0.0,0.0,BITF,15m
2026-01-23 13:00:00-05:00,2.799999952316284,2.8499999046325684,2.799999952316284,2.815000057220459,797388,0.0,0.0,BITF,15m
2026-01-23 13:15:00-05:00,2.8134000301361084,2.8499999046325684,2.809999942779541,2.8399999141693115,680090,0.0,0.0,BITF,15m
2026-01-23 13:30:00-05:00,2.8441998958587646,2.869999885559082,2.819999933242798,2.819999933242798,1159356,0.0,0.0,BITF,15m
2026-01-23 13:45:00-05:00,2.819999933242798,2.8499999046325684,2.819999933242798,2.8389999866485596,639871,0.0,0.0,BITF,15m
2026-01-23 14:00:00-05:00,2.8299999237060547,2.8399999141693115,2.809999942779541,2.8225998878479004,787513,0.0,0.0,BITF,15m
2026-01-23 14:15:00-05:00,2.819999933242798,2.8299999237060547,2.799999952316284,2.805000066757202,1104051,0.0,0.0,BITF,15m
2026-01-23 14:30:00-05:00,2.799999952316284,2.819999933242798,2.799999952316284,2.814199924468994,588142,0.0,0.0,BITF,15m
2026-01-23 14:45:00-05:00,2.809999942779541,2.8124001026153564,2.7750000953674316,2.7850000858306885,609439,0.0,0.0,BITF,15m
2026-01-23 15:00:00-05:00,2.7850000858306885,2.7850000858306885,2.75,2.7790000438690186,801683,0.0,0.0,BITF,15m
2026-01-23 15:15:00-05:00,2.7699999809265137,2.7799999713897705,2.75,2.75,1495810,0.0,0.0,BITF,15m
2026-01-23 15:30:00-05:00,2.75,2.75,2.7200000286102295,2.7300000190734863,679150,0.0,0.0,BITF,15m
2026-01-23 15:45:00-05:00,2.739799976348877,2.75,2.7300000190734863,2.744999885559082,1224969,0.0,0.0,BITF,15m
2026-01-26 09:30:00-05:00,2.7200000286102295,2.7300000190734863,2.619999885559082,2.7149999141693115,2663621,0.0,0.0,BITF,15m
2026-01-26 09:45:00-05:00,2.7130000591278076,2.7249999046325684,2.640000104904175,2.651099920272827,1735772,0.0,0.0,BITF,15m
2026-01-26 10:00:00-05:00,2.6500000953674316,2.678999900817871,2.640000104904175,2.674999952316284,915596,0.0,0.0,BITF,15m
2026-01-26 10:15:00-05:00,2.674999952316284,2.680000066757202,2.640000104904175,2.6549999713897705,998878,0.0,0.0,BITF,15m
2026-01-26 10:30:00-05:00,2.6500000953674316,2.6549999713897705,2.5899999141693115,2.5899999141693115,1261037,0.0,0.0,BITF,15m
2026-01-26 10:45:00-05:00,2.5899999141693115,2.619999885559082,2.5899999141693115,2.6050000190734863,875647,0.0,0.0,BITF,15m
2026-01-26 11:00:00-05:00,2.6010000705718994,2.609999895095825,2.590100049972534,2.600600004196167,610214,0.0,0.0,BITF,15m
2026-01-26 11:15:00-05:00,2.6050000190734863,2.609999895095825,2.5899999141693115,2.609999895095825,521473,0.0,0.0,BITF,15m
2026-01-26 11:30:00-05:00,2.604599952697754,2.618499994277954,2.5899999141693115,2.5989999771118164,656614,0.0,0.0,BITF,15m
2026-01-26 11:45:00-05:00,2.593400001525879,2.619999885559082,2.5899999141693115,2.6092000007629395,791654,0.0,0.0,BITF,15m
2026-01-26 12:00:00-05:00,2.6050000190734863,2.609999895095825,2.5899999141693115,2.600100040435791,323544,0.0,0.0,BITF,15m
2026-01-26 12:15:00-05:00,2.5999999046325684,2.609999895095825,2.5899999141693115,2.5999999046325684,5669103,0.0,0.0,BITF,15m
2026-01-26 12:30:00-05:00,2.6050000190734863,2.619999885559082,2.5999999046325684,2.600100040435791,253677,0.0,0.0,BITF,15m
2026-01-26 12:45:00-05:00,2.609999895095825,2.609999895095825,2.5999999046325684,2.609999895095825,262632,0.0,0.0,BITF,15m
2026-01-26 13:00:00-05:00,2.609999895095825,2.609999895095825,2.5899999141693115,2.59660005569458,610204,0.0,0.0,BITF,15m
2026-01-26 13:15:00-05:00,2.598900079727173,2.609999895095825,2.5899999141693115,2.6050000190734863,495802,0.0,0.0,BITF,15m
2026-01-26 13:30:00-05:00,2.6089999675750732,2.625,2.5999999046325684,2.61899995803833,6343627,0.0,0.0,BITF,15m
2026-01-26 13:45:00-05:00,2.609999895095825,2.6500000953674316,2.609999895095825,2.6454999446868896,981845,0.0,0.0,BITF,15m
2026-01-26 14:00:00-05:00,2.6449999809265137,2.6500000953674316,2.630000114440918,2.634999990463257,755945,0.0,0.0,BITF,15m
2026-01-26 14:15:00-05:00,2.639899969100952,2.640000104904175,2.619999885559082,2.619999885559082,520887,0.0,0.0,BITF,15m
2026-01-26 14:30:00-05:00,2.619999885559082,2.6289000511169434,2.6050000190734863,2.615000009536743,7384824,0.0,0.0,BITF,15m
2026-01-26 14:45:00-05:00,2.610100030899048,2.6110999584198,2.5899999141693115,2.5999999046325684,520784,0.0,0.0,BITF,15m
2026-01-26 15:00:00-05:00,2.5950000286102295,2.5999999046325684,2.5799999237060547,2.5999999046325684,768638,0.0,0.0,BITF,15m
2026-01-26 15:15:00-05:00,2.5999999046325684,2.609999895095825,2.5899999141693115,2.606800079345703,616967,0.0,0.0,BITF,15m
2026-01-26 15:30:00-05:00,2.6050000190734863,2.619999885559082,2.5899999141693115,2.6066999435424805,855812,0.0,0.0,BITF,15m
2026-01-26 15:45:00-05:00,2.6064000129699707,2.619999885559082,2.5999999046325684,2.609999895095825,1376203,0.0,0.0,BITF,15m
2026-01-27 09:30:00-05:00,2.5420000553131104,2.5999999046325684,2.5304999351501465,2.5350000858306885,1705778,0.0,0.0,BITF,15m
2026-01-27 09:45:00-05:00,2.5350000858306885,2.5399999618530273,2.509999990463257,2.515000104904175,1247571,0.0,0.0,BITF,15m
2026-01-27 10:00:00-05:00,2.509999990463257,2.565500020980835,2.5,2.550100088119507,3100067,0.0,0.0,BITF,15m
2026-01-27 10:15:00-05:00,2.5504000186920166,2.569999933242798,2.5399999618530273,2.550100088119507,983931,0.0,0.0,BITF,15m
2026-01-27 10:30:00-05:00,2.555000066757202,2.559999942779541,2.5299999713897705,2.5399999618530273,524495,0.0,0.0,BITF,15m
2026-01-27 10:45:00-05:00,2.5399999618530273,2.549999952316284,2.5299999713897705,2.5450000762939453,990194,0.0,0.0,BITF,15m
2026-01-27 11:00:00-05:00,2.5453999042510986,2.5899999141693115,2.5399999618530273,2.5792999267578125,1084019,0.0,0.0,BITF,15m
2026-01-27 11:15:00-05:00,2.5799999237060547,2.619999885559082,2.573499917984009,2.6050000190734863,1238537,0.0,0.0,BITF,15m
2026-01-27 11:30:00-05:00,2.6050000190734863,2.619999885559082,2.5899999141693115,2.619800090789795,644608,0.0,0.0,BITF,15m
2026-01-27 11:45:00-05:00,2.6187000274658203,2.630000114440918,2.5999999046325684,2.6054999828338623,519404,0.0,0.0,BITF,15m
2026-01-27 12:00:00-05:00,2.5999999046325684,2.6050000190734863,2.559999942779541,2.565000057220459,549729,0.0,0.0,BITF,15m
2026-01-27 12:15:00-05:00,2.5601000785827637,2.5799999237060547,2.549999952316284,2.573699951171875,659701,0.0,0.0,BITF,15m
2026-01-27 12:30:00-05:00,2.569999933242798,2.5899999141693115,2.559999942779541,2.575000047683716,3043289,0.0,0.0,BITF,15m
2026-01-27 12:45:00-05:00,2.569999933242798,2.5899999141693115,2.559999942779541,2.575000047683716,367176,0.0,0.0,BITF,15m
2026-01-27 13:00:00-05:00,2.575000047683716,2.5850000381469727,2.559999942779541,2.565500020980835,7034741,0.0,0.0,BITF,15m
2026-01-27 13:15:00-05:00,2.561500072479248,2.569999933242798,2.549999952316284,2.559999942779541,6855114,0.0,0.0,BITF,15m
2026-01-27 13:30:00-05:00,2.559999942779541,2.5799999237060547,2.559999942779541,2.565000057220459,121364,0.0,0.0,BITF,15m
2026-01-27 13:45:00-05:00,2.568000078201294,2.5899999141693115,2.559999942779541,2.5850000381469727,315920,0.0,0.0,BITF,15m
2026-01-27 14:00:00-05:00,2.5799999237060547,2.5899999141693115,2.569999933242798,2.5899999141693115,636768,0.0,0.0,BITF,15m
2026-01-27 14:15:00-05:00,2.5899999141693115,2.5999999046325684,2.5799999237060547,2.5850000381469727,817423,0.0,0.0,BITF,15m
2026-01-27 14:30:00-05:00,2.583699941635132,2.609999895095825,2.569999933242798,2.6054000854492188,624897,0.0,0.0,BITF,15m
2026-01-27 14:45:00-05:00,2.6050000190734863,2.619999885559082,2.5999999046325684,2.6198999881744385,544053,0.0,0.0,BITF,15m
2026-01-27 15:00:00-05:00,2.619999885559082,2.6600000858306885,2.6110999584198,2.6549999713897705,1490815,0.0,0.0,BITF,15m
2026-01-27 15:15:00-05:00,2.650099992752075,2.6600000858306885,2.640000104904175,2.6449999809265137,691453,0.0,0.0,BITF,15m
2026-01-27 15:30:00-05:00,2.640000104904175,2.640000104904175,2.5899999141693115,2.5950000286102295,1360848,0.0,0.0,BITF,15m
2026-01-27 15:45:00-05:00,2.5950000286102295,2.609999895095825,2.5799999237060547,2.609999895095825,1990680,0.0,0.0,BITF,15m
2026-01-28 09:30:00-05:00,2.609999895095825,2.680000066757202,2.5999999046325684,2.6050000190734863,2034476,0.0,0.0,BITF,15m
2026-01-28 09:45:00-05:00,2.6050000190734863,2.630000114440918,2.5999999046325684,2.5999999046325684,908198,0.0,0.0,BITF,15m
2026-01-28 10:00:00-05:00,2.6050000190734863,2.640000104904175,2.5999999046325684,2.6198999881744385,905529,0.0,0.0,BITF,15m
2026-01-28 10:15:00-05:00,2.6180999279022217,2.640000104904175,2.609999895095825,2.620800018310547,575742,0.0,0.0,BITF,15m
2026-01-28 10:30:00-05:00,2.630000114440918,2.640000104904175,2.609999895095825,2.634999990463257,1262054,0.0,0.0,BITF,15m
2026-01-28 10:45:00-05:00,2.634999990463257,2.6500000953674316,2.610100030899048,2.615799903869629,668198,0.0,0.0,BITF,15m
2026-01-28 11:00:00-05:00,2.615000009536743,2.630000114440918,2.609999895095825,2.619999885559082,707646,0.0,0.0,BITF,15m
2026-01-28 11:15:00-05:00,2.625,2.638400077819824,2.615000009536743,2.63319993019104,433560,0.0,0.0,BITF,15m
2026-01-28 11:30:00-05:00,2.634999990463257,2.634999990463257,2.5999999046325684,2.6050000190734863,554718,0.0,0.0,BITF,15m
2026-01-28 11:45:00-05:00,2.6050000190734863,2.625499963760376,2.5899999141693115,2.5950000286102295,848630,0.0,0.0,BITF,15m
2026-01-28 12:00:00-05:00,2.5950000286102295,2.619999885559082,2.5950000286102295,2.6110000610351562,311527,0.0,0.0,BITF,15m
2026-01-28 12:15:00-05:00,2.619999885559082,2.619999885559082,2.5999999046325684,2.607100009918213,295603,0.0,0.0,BITF,15m
2026-01-28 12:30:00-05:00,2.5999999046325684,2.609999895095825,2.5799999237060547,2.6050000190734863,540755,0.0,0.0,BITF,15m
2026-01-28 12:45:00-05:00,2.6040000915527344,2.640000104904175,2.5999999046325684,2.615000009536743,531456,0.0,0.0,BITF,15m
2026-01-28 13:00:00-05:00,2.6198999881744385,2.630000114440918,2.602099895477295,2.608299970626831,576522,0.0,0.0,BITF,15m
2026-01-28 13:15:00-05:00,2.6050000190734863,2.609999895095825,2.5999999046325684,2.609999895095825,205853,0.0,0.0,BITF,15m
2026-01-28 13:30:00-05:00,2.609100103378296,2.619999885559082,2.600100040435791,2.611799955368042,152991,0.0,0.0,BITF,15m
2026-01-28 13:45:00-05:00,2.615000009536743,2.619999885559082,2.5880000591278076,2.5899999141693115,214234,0.0,0.0,BITF,15m
2026-01-28 14:00:00-05:00,2.589900016784668,2.5999999046325684,2.559999942779541,2.5950000286102295,767468,0.0,0.0,BITF,15m
2026-01-28 14:15:00-05:00,2.598900079727173,2.625,2.550100088119507,2.555000066757202,1243046,0.0,0.0,BITF,15m
2026-01-28 14:30:00-05:00,2.555000066757202,2.609999895095825,2.509999990463257,2.5999999046325684,1992107,0.0,0.0,BITF,15m
2026-01-28 14:45:00-05:00,2.5950000286102295,2.6449999809265137,2.5899999141693115,2.5899999141693115,1230124,0.0,0.0,BITF,15m
2026-01-28 15:00:00-05:00,2.5999999046325684,2.625699996948242,2.5845000743865967,2.609999895095825,999628,0.0,0.0,BITF,15m
2026-01-28 15:15:00-05:00,2.609999895095825,2.630000114440918,2.5850000381469727,2.588099956512451,746866,0.0,0.0,BITF,15m
2026-01-28 15:30:00-05:00,2.5799999237060547,2.5999999046325684,2.5799999237060547,2.5950000286102295,313868,0.0,0.0,BITF,15m
2026-01-28 15:45:00-05:00,2.5950000286102295,2.619999885559082,2.569999933242798,2.619999885559082,1002728,0.0,0.0,BITF,15m
2026-01-29 09:30:00-05:00,2.5450000762939453,2.559999942779541,2.4700000286102295,2.505000114440918,2581018,0.0,0.0,BITF,15m
2026-01-29 09:45:00-05:00,2.509000062942505,2.538100004196167,2.4600000381469727,2.4649999141693115,1268702,0.0,0.0,BITF,15m
2026-01-29 10:00:00-05:00,2.4600000381469727,2.4798998832702637,2.4200000762939453,2.424799919128418,1787409,0.0,0.0,BITF,15m
2026-01-29 10:15:00-05:00,2.424999952316284,2.4600000381469727,2.4200000762939453,2.440999984741211,911005,0.0,0.0,BITF,15m
2026-01-29 10:30:00-05:00,2.440000057220459,2.458899974822998,2.4200000762939453,2.428999900817871,949322,0.0,0.0,BITF,15m
2026-01-29 10:45:00-05:00,2.424999952316284,2.430000066757202,2.4000000953674316,2.418800115585327,1325330,0.0,0.0,BITF,15m
2026-01-29 11:00:00-05:00,2.4196999073028564,2.450000047683716,2.4100000858306885,2.444999933242798,995335,0.0,0.0,BITF,15m
2026-01-29 11:15:00-05:00,2.444999933242798,2.4700000286102295,2.440000057220459,2.4549999237060547,759493,0.0,0.0,BITF,15m
2026-01-29 11:30:00-05:00,2.4598000049591064,2.4600000381469727,2.440000057220459,2.450000047683716,575321,0.0,0.0,BITF,15m
2026-01-29 11:45:00-05:00,2.444999933242798,2.4600000381469727,2.440000057220459,2.4576001167297363,423527,0.0,0.0,BITF,15m
2026-01-29 12:00:00-05:00,2.4600000381469727,2.4700000286102295,2.450000047683716,2.469899892807007,762266,0.0,0.0,BITF,15m
2026-01-29 12:15:00-05:00,2.462599992752075,2.5,2.462599992752075,2.484999895095825,1144406,0.0,0.0,BITF,15m
2026-01-29 12:30:00-05:00,2.490000009536743,2.509999990463257,2.4800000190734863,2.4909000396728516,1102189,0.0,0.0,BITF,15m
2026-01-29 12:45:00-05:00,2.49180006980896,2.494999885559082,2.4700000286102295,2.479599952697754,422720,0.0,0.0,BITF,15m
2026-01-29 13:00:00-05:00,2.479599952697754,2.489000082015991,2.4700000286102295,2.4800000190734863,444645,0.0,0.0,BITF,15m
2026-01-29 13:15:00-05:00,2.4800000190734863,2.489000082015991,2.4600000381469727,2.4700000286102295,707133,0.0,0.0,BITF,15m
2026-01-29 13:30:00-05:00,2.4700000286102295,2.4737000465393066,2.4200000762939453,2.450000047683716,1209841,0.0,0.0,BITF,15m
2026-01-29 13:45:00-05:00,2.449899911880493,2.4600000381469727,2.434999942779541,2.434999942779541,534139,0.0,0.0,BITF,15m
2026-01-29 14:00:00-05:00,2.434999942779541,2.4549999237060547,2.430000066757202,2.4500999450683594,451943,0.0,0.0,BITF,15m
2026-01-29 14:15:00-05:00,2.4600000381469727,2.4649999141693115,2.444999933242798,2.4600000381469727,312821,0.0,0.0,BITF,15m
2026-01-29 14:30:00-05:00,2.460099935531616,2.468400001525879,2.4100000858306885,2.450000047683716,956028,0.0,0.0,BITF,15m
2026-01-29 14:45:00-05:00,2.444999933242798,2.4600000381469727,2.430000066757202,2.430000066757202,622208,0.0,0.0,BITF,15m
2026-01-29 15:00:00-05:00,2.430000066757202,2.450000047683716,2.424999952316284,2.440000057220459,248167,0.0,0.0,BITF,15m
2026-01-29 15:15:00-05:00,2.440000057220459,2.440000057220459,2.4100000858306885,2.4149999618530273,447994,0.0,0.0,BITF,15m
2026-01-29 15:30:00-05:00,2.4128000736236572,2.438999891281128,2.4100000858306885,2.434999942779541,1013274,0.0,0.0,BITF,15m
2026-01-29 15:45:00-05:00,2.440000057220459,2.4600000381469727,2.4200000762939453,2.4600000381469727,1543667,0.0,0.0,BITF,15m
2026-01-30 09:30:00-05:00,2.375,2.4600000381469727,2.372999906539917,2.4200000762939453,2294826,0.0,0.0,BITF,15m
2026-01-30 09:45:00-05:00,2.4112000465393066,2.430000066757202,2.359999895095825,2.3698999881744385,631393,0.0,0.0,BITF,15m
2026-01-30 10:00:00-05:00,2.365000009536743,2.3880999088287354,2.3399999141693115,2.384999990463257,1254774,0.0,0.0,BITF,15m
2026-01-30 10:15:00-05:00,2.390000104904175,2.4100000858306885,2.369999885559082,2.380000114440918,711789,0.0,0.0,BITF,15m
2026-01-30 10:30:00-05:00,2.375,2.4000000953674316,2.375,2.3998000621795654,293220,0.0,0.0,BITF,15m
2026-02-02 14:00:00-05:00,2.2950000762939453,2.299999952316284,2.2899999618530273,2.2899999618530273,6734875,0.0,0.0,BITF,15m
2026-02-02 14:15:00-05:00,2.2899999618530273,2.309999942779541,2.2799999713897705,2.305000066757202,717591,0.0,0.0,BITF,15m
2026-02-02 14:30:00-05:00,2.300100088119507,2.309999942779541,2.2750000953674316,2.3099000453948975,661314,0.0,0.0,BITF,15m
2026-02-02 14:45:00-05:00,2.309999942779541,2.3499999046325684,2.299999952316284,2.305000066757202,2823348,0.0,0.0,BITF,15m
2026-02-02 15:00:00-05:00,2.305000066757202,2.319999933242798,2.2699999809265137,2.299999952316284,1199528,0.0,0.0,BITF,15m
2026-02-02 15:15:00-05:00,2.299999952316284,2.299999952316284,2.259999990463257,2.2699999809265137,1287415,0.0,0.0,BITF,15m
2026-02-02 15:30:00-05:00,2.259999990463257,2.2699999809265137,2.25,2.26200008392334,1014652,0.0,0.0,BITF,15m
2026-02-02 15:45:00-05:00,2.2600998878479004,2.2699999809265137,2.25,2.265000104904175,809224,0.0,0.0,BITF,15m
2026-02-03 09:30:00-05:00,2.2950000762939453,2.3299999237060547,2.240000009536743,2.244999885559082,1784605,0.0,0.0,BITF,15m
2026-02-03 09:45:00-05:00,2.244999885559082,2.329900026321411,2.240000009536743,2.2950000762939453,985255,0.0,0.0,BITF,15m
2026-02-03 10:00:00-05:00,2.2925000190734863,2.3299999237060547,2.2850000858306885,2.315000057220459,1276256,0.0,0.0,BITF,15m
2026-02-03 10:15:00-05:00,2.319999933242798,2.378999948501587,2.309999942779541,2.365000009536743,1348524,0.0,0.0,BITF,15m
2026-02-03 10:30:00-05:00,2.365000009536743,2.369999885559082,2.3106000423431396,2.325000047683716,874519,0.0,0.0,BITF,15m
2026-02-03 10:45:00-05:00,2.3299999237060547,2.3949999809265137,2.3239998817443848,2.369999885559082,1178952,0.0,0.0,BITF,15m
2026-02-03 11:00:00-05:00,2.366499900817871,2.369999885559082,2.3399999141693115,2.3450000286102295,312639,0.0,0.0,BITF,15m
2026-02-03 11:15:00-05:00,2.3450000286102295,2.345599889755249,2.299999952316284,2.305000066757202,549606,0.0,0.0,BITF,15m
2026-02-03 11:30:00-05:00,2.305000066757202,2.3299999237060547,2.299999952316284,2.315000057220459,656207,0.0,0.0,BITF,15m
2026-02-03 11:45:00-05:00,2.319999933242798,2.3399999141693115,2.309999942779541,2.3350000381469727,7703606,0.0,0.0,BITF,15m
2026-02-03 12:00:00-05:00,2.3299999237060547,2.3399999141693115,2.2927000522613525,2.303999900817871,645673,0.0,0.0,BITF,15m
2026-02-03 12:15:00-05:00,2.299999952316284,2.3299999237060547,2.299999952316284,2.3048999309539795,818346,0.0,0.0,BITF,15m
2026-02-03 12:30:00-05:00,2.305000066757202,2.315000057220459,2.2799999713897705,2.2799999713897705,732685,0.0,0.0,BITF,15m
2026-02-03 12:45:00-05:00,2.2799999713897705,2.2899999618530273,2.2699999809265137,2.2750000953674316,589788,0.0,0.0,BITF,15m
2026-02-03 13:00:00-05:00,2.2732999324798584,2.279599905014038,2.2200000286102295,2.234999895095825,900224,0.0,0.0,BITF,15m
2026-02-03 13:15:00-05:00,2.2314999103546143,2.240000009536743,2.2200000286102295,2.2242000102996826,1857559,0.0,0.0,BITF,15m
2026-02-03 13:30:00-05:00,2.2200000286102295,2.240000009536743,2.2100000381469727,2.220099925994873,1036960,0.0,0.0,BITF,15m
2026-02-03 13:45:00-05:00,2.2249999046325684,2.2300000190734863,2.200000047683716,2.200000047683716,552123,0.0,0.0,BITF,15m
2026-02-03 14:00:00-05:00,2.2049999237060547,2.2300000190734863,2.180000066757202,2.2249999046325684,1247323,0.0,0.0,BITF,15m
2026-02-03 14:15:00-05:00,2.2300000190734863,2.25,2.2149999141693115,2.2149999141693115,908656,0.0,0.0,BITF,15m
2026-02-03 14:30:00-05:00,2.2149999141693115,2.240000009536743,2.194999933242798,2.2339999675750732,792421,0.0,0.0,BITF,15m
2026-02-03 14:45:00-05:00,2.240000009536743,2.259999990463257,2.2300000190734863,2.255000114440918,696894,0.0,0.0,BITF,15m
2026-02-03 15:00:00-05:00,2.25,2.2699999809265137,2.244999885559082,2.265000104904175,13358600,0.0,0.0,BITF,15m
2026-02-03 15:15:00-05:00,2.268399953842163,2.299999952316284,2.259999990463257,2.2750000953674316,510997,0.0,0.0,BITF,15m
2026-02-03 15:30:00-05:00,2.2799999713897705,2.299999952316284,2.270900011062622,2.2825000286102295,599186,0.0,0.0,BITF,15m
2026-02-03 15:45:00-05:00,2.2850000858306885,2.319999933242798,2.2799999713897705,2.315000057220459,977890,0.0,0.0,BITF,15m
2026-02-04 09:30:00-05:00,2.2799999713897705,2.2899999618530273,2.1500000953674316,2.184999942779541,2593091,0.0,0.0,BITF,15m
2026-02-04 09:45:00-05:00,2.184999942779541,2.191999912261963,2.069999933242798,2.0799999237060547,1628894,0.0,0.0,BITF,15m
2026-02-04 10:00:00-05:00,2.080899953842163,2.130000114440918,2.0799999237060547,2.125,1723617,0.0,0.0,BITF,15m
2026-02-04 10:15:00-05:00,2.125,2.134999990463257,2.0999999046325684,2.0999999046325684,696859,0.0,0.0,BITF,15m
2026-02-04 10:30:00-05:00,2.1050000190734863,2.109999895095825,2.0399999618530273,2.0899999141693115,2325429,0.0,0.0,BITF,15m
2026-02-04 10:45:00-05:00,2.0850000381469727,2.0999999046325684,2.062700033187866,2.0701000690460205,1369563,0.0,0.0,BITF,15m
2026-02-04 11:00:00-05:00,2.075000047683716,2.079900026321411,2.0399999618530273,2.0510001182556152,1340415,0.0,0.0,BITF,15m
2026-02-04 11:15:00-05:00,2.050100088119507,2.059999942779541,2.0399999618530273,2.055000066757202,1158615,0.0,0.0,BITF,15m
2026-02-04 11:30:00-05:00,2.055000066757202,2.059999942779541,2.009999990463257,2.0199999809265137,1099615,0.0,0.0,BITF,15m
2026-02-04 11:45:00-05:00,2.0162999629974365,2.0399999618530273,2.009999990463257,2.0399999618530273,1589633,0.0,0.0,BITF,15m
2026-02-04 12:00:00-05:00,2.0397000312805176,2.0399999618530273,2.0199999809265137,2.0299999713897705,902142,0.0,0.0,BITF,15m
2026-02-04 12:15:00-05:00,2.0364999771118164,2.0399999618530273,1.9800000190734863,1.9876999855041504,1311734,0.0,0.0,BITF,15m
2026-02-04 12:30:00-05:00,1.9850000143051147,2.0,1.9700000286102295,1.975000023841858,1053745,0.0,0.0,BITF,15m
2026-02-04 12:45:00-05:00,1.975000023841858,1.9900000095367432,1.9700000286102295,1.9850000143051147,856251,0.0,0.0,BITF,15m
2026-02-04 13:00:00-05:00,1.9850000143051147,1.9850000143051147,1.9600000381469727,1.965000033378601,729884,0.0,0.0,BITF,15m
2026-02-04 13:15:00-05:00,1.9600000381469727,2.0,1.9500000476837158,2.0,10411532,0.0,0.0,BITF,15m
2026-02-04 13:30:00-05:00,1.9980000257492065,1.9980000257492065,1.9700000286102295,1.9800000190734863,534636,0.0,0.0,BITF,15m
2026-02-04 13:45:00-05:00,1.9800000190734863,1.9800000190734863,1.9500000476837158,1.9550000429153442,1030433,0.0,0.0,BITF,15m
2026-02-04 14:00:00-05:00,1.9550000429153442,1.9700000286102295,1.940000057220459,1.965000033378601,797426,0.0,0.0,BITF,15m
2026-02-04 14:15:00-05:00,1.9620000123977661,1.9700000286102295,1.940000057220459,1.9579999446868896,339274,0.0,0.0,BITF,15m
2026-02-04 14:30:00-05:00,1.9550000429153442,2.0,1.9500999450683594,1.9910000562667847,1098866,0.0,0.0,BITF,15m
2026-02-04 14:45:00-05:00,1.999899983406067,2.059999942779541,1.9900000095367432,2.055000066757202,1025307,0.0,0.0,BITF,15m
2026-02-04 15:00:00-05:00,2.0527000427246094,2.0999999046325684,2.0399999618530273,2.049799919128418,1634930,0.0,0.0,BITF,15m
2026-02-04 15:15:00-05:00,2.0450000762939453,2.059999942779541,2.0399999618530273,2.0450000762939453,15083409,0.0,0.0,BITF,15m
2026-02-04 15:30:00-05:00,2.0450000762939453,2.049999952316284,2.0299999713897705,2.04010009765625,755343,0.0,0.0,BITF,15m
2026-02-04 15:45:00-05:00,2.0450000762939453,2.049999952316284,2.0199999809265137,2.0250000953674316,1555590,0.0,0.0,BITF,15m
2026-02-05 09:30:00-05:00,1.8969999551773071,1.9800000190734863,1.8904000520706177,1.9709999561309814,3461522,0.0,0.0,BITF,15m
2026-02-05 09:45:00-05:00,1.9700000286102295,1.975000023841858,1.9210000038146973,1.9299999475479126,991240,0.0,0.0,BITF,15m
2026-02-05 10:00:00-05:00,1.9199999570846558,1.9299999475479126,1.840000033378601,1.840000033378601,1781180,0.0,0.0,BITF,15m
2026-02-05 10:15:00-05:00,1.840000033378601,1.8650000095367432,1.8200000524520874,1.8380000591278076,4245966,0.0,0.0,BITF,15m
2026-02-05 10:30:00-05:00,1.8300000429153442,1.8700000047683716,1.809999942779541,1.850000023841858,1812241,0.0,0.0,BITF,15m
2026-02-05 10:45:00-05:00,1.8550000190734863,1.8700000047683716,1.840000033378601,1.8650000095367432,1016778,0.0,0.0,BITF,15m
2026-02-05 11:00:00-05:00,1.8698999881744385,1.8700000047683716,1.809999942779541,1.8200000524520874,1149079,0.0,0.0,BITF,15m
2026-02-05 11:15:00-05:00,1.8100999593734741,1.8899999856948853,1.8100999593734741,1.8849999904632568,1557263,0.0,0.0,BITF,15m
2026-02-05 11:30:00-05:00,1.8849999904632568,1.899999976158142,1.8739999532699585,1.8898999691009521,854479,0.0,0.0,BITF,15m
2026-02-05 11:45:00-05:00,1.8849999904632568,1.909999966621399,1.8700000047683716,1.8949999809265137,537305,0.0,0.0,BITF,15m
2026-02-05 12:00:00-05:00,1.8949999809265137,1.9012999534606934,1.8600000143051147,1.875,334596,0.0,0.0,BITF,15m
2026-02-05 12:15:00-05:00,1.875,1.8799999952316284,1.850100040435791,1.8700000047683716,523600,0.0,0.0,BITF,15m
2026-02-05 12:30:00-05:00,1.875,1.8799999952316284,1.8600000143051147,1.8799999952316284,619684,0.0,0.0,BITF,15m
2026-02-05 12:45:00-05:00,1.875,1.8799999952316284,1.840000033378601,1.850000023841858,472293,0.0,0.0,BITF,15m
2026-02-05 13:00:00-05:00,1.840000033378601,1.8600000143051147,1.8300000429153442,1.840000033378601,404266,0.0,0.0,BITF,15m
2026-02-05 13:15:00-05:00,1.840000033378601,1.840000033378601,1.8200000524520874,1.8235000371932983,695986,0.0,0.0,BITF,15m
2026-02-05 13:30:00-05:00,1.8250000476837158,1.840000033378601,1.7999999523162842,1.8003000020980835,1253131,0.0,0.0,BITF,15m
2026-02-05 13:45:00-05:00,1.8049999475479126,1.809999942779541,1.7799999713897705,1.8006999492645264,772197,0.0,0.0,BITF,15m
2026-02-05 14:00:00-05:00,1.8020000457763672,1.809999942779541,1.7899999618530273,1.8049999475479126,485568,0.0,0.0,BITF,15m
2026-02-05 14:15:00-05:00,1.8049999475479126,1.8200000524520874,1.7899999618530273,1.7949999570846558,487779,0.0,0.0,BITF,15m
2026-02-05 14:30:00-05:00,1.7970999479293823,1.7999999523162842,1.7699999809265137,1.774999976158142,437031,0.0,0.0,BITF,15m
2026-02-05 14:45:00-05:00,1.7719999551773071,1.7799999713897705,1.75,1.7649999856948853,13371483,0.0,0.0,BITF,15m
2026-02-05 15:00:00-05:00,1.7649999856948853,1.7699999809265137,1.7400000095367432,1.7450000047683716,1197770,0.0,0.0,BITF,15m
2026-02-05 15:15:00-05:00,1.7400000095367432,1.75,1.7200000286102295,1.7229000329971313,1291985,0.0,0.0,BITF,15m
2026-02-05 15:30:00-05:00,1.725000023841858,1.7300000190734863,1.7000000476837158,1.7050000429153442,1753522,0.0,0.0,BITF,15m
2026-02-05 15:45:00-05:00,1.7099000215530396,1.7200000286102295,1.684999942779541,1.7000000476837158,2967501,0.0,0.0,BITF,15m
2026-02-06 09:30:00-05:00,1.8899999856948853,1.9800000190734863,1.8799999952316284,1.9299999475479126,5629348,0.0,0.0,BITF,15m
2026-02-06 09:45:00-05:00,1.9800000190734863,2.0399999618530273,1.9500000476837158,1.9696999788284302,4827537,0.0,0.0,BITF,15m
2026-02-06 10:00:00-05:00,1.965000033378601,2.0199999809265137,1.9500000476837158,1.979200005531311,3451393,0.0,0.0,BITF,15m
2026-02-06 10:15:00-05:00,1.9700000286102295,2.009999990463257,1.9600000381469727,2.0099000930786133,10451002,0.0,0.0,BITF,15m
2026-02-06 10:30:00-05:00,2.006999969482422,2.0190000534057617,1.9744999408721924,2.009000062942505,875050,0.0,0.0,BITF,15m
2026-02-06 10:45:00-05:00,1.9950000047683716,2.009999990463257,1.9950000047683716,2.005000114440918,1451945,0.0,0.0,BITF,15m
2026-02-06 11:00:00-05:00,2.009200096130371,2.0299999713897705,1.9901000261306763,2.0250000953674316,627414,0.0,0.0,BITF,15m
2026-02-06 11:15:00-05:00,2.0199999809265137,2.0299999713897705,2.009999990463257,2.021899938583374,651507,0.0,0.0,BITF,15m
2026-02-06 11:30:00-05:00,2.0250000953674316,2.0399999618530273,2.0199999809265137,2.0250000953674316,987702,0.0,0.0,BITF,15m
2026-02-06 11:45:00-05:00,2.0250000953674316,2.0399999618530273,2.009999990463257,2.0299999713897705,901897,0.0,0.0,BITF,15m
2026-02-06 12:00:00-05:00,2.0250000953674316,2.059999942779541,2.0199999809265137,2.050800085067749,828239,0.0,0.0,BITF,15m
2026-02-06 12:15:00-05:00,2.059999942779541,2.0999999046325684,2.050800085067749,2.0969998836517334,966307,0.0,0.0,BITF,15m
2026-02-06 12:30:00-05:00,2.0999999046325684,2.130000114440918,2.0899999141693115,2.1196999549865723,1615434,0.0,0.0,BITF,15m
2026-02-06 12:45:00-05:00,2.1161000728607178,2.1500000953674316,2.1161000728607178,2.1500000953674316,1156328,0.0,0.0,BITF,15m
2026-02-06 13:00:00-05:00,2.1449999809265137,2.1500000953674316,2.115000009536743,2.125,1009577,0.0,0.0,BITF,15m
2026-02-06 13:15:00-05:00,2.125,2.130000114440918,2.0999999046325684,2.1166000366210938,723247,0.0,0.0,BITF,15m
2026-02-06 13:30:00-05:00,2.119999885559082,2.1600000858306885,2.1140999794006348,2.1549999713897705,881699,0.0,0.0,BITF,15m
2026-02-06 13:45:00-05:00,2.1549999713897705,2.1700000762939453,2.130000114440918,2.134999990463257,969555,0.0,0.0,BITF,15m
2026-02-06 14:00:00-05:00,2.134999990463257,2.140000104904175,2.1201000213623047,2.130000114440918,407346,0.0,0.0,BITF,15m
2026-02-06 14:15:00-05:00,2.125,2.1500000953674316,2.119999885559082,2.1498000621795654,580520,0.0,0.0,BITF,15m
2026-02-06 14:30:00-05:00,2.1500000953674316,2.1600000858306885,2.1415998935699463,2.1600000858306885,676324,0.0,0.0,BITF,15m
2026-02-06 14:45:00-05:00,2.1565001010894775,2.180000066757202,2.150099992752075,2.1649999618530273,1058973,0.0,0.0,BITF,15m
2026-02-06 15:00:00-05:00,2.1649999618530273,2.1649999618530273,2.134999990463257,2.140000104904175,834581,0.0,0.0,BITF,15m
2026-02-06 15:15:00-05:00,2.140000104904175,2.1600000858306885,2.130000114440918,2.140000104904175,871985,0.0,0.0,BITF,15m
2026-02-06 15:30:00-05:00,2.1449999809265137,2.1500000953674316,2.119999885559082,2.140000104904175,757152,0.0,0.0,BITF,15m
2026-02-06 15:45:00-05:00,2.1401000022888184,2.156599998474121,2.130000114440918,2.134999990463257,1638373,0.0,0.0,BITF,15m
2026-02-09 09:30:00-05:00,2.049999952316284,2.1600000858306885,2.0399999618530273,2.134999990463257,3751352,0.0,0.0,BITF,15m
2026-02-09 09:45:00-05:00,2.134999990463257,2.1500000953674316,2.119999885559082,2.1301000118255615,1248607,0.0,0.0,BITF,15m
2026-02-09 10:00:00-05:00,2.138200044631958,2.200000047683716,2.130000114440918,2.200000047683716,1187231,0.0,0.0,BITF,15m
2026-02-09 10:15:00-05:00,2.194999933242798,2.2100000381469727,2.1600000858306885,2.160900115966797,1103561,0.0,0.0,BITF,15m
2026-02-09 10:30:00-05:00,2.1649999618530273,2.2300000190734863,2.1610000133514404,2.229099988937378,1617559,0.0,0.0,BITF,15m
2026-02-09 10:45:00-05:00,2.2249999046325684,2.240000009536743,2.2200000286102295,2.234999895095825,6911864,0.0,0.0,BITF,15m
2026-02-09 11:00:00-05:00,2.234999895095825,2.240000009536743,2.2100000381469727,2.219899892807007,393737,0.0,0.0,BITF,15m
2026-02-09 11:15:00-05:00,2.2200000286102295,2.2300000190734863,2.2100000381469727,2.2249999046325684,817440,0.0,0.0,BITF,15m
2026-02-09 11:30:00-05:00,2.2300000190734863,2.2300000190734863,2.2100000381469727,2.2200000286102295,1112403,0.0,0.0,BITF,15m
2026-02-09 11:45:00-05:00,2.2300000190734863,2.240000009536743,2.220099925994873,2.234999895095825,8587726,0.0,0.0,BITF,15m
2026-02-09 12:00:00-05:00,2.2300000190734863,2.25,2.2300000190734863,2.23009991645813,631225,0.0,0.0,BITF,15m
2026-02-09 12:15:00-05:00,2.2300000190734863,2.2750000953674316,2.2300000190734863,2.255000114440918,1559707,0.0,0.0,BITF,15m
2026-02-09 12:30:00-05:00,2.255000114440918,2.2899999618530273,2.25,2.2850000858306885,929818,0.0,0.0,BITF,15m
2026-02-09 12:45:00-05:00,2.2850000858306885,2.2899999618530273,2.2699999809265137,2.2788000106811523,475573,0.0,0.0,BITF,15m
2026-02-09 13:00:00-05:00,2.2750000953674316,2.2899999618530273,2.2699999809265137,2.278599977493286,497681,0.0,0.0,BITF,15m
2026-02-09 13:15:00-05:00,2.2725000381469727,2.2799999713897705,2.2200000286102295,2.279900074005127,1693130,0.0,0.0,BITF,15m
2026-02-09 13:30:00-05:00,2.2799999713897705,2.2899999618530273,2.2600998878479004,2.281899929046631,773016,0.0,0.0,BITF,15m
2026-02-09 13:45:00-05:00,2.2850000858306885,2.2899999618530273,2.259999990463257,2.2750000953674316,772474,0.0,0.0,BITF,15m
2026-02-09 14:00:00-05:00,2.2699999809265137,2.2799999713897705,2.25,2.255000114440918,595029,0.0,0.0,BITF,15m
2026-02-09 14:15:00-05:00,2.255000114440918,2.2799999713897705,2.254499912261963,2.2730000019073486,516289,0.0,0.0,BITF,15m
2026-02-09 14:30:00-05:00,2.2750000953674316,2.2899999618530273,2.2699999809265137,2.2850000858306885,644648,0.0,0.0,BITF,15m
2026-02-09 14:45:00-05:00,2.2799999713897705,2.2899999618530273,2.2799999713897705,2.2799999713897705,468400,0.0,0.0,BITF,15m
2026-02-09 15:00:00-05:00,2.2799999713897705,2.299999952316284,2.2699999809265137,2.2750000953674316,1010072,0.0,0.0,BITF,15m
2026-02-09 15:15:00-05:00,2.2699999809265137,2.2799999713897705,2.259999990463257,2.2699999809265137,418180,0.0,0.0,BITF,15m
2026-02-09 15:30:00-05:00,2.2750000953674316,2.279900074005127,2.259999990463257,2.265000104904175,584457,0.0,0.0,BITF,15m
2026-02-09 15:45:00-05:00,2.265000104904175,2.2799999713897705,2.259999990463257,2.2799999713897705,2688060,0.0,0.0,BITF,15m
2026-02-10 09:30:00-05:00,2.234999895095825,2.2699999809265137,2.200000047683716,2.2298998832702637,2183168,0.0,0.0,BITF,15m
2026-02-10 09:45:00-05:00,2.2219998836517334,2.2297000885009766,2.180000066757202,2.194999933242798,1511375,0.0,0.0,BITF,15m
2026-02-10 10:00:00-05:00,2.1988000869750977,2.259999990463257,2.1900999546051025,2.229099988937378,1202113,0.0,0.0,BITF,15m
2026-02-10 10:15:00-05:00,2.2200000286102295,2.259999990463257,2.2200000286102295,2.255000114440918,960090,0.0,0.0,BITF,15m
2026-02-10 10:30:00-05:00,2.255000114440918,2.2699999809265137,2.25,2.25,1347768,0.0,0.0,BITF,15m
2026-02-10 10:45:00-05:00,2.255000114440918,2.2699999809265137,2.2300000190734863,2.2699999809265137,823129,0.0,0.0,BITF,15m
2026-02-10 11:00:00-05:00,2.265000104904175,2.2883999347686768,2.244999885559082,2.2883999347686768,871201,0.0,0.0,BITF,15m
2026-02-10 11:15:00-05:00,2.280100107192993,2.2899999618530273,2.2699999809265137,2.2699999809265137,1041866,0.0,0.0,BITF,15m
2026-02-10 11:30:00-05:00,2.2750000953674316,2.2797000408172607,2.246999979019165,2.265000104904175,952781,0.0,0.0,BITF,15m
2026-02-10 11:45:00-05:00,2.2697999477386475,2.2799999713897705,2.25,2.259999990463257,5760947,0.0,0.0,BITF,15m
2026-02-10 12:00:00-05:00,2.2600998878479004,2.2699999809265137,2.25,2.263700008392334,488451,0.0,0.0,BITF,15m
2026-02-10 12:15:00-05:00,2.265000104904175,2.2699999809265137,2.25,2.259999990463257,542844,0.0,0.0,BITF,15m
2026-02-10 12:30:00-05:00,2.259999990463257,2.259999990463257,2.240000009536743,2.244999885559082,593880,0.0,0.0,BITF,15m
2026-02-10 12:45:00-05:00,2.25,2.259999990463257,2.2300000190734863,2.234999895095825,763315,0.0,0.0,BITF,15m
2026-02-10 13:00:00-05:00,2.2374000549316406,2.240000009536743,2.223400115966797,2.223400115966797,557973,0.0,0.0,BITF,15m
2026-02-10 13:15:00-05:00,2.2249999046325684,2.2300000190734863,2.190000057220459,2.190000057220459,580331,0.0,0.0,BITF,15m
2026-02-10 13:30:00-05:00,2.190000057220459,2.2184998989105225,2.190000057220459,2.2019999027252197,1157005,0.0,0.0,BITF,15m
2026-02-10 13:45:00-05:00,2.200000047683716,2.2149999141693115,2.190000057220459,2.2016000747680664,776113,0.0,0.0,BITF,15m
2026-02-10 14:00:00-05:00,2.2076001167297363,2.2298998832702637,2.200000047683716,2.2100000381469727,436839,0.0,0.0,BITF,15m
2026-02-10 14:15:00-05:00,2.219399929046631,2.234999895095825,2.2100000381469727,2.234999895095825,195688,0.0,0.0,BITF,15m
2026-02-10 14:30:00-05:00,2.2325000762939453,2.25,2.220099925994873,2.234999895095825,1002920,0.0,0.0,BITF,15m
2026-02-10 14:45:00-05:00,2.234999895095825,2.240000009536743,2.2100000381469727,2.2200000286102295,860797,0.0,0.0,BITF,15m
2026-02-10 15:00:00-05:00,2.2149999141693115,2.2300000190734863,2.2049999237060547,2.2149999141693115,1272169,0.0,0.0,BITF,15m
2026-02-10 15:15:00-05:00,2.2149999141693115,2.2200000286102295,2.194999933242798,2.194999933242798,1051436,0.0,0.0,BITF,15m
2026-02-10 15:30:00-05:00,2.194999933242798,2.200000047683716,2.190000057220459,2.200000047683716,449751,0.0,0.0,BITF,15m
2026-02-10 15:45:00-05:00,2.200000047683716,2.2100000381469727,2.190000057220459,2.194999933242798,1464019,0.0,0.0,BITF,15m
2026-02-11 09:30:00-05:00,2.2300000190734863,2.25,2.194999933242798,2.234999895095825,1836324,0.0,0.0,BITF,15m
2026-02-11 09:45:00-05:00,2.234999895095825,2.240000009536743,2.1700000762939453,2.174999952316284,977816,0.0,0.0,BITF,15m
2026-02-11 10:00:00-05:00,2.1735000610351562,2.1895999908447266,2.140000104904175,2.152400016784668,1317343,0.0,0.0,BITF,15m
2026-02-11 10:15:00-05:00,2.156100034713745,2.1600000858306885,2.140000104904175,2.1500000953674316,1506937,0.0,0.0,BITF,15m
2026-02-11 10:30:00-05:00,2.1449999809265137,2.200000047683716,2.1401000022888184,2.184999942779541,908128,0.0,0.0,BITF,15m
2026-02-11 10:45:00-05:00,2.184999942779541,2.200000047683716,2.1600000858306885,2.184999942779541,426880,0.0,0.0,BITF,15m
2026-02-11 11:00:00-05:00,2.190000057220459,2.2200000286102295,2.180000066757202,2.2049999237060547,659676,0.0,0.0,BITF,15m
2026-02-11 11:15:00-05:00,2.2019999027252197,2.2100000381469727,2.174999952316284,2.174999952316284,525641,0.0,0.0,BITF,15m
2026-02-11 11:30:00-05:00,2.174999952316284,2.190000057220459,2.1600000858306885,2.1786000728607178,534947,0.0,0.0,BITF,15m
2026-02-11 11:45:00-05:00,2.180000066757202,2.180000066757202,2.1549999713897705,2.15910005569458,1020073,0.0,0.0,BITF,15m
2026-02-11 12:00:00-05:00,2.1500000953674316,2.1600000858306885,2.140000104904175,2.1500000953674316,895352,0.0,0.0,BITF,15m
2026-02-11 12:15:00-05:00,2.150099992752075,2.180000066757202,2.1500000953674316,2.1735000610351562,681204,0.0,0.0,BITF,15m
2026-02-11 12:30:00-05:00,2.1700000762939453,2.175800085067749,2.140000104904175,2.1487998962402344,659267,0.0,0.0,BITF,15m
2026-02-11 12:45:00-05:00,2.1500000953674316,2.1500000953674316,2.1308999061584473,2.1308999061584473,401918,0.0,0.0,BITF,15m
2026-02-11 13:00:00-05:00,2.134999990463257,2.139899969100952,2.119999885559082,2.121999979019165,646725,0.0,0.0,BITF,15m
2026-02-11 13:15:00-05:00,2.130000114440918,2.1449999809265137,2.119999885559082,2.140199899673462,704292,0.0,0.0,BITF,15m
2026-02-11 13:30:00-05:00,2.140000104904175,2.140000104904175,2.119999885559082,2.134999990463257,485290,0.0,0.0,BITF,15m
2026-02-11 13:45:00-05:00,2.134999990463257,2.140000104904175,2.119999885559082,2.134999990463257,352244,0.0,0.0,BITF,15m
2026-02-11 14:00:00-05:00,2.134999990463257,2.1700000762939453,2.134999990463257,2.1649999618530273,690561,0.0,0.0,BITF,15m
2026-02-11 14:15:00-05:00,2.1689000129699707,2.180000066757202,2.1600000858306885,2.167799949645996,289561,0.0,0.0,BITF,15m
2026-02-11 14:30:00-05:00,2.1649999618530273,2.180000066757202,2.1500000953674316,2.174999952316284,566440,0.0,0.0,BITF,15m
2026-02-11 14:45:00-05:00,2.180000066757202,2.180000066757202,2.1549999713897705,2.160900115966797,480897,0.0,0.0,BITF,15m
2026-02-11 15:00:00-05:00,2.1600000858306885,2.1700000762939453,2.1500000953674316,2.1500000953674316,806325,0.0,0.0,BITF,15m
2026-02-11 15:15:00-05:00,2.1570000648498535,2.1600000858306885,2.130000114440918,2.130000114440918,813528,0.0,0.0,BITF,15m
2026-02-11 15:30:00-05:00,2.1303000450134277,2.1500000953674316,2.130000114440918,2.1500000953674316,391848,0.0,0.0,BITF,15m
2026-02-11 15:45:00-05:00,2.1500000953674316,2.190000057220459,2.140000104904175,2.180000066757202,1317949,0.0,0.0,BITF,15m
2026-02-12 09:30:00-05:00,2.1700000762939453,2.190000057220459,2.130000114440918,2.1500000953674316,2483470,0.0,0.0,BITF,15m
2026-02-12 09:45:00-05:00,2.1549999713897705,2.180000066757202,2.130000114440918,2.134999990463257,550760,0.0,0.0,BITF,15m
2026-02-12 10:00:00-05:00,2.140000104904175,2.159899950027466,2.119999885559082,2.139899969100952,1104870,0.0,0.0,BITF,15m
2026-02-12 10:15:00-05:00,2.140000104904175,2.1500000953674316,2.125,2.130000114440918,675918,0.0,0.0,BITF,15m
2026-02-12 10:30:00-05:00,2.134999990463257,2.1491000652313232,2.0850000381469727,2.0950000286102295,882587,0.0,0.0,BITF,15m
2026-02-12 10:45:00-05:00,2.0899999141693115,2.119999885559082,2.0899999141693115,2.0999999046325684,3866987,0.0,0.0,BITF,15m
2026-02-12 11:00:00-05:00,2.1012001037597656,2.109999895095825,2.069999933242798,2.0701000690460205,639248,0.0,0.0,BITF,15m
2026-02-12 11:15:00-05:00,2.069999933242798,2.0799999237060547,2.0199999809265137,2.0199999809265137,1023315,0.0,0.0,BITF,15m
2026-02-12 11:30:00-05:00,2.0244998931884766,2.059999942779541,2.009999990463257,2.050299882888794,1241759,0.0,0.0,BITF,15m
2026-02-12 11:45:00-05:00,2.049999952316284,2.0550999641418457,2.0250000953674316,2.0399999618530273,653593,0.0,0.0,BITF,15m
2026-02-12 12:00:00-05:00,2.0401999950408936,2.069999933242798,2.0299999713897705,2.056999921798706,652955,0.0,0.0,BITF,15m
2026-02-12 12:15:00-05:00,2.055000066757202,2.089900016784668,2.04010009765625,2.0650999546051025,904708,0.0,0.0,BITF,15m
2026-02-12 12:30:00-05:00,2.065000057220459,2.075000047683716,2.050100088119507,2.065000057220459,359677,0.0,0.0,BITF,15m
2026-02-12 12:45:00-05:00,2.065000057220459,2.069999933242798,2.0399999618530273,2.0399999618530273,234532,0.0,0.0,BITF,15m
2026-02-12 13:00:00-05:00,2.0450000762939453,2.0799999237060547,2.0299999713897705,2.069999933242798,790188,0.0,0.0,BITF,15m
2026-02-12 13:15:00-05:00,2.065000057220459,2.075000047683716,2.0350000858306885,2.055000066757202,431897,0.0,0.0,BITF,15m
2026-02-12 13:30:00-05:00,2.055000066757202,2.0676000118255615,2.049999952316284,2.050600051879883,214300,0.0,0.0,BITF,15m
2026-02-12 13:45:00-05:00,2.049999952316284,2.059999942779541,2.030100107192993,2.0350000858306885,235758,0.0,0.0,BITF,15m
2026-02-12 14:00:00-05:00,2.0350000858306885,2.049999952316284,2.030100107192993,2.0499000549316406,349235,0.0,0.0,BITF,15m
2026-02-12 14:15:00-05:00,2.0399999618530273,2.056299924850464,2.0350000858306885,2.0450000762939453,423402,0.0,0.0,BITF,15m
2026-02-12 14:30:00-05:00,2.0450000762939453,2.0799999237060547,2.0399999618530273,2.0799999237060547,1377304,0.0,0.0,BITF,15m
2026-02-12 14:45:00-05:00,2.0701000690460205,2.1187000274658203,2.0701000690460205,2.0799999237060547,1421233,0.0,0.0,BITF,15m
2026-02-12 15:00:00-05:00,2.0797998905181885,2.0999999046325684,2.069999933242798,2.0799999237060547,465592,0.0,0.0,BITF,15m
2026-02-12 15:15:00-05:00,2.0801000595092773,2.089900016784668,2.059999942779541,2.066800117492676,423120,0.0,0.0,BITF,15m
2026-02-12 15:30:00-05:00,2.066699981689453,2.0899999141693115,2.059999942779541,2.0850000381469727,424810,0.0,0.0,BITF,15m
2026-02-12 15:45:00-05:00,2.0850000381469727,2.0899999141693115,2.059999942779541,2.075000047683716,839021,0.0,0.0,BITF,15m
2026-02-13 09:30:00-05:00,2.115000009536743,2.190000057220459,2.049999952316284,2.0850000381469727,3376756,0.0,0.0,BITF,15m
2026-02-13 09:45:00-05:00,2.0850000381469727,2.1500000953674316,2.0850000381469727,2.11299991607666,848256,0.0,0.0,BITF,15m
2026-02-13 10:00:00-05:00,2.115000009536743,2.1600000858306885,2.109999895095825,2.1401000022888184,869808,0.0,0.0,BITF,15m
2026-02-13 10:15:00-05:00,2.140000104904175,2.200000047683716,2.140000104904175,2.1902999877929688,1420288,0.0,0.0,BITF,15m
2026-02-13 10:30:00-05:00,2.194999933242798,2.2200000286102295,2.1649999618530273,2.174999952316284,1715588,0.0,0.0,BITF,15m
2026-02-13 10:45:00-05:00,2.174999952316284,2.190000057220459,2.1449999809265137,2.1526999473571777,1299995,0.0,0.0,BITF,15m
2026-02-13 11:00:00-05:00,2.1549999713897705,2.200000047683716,2.1549999713897705,2.184999942779541,804703,0.0,0.0,BITF,15m
2026-02-13 11:15:00-05:00,2.184999942779541,2.194999933242798,2.1700000762939453,2.184999942779541,590875,0.0,0.0,BITF,15m
2026-02-13 11:30:00-05:00,2.184999942779541,2.190000057220459,2.1700000762939453,2.184999942779541,261711,0.0,0.0,BITF,15m
2026-02-13 11:45:00-05:00,2.184999942779541,2.184999942779541,2.1600000858306885,2.1600000858306885,199443,0.0,0.0,BITF,15m
2026-02-13 12:00:00-05:00,2.1649999618530273,2.1700000762939453,2.1600000858306885,2.1649999618530273,217577,0.0,0.0,BITF,15m
2026-02-13 12:15:00-05:00,2.1700000762939453,2.180000066757202,2.160099983215332,2.1700000762939453,7845554,0.0,0.0,BITF,15m
2026-02-13 12:30:00-05:00,2.180000066757202,2.190000057220459,2.1700000762939453,2.1800999641418457,743149,0.0,0.0,BITF,15m
2026-02-13 12:45:00-05:00,2.1803998947143555,2.1891000270843506,2.1549999713897705,2.1649999618530273,497486,0.0,0.0,BITF,15m
2026-02-13 13:00:00-05:00,2.1649999618530273,2.1700000762939453,2.1500000953674316,2.1649999618530273,475856,0.0,0.0,BITF,15m
2026-02-13 13:15:00-05:00,2.1698999404907227,2.180000066757202,2.140000104904175,2.149899959564209,616118,0.0,0.0,BITF,15m
2026-02-13 13:30:00-05:00,2.1500000953674316,2.190000057220459,2.140000104904175,2.184999942779541,408463,0.0,0.0,BITF,15m
2026-02-13 13:45:00-05:00,2.184999942779541,2.200000047683716,2.180000066757202,2.199700117111206,635325,0.0,0.0,BITF,15m
2026-02-13 14:00:00-05:00,2.190000057220459,2.200000047683716,2.1700000762939453,2.184999942779541,570726,0.0,0.0,BITF,15m
2026-02-13 14:15:00-05:00,2.184999942779541,2.190000057220459,2.1500000953674316,2.1549999713897705,462448,0.0,0.0,BITF,15m
2026-02-13 14:30:00-05:00,2.1549999713897705,2.180000066757202,2.1449999809265137,2.174999952316284,635575,0.0,0.0,BITF,15m
2026-02-13 14:45:00-05:00,2.178299903869629,2.190000057220459,2.140000104904175,2.1449999809265137,12779039,0.0,0.0,BITF,15m
2026-02-13 15:00:00-05:00,2.1449999809265137,2.1600000858306885,2.140000104904175,2.1449999809265137,300045,0.0,0.0,BITF,15m
2026-02-13 15:15:00-05:00,2.1500000953674316,2.159899950027466,2.130000114440918,2.134999990463257,13566518,0.0,0.0,BITF,15m
2026-02-13 15:30:00-05:00,2.134999990463257,2.140000104904175,2.119999885559082,2.130000114440918,649420,0.0,0.0,BITF,15m
2026-02-13 15:45:00-05:00,2.1301000118255615,2.1600000858306885,2.130000114440918,2.140000104904175,14438326,0.0,0.0,BITF,15m
2026-02-17 09:30:00-05:00,2.0799999237060547,2.125999927520752,2.049999952316284,2.055999994277954,1763355,0.0,0.0,BITF,15m
2026-02-17 09:45:00-05:00,2.059999942779541,2.0699000358581543,2.0299999713897705,2.039799928665161,731471,0.0,0.0,BITF,15m
2026-02-17 10:00:00-05:00,2.0399999618530273,2.0799999237060547,2.0399999618530273,2.0601000785827637,645972,0.0,0.0,BITF,15m
2026-02-17 10:15:00-05:00,2.0601000785827637,2.0899999141693115,2.059999942779541,2.060800075531006,981597,0.0,0.0,BITF,15m
2026-02-17 10:30:00-05:00,2.059999942779541,2.059999942779541,2.0299999713897705,2.0471999645233154,593338,0.0,0.0,BITF,15m
2026-02-17 10:45:00-05:00,2.049999952316284,2.079900026321411,2.0399999618530273,2.075000047683716,495641,0.0,0.0,BITF,15m
2026-02-17 11:00:00-05:00,2.0799999237060547,2.109999895095825,2.069999933242798,2.109999895095825,561404,0.0,0.0,BITF,15m
2026-02-17 11:15:00-05:00,2.109999895095825,2.115000009536743,2.0701000690460205,2.0799999237060547,865410,0.0,0.0,BITF,15m
2026-02-17 11:30:00-05:00,2.075000047683716,2.0899999141693115,2.065000057220459,2.0799999237060547,734011,0.0,0.0,BITF,15m
2026-02-17 11:45:00-05:00,2.075000047683716,2.0799999237060547,2.059999942779541,2.069999933242798,353873,0.0,0.0,BITF,15m
2026-02-17 12:00:00-05:00,2.066499948501587,2.0799999237060547,2.049999952316284,2.055000066757202,257852,0.0,0.0,BITF,15m
2026-02-17 12:15:00-05:00,2.059999942779541,2.059999942779541,2.0199999809265137,2.0350000858306885,5938784,0.0,0.0,BITF,15m
2026-02-17 12:30:00-05:00,2.0399999618530273,2.0399999618530273,2.0199999809265137,2.0292000770568848,473295,0.0,0.0,BITF,15m
2026-02-17 12:45:00-05:00,2.0199999809265137,2.0399999618530273,2.0106000900268555,2.039900064468384,6051418,0.0,0.0,BITF,15m
2026-02-17 13:00:00-05:00,2.0399999618530273,2.055000066757202,2.0299999713897705,2.0485000610351562,169368,0.0,0.0,BITF,15m
2026-02-17 13:15:00-05:00,2.0464999675750732,2.069999933242798,2.0399999618530273,2.059999942779541,446800,0.0,0.0,BITF,15m
2026-02-17 13:30:00-05:00,2.059999942779541,2.0799999237060547,2.049999952316284,2.0722999572753906,266124,0.0,0.0,BITF,15m
2026-02-17 13:45:00-05:00,2.0799999237060547,2.0999999046325684,2.069999933242798,2.0950000286102295,622980,0.0,0.0,BITF,15m
2026-02-17 14:00:00-05:00,2.0950000286102295,2.0999999046325684,2.059999942779541,2.0899999141693115,842660,0.0,0.0,BITF,15m
2026-02-17 14:15:00-05:00,2.0950000286102295,2.0999999046325684,2.075000047683716,2.079900026321411,7720806,0.0,0.0,BITF,15m
2026-02-17 14:30:00-05:00,2.0799999237060547,2.0999999046325684,2.0799999237060547,2.099600076675415,82217,0.0,0.0,BITF,15m
2026-02-17 14:45:00-05:00,2.0999999046325684,2.0999999046325684,2.0801000595092773,2.0899999141693115,687611,0.0,0.0,BITF,15m
2026-02-17 15:00:00-05:00,2.0899999141693115,2.0999999046325684,2.0799999237060547,2.0799999237060547,1033111,0.0,0.0,BITF,15m
2026-02-17 15:15:00-05:00,2.0899999141693115,2.0899999141693115,2.0636000633239746,2.069999933242798,555237,0.0,0.0,BITF,15m
2026-02-17 15:30:00-05:00,2.069999933242798,2.0999999046325684,2.0601000785827637,2.0999999046325684,1044045,0.0,0.0,BITF,15m
2026-02-17 15:45:00-05:00,2.0950000286102295,2.1050000190734863,2.0899999141693115,2.1050000190734863,890936,0.0,0.0,BITF,15m
2026-02-18 09:30:00-05:00,2.075000047683716,2.0899999141693115,2.0350000858306885,2.0638999938964844,1091427,0.0,0.0,BITF,15m
2026-02-18 09:45:00-05:00,2.065000057220459,2.0999999046325684,2.040800094604492,2.0899999141693115,566940,0.0,0.0,BITF,15m
2026-02-18 10:00:00-05:00,2.0950000286102295,2.130000114440918,2.0903000831604004,2.1050000190734863,2353520,0.0,0.0,BITF,15m
2026-02-18 10:15:00-05:00,2.1050000190734863,2.130000114440918,2.0999999046325684,2.1289000511169434,260601,0.0,0.0,BITF,15m
2026-02-18 10:30:00-05:00,2.130000114440918,2.1700000762939453,2.119999885559082,2.150099992752075,582210,0.0,0.0,BITF,15m
2026-02-18 10:45:00-05:00,2.1500000953674316,2.1600000858306885,2.125,2.129199981689453,395316,0.0,0.0,BITF,15m
2026-02-18 11:00:00-05:00,2.1298999786376953,2.130000114440918,2.109999895095825,2.1196999549865723,221319,0.0,0.0,BITF,15m
2026-02-18 11:15:00-05:00,2.119999885559082,2.130000114440918,2.115000009536743,2.130000114440918,3202441,0.0,0.0,BITF,15m
2026-02-18 11:30:00-05:00,2.125,2.130000114440918,2.119999885559082,2.119999885559082,503943,0.0,0.0,BITF,15m
2026-02-18 11:45:00-05:00,2.119999885559082,2.1387999057769775,2.119999885559082,2.119999885559082,237400,0.0,0.0,BITF,15m
2026-02-18 12:00:00-05:00,2.125,2.1398000717163086,2.115000009536743,2.1196000576019287,378915,0.0,0.0,BITF,15m
2026-02-18 12:15:00-05:00,2.119999885559082,2.130000114440918,2.116499900817871,2.119999885559082,455789,0.0,0.0,BITF,15m
2026-02-18 12:30:00-05:00,2.119999885559082,2.1298999786376953,2.109999895095825,2.110100030899048,367412,0.0,0.0,BITF,15m
2026-02-18 12:45:00-05:00,2.115000009536743,2.1198999881744385,2.1080000400543213,2.1101999282836914,303914,0.0,0.0,BITF,15m
2026-02-18 13:00:00-05:00,2.109999895095825,2.119999885559082,2.0950000286102295,2.0950000286102295,200766,0.0,0.0,BITF,15m
2026-02-18 13:15:00-05:00,2.098900079727173,2.098900079727173,2.075000047683716,2.079900026321411,413071,0.0,0.0,BITF,15m
2026-02-18 13:30:00-05:00,2.0792999267578125,2.0899999141693115,2.069999933242798,2.0815000534057617,507079,0.0,0.0,BITF,15m
2026-02-18 13:45:00-05:00,2.0899999141693115,2.0999999046325684,2.0799999237060547,2.089900016784668,5000451,0.0,0.0,BITF,15m
2026-02-18 14:00:00-05:00,2.0850000381469727,2.0999999046325684,2.0799999237060547,2.0850000381469727,381426,0.0,0.0,BITF,15m
2026-02-18 14:15:00-05:00,2.0850000381469727,2.0899999141693115,2.059999942779541,2.065000057220459,564583,0.0,0.0,BITF,15m
2026-02-18 14:30:00-05:00,2.065000057220459,2.069999933242798,2.050100088119507,2.055000066757202,443124,0.0,0.0,BITF,15m
2026-02-18 14:45:00-05:00,2.0599000453948975,2.069999933242798,2.049999952316284,2.057300090789795,740420,0.0,0.0,BITF,15m
2026-02-18 15:00:00-05:00,2.055000066757202,2.069999933242798,2.0450000762939453,2.052999973297119,432915,0.0,0.0,BITF,15m
2026-02-18 15:15:00-05:00,2.049999952316284,2.059999942779541,2.0399999618530273,2.0429999828338623,7318714,0.0,0.0,BITF,15m
2026-02-18 15:30:00-05:00,2.0469000339508057,2.0799999237060547,2.0399999618530273,2.0799999237060547,534234,0.0,0.0,BITF,15m
2026-02-18 15:45:00-05:00,2.0799999237060547,2.0899999141693115,2.059999942779541,2.069999933242798,818014,0.0,0.0,BITF,15m
2026-02-19 09:30:00-05:00,2.0299999713897705,2.0299999713897705,1.9450000524520874,1.98989999294281,2472071,0.0,0.0,BITF,15m
2026-02-19 09:45:00-05:00,1.9900000095367432,2.0199999809265137,1.9600000381469727,2.00600004196167,755350,0.0,0.0,BITF,15m
2026-02-19 10:00:00-05:00,2.005000114440918,2.0299999713897705,1.9900000095367432,1.9900000095367432,898013,0.0,0.0,BITF,15m
2026-02-19 10:15:00-05:00,1.9950000047683716,2.015000104904175,1.9900000095367432,1.999899983406067,421834,0.0,0.0,BITF,15m
2026-02-19 10:30:00-05:00,1.9950000047683716,2.0399999618530273,1.9900000095367432,2.0350000858306885,447470,0.0,0.0,BITF,15m
2026-02-19 10:45:00-05:00,2.0350000858306885,2.059299945831299,2.0201001167297363,2.055000066757202,741061,0.0,0.0,BITF,15m
2026-02-19 11:00:00-05:00,2.049999952316284,2.059999942779541,2.0199999809265137,2.030100107192993,454378,0.0,0.0,BITF,15m
2026-02-19 11:15:00-05:00,2.0350000858306885,2.046999931335449,2.022900104522705,2.0250000953674316,157755,0.0,0.0,BITF,15m
2026-02-19 11:30:00-05:00,2.0299999713897705,2.0399999618530273,2.0201001167297363,2.030100107192993,169688,0.0,0.0,BITF,15m
2026-02-19 11:45:00-05:00,2.0350000858306885,2.049999952316284,2.0250000953674316,2.04010009765625,441537,0.0,0.0,BITF,15m
2026-02-19 12:00:00-05:00,2.0399999618530273,2.0499000549316406,2.0299999713897705,2.0350000858306885,907690,0.0,0.0,BITF,15m
2026-02-19 12:15:00-05:00,2.0350000858306885,2.0592000484466553,2.0299999713897705,2.0399999618530273,786142,0.0,0.0,BITF,15m
2026-02-19 12:30:00-05:00,2.0399999618530273,2.0399999618530273,2.0244998931884766,2.0350000858306885,284080,0.0,0.0,BITF,15m
2026-02-19 12:45:00-05:00,2.0350000858306885,2.0350000858306885,2.009999990463257,2.015000104904175,319618,0.0,0.0,BITF,15m
2026-02-19 13:00:00-05:00,2.015000104904175,2.0299999713897705,2.009999990463257,2.021899938583374,350961,0.0,0.0,BITF,15m
2026-02-19 13:15:00-05:00,2.0250000953674316,2.0299999713897705,2.009999990463257,2.0250000953674316,360648,0.0,0.0,BITF,15m
2026-02-19 13:30:00-05:00,2.0250000953674316,2.0299999713897705,2.0199999809265137,2.0299999713897705,233698,0.0,0.0,BITF,15m
2026-02-19 13:45:00-05:00,2.0299999713897705,2.0399999618530273,2.0199999809265137,2.0350000858306885,127108,0.0,0.0,BITF,15m
2026-02-19 14:00:00-05:00,2.0350000858306885,2.049999952316284,2.0199999809265137,2.0399999618530273,338220,0.0,0.0,BITF,15m
2026-02-19 14:15:00-05:00,2.039900064468384,2.0399999618530273,2.0199999809265137,2.0250000953674316,156732,0.0,0.0,BITF,15m
2026-02-19 14:30:00-05:00,2.0250000953674316,2.0399999618530273,2.0206000804901123,2.0350000858306885,96691,0.0,0.0,BITF,15m
2026-02-19 14:45:00-05:00,2.0350000858306885,2.059999942779541,2.0299999713897705,2.0599000453948975,232994,0.0,0.0,BITF,15m
2026-02-19 15:00:00-05:00,2.055000066757202,2.069999933242798,2.049999952316284,2.049999952316284,494796,0.0,0.0,BITF,15m
2026-02-19 15:15:00-05:00,2.055000066757202,2.065000057220459,2.0450000762939453,2.049999952316284,541583,0.0,0.0,BITF,15m
2026-02-19 15:30:00-05:00,2.049999952316284,2.0799999237060547,2.0425000190734863,2.079900026321411,383134,0.0,0.0,BITF,15m
2026-02-19 15:45:00-05:00,2.0703001022338867,2.0999999046325684,2.0701000690460205,2.0950000286102295,1054561,0.0,0.0,BITF,15m
2026-02-20 09:30:00-05:00,2.0799999237060547,2.119999885559082,2.0450000762939453,2.0899999141693115,952976,0.0,0.0,BITF,15m
2026-02-20 09:45:00-05:00,2.0899999141693115,2.0999999046325684,2.069999933242798,2.090100049972534,359138,0.0,0.0,BITF,15m
2026-02-20 10:00:00-05:00,2.0999999046325684,2.1598000526428223,2.0899999141693115,2.0899999141693115,873803,0.0,0.0,BITF,15m
2026-02-20 10:15:00-05:00,2.0899999141693115,2.119999885559082,2.061500072479248,2.109299898147583,629698,0.0,0.0,BITF,15m
2026-02-20 10:30:00-05:00,2.1008999347686768,2.109999895095825,2.075000047683716,2.0850000381469727,408368,0.0,0.0,BITF,15m
2026-02-20 10:45:00-05:00,2.0815000534057617,2.119999885559082,2.0815000534057617,2.119999885559082,1301837,0.0,0.0,BITF,15m
2026-02-20 11:00:00-05:00,2.1108999252319336,2.1500000953674316,2.1108999252319336,2.140000104904175,879279,0.0,0.0,BITF,15m
2026-02-20 11:15:00-05:00,2.134999990463257,2.139899969100952,2.0999999046325684,2.0999999046325684,4773367,0.0,0.0,BITF,15m
2026-02-20 11:30:00-05:00,2.0999999046325684,2.109999895095825,2.0899999141693115,2.0901999473571777,517228,0.0,0.0,BITF,15m
2026-02-20 11:45:00-05:00,2.0924999713897705,2.109999895095825,2.0850000381469727,2.0950000286102295,448200,0.0,0.0,BITF,15m
2026-02-20 12:00:00-05:00,2.0950000286102295,2.0999999046325684,2.0601000785827637,2.0601000785827637,357697,0.0,0.0,BITF,15m
2026-02-20 12:15:00-05:00,2.059999942779541,2.069999933242798,2.0399999618530273,2.0450000762939453,365208,0.0,0.0,BITF,15m
2026-02-20 12:30:00-05:00,2.0450000762939453,2.069999933242798,2.0399999618530273,2.059799909591675,574754,0.0,0.0,BITF,15m
2026-02-20 12:45:00-05:00,2.059999942779541,2.0792999267578125,2.049999952316284,2.0792999267578125,516203,0.0,0.0,BITF,15m
2026-02-20 13:00:00-05:00,2.069999933242798,2.089900016784668,2.059999942779541,2.059999942779541,285928,0.0,0.0,BITF,15m
2026-02-20 13:15:00-05:00,2.065000057220459,2.066499948501587,2.0399999618530273,2.051500082015991,290639,0.0,0.0,BITF,15m
2026-02-20 13:30:00-05:00,2.055000066757202,2.069999933242798,2.0399999618530273,2.0697999000549316,656418,0.0,0.0,BITF,15m
2026-02-20 13:45:00-05:00,2.069999933242798,2.0899999141693115,2.065000057220459,2.0899999141693115,287478,0.0,0.0,BITF,15m
2026-02-20 14:00:00-05:00,2.088099956512451,2.0899999141693115,2.075000047683716,2.0834999084472656,281771,0.0,0.0,BITF,15m
2026-02-20 14:15:00-05:00,2.0799999237060547,2.0850000381469727,2.0399999618530273,2.049299955368042,310035,0.0,0.0,BITF,15m
2026-02-20 14:30:00-05:00,2.0450000762939453,2.059999942779541,2.0399999618530273,2.0464999675750732,301962,0.0,0.0,BITF,15m
2026-02-20 14:45:00-05:00,2.0499000549316406,2.049999952316284,2.0250000953674316,2.030100107192993,283129,0.0,0.0,BITF,15m
2026-02-20 15:00:00-05:00,2.039900064468384,2.049999952316284,2.0299999713897705,2.049999952316284,438255,0.0,0.0,BITF,15m
2026-02-20 15:15:00-05:00,2.0450000762939453,2.049999952316284,2.0299999713897705,2.0364999771118164,257649,0.0,0.0,BITF,15m
2026-02-20 15:30:00-05:00,2.0350000858306885,2.069999933242798,2.0350000858306885,2.065000057220459,392610,0.0,0.0,BITF,15m
2026-02-20 15:45:00-05:00,2.069999933242798,2.069999933242798,2.0299999713897705,2.0350000858306885,1298978,0.0,0.0,BITF,15m
2026-02-23 09:30:00-05:00,1.9700000286102295,2.0160000324249268,1.940000057220459,2.009999990463257,2389890,0.0,0.0,BITF,15m
2026-02-23 09:45:00-05:00,2.015000104904175,2.069999933242798,2.009999990463257,2.0399999618530273,950880,0.0,0.0,BITF,15m
2026-02-23 10:00:00-05:00,2.0399999618530273,2.059999942779541,2.0299999713897705,2.0350000858306885,740276,0.0,0.0,BITF,15m
2026-02-23 10:15:00-05:00,2.0399999618530273,2.0450000762939453,2.0199999809265137,2.0299999713897705,705248,0.0,0.0,BITF,15m
2026-02-23 10:30:00-05:00,2.033400058746338,2.049999952316284,2.0299999713897705,2.0450000762939453,196973,0.0,0.0,BITF,15m
2026-02-23 10:45:00-05:00,2.0492000579833984,2.0492000579833984,2.009999990463257,2.009999990463257,401796,0.0,0.0,BITF,15m
2026-02-23 11:00:00-05:00,2.01200008392334,2.0199999809265137,1.9900000095367432,2.005000114440918,539875,0.0,0.0,BITF,15m
2026-02-23 11:15:00-05:00,2.005000114440918,2.0199999809265137,2.0,2.015000104904175,419229,0.0,0.0,BITF,15m
2026-02-23 11:30:00-05:00,2.015000104904175,2.0199999809265137,2.0,2.0,242094,0.0,0.0,BITF,15m
2026-02-23 11:45:00-05:00,2.000200033187866,2.001199960708618,1.9700000286102295,1.975000023841858,378917,0.0,0.0,BITF,15m
2026-02-23 12:00:00-05:00,1.975000023841858,2.0,1.975000023841858,1.9900000095367432,318966,0.0,0.0,BITF,15m
2026-02-23 12:15:00-05:00,1.9900000095367432,1.998900055885315,1.9700000286102295,1.9700000286102295,854178,0.0,0.0,BITF,15m
2026-02-23 12:30:00-05:00,1.975000023841858,1.9850000143051147,1.9700000286102295,1.975000023841858,5428088,0.0,0.0,BITF,15m
2026-02-23 12:45:00-05:00,1.9701000452041626,1.9900000095367432,1.9700000286102295,1.9850000143051147,275867,0.0,0.0,BITF,15m
2026-02-23 13:00:00-05:00,1.98989999294281,2.0062999725341797,1.9800000190734863,2.005000114440918,339027,0.0,0.0,BITF,15m
2026-02-23 13:15:00-05:00,2.005000114440918,2.009999990463257,2.0,2.005000114440918,179488,0.0,0.0,BITF,15m
2026-02-23 13:30:00-05:00,2.005000114440918,2.0169999599456787,1.9900000095367432,2.0,6074640,0.0,0.0,BITF,15m
2026-02-23 13:45:00-05:00,2.004199981689453,2.0199999809265137,2.0,2.005000114440918,424023,0.0,0.0,BITF,15m
2026-02-23 14:00:00-05:00,2.005000114440918,2.0280001163482666,2.005000114440918,2.015000104904175,387317,0.0,0.0,BITF,15m
2026-02-23 14:15:00-05:00,2.015000104904175,2.01990008354187,2.0,2.0,420739,0.0,0.0,BITF,15m
2026-02-23 14:30:00-05:00,2.0,2.0199999809265137,2.0,2.01990008354187,836603,0.0,0.0,BITF,15m
2026-02-23 14:45:00-05:00,2.0199999809265137,2.049999952316284,2.0143001079559326,2.0423998832702637,823588,0.0,0.0,BITF,15m
2026-02-23 15:00:00-05:00,2.0399999618530273,2.049999952316284,2.0199999809265137,2.0250000953674316,747863,0.0,0.0,BITF,15m
2026-02-23 15:15:00-05:00,2.0201001167297363,2.0260000228881836,2.009999990463257,2.015000104904175,269033,0.0,0.0,BITF,15m
2026-02-23 15:30:00-05:00,2.009999990463257,2.0399999618530273,2.009999990463257,2.0350000858306885,442300,0.0,0.0,BITF,15m
2026-02-23 15:45:00-05:00,2.0299999713897705,2.0399999618530273,2.0299999713897705,2.0399999618530273,677173,0.0,0.0,BITF,15m
2026-02-24 09:30:00-05:00,1.9900000095367432,2.069999933242798,1.9900000095367432,2.065000057220459,2160315,0.0,0.0,BITF,15m
2026-02-24 09:45:00-05:00,2.0604000091552734,2.119999885559082,2.059999942779541,2.0950000286102295,1379616,0.0,0.0,BITF,15m
2026-02-24 10:00:00-05:00,2.090100049972534,2.134999990463257,2.0801000595092773,2.134999990463257,1483629,0.0,0.0,BITF,15m
2026-02-24 10:15:00-05:00,2.134999990463257,2.1500000953674316,2.130000114440918,2.130000114440918,640435,0.0,0.0,BITF,15m
2026-02-24 10:30:00-05:00,2.130000114440918,2.1600000858306885,2.119999885559082,2.119999885559082,837878,0.0,0.0,BITF,15m
2026-02-24 10:45:00-05:00,2.125,2.130000114440918,2.109999895095825,2.115000009536743,524837,0.0,0.0,BITF,15m
2026-02-24 11:00:00-05:00,2.115000009536743,2.13919997215271,2.109999895095825,2.1291000843048096,881254,0.0,0.0,BITF,15m
2026-02-24 11:15:00-05:00,2.1201000213623047,2.122999906539917,2.109999895095825,2.115000009536743,3948456,0.0,0.0,BITF,15m
2026-02-24 11:30:00-05:00,2.115000009536743,2.115000009536743,2.0903000831604004,2.0999999046325684,487467,0.0,0.0,BITF,15m
2026-02-24 11:45:00-05:00,2.0999999046325684,2.119999885559082,2.0999999046325684,2.119999885559082,282241,0.0,0.0,BITF,15m
2026-02-24 12:00:00-05:00,2.115000009536743,2.119999885559082,2.109999895095825,2.115000009536743,208756,0.0,0.0,BITF,15m
2026-02-24 12:15:00-05:00,2.115000009536743,2.119999885559082,2.0999999046325684,2.0999999046325684,382014,0.0,0.0,BITF,15m
2026-02-24 12:30:00-05:00,2.100800037384033,2.115000009536743,2.0999999046325684,2.1110999584198,276344,0.0,0.0,BITF,15m
2026-02-24 12:45:00-05:00,2.109999895095825,2.115000009536743,2.0950000286102295,2.1112000942230225,277911,0.0,0.0,BITF,15m
2026-02-24 13:00:00-05:00,2.109999895095825,2.119999885559082,2.0950000286102295,2.0999999046325684,596356,0.0,0.0,BITF,15m
2026-02-24 13:15:00-05:00,2.1050000190734863,2.140000104904175,2.100800037384033,2.134999990463257,495511,0.0,0.0,BITF,15m
2026-02-24 13:30:00-05:00,2.134999990463257,2.1600000858306885,2.130000114440918,2.1549999713897705,825586,0.0,0.0,BITF,15m
2026-02-24 13:45:00-05:00,2.155100107192993,2.190000057220459,2.150099992752075,2.1805999279022217,1479377,0.0,0.0,BITF,15m
2026-02-24 14:00:00-05:00,2.184999942779541,2.200000047683716,2.180000066757202,2.1800999641418457,1040812,0.0,0.0,BITF,15m
2026-02-24 14:15:00-05:00,2.1800999641418457,2.190000057220459,2.1700000762939453,2.170099973678589,647965,0.0,0.0,BITF,15m
2026-02-24 14:30:00-05:00,2.1719000339508057,2.2100000381469727,2.1700000762939453,2.200000047683716,765778,0.0,0.0,BITF,15m
2026-02-24 14:45:00-05:00,2.2046000957489014,2.2100000381469727,2.180000066757202,2.180000066757202,680863,0.0,0.0,BITF,15m
2026-02-24 15:00:00-05:00,2.184999942779541,2.190000057220459,2.1700000762939453,2.1700000762939453,322850,0.0,0.0,BITF,15m
2026-02-24 15:15:00-05:00,2.1700000762939453,2.190000057220459,2.1700000762939453,2.1700000762939453,451605,0.0,0.0,BITF,15m
2026-02-24 15:30:00-05:00,2.171799898147583,2.190000057220459,2.1700000762939453,2.180000066757202,293953,0.0,0.0,BITF,15m
2026-02-24 15:45:00-05:00,2.180000066757202,2.2100000381469727,2.180000066757202,2.2100000381469727,1428953,0.0,0.0,BITF,15m
2026-02-25 09:30:00-05:00,2.2850000858306885,2.3299999237060547,2.259999990463257,2.2750000953674316,2620457,0.0,0.0,BITF,15m
2026-02-25 09:45:00-05:00,2.273699998855591,2.3550000190734863,2.2699999809265137,2.3210999965667725,3511737,0.0,0.0,BITF,15m
2026-02-25 10:00:00-05:00,2.3203999996185303,2.3399999141693115,2.299999952316284,2.325000047683716,1306474,0.0,0.0,BITF,15m
2026-02-25 10:15:00-05:00,2.325000047683716,2.3399999141693115,2.2899999618530273,2.315000057220459,824006,0.0,0.0,BITF,15m
2026-02-25 10:30:00-05:00,2.315000057220459,2.319999933242798,2.2899999618530273,2.305000066757202,590478,0.0,0.0,BITF,15m
2026-02-25 10:45:00-05:00,2.305000066757202,2.329900026321411,2.299999952316284,2.328700065612793,1259144,0.0,0.0,BITF,15m
2026-02-25 11:00:00-05:00,2.3285999298095703,2.3299999237060547,2.309999942779541,2.319999933242798,1206152,0.0,0.0,BITF,15m
2026-02-25 11:15:00-05:00,2.3199000358581543,2.3399999141693115,2.3108999729156494,2.3399999141693115,8716545,0.0,0.0,BITF,15m
2026-02-25 11:30:00-05:00,2.3350000381469727,2.3499999046325684,2.3350000381469727,2.349900007247925,266343,0.0,0.0,BITF,15m
2026-02-25 11:45:00-05:00,2.3450000286102295,2.390000104904175,2.3399999141693115,2.390000104904175,9936648,0.0,0.0,BITF,15m
2026-02-25 12:00:00-05:00,2.390000104904175,2.4000000953674316,2.3499999046325684,2.380000114440918,632086,0.0,0.0,BITF,15m
2026-02-25 12:15:00-05:00,2.374000072479248,2.380000114440918,2.3450000286102295,2.3499999046325684,885699,0.0,0.0,BITF,15m
2026-02-25 12:30:00-05:00,2.349100112915039,2.359999895095825,2.3399999141693115,2.3450000286102295,702565,0.0,0.0,BITF,15m
2026-02-25 12:45:00-05:00,2.3450000286102295,2.3650999069213867,2.3450000286102295,2.365000009536743,11075200,0.0,0.0,BITF,15m
2026-02-25 13:00:00-05:00,2.365000009536743,2.380000114440918,2.3399999141693115,2.375,590463,0.0,0.0,BITF,15m
2026-02-25 13:15:00-05:00,2.375,2.375,2.359999895095825,2.369999885559082,337539,0.0,0.0,BITF,15m
2026-02-25 13:30:00-05:00,2.369999885559082,2.390000104904175,2.359999895095825,2.3798999786376953,776104,0.0,0.0,BITF,15m
2026-02-25 13:45:00-05:00,2.380000114440918,2.3949999809265137,2.369999885559082,2.390000104904175,604877,0.0,0.0,BITF,15m
2026-02-25 14:00:00-05:00,2.390000104904175,2.390000104904175,2.3499999046325684,2.3550000190734863,959344,0.0,0.0,BITF,15m
2026-02-25 14:15:00-05:00,2.3550000190734863,2.369999885559082,2.3499999046325684,2.366300106048584,486434,0.0,0.0,BITF,15m
2026-02-25 14:30:00-05:00,2.365000009536743,2.380000114440918,2.359999895095825,2.375,373957,0.0,0.0,BITF,15m
2026-02-25 14:45:00-05:00,2.380000114440918,2.3958001136779785,2.369999885559082,2.384999990463257,674457,0.0,0.0,BITF,15m
2026-02-25 15:00:00-05:00,2.384999990463257,2.390000104904175,2.3499999046325684,2.3550000190734863,667372,0.0,0.0,BITF,15m
2026-02-25 15:15:00-05:00,2.3550000190734863,2.359999895095825,2.319999933242798,2.319999933242798,565040,0.0,0.0,BITF,15m
2026-02-25 15:30:00-05:00,2.325000047683716,2.349900007247925,2.319999933242798,2.3299999237060547,636162,0.0,0.0,BITF,15m
2026-02-25 15:45:00-05:00,2.3299999237060547,2.3299999237060547,2.2899999618530273,2.309999942779541,1718683,0.0,0.0,BITF,15m
2026-02-26 09:30:00-05:00,2.299999952316284,2.359999895095825,2.299999952316284,2.3299999237060547,1253625,0.0,0.0,BITF,15m
2026-02-26 09:45:00-05:00,2.339900016784668,2.339900016784668,2.2899999618530273,2.315000057220459,2349176,0.0,0.0,BITF,15m
2026-02-26 10:00:00-05:00,2.319999933242798,2.3350000381469727,2.309999942779541,2.314500093460083,2261036,0.0,0.0,BITF,15m
2026-02-26 10:15:00-05:00,2.315000057220459,2.315000057220459,2.2699999809265137,2.2950000762939453,1067697,0.0,0.0,BITF,15m
2026-02-26 10:30:00-05:00,2.299999952316284,2.3399999141693115,2.2899999618530273,2.3350000381469727,501248,0.0,0.0,BITF,15m
2026-02-26 10:45:00-05:00,2.3350000381469727,2.3499999046325684,2.315000057220459,2.338200092315674,3472233,0.0,0.0,BITF,15m
2026-02-26 11:00:00-05:00,2.3350000381469727,2.3399999141693115,2.319999933242798,2.325000047683716,451673,0.0,0.0,BITF,15m
2026-02-26 11:15:00-05:00,2.325000047683716,2.3399999141693115,2.319999933242798,2.3303000926971436,578003,0.0,0.0,BITF,15m
2026-02-26 11:30:00-05:00,2.3350000381469727,2.338900089263916,2.309999942779541,2.3180999755859375,416934,0.0,0.0,BITF,15m
2026-02-26 11:45:00-05:00,2.315000057220459,2.319999933242798,2.2799999713897705,2.2899999618530273,4609555,0.0,0.0,BITF,15m
2026-02-26 12:00:00-05:00,2.2850000858306885,2.309999942779541,2.2799999713897705,2.287899971008301,651641,0.0,0.0,BITF,15m
2026-02-26 12:15:00-05:00,2.2799999713897705,2.2899999618530273,2.2699999809265137,2.2718000411987305,469179,0.0,0.0,BITF,15m
2026-02-26 12:30:00-05:00,2.2699999809265137,2.299999952316284,2.2699999809265137,2.2711000442504883,658209,0.0,0.0,BITF,15m
2026-02-26 12:45:00-05:00,2.2699999809265137,2.2799999713897705,2.259999990463257,2.26990008354187,511022,0.0,0.0,BITF,15m
2026-02-26 13:00:00-05:00,2.265000104904175,2.2790000438690186,2.25,2.2600998878479004,449504,0.0,0.0,BITF,15m
2026-02-26 13:15:00-05:00,2.265000104904175,2.2799999713897705,2.265000104904175,2.27020001411438,206463,0.0,0.0,BITF,15m
2026-02-26 13:30:00-05:00,2.2699999809265137,2.2899999618530273,2.265000104904175,2.2799999713897705,470871,0.0,0.0,BITF,15m
2026-02-26 13:45:00-05:00,2.2808001041412354,2.2899999618530273,2.2799999713897705,2.281100034713745,286337,0.0,0.0,BITF,15m
2026-02-26 14:00:00-05:00,2.2850000858306885,2.309999942779541,2.2799999713897705,2.305000066757202,623170,0.0,0.0,BITF,15m
2026-02-26 14:15:00-05:00,2.3099000453948975,2.315000057220459,2.2850000858306885,2.289799928665161,583847,0.0,0.0,BITF,15m
2026-02-26 14:30:00-05:00,2.289799928665161,2.309999942779541,2.2850000858306885,2.308500051498413,585600,0.0,0.0,BITF,15m
2026-02-26 14:45:00-05:00,2.3099000453948975,2.319999933242798,2.29010009765625,2.2980000972747803,723129,0.0,0.0,BITF,15m
2026-02-26 15:00:00-05:00,2.2950000762939453,2.319999933242798,2.2950000762939453,2.315000057220459,788324,0.0,0.0,BITF,15m
2026-02-26 15:15:00-05:00,2.309999942779541,2.3299999237060547,2.309999942779541,2.319999933242798,503011,0.0,0.0,BITF,15m
2026-02-26 15:30:00-05:00,2.325000047683716,2.3499999046325684,2.319999933242798,2.3350000381469727,660142,0.0,0.0,BITF,15m
2026-02-26 15:45:00-05:00,2.3399999141693115,2.3399999141693115,2.319999933242798,2.3299999237060547,1604205,0.0,0.0,BITF,15m
2026-02-27 09:30:00-05:00,2.255000114440918,2.259999990463257,2.2100000381469727,2.219099998474121,1353245,0.0,0.0,BITF,15m
2026-02-27 09:45:00-05:00,2.2149999141693115,2.2200000286102295,2.1700000762939453,2.1700000762939453,1033681,0.0,0.0,BITF,15m
2026-02-27 10:00:00-05:00,2.177999973297119,2.240000009536743,2.174999952316284,2.2200000286102295,837163,0.0,0.0,BITF,15m
2026-02-27 10:15:00-05:00,2.220099925994873,2.2249999046325684,2.200000047683716,2.2149999141693115,249344,0.0,0.0,BITF,15m
2026-02-27 10:30:00-05:00,2.219899892807007,2.234999895095825,2.200000047683716,2.220900058746338,654770,0.0,0.0,BITF,15m
2026-02-27 10:45:00-05:00,2.2230000495910645,2.2300000190734863,2.200000047683716,2.2049999237060547,448320,0.0,0.0,BITF,15m
2026-02-27 11:00:00-05:00,2.2049999237060547,2.2100000381469727,2.180000066757202,2.1989998817443848,616487,0.0,0.0,BITF,15m
2026-02-27 11:15:00-05:00,2.194999933242798,2.200000047683716,2.180000066757202,2.1898999214172363,441072,0.0,0.0,BITF,15m
2026-02-27 11:30:00-05:00,2.190000057220459,2.190000057220459,2.1500000953674316,2.1549999713897705,700561,0.0,0.0,BITF,15m
2026-02-27 11:45:00-05:00,2.159899950027466,2.159899950027466,2.130000114440918,2.1449999809265137,589230,0.0,0.0,BITF,15m
2026-02-27 12:00:00-05:00,2.1463000774383545,2.1798999309539795,2.1449999809265137,2.166599988937378,515704,0.0,0.0,BITF,15m
2026-02-27 12:15:00-05:00,2.1649999618530273,2.1698999404907227,2.1401000022888184,2.1549999713897705,4173862,0.0,0.0,BITF,15m
2026-02-27 12:30:00-05:00,2.1600000858306885,2.1700000762939453,2.1500000953674316,2.158400058746338,305358,0.0,0.0,BITF,15m
2026-02-27 12:45:00-05:00,2.1549999713897705,2.180000066757202,2.1549999713897705,2.174999952316284,323011,0.0,0.0,BITF,15m
2026-02-27 13:00:00-05:00,2.1798999309539795,2.180000066757202,2.1600000858306885,2.1600000858306885,199074,0.0,0.0,BITF,15m
2026-02-27 13:15:00-05:00,2.160799980163574,2.168299913406372,2.130000114440918,2.1449999809265137,262822,0.0,0.0,BITF,15m
2026-02-27 13:30:00-05:00,2.1489999294281006,2.1600000858306885,2.140000104904175,2.150099992752075,302146,0.0,0.0,BITF,15m
2026-02-27 13:45:00-05:00,2.1503000259399414,2.1549999713897705,2.140000104904175,2.140000104904175,294705,0.0,0.0,BITF,15m
2026-02-27 14:00:00-05:00,2.1414999961853027,2.1600000858306885,2.140000104904175,2.1449999809265137,253310,0.0,0.0,BITF,15m
2026-02-27 14:15:00-05:00,2.1403000354766846,2.15910005569458,2.140000104904175,2.143899917602539,360430,0.0,0.0,BITF,15m
2026-02-27 14:30:00-05:00,2.1449999809265137,2.1549999713897705,2.140000104904175,2.143699884414673,6617909,0.0,0.0,BITF,15m
2026-02-27 14:45:00-05:00,2.140000104904175,2.1500000953674316,2.134999990463257,2.140000104904175,268062,0.0,0.0,BITF,15m
2026-02-27 15:00:00-05:00,2.1449999809265137,2.174999952316284,2.140000104904175,2.174999952316284,453068,0.0,0.0,BITF,15m
2026-02-27 15:15:00-05:00,2.174999952316284,2.1898999214172363,2.170099973678589,2.180000066757202,475074,0.0,0.0,BITF,15m
2026-02-27 15:30:00-05:00,2.174999952316284,2.190000057220459,2.1700000762939453,2.1700000762939453,442359,0.0,0.0,BITF,15m
2026-02-27 15:45:00-05:00,2.174999952316284,2.2200000286102295,2.1605000495910645,2.2149999141693115,1601569,0.0,0.0,BITF,15m
2026-03-02 09:30:00-05:00,2.130000114440918,2.1700000762939453,2.119999885559082,2.1549999713897705,2139284,0.0,0.0,BITF,15m
2026-03-02 09:45:00-05:00,2.140000104904175,2.1600000858306885,2.109999895095825,2.1231000423431396,1190112,0.0,0.0,BITF,15m
2026-03-02 10:00:00-05:00,2.1289000511169434,2.240000009536743,2.109999895095825,2.2300000190734863,2222975,0.0,0.0,BITF,15m
2026-03-02 10:15:00-05:00,2.2320001125335693,2.2383999824523926,2.180000066757202,2.184999942779541,1050367,0.0,0.0,BITF,15m
2026-03-02 10:30:00-05:00,2.190000057220459,2.2100000381469727,2.1700000762939453,2.2049999237060547,1043289,0.0,0.0,BITF,15m
2026-03-02 10:45:00-05:00,2.2049999237060547,2.2200000286102295,2.200000047683716,2.2149999141693115,5520409,0.0,0.0,BITF,15m
2026-03-02 11:00:00-05:00,2.2111001014709473,2.2300000190734863,2.200000047683716,2.2049999237060547,1081576,0.0,0.0,BITF,15m
2026-03-02 11:15:00-05:00,2.2100000381469727,2.2149999141693115,2.180000066757202,2.180000066757202,6269522,0.0,0.0,BITF,15m
2026-03-02 11:30:00-05:00,2.190000057220459,2.2200000286102295,2.180000066757202,2.2149999141693115,5674987,0.0,0.0,BITF,15m
2026-03-02 11:45:00-05:00,2.2149999141693115,2.2200000286102295,2.180000066757202,2.190000057220459,880314,0.0,0.0,BITF,15m
2026-03-02 12:00:00-05:00,2.1898999214172363,2.190000057220459,2.1600000858306885,2.174999952316284,757720,0.0,0.0,BITF,15m
2026-03-02 12:15:00-05:00,2.174999952316284,2.180000066757202,2.1600000858306885,2.1603000164031982,378245,0.0,0.0,BITF,15m
2026-03-02 12:30:00-05:00,2.1600000858306885,2.1700000762939453,2.140000104904175,2.1449999809265137,673654,0.0,0.0,BITF,15m
2026-03-02 12:45:00-05:00,2.1449999809265137,2.1600000858306885,2.140000104904175,2.1549999713897705,7302866,0.0,0.0,BITF,15m
2026-03-02 13:00:00-05:00,2.1549999713897705,2.1600000858306885,2.140000104904175,2.1549999713897705,301136,0.0,0.0,BITF,15m
2026-03-02 13:15:00-05:00,2.1549999713897705,2.1600000858306885,2.1401000022888184,2.1549999713897705,633435,0.0,0.0,BITF,15m
2026-03-02 13:30:00-05:00,2.1600000858306885,2.1600000858306885,2.1500000953674316,2.157099962234497,173454,0.0,0.0,BITF,15m
2026-03-02 13:45:00-05:00,2.1593000888824463,2.1600000858306885,2.130000114440918,2.1449999809265137,433282,0.0,0.0,BITF,15m
2026-03-02 14:00:00-05:00,2.1449999809265137,2.1500000953674316,2.130000114440918,2.1394999027252197,660015,0.0,0.0,BITF,15m
2026-03-02 14:15:00-05:00,2.1394999027252197,2.1600000858306885,2.1394999027252197,2.1549999713897705,620445,0.0,0.0,BITF,15m
2026-03-02 14:30:00-05:00,2.150099992752075,2.1700000762939453,2.140000104904175,2.1449999809265137,568003,0.0,0.0,BITF,15m
2026-03-02 14:45:00-05:00,2.1449999809265137,2.159899950027466,2.1201000213623047,2.125,576196,0.0,0.0,BITF,15m
2026-03-02 15:00:00-05:00,2.119999885559082,2.140000104904175,2.109999895095825,2.115000009536743,11117148,0.0,0.0,BITF,15m
2026-03-02 15:15:00-05:00,2.1198999881744385,2.1449999809265137,2.115000009536743,2.134999990463257,870978,0.0,0.0,BITF,15m
2026-03-02 15:30:00-05:00,2.134999990463257,2.1649999618530273,2.134999990463257,2.160099983215332,924237,0.0,0.0,BITF,15m
2026-03-02 15:45:00-05:00,2.160099983215332,2.1796998977661133,2.140000104904175,2.1449999809265137,2621483,0.0,0.0,BITF,15m
2026-03-03 09:30:00-05:00,2.0450000762939453,2.069999933242798,2.0,2.005000114440918,3095021,0.0,0.0,BITF,15m
2026-03-03 09:45:00-05:00,2.005000114440918,2.0199999809265137,1.9900000095367432,1.9901000261306763,1065621,0.0,0.0,BITF,15m
2026-03-03 10:00:00-05:00,1.9950000047683716,2.005000114440918,1.9800000190734863,1.9950000047683716,1409353,0.0,0.0,BITF,15m
2026-03-03 10:15:00-05:00,1.9950000047683716,2.0,1.940000057220459,1.9450000524520874,1606660,0.0,0.0,BITF,15m
2026-03-03 10:30:00-05:00,1.9450000524520874,1.9900000095367432,1.940000057220459,1.9799000024795532,1534242,0.0,0.0,BITF,15m
2026-03-03 10:45:00-05:00,1.9800000190734863,1.9900000095367432,1.9706000089645386,1.9896999597549438,1155116,0.0,0.0,BITF,15m
2026-03-03 11:00:00-05:00,1.9889999628067017,2.0299999713897705,1.9810999631881714,2.009999990463257,1816111,0.0,0.0,BITF,15m
2026-03-03 11:15:00-05:00,2.015000104904175,2.0299999713897705,2.005000114440918,2.009999990463257,1317592,0.0,0.0,BITF,15m
2026-03-03 11:30:00-05:00,2.009999990463257,2.01990008354187,1.9800000190734863,1.9800000190734863,1393103,0.0,0.0,BITF,15m
2026-03-03 11:45:00-05:00,1.9889999628067017,2.0,1.9800000190734863,1.9900000095367432,566720,0.0,0.0,BITF,15m
2026-03-03 12:00:00-05:00,1.9983999729156494,1.9983999729156494,1.971500039100647,1.9900000095367432,432006,0.0,0.0,BITF,15m
2026-03-03 12:15:00-05:00,1.9900000095367432,2.009999990463257,1.9800000190734863,1.9950000047683716,1076230,0.0,0.0,BITF,15m
2026-03-03 12:30:00-05:00,1.9950000047683716,2.0,1.9800000190734863,1.9950000047683716,495052,0.0,0.0,BITF,15m
2026-03-03 12:45:00-05:00,1.9950000047683716,2.018699884414673,1.9901000261306763,2.0100998878479004,365254,0.0,0.0,BITF,15m
2026-03-03 13:00:00-05:00,2.015000104904175,2.0299999713897705,2.009999990463257,2.015000104904175,512338,0.0,0.0,BITF,15m
2026-03-03 13:15:00-05:00,2.0199999809265137,2.049999952316284,2.0199999809265137,2.0350000858306885,548983,0.0,0.0,BITF,15m
2026-03-03 13:30:00-05:00,2.0350000858306885,2.0450000762939453,2.0299999713897705,2.0332999229431152,652363,0.0,0.0,BITF,15m
2026-03-03 13:45:00-05:00,2.030100107192993,2.0450000762939453,2.0199999809265137,2.0250000953674316,935727,0.0,0.0,BITF,15m
2026-03-03 14:00:00-05:00,2.0250000953674316,2.0299999713897705,2.0000998973846436,2.015000104904175,689360,0.0,0.0,BITF,15m
2026-03-03 14:15:00-05:00,2.0129001140594482,2.0299999713897705,2.009999990463257,2.009999990463257,515805,0.0,0.0,BITF,15m
2026-03-03 14:30:00-05:00,2.015000104904175,2.0299999713897705,2.0,2.0199999809265137,1183255,0.0,0.0,BITF,15m
2026-03-03 14:45:00-05:00,2.0250000953674316,2.0399999618530273,2.0100998878479004,2.015000104904175,1478201,0.0,0.0,BITF,15m
2026-03-03 15:00:00-05:00,2.015000104904175,2.0299999713897705,2.005000114440918,2.009999990463257,713508,0.0,0.0,BITF,15m
2026-03-03 15:15:00-05:00,2.005000114440918,2.0199999809265137,2.0023999214172363,2.015000104904175,673155,0.0,0.0,BITF,15m
2026-03-03 15:30:00-05:00,2.0199999809265137,2.0199999809265137,2.0000998973846436,2.0195999145507812,1433974,0.0,0.0,BITF,15m
2026-03-03 15:45:00-05:00,2.0199999809265137,2.0199999809265137,1.9800000190734863,1.9850000143051147,2155350,0.0,0.0,BITF,15m
2026-03-04 09:30:00-05:00,2.0899999141693115,2.174999952316284,2.0899999141693115,2.1203999519348145,3853978,0.0,0.0,BITF,15m
2026-03-04 09:45:00-05:00,2.119999885559082,2.1600000858306885,2.109999895095825,2.130000114440918,1493060,0.0,0.0,BITF,15m
2026-03-04 10:00:00-05:00,2.140000104904175,2.180000066757202,2.130000114440918,2.1549999713897705,1364536,0.0,0.0,BITF,15m
2026-03-04 10:15:00-05:00,2.1600000858306885,2.200000047683716,2.1549999713897705,2.200000047683716,1434591,0.0,0.0,BITF,15m
2026-03-04 10:30:00-05:00,2.199899911880493,2.200000047683716,2.180000066757202,2.180000066757202,990459,0.0,0.0,BITF,15m
2026-03-04 10:45:00-05:00,2.184999942779541,2.2200000286102295,2.180000066757202,2.219899892807007,1634261,0.0,0.0,BITF,15m
2026-03-04 11:00:00-05:00,2.2149999141693115,2.234999895095825,2.180000066757202,2.184999942779541,2077194,0.0,0.0,BITF,15m
2026-03-04 11:15:00-05:00,2.186500072479248,2.2100000381469727,2.180000066757202,2.194999933242798,1159444,0.0,0.0,BITF,15m
2026-03-04 11:30:00-05:00,2.190000057220459,2.200000047683716,2.180000066757202,2.1905999183654785,1071191,0.0,0.0,BITF,15m
2026-03-04 11:45:00-05:00,2.190000057220459,2.2200000286102295,2.190000057220459,2.2200000286102295,965659,0.0,0.0,BITF,15m
2026-03-04 12:00:00-05:00,2.2149999141693115,2.240000009536743,2.2100000381469727,2.2265000343322754,987841,0.0,0.0,BITF,15m
2026-03-04 12:15:00-05:00,2.2216999530792236,2.240000009536743,2.2200000286102295,2.2218000888824463,711617,0.0,0.0,BITF,15m
2026-03-04 12:30:00-05:00,2.2249999046325684,2.2300000190734863,2.2200000286102295,2.2200000286102295,405606,0.0,0.0,BITF,15m
2026-03-04 12:45:00-05:00,2.2214999198913574,2.240000009536743,2.2200000286102295,2.2300000190734863,436515,0.0,0.0,BITF,15m
2026-03-04 13:00:00-05:00,2.234999895095825,2.25,2.2218000888824463,2.234999895095825,1211515,0.0,0.0,BITF,15m
2026-03-04 13:15:00-05:00,2.234999895095825,2.2699999809265137,2.23009991645813,2.259999990463257,1434780,0.0,0.0,BITF,15m
2026-03-04 13:30:00-05:00,2.2600998878479004,2.2750000953674316,2.25,2.259700059890747,1618048,0.0,0.0,BITF,15m
2026-03-04 13:45:00-05:00,2.2502999305725098,2.259999990463257,2.240000009536743,2.2400999069213867,494514,0.0,0.0,BITF,15m
2026-03-04 14:00:00-05:00,2.244999885559082,2.259999990463257,2.240000009536743,2.255000114440918,701941,0.0,0.0,BITF,15m
2026-03-04 14:15:00-05:00,2.257699966430664,2.2699999809265137,2.25,2.25,1145744,0.0,0.0,BITF,15m
2026-03-04 14:30:00-05:00,2.255000114440918,2.259999990463257,2.2400999069213867,2.2595999240875244,1260481,0.0,0.0,BITF,15m
2026-03-04 14:45:00-05:00,2.255000114440918,2.2699999809265137,2.2500998973846436,2.26990008354187,1056805,0.0,0.0,BITF,15m
2026-03-04 15:00:00-05:00,2.265000104904175,2.2699999809265137,2.25,2.259999990463257,624636,0.0,0.0,BITF,15m
2026-03-04 15:15:00-05:00,2.2692999839782715,2.2799999713897705,2.25,2.268399953842163,1907069,0.0,0.0,BITF,15m
2026-03-04 15:30:00-05:00,2.259999990463257,2.299999952316284,2.259999990463257,2.271199941635132,1697116,0.0,0.0,BITF,15m
2026-03-04 15:45:00-05:00,2.2750000953674316,2.2799999713897705,2.240000009536743,2.25,2118119,0.0,0.0,BITF,15m
2026-03-05 09:30:00-05:00,2.194999933242798,2.240000009536743,2.180000066757202,2.196199893951416,2069977,0.0,0.0,BITF,15m
2026-03-05 09:45:00-05:00,2.200000047683716,2.2799999713897705,2.190000057220459,2.265000104904175,1191258,0.0,0.0,BITF,15m
2026-03-05 10:00:00-05:00,2.265000104904175,2.299999952316284,2.2200000286102295,2.244999885559082,1754283,0.0,0.0,BITF,15m
2026-03-05 10:15:00-05:00,2.244999885559082,2.258500099182129,2.2300000190734863,2.2300000190734863,891043,0.0,0.0,BITF,15m
2026-03-05 10:30:00-05:00,2.230299949645996,2.240000009536743,2.2126998901367188,2.2249999046325684,1118833,0.0,0.0,BITF,15m
2026-03-05 10:45:00-05:00,2.2249999046325684,2.240000009536743,2.200000047683716,2.2049999237060547,1008936,0.0,0.0,BITF,15m
2026-03-05 11:00:00-05:00,2.2049999237060547,2.219899892807007,2.1700000762939453,2.190000057220459,1006563,0.0,0.0,BITF,15m
2026-03-05 11:15:00-05:00,2.1898999214172363,2.190000057220459,2.1700000762939453,2.1802000999450684,1599854,0.0,0.0,BITF,15m
2026-03-05 11:30:00-05:00,2.184999942779541,2.200000047683716,2.180000066757202,2.184999942779541,642600,0.0,0.0,BITF,15m
2026-03-05 11:45:00-05:00,2.190000057220459,2.200000047683716,2.180000066757202,2.194999933242798,687069,0.0,0.0,BITF,15m
2026-03-05 12:00:00-05:00,2.194999933242798,2.2200000286102295,2.190000057220459,2.190000057220459,991844,0.0,0.0,BITF,15m
2026-03-05 12:15:00-05:00,2.1900999546051025,2.194999933242798,2.1600000858306885,2.1649999618530273,1190615,0.0,0.0,BITF,15m
2026-03-05 12:30:00-05:00,2.160099983215332,2.1649999618530273,2.140000104904175,2.1449999809265137,1168833,0.0,0.0,BITF,15m
2026-03-05 12:45:00-05:00,2.1449999809265137,2.1500000953674316,2.119999885559082,2.125,753748,0.0,0.0,BITF,15m
2026-03-05 13:00:00-05:00,2.120500087738037,2.1600000858306885,2.119999885559082,2.1510000228881836,760470,0.0,0.0,BITF,15m
2026-03-05 13:15:00-05:00,2.1549999713897705,2.1600000858306885,2.130000114440918,2.1449999809265137,814484,0.0,0.0,BITF,15m
2026-03-05 13:30:00-05:00,2.1449999809265137,2.1600000858306885,2.140000104904175,2.1549999713897705,621884,0.0,0.0,BITF,15m
2026-03-05 13:45:00-05:00,2.1549999713897705,2.1549999713897705,2.140000104904175,2.1449999809265137,417439,0.0,0.0,BITF,15m
2026-03-05 14:00:00-05:00,2.1449999809265137,2.180000066757202,2.140000104904175,2.1798999309539795,1192292,0.0,0.0,BITF,15m
2026-03-05 14:15:00-05:00,2.174999952316284,2.180000066757202,2.1619999408721924,2.1649999618530273,875699,0.0,0.0,BITF,15m
2026-03-05 14:30:00-05:00,2.1649999618530273,2.180000066757202,2.1600000858306885,2.1649999618530273,374966,0.0,0.0,BITF,15m
2026-03-05 14:45:00-05:00,2.1700000762939453,2.190000057220459,2.1600000858306885,2.1600000858306885,953969,0.0,0.0,BITF,15m
2026-03-05 15:00:00-05:00,2.1614999771118164,2.184999942779541,2.1600000858306885,2.174999952316284,903103,0.0,0.0,BITF,15m
2026-03-05 15:15:00-05:00,2.174999952316284,2.2100000381469727,2.1714999675750732,2.200000047683716,762856,0.0,0.0,BITF,15m
2026-03-05 15:30:00-05:00,2.2070000171661377,2.2200000286102295,2.200000047683716,2.203399896621704,904443,0.0,0.0,BITF,15m
2026-03-05 15:45:00-05:00,2.200000047683716,2.2300000190734863,2.190000057220459,2.2200000286102295,1450031,0.0,0.0,BITF,15m
2026-03-06 09:30:00-05:00,2.119999885559082,2.139899969100952,2.059999942779541,2.0810000896453857,4450757,0.0,0.0,BITF,15m
2026-03-06 09:45:00-05:00,2.08870005607605,2.0999999046325684,2.0399999618530273,2.0599000453948975,2666776,0.0,0.0,BITF,15m
2026-03-06 10:00:00-05:00,2.0599000453948975,2.099100112915039,2.053999900817871,2.0950000286102295,1102357,0.0,0.0,BITF,15m
2026-03-06 10:15:00-05:00,2.0950000286102295,2.130000114440918,2.0899999141693115,2.1012001037597656,1597303,0.0,0.0,BITF,15m
2026-03-06 10:30:00-05:00,2.0999999046325684,2.1198999881744385,2.0899999141693115,2.090100049972534,607656,0.0,0.0,BITF,15m
2026-03-06 10:45:00-05:00,2.0899999141693115,2.0950000286102295,2.059999942779541,2.089900016784668,1293014,0.0,0.0,BITF,15m
2026-03-06 11:00:00-05:00,2.0850000381469727,2.0899999141693115,2.0601000785827637,2.065000057220459,756527,0.0,0.0,BITF,15m
2026-03-06 11:15:00-05:00,2.069999933242798,2.0897998809814453,2.065000057220459,2.0850000381469727,760730,0.0,0.0,BITF,15m
2026-03-06 11:30:00-05:00,2.0850000381469727,2.0899999141693115,2.069999933242798,2.0850000381469727,764606,0.0,0.0,BITF,15m
2026-03-06 11:45:00-05:00,2.0850000381469727,2.0899999141693115,2.069999933242798,2.0799999237060547,557189,0.0,0.0,BITF,15m
2026-03-06 12:00:00-05:00,2.0799999237060547,2.089900016784668,2.059999942779541,2.059999942779541,1349177,0.0,0.0,BITF,15m
2026-03-06 12:15:00-05:00,2.0660998821258545,2.0797998905181885,2.049999952316284,2.055000066757202,612369,0.0,0.0,BITF,15m
2026-03-06 12:30:00-05:00,2.055000066757202,2.069999933242798,2.0299999713897705,2.039799928665161,764496,0.0,0.0,BITF,15m
2026-03-06 12:45:00-05:00,2.0399999618530273,2.059999942779541,2.0350000858306885,2.055000066757202,481896,0.0,0.0,BITF,15m
2026-03-06 13:00:00-05:00,2.0599000453948975,2.0799999237060547,2.050800085067749,2.0799999237060547,605129,0.0,0.0,BITF,15m
2026-03-06 13:15:00-05:00,2.0790998935699463,2.0799999237060547,2.065000057220459,2.06850004196167,135937,0.0,0.0,BITF,15m
2026-03-06 13:30:00-05:00,2.060499906539917,2.0799999237060547,2.0601000785827637,2.069999933242798,394295,0.0,0.0,BITF,15m
2026-03-06 13:45:00-05:00,2.069999933242798,2.069999933242798,2.049999952316284,2.049999952316284,396912,0.0,0.0,BITF,15m
2026-03-06 14:00:00-05:00,2.059999942779541,2.069999933242798,2.0399999618530273,2.065000057220459,513531,0.0,0.0,BITF,15m
2026-03-06 14:15:00-05:00,2.059999942779541,2.069999933242798,2.049999952316284,2.055000066757202,442844,0.0,0.0,BITF,15m
2026-03-06 14:30:00-05:00,2.050800085067749,2.069999933242798,2.049999952316284,2.055000066757202,682864,0.0,0.0,BITF,15m
2026-03-06 14:45:00-05:00,2.055000066757202,2.059999942779541,2.049999952316284,2.0564000606536865,703938,0.0,0.0,BITF,15m
2026-03-06 15:00:00-05:00,2.055000066757202,2.069999933242798,2.0299999713897705,2.0299999713897705,1585083,0.0,0.0,BITF,15m
2026-03-06 15:15:00-05:00,2.0299999713897705,2.0399999618530273,2.009999990463257,2.009999990463257,954551,0.0,0.0,BITF,15m
2026-03-06 15:30:00-05:00,2.009999990463257,2.049999952316284,2.0,2.0399999618530273,1820668,0.0,0.0,BITF,15m
2026-03-06 15:45:00-05:00,2.0399999618530273,2.0399999618530273,2.0299999713897705,2.0350000858306885,922052,0.0,0.0,BITF,15m
2026-03-09 09:30:00-04:00,2.0299999713897705,2.049999952316284,1.9700000286102295,2.009999990463257,3365397,0.0,0.0,BITF,15m
2026-03-09 09:45:00-04:00,2.0188000202178955,2.0399999618530273,1.9800000190734863,1.9900000095367432,1571164,0.0,0.0,BITF,15m
2026-03-09 10:00:00-04:00,1.9950000047683716,2.0185000896453857,1.9800000190734863,2.005000114440918,3699469,0.0,0.0,BITF,15m
2026-03-09 10:15:00-04:00,2.0,2.0999999046325684,2.0,2.081700086593628,3208934,0.0,0.0,BITF,15m
2026-03-09 10:30:00-04:00,2.0899999141693115,2.0999999046325684,2.069999933242798,2.0799999237060547,1725225,0.0,0.0,BITF,15m
2026-03-09 10:45:00-04:00,2.069999933242798,2.079200029373169,2.0399999618530273,2.0450000762939453,969192,0.0,0.0,BITF,15m
2026-03-09 11:00:00-04:00,2.049999952316284,2.059999942779541,2.0399999618530273,2.055000066757202,643605,0.0,0.0,BITF,15m
2026-03-09 11:15:00-04:00,2.059999942779541,2.059999942779541,2.0399999618530273,2.0450000762939453,1043794,0.0,0.0,BITF,15m
2026-03-09 11:30:00-04:00,2.0450000762939453,2.049999952316284,2.0299999713897705,2.0350000858306885,442456,0.0,0.0,BITF,15m
2026-03-09 11:45:00-04:00,2.0350000858306885,2.049999952316284,2.0299999713897705,2.0450000762939453,381309,0.0,0.0,BITF,15m
2026-03-09 12:00:00-04:00,2.0499000549316406,2.059999942779541,2.0399999618530273,2.0450000762939453,552213,0.0,0.0,BITF,15m
2026-03-09 12:15:00-04:00,2.0450000762939453,2.069999933242798,2.0350000858306885,2.0611000061035156,724550,0.0,0.0,BITF,15m
2026-03-09 12:30:00-04:00,2.065000057220459,2.069999933242798,2.050100088119507,2.0699000358581543,731378,0.0,0.0,BITF,15m
2026-03-09 12:45:00-04:00,2.065000057220459,2.0799999237060547,2.059999942779541,2.075000047683716,548140,0.0,0.0,BITF,15m
2026-03-09 13:00:00-04:00,2.075000047683716,2.0799999237060547,2.059999942779541,2.065000057220459,351399,0.0,0.0,BITF,15m
2026-03-09 13:15:00-04:00,2.059999942779541,2.0699000358581543,2.0399999618530273,2.0450000762939453,418375,0.0,0.0,BITF,15m
2026-03-09 13:30:00-04:00,2.0450000762939453,2.049999952316284,2.0299999713897705,2.0450000762939453,652123,0.0,0.0,BITF,15m
2026-03-09 13:45:00-04:00,2.0450000762939453,2.059999942779541,2.0399999618530273,2.055000066757202,524129,0.0,0.0,BITF,15m
2026-03-09 14:00:00-04:00,2.055000066757202,2.069999933242798,2.0450000762939453,2.065000057220459,591945,0.0,0.0,BITF,15m
2026-03-09 14:15:00-04:00,2.0601999759674072,2.0799999237060547,2.0601999759674072,2.069999933242798,1305807,0.0,0.0,BITF,15m
2026-03-09 14:30:00-04:00,2.069999933242798,2.0799999237060547,2.059999942779541,2.065000057220459,583169,0.0,0.0,BITF,15m
2026-03-09 14:45:00-04:00,2.059999942779541,2.069999933242798,2.0399999618530273,2.0450000762939453,327871,0.0,0.0,BITF,15m
2026-03-09 15:00:00-04:00,2.0450000762939453,2.055000066757202,2.0399999618530273,2.0450000762939453,671600,0.0,0.0,BITF,15m
2026-03-09 15:15:00-04:00,2.0399999618530273,2.119999885559082,2.0399999618530273,2.115000009536743,1939152,0.0,0.0,BITF,15m
2026-03-09 15:30:00-04:00,2.1150999069213867,2.119999885559082,2.0999999046325684,2.115000009536743,1078549,0.0,0.0,BITF,15m
2026-03-09 15:45:00-04:00,2.110300064086914,2.1161000728607178,2.0899999141693115,2.1050000190734863,1174132,0.0,0.0,BITF,15m
2026-03-10 09:30:00-04:00,2.130000114440918,2.159600019454956,2.115000009536743,2.1301000118255615,2387513,0.0,0.0,BITF,15m
2026-03-10 09:45:00-04:00,2.134999990463257,2.2095999717712402,2.119999885559082,2.1726999282836914,1429867,0.0,0.0,BITF,15m
2026-03-10 10:00:00-04:00,2.170300006866455,2.2149999141693115,2.1700000762939453,2.1710000038146973,1843549,0.0,0.0,BITF,15m
2026-03-10 10:15:00-04:00,2.174999952316284,2.190000057220459,2.1649999618530273,2.174999952316284,734174,0.0,0.0,BITF,15m
2026-03-10 10:30:00-04:00,2.1798999309539795,2.2100000381469727,2.1700000762939453,2.2100000381469727,1385036,0.0,0.0,BITF,15m
2026-03-10 10:45:00-04:00,2.2084999084472656,2.2300000190734863,2.200000047683716,2.2269999980926514,1012418,0.0,0.0,BITF,15m
2026-03-10 11:00:00-04:00,2.2300000190734863,2.2300000190734863,2.200000047683716,2.220099925994873,719799,0.0,0.0,BITF,15m
2026-03-10 11:15:00-04:00,2.2200000286102295,2.25,2.2100000381469727,2.244999885559082,1069615,0.0,0.0,BITF,15m
2026-03-10 11:30:00-04:00,2.240000009536743,2.25,2.2300000190734863,2.240000009536743,754458,0.0,0.0,BITF,15m
2026-03-10 11:45:00-04:00,2.2332000732421875,2.25,2.2300000190734863,2.234999895095825,1223450,0.0,0.0,BITF,15m
2026-03-10 12:00:00-04:00,2.2300000190734863,2.2499001026153564,2.2100000381469727,2.2399001121520996,2331245,0.0,0.0,BITF,15m
2026-03-10 12:15:00-04:00,2.239799976348877,2.2699999809265137,2.2300000190734863,2.25,988543,0.0,0.0,BITF,15m
2026-03-10 12:30:00-04:00,2.244999885559082,2.2599000930786133,2.240000009536743,2.2427000999450684,702960,0.0,0.0,BITF,15m
2026-03-10 12:45:00-04:00,2.242500066757202,2.25,2.23009991645813,2.244999885559082,1254232,0.0,0.0,BITF,15m
2026-03-10 13:00:00-04:00,2.25,2.25,2.234999895095825,2.234999895095825,273193,0.0,0.0,BITF,15m
2026-03-10 13:15:00-04:00,2.240000009536743,2.2497000694274902,2.2300000190734863,2.240000009536743,545642,0.0,0.0,BITF,15m
2026-03-10 13:30:00-04:00,2.239000082015991,2.239000082015991,2.210099935531616,2.2149999141693115,307977,0.0,0.0,BITF,15m
2026-03-10 13:45:00-04:00,2.2200000286102295,2.234999895095825,2.200000047683716,2.2100000381469727,820263,0.0,0.0,BITF,15m
2026-03-10 14:00:00-04:00,2.2093000411987305,2.2100000381469727,2.1600000858306885,2.1649999618530273,442468,0.0,0.0,BITF,15m
2026-03-10 14:15:00-04:00,2.1649999618530273,2.190000057220459,2.1603000164031982,2.1800999641418457,710943,0.0,0.0,BITF,15m
2026-03-10 14:30:00-04:00,2.180000066757202,2.200000047683716,2.1712000370025635,2.184999942779541,903810,0.0,0.0,BITF,15m
2026-03-10 14:45:00-04:00,2.184999942779541,2.190000057220459,2.1600000858306885,2.1698999404907227,280298,0.0,0.0,BITF,15m
2026-03-10 15:00:00-04:00,2.1649999618530273,2.180000066757202,2.1600000858306885,2.170099973678589,629776,0.0,0.0,BITF,15m
2026-03-10 15:15:00-04:00,2.1782000064849854,2.1898999214172363,2.1700000762939453,2.174999952316284,636051,0.0,0.0,BITF,15m
2026-03-10 15:30:00-04:00,2.1700000762939453,2.190000057220459,2.1600000858306885,2.170099973678589,958956,0.0,0.0,BITF,15m
2026-03-10 15:45:00-04:00,2.174999952316284,2.174999952316284,2.1500000953674316,2.1549999713897705,1502212,0.0,0.0,BITF,15m
2026-03-11 09:30:00-04:00,2.190000057220459,2.2799999713897705,2.190000057220459,2.2699999809265137,2575065,0.0,0.0,BITF,15m
2026-03-11 09:45:00-04:00,2.269700050354004,2.2799999713897705,2.2400999069213867,2.2699999809265137,1294867,0.0,0.0,BITF,15m
2026-03-11 10:00:00-04:00,2.265000104904175,2.2999000549316406,2.265000104904175,2.2950000762939453,1457841,0.0,0.0,BITF,15m
2026-03-11 10:15:00-04:00,2.2950000762939453,2.319999933242798,2.2799999713897705,2.315000057220459,2104565,0.0,0.0,BITF,15m
2026-03-11 10:30:00-04:00,2.319999933242798,2.3350000381469727,2.2934999465942383,2.309999942779541,2254835,0.0,0.0,BITF,15m
2026-03-11 10:45:00-04:00,2.311300039291382,2.311300039291382,2.240000009536743,2.2499001026153564,1355586,0.0,0.0,BITF,15m
2026-03-11 11:00:00-04:00,2.25,2.265000104904175,2.2300000190734863,2.234999895095825,1366013,0.0,0.0,BITF,15m
2026-03-11 11:15:00-04:00,2.234999895095825,2.25,2.2149999141693115,2.2149999141693115,1793547,0.0,0.0,BITF,15m
2026-03-11 11:30:00-04:00,2.2149999141693115,2.2149999141693115,2.190000057220459,2.2100000381469727,834703,0.0,0.0,BITF,15m
2026-03-11 11:45:00-04:00,2.2000999450683594,2.240000009536743,2.200000047683716,2.2272000312805176,587219,0.0,0.0,BITF,15m
2026-03-11 12:00:00-04:00,2.229099988937378,2.25,2.2100000381469727,2.2149999141693115,1216514,0.0,0.0,BITF,15m
2026-03-11 12:15:00-04:00,2.2190001010894775,2.2300000190734863,2.200000047683716,2.2300000190734863,1395276,0.0,0.0,BITF,15m
2026-03-11 12:30:00-04:00,2.2298998832702637,2.2699999809265137,2.226099967956543,2.2699999809265137,1781520,0.0,0.0,BITF,15m
2026-03-11 12:45:00-04:00,2.259999990463257,2.2750000953674316,2.240000009536743,2.2400999069213867,2668175,0.0,0.0,BITF,15m
2026-03-11 13:00:00-04:00,2.2330000400543213,2.240000009536743,2.2200000286102295,2.23009991645813,553327,0.0,0.0,BITF,15m
2026-03-11 13:15:00-04:00,2.234999895095825,2.2499001026153564,2.2300000190734863,2.244999885559082,322683,0.0,0.0,BITF,15m
2026-03-11 13:30:00-04:00,2.244999885559082,2.25,2.200000047683716,2.2300000190734863,1009709,0.0,0.0,BITF,15m
2026-03-11 13:45:00-04:00,2.2200000286102295,2.240000009536743,2.2200000286102295,2.2249999046325684,742670,0.0,0.0,BITF,15m
2026-03-11 14:00:00-04:00,2.2298998832702637,2.240000009536743,2.2200000286102295,2.2309000492095947,2929683,0.0,0.0,BITF,15m
2026-03-11 14:15:00-04:00,2.23009991645813,2.25,2.2300000190734863,2.244999885559082,237842,0.0,0.0,BITF,15m
2026-03-11 14:30:00-04:00,2.244999885559082,2.255000114440918,2.2300000190734863,2.23009991645813,1094623,0.0,0.0,BITF,15m
2026-03-11 14:45:00-04:00,2.2300000190734863,2.240000009536743,2.2249999046325684,2.2300000190734863,975097,0.0,0.0,BITF,15m
2026-03-11 15:00:00-04:00,2.240000009536743,2.240000009536743,2.2100000381469727,2.2149999141693115,1424760,0.0,0.0,BITF,15m
2026-03-11 15:15:00-04:00,2.2149999141693115,2.2300000190734863,2.2049999237060547,2.2100000381469727,2618504,0.0,0.0,BITF,15m
2026-03-11 15:30:00-04:00,2.2100000381469727,2.2300000190734863,2.2100000381469727,2.2200000286102295,629428,0.0,0.0,BITF,15m
2026-03-11 15:45:00-04:00,2.2249999046325684,2.240000009536743,2.2200000286102295,2.234999895095825,1104197,0.0,0.0,BITF,15m
2026-03-12 09:30:00-04:00,2.1710000038146973,2.219899892807007,2.1710000038146973,2.184999942779541,1608385,0.0,0.0,BITF,15m
2026-03-12 09:45:00-04:00,2.180000066757202,2.190000057220459,2.1500000953674316,2.1600000858306885,1022356,0.0,0.0,BITF,15m
2026-03-12 10:00:00-04:00,2.1600000858306885,2.190000057220459,2.1600000858306885,2.1698999404907227,818930,0.0,0.0,BITF,15m
2026-03-12 10:15:00-04:00,2.1698999404907227,2.174999952316284,2.140000104904175,2.150099992752075,1455207,0.0,0.0,BITF,15m
2026-03-12 10:30:00-04:00,2.1500000953674316,2.1600000858306885,2.140000104904175,2.1500000953674316,977403,0.0,0.0,BITF,15m
2026-03-12 10:45:00-04:00,2.1549999713897705,2.1798999309539795,2.140000104904175,2.1549999713897705,1349360,0.0,0.0,BITF,15m
2026-03-12 11:00:00-04:00,2.1549999713897705,2.16759991645813,2.140000104904175,2.1449999809265137,1203777,0.0,0.0,BITF,15m
2026-03-12 11:15:00-04:00,2.1480000019073486,2.180000066757202,2.140000104904175,2.1649999618530273,1142757,0.0,0.0,BITF,15m
2026-03-12 11:30:00-04:00,2.1700000762939453,2.2200000286102295,2.1600000858306885,2.2200000286102295,942399,0.0,0.0,BITF,15m
2026-03-12 11:45:00-04:00,2.2200000286102295,2.2200000286102295,2.200000047683716,2.2100000381469727,876131,0.0,0.0,BITF,15m
2026-03-12 12:00:00-04:00,2.2000999450683594,2.2200000286102295,2.190000057220459,2.194999933242798,738807,0.0,0.0,BITF,15m
2026-03-12 12:15:00-04:00,2.194999933242798,2.2200000286102295,2.1909000873565674,2.194999933242798,389486,0.0,0.0,BITF,15m
2026-03-12 12:30:00-04:00,2.194999933242798,2.2200000286102295,2.190000057220459,2.210099935531616,1268909,0.0,0.0,BITF,15m
2026-03-12 12:45:00-04:00,2.2149999141693115,2.219899892807007,2.200000047683716,2.2149999141693115,562152,0.0,0.0,BITF,15m
2026-03-12 13:00:00-04:00,2.2100000381469727,2.240000009536743,2.2100000381469727,2.2100000381469727,930090,0.0,0.0,BITF,15m
2026-03-12 13:15:00-04:00,2.2149999141693115,2.2298998832702637,2.2100000381469727,2.2190001010894775,245084,0.0,0.0,BITF,15m
2026-03-12 13:30:00-04:00,2.2200000286102295,2.2249999046325684,2.200000047683716,2.2014999389648438,367073,0.0,0.0,BITF,15m
2026-03-12 13:45:00-04:00,2.2049999237060547,2.2200000286102295,2.194999933242798,2.2100000381469727,279810,0.0,0.0,BITF,15m
2026-03-12 14:00:00-04:00,2.2100000381469727,2.218600034713745,2.2000999450683594,2.2000999450683594,408122,0.0,0.0,BITF,15m
2026-03-12 14:15:00-04:00,2.2100000381469727,2.219899892807007,2.199899911880493,2.2049999237060547,855920,0.0,0.0,BITF,15m
2026-03-12 14:30:00-04:00,2.2049999237060547,2.2100000381469727,2.200000047683716,2.200000047683716,194433,0.0,0.0,BITF,15m
2026-03-12 14:45:00-04:00,2.2049999237060547,2.2200000286102295,2.200000047683716,2.20989990234375,863796,0.0,0.0,BITF,15m
2026-03-12 15:00:00-04:00,2.20989990234375,2.2300000190734863,2.200000047683716,2.2197000980377197,888328,0.0,0.0,BITF,15m
2026-03-12 15:15:00-04:00,2.2149999141693115,2.2300000190734863,2.2100000381469727,2.223900079727173,571693,0.0,0.0,BITF,15m
2026-03-12 15:30:00-04:00,2.2249999046325684,2.255000114440918,2.2149999141693115,2.2200000286102295,1413098,0.0,0.0,BITF,15m
2026-03-12 15:45:00-04:00,2.2200000286102295,2.2300000190734863,2.200000047683716,2.2149999141693115,2505823,0.0,0.0,BITF,15m
2026-03-13 09:30:00-04:00,2.2899999618530273,2.359999895095825,2.2852001190185547,2.3350000381469727,3593837,0.0,0.0,BITF,15m
2026-03-13 09:45:00-04:00,2.3397998809814453,2.3399999141693115,2.319999933242798,2.3350000381469727,1663451,0.0,0.0,BITF,15m
2026-03-13 10:00:00-04:00,2.3399999141693115,2.359999895095825,2.3299999237060547,2.3301000595092773,1733488,0.0,0.0,BITF,15m
2026-03-13 10:15:00-04:00,2.337899923324585,2.3450000286102295,2.309999942779541,2.3399999141693115,1252988,0.0,0.0,BITF,15m
2026-03-13 10:30:00-04:00,2.3399999141693115,2.3499999046325684,2.2699999809265137,2.273400068283081,1381428,0.0,0.0,BITF,15m
2026-03-13 10:45:00-04:00,2.2699999809265137,2.299999952316284,2.25,2.265000104904175,1608957,0.0,0.0,BITF,15m
2026-03-13 11:00:00-04:00,2.265000104904175,2.2969000339508057,2.2600998878479004,2.2899999618530273,1129547,0.0,0.0,BITF,15m
2026-03-13 11:15:00-04:00,2.2950000762939453,2.309999942779541,2.2699999809265137,2.2701001167297363,880281,0.0,0.0,BITF,15m
2026-03-13 11:30:00-04:00,2.2750000953674316,2.2899999618530273,2.2300000190734863,2.230299949645996,1378843,0.0,0.0,BITF,15m
2026-03-13 11:45:00-04:00,2.2397000789642334,2.259999990463257,2.2300000190734863,2.2314000129699707,985467,0.0,0.0,BITF,15m
2026-03-13 12:00:00-04:00,2.234999895095825,2.240000009536743,2.200000047683716,2.2049999237060547,729196,0.0,0.0,BITF,15m
2026-03-13 12:15:00-04:00,2.20989990234375,2.217099905014038,2.1810998916625977,2.2149999141693115,1913784,0.0,0.0,BITF,15m
2026-03-13 12:30:00-04:00,2.2149999141693115,2.2699999809265137,2.2100000381469727,2.2546000480651855,1453246,0.0,0.0,BITF,15m
2026-03-13 12:45:00-04:00,2.259999990463257,2.2899999618530273,2.240000009536743,2.259999990463257,1998272,0.0,0.0,BITF,15m
2026-03-13 13:00:00-04:00,2.259999990463257,2.2609000205993652,2.240000009536743,2.2565999031066895,404309,0.0,0.0,BITF,15m
2026-03-13 13:15:00-04:00,2.2539000511169434,2.259999990463257,2.2300000190734863,2.2300000190734863,331596,0.0,0.0,BITF,15m
2026-03-13 13:30:00-04:00,2.240000009536743,2.25,2.2200000286102295,2.2249999046325684,511971,0.0,0.0,BITF,15m
2026-03-13 13:45:00-04:00,2.220599889755249,2.234999895095825,2.2049999237060547,2.2200000286102295,1253695,0.0,0.0,BITF,15m
2026-03-13 14:00:00-04:00,2.216099977493286,2.2300000190734863,2.2100000381469727,2.2249999046325684,373616,0.0,0.0,BITF,15m
2026-03-13 14:15:00-04:00,2.2298998832702637,2.2300000190734863,2.2100000381469727,2.2200000286102295,996911,0.0,0.0,BITF,15m
2026-03-13 14:30:00-04:00,2.2200000286102295,2.240000009536743,2.2200000286102295,2.2300000190734863,274529,0.0,0.0,BITF,15m
2026-03-13 14:45:00-04:00,2.231100082397461,2.234999895095825,2.2149999141693115,2.2214999198913574,658369,0.0,0.0,BITF,15m
2026-03-13 15:00:00-04:00,2.2249999046325684,2.2300000190734863,2.2149999141693115,2.2249999046325684,358305,0.0,0.0,BITF,15m
2026-03-13 15:15:00-04:00,2.2300000190734863,2.2399001121520996,2.2100000381469727,2.2200000286102295,672747,0.0,0.0,BITF,15m
2026-03-13 15:30:00-04:00,2.2149999141693115,2.2399001121520996,2.2149999141693115,2.2249999046325684,557677,0.0,0.0,BITF,15m
2026-03-13 15:45:00-04:00,2.2249999046325684,2.240000009536743,2.2200000286102295,2.234999895095825,1771184,0.0,0.0,BITF,15m
2026-03-16 09:30:00-04:00,2.359999895095825,2.390000104904175,2.2899999618530273,2.2899999618530273,2903666,0.0,0.0,BITF,15m
2026-03-16 09:45:00-04:00,2.299999952316284,2.3299999237060547,2.25,2.2750000953674316,3699264,0.0,0.0,BITF,15m
2026-03-16 10:00:00-04:00,2.2760000228881836,2.289900064468384,2.25,2.2739999294281006,3706336,0.0,0.0,BITF,15m
2026-03-16 10:15:00-04:00,2.2699999809265137,2.2799999713897705,2.234999895095825,2.234999895095825,1035750,0.0,0.0,BITF,15m
2026-03-16 10:30:00-04:00,2.234999895095825,2.25,2.200000047683716,2.2100000381469727,642918,0.0,0.0,BITF,15m
2026-03-16 10:45:00-04:00,2.2049999237060547,2.2100000381469727,2.180000066757202,2.2100000381469727,5039743,0.0,0.0,BITF,15m
2026-03-16 11:00:00-04:00,2.2100000381469727,2.2200000286102295,2.190000057220459,2.2149999141693115,530570,0.0,0.0,BITF,15m
2026-03-16 11:15:00-04:00,2.2149999141693115,2.2399001121520996,2.2049999237060547,2.220099925994873,830180,0.0,0.0,BITF,15m
2026-03-16 11:30:00-04:00,2.2249999046325684,2.2699999809265137,2.2200000286102295,2.268899917602539,1128364,0.0,0.0,BITF,15m
2026-03-16 11:45:00-04:00,2.265000104904175,2.2699999809265137,2.2342000007629395,2.238600015640259,957044,0.0,0.0,BITF,15m
2026-03-16 12:00:00-04:00,2.2399001121520996,2.255000114440918,2.2200000286102295,2.2300000190734863,792268,0.0,0.0,BITF,15m
2026-03-16 12:15:00-04:00,2.2399001121520996,2.240000009536743,2.200000047683716,2.2060000896453857,6958146,0.0,0.0,BITF,15m
2026-03-16 12:30:00-04:00,2.200000047683716,2.240000009536743,2.200000047683716,2.220099925994873,391744,0.0,0.0,BITF,15m
2026-03-16 12:45:00-04:00,2.2297000885009766,2.240000009536743,2.2149999141693115,2.2249999046325684,423977,0.0,0.0,BITF,15m
2026-03-16 13:00:00-04:00,2.2300000190734863,2.25,2.2200000286102295,2.2399001121520996,564184,0.0,0.0,BITF,15m
2026-03-16 13:15:00-04:00,2.240000009536743,2.2499001026153564,2.2300000190734863,2.233299970626831,239761,0.0,0.0,BITF,15m
2026-03-16 13:30:00-04:00,2.2399001121520996,2.244999885559082,2.2300000190734863,2.234999895095825,7692820,0.0,0.0,BITF,15m
2026-03-16 13:45:00-04:00,2.234999895095825,2.25,2.2249999046325684,2.2400999069213867,441659,0.0,0.0,BITF,15m
2026-03-16 14:00:00-04:00,2.2400999069213867,2.259999990463257,2.240000009536743,2.259999990463257,369928,0.0,0.0,BITF,15m
2026-03-16 14:15:00-04:00,2.2502999305725098,2.26990008354187,2.25,2.255000114440918,8644505,0.0,0.0,BITF,15m
2026-03-16 14:30:00-04:00,2.2599000930786133,2.259999990463257,2.240000009536743,2.2500998973846436,997034,0.0,0.0,BITF,15m
2026-03-16 14:45:00-04:00,2.2500998973846436,2.259999990463257,2.240000009536743,2.255000114440918,396778,0.0,0.0,BITF,15m
2026-03-16 15:00:00-04:00,2.255000114440918,2.2799999713897705,2.25,2.2701001167297363,968493,0.0,0.0,BITF,15m
2026-03-16 15:15:00-04:00,2.2750000953674316,2.2799999713897705,2.25,2.2599000930786133,1162635,0.0,0.0,BITF,15m
2026-03-16 15:30:00-04:00,2.253499984741211,2.259999990463257,2.240000009536743,2.255000114440918,541359,0.0,0.0,BITF,15m
2026-03-16 15:45:00-04:00,2.25,2.2690999507904053,2.25,2.255000114440918,905185,0.0,0.0,BITF,15m
2026-03-17 09:30:00-04:00,2.234999895095825,2.2699999809265137,2.2249999046325684,2.244999885559082,1848643,0.0,0.0,BITF,15m
2026-03-17 09:45:00-04:00,2.244999885559082,2.2699999809265137,2.234999895095825,2.2699999809265137,871751,0.0,0.0,BITF,15m
2026-03-17 10:00:00-04:00,2.2699999809265137,2.2799999713897705,2.2509000301361084,2.2620999813079834,585136,0.0,0.0,BITF,15m
2026-03-17 10:15:00-04:00,2.265000104904175,2.2699999809265137,2.2500998973846436,2.262399911880493,1358147,0.0,0.0,BITF,15m
2026-03-17 10:30:00-04:00,2.2602999210357666,2.2899999618530273,2.259999990463257,2.289799928665161,1123854,0.0,0.0,BITF,15m
2026-03-17 10:45:00-04:00,2.280100107192993,2.2899999618530273,2.259999990463257,2.2750000953674316,1386817,0.0,0.0,BITF,15m
2026-03-17 11:00:00-04:00,2.2750000953674316,2.2950000762939453,2.25,2.2500998973846436,3366441,0.0,0.0,BITF,15m
2026-03-17 11:15:00-04:00,2.2500998973846436,2.2799999713897705,2.25,2.2750000953674316,712980,0.0,0.0,BITF,15m
2026-03-17 11:30:00-04:00,2.2699999809265137,2.2899999618530273,2.259999990463257,2.2699999809265137,1391276,0.0,0.0,BITF,15m
2026-03-17 11:45:00-04:00,2.2750000953674316,2.299999952316284,2.270900011062622,2.2950000762939453,705521,0.0,0.0,BITF,15m
2026-03-17 12:00:00-04:00,2.299999952316284,2.3299999237060547,2.2899999618530273,2.319999933242798,1063341,0.0,0.0,BITF,15m
2026-03-17 12:15:00-04:00,2.319999933242798,2.329900026321411,2.3020999431610107,2.329900026321411,797765,0.0,0.0,BITF,15m
2026-03-17 12:30:00-04:00,2.3299999237060547,2.3299999237060547,2.309999942779541,2.325000047683716,1001656,0.0,0.0,BITF,15m
2026-03-17 12:45:00-04:00,2.325000047683716,2.325000047683716,2.2850000858306885,2.2899999618530273,785167,0.0,0.0,BITF,15m
2026-03-17 13:00:00-04:00,2.2850000858306885,2.309999942779541,2.2799999713897705,2.3099000453948975,557783,0.0,0.0,BITF,15m
2026-03-17 13:15:00-04:00,2.299999952316284,2.319999933242798,2.299999952316284,2.3101000785827637,162027,0.0,0.0,BITF,15m
2026-03-17 13:30:00-04:00,2.309999942779541,2.319999933242798,2.299999952316284,2.305000066757202,324290,0.0,0.0,BITF,15m
2026-03-17 13:45:00-04:00,2.305000066757202,2.339900016784668,2.299999952316284,2.3350000381469727,660185,0.0,0.0,BITF,15m
2026-03-17 14:00:00-04:00,2.3299999237060547,2.359999895095825,2.3299999237060547,2.3450000286102295,1026704,0.0,0.0,BITF,15m
2026-03-17 14:15:00-04:00,2.3450000286102295,2.359999895095825,2.3299999237060547,2.353100061416626,665485,0.0,0.0,BITF,15m
2026-03-17 14:30:00-04:00,2.3550000190734863,2.380000114440918,2.3499999046325684,2.371000051498413,911210,0.0,0.0,BITF,15m
2026-03-17 14:45:00-04:00,2.369999885559082,2.4000000953674316,2.369999885559082,2.3928000926971436,707816,0.0,0.0,BITF,15m
2026-03-17 15:00:00-04:00,2.3949999809265137,2.4100000858306885,2.380000114440918,2.3801000118255615,854166,0.0,0.0,BITF,15m
2026-03-17 15:15:00-04:00,2.3812999725341797,2.390000104904175,2.3299999237060547,2.3499999046325684,670664,0.0,0.0,BITF,15m
2026-03-17 15:30:00-04:00,2.3466999530792236,2.359999895095825,2.3299999237060547,2.359999895095825,829541,0.0,0.0,BITF,15m
2026-03-17 15:45:00-04:00,2.3550000190734863,2.380000114440918,2.3499999046325684,2.375,10201700,0.0,0.0,BITF,15m
2026-03-18 09:30:00-04:00,2.3299999237060547,2.3350000381469727,2.2799999713897705,2.299999952316284,1162242,0.0,0.0,BITF,15m
2026-03-18 09:45:00-04:00,2.2950000762939453,2.3399999141693115,2.2899999618530273,2.3399999141693115,612746,0.0,0.0,BITF,15m
2026-03-18 10:00:00-04:00,2.3438000679016113,2.357800006866455,2.3101000785827637,2.325000047683716,2085888,0.0,0.0,BITF,15m
2026-03-18 10:15:00-04:00,2.3299999237060547,2.3399999141693115,2.309999942779541,2.325000047683716,343686,0.0,0.0,BITF,15m
2026-03-18 10:30:00-04:00,2.3250999450683594,2.339900016784668,2.3101000785827637,2.325000047683716,454741,0.0,0.0,BITF,15m
2026-03-18 10:45:00-04:00,2.329900026321411,2.3299999237060547,2.309999942779541,2.325000047683716,2589936,0.0,0.0,BITF,15m
2026-03-18 11:00:00-04:00,2.325000047683716,2.3299999237060547,2.301800012588501,2.3101000785827637,469402,0.0,0.0,BITF,15m
2026-03-18 11:15:00-04:00,2.315000057220459,2.3496999740600586,2.309999942779541,2.3101000785827637,3917087,0.0,0.0,BITF,15m
2026-03-18 11:30:00-04:00,2.309999942779541,2.3299999237060547,2.309999942779541,2.3199000358581543,194631,0.0,0.0,BITF,15m
2026-03-18 11:45:00-04:00,2.315000057220459,2.319999933242798,2.299999952316284,2.309999942779541,4305858,0.0,0.0,BITF,15m
2026-03-18 12:00:00-04:00,2.3134000301361084,2.315000057220459,2.2899999618530273,2.2950000762939453,181159,0.0,0.0,BITF,15m
2026-03-18 12:15:00-04:00,2.2950000762939453,2.2950000762939453,2.2699999809265137,2.2799999713897705,428355,0.0,0.0,BITF,15m
2026-03-18 12:30:00-04:00,2.2850000858306885,2.315000057220459,2.2799999713897705,2.3099000453948975,733924,0.0,0.0,BITF,15m
2026-03-18 12:45:00-04:00,2.309999942779541,2.3199000358581543,2.299999952316284,2.300100088119507,420799,0.0,0.0,BITF,15m
2026-03-18 13:00:00-04:00,2.305000066757202,2.309999942779541,2.299999952316284,2.305000066757202,167343,0.0,0.0,BITF,15m
2026-03-18 13:15:00-04:00,2.305000066757202,2.3399999141693115,2.299999952316284,2.3399999141693115,550264,0.0,0.0,BITF,15m
2026-03-18 13:30:00-04:00,2.3399999141693115,2.3678998947143555,2.3299999237060547,2.3554999828338623,383153,0.0,0.0,BITF,15m
2026-03-18 13:45:00-04:00,2.3598999977111816,2.369999885559082,2.3499999046325684,2.3499999046325684,6202041,0.0,0.0,BITF,15m
2026-03-18 14:00:00-04:00,2.359999895095825,2.390000104904175,2.359999895095825,2.384999990463257,244549,0.0,0.0,BITF,15m
2026-03-18 14:15:00-04:00,2.3801000118255615,2.384999990463257,2.365000009536743,2.375,6718015,0.0,0.0,BITF,15m
2026-03-18 14:30:00-04:00,2.375,2.4100000858306885,2.359999895095825,2.375,890382,0.0,0.0,BITF,15m
2026-03-18 14:45:00-04:00,2.3719000816345215,2.375,2.319999933242798,2.3299999237060547,786041,0.0,0.0,BITF,15m
2026-03-18 15:00:00-04:00,2.325000047683716,2.349900007247925,2.325000047683716,2.3399999141693115,7965703,0.0,0.0,BITF,15m
2026-03-18 15:15:00-04:00,2.3350000381469727,2.3550000190734863,2.3350000381469727,2.3399999141693115,661912,0.0,0.0,BITF,15m
2026-03-18 15:30:00-04:00,2.3299999237060547,2.3399999141693115,2.309999942779541,2.309999942779541,901650,0.0,0.0,BITF,15m
2026-03-18 15:45:00-04:00,2.315000057220459,2.325000047683716,2.2899999618530273,2.325000047683716,2147945,0.0,0.0,BITF,15m
2026-03-19 09:30:00-04:00,2.244999885559082,2.259999990463257,2.1700000762939453,2.200000047683716,1824090,0.0,0.0,BITF,15m
2026-03-19 09:45:00-04:00,2.200000047683716,2.25,2.1800999641418457,2.25,2155934,0.0,0.0,BITF,15m
2026-03-19 10:00:00-04:00,2.244999885559082,2.2699999809265137,2.24399995803833,2.24399995803833,241459,0.0,0.0,BITF,15m
2026-03-19 10:15:00-04:00,2.244999885559082,2.244999885559082,2.2100000381469727,2.2149999141693115,427396,0.0,0.0,BITF,15m
2026-03-19 10:30:00-04:00,2.219899892807007,2.244999885559082,2.2100000381469727,2.240000009536743,459453,0.0,0.0,BITF,15m
2026-03-19 10:45:00-04:00,2.23009991645813,2.25,2.2200000286102295,2.240000009536743,3557227,0.0,0.0,BITF,15m
2026-03-19 11:00:00-04:00,2.2400999069213867,2.259999990463257,2.240000009536743,2.244999885559082,1004000,0.0,0.0,BITF,15m
2026-03-19 11:15:00-04:00,2.244999885559082,2.259999990463257,2.2300000190734863,2.2300000190734863,895817,0.0,0.0,BITF,15m
2026-03-19 11:30:00-04:00,2.2300000190734863,2.25,2.2200000286102295,2.2400999069213867,5438522,0.0,0.0,BITF,15m
2026-03-19 11:45:00-04:00,2.2427000999450684,2.2799999713897705,2.23009991645813,2.2699999809265137,1122378,0.0,0.0,BITF,15m
2026-03-19 12:00:00-04:00,2.265000104904175,2.2799999713897705,2.265000104904175,2.2699999809265137,5410105,0.0,0.0,BITF,15m
2026-03-19 12:15:00-04:00,2.2699999809265137,2.2899999618530273,2.2699999809265137,2.2799999713897705,724028,0.0,0.0,BITF,15m
2026-03-19 12:30:00-04:00,2.2799999713897705,2.299999952316284,2.2699999809265137,2.299999952316284,6134733,0.0,0.0,BITF,15m
2026-03-19 12:45:00-04:00,2.2981998920440674,2.2999000549316406,2.2699999809265137,2.289900064468384,860496,0.0,0.0,BITF,15m
2026-03-19 13:00:00-04:00,2.289900064468384,2.2899999618530273,2.255000114440918,2.26990008354187,822653,0.0,0.0,BITF,15m
2026-03-19 13:15:00-04:00,2.265000104904175,2.299999952316284,2.259999990463257,2.2950000762939453,545570,0.0,0.0,BITF,15m
2026-03-19 13:30:00-04:00,2.2899999618530273,2.299999952316284,2.2699999809265137,2.280100107192993,935579,0.0,0.0,BITF,15m
2026-03-19 13:45:00-04:00,2.2799999713897705,2.299999952316284,2.2799999713897705,2.288800001144409,1070633,0.0,0.0,BITF,15m
2026-03-19 14:00:00-04:00,2.2850000858306885,2.319999933242798,2.2799999713897705,2.315000057220459,663498,0.0,0.0,BITF,15m
2026-03-19 14:15:00-04:00,2.3101000785827637,2.3299999237060547,2.309999942779541,2.319999933242798,889619,0.0,0.0,BITF,15m
2026-03-19 14:30:00-04:00,2.3299999237060547,2.3299999237060547,2.319999933242798,2.319999933242798,8419847,0.0,0.0,BITF,15m
2026-03-19 14:45:00-04:00,2.319999933242798,2.3399999141693115,2.309999942779541,2.3399999141693115,10019549,0.0,0.0,BITF,15m
2026-03-19 15:00:00-04:00,2.3399999141693115,2.4000000953674316,2.3350000381469727,2.389899969100952,11302714,0.0,0.0,BITF,15m
2026-03-19 15:15:00-04:00,2.388000011444092,2.4000000953674316,2.369999885559082,2.3798999786376953,1523484,0.0,0.0,BITF,15m
2026-03-19 15:30:00-04:00,2.369999885559082,2.390000104904175,2.359999895095825,2.384999990463257,10944967,0.0,0.0,BITF,15m
2026-03-19 15:45:00-04:00,2.3801000118255615,2.4000000953674316,2.380000114440918,2.3949999809265137,1772611,0.0,0.0,BITF,15m
2026-03-20 09:30:00-04:00,2.3580000400543213,2.390000104904175,2.329900026321411,2.384999990463257,1962836,0.0,0.0,BITF,15m
2026-03-20 09:45:00-04:00,2.384999990463257,2.4100000858306885,2.3399999141693115,2.3550000190734863,1381049,0.0,0.0,BITF,15m
2026-03-20 10:00:00-04:00,2.3550000190734863,2.389899969100952,2.3299999237060547,2.3350000381469727,1340124,0.0,0.0,BITF,15m
2026-03-20 10:15:00-04:00,2.3350000381469727,2.349900007247925,2.3299999237060547,2.3399999141693115,727518,0.0,0.0,BITF,15m
2026-03-20 10:30:00-04:00,2.3399999141693115,2.359999895095825,2.3389999866485596,2.3550000190734863,1073451,0.0,0.0,BITF,15m
2026-03-20 10:45:00-04:00,2.3550000190734863,2.359999895095825,2.309999942779541,2.3299999237060547,877082,0.0,0.0,BITF,15m
2026-03-20 11:00:00-04:00,2.329900026321411,2.3399999141693115,2.2899999618530273,2.2950000762939453,962058,0.0,0.0,BITF,15m
2026-03-20 11:15:00-04:00,2.2939999103546143,2.299999952316284,2.2300000190734863,2.2690999507904053,2030853,0.0,0.0,BITF,15m
2026-03-20 11:30:00-04:00,2.265000104904175,2.2699999809265137,2.2300000190734863,2.234999895095825,1252024,0.0,0.0,BITF,15m
2026-03-20 11:45:00-04:00,2.234999895095825,2.265000104904175,2.2200000286102295,2.2639999389648438,1582536,0.0,0.0,BITF,15m
2026-03-20 12:00:00-04:00,2.2699999809265137,2.2799999713897705,2.2513999938964844,2.2699999809265137,876924,0.0,0.0,BITF,15m
2026-03-20 12:15:00-04:00,2.265000104904175,2.2750000953674316,2.240000009536743,2.240000009536743,726774,0.0,0.0,BITF,15m
2026-03-20 12:30:00-04:00,2.2490999698638916,2.2499001026153564,2.2200000286102295,2.2202000617980957,855330,0.0,0.0,BITF,15m
2026-03-20 12:45:00-04:00,2.2200000286102295,2.2249999046325684,2.2000999450683594,2.2100000381469727,1220006,0.0,0.0,BITF,15m
2026-03-20 13:00:00-04:00,2.210099935531616,2.2300000190734863,2.2000999450683594,2.2149999141693115,1285851,0.0,0.0,BITF,15m
2026-03-20 13:15:00-04:00,2.2200000286102295,2.2300000190734863,2.2039999961853027,2.219899892807007,2772904,0.0,0.0,BITF,15m
2026-03-20 13:30:00-04:00,2.2200000286102295,2.22979998588562,2.190000057220459,2.219899892807007,3103167,0.0,0.0,BITF,15m
2026-03-20 13:45:00-04:00,2.2149999141693115,2.2200000286102295,2.2100000381469727,2.219899892807007,438398,0.0,0.0,BITF,15m
2026-03-20 14:00:00-04:00,2.219899892807007,2.2200000286102295,2.2000999450683594,2.2200000286102295,1172697,0.0,0.0,BITF,15m
2026-03-20 14:15:00-04:00,2.2149999141693115,2.2200000286102295,2.180000066757202,2.180000066757202,1569331,0.0,0.0,BITF,15m
2026-03-20 14:30:00-04:00,2.184999942779541,2.190000057220459,2.1500000953674316,2.16129994392395,1656845,0.0,0.0,BITF,15m
2026-03-20 14:45:00-04:00,2.1700000762939453,2.1700000762939453,2.1500000953674316,2.160399913787842,1648164,0.0,0.0,BITF,15m
2026-03-20 15:00:00-04:00,2.1649999618530273,2.174999952316284,2.1500000953674316,2.174999952316284,1707924,0.0,0.0,BITF,15m
2026-03-20 15:15:00-04:00,2.1798999309539795,2.190000057220459,2.1700000762939453,2.174999952316284,1801012,0.0,0.0,BITF,15m
2026-03-20 15:30:00-04:00,2.180000066757202,2.200000047683716,2.1624999046325684,2.194999933242798,2765808,0.0,0.0,BITF,15m
2026-03-20 15:45:00-04:00,2.194999933242798,2.2300000190734863,2.174999952316284,2.2200000286102295,4513636,0.0,0.0,BITF,15m
2026-03-23 09:30:00-04:00,2.2200000286102295,2.2799999713897705,2.2200000286102295,2.255000114440918,2612733,0.0,0.0,BITF,15m
2026-03-23 09:45:00-04:00,2.253999948501587,2.309999942779541,2.2400999069213867,2.309999942779541,1872275,0.0,0.0,BITF,15m
2026-03-23 10:00:00-04:00,2.305000066757202,2.3399999141693115,2.299999952316284,2.311500072479248,945420,0.0,0.0,BITF,15m
2026-03-23 10:15:00-04:00,2.315000057220459,2.3299999237060547,2.2899999618530273,2.299999952316284,1407140,0.0,0.0,BITF,15m
2026-03-23 10:30:00-04:00,2.2950000762939453,2.299999952316284,2.2799999713897705,2.2990000247955322,593796,0.0,0.0,BITF,15m
2026-03-23 10:45:00-04:00,2.29010009765625,2.319999933242798,2.2899999618530273,2.3199000358581543,1053292,0.0,0.0,BITF,15m
2026-03-23 11:00:00-04:00,2.315000057220459,2.369999885559082,2.313999891281128,2.353100061416626,1231119,0.0,0.0,BITF,15m
2026-03-23 11:15:00-04:00,2.3550000190734863,2.369999885559082,2.3440001010894775,2.3450000286102295,1323431,0.0,0.0,BITF,15m
2026-03-23 11:30:00-04:00,2.3489999771118164,2.365000009536743,2.309999942779541,2.3280999660491943,1538840,0.0,0.0,BITF,15m
2026-03-23 11:45:00-04:00,2.325000047683716,2.3399999141693115,2.2899999618530273,2.2950000762939453,1233240,0.0,0.0,BITF,15m
2026-03-23 12:00:00-04:00,2.2950000762939453,2.3299999237060547,2.2899999618530273,2.319999933242798,668923,0.0,0.0,BITF,15m
2026-03-23 12:15:00-04:00,2.3201000690460205,2.329900026321411,2.2799999713897705,2.289900064468384,742919,0.0,0.0,BITF,15m
2026-03-23 12:30:00-04:00,2.2850000858306885,2.3099000453948975,2.2799999713897705,2.289900064468384,449365,0.0,0.0,BITF,15m
2026-03-23 12:45:00-04:00,2.289799928665161,2.299999952316284,2.2699999809265137,2.279900074005127,1538350,0.0,0.0,BITF,15m
2026-03-23 13:00:00-04:00,2.279900074005127,2.2799999713897705,2.2699999809265137,2.2699999809265137,517025,0.0,0.0,BITF,15m
2026-03-23 13:15:00-04:00,2.2750000953674316,2.279900074005127,2.25,2.2697999477386475,766597,0.0,0.0,BITF,15m
2026-03-23 13:30:00-04:00,2.2699999809265137,2.299999952316284,2.265000104904175,2.2850000858306885,1341662,0.0,0.0,BITF,15m
2026-03-23 13:45:00-04:00,2.2850000858306885,2.309999942779541,2.2750000953674316,2.309999942779541,1068743,0.0,0.0,BITF,15m
2026-03-23 14:00:00-04:00,2.305000066757202,2.319999933242798,2.305000066757202,2.3101000785827637,389246,0.0,0.0,BITF,15m
2026-03-23 14:15:00-04:00,2.315000057220459,2.3199000358581543,2.2901999950408936,2.2950000762939453,678220,0.0,0.0,BITF,15m
2026-03-23 14:30:00-04:00,2.299999952316284,2.3299999237060547,2.2999000549316406,2.3297998905181885,626440,0.0,0.0,BITF,15m
2026-03-23 14:45:00-04:00,2.319999933242798,2.3299999237060547,2.309999942779541,2.3183999061584473,490692,0.0,0.0,BITF,15m
2026-03-23 15:00:00-04:00,2.319999933242798,2.3299999237060547,2.305000066757202,2.3101000785827637,1058348,0.0,0.0,BITF,15m
2026-03-23 15:15:00-04:00,2.315000057220459,2.319999933242798,2.305000066757202,2.315000057220459,387023,0.0,0.0,BITF,15m
2026-03-23 15:30:00-04:00,2.319999933242798,2.3399999141693115,2.319999933242798,2.329900026321411,1122114,0.0,0.0,BITF,15m
2026-03-23 15:45:00-04:00,2.325000047683716,2.3299999237060547,2.305000066757202,2.319999933242798,1390355,0.0,0.0,BITF,15m
2026-03-24 09:30:00-04:00,2.299999952316284,2.3399999141693115,2.2899999618530273,2.308199882507324,1159488,0.0,0.0,BITF,15m
2026-03-24 09:45:00-04:00,2.299999952316284,2.329900026321411,2.299999952316284,2.312299966812134,644830,0.0,0.0,BITF,15m
2026-03-24 10:00:00-04:00,2.315000057220459,2.3399999141693115,2.2600998878479004,2.279900074005127,899217,0.0,0.0,BITF,15m
2026-03-24 10:15:00-04:00,2.2699999809265137,2.2799999713897705,2.2200000286102295,2.2300000190734863,1003697,0.0,0.0,BITF,15m
2026-03-24 10:30:00-04:00,2.2300000190734863,2.2300000190734863,2.200000047683716,2.2200000286102295,1195313,0.0,0.0,BITF,15m
2026-03-24 10:45:00-04:00,2.2149999141693115,2.2149999141693115,2.160099983215332,2.194999933242798,1918720,0.0,0.0,BITF,15m
2026-03-24 11:00:00-04:00,2.200000047683716,2.2200000286102295,2.184999942779541,2.1900999546051025,1026206,0.0,0.0,BITF,15m
2026-03-24 11:15:00-04:00,2.199899911880493,2.2200000286102295,2.180000066757202,2.2100000381469727,845648,0.0,0.0,BITF,15m
2026-03-24 11:30:00-04:00,2.2074999809265137,2.2200000286102295,2.180000066757202,2.194999933242798,820209,0.0,0.0,BITF,15m
2026-03-24 11:45:00-04:00,2.194999933242798,2.20989990234375,2.1700000762939453,2.1798999309539795,911443,0.0,0.0,BITF,15m
2026-03-24 12:00:00-04:00,2.1798999309539795,2.190000057220459,2.1700000762939453,2.174999952316284,473326,0.0,0.0,BITF,15m
2026-03-24 12:15:00-04:00,2.180000066757202,2.200000047683716,2.174999952316284,2.200000047683716,692912,0.0,0.0,BITF,15m
2026-03-24 12:30:00-04:00,2.199899911880493,2.200000047683716,2.180000066757202,2.180000066757202,312250,0.0,0.0,BITF,15m
2026-03-24 12:45:00-04:00,2.1898999214172363,2.2100000381469727,2.1872000694274902,2.200000047683716,850534,0.0,0.0,BITF,15m
2026-03-24 13:00:00-04:00,2.200000047683716,2.2090001106262207,2.1700000762939453,2.177999973297119,768022,0.0,0.0,BITF,15m
2026-03-24 13:15:00-04:00,2.174999952316284,2.184999942779541,2.1700000762939453,2.174999952316284,330614,0.0,0.0,BITF,15m
2026-03-24 13:30:00-04:00,2.174999952316284,2.190000057220459,2.174999952316284,2.174999952316284,356148,0.0,0.0,BITF,15m
2026-03-24 13:45:00-04:00,2.174999952316284,2.200000047683716,2.174999952316284,2.190000057220459,1020306,0.0,0.0,BITF,15m
2026-03-24 14:00:00-04:00,2.198499917984009,2.200000047683716,2.180000066757202,2.194999933242798,513363,0.0,0.0,BITF,15m
2026-03-24 14:15:00-04:00,2.200000047683716,2.2200000286102295,2.190000057220459,2.2200000286102295,745862,0.0,0.0,BITF,15m
2026-03-24 14:30:00-04:00,2.2200000286102295,2.240000009536743,2.2100000381469727,2.2249999046325684,443171,0.0,0.0,BITF,15m
2026-03-24 14:45:00-04:00,2.2300000190734863,2.240000009536743,2.2100000381469727,2.2100000381469727,512085,0.0,0.0,BITF,15m
2026-03-24 15:00:00-04:00,2.2100000381469727,2.240000009536743,2.2100000381469727,2.234999895095825,548384,0.0,0.0,BITF,15m
2026-03-24 15:15:00-04:00,2.234999895095825,2.240000009536743,2.2300000190734863,2.234999895095825,178259,0.0,0.0,BITF,15m
2026-03-24 15:30:00-04:00,2.234999895095825,2.2399001121520996,2.2100000381469727,2.2249999046325684,538154,0.0,0.0,BITF,15m
2026-03-24 15:45:00-04:00,2.2200000286102295,2.2300000190734863,2.200000047683716,2.200000047683716,2018669,0.0,0.0,BITF,15m
2026-03-25 09:30:00-04:00,2.2699999809265137,2.3499999046325684,2.2699999809265137,2.2850000858306885,3049026,0.0,0.0,BITF,15m
2026-03-25 09:45:00-04:00,2.2899999618530273,2.309999942779541,2.259999990463257,2.2909998893737793,2114697,0.0,0.0,BITF,15m
2026-03-25 10:00:00-04:00,2.299999952316284,2.319999933242798,2.2809998989105225,2.305000066757202,1294039,0.0,0.0,BITF,15m
2026-03-25 10:15:00-04:00,2.299999952316284,2.309999942779541,2.2799999713897705,2.2850000858306885,1428557,0.0,0.0,BITF,15m
2026-03-25 10:30:00-04:00,2.2899999618530273,2.315000057220459,2.2799999713897705,2.29010009765625,905889,0.0,0.0,BITF,15m
2026-03-25 10:45:00-04:00,2.29010009765625,2.299999952316284,2.2799999713897705,2.29229998588562,1002724,0.0,0.0,BITF,15m
2026-03-25 11:00:00-04:00,2.2899999618530273,2.299999952316284,2.259999990463257,2.259999990463257,2133587,0.0,0.0,BITF,15m
2026-03-25 11:15:00-04:00,2.265000104904175,2.2799999713897705,2.240000009536743,2.2701001167297363,1454847,0.0,0.0,BITF,15m
2026-03-25 11:30:00-04:00,2.2750000953674316,2.275099992752075,2.240000009536743,2.25,2159251,0.0,0.0,BITF,15m
2026-03-25 11:45:00-04:00,2.255000114440918,2.2699999809265137,2.240000009536743,2.2660000324249268,1099038,0.0,0.0,BITF,15m
2026-03-25 12:00:00-04:00,2.259999990463257,2.2699999809265137,2.240000009536743,2.255000114440918,2136123,0.0,0.0,BITF,15m
2026-03-25 12:15:00-04:00,2.255000114440918,2.2799999713897705,2.25,2.2799999713897705,2108291,0.0,0.0,BITF,15m
2026-03-25 12:30:00-04:00,2.279900074005127,2.289900064468384,2.2699999809265137,2.2750000953674316,659131,0.0,0.0,BITF,15m
2026-03-25 12:45:00-04:00,2.2750000953674316,2.2899999618530273,2.265000104904175,2.2750000953674316,1053128,0.0,0.0,BITF,15m
2026-03-25 13:00:00-04:00,2.2699999809265137,2.2899999618530273,2.25,2.259999990463257,1016367,0.0,0.0,BITF,15m
2026-03-25 13:15:00-04:00,2.255000114440918,2.259999990463257,2.240000009536743,2.259999990463257,1378327,0.0,0.0,BITF,15m
2026-03-25 13:30:00-04:00,2.25570011138916,2.265000104904175,2.240000009536743,2.255000114440918,1237694,0.0,0.0,BITF,15m
2026-03-25 13:45:00-04:00,2.255000114440918,2.255000114440918,2.2300000190734863,2.234999895095825,923420,0.0,0.0,BITF,15m
2026-03-25 14:00:00-04:00,2.2390999794006348,2.25,2.2100000381469727,2.2149999141693115,1654872,0.0,0.0,BITF,15m
2026-03-25 14:15:00-04:00,2.2100000381469727,2.2200000286102295,2.200000047683716,2.20989990234375,674582,0.0,0.0,BITF,15m
2026-03-25 14:30:00-04:00,2.20989990234375,2.2200000286102295,2.190000057220459,2.190000057220459,1545099,0.0,0.0,BITF,15m
2026-03-25 14:45:00-04:00,2.199899911880493,2.2200000286102295,2.190000057220459,2.2049999237060547,1831336,0.0,0.0,BITF,15m
2026-03-25 15:00:00-04:00,2.2100000381469727,2.2300000190734863,2.200000047683716,2.2249999046325684,644816,0.0,0.0,BITF,15m
2026-03-25 15:15:00-04:00,2.2249999046325684,2.244999885559082,2.2200000286102295,2.234999895095825,933782,0.0,0.0,BITF,15m
2026-03-25 15:30:00-04:00,2.234999895095825,2.240000009536743,2.2200000286102295,2.2249999046325684,1359928,0.0,0.0,BITF,15m
2026-03-25 15:45:00-04:00,2.2249999046325684,2.234999895095825,2.200000047683716,2.2049999237060547,4120784,0.0,0.0,BITF,15m
2026-03-26 09:30:00-04:00,2.1549999713897705,2.2149999141693115,2.130000114440918,2.1891000270843506,2447975,0.0,0.0,BITF,15m
2026-03-26 09:45:00-04:00,2.184999942779541,2.244999885559082,2.184999942779541,2.244999885559082,1745097,0.0,0.0,BITF,15m
2026-03-26 10:00:00-04:00,2.244999885559082,2.25,2.200000047683716,2.210099935531616,855593,0.0,0.0,BITF,15m
2026-03-26 10:15:00-04:00,2.2100000381469727,2.2184998989105225,2.1649999618530273,2.200000047683716,1449528,0.0,0.0,BITF,15m
2026-03-26 10:30:00-04:00,2.200000047683716,2.2200000286102295,2.184999942779541,2.184999942779541,1156856,0.0,0.0,BITF,15m
2026-03-26 10:45:00-04:00,2.184999942779541,2.190000057220459,2.130000114440918,2.1403000354766846,1587850,0.0,0.0,BITF,15m
2026-03-26 11:00:00-04:00,2.149899959564209,2.1600000858306885,2.128200054168701,2.130000114440918,1269346,0.0,0.0,BITF,15m
2026-03-26 11:15:00-04:00,2.1201000213623047,2.130000114440918,2.119999885559082,2.125999927520752,554801,0.0,0.0,BITF,15m
2026-03-26 11:30:00-04:00,2.125,2.130000114440918,2.109999895095825,2.1198999881744385,604128,0.0,0.0,BITF,15m
2026-03-26 11:45:00-04:00,2.1198999881744385,2.140000104904175,2.109999895095825,2.134999990463257,737867,0.0,0.0,BITF,15m
2026-03-26 12:00:00-04:00,2.130000114440918,2.1500000953674316,2.125,2.134999990463257,914369,0.0,0.0,BITF,15m
2026-03-26 12:15:00-04:00,2.134999990463257,2.140000104904175,2.115000009536743,2.115000009536743,675572,0.0,0.0,BITF,15m
2026-03-26 12:30:00-04:00,2.1113998889923096,2.119999885559082,2.0999999046325684,2.109999895095825,1041729,0.0,0.0,BITF,15m
2026-03-26 12:45:00-04:00,2.109999895095825,2.1198999881744385,2.0799999237060547,2.115000009536743,1700634,0.0,0.0,BITF,15m
2026-03-26 13:00:00-04:00,2.115000009536743,2.119999885559082,2.109999895095825,2.109999895095825,134296,0.0,0.0,BITF,15m
2026-03-26 13:15:00-04:00,2.109999895095825,2.119999885559082,2.100100040435791,2.100100040435791,435693,0.0,0.0,BITF,15m
2026-03-26 13:30:00-04:00,2.109100103378296,2.1298999786376953,2.100100040435791,2.100600004196167,871331,0.0,0.0,BITF,15m
2026-03-26 13:45:00-04:00,2.1050000190734863,2.1098999977111816,2.0899999141693115,2.090100049972534,524963,0.0,0.0,BITF,15m
2026-03-26 14:00:00-04:00,2.0950000286102295,2.109999895095825,2.0899999141693115,2.1050000190734863,857127,0.0,0.0,BITF,15m
2026-03-26 14:15:00-04:00,2.1050000190734863,2.1050000190734863,2.0799999237060547,2.0799999237060547,212466,0.0,0.0,BITF,15m
2026-03-26 14:30:00-04:00,2.0799999237060547,2.0899999141693115,2.049999952316284,2.059999942779541,4257570,0.0,0.0,BITF,15m
2026-03-26 14:45:00-04:00,2.059999942779541,2.069999933242798,2.049999952316284,2.0601000785827637,1081654,0.0,0.0,BITF,15m
2026-03-26 15:00:00-04:00,2.069999933242798,2.069999933242798,2.0399999618530273,2.0450000762939453,460312,0.0,0.0,BITF,15m
2026-03-26 15:15:00-04:00,2.0399999618530273,2.059999942779541,2.0399999618530273,2.0450000762939453,929230,0.0,0.0,BITF,15m
2026-03-26 15:30:00-04:00,2.049999952316284,2.059999942779541,2.0399999618530273,2.055000066757202,817677,0.0,0.0,BITF,15m
2026-03-26 15:45:00-04:00,2.050299882888794,2.059999942779541,2.0299999713897705,2.055000066757202,6171782,0.0,0.0,BITF,15m
2026-03-27 09:30:00-04:00,2.0,2.009999990463257,1.934999942779541,1.9450000524520874,2910349,0.0,0.0,BITF,15m
2026-03-27 09:45:00-04:00,1.9479999542236328,1.9550000429153442,1.8799999952316284,1.9049999713897705,2762003,0.0,0.0,BITF,15m
2026-03-27 10:00:00-04:00,1.9049999713897705,1.9600000381469727,1.899999976158142,1.9500000476837158,1346304,0.0,0.0,BITF,15m
2026-03-27 10:15:00-04:00,1.9550000429153442,1.9600000381469727,1.9300999641418457,1.9368000030517578,1298103,0.0,0.0,BITF,15m
2026-03-27 10:30:00-04:00,1.9300999641418457,1.940000057220459,1.9299999475479126,1.9398000240325928,812005,0.0,0.0,BITF,15m
2026-03-27 10:45:00-04:00,1.934999942779541,1.9700000286102295,1.934999942779541,1.965000033378601,2331722,0.0,0.0,BITF,15m
2026-03-27 11:00:00-04:00,1.965000033378601,1.9700000286102295,1.9500000476837158,1.9550000429153442,651244,0.0,0.0,BITF,15m
2026-03-27 11:15:00-04:00,1.9500000476837158,1.9700000286102295,1.940000057220459,1.9699000120162964,949846,0.0,0.0,BITF,15m
2026-03-27 11:30:00-04:00,1.9699000120162964,1.9800000190734863,1.9600000381469727,1.965000033378601,792234,0.0,0.0,BITF,15m
2026-03-27 11:45:00-04:00,1.965000033378601,1.9700000286102295,1.9550000429153442,1.9550000429153442,897968,0.0,0.0,BITF,15m
2026-03-27 12:00:00-04:00,1.9550000429153442,1.9600000381469727,1.9400999546051025,1.9599000215530396,659945,0.0,0.0,BITF,15m
2026-03-27 12:15:00-04:00,1.9500999450683594,1.9700000286102295,1.9500000476837158,1.9600000381469727,359910,0.0,0.0,BITF,15m
2026-03-27 12:30:00-04:00,1.9601000547409058,1.9700000286102295,1.940000057220459,1.9496999979019165,555066,0.0,0.0,BITF,15m
2026-03-27 12:45:00-04:00,1.9499000310897827,1.9600000381469727,1.940000057220459,1.9450000524520874,831263,0.0,0.0,BITF,15m
2026-03-27 13:00:00-04:00,1.9450000524520874,1.9600000381469727,1.940000057220459,1.9501999616622925,519996,0.0,0.0,BITF,15m
2026-03-27 13:15:00-04:00,1.9550000429153442,1.9599000215530396,1.9299999475479126,1.9299999475479126,465044,0.0,0.0,BITF,15m
2026-03-27 13:30:00-04:00,1.9299999475479126,1.940000057220459,1.9199999570846558,1.9277000427246094,390603,0.0,0.0,BITF,15m
2026-03-27 13:45:00-04:00,1.9210000038146973,1.9299999475479126,1.910099983215332,1.9149999618530273,781217,0.0,0.0,BITF,15m
2026-03-27 14:00:00-04:00,1.9199999570846558,1.9299999475479126,1.9149999618530273,1.9199999570846558,412202,0.0,0.0,BITF,15m
2026-03-27 14:15:00-04:00,1.9249999523162842,1.9388999938964844,1.9199999570846558,1.9299999475479126,553920,0.0,0.0,BITF,15m
2026-03-27 14:30:00-04:00,1.934999942779541,1.965000033378601,1.9299999475479126,1.965000033378601,936696,0.0,0.0,BITF,15m
2026-03-27 14:45:00-04:00,1.965000033378601,1.9700000286102295,1.9500000476837158,1.9500000476837158,244920,0.0,0.0,BITF,15m
2026-03-27 15:00:00-04:00,1.9500000476837158,1.9550000429153442,1.940000057220459,1.9450000524520874,490232,0.0,0.0,BITF,15m
2026-03-27 15:15:00-04:00,1.9450000524520874,1.9592000246047974,1.9299999475479126,1.934999942779541,927060,0.0,0.0,BITF,15m
2026-03-27 15:30:00-04:00,1.940000057220459,1.9600000381469727,1.940000057220459,1.9550000429153442,1726138,0.0,0.0,BITF,15m
2026-03-27 15:45:00-04:00,1.9500000476837158,1.9800000190734863,1.940000057220459,1.965000033378601,4710654,0.0,0.0,BITF,15m
2026-03-30 09:30:00-04:00,2.0,2.0,1.9199999570846558,1.9299999475479126,2703264,0.0,0.0,BITF,15m
2026-03-30 09:45:00-04:00,1.9300999641418457,1.940000057220459,1.9049999713897705,1.909999966621399,1144276,0.0,0.0,BITF,15m
2026-03-30 10:00:00-04:00,1.9149999618530273,1.9249999523162842,1.899999976158142,1.9049999713897705,1057168,0.0,0.0,BITF,15m
2026-03-30 10:15:00-04:00,1.909999966621399,1.909999966621399,1.8700000047683716,1.8799999952316284,1370925,0.0,0.0,BITF,15m
2026-03-30 10:30:00-04:00,1.8798999786376953,1.8899999856948853,1.840000033378601,1.850000023841858,1453043,0.0,0.0,BITF,15m
2026-03-30 10:45:00-04:00,1.8450000286102295,1.8899999856948853,1.8401000499725342,1.8897000551223755,1533824,0.0,0.0,BITF,15m
2026-03-30 11:00:00-04:00,1.888700008392334,1.909999966621399,1.8799999952316284,1.8849999904632568,1190212,0.0,0.0,BITF,15m
2026-03-30 11:15:00-04:00,1.8802000284194946,1.8899999856948853,1.8600000143051147,1.8849999904632568,1289384,0.0,0.0,BITF,15m
2026-03-30 11:30:00-04:00,1.8849999904632568,1.899999976158142,1.8799999952316284,1.8949999809265137,1233819,0.0,0.0,BITF,15m
2026-03-30 11:45:00-04:00,1.8949999809265137,1.909999966621399,1.8799999952316284,1.909999966621399,2087171,0.0,0.0,BITF,15m
2026-03-30 12:00:00-04:00,1.899999976158142,1.9049999713897705,1.8899999856948853,1.8949999809265137,1033120,0.0,0.0,BITF,15m
2026-03-30 12:15:00-04:00,1.8899999856948853,1.899999976158142,1.8700000047683716,1.8701000213623047,1019931,0.0,0.0,BITF,15m
2026-03-30 12:30:00-04:00,1.875,1.8899999856948853,1.8700000047683716,1.8799999952316284,2334803,0.0,0.0,BITF,15m
2026-03-30 12:45:00-04:00,1.8801000118255615,1.8898999691009521,1.850000023841858,1.858199954032898,1208488,0.0,0.0,BITF,15m
2026-03-30 13:00:00-04:00,1.8597999811172485,1.8700000047683716,1.840000033378601,1.8417999744415283,1432907,0.0,0.0,BITF,15m
2026-03-30 13:15:00-04:00,1.8402999639511108,1.850000023841858,1.8200000524520874,1.8250000476837158,2041197,0.0,0.0,BITF,15m
2026-03-30 13:30:00-04:00,1.8250000476837158,1.850000023841858,1.8250000476837158,1.850000023841858,1126179,0.0,0.0,BITF,15m
2026-03-30 13:45:00-04:00,1.850000023841858,1.850000023841858,1.8200000524520874,1.8200000524520874,1559205,0.0,0.0,BITF,15m
2026-03-30 14:00:00-04:00,1.8250000476837158,1.840000033378601,1.8200000524520874,1.8299000263214111,1568192,0.0,0.0,BITF,15m
2026-03-30 14:15:00-04:00,1.8250000476837158,1.840000033378601,1.8200000524520874,1.8350000381469727,1192010,0.0,0.0,BITF,15m
2026-03-30 14:30:00-04:00,1.8350000381469727,1.8600000143051147,1.8300000429153442,1.8300000429153442,1403391,0.0,0.0,BITF,15m
2026-03-30 14:45:00-04:00,1.8300000429153442,1.839900016784668,1.7999999523162842,1.8049999475479126,1271425,0.0,0.0,BITF,15m
2026-03-30 15:00:00-04:00,1.8049999475479126,1.809999942779541,1.7949999570846558,1.809999942779541,1161938,0.0,0.0,BITF,15m
2026-03-30 15:15:00-04:00,1.809999942779541,1.8200000524520874,1.8000999689102173,1.809999942779541,550764,0.0,0.0,BITF,15m
2026-03-30 15:30:00-04:00,1.815000057220459,1.8300000429153442,1.809999942779541,1.8250000476837158,1058392,0.0,0.0,BITF,15m
2026-03-30 15:45:00-04:00,1.8200000524520874,1.840000033378601,1.8200000524520874,1.8300000429153442,2357084,0.0,0.0,BITF,15m
2026-03-31 09:30:00-04:00,1.8700000047683716,1.940000057220459,1.8600000143051147,1.8898999691009521,4036985,0.0,0.0,BITF,15m
2026-03-31 09:45:00-04:00,1.8899999856948853,1.9199999570846558,1.8849999904632568,1.9010000228881836,1365228,0.0,0.0,BITF,15m
2026-03-31 10:00:00-04:00,1.9098999500274658,1.940000057220459,1.8799999952316284,1.9399000406265259,1896770,0.0,0.0,BITF,15m
2026-03-31 10:15:00-04:00,1.934999942779541,1.9600000381469727,1.9299999475479126,1.9400999546051025,1394296,0.0,0.0,BITF,15m
2026-03-31 10:30:00-04:00,1.9450000524520874,1.9599000215530396,1.9149999618530273,1.929900050163269,1846661,0.0,0.0,BITF,15m
2026-03-31 10:45:00-04:00,1.9299999475479126,1.9399000406265259,1.8899999856948853,1.9049999713897705,2047108,0.0,0.0,BITF,15m
2026-03-31 11:00:00-04:00,1.9097000360488892,1.934999942779541,1.899999976158142,1.9276000261306763,1750769,0.0,0.0,BITF,15m
2026-03-31 11:15:00-04:00,1.929900050163269,1.940000057220459,1.9199999570846558,1.9249999523162842,1029235,0.0,0.0,BITF,15m
2026-03-31 11:30:00-04:00,1.9199999570846558,1.940000057220459,1.899999976158142,1.899999976158142,1704092,0.0,0.0,BITF,15m
2026-03-31 11:45:00-04:00,1.899999976158142,1.9149999618530273,1.8799999952316284,1.8799999952316284,1644423,0.0,0.0,BITF,15m
2026-03-31 12:00:00-04:00,1.8799999952316284,1.909999966621399,1.8799999952316284,1.9098999500274658,1269045,0.0,0.0,BITF,15m
2026-03-31 12:15:00-04:00,1.9049999713897705,1.9198999404907227,1.8899999856948853,1.9049999713897705,2128475,0.0,0.0,BITF,15m
2026-03-31 12:30:00-04:00,1.9016000032424927,1.9800000190734863,1.899999976158142,1.9699000120162964,1800964,0.0,0.0,BITF,15m
2026-03-31 12:45:00-04:00,1.965000033378601,1.9700000286102295,1.9368000030517578,1.9500000476837158,1453602,0.0,0.0,BITF,15m
2026-03-31 13:00:00-04:00,1.9500000476837158,1.9700000286102295,1.9299999475479126,1.9574999809265137,2326771,0.0,0.0,BITF,15m
2026-03-31 13:15:00-04:00,1.9550000429153442,1.9699000120162964,1.9299999475479126,1.934999942779541,924847,0.0,0.0,BITF,15m
2026-03-31 13:30:00-04:00,1.930799961090088,1.9500000476837158,1.9199999570846558,1.9249999523162842,1420490,0.0,0.0,BITF,15m
2026-03-31 13:45:00-04:00,1.929900050163269,1.9299999475479126,1.8901000022888184,1.9098999500274658,942165,0.0,0.0,BITF,15m
2026-03-31 14:00:00-04:00,1.9062999486923218,1.9299999475479126,1.899999976158142,1.9299999475479126,1379842,0.0,0.0,BITF,15m
2026-03-31 14:15:00-04:00,1.9299999475479126,1.940000057220459,1.9249999523162842,1.934999942779541,1709016,0.0,0.0,BITF,15m
2026-03-31 14:30:00-04:00,1.9390000104904175,1.9600000381469727,1.9299999475479126,1.934999942779541,2293654,0.0,0.0,BITF,15m
2026-03-31 14:45:00-04:00,1.9300999641418457,1.9500000476837158,1.9299999475479126,1.9499000310897827,2778924,0.0,0.0,BITF,15m
2026-03-31 15:00:00-04:00,1.9450000524520874,1.9500000476837158,1.9199999570846558,1.9285999536514282,2539615,0.0,0.0,BITF,15m
2026-03-31 15:15:00-04:00,1.9249999523162842,1.9299999475479126,1.909999966621399,1.9149999618530273,1442225,0.0,0.0,BITF,15m
2026-03-31 15:30:00-04:00,1.9199999570846558,1.940000057220459,1.909999966621399,1.934999942779541,1799953,0.0,0.0,BITF,15m
2026-03-31 15:45:00-04:00,1.934999942779541,1.975000023841858,1.9299999475479126,1.9500000476837158,4080389,0.0,0.0,BITF,15m
2026-04-01 09:30:00-04:00,1.9900000095367432,2.009999990463257,1.940000057220459,2.0099000930786133,3564292,0.0,0.0,BITF,15m
2026-04-01 09:45:00-04:00,2.005000114440918,2.0299999713897705,2.0,2.009999990463257,1502046,0.0,0.0,BITF,15m
2026-04-01 10:00:00-04:00,2.009999990463257,2.0299999713897705,1.9700000286102295,1.975000023841858,1107541,0.0,0.0,BITF,15m
2026-04-01 10:15:00-04:00,1.9799000024795532,2.005000114440918,1.9700000286102295,1.9800000190734863,1328721,0.0,0.0,BITF,15m
2026-04-01 10:30:00-04:00,1.9850000143051147,2.0,1.9600000381469727,1.975000023841858,1770603,0.0,0.0,BITF,15m
2026-04-01 10:45:00-04:00,1.9800000190734863,1.9900000095367432,1.9500000476837158,1.9900000095367432,1461850,0.0,0.0,BITF,15m
2026-04-01 11:00:00-04:00,1.9900000095367432,1.9900000095367432,1.9600000381469727,1.9701000452041626,1224359,0.0,0.0,BITF,15m
2026-04-01 11:15:00-04:00,1.975000023841858,1.9900000095367432,1.940000057220459,1.9450000524520874,2534562,0.0,0.0,BITF,15m
2026-04-01 11:30:00-04:00,1.9450000524520874,1.9600000381469727,1.940000057220459,1.9500999450683594,2009871,0.0,0.0,BITF,15m
2026-04-01 11:45:00-04:00,1.9599000215530396,1.9800000190734863,1.9550000429153442,1.9799000024795532,1409895,0.0,0.0,BITF,15m
2026-04-01 12:00:00-04:00,1.9800000190734863,1.9800000190734863,1.9601000547409058,1.9601000547409058,1256326,0.0,0.0,BITF,15m
2026-04-01 12:15:00-04:00,1.965000033378601,1.9900000095367432,1.9600000381469727,1.9670000076293945,1863257,0.0,0.0,BITF,15m
2026-04-01 12:30:00-04:00,1.9700000286102295,1.9900000095367432,1.960800051689148,1.9850000143051147,1213032,0.0,0.0,BITF,15m
2026-04-01 12:45:00-04:00,1.9850000143051147,1.9900000095367432,1.975000023841858,1.9850000143051147,1094249,0.0,0.0,BITF,15m
2026-04-01 13:00:00-04:00,1.98989999294281,2.009999990463257,1.9800000190734863,2.0,1029679,0.0,0.0,BITF,15m
2026-04-01 13:15:00-04:00,2.0051000118255615,2.009999990463257,1.9600000381469727,1.9602999687194824,1785460,0.0,0.0,BITF,15m
2026-04-01 13:30:00-04:00,1.9600000381469727,1.9700000286102295,1.9500000476837158,1.9600000381469727,819202,0.0,0.0,BITF,15m
2026-04-01 13:45:00-04:00,1.965000033378601,1.9700000286102295,1.9500000476837158,1.965000033378601,970895,0.0,0.0,BITF,15m
2026-04-01 14:00:00-04:00,1.9600000381469727,1.9700000286102295,1.9500000476837158,1.9600000381469727,1988316,0.0,0.0,BITF,15m
2026-04-01 14:15:00-04:00,1.9599000215530396,1.9600000381469727,1.9299999475479126,1.9485000371932983,2154397,0.0,0.0,BITF,15m
2026-04-01 14:30:00-04:00,1.9450000524520874,1.9699000120162964,1.940000057220459,1.9500999450683594,1918940,0.0,0.0,BITF,15m
2026-04-01 14:45:00-04:00,1.9500000476837158,1.9700000286102295,1.9500000476837158,1.9600000381469727,1184862,0.0,0.0,BITF,15m
2026-04-01 15:00:00-04:00,1.9600000381469727,1.9800000190734863,1.9600000381469727,1.9701000452041626,893175,0.0,0.0,BITF,15m
2026-04-01 15:15:00-04:00,1.9800000190734863,1.9800000190734863,1.9700000286102295,1.975000023841858,529867,0.0,0.0,BITF,15m
2026-04-01 15:30:00-04:00,1.9800000190734863,1.9800000190734863,1.9634000062942505,1.975000023841858,699539,0.0,0.0,BITF,15m
2026-04-01 15:45:00-04:00,1.9800000190734863,1.9850000143051147,1.9600000381469727,1.9609999656677246,4095341,0.0,0.0,BITF,15m
2026-04-02 09:30:00-04:00,1.8899999856948853,1.909999966621399,1.840000033378601,1.8650000095367432,2006201,0.0,0.0,BITF,15m
2026-04-02 09:45:00-04:00,1.8650000095367432,1.8949999809265137,1.8600000143051147,1.8803000450134277,985480,0.0,0.0,BITF,15m
2026-04-02 10:00:00-04:00,1.8849999904632568,1.909999966621399,1.8700000047683716,1.9098999500274658,1355582,0.0,0.0,BITF,15m
2026-04-02 10:15:00-04:00,1.9049999713897705,1.9199999570846558,1.8899999856948853,1.9049999713897705,1758094,0.0,0.0,BITF,15m
2026-04-02 10:30:00-04:00,1.899999976158142,1.9900000095367432,1.899999976158142,1.975000023841858,2686256,0.0,0.0,BITF,15m
2026-04-02 10:45:00-04:00,1.975000023841858,1.98989999294281,1.9500000476837158,1.9800000190734863,1885730,0.0,0.0,BITF,15m
2026-04-02 11:00:00-04:00,1.9801000356674194,1.9900000095367432,1.9600000381469727,1.9700000286102295,1967430,0.0,0.0,BITF,15m
2026-04-02 11:15:00-04:00,1.9700000286102295,1.9700000286102295,1.9299999475479126,1.9400999546051025,1812456,0.0,0.0,BITF,15m
2026-04-02 11:30:00-04:00,1.9450000524520874,1.9450000524520874,1.8899999856948853,1.899999976158142,3112080,0.0,0.0,BITF,15m
2026-04-02 11:45:00-04:00,1.8949999809265137,1.9299999475479126,1.8899999856948853,1.9249999523162842,2019536,0.0,0.0,BITF,15m
2026-04-02 12:00:00-04:00,1.9249999523162842,1.9499000310897827,1.909999966621399,1.9450000524520874,1503996,0.0,0.0,BITF,15m
2026-04-02 12:15:00-04:00,1.9450000524520874,1.9450000524520874,1.909999966621399,1.9249999523162842,1628480,0.0,0.0,BITF,15m
2026-04-02 12:30:00-04:00,1.9249999523162842,1.9500000476837158,1.9200999736785889,1.940000057220459,962797,0.0,0.0,BITF,15m
2026-04-02 12:45:00-04:00,1.934999942779541,1.9500000476837158,1.9299999475479126,1.9500000476837158,657836,0.0,0.0,BITF,15m
2026-04-02 13:00:00-04:00,1.9500000476837158,1.9550000429153442,1.9299999475479126,1.9550000429153442,650326,0.0,0.0,BITF,15m
2026-04-02 13:15:00-04:00,1.9600000381469727,1.9700000286102295,1.9500000476837158,1.9550000429153442,1792590,0.0,0.0,BITF,15m
2026-04-02 13:30:00-04:00,1.9550000429153442,1.9600000381469727,1.934999942779541,1.9450000524520874,814146,0.0,0.0,BITF,15m
2026-04-02 13:45:00-04:00,1.940000057220459,1.9500000476837158,1.9299999475479126,1.9300999641418457,509270,0.0,0.0,BITF,15m
2026-04-02 14:00:00-04:00,1.9300999641418457,1.940000057220459,1.9199999570846558,1.932800054550171,1464186,0.0,0.0,BITF,15m
2026-04-02 14:15:00-04:00,1.934999942779541,1.940000057220459,1.9199999570846558,1.934999942779541,1058162,0.0,0.0,BITF,15m
2026-04-02 14:30:00-04:00,1.9299999475479126,1.9499000310897827,1.9299999475479126,1.9450000524520874,312603,0.0,0.0,BITF,15m
2026-04-02 14:45:00-04:00,1.9450000524520874,1.9600000381469727,1.940000057220459,1.9500000476837158,934221,0.0,0.0,BITF,15m
2026-04-02 15:00:00-04:00,1.9550000429153442,1.9700000286102295,1.9550000429153442,1.966599941253662,860630,0.0,0.0,BITF,15m
2026-04-02 15:15:00-04:00,1.965000033378601,1.9700000286102295,1.9500000476837158,1.9550000429153442,617537,0.0,0.0,BITF,15m
2026-04-02 15:30:00-04:00,1.9550000429153442,1.9699000120162964,1.9500000476837158,1.9600000381469727,1065640,0.0,0.0,BITF,15m
2026-04-02 15:45:00-04:00,1.9600000381469727,1.9800000190734863,1.9500000476837158,1.9800000190734863,1774485,0.0,0.0,BITF,15m
