datetime,open,high,low,close,volume,dividends,stock_splits,ticker,interval
2026-01-22 09:30:00-05:00,28.530000686645508,28.889999389648438,28.530000686645508,28.839000701904297,13369,0.0,0.0,APPN,5m
2026-01-22 09:35:00-05:00,28.8302001953125,29.1200008392334,28.81999969482422,28.81999969482422,27538,0.0,0.0,APPN,5m
2026-01-22 09:40:00-05:00,28.825000762939453,28.940000534057617,28.825000762939453,28.940000534057617,2858,0.0,0.0,APPN,5m
2026-01-22 09:45:00-05:00,28.94499969482422,29.0,28.864999771118164,28.864999771118164,3353,0.0,0.0,APPN,5m
2026-01-22 09:50:00-05:00,28.799999237060547,29.017200469970703,28.799999237060547,29.017200469970703,2242,0.0,0.0,APPN,5m
2026-01-22 09:55:00-05:00,29.0,29.0,28.917800903320312,28.96500015258789,3701,0.0,0.0,APPN,5m
2026-01-22 10:00:00-05:00,28.975000381469727,29.239999771118164,28.975000381469727,29.235000610351562,4359,0.0,0.0,APPN,5m
2026-01-22 10:05:00-05:00,29.239999771118164,29.239999771118164,29.0,29.0,2670,0.0,0.0,APPN,5m
2026-01-22 10:10:00-05:00,29.0575008392334,29.15999984741211,29.030000686645508,29.030000686645508,5997,0.0,0.0,APPN,5m
2026-01-22 10:15:00-05:00,29.020000457763672,29.05500030517578,28.979999542236328,29.040000915527344,16618,0.0,0.0,APPN,5m
2026-01-22 10:20:00-05:00,29.030000686645508,29.139999389648438,29.010000228881836,29.1200008392334,9042,0.0,0.0,APPN,5m
2026-01-22 10:25:00-05:00,29.1200008392334,29.440000534057617,29.100000381469727,29.364999771118164,14551,0.0,0.0,APPN,5m
2026-01-22 10:30:00-05:00,29.356199264526367,29.54490089416504,29.356199264526367,29.496400833129883,10575,0.0,0.0,APPN,5m
2026-01-22 10:35:00-05:00,29.489999771118164,29.489999771118164,29.3700008392334,29.3700008392334,3459,0.0,0.0,APPN,5m
2026-01-22 10:40:00-05:00,29.389999389648438,29.649999618530273,29.31999969482422,29.6200008392334,8363,0.0,0.0,APPN,5m
2026-01-22 10:45:00-05:00,29.6200008392334,29.6200008392334,29.299999237060547,29.299999237060547,6724,0.0,0.0,APPN,5m
2026-01-22 10:50:00-05:00,29.242000579833984,29.290000915527344,29.139999389648438,29.229999542236328,9798,0.0,0.0,APPN,5m
2026-01-22 10:55:00-05:00,29.267499923706055,29.290000915527344,29.229999542236328,29.229999542236328,3559,0.0,0.0,APPN,5m
2026-01-22 11:00:00-05:00,29.229999542236328,29.25,29.229999542236328,29.25,2849,0.0,0.0,APPN,5m
2026-01-22 11:05:00-05:00,29.174999237060547,29.299999237060547,29.174999237060547,29.280000686645508,3390,0.0,0.0,APPN,5m
2026-01-22 11:10:00-05:00,29.290000915527344,29.31999969482422,29.280000686645508,29.280000686645508,2919,0.0,0.0,APPN,5m
2026-01-22 11:15:00-05:00,29.290000915527344,29.290000915527344,29.225900650024414,29.280000686645508,1303,0.0,0.0,APPN,5m
2026-01-22 11:20:00-05:00,29.290000915527344,29.290000915527344,29.149999618530273,29.149999618530273,4051,0.0,0.0,APPN,5m
2026-01-22 11:25:00-05:00,29.194400787353516,29.225000381469727,29.194400787353516,29.225000381469727,2222,0.0,0.0,APPN,5m
2026-01-22 11:30:00-05:00,29.229999542236328,29.229999542236328,29.170000076293945,29.200000762939453,1545,0.0,0.0,APPN,5m
2026-01-22 11:35:00-05:00,29.15999984741211,29.25,29.149999618530273,29.239999771118164,5849,0.0,0.0,APPN,5m
2026-01-22 11:40:00-05:00,29.209999084472656,29.209999084472656,29.170000076293945,29.190000534057617,3136,0.0,0.0,APPN,5m
2026-01-22 11:45:00-05:00,29.200000762939453,29.200000762939453,29.157800674438477,29.200000762939453,1740,0.0,0.0,APPN,5m
2026-01-22 11:50:00-05:00,29.200000762939453,29.200000762939453,29.1299991607666,29.177499771118164,3145,0.0,0.0,APPN,5m
2026-01-22 11:55:00-05:00,29.149999618530273,29.239999771118164,29.1200008392334,29.229999542236328,5605,0.0,0.0,APPN,5m
2026-01-22 12:00:00-05:00,29.200000762939453,29.239900588989258,29.200000762939453,29.225000381469727,1429,0.0,0.0,APPN,5m
2026-01-22 12:05:00-05:00,29.239999771118164,29.260000228881836,29.21500015258789,29.25,3689,0.0,0.0,APPN,5m
2026-01-22 12:10:00-05:00,29.229999542236328,29.229999542236328,29.209999084472656,29.229999542236328,3516,0.0,0.0,APPN,5m
2026-01-22 12:15:00-05:00,29.239999771118164,29.25,29.206499099731445,29.229999542236328,1607,0.0,0.0,APPN,5m
2026-01-22 12:20:00-05:00,29.209999084472656,29.219999313354492,29.15999984741211,29.165000915527344,3648,0.0,0.0,APPN,5m
2026-01-22 12:25:00-05:00,29.15999984741211,29.15999984741211,29.110000610351562,29.110000610351562,3078,0.0,0.0,APPN,5m
2026-01-22 12:30:00-05:00,29.139999389648438,29.190000534057617,29.139999389648438,29.18000030517578,4961,0.0,0.0,APPN,5m
2026-01-22 12:45:00-05:00,29.1299991607666,29.170000076293945,29.1299991607666,29.149999618530273,4103,0.0,0.0,APPN,5m
2026-01-22 12:50:00-05:00,29.149999618530273,29.149999618530273,29.104999542236328,29.104999542236328,1283,0.0,0.0,APPN,5m
2026-01-22 12:55:00-05:00,29.135000228881836,29.170000076293945,29.1200008392334,29.170000076293945,2807,0.0,0.0,APPN,5m
2026-01-22 13:00:00-05:00,29.190000534057617,29.22960090637207,29.18000030517578,29.219999313354492,3027,0.0,0.0,APPN,5m
2026-01-22 13:05:00-05:00,29.19499969482422,29.19499969482422,29.15999984741211,29.179899215698242,3297,0.0,0.0,APPN,5m
2026-01-22 13:10:00-05:00,29.18000030517578,29.190000534057617,29.147600173950195,29.147600173950195,2395,0.0,0.0,APPN,5m
2026-01-22 13:15:00-05:00,29.139999389648438,29.174999237060547,29.139999389648438,29.174999237060547,2399,0.0,0.0,APPN,5m
2026-01-22 13:20:00-05:00,29.174999237060547,29.200000762939453,29.17099952697754,29.184999465942383,5612,0.0,0.0,APPN,5m
2026-01-22 13:25:00-05:00,29.170000076293945,29.170000076293945,29.1299991607666,29.149999618530273,4648,0.0,0.0,APPN,5m
2026-01-22 13:30:00-05:00,29.110000610351562,29.149999618530273,29.084999084472656,29.139999389648438,5976,0.0,0.0,APPN,5m
2026-01-22 13:35:00-05:00,29.135000228881836,29.25,29.135000228881836,29.225000381469727,3322,0.0,0.0,APPN,5m
2026-01-22 13:40:00-05:00,29.200000762939453,29.21649932861328,29.200000762939453,29.200000762939453,899,0.0,0.0,APPN,5m
2026-01-22 13:45:00-05:00,29.20490074157715,29.20490074157715,29.170000076293945,29.184999465942383,3212,0.0,0.0,APPN,5m
2026-01-22 13:50:00-05:00,29.190000534057617,29.299999237060547,29.174999237060547,29.290000915527344,32475,0.0,0.0,APPN,5m
2026-01-22 13:55:00-05:00,29.243999481201172,29.309999465942383,29.229999542236328,29.2549991607666,23225,0.0,0.0,APPN,5m
2026-01-22 14:00:00-05:00,29.2549991607666,29.260000228881836,29.229999542236328,29.2450008392334,3099,0.0,0.0,APPN,5m
2026-01-22 14:05:00-05:00,29.2450008392334,29.260000228881836,29.219999313354492,29.239999771118164,3560,0.0,0.0,APPN,5m
2026-01-22 14:10:00-05:00,29.239999771118164,29.270000457763672,29.200000762939453,29.200000762939453,5894,0.0,0.0,APPN,5m
2026-01-22 14:15:00-05:00,29.079999923706055,29.125,29.079999923706055,29.125,1875,0.0,0.0,APPN,5m
2026-01-22 14:20:00-05:00,29.1299991607666,29.18000030517578,29.114999771118164,29.18000030517578,7330,0.0,0.0,APPN,5m
2026-01-22 14:25:00-05:00,29.18000030517578,29.200000762939453,29.1299991607666,29.139999389648438,4264,0.0,0.0,APPN,5m
2026-01-22 14:30:00-05:00,29.049999237060547,29.049999237060547,28.940000534057617,29.0,9514,0.0,0.0,APPN,5m
2026-01-22 14:35:00-05:00,29.0,29.059999465942383,29.0,29.059999465942383,3936,0.0,0.0,APPN,5m
2026-01-22 14:40:00-05:00,29.059999465942383,29.06999969482422,29.040000915527344,29.06999969482422,3761,0.0,0.0,APPN,5m
2026-01-22 14:45:00-05:00,29.049999237060547,29.1299991607666,29.024999618530273,29.1200008392334,8438,0.0,0.0,APPN,5m
2026-01-22 14:50:00-05:00,29.139999389648438,29.190000534057617,29.11750030517578,29.190000534057617,3037,0.0,0.0,APPN,5m
2026-01-22 14:55:00-05:00,29.200000762939453,29.229999542236328,29.19499969482422,29.21500015258789,5646,0.0,0.0,APPN,5m
2026-01-22 15:00:00-05:00,29.21500015258789,29.264999389648438,29.200000762939453,29.239999771118164,13265,0.0,0.0,APPN,5m
2026-01-22 15:05:00-05:00,29.260000228881836,29.260000228881836,29.104999542236328,29.104999542236328,5359,0.0,0.0,APPN,5m
2026-01-22 15:10:00-05:00,29.104999542236328,29.139999389648438,29.049999237060547,29.1200008392334,10255,0.0,0.0,APPN,5m
2026-01-22 15:15:00-05:00,29.145000457763672,29.149999618530273,29.100000381469727,29.110000610351562,5770,0.0,0.0,APPN,5m
2026-01-22 15:20:00-05:00,29.09000015258789,29.155000686645508,29.059999465942383,29.155000686645508,20281,0.0,0.0,APPN,5m
2026-01-22 15:25:00-05:00,29.1299991607666,29.211000442504883,29.1200008392334,29.211000442504883,13843,0.0,0.0,APPN,5m
2026-01-22 15:30:00-05:00,29.19499969482422,29.19499969482422,29.111000061035156,29.149999618530273,23258,0.0,0.0,APPN,5m
2026-01-22 15:35:00-05:00,29.140600204467773,29.149999618530273,29.049999237060547,29.062999725341797,20217,0.0,0.0,APPN,5m
2026-01-22 15:40:00-05:00,29.070600509643555,29.110000610351562,29.059999465942383,29.100000381469727,11783,0.0,0.0,APPN,5m
2026-01-22 15:45:00-05:00,29.100000381469727,29.209999084472656,29.079999923706055,29.209999084472656,27762,0.0,0.0,APPN,5m
2026-01-22 15:50:00-05:00,29.200000762939453,29.3700008392334,29.15999984741211,29.295000076293945,55669,0.0,0.0,APPN,5m
2026-01-22 15:55:00-05:00,29.309999465942383,29.360000610351562,29.2450008392334,29.360000610351562,199628,0.0,0.0,APPN,5m
2026-01-23 09:30:00-05:00,29.4950008392334,30.114999771118164,29.40999984741211,29.790000915527344,32711,0.0,0.0,APPN,5m
2026-01-23 09:35:00-05:00,29.740999221801758,29.790000915527344,29.545000076293945,29.649999618530273,8277,0.0,0.0,APPN,5m
2026-01-23 09:40:00-05:00,29.614999771118164,29.6299991607666,29.5,29.6299991607666,3981,0.0,0.0,APPN,5m
2026-01-23 09:45:00-05:00,29.59000015258789,29.68000030517578,29.459999084472656,29.59000015258789,9279,0.0,0.0,APPN,5m
2026-01-23 09:50:00-05:00,29.59000015258789,29.6200008392334,29.520000457763672,29.530000686645508,3340,0.0,0.0,APPN,5m
2026-01-23 09:55:00-05:00,29.600000381469727,29.68000030517578,29.530000686645508,29.594999313354492,5279,0.0,0.0,APPN,5m
2026-01-23 10:00:00-05:00,29.594999313354492,29.729999542236328,29.530000686645508,29.729999542236328,13222,0.0,0.0,APPN,5m
2026-01-23 10:05:00-05:00,29.71500015258789,29.739999771118164,29.649999618530273,29.69499969482422,6280,0.0,0.0,APPN,5m
2026-01-23 10:10:00-05:00,29.69499969482422,29.8700008392334,29.549999237060547,29.614999771118164,11329,0.0,0.0,APPN,5m
2026-01-23 10:15:00-05:00,29.65999984741211,29.700000762939453,29.485000610351562,29.485000610351562,8359,0.0,0.0,APPN,5m
2026-01-23 10:20:00-05:00,29.4950008392334,29.53499984741211,29.469999313354492,29.469999313354492,10982,0.0,0.0,APPN,5m
2026-01-23 10:25:00-05:00,29.44499969482422,29.579999923706055,29.440000534057617,29.565000534057617,15425,0.0,0.0,APPN,5m
2026-01-23 10:30:00-05:00,29.55500030517578,29.6200008392334,29.530000686645508,29.6200008392334,7699,0.0,0.0,APPN,5m
2026-01-23 10:35:00-05:00,29.6200008392334,29.6200008392334,29.540000915527344,29.549999237060547,5667,0.0,0.0,APPN,5m
2026-01-23 10:40:00-05:00,29.549999237060547,29.56999969482422,29.399999618530273,29.4325008392334,8577,0.0,0.0,APPN,5m
2026-01-23 10:45:00-05:00,29.469999313354492,29.540000915527344,29.389999389648438,29.440000534057617,30030,0.0,0.0,APPN,5m
2026-01-23 10:50:00-05:00,29.440000534057617,29.475000381469727,29.420000076293945,29.475000381469727,9447,0.0,0.0,APPN,5m
2026-01-23 10:55:00-05:00,29.489999771118164,29.520000457763672,29.260000228881836,29.295000076293945,45767,0.0,0.0,APPN,5m
2026-01-23 11:00:00-05:00,29.295000076293945,29.34000015258789,29.25,29.34000015258789,10341,0.0,0.0,APPN,5m
2026-01-23 11:05:00-05:00,29.3700008392334,29.3700008392334,29.31999969482422,29.31999969482422,69227,0.0,0.0,APPN,5m
2026-01-23 11:10:00-05:00,29.31999969482422,29.469999313354492,29.31999969482422,29.415000915527344,0,0.0,0.0,APPN,5m
2026-01-23 11:15:00-05:00,29.450000762939453,29.549999237060547,29.40999984741211,29.489999771118164,18679,0.0,0.0,APPN,5m
2026-01-23 11:20:00-05:00,29.489999771118164,29.489999771118164,29.3799991607666,29.385000228881836,26218,0.0,0.0,APPN,5m
2026-01-23 11:25:00-05:00,29.385000228881836,29.459999084472656,29.385000228881836,29.415000915527344,5968,0.0,0.0,APPN,5m
2026-01-23 11:30:00-05:00,29.440000534057617,29.520000457763672,29.440000534057617,29.46500015258789,15309,0.0,0.0,APPN,5m
2026-01-23 11:35:00-05:00,29.46500015258789,29.520000457763672,29.450599670410156,29.520000457763672,11152,0.0,0.0,APPN,5m
2026-01-23 11:40:00-05:00,29.549999237060547,29.56999969482422,29.530000686645508,29.56999969482422,4668,0.0,0.0,APPN,5m
2026-01-23 11:45:00-05:00,29.549999237060547,29.549999237060547,29.450000762939453,29.510000228881836,7297,0.0,0.0,APPN,5m
2026-01-23 11:50:00-05:00,29.520000457763672,29.52869987487793,29.496999740600586,29.500099182128906,86568,0.0,0.0,APPN,5m
2026-01-23 11:55:00-05:00,29.5,29.56999969482422,29.469999313354492,29.502199172973633,0,0.0,0.0,APPN,5m
2026-01-23 12:00:00-05:00,29.485000610351562,29.520000457763672,29.44499969482422,29.44499969482422,14298,0.0,0.0,APPN,5m
2026-01-23 12:05:00-05:00,29.44499969482422,29.44499969482422,29.341999053955078,29.354999542236328,10623,0.0,0.0,APPN,5m
2026-01-23 12:10:00-05:00,29.354999542236328,29.354999542236328,29.290000915527344,29.31100082397461,7454,0.0,0.0,APPN,5m
2026-01-23 12:15:00-05:00,29.315000534057617,29.3700008392334,29.315000534057617,29.31999969482422,6915,0.0,0.0,APPN,5m
2026-01-23 12:20:00-05:00,29.325000762939453,29.395000457763672,29.325000762939453,29.395000457763672,5707,0.0,0.0,APPN,5m
2026-01-23 12:25:00-05:00,29.381000518798828,29.40999984741211,29.30500030517578,29.40999984741211,7212,0.0,0.0,APPN,5m
2026-01-23 12:30:00-05:00,29.405000686645508,29.405000686645508,29.309999465942383,29.3700008392334,6295,0.0,0.0,APPN,5m
2026-01-23 12:35:00-05:00,29.3799991607666,29.440000534057617,29.375,29.399999618530273,12776,0.0,0.0,APPN,5m
2026-01-23 12:40:00-05:00,29.354999542236328,29.479999542236328,29.34589958190918,29.354999542236328,15125,0.0,0.0,APPN,5m
2026-01-23 12:45:00-05:00,29.3700008392334,29.479999542236328,29.3700008392334,29.479999542236328,8694,0.0,0.0,APPN,5m
2026-01-23 12:50:00-05:00,29.479999542236328,29.479999542236328,29.334999084472656,29.358999252319336,5758,0.0,0.0,APPN,5m
2026-01-23 12:55:00-05:00,29.3700008392334,29.549999237060547,29.3700008392334,29.540000915527344,7157,0.0,0.0,APPN,5m
2026-01-23 13:00:00-05:00,29.549999237060547,29.639999389648438,29.5,29.59000015258789,6233,0.0,0.0,APPN,5m
2026-01-23 13:05:00-05:00,29.579999923706055,29.6299991607666,29.520000457763672,29.59000015258789,8766,0.0,0.0,APPN,5m
2026-01-23 13:10:00-05:00,29.575000762939453,29.65999984741211,29.549999237060547,29.6200008392334,3477,0.0,0.0,APPN,5m
2026-01-23 13:15:00-05:00,29.639999389648438,29.639999389648438,29.579999923706055,29.584999084472656,4910,0.0,0.0,APPN,5m
2026-01-23 13:20:00-05:00,29.5049991607666,29.524999618530273,29.5,29.5049991607666,3354,0.0,0.0,APPN,5m
2026-01-23 13:25:00-05:00,29.520000457763672,29.645099639892578,29.520000457763672,29.645099639892578,6463,0.0,0.0,APPN,5m
2026-01-23 13:30:00-05:00,29.65999984741211,29.684999465942383,29.579999923706055,29.58650016784668,6703,0.0,0.0,APPN,5m
2026-01-23 13:35:00-05:00,29.59000015258789,29.639999389648438,29.559999465942383,29.559999465942383,4349,0.0,0.0,APPN,5m
2026-01-23 13:40:00-05:00,29.559999465942383,29.559999465942383,29.469999313354492,29.485000610351562,13815,0.0,0.0,APPN,5m
2026-01-23 13:45:00-05:00,29.485000610351562,29.530000686645508,29.485000610351562,29.489999771118164,5054,0.0,0.0,APPN,5m
2026-01-23 13:50:00-05:00,29.489999771118164,29.549999237060547,29.469999313354492,29.549999237060547,8021,0.0,0.0,APPN,5m
2026-01-23 13:55:00-05:00,29.549999237060547,29.575000762939453,29.520000457763672,29.575000762939453,5562,0.0,0.0,APPN,5m
2026-01-23 14:00:00-05:00,29.614999771118164,29.670000076293945,29.565000534057617,29.670000076293945,5711,0.0,0.0,APPN,5m
2026-01-23 14:05:00-05:00,29.665000915527344,29.889999389648438,29.665000915527344,29.8799991607666,9927,0.0,0.0,APPN,5m
2026-01-23 14:10:00-05:00,29.854999542236328,29.8700008392334,29.800100326538086,29.8700008392334,9641,0.0,0.0,APPN,5m
2026-01-23 14:15:00-05:00,29.860000610351562,29.8799991607666,29.81999969482422,29.864999771118164,7574,0.0,0.0,APPN,5m
2026-01-23 14:20:00-05:00,29.850000381469727,29.860000610351562,29.780000686645508,29.809999465942383,4252,0.0,0.0,APPN,5m
2026-01-23 14:25:00-05:00,29.818599700927734,29.829999923706055,29.729999542236328,29.809999465942383,21689,0.0,0.0,APPN,5m
2026-01-23 14:30:00-05:00,29.795000076293945,29.854999542236328,29.780000686645508,29.809999465942383,18685,0.0,0.0,APPN,5m
2026-01-23 14:35:00-05:00,29.790000915527344,29.790000915527344,29.625,29.719999313354492,7533,0.0,0.0,APPN,5m
2026-01-23 14:40:00-05:00,29.75,29.81999969482422,29.735000610351562,29.790800094604492,5936,0.0,0.0,APPN,5m
2026-01-23 14:45:00-05:00,29.81999969482422,29.81999969482422,29.719999313354492,29.809999465942383,20608,0.0,0.0,APPN,5m
2026-01-23 14:50:00-05:00,29.809999465942383,29.829999923706055,29.790000915527344,29.81999969482422,14507,0.0,0.0,APPN,5m
2026-01-23 14:55:00-05:00,29.786800384521484,29.899999618530273,29.786800384521484,29.850000381469727,16232,0.0,0.0,APPN,5m
2026-01-23 15:00:00-05:00,29.860000610351562,29.860000610351562,29.739999771118164,29.7450008392334,6820,0.0,0.0,APPN,5m
2026-01-23 15:05:00-05:00,29.739999771118164,29.780000686645508,29.727500915527344,29.7549991607666,4184,0.0,0.0,APPN,5m
2026-01-23 15:10:00-05:00,29.780000686645508,29.829999923706055,29.719999313354492,29.815000534057617,10143,0.0,0.0,APPN,5m
2026-01-23 15:15:00-05:00,29.809999465942383,29.8799991607666,29.780000686645508,29.780000686645508,13168,0.0,0.0,APPN,5m
2026-01-23 15:20:00-05:00,29.780000686645508,29.780000686645508,29.750999450683594,29.770000457763672,6005,0.0,0.0,APPN,5m
2026-01-23 15:25:00-05:00,29.764999389648438,30.020000457763672,29.764999389648438,29.989999771118164,27198,0.0,0.0,APPN,5m
2026-01-23 15:30:00-05:00,29.950000762939453,29.969999313354492,29.90999984741211,29.940000534057617,6357,0.0,0.0,APPN,5m
2026-01-23 15:35:00-05:00,29.950000762939453,29.989999771118164,29.889999389648438,29.899999618530273,15447,0.0,0.0,APPN,5m
2026-01-23 15:40:00-05:00,29.920000076293945,29.940000534057617,29.83099937438965,29.889999389648438,48745,0.0,0.0,APPN,5m
2026-01-23 15:45:00-05:00,29.899999618530273,29.920000076293945,29.790000915527344,29.815000534057617,22677,0.0,0.0,APPN,5m
2026-01-23 15:50:00-05:00,29.719999313354492,29.760000228881836,29.639999389648438,29.68000030517578,32132,0.0,0.0,APPN,5m
2026-01-23 15:55:00-05:00,29.649999618530273,29.770000457763672,29.6299991607666,29.719999313354492,100864,0.0,0.0,APPN,5m
2026-01-26 09:30:00-05:00,29.530000686645508,30.18000030517578,29.530000686645508,29.950000762939453,16064,0.0,0.0,APPN,5m
2026-01-26 09:35:00-05:00,29.954999923706055,29.959999084472656,29.81999969482422,29.829999923706055,4061,0.0,0.0,APPN,5m
2026-01-26 09:40:00-05:00,29.93000030517578,30.1299991607666,29.850000381469727,29.90999984741211,4126,0.0,0.0,APPN,5m
2026-01-26 09:45:00-05:00,29.829999923706055,30.03499984741211,29.790000915527344,30.0,7894,0.0,0.0,APPN,5m
2026-01-26 09:50:00-05:00,30.0,30.110000610351562,29.989999771118164,30.110000610351562,3773,0.0,0.0,APPN,5m
2026-01-26 09:55:00-05:00,30.0,30.06999969482422,29.920000076293945,29.93000030517578,4488,0.0,0.0,APPN,5m
2026-01-26 10:00:00-05:00,29.920000076293945,29.934999465942383,29.8799991607666,29.934999465942383,1894,0.0,0.0,APPN,5m
2026-01-26 10:05:00-05:00,29.950000762939453,30.08340072631836,29.950000762939453,30.020000457763672,3299,0.0,0.0,APPN,5m
2026-01-26 10:10:00-05:00,29.979999542236328,30.079999923706055,29.979999542236328,30.020000457763672,5148,0.0,0.0,APPN,5m
2026-01-26 10:15:00-05:00,30.110000610351562,30.239999771118164,30.110000610351562,30.239999771118164,3694,0.0,0.0,APPN,5m
2026-01-26 10:20:00-05:00,30.25,30.40999984741211,30.25,30.40999984741211,1456,0.0,0.0,APPN,5m
2026-01-26 10:25:00-05:00,30.389999389648438,30.479999542236328,30.315000534057617,30.315000534057617,9177,0.0,0.0,APPN,5m
2026-01-26 10:30:00-05:00,30.280000686645508,30.354799270629883,30.280000686645508,30.34749984741211,3261,0.0,0.0,APPN,5m
2026-01-26 10:35:00-05:00,30.344999313354492,30.3700008392334,30.219999313354492,30.229999542236328,3117,0.0,0.0,APPN,5m
2026-01-26 10:40:00-05:00,30.170000076293945,30.170000076293945,30.079999923706055,30.139999389648438,6024,0.0,0.0,APPN,5m
2026-01-26 10:45:00-05:00,30.170000076293945,30.170000076293945,30.110000610351562,30.110000610351562,2136,0.0,0.0,APPN,5m
2026-01-26 10:50:00-05:00,30.149999618530273,30.15999984741211,30.100099563598633,30.104999542236328,2796,0.0,0.0,APPN,5m
2026-01-26 10:55:00-05:00,30.139999389648438,30.232999801635742,30.070100784301758,30.18000030517578,14887,0.0,0.0,APPN,5m
2026-01-26 11:00:00-05:00,30.209999084472656,30.209999084472656,30.120100021362305,30.189899444580078,3591,0.0,0.0,APPN,5m
2026-01-26 11:05:00-05:00,30.1200008392334,30.15999984741211,30.09000015258789,30.09000015258789,2818,0.0,0.0,APPN,5m
2026-01-26 11:10:00-05:00,30.079999923706055,30.110000610351562,30.059999465942383,30.09000015258789,3899,0.0,0.0,APPN,5m
2026-01-26 11:15:00-05:00,30.014999389648438,30.05500030517578,30.014999389648438,30.030000686645508,3101,0.0,0.0,APPN,5m
2026-01-26 11:20:00-05:00,29.9950008392334,30.030000686645508,29.9950008392334,30.030000686645508,1383,0.0,0.0,APPN,5m
2026-01-26 11:25:00-05:00,30.020000457763672,30.084800720214844,30.010000228881836,30.084800720214844,4821,0.0,0.0,APPN,5m
2026-01-26 11:30:00-05:00,30.100000381469727,30.100000381469727,30.06999969482422,30.06999969482422,1178,0.0,0.0,APPN,5m
2026-01-26 11:35:00-05:00,30.079999923706055,30.100000381469727,30.079999923706055,30.100000381469727,2089,0.0,0.0,APPN,5m
2026-01-26 11:40:00-05:00,30.06999969482422,30.09000015258789,30.049999237060547,30.09000015258789,2374,0.0,0.0,APPN,5m
2026-01-26 11:45:00-05:00,30.083499908447266,30.110000610351562,30.079999923706055,30.110000610351562,3899,0.0,0.0,APPN,5m
2026-01-26 11:50:00-05:00,30.09000015258789,30.100000381469727,30.059999465942383,30.059999465942383,2544,0.0,0.0,APPN,5m
2026-01-26 11:55:00-05:00,30.010000228881836,30.03499984741211,29.950000762939453,29.959999084472656,3437,0.0,0.0,APPN,5m
2026-01-26 12:00:00-05:00,29.94499969482422,30.0,29.940000534057617,30.0,8545,0.0,0.0,APPN,5m
2026-01-26 12:05:00-05:00,30.0,30.040000915527344,30.0,30.040000915527344,1783,0.0,0.0,APPN,5m
2026-01-26 12:10:00-05:00,30.030000686645508,30.030000686645508,29.950000762939453,29.950000762939453,5880,0.0,0.0,APPN,5m
2026-01-26 12:15:00-05:00,29.954999923706055,29.989999771118164,29.954999923706055,29.989999771118164,1560,0.0,0.0,APPN,5m
2026-01-26 12:20:00-05:00,30.0,30.040000915527344,30.0,30.024999618530273,3345,0.0,0.0,APPN,5m
2026-01-26 12:25:00-05:00,30.049999237060547,30.049999237060547,30.040000915527344,30.040000915527344,1341,0.0,0.0,APPN,5m
2026-01-26 12:30:00-05:00,30.06999969482422,30.110000610351562,30.06999969482422,30.110000610351562,2388,0.0,0.0,APPN,5m
2026-01-26 12:35:00-05:00,30.149999618530273,30.350000381469727,30.1299991607666,30.190000534057617,14917,0.0,0.0,APPN,5m
2026-01-26 12:40:00-05:00,30.149999618530273,30.209999084472656,30.149999618530273,30.170000076293945,2064,0.0,0.0,APPN,5m
2026-01-26 12:45:00-05:00,30.170000076293945,30.200000762939453,30.15999984741211,30.18239974975586,3733,0.0,0.0,APPN,5m
2026-01-26 12:50:00-05:00,30.149999618530273,30.190000534057617,30.149999618530273,30.15999984741211,2270,0.0,0.0,APPN,5m
2026-01-26 12:55:00-05:00,30.110000610351562,30.110000610351562,30.09000015258789,30.094999313354492,1254,0.0,0.0,APPN,5m
2026-01-26 13:00:00-05:00,30.06999969482422,30.09000015258789,30.040000915527344,30.065000534057617,2907,0.0,0.0,APPN,5m
2026-01-26 13:05:00-05:00,30.030000686645508,30.049999237060547,30.020000457763672,30.040000915527344,2831,0.0,0.0,APPN,5m
2026-01-26 13:10:00-05:00,30.030000686645508,30.03499984741211,30.014999389648438,30.03499984741211,1646,0.0,0.0,APPN,5m
2026-01-26 13:15:00-05:00,30.020000457763672,30.059999465942383,30.020000457763672,30.059999465942383,4088,0.0,0.0,APPN,5m
2026-01-26 13:20:00-05:00,30.059999465942383,30.06999969482422,30.010000228881836,30.010000228881836,3488,0.0,0.0,APPN,5m
2026-01-26 13:25:00-05:00,30.020000457763672,30.049999237060547,30.020000457763672,30.049999237060547,4526,0.0,0.0,APPN,5m
2026-01-26 13:30:00-05:00,30.030000686645508,30.049999237060547,29.992399215698242,29.999000549316406,1651,0.0,0.0,APPN,5m
2026-01-26 13:35:00-05:00,30.0,30.010000228881836,29.950000762939453,29.950000762939453,4057,0.0,0.0,APPN,5m
2026-01-26 13:40:00-05:00,29.920000076293945,29.950000762939453,29.899999618530273,29.934999465942383,4709,0.0,0.0,APPN,5m
2026-01-26 13:45:00-05:00,29.920000076293945,29.920000076293945,29.860000610351562,29.860000610351562,3082,0.0,0.0,APPN,5m
2026-01-26 13:50:00-05:00,29.864999771118164,29.889999389648438,29.864999771118164,29.8700008392334,3096,0.0,0.0,APPN,5m
2026-01-26 13:55:00-05:00,29.84000015258789,29.860000610351562,29.780000686645508,29.780000686645508,2637,0.0,0.0,APPN,5m
2026-01-26 14:00:00-05:00,29.780000686645508,29.829999923706055,29.7549991607666,29.790000915527344,3935,0.0,0.0,APPN,5m
2026-01-26 14:05:00-05:00,29.790000915527344,29.81999969482422,29.770000457763672,29.81999969482422,3897,0.0,0.0,APPN,5m
2026-01-26 14:10:00-05:00,29.860000610351562,29.860000610351562,29.829999923706055,29.860000610351562,4214,0.0,0.0,APPN,5m
2026-01-26 14:15:00-05:00,29.860000610351562,29.887399673461914,29.827499389648438,29.887399673461914,2735,0.0,0.0,APPN,5m
2026-01-26 14:20:00-05:00,29.8700008392334,29.8700008392334,29.81999969482422,29.860000610351562,2059,0.0,0.0,APPN,5m
2026-01-26 14:25:00-05:00,29.860000610351562,29.860000610351562,29.829999923706055,29.860000610351562,2792,0.0,0.0,APPN,5m
2026-01-26 14:30:00-05:00,29.84000015258789,29.90999984741211,29.84000015258789,29.896499633789062,6220,0.0,0.0,APPN,5m
2026-01-26 14:35:00-05:00,29.89349937438965,30.05500030517578,29.89349937438965,29.989999771118164,9139,0.0,0.0,APPN,5m
2026-01-26 14:40:00-05:00,30.040000915527344,30.040000915527344,29.954999923706055,29.954999923706055,2175,0.0,0.0,APPN,5m
2026-01-26 14:45:00-05:00,29.950000762939453,29.979999542236328,29.93000030517578,29.979999542236328,2955,0.0,0.0,APPN,5m
2026-01-26 14:50:00-05:00,29.979999542236328,29.989999771118164,29.93000030517578,29.959999084472656,3395,0.0,0.0,APPN,5m
2026-01-26 14:55:00-05:00,29.959999084472656,29.979999542236328,29.93199920654297,29.959999084472656,3773,0.0,0.0,APPN,5m
2026-01-26 15:00:00-05:00,29.96500015258789,30.110000610351562,29.950000762939453,30.110000610351562,9441,0.0,0.0,APPN,5m
2026-01-26 15:05:00-05:00,30.094999313354492,30.1299991607666,30.094999313354492,30.110000610351562,2299,0.0,0.0,APPN,5m
2026-01-26 15:10:00-05:00,30.1200008392334,30.15999984741211,30.09000015258789,30.145000457763672,6811,0.0,0.0,APPN,5m
2026-01-26 15:15:00-05:00,30.1299991607666,30.15999984741211,30.083499908447266,30.110000610351562,3677,0.0,0.0,APPN,5m
2026-01-26 15:20:00-05:00,30.1299991607666,30.149999618530273,30.020000457763672,30.070999145507812,7069,0.0,0.0,APPN,5m
2026-01-26 15:25:00-05:00,30.075000762939453,30.09000015258789,30.040000915527344,30.079999923706055,3020,0.0,0.0,APPN,5m
2026-01-26 15:30:00-05:00,30.062999725341797,30.110000610351562,30.062999725341797,30.110000610351562,5058,0.0,0.0,APPN,5m
2026-01-26 15:35:00-05:00,30.110000610351562,30.110000610351562,30.040000915527344,30.059999465942383,7207,0.0,0.0,APPN,5m
2026-01-26 15:40:00-05:00,30.06999969482422,30.06999969482422,30.040000915527344,30.040000915527344,7069,0.0,0.0,APPN,5m
2026-01-26 15:45:00-05:00,30.042699813842773,30.06999969482422,30.0,30.0,16108,0.0,0.0,APPN,5m
2026-01-26 15:50:00-05:00,30.010000228881836,30.020000457763672,29.940000534057617,30.003000259399414,20721,0.0,0.0,APPN,5m
2026-01-26 15:55:00-05:00,30.030000686645508,30.079999923706055,30.020000457763672,30.059999465942383,57544,0.0,0.0,APPN,5m
2026-01-27 09:30:00-05:00,30.770000457763672,31.200000762939453,30.670000076293945,30.989999771118164,44416,0.0,0.0,APPN,5m
2026-01-27 09:35:00-05:00,30.90999984741211,30.90999984741211,29.795000076293945,29.795000076293945,10843,0.0,0.0,APPN,5m
2026-01-27 09:40:00-05:00,29.790000915527344,29.790000915527344,29.520000457763672,29.520000457763672,1043,0.0,0.0,APPN,5m
2026-01-27 09:45:00-05:00,29.520000457763672,29.639999389648438,29.200000762939453,29.6299991607666,12683,0.0,0.0,APPN,5m
2026-01-27 09:50:00-05:00,29.610000610351562,29.670000076293945,29.555099487304688,29.6299991607666,6232,0.0,0.0,APPN,5m
2026-01-27 09:55:00-05:00,29.559999465942383,29.56999969482422,29.239999771118164,29.280000686645508,5629,0.0,0.0,APPN,5m
2026-01-27 10:00:00-05:00,29.274999618530273,29.53499984741211,29.274999618530273,29.479999542236328,9024,0.0,0.0,APPN,5m
2026-01-27 10:05:00-05:00,29.5,29.56999969482422,29.489999771118164,29.56999969482422,2833,0.0,0.0,APPN,5m
2026-01-27 10:10:00-05:00,29.59000015258789,29.84000015258789,29.59000015258789,29.829999923706055,3570,0.0,0.0,APPN,5m
2026-01-27 10:15:00-05:00,29.690000534057617,29.700000762939453,29.690000534057617,29.700000762939453,1162,0.0,0.0,APPN,5m
2026-01-27 10:20:00-05:00,29.739999771118164,29.739999771118164,29.705299377441406,29.719999313354492,2212,0.0,0.0,APPN,5m
2026-01-27 10:25:00-05:00,29.684999465942383,29.700000762939453,29.610000610351562,29.610000610351562,2452,0.0,0.0,APPN,5m
2026-01-27 10:30:00-05:00,29.594999313354492,29.65999984741211,29.5,29.65999984741211,3125,0.0,0.0,APPN,5m
2026-01-27 10:35:00-05:00,29.635000228881836,29.690000534057617,29.579999923706055,29.690000534057617,1785,0.0,0.0,APPN,5m
2026-01-27 10:40:00-05:00,29.690000534057617,29.75,29.6200008392334,29.6200008392334,2967,0.0,0.0,APPN,5m
2026-01-27 10:45:00-05:00,29.570100784301758,29.690000534057617,29.570100784301758,29.670000076293945,3373,0.0,0.0,APPN,5m
2026-01-27 10:50:00-05:00,29.600000381469727,29.670000076293945,29.600000381469727,29.639999389648438,1763,0.0,0.0,APPN,5m
2026-01-27 10:55:00-05:00,29.6299991607666,29.649999618530273,29.627500534057617,29.6299991607666,1386,0.0,0.0,APPN,5m
2026-01-27 11:00:00-05:00,29.600000381469727,29.6299991607666,29.59000015258789,29.600000381469727,2102,0.0,0.0,APPN,5m
2026-01-27 11:05:00-05:00,29.63800048828125,29.700000762939453,29.6200008392334,29.670000076293945,2659,0.0,0.0,APPN,5m
2026-01-27 11:10:00-05:00,29.65999984741211,29.68000030517578,29.649999618530273,29.649999618530273,2098,0.0,0.0,APPN,5m
2026-01-27 11:15:00-05:00,29.65999984741211,29.704999923706055,29.6200008392334,29.6299991607666,3613,0.0,0.0,APPN,5m
2026-01-27 11:20:00-05:00,29.700000762939453,29.700000762939453,29.6200008392334,29.6200008392334,5433,0.0,0.0,APPN,5m
2026-01-27 11:25:00-05:00,29.6200008392334,29.65999984741211,29.584999084472656,29.65999984741211,7468,0.0,0.0,APPN,5m
2026-01-27 11:30:00-05:00,29.6299991607666,29.635000228881836,29.6299991607666,29.635000228881836,805,0.0,0.0,APPN,5m
2026-01-27 11:35:00-05:00,29.6200008392334,29.68000030517578,29.6200008392334,29.68000030517578,2492,0.0,0.0,APPN,5m
2026-01-27 11:40:00-05:00,29.700000762939453,29.770000457763672,29.68000030517578,29.770000457763672,3616,0.0,0.0,APPN,5m
2026-01-27 11:45:00-05:00,29.799999237060547,29.829999923706055,29.790000915527344,29.829999923706055,2170,0.0,0.0,APPN,5m
2026-01-27 11:50:00-05:00,29.809999465942383,29.850000381469727,29.790000915527344,29.850000381469727,1078,0.0,0.0,APPN,5m
2026-01-27 11:55:00-05:00,29.850000381469727,29.90999984741211,29.850000381469727,29.854999542236328,2959,0.0,0.0,APPN,5m
2026-01-27 12:00:00-05:00,29.8799991607666,29.889999389648438,29.87980079650879,29.8799991607666,2222,0.0,0.0,APPN,5m
2026-01-27 12:05:00-05:00,29.899999618530273,29.899999618530273,29.844999313354492,29.844999313354492,1244,0.0,0.0,APPN,5m
2026-01-27 12:10:00-05:00,29.760000228881836,29.770000457763672,29.709999084472656,29.709999084472656,2440,0.0,0.0,APPN,5m
2026-01-27 12:15:00-05:00,29.729999542236328,29.790000915527344,29.729999542236328,29.774999618530273,2717,0.0,0.0,APPN,5m
2026-01-27 12:20:00-05:00,29.760000228881836,29.770000457763672,29.75,29.760000228881836,1859,0.0,0.0,APPN,5m
2026-01-27 12:25:00-05:00,29.75,29.780000686645508,29.75,29.760000228881836,1372,0.0,0.0,APPN,5m
2026-01-27 12:30:00-05:00,29.729999542236328,29.760000228881836,29.729999542236328,29.75,1126,0.0,0.0,APPN,5m
2026-01-27 12:35:00-05:00,29.75,29.770000457763672,29.709999084472656,29.709999084472656,2063,0.0,0.0,APPN,5m
2026-01-27 12:40:00-05:00,29.700000762939453,29.719999313354492,29.700000762939453,29.719999313354492,1613,0.0,0.0,APPN,5m
2026-01-27 12:45:00-05:00,29.666000366210938,29.719999313354492,29.666000366210938,29.709999084472656,3579,0.0,0.0,APPN,5m
2026-01-27 12:50:00-05:00,29.739999771118164,29.739999771118164,29.65999984741211,29.65999984741211,1882,0.0,0.0,APPN,5m
2026-01-27 12:55:00-05:00,29.68000030517578,29.68000030517578,29.670000076293945,29.670000076293945,651,0.0,0.0,APPN,5m
2026-01-27 13:00:00-05:00,29.68000030517578,29.719999313354492,29.68000030517578,29.719999313354492,1831,0.0,0.0,APPN,5m
2026-01-27 13:05:00-05:00,29.719999313354492,29.719999313354492,29.700000762939453,29.719999313354492,1355,0.0,0.0,APPN,5m
2026-01-27 13:10:00-05:00,29.719999313354492,29.729999542236328,29.690000534057617,29.719999313354492,2324,0.0,0.0,APPN,5m
2026-01-27 13:15:00-05:00,29.725000381469727,29.729999542236328,29.725000381469727,29.729999542236328,1244,0.0,0.0,APPN,5m
2026-01-27 13:20:00-05:00,29.729999542236328,29.799999237060547,29.719999313354492,29.799999237060547,4450,0.0,0.0,APPN,5m
2026-01-27 13:25:00-05:00,29.815000534057617,29.815000534057617,29.780000686645508,29.790000915527344,2152,0.0,0.0,APPN,5m
2026-01-27 13:30:00-05:00,29.799999237060547,29.799999237060547,29.799999237060547,29.799999237060547,445,0.0,0.0,APPN,5m
2026-01-27 13:35:00-05:00,29.809999465942383,29.809999465942383,29.7549991607666,29.7549991607666,2065,0.0,0.0,APPN,5m
2026-01-27 13:40:00-05:00,29.760000228881836,29.809999465942383,29.760000228881836,29.799999237060547,3284,0.0,0.0,APPN,5m
2026-01-27 13:45:00-05:00,29.795000076293945,29.795000076293945,29.75,29.75,948,0.0,0.0,APPN,5m
2026-01-27 13:50:00-05:00,29.770000457763672,29.770000457763672,29.75,29.770000457763672,3195,0.0,0.0,APPN,5m
2026-01-27 13:55:00-05:00,29.770000457763672,29.780000686645508,29.7549991607666,29.7549991607666,2683,0.0,0.0,APPN,5m
2026-01-27 14:00:00-05:00,29.729999542236328,29.729999542236328,29.56999969482422,29.625,6515,0.0,0.0,APPN,5m
2026-01-27 14:05:00-05:00,29.6299991607666,29.632400512695312,29.565000534057617,29.565000534057617,2024,0.0,0.0,APPN,5m
2026-01-27 14:10:00-05:00,29.565000534057617,29.565000534057617,29.565000534057617,29.565000534057617,3639,0.0,0.0,APPN,5m
2026-01-27 14:15:00-05:00,29.565000534057617,29.59000015258789,29.565000534057617,29.579999923706055,1405,0.0,0.0,APPN,5m
2026-01-27 14:20:00-05:00,29.559999465942383,29.559999465942383,29.55500030517578,29.55500030517578,1536,0.0,0.0,APPN,5m
2026-01-27 14:25:00-05:00,29.55500030517578,29.674999237060547,29.540000915527344,29.65999984741211,7535,0.0,0.0,APPN,5m
2026-01-27 14:30:00-05:00,29.6299991607666,29.649999618530273,29.6299991607666,29.649999618530273,2415,0.0,0.0,APPN,5m
2026-01-27 14:35:00-05:00,29.639999389648438,29.639999389648438,29.459999084472656,29.520000457763672,14088,0.0,0.0,APPN,5m
2026-01-27 14:40:00-05:00,29.53499984741211,29.579999923706055,29.53499984741211,29.579999923706055,3150,0.0,0.0,APPN,5m
2026-01-27 14:45:00-05:00,29.567899703979492,29.56999969482422,29.540000915527344,29.56999969482422,3526,0.0,0.0,APPN,5m
2026-01-27 14:50:00-05:00,29.610000610351562,29.6299991607666,29.600000381469727,29.610000610351562,3386,0.0,0.0,APPN,5m
2026-01-27 14:55:00-05:00,29.610000610351562,29.65999984741211,29.610000610351562,29.656600952148438,3137,0.0,0.0,APPN,5m
2026-01-27 15:00:00-05:00,29.649999618530273,29.719999313354492,29.625,29.700000762939453,10949,0.0,0.0,APPN,5m
2026-01-27 15:05:00-05:00,29.709999084472656,29.729999542236328,29.700000762939453,29.729999542236328,13614,0.0,0.0,APPN,5m
2026-01-27 15:10:00-05:00,29.700000762939453,29.729999542236328,29.65999984741211,29.670000076293945,6228,0.0,0.0,APPN,5m
2026-01-27 15:15:00-05:00,29.709999084472656,29.739999771118164,29.69499969482422,29.69499969482422,3765,0.0,0.0,APPN,5m
2026-01-27 15:20:00-05:00,29.69499969482422,29.719999313354492,29.690000534057617,29.700000762939453,4202,0.0,0.0,APPN,5m
2026-01-27 15:25:00-05:00,29.700000762939453,29.700000762939453,29.649999618530273,29.670000076293945,5910,0.0,0.0,APPN,5m
2026-01-27 15:30:00-05:00,29.639999389648438,29.68000030517578,29.639999389648438,29.68000030517578,2653,0.0,0.0,APPN,5m
2026-01-27 15:35:00-05:00,29.67060089111328,29.739999771118164,29.649999618530273,29.739999771118164,9155,0.0,0.0,APPN,5m
2026-01-27 15:40:00-05:00,29.739999771118164,29.84000015258789,29.739999771118164,29.809999465942383,14057,0.0,0.0,APPN,5m
2026-01-27 15:45:00-05:00,29.795000076293945,29.850000381469727,29.780000686645508,29.825000762939453,12411,0.0,0.0,APPN,5m
2026-01-27 15:50:00-05:00,29.809999465942383,29.809999465942383,29.770000457763672,29.795000076293945,16763,0.0,0.0,APPN,5m
2026-01-27 15:55:00-05:00,29.809999465942383,29.954999923706055,29.780000686645508,29.8799991607666,83779,0.0,0.0,APPN,5m
2026-01-28 09:30:00-05:00,30.149999618530273,30.59000015258789,30.125,30.59000015258789,22107,0.0,0.0,APPN,5m
2026-01-28 09:35:00-05:00,30.450000762939453,30.790000915527344,30.360000610351562,30.78499984741211,22327,0.0,0.0,APPN,5m
2026-01-28 09:40:00-05:00,30.8700008392334,31.049999237060547,30.770000457763672,30.889999389648438,13429,0.0,0.0,APPN,5m
2026-01-28 09:45:00-05:00,31.0,31.059999465942383,30.780000686645508,30.899999618530273,40590,0.0,0.0,APPN,5m
2026-01-28 09:50:00-05:00,31.0,31.149999618530273,30.899999618530273,31.024999618530273,32257,0.0,0.0,APPN,5m
2026-01-28 09:55:00-05:00,31.030000686645508,31.059999465942383,30.844999313354492,30.924999237060547,3838,0.0,0.0,APPN,5m
2026-01-28 10:00:00-05:00,30.80900001525879,31.0,30.729999542236328,30.860000610351562,5736,0.0,0.0,APPN,5m
2026-01-28 10:05:00-05:00,30.709999084472656,30.93000030517578,30.709999084472656,30.864999771118164,3786,0.0,0.0,APPN,5m
2026-01-28 10:10:00-05:00,30.799999237060547,30.88450050354004,30.716800689697266,30.80500030517578,25867,0.0,0.0,APPN,5m
2026-01-28 10:15:00-05:00,30.678600311279297,30.940000534057617,30.65999984741211,30.729999542236328,9030,0.0,0.0,APPN,5m
2026-01-28 10:20:00-05:00,30.750200271606445,30.809999465942383,30.639999389648438,30.639999389648438,6090,0.0,0.0,APPN,5m
2026-01-28 10:25:00-05:00,30.549999237060547,30.780000686645508,30.549999237060547,30.717500686645508,4158,0.0,0.0,APPN,5m
2026-01-28 10:30:00-05:00,30.68000030517578,30.68000030517578,30.450000762939453,30.520000457763672,4585,0.0,0.0,APPN,5m
2026-01-28 10:35:00-05:00,30.420000076293945,30.479999542236328,30.290000915527344,30.395000457763672,5741,0.0,0.0,APPN,5m
2026-01-28 10:40:00-05:00,30.43000030517578,30.489999771118164,30.34000015258789,30.399999618530273,8099,0.0,0.0,APPN,5m
2026-01-28 10:45:00-05:00,30.34000015258789,30.399999618530273,30.15999984741211,30.15999984741211,7614,0.0,0.0,APPN,5m
2026-01-28 10:50:00-05:00,30.100000381469727,30.2450008392334,30.059999465942383,30.2450008392334,7320,0.0,0.0,APPN,5m
2026-01-28 10:55:00-05:00,30.260000228881836,30.280000686645508,30.170000076293945,30.219999313354492,2701,0.0,0.0,APPN,5m
2026-01-28 11:00:00-05:00,30.219999313354492,30.219999313354492,30.139999389648438,30.139999389648438,3729,0.0,0.0,APPN,5m
2026-01-28 11:05:00-05:00,30.104999542236328,30.190000534057617,30.100000381469727,30.149999618530273,3725,0.0,0.0,APPN,5m
2026-01-28 11:10:00-05:00,30.1299991607666,30.25,30.1299991607666,30.25,2292,0.0,0.0,APPN,5m
2026-01-28 11:15:00-05:00,30.209999084472656,30.229999542236328,30.170000076293945,30.170000076293945,3090,0.0,0.0,APPN,5m
2026-01-28 11:20:00-05:00,30.170000076293945,30.270000457763672,30.170000076293945,30.260000228881836,6194,0.0,0.0,APPN,5m
2026-01-28 11:25:00-05:00,30.270000457763672,30.270000457763672,30.25,30.260000228881836,2858,0.0,0.0,APPN,5m
2026-01-28 11:30:00-05:00,30.229999542236328,30.260000228881836,30.149999618530273,30.260000228881836,4973,0.0,0.0,APPN,5m
2026-01-28 11:35:00-05:00,30.27750015258789,30.27750015258789,30.229999542236328,30.229999542236328,3118,0.0,0.0,APPN,5m
2026-01-28 11:40:00-05:00,30.200000762939453,30.200000762939453,30.15999984741211,30.165000915527344,2047,0.0,0.0,APPN,5m
2026-01-28 11:45:00-05:00,30.190000534057617,30.209999084472656,30.190000534057617,30.204999923706055,2046,0.0,0.0,APPN,5m
2026-01-28 11:50:00-05:00,30.229999542236328,30.239999771118164,30.229999542236328,30.239999771118164,1292,0.0,0.0,APPN,5m
2026-01-28 11:55:00-05:00,30.260000228881836,30.28499984741211,30.260000228881836,30.270000457763672,2386,0.0,0.0,APPN,5m
2026-01-28 12:00:00-05:00,30.299999237060547,30.315000534057617,30.260000228881836,30.270000457763672,3486,0.0,0.0,APPN,5m
2026-01-28 12:05:00-05:00,30.280000686645508,30.309999465942383,30.280000686645508,30.280000686645508,2353,0.0,0.0,APPN,5m
2026-01-28 12:10:00-05:00,30.270000457763672,30.420000076293945,30.270000457763672,30.420000076293945,6148,0.0,0.0,APPN,5m
2026-01-28 12:15:00-05:00,30.350000381469727,30.389999389648438,30.350000381469727,30.389999389648438,1420,0.0,0.0,APPN,5m
2026-01-28 12:20:00-05:00,30.375,30.40999984741211,30.299999237060547,30.299999237060547,2952,0.0,0.0,APPN,5m
2026-01-28 12:25:00-05:00,30.34000015258789,30.34000015258789,30.264999389648438,30.280000686645508,1450,0.0,0.0,APPN,5m
2026-01-28 12:30:00-05:00,30.264999389648438,30.264999389648438,30.135000228881836,30.209999084472656,4862,0.0,0.0,APPN,5m
2026-01-28 12:35:00-05:00,30.209999084472656,30.209999084472656,30.190000534057617,30.190000534057617,1549,0.0,0.0,APPN,5m
2026-01-28 12:40:00-05:00,30.200000762939453,30.209999084472656,30.15999984741211,30.184999465942383,2638,0.0,0.0,APPN,5m
2026-01-28 12:45:00-05:00,30.219999313354492,30.2549991607666,30.219999313354492,30.2549991607666,1365,0.0,0.0,APPN,5m
2026-01-28 12:50:00-05:00,30.257999420166016,30.260000228881836,30.25,30.25,2152,0.0,0.0,APPN,5m
2026-01-28 12:55:00-05:00,30.2549991607666,30.350000381469727,30.239999771118164,30.350000381469727,5684,0.0,0.0,APPN,5m
2026-01-28 13:00:00-05:00,30.360000610351562,30.3799991607666,30.34000015258789,30.3799991607666,4782,0.0,0.0,APPN,5m
2026-01-28 13:05:00-05:00,30.360000610351562,30.375,30.34000015258789,30.350000381469727,2231,0.0,0.0,APPN,5m
2026-01-28 13:10:00-05:00,30.3700008392334,30.389999389648438,30.350000381469727,30.350000381469727,1241,0.0,0.0,APPN,5m
2026-01-28 13:15:00-05:00,30.360000610351562,30.3700008392334,30.350000381469727,30.3700008392334,1433,0.0,0.0,APPN,5m
2026-01-28 13:20:00-05:00,30.3799991607666,30.389999389648438,30.3700008392334,30.3700008392334,1686,0.0,0.0,APPN,5m
2026-01-28 13:25:00-05:00,30.360000610351562,30.3700008392334,30.350000381469727,30.3700008392334,2644,0.0,0.0,APPN,5m
2026-01-28 13:30:00-05:00,30.3799991607666,30.399999618530273,30.3799991607666,30.399999618530273,1793,0.0,0.0,APPN,5m
2026-01-28 13:35:00-05:00,30.43000030517578,30.475000381469727,30.43000030517578,30.475000381469727,3741,0.0,0.0,APPN,5m
2026-01-28 13:40:00-05:00,30.450000762939453,30.559999465942383,30.450000762939453,30.549999237060547,3043,0.0,0.0,APPN,5m
2026-01-28 13:45:00-05:00,30.540000915527344,30.549999237060547,30.489999771118164,30.5,4524,0.0,0.0,APPN,5m
2026-01-28 13:50:00-05:00,30.5049991607666,30.540000915527344,30.5,30.5,5577,0.0,0.0,APPN,5m
2026-01-28 13:55:00-05:00,30.469999313354492,30.469999313354492,30.40999984741211,30.40999984741211,2507,0.0,0.0,APPN,5m
2026-01-28 14:00:00-05:00,30.389999389648438,30.459999084472656,30.309999465942383,30.3700008392334,6967,0.0,0.0,APPN,5m
2026-01-28 14:05:00-05:00,30.3799991607666,30.40999984741211,30.360000610351562,30.40999984741211,2705,0.0,0.0,APPN,5m
2026-01-28 14:10:00-05:00,30.329999923706055,30.329999923706055,30.315000534057617,30.31999969482422,2963,0.0,0.0,APPN,5m
2026-01-28 14:15:00-05:00,30.344999313354492,30.360000610351562,30.31999969482422,30.360000610351562,2694,0.0,0.0,APPN,5m
2026-01-28 14:20:00-05:00,30.350000381469727,30.350000381469727,30.290000915527344,30.315000534057617,2102,0.0,0.0,APPN,5m
2026-01-28 14:25:00-05:00,30.299999237060547,30.309999465942383,30.1200008392334,30.1200008392334,7020,0.0,0.0,APPN,5m
2026-01-28 14:30:00-05:00,30.040000915527344,30.450000762939453,30.040000915527344,30.139999389648438,22921,0.0,0.0,APPN,5m
2026-01-28 14:35:00-05:00,30.170000076293945,30.25,30.104999542236328,30.209999084472656,8966,0.0,0.0,APPN,5m
2026-01-28 14:40:00-05:00,30.239999771118164,30.280000686645508,30.209999084472656,30.209999084472656,5404,0.0,0.0,APPN,5m
2026-01-28 14:45:00-05:00,30.239999771118164,30.34000015258789,30.239999771118164,30.31999969482422,4211,0.0,0.0,APPN,5m
2026-01-28 14:50:00-05:00,30.34000015258789,30.420000076293945,30.34000015258789,30.420000076293945,2315,0.0,0.0,APPN,5m
2026-01-28 14:55:00-05:00,30.399999618530273,30.405000686645508,30.360000610351562,30.364999771118164,3601,0.0,0.0,APPN,5m
2026-01-28 15:00:00-05:00,30.364999771118164,30.364999771118164,30.280000686645508,30.31999969482422,4432,0.0,0.0,APPN,5m
2026-01-28 15:05:00-05:00,30.309999465942383,30.329999923706055,30.299999237060547,30.299999237060547,4081,0.0,0.0,APPN,5m
2026-01-28 15:10:00-05:00,30.299999237060547,30.34000015258789,30.280000686645508,30.30500030517578,4860,0.0,0.0,APPN,5m
2026-01-28 15:15:00-05:00,30.280000686645508,30.280000686645508,30.2549991607666,30.270000457763672,1738,0.0,0.0,APPN,5m
2026-01-28 15:20:00-05:00,30.260000228881836,30.270000457763672,30.239999771118164,30.25,9963,0.0,0.0,APPN,5m
2026-01-28 15:25:00-05:00,30.239999771118164,30.239999771118164,30.18000030517578,30.18000030517578,5478,0.0,0.0,APPN,5m
2026-01-28 15:30:00-05:00,30.18000030517578,30.200000762939453,30.1299991607666,30.1299991607666,6578,0.0,0.0,APPN,5m
2026-01-28 15:35:00-05:00,30.084999084472656,30.125,30.059999465942383,30.125,8686,0.0,0.0,APPN,5m
2026-01-28 15:40:00-05:00,30.125,30.139999389648438,30.084999084472656,30.139999389648438,7432,0.0,0.0,APPN,5m
2026-01-28 15:45:00-05:00,30.145000457763672,30.149999618530273,30.040000915527344,30.100000381469727,9367,0.0,0.0,APPN,5m
2026-01-28 15:50:00-05:00,30.100000381469727,30.18000030517578,30.05769920349121,30.18000030517578,21071,0.0,0.0,APPN,5m
2026-01-28 15:55:00-05:00,30.190000534057617,30.225000381469727,30.15999984741211,30.209999084472656,53171,0.0,0.0,APPN,5m
2026-01-29 09:30:00-05:00,29.639999389648438,29.639999389648438,28.309999465942383,28.959999084472656,38536,0.0,0.0,APPN,5m
2026-01-29 09:35:00-05:00,28.954999923706055,29.399999618530273,28.610000610351562,29.299999237060547,22728,0.0,0.0,APPN,5m
2026-01-29 09:40:00-05:00,29.094999313354492,29.094999313354492,28.3700008392334,28.399999618530273,8809,0.0,0.0,APPN,5m
2026-01-29 09:45:00-05:00,28.43000030517578,29.059999465942383,28.43000030517578,28.899999618530273,40865,0.0,0.0,APPN,5m
2026-01-29 09:50:00-05:00,28.8700008392334,28.989999771118164,28.75,28.8700008392334,20571,0.0,0.0,APPN,5m
2026-01-29 09:55:00-05:00,28.782699584960938,28.90999984741211,28.469999313354492,28.485000610351562,5377,0.0,0.0,APPN,5m
2026-01-29 10:00:00-05:00,28.485000610351562,29.1299991607666,28.479999542236328,29.030000686645508,39441,0.0,0.0,APPN,5m
2026-01-29 10:05:00-05:00,29.059999465942383,29.31999969482422,29.059999465942383,29.270000457763672,12769,0.0,0.0,APPN,5m
2026-01-29 10:10:00-05:00,29.395000457763672,29.459999084472656,29.239999771118164,29.459999084472656,2822,0.0,0.0,APPN,5m
2026-01-29 10:15:00-05:00,29.450000762939453,29.469999313354492,29.100000381469727,29.100000381469727,13101,0.0,0.0,APPN,5m
2026-01-29 10:20:00-05:00,29.09000015258789,29.170000076293945,29.09000015258789,29.110000610351562,3051,0.0,0.0,APPN,5m
2026-01-29 10:25:00-05:00,29.104999542236328,29.18000030517578,29.0,29.040000915527344,13616,0.0,0.0,APPN,5m
2026-01-29 10:30:00-05:00,28.940000534057617,28.96500015258789,28.940000534057617,28.96500015258789,2583,0.0,0.0,APPN,5m
2026-01-29 10:35:00-05:00,28.93000030517578,28.989999771118164,28.8799991607666,28.924999237060547,9973,0.0,0.0,APPN,5m
2026-01-29 10:40:00-05:00,28.885000228881836,29.0137996673584,28.875,29.010000228881836,3167,0.0,0.0,APPN,5m
2026-01-29 10:45:00-05:00,28.979999542236328,28.979999542236328,28.774999618530273,28.81999969482422,30062,0.0,0.0,APPN,5m
2026-01-29 10:50:00-05:00,28.790000915527344,28.790000915527344,28.6299991607666,28.670000076293945,11333,0.0,0.0,APPN,5m
2026-01-29 10:55:00-05:00,28.68000030517578,28.84000015258789,28.68000030517578,28.7450008392334,11338,0.0,0.0,APPN,5m
2026-01-29 11:00:00-05:00,28.719999313354492,28.760000228881836,28.709999084472656,28.75,3883,0.0,0.0,APPN,5m
2026-01-29 11:05:00-05:00,28.742700576782227,28.7450008392334,28.67889976501465,28.7450008392334,8939,0.0,0.0,APPN,5m
2026-01-29 11:10:00-05:00,28.739999771118164,28.780000686645508,28.645000457763672,28.655000686645508,10491,0.0,0.0,APPN,5m
2026-01-29 11:15:00-05:00,28.649999618530273,28.719999313354492,28.600000381469727,28.6200008392334,19753,0.0,0.0,APPN,5m
2026-01-29 11:20:00-05:00,28.611600875854492,28.6299991607666,28.559999465942383,28.600000381469727,8385,0.0,0.0,APPN,5m
2026-01-29 11:25:00-05:00,28.600000381469727,28.610000610351562,28.43000030517578,28.520000457763672,8087,0.0,0.0,APPN,5m
2026-01-29 11:30:00-05:00,28.5049991607666,28.530000686645508,28.450000762939453,28.450000762939453,6911,0.0,0.0,APPN,5m
2026-01-29 11:35:00-05:00,28.440000534057617,28.56999969482422,28.43000030517578,28.5,13861,0.0,0.0,APPN,5m
2026-01-29 11:40:00-05:00,28.540000915527344,28.6200008392334,28.520000457763672,28.6200008392334,6838,0.0,0.0,APPN,5m
2026-01-29 11:45:00-05:00,28.68000030517578,28.809999465942383,28.68000030517578,28.770000457763672,4842,0.0,0.0,APPN,5m
2026-01-29 11:50:00-05:00,28.770000457763672,28.770000457763672,28.65999984741211,28.65999984741211,11532,0.0,0.0,APPN,5m
2026-01-29 11:55:00-05:00,28.635000228881836,28.635000228881836,28.635000228881836,28.635000228881836,580,0.0,0.0,APPN,5m
2026-01-29 12:00:00-05:00,28.649999618530273,28.68000030517578,28.6299991607666,28.639999389648438,1814,0.0,0.0,APPN,5m
2026-01-29 12:05:00-05:00,28.639999389648438,28.68000030517578,28.6299991607666,28.665000915527344,2979,0.0,0.0,APPN,5m
2026-01-29 12:10:00-05:00,28.639999389648438,28.790000915527344,28.6200008392334,28.77750015258789,7528,0.0,0.0,APPN,5m
2026-01-29 12:15:00-05:00,28.780000686645508,28.84000015258789,28.770000457763672,28.820499420166016,4315,0.0,0.0,APPN,5m
2026-01-29 12:20:00-05:00,28.825000762939453,28.825000762939453,28.799999237060547,28.81999969482422,1899,0.0,0.0,APPN,5m
2026-01-29 12:25:00-05:00,28.844999313354492,28.844999313354492,28.584999084472656,28.645000457763672,11595,0.0,0.0,APPN,5m
2026-01-29 12:30:00-05:00,28.665000915527344,28.690000534057617,28.600000381469727,28.600000381469727,5366,0.0,0.0,APPN,5m
2026-01-29 12:35:00-05:00,28.600000381469727,28.670000076293945,28.579999923706055,28.639999389648438,8292,0.0,0.0,APPN,5m
2026-01-29 12:40:00-05:00,28.6200008392334,28.6200008392334,28.540000915527344,28.545000076293945,7708,0.0,0.0,APPN,5m
2026-01-29 12:45:00-05:00,28.510000228881836,28.510000228881836,28.389999389648438,28.389999389648438,5329,0.0,0.0,APPN,5m
2026-01-29 12:50:00-05:00,28.40999984741211,28.510000228881836,28.40999984741211,28.450000762939453,7850,0.0,0.0,APPN,5m
2026-01-29 12:55:00-05:00,28.419599533081055,28.450000762939453,28.419599533081055,28.44499969482422,4435,0.0,0.0,APPN,5m
2026-01-29 13:00:00-05:00,28.44499969482422,28.579999923706055,28.3799991607666,28.540000915527344,18118,0.0,0.0,APPN,5m
2026-01-29 13:05:00-05:00,28.549999237060547,28.579999923706055,28.524999618530273,28.579999923706055,3899,0.0,0.0,APPN,5m
2026-01-29 13:10:00-05:00,28.599899291992188,28.600000381469727,28.53499984741211,28.59000015258789,4501,0.0,0.0,APPN,5m
2026-01-29 13:15:00-05:00,28.55500030517578,28.690000534057617,28.55500030517578,28.68000030517578,8098,0.0,0.0,APPN,5m
2026-01-29 13:20:00-05:00,28.665000915527344,28.709999084472656,28.65999984741211,28.65999984741211,4576,0.0,0.0,APPN,5m
2026-01-29 13:25:00-05:00,28.690000534057617,28.790000915527344,28.6781005859375,28.790000915527344,4678,0.0,0.0,APPN,5m
2026-01-29 13:30:00-05:00,28.770000457763672,28.889999389648438,28.739999771118164,28.81999969482422,17330,0.0,0.0,APPN,5m
2026-01-29 13:35:00-05:00,28.809999465942383,28.809999465942383,28.700000762939453,28.75,5225,0.0,0.0,APPN,5m
2026-01-29 13:40:00-05:00,28.75,28.770000457763672,28.719999313354492,28.75,3794,0.0,0.0,APPN,5m
2026-01-29 13:45:00-05:00,28.75,28.75,28.690000534057617,28.729999542236328,5432,0.0,0.0,APPN,5m
2026-01-29 13:50:00-05:00,28.739999771118164,28.770000457763672,28.729999542236328,28.7549991607666,5886,0.0,0.0,APPN,5m
2026-01-29 13:55:00-05:00,28.770000457763672,28.81999969482422,28.719999313354492,28.719999313354492,4350,0.0,0.0,APPN,5m
2026-01-29 14:00:00-05:00,28.674999237060547,28.760000228881836,28.674999237060547,28.719999313354492,7822,0.0,0.0,APPN,5m
2026-01-29 14:05:00-05:00,28.729999542236328,28.780000686645508,28.729999542236328,28.780000686645508,3201,0.0,0.0,APPN,5m
2026-01-29 14:10:00-05:00,28.760000228881836,28.81999969482422,28.760000228881836,28.809999465942383,3222,0.0,0.0,APPN,5m
2026-01-29 14:15:00-05:00,28.809999465942383,28.84000015258789,28.780000686645508,28.809999465942383,5422,0.0,0.0,APPN,5m
2026-01-29 14:20:00-05:00,28.780000686645508,28.780000686645508,28.729999542236328,28.739999771118164,9600,0.0,0.0,APPN,5m
2026-01-29 14:25:00-05:00,28.75,28.760000228881836,28.719999313354492,28.760000228881836,7202,0.0,0.0,APPN,5m
2026-01-29 14:30:00-05:00,28.739999771118164,28.75,28.65999984741211,28.700000762939453,17234,0.0,0.0,APPN,5m
2026-01-29 14:35:00-05:00,28.700000762939453,28.787599563598633,28.700000762939453,28.75,4043,0.0,0.0,APPN,5m
2026-01-29 14:40:00-05:00,28.735000610351562,28.735000610351562,28.665000915527344,28.716800689697266,9248,0.0,0.0,APPN,5m
2026-01-29 14:45:00-05:00,28.739999771118164,28.7450008392334,28.670000076293945,28.670000076293945,5009,0.0,0.0,APPN,5m
2026-01-29 14:50:00-05:00,28.670000076293945,28.719999313354492,28.649999618530273,28.662500381469727,8697,0.0,0.0,APPN,5m
2026-01-29 14:55:00-05:00,28.690000534057617,28.850000381469727,28.665000915527344,28.825000762939453,10258,0.0,0.0,APPN,5m
2026-01-29 15:00:00-05:00,28.825000762939453,28.860000610351562,28.780000686645508,28.829999923706055,22411,0.0,0.0,APPN,5m
2026-01-29 15:05:00-05:00,28.829999923706055,28.84000015258789,28.809999465942383,28.84000015258789,9671,0.0,0.0,APPN,5m
2026-01-29 15:10:00-05:00,28.81999969482422,28.899999618530273,28.520000457763672,28.5216007232666,73855,0.0,0.0,APPN,5m
2026-01-29 15:15:00-05:00,28.510000228881836,28.530000686645508,28.44499969482422,28.489999771118164,14320,0.0,0.0,APPN,5m
2026-01-29 15:20:00-05:00,28.485000610351562,28.524999618530273,28.459999084472656,28.5,12389,0.0,0.0,APPN,5m
2026-01-29 15:25:00-05:00,28.485000610351562,28.549999237060547,28.485000610351562,28.549999237060547,11108,0.0,0.0,APPN,5m
2026-01-29 15:30:00-05:00,28.540000915527344,28.639999389648438,28.507999420166016,28.507999420166016,11739,0.0,0.0,APPN,5m
2026-01-29 15:35:00-05:00,28.5049991607666,28.540000915527344,28.434999465942383,28.485000610351562,31787,0.0,0.0,APPN,5m
2026-01-29 15:40:00-05:00,28.47089958190918,28.625,28.47089958190918,28.5625,25690,0.0,0.0,APPN,5m
2026-01-29 15:45:00-05:00,28.59000015258789,28.639999389648438,28.56999969482422,28.579999923706055,10548,0.0,0.0,APPN,5m
2026-01-29 15:50:00-05:00,28.59000015258789,28.850000381469727,28.59000015258789,28.84000015258789,27363,0.0,0.0,APPN,5m
2026-01-29 15:55:00-05:00,28.829999923706055,28.8700008392334,28.780000686645508,28.8700008392334,63662,0.0,0.0,APPN,5m
2026-01-30 09:30:00-05:00,28.65999984741211,28.700000762939453,28.549999237060547,28.610000610351562,11573,0.0,0.0,APPN,5m
2026-01-30 09:35:00-05:00,28.56999969482422,28.56999969482422,28.56999969482422,28.56999969482422,1466,0.0,0.0,APPN,5m
2026-01-30 09:40:00-05:00,28.389999389648438,28.399999618530273,28.100000381469727,28.222999572753906,6702,0.0,0.0,APPN,5m
2026-01-30 09:45:00-05:00,28.100000381469727,28.100000381469727,27.770000457763672,28.09000015258789,6621,0.0,0.0,APPN,5m
2026-01-30 09:50:00-05:00,28.1299991607666,28.40999984741211,28.1299991607666,28.344999313354492,8558,0.0,0.0,APPN,5m
2026-01-30 09:55:00-05:00,28.309999465942383,28.315000534057617,28.200000762939453,28.200000762939453,6603,0.0,0.0,APPN,5m
2026-01-30 10:00:00-05:00,28.260000228881836,28.309999465942383,28.190000534057617,28.190000534057617,5587,0.0,0.0,APPN,5m
2026-01-30 10:05:00-05:00,28.204999923706055,28.395000457763672,28.204999923706055,28.280000686645508,11212,0.0,0.0,APPN,5m
2026-01-30 10:10:00-05:00,28.270000457763672,28.280000686645508,28.190000534057617,28.209999084472656,8085,0.0,0.0,APPN,5m
2026-01-30 10:15:00-05:00,28.229999542236328,28.25,28.1299991607666,28.229999542236328,7332,0.0,0.0,APPN,5m
2026-01-30 10:20:00-05:00,28.200000762939453,28.200000762939453,28.145000457763672,28.145000457763672,1922,0.0,0.0,APPN,5m
2026-01-30 10:25:00-05:00,28.1299991607666,28.139999389648438,28.010000228881836,28.049999237060547,4988,0.0,0.0,APPN,5m
2026-01-30 10:30:00-05:00,28.049999237060547,28.139999389648438,28.049999237060547,28.0674991607666,7266,0.0,0.0,APPN,5m
2026-02-02 14:00:00-05:00,27.0,27.020000457763672,27.0,27.010000228881836,411265,0.0,0.0,APPN,5m
2026-02-02 14:05:00-05:00,27.010000228881836,27.010000228881836,26.985000610351562,26.989999771118164,250015,0.0,0.0,APPN,5m
2026-02-02 14:10:00-05:00,26.989999771118164,27.0,26.90999984741211,26.90999984741211,0,0.0,0.0,APPN,5m
2026-02-02 14:15:00-05:00,26.90999984741211,26.940000534057617,26.899999618530273,26.899999618530273,5737,0.0,0.0,APPN,5m
2026-02-02 14:20:00-05:00,26.90999984741211,27.020000457763672,26.889999389648438,27.010000228881836,16714,0.0,0.0,APPN,5m
2026-02-02 14:25:00-05:00,26.989999771118164,27.0049991607666,26.924999237060547,26.940000534057617,8068,0.0,0.0,APPN,5m
2026-02-02 14:30:00-05:00,26.940000534057617,26.940000534057617,26.850000381469727,26.895000457763672,8194,0.0,0.0,APPN,5m
2026-02-02 14:35:00-05:00,26.8799991607666,26.889999389648438,26.850000381469727,26.8799991607666,7968,0.0,0.0,APPN,5m
2026-02-02 14:40:00-05:00,26.889999389648438,26.889999389648438,26.84000015258789,26.8799991607666,9474,0.0,0.0,APPN,5m
2026-02-02 14:45:00-05:00,26.8799991607666,26.8799991607666,26.850000381469727,26.850000381469727,8256,0.0,0.0,APPN,5m
2026-02-02 14:50:00-05:00,26.850000381469727,26.850000381469727,26.790000915527344,26.799999237060547,24414,0.0,0.0,APPN,5m
2026-02-02 14:55:00-05:00,26.790000915527344,26.959999084472656,26.729999542236328,26.729999542236328,28037,0.0,0.0,APPN,5m
2026-02-02 15:00:00-05:00,26.760000228881836,26.895000457763672,26.6299991607666,26.834999084472656,35791,0.0,0.0,APPN,5m
2026-02-02 15:05:00-05:00,26.84000015258789,26.940000534057617,26.829999923706055,26.940000534057617,9165,0.0,0.0,APPN,5m
2026-02-02 15:10:00-05:00,26.920000076293945,26.920000076293945,26.780000686645508,26.84000015258789,9785,0.0,0.0,APPN,5m
2026-02-02 15:15:00-05:00,26.829999923706055,26.940000534057617,26.829999923706055,26.924999237060547,13669,0.0,0.0,APPN,5m
2026-02-02 15:20:00-05:00,26.889999389648438,27.0049991607666,26.889999389648438,26.90999984741211,6844,0.0,0.0,APPN,5m
2026-02-02 15:25:00-05:00,26.90999984741211,26.920000076293945,26.84000015258789,26.84000015258789,4510,0.0,0.0,APPN,5m
2026-02-02 15:30:00-05:00,26.850000381469727,26.90999984741211,26.829999923706055,26.850000381469727,11203,0.0,0.0,APPN,5m
2026-02-02 15:35:00-05:00,26.84000015258789,26.93000030517578,26.84000015258789,26.905000686645508,10393,0.0,0.0,APPN,5m
2026-02-02 15:40:00-05:00,26.889999389648438,26.90760040283203,26.81999969482422,26.829999923706055,11120,0.0,0.0,APPN,5m
2026-02-02 15:45:00-05:00,26.81999969482422,26.8700008392334,26.780000686645508,26.780000686645508,24232,0.0,0.0,APPN,5m
2026-02-02 15:50:00-05:00,26.795000076293945,26.84000015258789,26.739999771118164,26.753000259399414,28383,0.0,0.0,APPN,5m
2026-02-02 15:55:00-05:00,26.75,26.860000610351562,26.75,26.81999969482422,93208,0.0,0.0,APPN,5m
2026-02-03 09:30:00-05:00,26.420000076293945,26.729999542236328,26.1299991607666,26.21500015258789,63226,0.0,0.0,APPN,5m
2026-02-03 09:35:00-05:00,26.209999084472656,26.237899780273438,25.670000076293945,25.795000076293945,16415,0.0,0.0,APPN,5m
2026-02-03 09:40:00-05:00,25.795000076293945,26.030000686645508,25.795000076293945,26.030000686645508,46220,0.0,0.0,APPN,5m
2026-02-03 09:45:00-05:00,26.030000686645508,26.479999542236328,25.979999542236328,26.420000076293945,40441,0.0,0.0,APPN,5m
2026-02-03 09:50:00-05:00,26.420000076293945,26.559999465942383,26.350000381469727,26.43000030517578,25404,0.0,0.0,APPN,5m
2026-02-03 09:55:00-05:00,26.399999618530273,26.469999313354492,26.06999969482422,26.145000457763672,23156,0.0,0.0,APPN,5m
2026-02-03 10:00:00-05:00,26.145000457763672,26.32990074157715,26.040000915527344,26.32990074157715,10193,0.0,0.0,APPN,5m
2026-02-03 10:05:00-05:00,26.235000610351562,26.295000076293945,25.950000762939453,26.0,34962,0.0,0.0,APPN,5m
2026-02-03 10:10:00-05:00,26.049999237060547,26.075000762939453,25.81999969482422,25.975000381469727,78200,0.0,0.0,APPN,5m
2026-02-03 10:15:00-05:00,25.975000381469727,26.08989906311035,25.975000381469727,26.08989906311035,7118,0.0,0.0,APPN,5m
2026-02-03 10:20:00-05:00,26.149999618530273,26.200000762939453,25.93000030517578,25.947500228881836,17844,0.0,0.0,APPN,5m
2026-02-03 10:25:00-05:00,25.950000762939453,26.049999237060547,25.934999465942383,25.985000610351562,20447,0.0,0.0,APPN,5m
2026-02-03 10:30:00-05:00,25.985000610351562,25.985000610351562,25.860000610351562,25.96500015258789,24759,0.0,0.0,APPN,5m
2026-02-03 10:35:00-05:00,25.96500015258789,26.010000228881836,25.959999084472656,26.010000228881836,9046,0.0,0.0,APPN,5m
2026-02-03 10:40:00-05:00,26.0049991607666,26.0049991607666,25.959999084472656,25.979999542236328,6359,0.0,0.0,APPN,5m
2026-02-03 10:45:00-05:00,25.959999084472656,26.0,25.90999984741211,25.950000762939453,30682,0.0,0.0,APPN,5m
2026-02-03 10:50:00-05:00,25.959999084472656,26.030000686645508,25.959999084472656,26.010000228881836,7443,0.0,0.0,APPN,5m
2026-02-03 10:55:00-05:00,26.010000228881836,26.135000228881836,26.010000228881836,26.100000381469727,14597,0.0,0.0,APPN,5m
2026-02-03 11:00:00-05:00,26.094999313354492,26.100000381469727,25.594999313354492,25.594999313354492,35171,0.0,0.0,APPN,5m
2026-02-03 11:05:00-05:00,25.594999313354492,25.6299991607666,25.55500030517578,25.59000015258789,9883,0.0,0.0,APPN,5m
2026-02-03 11:10:00-05:00,25.600000381469727,25.649999618530273,25.399999618530273,25.6299991607666,26092,0.0,0.0,APPN,5m
2026-02-03 11:15:00-05:00,25.610000610351562,25.62820053100586,25.520000457763672,25.538700103759766,5875,0.0,0.0,APPN,5m
2026-02-03 11:20:00-05:00,25.530000686645508,25.549999237060547,25.450000762939453,25.485000610351562,7315,0.0,0.0,APPN,5m
2026-02-03 11:25:00-05:00,25.549999237060547,25.829999923706055,25.540000915527344,25.829999923706055,34294,0.0,0.0,APPN,5m
2026-02-03 11:30:00-05:00,25.799999237060547,25.829999923706055,25.520000457763672,25.520000457763672,21904,0.0,0.0,APPN,5m
2026-02-03 11:35:00-05:00,25.50749969482422,25.559900283813477,25.329999923706055,25.344999313354492,8612,0.0,0.0,APPN,5m
2026-02-03 11:40:00-05:00,25.31999969482422,25.440000534057617,25.31999969482422,25.440000534057617,5058,0.0,0.0,APPN,5m
2026-02-03 11:45:00-05:00,25.395000457763672,25.53499984741211,25.395000457763672,25.489999771118164,6019,0.0,0.0,APPN,5m
2026-02-03 11:50:00-05:00,25.440000534057617,25.59000015258789,25.40999984741211,25.59000015258789,18807,0.0,0.0,APPN,5m
2026-02-03 11:55:00-05:00,25.56999969482422,25.600000381469727,25.549999237060547,25.600000381469727,5197,0.0,0.0,APPN,5m
2026-02-03 12:00:00-05:00,25.579999923706055,25.579999923706055,25.5,25.5,4355,0.0,0.0,APPN,5m
2026-02-03 12:05:00-05:00,25.5,25.5,25.440000534057617,25.46500015258789,4920,0.0,0.0,APPN,5m
2026-02-03 12:10:00-05:00,25.489999771118164,25.559999465942383,25.450000762939453,25.540000915527344,16597,0.0,0.0,APPN,5m
2026-02-03 12:15:00-05:00,25.4950008392334,25.520000457763672,25.489999771118164,25.5,6752,0.0,0.0,APPN,5m
2026-02-03 12:20:00-05:00,25.5,25.549999237060547,25.5,25.549999237060547,4427,0.0,0.0,APPN,5m
2026-02-03 12:25:00-05:00,25.510000228881836,25.510000228881836,25.3700008392334,25.434999465942383,33210,0.0,0.0,APPN,5m
2026-02-03 12:30:00-05:00,25.40999984741211,25.440000534057617,25.3700008392334,25.385000228881836,17906,0.0,0.0,APPN,5m
2026-02-03 12:35:00-05:00,25.3700008392334,25.385000228881836,25.325000762939453,25.360000610351562,5186,0.0,0.0,APPN,5m
2026-02-03 12:40:00-05:00,25.38990020751953,25.469999313354492,25.325000762939453,25.3799991607666,23136,0.0,0.0,APPN,5m
2026-02-03 12:45:00-05:00,25.3799991607666,25.5049991607666,25.375,25.5049991607666,4472,0.0,0.0,APPN,5m
2026-02-03 12:50:00-05:00,25.5049991607666,25.559999465942383,25.469999313354492,25.559999465942383,4221,0.0,0.0,APPN,5m
2026-02-03 12:55:00-05:00,25.545000076293945,25.59000015258789,25.530000686645508,25.584999084472656,14607,0.0,0.0,APPN,5m
2026-02-03 13:00:00-05:00,25.584999084472656,25.688600540161133,25.510000228881836,25.614999771118164,26349,0.0,0.0,APPN,5m
2026-02-03 13:05:00-05:00,25.614999771118164,25.638900756835938,25.600000381469727,25.638900756835938,3066,0.0,0.0,APPN,5m
2026-02-03 13:10:00-05:00,25.549999237060547,25.6299991607666,25.34000015258789,25.34429931640625,21258,0.0,0.0,APPN,5m
2026-02-03 13:15:00-05:00,25.399999618530273,25.729999542236328,25.364999771118164,25.670000076293945,22717,0.0,0.0,APPN,5m
2026-02-03 13:20:00-05:00,25.649999618530273,25.790000915527344,25.6200008392334,25.645000457763672,31942,0.0,0.0,APPN,5m
2026-02-03 13:25:00-05:00,25.65999984741211,25.81999969482422,25.65999984741211,25.81999969482422,5948,0.0,0.0,APPN,5m
2026-02-03 13:30:00-05:00,25.860000610351562,25.860000610351562,25.7549991607666,25.764999389648438,7877,0.0,0.0,APPN,5m
2026-02-03 13:35:00-05:00,25.770000457763672,25.850000381469727,25.69849967956543,25.850000381469727,9547,0.0,0.0,APPN,5m
2026-02-03 13:40:00-05:00,25.81999969482422,25.959999084472656,25.75,25.75,25912,0.0,0.0,APPN,5m
2026-02-03 13:45:00-05:00,25.739999771118164,25.770000457763672,25.709999084472656,25.770000457763672,5508,0.0,0.0,APPN,5m
2026-02-03 13:50:00-05:00,25.75,25.81999969482422,25.75,25.78499984741211,8992,0.0,0.0,APPN,5m
2026-02-03 13:55:00-05:00,25.81999969482422,25.851999282836914,25.799999237060547,25.851999282836914,2902,0.0,0.0,APPN,5m
2026-02-03 14:00:00-05:00,25.799999237060547,25.895000457763672,25.790000915527344,25.895000457763672,5177,0.0,0.0,APPN,5m
2026-02-03 14:05:00-05:00,25.895000457763672,25.950000762939453,25.84000015258789,25.860000610351562,3603,0.0,0.0,APPN,5m
2026-02-03 14:10:00-05:00,25.864999771118164,25.940000534057617,25.850000381469727,25.940000534057617,6611,0.0,0.0,APPN,5m
2026-02-03 14:15:00-05:00,25.920000076293945,25.920000076293945,25.770000457763672,25.889999389648438,8131,0.0,0.0,APPN,5m
2026-02-03 14:20:00-05:00,25.899999618530273,25.899999618530273,25.854999542236328,25.860000610351562,2482,0.0,0.0,APPN,5m
2026-02-03 14:25:00-05:00,25.854999542236328,25.854999542236328,25.59000015258789,25.59000015258789,5802,0.0,0.0,APPN,5m
2026-02-03 14:30:00-05:00,25.59000015258789,25.65999984741211,25.56999969482422,25.635000228881836,4837,0.0,0.0,APPN,5m
2026-02-03 14:35:00-05:00,25.639999389648438,25.68000030517578,25.6299991607666,25.65999984741211,2915,0.0,0.0,APPN,5m
2026-02-03 14:40:00-05:00,25.674999237060547,25.739999771118164,25.639999389648438,25.725000381469727,4310,0.0,0.0,APPN,5m
2026-02-03 14:45:00-05:00,25.68000030517578,25.68000030517578,25.639999389648438,25.665000915527344,5306,0.0,0.0,APPN,5m
2026-02-03 14:50:00-05:00,25.65999984741211,25.739999771118164,25.65999984741211,25.700000762939453,7065,0.0,0.0,APPN,5m
2026-02-03 14:55:00-05:00,25.739999771118164,25.84000015258789,25.739999771118164,25.780000686645508,5447,0.0,0.0,APPN,5m
2026-02-03 15:00:00-05:00,25.795000076293945,25.795000076293945,25.68000030517578,25.684999465942383,5842,0.0,0.0,APPN,5m
2026-02-03 15:05:00-05:00,25.674999237060547,25.674999237060547,25.600000381469727,25.65999984741211,6241,0.0,0.0,APPN,5m
2026-02-03 15:10:00-05:00,25.649999618530273,25.780000686645508,25.649999618530273,25.780000686645508,6297,0.0,0.0,APPN,5m
2026-02-03 15:15:00-05:00,25.75,25.84000015258789,25.75,25.799999237060547,9701,0.0,0.0,APPN,5m
2026-02-03 15:20:00-05:00,25.790000915527344,25.799999237060547,25.770000457763672,25.799999237060547,4199,0.0,0.0,APPN,5m
2026-02-03 15:25:00-05:00,25.799999237060547,25.854999542236328,25.780000686645508,25.81999969482422,12066,0.0,0.0,APPN,5m
2026-02-03 15:30:00-05:00,25.815000534057617,25.899999618530273,25.815000534057617,25.8799991607666,15932,0.0,0.0,APPN,5m
2026-02-03 15:35:00-05:00,25.8710994720459,25.8799991607666,25.790000915527344,25.8700008392334,10483,0.0,0.0,APPN,5m
2026-02-03 15:40:00-05:00,25.8700008392334,25.8700008392334,25.829999923706055,25.860000610351562,9032,0.0,0.0,APPN,5m
2026-02-03 15:45:00-05:00,25.860000610351562,25.889999389648438,25.77120018005371,25.772499084472656,13549,0.0,0.0,APPN,5m
2026-02-03 15:50:00-05:00,25.75,25.795000076293945,25.600000381469727,25.774999618530273,75785,0.0,0.0,APPN,5m
2026-02-03 15:55:00-05:00,25.719999313354492,25.8700008392334,25.719999313354492,25.850000381469727,87261,0.0,0.0,APPN,5m
2026-02-04 09:30:00-05:00,25.334999084472656,25.389999389648438,24.790000915527344,25.08989906311035,51854,0.0,0.0,APPN,5m
2026-02-04 09:35:00-05:00,24.954999923706055,25.309999465942383,24.91629981994629,25.079999923706055,26022,0.0,0.0,APPN,5m
2026-02-04 09:40:00-05:00,25.100000381469727,25.309999465942383,25.100000381469727,25.170000076293945,15306,0.0,0.0,APPN,5m
2026-02-04 09:45:00-05:00,25.170000076293945,25.170000076293945,24.780000686645508,24.80500030517578,27842,0.0,0.0,APPN,5m
2026-02-04 09:50:00-05:00,24.80500030517578,25.110000610351562,24.739999771118164,24.93000030517578,6067,0.0,0.0,APPN,5m
2026-02-04 09:55:00-05:00,24.93000030517578,25.049999237060547,24.760000228881836,24.850000381469727,26125,0.0,0.0,APPN,5m
2026-02-04 10:00:00-05:00,24.850000381469727,25.229999542236328,24.844999313354492,25.1200008392334,14300,0.0,0.0,APPN,5m
2026-02-04 10:05:00-05:00,25.219999313354492,25.604999542236328,25.104999542236328,25.604999542236328,15347,0.0,0.0,APPN,5m
2026-02-04 10:10:00-05:00,25.604999542236328,25.850000381469727,25.600000381469727,25.760000228881836,12252,0.0,0.0,APPN,5m
2026-02-04 10:15:00-05:00,25.670000076293945,25.809999465942383,25.46500015258789,25.80500030517578,14191,0.0,0.0,APPN,5m
2026-02-04 10:20:00-05:00,25.80500030517578,26.040000915527344,25.80500030517578,25.920000076293945,5053,0.0,0.0,APPN,5m
2026-02-04 10:25:00-05:00,25.950000762939453,25.979999542236328,25.829999923706055,25.899999618530273,3474,0.0,0.0,APPN,5m
2026-02-04 10:30:00-05:00,25.950000762939453,25.989999771118164,25.84000015258789,25.915000915527344,6397,0.0,0.0,APPN,5m
2026-02-04 10:35:00-05:00,25.905000686645508,26.420000076293945,25.7549991607666,26.344999313354492,17051,0.0,0.0,APPN,5m
2026-02-04 10:40:00-05:00,26.489999771118164,26.65839958190918,26.28499984741211,26.290000915527344,8480,0.0,0.0,APPN,5m
2026-02-04 10:45:00-05:00,26.254199981689453,26.479999542236328,26.15999984741211,26.15999984741211,8116,0.0,0.0,APPN,5m
2026-02-04 10:50:00-05:00,26.299999237060547,26.34000015258789,26.100000381469727,26.219999313354492,9096,0.0,0.0,APPN,5m
2026-02-04 10:55:00-05:00,26.229999542236328,26.260000228881836,25.979999542236328,26.170000076293945,20451,0.0,0.0,APPN,5m
2026-02-04 11:00:00-05:00,26.170000076293945,26.31999969482422,26.149999618530273,26.25,14258,0.0,0.0,APPN,5m
2026-02-04 11:05:00-05:00,26.299999237060547,26.3700008392334,26.209999084472656,26.229999542236328,8406,0.0,0.0,APPN,5m
2026-02-04 11:10:00-05:00,26.270000457763672,26.459999084472656,26.21500015258789,26.329999923706055,10769,0.0,0.0,APPN,5m
2026-02-04 11:15:00-05:00,26.25,26.25,26.149999618530273,26.149999618530273,10326,0.0,0.0,APPN,5m
2026-02-04 11:20:00-05:00,26.165000915527344,26.219999313354492,26.165000915527344,26.209999084472656,7921,0.0,0.0,APPN,5m
2026-02-04 11:25:00-05:00,26.209999084472656,26.290000915527344,26.184999465942383,26.290000915527344,3474,0.0,0.0,APPN,5m
2026-02-04 11:30:00-05:00,26.290000915527344,26.34000015258789,26.170000076293945,26.209999084472656,8878,0.0,0.0,APPN,5m
2026-02-04 11:35:00-05:00,26.170000076293945,26.200000762939453,26.09000015258789,26.145000457763672,8394,0.0,0.0,APPN,5m
2026-02-04 11:40:00-05:00,26.145000457763672,26.145000457763672,25.9950008392334,25.9950008392334,13524,0.0,0.0,APPN,5m
2026-02-04 11:45:00-05:00,25.9950008392334,25.9950008392334,25.950000762939453,25.954999923706055,8030,0.0,0.0,APPN,5m
2026-02-04 11:50:00-05:00,25.920000076293945,26.084999084472656,25.920000076293945,26.059999465942383,29191,0.0,0.0,APPN,5m
2026-02-04 11:55:00-05:00,26.09000015258789,26.200000762939453,26.010000228881836,26.014999389648438,18837,0.0,0.0,APPN,5m
2026-02-04 12:00:00-05:00,25.969999313354492,26.110000610351562,25.969999313354492,26.09000015258789,4937,0.0,0.0,APPN,5m
2026-02-04 12:05:00-05:00,26.09000015258789,26.09000015258789,25.979999542236328,26.075000762939453,10498,0.0,0.0,APPN,5m
2026-02-04 12:10:00-05:00,26.020000457763672,26.1200008392334,26.010000228881836,26.09000015258789,4499,0.0,0.0,APPN,5m
2026-02-04 12:15:00-05:00,26.100000381469727,26.110000610351562,25.854999542236328,25.854999542236328,8703,0.0,0.0,APPN,5m
2026-02-04 12:20:00-05:00,25.844999313354492,25.8799991607666,25.844999313354492,25.850000381469727,1833,0.0,0.0,APPN,5m
2026-02-04 12:25:00-05:00,25.850000381469727,25.8799991607666,25.709999084472656,25.709999084472656,14402,0.0,0.0,APPN,5m
2026-02-04 12:30:00-05:00,25.65999984741211,25.739999771118164,25.65999984741211,25.719999313354492,4464,0.0,0.0,APPN,5m
2026-02-04 12:35:00-05:00,25.719999313354492,25.799999237060547,25.704500198364258,25.71500015258789,11215,0.0,0.0,APPN,5m
2026-02-04 12:40:00-05:00,25.71500015258789,25.790000915527344,25.71500015258789,25.78499984741211,4672,0.0,0.0,APPN,5m
2026-02-04 12:45:00-05:00,25.81999969482422,25.875,25.815000534057617,25.834999084472656,5684,0.0,0.0,APPN,5m
2026-02-04 12:50:00-05:00,25.790000915527344,25.81999969482422,25.729999542236328,25.799999237060547,4764,0.0,0.0,APPN,5m
2026-02-04 12:55:00-05:00,25.795000076293945,25.969999313354492,25.795000076293945,25.850000381469727,22451,0.0,0.0,APPN,5m
2026-02-04 13:00:00-05:00,25.84000015258789,26.049999237060547,25.790000915527344,25.969999313354492,18828,0.0,0.0,APPN,5m
2026-02-04 13:05:00-05:00,25.989999771118164,26.020000457763672,25.90999984741211,25.90999984741211,4843,0.0,0.0,APPN,5m
2026-02-04 13:10:00-05:00,25.90999984741211,25.90999984741211,25.841999053955078,25.850000381469727,8914,0.0,0.0,APPN,5m
2026-02-04 13:15:00-05:00,25.829999923706055,25.829999923706055,25.780000686645508,25.790000915527344,5452,0.0,0.0,APPN,5m
2026-02-04 13:20:00-05:00,25.790000915527344,25.90999984741211,25.735000610351562,25.90999984741211,8135,0.0,0.0,APPN,5m
2026-02-04 13:25:00-05:00,25.979999542236328,26.0,25.969999313354492,25.969999313354492,5754,0.0,0.0,APPN,5m
2026-02-04 13:30:00-05:00,25.950000762939453,25.959999084472656,25.809999465942383,25.860000610351562,8889,0.0,0.0,APPN,5m
2026-02-04 13:35:00-05:00,25.84000015258789,25.850000381469727,25.780000686645508,25.84000015258789,7752,0.0,0.0,APPN,5m
2026-02-04 13:40:00-05:00,25.850000381469727,25.895000457763672,25.850000381469727,25.8799991607666,8331,0.0,0.0,APPN,5m
2026-02-04 13:45:00-05:00,25.850000381469727,25.860000610351562,25.829999923706055,25.860000610351562,4242,0.0,0.0,APPN,5m
2026-02-04 13:50:00-05:00,25.81999969482422,25.860000610351562,25.799999237060547,25.850000381469727,5900,0.0,0.0,APPN,5m
2026-02-04 13:55:00-05:00,25.8700008392334,25.959999084472656,25.8700008392334,25.871999740600586,6501,0.0,0.0,APPN,5m
2026-02-04 14:00:00-05:00,25.8700008392334,25.90999984741211,25.850000381469727,25.850000381469727,5103,0.0,0.0,APPN,5m
2026-02-04 14:05:00-05:00,25.809999465942383,25.809999465942383,25.704999923706055,25.780000686645508,5798,0.0,0.0,APPN,5m
2026-02-04 14:10:00-05:00,25.764999389648438,25.809999465942383,25.700000762939453,25.809999465942383,9815,0.0,0.0,APPN,5m
2026-02-04 14:15:00-05:00,25.809999465942383,25.920000076293945,25.790000915527344,25.920000076293945,5589,0.0,0.0,APPN,5m
2026-02-04 14:20:00-05:00,25.8700008392334,25.989999771118164,25.84000015258789,25.954999923706055,21937,0.0,0.0,APPN,5m
2026-02-04 14:25:00-05:00,25.954999923706055,25.965200424194336,25.889999389648438,25.920000076293945,5295,0.0,0.0,APPN,5m
2026-02-04 14:30:00-05:00,25.90570068359375,25.96500015258789,25.90570068359375,25.90999984741211,11454,0.0,0.0,APPN,5m
2026-02-04 14:35:00-05:00,25.940000534057617,25.940000534057617,25.920000076293945,25.924999237060547,6157,0.0,0.0,APPN,5m
2026-02-04 14:40:00-05:00,25.899999618530273,26.09000015258789,25.899999618530273,25.950000762939453,27861,0.0,0.0,APPN,5m
2026-02-04 14:45:00-05:00,25.950000762939453,25.950000762939453,25.84000015258789,25.93000030517578,8553,0.0,0.0,APPN,5m
2026-02-04 14:50:00-05:00,25.899999618530273,26.0,25.889999389648438,26.0,6247,0.0,0.0,APPN,5m
2026-02-04 14:55:00-05:00,26.030000686645508,26.06999969482422,25.96500015258789,25.979999542236328,16682,0.0,0.0,APPN,5m
2026-02-04 15:00:00-05:00,25.950000762939453,26.020000457763672,25.950000762939453,26.020000457763672,3829,0.0,0.0,APPN,5m
2026-02-04 15:05:00-05:00,26.0,26.0,25.950000762939453,25.950000762939453,11281,0.0,0.0,APPN,5m
2026-02-04 15:10:00-05:00,25.96500015258789,26.18000030517578,25.940000534057617,26.170000076293945,36930,0.0,0.0,APPN,5m
2026-02-04 15:15:00-05:00,26.190000534057617,26.204999923706055,26.1299991607666,26.145000457763672,5597,0.0,0.0,APPN,5m
2026-02-04 15:20:00-05:00,26.1299991607666,26.15999984741211,26.1200008392334,26.1200008392334,12933,0.0,0.0,APPN,5m
2026-02-04 15:25:00-05:00,26.1200008392334,26.1200008392334,25.989999771118164,26.110000610351562,16343,0.0,0.0,APPN,5m
2026-02-04 15:30:00-05:00,26.110000610351562,26.229999542236328,26.09000015258789,26.165000915527344,18689,0.0,0.0,APPN,5m
2026-02-04 15:35:00-05:00,26.18000030517578,26.219999313354492,26.05500030517578,26.059999465942383,18211,0.0,0.0,APPN,5m
2026-02-04 15:40:00-05:00,26.059999465942383,26.100000381469727,26.040000915527344,26.040000915527344,21196,0.0,0.0,APPN,5m
2026-02-04 15:45:00-05:00,26.049999237060547,26.100000381469727,26.049999237060547,26.075000762939453,11799,0.0,0.0,APPN,5m
2026-02-04 15:50:00-05:00,26.06999969482422,26.06999969482422,25.93000030517578,26.010000228881836,32424,0.0,0.0,APPN,5m
2026-02-04 15:55:00-05:00,25.979999542236328,26.09000015258789,25.979999542236328,26.06999969482422,65471,0.0,0.0,APPN,5m
2026-02-05 09:30:00-05:00,25.799999237060547,25.799999237060547,25.270000457763672,25.594999313354492,28400,0.0,0.0,APPN,5m
2026-02-05 09:35:00-05:00,25.594999313354492,25.719999313354492,25.360000610351562,25.360000610351562,4628,0.0,0.0,APPN,5m
2026-02-05 09:40:00-05:00,25.389999389648438,25.969999313354492,25.360000610351562,25.850000381469727,9594,0.0,0.0,APPN,5m
2026-02-05 09:45:00-05:00,25.700000762939453,25.700000762939453,25.479999542236328,25.5049991607666,4527,0.0,0.0,APPN,5m
2026-02-05 09:50:00-05:00,25.520000457763672,25.735000610351562,25.4950008392334,25.4950008392334,9210,0.0,0.0,APPN,5m
2026-02-05 09:55:00-05:00,25.4950008392334,25.6299991607666,25.315000534057617,25.510099411010742,13763,0.0,0.0,APPN,5m
2026-02-05 10:00:00-05:00,25.510000228881836,25.510000228881836,25.229999542236328,25.280000686645508,8155,0.0,0.0,APPN,5m
2026-02-05 10:05:00-05:00,25.239999771118164,25.40999984741211,25.239999771118164,25.40999984741211,6769,0.0,0.0,APPN,5m
2026-02-05 10:10:00-05:00,25.434999465942383,25.434999465942383,25.239999771118164,25.260000228881836,5778,0.0,0.0,APPN,5m
2026-02-05 10:15:00-05:00,25.270000457763672,25.690000534057617,25.229999542236328,25.6299991607666,10968,0.0,0.0,APPN,5m
2026-02-05 10:20:00-05:00,25.625,25.68000030517578,25.56920051574707,25.610000610351562,6548,0.0,0.0,APPN,5m
2026-02-05 10:25:00-05:00,25.704999923706055,25.704999923706055,25.530000686645508,25.540000915527344,4053,0.0,0.0,APPN,5m
2026-02-05 10:30:00-05:00,25.549999237060547,25.600000381469727,25.549999237060547,25.559999465942383,5422,0.0,0.0,APPN,5m
2026-02-05 10:35:00-05:00,25.6299991607666,25.767000198364258,25.540000915527344,25.735000610351562,10918,0.0,0.0,APPN,5m
2026-02-05 10:40:00-05:00,25.75,25.75,25.610000610351562,25.71500015258789,6466,0.0,0.0,APPN,5m
2026-02-05 10:45:00-05:00,25.729999542236328,25.760000228881836,25.440000534057617,25.5049991607666,6293,0.0,0.0,APPN,5m
2026-02-05 10:50:00-05:00,25.530000686645508,25.59000015258789,25.469999313354492,25.56999969482422,6926,0.0,0.0,APPN,5m
2026-02-05 10:55:00-05:00,25.53499984741211,25.6200008392334,25.459999084472656,25.559999465942383,4875,0.0,0.0,APPN,5m
2026-02-05 11:00:00-05:00,25.604999542236328,25.700000762939453,25.604999542236328,25.639999389648438,11784,0.0,0.0,APPN,5m
2026-02-05 11:05:00-05:00,25.59000015258789,25.59000015258789,25.489999771118164,25.579999923706055,5019,0.0,0.0,APPN,5m
2026-02-05 11:10:00-05:00,25.6200008392334,25.65999984741211,25.524999618530273,25.549999237060547,4977,0.0,0.0,APPN,5m
2026-02-05 11:15:00-05:00,25.579999923706055,25.670000076293945,25.579999923706055,25.579999923706055,5667,0.0,0.0,APPN,5m
2026-02-05 11:20:00-05:00,25.649999618530273,25.65999984741211,25.59000015258789,25.59000015258789,4643,0.0,0.0,APPN,5m
2026-02-05 11:25:00-05:00,25.610000610351562,25.690000534057617,25.55500030517578,25.665000915527344,6643,0.0,0.0,APPN,5m
2026-02-05 11:30:00-05:00,25.719999313354492,25.780000686645508,25.68000030517578,25.770000457763672,8478,0.0,0.0,APPN,5m
2026-02-05 11:35:00-05:00,25.709999084472656,25.739999771118164,25.65999984741211,25.735000610351562,6050,0.0,0.0,APPN,5m
2026-02-05 11:40:00-05:00,25.735000610351562,25.739999771118164,25.6299991607666,25.639999389648438,6024,0.0,0.0,APPN,5m
2026-02-05 11:45:00-05:00,25.649999618530273,25.649999618530273,25.5049991607666,25.579999923706055,5639,0.0,0.0,APPN,5m
2026-02-05 11:50:00-05:00,25.610000610351562,25.799999237060547,25.610000610351562,25.719999313354492,7402,0.0,0.0,APPN,5m
2026-02-05 11:55:00-05:00,25.735000610351562,25.790000915527344,25.674999237060547,25.739999771118164,8434,0.0,0.0,APPN,5m
2026-02-05 12:00:00-05:00,25.780000686645508,25.829999923706055,25.565000534057617,25.639999389648438,21489,0.0,0.0,APPN,5m
2026-02-05 12:05:00-05:00,25.670000076293945,25.690000534057617,25.6200008392334,25.6299991607666,4933,0.0,0.0,APPN,5m
2026-02-05 12:10:00-05:00,25.65999984741211,25.7450008392334,25.610000610351562,25.700000762939453,3606,0.0,0.0,APPN,5m
2026-02-05 12:15:00-05:00,25.74209976196289,25.809999465942383,25.65999984741211,25.65999984741211,6528,0.0,0.0,APPN,5m
2026-02-05 12:20:00-05:00,25.65999984741211,25.75,25.6299991607666,25.75,3722,0.0,0.0,APPN,5m
2026-02-05 12:25:00-05:00,25.770000457763672,25.850000381469727,25.770000457763672,25.850000381469727,3815,0.0,0.0,APPN,5m
2026-02-05 12:30:00-05:00,25.850000381469727,25.850000381469727,25.75,25.790000915527344,4505,0.0,0.0,APPN,5m
2026-02-05 12:35:00-05:00,25.75,25.790000915527344,25.709999084472656,25.709999084472656,4123,0.0,0.0,APPN,5m
2026-02-05 12:40:00-05:00,25.739999771118164,25.940000534057617,25.729999542236328,25.780000686645508,21198,0.0,0.0,APPN,5m
2026-02-05 12:45:00-05:00,25.739999771118164,25.799999237060547,25.559999465942383,25.56999969482422,18003,0.0,0.0,APPN,5m
2026-02-05 12:50:00-05:00,25.469999313354492,25.520000457763672,25.299999237060547,25.440000534057617,8106,0.0,0.0,APPN,5m
2026-02-05 12:55:00-05:00,25.40999984741211,25.459999084472656,25.309999465942383,25.3799991607666,6963,0.0,0.0,APPN,5m
2026-02-05 13:00:00-05:00,25.395000457763672,25.434999465942383,25.360000610351562,25.360000610351562,5793,0.0,0.0,APPN,5m
2026-02-05 13:05:00-05:00,25.309999465942383,25.3799991607666,25.25,25.3799991607666,13950,0.0,0.0,APPN,5m
2026-02-05 13:10:00-05:00,25.360000610351562,25.3700008392334,25.290000915527344,25.34000015258789,8467,0.0,0.0,APPN,5m
2026-02-05 13:15:00-05:00,25.315000534057617,25.350000381469727,25.290000915527344,25.350000381469727,4846,0.0,0.0,APPN,5m
2026-02-05 13:20:00-05:00,25.350000381469727,25.350000381469727,25.299999237060547,25.299999237060547,3123,0.0,0.0,APPN,5m
2026-02-05 13:25:00-05:00,25.280000686645508,25.309999465942383,25.209999084472656,25.299999237060547,9490,0.0,0.0,APPN,5m
2026-02-05 13:30:00-05:00,25.31999969482422,25.360000610351562,25.270000457763672,25.329999923706055,7831,0.0,0.0,APPN,5m
2026-02-05 13:35:00-05:00,25.344999313354492,25.399999618530273,25.309999465942383,25.389999389648438,2562,0.0,0.0,APPN,5m
2026-02-05 13:40:00-05:00,25.3799991607666,25.420000076293945,25.3799991607666,25.40999984741211,2679,0.0,0.0,APPN,5m
2026-02-05 13:45:00-05:00,25.3700008392334,25.3700008392334,25.315000534057617,25.315000534057617,4462,0.0,0.0,APPN,5m
2026-02-05 13:50:00-05:00,25.329999923706055,25.329999923706055,25.229999542236328,25.229999542236328,5673,0.0,0.0,APPN,5m
2026-02-05 13:55:00-05:00,25.231000900268555,25.329999923706055,25.229999542236328,25.325000762939453,4891,0.0,0.0,APPN,5m
2026-02-05 14:00:00-05:00,25.309999465942383,25.329999923706055,25.25,25.329999923706055,3888,0.0,0.0,APPN,5m
2026-02-05 14:05:00-05:00,25.34000015258789,25.389999389648438,25.290000915527344,25.327499389648438,6051,0.0,0.0,APPN,5m
2026-02-05 14:10:00-05:00,25.350000381469727,25.3799991607666,25.315000534057617,25.315000534057617,5643,0.0,0.0,APPN,5m
2026-02-05 14:15:00-05:00,25.299999237060547,25.3700008392334,25.290000915527344,25.344999313354492,4296,0.0,0.0,APPN,5m
2026-02-05 14:20:00-05:00,25.344999313354492,25.344999313354492,25.25,25.25,4282,0.0,0.0,APPN,5m
2026-02-05 14:25:00-05:00,25.209999084472656,25.21500015258789,25.15999984741211,25.15999984741211,3991,0.0,0.0,APPN,5m
2026-02-05 14:30:00-05:00,25.145000457763672,25.145000457763672,25.09000015258789,25.104999542236328,4957,0.0,0.0,APPN,5m
2026-02-05 14:35:00-05:00,25.1299991607666,25.149999618530273,25.100000381469727,25.1200008392334,4589,0.0,0.0,APPN,5m
2026-02-05 14:40:00-05:00,25.114999771118164,25.139999389648438,25.09000015258789,25.125,2800,0.0,0.0,APPN,5m
2026-02-05 14:45:00-05:00,25.125,25.139999389648438,25.09000015258789,25.09000015258789,4405,0.0,0.0,APPN,5m
2026-02-05 14:50:00-05:00,25.09000015258789,25.1299991607666,25.06999969482422,25.06999969482422,4582,0.0,0.0,APPN,5m
2026-02-05 14:55:00-05:00,25.049999237060547,25.06999969482422,24.959999084472656,24.959999084472656,10489,0.0,0.0,APPN,5m
2026-02-05 15:00:00-05:00,24.96500015258789,25.024999618530273,24.920000076293945,25.024999618530273,4372,0.0,0.0,APPN,5m
2026-02-05 15:05:00-05:00,25.024999618530273,25.149999618530273,25.024999618530273,25.149999618530273,6789,0.0,0.0,APPN,5m
2026-02-05 15:10:00-05:00,25.139999389648438,25.163799285888672,25.059999465942383,25.059999465942383,9916,0.0,0.0,APPN,5m
2026-02-05 15:15:00-05:00,25.020000457763672,25.059999465942383,25.010000228881836,25.059999465942383,7458,0.0,0.0,APPN,5m
2026-02-05 15:20:00-05:00,25.079999923706055,25.110000610351562,24.979999542236328,24.985000610351562,14521,0.0,0.0,APPN,5m
2026-02-05 15:25:00-05:00,24.979999542236328,24.989999771118164,24.93000030517578,24.934999465942383,8360,0.0,0.0,APPN,5m
2026-02-05 15:30:00-05:00,24.93000030517578,24.969999313354492,24.920000076293945,24.93000030517578,11895,0.0,0.0,APPN,5m
2026-02-05 15:35:00-05:00,24.920000076293945,24.950000762939453,24.90999984741211,24.94499969482422,9683,0.0,0.0,APPN,5m
2026-02-05 15:40:00-05:00,24.959999084472656,25.040000915527344,24.920000076293945,24.934999465942383,18705,0.0,0.0,APPN,5m
2026-02-05 15:45:00-05:00,24.94230079650879,24.950000762939453,24.920000076293945,24.93000030517578,10110,0.0,0.0,APPN,5m
2026-02-05 15:50:00-05:00,24.93000030517578,24.94499969482422,24.885000228881836,24.940000534057617,30205,0.0,0.0,APPN,5m
2026-02-05 15:55:00-05:00,24.90999984741211,24.959999084472656,24.8799991607666,24.889999389648438,71875,0.0,0.0,APPN,5m
2026-02-06 09:30:00-05:00,25.1299991607666,25.5,25.104999542236328,25.5,14997,0.0,0.0,APPN,5m
2026-02-06 09:35:00-05:00,25.165000915527344,25.65999984741211,25.165000915527344,25.454999923706055,2046,0.0,0.0,APPN,5m
2026-02-06 09:40:00-05:00,25.440000534057617,25.440000534057617,25.34000015258789,25.40999984741211,3138,0.0,0.0,APPN,5m
2026-02-06 09:45:00-05:00,25.530000686645508,25.530000686645508,24.90999984741211,24.959999084472656,6091,0.0,0.0,APPN,5m
2026-02-06 09:50:00-05:00,24.899999618530273,24.93000030517578,24.649999618530273,24.649999618530273,5147,0.0,0.0,APPN,5m
2026-02-06 09:55:00-05:00,24.59000015258789,24.59000015258789,24.350000381469727,24.420000076293945,9064,0.0,0.0,APPN,5m
2026-02-06 10:00:00-05:00,24.364999771118164,24.45989990234375,24.020000457763672,24.020000457763672,8066,0.0,0.0,APPN,5m
2026-02-06 10:05:00-05:00,24.06999969482422,24.170000076293945,23.8799991607666,24.079999923706055,42950,0.0,0.0,APPN,5m
2026-02-06 10:10:00-05:00,24.25,24.3799991607666,24.075000762939453,24.110000610351562,14326,0.0,0.0,APPN,5m
2026-02-06 10:15:00-05:00,24.049999237060547,24.200000762939453,23.940000534057617,24.1299991607666,9781,0.0,0.0,APPN,5m
2026-02-06 10:20:00-05:00,24.239999771118164,24.399999618530273,24.049999237060547,24.100000381469727,8868,0.0,0.0,APPN,5m
2026-02-06 10:25:00-05:00,24.040000915527344,24.270000457763672,24.040000915527344,24.270000457763672,4681,0.0,0.0,APPN,5m
2026-02-06 10:30:00-05:00,24.149999618530273,24.299999237060547,24.020000457763672,24.299999237060547,8146,0.0,0.0,APPN,5m
2026-02-06 10:35:00-05:00,24.241600036621094,24.30500030517578,24.190000534057617,24.260000228881836,7238,0.0,0.0,APPN,5m
2026-02-06 10:40:00-05:00,24.260000228881836,24.479999542236328,24.2450008392334,24.479999542236328,4310,0.0,0.0,APPN,5m
2026-02-06 10:55:00-05:00,24.360000610351562,24.510000228881836,24.360000610351562,24.5,18683,0.0,0.0,APPN,5m
2026-02-06 11:00:00-05:00,24.527599334716797,24.565000534057617,24.527599334716797,24.533700942993164,2891,0.0,0.0,APPN,5m
2026-02-06 11:05:00-05:00,24.600000381469727,24.659900665283203,24.59000015258789,24.659900665283203,2819,0.0,0.0,APPN,5m
2026-02-06 11:10:00-05:00,24.600000381469727,24.600000381469727,24.489999771118164,24.489999771118164,3852,0.0,0.0,APPN,5m
2026-02-06 11:15:00-05:00,24.600000381469727,24.610000610351562,24.600000381469727,24.610000610351562,4057,0.0,0.0,APPN,5m
2026-02-06 11:20:00-05:00,24.6200008392334,24.729999542236328,24.6200008392334,24.690000534057617,5056,0.0,0.0,APPN,5m
2026-02-06 11:25:00-05:00,24.719999313354492,24.81999969482422,24.719999313354492,24.81999969482422,5237,0.0,0.0,APPN,5m
2026-02-06 11:30:00-05:00,24.829999923706055,24.829999923706055,24.70039939880371,24.709999084472656,4048,0.0,0.0,APPN,5m
2026-02-06 11:35:00-05:00,24.68000030517578,24.684999465942383,24.649999618530273,24.649999618530273,2745,0.0,0.0,APPN,5m
2026-02-06 11:40:00-05:00,24.68000030517578,24.704999923706055,24.649999618530273,24.670000076293945,5128,0.0,0.0,APPN,5m
2026-02-06 11:45:00-05:00,24.690000534057617,24.709999084472656,24.690000534057617,24.709999084472656,1454,0.0,0.0,APPN,5m
2026-02-06 11:50:00-05:00,24.674999237060547,24.75,24.674999237060547,24.75,4525,0.0,0.0,APPN,5m
2026-02-06 11:55:00-05:00,24.729999542236328,24.75,24.709999084472656,24.75,2082,0.0,0.0,APPN,5m
2026-02-06 12:00:00-05:00,24.709999084472656,24.709999084472656,24.68000030517578,24.69499969482422,2316,0.0,0.0,APPN,5m
2026-02-06 12:05:00-05:00,24.770000457763672,24.860000610351562,24.764999389648438,24.860000610351562,3360,0.0,0.0,APPN,5m
2026-02-06 12:10:00-05:00,24.860000610351562,24.860000610351562,24.790000915527344,24.799999237060547,8786,0.0,0.0,APPN,5m
2026-02-06 12:15:00-05:00,24.825000762939453,24.825000762939453,24.744199752807617,24.760000228881836,3102,0.0,0.0,APPN,5m
2026-02-06 12:20:00-05:00,24.719999313354492,24.760000228881836,24.719999313354492,24.719999313354492,2578,0.0,0.0,APPN,5m
2026-02-06 12:25:00-05:00,24.729999542236328,24.730300903320312,24.700000762939453,24.719999313354492,2626,0.0,0.0,APPN,5m
2026-02-06 12:30:00-05:00,24.75,24.850000381469727,24.75,24.770000457763672,2619,0.0,0.0,APPN,5m
2026-02-06 12:35:00-05:00,24.78499984741211,24.78499984741211,24.729999542236328,24.729999542236328,1871,0.0,0.0,APPN,5m
2026-02-06 12:40:00-05:00,24.739999771118164,24.739999771118164,24.700000762939453,24.700000762939453,1875,0.0,0.0,APPN,5m
2026-02-06 12:45:00-05:00,24.704999923706055,24.704999923706055,24.68000030517578,24.68000030517578,781,0.0,0.0,APPN,5m
2026-02-06 12:50:00-05:00,24.684999465942383,24.729999542236328,24.68000030517578,24.709400177001953,3517,0.0,0.0,APPN,5m
2026-02-06 12:55:00-05:00,24.739999771118164,24.75,24.690000534057617,24.709999084472656,4317,0.0,0.0,APPN,5m
2026-02-06 13:00:00-05:00,24.729999542236328,24.75,24.670000076293945,24.690000534057617,3437,0.0,0.0,APPN,5m
2026-02-06 13:05:00-05:00,24.65999984741211,24.68000030517578,24.65999984741211,24.674999237060547,3641,0.0,0.0,APPN,5m
2026-02-06 13:10:00-05:00,24.649999618530273,24.649999618530273,24.649999618530273,24.649999618530273,3445,0.0,0.0,APPN,5m
2026-02-06 13:15:00-05:00,24.62070083618164,24.690000534057617,24.62070083618164,24.68000030517578,5552,0.0,0.0,APPN,5m
2026-02-06 13:25:00-05:00,24.649999618530273,24.670000076293945,24.646299362182617,24.655000686645508,2616,0.0,0.0,APPN,5m
2026-02-06 13:30:00-05:00,24.655000686645508,24.719999313354492,24.649999618530273,24.700000762939453,14262,0.0,0.0,APPN,5m
2026-02-06 13:35:00-05:00,24.739999771118164,24.760000228881836,24.704200744628906,24.7549991607666,4612,0.0,0.0,APPN,5m
2026-02-06 13:40:00-05:00,24.7549991607666,24.825000762939453,24.7549991607666,24.825000762939453,2679,0.0,0.0,APPN,5m
2026-02-06 13:45:00-05:00,24.84000015258789,24.860000610351562,24.829999923706055,24.844999313354492,3068,0.0,0.0,APPN,5m
2026-02-06 13:50:00-05:00,24.81999969482422,24.81999969482422,24.809999465942383,24.815000534057617,2114,0.0,0.0,APPN,5m
2026-02-06 13:55:00-05:00,24.815000534057617,24.84000015258789,24.799999237060547,24.84000015258789,1618,0.0,0.0,APPN,5m
2026-02-06 14:00:00-05:00,24.799999237060547,24.799999237060547,24.75,24.777999877929688,6609,0.0,0.0,APPN,5m
2026-02-06 14:05:00-05:00,24.7450008392334,24.780000686645508,24.7450008392334,24.780000686645508,1993,0.0,0.0,APPN,5m
2026-02-06 14:10:00-05:00,24.760000228881836,24.770000457763672,24.719999313354492,24.7450008392334,5206,0.0,0.0,APPN,5m
2026-02-06 14:15:00-05:00,24.709999084472656,24.760000228881836,24.709999084472656,24.7549991607666,2013,0.0,0.0,APPN,5m
2026-02-06 14:20:00-05:00,24.770000457763672,24.850000381469727,24.770000457763672,24.850000381469727,2178,0.0,0.0,APPN,5m
2026-02-06 14:25:00-05:00,24.860000610351562,24.93000030517578,24.850000381469727,24.93000030517578,6093,0.0,0.0,APPN,5m
2026-02-06 14:30:00-05:00,24.93000030517578,25.032499313354492,24.93000030517578,25.020000457763672,11733,0.0,0.0,APPN,5m
2026-02-06 14:35:00-05:00,25.020000457763672,25.03499984741211,25.010000228881836,25.020000457763672,3159,0.0,0.0,APPN,5m
2026-02-06 14:40:00-05:00,25.03499984741211,25.040000915527344,25.020000457763672,25.020000457763672,7213,0.0,0.0,APPN,5m
2026-02-06 14:45:00-05:00,25.03499984741211,25.100000381469727,24.979999542236328,24.979999542236328,8185,0.0,0.0,APPN,5m
2026-02-06 14:50:00-05:00,24.985000610351562,25.020000457763672,24.984800338745117,25.020000457763672,4777,0.0,0.0,APPN,5m
2026-02-06 14:55:00-05:00,24.989999771118164,25.010000228881836,24.959999084472656,24.9950008392334,5543,0.0,0.0,APPN,5m
2026-02-06 15:00:00-05:00,24.950000762939453,24.989999771118164,24.950000762939453,24.985000610351562,3092,0.0,0.0,APPN,5m
2026-02-06 15:05:00-05:00,24.985000610351562,25.045000076293945,24.985000610351562,25.045000076293945,5685,0.0,0.0,APPN,5m
2026-02-06 15:10:00-05:00,25.045000076293945,25.045000076293945,24.989999771118164,24.989999771118164,5094,0.0,0.0,APPN,5m
2026-02-06 15:15:00-05:00,24.989999771118164,25.040000915527344,24.989999771118164,24.989999771118164,5649,0.0,0.0,APPN,5m
2026-02-06 15:20:00-05:00,24.989999771118164,25.06999969482422,24.989999771118164,25.010000228881836,8682,0.0,0.0,APPN,5m
2026-02-06 15:25:00-05:00,25.0,25.030000686645508,24.979999542236328,25.020000457763672,7767,0.0,0.0,APPN,5m
2026-02-06 15:30:00-05:00,25.0,25.010000228881836,24.950000762939453,24.969999313354492,15182,0.0,0.0,APPN,5m
2026-02-06 15:35:00-05:00,24.959999084472656,24.9601993560791,24.888700485229492,24.93000030517578,25851,0.0,0.0,APPN,5m
2026-02-06 15:40:00-05:00,24.940000534057617,25.0,24.924999237060547,25.0,13004,0.0,0.0,APPN,5m
2026-02-06 15:45:00-05:00,25.010000228881836,25.040000915527344,25.0,25.040000915527344,12620,0.0,0.0,APPN,5m
2026-02-06 15:50:00-05:00,25.049999237060547,25.219999313354492,25.049999237060547,25.219999313354492,21655,0.0,0.0,APPN,5m
2026-02-06 15:55:00-05:00,25.219999313354492,25.239999771118164,25.200000762939453,25.209999084472656,79192,0.0,0.0,APPN,5m
2026-02-09 09:30:00-05:00,25.020000457763672,25.020000457763672,24.622499465942383,24.66010093688965,8114,0.0,0.0,APPN,5m
2026-02-09 09:35:00-05:00,24.65999984741211,24.850000381469727,24.65999984741211,24.780000686645508,2046,0.0,0.0,APPN,5m
2026-02-09 09:40:00-05:00,24.889999389648438,25.100000381469727,24.889999389648438,24.920000076293945,4599,0.0,0.0,APPN,5m
2026-02-09 09:45:00-05:00,24.93000030517578,24.93000030517578,24.719999313354492,24.719999313354492,3825,0.0,0.0,APPN,5m
2026-02-09 09:50:00-05:00,24.729999542236328,24.889999389648438,24.719999313354492,24.829999923706055,3022,0.0,0.0,APPN,5m
2026-02-09 09:55:00-05:00,24.8700008392334,24.8700008392334,24.700000762939453,24.774999618530273,2932,0.0,0.0,APPN,5m
2026-02-09 10:00:00-05:00,24.8075008392334,24.8075008392334,24.690000534057617,24.739999771118164,1885,0.0,0.0,APPN,5m
2026-02-09 10:05:00-05:00,24.690000534057617,24.760000228881836,24.670000076293945,24.760000228881836,2906,0.0,0.0,APPN,5m
2026-02-09 10:10:00-05:00,24.760000228881836,24.84000015258789,24.75,24.790000915527344,4972,0.0,0.0,APPN,5m
2026-02-09 10:15:00-05:00,24.704999923706055,24.90999984741211,24.704999923706055,24.799999237060547,2326,0.0,0.0,APPN,5m
2026-02-09 10:20:00-05:00,24.795000076293945,24.795000076293945,24.795000076293945,24.795000076293945,1469,0.0,0.0,APPN,5m
2026-02-09 10:25:00-05:00,24.790000915527344,24.790000915527344,24.710100173950195,24.710100173950195,2094,0.0,0.0,APPN,5m
2026-02-09 10:30:00-05:00,24.860000610351562,24.860000610351562,24.65999984741211,24.65999984741211,7984,0.0,0.0,APPN,5m
2026-02-09 10:35:00-05:00,24.729999542236328,24.875,24.709999084472656,24.829999923706055,12365,0.0,0.0,APPN,5m
2026-02-09 10:40:00-05:00,24.8700008392334,24.8700008392334,24.8700008392334,24.8700008392334,1392,0.0,0.0,APPN,5m
2026-02-09 10:45:00-05:00,24.84000015258789,25.0,24.84000015258789,25.0,14429,0.0,0.0,APPN,5m
2026-02-09 10:50:00-05:00,25.010000228881836,25.1200008392334,25.010000228881836,25.110000610351562,3177,0.0,0.0,APPN,5m
2026-02-09 10:55:00-05:00,25.139999389648438,25.200000762939453,25.1299991607666,25.200000762939453,2161,0.0,0.0,APPN,5m
2026-02-09 11:00:00-05:00,25.209999084472656,25.327499389648438,25.139999389648438,25.139999389648438,8264,0.0,0.0,APPN,5m
2026-02-09 11:05:00-05:00,25.139999389648438,25.190000534057617,25.139999389648438,25.190000534057617,3825,0.0,0.0,APPN,5m
2026-02-09 11:10:00-05:00,25.209999084472656,25.229999542236328,25.190000534057617,25.225000381469727,5353,0.0,0.0,APPN,5m
2026-02-09 11:15:00-05:00,25.239999771118164,25.239999771118164,25.172500610351562,25.19499969482422,2487,0.0,0.0,APPN,5m
2026-02-09 11:20:00-05:00,25.200000762939453,25.239999771118164,25.18000030517578,25.239999771118164,4675,0.0,0.0,APPN,5m
2026-02-09 11:25:00-05:00,25.239999771118164,25.270000457763672,25.18000030517578,25.180099487304688,7832,0.0,0.0,APPN,5m
2026-02-09 11:30:00-05:00,25.21500015258789,25.225000381469727,25.18000030517578,25.18000030517578,3273,0.0,0.0,APPN,5m
2026-02-09 11:35:00-05:00,25.209999084472656,25.209999084472656,25.139999389648438,25.18000030517578,7043,0.0,0.0,APPN,5m
2026-02-09 11:40:00-05:00,25.18000030517578,25.25,25.145000457763672,25.239200592041016,7209,0.0,0.0,APPN,5m
2026-02-09 11:45:00-05:00,25.235000610351562,25.299999237060547,25.209999084472656,25.2450008392334,6904,0.0,0.0,APPN,5m
2026-02-09 11:50:00-05:00,25.2450008392334,25.360000610351562,25.219999313354492,25.329999923706055,7048,0.0,0.0,APPN,5m
2026-02-09 11:55:00-05:00,25.309999465942383,25.31999969482422,25.280000686645508,25.280000686645508,4781,0.0,0.0,APPN,5m
2026-02-09 12:00:00-05:00,25.280000686645508,25.290000915527344,25.209999084472656,25.260000228881836,10642,0.0,0.0,APPN,5m
2026-02-09 12:05:00-05:00,25.270000457763672,25.28499984741211,25.219999313354492,25.219999313354492,12370,0.0,0.0,APPN,5m
2026-02-09 12:10:00-05:00,25.209999084472656,25.270000457763672,25.170000076293945,25.260000228881836,5058,0.0,0.0,APPN,5m
2026-02-09 12:15:00-05:00,25.229999542236328,25.229999542236328,25.18000030517578,25.200000762939453,4412,0.0,0.0,APPN,5m
2026-02-09 12:20:00-05:00,25.18000030517578,25.280000686645508,25.170000076293945,25.260000228881836,7845,0.0,0.0,APPN,5m
2026-02-09 12:25:00-05:00,25.260000228881836,25.360000610351562,25.225000381469727,25.344999313354492,10018,0.0,0.0,APPN,5m
2026-02-09 12:30:00-05:00,25.329999923706055,25.344999313354492,25.280000686645508,25.299999237060547,9112,0.0,0.0,APPN,5m
2026-02-09 12:35:00-05:00,25.299999237060547,25.34000015258789,25.299999237060547,25.329999923706055,11899,0.0,0.0,APPN,5m
2026-02-09 12:40:00-05:00,25.31999969482422,25.334999084472656,25.290000915527344,25.290000915527344,2460,0.0,0.0,APPN,5m
2026-02-09 12:45:00-05:00,25.329999923706055,25.389999389648438,25.31999969482422,25.389999389648438,3636,0.0,0.0,APPN,5m
2026-02-09 12:50:00-05:00,25.389999389648438,25.40999984741211,25.329999923706055,25.329999923706055,3029,0.0,0.0,APPN,5m
2026-02-09 12:55:00-05:00,25.329999923706055,25.329999923706055,25.260000228881836,25.299999237060547,4000,0.0,0.0,APPN,5m
2026-02-09 13:00:00-05:00,25.280000686645508,25.344999313354492,25.280000686645508,25.344999313354492,2140,0.0,0.0,APPN,5m
2026-02-09 13:05:00-05:00,25.329999923706055,25.389999389648438,25.329999923706055,25.3799991607666,5692,0.0,0.0,APPN,5m
2026-02-09 13:10:00-05:00,25.395000457763672,25.395000457763672,25.3700008392334,25.3700008392334,1008,0.0,0.0,APPN,5m
2026-02-09 13:15:00-05:00,25.399999618530273,25.399999618530273,25.329999923706055,25.329999923706055,3205,0.0,0.0,APPN,5m
2026-02-09 13:20:00-05:00,25.325000762939453,25.325000762939453,25.18000030517578,25.280000686645508,10103,0.0,0.0,APPN,5m
2026-02-09 13:25:00-05:00,25.280000686645508,25.31999969482422,25.260000228881836,25.31999969482422,4770,0.0,0.0,APPN,5m
2026-02-09 13:30:00-05:00,25.329999923706055,25.389999389648438,25.329999923706055,25.360000610351562,3375,0.0,0.0,APPN,5m
2026-02-09 13:35:00-05:00,25.389999389648438,25.399999618530273,25.377300262451172,25.399999618530273,3024,0.0,0.0,APPN,5m
2026-02-09 13:40:00-05:00,25.40999984741211,25.43000030517578,25.3799991607666,25.415000915527344,4242,0.0,0.0,APPN,5m
2026-02-09 13:45:00-05:00,25.399999618530273,25.399999618530273,25.315000534057617,25.350000381469727,3522,0.0,0.0,APPN,5m
2026-02-09 13:50:00-05:00,25.360000610351562,25.360000610351562,25.350000381469727,25.350000381469727,2352,0.0,0.0,APPN,5m
2026-02-09 13:55:00-05:00,25.350000381469727,25.3799991607666,25.350000381469727,25.3799991607666,2437,0.0,0.0,APPN,5m
2026-02-09 14:00:00-05:00,25.3799991607666,25.40999984741211,25.3700008392334,25.40999984741211,2091,0.0,0.0,APPN,5m
2026-02-09 14:05:00-05:00,25.434999465942383,25.434999465942383,25.3700008392334,25.3700008392334,2955,0.0,0.0,APPN,5m
2026-02-09 14:10:00-05:00,25.3700008392334,25.389999389648438,25.360000610351562,25.389999389648438,2423,0.0,0.0,APPN,5m
2026-02-09 14:15:00-05:00,25.389999389648438,25.40999984741211,25.385000228881836,25.399999618530273,3482,0.0,0.0,APPN,5m
2026-02-09 14:20:00-05:00,25.40999984741211,25.55500030517578,25.405000686645508,25.530000686645508,7138,0.0,0.0,APPN,5m
2026-02-09 14:25:00-05:00,25.53499984741211,25.559999465942383,25.4950008392334,25.530000686645508,3446,0.0,0.0,APPN,5m
2026-02-09 14:30:00-05:00,25.549999237060547,25.614999771118164,25.549999237060547,25.579999923706055,4940,0.0,0.0,APPN,5m
2026-02-09 14:35:00-05:00,25.59000015258789,25.614999771118164,25.520000457763672,25.520000457763672,5233,0.0,0.0,APPN,5m
2026-02-09 14:40:00-05:00,25.520000457763672,25.520000457763672,25.469999313354492,25.469999313354492,1649,0.0,0.0,APPN,5m
2026-02-09 14:45:00-05:00,25.485000610351562,25.4950008392334,25.485000610351562,25.4950008392334,1619,0.0,0.0,APPN,5m
2026-02-09 14:50:00-05:00,25.479999542236328,25.479999542236328,25.440000534057617,25.440000534057617,4666,0.0,0.0,APPN,5m
2026-02-09 14:55:00-05:00,25.459999084472656,25.479999542236328,25.450000762939453,25.475000381469727,4928,0.0,0.0,APPN,5m
2026-02-09 15:00:00-05:00,25.459999084472656,25.459999084472656,25.43000030517578,25.459999084472656,5085,0.0,0.0,APPN,5m
2026-02-09 15:05:00-05:00,25.459999084472656,25.510000228881836,25.459999084472656,25.510000228881836,6945,0.0,0.0,APPN,5m
2026-02-09 15:10:00-05:00,25.520000457763672,25.540000915527344,25.510000228881836,25.520000457763672,8581,0.0,0.0,APPN,5m
2026-02-09 15:15:00-05:00,25.530000686645508,25.530000686645508,25.450000762939453,25.454999923706055,6445,0.0,0.0,APPN,5m
2026-02-09 15:20:00-05:00,25.44499969482422,25.452499389648438,25.3799991607666,25.389999389648438,6529,0.0,0.0,APPN,5m
2026-02-09 15:25:00-05:00,25.389999389648438,25.440000534057617,25.389999389648438,25.399999618530273,6098,0.0,0.0,APPN,5m
2026-02-09 15:30:00-05:00,25.403799057006836,25.420000076293945,25.3700008392334,25.375,7354,0.0,0.0,APPN,5m
2026-02-09 15:35:00-05:00,25.399999618530273,25.40999984741211,25.3799991607666,25.399999618530273,5926,0.0,0.0,APPN,5m
2026-02-09 15:40:00-05:00,25.399999618530273,25.450000762939453,25.399999618530273,25.440000534057617,8954,0.0,0.0,APPN,5m
2026-02-09 15:45:00-05:00,25.43000030517578,25.43000030517578,25.3799991607666,25.3799991607666,9898,0.0,0.0,APPN,5m
2026-02-09 15:50:00-05:00,25.3799991607666,25.459999084472656,25.3700008392334,25.40999984741211,24081,0.0,0.0,APPN,5m
2026-02-09 15:55:00-05:00,25.40999984741211,25.459999084472656,25.3700008392334,25.420000076293945,70178,0.0,0.0,APPN,5m
2026-02-10 09:30:00-05:00,25.59000015258789,25.969999313354492,25.505699157714844,25.889999389648438,9351,0.0,0.0,APPN,5m
2026-02-10 09:35:00-05:00,25.760000228881836,25.809999465942383,25.610000610351562,25.610000610351562,1231,0.0,0.0,APPN,5m
2026-02-10 09:40:00-05:00,25.739999771118164,25.739999771118164,25.540000915527344,25.739999771118164,3266,0.0,0.0,APPN,5m
2026-02-10 09:45:00-05:00,25.84000015258789,25.93000030517578,25.75,25.920000076293945,2332,0.0,0.0,APPN,5m
2026-02-10 09:50:00-05:00,25.93000030517578,25.959999084472656,25.549999237060547,25.71500015258789,4962,0.0,0.0,APPN,5m
2026-02-10 09:55:00-05:00,25.559999465942383,25.739999771118164,25.559999465942383,25.59000015258789,1553,0.0,0.0,APPN,5m
2026-02-10 10:00:00-05:00,25.760000228881836,25.90999984741211,25.579999923706055,25.770000457763672,7469,0.0,0.0,APPN,5m
2026-02-10 10:05:00-05:00,25.770000457763672,26.059999465942383,25.770000457763672,26.059999465942383,4869,0.0,0.0,APPN,5m
2026-02-10 10:10:00-05:00,25.959999084472656,25.959999084472656,25.6299991607666,25.732999801635742,8747,0.0,0.0,APPN,5m
2026-02-10 10:15:00-05:00,25.690000534057617,25.690000534057617,25.565000534057617,25.639999389648438,4377,0.0,0.0,APPN,5m
2026-02-10 10:20:00-05:00,25.6200008392334,25.81999969482422,25.6200008392334,25.799999237060547,4221,0.0,0.0,APPN,5m
2026-02-10 10:25:00-05:00,25.780000686645508,25.920000076293945,25.780000686645508,25.799999237060547,2135,0.0,0.0,APPN,5m
2026-02-10 10:30:00-05:00,25.844999313354492,26.149999618530273,25.844999313354492,26.1200008392334,4524,0.0,0.0,APPN,5m
2026-02-10 10:35:00-05:00,26.149999618530273,26.149999618530273,25.9950008392334,26.030000686645508,4669,0.0,0.0,APPN,5m
2026-02-10 10:40:00-05:00,25.959999084472656,26.170000076293945,25.920000076293945,26.132299423217773,5077,0.0,0.0,APPN,5m
2026-02-10 10:45:00-05:00,26.049999237060547,26.100000381469727,25.920000076293945,25.954999923706055,4705,0.0,0.0,APPN,5m
2026-02-10 10:50:00-05:00,25.8799991607666,25.989999771118164,25.850000381469727,25.989999771118164,8879,0.0,0.0,APPN,5m
2026-02-10 10:55:00-05:00,25.989999771118164,26.059999465942383,25.96500015258789,26.030000686645508,12338,0.0,0.0,APPN,5m
2026-02-10 11:00:00-05:00,25.94499969482422,26.040000915527344,25.94499969482422,26.040000915527344,3245,0.0,0.0,APPN,5m
2026-02-10 11:05:00-05:00,26.020000457763672,26.033000946044922,25.920000076293945,25.924999237060547,2934,0.0,0.0,APPN,5m
2026-02-10 11:10:00-05:00,25.940000534057617,25.989999771118164,25.90999984741211,25.950000762939453,3551,0.0,0.0,APPN,5m
2026-02-10 11:15:00-05:00,25.934999465942383,26.06999969482422,25.90999984741211,26.049999237060547,7311,0.0,0.0,APPN,5m
2026-02-10 11:20:00-05:00,26.010000228881836,26.059999465942383,26.0,26.059999465942383,7297,0.0,0.0,APPN,5m
2026-02-10 11:25:00-05:00,26.045000076293945,26.05500030517578,25.969999313354492,25.969999313354492,4952,0.0,0.0,APPN,5m
2026-02-10 11:30:00-05:00,25.979999542236328,26.0,25.940000534057617,26.0,6464,0.0,0.0,APPN,5m
2026-02-10 11:35:00-05:00,26.0,26.079999923706055,25.9950008392334,26.0,6592,0.0,0.0,APPN,5m
2026-02-10 11:40:00-05:00,26.059999465942383,26.1200008392334,26.030000686645508,26.1200008392334,6421,0.0,0.0,APPN,5m
2026-02-10 11:45:00-05:00,26.110000610351562,26.190000534057617,26.110000610351562,26.18000030517578,6667,0.0,0.0,APPN,5m
2026-02-10 11:50:00-05:00,26.170000076293945,26.174999237060547,26.0,26.020000457763672,15507,0.0,0.0,APPN,5m
2026-02-10 11:55:00-05:00,26.024999618530273,26.110000610351562,26.010000228881836,26.059999465942383,4946,0.0,0.0,APPN,5m
2026-02-10 12:00:00-05:00,26.065000534057617,26.15999984741211,26.065000534057617,26.139999389648438,5069,0.0,0.0,APPN,5m
2026-02-10 12:05:00-05:00,26.125,26.139999389648438,26.09000015258789,26.09000015258789,5020,0.0,0.0,APPN,5m
2026-02-10 12:10:00-05:00,26.094999313354492,26.1299991607666,26.094999313354492,26.110000610351562,4401,0.0,0.0,APPN,5m
2026-02-10 12:15:00-05:00,26.110000610351562,26.15999984741211,26.110000610351562,26.15999984741211,3956,0.0,0.0,APPN,5m
2026-02-10 12:20:00-05:00,26.15999984741211,26.229999542236328,26.15999984741211,26.200000762939453,4324,0.0,0.0,APPN,5m
2026-02-10 12:25:00-05:00,26.184999465942383,26.229999542236328,26.184999465942383,26.209999084472656,4526,0.0,0.0,APPN,5m
2026-02-10 12:30:00-05:00,26.229999542236328,26.2450008392334,26.15999984741211,26.16010093688965,6588,0.0,0.0,APPN,5m
2026-02-10 12:35:00-05:00,26.15999984741211,26.200000762939453,26.149999618530273,26.170000076293945,7423,0.0,0.0,APPN,5m
2026-02-10 12:40:00-05:00,26.170000076293945,26.200000762939453,26.049999237060547,26.049999237060547,12378,0.0,0.0,APPN,5m
2026-02-10 12:45:00-05:00,26.059999465942383,26.100000381469727,26.05500030517578,26.05500030517578,7187,0.0,0.0,APPN,5m
2026-02-10 12:50:00-05:00,26.06999969482422,26.110000610351562,26.0,26.014999389648438,3613,0.0,0.0,APPN,5m
2026-02-10 12:55:00-05:00,26.0,26.030000686645508,25.969999313354492,26.020000457763672,4101,0.0,0.0,APPN,5m
2026-02-10 13:00:00-05:00,26.0,26.0,25.940000534057617,25.940000534057617,2356,0.0,0.0,APPN,5m
2026-02-10 13:05:00-05:00,25.940000534057617,25.950000762939453,25.90999984741211,25.93000030517578,2203,0.0,0.0,APPN,5m
2026-02-10 13:10:00-05:00,25.8799991607666,25.899999618530273,25.844999313354492,25.895000457763672,13176,0.0,0.0,APPN,5m
2026-02-10 13:15:00-05:00,25.899999618530273,25.950000762939453,25.899999618530273,25.950000762939453,3440,0.0,0.0,APPN,5m
2026-02-10 13:20:00-05:00,25.950000762939453,25.950000762939453,25.899999618530273,25.950000762939453,3541,0.0,0.0,APPN,5m
2026-02-10 13:25:00-05:00,25.90999984741211,25.93000030517578,25.832000732421875,25.93000030517578,5679,0.0,0.0,APPN,5m
2026-02-10 13:30:00-05:00,25.93000030517578,25.950000762939453,25.860000610351562,25.860000610351562,4301,0.0,0.0,APPN,5m
2026-02-10 13:35:00-05:00,25.889999389648438,25.889999389648438,25.850000381469727,25.8799991607666,4484,0.0,0.0,APPN,5m
2026-02-10 13:40:00-05:00,25.885000228881836,25.899999618530273,25.8700008392334,25.899999618530273,2175,0.0,0.0,APPN,5m
2026-02-10 13:45:00-05:00,25.860300064086914,25.8700008392334,25.850000381469727,25.854999542236328,3226,0.0,0.0,APPN,5m
2026-02-10 13:50:00-05:00,25.854999542236328,25.854999542236328,25.829999923706055,25.84000015258789,4052,0.0,0.0,APPN,5m
2026-02-10 13:55:00-05:00,25.860000610351562,25.895000457763672,25.860000610351562,25.889999389648438,3890,0.0,0.0,APPN,5m
2026-02-10 14:00:00-05:00,25.90999984741211,25.940000534057617,25.90999984741211,25.9148006439209,3950,0.0,0.0,APPN,5m
2026-02-10 14:05:00-05:00,25.899999618530273,25.899999618530273,25.8799991607666,25.8799991607666,1545,0.0,0.0,APPN,5m
2026-02-10 14:10:00-05:00,25.889999389648438,25.889999389648438,25.860000610351562,25.860000610351562,1447,0.0,0.0,APPN,5m
2026-02-10 14:15:00-05:00,25.8700008392334,25.885000228881836,25.854999542236328,25.8700008392334,5377,0.0,0.0,APPN,5m
2026-02-10 14:20:00-05:00,25.860000610351562,25.920000076293945,25.860000610351562,25.920000076293945,3415,0.0,0.0,APPN,5m
2026-02-10 14:25:00-05:00,25.93000030517578,25.950000762939453,25.920000076293945,25.950000762939453,2454,0.0,0.0,APPN,5m
2026-02-10 14:30:00-05:00,25.979999542236328,26.039199829101562,25.959999084472656,26.030000686645508,6945,0.0,0.0,APPN,5m
2026-02-10 14:35:00-05:00,26.040000915527344,26.100000381469727,26.040000915527344,26.075000762939453,12348,0.0,0.0,APPN,5m
2026-02-10 14:40:00-05:00,26.06999969482422,26.06999969482422,26.020000457763672,26.05299949645996,10803,0.0,0.0,APPN,5m
2026-02-10 14:45:00-05:00,26.059999465942383,26.104999542236328,26.059999465942383,26.104999542236328,9173,0.0,0.0,APPN,5m
2026-02-10 14:50:00-05:00,26.1200008392334,26.1299991607666,26.1200008392334,26.1299991607666,6369,0.0,0.0,APPN,5m
2026-02-10 14:55:00-05:00,26.1299991607666,26.155000686645508,26.1200008392334,26.155000686645508,6752,0.0,0.0,APPN,5m
2026-02-10 15:00:00-05:00,26.15999984741211,26.209999084472656,26.149999618530273,26.209999084472656,8385,0.0,0.0,APPN,5m
2026-02-10 15:05:00-05:00,26.170000076293945,26.18000030517578,26.110000610351562,26.18000030517578,7403,0.0,0.0,APPN,5m
2026-02-10 15:10:00-05:00,26.15999984741211,26.170000076293945,25.954999923706055,25.969999313354492,25030,0.0,0.0,APPN,5m
2026-02-10 15:15:00-05:00,26.0,26.1299991607666,25.969999313354492,26.125,25774,0.0,0.0,APPN,5m
2026-02-10 15:20:00-05:00,26.139999389648438,26.15999984741211,26.059999465942383,26.059999465942383,8351,0.0,0.0,APPN,5m
2026-02-10 15:25:00-05:00,26.05500030517578,26.1299991607666,26.0,26.110000610351562,9417,0.0,0.0,APPN,5m
2026-02-10 15:30:00-05:00,26.094999313354492,26.1200008392334,26.09000015258789,26.09000015258789,3585,0.0,0.0,APPN,5m
2026-02-10 15:35:00-05:00,26.100000381469727,26.104999542236328,26.059999465942383,26.059999465942383,7328,0.0,0.0,APPN,5m
2026-02-10 15:40:00-05:00,26.075000762939453,26.110000610351562,26.059999465942383,26.110000610351562,11834,0.0,0.0,APPN,5m
2026-02-10 15:45:00-05:00,26.110000610351562,26.1299991607666,26.100000381469727,26.1200008392334,9955,0.0,0.0,APPN,5m
2026-02-10 15:50:00-05:00,26.100000381469727,26.170000076293945,26.09000015258789,26.139999389648438,26282,0.0,0.0,APPN,5m
2026-02-10 15:55:00-05:00,26.149999618530273,26.299999237060547,26.1299991607666,26.299999237060547,129620,0.0,0.0,APPN,5m
2026-02-11 09:30:00-05:00,26.184999465942383,26.260000228881836,25.850000381469727,25.850099563598633,25358,0.0,0.0,APPN,5m
2026-02-11 09:35:00-05:00,25.860000610351562,26.065000534057617,25.510000228881836,25.510000228881836,24260,0.0,0.0,APPN,5m
2026-02-11 09:40:00-05:00,25.600000381469727,25.795000076293945,25.459999084472656,25.459999084472656,21572,0.0,0.0,APPN,5m
2026-02-11 09:45:00-05:00,25.489999771118164,25.5,25.0,25.200000762939453,23599,0.0,0.0,APPN,5m
2026-02-11 09:50:00-05:00,25.329999923706055,25.329999923706055,24.559999465942383,24.649999618530273,27356,0.0,0.0,APPN,5m
2026-02-11 09:55:00-05:00,24.69499969482422,24.764999389648438,24.600000381469727,24.764999389648438,14049,0.0,0.0,APPN,5m
2026-02-11 10:00:00-05:00,24.795000076293945,24.854999542236328,24.75,24.799999237060547,16325,0.0,0.0,APPN,5m
2026-02-11 10:05:00-05:00,24.850000381469727,24.850000381469727,24.530000686645508,24.55500030517578,37421,0.0,0.0,APPN,5m
2026-02-11 10:10:00-05:00,24.55500030517578,24.639999389648438,24.299999237060547,24.34000015258789,28119,0.0,0.0,APPN,5m
2026-02-11 10:15:00-05:00,24.360000610351562,24.399999618530273,24.079999923706055,24.09000015258789,13999,0.0,0.0,APPN,5m
2026-02-11 10:20:00-05:00,24.079999923706055,24.135000228881836,24.0,24.03499984741211,21458,0.0,0.0,APPN,5m
2026-02-11 10:25:00-05:00,24.059999465942383,24.200000762939453,24.030000686645508,24.059999465942383,31319,0.0,0.0,APPN,5m
2026-02-11 10:30:00-05:00,24.059999465942383,24.06999969482422,23.979999542236328,24.0,11182,0.0,0.0,APPN,5m
2026-02-11 10:35:00-05:00,24.020000457763672,24.100000381469727,23.75,23.799999237060547,17276,0.0,0.0,APPN,5m
2026-02-11 10:40:00-05:00,23.809999465942383,23.850000381469727,23.719999313354492,23.739999771118164,8379,0.0,0.0,APPN,5m
2026-02-11 10:45:00-05:00,23.719999313354492,23.75,23.600000381469727,23.600000381469727,40247,0.0,0.0,APPN,5m
2026-02-11 10:50:00-05:00,23.649999618530273,23.719999313354492,23.6200008392334,23.68000030517578,21175,0.0,0.0,APPN,5m
2026-02-11 10:55:00-05:00,23.649999618530273,23.684999465942383,23.530000686645508,23.530000686645508,12360,0.0,0.0,APPN,5m
2026-02-11 11:00:00-05:00,23.540000915527344,23.559999465942383,23.450000762939453,23.450000762939453,9286,0.0,0.0,APPN,5m
2026-02-11 11:05:00-05:00,23.450000762939453,23.459999084472656,23.280000686645508,23.280000686645508,7686,0.0,0.0,APPN,5m
2026-02-11 11:10:00-05:00,23.270000457763672,23.579999923706055,23.209999084472656,23.290000915527344,53207,0.0,0.0,APPN,5m
2026-02-11 11:15:00-05:00,23.309999465942383,23.420000076293945,23.1299991607666,23.204999923706055,21606,0.0,0.0,APPN,5m
2026-02-11 11:20:00-05:00,23.219999313354492,23.290000915527344,23.219999313354492,23.260000228881836,10753,0.0,0.0,APPN,5m
2026-02-11 11:25:00-05:00,23.251300811767578,23.27589988708496,23.219999313354492,23.2549991607666,11826,0.0,0.0,APPN,5m
2026-02-11 11:30:00-05:00,23.219999313354492,23.229999542236328,23.059999465942383,23.204999923706055,16360,0.0,0.0,APPN,5m
2026-02-11 11:35:00-05:00,23.204999923706055,23.204999923706055,23.100000381469727,23.1299991607666,7864,0.0,0.0,APPN,5m
2026-02-11 11:40:00-05:00,23.1299991607666,23.190000534057617,23.0,23.0,16984,0.0,0.0,APPN,5m
2026-02-11 11:45:00-05:00,23.01689910888672,23.030000686645508,22.799999237060547,22.815000534057617,28584,0.0,0.0,APPN,5m
2026-02-11 11:50:00-05:00,22.84000015258789,23.0,22.84000015258789,23.0,18176,0.0,0.0,APPN,5m
2026-02-11 11:55:00-05:00,23.020000457763672,23.059999465942383,22.989999771118164,23.030000686645508,20854,0.0,0.0,APPN,5m
2026-02-11 12:00:00-05:00,23.030000686645508,23.049999237060547,22.959999084472656,23.024999618530273,28021,0.0,0.0,APPN,5m
2026-02-11 12:05:00-05:00,23.010099411010742,23.09000015258789,23.010000228881836,23.030000686645508,13551,0.0,0.0,APPN,5m
2026-02-11 12:10:00-05:00,23.020000457763672,23.1299991607666,22.989999771118164,23.1299991607666,12174,0.0,0.0,APPN,5m
2026-02-11 12:15:00-05:00,23.1200008392334,23.1299991607666,23.0,23.059999465942383,21902,0.0,0.0,APPN,5m
2026-02-11 12:20:00-05:00,23.049999237060547,23.209999084472656,23.03499984741211,23.209999084472656,17395,0.0,0.0,APPN,5m
2026-02-11 12:25:00-05:00,23.204999923706055,23.290000915527344,23.10849952697754,23.1299991607666,12852,0.0,0.0,APPN,5m
2026-02-11 12:30:00-05:00,23.139999389648438,23.25,23.094999313354492,23.204999923706055,14428,0.0,0.0,APPN,5m
2026-02-11 12:35:00-05:00,23.209999084472656,23.229999542236328,23.139999389648438,23.219999313354492,5910,0.0,0.0,APPN,5m
2026-02-11 12:40:00-05:00,23.200000762939453,23.25,23.15999984741211,23.200000762939453,5474,0.0,0.0,APPN,5m
2026-02-11 12:45:00-05:00,23.209999084472656,23.309999465942383,23.200000762939453,23.28499984741211,4429,0.0,0.0,APPN,5m
2026-02-11 12:50:00-05:00,23.260000228881836,23.360000610351562,23.260000228881836,23.329999923706055,14132,0.0,0.0,APPN,5m
2026-02-11 12:55:00-05:00,23.329999923706055,23.329999923706055,23.260000228881836,23.260000228881836,3951,0.0,0.0,APPN,5m
2026-02-11 13:00:00-05:00,23.230100631713867,23.230100631713867,23.110000610351562,23.110000610351562,7748,0.0,0.0,APPN,5m
2026-02-11 13:05:00-05:00,23.114999771118164,23.1299991607666,23.030000686645508,23.030000686645508,5390,0.0,0.0,APPN,5m
2026-02-11 13:10:00-05:00,23.020000457763672,23.059999465942383,22.959999084472656,22.985000610351562,6718,0.0,0.0,APPN,5m
2026-02-11 13:15:00-05:00,22.96500015258789,23.010000228881836,22.934999465942383,23.009899139404297,5680,0.0,0.0,APPN,5m
2026-02-11 13:20:00-05:00,22.950000762939453,23.0,22.950000762939453,22.9950008392334,5293,0.0,0.0,APPN,5m
2026-02-11 13:25:00-05:00,23.0,23.0,22.950000762939453,22.975000381469727,6294,0.0,0.0,APPN,5m
2026-02-11 13:30:00-05:00,22.950000762939453,23.0,22.950000762939453,22.985000610351562,10709,0.0,0.0,APPN,5m
2026-02-11 13:35:00-05:00,22.979999542236328,23.020000457763672,22.94499969482422,22.997499465942383,19062,0.0,0.0,APPN,5m
2026-02-11 13:40:00-05:00,22.989999771118164,23.059999465942383,22.979999542236328,23.049999237060547,11178,0.0,0.0,APPN,5m
2026-02-11 13:45:00-05:00,23.065000534057617,23.100000381469727,23.049999237060547,23.065000534057617,8323,0.0,0.0,APPN,5m
2026-02-11 13:50:00-05:00,23.079999923706055,23.100000381469727,23.030000686645508,23.09000015258789,13942,0.0,0.0,APPN,5m
2026-02-11 13:55:00-05:00,23.09000015258789,23.135000228881836,23.040000915527344,23.06999969482422,24892,0.0,0.0,APPN,5m
2026-02-11 14:00:00-05:00,23.030000686645508,23.040000915527344,23.010000228881836,23.030000686645508,6887,0.0,0.0,APPN,5m
2026-02-11 14:05:00-05:00,23.020000457763672,23.020000457763672,22.969999313354492,22.975000381469727,16872,0.0,0.0,APPN,5m
2026-02-11 14:10:00-05:00,22.969999313354492,23.260000228881836,22.969999313354492,23.209999084472656,36643,0.0,0.0,APPN,5m
2026-02-11 14:15:00-05:00,23.209999084472656,23.270000457763672,23.19499969482422,23.210599899291992,8868,0.0,0.0,APPN,5m
2026-02-11 14:20:00-05:00,23.209999084472656,23.280000686645508,23.114999771118164,23.239999771118164,12300,0.0,0.0,APPN,5m
2026-02-11 14:25:00-05:00,23.260000228881836,23.290000915527344,23.219999313354492,23.219999313354492,4909,0.0,0.0,APPN,5m
2026-02-11 14:30:00-05:00,23.200000762939453,23.3799991607666,23.170000076293945,23.31999969482422,12672,0.0,0.0,APPN,5m
2026-02-11 14:35:00-05:00,23.31999969482422,23.399999618530273,23.299999237060547,23.399999618530273,6522,0.0,0.0,APPN,5m
2026-02-11 14:40:00-05:00,23.39150047302246,23.40250015258789,23.350000381469727,23.385000228881836,7310,0.0,0.0,APPN,5m
2026-02-11 14:45:00-05:00,23.385000228881836,23.40999984741211,23.31999969482422,23.3700008392334,6220,0.0,0.0,APPN,5m
2026-02-11 14:50:00-05:00,23.360000610351562,23.40999984741211,23.354999542236328,23.3700008392334,7312,0.0,0.0,APPN,5m
2026-02-11 14:55:00-05:00,23.375,23.375,23.28499984741211,23.290000915527344,8428,0.0,0.0,APPN,5m
2026-02-11 15:00:00-05:00,23.290000915527344,23.334999084472656,23.290000915527344,23.325000762939453,10576,0.0,0.0,APPN,5m
2026-02-11 15:05:00-05:00,23.325000762939453,23.350000381469727,23.25,23.270000457763672,18333,0.0,0.0,APPN,5m
2026-02-11 15:10:00-05:00,23.290000915527344,23.309999465942383,23.270000457763672,23.28499984741211,9890,0.0,0.0,APPN,5m
2026-02-11 15:15:00-05:00,23.299999237060547,23.429100036621094,23.299999237060547,23.3700008392334,23207,0.0,0.0,APPN,5m
2026-02-11 15:20:00-05:00,23.3700008392334,23.38610076904297,23.290000915527344,23.31879997253418,12583,0.0,0.0,APPN,5m
2026-02-11 15:25:00-05:00,23.309999465942383,23.309999465942383,23.229999542236328,23.229999542236328,10257,0.0,0.0,APPN,5m
2026-02-11 15:30:00-05:00,23.225000381469727,23.239999771118164,23.184999465942383,23.209999084472656,10395,0.0,0.0,APPN,5m
2026-02-11 15:35:00-05:00,23.219999313354492,23.280000686645508,23.219999313354492,23.270000457763672,9901,0.0,0.0,APPN,5m
2026-02-11 15:40:00-05:00,23.280000686645508,23.325000762939453,23.280000686645508,23.299999237060547,14676,0.0,0.0,APPN,5m
2026-02-11 15:45:00-05:00,23.299999237060547,23.389999389648438,23.299999237060547,23.3700008392334,46526,0.0,0.0,APPN,5m
2026-02-11 15:50:00-05:00,23.3700008392334,23.479999542236328,23.3700008392334,23.46500015258789,37643,0.0,0.0,APPN,5m
2026-02-11 15:55:00-05:00,23.46500015258789,23.488800048828125,23.375,23.40999984741211,111529,0.0,0.0,APPN,5m
2026-02-12 09:30:00-05:00,23.450000762939453,23.5,23.219999313354492,23.3700008392334,18135,0.0,0.0,APPN,5m
2026-02-12 09:35:00-05:00,23.264999389648438,23.639999389648438,23.139999389648438,23.295000076293945,5664,0.0,0.0,APPN,5m
2026-02-12 09:40:00-05:00,23.274999618530273,23.31999969482422,23.140100479125977,23.26689910888672,8338,0.0,0.0,APPN,5m
2026-02-12 09:45:00-05:00,23.225000381469727,23.270000457763672,23.046600341796875,23.219999313354492,4596,0.0,0.0,APPN,5m
2026-02-12 09:50:00-05:00,23.1299991607666,23.360000610351562,23.1299991607666,23.31999969482422,8073,0.0,0.0,APPN,5m
2026-02-12 09:55:00-05:00,23.329999923706055,23.3700008392334,23.2450008392334,23.2450008392334,5964,0.0,0.0,APPN,5m
2026-02-12 10:00:00-05:00,23.25,23.3700008392334,23.25,23.360000610351562,4719,0.0,0.0,APPN,5m
2026-02-12 10:05:00-05:00,23.309999465942383,23.600000381469727,23.309999465942383,23.354999542236328,7466,0.0,0.0,APPN,5m
2026-02-12 10:10:00-05:00,23.354999542236328,23.540000915527344,23.354999542236328,23.469999313354492,2350,0.0,0.0,APPN,5m
2026-02-12 10:15:00-05:00,23.450000762939453,23.450000762939453,23.334999084472656,23.334999084472656,6658,0.0,0.0,APPN,5m
2026-02-12 10:20:00-05:00,23.31999969482422,23.440000534057617,23.299999237060547,23.325000762939453,6120,0.0,0.0,APPN,5m
2026-02-12 10:25:00-05:00,23.31999969482422,23.354999542236328,23.290000915527344,23.354999542236328,23337,0.0,0.0,APPN,5m
2026-02-12 10:30:00-05:00,23.3799991607666,23.399999618530273,23.2549991607666,23.2549991607666,4609,0.0,0.0,APPN,5m
2026-02-12 10:35:00-05:00,23.329999923706055,23.329999923706055,23.114999771118164,23.114999771118164,15327,0.0,0.0,APPN,5m
2026-02-12 10:40:00-05:00,23.104999542236328,23.1299991607666,23.010000228881836,23.079999923706055,7837,0.0,0.0,APPN,5m
2026-02-12 10:45:00-05:00,23.09000015258789,23.1299991607666,23.059999465942383,23.1200008392334,6472,0.0,0.0,APPN,5m
2026-02-12 10:50:00-05:00,23.06999969482422,23.100000381469727,22.920000076293945,22.920000076293945,4097,0.0,0.0,APPN,5m
2026-02-12 10:55:00-05:00,22.940000534057617,22.950000762939453,22.790000915527344,22.799999237060547,14339,0.0,0.0,APPN,5m
2026-02-12 11:00:00-05:00,22.809999465942383,22.8700008392334,22.77120018005371,22.8700008392334,7174,0.0,0.0,APPN,5m
2026-02-12 11:05:00-05:00,22.799999237060547,22.799999237060547,22.645000457763672,22.700000762939453,5373,0.0,0.0,APPN,5m
2026-02-12 11:10:00-05:00,22.681400299072266,22.770000457763672,22.681400299072266,22.770000457763672,8042,0.0,0.0,APPN,5m
2026-02-12 11:15:00-05:00,22.739999771118164,22.809999465942383,22.65999984741211,22.739999771118164,8391,0.0,0.0,APPN,5m
2026-02-12 11:20:00-05:00,22.729999542236328,22.735000610351562,22.670000076293945,22.69499969482422,6714,0.0,0.0,APPN,5m
2026-02-12 11:25:00-05:00,22.69499969482422,22.700000762939453,22.590200424194336,22.590200424194336,10016,0.0,0.0,APPN,5m
2026-02-12 11:30:00-05:00,22.584999084472656,22.59000015258789,22.5,22.562700271606445,12054,0.0,0.0,APPN,5m
2026-02-12 11:35:00-05:00,22.56999969482422,22.649999618530273,22.56999969482422,22.649999618530273,7980,0.0,0.0,APPN,5m
2026-02-12 11:40:00-05:00,22.655000686645508,22.684999465942383,22.639999389648438,22.670000076293945,12563,0.0,0.0,APPN,5m
2026-02-12 11:45:00-05:00,22.674999237060547,22.674999237060547,22.56999969482422,22.649999618530273,24715,0.0,0.0,APPN,5m
2026-02-12 11:50:00-05:00,22.6200008392334,22.635000228881836,22.559999465942383,22.56999969482422,20828,0.0,0.0,APPN,5m
2026-02-12 11:55:00-05:00,22.56999969482422,22.6299991607666,22.524999618530273,22.530000686645508,11368,0.0,0.0,APPN,5m
2026-02-12 12:00:00-05:00,22.540000915527344,22.540000915527344,22.43000030517578,22.499900817871094,7148,0.0,0.0,APPN,5m
2026-02-12 12:05:00-05:00,22.489999771118164,22.5,22.40999984741211,22.5,6983,0.0,0.0,APPN,5m
2026-02-12 12:10:00-05:00,22.469999313354492,22.479999542236328,22.371700286865234,22.389999389648438,4377,0.0,0.0,APPN,5m
2026-02-12 12:15:00-05:00,22.357900619506836,22.440000534057617,22.357900619506836,22.402700424194336,8281,0.0,0.0,APPN,5m
2026-02-12 12:20:00-05:00,22.40999984741211,22.479999542236328,22.40999984741211,22.450000762939453,4044,0.0,0.0,APPN,5m
2026-02-12 12:25:00-05:00,22.450000762939453,22.450000762939453,22.360000610351562,22.399999618530273,5011,0.0,0.0,APPN,5m
2026-02-12 12:30:00-05:00,22.43000030517578,22.440000534057617,22.405000686645508,22.420000076293945,2696,0.0,0.0,APPN,5m
2026-02-12 12:35:00-05:00,22.420000076293945,22.420000076293945,22.3799991607666,22.399999618530273,2877,0.0,0.0,APPN,5m
2026-02-12 12:40:00-05:00,22.360000610351562,22.385000228881836,22.329999923706055,22.34480094909668,12524,0.0,0.0,APPN,5m
2026-02-12 12:45:00-05:00,22.309999465942383,22.31999969482422,22.188600540161133,22.188600540161133,3500,0.0,0.0,APPN,5m
2026-02-12 12:50:00-05:00,22.229999542236328,22.290000915527344,22.209999084472656,22.290000915527344,4635,0.0,0.0,APPN,5m
2026-02-12 12:55:00-05:00,22.280000686645508,22.337799072265625,22.209999084472656,22.337799072265625,7159,0.0,0.0,APPN,5m
2026-02-12 13:00:00-05:00,22.309999465942383,22.3700008392334,22.290000915527344,22.299999237060547,4454,0.0,0.0,APPN,5m
2026-02-12 13:05:00-05:00,22.290000915527344,22.31999969482422,22.290000915527344,22.31999969482422,2370,0.0,0.0,APPN,5m
2026-02-12 13:10:00-05:00,22.280000686645508,22.299999237060547,22.239999771118164,22.290000915527344,2358,0.0,0.0,APPN,5m
2026-02-12 13:15:00-05:00,22.274999618530273,22.31999969482422,22.204999923706055,22.315000534057617,5719,0.0,0.0,APPN,5m
2026-02-12 13:20:00-05:00,22.350000381469727,22.5,22.31999969482422,22.415000915527344,25141,0.0,0.0,APPN,5m
2026-02-12 13:25:00-05:00,22.40999984741211,22.5,22.34000015258789,22.450000762939453,16232,0.0,0.0,APPN,5m
2026-02-12 13:30:00-05:00,22.43000030517578,22.530000686645508,22.40999984741211,22.530000686645508,7077,0.0,0.0,APPN,5m
2026-02-12 13:35:00-05:00,22.510000228881836,22.510000228881836,22.459999084472656,22.5,6421,0.0,0.0,APPN,5m
2026-02-12 13:40:00-05:00,22.469999313354492,22.6299991607666,22.450000762939453,22.614999771118164,4069,0.0,0.0,APPN,5m
2026-02-12 13:45:00-05:00,22.59000015258789,22.594999313354492,22.510000228881836,22.510000228881836,6585,0.0,0.0,APPN,5m
2026-02-12 13:50:00-05:00,22.510000228881836,22.604999542236328,22.510000228881836,22.604999542236328,2394,0.0,0.0,APPN,5m
2026-02-12 13:55:00-05:00,22.600000381469727,22.6299991607666,22.559999465942383,22.584999084472656,5865,0.0,0.0,APPN,5m
2026-02-12 14:00:00-05:00,22.575000762939453,22.575000762939453,22.549999237060547,22.559999465942383,1427,0.0,0.0,APPN,5m
2026-02-12 14:05:00-05:00,22.559999465942383,22.670000076293945,22.540300369262695,22.65999984741211,10754,0.0,0.0,APPN,5m
2026-02-12 14:10:00-05:00,22.670000076293945,22.700000762939453,22.56999969482422,22.649999618530273,10345,0.0,0.0,APPN,5m
2026-02-12 14:15:00-05:00,22.625,22.649900436401367,22.60449981689453,22.6200008392334,2542,0.0,0.0,APPN,5m
2026-02-12 14:20:00-05:00,22.6200008392334,22.709999084472656,22.614999771118164,22.709999084472656,11480,0.0,0.0,APPN,5m
2026-02-12 14:25:00-05:00,22.71500015258789,22.71500015258789,22.544200897216797,22.55500030517578,18726,0.0,0.0,APPN,5m
2026-02-12 14:30:00-05:00,22.559999465942383,22.700000762939453,22.549999237060547,22.649999618530273,20910,0.0,0.0,APPN,5m
2026-02-12 14:35:00-05:00,22.639999389648438,22.75,22.639999389648438,22.704999923706055,19984,0.0,0.0,APPN,5m
2026-02-12 14:40:00-05:00,22.729999542236328,22.780000686645508,22.729999542236328,22.735000610351562,6676,0.0,0.0,APPN,5m
2026-02-12 14:45:00-05:00,22.735000610351562,22.735000610351562,22.65999984741211,22.68000030517578,4161,0.0,0.0,APPN,5m
2026-02-12 14:50:00-05:00,22.68000030517578,22.774999618530273,22.68000030517578,22.704999923706055,9198,0.0,0.0,APPN,5m
2026-02-12 14:55:00-05:00,22.69499969482422,22.84000015258789,22.6299991607666,22.649999618530273,11652,0.0,0.0,APPN,5m
2026-02-12 15:00:00-05:00,22.645000457763672,22.770000457763672,22.645000457763672,22.770000457763672,7155,0.0,0.0,APPN,5m
2026-02-12 15:05:00-05:00,22.770000457763672,22.790000915527344,22.709999084472656,22.725000381469727,11041,0.0,0.0,APPN,5m
2026-02-12 15:10:00-05:00,22.71500015258789,22.739999771118164,22.68000030517578,22.739999771118164,10103,0.0,0.0,APPN,5m
2026-02-12 15:15:00-05:00,22.725000381469727,22.725000381469727,22.639999389648438,22.649999618530273,9509,0.0,0.0,APPN,5m
2026-02-12 15:20:00-05:00,22.621000289916992,22.68000030517578,22.6200008392334,22.635000228881836,20578,0.0,0.0,APPN,5m
2026-02-12 15:25:00-05:00,22.6299991607666,22.65999984741211,22.614999771118164,22.635000228881836,13138,0.0,0.0,APPN,5m
2026-02-12 15:30:00-05:00,22.639999389648438,22.649999618530273,22.604999542236328,22.649999618530273,11937,0.0,0.0,APPN,5m
2026-02-12 15:35:00-05:00,22.65999984741211,22.68000030517578,22.56999969482422,22.579999923706055,14588,0.0,0.0,APPN,5m
2026-02-12 15:40:00-05:00,22.579999923706055,22.59000015258789,22.524999618530273,22.524999618530273,11256,0.0,0.0,APPN,5m
2026-02-12 15:45:00-05:00,22.520000457763672,22.530000686645508,22.430999755859375,22.450000762939453,28884,0.0,0.0,APPN,5m
2026-02-12 15:50:00-05:00,22.450000762939453,22.510000228881836,22.415000915527344,22.5,44807,0.0,0.0,APPN,5m
2026-02-12 15:55:00-05:00,22.489999771118164,22.489999771118164,22.350000381469727,22.3799991607666,119077,0.0,0.0,APPN,5m
2026-02-13 09:30:00-05:00,22.540000915527344,23.1299991607666,22.540000915527344,22.854999542236328,21837,0.0,0.0,APPN,5m
2026-02-13 09:35:00-05:00,22.854999542236328,22.8700008392334,22.450000762939453,22.8700008392334,10405,0.0,0.0,APPN,5m
2026-02-13 09:40:00-05:00,22.725000381469727,22.8700008392334,22.674999237060547,22.68000030517578,0,0.0,0.0,APPN,5m
2026-02-13 09:45:00-05:00,22.84000015258789,23.270000457763672,22.84000015258789,23.170000076293945,17456,0.0,0.0,APPN,5m
2026-02-13 09:50:00-05:00,23.110000610351562,23.149999618530273,22.864999771118164,22.8700008392334,6296,0.0,0.0,APPN,5m
2026-02-13 09:55:00-05:00,23.0,23.040000915527344,22.739999771118164,22.815000534057617,3064,0.0,0.0,APPN,5m
2026-02-13 10:00:00-05:00,22.93000030517578,23.020000457763672,22.815000534057617,23.020000457763672,9620,0.0,0.0,APPN,5m
2026-02-13 10:05:00-05:00,22.989999771118164,23.110000610351562,22.899999618530273,23.010000228881836,6485,0.0,0.0,APPN,5m
2026-02-13 10:10:00-05:00,23.079999923706055,23.239999771118164,22.979999542236328,22.979999542236328,7228,0.0,0.0,APPN,5m
2026-02-13 10:15:00-05:00,22.920000076293945,23.059999465942383,22.795000076293945,22.940000534057617,6136,0.0,0.0,APPN,5m
2026-02-13 10:20:00-05:00,22.969999313354492,23.1200008392334,22.959999084472656,23.100000381469727,7980,0.0,0.0,APPN,5m
2026-02-13 10:25:00-05:00,23.1299991607666,23.260000228881836,23.1299991607666,23.239999771118164,5183,0.0,0.0,APPN,5m
2026-02-13 10:30:00-05:00,23.209999084472656,23.239999771118164,23.020000457763672,23.020000457763672,5355,0.0,0.0,APPN,5m
2026-02-13 10:35:00-05:00,23.020000457763672,23.09000015258789,22.795000076293945,22.889999389648438,5974,0.0,0.0,APPN,5m
2026-02-13 10:40:00-05:00,22.774999618530273,22.860000610351562,22.549999237060547,22.549999237060547,4636,0.0,0.0,APPN,5m
2026-02-13 10:45:00-05:00,22.600000381469727,22.700000762939453,22.59000015258789,22.700000762939453,4091,0.0,0.0,APPN,5m
2026-02-13 10:50:00-05:00,22.690000534057617,22.780000686645508,22.690000534057617,22.780000686645508,3677,0.0,0.0,APPN,5m
2026-02-13 10:55:00-05:00,22.8799991607666,22.920000076293945,22.829999923706055,22.889999389648438,4388,0.0,0.0,APPN,5m
2026-02-13 11:00:00-05:00,22.84000015258789,22.93000030517578,22.829999923706055,22.8799991607666,5543,0.0,0.0,APPN,5m
2026-02-13 11:05:00-05:00,22.940000534057617,22.979999542236328,22.860000610351562,22.979999542236328,9560,0.0,0.0,APPN,5m
2026-02-13 11:10:00-05:00,22.940000534057617,22.940000534057617,22.84000015258789,22.8700008392334,3034,0.0,0.0,APPN,5m
2026-02-13 11:15:00-05:00,22.860000610351562,22.920000076293945,22.809999465942383,22.809999465942383,4534,0.0,0.0,APPN,5m
2026-02-13 11:20:00-05:00,22.80500030517578,22.809999465942383,22.7450008392334,22.809999465942383,4441,0.0,0.0,APPN,5m
2026-02-13 11:25:00-05:00,22.829999923706055,22.90999984741211,22.829999923706055,22.90999984741211,3436,0.0,0.0,APPN,5m
2026-02-13 11:30:00-05:00,22.940000534057617,22.940000534057617,22.81999969482422,22.854999542236328,6499,0.0,0.0,APPN,5m
2026-02-13 11:35:00-05:00,22.899999618530273,22.899999618530273,22.799999237060547,22.8700008392334,6615,0.0,0.0,APPN,5m
2026-02-13 11:40:00-05:00,22.885000228881836,23.040000915527344,22.885000228881836,23.040000915527344,4048,0.0,0.0,APPN,5m
2026-02-13 11:45:00-05:00,23.040000915527344,23.049999237060547,22.975000381469727,23.014999389648438,2812,0.0,0.0,APPN,5m
2026-02-13 11:50:00-05:00,23.010000228881836,23.010000228881836,22.920000076293945,22.989999771118164,5999,0.0,0.0,APPN,5m
2026-02-13 11:55:00-05:00,22.969999313354492,23.049999237060547,22.969999313354492,23.049999237060547,4636,0.0,0.0,APPN,5m
2026-02-13 12:00:00-05:00,23.059999465942383,23.059999465942383,22.981599807739258,22.981599807739258,3932,0.0,0.0,APPN,5m
2026-02-13 12:05:00-05:00,22.994800567626953,23.0049991607666,22.93000030517578,22.95009994506836,5891,0.0,0.0,APPN,5m
2026-02-13 12:10:00-05:00,23.0,23.049999237060547,23.0,23.047500610351562,6286,0.0,0.0,APPN,5m
2026-02-13 12:15:00-05:00,23.079999923706055,23.079999923706055,23.079999923706055,23.079999923706055,577,0.0,0.0,APPN,5m
2026-02-13 12:20:00-05:00,23.110000610351562,23.149999618530273,23.110000610351562,23.139999389648438,4042,0.0,0.0,APPN,5m
2026-02-13 12:25:00-05:00,23.125,23.125,23.125,23.125,485,0.0,0.0,APPN,5m
2026-02-13 12:30:00-05:00,23.149999618530273,23.190000534057617,23.139999389648438,23.165000915527344,3228,0.0,0.0,APPN,5m
2026-02-13 12:35:00-05:00,23.149999618530273,23.18000030517578,23.139999389648438,23.15999984741211,2771,0.0,0.0,APPN,5m
2026-02-13 12:40:00-05:00,23.170000076293945,23.170000076293945,23.040000915527344,23.040000915527344,2906,0.0,0.0,APPN,5m
2026-02-13 12:45:00-05:00,23.010000228881836,23.030000686645508,22.979999542236328,23.030000686645508,3721,0.0,0.0,APPN,5m
2026-02-13 12:50:00-05:00,23.010000228881836,23.059999465942383,23.010000228881836,23.050199508666992,2575,0.0,0.0,APPN,5m
2026-02-13 12:55:00-05:00,23.040000915527344,23.059999465942383,23.020000457763672,23.020000457763672,2125,0.0,0.0,APPN,5m
2026-02-13 13:00:00-05:00,23.020000457763672,23.049999237060547,22.959999084472656,22.959999084472656,3215,0.0,0.0,APPN,5m
2026-02-13 13:05:00-05:00,22.92009925842285,22.92300033569336,22.920000076293945,22.92300033569336,1648,0.0,0.0,APPN,5m
2026-02-13 13:10:00-05:00,22.950000762939453,22.950000762939453,22.8799991607666,22.887699127197266,10584,0.0,0.0,APPN,5m
2026-02-13 13:15:00-05:00,22.8700008392334,22.899999618530273,22.799999237060547,22.8700008392334,4847,0.0,0.0,APPN,5m
2026-02-13 13:20:00-05:00,22.8700008392334,22.950000762939453,22.854799270629883,22.950000762939453,4294,0.0,0.0,APPN,5m
2026-02-13 13:25:00-05:00,22.940000534057617,22.940099716186523,22.809999465942383,22.850000381469727,10097,0.0,0.0,APPN,5m
2026-02-13 13:30:00-05:00,22.850000381469727,22.939899444580078,22.850000381469727,22.939899444580078,3881,0.0,0.0,APPN,5m
2026-02-13 13:35:00-05:00,22.94499969482422,22.94499969482422,22.920000076293945,22.920000076293945,1529,0.0,0.0,APPN,5m
2026-02-13 13:40:00-05:00,22.920000076293945,22.93000030517578,22.875,22.875,3918,0.0,0.0,APPN,5m
2026-02-13 13:45:00-05:00,22.899999618530273,22.90999984741211,22.889999389648438,22.889999389648438,2870,0.0,0.0,APPN,5m
2026-02-13 13:50:00-05:00,22.8799991607666,22.889999389648438,22.8799991607666,22.889999389648438,2003,0.0,0.0,APPN,5m
2026-02-13 13:55:00-05:00,22.895000457763672,22.920000076293945,22.866899490356445,22.889999389648438,4795,0.0,0.0,APPN,5m
2026-02-13 14:00:00-05:00,22.899999618530273,22.93000030517578,22.84000015258789,22.8799991607666,20403,0.0,0.0,APPN,5m
2026-02-13 14:05:00-05:00,22.920000076293945,22.969999313354492,22.899999618530273,22.940000534057617,6947,0.0,0.0,APPN,5m
2026-02-13 14:10:00-05:00,22.940000534057617,22.940000534057617,22.8700008392334,22.8700008392334,2226,0.0,0.0,APPN,5m
2026-02-13 14:15:00-05:00,22.90999984741211,22.90999984741211,22.8700008392334,22.8700008392334,3313,0.0,0.0,APPN,5m
2026-02-13 14:20:00-05:00,22.885000228881836,22.90999984741211,22.885000228881836,22.899999618530273,3179,0.0,0.0,APPN,5m
2026-02-13 14:25:00-05:00,22.8700008392334,22.8700008392334,22.709999084472656,22.729999542236328,5372,0.0,0.0,APPN,5m
2026-02-13 14:30:00-05:00,22.75,22.8700008392334,22.75,22.829999923706055,9257,0.0,0.0,APPN,5m
2026-02-13 14:35:00-05:00,22.850000381469727,22.8799991607666,22.829999923706055,22.860000610351562,9835,0.0,0.0,APPN,5m
2026-02-13 14:40:00-05:00,22.8799991607666,22.889999389648438,22.829999923706055,22.829999923706055,5372,0.0,0.0,APPN,5m
2026-02-13 14:45:00-05:00,22.844999313354492,22.8799991607666,22.844999313354492,22.854999542236328,5591,0.0,0.0,APPN,5m
2026-02-13 14:50:00-05:00,22.8700008392334,22.8700008392334,22.829999923706055,22.84000015258789,4407,0.0,0.0,APPN,5m
2026-02-13 14:55:00-05:00,22.829999923706055,22.850000381469727,22.75,22.760000228881836,8375,0.0,0.0,APPN,5m
2026-02-13 15:00:00-05:00,22.780000686645508,22.899999618530273,22.780000686645508,22.8700008392334,17133,0.0,0.0,APPN,5m
2026-02-13 15:05:00-05:00,22.875,22.899999618530273,22.860000610351562,22.8799991607666,8354,0.0,0.0,APPN,5m
2026-02-13 15:10:00-05:00,22.899999618530273,22.899999618530273,22.799999237060547,22.799999237060547,4790,0.0,0.0,APPN,5m
2026-02-13 15:15:00-05:00,22.80500030517578,22.84000015258789,22.78499984741211,22.84000015258789,18238,0.0,0.0,APPN,5m
2026-02-13 15:20:00-05:00,22.81999969482422,22.81999969482422,22.7549991607666,22.760000228881836,6314,0.0,0.0,APPN,5m
2026-02-13 15:25:00-05:00,22.735000610351562,22.735000610351562,22.614999771118164,22.635000228881836,8468,0.0,0.0,APPN,5m
2026-02-13 15:30:00-05:00,22.639999389648438,22.65999984741211,22.6299991607666,22.6299991607666,9184,0.0,0.0,APPN,5m
2026-02-13 15:35:00-05:00,22.635000228881836,22.670000076293945,22.6299991607666,22.645000457763672,23753,0.0,0.0,APPN,5m
2026-02-13 15:40:00-05:00,22.649999618530273,22.670000076293945,22.600000381469727,22.670000076293945,18400,0.0,0.0,APPN,5m
2026-02-13 15:45:00-05:00,22.65999984741211,22.864999771118164,22.639999389648438,22.799999237060547,30124,0.0,0.0,APPN,5m
2026-02-13 15:50:00-05:00,22.780000686645508,22.899999618530273,22.770000457763672,22.889999389648438,29325,0.0,0.0,APPN,5m
2026-02-13 15:55:00-05:00,22.889999389648438,22.90999984741211,22.84000015258789,22.860000610351562,268270,0.0,0.0,APPN,5m
2026-02-17 09:30:00-05:00,23.0,23.200000762939453,22.90999984741211,23.079999923706055,17655,0.0,0.0,APPN,5m
2026-02-17 09:35:00-05:00,23.075000762939453,23.075000762939453,22.95050048828125,23.045000076293945,3228,0.0,0.0,APPN,5m
2026-02-17 09:40:00-05:00,22.979999542236328,23.094999313354492,22.895000457763672,22.920000076293945,25286,0.0,0.0,APPN,5m
2026-02-17 09:45:00-05:00,22.850000381469727,23.049999237060547,22.790000915527344,22.979999542236328,46846,0.0,0.0,APPN,5m
2026-02-17 09:50:00-05:00,23.0,23.010000228881836,22.760000228881836,22.799999237060547,6279,0.0,0.0,APPN,5m
2026-02-17 09:55:00-05:00,22.774999618530273,22.860000610351562,22.75,22.760000228881836,4484,0.0,0.0,APPN,5m
2026-02-17 10:00:00-05:00,22.860000610351562,22.93000030517578,22.860000610351562,22.93000030517578,2177,0.0,0.0,APPN,5m
2026-02-17 10:05:00-05:00,22.920000076293945,22.920000076293945,22.690000534057617,22.725000381469727,11087,0.0,0.0,APPN,5m
2026-02-17 10:10:00-05:00,22.708099365234375,22.799999237060547,22.690000534057617,22.774999618530273,16797,0.0,0.0,APPN,5m
2026-02-17 10:15:00-05:00,22.780000686645508,22.920000076293945,22.780000686645508,22.834999084472656,6195,0.0,0.0,APPN,5m
2026-02-17 10:20:00-05:00,22.829999923706055,22.829999923706055,22.690000534057617,22.760000228881836,47771,0.0,0.0,APPN,5m
2026-02-17 10:25:00-05:00,22.729999542236328,22.729999542236328,22.6299991607666,22.709999084472656,6765,0.0,0.0,APPN,5m
2026-02-17 10:30:00-05:00,22.66309928894043,22.690000534057617,22.655000686645508,22.655000686645508,3484,0.0,0.0,APPN,5m
2026-02-17 10:35:00-05:00,22.655000686645508,22.719999313354492,22.56999969482422,22.56999969482422,5885,0.0,0.0,APPN,5m
2026-02-17 10:40:00-05:00,22.600000381469727,22.719999313354492,22.600000381469727,22.700000762939453,6980,0.0,0.0,APPN,5m
2026-02-17 10:45:00-05:00,22.700000762939453,22.809999465942383,22.68000030517578,22.760000228881836,17543,0.0,0.0,APPN,5m
2026-02-17 10:50:00-05:00,22.760000228881836,22.760000228881836,22.655000686645508,22.739999771118164,6541,0.0,0.0,APPN,5m
2026-02-17 10:55:00-05:00,22.764999389648438,22.764999389648438,22.69499969482422,22.729999542236328,12192,0.0,0.0,APPN,5m
2026-02-17 11:00:00-05:00,22.760000228881836,22.860000610351562,22.7549991607666,22.829999923706055,5309,0.0,0.0,APPN,5m
2026-02-17 11:05:00-05:00,22.829999923706055,22.889999389648438,22.829999923706055,22.889999389648438,9651,0.0,0.0,APPN,5m
2026-02-17 11:10:00-05:00,22.889999389648438,22.950000762939453,22.875,22.940000534057617,5991,0.0,0.0,APPN,5m
2026-02-17 11:15:00-05:00,22.915000915527344,22.950000762939453,22.889999389648438,22.950000762939453,8250,0.0,0.0,APPN,5m
2026-02-17 11:20:00-05:00,22.924999237060547,22.950000762939453,22.899999618530273,22.950000762939453,5238,0.0,0.0,APPN,5m
2026-02-17 11:25:00-05:00,22.950000762939453,22.979999542236328,22.905000686645508,22.924999237060547,4491,0.0,0.0,APPN,5m
2026-02-17 11:30:00-05:00,22.875,22.90999984741211,22.834999084472656,22.90999984741211,7934,0.0,0.0,APPN,5m
2026-02-17 11:35:00-05:00,22.920000076293945,22.959999084472656,22.88249969482422,22.905000686645508,8620,0.0,0.0,APPN,5m
2026-02-17 11:40:00-05:00,22.899999618530273,22.920000076293945,22.875,22.889999389648438,8302,0.0,0.0,APPN,5m
2026-02-17 11:45:00-05:00,22.899999618530273,22.899999618530273,22.795000076293945,22.81999969482422,8987,0.0,0.0,APPN,5m
2026-02-17 11:50:00-05:00,22.84000015258789,22.90999984741211,22.829999923706055,22.905000686645508,9293,0.0,0.0,APPN,5m
2026-02-17 11:55:00-05:00,22.934999465942383,22.934999465942383,22.850500106811523,22.90999984741211,6974,0.0,0.0,APPN,5m
2026-02-17 12:00:00-05:00,22.90999984741211,22.90999984741211,22.809999465942383,22.815000534057617,12187,0.0,0.0,APPN,5m
2026-02-17 12:05:00-05:00,22.84000015258789,22.889999389648438,22.829999923706055,22.889999389648438,8396,0.0,0.0,APPN,5m
2026-02-17 12:10:00-05:00,22.885000228881836,22.885000228881836,22.854999542236328,22.8799991607666,3718,0.0,0.0,APPN,5m
2026-02-17 12:15:00-05:00,22.8799991607666,22.889999389648438,22.829999923706055,22.8700008392334,8338,0.0,0.0,APPN,5m
2026-02-17 12:20:00-05:00,22.860000610351562,22.8700008392334,22.815000534057617,22.815000534057617,2511,0.0,0.0,APPN,5m
2026-02-17 12:25:00-05:00,22.829999923706055,22.979999542236328,22.829999923706055,22.979999542236328,4994,0.0,0.0,APPN,5m
2026-02-17 12:30:00-05:00,22.9950008392334,23.040000915527344,22.969999313354492,23.030000686645508,6834,0.0,0.0,APPN,5m
2026-02-17 12:35:00-05:00,23.020000457763672,23.049999237060547,22.989999771118164,23.0,4827,0.0,0.0,APPN,5m
2026-02-17 12:40:00-05:00,22.989999771118164,22.989999771118164,22.940000534057617,22.985000610351562,6176,0.0,0.0,APPN,5m
2026-02-17 12:45:00-05:00,22.959999084472656,23.0,22.940000534057617,22.96500015258789,5344,0.0,0.0,APPN,5m
2026-02-17 12:50:00-05:00,22.979999542236328,22.979999542236328,22.905000686645508,22.905000686645508,5417,0.0,0.0,APPN,5m
2026-02-17 12:55:00-05:00,22.920000076293945,23.030000686645508,22.895000457763672,23.020000457763672,6357,0.0,0.0,APPN,5m
2026-02-17 13:00:00-05:00,23.014999389648438,23.049999237060547,23.0,23.040000915527344,5603,0.0,0.0,APPN,5m
2026-02-17 13:05:00-05:00,23.024999618530273,23.079999923706055,23.0,23.065000534057617,5196,0.0,0.0,APPN,5m
2026-02-17 13:10:00-05:00,23.065000534057617,23.110000610351562,23.049999237060547,23.100000381469727,5716,0.0,0.0,APPN,5m
2026-02-17 13:15:00-05:00,23.079999923706055,23.09000015258789,23.049999237060547,23.06999969482422,3724,0.0,0.0,APPN,5m
2026-02-17 13:20:00-05:00,23.030000686645508,23.159900665283203,23.010000228881836,23.09000015258789,9906,0.0,0.0,APPN,5m
2026-02-17 13:25:00-05:00,23.079999923706055,23.1299991607666,23.059999465942383,23.1299991607666,3880,0.0,0.0,APPN,5m
2026-02-17 13:30:00-05:00,23.15999984741211,23.15999984741211,23.100000381469727,23.114999771118164,3867,0.0,0.0,APPN,5m
2026-02-17 13:35:00-05:00,23.114999771118164,23.1200008392334,23.059999465942383,23.079999923706055,3941,0.0,0.0,APPN,5m
2026-02-17 13:40:00-05:00,23.09000015258789,23.149999618530273,23.09000015258789,23.09000015258789,225139,0.0,0.0,APPN,5m
2026-02-17 13:45:00-05:00,23.104999542236328,23.104999542236328,23.059999465942383,23.059999465942383,0,0.0,0.0,APPN,5m
2026-02-17 13:50:00-05:00,23.059999465942383,23.100000381469727,23.040000915527344,23.08099937438965,4746,0.0,0.0,APPN,5m
2026-02-17 13:55:00-05:00,23.08989906311035,23.09000015258789,23.05500030517578,23.059999465942383,3489,0.0,0.0,APPN,5m
2026-02-17 14:00:00-05:00,23.06999969482422,23.079999923706055,23.049999237060547,23.079999923706055,4653,0.0,0.0,APPN,5m
2026-02-17 14:05:00-05:00,23.079999923706055,23.114999771118164,23.049999237060547,23.075000762939453,8538,0.0,0.0,APPN,5m
2026-02-17 14:10:00-05:00,23.049999237060547,23.06999969482422,23.020000457763672,23.040000915527344,5417,0.0,0.0,APPN,5m
2026-02-17 14:15:00-05:00,23.050399780273438,23.079999923706055,23.010000228881836,23.040000915527344,6556,0.0,0.0,APPN,5m
2026-02-17 14:20:00-05:00,23.030000686645508,23.049999237060547,23.030000686645508,23.030000686645508,1684,0.0,0.0,APPN,5m
2026-02-17 14:25:00-05:00,23.030000686645508,23.049999237060547,23.0,23.0,12955,0.0,0.0,APPN,5m
2026-02-17 14:30:00-05:00,23.010000228881836,23.045000076293945,23.0,23.040000915527344,14154,0.0,0.0,APPN,5m
2026-02-17 14:35:00-05:00,23.049999237060547,23.084999084472656,23.049999237060547,23.065000534057617,5948,0.0,0.0,APPN,5m
2026-02-17 14:40:00-05:00,23.049999237060547,23.09000015258789,23.040000915527344,23.040000915527344,7735,0.0,0.0,APPN,5m
2026-02-17 14:45:00-05:00,23.045000076293945,23.045000076293945,23.0,23.045000076293945,7577,0.0,0.0,APPN,5m
2026-02-17 14:50:00-05:00,23.040000915527344,23.059999465942383,23.014999389648438,23.040000915527344,8406,0.0,0.0,APPN,5m
2026-02-17 14:55:00-05:00,23.049999237060547,23.06999969482422,23.030000686645508,23.030000686645508,5845,0.0,0.0,APPN,5m
2026-02-17 15:00:00-05:00,23.040000915527344,23.059999465942383,23.040000915527344,23.059999465942383,3219,0.0,0.0,APPN,5m
2026-02-17 15:05:00-05:00,23.06999969482422,23.139999389648438,23.06999969482422,23.110000610351562,13091,0.0,0.0,APPN,5m
2026-02-17 15:10:00-05:00,23.110000610351562,23.110000610351562,23.030000686645508,23.03499984741211,9408,0.0,0.0,APPN,5m
2026-02-17 15:15:00-05:00,23.030000686645508,23.06999969482422,23.024999618530273,23.024999618530273,5963,0.0,0.0,APPN,5m
2026-02-17 15:20:00-05:00,23.030000686645508,23.030000686645508,22.899999618530273,22.940000534057617,10086,0.0,0.0,APPN,5m
2026-02-17 15:25:00-05:00,22.93000030517578,22.959999084472656,22.93000030517578,22.934999465942383,11202,0.0,0.0,APPN,5m
2026-02-17 15:30:00-05:00,22.93000030517578,22.940000534057617,22.90999984741211,22.93000030517578,13289,0.0,0.0,APPN,5m
2026-02-17 15:35:00-05:00,22.93000030517578,23.024999618530273,22.93000030517578,23.024999618530273,19791,0.0,0.0,APPN,5m
2026-02-17 15:40:00-05:00,23.030000686645508,23.079999923706055,23.020000457763672,23.079999923706055,15104,0.0,0.0,APPN,5m
2026-02-17 15:45:00-05:00,23.06999969482422,23.06999969482422,22.969999313354492,22.9950008392334,20857,0.0,0.0,APPN,5m
2026-02-17 15:50:00-05:00,23.0,23.03499984741211,22.989999771118164,23.020000457763672,30055,0.0,0.0,APPN,5m
2026-02-17 15:55:00-05:00,23.030000686645508,23.06999969482422,22.959999084472656,23.06999969482422,87625,0.0,0.0,APPN,5m
2026-02-18 09:30:00-05:00,22.860000610351562,23.450000762939453,22.84000015258789,23.200000762939453,22445,0.0,0.0,APPN,5m
2026-02-18 09:35:00-05:00,23.209999084472656,23.395000457763672,23.190000534057617,23.350000381469727,10191,0.0,0.0,APPN,5m
2026-02-18 09:40:00-05:00,23.3700008392334,23.469900131225586,23.309999465942383,23.389999389648438,9078,0.0,0.0,APPN,5m
2026-02-18 09:45:00-05:00,23.34749984741211,23.549999237060547,23.34749984741211,23.479999542236328,15636,0.0,0.0,APPN,5m
2026-02-18 09:50:00-05:00,23.510000228881836,23.600000381469727,23.364999771118164,23.459999084472656,11131,0.0,0.0,APPN,5m
2026-02-18 09:55:00-05:00,23.510000228881836,23.729999542236328,23.510000228881836,23.700000762939453,10804,0.0,0.0,APPN,5m
2026-02-18 10:00:00-05:00,23.700000762939453,23.790000915527344,23.65999984741211,23.729999542236328,10754,0.0,0.0,APPN,5m
2026-02-18 10:05:00-05:00,23.729999542236328,23.799999237060547,23.72640037536621,23.78499984741211,3556,0.0,0.0,APPN,5m
2026-02-18 10:10:00-05:00,23.760000228881836,23.860000610351562,23.700000762939453,23.860000610351562,15499,0.0,0.0,APPN,5m
2026-02-18 10:15:00-05:00,23.84000015258789,24.049999237060547,23.790000915527344,23.799999237060547,16062,0.0,0.0,APPN,5m
2026-02-18 10:20:00-05:00,23.815000534057617,23.860000610351562,23.795000076293945,23.860000610351562,6572,0.0,0.0,APPN,5m
2026-02-18 10:25:00-05:00,23.860000610351562,23.929899215698242,23.84000015258789,23.850000381469727,3091,0.0,0.0,APPN,5m
2026-02-18 10:30:00-05:00,23.84000015258789,23.86639976501465,23.790000915527344,23.84000015258789,8875,0.0,0.0,APPN,5m
2026-02-18 10:35:00-05:00,23.850000381469727,23.94499969482422,23.850000381469727,23.885000228881836,6122,0.0,0.0,APPN,5m
2026-02-18 10:40:00-05:00,23.8799991607666,23.969999313354492,23.8799991607666,23.915000915527344,12390,0.0,0.0,APPN,5m
2026-02-18 10:45:00-05:00,23.905000686645508,23.915000915527344,23.78499984741211,23.78499984741211,6741,0.0,0.0,APPN,5m
2026-02-18 10:50:00-05:00,23.799999237060547,23.84000015258789,23.760000228881836,23.84000015258789,12385,0.0,0.0,APPN,5m
2026-02-18 10:55:00-05:00,23.84000015258789,23.920000076293945,23.829999923706055,23.920000076293945,7026,0.0,0.0,APPN,5m
2026-02-18 11:00:00-05:00,23.93000030517578,23.969999313354492,23.899999618530273,23.950000762939453,7549,0.0,0.0,APPN,5m
2026-02-18 11:05:00-05:00,23.969999313354492,23.989999771118164,23.899999618530273,23.899999618530273,3538,0.0,0.0,APPN,5m
2026-02-18 11:10:00-05:00,23.90999984741211,23.920000076293945,23.850000381469727,23.850000381469727,5288,0.0,0.0,APPN,5m
2026-02-18 11:15:00-05:00,23.850000381469727,23.8700008392334,23.799999237060547,23.809999465942383,16774,0.0,0.0,APPN,5m
2026-02-18 11:20:00-05:00,23.799999237060547,23.905000686645508,23.799999237060547,23.905000686645508,16073,0.0,0.0,APPN,5m
2026-02-18 11:25:00-05:00,23.90999984741211,23.950000762939453,23.8700008392334,23.90999984741211,10013,0.0,0.0,APPN,5m
2026-02-18 11:30:00-05:00,23.905000686645508,23.969999313354492,23.8799991607666,23.969999313354492,10433,0.0,0.0,APPN,5m
2026-02-18 11:35:00-05:00,23.954999923706055,23.959999084472656,23.940000534057617,23.950000762939453,4055,0.0,0.0,APPN,5m
2026-02-18 11:40:00-05:00,23.959999084472656,23.959999084472656,23.920000076293945,23.93000030517578,6270,0.0,0.0,APPN,5m
2026-02-18 11:45:00-05:00,23.93000030517578,24.05500030517578,23.93000030517578,24.040000915527344,13169,0.0,0.0,APPN,5m
2026-02-18 11:50:00-05:00,24.049999237060547,24.114999771118164,24.040000915527344,24.100000381469727,29902,0.0,0.0,APPN,5m
2026-02-18 11:55:00-05:00,24.110000610351562,24.1200008392334,24.0,24.049999237060547,24046,0.0,0.0,APPN,5m
2026-02-18 12:00:00-05:00,24.010000228881836,24.09000015258789,24.010000228881836,24.075000762939453,12372,0.0,0.0,APPN,5m
2026-02-18 12:05:00-05:00,24.100000381469727,24.149999618530273,24.075000762939453,24.075000762939453,6376,0.0,0.0,APPN,5m
2026-02-18 12:10:00-05:00,24.075000762939453,24.075000762939453,24.0,24.049999237060547,11167,0.0,0.0,APPN,5m
2026-02-18 12:15:00-05:00,24.040000915527344,24.059999465942383,24.0,24.059999465942383,5736,0.0,0.0,APPN,5m
2026-02-18 12:20:00-05:00,24.05500030517578,24.05500030517578,24.020000457763672,24.040000915527344,4095,0.0,0.0,APPN,5m
2026-02-18 12:25:00-05:00,24.0049991607666,24.079999923706055,23.989999771118164,24.05500030517578,9801,0.0,0.0,APPN,5m
2026-02-18 12:30:00-05:00,24.059999465942383,24.114999771118164,24.024999618530273,24.114999771118164,12171,0.0,0.0,APPN,5m
2026-02-18 12:35:00-05:00,24.059999465942383,24.117000579833984,24.03499984741211,24.117000579833984,6368,0.0,0.0,APPN,5m
2026-02-18 12:40:00-05:00,24.104999542236328,24.170000076293945,24.100000381469727,24.165000915527344,10569,0.0,0.0,APPN,5m
2026-02-18 12:45:00-05:00,24.165000915527344,24.209999084472656,24.165000915527344,24.18000030517578,7969,0.0,0.0,APPN,5m
2026-02-18 12:50:00-05:00,24.170000076293945,24.209999084472656,24.15999984741211,24.19499969482422,12446,0.0,0.0,APPN,5m
2026-02-18 12:55:00-05:00,24.209999084472656,24.209999084472656,24.18000030517578,24.19499969482422,4994,0.0,0.0,APPN,5m
2026-02-18 13:00:00-05:00,24.184999465942383,24.43000030517578,24.184999465942383,24.270000457763672,27508,0.0,0.0,APPN,5m
2026-02-18 13:05:00-05:00,24.280000686645508,24.309999465942383,24.2549991607666,24.270000457763672,5885,0.0,0.0,APPN,5m
2026-02-18 13:10:00-05:00,24.270000457763672,24.280000686645508,24.229999542236328,24.2549991607666,3725,0.0,0.0,APPN,5m
2026-02-18 13:15:00-05:00,24.2549991607666,24.280000686645508,24.229999542236328,24.229999542236328,5694,0.0,0.0,APPN,5m
2026-02-18 13:20:00-05:00,24.229999542236328,24.2549991607666,24.149999618530273,24.190000534057617,40306,0.0,0.0,APPN,5m
2026-02-18 13:25:00-05:00,24.190000534057617,24.34000015258789,24.170000076293945,24.34000015258789,9183,0.0,0.0,APPN,5m
2026-02-18 13:30:00-05:00,24.334999084472656,24.354999542236328,24.315000534057617,24.34000015258789,6401,0.0,0.0,APPN,5m
2026-02-18 13:35:00-05:00,24.350000381469727,24.360000610351562,24.309999465942383,24.315000534057617,8080,0.0,0.0,APPN,5m
2026-02-18 13:40:00-05:00,24.31999969482422,24.329999923706055,24.204999923706055,24.229999542236328,8473,0.0,0.0,APPN,5m
2026-02-18 13:45:00-05:00,24.239999771118164,24.399999618530273,24.239999771118164,24.315000534057617,21304,0.0,0.0,APPN,5m
2026-02-18 13:50:00-05:00,24.309999465942383,24.309999465942383,24.25,24.274999618530273,14454,0.0,0.0,APPN,5m
2026-02-18 13:55:00-05:00,24.260000228881836,24.299999237060547,24.2549991607666,24.270000457763672,6480,0.0,0.0,APPN,5m
2026-02-18 14:00:00-05:00,24.2450008392334,24.280000686645508,24.200000762939453,24.213600158691406,11599,0.0,0.0,APPN,5m
2026-02-18 14:05:00-05:00,24.209999084472656,24.260000228881836,24.209999084472656,24.25,15438,0.0,0.0,APPN,5m
2026-02-18 14:10:00-05:00,24.260000228881836,24.274999618530273,24.190000534057617,24.190000534057617,10778,0.0,0.0,APPN,5m
2026-02-18 14:15:00-05:00,24.200000762939453,24.280000686645508,24.200000762939453,24.25,19276,0.0,0.0,APPN,5m
2026-02-18 14:20:00-05:00,24.23200035095215,24.239999771118164,24.149999618530273,24.170000076293945,12825,0.0,0.0,APPN,5m
2026-02-18 14:25:00-05:00,24.15999984741211,24.170000076293945,24.049999237060547,24.059999465942383,10231,0.0,0.0,APPN,5m
2026-02-18 14:30:00-05:00,24.059999465942383,24.139999389648438,24.030000686645508,24.139999389648438,15905,0.0,0.0,APPN,5m
2026-02-18 14:35:00-05:00,24.149999618530273,24.149999618530273,24.06999969482422,24.079999923706055,13538,0.0,0.0,APPN,5m
2026-02-18 14:40:00-05:00,24.079999923706055,24.100000381469727,24.049999237060547,24.049999237060547,10502,0.0,0.0,APPN,5m
2026-02-18 14:45:00-05:00,24.049999237060547,24.084999084472656,24.03499984741211,24.03499984741211,10072,0.0,0.0,APPN,5m
2026-02-18 14:50:00-05:00,24.024999618530273,24.040000915527344,23.899999618530273,23.94499969482422,11169,0.0,0.0,APPN,5m
2026-02-18 14:55:00-05:00,23.920000076293945,23.920000076293945,23.844999313354492,23.8799991607666,19071,0.0,0.0,APPN,5m
2026-02-18 15:00:00-05:00,23.889999389648438,23.979999542236328,23.889999389648438,23.969999313354492,26412,0.0,0.0,APPN,5m
2026-02-18 15:05:00-05:00,23.979999542236328,24.0,23.920000076293945,23.920000076293945,11360,0.0,0.0,APPN,5m
2026-02-18 15:10:00-05:00,23.924999237060547,23.940000534057617,23.860000610351562,23.8700008392334,13747,0.0,0.0,APPN,5m
2026-02-18 15:15:00-05:00,23.8700008392334,23.899999618530273,23.84000015258789,23.877899169921875,16302,0.0,0.0,APPN,5m
2026-02-18 15:20:00-05:00,23.875,23.889999389648438,23.850000381469727,23.889999389648438,13834,0.0,0.0,APPN,5m
2026-02-18 15:25:00-05:00,23.889999389648438,23.899999618530273,23.84000015258789,23.850000381469727,14201,0.0,0.0,APPN,5m
2026-02-18 15:30:00-05:00,23.850000381469727,23.895000457763672,23.799999237060547,23.8799991607666,35467,0.0,0.0,APPN,5m
2026-02-18 15:35:00-05:00,23.889999389648438,23.920000076293945,23.860000610351562,23.860000610351562,30240,0.0,0.0,APPN,5m
2026-02-18 15:40:00-05:00,23.8700008392334,24.020000457763672,23.850000381469727,23.96500015258789,77914,0.0,0.0,APPN,5m
2026-02-18 15:45:00-05:00,23.966100692749023,24.094999313354492,23.940000534057617,24.09000015258789,61606,0.0,0.0,APPN,5m
2026-02-18 15:50:00-05:00,24.079999923706055,24.079999923706055,23.950000762939453,23.969999313354492,89782,0.0,0.0,APPN,5m
2026-02-18 15:55:00-05:00,23.93000030517578,24.104999542236328,23.899999618530273,24.079999923706055,179102,0.0,0.0,APPN,5m
2026-02-19 09:30:00-05:00,25.200000762939453,25.200000762939453,22.246200561523438,22.8799991607666,228800,0.0,0.0,APPN,5m
2026-02-19 09:35:00-05:00,22.8799991607666,23.040000915527344,21.770000457763672,22.629899978637695,148074,0.0,0.0,APPN,5m
2026-02-19 09:40:00-05:00,22.530000686645508,23.65999984741211,22.420000076293945,23.645000457763672,99980,0.0,0.0,APPN,5m
2026-02-19 09:45:00-05:00,23.639999389648438,24.107500076293945,23.469999313354492,24.05500030517578,67805,0.0,0.0,APPN,5m
2026-02-19 09:50:00-05:00,24.1299991607666,24.149999618530273,23.540000915527344,23.90999984741211,79468,0.0,0.0,APPN,5m
2026-02-19 09:55:00-05:00,23.989999771118164,24.329999923706055,23.760000228881836,23.844999313354492,33868,0.0,0.0,APPN,5m
2026-02-19 10:00:00-05:00,23.809999465942383,24.204999923706055,23.600000381469727,24.15999984741211,31564,0.0,0.0,APPN,5m
2026-02-19 10:05:00-05:00,24.060100555419922,24.209999084472656,23.940000534057617,23.969999313354492,30036,0.0,0.0,APPN,5m
2026-02-19 10:10:00-05:00,24.0,24.065000534057617,23.770000457763672,23.979999542236328,40467,0.0,0.0,APPN,5m
2026-02-19 10:15:00-05:00,24.020000457763672,24.075000762939453,23.860000610351562,24.030000686645508,23234,0.0,0.0,APPN,5m
2026-02-19 10:20:00-05:00,23.940000534057617,24.170000076293945,23.8799991607666,24.139999389648438,19172,0.0,0.0,APPN,5m
2026-02-19 10:25:00-05:00,24.139999389648438,24.260000228881836,23.860000610351562,23.959999084472656,29910,0.0,0.0,APPN,5m
2026-02-19 10:30:00-05:00,23.90999984741211,24.190000534057617,23.889999389648438,24.190000534057617,21422,0.0,0.0,APPN,5m
2026-02-19 10:35:00-05:00,24.13010025024414,24.260000228881836,24.059999465942383,24.059999465942383,12504,0.0,0.0,APPN,5m
2026-02-19 10:40:00-05:00,24.06999969482422,24.06999969482422,23.881000518798828,23.969999313354492,18056,0.0,0.0,APPN,5m
2026-02-19 10:45:00-05:00,24.005399703979492,24.005399703979492,23.834999084472656,23.875,19750,0.0,0.0,APPN,5m
2026-02-19 10:50:00-05:00,23.889999389648438,24.087499618530273,23.81999969482422,24.06999969482422,24609,0.0,0.0,APPN,5m
2026-02-19 10:55:00-05:00,24.030000686645508,24.3700008392334,24.030000686645508,24.3700008392334,16104,0.0,0.0,APPN,5m
2026-02-19 11:00:00-05:00,24.360000610351562,24.450000762939453,24.170000076293945,24.260000228881836,15465,0.0,0.0,APPN,5m
2026-02-19 11:05:00-05:00,24.31999969482422,24.350000381469727,24.25,24.280000686645508,8009,0.0,0.0,APPN,5m
2026-02-19 11:10:00-05:00,24.280000686645508,24.47920036315918,24.19499969482422,24.470199584960938,16524,0.0,0.0,APPN,5m
2026-02-19 11:15:00-05:00,24.485000610351562,24.510000228881836,24.3799991607666,24.420000076293945,9433,0.0,0.0,APPN,5m
2026-02-19 11:20:00-05:00,24.395000457763672,24.520000457763672,24.360000610351562,24.520000457763672,7103,0.0,0.0,APPN,5m
2026-02-19 11:25:00-05:00,24.510000228881836,24.529399871826172,24.375,24.43000030517578,9141,0.0,0.0,APPN,5m
2026-02-19 11:30:00-05:00,24.43269920349121,24.489999771118164,24.367300033569336,24.399999618530273,9668,0.0,0.0,APPN,5m
2026-02-19 11:35:00-05:00,24.350000381469727,24.354999542236328,24.202899932861328,24.274999618530273,15995,0.0,0.0,APPN,5m
2026-02-19 11:40:00-05:00,24.290000915527344,24.290000915527344,24.15999984741211,24.190000534057617,12649,0.0,0.0,APPN,5m
2026-02-19 11:45:00-05:00,24.19499969482422,24.299999237060547,24.19499969482422,24.290000915527344,4365,0.0,0.0,APPN,5m
2026-02-19 11:50:00-05:00,24.25,24.270000457763672,24.165000915527344,24.18000030517578,6274,0.0,0.0,APPN,5m
2026-02-19 11:55:00-05:00,24.21500015258789,24.21500015258789,24.1200008392334,24.139999389648438,3631,0.0,0.0,APPN,5m
2026-02-19 12:00:00-05:00,24.1200008392334,24.160600662231445,24.09000015258789,24.160600662231445,4600,0.0,0.0,APPN,5m
2026-02-19 12:05:00-05:00,24.139999389648438,24.229999542236328,24.139999389648438,24.18000030517578,6176,0.0,0.0,APPN,5m
2026-02-19 12:10:00-05:00,24.200000762939453,24.21500015258789,24.045000076293945,24.125,11875,0.0,0.0,APPN,5m
2026-02-19 12:15:00-05:00,24.1200008392334,24.260000228881836,24.110000610351562,24.25,7469,0.0,0.0,APPN,5m
2026-02-19 12:20:00-05:00,24.25,24.270000457763672,24.190000534057617,24.190000534057617,4686,0.0,0.0,APPN,5m
2026-02-19 12:25:00-05:00,24.170000076293945,24.170000076293945,24.079999923706055,24.079999923706055,2635,0.0,0.0,APPN,5m
2026-02-19 12:30:00-05:00,24.0,24.06999969482422,23.985000610351562,24.06999969482422,4965,0.0,0.0,APPN,5m
2026-02-19 12:35:00-05:00,24.06999969482422,24.079999923706055,24.059999465942383,24.059999465942383,2681,0.0,0.0,APPN,5m
2026-02-19 12:40:00-05:00,24.059999465942383,24.139999389648438,24.059999465942383,24.079999923706055,5591,0.0,0.0,APPN,5m
2026-02-19 12:45:00-05:00,24.104999542236328,24.170000076293945,24.045000076293945,24.045000076293945,5099,0.0,0.0,APPN,5m
2026-02-19 12:50:00-05:00,24.079999923706055,24.170000076293945,24.045000076293945,24.170000076293945,12174,0.0,0.0,APPN,5m
2026-02-19 12:55:00-05:00,24.190000534057617,24.190000534057617,24.075000762939453,24.079999923706055,5018,0.0,0.0,APPN,5m
2026-02-19 13:00:00-05:00,24.100000381469727,24.110000610351562,24.010000228881836,24.049999237060547,4382,0.0,0.0,APPN,5m
2026-02-19 13:05:00-05:00,24.021699905395508,24.135000228881836,24.021699905395508,24.135000228881836,3482,0.0,0.0,APPN,5m
2026-02-19 13:10:00-05:00,24.170000076293945,24.170000076293945,24.040000915527344,24.040000915527344,2955,0.0,0.0,APPN,5m
2026-02-19 13:15:00-05:00,24.020000457763672,24.09000015258789,23.989999771118164,23.989999771118164,6271,0.0,0.0,APPN,5m
2026-02-19 13:20:00-05:00,24.0049991607666,24.010000228881836,23.934999465942383,23.969999313354492,6063,0.0,0.0,APPN,5m
2026-02-19 13:25:00-05:00,24.0,24.110000610351562,24.0,24.110000610351562,7768,0.0,0.0,APPN,5m
2026-02-19 13:30:00-05:00,24.100000381469727,24.149999618530273,24.045000076293945,24.135000228881836,6052,0.0,0.0,APPN,5m
2026-02-19 13:35:00-05:00,24.170000076293945,24.25,24.139999389648438,24.25,7982,0.0,0.0,APPN,5m
2026-02-19 13:40:00-05:00,24.25,24.260000228881836,24.209999084472656,24.225000381469727,6579,0.0,0.0,APPN,5m
2026-02-19 13:45:00-05:00,24.25,24.3700008392334,24.25,24.360000610351562,10048,0.0,0.0,APPN,5m
2026-02-19 13:50:00-05:00,24.360000610351562,24.399999618530273,24.299999237060547,24.389999389648438,9228,0.0,0.0,APPN,5m
2026-02-19 13:55:00-05:00,24.399999618530273,24.40999984741211,24.329999923706055,24.375,11443,0.0,0.0,APPN,5m
2026-02-19 14:00:00-05:00,24.375,24.375,24.209999084472656,24.209999084472656,8676,0.0,0.0,APPN,5m
2026-02-19 14:05:00-05:00,24.209999084472656,24.225000381469727,24.15999984741211,24.170000076293945,5025,0.0,0.0,APPN,5m
2026-02-19 14:10:00-05:00,24.190000534057617,24.209999084472656,24.139999389648438,24.155000686645508,3703,0.0,0.0,APPN,5m
2026-02-19 14:15:00-05:00,24.155000686645508,24.229999542236328,24.155000686645508,24.174999237060547,4575,0.0,0.0,APPN,5m
2026-02-19 14:20:00-05:00,24.165000915527344,24.25,24.149999618530273,24.25,5906,0.0,0.0,APPN,5m
2026-02-19 14:25:00-05:00,24.280000686645508,24.309999465942383,24.15999984741211,24.15999984741211,6250,0.0,0.0,APPN,5m
2026-02-19 14:30:00-05:00,24.170000076293945,24.200000762939453,24.15999984741211,24.190000534057617,13765,0.0,0.0,APPN,5m
2026-02-19 14:35:00-05:00,24.18000030517578,24.19499969482422,24.079999923706055,24.09000015258789,20588,0.0,0.0,APPN,5m
2026-02-19 14:40:00-05:00,24.079999923706055,24.149999618530273,24.079999923706055,24.1200008392334,8801,0.0,0.0,APPN,5m
2026-02-19 14:45:00-05:00,24.135000228881836,24.190000534057617,24.110000610351562,24.190000534057617,15279,0.0,0.0,APPN,5m
2026-02-19 14:50:00-05:00,24.190000534057617,24.31999969482422,24.190000534057617,24.225000381469727,9577,0.0,0.0,APPN,5m
2026-02-19 14:55:00-05:00,24.235000610351562,24.260000228881836,24.18000030517578,24.190000534057617,9167,0.0,0.0,APPN,5m
2026-02-19 15:00:00-05:00,24.184999465942383,24.219999313354492,24.139999389648438,24.139999389648438,7129,0.0,0.0,APPN,5m
2026-02-19 15:05:00-05:00,24.155000686645508,24.270000457763672,24.155000686645508,24.229999542236328,11246,0.0,0.0,APPN,5m
2026-02-19 15:10:00-05:00,24.239999771118164,24.239999771118164,24.18000030517578,24.229999542236328,12581,0.0,0.0,APPN,5m
2026-02-19 15:15:00-05:00,24.209999084472656,24.299999237060547,24.209999084472656,24.235000610351562,12337,0.0,0.0,APPN,5m
2026-02-19 15:20:00-05:00,24.25,24.290000915527344,24.239999771118164,24.260000228881836,10643,0.0,0.0,APPN,5m
2026-02-19 15:25:00-05:00,24.25,24.329999923706055,24.209999084472656,24.264999389648438,35929,0.0,0.0,APPN,5m
2026-02-19 15:30:00-05:00,24.274599075317383,24.385000228881836,24.274599075317383,24.360000610351562,31166,0.0,0.0,APPN,5m
2026-02-19 15:35:00-05:00,24.3700008392334,24.389999389648438,24.329999923706055,24.34000015258789,20620,0.0,0.0,APPN,5m
2026-02-19 15:40:00-05:00,24.34000015258789,24.364999771118164,24.260000228881836,24.299999237060547,18470,0.0,0.0,APPN,5m
2026-02-19 15:45:00-05:00,24.31760025024414,24.350000381469727,24.270000457763672,24.31999969482422,37495,0.0,0.0,APPN,5m
2026-02-19 15:50:00-05:00,24.31999969482422,24.436500549316406,24.270000457763672,24.309999465942383,73497,0.0,0.0,APPN,5m
2026-02-19 15:55:00-05:00,24.408100128173828,24.549999237060547,24.3799991607666,24.549999237060547,932296,0.0,0.0,APPN,5m
2026-02-20 09:30:00-05:00,24.40999984741211,25.020000457763672,24.385000228881836,25.010000228881836,42216,0.0,0.0,APPN,5m
2026-02-20 09:35:00-05:00,24.979999542236328,25.68000030517578,24.979999542236328,25.399999618530273,15493,0.0,0.0,APPN,5m
2026-02-20 09:40:00-05:00,25.399999618530273,25.579999923706055,25.110000610351562,25.354999542236328,18382,0.0,0.0,APPN,5m
2026-02-20 09:45:00-05:00,25.350000381469727,25.704999923706055,25.230100631713867,25.6200008392334,28517,0.0,0.0,APPN,5m
2026-02-20 09:50:00-05:00,25.690000534057617,25.8700008392334,25.66189956665039,25.729999542236328,22296,0.0,0.0,APPN,5m
2026-02-20 09:55:00-05:00,25.75,25.915000915527344,25.71500015258789,25.71500015258789,16656,0.0,0.0,APPN,5m
2026-02-20 10:00:00-05:00,25.799999237060547,26.18000030517578,25.799999237060547,26.18000030517578,29573,0.0,0.0,APPN,5m
2026-02-20 10:05:00-05:00,26.18000030517578,26.510000228881836,26.09000015258789,26.5,22063,0.0,0.0,APPN,5m
2026-02-20 10:10:00-05:00,26.5,26.670000076293945,26.225000381469727,26.225000381469727,10679,0.0,0.0,APPN,5m
2026-02-20 10:15:00-05:00,26.209999084472656,26.478700637817383,26.110000610351562,26.329999923706055,13316,0.0,0.0,APPN,5m
2026-02-20 10:20:00-05:00,26.25,26.440000534057617,26.25,26.274999618530273,8660,0.0,0.0,APPN,5m
2026-02-20 10:25:00-05:00,26.184999465942383,26.184999465942383,25.850099563598633,26.010000228881836,6831,0.0,0.0,APPN,5m
2026-02-20 10:30:00-05:00,26.06999969482422,26.260000228881836,25.94499969482422,26.030000686645508,8650,0.0,0.0,APPN,5m
2026-02-20 10:35:00-05:00,25.902999877929688,25.924999237060547,25.75,25.799999237060547,7624,0.0,0.0,APPN,5m
2026-02-20 10:40:00-05:00,25.71500015258789,25.770000457763672,25.6200008392334,25.75,9344,0.0,0.0,APPN,5m
2026-02-20 10:45:00-05:00,25.795000076293945,25.889999389648438,25.704999923706055,25.704999923706055,3480,0.0,0.0,APPN,5m
2026-02-20 10:50:00-05:00,25.709999084472656,26.05500030517578,25.709999084472656,26.040000915527344,10743,0.0,0.0,APPN,5m
2026-02-20 10:55:00-05:00,26.024999618530273,26.125,26.024999618530273,26.110000610351562,3914,0.0,0.0,APPN,5m
2026-02-20 11:00:00-05:00,26.104999542236328,26.104999542236328,25.979999542236328,26.010000228881836,18507,0.0,0.0,APPN,5m
2026-02-20 11:05:00-05:00,25.969999313354492,26.18000030517578,25.959999084472656,26.079999923706055,15021,0.0,0.0,APPN,5m
2026-02-20 11:10:00-05:00,26.079999923706055,26.09000015258789,25.8799991607666,25.889999389648438,8501,0.0,0.0,APPN,5m
2026-02-20 11:15:00-05:00,25.899999618530273,25.950000762939453,25.790000915527344,25.812299728393555,19179,0.0,0.0,APPN,5m
2026-02-20 11:20:00-05:00,25.860000610351562,25.8799991607666,25.770000457763672,25.84000015258789,6604,0.0,0.0,APPN,5m
2026-02-20 11:25:00-05:00,25.829999923706055,25.889999389648438,25.790000915527344,25.809999465942383,13576,0.0,0.0,APPN,5m
2026-02-20 11:30:00-05:00,25.80500030517578,25.889999389648438,25.80500030517578,25.81999969482422,5336,0.0,0.0,APPN,5m
2026-02-20 11:35:00-05:00,25.849199295043945,25.889999389648438,25.795000076293945,25.8799991607666,10508,0.0,0.0,APPN,5m
2026-02-20 11:40:00-05:00,25.889999389648438,25.979999542236328,25.889999389648438,25.950000762939453,9009,0.0,0.0,APPN,5m
2026-02-20 11:45:00-05:00,25.94499969482422,26.09000015258789,25.940000534057617,26.09000015258789,6800,0.0,0.0,APPN,5m
2026-02-20 11:50:00-05:00,26.09939956665039,26.100000381469727,25.950000762939453,25.989999771118164,9415,0.0,0.0,APPN,5m
2026-02-20 11:55:00-05:00,25.985000610351562,26.104999542236328,25.985000610351562,26.104999542236328,6417,0.0,0.0,APPN,5m
2026-02-20 12:00:00-05:00,26.1200008392334,26.149999618530273,26.020000457763672,26.049999237060547,8653,0.0,0.0,APPN,5m
2026-02-20 12:05:00-05:00,26.059999465942383,26.079999923706055,26.014999389648438,26.020000457763672,2987,0.0,0.0,APPN,5m
2026-02-20 12:10:00-05:00,26.010000228881836,26.05500030517578,25.9950008392334,26.05500030517578,6091,0.0,0.0,APPN,5m
2026-02-20 12:15:00-05:00,26.030000686645508,26.042499542236328,25.940000534057617,25.959999084472656,5253,0.0,0.0,APPN,5m
2026-02-20 12:20:00-05:00,25.959999084472656,26.0,25.8799991607666,25.969999313354492,10752,0.0,0.0,APPN,5m
2026-02-20 12:25:00-05:00,25.989999771118164,26.06999969482422,25.989999771118164,26.06999969482422,2679,0.0,0.0,APPN,5m
2026-02-20 12:30:00-05:00,26.09000015258789,26.155000686645508,26.09000015258789,26.1299991607666,7384,0.0,0.0,APPN,5m
2026-02-20 12:35:00-05:00,26.139999389648438,26.18000030517578,26.079999923706055,26.18000030517578,6838,0.0,0.0,APPN,5m
2026-02-20 12:40:00-05:00,26.174999237060547,26.174999237060547,26.006999969482422,26.006999969482422,7206,0.0,0.0,APPN,5m
2026-02-20 12:45:00-05:00,26.06999969482422,26.075000762939453,25.985000610351562,26.020000457763672,4965,0.0,0.0,APPN,5m
2026-02-20 12:50:00-05:00,26.040000915527344,26.06999969482422,25.989999771118164,26.06999969482422,4142,0.0,0.0,APPN,5m
2026-02-20 12:55:00-05:00,26.040000915527344,26.05500030517578,25.889999389648438,26.049999237060547,7142,0.0,0.0,APPN,5m
2026-02-20 13:00:00-05:00,26.040000915527344,26.040000915527344,25.940000534057617,25.940000534057617,6950,0.0,0.0,APPN,5m
2026-02-20 13:05:00-05:00,25.899999618530273,26.030000686645508,25.8799991607666,26.0049991607666,8703,0.0,0.0,APPN,5m
2026-02-20 13:10:00-05:00,26.0,26.0,25.75,25.770000457763672,21857,0.0,0.0,APPN,5m
2026-02-20 13:15:00-05:00,25.69499969482422,25.739999771118164,25.620100021362305,25.645000457763672,30075,0.0,0.0,APPN,5m
2026-02-20 13:20:00-05:00,25.642499923706055,25.645000457763672,25.079999923706055,25.190000534057617,105874,0.0,0.0,APPN,5m
2026-02-20 13:25:00-05:00,25.225000381469727,25.309999465942383,25.1200008392334,25.149999618530273,15039,0.0,0.0,APPN,5m
2026-02-20 13:30:00-05:00,25.1200008392334,25.450000762939453,25.06999969482422,25.309999465942383,18423,0.0,0.0,APPN,5m
2026-02-20 13:35:00-05:00,25.3799991607666,25.559999465942383,25.31999969482422,25.489999771118164,9545,0.0,0.0,APPN,5m
2026-02-20 13:40:00-05:00,25.530000686645508,25.59000015258789,25.43000030517578,25.59000015258789,7573,0.0,0.0,APPN,5m
2026-02-20 13:45:00-05:00,25.610000610351562,25.700000762939453,25.59000015258789,25.604999542236328,8615,0.0,0.0,APPN,5m
2026-02-20 13:50:00-05:00,25.6299991607666,25.65999984741211,25.549999237060547,25.65999984741211,9907,0.0,0.0,APPN,5m
2026-02-20 13:55:00-05:00,25.68000030517578,25.68000030517578,25.530000686645508,25.530000686645508,4584,0.0,0.0,APPN,5m
2026-02-20 14:00:00-05:00,25.559999465942383,25.579999923706055,25.399999618530273,25.405000686645508,6444,0.0,0.0,APPN,5m
2026-02-20 14:05:00-05:00,25.389999389648438,25.469999313354492,25.340900421142578,25.434999465942383,13304,0.0,0.0,APPN,5m
2026-02-20 14:10:00-05:00,25.434999465942383,25.469999313354492,25.21500015258789,25.21500015258789,31960,0.0,0.0,APPN,5m
2026-02-20 14:15:00-05:00,25.25,25.268199920654297,25.049999237060547,25.049999237060547,5469,0.0,0.0,APPN,5m
2026-02-20 14:20:00-05:00,25.094999313354492,25.1299991607666,25.0,25.059999465942383,15987,0.0,0.0,APPN,5m
2026-02-20 14:25:00-05:00,25.06999969482422,25.270000457763672,24.889999389648438,24.889999389648438,32901,0.0,0.0,APPN,5m
2026-02-20 14:30:00-05:00,24.889999389648438,24.920000076293945,24.850000381469727,24.899999618530273,5989,0.0,0.0,APPN,5m
2026-02-20 14:35:00-05:00,24.899999618530273,24.899999618530273,24.780000686645508,24.850000381469727,4637,0.0,0.0,APPN,5m
2026-02-20 14:40:00-05:00,24.850000381469727,24.969999313354492,24.850000381469727,24.897499084472656,7343,0.0,0.0,APPN,5m
2026-02-20 14:45:00-05:00,24.915000915527344,24.915000915527344,24.834999084472656,24.8799991607666,6766,0.0,0.0,APPN,5m
2026-02-20 14:50:00-05:00,24.854999542236328,24.8799991607666,24.700000762939453,24.739999771118164,8591,0.0,0.0,APPN,5m
2026-02-20 14:55:00-05:00,24.739999771118164,24.75,24.6200008392334,24.68199920654297,5562,0.0,0.0,APPN,5m
2026-02-20 15:00:00-05:00,24.670000076293945,24.760000228881836,24.655000686645508,24.739999771118164,13587,0.0,0.0,APPN,5m
2026-02-20 15:05:00-05:00,24.760000228881836,24.850000381469727,24.760000228881836,24.770000457763672,8597,0.0,0.0,APPN,5m
2026-02-20 15:10:00-05:00,24.760000228881836,24.770000457763672,24.655000686645508,24.68000030517578,5608,0.0,0.0,APPN,5m
2026-02-20 15:15:00-05:00,24.700000762939453,24.84000015258789,24.700000762939453,24.80500030517578,5478,0.0,0.0,APPN,5m
2026-02-20 15:20:00-05:00,24.829999923706055,24.8799991607666,24.825000762939453,24.8799991607666,6055,0.0,0.0,APPN,5m
2026-02-20 15:25:00-05:00,24.860000610351562,24.860000610351562,24.75,24.760099411010742,11602,0.0,0.0,APPN,5m
2026-02-20 15:30:00-05:00,24.809999465942383,24.850000381469727,24.770000457763672,24.770000457763672,12911,0.0,0.0,APPN,5m
2026-02-20 15:35:00-05:00,24.76609992980957,24.905000686645508,24.76609992980957,24.8799991607666,16390,0.0,0.0,APPN,5m
2026-02-20 15:40:00-05:00,24.875,24.90999984741211,24.850000381469727,24.8700008392334,11419,0.0,0.0,APPN,5m
2026-02-20 15:45:00-05:00,24.8700008392334,25.049999237060547,24.8700008392334,25.040000915527344,35049,0.0,0.0,APPN,5m
2026-02-20 15:50:00-05:00,25.030000686645508,25.190000534057617,25.0,25.184999465942383,46062,0.0,0.0,APPN,5m
2026-02-20 15:55:00-05:00,25.190000534057617,25.229999542236328,25.1200008392334,25.15999984741211,191121,0.0,0.0,APPN,5m
2026-02-23 09:30:00-05:00,24.729999542236328,24.920000076293945,24.260000228881836,24.309999465942383,21079,0.0,0.0,APPN,5m
2026-02-23 09:35:00-05:00,24.34000015258789,24.37299919128418,23.739999771118164,24.139999389648438,13265,0.0,0.0,APPN,5m
2026-02-23 09:40:00-05:00,23.975000381469727,23.975000381469727,23.760000228881836,23.795000076293945,6913,0.0,0.0,APPN,5m
2026-02-23 09:45:00-05:00,23.729999542236328,24.100000381469727,23.559999465942383,24.03499984741211,39696,0.0,0.0,APPN,5m
2026-02-23 09:50:00-05:00,24.110000610351562,24.420000076293945,24.100000381469727,24.360000610351562,5318,0.0,0.0,APPN,5m
2026-02-23 09:55:00-05:00,24.360000610351562,24.709999084472656,24.34000015258789,24.6200008392334,6612,0.0,0.0,APPN,5m
2026-02-23 10:00:00-05:00,24.649999618530273,24.954999923706055,24.639999389648438,24.80500030517578,4077,0.0,0.0,APPN,5m
2026-02-23 10:05:00-05:00,24.80500030517578,24.80500030517578,24.65999984741211,24.739999771118164,4186,0.0,0.0,APPN,5m
2026-02-23 10:10:00-05:00,24.790000915527344,25.040000915527344,24.790000915527344,24.864999771118164,6171,0.0,0.0,APPN,5m
2026-02-23 10:15:00-05:00,25.020000457763672,25.030000686645508,24.770000457763672,24.979999542236328,9272,0.0,0.0,APPN,5m
2026-02-23 10:20:00-05:00,25.020000457763672,25.040000915527344,24.850000381469727,24.850000381469727,2962,0.0,0.0,APPN,5m
2026-02-23 10:25:00-05:00,24.8799991607666,24.93000030517578,24.739999771118164,24.8799991607666,8314,0.0,0.0,APPN,5m
2026-02-23 10:30:00-05:00,24.8799991607666,24.969999313354492,24.825000762939453,24.969999313354492,3275,0.0,0.0,APPN,5m
2026-02-23 10:35:00-05:00,24.809999465942383,24.940000534057617,24.781200408935547,24.829999923706055,7828,0.0,0.0,APPN,5m
2026-02-23 10:40:00-05:00,24.8700008392334,24.920000076293945,24.820100784301758,24.860000610351562,4313,0.0,0.0,APPN,5m
2026-02-23 10:45:00-05:00,24.850000381469727,24.920000076293945,24.780000686645508,24.780000686645508,24650,0.0,0.0,APPN,5m
2026-02-23 10:50:00-05:00,24.809999465942383,24.90999984741211,24.799999237060547,24.829999923706055,6050,0.0,0.0,APPN,5m
2026-02-23 10:55:00-05:00,24.885000228881836,24.885000228881836,24.6299991607666,24.700000762939453,22750,0.0,0.0,APPN,5m
2026-02-23 11:00:00-05:00,24.760000228881836,24.969999313354492,24.549999237060547,24.770000457763672,77367,0.0,0.0,APPN,5m
2026-02-23 11:05:00-05:00,24.700000762939453,24.8700008392334,24.700000762939453,24.8700008392334,11547,0.0,0.0,APPN,5m
2026-02-23 11:10:00-05:00,24.899999618530273,24.899999618530273,24.780099868774414,24.834999084472656,4861,0.0,0.0,APPN,5m
2026-02-23 11:15:00-05:00,24.84000015258789,24.899999618530273,24.799999237060547,24.854999542236328,7487,0.0,0.0,APPN,5m
2026-02-23 11:20:00-05:00,24.799999237060547,24.858400344848633,24.770000457763672,24.81999969482422,13970,0.0,0.0,APPN,5m
2026-02-23 11:25:00-05:00,24.860000610351562,24.989999771118164,24.854999542236328,24.93000030517578,6850,0.0,0.0,APPN,5m
2026-02-23 11:30:00-05:00,24.90999984741211,24.93000030517578,24.829999923706055,24.885000228881836,6035,0.0,0.0,APPN,5m
2026-02-23 11:35:00-05:00,24.920000076293945,25.010000228881836,24.885000228881836,25.0,8657,0.0,0.0,APPN,5m
2026-02-23 11:40:00-05:00,25.020000457763672,25.049999237060547,25.0,25.040000915527344,4940,0.0,0.0,APPN,5m
2026-02-23 11:45:00-05:00,24.969999313354492,25.059999465942383,24.969999313354492,25.020000457763672,4833,0.0,0.0,APPN,5m
2026-02-23 11:50:00-05:00,25.030000686645508,25.190000534057617,25.010000228881836,25.139999389648438,18191,0.0,0.0,APPN,5m
2026-02-23 11:55:00-05:00,25.149999618530273,25.149999618530273,25.030000686645508,25.110000610351562,4654,0.0,0.0,APPN,5m
2026-02-23 12:00:00-05:00,25.059999465942383,25.084999084472656,25.0,25.0,5869,0.0,0.0,APPN,5m
2026-02-23 12:05:00-05:00,25.020000457763672,25.020000457763672,24.885000228881836,24.885000228881836,3503,0.0,0.0,APPN,5m
2026-02-23 12:10:00-05:00,24.8799991607666,24.8799991607666,24.81999969482422,24.81999969482422,3487,0.0,0.0,APPN,5m
2026-02-23 12:15:00-05:00,24.850000381469727,24.905000686645508,24.850000381469727,24.875,9405,0.0,0.0,APPN,5m
2026-02-23 12:20:00-05:00,24.84000015258789,24.899999618530273,24.84000015258789,24.84000015258789,4772,0.0,0.0,APPN,5m
2026-02-23 12:25:00-05:00,24.850000381469727,24.850000381469727,24.80500030517578,24.80500030517578,3994,0.0,0.0,APPN,5m
2026-02-23 12:30:00-05:00,24.809999465942383,24.889999389648438,24.799999237060547,24.889999389648438,4646,0.0,0.0,APPN,5m
2026-02-23 12:35:00-05:00,24.865100860595703,24.915000915527344,24.864999771118164,24.899999618530273,3708,0.0,0.0,APPN,5m
2026-02-23 12:40:00-05:00,24.899999618530273,24.979999542236328,24.8799991607666,24.940000534057617,13597,0.0,0.0,APPN,5m
2026-02-23 12:45:00-05:00,24.950000762939453,24.950000762939453,24.885000228881836,24.90999984741211,3276,0.0,0.0,APPN,5m
2026-02-23 12:50:00-05:00,24.93000030517578,24.989999771118164,24.93000030517578,24.985000610351562,4687,0.0,0.0,APPN,5m
2026-02-23 12:55:00-05:00,24.950000762939453,24.959999084472656,24.899999618530273,24.905000686645508,6047,0.0,0.0,APPN,5m
2026-02-23 13:00:00-05:00,24.920000076293945,24.920000076293945,24.899999618530273,24.899999618530273,3165,0.0,0.0,APPN,5m
2026-02-23 13:05:00-05:00,24.889999389648438,24.889999389648438,24.790000915527344,24.829999923706055,9789,0.0,0.0,APPN,5m
2026-02-23 13:10:00-05:00,24.809999465942383,24.8799991607666,24.809999465942383,24.8799991607666,6030,0.0,0.0,APPN,5m
2026-02-23 13:15:00-05:00,24.885000228881836,24.899999618530273,24.709999084472656,24.709999084472656,50678,0.0,0.0,APPN,5m
2026-02-23 13:20:00-05:00,24.725000381469727,24.770000457763672,24.670000076293945,24.7549991607666,8509,0.0,0.0,APPN,5m
2026-02-23 13:25:00-05:00,24.75,24.75,24.670000076293945,24.670000076293945,2914,0.0,0.0,APPN,5m
2026-02-23 13:30:00-05:00,24.645000457763672,24.645000457763672,24.575000762939453,24.594999313354492,5543,0.0,0.0,APPN,5m
2026-02-23 13:35:00-05:00,24.6299991607666,24.670000076293945,24.6299991607666,24.639999389648438,2747,0.0,0.0,APPN,5m
2026-02-23 13:40:00-05:00,24.625,24.65999984741211,24.520000457763672,24.540000915527344,6457,0.0,0.0,APPN,5m
2026-02-23 13:45:00-05:00,24.520000457763672,24.530000686645508,24.46500015258789,24.479999542236328,19624,0.0,0.0,APPN,5m
2026-02-23 13:50:00-05:00,24.479999542236328,24.530000686645508,24.479999542236328,24.510000228881836,5960,0.0,0.0,APPN,5m
2026-02-23 13:55:00-05:00,24.479999542236328,24.520000457763672,24.450000762939453,24.510000228881836,8642,0.0,0.0,APPN,5m
2026-02-23 14:00:00-05:00,24.5,24.540000915527344,24.450000762939453,24.459999084472656,6718,0.0,0.0,APPN,5m
2026-02-23 14:05:00-05:00,24.459999084472656,24.489999771118164,24.360000610351562,24.3799991607666,29627,0.0,0.0,APPN,5m
2026-02-23 14:10:00-05:00,24.34000015258789,24.389999389648438,24.299999237060547,24.389999389648438,6391,0.0,0.0,APPN,5m
2026-02-23 14:15:00-05:00,24.364999771118164,24.3700008392334,24.100000381469727,24.219999313354492,7101,0.0,0.0,APPN,5m
2026-02-23 14:20:00-05:00,24.170000076293945,24.229999542236328,24.145000457763672,24.155000686645508,3824,0.0,0.0,APPN,5m
2026-02-23 14:25:00-05:00,24.149999618530273,24.2450008392334,24.1299991607666,24.219999313354492,9720,0.0,0.0,APPN,5m
2026-02-23 14:30:00-05:00,24.239999771118164,24.260000228881836,24.155000686645508,24.225000381469727,15457,0.0,0.0,APPN,5m
2026-02-23 14:35:00-05:00,24.225000381469727,24.270000457763672,24.225000381469727,24.270000457763672,5965,0.0,0.0,APPN,5m
2026-02-23 14:40:00-05:00,24.2450008392334,24.290000915527344,24.219999313354492,24.290000915527344,7984,0.0,0.0,APPN,5m
2026-02-23 14:45:00-05:00,24.290000915527344,24.389999389648438,24.280000686645508,24.360000610351562,8353,0.0,0.0,APPN,5m
2026-02-23 14:50:00-05:00,24.329999923706055,24.3700008392334,24.270000457763672,24.350000381469727,8415,0.0,0.0,APPN,5m
2026-02-23 14:55:00-05:00,24.375,24.459999084472656,24.309999465942383,24.309999465942383,9398,0.0,0.0,APPN,5m
2026-02-23 15:00:00-05:00,24.299999237060547,24.350000381469727,24.299999237060547,24.34000015258789,5977,0.0,0.0,APPN,5m
2026-02-23 15:05:00-05:00,24.315000534057617,24.329999923706055,24.229999542236328,24.260000228881836,8098,0.0,0.0,APPN,5m
2026-02-23 15:10:00-05:00,24.25,24.25,24.139999389648438,24.145000457763672,7725,0.0,0.0,APPN,5m
2026-02-23 15:15:00-05:00,24.15999984741211,24.299999237060547,24.15999984741211,24.299999237060547,12528,0.0,0.0,APPN,5m
2026-02-23 15:20:00-05:00,24.30500030517578,24.360000610351562,24.239999771118164,24.25,9977,0.0,0.0,APPN,5m
2026-02-23 15:25:00-05:00,24.270000457763672,24.270000457763672,24.149999618530273,24.149999618530273,6017,0.0,0.0,APPN,5m
2026-02-23 15:30:00-05:00,24.149999618530273,24.200000762939453,24.149999618530273,24.18000030517578,11782,0.0,0.0,APPN,5m
2026-02-23 15:35:00-05:00,24.184999465942383,24.270000457763672,24.149999618530273,24.149999618530273,27017,0.0,0.0,APPN,5m
2026-02-23 15:40:00-05:00,24.149999618530273,24.209999084472656,24.100000381469727,24.149999618530273,26183,0.0,0.0,APPN,5m
2026-02-23 15:45:00-05:00,24.149999618530273,24.18000030517578,24.06999969482422,24.1299991607666,23260,0.0,0.0,APPN,5m
2026-02-23 15:50:00-05:00,24.139999389648438,24.209999084472656,24.079999923706055,24.139999389648438,45424,0.0,0.0,APPN,5m
2026-02-23 15:55:00-05:00,24.149999618530273,24.299999237060547,24.139999389648438,24.25,139440,0.0,0.0,APPN,5m
2026-02-24 09:30:00-05:00,24.229999542236328,24.7450008392334,24.135000228881836,24.635000228881836,27694,0.0,0.0,APPN,5m
2026-02-24 09:35:00-05:00,24.635000228881836,25.25,24.594999313354492,24.985000610351562,31461,0.0,0.0,APPN,5m
2026-02-24 09:40:00-05:00,24.989999771118164,25.485000610351562,24.920000076293945,25.475000381469727,12593,0.0,0.0,APPN,5m
2026-02-24 09:45:00-05:00,25.485000610351562,25.709999084472656,25.225000381469727,25.53499984741211,25895,0.0,0.0,APPN,5m
2026-02-24 09:50:00-05:00,25.489999771118164,25.625,25.18000030517578,25.18000030517578,27050,0.0,0.0,APPN,5m
2026-02-24 09:55:00-05:00,25.09000015258789,25.100000381469727,24.889999389648438,24.969999313354492,10593,0.0,0.0,APPN,5m
2026-02-24 10:00:00-05:00,24.924999237060547,25.1299991607666,24.854999542236328,25.104999542236328,8780,0.0,0.0,APPN,5m
2026-02-24 10:05:00-05:00,25.06999969482422,25.350000381469727,24.989999771118164,25.350000381469727,13923,0.0,0.0,APPN,5m
2026-02-24 10:10:00-05:00,25.360000610351562,25.549999237060547,25.350000381469727,25.549999237060547,21035,0.0,0.0,APPN,5m
2026-02-24 10:15:00-05:00,25.540000915527344,25.760000228881836,25.510000228881836,25.760000228881836,19130,0.0,0.0,APPN,5m
2026-02-24 10:20:00-05:00,25.790000915527344,25.790000915527344,25.5,25.6200008392334,18542,0.0,0.0,APPN,5m
2026-02-24 10:25:00-05:00,25.520000457763672,25.649999618530273,25.46500015258789,25.530000686645508,6671,0.0,0.0,APPN,5m
2026-02-24 10:30:00-05:00,25.6200008392334,25.75,25.610000610351562,25.610000610351562,6479,0.0,0.0,APPN,5m
2026-02-24 10:35:00-05:00,25.510000228881836,25.59000015258789,25.5,25.565000534057617,5776,0.0,0.0,APPN,5m
2026-02-24 10:40:00-05:00,25.559999465942383,25.56999969482422,25.459999084472656,25.510000228881836,13875,0.0,0.0,APPN,5m
2026-02-24 10:45:00-05:00,25.469999313354492,25.5,25.200000762939453,25.290000915527344,29032,0.0,0.0,APPN,5m
2026-02-24 10:50:00-05:00,25.329999923706055,25.34000015258789,25.114999771118164,25.125,5695,0.0,0.0,APPN,5m
2026-02-24 10:55:00-05:00,25.09000015258789,25.190000534057617,25.09000015258789,25.155000686645508,5310,0.0,0.0,APPN,5m
2026-02-24 11:00:00-05:00,25.170000076293945,25.25,25.100000381469727,25.219999313354492,6740,0.0,0.0,APPN,5m
2026-02-24 11:05:00-05:00,25.219999313354492,25.219999313354492,24.985000610351562,24.985000610351562,6121,0.0,0.0,APPN,5m
2026-02-24 11:10:00-05:00,24.950000762939453,25.05500030517578,24.950000762939453,25.014999389648438,6199,0.0,0.0,APPN,5m
2026-02-24 11:15:00-05:00,25.014999389648438,25.014999389648438,24.889999389648438,24.889999389648438,6369,0.0,0.0,APPN,5m
2026-02-24 11:20:00-05:00,24.850000381469727,24.8799991607666,24.790000915527344,24.8799991607666,3123,0.0,0.0,APPN,5m
2026-02-24 11:25:00-05:00,24.844999313354492,24.940000534057617,24.809999465942383,24.920000076293945,5998,0.0,0.0,APPN,5m
2026-02-24 11:30:00-05:00,24.8700008392334,24.8700008392334,24.655000686645508,24.655000686645508,4119,0.0,0.0,APPN,5m
2026-02-24 11:35:00-05:00,24.674999237060547,24.719999313354492,24.640100479125977,24.670000076293945,3142,0.0,0.0,APPN,5m
2026-02-24 11:40:00-05:00,24.719999313354492,24.809999465942383,24.719999313354492,24.790000915527344,4145,0.0,0.0,APPN,5m
2026-02-24 11:45:00-05:00,24.760000228881836,24.920000076293945,24.735000610351562,24.920000076293945,7534,0.0,0.0,APPN,5m
2026-02-24 11:50:00-05:00,24.920000076293945,24.989999771118164,24.920000076293945,24.979999542236328,4450,0.0,0.0,APPN,5m
2026-02-24 11:55:00-05:00,24.940000534057617,24.969999313354492,24.8700008392334,24.959999084472656,8010,0.0,0.0,APPN,5m
2026-02-24 12:00:00-05:00,24.920000076293945,24.959999084472656,24.854999542236328,24.8700008392334,6215,0.0,0.0,APPN,5m
2026-02-24 12:05:00-05:00,24.860000610351562,24.864999771118164,24.774999618530273,24.829999923706055,4976,0.0,0.0,APPN,5m
2026-02-24 12:10:00-05:00,24.84000015258789,24.924999237060547,24.84000015258789,24.924999237060547,1929,0.0,0.0,APPN,5m
2026-02-24 12:15:00-05:00,24.90999984741211,24.920000076293945,24.8700008392334,24.899999618530273,7177,0.0,0.0,APPN,5m
2026-02-24 12:20:00-05:00,24.920000076293945,25.030000686645508,24.920000076293945,25.030000686645508,3088,0.0,0.0,APPN,5m
2026-02-24 12:25:00-05:00,25.040000915527344,25.05500030517578,25.020000457763672,25.024999618530273,2962,0.0,0.0,APPN,5m
2026-02-24 12:30:00-05:00,24.989999771118164,25.049999237060547,24.989999771118164,25.049999237060547,3057,0.0,0.0,APPN,5m
2026-02-24 12:35:00-05:00,25.020000457763672,25.03499984741211,25.0,25.0,2156,0.0,0.0,APPN,5m
2026-02-24 12:40:00-05:00,24.979999542236328,25.03499984741211,24.96500015258789,24.979999542236328,3786,0.0,0.0,APPN,5m
2026-02-24 12:45:00-05:00,24.969999313354492,24.979999542236328,24.940000534057617,24.940000534057617,1895,0.0,0.0,APPN,5m
2026-02-24 12:50:00-05:00,24.969999313354492,24.969999313354492,24.93000030517578,24.93000030517578,2386,0.0,0.0,APPN,5m
2026-02-24 12:55:00-05:00,24.93000030517578,24.94499969482422,24.93000030517578,24.94499969482422,1513,0.0,0.0,APPN,5m
2026-02-24 13:00:00-05:00,24.94499969482422,25.0049991607666,24.94499969482422,25.0,4312,0.0,0.0,APPN,5m
2026-02-24 13:05:00-05:00,24.979999542236328,24.989999771118164,24.954999923706055,24.954999923706055,2682,0.0,0.0,APPN,5m
2026-02-24 13:10:00-05:00,24.950000762939453,24.950000762939453,24.920000076293945,24.940000534057617,2222,0.0,0.0,APPN,5m
2026-02-24 13:15:00-05:00,24.950000762939453,25.020000457763672,24.950000762939453,24.969999313354492,9364,0.0,0.0,APPN,5m
2026-02-24 13:20:00-05:00,24.979999542236328,24.979999542236328,24.957599639892578,24.969999313354492,2294,0.0,0.0,APPN,5m
2026-02-24 13:25:00-05:00,24.969999313354492,24.969999313354492,24.940000534057617,24.940000534057617,3569,0.0,0.0,APPN,5m
2026-02-24 13:30:00-05:00,24.959999084472656,25.030000686645508,24.889999389648438,24.889999389648438,8054,0.0,0.0,APPN,5m
2026-02-24 13:35:00-05:00,24.90999984741211,24.959999084472656,24.90999984741211,24.90999984741211,3613,0.0,0.0,APPN,5m
2026-02-24 13:40:00-05:00,24.967300415039062,24.969999313354492,24.895000457763672,24.905000686645508,4293,0.0,0.0,APPN,5m
2026-02-24 13:45:00-05:00,24.90999984741211,24.979999542236328,24.90999984741211,24.979999542236328,1967,0.0,0.0,APPN,5m
2026-02-24 13:50:00-05:00,25.0,25.059999465942383,25.0,25.0,8893,0.0,0.0,APPN,5m
2026-02-24 13:55:00-05:00,24.969999313354492,24.969999313354492,24.860000610351562,24.8700008392334,3770,0.0,0.0,APPN,5m
2026-02-24 14:00:00-05:00,24.889999389648438,24.979999542236328,24.8799991607666,24.899999618530273,7589,0.0,0.0,APPN,5m
2026-02-24 14:05:00-05:00,24.895000457763672,24.905000686645508,24.735000610351562,24.770000457763672,8558,0.0,0.0,APPN,5m
2026-02-24 14:10:00-05:00,24.760000228881836,24.764999389648438,24.579999923706055,24.579999923706055,8870,0.0,0.0,APPN,5m
2026-02-24 14:15:00-05:00,24.600000381469727,24.600000381469727,24.399999618530273,24.399999618530273,15270,0.0,0.0,APPN,5m
2026-02-24 14:20:00-05:00,24.43000030517578,24.4950008392334,24.3799991607666,24.4950008392334,7947,0.0,0.0,APPN,5m
2026-02-24 14:25:00-05:00,24.4862003326416,24.549999237060547,24.434999465942383,24.434999465942383,10945,0.0,0.0,APPN,5m
2026-02-24 14:30:00-05:00,24.43000030517578,24.510000228881836,24.43000030517578,24.485000610351562,5477,0.0,0.0,APPN,5m
2026-02-24 14:35:00-05:00,24.510000228881836,24.59000015258789,24.5049991607666,24.59000015258789,8758,0.0,0.0,APPN,5m
2026-02-24 14:40:00-05:00,24.59910011291504,24.610000610351562,24.530000686645508,24.549999237060547,7880,0.0,0.0,APPN,5m
2026-02-24 14:45:00-05:00,24.57900047302246,24.600000381469727,24.55500030517578,24.59000015258789,4788,0.0,0.0,APPN,5m
2026-02-24 14:50:00-05:00,24.610000610351562,24.700000762939453,24.594999313354492,24.68000030517578,9392,0.0,0.0,APPN,5m
2026-02-24 14:55:00-05:00,24.655000686645508,24.655000686645508,24.559999465942383,24.610000610351562,10141,0.0,0.0,APPN,5m
2026-02-24 15:00:00-05:00,24.6200008392334,24.639999389648438,24.600000381469727,24.600000381469727,4600,0.0,0.0,APPN,5m
2026-02-24 15:05:00-05:00,24.6200008392334,24.670000076293945,24.59000015258789,24.639999389648438,8071,0.0,0.0,APPN,5m
2026-02-24 15:10:00-05:00,24.65999984741211,24.788999557495117,24.65999984741211,24.739999771118164,10372,0.0,0.0,APPN,5m
2026-02-24 15:15:00-05:00,24.75,24.75,24.704999923706055,24.735000610351562,8660,0.0,0.0,APPN,5m
2026-02-24 15:20:00-05:00,24.75,24.860000610351562,24.75,24.80500030517578,16967,0.0,0.0,APPN,5m
2026-02-24 15:25:00-05:00,24.829999923706055,24.829999923706055,24.65999984741211,24.709999084472656,12254,0.0,0.0,APPN,5m
2026-02-24 15:30:00-05:00,24.719999313354492,24.809999465942383,24.719999313354492,24.80500030517578,15607,0.0,0.0,APPN,5m
2026-02-24 15:35:00-05:00,24.809999465942383,24.84000015258789,24.770000457763672,24.790000915527344,14877,0.0,0.0,APPN,5m
2026-02-24 15:40:00-05:00,24.790000915527344,24.889999389648438,24.780000686645508,24.78499984741211,43334,0.0,0.0,APPN,5m
2026-02-24 15:45:00-05:00,24.799999237060547,24.8700008392334,24.799999237060547,24.844999313354492,13035,0.0,0.0,APPN,5m
2026-02-24 15:50:00-05:00,24.859899520874023,25.05900001525879,24.829999923706055,25.020000457763672,34182,0.0,0.0,APPN,5m
2026-02-24 15:55:00-05:00,25.020000457763672,25.059999465942383,24.920000076293945,24.93000030517578,128980,0.0,0.0,APPN,5m
2026-02-25 09:30:00-05:00,25.110000610351562,25.110000610351562,24.829999923706055,24.959999084472656,30762,0.0,0.0,APPN,5m
2026-02-25 09:35:00-05:00,24.924999237060547,24.924999237060547,24.770000457763672,24.84000015258789,2219,0.0,0.0,APPN,5m
2026-02-25 09:40:00-05:00,24.710500717163086,24.729999542236328,24.559999465942383,24.6200008392334,6293,0.0,0.0,APPN,5m
2026-02-25 09:45:00-05:00,24.709999084472656,25.174999237060547,24.670000076293945,25.174999237060547,13026,0.0,0.0,APPN,5m
2026-02-25 09:50:00-05:00,25.174999237060547,25.360000610351562,25.174999237060547,25.350000381469727,4759,0.0,0.0,APPN,5m
2026-02-25 09:55:00-05:00,25.360000610351562,25.479999542236328,25.31999969482422,25.325000762939453,6434,0.0,0.0,APPN,5m
2026-02-25 10:00:00-05:00,25.520000457763672,25.670000076293945,25.469999313354492,25.53499984741211,7846,0.0,0.0,APPN,5m
2026-02-25 10:05:00-05:00,25.59000015258789,25.59000015258789,25.360000610351562,25.399999618530273,10723,0.0,0.0,APPN,5m
2026-02-25 10:10:00-05:00,25.280000686645508,25.604999542236328,25.280000686645508,25.604999542236328,12092,0.0,0.0,APPN,5m
2026-02-25 10:15:00-05:00,25.60300064086914,25.639999389648438,25.485000610351562,25.6299991607666,11416,0.0,0.0,APPN,5m
2026-02-25 10:20:00-05:00,25.55500030517578,25.700000762939453,25.55500030517578,25.559999465942383,6735,0.0,0.0,APPN,5m
2026-02-25 10:25:00-05:00,25.59000015258789,25.729999542236328,25.579999923706055,25.6200008392334,3586,0.0,0.0,APPN,5m
2026-02-25 10:30:00-05:00,25.719999313354492,25.770000457763672,25.649999618530273,25.670000076293945,13902,0.0,0.0,APPN,5m
2026-02-25 10:35:00-05:00,25.610000610351562,25.690000534057617,25.545000076293945,25.55500030517578,6901,0.0,0.0,APPN,5m
2026-02-25 10:40:00-05:00,25.6299991607666,25.800899505615234,25.6200008392334,25.704999923706055,7864,0.0,0.0,APPN,5m
2026-02-25 10:45:00-05:00,25.7450008392334,25.829999923706055,25.700000762939453,25.700000762939453,5322,0.0,0.0,APPN,5m
2026-02-25 10:50:00-05:00,25.729999542236328,25.729999542236328,25.56999969482422,25.59000015258789,4677,0.0,0.0,APPN,5m
2026-02-25 10:55:00-05:00,25.549999237060547,25.68000030517578,25.524999618530273,25.68000030517578,4922,0.0,0.0,APPN,5m
2026-02-25 11:00:00-05:00,25.704999923706055,25.709999084472656,25.56999969482422,25.6200008392334,9996,0.0,0.0,APPN,5m
2026-02-25 11:05:00-05:00,25.56999969482422,25.639999389648438,25.43000030517578,25.530000686645508,15411,0.0,0.0,APPN,5m
2026-02-25 11:10:00-05:00,25.520000457763672,25.520000457763672,25.40999984741211,25.40999984741211,2951,0.0,0.0,APPN,5m
2026-02-25 11:15:00-05:00,25.415000915527344,25.530000686645508,25.405000686645508,25.530000686645508,7725,0.0,0.0,APPN,5m
2026-02-25 11:20:00-05:00,25.540000915527344,25.59000015258789,25.479999542236328,25.579999923706055,5643,0.0,0.0,APPN,5m
2026-02-25 11:25:00-05:00,25.59000015258789,25.639999389648438,25.565000534057617,25.639999389648438,9019,0.0,0.0,APPN,5m
2026-02-25 11:30:00-05:00,25.68000030517578,25.68000030517578,25.575000762939453,25.6299991607666,3217,0.0,0.0,APPN,5m
2026-02-25 11:35:00-05:00,25.575000762939453,25.629100799560547,25.575000762939453,25.575000762939453,1559,0.0,0.0,APPN,5m
2026-02-25 11:40:00-05:00,25.540000915527344,25.540000915527344,25.46500015258789,25.510000228881836,4877,0.0,0.0,APPN,5m
2026-02-25 11:45:00-05:00,25.459999084472656,25.475000381469727,25.399999618530273,25.424999237060547,3427,0.0,0.0,APPN,5m
2026-02-25 11:50:00-05:00,25.424999237060547,25.56999969482422,25.424999237060547,25.559999465942383,4396,0.0,0.0,APPN,5m
2026-02-25 11:55:00-05:00,25.579999923706055,25.6200008392334,25.559999465942383,25.6200008392334,6800,0.0,0.0,APPN,5m
2026-02-25 12:00:00-05:00,25.6200008392334,25.639999389648438,25.22450065612793,25.450000762939453,38792,0.0,0.0,APPN,5m
2026-02-25 12:05:00-05:00,25.440000534057617,25.540000915527344,25.34000015258789,25.399999618530273,14811,0.0,0.0,APPN,5m
2026-02-25 12:10:00-05:00,25.350000381469727,25.3799991607666,25.049999237060547,25.34000015258789,17256,0.0,0.0,APPN,5m
2026-02-25 12:15:00-05:00,25.389999389648438,25.510000228881836,25.385000228881836,25.40999984741211,15579,0.0,0.0,APPN,5m
2026-02-25 12:20:00-05:00,25.40999984741211,25.43000030517578,25.405000686645508,25.424999237060547,3002,0.0,0.0,APPN,5m
2026-02-25 12:25:00-05:00,25.40999984741211,25.40999984741211,25.315000534057617,25.315000534057617,4682,0.0,0.0,APPN,5m
2026-02-25 12:30:00-05:00,25.350000381469727,25.479999542236328,25.350000381469727,25.479999542236328,4239,0.0,0.0,APPN,5m
2026-02-25 12:35:00-05:00,25.489999771118164,25.540000915527344,25.489999771118164,25.4950008392334,5987,0.0,0.0,APPN,5m
2026-02-25 12:40:00-05:00,25.510000228881836,25.540000915527344,25.440000534057617,25.450000762939453,3489,0.0,0.0,APPN,5m
2026-02-25 12:45:00-05:00,25.434999465942383,25.700000762939453,25.40999984741211,25.68000030517578,7988,0.0,0.0,APPN,5m
2026-02-25 12:50:00-05:00,25.690000534057617,25.690000534057617,25.6200008392334,25.68000030517578,4399,0.0,0.0,APPN,5m
2026-02-25 12:55:00-05:00,25.6200008392334,25.649999618530273,25.600000381469727,25.639999389648438,2415,0.0,0.0,APPN,5m
2026-02-25 13:00:00-05:00,25.65999984741211,25.700000762939453,25.65999984741211,25.665000915527344,2152,0.0,0.0,APPN,5m
2026-02-25 13:05:00-05:00,25.690000534057617,25.770000457763672,25.670000076293945,25.719999313354492,6195,0.0,0.0,APPN,5m
2026-02-25 13:10:00-05:00,25.760000228881836,25.81999969482422,25.735000610351562,25.780000686645508,4401,0.0,0.0,APPN,5m
2026-02-25 13:15:00-05:00,25.795000076293945,25.860000610351562,25.795000076293945,25.844999313354492,3214,0.0,0.0,APPN,5m
2026-02-25 13:20:00-05:00,25.829999923706055,25.8799991607666,25.829999923706055,25.850000381469727,5004,0.0,0.0,APPN,5m
2026-02-25 13:25:00-05:00,25.829999923706055,25.860000610351562,25.760000228881836,25.860000610351562,4988,0.0,0.0,APPN,5m
2026-02-25 13:30:00-05:00,25.844999313354492,25.844999313354492,25.809999465942383,25.829999923706055,2722,0.0,0.0,APPN,5m
2026-02-25 13:35:00-05:00,25.84000015258789,25.8700008392334,25.829999923706055,25.8700008392334,3462,0.0,0.0,APPN,5m
2026-02-25 13:40:00-05:00,25.860000610351562,25.8799991607666,25.834999084472656,25.8799991607666,2971,0.0,0.0,APPN,5m
2026-02-25 13:45:00-05:00,25.8799991607666,25.8799991607666,25.809999465942383,25.825000762939453,4459,0.0,0.0,APPN,5m
2026-02-25 13:50:00-05:00,25.825000762939453,25.825000762939453,25.78499984741211,25.809999465942383,2986,0.0,0.0,APPN,5m
2026-02-25 13:55:00-05:00,25.790000915527344,25.790000915527344,25.729999542236328,25.770000457763672,13977,0.0,0.0,APPN,5m
2026-02-25 14:00:00-05:00,25.790000915527344,25.829999923706055,25.790000915527344,25.795000076293945,2881,0.0,0.0,APPN,5m
2026-02-25 14:05:00-05:00,25.829999923706055,25.860000610351562,25.661100387573242,25.674999237060547,10508,0.0,0.0,APPN,5m
2026-02-25 14:10:00-05:00,25.670000076293945,25.68000030517578,25.565000534057617,25.600000381469727,13784,0.0,0.0,APPN,5m
2026-02-25 14:15:00-05:00,25.59000015258789,25.760000228881836,25.524999618530273,25.760000228881836,6415,0.0,0.0,APPN,5m
2026-02-25 14:20:00-05:00,25.725000381469727,25.75,25.719999313354492,25.739999771118164,5905,0.0,0.0,APPN,5m
2026-02-25 14:25:00-05:00,25.739999771118164,25.799999237060547,25.739999771118164,25.799999237060547,2956,0.0,0.0,APPN,5m
2026-02-25 14:30:00-05:00,25.81999969482422,25.844999313354492,25.760000228881836,25.799999237060547,4232,0.0,0.0,APPN,5m
2026-02-25 14:35:00-05:00,25.75,25.799999237060547,25.739999771118164,25.7450008392334,6728,0.0,0.0,APPN,5m
2026-02-25 14:40:00-05:00,25.739999771118164,25.764999389648438,25.729999542236328,25.764999389648438,12097,0.0,0.0,APPN,5m
2026-02-25 14:45:00-05:00,25.739999771118164,25.84000015258789,25.739999771118164,25.829999923706055,4813,0.0,0.0,APPN,5m
2026-02-25 14:50:00-05:00,25.829999923706055,25.920000076293945,25.809999465942383,25.920000076293945,6655,0.0,0.0,APPN,5m
2026-02-25 14:55:00-05:00,25.924999237060547,25.940000534057617,25.889999389648438,25.940000534057617,5022,0.0,0.0,APPN,5m
2026-02-25 15:00:00-05:00,25.950000762939453,25.985000610351562,25.93000030517578,25.950000762939453,5530,0.0,0.0,APPN,5m
2026-02-25 15:05:00-05:00,25.934999465942383,26.030000686645508,25.885000228881836,26.020000457763672,13287,0.0,0.0,APPN,5m
2026-02-25 15:10:00-05:00,26.010000228881836,26.010000228881836,25.959999084472656,25.9950008392334,4727,0.0,0.0,APPN,5m
2026-02-25 15:15:00-05:00,25.9950008392334,26.040000915527344,25.9950008392334,26.030000686645508,5676,0.0,0.0,APPN,5m
2026-02-25 15:20:00-05:00,26.030000686645508,26.06999969482422,26.020000457763672,26.020000457763672,8795,0.0,0.0,APPN,5m
2026-02-25 15:25:00-05:00,26.020000457763672,26.059999465942383,25.989999771118164,25.989999771118164,9544,0.0,0.0,APPN,5m
2026-02-25 15:30:00-05:00,26.020000457763672,26.079999923706055,26.010000228881836,26.049999237060547,8645,0.0,0.0,APPN,5m
2026-02-25 15:35:00-05:00,26.06999969482422,26.110000610351562,26.030000686645508,26.110000610351562,11861,0.0,0.0,APPN,5m
2026-02-25 15:40:00-05:00,26.1200008392334,26.149999618530273,26.110000610351562,26.1200008392334,13608,0.0,0.0,APPN,5m
2026-02-25 15:45:00-05:00,26.129899978637695,26.236000061035156,26.129899978637695,26.209999084472656,25108,0.0,0.0,APPN,5m
2026-02-25 15:50:00-05:00,26.209999084472656,26.239999771118164,26.190000534057617,26.209999084472656,37488,0.0,0.0,APPN,5m
2026-02-25 15:55:00-05:00,26.219999313354492,26.3700008392334,26.219999313354492,26.34000015258789,106790,0.0,0.0,APPN,5m
2026-02-26 09:30:00-05:00,26.440000534057617,27.090999603271484,26.440000534057617,26.774999618530273,16682,0.0,0.0,APPN,5m
2026-02-26 09:35:00-05:00,27.010000228881836,27.040000915527344,26.625,27.040000915527344,8160,0.0,0.0,APPN,5m
2026-02-26 09:40:00-05:00,27.0625,27.3700008392334,27.0625,27.34000015258789,8171,0.0,0.0,APPN,5m
2026-02-26 09:45:00-05:00,27.209999084472656,27.415000915527344,27.15999984741211,27.415000915527344,9980,0.0,0.0,APPN,5m
2026-02-26 09:50:00-05:00,27.415000915527344,27.549999237060547,27.3700008392334,27.510000228881836,8691,0.0,0.0,APPN,5m
2026-02-26 09:55:00-05:00,27.549999237060547,27.700000762939453,27.43000030517578,27.43000030517578,16407,0.0,0.0,APPN,5m
2026-02-26 10:00:00-05:00,27.540000915527344,27.639999389648438,27.399999618530273,27.549999237060547,7063,0.0,0.0,APPN,5m
2026-02-26 10:05:00-05:00,27.540000915527344,27.6299991607666,27.43000030517578,27.540000915527344,6168,0.0,0.0,APPN,5m
2026-02-26 10:10:00-05:00,27.530000686645508,27.639999389648438,27.5,27.6299991607666,15927,0.0,0.0,APPN,5m
2026-02-26 10:15:00-05:00,27.55500030517578,27.55500030517578,27.190000534057617,27.190000534057617,5347,0.0,0.0,APPN,5m
2026-02-26 10:20:00-05:00,27.260000228881836,27.260000228881836,26.93000030517578,27.1200008392334,11181,0.0,0.0,APPN,5m
2026-02-26 10:25:00-05:00,27.110000610351562,27.110000610351562,26.870100021362305,27.100000381469727,6925,0.0,0.0,APPN,5m
2026-02-26 10:30:00-05:00,27.110000610351562,27.110000610351562,26.915000915527344,26.915000915527344,6751,0.0,0.0,APPN,5m
2026-02-26 10:35:00-05:00,26.989999771118164,27.15999984741211,26.989999771118164,27.149999618530273,11047,0.0,0.0,APPN,5m
2026-02-26 10:40:00-05:00,27.170000076293945,27.209999084472656,27.05500030517578,27.155000686645508,8060,0.0,0.0,APPN,5m
2026-02-26 10:45:00-05:00,27.200000762939453,27.260400772094727,27.104999542236328,27.260400772094727,7200,0.0,0.0,APPN,5m
2026-02-26 10:50:00-05:00,27.209999084472656,27.260000228881836,27.184999465942383,27.184999465942383,3435,0.0,0.0,APPN,5m
2026-02-26 10:55:00-05:00,27.174999237060547,27.260000228881836,27.1299991607666,27.1299991607666,7575,0.0,0.0,APPN,5m
2026-02-26 11:00:00-05:00,27.179100036621094,27.18000030517578,27.049999237060547,27.049999237060547,4013,0.0,0.0,APPN,5m
2026-02-26 11:05:00-05:00,27.049999237060547,27.170000076293945,27.049999237060547,27.15999984741211,4980,0.0,0.0,APPN,5m
2026-02-26 11:10:00-05:00,27.200000762939453,27.260000228881836,27.145000457763672,27.145000457763672,6359,0.0,0.0,APPN,5m
2026-02-26 11:15:00-05:00,27.139999389648438,27.190000534057617,26.975000381469727,26.9950008392334,3846,0.0,0.0,APPN,5m
2026-02-26 11:20:00-05:00,26.899999618530273,26.969999313354492,26.889999389648438,26.920000076293945,8109,0.0,0.0,APPN,5m
2026-02-26 11:25:00-05:00,26.920000076293945,26.959999084472656,26.854999542236328,26.854999542236328,4160,0.0,0.0,APPN,5m
2026-02-26 11:30:00-05:00,26.854999542236328,26.940000534057617,26.84000015258789,26.905000686645508,16519,0.0,0.0,APPN,5m
2026-02-26 11:35:00-05:00,26.895000457763672,26.895000457763672,26.80500030517578,26.8700008392334,4552,0.0,0.0,APPN,5m
2026-02-26 11:40:00-05:00,26.84000015258789,26.899999618530273,26.75,26.790000915527344,10491,0.0,0.0,APPN,5m
2026-02-26 11:45:00-05:00,26.780000686645508,26.860000610351562,26.780000686645508,26.829999923706055,3517,0.0,0.0,APPN,5m
2026-02-26 11:50:00-05:00,26.84000015258789,26.889999389648438,26.809999465942383,26.889999389648438,5763,0.0,0.0,APPN,5m
2026-02-26 11:55:00-05:00,26.860000610351562,26.860000610351562,26.80500030517578,26.80500030517578,3025,0.0,0.0,APPN,5m
2026-02-26 12:00:00-05:00,26.81999969482422,26.829999923706055,26.795000076293945,26.829999923706055,3331,0.0,0.0,APPN,5m
2026-02-26 12:05:00-05:00,26.850000381469727,26.850000381469727,26.780000686645508,26.809999465942383,9197,0.0,0.0,APPN,5m
2026-02-26 12:10:00-05:00,26.809999465942383,26.8700008392334,26.764999389648438,26.764999389648438,8755,0.0,0.0,APPN,5m
2026-02-26 12:15:00-05:00,26.760000228881836,26.809999465942383,26.690500259399414,26.735000610351562,8752,0.0,0.0,APPN,5m
2026-02-26 12:20:00-05:00,26.709999084472656,26.709999084472656,26.584999084472656,26.584999084472656,7127,0.0,0.0,APPN,5m
2026-02-26 12:25:00-05:00,26.59000015258789,26.649999618530273,26.549999237060547,26.600000381469727,11512,0.0,0.0,APPN,5m
2026-02-26 12:30:00-05:00,26.600000381469727,26.685199737548828,26.600000381469727,26.685199737548828,2476,0.0,0.0,APPN,5m
2026-02-26 12:35:00-05:00,26.65999984741211,26.65999984741211,26.549999237060547,26.600000381469727,4004,0.0,0.0,APPN,5m
2026-02-26 12:40:00-05:00,26.610000610351562,26.6200008392334,26.600000381469727,26.600000381469727,2679,0.0,0.0,APPN,5m
2026-02-26 12:45:00-05:00,26.610000610351562,26.690000534057617,26.610000610351562,26.65999984741211,5238,0.0,0.0,APPN,5m
2026-02-26 12:50:00-05:00,26.670000076293945,26.739999771118164,26.670000076293945,26.68000030517578,4465,0.0,0.0,APPN,5m
2026-02-26 12:55:00-05:00,26.6299991607666,26.649999618530273,26.600000381469727,26.649999618530273,3521,0.0,0.0,APPN,5m
2026-02-26 13:00:00-05:00,26.6299991607666,26.649999618530273,26.4950008392334,26.4950008392334,4297,0.0,0.0,APPN,5m
2026-02-26 13:05:00-05:00,26.520000457763672,26.520000457763672,26.399999618530273,26.43000030517578,6397,0.0,0.0,APPN,5m
2026-02-26 13:10:00-05:00,26.40999984741211,26.434999465942383,26.360000610351562,26.360000610351562,7380,0.0,0.0,APPN,5m
2026-02-26 13:15:00-05:00,26.389999389648438,26.510000228881836,26.3700008392334,26.510000228881836,6118,0.0,0.0,APPN,5m
2026-02-26 13:20:00-05:00,26.530000686645508,26.610000610351562,26.514999389648438,26.610000610351562,6334,0.0,0.0,APPN,5m
2026-02-26 13:25:00-05:00,26.6200008392334,26.649999618530273,26.55500030517578,26.55500030517578,2162,0.0,0.0,APPN,5m
2026-02-26 13:30:00-05:00,26.610000610351562,26.700000762939453,26.600000381469727,26.700000762939453,5542,0.0,0.0,APPN,5m
2026-02-26 13:35:00-05:00,26.68000030517578,26.700000762939453,26.670000076293945,26.700000762939453,1233,0.0,0.0,APPN,5m
2026-02-26 13:40:00-05:00,26.690000534057617,26.770000457763672,26.68000030517578,26.770000457763672,4589,0.0,0.0,APPN,5m
2026-02-26 13:45:00-05:00,26.780000686645508,26.80500030517578,26.760000228881836,26.774999618530273,3473,0.0,0.0,APPN,5m
2026-02-26 13:50:00-05:00,26.799999237060547,26.850000381469727,26.780000686645508,26.850000381469727,4238,0.0,0.0,APPN,5m
2026-02-26 13:55:00-05:00,26.850000381469727,26.895000457763672,26.790000915527344,26.790000915527344,6314,0.0,0.0,APPN,5m
2026-02-26 14:00:00-05:00,26.780000686645508,26.90999984741211,26.739999771118164,26.90999984741211,6260,0.0,0.0,APPN,5m
2026-02-26 14:05:00-05:00,26.915000915527344,27.00200080871582,26.915000915527344,27.00200080871582,5112,0.0,0.0,APPN,5m
2026-02-26 14:10:00-05:00,27.0049991607666,27.0049991607666,26.969999313354492,26.969999313354492,4436,0.0,0.0,APPN,5m
2026-02-26 14:15:00-05:00,26.989999771118164,27.0,26.923599243164062,26.979999542236328,11328,0.0,0.0,APPN,5m
2026-02-26 14:20:00-05:00,26.989999771118164,27.110000610351562,26.989999771118164,27.059999465942383,11309,0.0,0.0,APPN,5m
2026-02-26 14:25:00-05:00,27.06999969482422,27.079999923706055,26.979999542236328,26.979999542236328,7541,0.0,0.0,APPN,5m
2026-02-26 14:30:00-05:00,26.989999771118164,27.1299991607666,26.979999542236328,27.1299991607666,7858,0.0,0.0,APPN,5m
2026-02-26 14:35:00-05:00,27.10650062561035,27.149999618530273,27.10650062561035,27.1299991607666,4880,0.0,0.0,APPN,5m
2026-02-26 14:40:00-05:00,27.125,27.125,26.989999771118164,27.010000228881836,4525,0.0,0.0,APPN,5m
2026-02-26 14:45:00-05:00,27.010000228881836,27.059999465942383,27.0,27.05500030517578,5847,0.0,0.0,APPN,5m
2026-02-26 14:50:00-05:00,27.040000915527344,27.09000015258789,27.040000915527344,27.05500030517578,3998,0.0,0.0,APPN,5m
2026-02-26 14:55:00-05:00,27.05500030517578,27.100000381469727,26.899999618530273,26.940000534057617,13248,0.0,0.0,APPN,5m
2026-02-26 15:00:00-05:00,26.940000534057617,27.09000015258789,26.940000534057617,27.09000015258789,6936,0.0,0.0,APPN,5m
2026-02-26 15:05:00-05:00,27.09000015258789,27.09000015258789,26.93000030517578,26.93000030517578,15587,0.0,0.0,APPN,5m
2026-02-26 15:10:00-05:00,26.950000762939453,27.010000228881836,26.950000762939453,27.010000228881836,6438,0.0,0.0,APPN,5m
2026-02-26 15:15:00-05:00,27.0049991607666,27.049999237060547,26.979999542236328,26.9950008392334,9428,0.0,0.0,APPN,5m
2026-02-26 15:20:00-05:00,27.020000457763672,27.020000457763672,26.8700008392334,26.889999389648438,38015,0.0,0.0,APPN,5m
2026-02-26 15:25:00-05:00,26.889999389648438,27.020000457763672,26.889999389648438,26.969999313354492,5734,0.0,0.0,APPN,5m
2026-02-26 15:30:00-05:00,27.0,27.084999084472656,27.0,27.06999969482422,11286,0.0,0.0,APPN,5m
2026-02-26 15:35:00-05:00,27.09000015258789,27.1299991607666,27.079999923706055,27.110000610351562,8733,0.0,0.0,APPN,5m
2026-02-26 15:40:00-05:00,27.1299991607666,27.15999984741211,27.125,27.139999389648438,13958,0.0,0.0,APPN,5m
2026-02-26 15:45:00-05:00,27.139999389648438,27.27989959716797,27.139999389648438,27.276599884033203,20992,0.0,0.0,APPN,5m
2026-02-26 15:50:00-05:00,27.260000228881836,27.260000228881836,27.05500030517578,27.186599731445312,28863,0.0,0.0,APPN,5m
2026-02-26 15:55:00-05:00,27.190000534057617,27.3799991607666,27.15999984741211,27.34000015258789,152909,0.0,0.0,APPN,5m
2026-02-27 09:30:00-05:00,26.479999542236328,26.739900588989258,26.28030014038086,26.30500030517578,13286,0.0,0.0,APPN,5m
2026-02-27 09:35:00-05:00,26.30500030517578,26.33530044555664,26.020000457763672,26.139999389648438,5684,0.0,0.0,APPN,5m
2026-02-27 09:40:00-05:00,26.31999969482422,26.459999084472656,26.25,26.270000457763672,11415,0.0,0.0,APPN,5m
2026-02-27 09:45:00-05:00,26.18000030517578,26.360000610351562,26.18000030517578,26.30500030517578,12274,0.0,0.0,APPN,5m
2026-02-27 09:50:00-05:00,26.209999084472656,26.3799991607666,26.165000915527344,26.3700008392334,11297,0.0,0.0,APPN,5m
2026-02-27 09:55:00-05:00,26.3799991607666,26.385000228881836,26.173999786376953,26.31999969482422,8728,0.0,0.0,APPN,5m
2026-02-27 10:00:00-05:00,26.270000457763672,26.309999465942383,26.075000762939453,26.075000762939453,4612,0.0,0.0,APPN,5m
2026-02-27 10:05:00-05:00,26.079999923706055,26.1200008392334,25.959999084472656,26.030000686645508,9823,0.0,0.0,APPN,5m
2026-02-27 10:10:00-05:00,25.979999542236328,26.1299991607666,25.92009925842285,25.985000610351562,6082,0.0,0.0,APPN,5m
2026-02-27 10:15:00-05:00,25.934999465942383,25.940000534057617,25.829999923706055,25.900999069213867,6924,0.0,0.0,APPN,5m
2026-02-27 10:20:00-05:00,25.950000762939453,26.0,25.899999618530273,26.0,4580,0.0,0.0,APPN,5m
2026-02-27 10:25:00-05:00,25.950000762939453,25.950000762939453,25.770000457763672,25.90999984741211,3675,0.0,0.0,APPN,5m
2026-02-27 10:30:00-05:00,25.889999389648438,25.899999618530273,25.774999618530273,25.85770034790039,4248,0.0,0.0,APPN,5m
2026-02-27 10:35:00-05:00,25.940000534057617,26.170000076293945,25.940000534057617,26.139999389648438,9155,0.0,0.0,APPN,5m
2026-02-27 10:40:00-05:00,26.1200008392334,26.170000076293945,26.100000381469727,26.170000076293945,9280,0.0,0.0,APPN,5m
2026-02-27 10:45:00-05:00,26.139999389648438,26.239999771118164,26.139999389648438,26.239999771118164,9305,0.0,0.0,APPN,5m
2026-02-27 10:50:00-05:00,26.31999969482422,26.31999969482422,26.100000381469727,26.110000610351562,61506,0.0,0.0,APPN,5m
2026-02-27 10:55:00-05:00,26.100000381469727,26.229999542236328,26.09000015258789,26.229999542236328,0,0.0,0.0,APPN,5m
2026-02-27 11:00:00-05:00,26.270000457763672,26.31999969482422,26.270000457763672,26.280000686645508,7734,0.0,0.0,APPN,5m
2026-02-27 11:05:00-05:00,26.280000686645508,26.280000686645508,26.18000030517578,26.18000030517578,6447,0.0,0.0,APPN,5m
2026-02-27 11:10:00-05:00,26.209999084472656,26.299999237060547,26.170000076293945,26.21500015258789,5972,0.0,0.0,APPN,5m
2026-02-27 11:15:00-05:00,26.280000686645508,26.31999969482422,26.219999313354492,26.299999237060547,5059,0.0,0.0,APPN,5m
2026-02-27 11:20:00-05:00,26.280000686645508,26.280000686645508,26.190000534057617,26.264999389648438,4275,0.0,0.0,APPN,5m
2026-02-27 11:25:00-05:00,26.280000686645508,26.31999969482422,26.270000457763672,26.309999465942383,3648,0.0,0.0,APPN,5m
2026-02-27 11:30:00-05:00,26.295000076293945,26.420000076293945,26.280000686645508,26.389999389648438,5611,0.0,0.0,APPN,5m
2026-02-27 11:35:00-05:00,26.350000381469727,26.350000381469727,26.260000228881836,26.280000686645508,5395,0.0,0.0,APPN,5m
2026-02-27 11:40:00-05:00,26.25,26.364999771118164,26.200000762939453,26.299999237060547,8590,0.0,0.0,APPN,5m
2026-02-27 11:45:00-05:00,26.31999969482422,26.31999969482422,26.174999237060547,26.209999084472656,5976,0.0,0.0,APPN,5m
2026-02-27 11:50:00-05:00,26.200000762939453,26.274999618530273,26.200000762939453,26.219999313354492,3487,0.0,0.0,APPN,5m
2026-02-27 11:55:00-05:00,26.229999542236328,26.290000915527344,26.229999542236328,26.290000915527344,1812,0.0,0.0,APPN,5m
2026-02-27 12:00:00-05:00,26.299999237060547,26.329999923706055,26.239999771118164,26.239999771118164,4798,0.0,0.0,APPN,5m
2026-02-27 12:05:00-05:00,26.239999771118164,26.283000946044922,26.229999542236328,26.25,8769,0.0,0.0,APPN,5m
2026-02-27 12:10:00-05:00,26.209999084472656,26.21500015258789,26.114999771118164,26.15999984741211,5026,0.0,0.0,APPN,5m
2026-02-27 12:15:00-05:00,26.139999389648438,26.229999542236328,26.110000610351562,26.229999542236328,15514,0.0,0.0,APPN,5m
2026-02-27 12:20:00-05:00,26.219999313354492,26.280000686645508,26.200000762939453,26.280000686645508,5350,0.0,0.0,APPN,5m
2026-02-27 12:25:00-05:00,26.270000457763672,26.31999969482422,26.225000381469727,26.28499984741211,5505,0.0,0.0,APPN,5m
2026-02-27 12:30:00-05:00,26.270000457763672,26.31999969482422,26.260000228881836,26.299999237060547,7900,0.0,0.0,APPN,5m
2026-02-27 12:35:00-05:00,26.299999237060547,26.31999969482422,26.280000686645508,26.299999237060547,5704,0.0,0.0,APPN,5m
2026-02-27 12:40:00-05:00,26.280000686645508,26.290000915527344,26.18000030517578,26.209999084472656,7514,0.0,0.0,APPN,5m
2026-02-27 12:45:00-05:00,26.225000381469727,26.239999771118164,26.190000534057617,26.239999771118164,3894,0.0,0.0,APPN,5m
2026-02-27 12:50:00-05:00,26.229999542236328,26.290000915527344,26.229999542236328,26.274999618530273,6980,0.0,0.0,APPN,5m
2026-02-27 12:55:00-05:00,26.280000686645508,26.31999969482422,26.280000686645508,26.31999969482422,5361,0.0,0.0,APPN,5m
2026-02-27 13:00:00-05:00,26.329999923706055,26.344999313354492,26.219999313354492,26.25,12631,0.0,0.0,APPN,5m
2026-02-27 13:05:00-05:00,26.25,26.299999237060547,26.229999542236328,26.280000686645508,4693,0.0,0.0,APPN,5m
2026-02-27 13:10:00-05:00,26.260000228881836,26.280000686645508,26.260000228881836,26.264999389648438,6850,0.0,0.0,APPN,5m
2026-02-27 13:15:00-05:00,26.25,26.25,26.209999084472656,26.229999542236328,5544,0.0,0.0,APPN,5m
2026-02-27 13:20:00-05:00,26.229999542236328,26.280000686645508,26.229999542236328,26.280000686645508,7706,0.0,0.0,APPN,5m
2026-02-27 13:25:00-05:00,26.270000457763672,26.270000457763672,26.149999618530273,26.25,6708,0.0,0.0,APPN,5m
2026-02-27 13:30:00-05:00,26.25,26.280000686645508,26.219999313354492,26.280000686645508,10733,0.0,0.0,APPN,5m
2026-02-27 13:35:00-05:00,26.260000228881836,26.280000686645508,26.25,26.260000228881836,2984,0.0,0.0,APPN,5m
2026-02-27 13:40:00-05:00,26.239999771118164,26.280000686645508,26.200000762939453,26.25,4634,0.0,0.0,APPN,5m
2026-02-27 13:45:00-05:00,26.260000228881836,26.270000457763672,26.239999771118164,26.239999771118164,5035,0.0,0.0,APPN,5m
2026-02-27 13:50:00-05:00,26.25,26.280000686645508,26.204999923706055,26.280000686645508,8256,0.0,0.0,APPN,5m
2026-02-27 13:55:00-05:00,26.270000457763672,26.270000457763672,26.209999084472656,26.25,3728,0.0,0.0,APPN,5m
2026-02-27 14:00:00-05:00,26.260000228881836,26.270000457763672,26.225000381469727,26.25,4531,0.0,0.0,APPN,5m
2026-02-27 14:05:00-05:00,26.25,26.260000228881836,26.239999771118164,26.239999771118164,7705,0.0,0.0,APPN,5m
2026-02-27 14:10:00-05:00,26.19499969482422,26.239999771118164,26.149999618530273,26.149999618530273,5481,0.0,0.0,APPN,5m
2026-02-27 14:15:00-05:00,26.149999618530273,26.200000762939453,26.145000457763672,26.200000762939453,4938,0.0,0.0,APPN,5m
2026-02-27 14:20:00-05:00,26.190000534057617,26.270000457763672,26.190000534057617,26.270000457763672,3435,0.0,0.0,APPN,5m
2026-02-27 14:25:00-05:00,26.280000686645508,26.325000762939453,26.219999313354492,26.239999771118164,14601,0.0,0.0,APPN,5m
2026-02-27 14:30:00-05:00,26.2549991607666,26.290000915527344,26.25,26.290000915527344,3533,0.0,0.0,APPN,5m
2026-02-27 14:35:00-05:00,26.290000915527344,26.31999969482422,26.260000228881836,26.31999969482422,6808,0.0,0.0,APPN,5m
2026-02-27 14:40:00-05:00,26.309999465942383,26.399999618530273,26.309999465942383,26.360000610351562,10245,0.0,0.0,APPN,5m
2026-02-27 14:45:00-05:00,26.360000610351562,26.40999984741211,26.360000610351562,26.3700008392334,5254,0.0,0.0,APPN,5m
2026-02-27 14:50:00-05:00,26.375,26.420000076293945,26.344999313354492,26.40999984741211,5533,0.0,0.0,APPN,5m
2026-02-27 14:55:00-05:00,26.43000030517578,26.459999084472656,26.40999984741211,26.4325008392334,283540,0.0,0.0,APPN,5m
2026-02-27 15:00:00-05:00,26.420000076293945,26.5,26.420000076293945,26.479999542236328,0,0.0,0.0,APPN,5m
2026-02-27 15:05:00-05:00,26.440000534057617,26.440000534057617,26.40999984741211,26.43000030517578,5003,0.0,0.0,APPN,5m
2026-02-27 15:10:00-05:00,26.43000030517578,26.440000534057617,26.40999984741211,26.440000534057617,7382,0.0,0.0,APPN,5m
2026-02-27 15:15:00-05:00,26.450000762939453,26.5,26.450000762939453,26.5,6233,0.0,0.0,APPN,5m
2026-02-27 15:20:00-05:00,26.5,26.549999237060547,26.469999313354492,26.549999237060547,14833,0.0,0.0,APPN,5m
2026-02-27 15:25:00-05:00,26.530000686645508,26.549999237060547,26.5049991607666,26.5049991607666,6624,0.0,0.0,APPN,5m
2026-02-27 15:30:00-05:00,26.5049991607666,26.5049991607666,26.440000534057617,26.45009994506836,10899,0.0,0.0,APPN,5m
2026-02-27 15:35:00-05:00,26.459999084472656,26.475000381469727,26.399999618530273,26.459999084472656,12521,0.0,0.0,APPN,5m
2026-02-27 15:40:00-05:00,26.44499969482422,26.520000457763672,26.44499969482422,26.520000457763672,12428,0.0,0.0,APPN,5m
2026-02-27 15:45:00-05:00,26.530000686645508,26.684999465942383,26.530000686645508,26.645000457763672,46719,0.0,0.0,APPN,5m
2026-02-27 15:50:00-05:00,26.575000762939453,26.670000076293945,26.575000762939453,26.6200008392334,32462,0.0,0.0,APPN,5m
2026-02-27 15:55:00-05:00,26.639999389648438,26.729999542236328,26.610000610351562,26.670000076293945,102933,0.0,0.0,APPN,5m
2026-03-02 09:30:00-05:00,25.899999618530273,26.6200008392334,25.899999618530273,26.479999542236328,39462,0.0,0.0,APPN,5m
2026-03-02 09:35:00-05:00,26.690000534057617,26.93000030517578,26.690000534057617,26.887500762939453,3720,0.0,0.0,APPN,5m
2026-03-02 09:40:00-05:00,26.979999542236328,27.08989906311035,26.844999313354492,27.0,3966,0.0,0.0,APPN,5m
2026-03-02 09:45:00-05:00,26.829999923706055,26.829999923706055,26.53499984741211,26.5625,8547,0.0,0.0,APPN,5m
2026-03-02 09:50:00-05:00,26.75,26.829999923706055,26.5,26.579999923706055,24158,0.0,0.0,APPN,5m
2026-03-02 09:55:00-05:00,26.700000762939453,26.84000015258789,26.690000534057617,26.829999923706055,2260,0.0,0.0,APPN,5m
2026-03-02 10:00:00-05:00,26.850000381469727,26.850000381469727,26.690000534057617,26.690000534057617,3465,0.0,0.0,APPN,5m
2026-03-02 10:05:00-05:00,26.809999465942383,26.809999465942383,26.579999923706055,26.59000015258789,1734,0.0,0.0,APPN,5m
2026-03-02 10:10:00-05:00,26.6200008392334,26.8799991607666,26.56999969482422,26.68000030517578,4703,0.0,0.0,APPN,5m
2026-03-02 10:15:00-05:00,26.75,26.915000915527344,26.618999481201172,26.618999481201172,6890,0.0,0.0,APPN,5m
2026-03-02 10:20:00-05:00,26.704999923706055,26.8799991607666,26.684999465942383,26.790000915527344,6397,0.0,0.0,APPN,5m
2026-03-02 10:25:00-05:00,26.84000015258789,26.889999389648438,26.600000381469727,26.61009979248047,6491,0.0,0.0,APPN,5m
2026-03-02 10:30:00-05:00,26.809999465942383,26.809999465942383,26.520000457763672,26.520000457763672,6772,0.0,0.0,APPN,5m
2026-03-02 10:35:00-05:00,26.59000015258789,26.600000381469727,26.5049991607666,26.5049991607666,3411,0.0,0.0,APPN,5m
2026-03-02 10:40:00-05:00,26.440000534057617,26.530000686645508,26.440000534057617,26.510000228881836,3090,0.0,0.0,APPN,5m
2026-03-02 10:45:00-05:00,26.5,26.530000686645508,26.350000381469727,26.350000381469727,2586,0.0,0.0,APPN,5m
2026-03-02 10:50:00-05:00,26.40999984741211,26.420000076293945,26.40999984741211,26.420000076293945,1385,0.0,0.0,APPN,5m
2026-03-02 10:55:00-05:00,26.3700008392334,26.55500030517578,26.334999084472656,26.55500030517578,4075,0.0,0.0,APPN,5m
2026-03-02 11:00:00-05:00,26.520000457763672,26.540000915527344,26.405000686645508,26.46500015258789,3571,0.0,0.0,APPN,5m
2026-03-02 11:05:00-05:00,26.440000534057617,26.459999084472656,26.41990089416504,26.459999084472656,3770,0.0,0.0,APPN,5m
2026-03-02 11:10:00-05:00,26.451099395751953,26.451099395751953,26.36009979248047,26.40999984741211,3469,0.0,0.0,APPN,5m
2026-03-02 11:15:00-05:00,26.399999618530273,26.399999618530273,26.28190040588379,26.28190040588379,2552,0.0,0.0,APPN,5m
2026-03-02 11:20:00-05:00,26.25,26.364999771118164,26.25,26.31999969482422,6654,0.0,0.0,APPN,5m
2026-03-02 11:25:00-05:00,26.31999969482422,26.350000381469727,26.299999237060547,26.299999237060547,1446,0.0,0.0,APPN,5m
2026-03-02 11:30:00-05:00,26.290000915527344,26.360000610351562,26.290000915527344,26.34000015258789,58762,0.0,0.0,APPN,5m
2026-03-02 11:35:00-05:00,26.309999465942383,26.360000610351562,26.309999465942383,26.354999542236328,0,0.0,0.0,APPN,5m
2026-03-02 11:40:00-05:00,26.354999542236328,26.440000534057617,26.354999542236328,26.43000030517578,6600,0.0,0.0,APPN,5m
2026-03-02 11:45:00-05:00,26.415000915527344,26.415000915527344,26.34000015258789,26.375,4072,0.0,0.0,APPN,5m
2026-03-02 11:50:00-05:00,26.399999618530273,26.520000457763672,26.399999618530273,26.450000762939453,5456,0.0,0.0,APPN,5m
2026-03-02 11:55:00-05:00,26.420000076293945,26.479999542236328,26.40999984741211,26.479999542236328,4436,0.0,0.0,APPN,5m
2026-03-02 12:00:00-05:00,26.434999465942383,26.434999465942383,26.350000381469727,26.350000381469727,1064,0.0,0.0,APPN,5m
2026-03-02 12:05:00-05:00,26.389999389648438,26.389999389648438,26.315000534057617,26.350000381469727,1948,0.0,0.0,APPN,5m
2026-03-02 12:10:00-05:00,26.3700008392334,26.3799991607666,26.290000915527344,26.290000915527344,1835,0.0,0.0,APPN,5m
2026-03-02 12:15:00-05:00,26.329999923706055,26.360000610351562,26.309999465942383,26.31999969482422,2411,0.0,0.0,APPN,5m
2026-03-02 12:20:00-05:00,26.329999923706055,26.350000381469727,26.299999237060547,26.350000381469727,4182,0.0,0.0,APPN,5m
2026-03-02 12:25:00-05:00,26.34000015258789,26.3799991607666,26.34000015258789,26.364999771118164,2734,0.0,0.0,APPN,5m
2026-03-02 12:30:00-05:00,26.329999923706055,26.399999618530273,26.329999923706055,26.399999618530273,2441,0.0,0.0,APPN,5m
2026-03-02 12:35:00-05:00,26.3799991607666,26.440000534057617,26.3700008392334,26.43000030517578,5006,0.0,0.0,APPN,5m
2026-03-02 12:40:00-05:00,26.399999618530273,26.479999542236328,26.399999618530273,26.479999542236328,2661,0.0,0.0,APPN,5m
2026-03-02 12:45:00-05:00,26.510000228881836,26.56999969482422,26.510000228881836,26.565000534057617,1933,0.0,0.0,APPN,5m
2026-03-02 12:50:00-05:00,26.540000915527344,26.59000015258789,26.539899826049805,26.56800079345703,3138,0.0,0.0,APPN,5m
2026-03-02 12:55:00-05:00,26.530000686645508,26.549999237060547,26.510000228881836,26.540000915527344,2604,0.0,0.0,APPN,5m
2026-03-02 13:00:00-05:00,26.549999237060547,26.549999237060547,26.514999389648438,26.514999389648438,1565,0.0,0.0,APPN,5m
2026-03-02 13:05:00-05:00,26.5093994140625,26.584999084472656,26.5093994140625,26.520000457763672,4426,0.0,0.0,APPN,5m
2026-03-02 13:10:00-05:00,26.520000457763672,26.549999237060547,26.5049991607666,26.530000686645508,1586,0.0,0.0,APPN,5m
2026-03-02 13:15:00-05:00,26.540000915527344,26.579999923706055,26.530000686645508,26.549999237060547,2849,0.0,0.0,APPN,5m
2026-03-02 13:20:00-05:00,26.530000686645508,26.559999465942383,26.520000457763672,26.559999465942383,1231,0.0,0.0,APPN,5m
2026-03-02 13:25:00-05:00,26.55500030517578,26.559999465942383,26.540000915527344,26.559999465942383,1402,0.0,0.0,APPN,5m
2026-03-02 13:30:00-05:00,26.558500289916992,26.600000381469727,26.510000228881836,26.600000381469727,3615,0.0,0.0,APPN,5m
2026-03-02 13:35:00-05:00,26.579999923706055,26.59000015258789,26.559999465942383,26.559999465942383,1710,0.0,0.0,APPN,5m
2026-03-02 13:40:00-05:00,26.549999237060547,26.549999237060547,26.4950008392334,26.530000686645508,2771,0.0,0.0,APPN,5m
2026-03-02 13:45:00-05:00,26.5,26.514999389648438,26.5,26.5,871,0.0,0.0,APPN,5m
2026-03-02 13:50:00-05:00,26.489999771118164,26.489999771118164,26.3799991607666,26.3799991607666,4726,0.0,0.0,APPN,5m
2026-03-02 13:55:00-05:00,26.40999984741211,26.420000076293945,26.3799991607666,26.3799991607666,1584,0.0,0.0,APPN,5m
2026-03-02 14:00:00-05:00,26.43000030517578,26.440000534057617,26.399999618530273,26.424999237060547,5060,0.0,0.0,APPN,5m
2026-03-02 14:05:00-05:00,26.450000762939453,26.479999542236328,26.434999465942383,26.479999542236328,1759,0.0,0.0,APPN,5m
2026-03-02 14:10:00-05:00,26.5,26.600000381469727,26.4950008392334,26.579999923706055,3019,0.0,0.0,APPN,5m
2026-03-02 14:15:00-05:00,26.6200008392334,26.649999618530273,26.610000610351562,26.610000610351562,3554,0.0,0.0,APPN,5m
2026-03-02 14:20:00-05:00,26.6200008392334,26.639999389648438,26.489999771118164,26.540000915527344,5925,0.0,0.0,APPN,5m
2026-03-02 14:25:00-05:00,26.549999237060547,26.610000610351562,26.549999237060547,26.610000610351562,2345,0.0,0.0,APPN,5m
2026-03-02 14:30:00-05:00,26.600000381469727,26.600000381469727,26.489999771118164,26.489999771118164,2376,0.0,0.0,APPN,5m
2026-03-02 14:35:00-05:00,26.575000762939453,26.59000015258789,26.56999969482422,26.56999969482422,2584,0.0,0.0,APPN,5m
2026-03-02 14:40:00-05:00,26.545000076293945,26.545000076293945,26.53499984741211,26.53499984741211,1319,0.0,0.0,APPN,5m
2026-03-02 14:45:00-05:00,26.56999969482422,26.610000610351562,26.56999969482422,26.610000610351562,2435,0.0,0.0,APPN,5m
2026-03-02 14:50:00-05:00,26.6200008392334,26.639999389648438,26.59000015258789,26.639999389648438,7437,0.0,0.0,APPN,5m
2026-03-02 14:55:00-05:00,26.6200008392334,26.68000030517578,26.59000015258789,26.649999618530273,8496,0.0,0.0,APPN,5m
2026-03-02 15:00:00-05:00,26.649999618530273,26.649999618530273,26.649999618530273,26.649999618530273,138204,0.0,0.0,APPN,5m
2026-03-02 15:05:00-05:00,26.6299991607666,26.6299991607666,26.459999084472656,26.510000228881836,15161,0.0,0.0,APPN,5m
2026-03-02 15:10:00-05:00,26.510000228881836,26.549999237060547,26.5,26.532499313354492,10253,0.0,0.0,APPN,5m
2026-03-02 15:15:00-05:00,26.507400512695312,26.610000610351562,26.492399215698242,26.549999237060547,7729,0.0,0.0,APPN,5m
2026-03-02 15:20:00-05:00,26.530000686645508,26.530000686645508,26.520000457763672,26.520000457763672,3189,0.0,0.0,APPN,5m
2026-03-02 15:25:00-05:00,26.489999771118164,26.489999771118164,26.450000762939453,26.450000762939453,1401,0.0,0.0,APPN,5m
2026-03-02 15:30:00-05:00,26.450000762939453,26.478500366210938,26.40999984741211,26.440000534057617,6352,0.0,0.0,APPN,5m
2026-03-02 15:35:00-05:00,26.469999313354492,26.469999313354492,26.399999618530273,26.399999618530273,15261,0.0,0.0,APPN,5m
2026-03-02 15:40:00-05:00,26.40999984741211,26.43000030517578,26.360000610351562,26.40999984741211,7209,0.0,0.0,APPN,5m
2026-03-02 15:45:00-05:00,26.40999984741211,26.440000534057617,26.399999618530273,26.420000076293945,9722,0.0,0.0,APPN,5m
2026-03-02 15:50:00-05:00,26.40999984741211,26.46500015258789,26.375,26.3799991607666,44945,0.0,0.0,APPN,5m
2026-03-02 15:55:00-05:00,26.360000610351562,26.459999084472656,26.360000610351562,26.399999618530273,86035,0.0,0.0,APPN,5m
2026-03-03 09:30:00-05:00,25.940000534057617,26.385000228881836,25.940000534057617,26.385000228881836,16699,0.0,0.0,APPN,5m
2026-03-03 09:35:00-05:00,26.360000610351562,26.375,25.8799991607666,25.924999237060547,25143,0.0,0.0,APPN,5m
2026-03-03 09:40:00-05:00,25.860000610351562,26.19499969482422,25.850000381469727,26.155000686645508,11451,0.0,0.0,APPN,5m
2026-03-03 09:45:00-05:00,26.15999984741211,26.295000076293945,26.084999084472656,26.084999084472656,11941,0.0,0.0,APPN,5m
2026-03-03 09:50:00-05:00,26.094999313354492,26.209999084472656,26.094999313354492,26.209999084472656,3996,0.0,0.0,APPN,5m
2026-03-03 09:55:00-05:00,26.15999984741211,26.299999237060547,26.149999618530273,26.219999313354492,7305,0.0,0.0,APPN,5m
2026-03-03 10:00:00-05:00,26.204999923706055,26.280000686645508,25.959999084472656,25.959999084472656,4311,0.0,0.0,APPN,5m
2026-03-03 10:05:00-05:00,25.950000762939453,25.989999771118164,25.93000030517578,25.93000030517578,4729,0.0,0.0,APPN,5m
2026-03-03 10:10:00-05:00,26.030000686645508,26.110000610351562,25.96500015258789,26.049999237060547,7653,0.0,0.0,APPN,5m
2026-03-03 10:15:00-05:00,26.030000686645508,26.18000030517578,26.010000228881836,26.030000686645508,11038,0.0,0.0,APPN,5m
2026-03-03 10:20:00-05:00,25.950000762939453,25.989999771118164,25.8799991607666,25.950000762939453,5648,0.0,0.0,APPN,5m
2026-03-03 10:25:00-05:00,25.920000076293945,26.020000457763672,25.90999984741211,26.020000457763672,5474,0.0,0.0,APPN,5m
2026-03-03 10:30:00-05:00,26.09000015258789,26.09000015258789,26.079999923706055,26.079999923706055,2283,0.0,0.0,APPN,5m
2026-03-03 10:35:00-05:00,26.110000610351562,26.309999465942383,26.030000686645508,26.309999465942383,4498,0.0,0.0,APPN,5m
2026-03-03 10:40:00-05:00,26.329999923706055,26.43000030517578,26.209999084472656,26.280000686645508,13911,0.0,0.0,APPN,5m
2026-03-03 10:45:00-05:00,26.229999542236328,26.350000381469727,26.200000762939453,26.290000915527344,14834,0.0,0.0,APPN,5m
2026-03-03 10:50:00-05:00,26.219999313354492,26.329999923706055,26.209999084472656,26.209999084472656,3936,0.0,0.0,APPN,5m
2026-03-03 10:55:00-05:00,26.209999084472656,26.280000686645508,26.209999084472656,26.270000457763672,2602,0.0,0.0,APPN,5m
2026-03-03 11:00:00-05:00,26.25,26.360000610351562,26.239999771118164,26.360000610351562,6529,0.0,0.0,APPN,5m
2026-03-03 11:05:00-05:00,26.3799991607666,26.395000457763672,26.299999237060547,26.389999389648438,6725,0.0,0.0,APPN,5m
2026-03-03 11:10:00-05:00,26.360000610351562,26.440000534057617,26.305299758911133,26.420000076293945,8267,0.0,0.0,APPN,5m
2026-03-03 11:15:00-05:00,26.415000915527344,26.469999313354492,26.350000381469727,26.40999984741211,5858,0.0,0.0,APPN,5m
2026-03-03 11:20:00-05:00,26.469999313354492,26.639999389648438,26.469999313354492,26.639999389648438,5885,0.0,0.0,APPN,5m
2026-03-03 11:25:00-05:00,26.6299991607666,26.6299991607666,26.530000686645508,26.56999969482422,14894,0.0,0.0,APPN,5m
2026-03-03 11:30:00-05:00,26.549999237060547,26.6200008392334,26.549999237060547,26.56999969482422,5426,0.0,0.0,APPN,5m
2026-03-03 11:35:00-05:00,26.579999923706055,26.610000610351562,26.530000686645508,26.559999465942383,4068,0.0,0.0,APPN,5m
2026-03-03 11:40:00-05:00,26.579999923706055,26.659900665283203,26.559999465942383,26.639999389648438,5707,0.0,0.0,APPN,5m
2026-03-03 11:45:00-05:00,26.700000762939453,26.701099395751953,26.639999389648438,26.639999389648438,3421,0.0,0.0,APPN,5m
2026-03-03 11:50:00-05:00,26.649999618530273,26.729999542236328,26.639999389648438,26.65999984741211,3370,0.0,0.0,APPN,5m
2026-03-03 11:55:00-05:00,26.610000610351562,26.6299991607666,26.579999923706055,26.6299991607666,2677,0.0,0.0,APPN,5m
2026-03-03 12:00:00-05:00,26.635000228881836,26.65999984741211,26.559999465942383,26.65999984741211,6134,0.0,0.0,APPN,5m
2026-03-03 12:05:00-05:00,26.67060089111328,26.719999313354492,26.600000381469727,26.600000381469727,10658,0.0,0.0,APPN,5m
2026-03-03 12:10:00-05:00,26.625,26.639999389648438,26.59000015258789,26.59000015258789,3737,0.0,0.0,APPN,5m
2026-03-03 12:15:00-05:00,26.56999969482422,26.6200008392334,26.56999969482422,26.6200008392334,2985,0.0,0.0,APPN,5m
2026-03-03 12:20:00-05:00,26.59000015258789,26.610000610351562,26.540000915527344,26.594999313354492,5593,0.0,0.0,APPN,5m
2026-03-03 12:25:00-05:00,26.649999618530273,26.700000762939453,26.6299991607666,26.65999984741211,7444,0.0,0.0,APPN,5m
2026-03-03 12:30:00-05:00,26.700000762939453,26.709999084472656,26.65999984741211,26.670000076293945,7901,0.0,0.0,APPN,5m
2026-03-03 12:35:00-05:00,26.6299991607666,26.690000534057617,26.6299991607666,26.665000915527344,3781,0.0,0.0,APPN,5m
2026-03-03 12:40:00-05:00,26.6299991607666,26.65999984741211,26.625,26.655000686645508,2521,0.0,0.0,APPN,5m
2026-03-03 12:45:00-05:00,26.670000076293945,26.700000762939453,26.610000610351562,26.645000457763672,4824,0.0,0.0,APPN,5m
2026-03-03 12:50:00-05:00,26.645000457763672,26.780000686645508,26.645000457763672,26.760000228881836,7077,0.0,0.0,APPN,5m
2026-03-03 12:55:00-05:00,26.799999237060547,26.799999237060547,26.764999389648438,26.799999237060547,4379,0.0,0.0,APPN,5m
2026-03-03 13:00:00-05:00,26.81999969482422,26.8700008392334,26.81999969482422,26.825000762939453,5445,0.0,0.0,APPN,5m
2026-03-03 13:05:00-05:00,26.799999237060547,26.959999084472656,26.799999237060547,26.915000915527344,16981,0.0,0.0,APPN,5m
2026-03-03 13:10:00-05:00,26.959999084472656,26.959999084472656,26.8700008392334,26.90999984741211,18257,0.0,0.0,APPN,5m
2026-03-03 13:15:00-05:00,26.950000762939453,27.0,26.940000534057617,26.940000534057617,14988,0.0,0.0,APPN,5m
2026-03-03 13:20:00-05:00,26.940000534057617,27.010000228881836,26.93000030517578,26.985000610351562,9421,0.0,0.0,APPN,5m
2026-03-03 13:25:00-05:00,26.96139907836914,27.079999923706055,26.959999084472656,27.06999969482422,7024,0.0,0.0,APPN,5m
2026-03-03 13:30:00-05:00,27.09000015258789,27.3700008392334,27.06999969482422,27.326000213623047,20446,0.0,0.0,APPN,5m
2026-03-03 13:35:00-05:00,27.280000686645508,27.350000381469727,27.25,27.25,5082,0.0,0.0,APPN,5m
2026-03-03 13:40:00-05:00,27.25,27.260000228881836,27.139999389648438,27.18000030517578,6156,0.0,0.0,APPN,5m
2026-03-03 13:45:00-05:00,27.184999465942383,27.260000228881836,27.184999465942383,27.25,3353,0.0,0.0,APPN,5m
2026-03-03 13:50:00-05:00,27.229999542236328,27.280000686645508,27.207000732421875,27.280000686645508,9552,0.0,0.0,APPN,5m
2026-03-03 13:55:00-05:00,27.299999237060547,27.389999389648438,27.290000915527344,27.389999389648438,4555,0.0,0.0,APPN,5m
2026-03-03 14:00:00-05:00,27.385000228881836,27.389999389648438,27.360000610351562,27.3799991607666,2706,0.0,0.0,APPN,5m
2026-03-03 14:05:00-05:00,27.3700008392334,27.374500274658203,27.209999084472656,27.237499237060547,7343,0.0,0.0,APPN,5m
2026-03-03 14:10:00-05:00,27.209999084472656,27.290000915527344,27.204999923706055,27.290000915527344,7044,0.0,0.0,APPN,5m
2026-03-03 14:15:00-05:00,27.28499984741211,27.344999313354492,27.28499984741211,27.31999969482422,6037,0.0,0.0,APPN,5m
2026-03-03 14:20:00-05:00,27.31999969482422,27.420000076293945,27.31999969482422,27.420000076293945,13311,0.0,0.0,APPN,5m
2026-03-03 14:25:00-05:00,27.40999984741211,27.40999984741211,27.139999389648438,27.200000762939453,17798,0.0,0.0,APPN,5m
2026-03-03 14:30:00-05:00,27.209999084472656,27.25,27.139999389648438,27.149999618530273,8770,0.0,0.0,APPN,5m
2026-03-03 14:35:00-05:00,27.15999984741211,27.170000076293945,27.1299991607666,27.1299991607666,6630,0.0,0.0,APPN,5m
2026-03-03 14:40:00-05:00,27.155000686645508,27.155000686645508,27.030099868774414,27.110000610351562,6661,0.0,0.0,APPN,5m
2026-03-03 14:45:00-05:00,27.1200008392334,27.174999237060547,27.1200008392334,27.139999389648438,7643,0.0,0.0,APPN,5m
2026-03-03 14:50:00-05:00,27.1200008392334,27.219999313354492,27.110000610351562,27.1299991607666,7304,0.0,0.0,APPN,5m
2026-03-03 14:55:00-05:00,27.09000015258789,27.177000045776367,27.06999969482422,27.177000045776367,10005,0.0,0.0,APPN,5m
2026-03-03 15:00:00-05:00,27.200000762939453,27.200000762939453,27.139999389648438,27.190000534057617,6477,0.0,0.0,APPN,5m
2026-03-03 15:05:00-05:00,27.190000534057617,27.260000228881836,27.135000228881836,27.15999984741211,17888,0.0,0.0,APPN,5m
2026-03-03 15:10:00-05:00,27.1200008392334,27.1200008392334,27.059999465942383,27.100000381469727,6837,0.0,0.0,APPN,5m
2026-03-03 15:15:00-05:00,27.06999969482422,27.06999969482422,26.9950008392334,26.9950008392334,6740,0.0,0.0,APPN,5m
2026-03-03 15:20:00-05:00,27.0,27.0,26.94499969482422,26.979999542236328,5623,0.0,0.0,APPN,5m
2026-03-03 15:25:00-05:00,26.979999542236328,27.0,26.969999313354492,26.989999771118164,6359,0.0,0.0,APPN,5m
2026-03-03 15:30:00-05:00,27.010000228881836,27.010000228881836,26.959999084472656,26.985000610351562,8178,0.0,0.0,APPN,5m
2026-03-03 15:35:00-05:00,26.959999084472656,26.979999542236328,26.920000076293945,26.969999313354492,12885,0.0,0.0,APPN,5m
2026-03-03 15:40:00-05:00,26.989999771118164,27.010000228881836,26.969999313354492,27.0,15375,0.0,0.0,APPN,5m
2026-03-03 15:45:00-05:00,27.010000228881836,27.049999237060547,27.006799697875977,27.040000915527344,14728,0.0,0.0,APPN,5m
2026-03-03 15:50:00-05:00,27.020000457763672,27.020000457763672,26.90999984741211,26.959999084472656,30693,0.0,0.0,APPN,5m
2026-03-03 15:55:00-05:00,26.969999313354492,26.979999542236328,26.8799991607666,26.90999984741211,106111,0.0,0.0,APPN,5m
2026-03-04 09:30:00-05:00,26.520000457763672,26.700000762939453,26.399999618530273,26.594999313354492,16799,0.0,0.0,APPN,5m
2026-03-04 09:35:00-05:00,26.594999313354492,26.690000534057617,26.510000228881836,26.565000534057617,2692,0.0,0.0,APPN,5m
2026-03-04 09:40:00-05:00,26.540000915527344,26.540000915527344,26.40999984741211,26.41010093688965,2378,0.0,0.0,APPN,5m
2026-03-04 09:45:00-05:00,26.450000762939453,26.709999084472656,26.389999389648438,26.65999984741211,9115,0.0,0.0,APPN,5m
2026-03-04 09:50:00-05:00,26.68000030517578,26.889999389648438,26.545000076293945,26.864999771118164,5041,0.0,0.0,APPN,5m
2026-03-04 09:55:00-05:00,26.84000015258789,26.899999618530273,26.764999389648438,26.8700008392334,3724,0.0,0.0,APPN,5m
2026-03-04 10:00:00-05:00,26.959999084472656,27.010000228881836,26.770000457763672,26.8799991607666,9447,0.0,0.0,APPN,5m
2026-03-04 10:05:00-05:00,26.90999984741211,26.979999542236328,26.684999465942383,26.780000686645508,11429,0.0,0.0,APPN,5m
2026-03-04 10:10:00-05:00,26.735000610351562,26.90999984741211,26.700000762939453,26.71500015258789,9598,0.0,0.0,APPN,5m
2026-03-04 10:15:00-05:00,26.690000534057617,26.75,26.59000015258789,26.649999618530273,10799,0.0,0.0,APPN,5m
2026-03-04 10:20:00-05:00,26.594999313354492,26.725000381469727,26.59000015258789,26.68000030517578,6886,0.0,0.0,APPN,5m
2026-03-04 10:25:00-05:00,26.690000534057617,26.69499969482422,26.489999771118164,26.549999237060547,4134,0.0,0.0,APPN,5m
2026-03-04 10:30:00-05:00,26.600000381469727,26.6200008392334,26.530000686645508,26.559999465942383,6234,0.0,0.0,APPN,5m
2026-03-04 10:35:00-05:00,26.43000030517578,26.579999923706055,26.43000030517578,26.559999465942383,5665,0.0,0.0,APPN,5m
2026-03-04 10:40:00-05:00,26.549999237060547,26.549999237060547,26.385000228881836,26.469999313354492,5345,0.0,0.0,APPN,5m
2026-03-04 10:45:00-05:00,26.469999313354492,26.690000534057617,26.459999084472656,26.65999984741211,11662,0.0,0.0,APPN,5m
2026-03-04 10:50:00-05:00,26.649999618530273,26.700000762939453,26.642499923706055,26.68000030517578,5211,0.0,0.0,APPN,5m
2026-03-04 10:55:00-05:00,26.68000030517578,26.774999618530273,26.68000030517578,26.760000228881836,6924,0.0,0.0,APPN,5m
2026-03-04 11:00:00-05:00,26.770000457763672,26.799999237060547,26.700000762939453,26.780000686645508,7968,0.0,0.0,APPN,5m
2026-03-04 11:05:00-05:00,26.760000228881836,26.80500030517578,26.75,26.80500030517578,6744,0.0,0.0,APPN,5m
2026-03-04 11:10:00-05:00,26.780099868774414,26.8799991607666,26.770000457763672,26.788799285888672,6797,0.0,0.0,APPN,5m
2026-03-04 11:15:00-05:00,26.81999969482422,26.8700008392334,26.809999465942383,26.860000610351562,5258,0.0,0.0,APPN,5m
2026-03-04 11:20:00-05:00,26.895000457763672,26.934999465942383,26.850000381469727,26.864999771118164,7923,0.0,0.0,APPN,5m
2026-03-04 11:25:00-05:00,26.799999237060547,26.850000381469727,26.795000076293945,26.844999313354492,4217,0.0,0.0,APPN,5m
2026-03-04 11:30:00-05:00,26.8799991607666,26.8799991607666,26.774999618530273,26.834999084472656,5102,0.0,0.0,APPN,5m
2026-03-04 11:35:00-05:00,26.809999465942383,26.81999969482422,26.790000915527344,26.81999969482422,17310,0.0,0.0,APPN,5m
2026-03-04 11:40:00-05:00,26.799999237060547,26.858699798583984,26.790000915527344,26.795000076293945,8292,0.0,0.0,APPN,5m
2026-03-04 11:45:00-05:00,26.799999237060547,26.860000610351562,26.799999237060547,26.860000610351562,4626,0.0,0.0,APPN,5m
2026-03-04 11:50:00-05:00,26.860000610351562,26.899999618530273,26.858800888061523,26.889999389648438,2776,0.0,0.0,APPN,5m
2026-03-04 11:55:00-05:00,26.8700008392334,26.8700008392334,26.795000076293945,26.81999969482422,6358,0.0,0.0,APPN,5m
2026-03-04 12:00:00-05:00,26.84000015258789,26.84000015258789,26.780000686645508,26.809999465942383,5775,0.0,0.0,APPN,5m
2026-03-04 12:05:00-05:00,26.799999237060547,26.81999969482422,26.760000228881836,26.809999465942383,2767,0.0,0.0,APPN,5m
2026-03-04 12:10:00-05:00,26.799999237060547,26.809999465942383,26.787500381469727,26.790000915527344,2899,0.0,0.0,APPN,5m
2026-03-04 12:15:00-05:00,26.81999969482422,26.829999923706055,26.799999237060547,26.829999923706055,3482,0.0,0.0,APPN,5m
2026-03-04 12:20:00-05:00,26.850000381469727,26.872499465942383,26.829999923706055,26.829999923706055,5762,0.0,0.0,APPN,5m
2026-03-04 12:25:00-05:00,26.899999618530273,26.93000030517578,26.834999084472656,26.854000091552734,16648,0.0,0.0,APPN,5m
2026-03-04 12:30:00-05:00,26.84000015258789,26.84000015258789,26.84000015258789,26.84000015258789,1077,0.0,0.0,APPN,5m
2026-03-04 12:35:00-05:00,26.834999084472656,26.84000015258789,26.799999237060547,26.84000015258789,4735,0.0,0.0,APPN,5m
2026-03-04 12:40:00-05:00,26.860000610351562,26.860000610351562,26.850000381469727,26.850000381469727,2561,0.0,0.0,APPN,5m
2026-03-04 12:45:00-05:00,26.878799438476562,26.8799991607666,26.878799438476562,26.8799991607666,1635,0.0,0.0,APPN,5m
2026-03-04 12:50:00-05:00,26.889999389648438,26.889999389648438,26.84000015258789,26.860000610351562,4333,0.0,0.0,APPN,5m
2026-03-04 12:55:00-05:00,26.860000610351562,26.899999618530273,26.860000610351562,26.899999618530273,5720,0.0,0.0,APPN,5m
2026-03-04 13:00:00-05:00,26.90999984741211,27.0,26.81999969482422,26.84000015258789,22886,0.0,0.0,APPN,5m
2026-03-04 13:05:00-05:00,26.889999389648438,26.920000076293945,26.889999389648438,26.920000076293945,1172,0.0,0.0,APPN,5m
2026-03-04 13:10:00-05:00,26.899999618530273,27.0,26.899999618530273,26.959999084472656,7768,0.0,0.0,APPN,5m
2026-03-04 13:15:00-05:00,26.94499969482422,26.94499969482422,26.90999984741211,26.90999984741211,1067,0.0,0.0,APPN,5m
2026-03-04 13:20:00-05:00,26.899999618530273,26.899999618530273,26.829999923706055,26.829999923706055,2696,0.0,0.0,APPN,5m
2026-03-04 13:25:00-05:00,26.80299949645996,26.860000610351562,26.790000915527344,26.860000610351562,4068,0.0,0.0,APPN,5m
2026-03-04 13:30:00-05:00,26.889999389648438,26.889999389648438,26.829999923706055,26.829999923706055,3509,0.0,0.0,APPN,5m
2026-03-04 13:35:00-05:00,26.8700008392334,26.920000076293945,26.860000610351562,26.920000076293945,2882,0.0,0.0,APPN,5m
2026-03-04 13:40:00-05:00,26.920000076293945,26.920000076293945,26.8700008392334,26.8700008392334,7215,0.0,0.0,APPN,5m
2026-03-04 13:45:00-05:00,26.889999389648438,26.920000076293945,26.889999389648438,26.920000076293945,2505,0.0,0.0,APPN,5m
2026-03-04 13:50:00-05:00,26.959999084472656,26.959999084472656,26.940000534057617,26.940000534057617,4026,0.0,0.0,APPN,5m
2026-03-04 13:55:00-05:00,26.93000030517578,26.940000534057617,26.90999984741211,26.940000534057617,3846,0.0,0.0,APPN,5m
2026-03-04 14:00:00-05:00,26.920000076293945,26.969999313354492,26.920000076293945,26.969999313354492,3976,0.0,0.0,APPN,5m
2026-03-04 14:05:00-05:00,26.950000762939453,26.959999084472656,26.915000915527344,26.950000762939453,4773,0.0,0.0,APPN,5m
2026-03-04 14:10:00-05:00,26.93000030517578,26.934999465942383,26.93000030517578,26.93000030517578,2027,0.0,0.0,APPN,5m
2026-03-04 14:15:00-05:00,26.93000030517578,27.100000381469727,26.920000076293945,27.059999465942383,10866,0.0,0.0,APPN,5m
2026-03-04 14:20:00-05:00,27.049999237060547,27.049999237060547,26.920000076293945,26.920000076293945,10472,0.0,0.0,APPN,5m
2026-03-04 14:25:00-05:00,26.889999389648438,26.889999389648438,26.84000015258789,26.850000381469727,3108,0.0,0.0,APPN,5m
2026-03-04 14:30:00-05:00,26.84000015258789,26.889999389648438,26.84000015258789,26.8799991607666,7643,0.0,0.0,APPN,5m
2026-03-04 14:35:00-05:00,26.889999389648438,26.899999618530273,26.8700008392334,26.8700008392334,2358,0.0,0.0,APPN,5m
2026-03-04 14:40:00-05:00,26.8700008392334,26.968599319458008,26.8700008392334,26.968599319458008,6753,0.0,0.0,APPN,5m
2026-03-04 14:45:00-05:00,26.969999313354492,26.989999771118164,26.920000076293945,26.959999084472656,10908,0.0,0.0,APPN,5m
2026-03-04 14:50:00-05:00,26.959999084472656,26.959999084472656,26.8700008392334,26.8799991607666,7068,0.0,0.0,APPN,5m
2026-03-04 14:55:00-05:00,26.850000381469727,26.850000381469727,26.790000915527344,26.790000915527344,8049,0.0,0.0,APPN,5m
2026-03-04 15:00:00-05:00,26.780000686645508,26.780000686645508,26.739999771118164,26.739999771118164,8799,0.0,0.0,APPN,5m
2026-03-04 15:05:00-05:00,26.747699737548828,26.747699737548828,26.65999984741211,26.65999984741211,6778,0.0,0.0,APPN,5m
2026-03-04 15:10:00-05:00,26.65999984741211,26.670000076293945,26.639999389648438,26.645000457763672,8682,0.0,0.0,APPN,5m
2026-03-04 15:15:00-05:00,26.6299991607666,26.670000076293945,26.6299991607666,26.649999618530273,10374,0.0,0.0,APPN,5m
2026-03-04 15:20:00-05:00,26.65999984741211,26.729999542236328,26.65999984741211,26.690000534057617,15322,0.0,0.0,APPN,5m
2026-03-04 15:25:00-05:00,26.690000534057617,26.780000686645508,26.674999237060547,26.760000228881836,12899,0.0,0.0,APPN,5m
2026-03-04 15:30:00-05:00,26.770000457763672,26.829999923706055,26.770000457763672,26.815000534057617,16044,0.0,0.0,APPN,5m
2026-03-04 15:35:00-05:00,26.829999923706055,26.860000610351562,26.770000457763672,26.770000457763672,16713,0.0,0.0,APPN,5m
2026-03-04 15:40:00-05:00,26.770000457763672,26.809999465942383,26.770000457763672,26.795000076293945,14573,0.0,0.0,APPN,5m
2026-03-04 15:45:00-05:00,26.795000076293945,26.850000381469727,26.795000076293945,26.825000762939453,15253,0.0,0.0,APPN,5m
2026-03-04 15:50:00-05:00,26.790000915527344,26.850000381469727,26.764999389648438,26.764999389648438,44016,0.0,0.0,APPN,5m
2026-03-04 15:55:00-05:00,26.764999389648438,26.860000610351562,26.764999389648438,26.829999923706055,130368,0.0,0.0,APPN,5m
2026-03-05 09:30:00-05:00,26.764999389648438,27.0049991607666,26.670000076293945,27.0049991607666,22472,0.0,0.0,APPN,5m
2026-03-05 09:35:00-05:00,27.209999084472656,27.399999618530273,27.170000076293945,27.399999618530273,22119,0.0,0.0,APPN,5m
2026-03-05 09:40:00-05:00,27.385000228881836,27.5,27.385000228881836,27.46500015258789,14119,0.0,0.0,APPN,5m
2026-03-05 09:45:00-05:00,27.34000015258789,27.34000015258789,26.969999313354492,26.969999313354492,8488,0.0,0.0,APPN,5m
2026-03-05 09:50:00-05:00,26.989999771118164,27.219999313354492,26.989999771118164,27.1299991607666,5087,0.0,0.0,APPN,5m
2026-03-05 09:55:00-05:00,27.041900634765625,27.041900634765625,26.989999771118164,26.9950008392334,3588,0.0,0.0,APPN,5m
2026-03-05 10:00:00-05:00,27.014999389648438,27.06999969482422,26.954999923706055,27.020000457763672,7027,0.0,0.0,APPN,5m
2026-03-05 10:05:00-05:00,27.06999969482422,27.165000915527344,27.0049991607666,27.100000381469727,14754,0.0,0.0,APPN,5m
2026-03-05 10:10:00-05:00,27.049999237060547,27.165000915527344,26.96500015258789,27.145000457763672,7784,0.0,0.0,APPN,5m
2026-03-05 10:15:00-05:00,27.139999389648438,27.200000762939453,27.139999389648438,27.200000762939453,3446,0.0,0.0,APPN,5m
2026-03-05 10:20:00-05:00,27.170000076293945,27.170000076293945,27.100000381469727,27.114999771118164,7399,0.0,0.0,APPN,5m
2026-03-05 10:25:00-05:00,27.079999923706055,27.110000610351562,27.0,27.110000610351562,7308,0.0,0.0,APPN,5m
2026-03-05 10:30:00-05:00,27.139999389648438,27.139999389648438,26.959999084472656,27.110000610351562,5697,0.0,0.0,APPN,5m
2026-03-05 10:35:00-05:00,27.049999237060547,27.139999389648438,26.979999542236328,27.125,18398,0.0,0.0,APPN,5m
2026-03-05 10:40:00-05:00,27.1299991607666,27.139999389648438,27.059999465942383,27.110000610351562,7449,0.0,0.0,APPN,5m
2026-03-05 10:45:00-05:00,27.079999923706055,27.190000534057617,27.079999923706055,27.110000610351562,11316,0.0,0.0,APPN,5m
2026-03-05 10:50:00-05:00,27.165000915527344,27.219999313354492,27.165000915527344,27.170000076293945,5467,0.0,0.0,APPN,5m
2026-03-05 10:55:00-05:00,27.170000076293945,27.18000030517578,27.084999084472656,27.149999618530273,4128,0.0,0.0,APPN,5m
2026-03-05 11:00:00-05:00,27.133699417114258,27.18000030517578,27.133699417114258,27.145000457763672,4181,0.0,0.0,APPN,5m
2026-03-05 11:05:00-05:00,27.1200008392334,27.139999389648438,26.829999923706055,26.829999923706055,7954,0.0,0.0,APPN,5m
2026-03-05 11:10:00-05:00,26.850000381469727,26.872699737548828,26.655000686645508,26.6737003326416,10099,0.0,0.0,APPN,5m
2026-03-05 11:15:00-05:00,26.6299991607666,26.65999984741211,26.600000381469727,26.6299991607666,6452,0.0,0.0,APPN,5m
2026-03-05 11:20:00-05:00,26.6200008392334,26.700000762939453,26.610000610351562,26.690000534057617,5718,0.0,0.0,APPN,5m
2026-03-05 11:25:00-05:00,26.729999542236328,26.799999237060547,26.729999542236328,26.790000915527344,4882,0.0,0.0,APPN,5m
2026-03-05 11:30:00-05:00,26.729999542236328,26.770000457763672,26.68000030517578,26.764999389648438,8703,0.0,0.0,APPN,5m
2026-03-05 11:35:00-05:00,26.799999237060547,26.84000015258789,26.780000686645508,26.780000686645508,3818,0.0,0.0,APPN,5m
2026-03-05 11:40:00-05:00,26.75,26.75,26.68000030517578,26.729999542236328,11718,0.0,0.0,APPN,5m
2026-03-05 11:45:00-05:00,26.735000610351562,26.735000610351562,26.649999618530273,26.649999618530273,3336,0.0,0.0,APPN,5m
2026-03-05 11:50:00-05:00,26.690000534057617,26.719999313354492,26.649999618530273,26.665000915527344,8859,0.0,0.0,APPN,5m
2026-03-05 11:55:00-05:00,26.690000534057617,26.795000076293945,26.690000534057617,26.790000915527344,4883,0.0,0.0,APPN,5m
2026-03-05 12:00:00-05:00,26.825000762939453,26.989999771118164,26.825000762939453,26.989999771118164,4965,0.0,0.0,APPN,5m
2026-03-05 12:05:00-05:00,26.989999771118164,27.020000457763672,26.989999771118164,27.0,5026,0.0,0.0,APPN,5m
2026-03-05 12:10:00-05:00,26.959999084472656,26.979999542236328,26.889999389648438,26.975000381469727,9047,0.0,0.0,APPN,5m
2026-03-05 12:15:00-05:00,26.959999084472656,26.959999084472656,26.889999389648438,26.90999984741211,7349,0.0,0.0,APPN,5m
2026-03-05 12:20:00-05:00,26.940000534057617,26.959999084472656,26.889999389648438,26.93000030517578,4953,0.0,0.0,APPN,5m
2026-03-05 12:25:00-05:00,26.90999984741211,26.93000030517578,26.889999389648438,26.899999618530273,5369,0.0,0.0,APPN,5m
2026-03-05 12:30:00-05:00,26.90999984741211,26.93000030517578,26.84000015258789,26.850000381469727,5354,0.0,0.0,APPN,5m
2026-03-05 12:35:00-05:00,26.81999969482422,26.829999923706055,26.729999542236328,26.790000915527344,13067,0.0,0.0,APPN,5m
2026-03-05 12:40:00-05:00,26.829999923706055,26.829999923706055,26.69499969482422,26.719999313354492,6442,0.0,0.0,APPN,5m
2026-03-05 12:45:00-05:00,26.68000030517578,26.760000228881836,26.639999389648438,26.760000228881836,6099,0.0,0.0,APPN,5m
2026-03-05 12:50:00-05:00,26.727500915527344,26.829999923706055,26.727500915527344,26.780000686645508,7029,0.0,0.0,APPN,5m
2026-03-05 12:55:00-05:00,26.6299991607666,26.700000762939453,26.610000610351562,26.6299991607666,2584,0.0,0.0,APPN,5m
2026-03-05 13:00:00-05:00,26.59000015258789,26.674999237060547,26.549999237060547,26.670000076293945,6381,0.0,0.0,APPN,5m
2026-03-05 13:05:00-05:00,26.68000030517578,26.68000030517578,26.604999542236328,26.65999984741211,3816,0.0,0.0,APPN,5m
2026-03-05 13:10:00-05:00,26.700000762939453,26.729999542236328,26.68000030517578,26.700000762939453,5748,0.0,0.0,APPN,5m
2026-03-05 13:15:00-05:00,26.68000030517578,26.709999084472656,26.65999984741211,26.65999984741211,7976,0.0,0.0,APPN,5m
2026-03-05 13:20:00-05:00,26.630300521850586,26.674999237060547,26.6200008392334,26.648799896240234,3150,0.0,0.0,APPN,5m
2026-03-05 13:25:00-05:00,26.68000030517578,26.739999771118164,26.59000015258789,26.59000015258789,10632,0.0,0.0,APPN,5m
2026-03-05 13:30:00-05:00,26.6200008392334,26.6200008392334,26.524999618530273,26.540000915527344,5213,0.0,0.0,APPN,5m
2026-03-05 13:35:00-05:00,26.510000228881836,26.549999237060547,26.450000762939453,26.540000915527344,11011,0.0,0.0,APPN,5m
2026-03-05 13:40:00-05:00,26.540000915527344,26.600000381469727,26.540000915527344,26.600000381469727,4269,0.0,0.0,APPN,5m
2026-03-05 13:45:00-05:00,26.59000015258789,26.6299991607666,26.59000015258789,26.6299991607666,3236,0.0,0.0,APPN,5m
2026-03-05 13:50:00-05:00,26.579999923706055,26.6200008392334,26.579999923706055,26.59000015258789,4975,0.0,0.0,APPN,5m
2026-03-05 13:55:00-05:00,26.610000610351562,26.649999618530273,26.594999313354492,26.610000610351562,9739,0.0,0.0,APPN,5m
2026-03-05 14:00:00-05:00,26.639999389648438,26.670000076293945,26.6299991607666,26.65999984741211,6418,0.0,0.0,APPN,5m
2026-03-05 14:05:00-05:00,26.68000030517578,26.7450008392334,26.68000030517578,26.719999313354492,5884,0.0,0.0,APPN,5m
2026-03-05 14:10:00-05:00,26.709999084472656,26.829999923706055,26.709999084472656,26.829999923706055,5491,0.0,0.0,APPN,5m
2026-03-05 14:15:00-05:00,26.780000686645508,26.829999923706055,26.75,26.829999923706055,5564,0.0,0.0,APPN,5m
2026-03-05 14:20:00-05:00,26.850000381469727,26.850000381469727,26.760000228881836,26.80500030517578,8633,0.0,0.0,APPN,5m
2026-03-05 14:25:00-05:00,26.770000457763672,26.780000686645508,26.709999084472656,26.764999389648438,6192,0.0,0.0,APPN,5m
2026-03-05 14:30:00-05:00,26.739999771118164,26.780000686645508,26.709999084472656,26.780000686645508,11990,0.0,0.0,APPN,5m
2026-03-05 14:35:00-05:00,26.770000457763672,26.809999465942383,26.770000457763672,26.795000076293945,4478,0.0,0.0,APPN,5m
2026-03-05 14:40:00-05:00,26.795000076293945,26.795000076293945,26.729999542236328,26.790000915527344,7430,0.0,0.0,APPN,5m
2026-03-05 14:45:00-05:00,26.780000686645508,26.861499786376953,26.770000457763672,26.861499786376953,4776,0.0,0.0,APPN,5m
2026-03-05 14:50:00-05:00,26.850000381469727,26.850000381469727,26.799999237060547,26.799999237060547,4466,0.0,0.0,APPN,5m
2026-03-05 14:55:00-05:00,26.780000686645508,26.84000015258789,26.75,26.84000015258789,11388,0.0,0.0,APPN,5m
2026-03-05 15:00:00-05:00,26.809999465942383,26.84000015258789,26.780000686645508,26.81999969482422,10989,0.0,0.0,APPN,5m
2026-03-05 15:05:00-05:00,26.850000381469727,26.889999389648438,26.81999969482422,26.860000610351562,6337,0.0,0.0,APPN,5m
2026-03-05 15:10:00-05:00,26.889999389648438,26.889999389648438,26.809999465942383,26.825000762939453,11391,0.0,0.0,APPN,5m
2026-03-05 15:15:00-05:00,26.850000381469727,26.895000457763672,26.774999618530273,26.774999618530273,9935,0.0,0.0,APPN,5m
2026-03-05 15:20:00-05:00,26.790000915527344,26.829999923706055,26.729999542236328,26.829999923706055,13583,0.0,0.0,APPN,5m
2026-03-05 15:25:00-05:00,26.81999969482422,26.875,26.799999237060547,26.875,9464,0.0,0.0,APPN,5m
2026-03-05 15:30:00-05:00,26.899999618530273,27.03499984741211,26.850000381469727,26.9950008392334,14342,0.0,0.0,APPN,5m
2026-03-05 15:35:00-05:00,27.010000228881836,27.06999969482422,27.010000228881836,27.030099868774414,9271,0.0,0.0,APPN,5m
2026-03-05 15:40:00-05:00,27.06999969482422,27.06999969482422,26.989999771118164,26.989999771118164,10758,0.0,0.0,APPN,5m
2026-03-05 15:45:00-05:00,26.989999771118164,27.030000686645508,26.950000762939453,27.0049991607666,9123,0.0,0.0,APPN,5m
2026-03-05 15:50:00-05:00,27.0,27.09000015258789,26.959999084472656,27.049999237060547,37479,0.0,0.0,APPN,5m
2026-03-05 15:55:00-05:00,27.024999618530273,27.030000686645508,26.959999084472656,26.959999084472656,80930,0.0,0.0,APPN,5m
2026-03-06 09:30:00-05:00,26.700000762939453,26.93000030517578,26.645000457763672,26.920000076293945,9743,0.0,0.0,APPN,5m
2026-03-06 09:35:00-05:00,26.674999237060547,26.674999237060547,26.520000457763672,26.520000457763672,1073,0.0,0.0,APPN,5m
2026-03-06 09:40:00-05:00,26.639999389648438,26.639999389648438,26.25,26.459999084472656,11672,0.0,0.0,APPN,5m
2026-03-06 09:45:00-05:00,26.354999542236328,26.450000762939453,26.270000457763672,26.309999465942383,5561,0.0,0.0,APPN,5m
2026-03-06 09:50:00-05:00,26.459999084472656,26.530000686645508,26.3799991607666,26.4950008392334,5167,0.0,0.0,APPN,5m
2026-03-06 09:55:00-05:00,26.43000030517578,26.459999084472656,26.360000610351562,26.360000610351562,2669,0.0,0.0,APPN,5m
2026-03-06 10:00:00-05:00,26.350000381469727,26.610000610351562,26.31999969482422,26.405000686645508,6164,0.0,0.0,APPN,5m
2026-03-06 10:05:00-05:00,26.405000686645508,26.40999984741211,26.25,26.350000381469727,19621,0.0,0.0,APPN,5m
2026-03-06 10:10:00-05:00,26.375,26.6200008392334,26.375,26.600000381469727,5077,0.0,0.0,APPN,5m
2026-03-06 10:15:00-05:00,26.545000076293945,26.548999786376953,26.47480010986328,26.540000915527344,3140,0.0,0.0,APPN,5m
2026-03-06 10:20:00-05:00,26.459999084472656,26.6299991607666,26.450000762939453,26.6299991607666,5795,0.0,0.0,APPN,5m
2026-03-06 10:25:00-05:00,26.655000686645508,26.68000030517578,26.489999771118164,26.579999923706055,6528,0.0,0.0,APPN,5m
2026-03-06 10:30:00-05:00,26.674999237060547,26.72249984741211,26.610000610351562,26.649999618530273,4435,0.0,0.0,APPN,5m
2026-03-06 10:35:00-05:00,26.65999984741211,26.81999969482422,26.6299991607666,26.68000030517578,6149,0.0,0.0,APPN,5m
2026-03-06 10:40:00-05:00,26.65999984741211,26.68000030517578,26.6299991607666,26.6299991607666,2646,0.0,0.0,APPN,5m
2026-03-06 10:45:00-05:00,26.655000686645508,26.65999984741211,26.594999313354492,26.6200008392334,4698,0.0,0.0,APPN,5m
2026-03-06 10:50:00-05:00,26.649999618530273,26.65999984741211,26.59000015258789,26.59000015258789,5299,0.0,0.0,APPN,5m
2026-03-06 10:55:00-05:00,26.600000381469727,26.65999984741211,26.594999313354492,26.65999984741211,3094,0.0,0.0,APPN,5m
2026-03-06 11:00:00-05:00,26.68000030517578,26.81999969482422,26.68000030517578,26.790000915527344,5734,0.0,0.0,APPN,5m
2026-03-06 11:05:00-05:00,26.790000915527344,26.790000915527344,26.709999084472656,26.719999313354492,5202,0.0,0.0,APPN,5m
2026-03-06 11:10:00-05:00,26.700000762939453,26.700000762939453,26.559999465942383,26.559999465942383,4468,0.0,0.0,APPN,5m
2026-03-06 11:15:00-05:00,26.559999465942383,26.59000015258789,26.510000228881836,26.510000228881836,9233,0.0,0.0,APPN,5m
2026-03-06 11:20:00-05:00,26.549999237060547,26.549999237060547,26.520000457763672,26.53499984741211,3378,0.0,0.0,APPN,5m
2026-03-06 11:25:00-05:00,26.604999542236328,26.604999542236328,26.510000228881836,26.549999237060547,2884,0.0,0.0,APPN,5m
2026-03-06 11:30:00-05:00,26.530000686645508,26.600000381469727,26.510000228881836,26.510000228881836,3799,0.0,0.0,APPN,5m
2026-03-06 11:35:00-05:00,26.530000686645508,26.635000228881836,26.530000686645508,26.635000228881836,2961,0.0,0.0,APPN,5m
2026-03-06 11:40:00-05:00,26.59000015258789,26.614999771118164,26.53499984741211,26.53499984741211,4360,0.0,0.0,APPN,5m
2026-03-06 11:45:00-05:00,26.59000015258789,26.690000534057617,26.59000015258789,26.665000915527344,6921,0.0,0.0,APPN,5m
2026-03-06 11:50:00-05:00,26.670000076293945,26.780000686645508,26.670000076293945,26.709999084472656,5341,0.0,0.0,APPN,5m
2026-03-06 11:55:00-05:00,26.700000762939453,26.81999969482422,26.700000762939453,26.780000686645508,5660,0.0,0.0,APPN,5m
2026-03-06 12:00:00-05:00,26.730100631713867,26.81999969482422,26.729999542236328,26.81999969482422,9116,0.0,0.0,APPN,5m
2026-03-06 12:05:00-05:00,26.799999237060547,26.799999237060547,26.649999618530273,26.649999618530273,3006,0.0,0.0,APPN,5m
2026-03-06 12:10:00-05:00,26.6299991607666,26.6299991607666,26.520000457763672,26.530000686645508,3301,0.0,0.0,APPN,5m
2026-03-06 12:15:00-05:00,26.520000457763672,26.6200008392334,26.520000457763672,26.594999313354492,4560,0.0,0.0,APPN,5m
2026-03-06 12:20:00-05:00,26.549999237060547,26.549999237060547,26.4950008392334,26.549999237060547,3047,0.0,0.0,APPN,5m
2026-03-06 12:25:00-05:00,26.46500015258789,26.479999542236328,26.40999984741211,26.469999313354492,3409,0.0,0.0,APPN,5m
2026-03-06 12:30:00-05:00,26.454999923706055,26.469999313354492,26.454999923706055,26.469999313354492,1129,0.0,0.0,APPN,5m
2026-03-06 12:35:00-05:00,26.5,26.510000228881836,26.420000076293945,26.420000076293945,5434,0.0,0.0,APPN,5m
2026-03-06 12:40:00-05:00,26.389999389648438,26.450000762939453,26.389999389648438,26.420000076293945,3314,0.0,0.0,APPN,5m
2026-03-06 12:45:00-05:00,26.424999237060547,26.5,26.424999237060547,26.489999771118164,3051,0.0,0.0,APPN,5m
2026-03-06 12:50:00-05:00,26.520000457763672,26.520000457763672,26.44499969482422,26.479999542236328,2937,0.0,0.0,APPN,5m
2026-03-06 12:55:00-05:00,26.454999923706055,26.471200942993164,26.454999923706055,26.459999084472656,1639,0.0,0.0,APPN,5m
2026-03-06 13:00:00-05:00,26.5,26.5,26.454999923706055,26.454999923706055,3039,0.0,0.0,APPN,5m
2026-03-06 13:05:00-05:00,26.440000534057617,26.479999542236328,26.43000030517578,26.43000030517578,2941,0.0,0.0,APPN,5m
2026-03-06 13:10:00-05:00,26.459999084472656,26.459999084472656,26.35700035095215,26.389999389648438,3617,0.0,0.0,APPN,5m
2026-03-06 13:15:00-05:00,26.415000915527344,26.514999389648438,26.415000915527344,26.485000610351562,4127,0.0,0.0,APPN,5m
2026-03-06 13:20:00-05:00,26.485000610351562,26.485000610351562,26.391199111938477,26.44499969482422,3212,0.0,0.0,APPN,5m
2026-03-06 13:25:00-05:00,26.424999237060547,26.459999084472656,26.395000457763672,26.395000457763672,1829,0.0,0.0,APPN,5m
2026-03-06 13:30:00-05:00,26.40999984741211,26.469999313354492,26.40999984741211,26.410999298095703,5770,0.0,0.0,APPN,5m
2026-03-06 13:35:00-05:00,26.415000915527344,26.479999542236328,26.375,26.450000762939453,5717,0.0,0.0,APPN,5m
2026-03-06 13:40:00-05:00,26.420000076293945,26.450000762939453,26.420000076293945,26.434999465942383,1483,0.0,0.0,APPN,5m
2026-03-06 13:45:00-05:00,26.434999465942383,26.479999542236328,26.43000030517578,26.451000213623047,3168,0.0,0.0,APPN,5m
2026-03-06 13:50:00-05:00,26.450000762939453,26.450000762939453,26.3799991607666,26.389999389648438,2875,0.0,0.0,APPN,5m
2026-03-06 13:55:00-05:00,26.350000381469727,26.3799991607666,26.350000381469727,26.3799991607666,2955,0.0,0.0,APPN,5m
2026-03-06 14:00:00-05:00,26.375,26.420000076293945,26.3700008392334,26.420000076293945,10547,0.0,0.0,APPN,5m
2026-03-06 14:05:00-05:00,26.43000030517578,26.47249984741211,26.43000030517578,26.459999084472656,4453,0.0,0.0,APPN,5m
2026-03-06 14:10:00-05:00,26.489999771118164,26.56999969482422,26.489999771118164,26.520000457763672,4879,0.0,0.0,APPN,5m
2026-03-06 14:15:00-05:00,26.527299880981445,26.549999237060547,26.469999313354492,26.510000228881836,7219,0.0,0.0,APPN,5m
2026-03-06 14:20:00-05:00,26.520000457763672,26.59000015258789,26.520000457763672,26.559999465942383,3380,0.0,0.0,APPN,5m
2026-03-06 14:25:00-05:00,26.559999465942383,26.610000610351562,26.545000076293945,26.545000076293945,4595,0.0,0.0,APPN,5m
2026-03-06 14:30:00-05:00,26.575000762939453,26.6200008392334,26.549999237060547,26.59000015258789,4889,0.0,0.0,APPN,5m
2026-03-06 14:35:00-05:00,26.6200008392334,26.6299991607666,26.59000015258789,26.59000015258789,4126,0.0,0.0,APPN,5m
2026-03-06 14:40:00-05:00,26.579999923706055,26.65999984741211,26.5049991607666,26.5049991607666,8984,0.0,0.0,APPN,5m
2026-03-06 14:45:00-05:00,26.530000686645508,26.559999465942383,26.479999542236328,26.540000915527344,8783,0.0,0.0,APPN,5m
2026-03-06 14:50:00-05:00,26.56999969482422,26.600000381469727,26.530000686645508,26.584999084472656,3727,0.0,0.0,APPN,5m
2026-03-06 14:55:00-05:00,26.579999923706055,26.6200008392334,26.579999923706055,26.6200008392334,3424,0.0,0.0,APPN,5m
2026-03-06 15:00:00-05:00,26.610000610351562,26.649999618530273,26.600000381469727,26.610000610351562,4243,0.0,0.0,APPN,5m
2026-03-06 15:05:00-05:00,26.610000610351562,26.6299991607666,26.610000610351562,26.6200008392334,2267,0.0,0.0,APPN,5m
2026-03-06 15:10:00-05:00,26.65999984741211,26.68000030517578,26.594999313354492,26.649999618530273,9817,0.0,0.0,APPN,5m
2026-03-06 15:15:00-05:00,26.6299991607666,26.69499969482422,26.6299991607666,26.69499969482422,4697,0.0,0.0,APPN,5m
2026-03-06 15:20:00-05:00,26.670000076293945,26.719999313354492,26.639999389648438,26.649999618530273,7164,0.0,0.0,APPN,5m
2026-03-06 15:25:00-05:00,26.614999771118164,26.6200008392334,26.600000381469727,26.6200008392334,4660,0.0,0.0,APPN,5m
2026-03-06 15:30:00-05:00,26.649999618530273,26.68000030517578,26.6200008392334,26.655000686645508,18223,0.0,0.0,APPN,5m
2026-03-06 15:35:00-05:00,26.610000610351562,26.665000915527344,26.530000686645508,26.600000381469727,16444,0.0,0.0,APPN,5m
2026-03-06 15:40:00-05:00,26.6200008392334,26.670000076293945,26.594999313354492,26.610000610351562,11835,0.0,0.0,APPN,5m
2026-03-06 15:45:00-05:00,26.610000610351562,26.670000076293945,26.610000610351562,26.670000076293945,10793,0.0,0.0,APPN,5m
2026-03-06 15:50:00-05:00,26.639999389648438,26.649999618530273,26.600000381469727,26.635000228881836,28517,0.0,0.0,APPN,5m
2026-03-06 15:55:00-05:00,26.6200008392334,26.684999465942383,26.59000015258789,26.6200008392334,75491,0.0,0.0,APPN,5m
2026-03-09 09:30:00-04:00,26.239999771118164,26.30500030517578,26.061500549316406,26.30500030517578,18911,0.0,0.0,APPN,5m
2026-03-09 09:35:00-04:00,26.25,26.309999465942383,25.940000534057617,26.100000381469727,8386,0.0,0.0,APPN,5m
2026-03-09 09:40:00-04:00,25.959999084472656,26.219999313354492,25.81999969482422,26.219999313354492,10058,0.0,0.0,APPN,5m
2026-03-09 09:45:00-04:00,26.149999618530273,26.219999313354492,26.049999237060547,26.219999313354492,6552,0.0,0.0,APPN,5m
2026-03-09 09:50:00-04:00,26.280000686645508,26.329999923706055,26.204999923706055,26.204999923706055,6255,0.0,0.0,APPN,5m
2026-03-09 09:55:00-04:00,26.200000762939453,26.200000762939453,26.059999465942383,26.110000610351562,2466,0.0,0.0,APPN,5m
2026-03-09 10:00:00-04:00,26.06999969482422,26.355499267578125,26.06999969482422,26.29949951171875,5414,0.0,0.0,APPN,5m
2026-03-09 10:05:00-04:00,26.34000015258789,26.3700008392334,26.260000228881836,26.270000457763672,10841,0.0,0.0,APPN,5m
2026-03-09 10:10:00-04:00,26.239999771118164,26.389999389648438,26.139999389648438,26.389999389648438,18626,0.0,0.0,APPN,5m
2026-03-09 10:15:00-04:00,26.5,26.5,26.239999771118164,26.30500030517578,12464,0.0,0.0,APPN,5m
2026-03-09 10:20:00-04:00,26.315000534057617,26.3799991607666,26.139999389648438,26.15999984741211,7134,0.0,0.0,APPN,5m
2026-03-09 10:25:00-04:00,26.239999771118164,26.239999771118164,26.1200008392334,26.1200008392334,2666,0.0,0.0,APPN,5m
2026-03-09 10:30:00-04:00,26.174999237060547,26.28499984741211,26.174999237060547,26.200000762939453,2322,0.0,0.0,APPN,5m
2026-03-09 10:35:00-04:00,26.2450008392334,26.405000686645508,26.2450008392334,26.405000686645508,4087,0.0,0.0,APPN,5m
2026-03-09 10:40:00-04:00,26.32670021057129,26.559999465942383,26.32670021057129,26.545000076293945,7706,0.0,0.0,APPN,5m
2026-03-09 10:45:00-04:00,26.600000381469727,26.690000534057617,26.579999923706055,26.610000610351562,5768,0.0,0.0,APPN,5m
2026-03-09 10:50:00-04:00,26.61009979248047,26.71500015258789,26.575000762939453,26.71500015258789,4947,0.0,0.0,APPN,5m
2026-03-09 10:55:00-04:00,26.709999084472656,26.709999084472656,26.56999969482422,26.56999969482422,6056,0.0,0.0,APPN,5m
2026-03-09 11:00:00-04:00,26.530000686645508,26.554800033569336,26.489999771118164,26.510000228881836,3426,0.0,0.0,APPN,5m
2026-03-09 11:05:00-04:00,26.489999771118164,26.56999969482422,26.450599670410156,26.469999313354492,4776,0.0,0.0,APPN,5m
2026-03-09 11:10:00-04:00,26.475000381469727,26.479999542236328,26.469999313354492,26.479999542236328,1114,0.0,0.0,APPN,5m
2026-03-09 11:15:00-04:00,26.5,26.5,26.5,26.5,1882,0.0,0.0,APPN,5m
2026-03-09 11:20:00-04:00,26.55500030517578,26.59000015258789,26.50149917602539,26.584999084472656,7807,0.0,0.0,APPN,5m
2026-03-09 11:25:00-04:00,26.59000015258789,26.594999313354492,26.5049991607666,26.549999237060547,7332,0.0,0.0,APPN,5m
2026-03-09 11:30:00-04:00,26.53499984741211,26.610000610351562,26.530000686645508,26.530000686645508,4051,0.0,0.0,APPN,5m
2026-03-09 11:35:00-04:00,26.510000228881836,26.510000228881836,26.405000686645508,26.405000686645508,3074,0.0,0.0,APPN,5m
2026-03-09 11:40:00-04:00,26.40999984741211,26.469999313354492,26.40999984741211,26.469999313354492,2484,0.0,0.0,APPN,5m
2026-03-09 11:45:00-04:00,26.46500015258789,26.489999771118164,26.3700008392334,26.3700008392334,6191,0.0,0.0,APPN,5m
2026-03-09 11:50:00-04:00,26.325000762939453,26.375,26.325000762939453,26.375,3092,0.0,0.0,APPN,5m
2026-03-09 12:00:00-04:00,26.399999618530273,26.420000076293945,26.3799991607666,26.420000076293945,7925,0.0,0.0,APPN,5m
2026-03-09 12:05:00-04:00,26.389999389648438,26.469999313354492,26.389999389648438,26.469999313354492,1579,0.0,0.0,APPN,5m
2026-03-09 12:10:00-04:00,26.469999313354492,26.469999313354492,26.440000534057617,26.440000534057617,2296,0.0,0.0,APPN,5m
2026-03-09 12:15:00-04:00,26.440000534057617,26.549999237060547,26.440000534057617,26.520000457763672,4577,0.0,0.0,APPN,5m
2026-03-09 12:20:00-04:00,26.479999542236328,26.520000457763672,26.40999984741211,26.40999984741211,28580,0.0,0.0,APPN,5m
2026-03-09 12:25:00-04:00,26.405000686645508,26.44499969482422,26.360000610351562,26.40999984741211,12437,0.0,0.0,APPN,5m
2026-03-09 12:30:00-04:00,26.420000076293945,26.459999084472656,26.415000915527344,26.440000534057617,3123,0.0,0.0,APPN,5m
2026-03-09 12:35:00-04:00,26.43000030517578,26.450000762939453,26.40999984741211,26.43000030517578,5350,0.0,0.0,APPN,5m
2026-03-09 12:40:00-04:00,26.469999313354492,26.491199493408203,26.469999313354492,26.491199493408203,1843,0.0,0.0,APPN,5m
2026-03-09 12:45:00-04:00,26.469999313354492,26.469999313354492,26.295000076293945,26.31999969482422,6852,0.0,0.0,APPN,5m
2026-03-09 12:50:00-04:00,26.325000762939453,26.360000610351562,26.325000762939453,26.350000381469727,1814,0.0,0.0,APPN,5m
2026-03-09 12:55:00-04:00,26.399999618530273,26.5,26.399999618530273,26.5,1653,0.0,0.0,APPN,5m
2026-03-09 13:00:00-04:00,26.450000762939453,26.469999313354492,26.3799991607666,26.420000076293945,5331,0.0,0.0,APPN,5m
2026-03-09 13:05:00-04:00,26.43000030517578,26.459999084472656,26.420000076293945,26.459999084472656,1402,0.0,0.0,APPN,5m
2026-03-09 13:10:00-04:00,26.420000076293945,26.421499252319336,26.299999237060547,26.315000534057617,4374,0.0,0.0,APPN,5m
2026-03-09 13:15:00-04:00,26.309999465942383,26.325000762939453,26.309999465942383,26.31999969482422,2353,0.0,0.0,APPN,5m
2026-03-09 13:20:00-04:00,26.299999237060547,26.299999237060547,26.290000915527344,26.290000915527344,3258,0.0,0.0,APPN,5m
2026-03-09 13:25:00-04:00,26.28499984741211,26.309999465942383,26.28499984741211,26.299999237060547,1663,0.0,0.0,APPN,5m
2026-03-09 13:30:00-04:00,26.280000686645508,26.280000686645508,26.262500762939453,26.270000457763672,2118,0.0,0.0,APPN,5m
2026-03-09 13:35:00-04:00,26.25,26.2549991607666,26.239999771118164,26.2549991607666,3506,0.0,0.0,APPN,5m
2026-03-09 13:40:00-04:00,26.239999771118164,26.2450008392334,26.18000030517578,26.190000534057617,6685,0.0,0.0,APPN,5m
2026-03-09 13:45:00-04:00,26.160999298095703,26.225000381469727,26.160999298095703,26.21500015258789,7015,0.0,0.0,APPN,5m
2026-03-09 13:55:00-04:00,26.229999542236328,26.260000228881836,26.209999084472656,26.209999084472656,9342,0.0,0.0,APPN,5m
2026-03-09 14:05:00-04:00,26.260000228881836,26.270000457763672,26.19499969482422,26.19499969482422,4425,0.0,0.0,APPN,5m
2026-03-09 14:10:00-04:00,26.18000030517578,26.190000534057617,26.149999618530273,26.190000534057617,2999,0.0,0.0,APPN,5m
2026-03-09 14:15:00-04:00,26.239999771118164,26.274999618530273,26.239999771118164,26.274999618530273,1710,0.0,0.0,APPN,5m
2026-03-09 14:20:00-04:00,26.270000457763672,26.270000457763672,26.18000030517578,26.2450008392334,6642,0.0,0.0,APPN,5m
2026-03-09 14:25:00-04:00,26.237499237060547,26.239999771118164,26.2106990814209,26.219999313354492,2767,0.0,0.0,APPN,5m
2026-03-09 14:30:00-04:00,26.209999084472656,26.290000915527344,26.200000762939453,26.290000915527344,5242,0.0,0.0,APPN,5m
2026-03-09 14:35:00-04:00,26.315000534057617,26.375,26.315000534057617,26.354999542236328,1885,0.0,0.0,APPN,5m
2026-03-09 14:40:00-04:00,26.375,26.375,26.31999969482422,26.329999923706055,3502,0.0,0.0,APPN,5m
2026-03-09 14:45:00-04:00,26.344999313354492,26.344999313354492,26.299999237060547,26.299999237060547,3584,0.0,0.0,APPN,5m
2026-03-09 14:50:00-04:00,26.290000915527344,26.31999969482422,26.290000915527344,26.31999969482422,2903,0.0,0.0,APPN,5m
2026-03-09 14:55:00-04:00,26.280000686645508,26.280000686645508,26.229999542236328,26.2549991607666,4292,0.0,0.0,APPN,5m
2026-03-09 15:00:00-04:00,26.25,26.270000457763672,26.219999313354492,26.219999313354492,5652,0.0,0.0,APPN,5m
2026-03-09 15:05:00-04:00,26.190000534057617,26.200000762939453,26.139999389648438,26.139999389648438,7712,0.0,0.0,APPN,5m
2026-03-09 15:10:00-04:00,26.170000076293945,26.170000076293945,26.170000076293945,26.170000076293945,2890,0.0,0.0,APPN,5m
2026-03-09 15:15:00-04:00,26.171100616455078,26.25,26.171100616455078,26.25,9539,0.0,0.0,APPN,5m
2026-03-09 15:20:00-04:00,26.389999389648438,26.510000228881836,26.3799991607666,26.510000228881836,7555,0.0,0.0,APPN,5m
2026-03-09 15:25:00-04:00,26.5049991607666,26.575000762939453,26.450000762939453,26.530000686645508,6933,0.0,0.0,APPN,5m
2026-03-09 15:30:00-04:00,26.59000015258789,26.770000457763672,26.559999465942383,26.690000534057617,15283,0.0,0.0,APPN,5m
2026-03-09 15:35:00-04:00,26.68000030517578,26.69499969482422,26.559999465942383,26.690000534057617,17156,0.0,0.0,APPN,5m
2026-03-09 15:40:00-04:00,26.655000686645508,26.655000686645508,26.485000610351562,26.610000610351562,12420,0.0,0.0,APPN,5m
2026-03-09 15:45:00-04:00,26.59000015258789,26.639999389648438,26.565000534057617,26.575000762939453,20675,0.0,0.0,APPN,5m
2026-03-09 15:50:00-04:00,26.559999465942383,26.639999389648438,26.559999465942383,26.610000610351562,30865,0.0,0.0,APPN,5m
2026-03-09 15:55:00-04:00,26.6200008392334,26.684999465942383,26.559999465942383,26.565000534057617,92084,0.0,0.0,APPN,5m
2026-03-10 09:30:00-04:00,26.540000915527344,26.56999969482422,25.969999313354492,26.21500015258789,26577,0.0,0.0,APPN,5m
2026-03-10 09:35:00-04:00,26.1200008392334,26.1200008392334,26.0,26.045000076293945,5832,0.0,0.0,APPN,5m
2026-03-10 09:40:00-04:00,26.04509925842285,26.04509925842285,25.549999237060547,25.610000610351562,7298,0.0,0.0,APPN,5m
2026-03-10 09:45:00-04:00,25.600000381469727,25.950000762939453,25.600000381469727,25.81999969482422,12057,0.0,0.0,APPN,5m
2026-03-10 09:50:00-04:00,25.93000030517578,26.010000228881836,25.649999618530273,25.649999618530273,3871,0.0,0.0,APPN,5m
2026-03-10 09:55:00-04:00,25.81999969482422,25.854999542236328,25.600000381469727,25.854999542236328,4256,0.0,0.0,APPN,5m
2026-03-10 10:00:00-04:00,25.690000534057617,25.842500686645508,25.610000610351562,25.704999923706055,6707,0.0,0.0,APPN,5m
2026-03-10 10:05:00-04:00,25.709999084472656,25.7549991607666,25.5,25.579999923706055,10324,0.0,0.0,APPN,5m
2026-03-10 10:10:00-04:00,25.510000228881836,25.510099411010742,25.389999389648438,25.485000610351562,9458,0.0,0.0,APPN,5m
2026-03-10 10:15:00-04:00,25.424999237060547,25.520000457763672,25.424999237060547,25.514999389648438,3197,0.0,0.0,APPN,5m
2026-03-10 10:20:00-04:00,25.4950008392334,25.690000534057617,25.4950008392334,25.690000534057617,2420,0.0,0.0,APPN,5m
2026-03-10 10:25:00-04:00,25.625,25.639999389648438,25.625,25.639999389648438,2043,0.0,0.0,APPN,5m
2026-03-10 10:30:00-04:00,25.674999237060547,25.674999237060547,25.575000762939453,25.65999984741211,6417,0.0,0.0,APPN,5m
2026-03-10 10:35:00-04:00,25.670000076293945,25.729999542236328,25.610000610351562,25.729999542236328,3088,0.0,0.0,APPN,5m
2026-03-10 10:40:00-04:00,25.760000228881836,25.780000686645508,25.719999313354492,25.719999313354492,1086,0.0,0.0,APPN,5m
2026-03-10 10:45:00-04:00,25.670000076293945,25.729999542236328,25.6299991607666,25.6299991607666,5105,0.0,0.0,APPN,5m
2026-03-10 10:50:00-04:00,25.59000015258789,25.625,25.540000915527344,25.540000915527344,1829,0.0,0.0,APPN,5m
2026-03-10 10:55:00-04:00,25.55500030517578,25.55500030517578,25.480100631713867,25.480100631713867,707,0.0,0.0,APPN,5m
2026-03-10 11:00:00-04:00,25.6200008392334,25.690000534057617,25.610000610351562,25.690000534057617,3961,0.0,0.0,APPN,5m
2026-03-10 11:05:00-04:00,25.649999618530273,25.690000534057617,25.649999618530273,25.690000534057617,1299,0.0,0.0,APPN,5m
2026-03-10 11:10:00-04:00,25.649999618530273,25.65999984741211,25.600000381469727,25.65999984741211,4541,0.0,0.0,APPN,5m
2026-03-10 11:15:00-04:00,25.63680076599121,25.860000610351562,25.63680076599121,25.860000610351562,4276,0.0,0.0,APPN,5m
2026-03-10 11:20:00-04:00,25.799999237060547,25.844999313354492,25.790000915527344,25.790000915527344,1915,0.0,0.0,APPN,5m
2026-03-10 11:25:00-04:00,25.860000610351562,25.8700008392334,25.860000610351562,25.860000610351562,2357,0.0,0.0,APPN,5m
2026-03-10 11:30:00-04:00,25.81999969482422,25.860000610351562,25.780000686645508,25.780000686645508,3481,0.0,0.0,APPN,5m
2026-03-10 11:35:00-04:00,25.780000686645508,25.780000686645508,25.75,25.75,2338,0.0,0.0,APPN,5m
2026-03-10 11:40:00-04:00,25.748600006103516,25.81999969482422,25.748600006103516,25.81999969482422,3725,0.0,0.0,APPN,5m
2026-03-10 11:45:00-04:00,25.799999237060547,25.829999923706055,25.799999237060547,25.81999969482422,1480,0.0,0.0,APPN,5m
2026-03-10 11:50:00-04:00,25.84000015258789,25.8799991607666,25.799999237060547,25.81999969482422,5132,0.0,0.0,APPN,5m
2026-03-10 11:55:00-04:00,25.809999465942383,25.809999465942383,25.809999465942383,25.809999465942383,2599,0.0,0.0,APPN,5m
2026-03-10 12:00:00-04:00,25.850000381469727,25.8799991607666,25.829999923706055,25.84000015258789,3508,0.0,0.0,APPN,5m
2026-03-10 12:05:00-04:00,25.790000915527344,25.790000915527344,25.670000076293945,25.670000076293945,4659,0.0,0.0,APPN,5m
2026-03-10 12:10:00-04:00,25.704999923706055,25.764999389648438,25.704999923706055,25.7549991607666,2715,0.0,0.0,APPN,5m
2026-03-10 12:15:00-04:00,25.760000228881836,25.81999969482422,25.745100021362305,25.81999969482422,3190,0.0,0.0,APPN,5m
2026-03-10 12:20:00-04:00,25.780000686645508,25.854999542236328,25.739999771118164,25.854999542236328,3858,0.0,0.0,APPN,5m
2026-03-10 12:25:00-04:00,25.920000076293945,26.0,25.920000076293945,25.985000610351562,5787,0.0,0.0,APPN,5m
2026-03-10 12:30:00-04:00,26.020000457763672,26.079999923706055,26.010000228881836,26.05500030517578,4081,0.0,0.0,APPN,5m
2026-03-10 12:35:00-04:00,26.05500030517578,26.06999969482422,26.03499984741211,26.05500030517578,1776,0.0,0.0,APPN,5m
2026-03-10 12:40:00-04:00,26.049999237060547,26.049999237060547,25.969999313354492,25.969999313354492,4109,0.0,0.0,APPN,5m
2026-03-10 12:45:00-04:00,25.94499969482422,25.979999542236328,25.90999984741211,25.950000762939453,2994,0.0,0.0,APPN,5m
2026-03-10 12:50:00-04:00,25.920000076293945,25.950000762939453,25.860000610351562,25.950000762939453,4711,0.0,0.0,APPN,5m
2026-03-10 12:55:00-04:00,25.950000762939453,25.950000762939453,25.93000030517578,25.93000030517578,1873,0.0,0.0,APPN,5m
2026-03-10 13:00:00-04:00,25.940000534057617,25.959999084472656,25.860000610351562,25.860000610351562,3221,0.0,0.0,APPN,5m
2026-03-10 13:05:00-04:00,25.885000228881836,25.885000228881836,25.829999923706055,25.8700008392334,1876,0.0,0.0,APPN,5m
2026-03-10 13:10:00-04:00,25.90999984741211,25.93000030517578,25.8700008392334,25.8700008392334,3727,0.0,0.0,APPN,5m
2026-03-10 13:15:00-04:00,25.93000030517578,26.030000686645508,25.93000030517578,26.030000686645508,2222,0.0,0.0,APPN,5m
2026-03-10 13:20:00-04:00,26.030000686645508,26.075000762939453,25.979999542236328,26.075000762939453,2992,0.0,0.0,APPN,5m
2026-03-10 13:25:00-04:00,26.010000228881836,26.059999465942383,25.960100173950195,26.014999389648438,4818,0.0,0.0,APPN,5m
2026-03-10 13:30:00-04:00,25.959999084472656,25.959999084472656,25.940000534057617,25.940000534057617,2260,0.0,0.0,APPN,5m
2026-03-10 13:35:00-04:00,25.8799991607666,25.8799991607666,25.719999313354492,25.719999313354492,3283,0.0,0.0,APPN,5m
2026-03-10 13:40:00-04:00,25.700000762939453,25.829999923706055,25.700000762939453,25.774999618530273,8417,0.0,0.0,APPN,5m
2026-03-10 13:45:00-04:00,25.770000457763672,25.975000381469727,25.770000457763672,25.93000030517578,7214,0.0,0.0,APPN,5m
2026-03-10 13:50:00-04:00,25.895000457763672,25.93000030517578,25.889999389648438,25.895000457763672,4386,0.0,0.0,APPN,5m
2026-03-10 13:55:00-04:00,25.895000457763672,25.90999984741211,25.804100036621094,25.895000457763672,4511,0.0,0.0,APPN,5m
2026-03-10 14:00:00-04:00,25.90999984741211,25.959999084472656,25.90999984741211,25.950000762939453,4704,0.0,0.0,APPN,5m
2026-03-10 14:05:00-04:00,25.950000762939453,25.989999771118164,25.860000610351562,25.899999618530273,8896,0.0,0.0,APPN,5m
2026-03-10 14:10:00-04:00,25.875,25.889999389648438,25.709999084472656,25.709999084472656,6154,0.0,0.0,APPN,5m
2026-03-10 14:15:00-04:00,25.729999542236328,25.799999237060547,25.729999542236328,25.729999542236328,6470,0.0,0.0,APPN,5m
2026-03-10 14:20:00-04:00,25.670000076293945,25.670000076293945,25.559999465942383,25.600000381469727,7521,0.0,0.0,APPN,5m
2026-03-10 14:25:00-04:00,25.600000381469727,25.670000076293945,25.600000381469727,25.670000076293945,3891,0.0,0.0,APPN,5m
2026-03-10 14:30:00-04:00,25.739999771118164,25.80500030517578,25.729999542236328,25.760000228881836,3712,0.0,0.0,APPN,5m
2026-03-10 14:35:00-04:00,25.709999084472656,25.709999084472656,25.709999084472656,25.709999084472656,1477,0.0,0.0,APPN,5m
2026-03-10 14:40:00-04:00,25.690000534057617,25.709999084472656,25.635000228881836,25.700000762939453,5040,0.0,0.0,APPN,5m
2026-03-10 14:45:00-04:00,25.655000686645508,25.700000762939453,25.600000381469727,25.600000381469727,7282,0.0,0.0,APPN,5m
2026-03-10 14:50:00-04:00,25.639999389648438,25.65999984741211,25.610000610351562,25.65999984741211,5004,0.0,0.0,APPN,5m
2026-03-10 14:55:00-04:00,25.6299991607666,25.65999984741211,25.6200008392334,25.65999984741211,1765,0.0,0.0,APPN,5m
2026-03-10 15:00:00-04:00,25.65999984741211,25.68000030517578,25.6200008392334,25.68000030517578,4560,0.0,0.0,APPN,5m
2026-03-10 15:05:00-04:00,25.690000534057617,25.700000762939453,25.6299991607666,25.665000915527344,5829,0.0,0.0,APPN,5m
2026-03-10 15:10:00-04:00,25.6299991607666,25.700000762939453,25.610000610351562,25.700000762939453,4609,0.0,0.0,APPN,5m
2026-03-10 15:15:00-04:00,25.674999237060547,25.739999771118164,25.674999237060547,25.735000610351562,3600,0.0,0.0,APPN,5m
2026-03-10 15:20:00-04:00,25.729999542236328,25.729999542236328,25.670000076293945,25.68000030517578,6693,0.0,0.0,APPN,5m
2026-03-10 15:25:00-04:00,25.639999389648438,25.719999313354492,25.604999542236328,25.709999084472656,4321,0.0,0.0,APPN,5m
2026-03-10 15:30:00-04:00,25.68000030517578,25.729999542236328,25.68000030517578,25.729999542236328,1695,0.0,0.0,APPN,5m
2026-03-10 15:35:00-04:00,25.704999923706055,25.760000228881836,25.700000762939453,25.760000228881836,8434,0.0,0.0,APPN,5m
2026-03-10 15:40:00-04:00,25.700000762939453,25.75,25.700000762939453,25.701000213623047,6646,0.0,0.0,APPN,5m
2026-03-10 15:45:00-04:00,25.696300506591797,25.729999542236328,25.58009910583496,25.690000534057617,11745,0.0,0.0,APPN,5m
2026-03-10 15:50:00-04:00,25.710100173950195,25.739999771118164,25.680099487304688,25.739999771118164,18645,0.0,0.0,APPN,5m
2026-03-10 15:55:00-04:00,25.729999542236328,25.770000457763672,25.70549964904785,25.7549991607666,51128,0.0,0.0,APPN,5m
2026-03-11 09:30:00-04:00,25.950000762939453,26.15999984741211,25.950000762939453,26.15999984741211,11262,0.0,0.0,APPN,5m
2026-03-11 09:35:00-04:00,26.299999237060547,26.360000610351562,26.299999237060547,26.360000610351562,1357,0.0,0.0,APPN,5m
2026-03-11 09:40:00-04:00,25.850000381469727,25.889999389648438,25.690000534057617,25.690000534057617,7830,0.0,0.0,APPN,5m
2026-03-11 09:45:00-04:00,25.729999542236328,25.729999542236328,25.510000228881836,25.68000030517578,20845,0.0,0.0,APPN,5m
2026-03-11 09:50:00-04:00,25.655000686645508,25.719999313354492,25.56999969482422,25.719999313354492,3950,0.0,0.0,APPN,5m
2026-03-11 09:55:00-04:00,25.690000534057617,25.690000534057617,25.625,25.670000076293945,4012,0.0,0.0,APPN,5m
2026-03-11 10:00:00-04:00,25.59000015258789,25.790000915527344,25.559999465942383,25.739999771118164,7824,0.0,0.0,APPN,5m
2026-03-11 10:05:00-04:00,25.850000381469727,25.8700008392334,25.850000381469727,25.8700008392334,1181,0.0,0.0,APPN,5m
2026-03-11 10:10:00-04:00,25.81999969482422,25.81999969482422,25.489999771118164,25.489999771118164,5188,0.0,0.0,APPN,5m
2026-03-11 10:15:00-04:00,25.530000686645508,25.56999969482422,25.459999084472656,25.510000228881836,3092,0.0,0.0,APPN,5m
2026-03-11 10:20:00-04:00,25.459999084472656,25.459999084472656,25.229999542236328,25.239999771118164,10042,0.0,0.0,APPN,5m
2026-03-11 10:25:00-04:00,25.329999923706055,25.40999984741211,25.329999923706055,25.40999984741211,1780,0.0,0.0,APPN,5m
2026-03-11 10:30:00-04:00,25.416200637817383,25.424999237060547,25.3799991607666,25.389999389648438,5340,0.0,0.0,APPN,5m
2026-03-11 10:35:00-04:00,25.3799991607666,25.3799991607666,25.3799991607666,25.3799991607666,657,0.0,0.0,APPN,5m
2026-03-11 10:40:00-04:00,25.40999984741211,25.40999984741211,25.40999984741211,25.40999984741211,1563,0.0,0.0,APPN,5m
2026-03-11 10:45:00-04:00,25.510000228881836,25.510000228881836,25.399999618530273,25.399999618530273,2623,0.0,0.0,APPN,5m
2026-03-11 10:50:00-04:00,25.395000457763672,25.479999542236328,25.395000457763672,25.43000030517578,4389,0.0,0.0,APPN,5m
2026-03-11 10:55:00-04:00,25.434999465942383,25.434999465942383,25.434999465942383,25.434999465942383,10319,0.0,0.0,APPN,5m
2026-03-11 11:00:00-04:00,25.40999984741211,25.43000030517578,25.40999984741211,25.43000030517578,1032,0.0,0.0,APPN,5m
2026-03-11 11:05:00-04:00,25.40999984741211,25.420000076293945,25.405000686645508,25.420000076293945,1005,0.0,0.0,APPN,5m
2026-03-11 11:10:00-04:00,25.350000381469727,25.350000381469727,25.170000076293945,25.170000076293945,3849,0.0,0.0,APPN,5m
2026-03-11 11:15:00-04:00,25.149999618530273,25.360000610351562,25.149999618530273,25.360000610351562,4901,0.0,0.0,APPN,5m
2026-03-11 11:20:00-04:00,25.3700008392334,25.43000030517578,25.350000381469727,25.43000030517578,2364,0.0,0.0,APPN,5m
2026-03-11 11:25:00-04:00,25.420000076293945,25.440000534057617,25.38909912109375,25.38909912109375,3163,0.0,0.0,APPN,5m
2026-03-11 11:30:00-04:00,25.40999984741211,25.40999984741211,25.364999771118164,25.389999389648438,1727,0.0,0.0,APPN,5m
2026-03-11 11:35:00-04:00,25.405000686645508,25.405000686645508,25.354999542236328,25.354999542236328,2688,0.0,0.0,APPN,5m
2026-03-11 11:40:00-04:00,25.329999923706055,25.34000015258789,25.31999969482422,25.334999084472656,1833,0.0,0.0,APPN,5m
2026-03-11 11:45:00-04:00,25.3700008392334,25.389999389648438,25.34000015258789,25.34000015258789,1959,0.0,0.0,APPN,5m
2026-03-11 11:50:00-04:00,25.309999465942383,25.350000381469727,25.270000457763672,25.31999969482422,3500,0.0,0.0,APPN,5m
2026-03-11 11:55:00-04:00,25.31999969482422,25.360000610351562,25.31999969482422,25.329999923706055,1815,0.0,0.0,APPN,5m
2026-03-11 12:00:00-04:00,25.329999923706055,25.360000610351562,25.31999969482422,25.31999969482422,5737,0.0,0.0,APPN,5m
2026-03-11 12:05:00-04:00,25.329999923706055,25.329999923706055,25.229999542236328,25.229999542236328,3444,0.0,0.0,APPN,5m
2026-03-11 12:10:00-04:00,25.209999084472656,25.25,25.200000762939453,25.235000610351562,5895,0.0,0.0,APPN,5m
2026-03-11 12:15:00-04:00,25.25,25.25,25.15999984741211,25.18000030517578,3121,0.0,0.0,APPN,5m
2026-03-11 12:20:00-04:00,25.170000076293945,25.209999084472656,25.170000076293945,25.18000030517578,3215,0.0,0.0,APPN,5m
2026-03-11 12:25:00-04:00,25.204999923706055,25.209999084472656,25.204999923706055,25.209999084472656,1847,0.0,0.0,APPN,5m
2026-03-11 12:30:00-04:00,25.25,25.28499984741211,25.25,25.28499984741211,2157,0.0,0.0,APPN,5m
2026-03-11 12:35:00-04:00,25.280000686645508,25.280000686645508,25.18000030517578,25.18000030517578,2821,0.0,0.0,APPN,5m
2026-03-11 12:40:00-04:00,25.239999771118164,25.329999923706055,25.239999771118164,25.299999237060547,4018,0.0,0.0,APPN,5m
2026-03-11 12:45:00-04:00,25.34000015258789,25.405000686645508,25.299999237060547,25.299999237060547,4094,0.0,0.0,APPN,5m
2026-03-11 12:50:00-04:00,25.40999984741211,25.40999984741211,25.3700008392334,25.3700008392334,978,0.0,0.0,APPN,5m
2026-03-11 12:55:00-04:00,25.399999618530273,25.399999618530273,25.375,25.399999618530273,1659,0.0,0.0,APPN,5m
2026-03-11 13:00:00-04:00,25.3799991607666,25.489999771118164,25.375,25.469999313354492,8521,0.0,0.0,APPN,5m
2026-03-11 13:05:00-04:00,25.510000228881836,25.510000228881836,25.510000228881836,25.510000228881836,1372,0.0,0.0,APPN,5m
2026-03-11 13:10:00-04:00,25.450000762939453,25.459999084472656,25.43000030517578,25.450000762939453,3215,0.0,0.0,APPN,5m
2026-03-11 13:15:00-04:00,25.450000762939453,25.450000762939453,25.450000762939453,25.450000762939453,1085,0.0,0.0,APPN,5m
2026-03-11 13:20:00-04:00,25.459999084472656,25.489999771118164,25.439199447631836,25.439199447631836,3395,0.0,0.0,APPN,5m
2026-03-11 13:25:00-04:00,25.479999542236328,25.549999237060547,25.479999542236328,25.549999237060547,1948,0.0,0.0,APPN,5m
2026-03-11 13:30:00-04:00,25.520000457763672,25.520000457763672,25.459999084472656,25.479999542236328,3825,0.0,0.0,APPN,5m
2026-03-11 13:35:00-04:00,25.440000534057617,25.459999084472656,25.295000076293945,25.295000076293945,4499,0.0,0.0,APPN,5m
2026-03-11 13:40:00-04:00,25.360000610351562,25.3799991607666,25.299999237060547,25.299999237060547,1722,0.0,0.0,APPN,5m
2026-03-11 13:45:00-04:00,25.360000610351562,25.3799991607666,25.360000610351562,25.360000610351562,2847,0.0,0.0,APPN,5m
2026-03-11 13:50:00-04:00,25.354999542236328,25.354999542236328,25.299999237060547,25.309999465942383,2153,0.0,0.0,APPN,5m
2026-03-11 13:55:00-04:00,25.299999237060547,25.34000015258789,25.270000457763672,25.270000457763672,2540,0.0,0.0,APPN,5m
2026-03-11 14:00:00-04:00,25.299999237060547,25.34000015258789,25.299999237060547,25.309999465942383,2141,0.0,0.0,APPN,5m
2026-03-11 14:05:00-04:00,25.309999465942383,25.309999465942383,25.260000228881836,25.264999389648438,2216,0.0,0.0,APPN,5m
2026-03-11 14:10:00-04:00,25.219999313354492,25.27989959716797,25.219999313354492,25.27989959716797,3250,0.0,0.0,APPN,5m
2026-03-11 14:15:00-04:00,25.25,25.25,25.25,25.25,769,0.0,0.0,APPN,5m
2026-03-11 14:20:00-04:00,25.28499984741211,25.31999969482422,25.282499313354492,25.31999969482422,3039,0.0,0.0,APPN,5m
2026-03-11 14:25:00-04:00,25.350000381469727,25.389999389648438,25.350000381469727,25.385000228881836,2793,0.0,0.0,APPN,5m
2026-03-11 14:30:00-04:00,25.405000686645508,25.420000076293945,25.389999389648438,25.420000076293945,2288,0.0,0.0,APPN,5m
2026-03-11 14:35:00-04:00,25.389999389648438,25.389999389648438,25.34000015258789,25.34000015258789,2161,0.0,0.0,APPN,5m
2026-03-11 14:40:00-04:00,25.334999084472656,25.350000381469727,25.334999084472656,25.350000381469727,2214,0.0,0.0,APPN,5m
2026-03-11 14:45:00-04:00,25.31999969482422,25.329999923706055,25.31999969482422,25.329999923706055,3416,0.0,0.0,APPN,5m
2026-03-11 14:50:00-04:00,25.34000015258789,25.364999771118164,25.34000015258789,25.364999771118164,1858,0.0,0.0,APPN,5m
2026-03-11 14:55:00-04:00,25.350000381469727,25.360000610351562,25.295000076293945,25.360000610351562,5071,0.0,0.0,APPN,5m
2026-03-11 15:00:00-04:00,25.3799991607666,25.389999389648438,25.350000381469727,25.389999389648438,3247,0.0,0.0,APPN,5m
2026-03-11 15:05:00-04:00,25.385000228881836,25.43000030517578,25.385000228881836,25.43000030517578,2522,0.0,0.0,APPN,5m
2026-03-11 15:10:00-04:00,25.399999618530273,25.399999618530273,25.3700008392334,25.3700008392334,2604,0.0,0.0,APPN,5m
2026-03-11 15:15:00-04:00,25.399999618530273,25.399999618530273,25.3700008392334,25.3700008392334,2729,0.0,0.0,APPN,5m
2026-03-11 15:20:00-04:00,25.40999984741211,25.440000534057617,25.360000610351562,25.389999389648438,4678,0.0,0.0,APPN,5m
2026-03-11 15:25:00-04:00,25.3799991607666,25.40999984741211,25.375,25.40999984741211,3048,0.0,0.0,APPN,5m
2026-03-11 15:30:00-04:00,25.420000076293945,25.450000762939453,25.40999984741211,25.450000762939453,4146,0.0,0.0,APPN,5m
2026-03-11 15:35:00-04:00,25.450000762939453,25.480499267578125,25.420000076293945,25.480499267578125,10022,0.0,0.0,APPN,5m
2026-03-11 15:40:00-04:00,25.475500106811523,25.479999542236328,25.450000762939453,25.450000762939453,8157,0.0,0.0,APPN,5m
2026-03-11 15:45:00-04:00,25.450000762939453,25.485000610351562,25.450000762939453,25.485000610351562,10964,0.0,0.0,APPN,5m
2026-03-11 15:50:00-04:00,25.5,25.540000915527344,25.469999313354492,25.489999771118164,17689,0.0,0.0,APPN,5m
2026-03-11 15:55:00-04:00,25.5,25.540000915527344,25.461999893188477,25.520000457763672,66746,0.0,0.0,APPN,5m
2026-03-12 09:30:00-04:00,25.31999969482422,25.3700008392334,25.305099487304688,25.3700008392334,10097,0.0,0.0,APPN,5m
2026-03-12 09:35:00-04:00,25.3700008392334,25.670000076293945,25.3700008392334,25.514999389648438,4226,0.0,0.0,APPN,5m
2026-03-12 09:40:00-04:00,25.670000076293945,25.940000534057617,25.670000076293945,25.790000915527344,5893,0.0,0.0,APPN,5m
2026-03-12 09:45:00-04:00,25.540000915527344,25.540000915527344,25.360000610351562,25.43000030517578,7070,0.0,0.0,APPN,5m
2026-03-12 09:50:00-04:00,25.434999465942383,25.709999084472656,25.43000030517578,25.709999084472656,7300,0.0,0.0,APPN,5m
2026-03-12 09:55:00-04:00,25.700000762939453,25.700000762939453,25.594900131225586,25.649999618530273,6932,0.0,0.0,APPN,5m
2026-03-12 10:00:00-04:00,25.75,25.75,25.6299991607666,25.674999237060547,4230,0.0,0.0,APPN,5m
2026-03-12 10:05:00-04:00,25.6200008392334,25.65999984741211,25.6200008392334,25.639999389648438,5233,0.0,0.0,APPN,5m
2026-03-12 10:10:00-04:00,25.6200008392334,25.799999237060547,25.6200008392334,25.799999237060547,2631,0.0,0.0,APPN,5m
2026-03-12 10:15:00-04:00,25.780000686645508,25.81999969482422,25.769899368286133,25.769899368286133,8571,0.0,0.0,APPN,5m
2026-03-12 10:20:00-04:00,25.709999084472656,25.739999771118164,25.59000015258789,25.739999771118164,4126,0.0,0.0,APPN,5m
2026-03-12 10:25:00-04:00,25.799999237060547,25.8799991607666,25.799999237060547,25.81999969482422,5853,0.0,0.0,APPN,5m
2026-03-12 10:30:00-04:00,25.80500030517578,25.80500030517578,25.655000686645508,25.719999313354492,10498,0.0,0.0,APPN,5m
2026-03-12 10:35:00-04:00,25.764999389648438,25.989999771118164,25.764999389648438,25.989999771118164,3112,0.0,0.0,APPN,5m
2026-03-12 10:40:00-04:00,26.030000686645508,26.030000686645508,25.889999389648438,25.889999389648438,3043,0.0,0.0,APPN,5m
2026-03-12 10:45:00-04:00,25.860000610351562,26.030000686645508,25.860000610351562,26.030000686645508,3233,0.0,0.0,APPN,5m
2026-03-12 10:50:00-04:00,25.895000457763672,25.93000030517578,25.850000381469727,25.93000030517578,5441,0.0,0.0,APPN,5m
2026-03-12 10:55:00-04:00,25.940000534057617,26.0,25.84000015258789,25.8700008392334,2897,0.0,0.0,APPN,5m
2026-03-12 11:00:00-04:00,25.889999389648438,25.889999389648438,25.729999542236328,25.760000228881836,6130,0.0,0.0,APPN,5m
2026-03-12 11:05:00-04:00,25.795000076293945,25.829999923706055,25.795000076293945,25.795000076293945,1837,0.0,0.0,APPN,5m
2026-03-12 11:10:00-04:00,25.7450008392334,25.760000228881836,25.65999984741211,25.65999984741211,3627,0.0,0.0,APPN,5m
2026-03-12 11:15:00-04:00,25.700000762939453,25.700000762939453,25.667499542236328,25.69499969482422,2087,0.0,0.0,APPN,5m
2026-03-12 11:20:00-04:00,25.719999313354492,25.719999313354492,25.6200008392334,25.6200008392334,4240,0.0,0.0,APPN,5m
2026-03-12 11:25:00-04:00,25.579999923706055,25.579999923706055,25.579999923706055,25.579999923706055,572,0.0,0.0,APPN,5m
2026-03-12 11:30:00-04:00,25.625,25.6299991607666,25.579999923706055,25.6299991607666,2736,0.0,0.0,APPN,5m
2026-03-12 11:35:00-04:00,25.670000076293945,25.690000534057617,25.56999969482422,25.68000030517578,5196,0.0,0.0,APPN,5m
2026-03-12 11:40:00-04:00,25.729999542236328,25.739999771118164,25.670000076293945,25.739999771118164,3213,0.0,0.0,APPN,5m
2026-03-12 11:45:00-04:00,25.709999084472656,25.71500015258789,25.6299991607666,25.639999389648438,4081,0.0,0.0,APPN,5m
2026-03-12 11:50:00-04:00,25.549999237060547,25.634599685668945,25.110000610351562,25.53070068359375,85176,0.0,0.0,APPN,5m
2026-03-12 11:55:00-04:00,25.530000686645508,25.530000686645508,25.40999984741211,25.420000076293945,5400,0.0,0.0,APPN,5m
2026-03-12 12:00:00-04:00,25.450000762939453,25.45949935913086,25.18199920654297,25.290000915527344,6870,0.0,0.0,APPN,5m
2026-03-12 12:05:00-04:00,25.25,25.25,25.18000030517578,25.190000534057617,4043,0.0,0.0,APPN,5m
2026-03-12 12:10:00-04:00,25.200000762939453,25.25,25.1299991607666,25.25,2620,0.0,0.0,APPN,5m
2026-03-12 12:15:00-04:00,25.25,25.31999969482422,25.25,25.315000534057617,2689,0.0,0.0,APPN,5m
2026-03-12 12:20:00-04:00,25.364999771118164,25.43000030517578,25.329999923706055,25.329999923706055,5399,0.0,0.0,APPN,5m
2026-03-12 12:25:00-04:00,25.260000228881836,25.270000457763672,25.229999542236328,25.229999542236328,3982,0.0,0.0,APPN,5m
2026-03-12 12:30:00-04:00,25.209999084472656,25.229999542236328,25.18000030517578,25.219999313354492,3717,0.0,0.0,APPN,5m
2026-03-12 12:35:00-04:00,25.25,25.339000701904297,25.25,25.31999969482422,2068,0.0,0.0,APPN,5m
2026-03-12 12:40:00-04:00,25.31999969482422,25.31999969482422,25.229999542236328,25.229999542236328,2198,0.0,0.0,APPN,5m
2026-03-12 12:45:00-04:00,25.25,25.28499984741211,25.239999771118164,25.28499984741211,3094,0.0,0.0,APPN,5m
2026-03-12 12:50:00-04:00,25.329999923706055,25.329999923706055,25.270000457763672,25.329999923706055,2417,0.0,0.0,APPN,5m
2026-03-12 12:55:00-04:00,25.290000915527344,25.309999465942383,25.280000686645508,25.280000686645508,3703,0.0,0.0,APPN,5m
2026-03-12 13:00:00-04:00,25.280000686645508,25.280000686645508,25.280000686645508,25.280000686645508,1223,0.0,0.0,APPN,5m
2026-03-12 13:05:00-04:00,25.34000015258789,25.34000015258789,25.260000228881836,25.260000228881836,3138,0.0,0.0,APPN,5m
2026-03-12 13:10:00-04:00,25.229999542236328,25.25,25.229999542236328,25.239999771118164,1417,0.0,0.0,APPN,5m
2026-03-12 13:15:00-04:00,25.25,25.270000457763672,25.229999542236328,25.270000457763672,1714,0.0,0.0,APPN,5m
2026-03-12 13:20:00-04:00,25.260000228881836,25.260000228881836,25.260000228881836,25.260000228881836,398,0.0,0.0,APPN,5m
2026-03-12 13:25:00-04:00,25.239999771118164,25.308900833129883,25.239999771118164,25.264999389648438,4910,0.0,0.0,APPN,5m
2026-03-12 13:35:00-04:00,25.360000610351562,25.360000610351562,25.350000381469727,25.354999542236328,2713,0.0,0.0,APPN,5m
2026-03-12 13:40:00-04:00,25.350000381469727,25.350000381469727,25.290000915527344,25.309999465942383,5052,0.0,0.0,APPN,5m
2026-03-12 13:45:00-04:00,25.295000076293945,25.3700008392334,25.274999618530273,25.274999618530273,3705,0.0,0.0,APPN,5m
2026-03-12 13:50:00-04:00,25.18000030517578,25.18000030517578,25.18000030517578,25.18000030517578,367,0.0,0.0,APPN,5m
2026-03-12 13:55:00-04:00,25.149999618530273,25.149999618530273,25.149999618530273,25.149999618530273,1620,0.0,0.0,APPN,5m
2026-03-12 14:00:00-04:00,25.219999313354492,25.219999313354492,25.219999313354492,25.219999313354492,634,0.0,0.0,APPN,5m
2026-03-12 14:05:00-04:00,25.149999618530273,25.190000534057617,25.149999618530273,25.149999618530273,1891,0.0,0.0,APPN,5m
2026-03-12 14:10:00-04:00,25.190000534057617,25.229999542236328,25.190000534057617,25.229999542236328,855,0.0,0.0,APPN,5m
2026-03-12 14:15:00-04:00,25.19499969482422,25.204999923706055,25.190000534057617,25.190000534057617,2416,0.0,0.0,APPN,5m
2026-03-12 14:20:00-04:00,25.219999313354492,25.235000610351562,25.204999923706055,25.204999923706055,6714,0.0,0.0,APPN,5m
2026-03-12 14:25:00-04:00,25.190000534057617,25.190000534057617,25.170000076293945,25.170000076293945,1634,0.0,0.0,APPN,5m
2026-03-12 14:30:00-04:00,25.15999984741211,25.190000534057617,25.15999984741211,25.190000534057617,1578,0.0,0.0,APPN,5m
2026-03-12 14:35:00-04:00,25.1200008392334,25.155000686645508,25.114999771118164,25.155000686645508,2996,0.0,0.0,APPN,5m
2026-03-12 14:40:00-04:00,25.15999984741211,25.15999984741211,25.1299991607666,25.1299991607666,1419,0.0,0.0,APPN,5m
2026-03-12 14:45:00-04:00,25.155000686645508,25.190000534057617,25.100000381469727,25.139999389648438,4520,0.0,0.0,APPN,5m
2026-03-12 14:50:00-04:00,25.18000030517578,25.229999542236328,25.18000030517578,25.18000030517578,3169,0.0,0.0,APPN,5m
2026-03-12 14:55:00-04:00,25.1299991607666,25.1299991607666,25.1299991607666,25.1299991607666,961,0.0,0.0,APPN,5m
2026-03-12 15:00:00-04:00,25.200000762939453,25.200000762939453,25.065000534057617,25.1200008392334,5749,0.0,0.0,APPN,5m
2026-03-12 15:05:00-04:00,25.110000610351562,25.139999389648438,25.110000610351562,25.1200008392334,3869,0.0,0.0,APPN,5m
2026-03-12 15:10:00-04:00,25.100000381469727,25.139999389648438,25.09000015258789,25.139999389648438,3281,0.0,0.0,APPN,5m
2026-03-12 15:15:00-04:00,25.125,25.125,25.125,25.125,1417,0.0,0.0,APPN,5m
2026-03-12 15:20:00-04:00,25.139999389648438,25.15999984741211,25.139999389648438,25.149999618530273,3796,0.0,0.0,APPN,5m
2026-03-12 15:25:00-04:00,25.139999389648438,25.149999618530273,25.1299991607666,25.139999389648438,2635,0.0,0.0,APPN,5m
2026-03-12 15:30:00-04:00,25.15999984741211,25.18000030517578,25.15999984741211,25.170000076293945,3596,0.0,0.0,APPN,5m
2026-03-12 15:35:00-04:00,25.174999237060547,25.200000762939453,25.149999618530273,25.200000762939453,6861,0.0,0.0,APPN,5m
2026-03-12 15:40:00-04:00,25.1299991607666,25.13599967956543,25.06999969482422,25.06999969482422,8865,0.0,0.0,APPN,5m
2026-03-12 15:45:00-04:00,25.100000381469727,25.1200008392334,25.059999465942383,25.059999465942383,8460,0.0,0.0,APPN,5m
2026-03-12 15:50:00-04:00,25.059999465942383,25.125,25.04010009765625,25.1200008392334,15932,0.0,0.0,APPN,5m
2026-03-12 15:55:00-04:00,25.1200008392334,25.170000076293945,25.104999542236328,25.139999389648438,59109,0.0,0.0,APPN,5m
2026-03-13 09:30:00-04:00,25.18000030517578,25.45439910888672,25.18000030517578,25.25,10628,0.0,0.0,APPN,5m
2026-03-13 09:35:00-04:00,25.170000076293945,25.170000076293945,25.170000076293945,25.170000076293945,1185,0.0,0.0,APPN,5m
2026-03-13 09:40:00-04:00,25.479999542236328,25.5,25.375,25.454999923706055,3820,0.0,0.0,APPN,5m
2026-03-13 09:45:00-04:00,25.40999984741211,25.520000457763672,25.40999984741211,25.475000381469727,2191,0.0,0.0,APPN,5m
2026-03-13 09:50:00-04:00,25.469999313354492,25.540000915527344,25.469999313354492,25.540000915527344,896,0.0,0.0,APPN,5m
2026-03-13 09:55:00-04:00,25.579999923706055,25.790000915527344,25.579999923706055,25.790000915527344,12541,0.0,0.0,APPN,5m
2026-03-13 10:00:00-04:00,25.65999984741211,25.68000030517578,25.56999969482422,25.665000915527344,15622,0.0,0.0,APPN,5m
2026-03-13 10:05:00-04:00,25.690000534057617,25.770000457763672,25.684999465942383,25.729999542236328,3909,0.0,0.0,APPN,5m
2026-03-13 10:10:00-04:00,25.799999237060547,25.799999237060547,25.690000534057617,25.780000686645508,5301,0.0,0.0,APPN,5m
2026-03-13 10:15:00-04:00,25.799999237060547,25.799999237060547,25.739999771118164,25.739999771118164,4105,0.0,0.0,APPN,5m
2026-03-13 10:20:00-04:00,25.809999465942383,25.829999923706055,25.799999237060547,25.80500030517578,2390,0.0,0.0,APPN,5m
2026-03-13 10:25:00-04:00,25.899999618530273,25.989999771118164,25.899999618530273,25.989999771118164,4217,0.0,0.0,APPN,5m
2026-03-13 10:30:00-04:00,25.979999542236328,26.030000686645508,25.867399215698242,25.867399215698242,6828,0.0,0.0,APPN,5m
2026-03-13 10:35:00-04:00,25.86359977722168,25.86359977722168,25.732500076293945,25.829999923706055,3674,0.0,0.0,APPN,5m
2026-03-13 10:40:00-04:00,25.867000579833984,25.867000579833984,25.665000915527344,25.665000915527344,25539,0.0,0.0,APPN,5m
2026-03-13 10:45:00-04:00,25.639999389648438,25.639999389648438,25.489999771118164,25.6299991607666,38973,0.0,0.0,APPN,5m
2026-03-13 10:50:00-04:00,25.65999984741211,25.690000534057617,25.59000015258789,25.68000030517578,11771,0.0,0.0,APPN,5m
2026-03-13 10:55:00-04:00,25.700000762939453,25.719999313354492,25.575000762939453,25.575000762939453,12031,0.0,0.0,APPN,5m
2026-03-13 11:00:00-04:00,25.639999389648438,25.649999618530273,25.3799991607666,25.389999389648438,5737,0.0,0.0,APPN,5m
2026-03-13 11:05:00-04:00,25.329999923706055,25.329999923706055,25.229999542236328,25.229999542236328,1952,0.0,0.0,APPN,5m
2026-03-13 11:10:00-04:00,25.295000076293945,25.360000610351562,25.260000228881836,25.360000610351562,5073,0.0,0.0,APPN,5m
2026-03-13 11:15:00-04:00,25.325000762939453,25.579999923706055,25.325000762939453,25.485000610351562,21512,0.0,0.0,APPN,5m
2026-03-13 11:20:00-04:00,25.485000610351562,25.485000610351562,25.239999771118164,25.239999771118164,9414,0.0,0.0,APPN,5m
2026-03-13 11:25:00-04:00,25.2549991607666,25.270000457763672,25.200000762939453,25.235000610351562,14187,0.0,0.0,APPN,5m
2026-03-13 11:30:00-04:00,25.209999084472656,25.260000228881836,25.18000030517578,25.25,5050,0.0,0.0,APPN,5m
2026-03-13 11:35:00-04:00,25.209999084472656,25.25,25.1299991607666,25.25,5043,0.0,0.0,APPN,5m
2026-03-13 11:40:00-04:00,25.25,25.274999618530273,25.200000762939453,25.274999618530273,17530,0.0,0.0,APPN,5m
2026-03-13 11:45:00-04:00,25.274999618530273,25.295000076293945,25.145000457763672,25.295000076293945,31267,0.0,0.0,APPN,5m
2026-03-13 11:50:00-04:00,25.299999237060547,25.3075008392334,25.135000228881836,25.25,18680,0.0,0.0,APPN,5m
2026-03-13 11:55:00-04:00,25.260000228881836,25.28499984741211,25.145000457763672,25.145000457763672,5727,0.0,0.0,APPN,5m
2026-03-13 12:00:00-04:00,25.139999389648438,25.360000610351562,25.139999389648438,25.290000915527344,8298,0.0,0.0,APPN,5m
2026-03-13 12:05:00-04:00,25.34000015258789,25.389999389648438,25.280000686645508,25.280000686645508,2541,0.0,0.0,APPN,5m
2026-03-13 12:10:00-04:00,25.33930015563965,25.34000015258789,25.299999237060547,25.309999465942383,2201,0.0,0.0,APPN,5m
2026-03-13 12:15:00-04:00,25.309999465942383,25.420000076293945,25.309999465942383,25.375,4544,0.0,0.0,APPN,5m
2026-03-13 12:20:00-04:00,25.420000076293945,25.420000076293945,25.31999969482422,25.31999969482422,3157,0.0,0.0,APPN,5m
2026-03-13 12:25:00-04:00,25.334999084472656,25.399999618530273,25.309999465942383,25.3700008392334,6149,0.0,0.0,APPN,5m
2026-03-13 12:30:00-04:00,25.360000610351562,25.40999984741211,25.360000610351562,25.360000610351562,3160,0.0,0.0,APPN,5m
2026-03-13 12:35:00-04:00,25.399999618530273,25.420000076293945,25.350000381469727,25.350000381469727,3714,0.0,0.0,APPN,5m
2026-03-13 12:40:00-04:00,25.360000610351562,25.399999618530273,25.30500030517578,25.34000015258789,6935,0.0,0.0,APPN,5m
2026-03-13 12:45:00-04:00,25.34000015258789,25.34000015258789,25.290000915527344,25.31999969482422,4173,0.0,0.0,APPN,5m
2026-03-13 12:50:00-04:00,25.3799991607666,25.399999618530273,25.34000015258789,25.399900436401367,4379,0.0,0.0,APPN,5m
2026-03-13 12:55:00-04:00,25.3700008392334,25.3700008392334,25.309999465942383,25.360000610351562,5632,0.0,0.0,APPN,5m
2026-03-13 13:00:00-04:00,25.354999542236328,25.40999984741211,25.344999313354492,25.375,2629,0.0,0.0,APPN,5m
2026-03-13 13:05:00-04:00,25.375,25.40999984741211,25.360000610351562,25.389999389648438,1514,0.0,0.0,APPN,5m
2026-03-13 13:10:00-04:00,25.34000015258789,25.40999984741211,25.34000015258789,25.360000610351562,8805,0.0,0.0,APPN,5m
2026-03-13 13:15:00-04:00,25.399999618530273,25.399999618530273,25.350000381469727,25.354999542236328,2776,0.0,0.0,APPN,5m
2026-03-13 13:20:00-04:00,25.354999542236328,25.420000076293945,25.354999542236328,25.3700008392334,5892,0.0,0.0,APPN,5m
2026-03-13 13:25:00-04:00,25.399999618530273,25.469999313354492,25.399999618530273,25.459999084472656,6184,0.0,0.0,APPN,5m
2026-03-13 13:30:00-04:00,25.479999542236328,25.5,25.420000076293945,25.450000762939453,3058,0.0,0.0,APPN,5m
2026-03-13 13:35:00-04:00,25.459999084472656,25.510000228881836,25.43000030517578,25.510000228881836,5942,0.0,0.0,APPN,5m
2026-03-13 13:40:00-04:00,25.520000457763672,25.520000457763672,25.440000534057617,25.469999313354492,4476,0.0,0.0,APPN,5m
2026-03-13 13:45:00-04:00,25.450000762939453,25.450000762939453,25.329999923706055,25.329999923706055,2791,0.0,0.0,APPN,5m
2026-03-13 13:50:00-04:00,25.360000610351562,25.3700008392334,25.350000381469727,25.350000381469727,2514,0.0,0.0,APPN,5m
2026-03-13 13:55:00-04:00,25.344999313354492,25.389999389648438,25.31999969482422,25.31999969482422,3752,0.0,0.0,APPN,5m
2026-03-13 14:00:00-04:00,25.350000381469727,25.3700008392334,25.34000015258789,25.34000015258789,3073,0.0,0.0,APPN,5m
2026-03-13 14:05:00-04:00,25.34000015258789,25.399999618530273,25.34000015258789,25.399999618530273,5565,0.0,0.0,APPN,5m
2026-03-13 14:10:00-04:00,25.450000762939453,25.59000015258789,25.450000762939453,25.520000457763672,13641,0.0,0.0,APPN,5m
2026-03-13 14:15:00-04:00,25.5,25.5,25.43000030517578,25.43000030517578,3361,0.0,0.0,APPN,5m
2026-03-13 14:20:00-04:00,25.420000076293945,25.489999771118164,25.420000076293945,25.440000534057617,6287,0.0,0.0,APPN,5m
2026-03-13 14:25:00-04:00,25.469999313354492,25.520000457763672,25.46500015258789,25.489999771118164,5153,0.0,0.0,APPN,5m
2026-03-13 14:30:00-04:00,25.489999771118164,25.540000915527344,25.489999771118164,25.540000915527344,2981,0.0,0.0,APPN,5m
2026-03-13 14:35:00-04:00,25.489999771118164,25.510000228881836,25.489999771118164,25.510000228881836,3146,0.0,0.0,APPN,5m
2026-03-13 14:40:00-04:00,25.524999618530273,25.524999618530273,25.454999923706055,25.489999771118164,7958,0.0,0.0,APPN,5m
2026-03-13 14:45:00-04:00,25.479999542236328,25.479999542236328,25.450000762939453,25.469999313354492,2550,0.0,0.0,APPN,5m
2026-03-13 14:50:00-04:00,25.469999313354492,25.5,25.450000762939453,25.459999084472656,8333,0.0,0.0,APPN,5m
2026-03-13 14:55:00-04:00,25.440000534057617,25.479400634765625,25.420000076293945,25.479400634765625,3293,0.0,0.0,APPN,5m
2026-03-13 15:00:00-04:00,25.469999313354492,25.469999313354492,25.420000076293945,25.440000534057617,4028,0.0,0.0,APPN,5m
2026-03-13 15:05:00-04:00,25.459999084472656,25.459999084472656,25.3799991607666,25.3799991607666,4842,0.0,0.0,APPN,5m
2026-03-13 15:10:00-04:00,25.405000686645508,25.40999984741211,25.344999313354492,25.375,8403,0.0,0.0,APPN,5m
2026-03-13 15:15:00-04:00,25.40999984741211,25.43000030517578,25.364999771118164,25.415000915527344,12044,0.0,0.0,APPN,5m
2026-03-13 15:20:00-04:00,25.420000076293945,25.479999542236328,25.399999618530273,25.479999542236328,9813,0.0,0.0,APPN,5m
2026-03-13 15:25:00-04:00,25.5,25.5,25.360000610351562,25.360000610351562,6724,0.0,0.0,APPN,5m
2026-03-13 15:30:00-04:00,25.399999618530273,25.40999984741211,25.3700008392334,25.3700008392334,6905,0.0,0.0,APPN,5m
2026-03-13 15:35:00-04:00,25.3700008392334,25.399999618530273,25.3700008392334,25.389999389648438,4948,0.0,0.0,APPN,5m
2026-03-13 15:40:00-04:00,25.3700008392334,25.420000076293945,25.3700008392334,25.395000457763672,13672,0.0,0.0,APPN,5m
2026-03-13 15:45:00-04:00,25.415000915527344,25.450000762939453,25.399999618530273,25.450000762939453,11662,0.0,0.0,APPN,5m
2026-03-13 15:50:00-04:00,25.469999313354492,25.649999618530273,25.469999313354492,25.510000228881836,38156,0.0,0.0,APPN,5m
2026-03-13 15:55:00-04:00,25.559999465942383,25.604999542236328,25.549999237060547,25.59000015258789,74151,0.0,0.0,APPN,5m
2026-03-16 09:30:00-04:00,25.6299991607666,25.760000228881836,25.34000015258789,25.674999237060547,6563,0.0,0.0,APPN,5m
2026-03-16 09:35:00-04:00,25.69499969482422,25.790000915527344,25.68000030517578,25.790000915527344,2295,0.0,0.0,APPN,5m
2026-03-16 09:40:00-04:00,25.639999389648438,25.764999389648438,25.43000030517578,25.625,12517,0.0,0.0,APPN,5m
2026-03-16 09:45:00-04:00,25.649999618530273,25.719999313354492,25.450000762939453,25.600000381469727,50564,0.0,0.0,APPN,5m
2026-03-16 09:50:00-04:00,25.649999618530273,25.780000686645508,25.5935001373291,25.665000915527344,6209,0.0,0.0,APPN,5m
2026-03-16 09:55:00-04:00,25.75,25.860000610351562,25.75,25.860000610351562,2339,0.0,0.0,APPN,5m
2026-03-16 10:00:00-04:00,25.860000610351562,25.969999313354492,25.850000381469727,25.850000381469727,2603,0.0,0.0,APPN,5m
2026-03-16 10:05:00-04:00,25.895000457763672,26.100000381469727,25.895000457763672,26.100000381469727,2368,0.0,0.0,APPN,5m
2026-03-16 10:10:00-04:00,26.100000381469727,26.100000381469727,25.950000762939453,25.950000762939453,1141,0.0,0.0,APPN,5m
2026-03-16 10:15:00-04:00,25.959999084472656,25.989999771118164,25.899999618530273,25.950000762939453,2832,0.0,0.0,APPN,5m
2026-03-16 10:20:00-04:00,25.9950008392334,25.9950008392334,25.91010093688965,25.9950008392334,790,0.0,0.0,APPN,5m
2026-03-16 10:25:00-04:00,26.0,26.0,25.920000076293945,25.95210075378418,1966,0.0,0.0,APPN,5m
2026-03-16 10:30:00-04:00,25.809999465942383,25.899999618530273,25.790000915527344,25.790000915527344,3425,0.0,0.0,APPN,5m
2026-03-16 10:35:00-04:00,25.889999389648438,25.899999618530273,25.780000686645508,25.780000686645508,2468,0.0,0.0,APPN,5m
2026-03-16 10:40:00-04:00,25.78499984741211,25.78499984741211,25.709999084472656,25.709999084472656,1200,0.0,0.0,APPN,5m
2026-03-16 10:45:00-04:00,25.770000457763672,25.770000457763672,25.68000030517578,25.68000030517578,1967,0.0,0.0,APPN,5m
2026-03-16 10:50:00-04:00,25.690000534057617,25.75,25.58799934387207,25.719999313354492,4859,0.0,0.0,APPN,5m
2026-03-16 10:55:00-04:00,25.75,25.760000228881836,25.645000457763672,25.645000457763672,14509,0.0,0.0,APPN,5m
2026-03-16 11:00:00-04:00,25.700000762939453,25.81999969482422,25.700000762939453,25.809999465942383,7893,0.0,0.0,APPN,5m
2026-03-16 11:05:00-04:00,25.75,25.780000686645508,25.719999313354492,25.780000686645508,8025,0.0,0.0,APPN,5m
2026-03-16 11:10:00-04:00,25.84000015258789,25.920000076293945,25.820600509643555,25.875,3435,0.0,0.0,APPN,5m
2026-03-16 11:15:00-04:00,25.829999923706055,25.8700008392334,25.829999923706055,25.84000015258789,1409,0.0,0.0,APPN,5m
2026-03-16 11:20:00-04:00,25.875,25.90999984741211,25.860000610351562,25.8700008392334,3509,0.0,0.0,APPN,5m
2026-03-16 11:25:00-04:00,25.899999618530273,25.905000686645508,25.899999618530273,25.905000686645508,2388,0.0,0.0,APPN,5m
2026-03-16 11:30:00-04:00,25.90999984741211,25.940000534057617,25.850000381469727,25.920000076293945,3061,0.0,0.0,APPN,5m
2026-03-16 11:35:00-04:00,25.899999618530273,25.899999618530273,25.850000381469727,25.850000381469727,1067,0.0,0.0,APPN,5m
2026-03-16 11:40:00-04:00,25.860000610351562,25.889999389648438,25.780000686645508,25.780000686645508,2192,0.0,0.0,APPN,5m
2026-03-16 11:45:00-04:00,25.825000762939453,25.8700008392334,25.825000762939453,25.84000015258789,1319,0.0,0.0,APPN,5m
2026-03-16 11:50:00-04:00,25.829999923706055,25.850000381469727,25.799999237060547,25.850000381469727,2778,0.0,0.0,APPN,5m
2026-03-16 11:55:00-04:00,25.81999969482422,25.829999923706055,25.790000915527344,25.790000915527344,1357,0.0,0.0,APPN,5m
2026-03-16 12:00:00-04:00,25.81999969482422,25.850000381469727,25.809999465942383,25.850000381469727,1655,0.0,0.0,APPN,5m
2026-03-16 12:05:00-04:00,25.86989974975586,25.86989974975586,25.86989974975586,25.86989974975586,1542,0.0,0.0,APPN,5m
2026-03-16 12:10:00-04:00,25.8700008392334,25.920000076293945,25.850000381469727,25.920000076293945,5612,0.0,0.0,APPN,5m
2026-03-16 12:15:00-04:00,25.969999313354492,26.0049991607666,25.969999313354492,25.979999542236328,1465,0.0,0.0,APPN,5m
2026-03-16 12:20:00-04:00,25.969999313354492,26.01919937133789,25.875,25.875,4563,0.0,0.0,APPN,5m
2026-03-16 12:25:00-04:00,25.81999969482422,25.825000762939453,25.790000915527344,25.790000915527344,1464,0.0,0.0,APPN,5m
2026-03-16 12:30:00-04:00,25.790000915527344,25.84000015258789,25.790000915527344,25.799999237060547,1274,0.0,0.0,APPN,5m
2026-03-16 12:35:00-04:00,25.829999923706055,25.8799991607666,25.829999923706055,25.850000381469727,1690,0.0,0.0,APPN,5m
2026-03-16 12:40:00-04:00,25.889999389648438,25.989999771118164,25.889999389648438,25.969999313354492,2928,0.0,0.0,APPN,5m
2026-03-16 12:45:00-04:00,25.950000762939453,25.969999313354492,25.950000762939453,25.969999313354492,1767,0.0,0.0,APPN,5m
2026-03-16 12:50:00-04:00,26.010000228881836,26.010000228881836,25.950000762939453,25.950000762939453,1035,0.0,0.0,APPN,5m
2026-03-16 12:55:00-04:00,25.950000762939453,25.950000762939453,25.920000076293945,25.920000076293945,2120,0.0,0.0,APPN,5m
2026-03-16 13:00:00-04:00,25.979999542236328,26.014999389648438,25.969999313354492,25.969999313354492,2822,0.0,0.0,APPN,5m
2026-03-16 13:05:00-04:00,25.959999084472656,25.959999084472656,25.940000534057617,25.954999923706055,1618,0.0,0.0,APPN,5m
2026-03-16 13:10:00-04:00,25.959999084472656,25.979999542236328,25.940000534057617,25.959999084472656,1957,0.0,0.0,APPN,5m
2026-03-16 13:15:00-04:00,25.96500015258789,26.079999923706055,25.96500015258789,26.079999923706055,2228,0.0,0.0,APPN,5m
2026-03-16 13:20:00-04:00,26.06999969482422,26.06999969482422,26.06999969482422,26.06999969482422,1014,0.0,0.0,APPN,5m
2026-03-16 13:25:00-04:00,26.059999465942383,26.059999465942383,26.0,26.0,3454,0.0,0.0,APPN,5m
2026-03-16 13:30:00-04:00,25.959999084472656,25.969999313354492,25.940000534057617,25.940000534057617,1423,0.0,0.0,APPN,5m
2026-03-16 13:35:00-04:00,26.010000228881836,26.020000457763672,25.969999313354492,25.979999542236328,2343,0.0,0.0,APPN,5m
2026-03-16 13:40:00-04:00,25.9950008392334,25.9950008392334,25.905000686645508,25.920000076293945,4801,0.0,0.0,APPN,5m
2026-03-16 13:45:00-04:00,25.90999984741211,25.93000030517578,25.8799991607666,25.8799991607666,1558,0.0,0.0,APPN,5m
2026-03-16 13:50:00-04:00,25.8700008392334,25.90999984741211,25.829999923706055,25.90999984741211,2427,0.0,0.0,APPN,5m
2026-03-16 13:55:00-04:00,25.860000610351562,25.920000076293945,25.860000610351562,25.920000076293945,1303,0.0,0.0,APPN,5m
2026-03-16 14:00:00-04:00,25.920000076293945,25.920000076293945,25.899999618530273,25.90999984741211,1787,0.0,0.0,APPN,5m
2026-03-16 14:05:00-04:00,25.90999984741211,25.939899444580078,25.90999984741211,25.939899444580078,1103,0.0,0.0,APPN,5m
2026-03-16 14:10:00-04:00,25.915000915527344,25.979999542236328,25.8799991607666,25.979999542236328,3261,0.0,0.0,APPN,5m
2026-03-16 14:15:00-04:00,25.975000381469727,25.975000381469727,25.975000381469727,25.975000381469727,1312,0.0,0.0,APPN,5m
2026-03-16 14:20:00-04:00,25.950000762939453,26.0,25.940000534057617,25.989999771118164,2728,0.0,0.0,APPN,5m
2026-03-16 14:25:00-04:00,25.979999542236328,25.979999542236328,25.940000534057617,25.940000534057617,3677,0.0,0.0,APPN,5m
2026-03-16 14:30:00-04:00,25.975000381469727,25.98430061340332,25.90999984741211,25.959999084472656,3713,0.0,0.0,APPN,5m
2026-03-16 14:35:00-04:00,25.969999313354492,26.030000686645508,25.969999313354492,26.030000686645508,2283,0.0,0.0,APPN,5m
2026-03-16 14:40:00-04:00,26.010000228881836,26.079999923706055,26.010000228881836,26.079999923706055,1803,0.0,0.0,APPN,5m
2026-03-16 14:45:00-04:00,26.079999923706055,26.09000015258789,26.030000686645508,26.030000686645508,2138,0.0,0.0,APPN,5m
2026-03-16 14:50:00-04:00,26.05500030517578,26.05500030517578,25.979999542236328,25.979999542236328,3682,0.0,0.0,APPN,5m
2026-03-16 14:55:00-04:00,25.950000762939453,25.969999313354492,25.90999984741211,25.90999984741211,2314,0.0,0.0,APPN,5m
2026-03-16 15:00:00-04:00,25.950000762939453,25.950000762939453,25.905000686645508,25.905000686645508,3821,0.0,0.0,APPN,5m
2026-03-16 15:05:00-04:00,25.899999618530273,25.93000030517578,25.8799991607666,25.899999618530273,5548,0.0,0.0,APPN,5m
2026-03-16 15:10:00-04:00,25.91819953918457,25.950000762939453,25.729999542236328,25.760000228881836,5064,0.0,0.0,APPN,5m
2026-03-16 15:15:00-04:00,25.747499465942383,25.7549991607666,25.719999313354492,25.719999313354492,1931,0.0,0.0,APPN,5m
2026-03-16 15:20:00-04:00,25.739999771118164,25.75,25.719999313354492,25.719999313354492,1246,0.0,0.0,APPN,5m
2026-03-16 15:25:00-04:00,25.719999313354492,25.75,25.700000762939453,25.719999313354492,3174,0.0,0.0,APPN,5m
2026-03-16 15:30:00-04:00,25.71500015258789,25.719999313354492,25.690000534057617,25.709999084472656,2860,0.0,0.0,APPN,5m
2026-03-16 15:35:00-04:00,25.68000030517578,25.71500015258789,25.68000030517578,25.700000762939453,2492,0.0,0.0,APPN,5m
2026-03-16 15:40:00-04:00,25.65999984741211,25.674999237060547,25.649999618530273,25.674999237060547,2718,0.0,0.0,APPN,5m
2026-03-16 15:45:00-04:00,25.68000030517578,25.709999084472656,25.674999237060547,25.709999084472656,5556,0.0,0.0,APPN,5m
2026-03-16 15:50:00-04:00,25.709999084472656,25.725000381469727,25.690000534057617,25.714000701904297,9424,0.0,0.0,APPN,5m
2026-03-16 15:55:00-04:00,25.690000534057617,25.690000534057617,25.600000381469727,25.649999618530273,51826,0.0,0.0,APPN,5m
2026-03-17 09:30:00-04:00,25.690000534057617,26.165000915527344,25.690000534057617,26.15999984741211,6406,0.0,0.0,APPN,5m
2026-03-17 09:35:00-04:00,26.309999465942383,26.31999969482422,26.1299991607666,26.1299991607666,8584,0.0,0.0,APPN,5m
2026-03-17 09:40:00-04:00,26.1299991607666,26.450000762939453,26.1299991607666,26.209999084472656,11731,0.0,0.0,APPN,5m
2026-03-17 09:45:00-04:00,26.200000762939453,26.7450008392334,26.200000762939453,26.7450008392334,4546,0.0,0.0,APPN,5m
2026-03-17 09:50:00-04:00,26.84000015258789,26.844999313354492,26.6299991607666,26.635000228881836,6428,0.0,0.0,APPN,5m
2026-03-17 09:55:00-04:00,26.65999984741211,26.65999984741211,26.63599967956543,26.639999389648438,1728,0.0,0.0,APPN,5m
2026-03-17 10:00:00-04:00,26.579999923706055,26.780000686645508,26.56999969482422,26.739999771118164,5571,0.0,0.0,APPN,5m
2026-03-17 10:05:00-04:00,26.760000228881836,26.809999465942383,26.670000076293945,26.670000076293945,5398,0.0,0.0,APPN,5m
2026-03-17 10:10:00-04:00,26.7450008392334,26.7450008392334,26.510000228881836,26.510000228881836,8662,0.0,0.0,APPN,5m
2026-03-17 10:15:00-04:00,26.520000457763672,26.520000457763672,26.43000030517578,26.43000030517578,1944,0.0,0.0,APPN,5m
2026-03-17 10:20:00-04:00,26.43000030517578,26.489999771118164,26.34000015258789,26.44499969482422,1965,0.0,0.0,APPN,5m
2026-03-17 10:25:00-04:00,26.489999771118164,26.56999969482422,26.440000534057617,26.56999969482422,3023,0.0,0.0,APPN,5m
2026-03-17 10:30:00-04:00,26.520000457763672,26.520000457763672,26.399999618530273,26.434999465942383,6128,0.0,0.0,APPN,5m
2026-03-17 10:35:00-04:00,26.43000030517578,26.489999771118164,26.3799991607666,26.3799991607666,2572,0.0,0.0,APPN,5m
2026-03-17 10:40:00-04:00,26.31999969482422,26.31999969482422,26.31999969482422,26.31999969482422,480,0.0,0.0,APPN,5m
2026-03-17 10:45:00-04:00,26.329999923706055,26.329999923706055,26.270000457763672,26.270000457763672,2265,0.0,0.0,APPN,5m
2026-03-17 10:50:00-04:00,26.264999389648438,26.274999618530273,26.264999389648438,26.274999618530273,1587,0.0,0.0,APPN,5m
2026-03-17 10:55:00-04:00,26.34000015258789,26.34000015258789,26.25,26.25,2912,0.0,0.0,APPN,5m
2026-03-17 11:00:00-04:00,26.15999984741211,26.15999984741211,26.020000457763672,26.020000457763672,2408,0.0,0.0,APPN,5m
2026-03-17 11:05:00-04:00,25.989999771118164,25.989999771118164,25.889999389648438,25.889999389648438,1708,0.0,0.0,APPN,5m
2026-03-17 11:10:00-04:00,25.860000610351562,25.860000610351562,25.81999969482422,25.860000610351562,3825,0.0,0.0,APPN,5m
2026-03-17 11:15:00-04:00,25.860000610351562,25.864999771118164,25.834999084472656,25.834999084472656,1390,0.0,0.0,APPN,5m
2026-03-17 11:20:00-04:00,25.799999237060547,25.80500030517578,25.770000457763672,25.790000915527344,3684,0.0,0.0,APPN,5m
2026-03-17 11:25:00-04:00,25.760000228881836,25.760000228881836,25.729999542236328,25.729999542236328,2055,0.0,0.0,APPN,5m
2026-03-17 11:30:00-04:00,25.780000686645508,25.780000686645508,25.670000076293945,25.670000076293945,7388,0.0,0.0,APPN,5m
2026-03-17 11:35:00-04:00,25.65999984741211,25.65999984741211,25.649999618530273,25.649999618530273,729,0.0,0.0,APPN,5m
2026-03-17 11:40:00-04:00,25.690000534057617,25.725000381469727,25.670000076293945,25.670000076293945,18481,0.0,0.0,APPN,5m
2026-03-17 11:45:00-04:00,25.6299991607666,25.6299991607666,25.600000381469727,25.600000381469727,882,0.0,0.0,APPN,5m
2026-03-17 11:50:00-04:00,25.600000381469727,25.610000610351562,25.600000381469727,25.610000610351562,1277,0.0,0.0,APPN,5m
2026-03-17 11:55:00-04:00,25.639999389648438,25.649999618530273,25.610000610351562,25.6200008392334,2947,0.0,0.0,APPN,5m
2026-03-17 12:00:00-04:00,25.610000610351562,25.610000610351562,25.565000534057617,25.600000381469727,1563,0.0,0.0,APPN,5m
2026-03-17 12:05:00-04:00,25.56999969482422,25.56999969482422,25.489999771118164,25.489999771118164,1424,0.0,0.0,APPN,5m
2026-03-17 12:10:00-04:00,25.525699615478516,25.525699615478516,25.489999771118164,25.489999771118164,997,0.0,0.0,APPN,5m
2026-03-17 12:15:00-04:00,25.479999542236328,25.530000686645508,25.479999542236328,25.530000686645508,1098,0.0,0.0,APPN,5m
2026-03-17 12:20:00-04:00,25.56999969482422,25.639999389648438,25.56999969482422,25.639999389648438,1222,0.0,0.0,APPN,5m
2026-03-17 12:25:00-04:00,25.610000610351562,25.68000030517578,25.610000610351562,25.62299919128418,2504,0.0,0.0,APPN,5m
2026-03-17 12:30:00-04:00,25.6200008392334,25.6200008392334,25.540000915527344,25.579999923706055,1544,0.0,0.0,APPN,5m
2026-03-17 12:35:00-04:00,25.600000381469727,25.6200008392334,25.56999969482422,25.584999084472656,1984,0.0,0.0,APPN,5m
2026-03-17 12:40:00-04:00,25.6299991607666,25.6299991607666,25.6200008392334,25.6299991607666,732,0.0,0.0,APPN,5m
2026-03-17 12:45:00-04:00,25.614999771118164,25.614999771118164,25.579999923706055,25.579999923706055,1338,0.0,0.0,APPN,5m
2026-03-17 12:50:00-04:00,25.59000015258789,25.600000381469727,25.59000015258789,25.600000381469727,1258,0.0,0.0,APPN,5m
2026-03-17 12:55:00-04:00,25.635000228881836,25.635000228881836,25.635000228881836,25.635000228881836,706,0.0,0.0,APPN,5m
2026-03-17 13:00:00-04:00,25.670000076293945,25.670000076293945,25.610000610351562,25.610000610351562,1655,0.0,0.0,APPN,5m
2026-03-17 13:05:00-04:00,25.645000457763672,25.645000457763672,25.640499114990234,25.640499114990234,471,0.0,0.0,APPN,5m
2026-03-17 13:10:00-04:00,25.6200008392334,25.75,25.600000381469727,25.719999313354492,10825,0.0,0.0,APPN,5m
2026-03-17 13:15:00-04:00,25.700000762939453,25.700000762939453,25.65999984741211,25.65999984741211,1612,0.0,0.0,APPN,5m
2026-03-17 13:20:00-04:00,25.65999984741211,25.65999984741211,25.600000381469727,25.600000381469727,1524,0.0,0.0,APPN,5m
2026-03-17 13:30:00-04:00,25.639999389648438,25.639999389648438,25.610000610351562,25.610000610351562,3516,0.0,0.0,APPN,5m
2026-03-17 13:35:00-04:00,25.600000381469727,25.6299991607666,25.549999237060547,25.6299991607666,2707,0.0,0.0,APPN,5m
2026-03-17 13:40:00-04:00,25.604999542236328,25.604999542236328,25.56999969482422,25.56999969482422,1076,0.0,0.0,APPN,5m
2026-03-17 13:45:00-04:00,25.530000686645508,25.530000686645508,25.479999542236328,25.479999542236328,655,0.0,0.0,APPN,5m
2026-03-17 13:50:00-04:00,25.450000762939453,25.540000915527344,25.450000762939453,25.540000915527344,1274,0.0,0.0,APPN,5m
2026-03-17 13:55:00-04:00,25.540000915527344,25.540000915527344,25.5,25.5,634,0.0,0.0,APPN,5m
2026-03-17 14:00:00-04:00,25.485000610351562,25.485000610351562,25.485000610351562,25.485000610351562,1370,0.0,0.0,APPN,5m
2026-03-17 14:05:00-04:00,25.450000762939453,25.450000762939453,25.450000762939453,25.450000762939453,1292,0.0,0.0,APPN,5m
2026-03-17 14:10:00-04:00,25.3700008392334,25.389999389648438,25.3700008392334,25.389999389648438,482,0.0,0.0,APPN,5m
2026-03-17 14:15:00-04:00,25.3799991607666,25.420000076293945,25.3799991607666,25.399999618530273,1795,0.0,0.0,APPN,5m
2026-03-17 14:20:00-04:00,25.399999618530273,25.40999984741211,25.350000381469727,25.3700008392334,2195,0.0,0.0,APPN,5m
2026-03-17 14:25:00-04:00,25.34000015258789,25.34000015258789,25.34000015258789,25.34000015258789,1054,0.0,0.0,APPN,5m
2026-03-17 14:30:00-04:00,25.290000915527344,25.31999969482422,25.290000915527344,25.31999969482422,2403,0.0,0.0,APPN,5m
2026-03-17 14:35:00-04:00,25.299999237060547,25.299999237060547,25.299999237060547,25.299999237060547,1119,0.0,0.0,APPN,5m
2026-03-17 14:40:00-04:00,25.299999237060547,25.329999923706055,25.270000457763672,25.309900283813477,4504,0.0,0.0,APPN,5m
2026-03-17 14:45:00-04:00,25.29509925842285,25.329999923706055,25.28499984741211,25.329999923706055,1957,0.0,0.0,APPN,5m
2026-03-17 14:50:00-04:00,25.34000015258789,25.34000015258789,25.299999237060547,25.299999237060547,1544,0.0,0.0,APPN,5m
2026-03-17 14:55:00-04:00,25.299999237060547,25.350000381469727,25.299999237060547,25.350000381469727,1938,0.0,0.0,APPN,5m
2026-03-17 15:00:00-04:00,25.360000610351562,25.3799991607666,25.329999923706055,25.350000381469727,4524,0.0,0.0,APPN,5m
2026-03-17 15:05:00-04:00,25.34000015258789,25.34000015258789,25.309999465942383,25.31999969482422,1438,0.0,0.0,APPN,5m
2026-03-17 15:10:00-04:00,25.329999923706055,25.350000381469727,25.329999923706055,25.329999923706055,2067,0.0,0.0,APPN,5m
2026-03-17 15:15:00-04:00,25.329999923706055,25.329999923706055,25.329999923706055,25.329999923706055,1336,0.0,0.0,APPN,5m
2026-03-17 15:20:00-04:00,25.329999923706055,25.329999923706055,25.270000457763672,25.299999237060547,4486,0.0,0.0,APPN,5m
2026-03-17 15:25:00-04:00,25.290199279785156,25.309999465942383,25.28499984741211,25.309999465942383,2397,0.0,0.0,APPN,5m
2026-03-17 15:30:00-04:00,25.329999923706055,25.360000610351562,25.329999923706055,25.329999923706055,2580,0.0,0.0,APPN,5m
2026-03-17 15:35:00-04:00,25.350000381469727,25.350000381469727,25.309999465942383,25.315000534057617,2205,0.0,0.0,APPN,5m
2026-03-17 15:40:00-04:00,25.334999084472656,25.350000381469727,25.31999969482422,25.334999084472656,5058,0.0,0.0,APPN,5m
2026-03-17 15:45:00-04:00,25.31999969482422,25.440000534057617,25.31999969482422,25.440000534057617,6514,0.0,0.0,APPN,5m
2026-03-17 15:50:00-04:00,25.450000762939453,25.520000457763672,25.450000762939453,25.520000457763672,11386,0.0,0.0,APPN,5m
2026-03-17 15:55:00-04:00,25.510000228881836,25.510000228881836,25.420000076293945,25.479999542236328,34456,0.0,0.0,APPN,5m
2026-03-18 09:30:00-04:00,25.18000030517578,25.309999465942383,25.0,25.309999465942383,7177,0.0,0.0,APPN,5m
2026-03-18 09:35:00-04:00,25.399999618530273,25.399999618530273,25.389999389648438,25.389999389648438,711,0.0,0.0,APPN,5m
2026-03-18 09:40:00-04:00,25.469999313354492,25.469999313354492,25.420000076293945,25.420000076293945,2404,0.0,0.0,APPN,5m
2026-03-18 09:45:00-04:00,25.40999984741211,25.40999984741211,25.145000457763672,25.145000457763672,2786,0.0,0.0,APPN,5m
2026-03-18 09:50:00-04:00,25.149999618530273,25.239999771118164,25.06999969482422,25.239999771118164,4861,0.0,0.0,APPN,5m
2026-03-18 09:55:00-04:00,25.2450008392334,25.2450008392334,25.2450008392334,25.2450008392334,1452,0.0,0.0,APPN,5m
2026-03-18 10:00:00-04:00,25.270000457763672,25.31999969482422,25.260000228881836,25.260000228881836,2598,0.0,0.0,APPN,5m
2026-03-18 10:05:00-04:00,25.3799991607666,25.405000686645508,25.31999969482422,25.31999969482422,666,0.0,0.0,APPN,5m
2026-03-18 10:10:00-04:00,25.325000762939453,25.360000610351562,25.21500015258789,25.219999313354492,6025,0.0,0.0,APPN,5m
2026-03-18 10:20:00-04:00,25.225000381469727,25.260000228881836,25.225000381469727,25.260000228881836,461,0.0,0.0,APPN,5m
2026-03-18 10:25:00-04:00,25.219999313354492,25.229999542236328,25.069499969482422,25.069499969482422,3522,0.0,0.0,APPN,5m
2026-03-18 10:30:00-04:00,25.149999618530273,25.25,25.149999618530273,25.25,3213,0.0,0.0,APPN,5m
2026-03-18 10:40:00-04:00,25.218000411987305,25.218000411987305,25.167999267578125,25.200000762939453,1612,0.0,0.0,APPN,5m
2026-03-18 10:45:00-04:00,25.204999923706055,25.204999923706055,25.06999969482422,25.139999389648438,3256,0.0,0.0,APPN,5m
2026-03-18 10:50:00-04:00,25.1299991607666,25.139999389648438,25.110000610351562,25.1200008392334,1410,0.0,0.0,APPN,5m
2026-03-18 10:55:00-04:00,25.084999084472656,25.139999389648438,25.084999084472656,25.1299991607666,2095,0.0,0.0,APPN,5m
2026-03-18 11:00:00-04:00,25.139999389648438,25.190000534057617,25.139999389648438,25.190000534057617,1927,0.0,0.0,APPN,5m
2026-03-18 11:05:00-04:00,25.190000534057617,25.190000534057617,25.15999984741211,25.15999984741211,2300,0.0,0.0,APPN,5m
2026-03-18 11:10:00-04:00,25.299999237060547,25.420000076293945,25.299999237060547,25.389999389648438,2281,0.0,0.0,APPN,5m
2026-03-18 11:15:00-04:00,25.417999267578125,25.440000534057617,25.417999267578125,25.424999237060547,2277,0.0,0.0,APPN,5m
2026-03-18 11:20:00-04:00,25.420000076293945,25.469999313354492,25.420000076293945,25.469999313354492,1306,0.0,0.0,APPN,5m
2026-03-18 11:25:00-04:00,25.420000076293945,25.420000076293945,25.3799991607666,25.40999984741211,1317,0.0,0.0,APPN,5m
2026-03-18 11:30:00-04:00,25.43000030517578,25.43000030517578,25.40999984741211,25.40999984741211,1349,0.0,0.0,APPN,5m
2026-03-18 11:35:00-04:00,25.40999984741211,25.440000534057617,25.40999984741211,25.420000076293945,1389,0.0,0.0,APPN,5m
2026-03-18 11:40:00-04:00,25.40999984741211,25.450000762939453,25.389999389648438,25.389999389648438,3653,0.0,0.0,APPN,5m
2026-03-18 11:45:00-04:00,25.34000015258789,25.40999984741211,25.34000015258789,25.389999389648438,6827,0.0,0.0,APPN,5m
2026-03-18 11:50:00-04:00,25.405000686645508,25.40999984741211,25.3799991607666,25.40999984741211,1553,0.0,0.0,APPN,5m
2026-03-18 11:55:00-04:00,25.40999984741211,25.40999984741211,25.3700008392334,25.389999389648438,2346,0.0,0.0,APPN,5m
2026-03-18 12:00:00-04:00,25.360000610351562,25.375,25.309999465942383,25.360000610351562,2371,0.0,0.0,APPN,5m
2026-03-18 12:10:00-04:00,25.43000030517578,25.43000030517578,25.389999389648438,25.399999618530273,1160,0.0,0.0,APPN,5m
2026-03-18 12:15:00-04:00,25.40999984741211,25.40999984741211,25.40999984741211,25.40999984741211,1030,0.0,0.0,APPN,5m
2026-03-18 12:20:00-04:00,25.420000076293945,25.420000076293945,25.420000076293945,25.420000076293945,712,0.0,0.0,APPN,5m
2026-03-18 12:25:00-04:00,25.399999618530273,25.43000030517578,25.360000610351562,25.424999237060547,3001,0.0,0.0,APPN,5m
2026-03-18 12:30:00-04:00,25.399999618530273,25.399999618530273,25.25,25.25,4129,0.0,0.0,APPN,5m
2026-03-18 12:35:00-04:00,25.270000457763672,25.290000915527344,25.270000457763672,25.290000915527344,2006,0.0,0.0,APPN,5m
2026-03-18 12:40:00-04:00,25.280000686645508,25.280000686645508,25.280000686645508,25.280000686645508,387,0.0,0.0,APPN,5m
2026-03-18 12:45:00-04:00,25.28499984741211,25.337799072265625,25.270000457763672,25.270000457763672,2208,0.0,0.0,APPN,5m
2026-03-18 12:50:00-04:00,25.299999237060547,25.327600479125977,25.299999237060547,25.327600479125977,1271,0.0,0.0,APPN,5m
2026-03-18 12:55:00-04:00,25.315000534057617,25.315000534057617,25.315000534057617,25.315000534057617,734,0.0,0.0,APPN,5m
2026-03-18 13:00:00-04:00,25.290000915527344,25.299100875854492,25.290000915527344,25.299100875854492,1239,0.0,0.0,APPN,5m
2026-03-18 13:05:00-04:00,25.329999923706055,25.360000610351562,25.31999969482422,25.329999923706055,2313,0.0,0.0,APPN,5m
2026-03-18 13:10:00-04:00,25.329999923706055,25.389999389648438,25.329999923706055,25.389999389648438,1687,0.0,0.0,APPN,5m
2026-03-18 13:15:00-04:00,25.395000457763672,25.395000457763672,25.3799991607666,25.3799991607666,741,0.0,0.0,APPN,5m
2026-03-18 13:20:00-04:00,25.399999618530273,25.43000030517578,25.399999618530273,25.40999984741211,1221,0.0,0.0,APPN,5m
2026-03-18 13:25:00-04:00,25.415000915527344,25.450000762939453,25.415000915527344,25.440000534057617,2323,0.0,0.0,APPN,5m
2026-03-18 13:30:00-04:00,25.450000762939453,25.454999923706055,25.440000534057617,25.450000762939453,1743,0.0,0.0,APPN,5m
2026-03-18 13:35:00-04:00,25.459999084472656,25.510000228881836,25.459999084472656,25.489999771118164,1649,0.0,0.0,APPN,5m
2026-03-18 13:40:00-04:00,25.5,25.5,25.489999771118164,25.489999771118164,1127,0.0,0.0,APPN,5m
2026-03-18 13:45:00-04:00,25.4950008392334,25.4950008392334,25.459999084472656,25.459999084472656,2399,0.0,0.0,APPN,5m
2026-03-18 13:50:00-04:00,25.459999084472656,25.510000228881836,25.459999084472656,25.469999313354492,2378,0.0,0.0,APPN,5m
2026-03-18 13:55:00-04:00,25.469999313354492,25.469999313354492,25.43000030517578,25.459999084472656,1367,0.0,0.0,APPN,5m
2026-03-18 14:00:00-04:00,25.459999084472656,25.459999084472656,25.364999771118164,25.389999389648438,3323,0.0,0.0,APPN,5m
2026-03-18 14:05:00-04:00,25.389999389648438,25.389999389648438,25.25,25.260000228881836,2209,0.0,0.0,APPN,5m
2026-03-18 14:10:00-04:00,25.25,25.25,25.15999984741211,25.25,4128,0.0,0.0,APPN,5m
2026-03-18 14:15:00-04:00,25.209999084472656,25.25,25.200000762939453,25.235000610351562,2612,0.0,0.0,APPN,5m
2026-03-18 14:20:00-04:00,25.270000457763672,25.329999923706055,25.270000457763672,25.280000686645508,3468,0.0,0.0,APPN,5m
2026-03-18 14:25:00-04:00,25.299999237060547,25.329999923706055,25.299999237060547,25.329999923706055,843,0.0,0.0,APPN,5m
2026-03-18 14:30:00-04:00,25.299999237060547,25.389999389648438,25.299999237060547,25.337900161743164,3995,0.0,0.0,APPN,5m
2026-03-18 14:35:00-04:00,25.3700008392334,25.389999389648438,25.31999969482422,25.329999923706055,4946,0.0,0.0,APPN,5m
2026-03-18 14:40:00-04:00,25.31999969482422,25.350000381469727,25.309999465942383,25.329999923706055,2305,0.0,0.0,APPN,5m
2026-03-18 14:45:00-04:00,25.309999465942383,25.362499237060547,25.260000228881836,25.260000228881836,3492,0.0,0.0,APPN,5m
2026-03-18 14:50:00-04:00,25.239999771118164,25.280000686645508,25.235000610351562,25.280000686645508,2167,0.0,0.0,APPN,5m
2026-03-18 14:55:00-04:00,25.260000228881836,25.260000228881836,25.209999084472656,25.209999084472656,3007,0.0,0.0,APPN,5m
2026-03-18 15:00:00-04:00,25.209999084472656,25.309999465942383,25.209999084472656,25.309999465942383,3225,0.0,0.0,APPN,5m
2026-03-18 15:05:00-04:00,25.299999237060547,25.40999984741211,25.280000686645508,25.40999984741211,6576,0.0,0.0,APPN,5m
2026-03-18 15:10:00-04:00,25.3799991607666,25.3799991607666,25.299999237060547,25.299999237060547,3693,0.0,0.0,APPN,5m
2026-03-18 15:15:00-04:00,25.334999084472656,25.399999618530273,25.309999465942383,25.399999618530273,5115,0.0,0.0,APPN,5m
2026-03-18 15:20:00-04:00,25.395000457763672,25.395000457763672,25.350000381469727,25.354999542236328,4986,0.0,0.0,APPN,5m
2026-03-18 15:25:00-04:00,25.364999771118164,25.3799991607666,25.34000015258789,25.34000015258789,4835,0.0,0.0,APPN,5m
2026-03-18 15:30:00-04:00,25.350000381469727,25.3700008392334,25.329999923706055,25.3700008392334,5606,0.0,0.0,APPN,5m
2026-03-18 15:35:00-04:00,25.360000610351562,25.360000610351562,25.270000457763672,25.309999465942383,5622,0.0,0.0,APPN,5m
2026-03-18 15:40:00-04:00,25.315000534057617,25.329999923706055,25.290000915527344,25.299999237060547,4364,0.0,0.0,APPN,5m
2026-03-18 15:45:00-04:00,25.299999237060547,25.31999969482422,25.280000686645508,25.315000534057617,8120,0.0,0.0,APPN,5m
2026-03-18 15:50:00-04:00,25.299999237060547,25.34000015258789,25.200000762939453,25.25,22265,0.0,0.0,APPN,5m
2026-03-18 15:55:00-04:00,25.260000228881836,25.274999618530273,25.18000030517578,25.190000534057617,187409,0.0,0.0,APPN,5m
2026-03-19 09:30:00-04:00,24.70199966430664,25.094999313354492,24.70199966430664,24.834999084472656,4140,0.0,0.0,APPN,5m
2026-03-19 09:35:00-04:00,25.135000228881836,25.190000534057617,25.135000228881836,25.190000534057617,732,0.0,0.0,APPN,5m
2026-03-19 09:40:00-04:00,25.3700008392334,26.045000076293945,25.3700008392334,25.770000457763672,4949,0.0,0.0,APPN,5m
2026-03-19 09:45:00-04:00,25.600000381469727,25.600000381469727,25.600000381469727,25.600000381469727,1090,0.0,0.0,APPN,5m
2026-03-19 09:55:00-04:00,25.639999389648438,25.639999389648438,25.372499465942383,25.372499465942383,875,0.0,0.0,APPN,5m
2026-03-19 10:00:00-04:00,25.360000610351562,25.489999771118164,25.360000610351562,25.489999771118164,1973,0.0,0.0,APPN,5m
2026-03-19 10:05:00-04:00,25.459999084472656,25.520000457763672,25.299999237060547,25.299999237060547,2116,0.0,0.0,APPN,5m
2026-03-19 10:10:00-04:00,25.299999237060547,25.3700008392334,25.200000762939453,25.299999237060547,4900,0.0,0.0,APPN,5m
2026-03-19 10:15:00-04:00,25.264999389648438,25.264999389648438,25.200000762939453,25.200000762939453,1257,0.0,0.0,APPN,5m
2026-03-19 10:20:00-04:00,25.19499969482422,25.25,25.19499969482422,25.25,979,0.0,0.0,APPN,5m
2026-03-19 10:30:00-04:00,25.299999237060547,25.319900512695312,25.145000457763672,25.260000228881836,16878,0.0,0.0,APPN,5m
2026-03-19 10:35:00-04:00,25.295000076293945,25.315000534057617,25.18000030517578,25.2549991607666,2165,0.0,0.0,APPN,5m
2026-03-19 10:40:00-04:00,25.2549991607666,25.2549991607666,25.149999618530273,25.170000076293945,12478,0.0,0.0,APPN,5m
2026-03-19 10:45:00-04:00,25.209999084472656,25.209999084472656,25.200000762939453,25.200000762939453,1030,0.0,0.0,APPN,5m
2026-03-19 10:50:00-04:00,25.270000457763672,25.360000610351562,25.270000457763672,25.280000686645508,1912,0.0,0.0,APPN,5m
2026-03-19 10:55:00-04:00,25.329999923706055,25.329999923706055,25.290000915527344,25.290000915527344,634,0.0,0.0,APPN,5m
2026-03-19 11:00:00-04:00,25.30500030517578,25.43000030517578,25.30500030517578,25.43000030517578,1814,0.0,0.0,APPN,5m
2026-03-19 11:10:00-04:00,25.389999389648438,25.44499969482422,25.34000015258789,25.3700008392334,1336,0.0,0.0,APPN,5m
2026-03-19 11:15:00-04:00,25.459999084472656,25.459999084472656,25.309999465942383,25.3174991607666,2050,0.0,0.0,APPN,5m
2026-03-19 11:20:00-04:00,25.329999923706055,25.329999923706055,25.329999923706055,25.329999923706055,724,0.0,0.0,APPN,5m
2026-03-19 11:25:00-04:00,25.344999313354492,25.344999313354492,25.344999313354492,25.344999313354492,478,0.0,0.0,APPN,5m
2026-03-19 11:30:00-04:00,25.360000610351562,25.389999389648438,25.309999465942383,25.309999465942383,1205,0.0,0.0,APPN,5m
2026-03-19 11:35:00-04:00,25.299999237060547,25.350000381469727,25.299999237060547,25.344999313354492,3563,0.0,0.0,APPN,5m
2026-03-19 11:40:00-04:00,25.309999465942383,25.31999969482422,25.309999465942383,25.31999969482422,816,0.0,0.0,APPN,5m
2026-03-19 11:45:00-04:00,25.334999084472656,25.3700008392334,25.329999923706055,25.360000610351562,2402,0.0,0.0,APPN,5m
2026-03-19 11:50:00-04:00,25.34000015258789,25.34000015258789,25.329999923706055,25.329999923706055,1680,0.0,0.0,APPN,5m
2026-03-19 11:55:00-04:00,25.350000381469727,25.350000381469727,25.350000381469727,25.350000381469727,654,0.0,0.0,APPN,5m
2026-03-19 12:00:00-04:00,25.43000030517578,25.485000610351562,25.40999984741211,25.485000610351562,2707,0.0,0.0,APPN,5m
2026-03-19 12:05:00-04:00,25.440000534057617,25.440000534057617,25.34000015258789,25.34000015258789,1690,0.0,0.0,APPN,5m
2026-03-19 12:10:00-04:00,25.31999969482422,25.40999984741211,25.290000915527344,25.34000015258789,14807,0.0,0.0,APPN,5m
2026-03-19 12:15:00-04:00,25.329999923706055,25.350000381469727,25.299999237060547,25.31999969482422,4409,0.0,0.0,APPN,5m
2026-03-19 12:20:00-04:00,25.350000381469727,25.3700008392334,25.350000381469727,25.354999542236328,1501,0.0,0.0,APPN,5m
2026-03-19 12:25:00-04:00,25.40999984741211,25.43000030517578,25.40999984741211,25.43000030517578,972,0.0,0.0,APPN,5m
2026-03-19 12:30:00-04:00,25.389999389648438,25.424999237060547,25.389999389648438,25.424999237060547,675,0.0,0.0,APPN,5m
2026-03-19 12:35:00-04:00,25.3799991607666,25.40999984741211,25.3799991607666,25.40999984741211,1801,0.0,0.0,APPN,5m
2026-03-19 12:40:00-04:00,25.420000076293945,25.420000076293945,25.389999389648438,25.420000076293945,1703,0.0,0.0,APPN,5m
2026-03-19 12:45:00-04:00,25.520000457763672,25.59000015258789,25.520000457763672,25.565000534057617,6532,0.0,0.0,APPN,5m
2026-03-19 12:50:00-04:00,25.559999465942383,25.559999465942383,25.545000076293945,25.545000076293945,1419,0.0,0.0,APPN,5m
2026-03-19 12:55:00-04:00,25.56999969482422,25.579999923706055,25.545000076293945,25.579999923706055,1288,0.0,0.0,APPN,5m
2026-03-19 13:05:00-04:00,25.594999313354492,25.594999313354492,25.479999542236328,25.479999542236328,3288,0.0,0.0,APPN,5m
2026-03-19 13:10:00-04:00,25.459999084472656,25.459999084472656,25.459999084472656,25.459999084472656,827,0.0,0.0,APPN,5m
2026-03-19 13:15:00-04:00,25.420000076293945,25.450000762939453,25.420000076293945,25.450000762939453,1244,0.0,0.0,APPN,5m
2026-03-19 13:20:00-04:00,25.459999084472656,25.459999084472656,25.459999084472656,25.459999084472656,473,0.0,0.0,APPN,5m
2026-03-19 13:25:00-04:00,25.440000534057617,25.450000762939453,25.440000534057617,25.450000762939453,1227,0.0,0.0,APPN,5m
2026-03-19 13:30:00-04:00,25.469999313354492,25.489999771118164,25.459999084472656,25.489999771118164,994,0.0,0.0,APPN,5m
2026-03-19 13:35:00-04:00,25.43000030517578,25.43000030517578,25.420000076293945,25.43000030517578,1920,0.0,0.0,APPN,5m
2026-03-19 13:40:00-04:00,25.424999237060547,25.424999237060547,25.424999237060547,25.424999237060547,772,0.0,0.0,APPN,5m
2026-03-19 13:45:00-04:00,25.389999389648438,25.420000076293945,25.3799991607666,25.420000076293945,1742,0.0,0.0,APPN,5m
2026-03-19 13:50:00-04:00,25.424999237060547,25.489999771118164,25.399999618530273,25.489999771118164,51884,0.0,0.0,APPN,5m
2026-03-19 13:55:00-04:00,25.46500015258789,25.520000457763672,25.46500015258789,25.520000457763672,0,0.0,0.0,APPN,5m
2026-03-19 14:00:00-04:00,25.549999237060547,25.579999923706055,25.545000076293945,25.545000076293945,846,0.0,0.0,APPN,5m
2026-03-19 14:05:00-04:00,25.540000915527344,25.610000610351562,25.510000228881836,25.545000076293945,12175,0.0,0.0,APPN,5m
2026-03-19 14:10:00-04:00,25.579999923706055,25.625,25.579999923706055,25.579999923706055,2800,0.0,0.0,APPN,5m
2026-03-19 14:15:00-04:00,25.610000610351562,25.610000610351562,25.59000015258789,25.610000610351562,1139,0.0,0.0,APPN,5m
2026-03-19 14:20:00-04:00,25.610000610351562,25.635000228881836,25.594999313354492,25.635000228881836,3849,0.0,0.0,APPN,5m
2026-03-19 14:25:00-04:00,25.6299991607666,25.649999618530273,25.6299991607666,25.635000228881836,3462,0.0,0.0,APPN,5m
2026-03-19 14:30:00-04:00,25.615100860595703,25.649999618530273,25.614999771118164,25.649999618530273,1977,0.0,0.0,APPN,5m
2026-03-19 14:35:00-04:00,25.645000457763672,25.68000030517578,25.645000457763672,25.68000030517578,2247,0.0,0.0,APPN,5m
2026-03-19 14:40:00-04:00,25.690000534057617,25.735000610351562,25.68000030517578,25.735000610351562,2406,0.0,0.0,APPN,5m
2026-03-19 14:45:00-04:00,25.700000762939453,25.729999542236328,25.65999984741211,25.65999984741211,3980,0.0,0.0,APPN,5m
2026-03-19 14:50:00-04:00,25.65999984741211,25.68000030517578,25.655000686645508,25.68000030517578,1717,0.0,0.0,APPN,5m
2026-03-19 14:55:00-04:00,25.690000534057617,25.81999969482422,25.690000534057617,25.799999237060547,6026,0.0,0.0,APPN,5m
2026-03-19 15:00:00-04:00,25.780000686645508,25.979999542236328,25.780000686645508,25.934999465942383,4165,0.0,0.0,APPN,5m
2026-03-19 15:05:00-04:00,25.950000762939453,26.15999984741211,25.950000762939453,26.059999465942383,13683,0.0,0.0,APPN,5m
2026-03-19 15:10:00-04:00,26.059999465942383,26.059999465942383,25.770000457763672,25.850000381469727,34678,0.0,0.0,APPN,5m
2026-03-19 15:15:00-04:00,25.8799991607666,25.899999618530273,25.834999084472656,25.84000015258789,4272,0.0,0.0,APPN,5m
2026-03-19 15:20:00-04:00,25.829999923706055,25.84000015258789,25.739999771118164,25.790000915527344,4514,0.0,0.0,APPN,5m
2026-03-19 15:25:00-04:00,25.739999771118164,25.7549991607666,25.709999084472656,25.709999084472656,2072,0.0,0.0,APPN,5m
2026-03-19 15:30:00-04:00,25.75,25.780000686645508,25.739999771118164,25.75,5439,0.0,0.0,APPN,5m
2026-03-19 15:35:00-04:00,25.719999313354492,25.860000610351562,25.709999084472656,25.860000610351562,6218,0.0,0.0,APPN,5m
2026-03-19 15:40:00-04:00,25.860000610351562,26.014999389648438,25.860000610351562,25.975000381469727,13923,0.0,0.0,APPN,5m
2026-03-19 15:45:00-04:00,25.959999084472656,25.989999771118164,25.940000534057617,25.969999313354492,7885,0.0,0.0,APPN,5m
2026-03-19 15:50:00-04:00,25.940000534057617,26.0,25.889999389648438,25.940000534057617,17459,0.0,0.0,APPN,5m
2026-03-19 15:55:00-04:00,25.899999618530273,25.950000762939453,25.8700008392334,25.889999389648438,44378,0.0,0.0,APPN,5m
2026-03-20 09:30:00-04:00,25.469999313354492,25.469999313354492,25.010000228881836,25.06999969482422,35228,0.0,0.0,APPN,5m
2026-03-20 09:35:00-04:00,25.170000076293945,25.225000381469727,25.170000076293945,25.225000381469727,2798,0.0,0.0,APPN,5m
2026-03-20 09:40:00-04:00,25.200000762939453,25.239900588989258,25.059999465942383,25.059999465942383,5331,0.0,0.0,APPN,5m
2026-03-20 09:45:00-04:00,25.100000381469727,25.25,25.049999237060547,25.239999771118164,10381,0.0,0.0,APPN,5m
2026-03-20 09:50:00-04:00,25.219999313354492,25.270000457763672,25.15999984741211,25.229999542236328,6303,0.0,0.0,APPN,5m
2026-03-20 09:55:00-04:00,25.260000228881836,25.260000228881836,25.020000457763672,25.15999984741211,8816,0.0,0.0,APPN,5m
2026-03-20 10:00:00-04:00,25.280000686645508,25.280000686645508,25.15999984741211,25.15999984741211,2105,0.0,0.0,APPN,5m
2026-03-20 10:05:00-04:00,25.235000610351562,25.3799991607666,25.15999984741211,25.34000015258789,5074,0.0,0.0,APPN,5m
2026-03-20 10:10:00-04:00,25.424999237060547,25.424999237060547,25.34000015258789,25.34000015258789,1726,0.0,0.0,APPN,5m
2026-03-20 10:15:00-04:00,25.395000457763672,25.485000610351562,25.200000762939453,25.219999313354492,15812,0.0,0.0,APPN,5m
2026-03-20 10:20:00-04:00,25.200000762939453,25.239999771118164,25.190000534057617,25.19499969482422,4729,0.0,0.0,APPN,5m
2026-03-20 10:25:00-04:00,25.149999618530273,25.3700008392334,25.149999618530273,25.3700008392334,37624,0.0,0.0,APPN,5m
2026-03-20 10:30:00-04:00,25.489999771118164,25.489999771118164,25.489999771118164,25.489999771118164,1394,0.0,0.0,APPN,5m
2026-03-20 10:35:00-04:00,25.479999542236328,25.600000381469727,25.469999313354492,25.600000381469727,3946,0.0,0.0,APPN,5m
2026-03-20 10:40:00-04:00,25.65999984741211,25.65999984741211,25.655000686645508,25.65999984741211,864,0.0,0.0,APPN,5m
2026-03-20 10:45:00-04:00,25.68440055847168,25.739999771118164,25.68440055847168,25.709999084472656,2134,0.0,0.0,APPN,5m
2026-03-20 10:50:00-04:00,25.739999771118164,25.739999771118164,25.579999923706055,25.579999923706055,5499,0.0,0.0,APPN,5m
2026-03-20 10:55:00-04:00,25.579999923706055,25.660400390625,25.579999923706055,25.6299991607666,2790,0.0,0.0,APPN,5m
2026-03-20 11:00:00-04:00,25.65999984741211,25.700000762939453,25.65999984741211,25.700000762939453,2645,0.0,0.0,APPN,5m
2026-03-20 11:05:00-04:00,25.6299991607666,25.65999984741211,25.559999465942383,25.56999969482422,2341,0.0,0.0,APPN,5m
2026-03-20 11:10:00-04:00,25.579999923706055,25.6299991607666,25.579999923706055,25.6299991607666,16075,0.0,0.0,APPN,5m
2026-03-20 11:15:00-04:00,25.6200008392334,25.639999389648438,25.6200008392334,25.6200008392334,1971,0.0,0.0,APPN,5m
2026-03-20 11:20:00-04:00,25.614999771118164,25.709999084472656,25.614999771118164,25.639999389648438,4325,0.0,0.0,APPN,5m
2026-03-20 11:25:00-04:00,25.549999237060547,25.549999237060547,25.530000686645508,25.530000686645508,2725,0.0,0.0,APPN,5m
2026-03-20 11:30:00-04:00,25.520000457763672,25.56999969482422,25.520000457763672,25.549999237060547,1726,0.0,0.0,APPN,5m
2026-03-20 11:35:00-04:00,25.540000915527344,25.579999923706055,25.540000915527344,25.56999969482422,1788,0.0,0.0,APPN,5m
2026-03-20 11:40:00-04:00,25.520000457763672,25.610000610351562,25.520000457763672,25.610000610351562,2807,0.0,0.0,APPN,5m
2026-03-20 11:45:00-04:00,25.600000381469727,25.6299991607666,25.600000381469727,25.6299991607666,904,0.0,0.0,APPN,5m
2026-03-20 11:50:00-04:00,25.600000381469727,25.600000381469727,25.56999969482422,25.59000015258789,2779,0.0,0.0,APPN,5m
2026-03-20 11:55:00-04:00,25.6200008392334,25.6299991607666,25.6200008392334,25.6299991607666,3132,0.0,0.0,APPN,5m
2026-03-20 12:00:00-04:00,25.65999984741211,25.65999984741211,25.65999984741211,25.65999984741211,402,0.0,0.0,APPN,5m
2026-03-20 12:05:00-04:00,25.75,25.75,25.65999984741211,25.704999923706055,4410,0.0,0.0,APPN,5m
2026-03-20 12:10:00-04:00,25.704999923706055,25.719999313354492,25.704999923706055,25.709999084472656,1913,0.0,0.0,APPN,5m
2026-03-20 12:15:00-04:00,25.709999084472656,25.709999084472656,25.709999084472656,25.709999084472656,1091,0.0,0.0,APPN,5m
2026-03-20 12:20:00-04:00,25.68000030517578,25.700000762939453,25.65999984741211,25.690000534057617,2696,0.0,0.0,APPN,5m
2026-03-20 12:25:00-04:00,25.6299991607666,25.6299991607666,25.6299991607666,25.6299991607666,2261,0.0,0.0,APPN,5m
2026-03-20 12:30:00-04:00,25.579999923706055,25.59000015258789,25.579999923706055,25.59000015258789,589,0.0,0.0,APPN,5m
2026-03-20 12:35:00-04:00,25.594999313354492,25.594999313354492,25.56999969482422,25.579999923706055,1952,0.0,0.0,APPN,5m
2026-03-20 12:40:00-04:00,25.610000610351562,25.610000610351562,25.4950008392334,25.5,10619,0.0,0.0,APPN,5m
2026-03-20 12:45:00-04:00,25.510000228881836,25.540000915527344,25.489999771118164,25.510000228881836,15363,0.0,0.0,APPN,5m
2026-03-20 12:50:00-04:00,25.530000686645508,25.579999923706055,25.510000228881836,25.579999923706055,5805,0.0,0.0,APPN,5m
2026-03-20 12:55:00-04:00,25.579999923706055,25.610000610351562,25.579999923706055,25.584999084472656,4117,0.0,0.0,APPN,5m
2026-03-20 13:00:00-04:00,25.56999969482422,25.56999969482422,25.530000686645508,25.530000686645508,1319,0.0,0.0,APPN,5m
2026-03-20 13:05:00-04:00,25.559999465942383,25.559999465942383,25.420000076293945,25.55430030822754,9960,0.0,0.0,APPN,5m
2026-03-20 13:10:00-04:00,25.489999771118164,25.489999771118164,25.450000762939453,25.489999771118164,2013,0.0,0.0,APPN,5m
2026-03-20 13:15:00-04:00,25.520000457763672,25.520000457763672,25.489999771118164,25.489999771118164,2824,0.0,0.0,APPN,5m
2026-03-20 13:20:00-04:00,25.559999465942383,25.56999969482422,25.527999877929688,25.56999969482422,661,0.0,0.0,APPN,5m
2026-03-20 13:25:00-04:00,25.549999237060547,25.600000381469727,25.540000915527344,25.559999465942383,4480,0.0,0.0,APPN,5m
2026-03-20 13:30:00-04:00,25.559999465942383,25.56999969482422,25.530000686645508,25.530000686645508,2479,0.0,0.0,APPN,5m
2026-03-20 13:35:00-04:00,25.530000686645508,25.530000686645508,25.427499771118164,25.459999084472656,4637,0.0,0.0,APPN,5m
2026-03-20 13:40:00-04:00,25.479999542236328,25.5,25.479999542236328,25.489999771118164,2382,0.0,0.0,APPN,5m
2026-03-20 13:45:00-04:00,25.5,25.5,25.5,25.5,292,0.0,0.0,APPN,5m
2026-03-20 13:50:00-04:00,25.514999389648438,25.530000686645508,25.469999313354492,25.530000686645508,3365,0.0,0.0,APPN,5m
2026-03-20 13:55:00-04:00,25.579999923706055,25.579999923706055,25.579999923706055,25.579999923706055,660,0.0,0.0,APPN,5m
2026-03-20 14:00:00-04:00,25.600000381469727,25.610000610351562,25.56999969482422,25.610000610351562,2436,0.0,0.0,APPN,5m
2026-03-20 14:05:00-04:00,25.591100692749023,25.6299991607666,25.56999969482422,25.56999969482422,4606,0.0,0.0,APPN,5m
2026-03-20 14:10:00-04:00,25.559999465942383,25.565000534057617,25.549999237060547,25.565000534057617,3282,0.0,0.0,APPN,5m
2026-03-20 14:15:00-04:00,25.549999237060547,25.56999969482422,25.545000076293945,25.56999969482422,2961,0.0,0.0,APPN,5m
2026-03-20 14:20:00-04:00,25.540000915527344,25.540000915527344,25.434999465942383,25.469999313354492,5138,0.0,0.0,APPN,5m
2026-03-20 14:25:00-04:00,25.450000762939453,25.469999313354492,25.44499969482422,25.469999313354492,1055,0.0,0.0,APPN,5m
2026-03-20 14:30:00-04:00,25.469999313354492,25.469999313354492,25.469999313354492,25.469999313354492,1594,0.0,0.0,APPN,5m
2026-03-20 14:35:00-04:00,25.450000762939453,25.450000762939453,25.389999389648438,25.389999389648438,2659,0.0,0.0,APPN,5m
2026-03-20 14:40:00-04:00,25.40999984741211,25.420000076293945,25.3799991607666,25.389999389648438,8794,0.0,0.0,APPN,5m
2026-03-20 14:45:00-04:00,25.360000610351562,25.3799991607666,25.350000381469727,25.350000381469727,7089,0.0,0.0,APPN,5m
2026-03-20 14:50:00-04:00,25.360000610351562,25.399999618530273,25.350000381469727,25.389999389648438,5030,0.0,0.0,APPN,5m
2026-03-20 14:55:00-04:00,25.385000228881836,25.440000534057617,25.3700008392334,25.440000534057617,13608,0.0,0.0,APPN,5m
2026-03-20 15:00:00-04:00,25.440000534057617,25.469999313354492,25.440000534057617,25.469999313354492,2461,0.0,0.0,APPN,5m
2026-03-20 15:05:00-04:00,25.489999771118164,25.5,25.482500076293945,25.482500076293945,3364,0.0,0.0,APPN,5m
2026-03-20 15:10:00-04:00,25.469999313354492,25.469999313354492,25.450000762939453,25.450000762939453,1691,0.0,0.0,APPN,5m
2026-03-20 15:15:00-04:00,25.454999923706055,25.579999923706055,25.43000030517578,25.579999923706055,9772,0.0,0.0,APPN,5m
2026-03-20 15:20:00-04:00,25.55500030517578,25.6200008392334,25.55500030517578,25.59000015258789,9764,0.0,0.0,APPN,5m
2026-03-20 15:25:00-04:00,25.59000015258789,25.59000015258789,25.520000457763672,25.545000076293945,8541,0.0,0.0,APPN,5m
2026-03-20 15:30:00-04:00,25.565000534057617,25.56999969482422,25.43000030517578,25.43000030517578,11763,0.0,0.0,APPN,5m
2026-03-20 15:35:00-04:00,25.425399780273438,25.43000030517578,25.280000686645508,25.329999923706055,16891,0.0,0.0,APPN,5m
2026-03-20 15:40:00-04:00,25.31999969482422,25.3700008392334,25.31999969482422,25.360000610351562,11271,0.0,0.0,APPN,5m
2026-03-20 15:45:00-04:00,25.360700607299805,25.3799991607666,25.200000762939453,25.200000762939453,12529,0.0,0.0,APPN,5m
2026-03-20 15:50:00-04:00,25.239999771118164,25.31999969482422,25.219999313354492,25.219999313354492,31305,0.0,0.0,APPN,5m
2026-03-20 15:55:00-04:00,25.209999084472656,25.34000015258789,25.209999084472656,25.34000015258789,37515,0.0,0.0,APPN,5m
2026-03-23 09:30:00-04:00,25.5,25.510000228881836,25.270000457763672,25.389999389648438,9314,0.0,0.0,APPN,5m
2026-03-23 09:35:00-04:00,25.600000381469727,25.65999984741211,25.40999984741211,25.600000381469727,5446,0.0,0.0,APPN,5m
2026-03-23 09:40:00-04:00,25.670000076293945,25.719999313354492,25.540000915527344,25.549999237060547,2899,0.0,0.0,APPN,5m
2026-03-23 09:45:00-04:00,25.594999313354492,25.969999313354492,25.594999313354492,25.969999313354492,45226,0.0,0.0,APPN,5m
2026-03-23 09:50:00-04:00,26.104999542236328,26.209999084472656,26.104999542236328,26.149999618530273,4942,0.0,0.0,APPN,5m
2026-03-23 09:55:00-04:00,26.06999969482422,26.1200008392334,25.790000915527344,25.860000610351562,56761,0.0,0.0,APPN,5m
2026-03-23 10:00:00-04:00,25.860000610351562,26.1299991607666,25.780000686645508,26.020000457763672,28312,0.0,0.0,APPN,5m
2026-03-23 10:05:00-04:00,26.014999389648438,26.110000610351562,25.8799991607666,25.898000717163086,32986,0.0,0.0,APPN,5m
2026-03-23 10:10:00-04:00,25.88800048828125,26.0,25.8700008392334,26.0,3812,0.0,0.0,APPN,5m
2026-03-23 10:15:00-04:00,26.079999923706055,26.1299991607666,26.0,26.07349967956543,1623,0.0,0.0,APPN,5m
2026-03-23 10:20:00-04:00,26.100000381469727,26.190000534057617,25.969999313354492,26.190000534057617,8118,0.0,0.0,APPN,5m
2026-03-23 10:25:00-04:00,26.200000762939453,26.209999084472656,25.950000762939453,26.045000076293945,3961,0.0,0.0,APPN,5m
2026-03-23 10:30:00-04:00,26.020000457763672,26.020000457763672,25.93000030517578,25.9689998626709,3460,0.0,0.0,APPN,5m
2026-03-23 10:35:00-04:00,25.94499969482422,26.024999618530273,25.94499969482422,26.0049991607666,3371,0.0,0.0,APPN,5m
2026-03-23 10:40:00-04:00,26.030000686645508,26.045000076293945,25.959999084472656,26.014999389648438,5623,0.0,0.0,APPN,5m
2026-03-23 10:45:00-04:00,26.010000228881836,26.030000686645508,25.930999755859375,25.930999755859375,2815,0.0,0.0,APPN,5m
2026-03-23 10:50:00-04:00,25.985000610351562,26.06999969482422,25.93000030517578,26.06999969482422,7267,0.0,0.0,APPN,5m
2026-03-23 10:55:00-04:00,26.040000915527344,26.1200008392334,26.040000915527344,26.065000534057617,6084,0.0,0.0,APPN,5m
2026-03-23 11:00:00-04:00,26.065000534057617,26.190000534057617,26.065000534057617,26.170000076293945,6946,0.0,0.0,APPN,5m
2026-03-23 11:05:00-04:00,26.139999389648438,26.200000762939453,26.08009910583496,26.170000076293945,5957,0.0,0.0,APPN,5m
2026-03-23 11:10:00-04:00,26.139999389648438,26.239999771118164,26.139999389648438,26.239999771118164,8970,0.0,0.0,APPN,5m
2026-03-23 11:15:00-04:00,26.200000762939453,26.229999542236328,26.059999465942383,26.084999084472656,6754,0.0,0.0,APPN,5m
2026-03-23 11:20:00-04:00,25.989999771118164,26.139999389648438,25.989999771118164,26.075000762939453,4738,0.0,0.0,APPN,5m
2026-03-23 11:25:00-04:00,26.07509994506836,26.07509994506836,25.954999923706055,25.954999923706055,5763,0.0,0.0,APPN,5m
2026-03-23 11:30:00-04:00,25.989999771118164,26.020000457763672,25.969999313354492,26.0,4002,0.0,0.0,APPN,5m
2026-03-23 11:35:00-04:00,25.97010040283203,26.010000228881836,25.764999389648438,25.850000381469727,2941,0.0,0.0,APPN,5m
2026-03-23 11:40:00-04:00,25.850000381469727,25.850000381469727,25.56999969482422,25.649999618530273,8247,0.0,0.0,APPN,5m
2026-03-23 11:45:00-04:00,25.610000610351562,25.760000228881836,25.610000610351562,25.760000228881836,7588,0.0,0.0,APPN,5m
2026-03-23 11:50:00-04:00,25.757999420166016,25.799999237060547,25.6299991607666,25.6299991607666,6909,0.0,0.0,APPN,5m
2026-03-23 11:55:00-04:00,25.55500030517578,25.670000076293945,25.55500030517578,25.670000076293945,5023,0.0,0.0,APPN,5m
2026-03-23 12:00:00-04:00,25.68000030517578,25.68000030517578,25.56999969482422,25.610000610351562,11002,0.0,0.0,APPN,5m
2026-03-23 12:05:00-04:00,25.610000610351562,25.6299991607666,25.540000915527344,25.540000915527344,28453,0.0,0.0,APPN,5m
2026-03-23 12:10:00-04:00,25.540000915527344,25.549999237060547,25.520000457763672,25.549999237060547,3929,0.0,0.0,APPN,5m
2026-03-23 12:15:00-04:00,25.530000686645508,25.530000686645508,25.360000610351562,25.360000610351562,3284,0.0,0.0,APPN,5m
2026-03-23 12:20:00-04:00,25.3700008392334,25.479900360107422,25.3700008392334,25.45009994506836,4844,0.0,0.0,APPN,5m
2026-03-23 12:25:00-04:00,25.440000534057617,25.5,25.3700008392334,25.3700008392334,5325,0.0,0.0,APPN,5m
2026-03-23 12:30:00-04:00,25.389999389648438,25.440000534057617,25.350000381469727,25.440000534057617,5724,0.0,0.0,APPN,5m
2026-03-23 12:35:00-04:00,25.469999313354492,25.510000228881836,25.424999237060547,25.424999237060547,2712,0.0,0.0,APPN,5m
2026-03-23 12:40:00-04:00,25.3799991607666,25.5,25.3799991607666,25.5,5288,0.0,0.0,APPN,5m
2026-03-23 12:45:00-04:00,25.485000610351562,25.549999237060547,25.485000610351562,25.520000457763672,3187,0.0,0.0,APPN,5m
2026-03-23 12:50:00-04:00,25.540000915527344,25.540000915527344,25.489999771118164,25.489999771118164,1711,0.0,0.0,APPN,5m
2026-03-23 12:55:00-04:00,25.469999313354492,25.549999237060547,25.46500015258789,25.549999237060547,3906,0.0,0.0,APPN,5m
2026-03-23 13:00:00-04:00,25.55500030517578,25.639999389648438,25.530000686645508,25.549999237060547,18641,0.0,0.0,APPN,5m
2026-03-23 13:05:00-04:00,25.510000228881836,25.549999237060547,25.5,25.540000915527344,3231,0.0,0.0,APPN,5m
2026-03-23 13:10:00-04:00,25.5049991607666,25.579999923706055,25.5049991607666,25.579999923706055,1918,0.0,0.0,APPN,5m
2026-03-23 13:15:00-04:00,25.59000015258789,25.600000381469727,25.540000915527344,25.540000915527344,1764,0.0,0.0,APPN,5m
2026-03-23 13:20:00-04:00,25.540000915527344,25.56999969482422,25.540000915527344,25.559999465942383,3542,0.0,0.0,APPN,5m
2026-03-23 13:25:00-04:00,25.53499984741211,25.760000228881836,25.53499984741211,25.75,9587,0.0,0.0,APPN,5m
2026-03-23 13:30:00-04:00,25.760000228881836,25.93000030517578,25.760000228881836,25.93000030517578,5414,0.0,0.0,APPN,5m
2026-03-23 13:35:00-04:00,25.969999313354492,26.104999542236328,25.969999313354492,26.040000915527344,8480,0.0,0.0,APPN,5m
2026-03-23 13:40:00-04:00,26.06999969482422,26.075000762939453,26.030000686645508,26.030000686645508,5764,0.0,0.0,APPN,5m
2026-03-23 13:45:00-04:00,26.010000228881836,26.010000228881836,25.989999771118164,25.989999771118164,1508,0.0,0.0,APPN,5m
2026-03-23 13:50:00-04:00,25.950000762939453,25.961200714111328,25.950000762939453,25.959999084472656,2222,0.0,0.0,APPN,5m
2026-03-23 13:55:00-04:00,25.969999313354492,26.040000915527344,25.969999313354492,26.010000228881836,6069,0.0,0.0,APPN,5m
2026-03-23 14:00:00-04:00,26.010000228881836,26.020000457763672,25.989999771118164,25.989999771118164,5084,0.0,0.0,APPN,5m
2026-03-23 14:05:00-04:00,26.0,26.0,25.924999237060547,25.969999313354492,3002,0.0,0.0,APPN,5m
2026-03-23 14:10:00-04:00,26.020000457763672,26.049999237060547,26.0,26.0,2654,0.0,0.0,APPN,5m
2026-03-23 14:15:00-04:00,26.014999389648438,26.014999389648438,26.014999389648438,26.014999389648438,1769,0.0,0.0,APPN,5m
2026-03-23 14:20:00-04:00,26.0,26.049999237060547,26.0,26.049999237060547,6548,0.0,0.0,APPN,5m
2026-03-23 14:25:00-04:00,26.049999237060547,26.049999237060547,25.979999542236328,25.979999542236328,6024,0.0,0.0,APPN,5m
2026-03-23 14:30:00-04:00,26.0049991607666,26.110000610351562,26.0049991607666,26.110000610351562,7324,0.0,0.0,APPN,5m
2026-03-23 14:35:00-04:00,26.084999084472656,26.145000457763672,26.084999084472656,26.145000457763672,5463,0.0,0.0,APPN,5m
2026-03-23 14:40:00-04:00,26.139999389648438,26.139999389648438,26.1200008392334,26.1200008392334,2389,0.0,0.0,APPN,5m
2026-03-23 14:45:00-04:00,26.1200008392334,26.1299991607666,26.09000015258789,26.1299991607666,4866,0.0,0.0,APPN,5m
2026-03-23 14:50:00-04:00,26.110000610351562,26.139999389648438,26.09000015258789,26.139999389648438,5647,0.0,0.0,APPN,5m
2026-03-23 14:55:00-04:00,26.139999389648438,26.139999389648438,26.06999969482422,26.06999969482422,1943,0.0,0.0,APPN,5m
2026-03-23 15:00:00-04:00,26.079999923706055,26.1200008392334,26.079999923706055,26.1200008392334,4670,0.0,0.0,APPN,5m
2026-03-23 15:05:00-04:00,26.110000610351562,26.110000610351562,26.014999389648438,26.03499984741211,5053,0.0,0.0,APPN,5m
2026-03-23 15:10:00-04:00,26.020000457763672,26.030000686645508,25.969999313354492,25.979999542236328,4458,0.0,0.0,APPN,5m
2026-03-23 15:15:00-04:00,25.979999542236328,26.030000686645508,25.959999084472656,25.969999313354492,5211,0.0,0.0,APPN,5m
2026-03-23 15:20:00-04:00,25.959999084472656,25.959999084472656,25.93000030517578,25.940000534057617,5621,0.0,0.0,APPN,5m
2026-03-23 15:25:00-04:00,25.940000534057617,25.979999542236328,25.92009925842285,25.969999313354492,2775,0.0,0.0,APPN,5m
2026-03-23 15:30:00-04:00,25.969999313354492,25.969999313354492,25.93000030517578,25.952499389648438,2417,0.0,0.0,APPN,5m
2026-03-23 15:35:00-04:00,25.920000076293945,25.959999084472656,25.920000076293945,25.920000076293945,4174,0.0,0.0,APPN,5m
2026-03-23 15:40:00-04:00,25.950000762939453,26.010000228881836,25.94569969177246,25.969999313354492,12116,0.0,0.0,APPN,5m
2026-03-23 15:45:00-04:00,26.0,26.020000457763672,25.978700637817383,26.0049991607666,9309,0.0,0.0,APPN,5m
2026-03-23 15:50:00-04:00,26.0049991607666,26.010000228881836,25.975000381469727,25.989999771118164,14693,0.0,0.0,APPN,5m
2026-03-23 15:55:00-04:00,25.985000610351562,25.9950008392334,25.950000762939453,25.979999542236328,45373,0.0,0.0,APPN,5m
2026-03-24 09:30:00-04:00,25.579999923706055,25.69499969482422,25.270000457763672,25.270000457763672,6173,0.0,0.0,APPN,5m
2026-03-24 09:35:00-04:00,25.139999389648438,25.139999389648438,24.739999771118164,24.899999618530273,8903,0.0,0.0,APPN,5m
2026-03-24 09:40:00-04:00,24.829999923706055,24.8799991607666,24.649999618530273,24.809999465942383,8820,0.0,0.0,APPN,5m
2026-03-24 09:45:00-04:00,24.8799991607666,25.170000076293945,24.8799991607666,25.079999923706055,42353,0.0,0.0,APPN,5m
2026-03-24 09:50:00-04:00,25.110000610351562,25.295000076293945,25.040000915527344,25.104999542236328,10137,0.0,0.0,APPN,5m
2026-03-24 10:00:00-04:00,25.100000381469727,25.100000381469727,25.0,25.0,2851,0.0,0.0,APPN,5m
2026-03-24 10:05:00-04:00,24.954999923706055,24.959999084472656,24.8799991607666,24.8799991607666,2619,0.0,0.0,APPN,5m
2026-03-24 10:10:00-04:00,24.8700008392334,25.020000457763672,24.78499984741211,25.0,2625,0.0,0.0,APPN,5m
2026-03-24 10:15:00-04:00,24.889999389648438,24.940000534057617,24.850000381469727,24.93000030517578,3327,0.0,0.0,APPN,5m
2026-03-24 10:20:00-04:00,24.979999542236328,25.059999465942383,24.979999542236328,25.05500030517578,2184,0.0,0.0,APPN,5m
2026-03-24 10:25:00-04:00,25.05500030517578,25.149999618530273,25.040000915527344,25.040000915527344,2855,0.0,0.0,APPN,5m
2026-03-24 10:30:00-04:00,25.059999465942383,25.06999969482422,25.059999465942383,25.06999969482422,1235,0.0,0.0,APPN,5m
2026-03-24 10:35:00-04:00,25.065000534057617,25.114999771118164,24.989999771118164,25.059999465942383,1802,0.0,0.0,APPN,5m
2026-03-24 10:40:00-04:00,25.1299991607666,25.1299991607666,25.084999084472656,25.084999084472656,1884,0.0,0.0,APPN,5m
2026-03-24 10:45:00-04:00,25.229999542236328,25.229999542236328,25.139999389648438,25.139999389648438,2238,0.0,0.0,APPN,5m
2026-03-24 10:50:00-04:00,25.079999923706055,25.190000534057617,25.059999465942383,25.190000534057617,3892,0.0,0.0,APPN,5m
2026-03-24 10:55:00-04:00,25.18000030517578,25.18000030517578,25.040000915527344,25.040000915527344,2792,0.0,0.0,APPN,5m
2026-03-24 11:00:00-04:00,25.040000915527344,25.040000915527344,24.979999542236328,24.979999542236328,835,0.0,0.0,APPN,5m
2026-03-24 11:05:00-04:00,24.86639976501465,24.86639976501465,24.81999969482422,24.81999969482422,882,0.0,0.0,APPN,5m
2026-03-24 11:10:00-04:00,24.81999969482422,24.93000030517578,24.809999465942383,24.93000030517578,1942,0.0,0.0,APPN,5m
2026-03-24 11:15:00-04:00,24.920000076293945,24.920000076293945,24.920000076293945,24.920000076293945,385,0.0,0.0,APPN,5m
2026-03-24 11:20:00-04:00,24.969999313354492,24.979999542236328,24.969999313354492,24.979999542236328,1544,0.0,0.0,APPN,5m
2026-03-24 11:25:00-04:00,24.985000610351562,24.985000610351562,24.895000457763672,24.895000457763672,1781,0.0,0.0,APPN,5m
2026-03-24 11:30:00-04:00,24.93000030517578,24.940000534057617,24.774999618530273,24.790000915527344,6292,0.0,0.0,APPN,5m
2026-03-24 11:35:00-04:00,24.774999618530273,24.799999237060547,24.75,24.770000457763672,2388,0.0,0.0,APPN,5m
2026-03-24 11:40:00-04:00,24.729999542236328,24.729999542236328,24.690000534057617,24.700000762939453,1189,0.0,0.0,APPN,5m
2026-03-24 11:45:00-04:00,24.69499969482422,24.69499969482422,24.690000534057617,24.690000534057617,572,0.0,0.0,APPN,5m
2026-03-24 11:50:00-04:00,24.719999313354492,24.719999313354492,24.670000076293945,24.670000076293945,4790,0.0,0.0,APPN,5m
2026-03-24 11:55:00-04:00,24.6200008392334,24.6200008392334,24.5,24.548599243164062,9222,0.0,0.0,APPN,5m
2026-03-24 12:00:00-04:00,24.56999969482422,24.625,24.549999237060547,24.600000381469727,3855,0.0,0.0,APPN,5m
2026-03-24 12:05:00-04:00,24.639999389648438,24.6564998626709,24.639999389648438,24.6564998626709,3886,0.0,0.0,APPN,5m
2026-03-24 12:10:00-04:00,24.670000076293945,24.685100555419922,24.670000076293945,24.684999465942383,1271,0.0,0.0,APPN,5m
2026-03-24 12:15:00-04:00,24.70549964904785,24.729999542236328,24.70549964904785,24.729999542236328,3095,0.0,0.0,APPN,5m
2026-03-24 12:20:00-04:00,24.719999313354492,24.75,24.690099716186523,24.690099716186523,3031,0.0,0.0,APPN,5m
2026-03-24 12:25:00-04:00,24.68000030517578,24.690000534057617,24.68000030517578,24.690000534057617,1035,0.0,0.0,APPN,5m
2026-03-24 12:30:00-04:00,24.674999237060547,24.709999084472656,24.65999984741211,24.709999084472656,2465,0.0,0.0,APPN,5m
2026-03-24 12:35:00-04:00,24.670000076293945,24.670000076293945,24.549999237060547,24.549999237060547,2726,0.0,0.0,APPN,5m
2026-03-24 12:40:00-04:00,24.545000076293945,24.579999923706055,24.420000076293945,24.440000534057617,11073,0.0,0.0,APPN,5m
2026-03-24 12:45:00-04:00,24.440000534057617,24.479999542236328,24.40999984741211,24.440000534057617,5439,0.0,0.0,APPN,5m
2026-03-24 12:50:00-04:00,24.459999084472656,24.520000457763672,24.440099716186523,24.5,4711,0.0,0.0,APPN,5m
2026-03-24 12:55:00-04:00,24.50749969482422,24.530000686645508,24.479999542236328,24.530000686645508,4273,0.0,0.0,APPN,5m
2026-03-24 13:00:00-04:00,24.530000686645508,24.530000686645508,24.459999084472656,24.489999771118164,3055,0.0,0.0,APPN,5m
2026-03-24 13:05:00-04:00,24.440000534057617,24.440000534057617,24.360000610351562,24.385000228881836,3727,0.0,0.0,APPN,5m
2026-03-24 13:10:00-04:00,24.3799991607666,24.40999984741211,24.360000610351562,24.3799991607666,2342,0.0,0.0,APPN,5m
2026-03-24 13:15:00-04:00,24.3700008392334,24.389999389648438,24.350000381469727,24.3799991607666,3993,0.0,0.0,APPN,5m
2026-03-24 13:20:00-04:00,24.399999618530273,24.399999618530273,24.399999618530273,24.399999618530273,2186,0.0,0.0,APPN,5m
2026-03-24 13:25:00-04:00,24.420000076293945,24.459999084472656,24.420000076293945,24.454999923706055,6770,0.0,0.0,APPN,5m
2026-03-24 13:30:00-04:00,24.479999542236328,24.530000686645508,24.479999542236328,24.5,3294,0.0,0.0,APPN,5m
2026-03-24 13:35:00-04:00,24.510000228881836,24.549999237060547,24.5,24.549999237060547,2213,0.0,0.0,APPN,5m
2026-03-24 13:40:00-04:00,24.549999237060547,24.549999237060547,24.459999084472656,24.459999084472656,4042,0.0,0.0,APPN,5m
2026-03-24 13:45:00-04:00,24.459999084472656,24.459999084472656,24.3799991607666,24.3799991607666,5014,0.0,0.0,APPN,5m
2026-03-24 13:50:00-04:00,24.43000030517578,24.46500015258789,24.360000610351562,24.360000610351562,5107,0.0,0.0,APPN,5m
2026-03-24 13:55:00-04:00,24.450000762939453,24.450000762939453,24.399999618530273,24.399999618530273,1798,0.0,0.0,APPN,5m
2026-03-24 14:00:00-04:00,24.395000457763672,24.43000030517578,24.395000457763672,24.40999984741211,2432,0.0,0.0,APPN,5m
2026-03-24 14:05:00-04:00,24.440000534057617,24.459999084472656,24.43000030517578,24.450000762939453,3719,0.0,0.0,APPN,5m
2026-03-24 14:10:00-04:00,24.450000762939453,24.450000762939453,24.450000762939453,24.450000762939453,1137,0.0,0.0,APPN,5m
2026-03-24 14:15:00-04:00,24.450000762939453,24.5,24.40999984741211,24.40999984741211,4400,0.0,0.0,APPN,5m
2026-03-24 14:20:00-04:00,24.510000228881836,24.510000228881836,24.40999984741211,24.40999984741211,1216,0.0,0.0,APPN,5m
2026-03-24 14:25:00-04:00,24.415000915527344,24.459999084472656,24.415000915527344,24.459999084472656,2267,0.0,0.0,APPN,5m
2026-03-24 14:30:00-04:00,24.440000534057617,24.506399154663086,24.440000534057617,24.506399154663086,2206,0.0,0.0,APPN,5m
2026-03-24 14:35:00-04:00,24.510000228881836,24.649999618530273,24.510000228881836,24.649999618530273,5981,0.0,0.0,APPN,5m
2026-03-24 14:40:00-04:00,24.625,24.625,24.540000915527344,24.540000915527344,2193,0.0,0.0,APPN,5m
2026-03-24 14:45:00-04:00,24.530000686645508,24.530000686645508,24.479999542236328,24.485000610351562,2309,0.0,0.0,APPN,5m
2026-03-24 14:50:00-04:00,24.469999313354492,24.520000457763672,24.469999313354492,24.520000457763672,2080,0.0,0.0,APPN,5m
2026-03-24 14:55:00-04:00,24.520000457763672,24.56999969482422,24.520000457763672,24.565000534057617,3306,0.0,0.0,APPN,5m
2026-03-24 15:00:00-04:00,24.600000381469727,24.610000610351562,24.600000381469727,24.610000610351562,1403,0.0,0.0,APPN,5m
2026-03-24 15:05:00-04:00,24.635000228881836,24.635000228881836,24.59000015258789,24.594999313354492,4272,0.0,0.0,APPN,5m
2026-03-24 15:10:00-04:00,24.584299087524414,24.59000015258789,24.520000457763672,24.59000015258789,4377,0.0,0.0,APPN,5m
2026-03-24 15:15:00-04:00,24.599300384521484,24.6299991607666,24.599300384521484,24.6299991607666,5234,0.0,0.0,APPN,5m
2026-03-24 15:20:00-04:00,24.600000381469727,24.600000381469727,24.559999465942383,24.559999465942383,1993,0.0,0.0,APPN,5m
2026-03-24 15:25:00-04:00,24.56999969482422,24.600000381469727,24.560100555419922,24.560100555419922,4881,0.0,0.0,APPN,5m
2026-03-24 15:30:00-04:00,24.584999084472656,24.6200008392334,24.520000457763672,24.520000457763672,7002,0.0,0.0,APPN,5m
2026-03-24 15:35:00-04:00,24.49250030517578,24.53499984741211,24.49250030517578,24.53499984741211,5643,0.0,0.0,APPN,5m
2026-03-24 15:40:00-04:00,24.530000686645508,24.540000915527344,24.530000686645508,24.540000915527344,2538,0.0,0.0,APPN,5m
2026-03-24 15:45:00-04:00,24.530000686645508,24.53350067138672,24.43000030517578,24.45319938659668,6809,0.0,0.0,APPN,5m
2026-03-24 15:50:00-04:00,24.43000030517578,24.450000762939453,24.329999923706055,24.389999389648438,20794,0.0,0.0,APPN,5m
2026-03-24 15:55:00-04:00,24.400100708007812,24.405000686645508,24.309999465942383,24.34000015258789,51217,0.0,0.0,APPN,5m
2026-03-25 09:30:00-04:00,24.81999969482422,24.850000381469727,24.809999465942383,24.850000381469727,7859,0.0,0.0,APPN,5m
2026-03-25 09:35:00-04:00,24.861000061035156,24.861000061035156,24.68000030517578,24.68000030517578,2337,0.0,0.0,APPN,5m
2026-03-25 09:40:00-04:00,24.670000076293945,24.670000076293945,24.670000076293945,24.670000076293945,1244,0.0,0.0,APPN,5m
2026-03-25 09:45:00-04:00,24.61009979248047,24.61009979248047,24.530000686645508,24.604999542236328,2862,0.0,0.0,APPN,5m
2026-03-25 09:50:00-04:00,24.610000610351562,24.610000610351562,24.510000228881836,24.545000076293945,3177,0.0,0.0,APPN,5m
2026-03-25 09:55:00-04:00,24.479999542236328,24.479999542236328,24.399999618530273,24.399999618530273,1924,0.0,0.0,APPN,5m
2026-03-25 10:00:00-04:00,24.389999389648438,24.389999389648438,24.229999542236328,24.3700008392334,3398,0.0,0.0,APPN,5m
2026-03-25 10:05:00-04:00,24.280000686645508,24.280000686645508,24.280000686645508,24.280000686645508,286,0.0,0.0,APPN,5m
2026-03-25 10:10:00-04:00,24.329999923706055,24.450000762939453,24.329999923706055,24.450000762939453,4810,0.0,0.0,APPN,5m
2026-03-25 10:15:00-04:00,24.479999542236328,24.510000228881836,24.459999084472656,24.459999084472656,1515,0.0,0.0,APPN,5m
2026-03-25 10:20:00-04:00,24.459999084472656,24.459999084472656,24.3700008392334,24.3700008392334,1589,0.0,0.0,APPN,5m
2026-03-25 10:25:00-04:00,24.3700008392334,24.450000762939453,24.3700008392334,24.450000762939453,1155,0.0,0.0,APPN,5m
2026-03-25 10:30:00-04:00,24.405000686645508,24.459999084472656,24.3799991607666,24.459999084472656,1219,0.0,0.0,APPN,5m
2026-03-25 10:35:00-04:00,24.459999084472656,24.489999771118164,24.43000030517578,24.43000030517578,4024,0.0,0.0,APPN,5m
2026-03-25 10:40:00-04:00,24.44700050354004,24.44700050354004,24.44700050354004,24.44700050354004,412,0.0,0.0,APPN,5m
2026-03-25 10:45:00-04:00,24.3700008392334,24.3799991607666,24.350000381469727,24.350000381469727,1873,0.0,0.0,APPN,5m
2026-03-25 10:50:00-04:00,24.3700008392334,24.3700008392334,24.329999923706055,24.329999923706055,1778,0.0,0.0,APPN,5m
2026-03-25 10:55:00-04:00,24.329999923706055,24.420000076293945,24.329999923706055,24.389999389648438,3039,0.0,0.0,APPN,5m
2026-03-25 11:00:00-04:00,24.415000915527344,24.415000915527344,24.389999389648438,24.40999984741211,1199,0.0,0.0,APPN,5m
2026-03-25 11:05:00-04:00,24.389999389648438,24.389999389648438,24.18000030517578,24.18000030517578,10127,0.0,0.0,APPN,5m
2026-03-25 11:10:00-04:00,24.139999389648438,24.149999618530273,23.709999084472656,23.709999084472656,36907,0.0,0.0,APPN,5m
2026-03-25 11:15:00-04:00,23.780000686645508,23.780000686645508,23.690000534057617,23.690000534057617,3793,0.0,0.0,APPN,5m
2026-03-25 11:20:00-04:00,23.6200008392334,23.729999542236328,23.6200008392334,23.729999542236328,4200,0.0,0.0,APPN,5m
2026-03-25 11:25:00-04:00,23.75,23.790000915527344,23.739999771118164,23.780000686645508,1537,0.0,0.0,APPN,5m
2026-03-25 11:30:00-04:00,23.860000610351562,23.8700008392334,23.860000610351562,23.8700008392334,1462,0.0,0.0,APPN,5m
2026-03-25 11:35:00-04:00,23.8700008392334,23.8700008392334,23.809999465942383,23.809999465942383,3466,0.0,0.0,APPN,5m
2026-03-25 11:40:00-04:00,23.829999923706055,23.829999923706055,23.690000534057617,23.690000534057617,2716,0.0,0.0,APPN,5m
2026-03-25 11:45:00-04:00,23.719999313354492,23.731800079345703,23.700000762939453,23.71500015258789,1272,0.0,0.0,APPN,5m
2026-03-25 11:50:00-04:00,23.71500015258789,23.72010040283203,23.71500015258789,23.72010040283203,2298,0.0,0.0,APPN,5m
2026-03-25 11:55:00-04:00,23.7450008392334,23.809999465942383,23.7450008392334,23.790000915527344,3772,0.0,0.0,APPN,5m
2026-03-25 12:00:00-04:00,23.889999389648438,24.010000228881836,23.885000228881836,24.010000228881836,7341,0.0,0.0,APPN,5m
2026-03-25 12:05:00-04:00,24.010000228881836,24.040000915527344,23.979999542236328,24.040000915527344,3283,0.0,0.0,APPN,5m
2026-03-25 12:10:00-04:00,24.030000686645508,24.15999984741211,24.010000228881836,24.114999771118164,13987,0.0,0.0,APPN,5m
2026-03-25 12:15:00-04:00,24.135000228881836,24.209999084472656,24.135000228881836,24.209999084472656,5890,0.0,0.0,APPN,5m
2026-03-25 12:20:00-04:00,24.239999771118164,24.260000228881836,24.149999618530273,24.229999542236328,6975,0.0,0.0,APPN,5m
2026-03-25 12:25:00-04:00,24.25,24.299999237060547,24.1299991607666,24.15999984741211,12243,0.0,0.0,APPN,5m
2026-03-25 12:30:00-04:00,24.155000686645508,24.155000686645508,24.149999618530273,24.149999618530273,1569,0.0,0.0,APPN,5m
2026-03-25 12:35:00-04:00,24.155000686645508,24.155000686645508,24.155000686645508,24.155000686645508,1290,0.0,0.0,APPN,5m
2026-03-25 12:40:00-04:00,24.15999984741211,24.15999984741211,24.15999984741211,24.15999984741211,1442,0.0,0.0,APPN,5m
2026-03-25 12:45:00-04:00,24.059999465942383,24.059999465942383,24.059999465942383,24.059999465942383,1017,0.0,0.0,APPN,5m
2026-03-25 12:50:00-04:00,24.0,24.09000015258789,24.0,24.075000762939453,5153,0.0,0.0,APPN,5m
2026-03-25 12:55:00-04:00,24.059999465942383,24.06999969482422,24.010000228881836,24.040000915527344,2918,0.0,0.0,APPN,5m
2026-03-25 13:00:00-04:00,24.030000686645508,24.059999465942383,24.010000228881836,24.010000228881836,2025,0.0,0.0,APPN,5m
2026-03-25 13:05:00-04:00,24.0,24.0,24.0,24.0,2646,0.0,0.0,APPN,5m
2026-03-25 13:10:00-04:00,24.030000686645508,24.084999084472656,24.030000686645508,24.06999969482422,3052,0.0,0.0,APPN,5m
2026-03-25 13:15:00-04:00,24.094999313354492,24.149999618530273,24.09000015258789,24.100099563598633,4321,0.0,0.0,APPN,5m
2026-03-25 13:20:00-04:00,24.06999969482422,24.06999969482422,24.06999969482422,24.06999969482422,1368,0.0,0.0,APPN,5m
2026-03-25 13:25:00-04:00,24.139999389648438,24.139999389648438,24.139999389648438,24.139999389648438,1336,0.0,0.0,APPN,5m
2026-03-25 13:30:00-04:00,24.1299991607666,24.135000228881836,24.100000381469727,24.135000228881836,2574,0.0,0.0,APPN,5m
2026-03-25 13:35:00-04:00,24.139999389648438,24.139999389648438,24.139999389648438,24.139999389648438,1248,0.0,0.0,APPN,5m
2026-03-25 13:40:00-04:00,24.239999771118164,24.239999771118164,24.200000762939453,24.200000762939453,1462,0.0,0.0,APPN,5m
2026-03-25 13:45:00-04:00,24.209999084472656,24.209999084472656,24.209999084472656,24.209999084472656,1461,0.0,0.0,APPN,5m
2026-03-25 13:50:00-04:00,24.200000762939453,24.200000762939453,24.100000381469727,24.1299991607666,3191,0.0,0.0,APPN,5m
2026-03-25 13:55:00-04:00,24.149999618530273,24.15999984741211,24.114999771118164,24.114999771118164,2620,0.0,0.0,APPN,5m
2026-03-25 14:00:00-04:00,24.049999237060547,24.09000015258789,24.030000686645508,24.09000015258789,1599,0.0,0.0,APPN,5m
2026-03-25 14:05:00-04:00,24.09000015258789,24.100000381469727,24.0,24.0,3094,0.0,0.0,APPN,5m
2026-03-25 14:10:00-04:00,24.0049991607666,24.040000915527344,23.959999084472656,24.040000915527344,8567,0.0,0.0,APPN,5m
2026-03-25 14:15:00-04:00,24.010000228881836,24.010000228881836,24.010000228881836,24.010000228881836,697,0.0,0.0,APPN,5m
2026-03-25 14:20:00-04:00,23.959999084472656,23.959999084472656,23.94499969482422,23.94499969482422,1731,0.0,0.0,APPN,5m
2026-03-25 14:25:00-04:00,23.940000534057617,23.940000534057617,23.8799991607666,23.8799991607666,2885,0.0,0.0,APPN,5m
2026-03-25 14:30:00-04:00,23.8700008392334,23.875,23.8700008392334,23.875,1182,0.0,0.0,APPN,5m
2026-03-25 14:35:00-04:00,23.875,23.969999313354492,23.8700008392334,23.911699295043945,7069,0.0,0.0,APPN,5m
2026-03-25 14:40:00-04:00,23.90999984741211,23.93000030517578,23.850000381469727,23.889999389648438,6942,0.0,0.0,APPN,5m
2026-03-25 14:45:00-04:00,23.895000457763672,23.93000030517578,23.889999389648438,23.889999389648438,4737,0.0,0.0,APPN,5m
2026-03-25 14:50:00-04:00,23.8700008392334,23.90999984741211,23.8700008392334,23.90999984741211,2054,0.0,0.0,APPN,5m
2026-03-25 14:55:00-04:00,23.889999389648438,23.889999389648438,23.729999542236328,23.760000228881836,6496,0.0,0.0,APPN,5m
2026-03-25 15:00:00-04:00,23.739999771118164,23.78499984741211,23.719999313354492,23.78499984741211,7707,0.0,0.0,APPN,5m
2026-03-25 15:05:00-04:00,23.84000015258789,23.90999984741211,23.84000015258789,23.90999984741211,4212,0.0,0.0,APPN,5m
2026-03-25 15:10:00-04:00,23.8799991607666,23.940000534057617,23.8799991607666,23.940000534057617,2084,0.0,0.0,APPN,5m
2026-03-25 15:15:00-04:00,23.950000762939453,23.969999313354492,23.950000762939453,23.969999313354492,2003,0.0,0.0,APPN,5m
2026-03-25 15:20:00-04:00,24.0,24.024999618530273,24.0,24.0,4187,0.0,0.0,APPN,5m
2026-03-25 15:25:00-04:00,24.010000228881836,24.020000457763672,23.989999771118164,24.020000457763672,4050,0.0,0.0,APPN,5m
2026-03-25 15:30:00-04:00,24.040000915527344,24.040000915527344,24.0,24.020000457763672,4373,0.0,0.0,APPN,5m
2026-03-25 15:35:00-04:00,24.040000915527344,24.06999969482422,24.030000686645508,24.06999969482422,4700,0.0,0.0,APPN,5m
2026-03-25 15:40:00-04:00,24.049999237060547,24.049999237060547,24.020000457763672,24.030000686645508,3892,0.0,0.0,APPN,5m
2026-03-25 15:45:00-04:00,24.020000457763672,24.020000457763672,23.90999984741211,23.940000534057617,7070,0.0,0.0,APPN,5m
2026-03-25 15:50:00-04:00,23.940000534057617,23.969999313354492,23.924999237060547,23.924999237060547,10961,0.0,0.0,APPN,5m
2026-03-25 15:55:00-04:00,23.940000534057617,24.020000457763672,23.93000030517578,23.950000762939453,50129,0.0,0.0,APPN,5m
2026-03-26 09:30:00-04:00,23.739999771118164,23.969999313354492,23.739999771118164,23.969999313354492,9382,0.0,0.0,APPN,5m
2026-03-26 09:35:00-04:00,24.010000228881836,24.094999313354492,24.010000228881836,24.094999313354492,3812,0.0,0.0,APPN,5m
2026-03-26 09:40:00-04:00,23.889999389648438,23.969999313354492,23.770099639892578,23.959999084472656,8701,0.0,0.0,APPN,5m
2026-03-26 09:45:00-04:00,23.969999313354492,24.09000015258789,23.872499465942383,24.09000015258789,9790,0.0,0.0,APPN,5m
2026-03-26 09:50:00-04:00,24.082500457763672,24.31999969482422,24.082500457763672,24.229999542236328,4040,0.0,0.0,APPN,5m
2026-03-26 09:55:00-04:00,24.229999542236328,24.399999618530273,24.15999984741211,24.219999313354492,4116,0.0,0.0,APPN,5m
2026-03-26 10:00:00-04:00,24.399999618530273,24.450000762939453,24.209999084472656,24.34000015258789,4245,0.0,0.0,APPN,5m
2026-03-26 10:05:00-04:00,24.450000762939453,24.450000762939453,24.184999465942383,24.354999542236328,2169,0.0,0.0,APPN,5m
2026-03-26 10:10:00-04:00,24.354999542236328,24.354999542236328,24.209999084472656,24.334999084472656,2102,0.0,0.0,APPN,5m
2026-03-26 10:15:00-04:00,24.329999923706055,24.350000381469727,24.15999984741211,24.170000076293945,7559,0.0,0.0,APPN,5m
2026-03-26 10:20:00-04:00,24.170000076293945,24.280000686645508,24.170000076293945,24.280000686645508,3536,0.0,0.0,APPN,5m
2026-03-26 10:25:00-04:00,24.25,24.30500030517578,24.170000076293945,24.270000457763672,2975,0.0,0.0,APPN,5m
2026-03-26 10:30:00-04:00,24.270000457763672,24.290000915527344,24.25,24.25,1332,0.0,0.0,APPN,5m
2026-03-26 10:35:00-04:00,24.25,24.270000457763672,24.18000030517578,24.18000030517578,5313,0.0,0.0,APPN,5m
2026-03-26 10:40:00-04:00,24.280000686645508,24.325000762939453,24.125,24.209999084472656,4379,0.0,0.0,APPN,5m
2026-03-26 10:45:00-04:00,24.260000228881836,24.299999237060547,24.229999542236328,24.239999771118164,3757,0.0,0.0,APPN,5m
2026-03-26 10:50:00-04:00,24.229999542236328,24.229999542236328,24.229999542236328,24.229999542236328,1031,0.0,0.0,APPN,5m
2026-03-26 10:55:00-04:00,24.209999084472656,24.290000915527344,24.209999084472656,24.239999771118164,3626,0.0,0.0,APPN,5m
2026-03-26 11:00:00-04:00,24.28499984741211,24.350000381469727,24.18000030517578,24.18000030517578,3100,0.0,0.0,APPN,5m
2026-03-26 11:05:00-04:00,24.1200008392334,24.1200008392334,24.079999923706055,24.079999923706055,1541,0.0,0.0,APPN,5m
2026-03-26 11:10:00-04:00,24.135000228881836,24.135000228881836,24.135000228881836,24.135000228881836,582,0.0,0.0,APPN,5m
2026-03-26 11:15:00-04:00,24.079999923706055,24.079999923706055,24.010000228881836,24.030000686645508,3986,0.0,0.0,APPN,5m
2026-03-26 11:20:00-04:00,24.010000228881836,24.030000686645508,24.0,24.030000686645508,1476,0.0,0.0,APPN,5m
2026-03-26 11:25:00-04:00,24.010000228881836,24.09000015258789,23.990100860595703,23.990100860595703,7888,0.0,0.0,APPN,5m
2026-03-26 11:30:00-04:00,24.075000762939453,24.079999923706055,24.040000915527344,24.040000915527344,1854,0.0,0.0,APPN,5m
2026-03-26 11:35:00-04:00,24.09000015258789,24.09510040283203,24.09000015258789,24.09510040283203,1445,0.0,0.0,APPN,5m
2026-03-26 11:40:00-04:00,24.100000381469727,24.15999984741211,24.079999923706055,24.15999984741211,3729,0.0,0.0,APPN,5m
2026-03-26 11:45:00-04:00,24.15999984741211,24.229999542236328,24.15999984741211,24.229999542236328,4711,0.0,0.0,APPN,5m
2026-03-26 11:50:00-04:00,24.200000762939453,24.209999084472656,24.1299991607666,24.1299991607666,1936,0.0,0.0,APPN,5m
2026-03-26 11:55:00-04:00,24.100000381469727,24.100000381469727,23.979999542236328,23.979999542236328,1577,0.0,0.0,APPN,5m
2026-03-26 12:00:00-04:00,23.959999084472656,23.979999542236328,23.950000762939453,23.950000762939453,1949,0.0,0.0,APPN,5m
2026-03-26 12:05:00-04:00,23.954999923706055,24.030000686645508,23.954999923706055,24.030000686645508,2452,0.0,0.0,APPN,5m
2026-03-26 12:10:00-04:00,24.020000457763672,24.020000457763672,23.979999542236328,23.979999542236328,2352,0.0,0.0,APPN,5m
2026-03-26 12:15:00-04:00,23.981399536132812,23.981399536132812,23.940000534057617,23.950000762939453,3075,0.0,0.0,APPN,5m
2026-03-26 12:20:00-04:00,23.920000076293945,23.969999313354492,23.90999984741211,23.964000701904297,3002,0.0,0.0,APPN,5m
2026-03-26 12:25:00-04:00,23.93000030517578,23.93000030517578,23.8700008392334,23.8700008392334,1090,0.0,0.0,APPN,5m
2026-03-26 12:30:00-04:00,23.850000381469727,23.850000381469727,23.81999969482422,23.844999313354492,3006,0.0,0.0,APPN,5m
2026-03-26 12:35:00-04:00,23.90999984741211,23.90999984741211,23.8700008392334,23.8700008392334,2650,0.0,0.0,APPN,5m
2026-03-26 12:40:00-04:00,23.860000610351562,23.90999984741211,23.860000610351562,23.90999984741211,2322,0.0,0.0,APPN,5m
2026-03-26 12:45:00-04:00,23.889999389648438,23.979999542236328,23.889999389648438,23.979999542236328,3496,0.0,0.0,APPN,5m
2026-03-26 12:50:00-04:00,23.989999771118164,23.989999771118164,23.924999237060547,23.924999237060547,2714,0.0,0.0,APPN,5m
2026-03-26 12:55:00-04:00,23.90999984741211,23.950000762939453,23.860000610351562,23.950000762939453,5638,0.0,0.0,APPN,5m
2026-03-26 13:00:00-04:00,23.959999084472656,23.959999084472656,23.959999084472656,23.959999084472656,866,0.0,0.0,APPN,5m
2026-03-26 13:05:00-04:00,23.969999313354492,23.969999313354492,23.969999313354492,23.969999313354492,341,0.0,0.0,APPN,5m
2026-03-26 13:10:00-04:00,23.940000534057617,23.940000534057617,23.90999984741211,23.90999984741211,2446,0.0,0.0,APPN,5m
2026-03-26 13:15:00-04:00,23.889999389648438,23.950000762939453,23.889999389648438,23.950000762939453,2488,0.0,0.0,APPN,5m
2026-03-26 13:20:00-04:00,23.950000762939453,23.959999084472656,23.889999389648438,23.889999389648438,7315,0.0,0.0,APPN,5m
2026-03-26 13:30:00-04:00,23.84000015258789,23.8700008392334,23.84000015258789,23.8700008392334,3030,0.0,0.0,APPN,5m
2026-03-26 13:35:00-04:00,23.860000610351562,23.875,23.84000015258789,23.875,1666,0.0,0.0,APPN,5m
2026-03-26 13:40:00-04:00,23.894800186157227,23.940000534057617,23.894800186157227,23.899999618530273,10939,0.0,0.0,APPN,5m
2026-03-26 13:45:00-04:00,23.905000686645508,23.905000686645508,23.809999465942383,23.809999465942383,13735,0.0,0.0,APPN,5m
2026-03-26 13:50:00-04:00,23.850000381469727,23.850000381469727,23.760000228881836,23.829999923706055,14232,0.0,0.0,APPN,5m
2026-03-26 13:55:00-04:00,23.860000610351562,23.860000610351562,23.829999923706055,23.829999923706055,883,0.0,0.0,APPN,5m
2026-03-26 14:00:00-04:00,23.829999923706055,23.844999313354492,23.81999969482422,23.84000015258789,1452,0.0,0.0,APPN,5m
2026-03-26 14:05:00-04:00,23.8700008392334,23.920000076293945,23.8700008392334,23.8700008392334,4892,0.0,0.0,APPN,5m
2026-03-26 14:10:00-04:00,23.895000457763672,23.915000915527344,23.889999389648438,23.889999389648438,976,0.0,0.0,APPN,5m
2026-03-26 14:15:00-04:00,23.8700008392334,23.959999084472656,23.8700008392334,23.959999084472656,4336,0.0,0.0,APPN,5m
2026-03-26 14:20:00-04:00,23.940000534057617,23.950000762939453,23.93000030517578,23.950000762939453,2712,0.0,0.0,APPN,5m
2026-03-26 14:25:00-04:00,23.93000030517578,23.950000762939453,23.889999389648438,23.889999389648438,2281,0.0,0.0,APPN,5m
2026-03-26 14:30:00-04:00,23.8799991607666,23.920000076293945,23.8799991607666,23.90999984741211,2470,0.0,0.0,APPN,5m
2026-03-26 14:35:00-04:00,23.90999984741211,23.93000030517578,23.80500030517578,23.860000610351562,22423,0.0,0.0,APPN,5m
2026-03-26 14:40:00-04:00,23.799999237060547,23.799999237060547,23.799999237060547,23.799999237060547,809,0.0,0.0,APPN,5m
2026-03-26 14:45:00-04:00,23.799999237060547,23.799999237060547,23.774999618530273,23.774999618530273,2251,0.0,0.0,APPN,5m
2026-03-26 14:50:00-04:00,23.790000915527344,23.795000076293945,23.790000915527344,23.795000076293945,1857,0.0,0.0,APPN,5m
2026-03-26 14:55:00-04:00,23.790000915527344,23.81999969482422,23.7450008392334,23.809999465942383,9955,0.0,0.0,APPN,5m
2026-03-26 15:00:00-04:00,23.790000915527344,23.790000915527344,23.790000915527344,23.790000915527344,798,0.0,0.0,APPN,5m
2026-03-26 15:05:00-04:00,23.790000915527344,23.8799991607666,23.790000915527344,23.8799991607666,5527,0.0,0.0,APPN,5m
2026-03-26 15:10:00-04:00,23.88010025024414,23.889999389648438,23.81999969482422,23.83989906311035,3151,0.0,0.0,APPN,5m
2026-03-26 15:15:00-04:00,23.799999237060547,23.81999969482422,23.760000228881836,23.760000228881836,2367,0.0,0.0,APPN,5m
2026-03-26 15:20:00-04:00,23.75,23.760000228881836,23.71500015258789,23.71500015258789,2372,0.0,0.0,APPN,5m
2026-03-26 15:25:00-04:00,23.75,23.790000915527344,23.700000762939453,23.700000762939453,6009,0.0,0.0,APPN,5m
2026-03-26 15:30:00-04:00,23.719999313354492,23.760000228881836,23.719999313354492,23.760000228881836,1374,0.0,0.0,APPN,5m
2026-03-26 15:35:00-04:00,23.760000228881836,23.84000015258789,23.75,23.799999237060547,10444,0.0,0.0,APPN,5m
2026-03-26 15:40:00-04:00,23.799999237060547,23.799999237060547,23.799999237060547,23.799999237060547,2763,0.0,0.0,APPN,5m
2026-03-26 15:45:00-04:00,23.815000534057617,23.81999969482422,23.764999389648438,23.81999969482422,6765,0.0,0.0,APPN,5m
2026-03-26 15:50:00-04:00,23.81999969482422,23.854999542236328,23.78499984741211,23.854999542236328,10986,0.0,0.0,APPN,5m
2026-03-26 15:55:00-04:00,23.8799991607666,24.0,23.864999771118164,23.989999771118164,39301,0.0,0.0,APPN,5m
2026-03-27 09:30:00-04:00,23.729999542236328,23.739999771118164,23.015300750732422,23.59950065612793,14222,0.0,0.0,APPN,5m
2026-03-27 09:35:00-04:00,23.375,23.509899139404297,23.375,23.509899139404297,3819,0.0,0.0,APPN,5m
2026-03-27 09:40:00-04:00,23.454999923706055,23.454999923706055,23.454999923706055,23.454999923706055,1045,0.0,0.0,APPN,5m
2026-03-27 09:45:00-04:00,23.280000686645508,23.424999237060547,23.239999771118164,23.424999237060547,3976,0.0,0.0,APPN,5m
2026-03-27 09:50:00-04:00,23.25,23.280000686645508,23.18000030517578,23.18000030517578,2245,0.0,0.0,APPN,5m
2026-03-27 09:55:00-04:00,23.15999984741211,23.170000076293945,23.020000457763672,23.020000457763672,2089,0.0,0.0,APPN,5m
2026-03-27 10:00:00-04:00,23.110000610351562,23.31999969482422,23.110000610351562,23.219999313354492,5427,0.0,0.0,APPN,5m
2026-03-27 10:05:00-04:00,23.170000076293945,23.200000762939453,23.0,23.0,4310,0.0,0.0,APPN,5m
2026-03-27 10:10:00-04:00,23.0,23.139999389648438,23.0,23.09000015258789,3257,0.0,0.0,APPN,5m
2026-03-27 10:15:00-04:00,23.190000534057617,23.329999923706055,23.190000534057617,23.235000610351562,2694,0.0,0.0,APPN,5m
2026-03-27 10:20:00-04:00,23.344999313354492,23.350000381469727,23.329999923706055,23.329999923706055,1951,0.0,0.0,APPN,5m
2026-03-27 10:25:00-04:00,23.290000915527344,23.329999923706055,23.200000762939453,23.299999237060547,13453,0.0,0.0,APPN,5m
2026-03-27 10:30:00-04:00,23.295000076293945,23.295000076293945,23.295000076293945,23.295000076293945,310,0.0,0.0,APPN,5m
2026-03-27 10:35:00-04:00,23.219999313354492,23.229999542236328,23.165000915527344,23.19499969482422,7361,0.0,0.0,APPN,5m
2026-03-27 10:40:00-04:00,23.19499969482422,23.325000762939453,23.18000030517578,23.325000762939453,35476,0.0,0.0,APPN,5m
2026-03-27 10:45:00-04:00,23.31999969482422,23.530000686645508,23.31999969482422,23.530000686645508,1950,0.0,0.0,APPN,5m
2026-03-27 10:50:00-04:00,23.420000076293945,23.559999465942383,23.420000076293945,23.559999465942383,2261,0.0,0.0,APPN,5m
2026-03-27 10:55:00-04:00,23.450000762939453,23.530000686645508,23.43000030517578,23.479999542236328,8274,0.0,0.0,APPN,5m
2026-03-27 11:00:00-04:00,23.479999542236328,23.59000015258789,23.479999542236328,23.59000015258789,2536,0.0,0.0,APPN,5m
2026-03-27 11:05:00-04:00,23.604999542236328,23.65999984741211,23.604999542236328,23.6299991607666,2447,0.0,0.0,APPN,5m
2026-03-27 11:10:00-04:00,23.625,23.625,23.56999969482422,23.56999969482422,1344,0.0,0.0,APPN,5m
2026-03-27 11:15:00-04:00,23.575000762939453,23.575000762939453,23.420000076293945,23.459999084472656,12324,0.0,0.0,APPN,5m
2026-03-27 11:20:00-04:00,23.450000762939453,23.459999084472656,23.329999923706055,23.459999084472656,3517,0.0,0.0,APPN,5m
2026-03-27 11:25:00-04:00,23.520000457763672,23.520000457763672,23.479999542236328,23.489999771118164,1146,0.0,0.0,APPN,5m
2026-03-27 11:30:00-04:00,23.475000381469727,23.579999923706055,23.475000381469727,23.579999923706055,1210,0.0,0.0,APPN,5m
2026-03-27 11:35:00-04:00,23.59000015258789,23.600000381469727,23.59000015258789,23.59000015258789,1661,0.0,0.0,APPN,5m
2026-03-27 11:40:00-04:00,23.559999465942383,23.559999465942383,23.489999771118164,23.489999771118164,2855,0.0,0.0,APPN,5m
2026-03-27 11:45:00-04:00,23.520000457763672,23.520000457763672,23.520000457763672,23.520000457763672,1220,0.0,0.0,APPN,5m
2026-03-27 11:50:00-04:00,23.56999969482422,23.56999969482422,23.540000915527344,23.540000915527344,1953,0.0,0.0,APPN,5m
2026-03-27 12:05:00-04:00,23.575000762939453,23.575000762939453,23.489999771118164,23.489999771118164,3545,0.0,0.0,APPN,5m
2026-03-27 12:10:00-04:00,23.469999313354492,23.469999313354492,23.450000762939453,23.459999084472656,1829,0.0,0.0,APPN,5m
2026-03-27 12:15:00-04:00,23.440000534057617,23.440000534057617,23.440000534057617,23.440000534057617,577,0.0,0.0,APPN,5m
2026-03-27 12:20:00-04:00,23.399999618530273,23.399999618530273,23.399999618530273,23.399999618530273,530,0.0,0.0,APPN,5m
2026-03-27 12:25:00-04:00,23.399999618530273,23.399999618530273,23.399999618530273,23.399999618530273,1552,0.0,0.0,APPN,5m
2026-03-27 12:30:00-04:00,23.40999984741211,23.40999984741211,23.389999389648438,23.389999389648438,794,0.0,0.0,APPN,5m
2026-03-27 12:35:00-04:00,23.424999237060547,23.424999237060547,23.309999465942383,23.309999465942383,3434,0.0,0.0,APPN,5m
2026-03-27 12:40:00-04:00,23.309999465942383,23.309999465942383,23.239999771118164,23.275100708007812,2533,0.0,0.0,APPN,5m
2026-03-27 12:45:00-04:00,23.31999969482422,23.329999923706055,23.309999465942383,23.329999923706055,1236,0.0,0.0,APPN,5m
2026-03-27 12:50:00-04:00,23.309999465942383,23.315000534057617,23.309999465942383,23.309999465942383,2815,0.0,0.0,APPN,5m
2026-03-27 13:00:00-04:00,23.30150032043457,23.329999923706055,23.299999237060547,23.31999969482422,2882,0.0,0.0,APPN,5m
2026-03-27 13:05:00-04:00,23.399999618530273,23.43000030517578,23.399999618530273,23.405000686645508,4277,0.0,0.0,APPN,5m
2026-03-27 13:10:00-04:00,23.34000015258789,23.34000015258789,23.309999465942383,23.329999923706055,1670,0.0,0.0,APPN,5m
2026-03-27 13:15:00-04:00,23.31999969482422,23.34000015258789,23.31999969482422,23.34000015258789,1205,0.0,0.0,APPN,5m
2026-03-27 13:20:00-04:00,23.344999313354492,23.344999313354492,23.309999465942383,23.309999465942383,1351,0.0,0.0,APPN,5m
2026-03-27 13:30:00-04:00,23.350000381469727,23.350000381469727,23.325000762939453,23.325000762939453,2367,0.0,0.0,APPN,5m
2026-03-27 13:35:00-04:00,23.299999237060547,23.34000015258789,23.290000915527344,23.34000015258789,4968,0.0,0.0,APPN,5m
2026-03-27 13:40:00-04:00,23.360000610351562,23.399999618530273,23.360000610351562,23.399999618530273,5013,0.0,0.0,APPN,5m
2026-03-27 13:45:00-04:00,23.329999923706055,23.360000610351562,23.325000762939453,23.360000610351562,2763,0.0,0.0,APPN,5m
2026-03-27 13:50:00-04:00,23.385000228881836,23.385000228881836,23.34000015258789,23.375,2236,0.0,0.0,APPN,5m
2026-03-27 13:55:00-04:00,23.360000610351562,23.420000076293945,23.350000381469727,23.389999389648438,2851,0.0,0.0,APPN,5m
2026-03-27 14:00:00-04:00,23.40999984741211,23.40999984741211,23.3799991607666,23.3799991607666,1990,0.0,0.0,APPN,5m
2026-03-27 14:05:00-04:00,23.360000610351562,23.360000610351562,23.260000228881836,23.260000228881836,2417,0.0,0.0,APPN,5m
2026-03-27 14:10:00-04:00,23.25,23.309999465942383,23.25,23.309999465942383,3839,0.0,0.0,APPN,5m
2026-03-27 14:15:00-04:00,23.329999923706055,23.360000610351562,23.329999923706055,23.360000610351562,3485,0.0,0.0,APPN,5m
2026-03-27 14:20:00-04:00,23.389999389648438,23.389999389648438,23.360000610351562,23.360000610351562,1625,0.0,0.0,APPN,5m
2026-03-27 14:25:00-04:00,23.360000610351562,23.3700008392334,23.360000610351562,23.3700008392334,1734,0.0,0.0,APPN,5m
2026-03-27 14:30:00-04:00,23.405000686645508,23.405000686645508,23.405000686645508,23.405000686645508,1877,0.0,0.0,APPN,5m
2026-03-27 14:40:00-04:00,23.389999389648438,23.469999313354492,23.389999389648438,23.420000076293945,5247,0.0,0.0,APPN,5m
2026-03-27 14:45:00-04:00,23.389999389648438,23.399999618530273,23.34000015258789,23.34000015258789,3231,0.0,0.0,APPN,5m
2026-03-27 14:50:00-04:00,23.34000015258789,23.34000015258789,23.30500030517578,23.30500030517578,1912,0.0,0.0,APPN,5m
2026-03-27 14:55:00-04:00,23.290000915527344,23.299999237060547,23.290000915527344,23.299999237060547,2314,0.0,0.0,APPN,5m
2026-03-27 15:05:00-04:00,23.270000457763672,23.270000457763672,23.19499969482422,23.19499969482422,2249,0.0,0.0,APPN,5m
2026-03-27 15:10:00-04:00,23.19499969482422,23.25,23.170000076293945,23.25,3832,0.0,0.0,APPN,5m
2026-03-27 15:15:00-04:00,23.204999923706055,23.204999923706055,23.204999923706055,23.204999923706055,3198,0.0,0.0,APPN,5m
2026-03-27 15:20:00-04:00,23.19499969482422,23.19499969482422,23.149999618530273,23.18000030517578,3702,0.0,0.0,APPN,5m
2026-03-27 15:25:00-04:00,23.20509910583496,23.219999313354492,23.204999923706055,23.21500015258789,2145,0.0,0.0,APPN,5m
2026-03-27 15:30:00-04:00,23.25,23.260000228881836,23.200000762939453,23.219999313354492,8564,0.0,0.0,APPN,5m
2026-03-27 15:35:00-04:00,23.190000534057617,23.209999084472656,23.18000030517578,23.184999465942383,3007,0.0,0.0,APPN,5m
2026-03-27 15:40:00-04:00,23.1924991607666,23.219999313354492,23.170700073242188,23.219999313354492,8167,0.0,0.0,APPN,5m
2026-03-27 15:45:00-04:00,23.219999313354492,23.239900588989258,23.15999984741211,23.189899444580078,5826,0.0,0.0,APPN,5m
2026-03-27 15:50:00-04:00,23.190000534057617,23.219999313354492,23.15999984741211,23.170000076293945,6723,0.0,0.0,APPN,5m
2026-03-27 15:55:00-04:00,23.190000534057617,23.219999313354492,23.15999984741211,23.190000534057617,28022,0.0,0.0,APPN,5m
2026-03-30 09:30:00-04:00,23.309999465942383,23.700000762939453,23.12540054321289,23.202299118041992,7664,0.0,0.0,APPN,5m
2026-03-30 09:35:00-04:00,23.700000762939453,23.850000381469727,23.610000610351562,23.610000610351562,7816,0.0,0.0,APPN,5m
2026-03-30 09:40:00-04:00,23.58009910583496,23.729999542236328,23.549999237060547,23.559999465942383,5772,0.0,0.0,APPN,5m
2026-03-30 09:45:00-04:00,23.579999923706055,23.600000381469727,23.28499984741211,23.28499984741211,2545,0.0,0.0,APPN,5m
2026-03-30 09:50:00-04:00,23.40999984741211,23.649999618530273,23.40999984741211,23.649999618530273,5660,0.0,0.0,APPN,5m
2026-03-30 09:55:00-04:00,23.639999389648438,23.649999618530273,23.584999084472656,23.649999618530273,2647,0.0,0.0,APPN,5m
2026-03-30 10:00:00-04:00,23.639999389648438,23.770000457763672,23.56999969482422,23.56999969482422,7818,0.0,0.0,APPN,5m
2026-03-30 10:05:00-04:00,23.524999618530273,23.575000762939453,23.399999618530273,23.575000762939453,3720,0.0,0.0,APPN,5m
2026-03-30 10:10:00-04:00,23.59000015258789,23.610000610351562,23.459999084472656,23.520000457763672,2839,0.0,0.0,APPN,5m
2026-03-30 10:15:00-04:00,23.524999618530273,23.65999984741211,23.510000228881836,23.565000534057617,3590,0.0,0.0,APPN,5m
2026-03-30 10:20:00-04:00,23.649999618530273,23.690000534057617,23.56999969482422,23.690000534057617,2527,0.0,0.0,APPN,5m
2026-03-30 10:25:00-04:00,23.739999771118164,23.770000457763672,23.674999237060547,23.674999237060547,1090,0.0,0.0,APPN,5m
2026-03-30 10:30:00-04:00,23.674999237060547,23.739999771118164,23.590099334716797,23.739999771118164,1252,0.0,0.0,APPN,5m
2026-03-30 10:35:00-04:00,23.709999084472656,23.709999084472656,23.549999237060547,23.56999969482422,2625,0.0,0.0,APPN,5m
2026-03-30 10:40:00-04:00,23.56999969482422,23.56999969482422,23.45009994506836,23.559999465942383,3432,0.0,0.0,APPN,5m
2026-03-30 10:45:00-04:00,23.6299991607666,23.6299991607666,23.549999237060547,23.549999237060547,3928,0.0,0.0,APPN,5m
2026-03-30 10:50:00-04:00,23.559999465942383,23.559999465942383,23.5,23.559999465942383,3807,0.0,0.0,APPN,5m
2026-03-30 10:55:00-04:00,23.4950008392334,23.719999313354492,23.4950008392334,23.719999313354492,3182,0.0,0.0,APPN,5m
2026-03-30 11:00:00-04:00,23.719999313354492,23.770000457763672,23.69499969482422,23.760000228881836,8244,0.0,0.0,APPN,5m
2026-03-30 11:05:00-04:00,23.770000457763672,23.829999923706055,23.600000381469727,23.600000381469727,5901,0.0,0.0,APPN,5m
2026-03-30 11:10:00-04:00,23.690000534057617,23.700000762939453,23.549999237060547,23.579999923706055,3178,0.0,0.0,APPN,5m
2026-03-30 11:15:00-04:00,23.610000610351562,23.690000534057617,23.610000610351562,23.639999389648438,3053,0.0,0.0,APPN,5m
2026-03-30 11:20:00-04:00,23.690000534057617,23.690000534057617,23.68000030517578,23.68000030517578,1147,0.0,0.0,APPN,5m
2026-03-30 11:25:00-04:00,23.670000076293945,23.770000457763672,23.670000076293945,23.770000457763672,1877,0.0,0.0,APPN,5m
2026-03-30 11:30:00-04:00,23.770000457763672,23.770000457763672,23.690000534057617,23.760000228881836,2413,0.0,0.0,APPN,5m
2026-03-30 11:35:00-04:00,23.760000228881836,23.84000015258789,23.709999084472656,23.75,4618,0.0,0.0,APPN,5m
2026-03-30 11:40:00-04:00,23.75,23.780000686645508,23.729999542236328,23.780000686645508,2074,0.0,0.0,APPN,5m
2026-03-30 11:45:00-04:00,23.780000686645508,23.850000381469727,23.780000686645508,23.850000381469727,2600,0.0,0.0,APPN,5m
2026-03-30 11:50:00-04:00,23.84000015258789,23.959999084472656,23.84000015258789,23.915000915527344,2769,0.0,0.0,APPN,5m
2026-03-30 11:55:00-04:00,23.8700008392334,23.899999618530273,23.809999465942383,23.899999618530273,3019,0.0,0.0,APPN,5m
2026-03-30 12:00:00-04:00,23.8799991607666,23.90999984741211,23.8799991607666,23.899999618530273,1267,0.0,0.0,APPN,5m
2026-03-30 12:05:00-04:00,23.920000076293945,23.920000076293945,23.860000610351562,23.889999389648438,2652,0.0,0.0,APPN,5m
2026-03-30 12:10:00-04:00,23.889999389648438,24.020000457763672,23.889999389648438,24.020000457763672,2607,0.0,0.0,APPN,5m
2026-03-30 12:15:00-04:00,23.950000762939453,23.979999542236328,23.84000015258789,23.889999389648438,3691,0.0,0.0,APPN,5m
2026-03-30 12:20:00-04:00,23.899999618530273,23.93000030517578,23.899999618530273,23.93000030517578,967,0.0,0.0,APPN,5m
2026-03-30 12:25:00-04:00,23.93000030517578,23.969999313354492,23.8700008392334,23.899999618530273,2477,0.0,0.0,APPN,5m
2026-03-30 12:30:00-04:00,23.84000015258789,23.924999237060547,23.790000915527344,23.889999389648438,6327,0.0,0.0,APPN,5m
2026-03-30 12:35:00-04:00,23.920000076293945,23.920000076293945,23.864999771118164,23.8799991607666,1212,0.0,0.0,APPN,5m
2026-03-30 12:40:00-04:00,23.850000381469727,23.850000381469727,23.780000686645508,23.780000686645508,2058,0.0,0.0,APPN,5m
2026-03-30 12:45:00-04:00,23.790000915527344,23.790000915527344,23.75,23.75,1045,0.0,0.0,APPN,5m
2026-03-30 12:50:00-04:00,23.760000228881836,23.850000381469727,23.760000228881836,23.799999237060547,3895,0.0,0.0,APPN,5m
2026-03-30 12:55:00-04:00,23.844999313354492,23.844999313354492,23.844999313354492,23.844999313354492,1877,0.0,0.0,APPN,5m
2026-03-30 13:05:00-04:00,23.808000564575195,23.84000015258789,23.790000915527344,23.84000015258789,4206,0.0,0.0,APPN,5m
2026-03-30 13:10:00-04:00,23.760000228881836,23.760000228881836,23.760000228881836,23.760000228881836,1186,0.0,0.0,APPN,5m
2026-03-30 13:15:00-04:00,23.65999984741211,23.68000030517578,23.65999984741211,23.65999984741211,3373,0.0,0.0,APPN,5m
2026-03-30 13:20:00-04:00,23.670000076293945,23.670000076293945,23.614999771118164,23.6200008392334,1101,0.0,0.0,APPN,5m
2026-03-30 13:25:00-04:00,23.59000015258789,23.59000015258789,23.59000015258789,23.59000015258789,725,0.0,0.0,APPN,5m
2026-03-30 13:30:00-04:00,23.639999389648438,23.639999389648438,23.604999542236328,23.604999542236328,1581,0.0,0.0,APPN,5m
2026-03-30 13:35:00-04:00,23.632699966430664,23.632699966430664,23.549999237060547,23.559999465942383,4551,0.0,0.0,APPN,5m
2026-03-30 13:40:00-04:00,23.610000610351562,23.610000610351562,23.610000610351562,23.610000610351562,597,0.0,0.0,APPN,5m
2026-03-30 13:45:00-04:00,23.600000381469727,23.600000381469727,23.530000686645508,23.530000686645508,3337,0.0,0.0,APPN,5m
2026-03-30 13:50:00-04:00,23.545000076293945,23.545000076293945,23.424999237060547,23.424999237060547,2348,0.0,0.0,APPN,5m
2026-03-30 13:55:00-04:00,23.489999771118164,23.489999771118164,23.489999771118164,23.489999771118164,1110,0.0,0.0,APPN,5m
2026-03-30 14:00:00-04:00,23.475000381469727,23.520000457763672,23.475000381469727,23.520000457763672,3381,0.0,0.0,APPN,5m
2026-03-30 14:05:00-04:00,23.540000915527344,23.540000915527344,23.5,23.5,1440,0.0,0.0,APPN,5m
2026-03-30 14:10:00-04:00,23.484899520874023,23.510000228881836,23.440099716186523,23.465299606323242,7123,0.0,0.0,APPN,5m
2026-03-30 14:15:00-04:00,23.450000762939453,23.520000457763672,23.43000030517578,23.520000457763672,3085,0.0,0.0,APPN,5m
2026-03-30 14:20:00-04:00,23.540000915527344,23.540000915527344,23.510000228881836,23.520000457763672,2444,0.0,0.0,APPN,5m
2026-03-30 14:25:00-04:00,23.5,23.5,23.479999542236328,23.479999542236328,1308,0.0,0.0,APPN,5m
2026-03-30 14:30:00-04:00,23.479999542236328,23.520000457763672,23.479999542236328,23.520000457763672,1604,0.0,0.0,APPN,5m
2026-03-30 14:35:00-04:00,23.540000915527344,23.610000610351562,23.5,23.549999237060547,3973,0.0,0.0,APPN,5m
2026-03-30 14:40:00-04:00,23.540000915527344,23.540000915527344,23.5,23.524999618530273,2986,0.0,0.0,APPN,5m
2026-03-30 14:45:00-04:00,23.459999084472656,23.459999084472656,23.450000762939453,23.459999084472656,1277,0.0,0.0,APPN,5m
2026-03-30 14:50:00-04:00,23.469999313354492,23.479999542236328,23.420000076293945,23.457500457763672,6915,0.0,0.0,APPN,5m
2026-03-30 14:55:00-04:00,23.530000686645508,23.815000534057617,23.530000686645508,23.625,61262,0.0,0.0,APPN,5m
2026-03-30 15:00:00-04:00,23.55500030517578,23.6200008392334,23.55500030517578,23.56999969482422,2156,0.0,0.0,APPN,5m
2026-03-30 15:05:00-04:00,23.56999969482422,23.594999313354492,23.520000457763672,23.594999313354492,4902,0.0,0.0,APPN,5m
2026-03-30 15:10:00-04:00,23.579999923706055,23.579999923706055,23.489999771118164,23.5,1440,0.0,0.0,APPN,5m
2026-03-30 15:15:00-04:00,23.510000228881836,23.59000015258789,23.510000228881836,23.59000015258789,3416,0.0,0.0,APPN,5m
2026-03-30 15:20:00-04:00,23.579999923706055,23.6200008392334,23.559999465942383,23.610000610351562,9637,0.0,0.0,APPN,5m
2026-03-30 15:25:00-04:00,23.585800170898438,23.639999389648438,23.585800170898438,23.635000228881836,1655,0.0,0.0,APPN,5m
2026-03-30 15:30:00-04:00,23.649999618530273,23.649999618530273,23.6200008392334,23.6299991607666,12275,0.0,0.0,APPN,5m
2026-03-30 15:35:00-04:00,23.649999618530273,23.68000030517578,23.639999389648438,23.65999984741211,8189,0.0,0.0,APPN,5m
2026-03-30 15:40:00-04:00,23.65999984741211,23.735000610351562,23.65999984741211,23.68000030517578,8987,0.0,0.0,APPN,5m
2026-03-30 15:45:00-04:00,23.690000534057617,23.690000534057617,23.670000076293945,23.684999465942383,3596,0.0,0.0,APPN,5m
2026-03-30 15:50:00-04:00,23.673099517822266,23.739999771118164,23.673099517822266,23.739999771118164,13282,0.0,0.0,APPN,5m
2026-03-30 15:55:00-04:00,23.760000228881836,23.834999084472656,23.760000228881836,23.81999969482422,38308,0.0,0.0,APPN,5m
2026-03-31 09:30:00-04:00,24.06999969482422,24.1200008392334,24.06999969482422,24.09000015258789,9298,0.0,0.0,APPN,5m
2026-03-31 09:35:00-04:00,23.760000228881836,23.790000915527344,23.75,23.780000686645508,1437,0.0,0.0,APPN,5m
2026-03-31 09:40:00-04:00,23.8700008392334,23.875,23.8700008392334,23.875,1227,0.0,0.0,APPN,5m
2026-03-31 09:45:00-04:00,23.850000381469727,24.1299991607666,23.850000381469727,24.1299991607666,6408,0.0,0.0,APPN,5m
2026-03-31 09:50:00-04:00,24.09000015258789,24.135000228881836,23.969999313354492,23.979999542236328,3435,0.0,0.0,APPN,5m
2026-03-31 09:55:00-04:00,24.0,24.09000015258789,23.920000076293945,24.09000015258789,1803,0.0,0.0,APPN,5m
2026-03-31 10:00:00-04:00,24.1299991607666,24.1299991607666,23.901199340820312,23.97249984741211,1907,0.0,0.0,APPN,5m
2026-03-31 10:05:00-04:00,24.1299991607666,24.1299991607666,24.1299991607666,24.1299991607666,777,0.0,0.0,APPN,5m
2026-03-31 10:10:00-04:00,24.110000610351562,24.200000762939453,24.06999969482422,24.079999923706055,6147,0.0,0.0,APPN,5m
2026-03-31 10:15:00-04:00,24.209999084472656,24.209999084472656,24.110000610351562,24.139999389648438,4958,0.0,0.0,APPN,5m
2026-03-31 10:25:00-04:00,24.040000915527344,24.040000915527344,24.040000915527344,24.040000915527344,716,0.0,0.0,APPN,5m
2026-03-31 10:30:00-04:00,24.030000686645508,24.030000686645508,24.030000686645508,24.030000686645508,1254,0.0,0.0,APPN,5m
2026-03-31 10:35:00-04:00,24.100000381469727,24.110000610351562,23.93000030517578,23.93000030517578,2973,0.0,0.0,APPN,5m
2026-03-31 10:40:00-04:00,23.889999389648438,23.979999542236328,23.889999389648438,23.979999542236328,2389,0.0,0.0,APPN,5m
2026-03-31 10:45:00-04:00,24.0,24.0,24.0,24.0,465,0.0,0.0,APPN,5m
2026-03-31 10:50:00-04:00,23.93000030517578,23.979999542236328,23.760000228881836,23.760000228881836,7262,0.0,0.0,APPN,5m
2026-03-31 10:55:00-04:00,23.780000686645508,23.860000610351562,23.760000228881836,23.850000381469727,1727,0.0,0.0,APPN,5m
2026-03-31 11:00:00-04:00,23.979999542236328,23.979999542236328,23.979999542236328,23.979999542236328,454,0.0,0.0,APPN,5m
2026-03-31 11:05:00-04:00,23.985000610351562,23.985000610351562,23.985000610351562,23.985000610351562,536,0.0,0.0,APPN,5m
2026-03-31 11:10:00-04:00,24.040000915527344,24.084999084472656,24.030000686645508,24.084999084472656,2452,0.0,0.0,APPN,5m
2026-03-31 11:15:00-04:00,24.09000015258789,24.09000015258789,24.06999969482422,24.09000015258789,1384,0.0,0.0,APPN,5m
2026-03-31 11:20:00-04:00,24.040000915527344,24.100000381469727,24.040000915527344,24.100000381469727,1498,0.0,0.0,APPN,5m
2026-03-31 11:25:00-04:00,24.059999465942383,24.059999465942383,23.889999389648438,23.93000030517578,11820,0.0,0.0,APPN,5m
2026-03-31 11:30:00-04:00,23.8700008392334,23.90999984741211,23.860000610351562,23.90999984741211,1216,0.0,0.0,APPN,5m
2026-03-31 11:35:00-04:00,23.90999984741211,23.90999984741211,23.889999389648438,23.889999389648438,3317,0.0,0.0,APPN,5m
2026-03-31 11:40:00-04:00,23.899999618530273,23.940000534057617,23.899999618530273,23.905000686645508,9282,0.0,0.0,APPN,5m
2026-03-31 11:45:00-04:00,23.829999923706055,23.829999923706055,23.809999465942383,23.809999465942383,4949,0.0,0.0,APPN,5m
2026-03-31 11:50:00-04:00,23.81999969482422,23.81999969482422,23.625,23.6299991607666,3843,0.0,0.0,APPN,5m
2026-03-31 11:55:00-04:00,23.625,23.645000457763672,23.625,23.6299991607666,713,0.0,0.0,APPN,5m
2026-03-31 12:00:00-04:00,23.690000534057617,23.799999237060547,23.690000534057617,23.75,5130,0.0,0.0,APPN,5m
2026-03-31 12:05:00-04:00,23.739999771118164,23.780000686645508,23.739999771118164,23.770000457763672,1605,0.0,0.0,APPN,5m
2026-03-31 12:15:00-04:00,23.78499984741211,23.78499984741211,23.729999542236328,23.729999542236328,1095,0.0,0.0,APPN,5m
2026-03-31 12:20:00-04:00,23.760000228881836,23.859500885009766,23.739999771118164,23.859500885009766,2393,0.0,0.0,APPN,5m
2026-03-31 12:25:00-04:00,23.860000610351562,23.860000610351562,23.84000015258789,23.84000015258789,1903,0.0,0.0,APPN,5m
2026-03-31 12:30:00-04:00,23.8799991607666,23.90999984741211,23.780000686645508,23.780000686645508,13333,0.0,0.0,APPN,5m
2026-03-31 12:35:00-04:00,23.790000915527344,23.90999984741211,23.790000915527344,23.90999984741211,6383,0.0,0.0,APPN,5m
2026-03-31 12:40:00-04:00,23.90999984741211,24.229999542236328,23.90999984741211,24.045000076293945,9794,0.0,0.0,APPN,5m
2026-03-31 12:45:00-04:00,24.03499984741211,24.100000381469727,23.920000076293945,24.045000076293945,5961,0.0,0.0,APPN,5m
2026-03-31 12:50:00-04:00,24.045000076293945,24.065000534057617,23.900100708007812,23.985000610351562,2407,0.0,0.0,APPN,5m
2026-03-31 12:55:00-04:00,24.020000457763672,24.020000457763672,23.9950008392334,23.9950008392334,670,0.0,0.0,APPN,5m
2026-03-31 13:00:00-04:00,24.040000915527344,24.110000610351562,24.030000686645508,24.09000015258789,1576,0.0,0.0,APPN,5m
2026-03-31 13:05:00-04:00,24.06999969482422,24.06999969482422,24.020000457763672,24.020000457763672,1708,0.0,0.0,APPN,5m
2026-03-31 13:10:00-04:00,24.010000228881836,24.1299991607666,24.010000228881836,24.1299991607666,2228,0.0,0.0,APPN,5m
2026-03-31 13:15:00-04:00,24.165000915527344,24.165000915527344,24.165000915527344,24.165000915527344,1378,0.0,0.0,APPN,5m
2026-03-31 13:25:00-04:00,24.139999389648438,24.139999389648438,24.040000915527344,24.110000610351562,2668,0.0,0.0,APPN,5m
2026-03-31 13:30:00-04:00,24.045000076293945,24.149999618530273,24.045000076293945,24.149999618530273,2840,0.0,0.0,APPN,5m
2026-03-31 13:35:00-04:00,24.084999084472656,24.084999084472656,24.0049991607666,24.0049991607666,2164,0.0,0.0,APPN,5m
2026-03-31 13:40:00-04:00,23.959999084472656,23.959999084472656,23.93000030517578,23.93000030517578,3387,0.0,0.0,APPN,5m
2026-03-31 13:45:00-04:00,23.959999084472656,24.040000915527344,23.959999084472656,24.002500534057617,1855,0.0,0.0,APPN,5m
2026-03-31 13:50:00-04:00,24.010000228881836,24.010000228881836,24.010000228881836,24.010000228881836,708,0.0,0.0,APPN,5m
2026-03-31 13:55:00-04:00,24.0,24.0,23.940099716186523,23.96500015258789,1434,0.0,0.0,APPN,5m
2026-03-31 14:00:00-04:00,23.96500015258789,23.979999542236328,23.96500015258789,23.979999542236328,893,0.0,0.0,APPN,5m
2026-03-31 14:05:00-04:00,23.969999313354492,24.079999923706055,23.969999313354492,24.079999923706055,2872,0.0,0.0,APPN,5m
2026-03-31 14:10:00-04:00,24.065000534057617,24.065000534057617,23.979999542236328,24.059999465942383,2719,0.0,0.0,APPN,5m
2026-03-31 14:15:00-04:00,24.024999618530273,24.040000915527344,24.024999618530273,24.040000915527344,646,0.0,0.0,APPN,5m
2026-03-31 14:20:00-04:00,24.079999923706055,24.079999923706055,24.010099411010742,24.065000534057617,1055,0.0,0.0,APPN,5m
2026-03-31 14:25:00-04:00,24.05500030517578,24.05500030517578,24.020000457763672,24.040000915527344,1935,0.0,0.0,APPN,5m
2026-03-31 14:30:00-04:00,24.03499984741211,24.059999465942383,24.03499984741211,24.059999465942383,732,0.0,0.0,APPN,5m
2026-03-31 14:35:00-04:00,24.06999969482422,24.079999923706055,24.06999969482422,24.079999923706055,1626,0.0,0.0,APPN,5m
2026-03-31 14:40:00-04:00,24.079999923706055,24.079999923706055,24.049999237060547,24.079999923706055,1886,0.0,0.0,APPN,5m
2026-03-31 14:45:00-04:00,24.1200008392334,24.1200008392334,24.079999923706055,24.079999923706055,2763,0.0,0.0,APPN,5m
2026-03-31 14:50:00-04:00,24.079999923706055,24.15999984741211,24.079999923706055,24.145000457763672,2762,0.0,0.0,APPN,5m
2026-03-31 14:55:00-04:00,24.170000076293945,24.170000076293945,24.084999084472656,24.100000381469727,2576,0.0,0.0,APPN,5m
2026-03-31 15:00:00-04:00,24.110000610351562,24.110000610351562,24.049999237060547,24.060100555419922,3928,0.0,0.0,APPN,5m
2026-03-31 15:05:00-04:00,24.049999237060547,24.06999969482422,24.030000686645508,24.06999969482422,3502,0.0,0.0,APPN,5m
2026-03-31 15:10:00-04:00,24.06999969482422,24.135000228881836,24.065000534057617,24.06999969482422,4756,0.0,0.0,APPN,5m
2026-03-31 15:15:00-04:00,24.09000015258789,24.139999389648438,24.059999465942383,24.100000381469727,4887,0.0,0.0,APPN,5m
2026-03-31 15:20:00-04:00,24.09000015258789,24.1200008392334,24.09000015258789,24.110000610351562,3941,0.0,0.0,APPN,5m
2026-03-31 15:25:00-04:00,24.079999923706055,24.079999923706055,24.040000915527344,24.06999969482422,4841,0.0,0.0,APPN,5m
2026-03-31 15:30:00-04:00,24.09000015258789,24.1299991607666,24.09000015258789,24.1299991607666,6212,0.0,0.0,APPN,5m
2026-03-31 15:35:00-04:00,24.1299991607666,24.190000534057617,24.125,24.18000030517578,4534,0.0,0.0,APPN,5m
2026-03-31 15:40:00-04:00,24.1200008392334,24.170000076293945,24.09000015258789,24.139999389648438,15341,0.0,0.0,APPN,5m
2026-03-31 15:45:00-04:00,24.1200008392334,24.18000030517578,24.1200008392334,24.170000076293945,8558,0.0,0.0,APPN,5m
2026-03-31 15:50:00-04:00,24.100000381469727,24.15999984741211,24.079999923706055,24.128000259399414,16725,0.0,0.0,APPN,5m
2026-03-31 15:55:00-04:00,24.1299991607666,24.170000076293945,24.040000915527344,24.09000015258789,63448,0.0,0.0,APPN,5m
2026-04-01 09:30:00-04:00,24.219999313354492,24.219999313354492,24.1200008392334,24.1200008392334,6827,0.0,0.0,APPN,5m
2026-04-01 09:35:00-04:00,23.90999984741211,24.0,23.8799991607666,23.899999618530273,5401,0.0,0.0,APPN,5m
2026-04-01 09:40:00-04:00,23.920000076293945,23.920000076293945,23.59000015258789,23.59000015258789,6986,0.0,0.0,APPN,5m
2026-04-01 09:45:00-04:00,23.559999465942383,23.709999084472656,23.399999618530273,23.399999618530273,5898,0.0,0.0,APPN,5m
2026-04-01 09:50:00-04:00,23.40999984741211,23.649999618530273,23.40999984741211,23.5,4625,0.0,0.0,APPN,5m
2026-04-01 09:55:00-04:00,23.584999084472656,23.584999084472656,23.575000762939453,23.575000762939453,5685,0.0,0.0,APPN,5m
2026-04-01 10:00:00-04:00,23.764999389648438,23.795000076293945,23.764999389648438,23.770000457763672,1495,0.0,0.0,APPN,5m
2026-04-01 10:05:00-04:00,23.780000686645508,23.889999389648438,23.760000228881836,23.815000534057617,1218,0.0,0.0,APPN,5m
2026-04-01 10:10:00-04:00,23.834999084472656,23.84000015258789,23.834999084472656,23.84000015258789,1873,0.0,0.0,APPN,5m
2026-04-01 10:15:00-04:00,23.940000534057617,23.940000534057617,23.8799991607666,23.8799991607666,1475,0.0,0.0,APPN,5m
2026-04-01 10:25:00-04:00,23.93000030517578,23.950000762939453,23.93000030517578,23.93000030517578,3486,0.0,0.0,APPN,5m
2026-04-01 10:30:00-04:00,23.979999542236328,24.049999237060547,23.979999542236328,24.049999237060547,1313,0.0,0.0,APPN,5m
2026-04-01 10:35:00-04:00,24.030000686645508,24.065000534057617,23.96500015258789,24.065000534057617,6139,0.0,0.0,APPN,5m
2026-04-01 10:40:00-04:00,24.114999771118164,24.15999984741211,24.079999923706055,24.15999984741211,3947,0.0,0.0,APPN,5m
2026-04-01 10:45:00-04:00,24.15999984741211,24.15999984741211,24.139999389648438,24.149999618530273,2224,0.0,0.0,APPN,5m
2026-04-01 10:50:00-04:00,24.139999389648438,24.200000762939453,24.139999389648438,24.200000762939453,2000,0.0,0.0,APPN,5m
2026-04-01 10:55:00-04:00,24.209999084472656,24.209999084472656,24.139999389648438,24.15999984741211,1512,0.0,0.0,APPN,5m
2026-04-01 11:00:00-04:00,24.139999389648438,24.209999084472656,24.139999389648438,24.18000030517578,3614,0.0,0.0,APPN,5m
2026-04-01 11:05:00-04:00,24.190000534057617,24.190000534057617,24.09000015258789,24.09000015258789,4631,0.0,0.0,APPN,5m
2026-04-01 11:10:00-04:00,24.15999984741211,24.18000030517578,24.149999618530273,24.149999618530273,2561,0.0,0.0,APPN,5m
2026-04-01 11:15:00-04:00,24.100000381469727,24.1200008392334,24.100000381469727,24.1200008392334,1375,0.0,0.0,APPN,5m
2026-04-01 11:20:00-04:00,24.170000076293945,24.209999084472656,24.135000228881836,24.135000228881836,2990,0.0,0.0,APPN,5m
2026-04-01 11:25:00-04:00,24.1200008392334,24.229999542236328,24.1200008392334,24.18000030517578,4380,0.0,0.0,APPN,5m
2026-04-01 11:30:00-04:00,24.1200008392334,24.15999984741211,24.079999923706055,24.15999984741211,2452,0.0,0.0,APPN,5m
2026-04-01 11:35:00-04:00,24.190000534057617,24.190000534057617,24.190000534057617,24.190000534057617,703,0.0,0.0,APPN,5m
2026-04-01 11:40:00-04:00,24.170000076293945,24.229999542236328,24.170000076293945,24.219999313354492,1855,0.0,0.0,APPN,5m
2026-04-01 11:45:00-04:00,24.22450065612793,24.235000610351562,24.148700714111328,24.148700714111328,2188,0.0,0.0,APPN,5m
2026-04-01 11:50:00-04:00,24.165000915527344,24.165000915527344,24.165000915527344,24.165000915527344,916,0.0,0.0,APPN,5m
2026-04-01 11:55:00-04:00,24.219999313354492,24.219999313354492,24.209999084472656,24.219999313354492,2946,0.0,0.0,APPN,5m
2026-04-01 12:00:00-04:00,24.190000534057617,24.190000534057617,24.190000534057617,24.190000534057617,800,0.0,0.0,APPN,5m
2026-04-01 12:05:00-04:00,24.209999084472656,24.209999084472656,24.170000076293945,24.170000076293945,1883,0.0,0.0,APPN,5m
2026-04-01 12:10:00-04:00,24.149999618530273,24.149999618530273,24.149999618530273,24.149999618530273,316,0.0,0.0,APPN,5m
2026-04-01 12:15:00-04:00,24.139999389648438,24.204999923706055,24.139999389648438,24.204999923706055,2464,0.0,0.0,APPN,5m
2026-04-01 12:20:00-04:00,24.19499969482422,24.19499969482422,24.190000534057617,24.190000534057617,1735,0.0,0.0,APPN,5m
2026-04-01 12:35:00-04:00,24.184999465942383,24.209999084472656,24.184999465942383,24.209999084472656,1554,0.0,0.0,APPN,5m
2026-04-01 12:40:00-04:00,24.25,24.25,24.25,24.25,923,0.0,0.0,APPN,5m
2026-04-01 12:45:00-04:00,24.260000228881836,24.260000228881836,24.260000228881836,24.260000228881836,1692,0.0,0.0,APPN,5m
2026-04-01 12:55:00-04:00,24.229999542236328,24.229999542236328,24.229999542236328,24.229999542236328,1368,0.0,0.0,APPN,5m
2026-04-01 13:00:00-04:00,24.219999313354492,24.229999542236328,24.219999313354492,24.229999542236328,2228,0.0,0.0,APPN,5m
2026-04-01 13:05:00-04:00,24.209999084472656,24.239999771118164,24.209999084472656,24.229999542236328,1685,0.0,0.0,APPN,5m
2026-04-01 13:10:00-04:00,24.209999084472656,24.209999084472656,24.209999084472656,24.209999084472656,353,0.0,0.0,APPN,5m
2026-04-01 13:15:00-04:00,24.229999542236328,24.229999542236328,24.229999542236328,24.229999542236328,1926,0.0,0.0,APPN,5m
2026-04-01 13:25:00-04:00,24.18000030517578,24.18000030517578,24.15999984741211,24.15999984741211,1675,0.0,0.0,APPN,5m
2026-04-01 13:30:00-04:00,24.139999389648438,24.139999389648438,24.1200008392334,24.1200008392334,2339,0.0,0.0,APPN,5m
2026-04-01 13:40:00-04:00,24.15999984741211,24.15999984741211,24.135000228881836,24.135000228881836,2133,0.0,0.0,APPN,5m
2026-04-01 13:45:00-04:00,24.15999984741211,24.18000030517578,24.15999984741211,24.18000030517578,1262,0.0,0.0,APPN,5m
2026-04-01 13:50:00-04:00,24.18000030517578,24.18000030517578,24.15999984741211,24.15999984741211,3124,0.0,0.0,APPN,5m
2026-04-01 14:00:00-04:00,24.1200008392334,24.1299991607666,24.100000381469727,24.1299991607666,2628,0.0,0.0,APPN,5m
2026-04-01 14:05:00-04:00,24.179800033569336,24.190000534057617,24.179800033569336,24.190000534057617,1885,0.0,0.0,APPN,5m
2026-04-01 14:10:00-04:00,24.18000030517578,24.190000534057617,24.15850067138672,24.15850067138672,2345,0.0,0.0,APPN,5m
2026-04-01 14:15:00-04:00,24.100000381469727,24.100000381469727,24.100000381469727,24.100000381469727,782,0.0,0.0,APPN,5m
2026-04-01 14:20:00-04:00,24.059999465942383,24.059999465942383,24.049999237060547,24.049999237060547,1591,0.0,0.0,APPN,5m
2026-04-01 14:25:00-04:00,24.065000534057617,24.065000534057617,24.065000534057617,24.065000534057617,230,0.0,0.0,APPN,5m
2026-04-01 14:30:00-04:00,24.065000534057617,24.065000534057617,24.065000534057617,24.065000534057617,1330,0.0,0.0,APPN,5m
2026-04-01 14:35:00-04:00,24.020000457763672,24.024999618530273,24.0,24.0,2446,0.0,0.0,APPN,5m
2026-04-01 14:40:00-04:00,24.049999237060547,24.069299697875977,24.049999237060547,24.069299697875977,767,0.0,0.0,APPN,5m
2026-04-01 14:45:00-04:00,24.059999465942383,24.059999465942383,24.0,24.0,3493,0.0,0.0,APPN,5m
2026-04-01 14:50:00-04:00,23.989999771118164,23.989999771118164,23.989999771118164,23.989999771118164,3554,0.0,0.0,APPN,5m
2026-04-01 14:55:00-04:00,23.969999313354492,23.989999771118164,23.950000762939453,23.989999771118164,1251,0.0,0.0,APPN,5m
2026-04-01 15:00:00-04:00,23.969999313354492,23.979999542236328,23.93000030517578,23.979999542236328,4393,0.0,0.0,APPN,5m
2026-04-01 15:05:00-04:00,24.010000228881836,24.010000228881836,23.990100860595703,23.990100860595703,1646,0.0,0.0,APPN,5m
2026-04-01 15:10:00-04:00,23.985000610351562,24.020000457763672,23.985000610351562,24.020000457763672,3268,0.0,0.0,APPN,5m
2026-04-01 15:15:00-04:00,24.010000228881836,24.059999465942383,24.010000228881836,24.059999465942383,3264,0.0,0.0,APPN,5m
2026-04-01 15:20:00-04:00,24.049999237060547,24.06999969482422,24.040000915527344,24.06999969482422,7903,0.0,0.0,APPN,5m
2026-04-01 15:25:00-04:00,24.06999969482422,24.06999969482422,24.040000915527344,24.05500030517578,3709,0.0,0.0,APPN,5m
2026-04-01 15:30:00-04:00,24.040000915527344,24.040000915527344,23.989999771118164,23.989999771118164,6094,0.0,0.0,APPN,5m
2026-04-01 15:35:00-04:00,24.0049991607666,24.05500030517578,24.0,24.05500030517578,9052,0.0,0.0,APPN,5m
2026-04-01 15:40:00-04:00,24.07990074157715,24.07990074157715,24.030000686645508,24.030000686645508,2407,0.0,0.0,APPN,5m
2026-04-01 15:45:00-04:00,24.023000717163086,24.049999237060547,24.023000717163086,24.040000915527344,4222,0.0,0.0,APPN,5m
2026-04-01 15:50:00-04:00,24.030000686645508,24.040000915527344,24.000099182128906,24.010000228881836,13350,0.0,0.0,APPN,5m
2026-04-01 15:55:00-04:00,24.0,24.100000381469727,24.0,24.079999923706055,40052,0.0,0.0,APPN,5m
2026-04-02 09:30:00-04:00,23.56999969482422,23.895000457763672,23.405000686645508,23.610000610351562,20561,0.0,0.0,APPN,5m
2026-04-02 09:35:00-04:00,23.489999771118164,23.600000381469727,23.489999771118164,23.600000381469727,2143,0.0,0.0,APPN,5m
2026-04-02 09:40:00-04:00,23.450000762939453,23.4950008392334,23.420000076293945,23.449499130249023,1843,0.0,0.0,APPN,5m
2026-04-02 09:45:00-04:00,23.4950008392334,23.514999389648438,23.329999923706055,23.514999389648438,2641,0.0,0.0,APPN,5m
2026-04-02 09:50:00-04:00,23.520000457763672,23.670000076293945,23.400100708007812,23.400100708007812,1754,0.0,0.0,APPN,5m
2026-04-02 10:00:00-04:00,23.56999969482422,23.579999923706055,23.56999969482422,23.579999923706055,5263,0.0,0.0,APPN,5m
2026-04-02 10:05:00-04:00,23.520000457763672,23.520000457763672,23.520000457763672,23.520000457763672,424,0.0,0.0,APPN,5m
2026-04-02 10:10:00-04:00,23.57509994506836,23.639999389648438,23.56999969482422,23.639999389648438,2470,0.0,0.0,APPN,5m
2026-04-02 10:15:00-04:00,23.649999618530273,23.69499969482422,23.649999618530273,23.69499969482422,1560,0.0,0.0,APPN,5m
2026-04-02 10:20:00-04:00,23.561199188232422,23.68000030517578,23.561199188232422,23.649999618530273,1512,0.0,0.0,APPN,5m
2026-04-02 10:25:00-04:00,23.610000610351562,23.770000457763672,23.610000610351562,23.709999084472656,1789,0.0,0.0,APPN,5m
2026-04-02 10:30:00-04:00,23.770000457763672,23.790000915527344,23.770000457763672,23.790000915527344,597,0.0,0.0,APPN,5m
2026-04-02 10:35:00-04:00,23.819900512695312,24.399999618530273,23.819900512695312,24.020000457763672,14366,0.0,0.0,APPN,5m
2026-04-02 10:40:00-04:00,23.969999313354492,23.969999313354492,23.8700008392334,23.8700008392334,3518,0.0,0.0,APPN,5m
2026-04-02 10:45:00-04:00,23.80500030517578,23.80500030517578,23.80500030517578,23.80500030517578,1762,0.0,0.0,APPN,5m
2026-04-02 10:50:00-04:00,23.920000076293945,24.020000457763672,23.920000076293945,24.020000457763672,3142,0.0,0.0,APPN,5m
2026-04-02 10:55:00-04:00,24.1299991607666,24.1299991607666,24.06999969482422,24.06999969482422,1829,0.0,0.0,APPN,5m
2026-04-02 11:00:00-04:00,24.049999237060547,24.110000610351562,24.049999237060547,24.110000610351562,2631,0.0,0.0,APPN,5m
2026-04-02 11:05:00-04:00,23.989999771118164,24.0,23.940000534057617,23.969999313354492,1851,0.0,0.0,APPN,5m
2026-04-02 11:10:00-04:00,24.010000228881836,24.13249969482422,24.010000228881836,24.13249969482422,3288,0.0,0.0,APPN,5m
2026-04-02 11:15:00-04:00,24.110000610351562,24.110000610351562,24.045000076293945,24.045000076293945,3175,0.0,0.0,APPN,5m
2026-04-02 11:20:00-04:00,23.979999542236328,24.020000457763672,23.979999542236328,24.020000457763672,2247,0.0,0.0,APPN,5m
2026-04-02 11:25:00-04:00,24.079999923706055,24.084999084472656,24.079999923706055,24.084999084472656,1005,0.0,0.0,APPN,5m
2026-04-02 11:30:00-04:00,24.1200008392334,24.1200008392334,24.06999969482422,24.06999969482422,1652,0.0,0.0,APPN,5m
2026-04-02 11:35:00-04:00,24.110000610351562,24.110000610351562,24.110000610351562,24.110000610351562,1780,0.0,0.0,APPN,5m
2026-04-02 11:40:00-04:00,24.020000457763672,24.079999923706055,24.020000457763672,24.079999923706055,2584,0.0,0.0,APPN,5m
2026-04-02 11:45:00-04:00,24.010000228881836,24.059999465942383,24.010000228881836,24.010000228881836,1807,0.0,0.0,APPN,5m
2026-04-02 11:50:00-04:00,23.979999542236328,24.059999465942383,23.969999313354492,24.059999465942383,1922,0.0,0.0,APPN,5m
2026-04-02 11:55:00-04:00,24.06999969482422,24.110000610351562,24.049999237060547,24.049999237060547,1247,0.0,0.0,APPN,5m
2026-04-02 12:00:00-04:00,24.104999542236328,24.104999542236328,24.042499542236328,24.100000381469727,1519,0.0,0.0,APPN,5m
2026-04-02 12:05:00-04:00,24.110000610351562,24.110000610351562,24.059999465942383,24.079999923706055,3486,0.0,0.0,APPN,5m
2026-04-02 12:10:00-04:00,24.079999923706055,24.079999923706055,24.079999923706055,24.079999923706055,1698,0.0,0.0,APPN,5m
2026-04-02 12:15:00-04:00,24.030000686645508,24.06999969482422,24.030000686645508,24.06999969482422,1292,0.0,0.0,APPN,5m
2026-04-02 12:20:00-04:00,24.110000610351562,24.15999984741211,24.049999237060547,24.110000610351562,17641,0.0,0.0,APPN,5m
2026-04-02 12:25:00-04:00,24.06999969482422,24.1299991607666,24.06999969482422,24.1299991607666,2370,0.0,0.0,APPN,5m
2026-04-02 12:30:00-04:00,24.065000534057617,24.125,24.059999465942383,24.125,2529,0.0,0.0,APPN,5m
2026-04-02 12:40:00-04:00,24.170000076293945,24.18000030517578,24.139999389648438,24.174999237060547,2350,0.0,0.0,APPN,5m
2026-04-02 12:45:00-04:00,24.219999313354492,24.219999313354492,24.209999084472656,24.209999084472656,959,0.0,0.0,APPN,5m
2026-04-02 12:50:00-04:00,24.190000534057617,24.190000534057617,24.190000534057617,24.190000534057617,856,0.0,0.0,APPN,5m
2026-04-02 12:55:00-04:00,24.15999984741211,24.15999984741211,24.15999984741211,24.15999984741211,1468,0.0,0.0,APPN,5m
2026-04-02 13:00:00-04:00,24.1299991607666,24.149999618530273,24.1299991607666,24.1299991607666,4094,0.0,0.0,APPN,5m
2026-04-02 13:05:00-04:00,24.139999389648438,24.139999389648438,24.1299991607666,24.1299991607666,1441,0.0,0.0,APPN,5m
2026-04-02 13:10:00-04:00,24.094999313354492,24.170000076293945,24.094999313354492,24.15999984741211,3925,0.0,0.0,APPN,5m
2026-04-02 13:15:00-04:00,24.209999084472656,24.225000381469727,24.209999084472656,24.225000381469727,1315,0.0,0.0,APPN,5m
2026-04-02 13:20:00-04:00,24.219999313354492,24.219999313354492,24.209999084472656,24.209999084472656,1062,0.0,0.0,APPN,5m
2026-04-02 13:25:00-04:00,24.200000762939453,24.200000762939453,24.170000076293945,24.18000030517578,2794,0.0,0.0,APPN,5m
2026-04-02 13:35:00-04:00,24.200000762939453,24.209999084472656,24.170000076293945,24.19499969482422,2499,0.0,0.0,APPN,5m
2026-04-02 13:40:00-04:00,24.219999313354492,24.225000381469727,24.18000030517578,24.18000030517578,2717,0.0,0.0,APPN,5m
2026-04-02 13:45:00-04:00,24.225000381469727,24.225000381469727,24.170000076293945,24.170000076293945,2452,0.0,0.0,APPN,5m
2026-04-02 13:50:00-04:00,24.149999618530273,24.17300033569336,24.139999389648438,24.15999984741211,962,0.0,0.0,APPN,5m
2026-04-02 13:55:00-04:00,24.15999984741211,24.15999984741211,24.145000457763672,24.145000457763672,2551,0.0,0.0,APPN,5m
2026-04-02 14:00:00-04:00,24.18000030517578,24.209999084472656,24.18000030517578,24.209999084472656,1729,0.0,0.0,APPN,5m
2026-04-02 14:05:00-04:00,24.229999542236328,24.229999542236328,24.225000381469727,24.225000381469727,2872,0.0,0.0,APPN,5m
2026-04-02 14:10:00-04:00,24.209999084472656,24.229999542236328,24.209999084472656,24.229999542236328,2817,0.0,0.0,APPN,5m
2026-04-02 14:15:00-04:00,24.229999542236328,24.229999542236328,24.229999542236328,24.229999542236328,886,0.0,0.0,APPN,5m
2026-04-02 14:20:00-04:00,24.18000030517578,24.225000381469727,24.18000030517578,24.190000534057617,4403,0.0,0.0,APPN,5m
2026-04-02 14:25:00-04:00,24.200000762939453,24.200000762939453,24.170000076293945,24.170000076293945,2003,0.0,0.0,APPN,5m
2026-04-02 14:30:00-04:00,24.200000762939453,24.229999542236328,24.200000762939453,24.229999542236328,981,0.0,0.0,APPN,5m
2026-04-02 14:35:00-04:00,24.219999313354492,24.239999771118164,24.18000030517578,24.18000030517578,4337,0.0,0.0,APPN,5m
2026-04-02 14:40:00-04:00,24.165000915527344,24.270000457763672,24.165000915527344,24.270000457763672,14706,0.0,0.0,APPN,5m
2026-04-02 14:45:00-04:00,24.260000228881836,24.280000686645508,24.260000228881836,24.260000228881836,1650,0.0,0.0,APPN,5m
2026-04-02 14:50:00-04:00,24.270000457763672,24.34000015258789,24.270000457763672,24.34000015258789,3677,0.0,0.0,APPN,5m
2026-04-02 14:55:00-04:00,24.329999923706055,24.329999923706055,24.329999923706055,24.329999923706055,886,0.0,0.0,APPN,5m
2026-04-02 15:00:00-04:00,24.329999923706055,24.329999923706055,24.309999465942383,24.31999969482422,2087,0.0,0.0,APPN,5m
2026-04-02 15:05:00-04:00,24.329999923706055,24.354999542236328,24.329999923706055,24.329999923706055,4776,0.0,0.0,APPN,5m
2026-04-02 15:10:00-04:00,24.350000381469727,24.360000610351562,24.329999923706055,24.350000381469727,4351,0.0,0.0,APPN,5m
2026-04-02 15:15:00-04:00,24.350000381469727,24.360000610351562,24.329999923706055,24.350000381469727,4472,0.0,0.0,APPN,5m
2026-04-02 15:20:00-04:00,24.350000381469727,24.360000610351562,24.34000015258789,24.350000381469727,9716,0.0,0.0,APPN,5m
2026-04-02 15:25:00-04:00,24.334999084472656,24.334999084472656,24.299999237060547,24.299999237060547,2456,0.0,0.0,APPN,5m
2026-04-02 15:30:00-04:00,24.329999923706055,24.34000015258789,24.31999969482422,24.34000015258789,4059,0.0,0.0,APPN,5m
2026-04-02 15:35:00-04:00,24.350000381469727,24.3700008392334,24.329999923706055,24.33009910583496,7767,0.0,0.0,APPN,5m
2026-04-02 15:40:00-04:00,24.325000762939453,24.325000762939453,24.2549991607666,24.299999237060547,7260,0.0,0.0,APPN,5m
2026-04-02 15:45:00-04:00,24.290000915527344,24.290000915527344,24.260000228881836,24.270000457763672,5593,0.0,0.0,APPN,5m
2026-04-02 15:50:00-04:00,24.270000457763672,24.3799991607666,24.239999771118164,24.3799991607666,13298,0.0,0.0,APPN,5m
2026-04-02 15:55:00-04:00,24.3700008392334,24.479999542236328,24.350000381469727,24.469999313354492,32006,0.0,0.0,APPN,5m
2026-04-06 09:30:00-04:00,24.15999984741211,24.34000015258789,24.15999984741211,24.334999084472656,6100,0.0,0.0,APPN,5m
2026-04-06 09:35:00-04:00,24.25,24.25,23.850000381469727,23.850000381469727,3309,0.0,0.0,APPN,5m
2026-04-06 09:40:00-04:00,24.100000381469727,24.100000381469727,24.100000381469727,24.100000381469727,331,0.0,0.0,APPN,5m
2026-04-06 09:45:00-04:00,24.190000534057617,24.350000381469727,24.079999923706055,24.350000381469727,4163,0.0,0.0,APPN,5m
2026-04-06 09:50:00-04:00,24.344999313354492,24.454999923706055,24.344999313354492,24.454999923706055,1151,0.0,0.0,APPN,5m
2026-04-06 09:55:00-04:00,24.450000762939453,24.450000762939453,24.450000762939453,24.450000762939453,227,0.0,0.0,APPN,5m
2026-04-06 10:00:00-04:00,24.559999465942383,24.6200008392334,24.350000381469727,24.350000381469727,6578,0.0,0.0,APPN,5m
2026-04-06 10:05:00-04:00,24.329999923706055,24.350000381469727,24.260000228881836,24.264999389648438,4758,0.0,0.0,APPN,5m
2026-04-06 10:10:00-04:00,24.219999313354492,24.360000610351562,24.219999313354492,24.360000610351562,1959,0.0,0.0,APPN,5m
2026-04-06 10:15:00-04:00,24.364999771118164,24.364999771118164,24.364999771118164,24.364999771118164,357,0.0,0.0,APPN,5m
2026-04-06 10:20:00-04:00,24.43000030517578,24.459999084472656,24.420000076293945,24.459999084472656,2174,0.0,0.0,APPN,5m
2026-04-06 10:25:00-04:00,24.424999237060547,24.434999465942383,24.389999389648438,24.389999389648438,1029,0.0,0.0,APPN,5m
2026-04-06 10:30:00-04:00,24.399999618530273,24.399999618530273,24.399999618530273,24.399999618530273,686,0.0,0.0,APPN,5m
2026-04-06 10:35:00-04:00,24.389999389648438,24.40999984741211,24.309999465942383,24.350000381469727,5921,0.0,0.0,APPN,5m
2026-04-06 10:40:00-04:00,24.385000228881836,24.385000228881836,24.385000228881836,24.385000228881836,1392,0.0,0.0,APPN,5m
2026-04-06 10:45:00-04:00,24.329999923706055,24.329999923706055,24.309999465942383,24.329999923706055,2172,0.0,0.0,APPN,5m
2026-04-06 10:50:00-04:00,24.309999465942383,24.309999465942383,24.309999465942383,24.309999465942383,1689,0.0,0.0,APPN,5m
2026-04-06 10:55:00-04:00,24.389999389648438,24.389999389648438,24.350000381469727,24.385000228881836,2411,0.0,0.0,APPN,5m
2026-04-06 11:00:00-04:00,24.350000381469727,24.364999771118164,24.350000381469727,24.364999771118164,1400,0.0,0.0,APPN,5m
2026-04-06 11:05:00-04:00,24.329999923706055,24.344999313354492,24.329999923706055,24.344999313354492,1166,0.0,0.0,APPN,5m
2026-04-06 11:10:00-04:00,24.329999923706055,24.3799991607666,24.329999923706055,24.3799991607666,1185,0.0,0.0,APPN,5m
2026-04-06 11:15:00-04:00,24.3700008392334,24.3700008392334,24.329999923706055,24.329999923706055,1459,0.0,0.0,APPN,5m
2026-04-06 11:20:00-04:00,24.329999923706055,24.3700008392334,24.309999465942383,24.309999465942383,2276,0.0,0.0,APPN,5m
2026-04-06 11:25:00-04:00,24.309999465942383,24.350000381469727,24.309999465942383,24.31999969482422,2019,0.0,0.0,APPN,5m
2026-04-06 11:30:00-04:00,24.309999465942383,24.329999923706055,24.309999465942383,24.315000534057617,1791,0.0,0.0,APPN,5m
2026-04-06 11:35:00-04:00,24.34000015258789,24.389999389648438,24.34000015258789,24.389999389648438,2669,0.0,0.0,APPN,5m
2026-04-06 11:40:00-04:00,24.389999389648438,24.405000686645508,24.389999389648438,24.405000686645508,934,0.0,0.0,APPN,5m
2026-04-06 11:45:00-04:00,24.399999618530273,24.44499969482422,24.399999618530273,24.44499969482422,2810,0.0,0.0,APPN,5m
2026-04-06 11:50:00-04:00,24.479999542236328,24.479999542236328,24.46500015258789,24.46500015258789,944,0.0,0.0,APPN,5m
2026-04-06 11:55:00-04:00,24.479999542236328,24.479999542236328,24.454999923706055,24.459999084472656,2147,0.0,0.0,APPN,5m
2026-04-06 12:00:00-04:00,24.40999984741211,24.43000030517578,24.399999618530273,24.399999618530273,1930,0.0,0.0,APPN,5m
2026-04-06 12:05:00-04:00,24.389999389648438,24.399999618530273,24.3799991607666,24.3799991607666,866,0.0,0.0,APPN,5m
2026-04-06 12:10:00-04:00,24.389999389648438,24.40999984741211,24.389999389648438,24.40999984741211,2237,0.0,0.0,APPN,5m
2026-04-06 12:15:00-04:00,24.415000915527344,24.420000076293945,24.399999618530273,24.420000076293945,1804,0.0,0.0,APPN,5m
2026-04-06 12:20:00-04:00,24.420000076293945,24.459999084472656,24.420000076293945,24.459999084472656,9396,0.0,0.0,APPN,5m
2026-04-06 12:25:00-04:00,24.450000762939453,24.459999084472656,24.424999237060547,24.459999084472656,3167,0.0,0.0,APPN,5m
2026-04-06 12:30:00-04:00,24.489999771118164,24.5,24.489999771118164,24.5,910,0.0,0.0,APPN,5m
2026-04-06 12:35:00-04:00,24.510000228881836,24.575000762939453,24.510000228881836,24.575000762939453,3490,0.0,0.0,APPN,5m
2026-04-06 12:40:00-04:00,24.575000762939453,24.579999923706055,24.575000762939453,24.579999923706055,1051,0.0,0.0,APPN,5m
2026-04-06 12:45:00-04:00,24.600000381469727,24.600000381469727,24.549999237060547,24.569900512695312,2276,0.0,0.0,APPN,5m
2026-04-06 12:50:00-04:00,24.559999465942383,24.56999969482422,24.54509925842285,24.56999969482422,3665,0.0,0.0,APPN,5m
2026-04-06 12:55:00-04:00,24.549999237060547,24.549999237060547,24.549999237060547,24.549999237060547,963,0.0,0.0,APPN,5m
2026-04-06 13:00:00-04:00,24.520000457763672,24.53499984741211,24.485000610351562,24.485000610351562,3784,0.0,0.0,APPN,5m
2026-04-06 13:05:00-04:00,24.510000228881836,24.530000686645508,24.510000228881836,24.530000686645508,1557,0.0,0.0,APPN,5m
2026-04-06 13:10:00-04:00,24.522499084472656,24.524999618530273,24.46500015258789,24.46500015258789,4870,0.0,0.0,APPN,5m
2026-04-06 13:15:00-04:00,24.489999771118164,24.524999618530273,24.489999771118164,24.520000457763672,2963,0.0,0.0,APPN,5m
2026-04-06 13:20:00-04:00,24.56999969482422,24.59000015258789,24.559999465942383,24.59000015258789,3543,0.0,0.0,APPN,5m
2026-04-06 13:25:00-04:00,24.600000381469727,24.645000457763672,24.600000381469727,24.639999389648438,2629,0.0,0.0,APPN,5m
2026-04-06 13:30:00-04:00,24.6200008392334,24.665000915527344,24.6200008392334,24.6299991607666,4032,0.0,0.0,APPN,5m
2026-04-06 13:35:00-04:00,24.6299991607666,24.6299991607666,24.579999923706055,24.594999313354492,1405,0.0,0.0,APPN,5m
2026-04-06 13:40:00-04:00,24.594999313354492,24.6299991607666,24.594999313354492,24.6299991607666,1572,0.0,0.0,APPN,5m
2026-04-06 13:45:00-04:00,24.610000610351562,24.6200008392334,24.594999313354492,24.594999313354492,2064,0.0,0.0,APPN,5m
2026-04-06 13:50:00-04:00,24.59000015258789,24.59000015258789,24.59000015258789,24.59000015258789,1260,0.0,0.0,APPN,5m
2026-04-06 13:55:00-04:00,24.584999084472656,24.594999313354492,24.579999923706055,24.59000015258789,1712,0.0,0.0,APPN,5m
2026-04-06 14:00:00-04:00,24.579999923706055,24.59000015258789,24.579999923706055,24.579999923706055,870,0.0,0.0,APPN,5m
2026-04-06 14:05:00-04:00,24.559999465942383,24.6200008392334,24.55500030517578,24.594999313354492,5292,0.0,0.0,APPN,5m
2026-04-06 14:10:00-04:00,24.639999389648438,24.655000686645508,24.614999771118164,24.614999771118164,3998,0.0,0.0,APPN,5m
2026-04-06 14:20:00-04:00,24.6299991607666,24.674999237060547,24.6299991607666,24.65999984741211,2861,0.0,0.0,APPN,5m
2026-04-06 14:25:00-04:00,24.670000076293945,24.670000076293945,24.639999389648438,24.639999389648438,1918,0.0,0.0,APPN,5m
2026-04-06 14:30:00-04:00,24.6200008392334,24.645000457763672,24.579999923706055,24.579999923706055,1839,0.0,0.0,APPN,5m
2026-04-06 14:35:00-04:00,24.55500030517578,24.559999465942383,24.540000915527344,24.540000915527344,1401,0.0,0.0,APPN,5m
2026-04-06 14:40:00-04:00,24.540000915527344,24.540000915527344,24.510000228881836,24.530000686645508,3068,0.0,0.0,APPN,5m
2026-04-06 14:45:00-04:00,24.530000686645508,24.530000686645508,24.530000686645508,24.530000686645508,489,0.0,0.0,APPN,5m
2026-04-06 14:50:00-04:00,24.530000686645508,24.530000686645508,24.489999771118164,24.4950008392334,2005,0.0,0.0,APPN,5m
2026-04-06 14:55:00-04:00,24.520000457763672,24.524999618530273,24.520000457763672,24.524999618530273,1110,0.0,0.0,APPN,5m
2026-04-06 15:00:00-04:00,24.520000457763672,24.520000457763672,24.440000534057617,24.489999771118164,9048,0.0,0.0,APPN,5m
2026-04-06 15:05:00-04:00,24.489999771118164,24.510000228881836,24.485000610351562,24.485000610351562,2888,0.0,0.0,APPN,5m
2026-04-06 15:15:00-04:00,24.520000457763672,24.530000686645508,24.520000457763672,24.520000457763672,2298,0.0,0.0,APPN,5m
2026-04-06 15:20:00-04:00,24.5,24.5,24.485000610351562,24.485000610351562,2194,0.0,0.0,APPN,5m
2026-04-06 15:25:00-04:00,24.489999771118164,24.510000228881836,24.489999771118164,24.510000228881836,5157,0.0,0.0,APPN,5m
2026-04-06 15:30:00-04:00,24.530000686645508,24.549999237060547,24.530000686645508,24.530000686645508,3166,0.0,0.0,APPN,5m
2026-04-06 15:35:00-04:00,24.53499984741211,24.53499984741211,24.479999542236328,24.479999542236328,3946,0.0,0.0,APPN,5m
2026-04-06 15:40:00-04:00,24.479999542236328,24.530000686645508,24.469999313354492,24.530000686645508,4887,0.0,0.0,APPN,5m
2026-04-06 15:45:00-04:00,24.530000686645508,24.559999465942383,24.530000686645508,24.559999465942383,5727,0.0,0.0,APPN,5m
2026-04-06 15:50:00-04:00,24.559999465942383,24.600000381469727,24.549999237060547,24.600000381469727,11303,0.0,0.0,APPN,5m
2026-04-06 15:55:00-04:00,24.510000228881836,24.579999923706055,24.5,24.540000915527344,36220,0.0,0.0,APPN,5m
2026-04-07 09:30:00-04:00,24.239999771118164,24.399999618530273,24.239999771118164,24.3700008392334,5936,0.0,0.0,APPN,5m
2026-04-07 09:35:00-04:00,24.280000686645508,24.309999465942383,24.040000915527344,24.040000915527344,2324,0.0,0.0,APPN,5m
2026-04-07 09:40:00-04:00,24.020000457763672,24.280000686645508,24.010000228881836,24.06999969482422,7174,0.0,0.0,APPN,5m
2026-04-07 09:45:00-04:00,24.260000228881836,24.260000228881836,24.170000076293945,24.170000076293945,1901,0.0,0.0,APPN,5m
2026-04-07 09:50:00-04:00,24.174999237060547,24.420000076293945,24.174999237060547,24.420000076293945,2920,0.0,0.0,APPN,5m
2026-04-07 09:55:00-04:00,24.299999237060547,24.299999237060547,24.260000228881836,24.260000228881836,3234,0.0,0.0,APPN,5m
2026-04-07 10:00:00-04:00,24.28499984741211,24.28499984741211,24.149999618530273,24.18000030517578,3668,0.0,0.0,APPN,5m
2026-04-07 10:05:00-04:00,24.170000076293945,24.170000076293945,24.079999923706055,24.09000015258789,4160,0.0,0.0,APPN,5m
2026-04-07 10:10:00-04:00,24.125,24.200000762939453,24.125,24.170000076293945,2410,0.0,0.0,APPN,5m
2026-04-07 10:15:00-04:00,24.170000076293945,24.200000762939453,24.170000076293945,24.200000762939453,2077,0.0,0.0,APPN,5m
2026-04-07 10:20:00-04:00,24.31999969482422,24.31999969482422,24.270000457763672,24.270000457763672,284,0.0,0.0,APPN,5m
2026-04-07 10:25:00-04:00,24.260000228881836,24.309999465942383,24.260000228881836,24.309999465942383,1105,0.0,0.0,APPN,5m
2026-04-07 10:30:00-04:00,24.270000457763672,24.270000457763672,24.174999237060547,24.190000534057617,3962,0.0,0.0,APPN,5m
2026-04-07 10:35:00-04:00,24.135000228881836,24.135000228881836,24.079999923706055,24.079999923706055,2265,0.0,0.0,APPN,5m
2026-04-07 10:40:00-04:00,24.100000381469727,24.15999984741211,24.09000015258789,24.1299991607666,2348,0.0,0.0,APPN,5m
2026-04-07 10:45:00-04:00,24.1299991607666,24.190000534057617,24.113000869750977,24.127599716186523,7680,0.0,0.0,APPN,5m
2026-04-07 10:50:00-04:00,24.125,24.125,24.110000610351562,24.110000610351562,913,0.0,0.0,APPN,5m
2026-04-07 10:55:00-04:00,24.110000610351562,24.1299991607666,24.09000015258789,24.114999771118164,2354,0.0,0.0,APPN,5m
2026-04-07 11:00:00-04:00,24.091899871826172,24.145000457763672,24.065000534057617,24.145000457763672,4816,0.0,0.0,APPN,5m
2026-04-07 11:05:00-04:00,24.110000610351562,24.110000610351562,24.075000762939453,24.07509994506836,3205,0.0,0.0,APPN,5m
2026-04-07 11:10:00-04:00,24.139999389648438,24.155000686645508,24.139999389648438,24.155000686645508,2540,0.0,0.0,APPN,5m
2026-04-07 11:15:00-04:00,24.170000076293945,24.239999771118164,24.170000076293945,24.229999542236328,3304,0.0,0.0,APPN,5m
2026-04-07 11:20:00-04:00,24.209999084472656,24.209999084472656,24.18000030517578,24.209999084472656,2828,0.0,0.0,APPN,5m
2026-04-07 11:25:00-04:00,24.21500015258789,24.290000915527344,24.21500015258789,24.264999389648438,2798,0.0,0.0,APPN,5m
2026-04-07 11:30:00-04:00,24.299999237060547,24.34000015258789,24.299999237060547,24.34000015258789,4023,0.0,0.0,APPN,5m
2026-04-07 11:40:00-04:00,24.40999984741211,24.450000762939453,24.34000015258789,24.350000381469727,6960,0.0,0.0,APPN,5m
2026-04-07 11:45:00-04:00,24.350000381469727,24.350000381469727,24.34000015258789,24.350000381469727,2073,0.0,0.0,APPN,5m
2026-04-07 11:50:00-04:00,24.344999313354492,24.344999313354492,24.329999923706055,24.329999923706055,1351,0.0,0.0,APPN,5m
2026-04-07 11:55:00-04:00,24.34000015258789,24.34000015258789,24.280000686645508,24.280000686645508,1426,0.0,0.0,APPN,5m
2026-04-07 12:00:00-04:00,24.309999465942383,24.56999969482422,24.309999465942383,24.459999084472656,11100,0.0,0.0,APPN,5m
2026-04-07 12:05:00-04:00,24.385000228881836,24.459999084472656,24.385000228881836,24.459999084472656,3906,0.0,0.0,APPN,5m
2026-04-07 12:10:00-04:00,24.399999618530273,24.420000076293945,24.389999389648438,24.420000076293945,4772,0.0,0.0,APPN,5m
2026-04-07 12:15:00-04:00,24.399999618530273,24.420000076293945,24.3799991607666,24.3799991607666,3470,0.0,0.0,APPN,5m
2026-04-07 12:20:00-04:00,24.43000030517578,24.450000762939453,24.420000076293945,24.420000076293945,3139,0.0,0.0,APPN,5m
2026-04-07 12:25:00-04:00,24.440000534057617,24.469999313354492,24.440000534057617,24.469999313354492,2468,0.0,0.0,APPN,5m
2026-04-07 12:30:00-04:00,24.489999771118164,24.489999771118164,24.489999771118164,24.489999771118164,1697,0.0,0.0,APPN,5m
2026-04-07 12:35:00-04:00,24.459999084472656,24.469999313354492,24.450000762939453,24.450000762939453,2799,0.0,0.0,APPN,5m
2026-04-07 12:40:00-04:00,24.510000228881836,24.510000228881836,24.479999542236328,24.489999771118164,2015,0.0,0.0,APPN,5m
2026-04-07 12:45:00-04:00,24.520000457763672,24.530000686645508,24.520000457763672,24.524999618530273,1055,0.0,0.0,APPN,5m
2026-04-07 12:50:00-04:00,24.510000228881836,24.530000686645508,24.489999771118164,24.524999618530273,2706,0.0,0.0,APPN,5m
2026-04-07 12:55:00-04:00,24.524999618530273,24.524999618530273,24.489999771118164,24.489999771118164,1684,0.0,0.0,APPN,5m
2026-04-07 13:00:00-04:00,24.510000228881836,24.520000457763672,24.5,24.5,3098,0.0,0.0,APPN,5m
2026-04-07 13:05:00-04:00,24.510000228881836,24.514999389648438,24.510000228881836,24.514999389648438,2555,0.0,0.0,APPN,5m
2026-04-07 13:10:00-04:00,24.489999771118164,24.510000228881836,24.489999771118164,24.5,2552,0.0,0.0,APPN,5m
2026-04-07 13:15:00-04:00,24.5,24.540000915527344,24.5,24.520000457763672,2991,0.0,0.0,APPN,5m
2026-04-07 13:20:00-04:00,24.479999542236328,24.510000228881836,24.479999542236328,24.510000228881836,1962,0.0,0.0,APPN,5m
2026-04-07 13:25:00-04:00,24.520000457763672,24.520000457763672,24.520000457763672,24.520000457763672,794,0.0,0.0,APPN,5m
2026-04-07 13:30:00-04:00,24.514999389648438,24.514999389648438,24.514999389648438,24.514999389648438,1735,0.0,0.0,APPN,5m
2026-04-07 13:35:00-04:00,24.59000015258789,24.65999984741211,24.579999923706055,24.6299991607666,5348,0.0,0.0,APPN,5m
2026-04-07 13:45:00-04:00,24.56999969482422,24.56999969482422,24.53499984741211,24.559999465942383,2430,0.0,0.0,APPN,5m
2026-04-07 13:50:00-04:00,24.540000915527344,24.540000915527344,24.540000915527344,24.540000915527344,450,0.0,0.0,APPN,5m
2026-04-07 13:55:00-04:00,24.559999465942383,24.559999465942383,24.559999465942383,24.559999465942383,1166,0.0,0.0,APPN,5m
2026-04-07 14:00:00-04:00,24.524999618530273,24.549999237060547,24.50749969482422,24.530000686645508,4842,0.0,0.0,APPN,5m
2026-04-07 14:05:00-04:00,24.540000915527344,24.540000915527344,24.520000457763672,24.540000915527344,2628,0.0,0.0,APPN,5m
2026-04-07 14:10:00-04:00,24.510000228881836,24.540000915527344,24.510000228881836,24.540000915527344,2667,0.0,0.0,APPN,5m
2026-04-07 14:15:00-04:00,24.530000686645508,24.540000915527344,24.530000686645508,24.540000915527344,2679,0.0,0.0,APPN,5m
2026-04-07 14:20:00-04:00,24.530000686645508,24.530000686645508,24.5,24.5,5658,0.0,0.0,APPN,5m
2026-04-07 14:25:00-04:00,24.479999542236328,24.489999771118164,24.469999313354492,24.469999313354492,2850,0.0,0.0,APPN,5m
2026-04-07 14:30:00-04:00,24.479999542236328,24.479999542236328,24.479999542236328,24.479999542236328,1592,0.0,0.0,APPN,5m
2026-04-07 14:35:00-04:00,24.469999313354492,24.469999313354492,24.434999465942383,24.440000534057617,3346,0.0,0.0,APPN,5m
2026-04-07 14:40:00-04:00,24.450000762939453,24.459999084472656,24.450000762939453,24.459999084472656,2694,0.0,0.0,APPN,5m
2026-04-07 14:45:00-04:00,24.46500015258789,24.46500015258789,24.440000534057617,24.440000534057617,1234,0.0,0.0,APPN,5m
2026-04-07 14:50:00-04:00,24.469999313354492,24.489999771118164,24.434999465942383,24.434999465942383,3030,0.0,0.0,APPN,5m
2026-04-07 14:55:00-04:00,24.40999984741211,24.40999984741211,24.360000610351562,24.399999618530273,3108,0.0,0.0,APPN,5m
2026-04-07 15:00:00-04:00,24.399999618530273,24.399999618530273,24.399999618530273,24.399999618530273,1736,0.0,0.0,APPN,5m
2026-04-07 15:05:00-04:00,24.360000610351562,24.360000610351562,24.309999465942383,24.350000381469727,3512,0.0,0.0,APPN,5m
2026-04-07 15:10:00-04:00,24.360000610351562,24.360000610351562,24.329999923706055,24.360000610351562,2548,0.0,0.0,APPN,5m
2026-04-07 15:15:00-04:00,24.389999389648438,24.600000381469727,24.389999389648438,24.600000381469727,4587,0.0,0.0,APPN,5m
2026-04-07 15:20:00-04:00,24.600000381469727,24.700000762939453,24.530000686645508,24.530000686645508,9580,0.0,0.0,APPN,5m
2026-04-07 15:25:00-04:00,24.469999313354492,24.469999313354492,24.44499969482422,24.44499969482422,2853,0.0,0.0,APPN,5m
2026-04-07 15:30:00-04:00,24.43000030517578,24.43000030517578,24.40999984741211,24.40999984741211,3553,0.0,0.0,APPN,5m
2026-04-07 15:35:00-04:00,24.3799991607666,24.40999984741211,24.334999084472656,24.334999084472656,7395,0.0,0.0,APPN,5m
2026-04-07 15:40:00-04:00,24.299999237060547,24.3700008392334,24.290000915527344,24.34000015258789,9977,0.0,0.0,APPN,5m
2026-04-07 15:45:00-04:00,24.520000457763672,24.520000457763672,24.440000534057617,24.440000534057617,5729,0.0,0.0,APPN,5m
2026-04-07 15:50:00-04:00,24.450000762939453,24.450000762939453,24.3799991607666,24.440000534057617,15318,0.0,0.0,APPN,5m
2026-04-07 15:55:00-04:00,24.440000534057617,24.440000534057617,24.3799991607666,24.420000076293945,58689,0.0,0.0,APPN,5m
2026-04-08 09:30:00-04:00,25.040000915527344,25.200000762939453,24.719999313354492,25.0,11801,0.0,0.0,APPN,5m
2026-04-08 09:35:00-04:00,24.989999771118164,24.989999771118164,24.799999237060547,24.799999237060547,398,0.0,0.0,APPN,5m
2026-04-08 09:40:00-04:00,24.729999542236328,24.780000686645508,24.329999923706055,24.329999923706055,4845,0.0,0.0,APPN,5m
2026-04-08 09:45:00-04:00,24.57990074157715,24.57990074157715,24.024999618530273,24.375,5581,0.0,0.0,APPN,5m
2026-04-08 09:50:00-04:00,24.3700008392334,24.3700008392334,24.114999771118164,24.170000076293945,3744,0.0,0.0,APPN,5m
2026-04-08 09:55:00-04:00,24.235000610351562,24.25,24.059999465942383,24.149999618530273,13353,0.0,0.0,APPN,5m
2026-04-08 10:00:00-04:00,24.170000076293945,24.219999313354492,24.074899673461914,24.190000534057617,7964,0.0,0.0,APPN,5m
2026-04-08 10:05:00-04:00,24.200000762939453,24.229999542236328,24.110000610351562,24.219999313354492,2958,0.0,0.0,APPN,5m
2026-04-08 10:10:00-04:00,24.290000915527344,24.350000381469727,24.290000915527344,24.350000381469727,2315,0.0,0.0,APPN,5m
2026-04-08 10:15:00-04:00,24.299999237060547,24.5049991607666,24.299999237060547,24.469999313354492,3715,0.0,0.0,APPN,5m
2026-04-08 10:20:00-04:00,24.510000228881836,24.510000228881836,24.469999313354492,24.479999542236328,1702,0.0,0.0,APPN,5m
2026-04-08 10:25:00-04:00,24.450000762939453,24.459999084472656,24.399999618530273,24.399999618530273,3561,0.0,0.0,APPN,5m
2026-04-08 10:30:00-04:00,24.399999618530273,24.40999984741211,24.309999465942383,24.309999465942383,3290,0.0,0.0,APPN,5m
2026-04-08 10:35:00-04:00,24.239999771118164,24.34000015258789,24.170000076293945,24.34000015258789,5049,0.0,0.0,APPN,5m
2026-04-08 10:40:00-04:00,24.229999542236328,24.260000228881836,24.229999542236328,24.229999542236328,3600,0.0,0.0,APPN,5m
2026-04-08 10:45:00-04:00,24.20599937438965,24.270000457763672,24.200000762939453,24.270000457763672,3605,0.0,0.0,APPN,5m
2026-04-08 10:50:00-04:00,24.229999542236328,24.229999542236328,24.190000534057617,24.190000534057617,1975,0.0,0.0,APPN,5m
2026-04-08 10:55:00-04:00,24.1200008392334,24.1200008392334,23.93000030517578,24.014999389648438,5808,0.0,0.0,APPN,5m
2026-04-08 11:00:00-04:00,24.110000610351562,24.155000686645508,24.110000610351562,24.155000686645508,3224,0.0,0.0,APPN,5m
2026-04-08 11:05:00-04:00,24.1200008392334,24.204999923706055,24.1200008392334,24.204999923706055,3172,0.0,0.0,APPN,5m
2026-04-08 11:10:00-04:00,24.15999984741211,24.170000076293945,24.110000610351562,24.110000610351562,3516,0.0,0.0,APPN,5m
2026-04-08 11:15:00-04:00,24.1200008392334,24.1200008392334,24.110000610351562,24.110000610351562,1379,0.0,0.0,APPN,5m
2026-04-08 11:20:00-04:00,24.174999237060547,24.209999084472656,24.1200008392334,24.1200008392334,3233,0.0,0.0,APPN,5m
2026-04-08 11:25:00-04:00,24.139999389648438,24.149999618530273,24.059999465942383,24.059999465942383,4125,0.0,0.0,APPN,5m
2026-04-08 11:30:00-04:00,24.100000381469727,24.110000610351562,24.0049991607666,24.06999969482422,5929,0.0,0.0,APPN,5m
2026-04-08 11:35:00-04:00,24.084999084472656,24.1299991607666,24.084999084472656,24.084999084472656,4605,0.0,0.0,APPN,5m
2026-04-08 11:40:00-04:00,24.079999923706055,24.100000381469727,24.049999237060547,24.100000381469727,2919,0.0,0.0,APPN,5m
2026-04-08 11:50:00-04:00,24.075000762939453,24.104999542236328,24.06999969482422,24.079999923706055,3160,0.0,0.0,APPN,5m
2026-04-08 12:00:00-04:00,24.079999923706055,24.100000381469727,24.065000534057617,24.100000381469727,5069,0.0,0.0,APPN,5m
2026-04-08 12:05:00-04:00,24.040000915527344,24.059999465942383,24.040000915527344,24.040000915527344,2886,0.0,0.0,APPN,5m
2026-04-08 12:10:00-04:00,24.030000686645508,24.030000686645508,24.010000228881836,24.030000686645508,3872,0.0,0.0,APPN,5m
2026-04-08 12:15:00-04:00,23.969999313354492,24.0049991607666,23.950000762939453,23.950000762939453,4546,0.0,0.0,APPN,5m
2026-04-08 12:20:00-04:00,23.950000762939453,24.0,23.950000762939453,24.0,2923,0.0,0.0,APPN,5m
2026-04-08 12:25:00-04:00,23.950000762939453,23.989999771118164,23.934999465942383,23.985000610351562,4069,0.0,0.0,APPN,5m
2026-04-08 12:30:00-04:00,23.989999771118164,23.989999771118164,23.985000610351562,23.985000610351562,1308,0.0,0.0,APPN,5m
2026-04-08 12:35:00-04:00,23.985000610351562,23.985000610351562,23.959999084472656,23.979999542236328,3345,0.0,0.0,APPN,5m
2026-04-08 12:40:00-04:00,23.989999771118164,24.0,23.969999313354492,23.979999542236328,2965,0.0,0.0,APPN,5m
2026-04-08 12:45:00-04:00,23.959999084472656,23.975000381469727,23.729999542236328,23.729999542236328,6817,0.0,0.0,APPN,5m
2026-04-08 12:50:00-04:00,23.714399337768555,23.75,23.700000762939453,23.725000381469727,13682,0.0,0.0,APPN,5m
2026-04-08 12:55:00-04:00,23.729999542236328,23.759899139404297,23.610000610351562,23.68000030517578,6403,0.0,0.0,APPN,5m
2026-04-08 13:00:00-04:00,23.689899444580078,23.700000762939453,23.617000579833984,23.6200008392334,8414,0.0,0.0,APPN,5m
2026-04-08 13:05:00-04:00,23.59000015258789,23.59000015258789,23.520000457763672,23.549999237060547,4701,0.0,0.0,APPN,5m
2026-04-08 13:10:00-04:00,23.584999084472656,23.584999084472656,23.559999465942383,23.559999465942383,1229,0.0,0.0,APPN,5m
2026-04-08 13:15:00-04:00,23.6200008392334,23.625,23.510000228881836,23.579999923706055,6387,0.0,0.0,APPN,5m
2026-04-08 13:20:00-04:00,23.594999313354492,23.599899291992188,23.530000686645508,23.530000686645508,2742,0.0,0.0,APPN,5m
2026-04-08 13:25:00-04:00,23.542800903320312,23.542800903320312,23.459999084472656,23.5,5182,0.0,0.0,APPN,5m
2026-04-08 13:30:00-04:00,23.5,23.540000915527344,23.5,23.510000228881836,2742,0.0,0.0,APPN,5m
2026-04-08 13:35:00-04:00,23.5,23.5,23.459999084472656,23.479999542236328,4009,0.0,0.0,APPN,5m
2026-04-08 13:40:00-04:00,23.43000030517578,23.450000762939453,23.3799991607666,23.450000762939453,3789,0.0,0.0,APPN,5m
2026-04-08 13:45:00-04:00,23.479999542236328,23.5,23.360000610351562,23.389999389648438,10647,0.0,0.0,APPN,5m
2026-04-08 13:50:00-04:00,23.3799991607666,23.469900131225586,23.3799991607666,23.415000915527344,4625,0.0,0.0,APPN,5m
2026-04-08 13:55:00-04:00,23.449899673461914,23.450000762939453,23.389999389648438,23.415000915527344,5306,0.0,0.0,APPN,5m
2026-04-08 14:00:00-04:00,23.405000686645508,23.405000686645508,23.225000381469727,23.249900817871094,21699,0.0,0.0,APPN,5m
2026-04-08 14:05:00-04:00,23.225000381469727,23.225000381469727,23.139999389648438,23.170000076293945,5251,0.0,0.0,APPN,5m
2026-04-08 14:10:00-04:00,23.190000534057617,23.200000762939453,23.170000076293945,23.184999465942383,5308,0.0,0.0,APPN,5m
2026-04-08 14:15:00-04:00,23.170000076293945,23.170000076293945,22.940099716186523,22.946800231933594,7650,0.0,0.0,APPN,5m
2026-04-08 14:20:00-04:00,22.979999542236328,22.989999771118164,22.940000534057617,22.950000762939453,5303,0.0,0.0,APPN,5m
2026-04-08 14:25:00-04:00,22.920000076293945,23.05500030517578,22.920000076293945,23.05500030517578,9429,0.0,0.0,APPN,5m
2026-04-08 14:30:00-04:00,23.05500030517578,23.270000457763672,23.05500030517578,23.135000228881836,54353,0.0,0.0,APPN,5m
2026-04-08 14:35:00-04:00,23.170000076293945,23.170000076293945,23.020000457763672,23.06999969482422,14828,0.0,0.0,APPN,5m
2026-04-08 14:40:00-04:00,23.06999969482422,23.084999084472656,23.010000228881836,23.010000228881836,4996,0.0,0.0,APPN,5m
2026-04-08 14:45:00-04:00,23.020000457763672,23.079999923706055,23.020000457763672,23.06999969482422,7890,0.0,0.0,APPN,5m
2026-04-08 14:50:00-04:00,23.09000015258789,23.15999984741211,23.09000015258789,23.1299991607666,4200,0.0,0.0,APPN,5m
2026-04-08 14:55:00-04:00,23.11359977722168,23.11359977722168,23.040000915527344,23.040000915527344,4682,0.0,0.0,APPN,5m
2026-04-08 15:00:00-04:00,23.049999237060547,23.100000381469727,23.049999237060547,23.075000762939453,4166,0.0,0.0,APPN,5m
2026-04-08 15:05:00-04:00,23.049999237060547,23.1200008392334,23.0,23.094999313354492,6934,0.0,0.0,APPN,5m
2026-04-08 15:10:00-04:00,23.1200008392334,23.200000762939453,23.1200008392334,23.15999984741211,9292,0.0,0.0,APPN,5m
2026-04-08 15:15:00-04:00,23.18000030517578,23.200000762939453,23.1299991607666,23.145000457763672,4149,0.0,0.0,APPN,5m
2026-04-08 15:20:00-04:00,23.1299991607666,23.190000534057617,23.049999237060547,23.079999923706055,22231,0.0,0.0,APPN,5m
2026-04-08 15:25:00-04:00,23.06999969482422,23.06999969482422,22.969999313354492,23.002500534057617,5502,0.0,0.0,APPN,5m
2026-04-08 15:30:00-04:00,23.020000457763672,23.059999465942383,23.020000457763672,23.059999465942383,7191,0.0,0.0,APPN,5m
2026-04-08 15:35:00-04:00,23.06999969482422,23.110000610351562,23.049999237060547,23.05500030517578,8700,0.0,0.0,APPN,5m
2026-04-08 15:40:00-04:00,23.06999969482422,23.1200008392334,22.969999313354492,23.1200008392334,11336,0.0,0.0,APPN,5m
2026-04-08 15:45:00-04:00,23.1200008392334,23.155000686645508,23.079999923706055,23.155000686645508,9365,0.0,0.0,APPN,5m
2026-04-08 15:50:00-04:00,23.1200008392334,23.155000686645508,23.06999969482422,23.075000762939453,12984,0.0,0.0,APPN,5m
2026-04-08 15:55:00-04:00,23.079999923706055,23.1299991607666,23.059999465942383,23.1299991607666,49817,0.0,0.0,APPN,5m
2026-04-09 09:30:00-04:00,22.799999237060547,22.844999313354492,21.6200008392334,21.625,49300,0.0,0.0,APPN,5m
2026-04-09 09:35:00-04:00,21.6200008392334,21.937999725341797,21.614999771118164,21.78499984741211,7231,0.0,0.0,APPN,5m
2026-04-09 09:40:00-04:00,21.760000228881836,21.8799991607666,21.610000610351562,21.704999923706055,8986,0.0,0.0,APPN,5m
2026-04-09 09:45:00-04:00,21.770000457763672,21.780000686645508,21.020000457763672,21.189300537109375,17543,0.0,0.0,APPN,5m
2026-04-09 09:50:00-04:00,21.059999465942383,21.1200008392334,20.924999237060547,21.0,7900,0.0,0.0,APPN,5m
2026-04-09 09:55:00-04:00,21.0,21.5,21.0,21.5,31830,0.0,0.0,APPN,5m
2026-04-09 10:00:00-04:00,21.486000061035156,21.579999923706055,21.325000762939453,21.579999923706055,35177,0.0,0.0,APPN,5m
2026-04-09 10:05:00-04:00,21.59000015258789,21.70800018310547,21.48509979248047,21.540000915527344,21679,0.0,0.0,APPN,5m
2026-04-09 10:10:00-04:00,21.46500015258789,21.545299530029297,21.42009925842285,21.42009925842285,9827,0.0,0.0,APPN,5m
2026-04-09 10:15:00-04:00,21.3700008392334,21.49970054626465,21.3700008392334,21.49970054626465,6831,0.0,0.0,APPN,5m
2026-04-09 10:20:00-04:00,21.440000534057617,21.510000228881836,21.440000534057617,21.440000534057617,13822,0.0,0.0,APPN,5m
2026-04-09 10:25:00-04:00,21.459999084472656,21.520000457763672,21.434999465942383,21.434999465942383,6479,0.0,0.0,APPN,5m
2026-04-09 10:30:00-04:00,21.3799991607666,21.3799991607666,21.299999237060547,21.34000015258789,6967,0.0,0.0,APPN,5m
2026-04-09 10:35:00-04:00,21.34000015258789,21.35740089416504,21.299999237060547,21.30500030517578,4378,0.0,0.0,APPN,5m
2026-04-09 10:40:00-04:00,21.290000915527344,21.309999465942383,21.225000381469727,21.229999542236328,6973,0.0,0.0,APPN,5m
2026-04-09 10:45:00-04:00,21.239999771118164,21.309999465942383,21.239999771118164,21.290000915527344,15812,0.0,0.0,APPN,5m
2026-04-09 10:50:00-04:00,21.264999389648438,21.31999969482422,21.229999542236328,21.229999542236328,3721,0.0,0.0,APPN,5m
2026-04-09 10:55:00-04:00,21.219999313354492,21.309999465942383,21.204999923706055,21.260000228881836,7096,0.0,0.0,APPN,5m
2026-04-09 11:00:00-04:00,21.2450008392334,21.2450008392334,21.1299991607666,21.15999984741211,6789,0.0,0.0,APPN,5m
2026-04-09 11:05:00-04:00,21.209999084472656,21.229999542236328,20.950000762939453,21.045000076293945,56249,0.0,0.0,APPN,5m
2026-04-09 11:10:00-04:00,21.045000076293945,21.135000228881836,21.045000076293945,21.135000228881836,4845,0.0,0.0,APPN,5m
2026-04-09 11:15:00-04:00,21.15999984741211,21.19499969482422,21.149999618530273,21.15999984741211,10883,0.0,0.0,APPN,5m
2026-04-09 11:20:00-04:00,21.155000686645508,21.280000686645508,21.155000686645508,21.221200942993164,6776,0.0,0.0,APPN,5m
2026-04-09 11:25:00-04:00,21.219999313354492,21.260000228881836,21.200000762939453,21.204999923706055,4791,0.0,0.0,APPN,5m
2026-04-09 11:30:00-04:00,21.15999984741211,21.31999969482422,21.15999984741211,21.239999771118164,24560,0.0,0.0,APPN,5m
2026-04-09 11:35:00-04:00,21.239999771118164,21.239999771118164,21.15999984741211,21.15999984741211,11280,0.0,0.0,APPN,5m
2026-04-09 11:40:00-04:00,21.170000076293945,21.229999542236328,21.165000915527344,21.229999542236328,6135,0.0,0.0,APPN,5m
2026-04-09 11:45:00-04:00,21.219999313354492,21.315000534057617,21.219999313354492,21.315000534057617,4334,0.0,0.0,APPN,5m
2026-04-09 11:50:00-04:00,21.280000686645508,21.3700008392334,21.280000686645508,21.31999969482422,7076,0.0,0.0,APPN,5m
2026-04-09 11:55:00-04:00,21.350000381469727,21.3799991607666,21.299999237060547,21.299999237060547,6955,0.0,0.0,APPN,5m
2026-04-09 12:00:00-04:00,21.329999923706055,21.405000686645508,21.30139923095703,21.399999618530273,6321,0.0,0.0,APPN,5m
2026-04-09 12:05:00-04:00,21.399999618530273,21.399999618530273,21.34000015258789,21.350000381469727,3659,0.0,0.0,APPN,5m
2026-04-09 12:10:00-04:00,21.385000228881836,21.40839958190918,21.31999969482422,21.31999969482422,7000,0.0,0.0,APPN,5m
2026-04-09 12:15:00-04:00,21.25,21.270000457763672,21.25,21.270000457763672,1331,0.0,0.0,APPN,5m
2026-04-09 12:20:00-04:00,21.25,21.25,21.190000534057617,21.190000534057617,4537,0.0,0.0,APPN,5m
2026-04-09 12:25:00-04:00,21.149999618530273,21.19499969482422,21.1299991607666,21.139999389648438,4418,0.0,0.0,APPN,5m
2026-04-09 12:30:00-04:00,21.110000610351562,21.110000610351562,21.040000915527344,21.059999465942383,13302,0.0,0.0,APPN,5m
2026-04-09 12:35:00-04:00,21.049999237060547,21.079999923706055,21.040000915527344,21.045000076293945,6156,0.0,0.0,APPN,5m
2026-04-09 12:40:00-04:00,21.030000686645508,21.049999237060547,21.030000686645508,21.045000076293945,4757,0.0,0.0,APPN,5m
2026-04-09 12:45:00-04:00,21.045000076293945,21.068899154663086,21.030000686645508,21.059999465942383,3531,0.0,0.0,APPN,5m
2026-04-09 12:50:00-04:00,21.059999465942383,21.1299991607666,21.059999465942383,21.1299991607666,7257,0.0,0.0,APPN,5m
2026-04-09 12:55:00-04:00,21.125,21.138599395751953,21.079999923706055,21.110000610351562,4962,0.0,0.0,APPN,5m
2026-04-09 13:00:00-04:00,21.1299991607666,21.149999618530273,21.1200008392334,21.149999618530273,2536,0.0,0.0,APPN,5m
2026-04-09 13:05:00-04:00,21.15999984741211,21.18000030517578,21.15999984741211,21.174999237060547,3713,0.0,0.0,APPN,5m
2026-04-09 13:10:00-04:00,21.19499969482422,21.219999313354492,21.19499969482422,21.219999313354492,1864,0.0,0.0,APPN,5m
2026-04-09 13:15:00-04:00,21.229999542236328,21.229999542236328,21.15999984741211,21.170000076293945,5272,0.0,0.0,APPN,5m
2026-04-09 13:20:00-04:00,21.170000076293945,21.17009925842285,21.149999618530273,21.160600662231445,3662,0.0,0.0,APPN,5m
2026-04-09 13:25:00-04:00,21.149999618530273,21.15999984741211,21.110000610351562,21.110000610351562,6286,0.0,0.0,APPN,5m
2026-04-09 13:30:00-04:00,21.100000381469727,21.100000381469727,21.024999618530273,21.024999618530273,3607,0.0,0.0,APPN,5m
2026-04-09 13:35:00-04:00,21.010000228881836,21.06999969482422,21.0,21.040000915527344,12199,0.0,0.0,APPN,5m
2026-04-09 13:40:00-04:00,21.049999237060547,21.059999465942383,21.020000457763672,21.040000915527344,4016,0.0,0.0,APPN,5m
2026-04-09 13:45:00-04:00,21.014999389648438,21.030000686645508,21.0,21.030000686645508,4839,0.0,0.0,APPN,5m
2026-04-09 13:50:00-04:00,21.030000686645508,21.06999969482422,21.030000686645508,21.06999969482422,2648,0.0,0.0,APPN,5m
2026-04-09 13:55:00-04:00,21.059999465942383,21.059999465942383,21.014999389648438,21.020000457763672,6391,0.0,0.0,APPN,5m
2026-04-09 14:00:00-04:00,21.020000457763672,21.049999237060547,21.0,21.020000457763672,3127,0.0,0.0,APPN,5m
2026-04-09 14:05:00-04:00,21.0,21.0,20.950000762939453,20.969999313354492,21207,0.0,0.0,APPN,5m
2026-04-09 14:10:00-04:00,20.96500015258789,20.96500015258789,20.850000381469727,20.93000030517578,16573,0.0,0.0,APPN,5m
2026-04-09 14:15:00-04:00,20.934999465942383,20.93630027770996,20.864700317382812,20.864700317382812,8228,0.0,0.0,APPN,5m
2026-04-09 14:20:00-04:00,20.8799991607666,20.940000534057617,20.8799991607666,20.905000686645508,7292,0.0,0.0,APPN,5m
2026-04-09 14:25:00-04:00,20.93000030517578,21.010000228881836,20.93000030517578,20.985000610351562,4734,0.0,0.0,APPN,5m
2026-04-09 14:30:00-04:00,20.985000610351562,21.030000686645508,20.969999313354492,21.030000686645508,5958,0.0,0.0,APPN,5m
2026-04-09 14:35:00-04:00,21.020000457763672,21.059999465942383,21.0,21.059999465942383,5750,0.0,0.0,APPN,5m
2026-04-09 14:40:00-04:00,21.049999237060547,21.065000534057617,21.040000915527344,21.05500030517578,2173,0.0,0.0,APPN,5m
2026-04-09 14:45:00-04:00,21.040000915527344,21.059999465942383,21.040000915527344,21.05500030517578,6537,0.0,0.0,APPN,5m
2026-04-09 14:50:00-04:00,21.05500030517578,21.084999084472656,21.05500030517578,21.06999969482422,4802,0.0,0.0,APPN,5m
2026-04-09 14:55:00-04:00,21.09000015258789,21.145000457763672,21.075000762939453,21.1299991607666,11558,0.0,0.0,APPN,5m
2026-04-09 15:00:00-04:00,21.1299991607666,21.1299991607666,21.11750030517578,21.1200008392334,3788,0.0,0.0,APPN,5m
2026-04-09 15:05:00-04:00,21.110000610351562,21.15999984741211,21.079999923706055,21.155000686645508,12563,0.0,0.0,APPN,5m
2026-04-09 15:10:00-04:00,21.155000686645508,21.229999542236328,21.155000686645508,21.219999313354492,5281,0.0,0.0,APPN,5m
2026-04-09 15:15:00-04:00,21.25,21.280000686645508,21.239999771118164,21.280000686645508,6850,0.0,0.0,APPN,5m
2026-04-09 15:20:00-04:00,21.280000686645508,21.280000686645508,21.149999618530273,21.190000534057617,8503,0.0,0.0,APPN,5m
2026-04-09 15:25:00-04:00,21.174999237060547,21.18000030517578,21.149999618530273,21.18000030517578,9791,0.0,0.0,APPN,5m
2026-04-09 15:30:00-04:00,21.18000030517578,21.190000534057617,21.110000610351562,21.170000076293945,18553,0.0,0.0,APPN,5m
2026-04-09 15:35:00-04:00,21.15999984741211,21.170000076293945,21.059999465942383,21.059999465942383,13996,0.0,0.0,APPN,5m
2026-04-09 15:40:00-04:00,21.040000915527344,21.09000015258789,20.969999313354492,21.09000015258789,15350,0.0,0.0,APPN,5m
2026-04-09 15:45:00-04:00,21.059999465942383,21.179899215698242,21.059999465942383,21.179899215698242,17585,0.0,0.0,APPN,5m
2026-04-09 15:50:00-04:00,21.139999389648438,21.270000457763672,21.139999389648438,21.260000228881836,25926,0.0,0.0,APPN,5m
2026-04-09 15:55:00-04:00,21.2549991607666,21.34000015258789,21.25,21.34000015258789,62857,0.0,0.0,APPN,5m
2026-04-10 09:30:00-04:00,20.950000762939453,21.05500030517578,20.829999923706055,20.8700008392334,17252,0.0,0.0,APPN,5m
2026-04-10 09:35:00-04:00,20.860000610351562,20.860000610351562,20.40999984741211,20.690000534057617,30053,0.0,0.0,APPN,5m
2026-04-10 09:40:00-04:00,20.709999084472656,20.75,20.549999237060547,20.579999923706055,18128,0.0,0.0,APPN,5m
2026-04-10 09:45:00-04:00,20.610000610351562,20.6200008392334,20.329999923706055,20.350000381469727,11722,0.0,0.0,APPN,5m
2026-04-10 09:50:00-04:00,20.309999465942383,20.450000762939453,20.200000762939453,20.420000076293945,11252,0.0,0.0,APPN,5m
2026-04-10 09:55:00-04:00,20.459999084472656,20.579999923706055,20.389999389648438,20.559999465942383,15862,0.0,0.0,APPN,5m
2026-04-10 10:00:00-04:00,20.510000228881836,20.549999237060547,20.309999465942383,20.3799991607666,13095,0.0,0.0,APPN,5m
2026-04-10 10:05:00-04:00,20.360000610351562,20.395000457763672,20.219999313354492,20.239999771118164,10128,0.0,0.0,APPN,5m
2026-04-10 10:10:00-04:00,20.274999618530273,20.3700008392334,20.190000534057617,20.3700008392334,13370,0.0,0.0,APPN,5m
2026-04-10 10:15:00-04:00,20.360000610351562,20.389999389648438,20.31999969482422,20.350000381469727,10261,0.0,0.0,APPN,5m
2026-04-10 10:20:00-04:00,20.350000381469727,20.360000610351562,20.290000915527344,20.329999923706055,6973,0.0,0.0,APPN,5m
2026-04-10 10:25:00-04:00,20.334999084472656,20.349899291992188,20.260000228881836,20.270000457763672,14968,0.0,0.0,APPN,5m
2026-04-10 10:30:00-04:00,20.25,20.34000015258789,20.209999084472656,20.25,12073,0.0,0.0,APPN,5m
2026-04-10 10:35:00-04:00,20.260000228881836,20.3700008392334,20.260000228881836,20.329999923706055,10929,0.0,0.0,APPN,5m
2026-04-10 10:40:00-04:00,20.31999969482422,20.350000381469727,20.239999771118164,20.260000228881836,17514,0.0,0.0,APPN,5m
2026-04-10 10:45:00-04:00,20.2549991607666,20.519899368286133,20.2549991607666,20.39299964904785,70842,0.0,0.0,APPN,5m
2026-04-10 10:50:00-04:00,20.3700008392334,20.420000076293945,20.3700008392334,20.3700008392334,6394,0.0,0.0,APPN,5m
2026-04-10 10:55:00-04:00,20.34000015258789,20.399999618530273,20.329999923706055,20.350000381469727,4761,0.0,0.0,APPN,5m
2026-04-10 11:00:00-04:00,20.375,20.40999984741211,20.344999313354492,20.344999313354492,8284,0.0,0.0,APPN,5m
2026-04-10 11:05:00-04:00,20.31999969482422,20.395000457763672,20.31999969482422,20.395000457763672,4193,0.0,0.0,APPN,5m
2026-04-10 11:10:00-04:00,20.3799991607666,20.43000030517578,20.3700008392334,20.420000076293945,12265,0.0,0.0,APPN,5m
2026-04-10 11:15:00-04:00,20.40999984741211,20.420000076293945,20.270000457763672,20.270000457763672,11009,0.0,0.0,APPN,5m
2026-04-10 11:20:00-04:00,20.299999237060547,20.329999923706055,20.239999771118164,20.325000762939453,8091,0.0,0.0,APPN,5m
2026-04-10 11:25:00-04:00,20.31999969482422,20.33989906311035,20.260000228881836,20.260000228881836,3400,0.0,0.0,APPN,5m
2026-04-10 11:30:00-04:00,20.260000228881836,20.260000228881836,20.18000030517578,20.229999542236328,15307,0.0,0.0,APPN,5m
2026-04-10 11:35:00-04:00,20.260000228881836,20.260000228881836,20.18000030517578,20.18000030517578,2933,0.0,0.0,APPN,5m
2026-04-10 11:40:00-04:00,20.209999084472656,20.219999313354492,20.149999618530273,20.170000076293945,8991,0.0,0.0,APPN,5m
2026-04-10 11:45:00-04:00,20.155000686645508,20.231199264526367,20.149999618530273,20.229999542236328,15216,0.0,0.0,APPN,5m
2026-04-10 11:50:00-04:00,20.239999771118164,20.34000015258789,20.229999542236328,20.34000015258789,5217,0.0,0.0,APPN,5m
2026-04-10 11:55:00-04:00,20.329999923706055,20.405000686645508,20.309999465942383,20.3799991607666,6887,0.0,0.0,APPN,5m
2026-04-10 12:00:00-04:00,20.385000228881836,20.39550018310547,20.34000015258789,20.39550018310547,6810,0.0,0.0,APPN,5m
2026-04-10 12:05:00-04:00,20.40999984741211,20.440000534057617,20.399999618530273,20.411699295043945,3586,0.0,0.0,APPN,5m
2026-04-10 12:10:00-04:00,20.434999465942383,20.434999465942383,20.399999618530273,20.399999618530273,4065,0.0,0.0,APPN,5m
2026-04-10 12:15:00-04:00,20.419200897216797,20.450000762939453,20.419200897216797,20.44499969482422,3794,0.0,0.0,APPN,5m
2026-04-10 12:20:00-04:00,20.43000030517578,20.43000030517578,20.350000381469727,20.350000381469727,11537,0.0,0.0,APPN,5m
2026-04-10 12:25:00-04:00,20.360000610351562,20.385000228881836,20.34119987487793,20.385000228881836,3080,0.0,0.0,APPN,5m
2026-04-10 12:30:00-04:00,20.389999389648438,20.389999389648438,20.371400833129883,20.389999389648438,1114,0.0,0.0,APPN,5m
2026-04-10 12:35:00-04:00,20.385000228881836,20.385000228881836,20.35140037536621,20.35140037536621,3488,0.0,0.0,APPN,5m
2026-04-10 12:40:00-04:00,20.350000381469727,20.354999542236328,20.309999465942383,20.309999465942383,6846,0.0,0.0,APPN,5m
2026-04-10 12:45:00-04:00,20.299999237060547,20.31439971923828,20.270000457763672,20.270000457763672,2045,0.0,0.0,APPN,5m
2026-04-10 12:50:00-04:00,20.280000686645508,20.290000915527344,20.264999389648438,20.264999389648438,5143,0.0,0.0,APPN,5m
2026-04-10 12:55:00-04:00,20.280000686645508,20.309999465942383,20.261699676513672,20.290000915527344,2379,0.0,0.0,APPN,5m
2026-04-10 13:00:00-04:00,20.270000457763672,20.299999237060547,20.270000457763672,20.299999237060547,2886,0.0,0.0,APPN,5m
2026-04-10 13:05:00-04:00,20.260000228881836,20.299999237060547,20.260000228881836,20.299999237060547,13106,0.0,0.0,APPN,5m
2026-04-10 13:10:00-04:00,20.290000915527344,20.290000915527344,20.290000915527344,20.290000915527344,779,0.0,0.0,APPN,5m
2026-04-10 13:15:00-04:00,20.295000076293945,20.31719970703125,20.260000228881836,20.270000457763672,8573,0.0,0.0,APPN,5m
2026-04-10 13:20:00-04:00,20.280000686645508,20.280000686645508,20.280000686645508,20.280000686645508,1006,0.0,0.0,APPN,5m
2026-04-10 13:25:00-04:00,20.2549991607666,20.2549991607666,20.25,20.25,2796,0.0,0.0,APPN,5m
2026-04-10 13:30:00-04:00,20.239999771118164,20.299999237060547,20.209999084472656,20.299999237060547,5819,0.0,0.0,APPN,5m
2026-04-10 13:35:00-04:00,20.290000915527344,20.299999237060547,20.28499984741211,20.299999237060547,3459,0.0,0.0,APPN,5m
2026-04-10 13:40:00-04:00,20.299999237060547,20.299999237060547,20.280000686645508,20.290000915527344,4493,0.0,0.0,APPN,5m
2026-04-10 13:45:00-04:00,20.28499984741211,20.290000915527344,20.260000228881836,20.260000228881836,4479,0.0,0.0,APPN,5m
2026-04-10 13:50:00-04:00,20.239999771118164,20.239999771118164,20.171199798583984,20.184999465942383,5279,0.0,0.0,APPN,5m
2026-04-10 13:55:00-04:00,20.184999465942383,20.239999771118164,20.170000076293945,20.209999084472656,24467,0.0,0.0,APPN,5m
2026-04-10 14:00:00-04:00,20.190000534057617,20.200000762939453,20.094999313354492,20.094999313354492,10324,0.0,0.0,APPN,5m
2026-04-10 14:05:00-04:00,20.06999969482422,20.079999923706055,20.049999237060547,20.059999465942383,8045,0.0,0.0,APPN,5m
2026-04-10 14:10:00-04:00,20.079999923706055,20.079999923706055,20.059999465942383,20.059999465942383,7135,0.0,0.0,APPN,5m
2026-04-10 14:15:00-04:00,20.065000534057617,20.070199966430664,20.05500030517578,20.059999465942383,7079,0.0,0.0,APPN,5m
2026-04-10 14:20:00-04:00,20.065000534057617,20.065000534057617,20.030000686645508,20.049999237060547,12742,0.0,0.0,APPN,5m
2026-04-10 14:25:00-04:00,20.045000076293945,20.049999237060547,19.969999313354492,19.979999542236328,18562,0.0,0.0,APPN,5m
2026-04-10 14:30:00-04:00,19.979999542236328,19.989999771118164,19.920000076293945,19.920000076293945,11987,0.0,0.0,APPN,5m
2026-04-10 14:35:00-04:00,19.92009925842285,19.979999542236328,19.889999389648438,19.960100173950195,26395,0.0,0.0,APPN,5m
2026-04-10 14:40:00-04:00,19.976299285888672,19.979999542236328,19.93000030517578,19.979999542236328,15371,0.0,0.0,APPN,5m
2026-04-10 14:45:00-04:00,19.975000381469727,19.975000381469727,19.940000534057617,19.94499969482422,4983,0.0,0.0,APPN,5m
2026-04-10 14:50:00-04:00,19.94499969482422,20.114999771118164,19.94499969482422,20.114999771118164,30412,0.0,0.0,APPN,5m
2026-04-10 14:55:00-04:00,20.128299713134766,20.139999389648438,20.094999313354492,20.104999542236328,12239,0.0,0.0,APPN,5m
2026-04-10 15:00:00-04:00,20.094999313354492,20.219999313354492,20.094999313354492,20.209999084472656,9649,0.0,0.0,APPN,5m
2026-04-10 15:05:00-04:00,20.209999084472656,20.260000228881836,20.190000534057617,20.260000228881836,10960,0.0,0.0,APPN,5m
2026-04-10 15:10:00-04:00,20.2549991607666,20.28499984741211,20.219999313354492,20.219999313354492,25469,0.0,0.0,APPN,5m
2026-04-10 15:15:00-04:00,20.200000762939453,20.200000762939453,20.170000076293945,20.18000030517578,5734,0.0,0.0,APPN,5m
2026-04-10 15:20:00-04:00,20.170000076293945,20.170000076293945,20.1200008392334,20.139999389648438,13474,0.0,0.0,APPN,5m
2026-04-10 15:25:00-04:00,20.139999389648438,20.174999237060547,20.1299991607666,20.174999237060547,5380,0.0,0.0,APPN,5m
2026-04-10 15:30:00-04:00,20.174999237060547,20.225000381469727,20.15999984741211,20.15999984741211,18523,0.0,0.0,APPN,5m
2026-04-10 15:35:00-04:00,20.100000381469727,20.110000610351562,20.0,20.0,11368,0.0,0.0,APPN,5m
2026-04-10 15:40:00-04:00,19.9950008392334,20.045000076293945,19.940000534057617,20.040000915527344,24471,0.0,0.0,APPN,5m
2026-04-10 15:45:00-04:00,20.045000076293945,20.170000076293945,20.045000076293945,20.170000076293945,16051,0.0,0.0,APPN,5m
2026-04-10 15:50:00-04:00,20.170000076293945,20.170000076293945,20.040000915527344,20.045000076293945,53685,0.0,0.0,APPN,5m
2026-04-10 15:55:00-04:00,20.040000915527344,20.290000915527344,20.020000457763672,20.219999313354492,145673,0.0,0.0,APPN,5m
2026-04-13 09:30:00-04:00,20.170000076293945,20.280000686645508,20.170000076293945,20.280000686645508,17106,0.0,0.0,APPN,5m
2026-04-13 09:35:00-04:00,20.18000030517578,20.264999389648438,20.18000030517578,20.264999389648438,4326,0.0,0.0,APPN,5m
2026-04-13 09:40:00-04:00,20.229999542236328,20.229999542236328,20.049999237060547,20.179899215698242,3721,0.0,0.0,APPN,5m
2026-04-13 09:45:00-04:00,20.104999542236328,20.420000076293945,20.059999465942383,20.420000076293945,8508,0.0,0.0,APPN,5m
2026-04-13 09:50:00-04:00,20.3700008392334,20.450000762939453,20.114999771118164,20.114999771118164,4304,0.0,0.0,APPN,5m
2026-04-13 09:55:00-04:00,20.225000381469727,20.329999923706055,20.219999313354492,20.25,5728,0.0,0.0,APPN,5m
2026-04-13 10:00:00-04:00,20.420000076293945,20.469999313354492,20.334999084472656,20.44499969482422,8956,0.0,0.0,APPN,5m
2026-04-13 10:05:00-04:00,20.479999542236328,20.514999389648438,20.420000076293945,20.420000076293945,4264,0.0,0.0,APPN,5m
2026-04-13 10:10:00-04:00,20.459999084472656,20.604999542236328,20.459999084472656,20.510000228881836,115576,0.0,0.0,APPN,5m
2026-04-13 10:15:00-04:00,20.530000686645508,20.53499984741211,20.3799991607666,20.399999618530273,78499,0.0,0.0,APPN,5m
2026-04-13 10:20:00-04:00,20.334999084472656,20.479999542236328,20.329999923706055,20.434999465942383,107631,0.0,0.0,APPN,5m
2026-04-13 10:25:00-04:00,20.479999542236328,20.559999465942383,20.475000381469727,20.530000686645508,112886,0.0,0.0,APPN,5m
2026-04-13 10:30:00-04:00,20.549999237060547,20.600000381469727,20.524999618530273,20.56999969482422,12483,0.0,0.0,APPN,5m
2026-04-13 10:35:00-04:00,20.55500030517578,20.55500030517578,20.450000762939453,20.459999084472656,11356,0.0,0.0,APPN,5m
2026-04-13 10:40:00-04:00,20.46500015258789,20.5,20.44499969482422,20.450000762939453,7504,0.0,0.0,APPN,5m
2026-04-13 10:45:00-04:00,20.43000030517578,20.510000228881836,20.43000030517578,20.450000762939453,10190,0.0,0.0,APPN,5m
2026-04-13 10:50:00-04:00,20.450000762939453,20.4950008392334,20.450000762939453,20.4950008392334,5745,0.0,0.0,APPN,5m
2026-04-13 10:55:00-04:00,20.520000457763672,20.594999313354492,20.520000457763672,20.59000015258789,7276,0.0,0.0,APPN,5m
2026-04-13 11:00:00-04:00,20.59000015258789,20.610000610351562,20.520000457763672,20.540000915527344,10925,0.0,0.0,APPN,5m
2026-04-13 11:05:00-04:00,20.549999237060547,20.549999237060547,20.510000228881836,20.520000457763672,6274,0.0,0.0,APPN,5m
2026-04-13 11:10:00-04:00,20.520000457763672,20.549999237060547,20.510000228881836,20.510000228881836,3988,0.0,0.0,APPN,5m
2026-04-13 11:15:00-04:00,20.510000228881836,20.540000915527344,20.510000228881836,20.540000915527344,5466,0.0,0.0,APPN,5m
2026-04-13 11:20:00-04:00,20.545000076293945,20.600000381469727,20.545000076293945,20.559999465942383,4774,0.0,0.0,APPN,5m
2026-04-13 11:25:00-04:00,20.540000915527344,20.600000381469727,20.540000915527344,20.600000381469727,4404,0.0,0.0,APPN,5m
2026-04-13 11:30:00-04:00,20.610000610351562,20.670000076293945,20.600000381469727,20.65999984741211,10335,0.0,0.0,APPN,5m
2026-04-13 11:35:00-04:00,20.650100708007812,20.780000686645508,20.6299991607666,20.780000686645508,5841,0.0,0.0,APPN,5m
2026-04-13 11:40:00-04:00,20.760000228881836,20.80500030517578,20.709999084472656,20.709999084472656,15075,0.0,0.0,APPN,5m
2026-04-13 11:45:00-04:00,20.729999542236328,20.75,20.719999313354492,20.739999771118164,5958,0.0,0.0,APPN,5m
2026-04-13 11:50:00-04:00,20.75,20.844999313354492,20.75,20.760000228881836,7792,0.0,0.0,APPN,5m
2026-04-13 11:55:00-04:00,20.774999618530273,20.799999237060547,20.774999618530273,20.795000076293945,3493,0.0,0.0,APPN,5m
2026-04-13 12:00:00-04:00,20.799999237060547,20.81999969482422,20.780000686645508,20.780000686645508,5840,0.0,0.0,APPN,5m
2026-04-13 12:05:00-04:00,20.790000915527344,20.860000610351562,20.790000915527344,20.790000915527344,5807,0.0,0.0,APPN,5m
2026-04-13 12:10:00-04:00,20.80500030517578,20.81999969482422,20.770000457763672,20.780000686645508,9527,0.0,0.0,APPN,5m
2026-04-13 12:15:00-04:00,20.780000686645508,20.850000381469727,20.770000457763672,20.850000381469727,5102,0.0,0.0,APPN,5m
2026-04-13 12:20:00-04:00,20.84000015258789,20.93000030517578,20.834999084472656,20.93000030517578,8233,0.0,0.0,APPN,5m
2026-04-13 12:25:00-04:00,20.885000228881836,21.100000381469727,20.84000015258789,21.0,11226,0.0,0.0,APPN,5m
2026-04-13 12:30:00-04:00,21.010000228881836,21.079999923706055,21.0,21.049999237060547,6720,0.0,0.0,APPN,5m
2026-04-13 12:35:00-04:00,21.040000915527344,21.040000915527344,21.030000686645508,21.040000915527344,1884,0.0,0.0,APPN,5m
2026-04-13 12:40:00-04:00,21.020000457763672,21.045000076293945,21.014999389648438,21.030000686645508,12662,0.0,0.0,APPN,5m
2026-04-13 12:45:00-04:00,21.020000457763672,21.030000686645508,21.010000228881836,21.030000686645508,3683,0.0,0.0,APPN,5m
2026-04-13 12:50:00-04:00,21.030000686645508,21.059999465942383,21.024999618530273,21.045000076293945,4496,0.0,0.0,APPN,5m
2026-04-13 12:55:00-04:00,21.049999237060547,21.079999923706055,21.030000686645508,21.065000534057617,7315,0.0,0.0,APPN,5m
2026-04-13 13:00:00-04:00,21.049999237060547,21.09000015258789,21.040000915527344,21.06999969482422,5370,0.0,0.0,APPN,5m
2026-04-13 13:05:00-04:00,21.09000015258789,21.145000457763672,21.09000015258789,21.100000381469727,5294,0.0,0.0,APPN,5m
2026-04-13 13:10:00-04:00,21.094999313354492,21.139999389648438,20.975000381469727,21.024999618530273,9183,0.0,0.0,APPN,5m
2026-04-13 13:15:00-04:00,21.024999618530273,21.059999465942383,21.010000228881836,21.05430030822754,6734,0.0,0.0,APPN,5m
2026-04-13 13:20:00-04:00,21.06999969482422,21.09000015258789,21.06999969482422,21.09000015258789,2442,0.0,0.0,APPN,5m
2026-04-13 13:25:00-04:00,21.06999969482422,21.09000015258789,21.030000686645508,21.09000015258789,6887,0.0,0.0,APPN,5m
2026-04-13 13:30:00-04:00,21.110000610351562,21.1200008392334,21.110000610351562,21.1200008392334,2945,0.0,0.0,APPN,5m
2026-04-13 13:35:00-04:00,21.079999923706055,21.100000381469727,21.075000762939453,21.079999923706055,7214,0.0,0.0,APPN,5m
2026-04-13 13:40:00-04:00,21.09000015258789,21.09000015258789,21.040000915527344,21.05500030517578,13971,0.0,0.0,APPN,5m
2026-04-13 13:45:00-04:00,21.030000686645508,21.05500030517578,21.020000457763672,21.05500030517578,5289,0.0,0.0,APPN,5m
2026-04-13 13:50:00-04:00,21.049999237060547,21.079999923706055,21.049999237060547,21.06999969482422,4645,0.0,0.0,APPN,5m
2026-04-13 13:55:00-04:00,21.059999465942383,21.079999923706055,21.049999237060547,21.079999923706055,4243,0.0,0.0,APPN,5m
2026-04-13 14:00:00-04:00,21.06999969482422,21.1200008392334,21.020000457763672,21.09000015258789,11902,0.0,0.0,APPN,5m
2026-04-13 14:05:00-04:00,21.239999771118164,21.25,21.219999313354492,21.2450008392334,4889,0.0,0.0,APPN,5m
2026-04-13 14:10:00-04:00,21.2450008392334,21.2450008392334,21.219999313354492,21.219999313354492,3419,0.0,0.0,APPN,5m
2026-04-13 14:15:00-04:00,21.219999313354492,21.2450008392334,21.209999084472656,21.2450008392334,10242,0.0,0.0,APPN,5m
2026-04-13 14:20:00-04:00,21.2450008392334,21.260000228881836,21.229999542236328,21.2450008392334,4326,0.0,0.0,APPN,5m
2026-04-13 14:25:00-04:00,21.229999542236328,21.229999542236328,21.200000762939453,21.229999542236328,6611,0.0,0.0,APPN,5m
2026-04-13 14:30:00-04:00,21.209999084472656,21.280000686645508,21.209999084472656,21.260000228881836,10638,0.0,0.0,APPN,5m
2026-04-13 14:35:00-04:00,21.260000228881836,21.270000457763672,21.260000228881836,21.260000228881836,6149,0.0,0.0,APPN,5m
2026-04-13 14:40:00-04:00,21.280000686645508,21.290000915527344,21.280000686645508,21.28499984741211,6500,0.0,0.0,APPN,5m
2026-04-13 14:45:00-04:00,21.309999465942383,21.309999465942383,21.2549991607666,21.2549991607666,6493,0.0,0.0,APPN,5m
2026-04-13 14:50:00-04:00,21.2549991607666,21.270000457763672,21.2549991607666,21.270000457763672,6224,0.0,0.0,APPN,5m
2026-04-13 14:55:00-04:00,21.280000686645508,21.280000686645508,21.219999313354492,21.25,10090,0.0,0.0,APPN,5m
2026-04-13 15:00:00-04:00,21.2549991607666,21.2549991607666,21.170000076293945,21.170000076293945,9098,0.0,0.0,APPN,5m
2026-04-13 15:05:00-04:00,21.190000534057617,21.309999465942383,21.184999465942383,21.309999465942383,13639,0.0,0.0,APPN,5m
2026-04-13 15:10:00-04:00,21.31999969482422,21.31999969482422,21.25,21.295000076293945,10708,0.0,0.0,APPN,5m
2026-04-13 15:15:00-04:00,21.280000686645508,21.31999969482422,21.100000381469727,21.125,33677,0.0,0.0,APPN,5m
2026-04-13 15:20:00-04:00,21.100000381469727,21.209999084472656,21.100000381469727,21.209999084472656,21021,0.0,0.0,APPN,5m
2026-04-13 15:25:00-04:00,21.209999084472656,21.334999084472656,21.170000076293945,21.31999969482422,33415,0.0,0.0,APPN,5m
2026-04-13 15:30:00-04:00,21.309999465942383,21.34000015258789,21.290000915527344,21.290000915527344,21163,0.0,0.0,APPN,5m
2026-04-13 15:35:00-04:00,21.28499984741211,21.350000381469727,21.280000686645508,21.329999923706055,18333,0.0,0.0,APPN,5m
2026-04-13 15:40:00-04:00,21.325000762939453,21.325000762939453,21.260000228881836,21.260000228881836,21852,0.0,0.0,APPN,5m
2026-04-13 15:45:00-04:00,21.270000457763672,21.315000534057617,21.270000457763672,21.309999465942383,21226,0.0,0.0,APPN,5m
2026-04-13 15:50:00-04:00,21.299999237060547,21.31999969482422,21.260000228881836,21.290000915527344,41784,0.0,0.0,APPN,5m
2026-04-13 15:55:00-04:00,21.25,21.299999237060547,21.170000076293945,21.190000534057617,133677,0.0,0.0,APPN,5m
2026-04-14 09:30:00-04:00,21.360000610351562,21.540000915527344,21.360000610351562,21.540000915527344,16082,0.0,0.0,APPN,5m
2026-04-14 09:35:00-04:00,21.5,21.709999084472656,21.5,21.665000915527344,6865,0.0,0.0,APPN,5m
2026-04-14 09:40:00-04:00,21.65999984741211,21.69499969482422,21.5,21.5,11469,0.0,0.0,APPN,5m
2026-04-14 09:45:00-04:00,21.479999542236328,21.510000228881836,21.309999465942383,21.350000381469727,19706,0.0,0.0,APPN,5m
2026-04-14 09:50:00-04:00,21.274999618530273,21.290000915527344,21.125,21.19499969482422,4639,0.0,0.0,APPN,5m
2026-04-14 09:55:00-04:00,21.200000762939453,21.270000457763672,21.100099563598633,21.182899475097656,12218,0.0,0.0,APPN,5m
2026-04-14 10:00:00-04:00,21.190000534057617,21.229999542236328,21.18000030517578,21.190000534057617,4269,0.0,0.0,APPN,5m
2026-04-14 10:05:00-04:00,21.149999618530273,21.31999969482422,21.118099212646484,21.31999969482422,3900,0.0,0.0,APPN,5m
2026-04-14 10:10:00-04:00,21.344999313354492,21.354999542236328,21.344999313354492,21.354999542236328,4344,0.0,0.0,APPN,5m
2026-04-14 10:15:00-04:00,21.350000381469727,21.354999542236328,21.139999389648438,21.2549991607666,40324,0.0,0.0,APPN,5m
2026-04-14 10:20:00-04:00,21.280000686645508,21.31999969482422,21.149999618530273,21.170000076293945,16407,0.0,0.0,APPN,5m
2026-04-14 10:25:00-04:00,21.170000076293945,21.184999465942383,21.15999984741211,21.15999984741211,7709,0.0,0.0,APPN,5m
2026-04-14 10:30:00-04:00,21.15999984741211,21.18000030517578,21.1299991607666,21.149999618530273,5480,0.0,0.0,APPN,5m
2026-04-14 10:35:00-04:00,21.139999389648438,21.174999237060547,21.139999389648438,21.139999389648438,3488,0.0,0.0,APPN,5m
2026-04-14 10:40:00-04:00,21.139999389648438,21.139999389648438,21.020000457763672,21.020000457763672,10425,0.0,0.0,APPN,5m
2026-04-14 10:45:00-04:00,21.014999389648438,21.014999389648438,20.959999084472656,20.959999084472656,5361,0.0,0.0,APPN,5m
2026-04-14 10:50:00-04:00,20.969999313354492,20.969999313354492,20.780000686645508,20.8799991607666,10198,0.0,0.0,APPN,5m
2026-04-14 10:55:00-04:00,20.84000015258789,20.860000610351562,20.760000228881836,20.780000686645508,7706,0.0,0.0,APPN,5m
2026-04-14 11:00:00-04:00,20.760000228881836,20.790000915527344,20.639999389648438,20.774999618530273,25879,0.0,0.0,APPN,5m
2026-04-14 11:05:00-04:00,20.799999237060547,20.8799991607666,20.790000915527344,20.850000381469727,14622,0.0,0.0,APPN,5m
2026-04-14 11:10:00-04:00,20.850000381469727,20.854999542236328,20.729999542236328,20.7549991607666,14729,0.0,0.0,APPN,5m
2026-04-14 11:15:00-04:00,20.75,20.760000228881836,20.709999084472656,20.760000228881836,12535,0.0,0.0,APPN,5m
2026-04-14 11:20:00-04:00,20.780000686645508,20.790000915527344,20.68000030517578,20.68000030517578,10240,0.0,0.0,APPN,5m
2026-04-14 11:25:00-04:00,20.68000030517578,20.770000457763672,20.68000030517578,20.770000457763672,9916,0.0,0.0,APPN,5m
2026-04-14 11:30:00-04:00,20.764999389648438,20.790000915527344,20.729999542236328,20.760000228881836,8394,0.0,0.0,APPN,5m
2026-04-14 11:35:00-04:00,20.739999771118164,20.790000915527344,20.729999542236328,20.770000457763672,6324,0.0,0.0,APPN,5m
2026-04-14 11:40:00-04:00,20.780000686645508,20.799999237060547,20.760000228881836,20.795000076293945,6236,0.0,0.0,APPN,5m
2026-04-14 11:45:00-04:00,20.809999465942383,20.899999618530273,20.809999465942383,20.899999618530273,9848,0.0,0.0,APPN,5m
2026-04-14 11:50:00-04:00,20.895000457763672,20.895000457763672,20.850000381469727,20.860000610351562,5050,0.0,0.0,APPN,5m
2026-04-14 11:55:00-04:00,20.860000610351562,20.8700008392334,20.850000381469727,20.860000610351562,4571,0.0,0.0,APPN,5m
2026-04-14 12:00:00-04:00,20.850000381469727,20.860000610351562,20.829999923706055,20.860000610351562,9582,0.0,0.0,APPN,5m
2026-04-14 12:05:00-04:00,20.850000381469727,20.899999618530273,20.84000015258789,20.889999389648438,6054,0.0,0.0,APPN,5m
2026-04-14 12:10:00-04:00,20.889999389648438,20.954999923706055,20.8700008392334,20.954999923706055,10976,0.0,0.0,APPN,5m
2026-04-14 12:15:00-04:00,20.950000762939453,20.950000762939453,20.8700008392334,20.8700008392334,6977,0.0,0.0,APPN,5m
2026-04-14 12:20:00-04:00,20.8799991607666,20.920000076293945,20.8700008392334,20.920000076293945,5943,0.0,0.0,APPN,5m
2026-04-14 12:25:00-04:00,20.920000076293945,20.94499969482422,20.90999984741211,20.93000030517578,29047,0.0,0.0,APPN,5m
2026-04-14 12:30:00-04:00,20.925899505615234,20.925899505615234,20.8799991607666,20.8799991607666,4227,0.0,0.0,APPN,5m
2026-04-14 12:35:00-04:00,20.899999618530273,20.899999618530273,20.81999969482422,20.81999969482422,7293,0.0,0.0,APPN,5m
2026-04-14 12:40:00-04:00,20.84000015258789,20.84000015258789,20.790000915527344,20.799999237060547,7991,0.0,0.0,APPN,5m
2026-04-14 12:45:00-04:00,20.81999969482422,20.84000015258789,20.799999237060547,20.84000015258789,5639,0.0,0.0,APPN,5m
2026-04-14 12:50:00-04:00,20.84000015258789,20.84000015258789,20.809999465942383,20.809999465942383,9544,0.0,0.0,APPN,5m
2026-04-14 12:55:00-04:00,20.84000015258789,20.850000381469727,20.84000015258789,20.844999313354492,7009,0.0,0.0,APPN,5m
2026-04-14 13:00:00-04:00,20.829999923706055,20.8887996673584,20.829999923706055,20.860000610351562,9489,0.0,0.0,APPN,5m
2026-04-14 13:05:00-04:00,20.8700008392334,20.924999237060547,20.850000381469727,20.920000076293945,17288,0.0,0.0,APPN,5m
2026-04-14 13:10:00-04:00,20.920000076293945,20.920000076293945,20.860000610351562,20.90999984741211,7174,0.0,0.0,APPN,5m
2026-04-14 13:15:00-04:00,20.93000030517578,21.049999237060547,20.920000076293945,21.045000076293945,10675,0.0,0.0,APPN,5m
2026-04-14 13:20:00-04:00,21.065000534057617,21.065000534057617,21.010000228881836,21.040000915527344,5447,0.0,0.0,APPN,5m
2026-04-14 13:25:00-04:00,21.030000686645508,21.049999237060547,21.030000686645508,21.049999237060547,2496,0.0,0.0,APPN,5m
2026-04-14 13:30:00-04:00,21.049999237060547,21.06049919128418,21.045000076293945,21.045000076293945,5268,0.0,0.0,APPN,5m
2026-04-14 13:35:00-04:00,21.059999465942383,21.079999923706055,21.010000228881836,21.010000228881836,8007,0.0,0.0,APPN,5m
2026-04-14 13:40:00-04:00,21.014999389648438,21.030000686645508,20.989999771118164,20.989999771118164,4915,0.0,0.0,APPN,5m
2026-04-14 13:45:00-04:00,20.989999771118164,20.989999771118164,20.93000030517578,20.93000030517578,6702,0.0,0.0,APPN,5m
2026-04-14 13:50:00-04:00,20.940000534057617,20.940000534057617,20.920000076293945,20.920000076293945,1084,0.0,0.0,APPN,5m
2026-04-14 13:55:00-04:00,20.920000076293945,20.920000076293945,20.844999313354492,20.8700008392334,6418,0.0,0.0,APPN,5m
2026-04-14 14:00:00-04:00,20.84000015258789,20.84000015258789,20.790000915527344,20.799999237060547,6282,0.0,0.0,APPN,5m
2026-04-14 14:05:00-04:00,20.770000457763672,20.780000686645508,20.690000534057617,20.690000534057617,14947,0.0,0.0,APPN,5m
2026-04-14 14:10:00-04:00,20.690000534057617,20.69499969482422,20.639999389648438,20.639999389648438,7444,0.0,0.0,APPN,5m
2026-04-14 14:15:00-04:00,20.645000457763672,20.65999984741211,20.56999969482422,20.56999969482422,4367,0.0,0.0,APPN,5m
2026-04-14 14:20:00-04:00,20.56999969482422,20.6200008392334,20.559999465942383,20.6200008392334,5524,0.0,0.0,APPN,5m
2026-04-14 14:25:00-04:00,20.6200008392334,20.690000534057617,20.6200008392334,20.690000534057617,3107,0.0,0.0,APPN,5m
2026-04-14 14:30:00-04:00,20.700000762939453,20.799999237060547,20.700000762939453,20.790000915527344,5880,0.0,0.0,APPN,5m
2026-04-14 14:35:00-04:00,20.790000915527344,20.790000915527344,20.75,20.7549991607666,4672,0.0,0.0,APPN,5m
2026-04-14 14:40:00-04:00,20.7549991607666,20.7549991607666,20.719999313354492,20.719999313354492,3106,0.0,0.0,APPN,5m
2026-04-14 14:45:00-04:00,20.709999084472656,20.709999084472656,20.690000534057617,20.700000762939453,5516,0.0,0.0,APPN,5m
2026-04-14 14:50:00-04:00,20.690000534057617,20.69499969482422,20.584999084472656,20.584999084472656,8799,0.0,0.0,APPN,5m
2026-04-14 14:55:00-04:00,20.59000015258789,20.690000534057617,20.59000015258789,20.674999237060547,16939,0.0,0.0,APPN,5m
2026-04-14 15:00:00-04:00,20.684999465942383,20.709999084472656,20.67009925842285,20.700000762939453,8848,0.0,0.0,APPN,5m
2026-04-14 15:05:00-04:00,20.69499969482422,20.69499969482422,20.69499969482422,20.69499969482422,487,0.0,0.0,APPN,5m
2026-04-14 15:10:00-04:00,20.69499969482422,20.719999313354492,20.69499969482422,20.704999923706055,10520,0.0,0.0,APPN,5m
2026-04-14 15:15:00-04:00,20.729999542236328,20.81999969482422,20.729999542236328,20.790000915527344,6428,0.0,0.0,APPN,5m
2026-04-14 15:20:00-04:00,20.770000457763672,20.828800201416016,20.770000457763672,20.828800201416016,9411,0.0,0.0,APPN,5m
2026-04-14 15:25:00-04:00,20.809999465942383,20.809999465942383,20.719999313354492,20.735000610351562,10963,0.0,0.0,APPN,5m
2026-04-14 15:30:00-04:00,20.709999084472656,20.709999084472656,20.540000915527344,20.540000915527344,20675,0.0,0.0,APPN,5m
2026-04-14 15:35:00-04:00,20.530000686645508,20.579999923706055,20.5,20.56999969482422,28514,0.0,0.0,APPN,5m
2026-04-14 15:40:00-04:00,20.575000762939453,20.639999389648438,20.559999465942383,20.639999389648438,16036,0.0,0.0,APPN,5m
2026-04-14 15:45:00-04:00,20.6299991607666,20.6299991607666,20.579999923706055,20.6200008392334,9188,0.0,0.0,APPN,5m
2026-04-14 15:50:00-04:00,20.610000610351562,20.652700424194336,20.600000381469727,20.6299991607666,23598,0.0,0.0,APPN,5m
2026-04-14 15:55:00-04:00,20.639999389648438,20.739999771118164,20.639999389648438,20.700000762939453,82468,0.0,0.0,APPN,5m
2026-04-15 09:30:00-04:00,20.920000076293945,21.125,20.809999465942383,20.905000686645508,18191,0.0,0.0,APPN,5m
2026-04-15 09:35:00-04:00,20.895000457763672,21.3799991607666,20.895000457763672,21.290000915527344,18170,0.0,0.0,APPN,5m
2026-04-15 09:40:00-04:00,21.280000686645508,21.450000762939453,21.25,21.3700008392334,6914,0.0,0.0,APPN,5m
2026-04-15 09:45:00-04:00,21.155899047851562,21.235000610351562,21.155899047851562,21.209999084472656,12084,0.0,0.0,APPN,5m
2026-04-15 09:50:00-04:00,21.229999542236328,21.34000015258789,21.210100173950195,21.25,3710,0.0,0.0,APPN,5m
2026-04-15 09:55:00-04:00,21.239999771118164,21.239999771118164,21.15999984741211,21.200000762939453,4407,0.0,0.0,APPN,5m
2026-04-15 10:00:00-04:00,21.19499969482422,21.200000762939453,21.084999084472656,21.084999084472656,2229,0.0,0.0,APPN,5m
2026-04-15 10:05:00-04:00,21.09000015258789,21.1299991607666,21.06999969482422,21.100000381469727,5105,0.0,0.0,APPN,5m
2026-04-15 10:10:00-04:00,21.1299991607666,21.139999389648438,21.084999084472656,21.1200008392334,5505,0.0,0.0,APPN,5m
2026-04-15 10:15:00-04:00,21.1200008392334,21.125,21.06999969482422,21.06999969482422,4382,0.0,0.0,APPN,5m
2026-04-15 10:20:00-04:00,21.059999465942383,21.059999465942383,21.0,21.0,5327,0.0,0.0,APPN,5m
2026-04-15 10:25:00-04:00,20.989999771118164,21.040000915527344,20.979999542236328,21.040000915527344,10699,0.0,0.0,APPN,5m
2026-04-15 10:30:00-04:00,21.075000762939453,21.075000762939453,21.040000915527344,21.040000915527344,5094,0.0,0.0,APPN,5m
2026-04-15 10:35:00-04:00,21.010000228881836,21.030000686645508,20.979999542236328,20.979999542236328,3991,0.0,0.0,APPN,5m
2026-04-15 10:40:00-04:00,20.969999313354492,20.989999771118164,20.959299087524414,20.959299087524414,3213,0.0,0.0,APPN,5m
2026-04-15 10:45:00-04:00,20.94499969482422,20.94499969482422,20.8799991607666,20.93000030517578,8135,0.0,0.0,APPN,5m
2026-04-15 10:50:00-04:00,20.979999542236328,21.014999389648438,20.979999542236328,21.010000228881836,4454,0.0,0.0,APPN,5m
2026-04-15 10:55:00-04:00,20.9950008392334,21.040000915527344,20.9950008392334,21.020000457763672,2794,0.0,0.0,APPN,5m
2026-04-15 11:00:00-04:00,21.049999237060547,21.049999237060547,20.989999771118164,21.020000457763672,5566,0.0,0.0,APPN,5m
2026-04-15 11:05:00-04:00,21.0,21.0,20.989999771118164,20.989999771118164,1060,0.0,0.0,APPN,5m
2026-04-15 11:10:00-04:00,20.975000381469727,21.170000076293945,20.975000381469727,21.147600173950195,5189,0.0,0.0,APPN,5m
2026-04-15 11:15:00-04:00,21.15999984741211,21.25,21.15999984741211,21.21500015258789,6367,0.0,0.0,APPN,5m
2026-04-15 11:20:00-04:00,21.21500015258789,21.21500015258789,21.139999389648438,21.139999389648438,3738,0.0,0.0,APPN,5m
2026-04-15 11:25:00-04:00,21.15999984741211,21.184999465942383,21.149999618530273,21.184999465942383,4365,0.0,0.0,APPN,5m
2026-04-15 11:30:00-04:00,21.200000762939453,21.229999542236328,21.200000762939453,21.200000762939453,3554,0.0,0.0,APPN,5m
2026-04-15 11:35:00-04:00,21.149999618530273,21.15999984741211,21.139999389648438,21.139999389648438,3190,0.0,0.0,APPN,5m
2026-04-15 11:40:00-04:00,21.110000610351562,21.139999389648438,21.110000610351562,21.139999389648438,2479,0.0,0.0,APPN,5m
2026-04-15 11:45:00-04:00,21.1200008392334,21.125,21.1200008392334,21.125,1438,0.0,0.0,APPN,5m
2026-04-15 11:50:00-04:00,21.149999618530273,21.149999618530273,21.110000610351562,21.110000610351562,2515,0.0,0.0,APPN,5m
2026-04-15 11:55:00-04:00,21.1299991607666,21.149999618530273,21.1200008392334,21.1200008392334,2062,0.0,0.0,APPN,5m
2026-04-15 12:00:00-04:00,21.139999389648438,21.18000030517578,21.139999389648438,21.15999984741211,3947,0.0,0.0,APPN,5m
2026-04-15 12:05:00-04:00,21.15999984741211,21.28499984741211,21.15999984741211,21.18000030517578,26332,0.0,0.0,APPN,5m
2026-04-15 12:10:00-04:00,21.139999389648438,21.149999618530273,21.1200008392334,21.135000228881836,3522,0.0,0.0,APPN,5m
2026-04-15 12:15:00-04:00,21.1200008392334,21.145000457763672,21.06999969482422,21.145000457763672,4822,0.0,0.0,APPN,5m
2026-04-15 12:20:00-04:00,21.15999984741211,21.190000534057617,21.15999984741211,21.170000076293945,5026,0.0,0.0,APPN,5m
2026-04-15 12:25:00-04:00,21.165000915527344,21.170000076293945,21.139999389648438,21.139999389648438,2601,0.0,0.0,APPN,5m
2026-04-15 12:30:00-04:00,21.139999389648438,21.139999389648438,21.100000381469727,21.100000381469727,2986,0.0,0.0,APPN,5m
2026-04-15 12:35:00-04:00,21.110000610351562,21.1299991607666,21.09000015258789,21.100000381469727,5720,0.0,0.0,APPN,5m
2026-04-15 12:40:00-04:00,21.06999969482422,21.06999969482422,21.049999237060547,21.049999237060547,2918,0.0,0.0,APPN,5m
2026-04-15 12:45:00-04:00,21.040000915527344,21.09000015258789,21.040000915527344,21.09000015258789,3203,0.0,0.0,APPN,5m
2026-04-15 12:50:00-04:00,21.15999984741211,21.21500015258789,21.139999389648438,21.139999389648438,3914,0.0,0.0,APPN,5m
2026-04-15 12:55:00-04:00,21.155000686645508,21.155000686645508,21.079999923706055,21.1299991607666,2944,0.0,0.0,APPN,5m
2026-04-15 13:00:00-04:00,21.114999771118164,21.139999389648438,21.100000381469727,21.100000381469727,2205,0.0,0.0,APPN,5m
2026-04-15 13:05:00-04:00,21.110000610351562,21.110000610351562,21.100000381469727,21.110000610351562,1103,0.0,0.0,APPN,5m
2026-04-15 13:10:00-04:00,21.1299991607666,21.1299991607666,21.065000534057617,21.065000534057617,2770,0.0,0.0,APPN,5m
2026-04-15 13:15:00-04:00,21.09000015258789,21.09000015258789,21.09000015258789,21.09000015258789,3190,0.0,0.0,APPN,5m
2026-04-15 13:20:00-04:00,21.110000610351562,21.110000610351562,21.110000610351562,21.110000610351562,1668,0.0,0.0,APPN,5m
2026-04-15 13:25:00-04:00,21.125,21.125,21.059999465942383,21.059999465942383,10272,0.0,0.0,APPN,5m
2026-04-15 13:30:00-04:00,21.09000015258789,21.100000381469727,21.030000686645508,21.030000686645508,9462,0.0,0.0,APPN,5m
2026-04-15 13:35:00-04:00,21.049999237060547,21.079999923706055,21.030000686645508,21.030000686645508,4840,0.0,0.0,APPN,5m
2026-04-15 13:40:00-04:00,21.03499984741211,21.040000915527344,21.030000686645508,21.040000915527344,4627,0.0,0.0,APPN,5m
2026-04-15 13:45:00-04:00,21.03499984741211,21.03499984741211,21.010000228881836,21.010000228881836,1791,0.0,0.0,APPN,5m
2026-04-15 13:50:00-04:00,21.010000228881836,21.030000686645508,21.0,21.014999389648438,9719,0.0,0.0,APPN,5m
2026-04-15 13:55:00-04:00,21.03660011291504,21.059999465942383,21.020000457763672,21.020000457763672,9784,0.0,0.0,APPN,5m
2026-04-15 14:00:00-04:00,21.0,21.06999969482422,21.0,21.05500030517578,19612,0.0,0.0,APPN,5m
2026-04-15 14:05:00-04:00,21.0575008392334,21.1299991607666,21.0575008392334,21.110000610351562,5306,0.0,0.0,APPN,5m
2026-04-15 14:10:00-04:00,21.1200008392334,21.139999389648438,21.09000015258789,21.114999771118164,17752,0.0,0.0,APPN,5m
2026-04-15 14:15:00-04:00,21.110000610351562,21.110000610351562,21.079999923706055,21.079999923706055,3647,0.0,0.0,APPN,5m
2026-04-15 14:20:00-04:00,21.075000762939453,21.09000015258789,21.0,21.0,12995,0.0,0.0,APPN,5m
2026-04-15 14:25:00-04:00,21.0,21.030000686645508,21.0,21.030000686645508,5901,0.0,0.0,APPN,5m
2026-04-15 14:30:00-04:00,21.030000686645508,21.05500030517578,21.020000457763672,21.030000686645508,11529,0.0,0.0,APPN,5m
2026-04-15 14:35:00-04:00,21.030000686645508,21.030000686645508,20.93000030517578,20.93000030517578,14241,0.0,0.0,APPN,5m
2026-04-15 14:40:00-04:00,20.950000762939453,20.954999923706055,20.940500259399414,20.954999923706055,6003,0.0,0.0,APPN,5m
2026-04-15 14:45:00-04:00,20.954999923706055,21.100000381469727,20.954999923706055,21.06999969482422,9576,0.0,0.0,APPN,5m
2026-04-15 14:50:00-04:00,21.094999313354492,21.100000381469727,21.05500030517578,21.082000732421875,23580,0.0,0.0,APPN,5m
2026-04-15 14:55:00-04:00,21.084999084472656,21.110000610351562,21.059999465942383,21.06999969482422,15403,0.0,0.0,APPN,5m
2026-04-15 15:00:00-04:00,21.049999237060547,21.094999313354492,21.049999237060547,21.079999923706055,15374,0.0,0.0,APPN,5m
2026-04-15 15:05:00-04:00,21.059999465942383,21.15999984741211,21.03499984741211,21.15999984741211,22885,0.0,0.0,APPN,5m
2026-04-15 15:10:00-04:00,21.139999389648438,21.139999389648438,21.100000381469727,21.110000610351562,7081,0.0,0.0,APPN,5m
2026-04-15 15:15:00-04:00,21.114999771118164,21.114999771118164,21.0,21.014999389648438,6334,0.0,0.0,APPN,5m
2026-04-15 15:20:00-04:00,20.989999771118164,21.084999084472656,20.989999771118164,21.084999084472656,13191,0.0,0.0,APPN,5m
2026-04-15 15:25:00-04:00,21.09000015258789,21.329999923706055,21.09000015258789,21.280000686645508,13417,0.0,0.0,APPN,5m
2026-04-15 15:30:00-04:00,21.31999969482422,21.40999984741211,21.31999969482422,21.34000015258789,19920,0.0,0.0,APPN,5m
2026-04-15 15:35:00-04:00,21.329999923706055,21.450000762939453,21.329999923706055,21.420000076293945,11450,0.0,0.0,APPN,5m
2026-04-15 15:40:00-04:00,21.43000030517578,21.5,21.420000076293945,21.424999237060547,19158,0.0,0.0,APPN,5m
2026-04-15 15:45:00-04:00,21.424999237060547,21.450000762939453,21.299999237060547,21.30500030517578,40166,0.0,0.0,APPN,5m
2026-04-15 15:50:00-04:00,21.290000915527344,21.3700008392334,21.264999389648438,21.329999923706055,36973,0.0,0.0,APPN,5m
2026-04-15 15:55:00-04:00,21.31999969482422,21.43000030517578,21.31999969482422,21.420000076293945,109777,0.0,0.0,APPN,5m
2026-04-16 09:30:00-04:00,21.850000381469727,22.079999923706055,21.700000762939453,21.950000762939453,18947,0.0,0.0,APPN,5m
2026-04-16 09:35:00-04:00,22.06999969482422,22.06999969482422,21.850000381469727,21.8799991607666,10363,0.0,0.0,APPN,5m
2026-04-16 09:40:00-04:00,21.889999389648438,21.899999618530273,21.75,21.799999237060547,4171,0.0,0.0,APPN,5m
2026-04-16 09:45:00-04:00,21.834999084472656,21.920000076293945,21.825000762939453,21.829999923706055,4701,0.0,0.0,APPN,5m
2026-04-16 09:50:00-04:00,21.774999618530273,21.774999618530273,21.579999923706055,21.579999923706055,7365,0.0,0.0,APPN,5m
2026-04-16 09:55:00-04:00,21.559999465942383,21.639999389648438,21.559999465942383,21.639999389648438,3703,0.0,0.0,APPN,5m
2026-04-16 10:00:00-04:00,21.469999313354492,21.56999969482422,21.469999313354492,21.559999465942383,7423,0.0,0.0,APPN,5m
2026-04-16 10:05:00-04:00,21.540000915527344,21.6200008392334,21.530000686645508,21.6200008392334,4943,0.0,0.0,APPN,5m
2026-04-16 10:10:00-04:00,21.670000076293945,21.670000076293945,21.5049991607666,21.549999237060547,5171,0.0,0.0,APPN,5m
2026-04-16 10:15:00-04:00,21.559999465942383,21.559999465942383,21.457500457763672,21.469999313354492,2836,0.0,0.0,APPN,5m
2026-04-16 10:20:00-04:00,21.489999771118164,21.489999771118164,21.479999542236328,21.479999542236328,2834,0.0,0.0,APPN,5m
2026-04-16 10:25:00-04:00,21.385099411010742,21.459999084472656,21.385099411010742,21.420000076293945,4683,0.0,0.0,APPN,5m
2026-04-16 10:30:00-04:00,21.40999984741211,21.579999923706055,21.40999984741211,21.4950008392334,9549,0.0,0.0,APPN,5m
2026-04-16 10:35:00-04:00,21.4950008392334,21.520000457763672,21.459999084472656,21.5,5619,0.0,0.0,APPN,5m
2026-04-16 10:40:00-04:00,21.44499969482422,21.44499969482422,21.354999542236328,21.43000030517578,8994,0.0,0.0,APPN,5m
2026-04-16 10:45:00-04:00,21.3700008392334,21.420000076293945,21.3700008392334,21.420000076293945,6438,0.0,0.0,APPN,5m
2026-04-16 10:50:00-04:00,21.420000076293945,21.420000076293945,21.3799991607666,21.395000457763672,6305,0.0,0.0,APPN,5m
2026-04-16 10:55:00-04:00,21.360000610351562,21.360000610351562,21.30500030517578,21.30500030517578,3870,0.0,0.0,APPN,5m
2026-04-16 11:00:00-04:00,21.309999465942383,21.309999465942383,21.209999084472656,21.209999084472656,6698,0.0,0.0,APPN,5m
2026-04-16 11:05:00-04:00,21.21500015258789,21.219999313354492,21.170000076293945,21.219999313354492,3615,0.0,0.0,APPN,5m
2026-04-16 11:10:00-04:00,21.239999771118164,21.290000915527344,21.239999771118164,21.2549991607666,3663,0.0,0.0,APPN,5m
2026-04-16 11:15:00-04:00,21.280000686645508,21.299999237060547,21.25,21.299999237060547,3844,0.0,0.0,APPN,5m
2026-04-16 11:20:00-04:00,21.299999237060547,21.360000610351562,21.290000915527344,21.360000610351562,4910,0.0,0.0,APPN,5m
2026-04-16 11:25:00-04:00,21.329999923706055,21.360000610351562,21.270000457763672,21.270000457763672,6493,0.0,0.0,APPN,5m
2026-04-16 11:30:00-04:00,21.2549991607666,21.280000686645508,21.229999542236328,21.229999542236328,3425,0.0,0.0,APPN,5m
2026-04-16 11:35:00-04:00,21.209999084472656,21.290000915527344,21.209999084472656,21.209999084472656,8223,0.0,0.0,APPN,5m
2026-04-16 11:40:00-04:00,21.19499969482422,21.200000762939453,21.170000076293945,21.19499969482422,1974,0.0,0.0,APPN,5m
2026-04-16 11:45:00-04:00,21.170000076293945,21.209999084472656,21.15999984741211,21.15999984741211,4505,0.0,0.0,APPN,5m
2026-04-16 11:50:00-04:00,21.170000076293945,21.170000076293945,21.100000381469727,21.125,4008,0.0,0.0,APPN,5m
2026-04-16 11:55:00-04:00,21.139999389648438,21.170000076293945,21.1299991607666,21.165000915527344,3357,0.0,0.0,APPN,5m
2026-04-16 12:00:00-04:00,21.18000030517578,21.260000228881836,21.18000030517578,21.260000228881836,4158,0.0,0.0,APPN,5m
2026-04-16 12:05:00-04:00,21.260000228881836,21.309999465942383,21.260000228881836,21.299999237060547,1737,0.0,0.0,APPN,5m
2026-04-16 12:10:00-04:00,21.299999237060547,21.329999923706055,21.290000915527344,21.290000915527344,4903,0.0,0.0,APPN,5m
2026-04-16 12:15:00-04:00,21.28499984741211,21.299999237060547,21.280000686645508,21.28499984741211,1460,0.0,0.0,APPN,5m
2026-04-16 12:20:00-04:00,21.299999237060547,21.34000015258789,21.2549991607666,21.2549991607666,4561,0.0,0.0,APPN,5m
2026-04-16 12:25:00-04:00,21.2549991607666,21.274999618530273,21.25,21.25,3083,0.0,0.0,APPN,5m
2026-04-16 12:30:00-04:00,21.260000228881836,21.269899368286133,21.1299991607666,21.135000228881836,6261,0.0,0.0,APPN,5m
2026-04-16 12:35:00-04:00,21.190000534057617,21.190000534057617,21.190000534057617,21.190000534057617,1778,0.0,0.0,APPN,5m
2026-04-16 12:40:00-04:00,21.190000534057617,21.239999771118164,21.190000534057617,21.19499969482422,3475,0.0,0.0,APPN,5m
2026-04-16 12:45:00-04:00,21.219999313354492,21.25,21.190000534057617,21.209999084472656,3643,0.0,0.0,APPN,5m
2026-04-16 12:50:00-04:00,21.225000381469727,21.225000381469727,21.190000534057617,21.19499969482422,2586,0.0,0.0,APPN,5m
2026-04-16 12:55:00-04:00,21.209999084472656,21.209999084472656,21.100000381469727,21.110000610351562,5069,0.0,0.0,APPN,5m
2026-04-16 13:00:00-04:00,21.049999237060547,21.06999969482422,21.045000076293945,21.049999237060547,3160,0.0,0.0,APPN,5m
2026-04-16 13:05:00-04:00,21.049999237060547,21.059999465942383,21.040000915527344,21.04990005493164,3225,0.0,0.0,APPN,5m
2026-04-16 13:10:00-04:00,21.03499984741211,21.06999969482422,21.03499984741211,21.059999465942383,4536,0.0,0.0,APPN,5m
2026-04-16 13:15:00-04:00,21.05500030517578,21.079999923706055,21.049999237060547,21.049999237060547,3664,0.0,0.0,APPN,5m
2026-04-16 13:20:00-04:00,21.054000854492188,21.110000610351562,21.054000854492188,21.104999542236328,5061,0.0,0.0,APPN,5m
2026-04-16 13:25:00-04:00,21.104999542236328,21.110000610351562,21.06999969482422,21.104999542236328,7108,0.0,0.0,APPN,5m
2026-04-16 13:30:00-04:00,21.09000015258789,21.104299545288086,21.059999465942383,21.104299545288086,5483,0.0,0.0,APPN,5m
2026-04-16 13:35:00-04:00,21.094999313354492,21.094999313354492,20.947500228881836,20.979999542236328,6490,0.0,0.0,APPN,5m
2026-04-16 13:40:00-04:00,20.9950008392334,21.022899627685547,20.9950008392334,21.0,2271,0.0,0.0,APPN,5m
2026-04-16 13:45:00-04:00,21.0,21.049999237060547,21.0,21.049999237060547,6953,0.0,0.0,APPN,5m
2026-04-16 13:50:00-04:00,21.03499984741211,21.03499984741211,21.03499984741211,21.03499984741211,625,0.0,0.0,APPN,5m
2026-04-16 13:55:00-04:00,21.020000457763672,21.049999237060547,21.020000457763672,21.049999237060547,6717,0.0,0.0,APPN,5m
2026-04-16 14:00:00-04:00,21.059999465942383,21.078100204467773,21.049999237060547,21.078100204467773,6844,0.0,0.0,APPN,5m
2026-04-16 14:05:00-04:00,21.059999465942383,21.09000015258789,21.049999237060547,21.049999237060547,6529,0.0,0.0,APPN,5m
2026-04-16 14:10:00-04:00,21.05500030517578,21.1200008392334,21.05500030517578,21.1200008392334,5230,0.0,0.0,APPN,5m
2026-04-16 14:15:00-04:00,21.1299991607666,21.149999618530273,21.110000610351562,21.110000610351562,5557,0.0,0.0,APPN,5m
2026-04-16 14:20:00-04:00,21.104999542236328,21.110000610351562,21.059999465942383,21.059999465942383,3059,0.0,0.0,APPN,5m
2026-04-16 14:25:00-04:00,21.075000762939453,21.09000015258789,21.049999237060547,21.049999237060547,3348,0.0,0.0,APPN,5m
2026-04-16 14:30:00-04:00,21.05500030517578,21.09000015258789,21.05500030517578,21.09000015258789,5492,0.0,0.0,APPN,5m
2026-04-16 14:35:00-04:00,21.1299991607666,21.1299991607666,21.114999771118164,21.1299991607666,2583,0.0,0.0,APPN,5m
2026-04-16 14:40:00-04:00,21.139999389648438,21.139999389648438,21.1299991607666,21.1299991607666,2709,0.0,0.0,APPN,5m
2026-04-16 14:45:00-04:00,21.135000228881836,21.139999389648438,21.049999237060547,21.059999465942383,12690,0.0,0.0,APPN,5m
2026-04-16 14:50:00-04:00,21.030000686645508,21.110000610351562,21.030000686645508,21.094999313354492,9444,0.0,0.0,APPN,5m
2026-04-16 14:55:00-04:00,21.09000015258789,21.1200008392334,21.075000762939453,21.100000381469727,6571,0.0,0.0,APPN,5m
2026-04-16 15:00:00-04:00,21.100000381469727,21.149999618530273,21.094999313354492,21.149999618530273,11907,0.0,0.0,APPN,5m
2026-04-16 15:05:00-04:00,21.149999618530273,21.15999984741211,21.1200008392334,21.1299991607666,7495,0.0,0.0,APPN,5m
2026-04-16 15:10:00-04:00,21.114999771118164,21.1200008392334,21.049999237060547,21.049999237060547,10225,0.0,0.0,APPN,5m
2026-04-16 15:15:00-04:00,21.049999237060547,21.079999923706055,21.030000686645508,21.030000686645508,7909,0.0,0.0,APPN,5m
2026-04-16 15:20:00-04:00,21.045000076293945,21.09000015258789,21.045000076293945,21.06999969482422,8160,0.0,0.0,APPN,5m
2026-04-16 15:25:00-04:00,21.059999465942383,21.079999923706055,21.059999465942383,21.06999969482422,6826,0.0,0.0,APPN,5m
2026-04-16 15:30:00-04:00,21.075000762939453,21.110000610351562,21.075000762939453,21.10300064086914,8144,0.0,0.0,APPN,5m
2026-04-16 15:35:00-04:00,21.079999923706055,21.079999923706055,21.030000686645508,21.030000686645508,11704,0.0,0.0,APPN,5m
2026-04-16 15:40:00-04:00,21.049999237060547,21.084999084472656,21.049999237060547,21.079999923706055,11822,0.0,0.0,APPN,5m
2026-04-16 15:45:00-04:00,21.079999923706055,21.170000076293945,21.079999923706055,21.170000076293945,7707,0.0,0.0,APPN,5m
2026-04-16 15:50:00-04:00,21.1299991607666,21.149999618530273,21.110000610351562,21.1299991607666,21899,0.0,0.0,APPN,5m
2026-04-16 15:55:00-04:00,21.1200008392334,21.139999389648438,21.079999923706055,21.110000610351562,61034,0.0,0.0,APPN,5m
2026-04-17 09:30:00-04:00,21.8700008392334,22.200000762939453,21.709999084472656,22.06999969482422,34729,0.0,0.0,APPN,5m
2026-04-17 09:35:00-04:00,21.739999771118164,22.040000915527344,21.739999771118164,21.850000381469727,8026,0.0,0.0,APPN,5m
2026-04-17 09:40:00-04:00,21.850000381469727,22.0,21.780000686645508,21.790000915527344,22442,0.0,0.0,APPN,5m
2026-04-17 09:45:00-04:00,21.790000915527344,21.81999969482422,21.5049991607666,21.614999771118164,34747,0.0,0.0,APPN,5m
2026-04-17 09:50:00-04:00,21.725000381469727,21.809999465942383,21.59000015258789,21.790000915527344,15255,0.0,0.0,APPN,5m
2026-04-17 09:55:00-04:00,21.760000228881836,21.885000228881836,21.709999084472656,21.81999969482422,14791,0.0,0.0,APPN,5m
2026-04-17 10:00:00-04:00,21.790000915527344,21.790000915527344,21.649999618530273,21.655000686645508,5416,0.0,0.0,APPN,5m
2026-04-17 10:05:00-04:00,21.600000381469727,21.600000381469727,21.549999237060547,21.549999237060547,6661,0.0,0.0,APPN,5m
2026-04-17 10:10:00-04:00,21.520000457763672,21.520000457763672,21.520000457763672,21.520000457763672,527,0.0,0.0,APPN,5m
2026-04-17 10:15:00-04:00,21.471799850463867,21.540000915527344,21.469999313354492,21.540000915527344,3481,0.0,0.0,APPN,5m
2026-04-17 10:20:00-04:00,21.549999237060547,21.579999923706055,21.549999237060547,21.579999923706055,3331,0.0,0.0,APPN,5m
2026-04-17 10:25:00-04:00,21.6299991607666,21.68000030517578,21.6299991607666,21.68000030517578,5532,0.0,0.0,APPN,5m
2026-04-17 10:30:00-04:00,21.68000030517578,21.709999084472656,21.65999984741211,21.700000762939453,3556,0.0,0.0,APPN,5m
2026-04-17 10:35:00-04:00,21.690000534057617,21.709999084472656,21.600000381469727,21.649999618530273,8363,0.0,0.0,APPN,5m
2026-04-17 10:40:00-04:00,21.68000030517578,21.690000534057617,21.594999313354492,21.610000610351562,8129,0.0,0.0,APPN,5m
2026-04-17 10:45:00-04:00,21.610000610351562,21.639999389648438,21.610000610351562,21.6299991607666,3853,0.0,0.0,APPN,5m
2026-04-17 10:50:00-04:00,21.674999237060547,21.719999313354492,21.670000076293945,21.670000076293945,7385,0.0,0.0,APPN,5m
2026-04-17 10:55:00-04:00,21.6299991607666,21.68000030517578,21.6299991607666,21.665000915527344,2108,0.0,0.0,APPN,5m
2026-04-17 11:00:00-04:00,21.68000030517578,21.690000534057617,21.639999389648438,21.65999984741211,6412,0.0,0.0,APPN,5m
2026-04-17 11:05:00-04:00,21.670000076293945,21.68000030517578,21.540000915527344,21.540000915527344,10001,0.0,0.0,APPN,5m
2026-04-17 11:10:00-04:00,21.510000228881836,21.514999389648438,21.34000015258789,21.364999771118164,9517,0.0,0.0,APPN,5m
2026-04-17 11:15:00-04:00,21.3799991607666,21.399999618530273,21.34000015258789,21.350000381469727,7779,0.0,0.0,APPN,5m
2026-04-17 11:20:00-04:00,21.34000015258789,21.424999237060547,21.34000015258789,21.424999237060547,4863,0.0,0.0,APPN,5m
2026-04-17 11:25:00-04:00,21.40999984741211,21.40999984741211,21.399999618530273,21.399999618530273,3243,0.0,0.0,APPN,5m
2026-04-17 11:30:00-04:00,21.389999389648438,21.399999618530273,21.3700008392334,21.389999389648438,3616,0.0,0.0,APPN,5m
2026-04-17 11:35:00-04:00,21.395000457763672,21.395000457763672,21.360000610351562,21.360000610351562,3491,0.0,0.0,APPN,5m
2026-04-17 11:40:00-04:00,21.3799991607666,21.3799991607666,21.260000228881836,21.28499984741211,4291,0.0,0.0,APPN,5m
2026-04-17 11:45:00-04:00,21.270000457763672,21.290000915527344,21.260000228881836,21.260000228881836,4912,0.0,0.0,APPN,5m
2026-04-17 11:50:00-04:00,21.260000228881836,21.270000457763672,21.209999084472656,21.260000228881836,7545,0.0,0.0,APPN,5m
2026-04-17 11:55:00-04:00,21.31999969482422,21.325000762939453,21.31999969482422,21.325000762939453,2182,0.0,0.0,APPN,5m
2026-04-17 12:00:00-04:00,21.360000610351562,21.3799991607666,21.360000610351562,21.3700008392334,3173,0.0,0.0,APPN,5m
2026-04-17 12:05:00-04:00,21.3799991607666,21.389999389648438,21.350000381469727,21.350000381469727,3245,0.0,0.0,APPN,5m
2026-04-17 12:10:00-04:00,21.31999969482422,21.32200050354004,21.290000915527344,21.290000915527344,2717,0.0,0.0,APPN,5m
2026-04-17 12:15:00-04:00,21.280000686645508,21.298200607299805,21.260000228881836,21.270000457763672,3856,0.0,0.0,APPN,5m
2026-04-17 12:20:00-04:00,21.2549991607666,21.26449966430664,21.25,21.2549991607666,3708,0.0,0.0,APPN,5m
2026-04-17 12:25:00-04:00,21.270000457763672,21.315000534057617,21.270000457763672,21.315000534057617,3173,0.0,0.0,APPN,5m
2026-04-17 12:30:00-04:00,21.315000534057617,21.350000381469727,21.315000534057617,21.350000381469727,2818,0.0,0.0,APPN,5m
2026-04-17 12:35:00-04:00,21.329999923706055,21.34000015258789,21.31999969482422,21.31999969482422,3017,0.0,0.0,APPN,5m
2026-04-17 12:40:00-04:00,21.309999465942383,21.329999923706055,21.219999313354492,21.235000610351562,8015,0.0,0.0,APPN,5m
2026-04-17 12:45:00-04:00,21.25,21.25,21.18000030517578,21.209999084472656,7468,0.0,0.0,APPN,5m
2026-04-17 12:50:00-04:00,21.204999923706055,21.260000228881836,21.204999923706055,21.260000228881836,2904,0.0,0.0,APPN,5m
2026-04-17 12:55:00-04:00,21.270000457763672,21.270000457763672,21.270000457763672,21.270000457763672,2630,0.0,0.0,APPN,5m
2026-04-17 13:00:00-04:00,21.28499984741211,21.299999237060547,21.28499984741211,21.299999237060547,2056,0.0,0.0,APPN,5m
2026-04-17 13:05:00-04:00,21.31999969482422,21.31999969482422,21.270000457763672,21.280000686645508,6036,0.0,0.0,APPN,5m
2026-04-17 13:10:00-04:00,21.270000457763672,21.270000457763672,21.25,21.25,3057,0.0,0.0,APPN,5m
2026-04-17 13:15:00-04:00,21.229999542236328,21.239999771118164,21.190000534057617,21.219999313354492,4969,0.0,0.0,APPN,5m
2026-04-17 13:20:00-04:00,21.200000762939453,21.200000762939453,21.15999984741211,21.18000030517578,4466,0.0,0.0,APPN,5m
2026-04-17 13:25:00-04:00,21.1299991607666,21.18000030517578,21.1200008392334,21.165000915527344,3156,0.0,0.0,APPN,5m
2026-04-17 13:30:00-04:00,21.190000534057617,21.190000534057617,21.15999984741211,21.18000030517578,2097,0.0,0.0,APPN,5m
2026-04-17 13:35:00-04:00,21.149999618530273,21.170000076293945,21.139999389648438,21.170000076293945,3578,0.0,0.0,APPN,5m
2026-04-17 13:40:00-04:00,21.209999084472656,21.209999084472656,21.209999084472656,21.209999084472656,1207,0.0,0.0,APPN,5m
2026-04-17 13:45:00-04:00,21.219999313354492,21.25,21.200000762939453,21.200000762939453,4461,0.0,0.0,APPN,5m
2026-04-17 13:50:00-04:00,21.190000534057617,21.190000534057617,21.15999984741211,21.15999984741211,2698,0.0,0.0,APPN,5m
2026-04-17 13:55:00-04:00,21.170000076293945,21.229900360107422,21.1299991607666,21.229900360107422,12354,0.0,0.0,APPN,5m
2026-04-17 14:00:00-04:00,21.18000030517578,21.200000762939453,21.18000030517578,21.200000762939453,2440,0.0,0.0,APPN,5m
2026-04-17 14:05:00-04:00,21.190000534057617,21.190000534057617,21.174999237060547,21.174999237060547,2430,0.0,0.0,APPN,5m
2026-04-17 14:10:00-04:00,21.170000076293945,21.170000076293945,21.135000228881836,21.135000228881836,5933,0.0,0.0,APPN,5m
2026-04-17 14:15:00-04:00,21.145000457763672,21.229999542236328,21.145000457763672,21.225000381469727,4469,0.0,0.0,APPN,5m
2026-04-17 14:20:00-04:00,21.229999542236328,21.229999542236328,21.149999618530273,21.149999618530273,3480,0.0,0.0,APPN,5m
2026-04-17 14:25:00-04:00,21.170000076293945,21.170000076293945,21.125,21.1299991607666,3515,0.0,0.0,APPN,5m
2026-04-17 14:30:00-04:00,21.139999389648438,21.184999465942383,21.139999389648438,21.149999618530273,4057,0.0,0.0,APPN,5m
2026-04-17 14:35:00-04:00,21.18000030517578,21.219999313354492,21.18000030517578,21.219999313354492,2067,0.0,0.0,APPN,5m
2026-04-17 14:40:00-04:00,21.200000762939453,21.219999313354492,21.190000534057617,21.19499969482422,3890,0.0,0.0,APPN,5m
2026-04-17 14:45:00-04:00,21.239999771118164,21.280000686645508,21.219999313354492,21.280000686645508,3212,0.0,0.0,APPN,5m
2026-04-17 14:50:00-04:00,21.25,21.25,21.200000762939453,21.200000762939453,3034,0.0,0.0,APPN,5m
2026-04-17 14:55:00-04:00,21.19499969482422,21.21500015258789,21.170000076293945,21.21500015258789,5089,0.0,0.0,APPN,5m
2026-04-17 15:00:00-04:00,21.229999542236328,21.229999542236328,21.229999542236328,21.229999542236328,954,0.0,0.0,APPN,5m
2026-04-17 15:05:00-04:00,21.239999771118164,21.260000228881836,21.229999542236328,21.260000228881836,8565,0.0,0.0,APPN,5m
2026-04-17 15:10:00-04:00,21.260000228881836,21.299999237060547,21.260000228881836,21.299999237060547,4842,0.0,0.0,APPN,5m
2026-04-17 15:15:00-04:00,21.309999465942383,21.360000610351562,21.309999465942383,21.329999923706055,5309,0.0,0.0,APPN,5m
2026-04-17 15:20:00-04:00,21.350000381469727,21.360000610351562,21.34000015258789,21.354999542236328,3586,0.0,0.0,APPN,5m
2026-04-17 15:25:00-04:00,21.3700008392334,21.3700008392334,21.299999237060547,21.30120086669922,5463,0.0,0.0,APPN,5m
2026-04-17 15:30:00-04:00,21.31999969482422,21.3700008392334,21.309999465942383,21.364999771118164,6004,0.0,0.0,APPN,5m
2026-04-17 15:35:00-04:00,21.3799991607666,21.440000534057617,21.329999923706055,21.420000076293945,11815,0.0,0.0,APPN,5m
2026-04-17 15:40:00-04:00,21.399999618530273,21.399999618530273,21.3799991607666,21.399999618530273,5003,0.0,0.0,APPN,5m
2026-04-17 15:45:00-04:00,21.3799991607666,21.5,21.3799991607666,21.499900817871094,13906,0.0,0.0,APPN,5m
2026-04-17 15:50:00-04:00,21.5049991607666,21.544599533081055,21.469999313354492,21.479999542236328,12987,0.0,0.0,APPN,5m
2026-04-17 15:55:00-04:00,21.450000762939453,21.579999923706055,21.44499969482422,21.56999969482422,71494,0.0,0.0,APPN,5m
