datetime,open,high,low,close,volume,dividends,stock_splits,ticker,interval
2023-05-19 09:30:00-04:00,2.7499001026153564,2.7499001026153564,2.5,2.5,1446,0.0,0.0,ARTW,60m
2023-05-19 10:30:00-04:00,2.5950000286102295,2.5950000286102295,2.5950000286102295,2.5950000286102295,1094,0.0,0.0,ARTW,60m
2023-05-19 12:30:00-04:00,2.559999942779541,2.559999942779541,2.5299999713897705,2.5499000549316406,2014,0.0,0.0,ARTW,60m
2023-05-19 14:30:00-04:00,2.5399999618530273,2.5399999618530273,2.5399999618530273,2.5399999618530273,220,0.0,0.0,ARTW,60m
2023-05-19 15:30:00-04:00,2.5399999618530273,2.5399999618530273,2.5399999618530273,2.5399999618530273,0,0.0,0.0,ARTW,60m
2023-05-23 10:30:00-04:00,2.4700000286102295,2.4700000286102295,2.4700000286102295,2.4700000286102295,203,0.0,0.0,ARTW,60m
2023-05-23 12:30:00-04:00,2.558199882507324,2.558199882507324,2.556299924850464,2.556299924850464,3750,0.0,0.0,ARTW,60m
2023-05-23 14:30:00-04:00,2.518699884414673,2.518699884414673,2.518699884414673,2.518699884414673,2083,0.0,0.0,ARTW,60m
2023-05-23 15:30:00-04:00,2.5299999713897705,2.5299999713897705,2.5299999713897705,2.5299999713897705,0,0.0,0.0,ARTW,60m
2023-05-24 12:30:00-04:00,2.4500999450683594,2.4502999782562256,2.4100000858306885,2.4100000858306885,3430,0.0,0.0,ARTW,60m
2023-05-24 13:30:00-04:00,2.4200000762939453,2.4200000762939453,2.353800058364868,2.359999895095825,1498,0.0,0.0,ARTW,60m
2023-05-24 14:30:00-04:00,2.369999885559082,2.390000104904175,2.369999885559082,2.390000104904175,1205,0.0,0.0,ARTW,60m
2023-05-24 15:30:00-04:00,2.4000000953674316,2.4000000953674316,2.4000000953674316,2.4000000953674316,100,0.0,0.0,ARTW,60m
2023-05-25 09:30:00-04:00,2.3399999141693115,2.3399999141693115,2.3399999141693115,2.3399999141693115,505,0.0,0.0,ARTW,60m
2023-05-25 11:30:00-04:00,2.4423000812530518,2.4423000812530518,2.4000000953674316,2.4000000953674316,1039,0.0,0.0,ARTW,60m
2023-05-26 10:30:00-04:00,2.450000047683716,2.450000047683716,2.450000047683716,2.450000047683716,14,0.0,0.0,ARTW,60m
2023-05-26 11:30:00-04:00,2.4200000762939453,2.430000066757202,2.4200000762939453,2.420099973678589,0,0.0,0.0,ARTW,60m
2023-05-26 13:30:00-04:00,2.430000066757202,2.430000066757202,2.380000114440918,2.380000114440918,10793,0.0,0.0,ARTW,60m
2023-05-26 15:30:00-04:00,2.450000047683716,2.494999885559082,2.4000000953674316,2.4000000953674316,1378,0.0,0.0,ARTW,60m
2023-05-30 09:30:00-04:00,2.440000057220459,2.440000057220459,2.440000057220459,2.440000057220459,0,0.0,0.0,ARTW,60m
2023-05-30 10:30:00-04:00,2.360300064086914,2.360300064086914,2.360300064086914,2.360300064086914,0,0.0,0.0,ARTW,60m
2023-05-30 15:30:00-04:00,2.4200000762939453,2.4200000762939453,2.4200000762939453,2.4200000762939453,1285,0.0,0.0,ARTW,60m
2023-05-31 12:30:00-04:00,2.4800000190734863,2.4800000190734863,2.4800000190734863,2.4800000190734863,0,0.0,0.0,ARTW,60m
2023-06-01 09:30:00-04:00,2.4800000190734863,2.4800000190734863,2.4800000190734863,2.4800000190734863,550,0.0,0.0,ARTW,60m
2023-06-01 14:30:00-04:00,2.424999952316284,2.424999952316284,2.424999952316284,2.424999952316284,253,0.0,0.0,ARTW,60m
2023-06-01 15:30:00-04:00,2.450000047683716,2.450000047683716,2.450000047683716,2.450000047683716,100,0.0,0.0,ARTW,60m
2023-06-02 09:30:00-04:00,2.4800000190734863,2.4800000190734863,2.450000047683716,2.450000047683716,2206,0.0,0.0,ARTW,60m
2023-06-02 10:30:00-04:00,2.4688000679016113,2.4688000679016113,2.4688000679016113,2.4688000679016113,145,0.0,0.0,ARTW,60m
2023-06-02 15:30:00-04:00,2.4800000190734863,2.4800000190734863,2.4800000190734863,2.4800000190734863,854,0.0,0.0,ARTW,60m
2023-06-05 09:30:00-04:00,2.6500000953674316,2.700000047683716,2.4800000190734863,2.5820000171661377,10762,0.0,0.0,ARTW,60m
2023-06-05 10:30:00-04:00,2.490000009536743,2.569999933242798,2.490000009536743,2.569999933242798,356,0.0,0.0,ARTW,60m
2023-06-05 12:30:00-04:00,2.5250000953674316,2.5250000953674316,2.5250000953674316,2.5250000953674316,664,0.0,0.0,ARTW,60m
2023-06-05 13:30:00-04:00,2.5250000953674316,2.5250000953674316,2.485100030899048,2.485100030899048,783,0.0,0.0,ARTW,60m
2023-06-05 14:30:00-04:00,2.4800000190734863,2.4800000190734863,2.4800000190734863,2.4800000190734863,420,0.0,0.0,ARTW,60m
2023-06-05 15:30:00-04:00,2.569999933242798,2.569999933242798,2.5199999809265137,2.5199999809265137,814,0.0,0.0,ARTW,60m
2023-06-06 12:30:00-04:00,2.5299999713897705,2.5299999713897705,2.509999990463257,2.509999990463257,0,0.0,0.0,ARTW,60m
2023-06-06 13:30:00-04:00,2.5606000423431396,2.5606000423431396,2.5606000423431396,2.5606000423431396,0,0.0,0.0,ARTW,60m
2023-06-07 09:30:00-04:00,2.5899999141693115,2.5899999141693115,2.5799999237060547,2.5799999237060547,894,0.0,0.0,ARTW,60m
2023-06-07 13:30:00-04:00,2.559999942779541,2.6700000762939453,2.134999990463257,2.360100030899048,45030,0.0,0.0,ARTW,60m
2023-06-07 14:30:00-04:00,2.5320000648498535,2.5899999141693115,2.5,2.5,4620,0.0,0.0,ARTW,60m
2023-06-07 15:30:00-04:00,2.4600000381469727,2.4600000381469727,2.450000047683716,2.450000047683716,0,0.0,0.0,ARTW,60m
2023-06-08 09:30:00-04:00,2.4000000953674316,2.6489999294281006,2.4000000953674316,2.6489999294281006,393,0.0,0.0,ARTW,60m
2023-06-08 10:30:00-04:00,2.6294000148773193,2.6294000148773193,2.6294000148773193,2.6294000148773193,456,0.0,0.0,ARTW,60m
2023-06-08 11:30:00-04:00,2.569999933242798,2.5899999141693115,2.5199999809265137,2.5199999809265137,1175,0.0,0.0,ARTW,60m
2023-06-08 13:30:00-04:00,2.5199999809265137,2.5199999809265137,2.4700000286102295,2.4700000286102295,279,0.0,0.0,ARTW,60m
2023-06-08 14:30:00-04:00,2.579900026321411,2.579900026321411,2.579900026321411,2.579900026321411,0,0.0,0.0,ARTW,60m
2023-06-09 09:30:00-04:00,2.5199999809265137,2.5199999809265137,2.4800000190734863,2.503999948501587,1378,0.0,0.0,ARTW,60m
2023-06-09 10:30:00-04:00,2.546799898147583,2.549999952316284,2.440000057220459,2.549999952316284,2020,0.0,0.0,ARTW,60m
2023-06-09 11:30:00-04:00,2.5399999618530273,2.5399999618530273,2.5399999618530273,2.5399999618530273,239,0.0,0.0,ARTW,60m
2023-06-09 12:30:00-04:00,2.5999999046325684,2.5999999046325684,2.5999999046325684,2.5999999046325684,118,0.0,0.0,ARTW,60m
2023-06-09 15:30:00-04:00,2.509999990463257,2.509999990463257,2.430000066757202,2.430000066757202,611,0.0,0.0,ARTW,60m
2023-06-12 09:30:00-04:00,2.4298999309539795,2.4298999309539795,2.4298999309539795,2.4298999309539795,0,0.0,0.0,ARTW,60m
2023-06-12 10:30:00-04:00,2.4200000762939453,2.4298999309539795,2.391400098800659,2.4298999309539795,2052,0.0,0.0,ARTW,60m
2023-06-12 12:30:00-04:00,2.4049999713897705,2.4049999713897705,2.4049999713897705,2.4049999713897705,453,0.0,0.0,ARTW,60m
2023-06-12 13:30:00-04:00,2.380000114440918,2.428800106048584,2.369999885559082,2.428800106048584,1956,0.0,0.0,ARTW,60m
2023-06-12 14:30:00-04:00,2.369999885559082,2.369999885559082,2.369999885559082,2.369999885559082,253,0.0,0.0,ARTW,60m
2023-06-13 09:30:00-04:00,2.4600000381469727,2.4600000381469727,2.3299999237060547,2.369999885559082,0,0.0,0.0,ARTW,60m
2023-06-13 10:30:00-04:00,2.369999885559082,2.369999885559082,2.369999885559082,2.369999885559082,135,0.0,0.0,ARTW,60m
2023-06-13 12:30:00-04:00,2.374799966812134,2.374799966812134,2.374799966812134,2.374799966812134,562,0.0,0.0,ARTW,60m
2023-06-13 13:30:00-04:00,2.3399999141693115,2.3399999141693115,2.200000047683716,2.25,9590,0.0,0.0,ARTW,60m
2023-06-13 14:30:00-04:00,2.25,2.259999990463257,2.1700000762939453,2.1700000762939453,9409,0.0,0.0,ARTW,60m
2023-06-13 15:30:00-04:00,2.1700000762939453,2.2200000286102295,2.1500000953674316,2.1700000762939453,5803,0.0,0.0,ARTW,60m
2023-06-14 09:30:00-04:00,2.180000066757202,2.2799999713897705,2.1700000762939453,2.2799999713897705,0,0.0,0.0,ARTW,60m
2023-06-14 15:30:00-04:00,2.200000047683716,2.2100000381469727,2.200000047683716,2.200000047683716,0,0.0,0.0,ARTW,60m
2023-06-15 09:30:00-04:00,2.2100000381469727,2.3299999237060547,2.2100000381469727,2.3299999237060547,1667,0.0,0.0,ARTW,60m
2023-06-15 13:30:00-04:00,2.309999942779541,2.309999942779541,2.309999942779541,2.309999942779541,726,0.0,0.0,ARTW,60m
2023-06-15 14:30:00-04:00,2.319999933242798,2.319999933242798,2.319999933242798,2.319999933242798,448,0.0,0.0,ARTW,60m
2023-06-16 14:30:00-04:00,2.409899950027466,2.409899950027466,2.3499999046325684,2.3499999046325684,1121,0.0,0.0,ARTW,60m
2023-06-16 15:30:00-04:00,2.3499999046325684,2.3499999046325684,2.259999990463257,2.275700092315674,7446,0.0,0.0,ARTW,60m
2023-06-20 09:30:00-04:00,2.289900064468384,2.289900064468384,2.289900064468384,2.289900064468384,688,0.0,0.0,ARTW,60m
2023-06-20 11:30:00-04:00,2.255000114440918,2.259999990463257,2.25,2.25,638,0.0,0.0,ARTW,60m
2023-06-20 14:30:00-04:00,2.2899999618530273,2.2899999618530273,2.2899999618530273,2.2899999618530273,157,0.0,0.0,ARTW,60m
2023-06-20 15:30:00-04:00,2.2950000762939453,2.2950000762939453,2.2950000762939453,2.2950000762939453,194,0.0,0.0,ARTW,60m
2023-06-21 09:30:00-04:00,2.3238000869750977,2.3238000869750977,2.3238000869750977,2.3238000869750977,0,0.0,0.0,ARTW,60m
2023-06-21 15:30:00-04:00,2.3399999141693115,2.3691000938415527,2.3399999141693115,2.3691000938415527,968,0.0,0.0,ARTW,60m
2023-06-22 09:30:00-04:00,2.3598999977111816,2.3598999977111816,2.3580000400543213,2.3580000400543213,0,0.0,0.0,ARTW,60m
2023-06-22 14:30:00-04:00,2.3589999675750732,2.3589999675750732,2.2899999618530273,2.299999952316284,902,0.0,0.0,ARTW,60m
2023-06-22 15:30:00-04:00,2.3489999771118164,2.3499999046325684,2.3480000495910645,2.349900007247925,2705,0.0,0.0,ARTW,60m
2023-06-23 09:30:00-04:00,2.303100109100342,2.303100109100342,2.2899999618530273,2.2899999618530273,1103,0.0,0.0,ARTW,60m
2023-06-23 10:30:00-04:00,2.3160998821258545,2.319999933242798,2.299999952316284,2.3101000785827637,2030,0.0,0.0,ARTW,60m
2023-06-23 12:30:00-04:00,2.2899999618530273,2.2899999618530273,2.2500998973846436,2.2502999305725098,1882,0.0,0.0,ARTW,60m
2023-06-26 09:30:00-04:00,2.2799999713897705,2.3399999141693115,2.2799999713897705,2.3399999141693115,0,0.0,0.0,ARTW,60m
2023-06-26 10:30:00-04:00,2.2799999713897705,2.2799999713897705,2.25,2.25,761,0.0,0.0,ARTW,60m
2023-06-26 11:30:00-04:00,2.2500998973846436,2.250200033187866,2.25,2.25,1056,0.0,0.0,ARTW,60m
2023-06-26 12:30:00-04:00,2.25,2.25,2.234999895095825,2.234999895095825,802,0.0,0.0,ARTW,60m
2023-06-26 13:30:00-04:00,2.25,2.25,2.2385001182556152,2.247299909591675,1849,0.0,0.0,ARTW,60m
2023-06-27 09:30:00-04:00,2.2799999713897705,2.2950000762939453,2.2200000286102295,2.240000009536743,0,0.0,0.0,ARTW,60m
2023-06-27 10:30:00-04:00,2.259999990463257,2.3399999141693115,2.25,2.25,3753,0.0,0.0,ARTW,60m
2023-06-27 11:30:00-04:00,2.2372000217437744,2.2372000217437744,2.2372000217437744,2.2372000217437744,314,0.0,0.0,ARTW,60m
2023-06-27 12:30:00-04:00,2.2999000549316406,2.299999952316284,2.2750000953674316,2.2750000953674316,525,0.0,0.0,ARTW,60m
2023-06-27 13:30:00-04:00,2.2750000953674316,2.2750000953674316,2.2750000953674316,2.2750000953674316,422,0.0,0.0,ARTW,60m
2023-06-27 14:30:00-04:00,2.299999952316284,2.299999952316284,2.2500998973846436,2.2500998973846436,243,0.0,0.0,ARTW,60m
2023-06-28 09:30:00-04:00,2.299999952316284,2.3276000022888184,2.299999952316284,2.3276000022888184,0,0.0,0.0,ARTW,60m
2023-06-28 13:30:00-04:00,2.3499999046325684,2.3499999046325684,2.3499999046325684,2.3499999046325684,392,0.0,0.0,ARTW,60m
2023-06-29 09:30:00-04:00,2.437000036239624,2.437000036239624,2.390000104904175,2.390000104904175,0,0.0,0.0,ARTW,60m
2023-06-29 10:30:00-04:00,2.438999891281128,2.440000057220459,2.437999963760376,2.437999963760376,325,0.0,0.0,ARTW,60m
2023-06-29 11:30:00-04:00,2.3803999423980713,2.3803999423980713,2.3803999423980713,2.3803999423980713,306,0.0,0.0,ARTW,60m
2023-06-30 09:30:00-04:00,2.4107000827789307,2.4107000827789307,2.4100000858306885,2.4100000858306885,0,0.0,0.0,ARTW,60m
2023-06-30 11:30:00-04:00,2.2544000148773193,2.359999895095825,2.2544000148773193,2.359999895095825,1517,0.0,0.0,ARTW,60m
2023-06-30 12:30:00-04:00,2.342400074005127,2.342400074005127,2.342400074005127,2.342400074005127,305,0.0,0.0,ARTW,60m
2023-07-03 09:30:00-04:00,2.2899999618530273,2.380000114440918,2.2899999618530273,2.380000114440918,3830,0.0,0.0,ARTW,60m
2023-07-03 10:30:00-04:00,2.2899999618530273,2.325000047683716,2.2899999618530273,2.325000047683716,765,0.0,0.0,ARTW,60m
2023-07-03 11:30:00-04:00,2.3696000576019287,2.3696000576019287,2.3696000576019287,2.3696000576019287,626,0.0,0.0,ARTW,60m
2023-07-03 12:30:00-04:00,2.3399999141693115,2.3399999141693115,2.3399999141693115,2.3399999141693115,183,0.0,0.0,ARTW,60m
2023-07-05 09:30:00-04:00,2.430000066757202,2.430000066757202,2.3299999237060547,2.3533999919891357,3877,0.0,0.0,ARTW,60m
2023-07-05 10:30:00-04:00,2.359999895095825,2.390000104904175,2.359999895095825,2.390000104904175,1164,0.0,0.0,ARTW,60m
2023-07-05 11:30:00-04:00,2.3399999141693115,2.3399999141693115,2.3399999141693115,2.3399999141693115,137,0.0,0.0,ARTW,60m
2023-07-05 13:30:00-04:00,2.300800085067749,2.300800085067749,2.300800085067749,2.300800085067749,491,0.0,0.0,ARTW,60m
2023-07-06 09:30:00-04:00,2.299999952316284,2.299999952316284,2.265000104904175,2.265000104904175,0,0.0,0.0,ARTW,60m
2023-07-06 10:30:00-04:00,2.25,2.259999990463257,2.25,2.259999990463257,0,0.0,0.0,ARTW,60m
2023-07-07 09:30:00-04:00,2.259999990463257,2.259999990463257,2.259999990463257,2.259999990463257,694,0.0,0.0,ARTW,60m
2023-07-07 11:30:00-04:00,2.259999990463257,2.3399999141693115,2.259999990463257,2.3399999141693115,4706,0.0,0.0,ARTW,60m
2023-07-07 13:30:00-04:00,2.3399999141693115,2.3399999141693115,2.3399999141693115,2.3399999141693115,364,0.0,0.0,ARTW,60m
2023-07-10 09:30:00-04:00,2.300100088119507,2.311000108718872,2.300100088119507,2.309999942779541,0,0.0,0.0,ARTW,60m
2023-07-10 10:30:00-04:00,2.3399999141693115,2.3399999141693115,2.3331000804901123,2.3331000804901123,1257,0.0,0.0,ARTW,60m
2023-07-10 11:30:00-04:00,2.3310000896453857,2.3334999084472656,2.3310000896453857,2.3334999084472656,843,0.0,0.0,ARTW,60m
2023-07-10 12:30:00-04:00,2.337100028991699,2.359999895095825,2.3334999084472656,2.359999895095825,1273,0.0,0.0,ARTW,60m
2023-07-10 14:30:00-04:00,2.3499999046325684,2.3499999046325684,2.3201000690460205,2.3299999237060547,1237,0.0,0.0,ARTW,60m
2023-07-10 15:30:00-04:00,2.319999933242798,2.319999933242798,2.319999933242798,2.319999933242798,500,0.0,0.0,ARTW,60m
2023-07-11 09:30:00-04:00,2.369999885559082,2.369999885559082,2.369999885559082,2.369999885559082,970,0.0,0.0,ARTW,60m
2023-07-11 12:30:00-04:00,2.390000104904175,2.509999990463257,2.321000099182129,2.4804999828338623,15912,0.0,0.0,ARTW,60m
2023-07-11 13:30:00-04:00,2.484999895095825,2.5,2.4000000953674316,2.4000000953674316,23154,0.0,0.0,ARTW,60m
2023-07-11 14:30:00-04:00,2.4549999237060547,2.619999885559082,2.4549999237060547,2.5999999046325684,27848,0.0,0.0,ARTW,60m
2023-07-11 15:30:00-04:00,2.5299999713897705,2.589900016784668,2.4100000858306885,2.4100000858306885,27043,0.0,0.0,ARTW,60m
2023-07-12 09:30:00-04:00,2.450000047683716,2.7713000774383545,2.450000047683716,2.7100000381469727,0,0.0,0.0,ARTW,60m
2023-07-12 10:30:00-04:00,2.700000047683716,2.7149999141693115,2.6273000240325928,2.7149999141693115,34830,0.0,0.0,ARTW,60m
2023-07-12 11:30:00-04:00,2.7200000286102295,2.759999990463257,2.6500000953674316,2.694999933242798,8423,0.0,0.0,ARTW,60m
2023-07-12 12:30:00-04:00,2.6500000953674316,2.7298998832702637,2.569999933242798,2.6600000858306885,3308,0.0,0.0,ARTW,60m
2023-07-12 13:30:00-04:00,2.600100040435791,2.7193000316619873,2.600100040435791,2.6047000885009766,5351,0.0,0.0,ARTW,60m
2023-07-12 14:30:00-04:00,2.7200000286102295,2.7200000286102295,2.690000057220459,2.700000047683716,2994,0.0,0.0,ARTW,60m
2023-07-12 15:30:00-04:00,2.6531999111175537,2.6798999309539795,2.619999885559082,2.6798999309539795,0,0.0,0.0,ARTW,60m
2023-07-13 09:30:00-04:00,2.9000000953674316,2.9000000953674316,2.680000066757202,2.700000047683716,9958,0.0,0.0,ARTW,60m
2023-07-13 10:30:00-04:00,2.7119998931884766,2.7119998931884766,2.5604000091552734,2.5604000091552734,12400,0.0,0.0,ARTW,60m
2023-07-13 11:30:00-04:00,2.5643999576568604,2.609999895095825,2.5218000411987305,2.573499917984009,7557,0.0,0.0,ARTW,60m
2023-07-13 12:30:00-04:00,2.609999895095825,2.609999895095825,2.5899999141693115,2.5899999141693115,1776,0.0,0.0,ARTW,60m
2023-07-13 13:30:00-04:00,2.5999999046325684,2.704699993133545,2.5999999046325684,2.704699993133545,697,0.0,0.0,ARTW,60m
2023-07-13 15:30:00-04:00,2.700000047683716,2.7599000930786133,2.640000104904175,2.7300000190734863,9336,0.0,0.0,ARTW,60m
2023-07-14 09:30:00-04:00,2.6500000953674316,2.719899892807007,2.5211000442504883,2.5399999618530273,8303,0.0,0.0,ARTW,60m
2023-07-14 11:30:00-04:00,2.609999895095825,2.634999990463257,2.609999895095825,2.634999990463257,396,0.0,0.0,ARTW,60m
2023-07-14 13:30:00-04:00,2.640000104904175,2.640000104904175,2.640000104904175,2.640000104904175,0,0.0,0.0,ARTW,60m
2023-07-14 14:30:00-04:00,2.640000104904175,2.6600000858306885,2.640000104904175,2.6600000858306885,10272,0.0,0.0,ARTW,60m
2023-07-14 15:30:00-04:00,2.6500000953674316,2.6500000953674316,2.640000104904175,2.640000104904175,548,0.0,0.0,ARTW,60m
2023-07-17 09:30:00-04:00,2.609999895095825,2.7200000286102295,2.609999895095825,2.6201000213623047,2821,0.0,0.0,ARTW,60m
2023-07-17 10:30:00-04:00,2.6893999576568604,2.9000000953674316,2.6884000301361084,2.7799999713897705,13186,0.0,0.0,ARTW,60m
2023-07-17 11:30:00-04:00,2.7699999809265137,2.819999933242798,2.7699999809265137,2.809999942779541,1778,0.0,0.0,ARTW,60m
2023-07-17 12:30:00-04:00,2.680000066757202,2.7300000190734863,2.680000066757202,2.7100000381469727,5243,0.0,0.0,ARTW,60m
2023-07-17 13:30:00-04:00,2.700000047683716,2.700000047683716,2.700000047683716,2.700000047683716,130,0.0,0.0,ARTW,60m
2023-07-17 14:30:00-04:00,2.7488999366760254,2.7488999366760254,2.7488999366760254,2.7488999366760254,2023,0.0,0.0,ARTW,60m
2023-07-17 15:30:00-04:00,2.690000057220459,2.75,2.690000057220459,2.75,0,0.0,0.0,ARTW,60m
2023-07-18 10:30:00-04:00,2.740000009536743,2.740000009536743,2.740000009536743,2.740000009536743,527,0.0,0.0,ARTW,60m
2023-07-18 12:30:00-04:00,2.740000009536743,2.740000009536743,2.740000009536743,2.740000009536743,150,0.0,0.0,ARTW,60m
2023-07-18 13:30:00-04:00,2.7699999809265137,2.7699999809265137,2.6605000495910645,2.7200000286102295,1600,0.0,0.0,ARTW,60m
2023-07-18 14:30:00-04:00,2.7799999713897705,2.7799999713897705,2.700900077819824,2.700900077819824,523,0.0,0.0,ARTW,60m
2023-07-18 15:30:00-04:00,2.7520999908447266,2.7520999908447266,2.7520999908447266,2.7520999908447266,113,0.0,0.0,ARTW,60m
2023-07-19 09:30:00-04:00,2.680000066757202,2.740000009536743,2.680000066757202,2.740000009536743,1089,0.0,0.0,ARTW,60m
2023-07-19 10:30:00-04:00,2.700000047683716,2.700000047683716,2.700000047683716,2.700000047683716,500,0.0,0.0,ARTW,60m
2023-07-19 11:30:00-04:00,2.6600000858306885,2.7799999713897705,2.6556999683380127,2.6700000762939453,14611,0.0,0.0,ARTW,60m
2023-07-19 12:30:00-04:00,2.6814000606536865,2.6814000606536865,2.6740000247955322,2.6740000247955322,1220,0.0,0.0,ARTW,60m
2023-07-19 13:30:00-04:00,2.6600000858306885,2.6700000762939453,2.6500000953674316,2.6600000858306885,4862,0.0,0.0,ARTW,60m
2023-07-19 14:30:00-04:00,2.6700000762939453,2.6700000762939453,2.6700000762939453,2.6700000762939453,0,0.0,0.0,ARTW,60m
2023-07-20 09:30:00-04:00,2.7200000286102295,2.7200000286102295,2.7200000286102295,2.7200000286102295,368,0.0,0.0,ARTW,60m
2023-07-20 10:30:00-04:00,2.690000057220459,2.690000057220459,2.5999999046325684,2.6802000999450684,16531,0.0,0.0,ARTW,60m
2023-07-20 12:30:00-04:00,2.7200000286102295,2.7200000286102295,2.7200000286102295,2.7200000286102295,114,0.0,0.0,ARTW,60m
2023-07-20 14:30:00-04:00,2.690000057220459,2.690000057220459,2.690000057220459,2.690000057220459,0,0.0,0.0,ARTW,60m
2023-07-21 09:30:00-04:00,2.680000066757202,2.690000057220459,2.680000066757202,2.690000057220459,1767,0.0,0.0,ARTW,60m
2023-07-21 10:30:00-04:00,2.656599998474121,2.656599998474121,2.6500000953674316,2.6500000953674316,1382,0.0,0.0,ARTW,60m
2023-07-21 12:30:00-04:00,2.619999885559082,2.619999885559082,2.609999895095825,2.609999895095825,615,0.0,0.0,ARTW,60m
2023-07-21 15:30:00-04:00,2.6500000953674316,2.690000057220459,2.640000104904175,2.690000057220459,1843,0.0,0.0,ARTW,60m
2023-07-24 09:30:00-04:00,2.609999895095825,2.609999895095825,2.579900026321411,2.609999895095825,2731,0.0,0.0,ARTW,60m
2023-07-24 12:30:00-04:00,2.630000114440918,2.630000114440918,2.569999933242798,2.569999933242798,0,0.0,0.0,ARTW,60m
2023-07-25 09:30:00-04:00,2.619999885559082,2.700000047683716,2.6198999881744385,2.6668999195098877,8276,0.0,0.0,ARTW,60m
2023-07-25 11:30:00-04:00,2.700000047683716,2.7227001190185547,2.700000047683716,2.7200000286102295,2566,0.0,0.0,ARTW,60m
2023-07-25 14:30:00-04:00,2.700000047683716,2.700000047683716,2.700000047683716,2.700000047683716,381,0.0,0.0,ARTW,60m
2023-07-25 15:30:00-04:00,2.702699899673462,2.7060000896453857,2.680000066757202,2.680000066757202,0,0.0,0.0,ARTW,60m
2023-07-26 09:30:00-04:00,2.690000057220459,2.7197000980377197,2.6610000133514404,2.7197000980377197,1226,0.0,0.0,ARTW,60m
2023-07-26 10:30:00-04:00,2.664299964904785,2.690000057220459,2.664299964904785,2.690000057220459,365,0.0,0.0,ARTW,60m
2023-07-26 11:30:00-04:00,2.659899950027466,2.659899950027466,2.659899950027466,2.659899950027466,2543,0.0,0.0,ARTW,60m
2023-07-26 12:30:00-04:00,2.6600000858306885,2.6600000858306885,2.6600000858306885,2.6600000858306885,846,0.0,0.0,ARTW,60m
2023-07-26 15:30:00-04:00,2.6898999214172363,2.6898999214172363,2.6898999214172363,2.6898999214172363,1600,0.0,0.0,ARTW,60m
2023-07-27 09:30:00-04:00,2.674999952316284,2.680000066757202,2.6600000858306885,2.667099952697754,912,0.0,0.0,ARTW,60m
2023-07-27 10:30:00-04:00,2.6898999214172363,2.6898999214172363,2.6898999214172363,2.6898999214172363,601,0.0,0.0,ARTW,60m
2023-07-27 11:30:00-04:00,2.6895999908447266,2.690000057220459,2.6600000858306885,2.6600000858306885,3449,0.0,0.0,ARTW,60m
2023-07-27 12:30:00-04:00,2.6600000858306885,2.6600000858306885,2.619999885559082,2.630000114440918,4889,0.0,0.0,ARTW,60m
2023-07-27 14:30:00-04:00,2.640000104904175,2.640000104904175,2.640000104904175,2.640000104904175,801,0.0,0.0,ARTW,60m
2023-07-27 15:30:00-04:00,2.6201000213623047,2.621500015258789,2.6201000213623047,2.621500015258789,765,0.0,0.0,ARTW,60m
2023-07-28 09:30:00-04:00,2.619999885559082,2.619999885559082,2.619999885559082,2.619999885559082,0,0.0,0.0,ARTW,60m
2023-07-28 11:30:00-04:00,2.630000114440918,2.6480000019073486,2.5999999046325684,2.640000104904175,2792,0.0,0.0,ARTW,60m
2023-07-28 15:30:00-04:00,2.6256000995635986,2.659899950027466,2.6256000995635986,2.6572000980377197,2571,0.0,0.0,ARTW,60m
2023-07-31 09:30:00-04:00,2.6649999618530273,2.6649999618530273,2.6649999618530273,2.6649999618530273,0,0.0,0.0,ARTW,60m
2023-07-31 10:30:00-04:00,2.699899911880493,2.699899911880493,2.690000057220459,2.690000057220459,419,0.0,0.0,ARTW,60m
2023-07-31 12:30:00-04:00,2.700000047683716,2.700000047683716,2.700000047683716,2.700000047683716,504,0.0,0.0,ARTW,60m
2023-07-31 13:30:00-04:00,2.690000057220459,2.700000047683716,2.6798999309539795,2.700000047683716,4041,0.0,0.0,ARTW,60m
2023-07-31 14:30:00-04:00,2.700000047683716,2.75,2.650099992752075,2.740000009536743,12047,0.0,0.0,ARTW,60m
2023-08-01 09:30:00-04:00,2.7200000286102295,2.7200000286102295,2.7200000286102295,2.7200000286102295,395,0.0,0.0,ARTW,60m
2023-08-01 10:30:00-04:00,2.725399971008301,2.7300000190734863,2.6600000858306885,2.6600000858306885,4086,0.0,0.0,ARTW,60m
2023-08-01 11:30:00-04:00,2.6600000858306885,2.6600000858306885,2.6600000858306885,2.6600000858306885,177,0.0,0.0,ARTW,60m
2023-08-01 12:30:00-04:00,2.700000047683716,2.700000047683716,2.6600000858306885,2.6600000858306885,1224,0.0,0.0,ARTW,60m
2023-08-01 13:30:00-04:00,2.6600000858306885,2.6600000858306885,2.640000104904175,2.640000104904175,927,0.0,0.0,ARTW,60m
2023-08-01 15:30:00-04:00,2.6500000953674316,2.6500000953674316,2.6500000953674316,2.6500000953674316,0,0.0,0.0,ARTW,60m
2023-08-02 09:30:00-04:00,2.6493000984191895,2.6493000984191895,2.6493000984191895,2.6493000984191895,470,0.0,0.0,ARTW,60m
2023-08-02 10:30:00-04:00,2.700000047683716,2.700000047683716,2.700000047683716,2.700000047683716,264,0.0,0.0,ARTW,60m
2023-08-02 11:30:00-04:00,2.6500000953674316,2.6500000953674316,2.6500000953674316,2.6500000953674316,0,0.0,0.0,ARTW,60m
2023-08-02 14:30:00-04:00,2.650099992752075,2.650099992752075,2.650099992752075,2.650099992752075,615,0.0,0.0,ARTW,60m
2023-08-03 12:30:00-04:00,2.700000047683716,2.700000047683716,2.691200017929077,2.691200017929077,4036,0.0,0.0,ARTW,60m
2023-08-03 13:30:00-04:00,2.690000057220459,2.700000047683716,2.6898999214172363,2.690000057220459,3056,0.0,0.0,ARTW,60m
2023-08-03 14:30:00-04:00,2.700000047683716,2.700000047683716,2.6965999603271484,2.6965999603271484,1919,0.0,0.0,ARTW,60m
2023-08-03 15:30:00-04:00,2.712399959564209,2.712399959564209,2.710700035095215,2.710700035095215,0,0.0,0.0,ARTW,60m
2023-08-04 13:30:00-04:00,2.6700000762939453,2.6700000762939453,2.6700000762939453,2.6700000762939453,745,0.0,0.0,ARTW,60m
2023-08-04 15:30:00-04:00,2.6700000762939453,2.6700000762939453,2.6500000953674316,2.6500000953674316,1096,0.0,0.0,ARTW,60m
2023-08-07 09:30:00-04:00,2.6500000953674316,2.6649999618530273,2.6500000953674316,2.6649999618530273,0,0.0,0.0,ARTW,60m
2023-08-07 10:30:00-04:00,2.700000047683716,2.700000047683716,2.700000047683716,2.700000047683716,104,0.0,0.0,ARTW,60m
2023-08-07 12:30:00-04:00,2.674999952316284,2.674999952316284,2.674999952316284,2.674999952316284,235,0.0,0.0,ARTW,60m
2023-08-07 14:30:00-04:00,2.6700000762939453,2.6700000762939453,2.6700000762939453,2.6700000762939453,129,0.0,0.0,ARTW,60m
2023-08-07 15:30:00-04:00,2.700000047683716,2.7300000190734863,2.700000047683716,2.7300000190734863,1900,0.0,0.0,ARTW,60m
2023-08-08 09:30:00-04:00,2.7200000286102295,2.7200000286102295,2.7200000286102295,2.7200000286102295,649,0.0,0.0,ARTW,60m
2023-08-08 10:30:00-04:00,2.7209999561309814,2.7209999561309814,2.7209999561309814,2.7209999561309814,176,0.0,0.0,ARTW,60m
2023-08-08 11:30:00-04:00,2.7300000190734863,2.7300000190734863,2.7200000286102295,2.7200000286102295,1054,0.0,0.0,ARTW,60m
2023-08-08 14:30:00-04:00,2.640000104904175,2.640000104904175,2.640000104904175,2.640000104904175,0,0.0,0.0,ARTW,60m
2023-08-09 09:30:00-04:00,2.640000104904175,2.7200000286102295,2.640000104904175,2.7200000286102295,1006,0.0,0.0,ARTW,60m
2023-08-09 15:30:00-04:00,2.700000047683716,2.700000047683716,2.700000047683716,2.700000047683716,0,0.0,0.0,ARTW,60m
2023-08-10 10:30:00-04:00,2.6700000762939453,2.6700000762939453,2.6700000762939453,2.6700000762939453,347,0.0,0.0,ARTW,60m
2023-08-10 13:30:00-04:00,2.670099973678589,2.670099973678589,2.670099973678589,2.670099973678589,0,0.0,0.0,ARTW,60m
2023-08-11 09:30:00-04:00,2.6700000762939453,2.6700000762939453,2.6700000762939453,2.6700000762939453,2179,0.0,0.0,ARTW,60m
2023-08-11 14:30:00-04:00,2.7200000286102295,2.75,2.7200000286102295,2.75,2042,0.0,0.0,ARTW,60m
2023-08-14 11:30:00-04:00,2.7399001121520996,2.7399001121520996,2.7399001121520996,2.7399001121520996,606,0.0,0.0,ARTW,60m
2023-08-14 14:30:00-04:00,2.6449999809265137,2.6449999809265137,2.6449999809265137,2.6449999809265137,124,0.0,0.0,ARTW,60m
2023-08-14 15:30:00-04:00,2.6500000953674316,2.6600000858306885,2.6500000953674316,2.6500000953674316,0,0.0,0.0,ARTW,60m
2023-08-15 13:30:00-04:00,2.6500000953674316,2.6500000953674316,2.6500000953674316,2.6500000953674316,117,0.0,0.0,ARTW,60m
2023-08-16 10:30:00-04:00,2.75,2.75,2.690000057220459,2.75,6087,0.0,0.0,ARTW,60m
2023-08-16 11:30:00-04:00,2.640000104904175,2.640000104904175,2.640000104904175,2.640000104904175,345,0.0,0.0,ARTW,60m
2023-08-17 09:30:00-04:00,2.630000114440918,2.640000104904175,2.630000114440918,2.640000104904175,0,0.0,0.0,ARTW,60m
2023-08-17 11:30:00-04:00,2.6401000022888184,2.6401000022888184,2.6401000022888184,2.6401000022888184,4936,0.0,0.0,ARTW,60m
2023-08-17 12:30:00-04:00,2.6798999309539795,2.6798999309539795,2.6798999309539795,2.6798999309539795,1070,0.0,0.0,ARTW,60m
2023-08-17 13:30:00-04:00,2.640000104904175,2.640000104904175,2.640000104904175,2.640000104904175,2350,0.0,0.0,ARTW,60m
2023-08-17 15:30:00-04:00,2.630000114440918,2.6500000953674316,2.630000114440918,2.6500000953674316,0,0.0,0.0,ARTW,60m
2023-08-18 09:30:00-04:00,2.5701000690460205,2.5701000690460205,2.5701000690460205,2.5701000690460205,304,0.0,0.0,ARTW,60m
2023-08-18 10:30:00-04:00,2.569999933242798,2.569999933242798,2.569999933242798,2.569999933242798,1766,0.0,0.0,ARTW,60m
2023-08-18 12:30:00-04:00,2.569999933242798,2.6050000190734863,2.569999933242798,2.6050000190734863,799,0.0,0.0,ARTW,60m
2023-08-18 13:30:00-04:00,2.600100040435791,2.600100040435791,2.600100040435791,2.600100040435791,100,0.0,0.0,ARTW,60m
2023-08-18 14:30:00-04:00,2.609999895095825,2.609999895095825,2.609999895095825,2.609999895095825,1792,0.0,0.0,ARTW,60m
2023-08-18 15:30:00-04:00,2.630000114440918,2.6500000953674316,2.630000114440918,2.6500000953674316,580,0.0,0.0,ARTW,60m
2023-08-21 13:30:00-04:00,2.6500000953674316,2.6500000953674316,2.6500000953674316,2.6500000953674316,148,0.0,0.0,ARTW,60m
2023-08-22 09:30:00-04:00,2.609999895095825,2.6500000953674316,2.609999895095825,2.6500000953674316,0,0.0,0.0,ARTW,60m
2023-08-22 11:30:00-04:00,2.6700000762939453,2.6700000762939453,2.6700000762939453,2.6700000762939453,741,0.0,0.0,ARTW,60m
2023-08-22 12:30:00-04:00,2.569999933242798,2.569999933242798,2.569999933242798,2.569999933242798,859,0.0,0.0,ARTW,60m
2023-08-22 15:30:00-04:00,2.619999885559082,2.621000051498413,2.619999885559082,2.621000051498413,0,0.0,0.0,ARTW,60m
2023-08-23 09:30:00-04:00,2.6098999977111816,2.61899995803833,2.6098999977111816,2.61899995803833,3023,0.0,0.0,ARTW,60m
2023-08-23 13:30:00-04:00,2.625,2.625,2.625,2.625,300,0.0,0.0,ARTW,60m
2023-08-23 14:30:00-04:00,2.5804998874664307,2.619999885559082,2.5804998874664307,2.619999885559082,1108,0.0,0.0,ARTW,60m
2023-08-23 15:30:00-04:00,2.6700000762939453,2.6700000762939453,2.6700000762939453,2.6700000762939453,0,0.0,0.0,ARTW,60m
2023-08-24 09:30:00-04:00,2.6700000762939453,2.6700000762939453,2.6700000762939453,2.6700000762939453,0,0.0,0.0,ARTW,60m
2023-08-24 11:30:00-04:00,2.6700000762939453,2.6700000762939453,2.6700000762939453,2.6700000762939453,2313,0.0,0.0,ARTW,60m
2023-08-24 13:30:00-04:00,2.6493000984191895,2.6493000984191895,2.6493000984191895,2.6493000984191895,0,0.0,0.0,ARTW,60m
2023-08-25 10:30:00-04:00,2.5999999046325684,2.5999999046325684,2.5999999046325684,2.5999999046325684,1158,0.0,0.0,ARTW,60m
2023-08-25 15:30:00-04:00,2.6500000953674316,2.6500000953674316,2.6500000953674316,2.6500000953674316,405,0.0,0.0,ARTW,60m
2023-08-28 09:30:00-04:00,2.6500000953674316,2.658900022506714,2.6500000953674316,2.658900022506714,614,0.0,0.0,ARTW,60m
2023-08-28 10:30:00-04:00,2.6600000858306885,2.6600000858306885,2.6600000858306885,2.6600000858306885,107,0.0,0.0,ARTW,60m
2023-08-28 12:30:00-04:00,2.6600000858306885,2.6600000858306885,2.6600000858306885,2.6600000858306885,0,0.0,0.0,ARTW,60m
2023-08-29 09:30:00-04:00,2.680000066757202,2.680000066757202,2.680000066757202,2.680000066757202,180,0.0,0.0,ARTW,60m
2023-08-29 11:30:00-04:00,2.7300000190734863,2.7300000190734863,2.7300000190734863,2.7300000190734863,123,0.0,0.0,ARTW,60m
2023-08-29 15:30:00-04:00,2.700000047683716,2.700000047683716,2.700000047683716,2.700000047683716,0,0.0,0.0,ARTW,60m
2023-08-30 09:30:00-04:00,2.700000047683716,2.700000047683716,2.700000047683716,2.700000047683716,647,0.0,0.0,ARTW,60m
2023-08-30 10:30:00-04:00,2.6710000038146973,2.6749000549316406,2.6700000762939453,2.6749000549316406,1661,0.0,0.0,ARTW,60m
2023-08-30 11:30:00-04:00,2.5999999046325684,2.5999999046325684,2.5999999046325684,2.5999999046325684,0,0.0,0.0,ARTW,60m
2023-08-31 09:30:00-04:00,2.6700000762939453,2.6700000762939453,2.6700000762939453,2.6700000762939453,94,0.0,0.0,ARTW,60m
2023-09-01 09:30:00-04:00,2.644700050354004,2.7200000286102295,2.639899969100952,2.649899959564209,19947,0.0,0.0,ARTW,60m
2023-09-01 11:30:00-04:00,2.7472000122070312,2.759999990463257,2.6714999675750732,2.6714999675750732,2347,0.0,0.0,ARTW,60m
2023-09-01 14:30:00-04:00,2.6603000164031982,2.6603000164031982,2.6603000164031982,2.6603000164031982,602,0.0,0.0,ARTW,60m
2023-09-01 15:30:00-04:00,2.700000047683716,2.700000047683716,2.700000047683716,2.700000047683716,521,0.0,0.0,ARTW,60m
2023-09-05 13:30:00-04:00,2.609999895095825,2.609999895095825,2.609999895095825,2.609999895095825,495,0.0,0.0,ARTW,60m
2023-09-05 14:30:00-04:00,2.6168999671936035,2.619999885559082,2.609999895095825,2.609999895095825,2063,0.0,0.0,ARTW,60m
2023-09-06 09:30:00-04:00,2.618499994277954,2.618499994277954,2.5999999046325684,2.6094000339508057,5764,0.0,0.0,ARTW,60m
2023-09-06 10:30:00-04:00,2.5801000595092773,2.5950000286102295,2.5799999237060547,2.586699962615967,3727,0.0,0.0,ARTW,60m
2023-09-06 11:30:00-04:00,2.602400064468384,2.609999895095825,2.602400064468384,2.609999895095825,1194,0.0,0.0,ARTW,60m
2023-09-06 13:30:00-04:00,2.5799999237060547,2.5799999237060547,2.5799999237060547,2.5799999237060547,222,0.0,0.0,ARTW,60m
2023-09-07 09:30:00-04:00,2.5799999237060547,2.5799999237060547,2.5799999237060547,2.5799999237060547,19,0.0,0.0,ARTW,60m
2023-09-08 11:30:00-04:00,2.565000057220459,2.565000057220459,2.565000057220459,2.565000057220459,1147,0.0,0.0,ARTW,60m
2023-09-08 14:30:00-04:00,2.549999952316284,2.549999952316284,2.5199999809265137,2.5199999809265137,1532,0.0,0.0,ARTW,60m
2023-09-08 15:30:00-04:00,2.5299999713897705,2.5299999713897705,2.529900074005127,2.5299999713897705,515,0.0,0.0,ARTW,60m
2023-09-11 09:30:00-04:00,2.5299999713897705,2.5299999713897705,2.529900074005127,2.5299999713897705,4633,0.0,0.0,ARTW,60m
2023-09-11 10:30:00-04:00,2.565000057220459,2.632999897003174,2.565000057220459,2.632999897003174,492,0.0,0.0,ARTW,60m
2023-09-11 13:30:00-04:00,2.619999885559082,2.619999885559082,2.619999885559082,2.619999885559082,171,0.0,0.0,ARTW,60m
2023-09-11 14:30:00-04:00,2.5899999141693115,2.5899999141693115,2.5899999141693115,2.5899999141693115,0,0.0,0.0,ARTW,60m
2023-09-12 09:30:00-04:00,2.609999895095825,2.6136999130249023,2.5899999141693115,2.5899999141693115,3367,0.0,0.0,ARTW,60m
2023-09-12 12:30:00-04:00,2.5899999141693115,2.5899999141693115,2.559999942779541,2.559999942779541,369,0.0,0.0,ARTW,60m
2023-09-13 09:30:00-04:00,2.5199999809265137,2.5199999809265137,2.5199999809265137,2.5199999809265137,245,0.0,0.0,ARTW,60m
2023-09-13 10:30:00-04:00,2.5100998878479004,2.5100998878479004,2.430000066757202,2.4800000190734863,6078,0.0,0.0,ARTW,60m
2023-09-13 14:30:00-04:00,2.4800000190734863,2.4800000190734863,2.450000047683716,2.450000047683716,217,0.0,0.0,ARTW,60m
2023-09-13 15:30:00-04:00,2.4800000190734863,2.490000009536743,2.430000066757202,2.430000066757202,6182,0.0,0.0,ARTW,60m
2023-09-14 09:30:00-04:00,2.430000066757202,2.4800000190734863,2.430000066757202,2.440000057220459,0,0.0,0.0,ARTW,60m
2023-09-14 10:30:00-04:00,2.430000066757202,2.430000066757202,2.430000066757202,2.430000066757202,117,0.0,0.0,ARTW,60m
2023-09-14 11:30:00-04:00,2.430000066757202,2.430000066757202,2.430000066757202,2.430000066757202,100,0.0,0.0,ARTW,60m
2023-09-14 12:30:00-04:00,2.4200000762939453,2.4200000762939453,2.4200000762939453,2.4200000762939453,995,0.0,0.0,ARTW,60m
2023-09-14 14:30:00-04:00,2.449899911880493,2.450000047683716,2.4200000762939453,2.430000066757202,2365,0.0,0.0,ARTW,60m
2023-09-14 15:30:00-04:00,2.449899911880493,2.450000047683716,2.4498000144958496,2.449899911880493,0,0.0,0.0,ARTW,60m
2023-09-15 09:30:00-04:00,2.5199999809265137,2.5199999809265137,2.4600000381469727,2.5199999809265137,1427,0.0,0.0,ARTW,60m
2023-09-15 10:30:00-04:00,2.450000047683716,2.450000047683716,2.450000047683716,2.450000047683716,337,0.0,0.0,ARTW,60m
2023-09-15 11:30:00-04:00,2.430000066757202,2.430000066757202,2.4100000858306885,2.4200000762939453,851,0.0,0.0,ARTW,60m
2023-09-15 14:30:00-04:00,2.4200000762939453,2.4200000762939453,2.4200000762939453,2.4200000762939453,133,0.0,0.0,ARTW,60m
2023-09-18 09:30:00-04:00,2.4298999309539795,2.4298999309539795,2.4100000858306885,2.4100000858306885,0,0.0,0.0,ARTW,60m
2023-09-18 12:30:00-04:00,2.4100000858306885,2.4100000858306885,2.4100000858306885,2.4100000858306885,288,0.0,0.0,ARTW,60m
2023-09-18 13:30:00-04:00,2.4149999618530273,2.4200000762939453,2.4149999618530273,2.4200000762939453,1044,0.0,0.0,ARTW,60m
2023-09-19 09:30:00-04:00,2.4100000858306885,2.430000066757202,2.4100000858306885,2.4200000762939453,0,0.0,0.0,ARTW,60m
2023-09-19 11:30:00-04:00,2.410099983215332,2.410099983215332,2.410099983215332,2.410099983215332,402,0.0,0.0,ARTW,60m
2023-09-19 12:30:00-04:00,2.450500011444092,2.450500011444092,2.450500011444092,2.450500011444092,0,0.0,0.0,ARTW,60m
2023-09-20 10:30:00-04:00,2.440000057220459,2.450000047683716,2.4100000858306885,2.4198999404907227,2914,0.0,0.0,ARTW,60m
2023-09-20 11:30:00-04:00,2.4100000858306885,2.4100000858306885,2.4100000858306885,2.4100000858306885,206,0.0,0.0,ARTW,60m
2023-09-20 12:30:00-04:00,2.4100000858306885,2.4100000858306885,2.4100000858306885,2.4100000858306885,201,0.0,0.0,ARTW,60m
2023-09-20 13:30:00-04:00,2.4296998977661133,2.4296998977661133,2.4212000370025635,2.4212000370025635,5559,0.0,0.0,ARTW,60m
2023-09-20 14:30:00-04:00,2.4000000953674316,2.4200000762939453,2.4000000953674316,2.409899950027466,1327,0.0,0.0,ARTW,60m
2023-09-20 15:30:00-04:00,2.371000051498413,2.371000051498413,2.371000051498413,2.371000051498413,0,0.0,0.0,ARTW,60m
2023-09-21 09:30:00-04:00,2.3299999237060547,2.3499999046325684,2.250699996948242,2.3499999046325684,8584,0.0,0.0,ARTW,60m
2023-09-21 10:30:00-04:00,2.3399999141693115,2.3399999141693115,2.3399999141693115,2.3399999141693115,102,0.0,0.0,ARTW,60m
2023-09-21 11:30:00-04:00,2.3299999237060547,2.3299999237060547,2.3299999237060547,2.3299999237060547,0,0.0,0.0,ARTW,60m
2023-09-22 10:30:00-04:00,2.3299999237060547,2.3299999237060547,2.3299999237060547,2.3299999237060547,1500,0.0,0.0,ARTW,60m
2023-09-22 11:30:00-04:00,2.374799966812134,2.374799966812134,2.3510000705718994,2.3510000705718994,1259,0.0,0.0,ARTW,60m
2023-09-22 12:30:00-04:00,2.3499999046325684,2.3499999046325684,2.3499999046325684,2.3499999046325684,125,0.0,0.0,ARTW,60m
2023-09-22 15:30:00-04:00,2.3299999237060547,2.3299999237060547,2.3299999237060547,2.3299999237060547,412,0.0,0.0,ARTW,60m
2023-09-25 09:30:00-04:00,2.259999990463257,2.3399999141693115,2.259999990463257,2.3399999141693115,0,0.0,0.0,ARTW,60m
2023-09-25 10:30:00-04:00,2.3257999420166016,2.3257999420166016,2.3257999420166016,2.3257999420166016,0,0.0,0.0,ARTW,60m
2023-09-26 12:30:00-04:00,2.309999942779541,2.3299999237060547,2.299999952316284,2.329900026321411,216,0.0,0.0,ARTW,60m
2023-09-27 15:30:00-04:00,2.380000114440918,2.380000114440918,2.380000114440918,2.380000114440918,0,0.0,0.0,ARTW,60m
2023-09-28 09:30:00-04:00,2.319999933242798,2.369999885559082,2.299999952316284,2.369999885559082,5736,0.0,0.0,ARTW,60m
2023-09-28 10:30:00-04:00,2.3201000690460205,2.4200000762939453,2.3201000690460205,2.4200000762939453,1212,0.0,0.0,ARTW,60m
2023-09-28 13:30:00-04:00,2.322000026702881,2.322000026702881,2.309999942779541,2.319499969482422,3180,0.0,0.0,ARTW,60m
2023-09-28 14:30:00-04:00,2.430000066757202,2.440000057220459,2.430000066757202,2.438999891281128,2006,0.0,0.0,ARTW,60m
2023-09-28 15:30:00-04:00,2.3299999237060547,2.3299999237060547,2.3299999237060547,2.3299999237060547,0,0.0,0.0,ARTW,60m
2023-09-29 09:30:00-04:00,2.4442999362945557,2.4442999362945557,2.4442999362945557,2.4442999362945557,158,0.0,0.0,ARTW,60m
2023-09-29 10:30:00-04:00,2.3299999237060547,2.3299999237060547,2.3299999237060547,2.3299999237060547,706,0.0,0.0,ARTW,60m
2023-09-29 13:30:00-04:00,2.3499999046325684,2.3499999046325684,2.3499999046325684,2.3499999046325684,136,0.0,0.0,ARTW,60m
2023-09-29 15:30:00-04:00,2.3499999046325684,2.3499999046325684,2.3499999046325684,2.3499999046325684,127,0.0,0.0,ARTW,60m
2023-10-02 09:30:00-04:00,2.3399999141693115,2.3399999141693115,2.3399999141693115,2.3399999141693115,0,0.0,0.0,ARTW,60m
2023-10-02 10:30:00-04:00,2.3159000873565674,2.3399999141693115,2.3159000873565674,2.319999933242798,1527,0.0,0.0,ARTW,60m
2023-10-02 11:30:00-04:00,2.3299999237060547,2.384999990463257,2.329900026321411,2.384999990463257,0,0.0,0.0,ARTW,60m
2023-10-03 10:30:00-04:00,2.380000114440918,2.380000114440918,2.380000114440918,2.380000114440918,104,0.0,0.0,ARTW,60m
2023-10-03 11:30:00-04:00,2.319999933242798,2.319999933242798,2.308000087738037,2.308000087738037,161,0.0,0.0,ARTW,60m
2023-10-04 09:30:00-04:00,2.450000047683716,2.450000047683716,2.299999952316284,2.339200019836426,692,0.0,0.0,ARTW,60m
2023-10-04 10:30:00-04:00,2.309999942779541,2.309999942779541,2.309999942779541,2.309999942779541,0,0.0,0.0,ARTW,60m
2023-10-05 09:30:00-04:00,2.309999942779541,2.309999942779541,2.309999942779541,2.309999942779541,402,0.0,0.0,ARTW,60m
2023-10-05 13:30:00-04:00,2.309999942779541,2.309999942779541,2.309999942779541,2.309999942779541,267,0.0,0.0,ARTW,60m
2023-10-05 15:30:00-04:00,2.309999942779541,2.309999942779541,2.309999942779541,2.309999942779541,112,0.0,0.0,ARTW,60m
2023-10-06 09:30:00-04:00,2.2799999713897705,2.309999942779541,2.2799999713897705,2.309999942779541,466,0.0,0.0,ARTW,60m
2023-10-06 10:30:00-04:00,2.309999942779541,2.309999942779541,2.2899999618530273,2.2899999618530273,1866,0.0,0.0,ARTW,60m
2023-10-09 09:30:00-04:00,2.299999952316284,2.309999942779541,2.299999952316284,2.309999942779541,0,0.0,0.0,ARTW,60m
2023-10-09 11:30:00-04:00,2.297600030899048,2.3399999141693115,2.297600030899048,2.3399999141693115,777,0.0,0.0,ARTW,60m
2023-10-09 14:30:00-04:00,2.309999942779541,2.309999942779541,2.309999942779541,2.309999942779541,337,0.0,0.0,ARTW,60m
2023-10-09 15:30:00-04:00,2.3299999237060547,2.3399999141693115,2.3299999237060547,2.3399999141693115,0,0.0,0.0,ARTW,60m
2023-10-10 09:30:00-04:00,2.325000047683716,2.430000066757202,2.325000047683716,2.430000066757202,1232,0.0,0.0,ARTW,60m
2023-10-10 15:30:00-04:00,2.4100000858306885,2.4200000762939453,2.4100000858306885,2.4200000762939453,0,0.0,0.0,ARTW,60m
2023-10-11 13:30:00-04:00,2.4100000858306885,2.430000066757202,2.3301000595092773,2.369999885559082,3142,0.0,0.0,ARTW,60m
2023-10-11 15:30:00-04:00,2.3299999237060547,2.3299999237060547,2.3299999237060547,2.3299999237060547,344,0.0,0.0,ARTW,60m
2023-10-12 09:30:00-04:00,2.25,2.2927000522613525,2.200000047683716,2.2927000522613525,20783,0.0,0.0,ARTW,60m
2023-10-12 10:30:00-04:00,2.2367000579833984,2.244999885559082,2.069999933242798,2.1398000717163086,47938,0.0,0.0,ARTW,60m
2023-10-12 11:30:00-04:00,2.1540000438690186,2.1540000438690186,2.0999999046325684,2.109999895095825,9269,0.0,0.0,ARTW,60m
2023-10-12 12:30:00-04:00,2.0999999046325684,2.0999999046325684,2.0799999237060547,2.0799999237060547,9041,0.0,0.0,ARTW,60m
2023-10-12 13:30:00-04:00,2.087899923324585,2.098099946975708,2.0799999237060547,2.098099946975708,1735,0.0,0.0,ARTW,60m
2023-10-12 14:30:00-04:00,2.080199956893921,2.0999999046325684,2.0201001167297363,2.077500104904175,23292,0.0,0.0,ARTW,60m
2023-10-12 15:30:00-04:00,2.049999952316284,2.0599000453948975,2.049999952316284,2.055000066757202,0,0.0,0.0,ARTW,60m
2023-10-13 09:30:00-04:00,2.049999952316284,2.059999942779541,1.98989999294281,2.041300058364868,12991,0.0,0.0,ARTW,60m
2023-10-13 11:30:00-04:00,2.009999990463257,2.009999990463257,2.009999990463257,2.009999990463257,404,0.0,0.0,ARTW,60m
2023-10-13 13:30:00-04:00,2.022900104522705,2.029900074005127,2.0179998874664307,2.0199999809265137,1887,0.0,0.0,ARTW,60m
2023-10-13 14:30:00-04:00,2.0799999237060547,2.0799999237060547,2.0799999237060547,2.0799999237060547,400,0.0,0.0,ARTW,60m
2023-10-13 15:30:00-04:00,2.0299999713897705,2.0399999618530273,2.0299999713897705,2.0399999618530273,306,0.0,0.0,ARTW,60m
2023-10-16 09:30:00-04:00,2.0199999809265137,2.0232999324798584,2.0,2.0,0,0.0,0.0,ARTW,60m
2023-10-16 10:30:00-04:00,1.9900000095367432,1.9900000095367432,1.9900000095367432,1.9900000095367432,0,0.0,0.0,ARTW,60m
2023-10-16 11:30:00-04:00,1.9900000095367432,1.9900000095367432,1.9500000476837158,1.9500000476837158,15555,0.0,0.0,ARTW,60m
2023-10-16 12:30:00-04:00,1.9800000190734863,1.9900000095367432,1.9641000032424927,1.9900000095367432,565,0.0,0.0,ARTW,60m
2023-10-16 13:30:00-04:00,2.0,2.0199999809265137,1.9687000513076782,2.0199999809265137,6435,0.0,0.0,ARTW,60m
2023-10-16 14:30:00-04:00,1.9900000095367432,1.9900000095367432,1.9900000095367432,1.9900000095367432,427,0.0,0.0,ARTW,60m
2023-10-16 15:30:00-04:00,1.976199984550476,2.0,1.975000023841858,2.0,1232,0.0,0.0,ARTW,60m
2023-10-17 09:30:00-04:00,1.9800000190734863,2.0,1.9799000024795532,2.0,4835,0.0,0.0,ARTW,60m
2023-10-17 10:30:00-04:00,1.9700000286102295,1.9900000095367432,1.9700000286102295,1.98989999294281,5062,0.0,0.0,ARTW,60m
2023-10-17 11:30:00-04:00,1.9800000190734863,2.009999990463257,1.9800000190734863,2.009999990463257,2122,0.0,0.0,ARTW,60m
2023-10-17 12:30:00-04:00,2.0000998973846436,2.009999990463257,2.0,2.009399890899658,1626,0.0,0.0,ARTW,60m
2023-10-17 13:30:00-04:00,2.009500026702881,2.0199999809265137,2.009500026702881,2.0199999809265137,1379,0.0,0.0,ARTW,60m
2023-10-17 15:30:00-04:00,2.0095999240875244,2.0199999809265137,2.0,2.009999990463257,3604,0.0,0.0,ARTW,60m
2023-10-18 09:30:00-04:00,2.0,2.0199999809265137,2.0,2.0,4849,0.0,0.0,ARTW,60m
2023-10-18 14:30:00-04:00,2.0,2.0,2.0,2.0,196,0.0,0.0,ARTW,60m
2023-10-18 15:30:00-04:00,2.0,2.009399890899658,2.0,2.0,0,0.0,0.0,ARTW,60m
2023-10-19 09:30:00-04:00,1.9900000095367432,2.0,1.98989999294281,1.9900000095367432,2970,0.0,0.0,ARTW,60m
2023-10-19 10:30:00-04:00,2.0,2.0111000537872314,2.0,2.0111000537872314,1224,0.0,0.0,ARTW,60m
2023-10-19 11:30:00-04:00,2.0,2.0,2.0,2.0,254,0.0,0.0,ARTW,60m
2023-10-19 13:30:00-04:00,2.009999990463257,2.0132999420166016,2.009700059890747,2.009700059890747,3803,0.0,0.0,ARTW,60m
2023-10-19 15:30:00-04:00,2.0,2.0,2.0,2.0,192,0.0,0.0,ARTW,60m
2023-10-20 09:30:00-04:00,2.009999990463257,2.009999990463257,2.009999990463257,2.009999990463257,0,0.0,0.0,ARTW,60m
2023-10-20 15:30:00-04:00,2.0,2.0,2.0,2.0,887,0.0,0.0,ARTW,60m
2023-10-23 10:30:00-04:00,2.0499000549316406,2.0499000549316406,2.0399999618530273,2.0399999618530273,250,0.0,0.0,ARTW,60m
2023-10-23 11:30:00-04:00,2.0,2.0,2.0,2.0,0,0.0,0.0,ARTW,60m
2023-10-24 13:30:00-04:00,2.0299999713897705,2.0299999713897705,2.0299999713897705,2.0299999713897705,161,0.0,0.0,ARTW,60m
2023-10-24 14:30:00-04:00,2.0199999809265137,2.0199999809265137,2.0,2.0,4121,0.0,0.0,ARTW,60m
2023-10-26 09:30:00-04:00,2.0141000747680664,2.0141000747680664,2.0141000747680664,2.0141000747680664,736,0.0,0.0,ARTW,60m
2023-10-26 10:30:00-04:00,2.0199999809265137,2.0199999809265137,2.0199999809265137,2.0199999809265137,365,0.0,0.0,ARTW,60m
2023-10-26 11:30:00-04:00,2.0,2.0006000995635986,2.0,2.0,1101,0.0,0.0,ARTW,60m
2023-10-26 12:30:00-04:00,2.0,2.0,2.0,2.0,100,0.0,0.0,ARTW,60m
2023-10-26 13:30:00-04:00,2.0099000930786133,2.009999990463257,2.0099000930786133,2.009999990463257,4610,0.0,0.0,ARTW,60m
2023-10-26 15:30:00-04:00,2.0399999618530273,2.0399999618530273,2.009999990463257,2.009999990463257,0,0.0,0.0,ARTW,60m
2023-10-27 09:30:00-04:00,2.0,2.049999952316284,2.0,2.0,10532,0.0,0.0,ARTW,60m
2023-10-27 12:30:00-04:00,2.033799886703491,2.033799886703491,2.033799886703491,2.033799886703491,100,0.0,0.0,ARTW,60m
2023-10-27 14:30:00-04:00,2.009999990463257,2.009999990463257,2.009999990463257,2.009999990463257,100,0.0,0.0,ARTW,60m
2023-10-30 12:30:00-04:00,2.0299999713897705,2.039099931716919,2.0299999713897705,2.039099931716919,407,0.0,0.0,ARTW,60m
2023-10-30 13:30:00-04:00,2.0299999713897705,2.0299999713897705,2.0299999713897705,2.0299999713897705,150,0.0,0.0,ARTW,60m
2023-10-30 14:30:00-04:00,2.0199999809265137,2.0199999809265137,2.0199999809265137,2.0199999809265137,1037,0.0,0.0,ARTW,60m
2023-10-30 15:30:00-04:00,2.009999990463257,2.009999990463257,2.009999990463257,2.009999990463257,0,0.0,0.0,ARTW,60m
2023-10-31 10:30:00-04:00,1.9955999851226807,1.9955999851226807,1.9955999851226807,1.9955999851226807,374,0.0,0.0,ARTW,60m
2023-10-31 11:30:00-04:00,1.9500000476837158,2.009999990463257,1.9500000476837158,2.009999990463257,688,0.0,0.0,ARTW,60m
2023-10-31 12:30:00-04:00,2.0,2.0199999809265137,1.9954999685287476,2.0199999809265137,0,0.0,0.0,ARTW,60m
2023-10-31 13:30:00-04:00,2.0199999809265137,2.0199999809265137,2.0199999809265137,2.0199999809265137,1987,0.0,0.0,ARTW,60m
2023-10-31 14:30:00-04:00,2.009999990463257,2.0199999809265137,1.9931000471115112,2.0,616,0.0,0.0,ARTW,60m
2023-10-31 15:30:00-04:00,2.0,2.0,2.0,2.0,0,0.0,0.0,ARTW,60m
2023-11-01 10:30:00-04:00,1.999899983406067,2.009999990463257,1.999899983406067,2.009999990463257,1388,0.0,0.0,ARTW,60m
2023-11-01 14:30:00-04:00,1.9700000286102295,2.009999990463257,1.9677000045776367,2.0099000930786133,3272,0.0,0.0,ARTW,60m
2023-11-01 15:30:00-04:00,2.0299999713897705,2.0299999713897705,2.010200023651123,2.010200023651123,0,0.0,0.0,ARTW,60m
2023-11-02 10:30:00-04:00,2.015000104904175,2.029900074005127,2.015000104904175,2.029900074005127,3545,0.0,0.0,ARTW,60m
2023-11-02 11:30:00-04:00,2.02620005607605,2.0299999713897705,2.02620005607605,2.0299999713897705,225,0.0,0.0,ARTW,60m
2023-11-02 12:30:00-04:00,2.0299999713897705,2.0299999713897705,2.0299999713897705,2.0299999713897705,100,0.0,0.0,ARTW,60m
2023-11-02 13:30:00-04:00,2.0299999713897705,2.0299999713897705,2.0299999713897705,2.0299999713897705,494,0.0,0.0,ARTW,60m
2023-11-02 14:30:00-04:00,2.0350000858306885,2.0350000858306885,2.0350000858306885,2.0350000858306885,0,0.0,0.0,ARTW,60m
2023-11-03 11:30:00-04:00,2.0199999809265137,2.059999942779541,2.0199999809265137,2.0453999042510986,964,0.0,0.0,ARTW,60m
2023-11-03 12:30:00-04:00,2.049999952316284,2.069999933242798,2.0399999618530273,2.069999933242798,1466,0.0,0.0,ARTW,60m
2023-11-03 13:30:00-04:00,2.0450000762939453,2.069999933242798,2.009999990463257,2.069999933242798,5928,0.0,0.0,ARTW,60m
2023-11-03 14:30:00-04:00,2.059999942779541,2.059999942779541,2.0399999618530273,2.0399999618530273,200,0.0,0.0,ARTW,60m
2023-11-06 10:30:00-05:00,2.0,2.0,2.0,2.0,480,0.0,0.0,ARTW,60m
2023-11-06 13:30:00-05:00,2.022900104522705,2.022900104522705,2.0,2.009999990463257,610,0.0,0.0,ARTW,60m
2023-11-06 14:30:00-05:00,2.0,2.0,2.0,2.0,525,0.0,0.0,ARTW,60m
2023-11-06 15:30:00-05:00,2.0,2.0,2.0,2.0,0,0.0,0.0,ARTW,60m
2023-11-07 09:30:00-05:00,1.98989999294281,2.0,1.98989999294281,2.0,756,0.0,0.0,ARTW,60m
2023-11-07 10:30:00-05:00,2.0299999713897705,2.030100107192993,2.0299999713897705,2.030100107192993,515,0.0,0.0,ARTW,60m
2023-11-07 11:30:00-05:00,2.0299999713897705,2.0299999713897705,2.0299999713897705,2.0299999713897705,120,0.0,0.0,ARTW,60m
2023-11-07 12:30:00-05:00,2.049999952316284,2.059999942779541,2.049999952316284,2.059999942779541,2564,0.0,0.0,ARTW,60m
2023-11-07 13:30:00-05:00,2.059999942779541,2.059999942779541,2.059999942779541,2.059999942779541,216,0.0,0.0,ARTW,60m
2023-11-07 14:30:00-05:00,2.049999952316284,2.053499937057495,2.049999952316284,2.049999952316284,927,0.0,0.0,ARTW,60m
2023-11-07 15:30:00-05:00,2.0999999046325684,2.0999999046325684,2.0999999046325684,2.0999999046325684,0,0.0,0.0,ARTW,60m
2023-11-08 09:30:00-05:00,2.0999999046325684,2.1600000858306885,2.0999999046325684,2.1600000858306885,1240,0.0,0.0,ARTW,60m
2023-11-08 10:30:00-05:00,2.100100040435791,2.100100040435791,2.0999999046325684,2.0999999046325684,4911,0.0,0.0,ARTW,60m
2023-11-08 11:30:00-05:00,2.0999999046325684,2.0999999046325684,2.0999999046325684,2.0999999046325684,513,0.0,0.0,ARTW,60m
2023-11-08 12:30:00-05:00,2.0999999046325684,2.0999999046325684,2.0999999046325684,2.0999999046325684,302,0.0,0.0,ARTW,60m
2023-11-08 13:30:00-05:00,2.0999999046325684,2.0999999046325684,2.0199999809265137,2.0199999809265137,4210,0.0,0.0,ARTW,60m
2023-11-08 15:30:00-05:00,2.0,2.0,2.0,2.0,0,0.0,0.0,ARTW,60m
2023-11-09 09:30:00-05:00,2.0199999809265137,2.0199999809265137,2.0199999809265137,2.0199999809265137,0,0.0,0.0,ARTW,60m
2023-11-10 09:30:00-05:00,1.9500000476837158,2.0950000286102295,1.9500000476837158,2.0,1333,0.0,0.0,ARTW,60m
2023-11-10 10:30:00-05:00,2.0000998973846436,2.0000998973846436,2.0,2.0,1298,0.0,0.0,ARTW,60m
2023-11-10 12:30:00-05:00,2.0457000732421875,2.0457000732421875,2.0457000732421875,2.0457000732421875,142,0.0,0.0,ARTW,60m
2023-11-10 14:30:00-05:00,2.0,2.0,2.0,2.0,276,0.0,0.0,ARTW,60m
2023-11-10 15:30:00-05:00,2.0199999809265137,2.0199999809265137,2.01990008354187,2.01990008354187,604,0.0,0.0,ARTW,60m
2023-11-13 11:30:00-05:00,2.0,2.0199999809265137,2.0,2.0199999809265137,344,0.0,0.0,ARTW,60m
2023-11-13 13:30:00-05:00,2.0,2.0,1.972100019454956,1.972100019454956,2126,0.0,0.0,ARTW,60m
2023-11-13 14:30:00-05:00,2.005000114440918,2.0199999809265137,2.005000114440918,2.0199999809265137,600,0.0,0.0,ARTW,60m
2023-11-13 15:30:00-05:00,2.0100998878479004,2.0100998878479004,2.009999990463257,2.009999990463257,0,0.0,0.0,ARTW,60m
2023-11-14 13:30:00-05:00,2.0399999618530273,2.049999952316284,2.0399999618530273,2.049999952316284,591,0.0,0.0,ARTW,60m
2023-11-14 14:30:00-05:00,2.0399999618530273,2.0399999618530273,2.0000998973846436,2.0000998973846436,0,0.0,0.0,ARTW,60m
2023-11-15 11:30:00-05:00,2.0,2.0,2.0,2.0,143,0.0,0.0,ARTW,60m
2023-11-15 12:30:00-05:00,1.9950000047683716,1.9950000047683716,1.9950000047683716,1.9950000047683716,301,0.0,0.0,ARTW,60m
2023-11-15 13:30:00-05:00,1.9900000095367432,1.9900000095367432,1.9800000190734863,1.9800000190734863,1383,0.0,0.0,ARTW,60m
2023-11-15 15:30:00-05:00,2.0,2.059999942779541,2.0,2.059999942779541,0,0.0,0.0,ARTW,60m
2023-11-16 15:30:00-05:00,2.0399999618530273,2.0399999618530273,2.0399999618530273,2.0399999618530273,120,0.0,0.0,ARTW,60m
2023-11-17 13:30:00-05:00,1.9700000286102295,1.9700000286102295,1.9700000286102295,1.9700000286102295,217,0.0,0.0,ARTW,60m
2023-11-17 15:30:00-05:00,1.9700000286102295,2.0399999618530273,1.9700000286102295,1.9700000286102295,2643,0.0,0.0,ARTW,60m
2023-11-20 10:30:00-05:00,2.0,2.0,1.9199999570846558,1.9500000476837158,23270,0.0,0.0,ARTW,60m
2023-11-20 11:30:00-05:00,1.9600000381469727,2.029900074005127,1.9600000381469727,1.9600000381469727,3227,0.0,0.0,ARTW,60m
2023-11-20 12:30:00-05:00,2.009000062942505,2.009999990463257,2.009000062942505,2.0099000930786133,1095,0.0,0.0,ARTW,60m
2023-11-20 14:30:00-05:00,1.999899983406067,2.0399999618530273,1.999899983406067,2.0399999618530273,0,0.0,0.0,ARTW,60m
2023-11-21 12:30:00-05:00,2.059999942779541,2.059999942779541,2.059999942779541,2.059999942779541,633,0.0,0.0,ARTW,60m
2023-11-21 13:30:00-05:00,2.049999952316284,2.049999952316284,2.049999952316284,2.049999952316284,0,0.0,0.0,ARTW,60m
2023-11-22 11:30:00-05:00,2.0499000549316406,2.0499000549316406,2.0499000549316406,2.0499000549316406,903,0.0,0.0,ARTW,60m
2023-11-22 12:30:00-05:00,2.0250000953674316,2.049999952316284,2.009999990463257,2.049999952316284,4785,0.0,0.0,ARTW,60m
2023-11-22 15:30:00-05:00,1.9800000190734863,1.9800000190734863,1.9800000190734863,1.9800000190734863,449,0.0,0.0,ARTW,60m
2023-11-24 09:30:00-05:00,1.9800000190734863,1.9900000095367432,1.9800000190734863,1.9896999597549438,0,0.0,0.0,ARTW,60m
2023-11-24 12:30:00-05:00,2.0,2.0,2.0,2.0,0,0.0,0.0,ARTW,60m
2023-11-27 09:30:00-05:00,2.0,2.119999885559082,2.0,2.0999999046325684,1069,0.0,0.0,ARTW,60m
2023-11-27 15:30:00-05:00,2.0250000953674316,2.0250000953674316,2.0250000953674316,2.0250000953674316,0,0.0,0.0,ARTW,60m
2023-11-28 12:30:00-05:00,2.0,2.0,2.0,2.0,2183,0.0,0.0,ARTW,60m
2023-11-28 15:30:00-05:00,2.0,2.0,2.0,2.0,0,0.0,0.0,ARTW,60m
2023-11-29 09:30:00-05:00,2.010999917984009,2.1798999309539795,2.009999990463257,2.1798999309539795,7112,0.0,0.0,ARTW,60m
2023-11-29 10:30:00-05:00,2.0999999046325684,2.140000104904175,2.0980000495910645,2.0999999046325684,11884,0.0,0.0,ARTW,60m
2023-11-29 11:30:00-05:00,2.0999999046325684,2.0999999046325684,2.0980000495910645,2.0980000495910645,1259,0.0,0.0,ARTW,60m
2023-11-29 14:30:00-05:00,2.099900007247925,2.0999999046325684,2.0450000762939453,2.059999942779541,9562,0.0,0.0,ARTW,60m
2023-11-29 15:30:00-05:00,2.049999952316284,2.069999933242798,2.049999952316284,2.069999933242798,722,0.0,0.0,ARTW,60m
2023-11-30 09:30:00-05:00,2.059999942779541,2.0799999237060547,2.059999942779541,2.0799999237060547,1415,0.0,0.0,ARTW,60m
2023-11-30 10:30:00-05:00,2.059999942779541,2.059999942779541,2.059999942779541,2.059999942779541,0,0.0,0.0,ARTW,60m
2023-12-01 11:30:00-05:00,2.009999990463257,2.009999990463257,2.009999990463257,2.009999990463257,306,0.0,0.0,ARTW,60m
2023-12-01 12:30:00-05:00,2.029900074005127,2.0299999713897705,2.029900074005127,2.0299999713897705,1330,0.0,0.0,ARTW,60m
2023-12-01 13:30:00-05:00,2.0299999713897705,2.059999942779541,2.0299999713897705,2.059999942779541,798,0.0,0.0,ARTW,60m
2023-12-01 14:30:00-05:00,2.059999942779541,2.059999942779541,2.011199951171875,2.011199951171875,442,0.0,0.0,ARTW,60m
2023-12-04 09:30:00-05:00,2.009999990463257,2.009999990463257,2.009999990463257,2.009999990463257,0,0.0,0.0,ARTW,60m
2023-12-04 15:30:00-05:00,2.0299999713897705,2.0299999713897705,2.0299999713897705,2.0299999713897705,19,0.0,0.0,ARTW,60m
2023-12-05 11:30:00-05:00,2.140000104904175,2.140000104904175,2.0199999809265137,2.0199999809265137,7790,0.0,0.0,ARTW,60m
2023-12-05 13:30:00-05:00,2.0199999809265137,2.0199999809265137,2.0199999809265137,2.0199999809265137,115,0.0,0.0,ARTW,60m
2023-12-05 14:30:00-05:00,2.0199999809265137,2.0299999713897705,2.009999990463257,2.009999990463257,959,0.0,0.0,ARTW,60m
2023-12-06 09:30:00-05:00,2.018899917602539,2.018899917602539,2.018899917602539,2.018899917602539,0,0.0,0.0,ARTW,60m
2023-12-07 14:30:00-05:00,2.009999990463257,2.0611000061035156,2.009999990463257,2.009999990463257,1389,0.0,0.0,ARTW,60m
2023-12-07 15:30:00-05:00,2.0000998973846436,2.0000998973846436,2.0000998973846436,2.0000998973846436,0,0.0,0.0,ARTW,60m
2023-12-11 09:30:00-05:00,2.009999990463257,2.009999990463257,2.009999990463257,2.009999990463257,344,0.0,0.0,ARTW,60m
2023-12-11 11:30:00-05:00,2.0199999809265137,2.0199999809265137,2.0199999809265137,2.0199999809265137,338,0.0,0.0,ARTW,60m
2023-12-11 12:30:00-05:00,2.0201001167297363,2.0425000190734863,2.0000998973846436,2.009999990463257,3496,0.0,0.0,ARTW,60m
2023-12-11 13:30:00-05:00,2.0,2.0,2.0,2.0,200,0.0,0.0,ARTW,60m
2023-12-11 14:30:00-05:00,2.0,2.009999990463257,2.0,2.009999990463257,251,0.0,0.0,ARTW,60m
2023-12-12 09:30:00-05:00,2.0,2.0,2.0,2.0,0,0.0,0.0,ARTW,60m
2023-12-12 10:30:00-05:00,2.009999990463257,2.009999990463257,2.009999990463257,2.009999990463257,209,0.0,0.0,ARTW,60m
2023-12-12 11:30:00-05:00,2.009999990463257,2.009999990463257,2.009999990463257,2.009999990463257,508,0.0,0.0,ARTW,60m
2023-12-12 14:30:00-05:00,2.0,2.0,2.0,2.0,0,0.0,0.0,ARTW,60m
2023-12-13 09:30:00-05:00,1.9800000190734863,2.0000998973846436,1.9800000190734863,2.0000998973846436,559,0.0,0.0,ARTW,60m
2023-12-13 15:30:00-05:00,2.0999999046325684,2.0999999046325684,2.0999999046325684,2.0999999046325684,100,0.0,0.0,ARTW,60m
2023-12-14 09:30:00-05:00,2.0299999713897705,2.0299999713897705,2.0299999713897705,2.0299999713897705,217,0.0,0.0,ARTW,60m
2023-12-14 12:30:00-05:00,2.0199999809265137,2.0722999572753906,2.009999990463257,2.0722999572753906,1187,0.0,0.0,ARTW,60m
2023-12-14 13:30:00-05:00,2.0897998809814453,2.1201000213623047,2.0399999618530273,2.0399999618530273,7493,0.0,0.0,ARTW,60m
2023-12-14 14:30:00-05:00,2.119999885559082,2.1700000762939453,2.0950000286102295,2.0950000286102295,0,0.0,0.0,ARTW,60m
2023-12-15 10:30:00-05:00,2.0662999153137207,2.089900016784668,2.049999952316284,2.089900016784668,1402,0.0,0.0,ARTW,60m
2023-12-15 11:30:00-05:00,2.0799999237060547,2.149899959564209,2.0199999809265137,2.140000104904175,2524,0.0,0.0,ARTW,60m
2023-12-15 14:30:00-05:00,2.130000114440918,2.1480000019073486,2.0950000286102295,2.140000104904175,1153,0.0,0.0,ARTW,60m
2023-12-15 15:30:00-05:00,2.049999952316284,2.049999952316284,2.0,2.0,1824,0.0,0.0,ARTW,60m
2023-12-18 09:30:00-05:00,2.001199960708618,2.001199960708618,2.001199960708618,2.001199960708618,621,0.0,0.0,ARTW,60m
2023-12-18 10:30:00-05:00,2.119999885559082,2.119999885559082,2.119999885559082,2.119999885559082,162,0.0,0.0,ARTW,60m
2023-12-18 11:30:00-05:00,2.049999952316284,2.049999952316284,2.049999952316284,2.049999952316284,1157,0.0,0.0,ARTW,60m
2023-12-18 12:30:00-05:00,2.109999895095825,2.109999895095825,2.109999895095825,2.109999895095825,337,0.0,0.0,ARTW,60m
2023-12-18 13:30:00-05:00,2.049999952316284,2.049999952316284,2.009999990463257,2.049999952316284,2888,0.0,0.0,ARTW,60m
2023-12-18 14:30:00-05:00,2.0299999713897705,2.0899999141693115,2.009999990463257,2.0899999141693115,1201,0.0,0.0,ARTW,60m
2023-12-18 15:30:00-05:00,2.0799999237060547,2.0799999237060547,2.0799999237060547,2.0799999237060547,300,0.0,0.0,ARTW,60m
2023-12-19 09:30:00-05:00,2.0199999809265137,2.0899999141693115,2.0199999809265137,2.0899999141693115,0,0.0,0.0,ARTW,60m
2023-12-19 11:30:00-05:00,2.140000104904175,2.140000104904175,2.121799945831299,2.121799945831299,1130,0.0,0.0,ARTW,60m
2023-12-19 13:30:00-05:00,2.0850000381469727,2.0850000381469727,2.0850000381469727,2.0850000381469727,114,0.0,0.0,ARTW,60m
2023-12-19 15:30:00-05:00,2.119999885559082,2.119999885559082,2.0299999713897705,2.0299999713897705,0,0.0,0.0,ARTW,60m
2023-12-20 09:30:00-05:00,2.059999942779541,2.0601000785827637,2.059999942779541,2.0601000785827637,348,0.0,0.0,ARTW,60m
2023-12-20 10:30:00-05:00,2.199899911880493,2.199899911880493,2.199899911880493,2.199899911880493,1247,0.0,0.0,ARTW,60m
2023-12-20 11:30:00-05:00,2.150099992752075,2.1505000591278076,2.1500000953674316,2.1505000591278076,997,0.0,0.0,ARTW,60m
2023-12-20 12:30:00-05:00,2.0771000385284424,2.119999885559082,2.069999933242798,2.069999933242798,620,0.0,0.0,ARTW,60m
2023-12-20 13:30:00-05:00,2.069999933242798,2.069999933242798,2.069999933242798,2.069999933242798,291,0.0,0.0,ARTW,60m
2023-12-20 14:30:00-05:00,2.0399999618530273,2.0399999618530273,2.0399999618530273,2.0399999618530273,736,0.0,0.0,ARTW,60m
2023-12-20 15:30:00-05:00,2.0799999237060547,2.0799999237060547,2.0799999237060547,2.0799999237060547,140,0.0,0.0,ARTW,60m
2023-12-21 09:30:00-05:00,2.049999952316284,2.049999952316284,2.049999952316284,2.049999952316284,0,0.0,0.0,ARTW,60m
2023-12-21 10:30:00-05:00,2.190000057220459,2.190000057220459,2.190000057220459,2.190000057220459,284,0.0,0.0,ARTW,60m
2023-12-21 13:30:00-05:00,2.109999895095825,2.109999895095825,2.109999895095825,2.109999895095825,154,0.0,0.0,ARTW,60m
2023-12-21 14:30:00-05:00,2.081199884414673,2.081199884414673,2.081199884414673,2.081199884414673,0,0.0,0.0,ARTW,60m
2023-12-22 09:30:00-05:00,2.1500000953674316,2.1500000953674316,2.1500000953674316,2.1500000953674316,131,0.0,0.0,ARTW,60m
2023-12-22 10:30:00-05:00,2.119999885559082,2.119999885559082,2.119999885559082,2.119999885559082,188,0.0,0.0,ARTW,60m
2023-12-22 11:30:00-05:00,2.1198999881744385,2.140000104904175,2.1198999881744385,2.140000104904175,1352,0.0,0.0,ARTW,60m
2023-12-22 13:30:00-05:00,2.0899999141693115,2.134999990463257,2.0899999141693115,2.134999990463257,323,0.0,0.0,ARTW,60m
2023-12-22 14:30:00-05:00,2.0899999141693115,2.0899999141693115,2.0899999141693115,2.0899999141693115,212,0.0,0.0,ARTW,60m
2023-12-22 15:30:00-05:00,2.0899999141693115,2.119999885559082,2.0899999141693115,2.119999885559082,2622,0.0,0.0,ARTW,60m
2023-12-26 09:30:00-05:00,2.0759999752044678,2.199899911880493,2.0759999752044678,2.199899911880493,334,0.0,0.0,ARTW,60m
2023-12-26 10:30:00-05:00,2.190000057220459,2.190000057220459,2.190000057220459,2.190000057220459,439,0.0,0.0,ARTW,60m
2023-12-26 11:30:00-05:00,2.1798999309539795,2.1798999309539795,2.1798999309539795,2.1798999309539795,221,0.0,0.0,ARTW,60m
2023-12-26 12:30:00-05:00,2.130000114440918,2.1679999828338623,2.130000114440918,2.1679999828338623,200,0.0,0.0,ARTW,60m
2023-12-26 13:30:00-05:00,2.0799999237060547,2.1698999404907227,2.0799999237060547,2.134500026702881,503,0.0,0.0,ARTW,60m
2023-12-26 14:30:00-05:00,2.109999895095825,2.109999895095825,2.109999895095825,2.109999895095825,100,0.0,0.0,ARTW,60m
2023-12-26 15:30:00-05:00,2.115000009536743,2.130000114440918,2.115000009536743,2.1161999702453613,0,0.0,0.0,ARTW,60m
2023-12-27 09:30:00-05:00,2.1700000762939453,2.1700000762939453,2.1700000762939453,2.1700000762939453,267,0.0,0.0,ARTW,60m
2023-12-27 10:30:00-05:00,2.1791999340057373,2.1791999340057373,2.0999999046325684,2.1340999603271484,1492,0.0,0.0,ARTW,60m
2023-12-27 11:30:00-05:00,2.1500000953674316,2.1500000953674316,2.1500000953674316,2.1500000953674316,308,0.0,0.0,ARTW,60m
2023-12-27 13:30:00-05:00,2.1048998832702637,2.1500000953674316,2.1048998832702637,2.1500000953674316,0,0.0,0.0,ARTW,60m
2023-12-28 09:30:00-05:00,2.1029000282287598,2.149899959564209,2.0999999046325684,2.149899959564209,1049,0.0,0.0,ARTW,60m
2023-12-28 11:30:00-05:00,2.0999999046325684,2.1361000537872314,2.0999999046325684,2.1361000537872314,401,0.0,0.0,ARTW,60m
2023-12-28 15:30:00-05:00,2.130000114440918,2.140000104904175,2.0971999168395996,2.0971999168395996,0,0.0,0.0,ARTW,60m
2023-12-29 10:30:00-05:00,2.13919997215271,2.13919997215271,2.13919997215271,2.13919997215271,356,0.0,0.0,ARTW,60m
2023-12-29 13:30:00-05:00,2.1363000869750977,2.1363000869750977,2.1363000869750977,2.1363000869750977,100,0.0,0.0,ARTW,60m
2023-12-29 14:30:00-05:00,2.149899959564209,2.149899959564209,2.0899999141693115,2.0899999141693115,2245,0.0,0.0,ARTW,60m
2023-12-29 15:30:00-05:00,2.119999885559082,2.119999885559082,2.069999933242798,2.069999933242798,2010,0.0,0.0,ARTW,60m
2024-01-02 09:30:00-05:00,2.069999933242798,2.069999933242798,2.069999933242798,2.069999933242798,241,0.0,0.0,ARTW,60m
2024-01-02 10:30:00-05:00,2.0999999046325684,2.0999999046325684,2.050100088119507,2.059999942779541,3569,0.0,0.0,ARTW,60m
2024-01-02 11:30:00-05:00,2.1802000999450684,2.1802000999450684,2.1247000694274902,2.1247000694274902,214,0.0,0.0,ARTW,60m
2024-01-02 12:30:00-05:00,2.199899911880493,2.199899911880493,2.1500000953674316,2.1500000953674316,823,0.0,0.0,ARTW,60m
2024-01-02 14:30:00-05:00,2.1744000911712646,2.1744000911712646,2.0782999992370605,2.0782999992370605,418,0.0,0.0,ARTW,60m
2024-01-02 15:30:00-05:00,2.1500000953674316,2.1500000953674316,2.1500000953674316,2.1500000953674316,101,0.0,0.0,ARTW,60m
2024-01-03 09:30:00-05:00,2.140000104904175,2.140000104904175,2.140000104904175,2.140000104904175,0,0.0,0.0,ARTW,60m
2024-01-03 10:30:00-05:00,2.140000104904175,2.140000104904175,2.140000104904175,2.140000104904175,384,0.0,0.0,ARTW,60m
2024-01-04 09:30:00-05:00,2.125,2.125,2.125,2.125,128,0.0,0.0,ARTW,60m
2024-01-05 09:30:00-05:00,2.099900007247925,2.115000009536743,2.099900007247925,2.115000009536743,638,0.0,0.0,ARTW,60m
2024-01-05 12:30:00-05:00,2.0799999237060547,2.0999999046325684,2.069999933242798,2.0999999046325684,1824,0.0,0.0,ARTW,60m
2024-01-05 14:30:00-05:00,2.0899999141693115,2.0899999141693115,2.0752999782562256,2.0752999782562256,1778,0.0,0.0,ARTW,60m
2024-01-05 15:30:00-05:00,2.069999933242798,2.069999933242798,2.069999933242798,2.069999933242798,258,0.0,0.0,ARTW,60m
2024-01-08 11:30:00-05:00,2.119999885559082,2.119999885559082,2.119999885559082,2.119999885559082,272,0.0,0.0,ARTW,60m
2024-01-08 12:30:00-05:00,2.0701000690460205,2.0701000690460205,2.0701000690460205,2.0701000690460205,526,0.0,0.0,ARTW,60m
2024-01-08 15:30:00-05:00,2.0950000286102295,2.0950000286102295,2.0950000286102295,2.0950000286102295,101,0.0,0.0,ARTW,60m
2024-01-09 09:30:00-05:00,2.049999952316284,2.089600086212158,2.049999952316284,2.089600086212158,0,0.0,0.0,ARTW,60m
2024-01-10 12:30:00-05:00,2.0861001014709473,2.0869998931884766,2.0861001014709473,2.0868000984191895,1469,0.0,0.0,ARTW,60m
2024-01-10 14:30:00-05:00,2.059999942779541,2.075000047683716,2.059999942779541,2.075000047683716,654,0.0,0.0,ARTW,60m
2024-01-10 15:30:00-05:00,2.075000047683716,2.075000047683716,2.059999942779541,2.059999942779541,200,0.0,0.0,ARTW,60m
2024-01-11 09:30:00-05:00,2.0299999713897705,2.0857999324798584,2.0299999713897705,2.0409998893737793,740,0.0,0.0,ARTW,60m
2024-01-11 10:30:00-05:00,2.049999952316284,2.049999952316284,2.049999952316284,2.049999952316284,321,0.0,0.0,ARTW,60m
2024-01-11 11:30:00-05:00,2.069999933242798,2.069999933242798,2.069999933242798,2.069999933242798,0,0.0,0.0,ARTW,60m
2024-01-12 09:30:00-05:00,2.0799999237060547,2.0799999237060547,2.0799999237060547,2.0799999237060547,110,0.0,0.0,ARTW,60m
2024-01-12 10:30:00-05:00,2.0701000690460205,2.0852999687194824,2.009999990463257,2.0362000465393066,53211,0.0,0.0,ARTW,60m
2024-01-12 11:30:00-05:00,2.059999942779541,2.061199903488159,2.0399999618530273,2.061199903488159,3268,0.0,0.0,ARTW,60m
2024-01-12 12:30:00-05:00,2.059999942779541,2.089900016784668,2.0179998874664307,2.089900016784668,8516,0.0,0.0,ARTW,60m
2024-01-16 09:30:00-05:00,2.0899999141693115,2.0899999141693115,2.0899999141693115,2.0899999141693115,499,0.0,0.0,ARTW,60m
2024-01-16 13:30:00-05:00,2.0569000244140625,2.0569000244140625,2.0569000244140625,2.0569000244140625,300,0.0,0.0,ARTW,60m
2024-01-16 15:30:00-05:00,2.069999933242798,2.069999933242798,2.0450000762939453,2.0450000762939453,0,0.0,0.0,ARTW,60m
2024-01-17 09:30:00-05:00,2.1001999378204346,2.1001999378204346,2.1001999378204346,2.1001999378204346,200,0.0,0.0,ARTW,60m
2024-01-17 11:30:00-05:00,2.0350000858306885,2.0350000858306885,2.0350000858306885,2.0350000858306885,394,0.0,0.0,ARTW,60m
2024-01-17 13:30:00-05:00,2.049999952316284,2.049999952316284,2.0199999809265137,2.0199999809265137,1442,0.0,0.0,ARTW,60m
2024-01-18 09:30:00-05:00,2.0499000549316406,2.0499000549316406,2.0299999713897705,2.0299999713897705,324,0.0,0.0,ARTW,60m
2024-01-18 10:30:00-05:00,2.049999952316284,2.049999952316284,2.049999952316284,2.049999952316284,500,0.0,0.0,ARTW,60m
2024-01-18 12:30:00-05:00,2.049999952316284,2.049999952316284,2.0450000762939453,2.0450000762939453,1323,0.0,0.0,ARTW,60m
2024-01-18 14:30:00-05:00,2.0481998920440674,2.0481998920440674,2.0480000972747803,2.0480000972747803,371,0.0,0.0,ARTW,60m
2024-01-18 15:30:00-05:00,2.0450000762939453,2.0450000762939453,2.0450000762939453,2.0450000762939453,0,0.0,0.0,ARTW,60m
2024-01-19 10:30:00-05:00,2.0464000701904297,2.0464000701904297,2.0464000701904297,2.0464000701904297,558,0.0,0.0,ARTW,60m
2024-01-19 15:30:00-05:00,2.038599967956543,2.0399999618530273,2.0383999347686768,2.039900064468384,2580,0.0,0.0,ARTW,60m
2024-01-22 09:30:00-05:00,2.0464999675750732,2.0464999675750732,2.0464999675750732,2.0464999675750732,312,0.0,0.0,ARTW,60m
2024-01-22 10:30:00-05:00,2.0299999713897705,2.0299999713897705,2.0299999713897705,2.0299999713897705,164,0.0,0.0,ARTW,60m
2024-01-22 14:30:00-05:00,2.039900064468384,2.049999952316284,2.039900064468384,2.049999952316284,3633,0.0,0.0,ARTW,60m
2024-01-22 15:30:00-05:00,2.059999942779541,2.069999933242798,2.059999942779541,2.069000005722046,0,0.0,0.0,ARTW,60m
2024-01-23 09:30:00-05:00,2.0487000942230225,2.0487000942230225,2.0487000942230225,2.0487000942230225,1019,0.0,0.0,ARTW,60m
2024-01-23 12:30:00-05:00,2.0199999809265137,2.0764999389648438,2.0199999809265137,2.0764999389648438,500,0.0,0.0,ARTW,60m
2024-01-23 13:30:00-05:00,2.077699899673462,2.130000114440918,2.077699899673462,2.130000114440918,0,0.0,0.0,ARTW,60m
2024-01-24 09:30:00-05:00,2.0201001167297363,2.0201001167297363,2.0199999809265137,2.0199999809265137,1485,0.0,0.0,ARTW,60m
2024-01-24 14:30:00-05:00,2.049999952316284,2.049999952316284,2.049999952316284,2.049999952316284,205,0.0,0.0,ARTW,60m
2024-01-24 15:30:00-05:00,2.0299999713897705,2.0299999713897705,2.0299999713897705,2.0299999713897705,455,0.0,0.0,ARTW,60m
2024-01-25 09:30:00-05:00,2.0624001026153564,2.0694000720977783,2.0624001026153564,2.0694000720977783,0,0.0,0.0,ARTW,60m
2024-01-25 10:30:00-05:00,2.1054999828338623,2.1054999828338623,2.069999933242798,2.069999933242798,1024,0.0,0.0,ARTW,60m
2024-01-25 14:30:00-05:00,2.119999885559082,2.119999885559082,2.119999885559082,2.119999885559082,0,0.0,0.0,ARTW,60m
2024-01-26 09:30:00-05:00,2.0899999141693115,2.0999999046325684,2.0899999141693115,2.0994999408721924,1776,0.0,0.0,ARTW,60m
2024-01-26 10:30:00-05:00,2.0399999618530273,2.0399999618530273,2.0299999713897705,2.0299999713897705,4000,0.0,0.0,ARTW,60m
2024-01-26 13:30:00-05:00,2.0799999237060547,2.0799999237060547,2.0399999618530273,2.0399999618530273,1005,0.0,0.0,ARTW,60m
2024-01-29 09:30:00-05:00,2.0399999618530273,2.0399999618530273,2.0399999618530273,2.0399999618530273,464,0.0,0.0,ARTW,60m
2024-01-29 11:30:00-05:00,2.0897998809814453,2.0897998809814453,2.0897998809814453,2.0897998809814453,202,0.0,0.0,ARTW,60m
2024-01-29 13:30:00-05:00,2.0399999618530273,2.0399999618530273,2.0399999618530273,2.0399999618530273,100,0.0,0.0,ARTW,60m
2024-01-30 09:30:00-05:00,2.1196000576019287,2.1196000576019287,2.1196000576019287,2.1196000576019287,0,0.0,0.0,ARTW,60m
2024-01-30 12:30:00-05:00,2.1110000610351562,2.1110000610351562,2.1110000610351562,2.1110000610351562,215,0.0,0.0,ARTW,60m
2024-01-30 14:30:00-05:00,2.1140999794006348,2.1140999794006348,2.1140999794006348,2.1140999794006348,0,0.0,0.0,ARTW,60m
2024-01-31 09:30:00-05:00,2.1380999088287354,2.1380999088287354,2.1164000034332275,2.1164000034332275,578,0.0,0.0,ARTW,60m
2024-01-31 14:30:00-05:00,2.109999895095825,2.110100030899048,2.109999895095825,2.109999895095825,301,0.0,0.0,ARTW,60m
2024-02-01 09:30:00-05:00,2.109999895095825,2.109999895095825,2.109999895095825,2.109999895095825,0,0.0,0.0,ARTW,60m
2024-02-05 09:30:00-05:00,2.180000066757202,2.180000066757202,2.109999895095825,2.109999895095825,931,0.0,0.0,ARTW,60m
2024-02-05 10:30:00-05:00,2.140000104904175,2.1401000022888184,2.140000104904175,2.1401000022888184,2367,0.0,0.0,ARTW,60m
2024-02-05 11:30:00-05:00,2.049999952316284,2.049999952316284,2.049999952316284,2.049999952316284,500,0.0,0.0,ARTW,60m
2024-02-05 12:30:00-05:00,2.059999942779541,2.059999942779541,2.049999952316284,2.049999952316284,600,0.0,0.0,ARTW,60m
2024-02-05 15:30:00-05:00,2.1465001106262207,2.1500000953674316,2.049999952316284,2.049999952316284,300,0.0,0.0,ARTW,60m
2024-02-06 11:30:00-05:00,2.051100015640259,2.051100015640259,2.051100015640259,2.051100015640259,0,0.0,0.0,ARTW,60m
2024-02-07 11:30:00-05:00,2.049999952316284,2.111599922180176,2.049999952316284,2.111599922180176,444,0.0,0.0,ARTW,60m
2024-02-07 14:30:00-05:00,2.0999999046325684,2.0999999046325684,2.0999999046325684,2.0999999046325684,200,0.0,0.0,ARTW,60m
2024-02-07 15:30:00-05:00,2.109999895095825,2.119999885559082,2.109999895095825,2.119999885559082,0,0.0,0.0,ARTW,60m
2024-02-09 09:30:00-05:00,2.130000114440918,2.200000047683716,1.899999976158142,2.099900007247925,64784,0.0,0.0,ARTW,60m
2024-02-09 10:30:00-05:00,2.0799999237060547,2.0799999237060547,1.9737999439239502,2.069999933242798,1453,0.0,0.0,ARTW,60m
2024-02-09 11:30:00-05:00,2.069999933242798,2.069999933242798,2.0611000061035156,2.069999933242798,1435,0.0,0.0,ARTW,60m
2024-02-09 12:30:00-05:00,2.069999933242798,2.069999933242798,1.9700000286102295,1.9900000095367432,4396,0.0,0.0,ARTW,60m
2024-02-09 13:30:00-05:00,1.9601000547409058,2.0999999046325684,1.9299999475479126,2.0999999046325684,9933,0.0,0.0,ARTW,60m
2024-02-09 14:30:00-05:00,2.0999999046325684,2.0999999046325684,1.9901000261306763,2.0899999141693115,2727,0.0,0.0,ARTW,60m
2024-02-09 15:30:00-05:00,2.0448999404907227,2.0885000228881836,1.9700000286102295,1.9700000286102295,3374,0.0,0.0,ARTW,60m
2024-02-12 09:30:00-05:00,2.0,2.039900064468384,1.989799976348877,2.039900064468384,2218,0.0,0.0,ARTW,60m
2024-02-12 10:30:00-05:00,2.0199999809265137,2.0199999809265137,2.0199999809265137,2.0199999809265137,1820,0.0,0.0,ARTW,60m
2024-02-12 12:30:00-05:00,2.005000114440918,2.005000114440918,1.9900000095367432,1.9900000095367432,518,0.0,0.0,ARTW,60m
2024-02-12 13:30:00-05:00,1.9950000047683716,1.9950000047683716,1.9700000286102295,1.9700000286102295,4229,0.0,0.0,ARTW,60m
2024-02-12 14:30:00-05:00,1.9900000095367432,2.0,1.9900000095367432,1.999899983406067,1910,0.0,0.0,ARTW,60m
2024-02-12 15:30:00-05:00,2.003700017929077,2.003700017929077,2.003700017929077,2.003700017929077,125,0.0,0.0,ARTW,60m
2024-02-13 09:30:00-05:00,2.006200075149536,2.006200075149536,2.006200075149536,2.006200075149536,1243,0.0,0.0,ARTW,60m
2024-02-13 10:30:00-05:00,1.9600000381469727,1.9600000381469727,1.940000057220459,1.9500000476837158,1135,0.0,0.0,ARTW,60m
2024-02-13 11:30:00-05:00,1.9500000476837158,2.0999999046325684,1.9500000476837158,2.069999933242798,11372,0.0,0.0,ARTW,60m
2024-02-13 12:30:00-05:00,2.049999952316284,2.050100088119507,2.049999952316284,2.050100088119507,13566,0.0,0.0,ARTW,60m
2024-02-13 13:30:00-05:00,2.059999942779541,2.0687999725341797,2.059999942779541,2.0687999725341797,223,0.0,0.0,ARTW,60m
2024-02-13 14:30:00-05:00,2.059999942779541,2.069999933242798,2.049999952316284,2.049999952316284,1871,0.0,0.0,ARTW,60m
2024-02-13 15:30:00-05:00,2.049999952316284,2.049999952316284,2.049999952316284,2.049999952316284,272,0.0,0.0,ARTW,60m
2024-02-14 13:30:00-05:00,2.0311999320983887,2.0311999320983887,2.0311999320983887,2.0311999320983887,311,0.0,0.0,ARTW,60m
2024-02-14 14:30:00-05:00,2.0311999320983887,2.089900016784668,2.0311999320983887,2.069999933242798,881,0.0,0.0,ARTW,60m
2024-02-14 15:30:00-05:00,2.0350000858306885,2.0350000858306885,2.0350000858306885,2.0350000858306885,180,0.0,0.0,ARTW,60m
2024-02-15 09:30:00-05:00,2.109999895095825,2.109999895095825,2.109999895095825,2.109999895095825,546,0.0,0.0,ARTW,60m
2024-02-15 13:30:00-05:00,2.0199999809265137,2.0199999809265137,2.0199999809265137,2.0199999809265137,103,0.0,0.0,ARTW,60m
2024-02-15 14:30:00-05:00,2.0799999237060547,2.0799999237060547,2.0799999237060547,2.0799999237060547,0,0.0,0.0,ARTW,60m
2024-02-16 15:30:00-05:00,2.0999999046325684,2.1500000953674316,2.0999999046325684,2.109999895095825,8659,0.0,0.0,ARTW,60m
2024-02-20 09:30:00-05:00,2.059999942779541,2.180000066757202,2.059999942779541,2.180000066757202,541,0.0,0.0,ARTW,60m
2024-02-20 10:30:00-05:00,2.0801000595092773,2.0801000595092773,2.0801000595092773,2.0801000595092773,104,0.0,0.0,ARTW,60m
2024-02-20 13:30:00-05:00,2.180000066757202,2.180000066757202,2.1600000858306885,2.160099983215332,1606,0.0,0.0,ARTW,60m
2024-02-20 15:30:00-05:00,2.130000114440918,2.130000114440918,2.130000114440918,2.130000114440918,0,0.0,0.0,ARTW,60m
2024-02-21 15:30:00-05:00,2.0999999046325684,2.0999999046325684,2.0999999046325684,2.0999999046325684,275,0.0,0.0,ARTW,60m
2024-02-22 09:30:00-05:00,2.0801000595092773,2.0801000595092773,2.0801000595092773,2.0801000595092773,1766,0.0,0.0,ARTW,60m
2024-02-22 11:30:00-05:00,2.105799913406372,2.105799913406372,2.0799999237060547,2.0810000896453857,0,0.0,0.0,ARTW,60m
2024-02-23 09:30:00-05:00,2.069999933242798,2.0799999237060547,2.0601000785827637,2.0601000785827637,1516,0.0,0.0,ARTW,60m
2024-02-23 15:30:00-05:00,2.0899999141693115,2.0899999141693115,2.0799999237060547,2.0799999237060547,260,0.0,0.0,ARTW,60m
2024-02-26 09:30:00-05:00,2.1500000953674316,2.190999984741211,2.1500000953674316,2.174999952316284,1046,0.0,0.0,ARTW,60m
2024-02-26 13:30:00-05:00,2.130000114440918,2.130000114440918,2.130000114440918,2.130000114440918,153,0.0,0.0,ARTW,60m
2024-02-26 15:30:00-05:00,2.130000114440918,2.130000114440918,2.130000114440918,2.130000114440918,258,0.0,0.0,ARTW,60m
2024-02-27 09:30:00-05:00,2.059999942779541,2.1171998977661133,2.059999942779541,2.1171998977661133,0,0.0,0.0,ARTW,60m
2024-02-27 14:30:00-05:00,2.130000114440918,2.130000114440918,2.0999999046325684,2.0999999046325684,1015,0.0,0.0,ARTW,60m
2024-02-27 15:30:00-05:00,2.0999999046325684,2.0999999046325684,2.049999952316284,2.049999952316284,0,0.0,0.0,ARTW,60m
2024-02-28 09:30:00-05:00,2.0299999713897705,2.0299999713897705,2.0299999713897705,2.0299999713897705,101,0.0,0.0,ARTW,60m
2024-02-28 10:30:00-05:00,2.0399999618530273,2.04010009765625,2.0299999713897705,2.030100107192993,1113,0.0,0.0,ARTW,60m
2024-02-28 11:30:00-05:00,2.0299999713897705,2.0299999713897705,2.009999990463257,2.0299999713897705,4269,0.0,0.0,ARTW,60m
2024-02-28 12:30:00-05:00,2.0299999713897705,2.0299999713897705,1.9900000095367432,1.9900000095367432,644,0.0,0.0,ARTW,60m
2024-02-28 13:30:00-05:00,2.0000998973846436,2.0000998973846436,1.9900000095367432,1.9900000095367432,1515,0.0,0.0,ARTW,60m
2024-02-28 14:30:00-05:00,1.9900000095367432,1.9900000095367432,1.9600000381469727,1.9700000286102295,11982,0.0,0.0,ARTW,60m
2024-02-28 15:30:00-05:00,1.9600000381469727,1.9601000547409058,1.9500000476837158,1.9600000381469727,0,0.0,0.0,ARTW,60m
2024-02-29 14:30:00-05:00,1.9700000286102295,1.9700000286102295,1.9700000286102295,1.9700000286102295,785,0.0,0.0,ARTW,60m
2024-03-01 10:30:00-05:00,1.9199999570846558,2.005000114440918,1.9199999570846558,2.005000114440918,1136,0.0,0.0,ARTW,60m
2024-03-01 11:30:00-05:00,2.046099901199341,2.046099901199341,2.046099901199341,2.046099901199341,340,0.0,0.0,ARTW,60m
2024-03-01 12:30:00-05:00,1.9900000095367432,1.9900000095367432,1.9900000095367432,1.9900000095367432,118,0.0,0.0,ARTW,60m
2024-03-01 13:30:00-05:00,1.9500000476837158,1.975000023841858,1.9500000476837158,1.9700000286102295,1031,0.0,0.0,ARTW,60m
2024-03-01 14:30:00-05:00,2.0,2.0,2.0,2.0,2585,0.0,0.0,ARTW,60m
2024-03-04 09:30:00-05:00,1.9900000095367432,1.9900000095367432,1.899999976158142,1.899999976158142,851,0.0,0.0,ARTW,60m
2024-03-04 10:30:00-05:00,1.9962999820709229,1.9962999820709229,1.9962999820709229,1.9962999820709229,222,0.0,0.0,ARTW,60m
2024-03-04 13:30:00-05:00,1.940000057220459,1.940000057220459,1.940000057220459,1.940000057220459,192,0.0,0.0,ARTW,60m
2024-03-04 14:30:00-05:00,1.933500051498413,1.933500051498413,1.933500051498413,1.933500051498413,716,0.0,0.0,ARTW,60m
2024-03-04 15:30:00-05:00,1.934999942779541,1.9946000576019287,1.934999942779541,1.9946000576019287,590,0.0,0.0,ARTW,60m
2024-03-05 09:30:00-05:00,1.940000057220459,1.940000057220459,1.940000057220459,1.940000057220459,228,0.0,0.0,ARTW,60m
2024-03-05 10:30:00-05:00,1.9500000476837158,1.9500000476837158,1.9500000476837158,1.9500000476837158,156,0.0,0.0,ARTW,60m
2024-03-05 13:30:00-05:00,1.9500000476837158,1.9500000476837158,1.9500000476837158,1.9500000476837158,0,0.0,0.0,ARTW,60m
2024-03-06 14:30:00-05:00,1.909999966621399,1.909999966621399,1.909999966621399,1.909999966621399,596,0.0,0.0,ARTW,60m
2024-03-06 15:30:00-05:00,2.0,2.0,2.0,2.0,312,0.0,0.0,ARTW,60m
2024-03-07 09:30:00-05:00,1.9500000476837158,1.9500000476837158,1.9205000400543213,1.9205000400543213,0,0.0,0.0,ARTW,60m
2024-03-07 10:30:00-05:00,1.9199999570846558,1.9199999570846558,1.9199999570846558,1.9199999570846558,1038,0.0,0.0,ARTW,60m
2024-03-07 11:30:00-05:00,1.909999966621399,1.909999966621399,1.909999966621399,1.909999966621399,1010,0.0,0.0,ARTW,60m
2024-03-07 12:30:00-05:00,1.899999976158142,1.9149999618530273,1.899999976158142,1.9149999618530273,443,0.0,0.0,ARTW,60m
2024-03-07 14:30:00-05:00,1.9299999475479126,1.9422999620437622,1.9279999732971191,1.9422999620437622,4592,0.0,0.0,ARTW,60m
2024-03-07 15:30:00-05:00,1.9199999570846558,1.9199999570846558,1.9199999570846558,1.9199999570846558,0,0.0,0.0,ARTW,60m
2024-03-08 09:30:00-05:00,1.9299999475479126,1.9300999641418457,1.9199999570846558,1.9199999570846558,1166,0.0,0.0,ARTW,60m
2024-03-08 10:30:00-05:00,1.909999966621399,1.909999966621399,1.909999966621399,1.909999966621399,115,0.0,0.0,ARTW,60m
2024-03-08 11:30:00-05:00,1.9101999998092651,1.9460999965667725,1.899999976158142,1.899999976158142,1997,0.0,0.0,ARTW,60m
2024-03-08 12:30:00-05:00,1.9299999475479126,1.9498000144958496,1.9299999475479126,1.9496999979019165,1326,0.0,0.0,ARTW,60m
2024-03-08 14:30:00-05:00,1.9199999570846558,1.9299999475479126,1.9199999570846558,1.9199999570846558,585,0.0,0.0,ARTW,60m
2024-03-08 15:30:00-05:00,1.909999966621399,1.909999966621399,1.899999976158142,1.899999976158142,2891,0.0,0.0,ARTW,60m
2024-03-11 09:30:00-04:00,1.9200999736785889,1.9200999736785889,1.9200999736785889,1.9200999736785889,263,0.0,0.0,ARTW,60m
2024-03-11 10:30:00-04:00,1.9199999570846558,1.9199999570846558,1.9199999570846558,1.9199999570846558,257,0.0,0.0,ARTW,60m
2024-03-11 13:30:00-04:00,1.909999966621399,1.909999966621399,1.909999966621399,1.909999966621399,254,0.0,0.0,ARTW,60m
2024-03-11 14:30:00-04:00,1.9199999570846558,1.9199999570846558,1.909999966621399,1.909999966621399,814,0.0,0.0,ARTW,60m
2024-03-11 15:30:00-04:00,1.9299999475479126,1.9299999475479126,1.9299999475479126,1.9299999475479126,0,0.0,0.0,ARTW,60m
2024-03-12 10:30:00-04:00,1.9199999570846558,1.9500000476837158,1.899999976158142,1.9500000476837158,2892,0.0,0.0,ARTW,60m
2024-03-12 11:30:00-04:00,1.899999976158142,1.899999976158142,1.899999976158142,1.899999976158142,855,0.0,0.0,ARTW,60m
2024-03-13 09:30:00-04:00,1.9500000476837158,1.9500000476837158,1.9299999475479126,1.9299999475479126,3316,0.0,0.0,ARTW,60m
2024-03-13 12:30:00-04:00,1.899999976158142,1.899999976158142,1.899999976158142,1.899999976158142,918,0.0,0.0,ARTW,60m
2024-03-13 14:30:00-04:00,1.8700000047683716,1.9600000381469727,1.850000023841858,1.9500000476837158,10777,0.0,0.0,ARTW,60m
2024-03-13 15:30:00-04:00,1.909999966621399,2.059999942779541,1.909999966621399,2.0,10092,0.0,0.0,ARTW,60m
2024-03-14 09:30:00-04:00,1.9900000095367432,2.2300000190734863,1.9500999450683594,2.184999942779541,81512,0.0,0.0,ARTW,60m
2024-03-14 10:30:00-04:00,2.1700000762939453,2.359999895095825,2.158799886703491,2.200000047683716,27615,0.0,0.0,ARTW,60m
2024-03-14 11:30:00-04:00,2.255000114440918,2.297300100326538,2.180000066757202,2.225600004196167,16269,0.0,0.0,ARTW,60m
2024-03-14 12:30:00-04:00,2.200000047683716,2.3399999141693115,2.180000066757202,2.240000009536743,34003,0.0,0.0,ARTW,60m
2024-03-14 13:30:00-04:00,2.240000009536743,2.359999895095825,2.200000047683716,2.200000047683716,21885,0.0,0.0,ARTW,60m
2024-03-14 14:30:00-04:00,2.200000047683716,2.2393999099731445,2.180000066757202,2.200000047683716,7290,0.0,0.0,ARTW,60m
2024-03-14 15:30:00-04:00,2.19950008392334,2.25,2.180000066757202,2.2200000286102295,5538,0.0,0.0,ARTW,60m
2024-03-15 09:30:00-04:00,2.3299999237060547,2.36899995803833,2.2699999809265137,2.291300058364868,7655,0.0,0.0,ARTW,60m
2024-03-15 10:30:00-04:00,2.319999933242798,2.319999933242798,2.319999933242798,2.319999933242798,257,0.0,0.0,ARTW,60m
2024-03-15 11:30:00-04:00,2.2867000102996826,2.3299999237060547,2.200000047683716,2.2004001140594482,7853,0.0,0.0,ARTW,60m
2024-03-15 12:30:00-04:00,2.2499001026153564,2.2499001026153564,2.200000047683716,2.200000047683716,1825,0.0,0.0,ARTW,60m
2024-03-15 13:30:00-04:00,2.180000066757202,2.3299999237060547,2.180000066757202,2.1867001056671143,6604,0.0,0.0,ARTW,60m
2024-03-15 14:30:00-04:00,2.1500000953674316,2.1500000953674316,2.049999952316284,2.0969998836517334,15349,0.0,0.0,ARTW,60m
2024-03-15 15:30:00-04:00,2.1549999713897705,2.1549999713897705,2.0399999618530273,2.0899999141693115,5273,0.0,0.0,ARTW,60m
2024-03-18 09:30:00-04:00,2.130000114440918,2.2499001026153564,2.130000114440918,2.180000066757202,14538,0.0,0.0,ARTW,60m
2024-03-18 10:30:00-04:00,2.119999885559082,2.1201999187469482,2.0999999046325684,2.1201999187469482,3612,0.0,0.0,ARTW,60m
2024-03-18 11:30:00-04:00,2.0899999141693115,2.1187000274658203,2.0899999141693115,2.1187000274658203,1008,0.0,0.0,ARTW,60m
2024-03-18 13:30:00-04:00,2.0799999237060547,2.0799999237060547,2.059999942779541,2.059999942779541,4017,0.0,0.0,ARTW,60m
2024-03-18 14:30:00-04:00,2.059999942779541,2.059999942779541,2.046999931335449,2.046999931335449,12277,0.0,0.0,ARTW,60m
2024-03-18 15:30:00-04:00,2.109999895095825,2.109999895095825,2.0999999046325684,2.0999999046325684,749,0.0,0.0,ARTW,60m
2024-03-19 09:30:00-04:00,2.190000057220459,2.1919000148773193,2.0201001167297363,2.1050000190734863,13102,0.0,0.0,ARTW,60m
2024-03-19 10:30:00-04:00,2.0594000816345215,2.134000062942505,2.0594000816345215,2.134000062942505,1753,0.0,0.0,ARTW,60m
2024-03-19 11:30:00-04:00,2.049999952316284,2.0899999141693115,2.0299999713897705,2.0899999141693115,3030,0.0,0.0,ARTW,60m
2024-03-19 12:30:00-04:00,2.0861001014709473,2.0861001014709473,2.0861001014709473,2.0861001014709473,1827,0.0,0.0,ARTW,60m
2024-03-19 15:30:00-04:00,2.09879994392395,2.109999895095825,2.09879994392395,2.0999999046325684,4022,0.0,0.0,ARTW,60m
2024-03-20 09:30:00-04:00,2.1600000858306885,2.2018001079559326,2.1600000858306885,2.2018001079559326,1328,0.0,0.0,ARTW,60m
2024-03-20 10:30:00-04:00,2.050100088119507,2.125,2.050100088119507,2.125,1609,0.0,0.0,ARTW,60m
2024-03-20 11:30:00-04:00,2.059999942779541,2.124000072479248,2.0399999618530273,2.124000072479248,9563,0.0,0.0,ARTW,60m
2024-03-20 12:30:00-04:00,2.109999895095825,2.119999885559082,2.109999895095825,2.119999885559082,2569,0.0,0.0,ARTW,60m
2024-03-20 13:30:00-04:00,2.059999942779541,2.0625998973846436,2.0,2.009999990463257,8077,0.0,0.0,ARTW,60m
2024-03-20 14:30:00-04:00,2.055000066757202,2.058199882507324,2.0299999713897705,2.0299999713897705,2350,0.0,0.0,ARTW,60m
2024-03-20 15:30:00-04:00,2.0364999771118164,2.0499000549316406,2.0364999771118164,2.0399999618530273,4650,0.0,0.0,ARTW,60m
2024-03-21 09:30:00-04:00,2.0,2.0,1.999899983406067,2.0,4251,0.0,0.0,ARTW,60m
2024-03-21 10:30:00-04:00,2.049999952316284,2.075000047683716,2.049999952316284,2.075000047683716,4217,0.0,0.0,ARTW,60m
2024-03-21 12:30:00-04:00,2.0513999462127686,2.053299903869629,2.049999952316284,2.053299903869629,2210,0.0,0.0,ARTW,60m
2024-03-21 15:30:00-04:00,2.0450000762939453,2.0899999141693115,2.0450000762939453,2.0899999141693115,1286,0.0,0.0,ARTW,60m
2024-03-22 09:30:00-04:00,2.049999952316284,2.059999942779541,2.0399999618530273,2.059999942779541,2130,0.0,0.0,ARTW,60m
2024-03-22 10:30:00-04:00,2.0399999618530273,2.0399999618530273,2.0350000858306885,2.0399999618530273,1649,0.0,0.0,ARTW,60m
2024-03-22 15:30:00-04:00,2.0399999618530273,2.058000087738037,2.0399999618530273,2.058000087738037,1069,0.0,0.0,ARTW,60m
2024-03-25 09:30:00-04:00,2.049999952316284,2.075000047683716,2.049999952316284,2.075000047683716,417,0.0,0.0,ARTW,60m
2024-03-25 10:30:00-04:00,2.051800012588501,2.051800012588501,2.051800012588501,2.051800012588501,670,0.0,0.0,ARTW,60m
2024-03-25 12:30:00-04:00,2.0618999004364014,2.0618999004364014,2.0418999195098877,2.0418999195098877,324,0.0,0.0,ARTW,60m
2024-03-25 13:30:00-04:00,2.0399999618530273,2.04010009765625,2.0380001068115234,2.0380001068115234,1319,0.0,0.0,ARTW,60m
2024-03-25 14:30:00-04:00,2.030100107192993,2.030100107192993,1.9600000381469727,1.999899983406067,16051,0.0,0.0,ARTW,60m
2024-03-25 15:30:00-04:00,1.9997999668121338,2.0,1.9950000047683716,2.0,1149,0.0,0.0,ARTW,60m
2024-03-26 09:30:00-04:00,1.9800000190734863,2.0,1.9570000171661377,2.0,2152,0.0,0.0,ARTW,60m
2024-03-26 12:30:00-04:00,2.0299999713897705,2.0299999713897705,2.0,2.0,1144,0.0,0.0,ARTW,60m
2024-03-26 15:30:00-04:00,2.0,2.059999942779541,2.0,2.059999942779541,965,0.0,0.0,ARTW,60m
2024-03-27 09:30:00-04:00,2.060499906539917,2.060499906539917,2.0601999759674072,2.0601999759674072,606,0.0,0.0,ARTW,60m
2024-03-27 10:30:00-04:00,2.0297000408172607,2.0297000408172607,2.0297000408172607,2.0297000408172607,106,0.0,0.0,ARTW,60m
2024-03-27 11:30:00-04:00,2.0244998931884766,2.0244998931884766,2.0244998931884766,2.0244998931884766,517,0.0,0.0,ARTW,60m
2024-03-27 12:30:00-04:00,2.0350000858306885,2.0350000858306885,2.0350000858306885,2.0350000858306885,552,0.0,0.0,ARTW,60m
2024-03-27 15:30:00-04:00,2.059999942779541,2.0899999141693115,2.059999942779541,2.0899999141693115,1971,0.0,0.0,ARTW,60m
2024-03-28 13:30:00-04:00,2.0299999713897705,2.0299999713897705,2.0299999713897705,2.0299999713897705,166,0.0,0.0,ARTW,60m
2024-03-28 15:30:00-04:00,2.0999999046325684,2.0999999046325684,2.0999999046325684,2.0999999046325684,281,0.0,0.0,ARTW,60m
2024-04-01 09:30:00-04:00,2.009999990463257,2.0799999237060547,2.009999990463257,2.0799999237060547,1561,0.0,0.0,ARTW,60m
2024-04-01 10:30:00-04:00,2.069999933242798,2.069999933242798,2.069999933242798,2.069999933242798,529,0.0,0.0,ARTW,60m
2024-04-01 15:30:00-04:00,2.069999933242798,2.069999933242798,2.069999933242798,2.069999933242798,1142,0.0,0.0,ARTW,60m
2024-04-02 11:30:00-04:00,2.0299999713897705,2.030100107192993,2.0299999713897705,2.030100107192993,412,0.0,0.0,ARTW,60m
2024-04-02 12:30:00-04:00,2.0299999713897705,2.0299999713897705,2.0299999713897705,2.0299999713897705,525,0.0,0.0,ARTW,60m
2024-04-03 10:30:00-04:00,2.0899999141693115,2.0899999141693115,2.0899999141693115,2.0899999141693115,710,0.0,0.0,ARTW,60m
2024-04-03 11:30:00-04:00,2.065000057220459,2.065000057220459,2.065000057220459,2.065000057220459,0,0.0,0.0,ARTW,60m
2024-04-03 12:30:00-04:00,2.050299882888794,2.050299882888794,2.0501999855041504,2.0501999855041504,1127,0.0,0.0,ARTW,60m
2024-04-03 14:30:00-04:00,2.0601000785827637,2.0601000785827637,2.0601000785827637,2.0601000785827637,151,0.0,0.0,ARTW,60m
2024-04-03 15:30:00-04:00,2.059999942779541,2.059999942779541,2.059999942779541,2.059999942779541,110,0.0,0.0,ARTW,60m
2024-04-04 09:30:00-04:00,2.055000066757202,2.055500030517578,2.0404999256134033,2.0404999256134033,1420,0.0,0.0,ARTW,60m
2024-04-04 13:30:00-04:00,2.050100088119507,2.050100088119507,2.050100088119507,2.050100088119507,704,0.0,0.0,ARTW,60m
2024-04-04 15:30:00-04:00,2.0399999618530273,2.0450000762939453,2.0399999618530273,2.0450000762939453,5601,0.0,0.0,ARTW,60m
2024-04-05 11:30:00-04:00,1.9900000095367432,1.9900000095367432,1.9900000095367432,1.9900000095367432,813,0.0,0.0,ARTW,60m
2024-04-08 09:30:00-04:00,2.049999952316284,2.059299945831299,2.030100107192993,2.0536000728607178,11528,0.0,0.0,ARTW,60m
2024-04-08 10:30:00-04:00,2.0409998893737793,2.0409998893737793,2.0409998893737793,2.0409998893737793,231,0.0,0.0,ARTW,60m
2024-04-08 11:30:00-04:00,2.065000057220459,2.065000057220459,2.059999942779541,2.059999942779541,328,0.0,0.0,ARTW,60m
2024-04-08 12:30:00-04:00,2.059999942779541,2.079900026321411,2.0597000122070312,2.079900026321411,5030,0.0,0.0,ARTW,60m
2024-04-08 13:30:00-04:00,2.0866000652313232,2.089900016784668,2.0866000652313232,2.089900016784668,3179,0.0,0.0,ARTW,60m
2024-04-08 14:30:00-04:00,2.089200019836426,2.089900016784668,2.065000057220459,2.089900016784668,10307,0.0,0.0,ARTW,60m
2024-04-08 15:30:00-04:00,2.069999933242798,2.0899999141693115,2.069999933242798,2.089900016784668,2402,0.0,0.0,ARTW,60m
2024-04-09 09:30:00-04:00,2.0899999141693115,2.0999999046325684,2.0399999618530273,2.0399999618530273,13457,0.0,0.0,ARTW,60m
2024-04-09 10:30:00-04:00,2.140000104904175,2.2100000381469727,2.0199999809265137,2.099900007247925,28040,0.0,0.0,ARTW,60m
2024-04-09 11:30:00-04:00,2.0799999237060547,2.0899999141693115,2.0799999237060547,2.0799999237060547,2920,0.0,0.0,ARTW,60m
2024-04-09 12:30:00-04:00,2.065000057220459,2.0850000381469727,2.065000057220459,2.0759999752044678,8853,0.0,0.0,ARTW,60m
2024-04-09 13:30:00-04:00,2.0829999446868896,2.0829999446868896,2.049999952316284,2.049999952316284,8054,0.0,0.0,ARTW,60m
2024-04-09 14:30:00-04:00,2.049999952316284,2.049999952316284,2.049999952316284,2.049999952316284,3732,0.0,0.0,ARTW,60m
2024-04-09 15:30:00-04:00,2.0799999237060547,2.0899999141693115,2.07069993019104,2.0899999141693115,4035,0.0,0.0,ARTW,60m
2024-04-10 09:30:00-04:00,2.0399999618530273,2.055000066757202,2.0299999713897705,2.0299999713897705,3930,0.0,0.0,ARTW,60m
2024-04-10 12:30:00-04:00,2.0899999141693115,2.1600000858306885,2.0899999141693115,2.1600000858306885,5253,0.0,0.0,ARTW,60m
2024-04-10 13:30:00-04:00,2.059999942779541,2.0899999141693115,2.050299882888794,2.059999942779541,2071,0.0,0.0,ARTW,60m
2024-04-10 15:30:00-04:00,2.069999933242798,2.0899999141693115,2.069999933242798,2.0899999141693115,2055,0.0,0.0,ARTW,60m
2024-04-11 09:30:00-04:00,2.0241000652313232,2.0243000984191895,2.0241000652313232,2.0243000984191895,4703,0.0,0.0,ARTW,60m
2024-04-11 11:30:00-04:00,2.0399999618530273,2.0399999618530273,2.0299999713897705,2.0399999618530273,3408,0.0,0.0,ARTW,60m
2024-04-11 12:30:00-04:00,2.0299999713897705,2.0299999713897705,2.0299999713897705,2.0299999713897705,136,0.0,0.0,ARTW,60m
2024-04-11 13:30:00-04:00,2.049999952316284,2.069999933242798,2.0299999713897705,2.0299999713897705,1969,0.0,0.0,ARTW,60m
2024-04-11 15:30:00-04:00,2.0409998893737793,2.049999952316284,2.0,2.0,1901,0.0,0.0,ARTW,60m
2024-04-12 10:30:00-04:00,2.035599946975708,2.035599946975708,2.0,2.0276999473571777,4417,0.0,0.0,ARTW,60m
2024-04-12 15:30:00-04:00,1.9800000190734863,1.9800000190734863,1.9800000190734863,1.9800000190734863,507,0.0,0.0,ARTW,60m
2024-04-15 12:30:00-04:00,2.0000998973846436,2.0000998973846436,2.0,2.0,1412,0.0,0.0,ARTW,60m
2024-04-16 10:30:00-04:00,1.9735000133514404,1.9735000133514404,1.9735000133514404,1.9735000133514404,764,0.0,0.0,ARTW,60m
2024-04-16 11:30:00-04:00,2.003000020980835,2.003000020980835,1.9800000190734863,1.9800000190734863,1069,0.0,0.0,ARTW,60m
2024-04-16 14:30:00-04:00,1.9900000095367432,1.9900000095367432,1.9900000095367432,1.9900000095367432,615,0.0,0.0,ARTW,60m
2024-04-17 11:30:00-04:00,2.009999990463257,2.009999990463257,2.009999990463257,2.009999990463257,1899,0.0,0.0,ARTW,60m
2024-04-19 11:30:00-04:00,1.9700000286102295,1.9700000286102295,1.9700000286102295,1.9700000286102295,1326,0.0,0.0,ARTW,60m
2024-04-19 12:30:00-04:00,1.9769999980926514,1.9800000190734863,1.9769999980926514,1.9800000190734863,1623,0.0,0.0,ARTW,60m
2024-04-19 15:30:00-04:00,1.9800000190734863,1.9950000047683716,1.9800000190734863,1.9950000047683716,437,0.0,0.0,ARTW,60m
2024-04-22 09:30:00-04:00,2.0208001136779785,2.0208001136779785,1.9950000047683716,1.9950000047683716,4481,0.0,0.0,ARTW,60m
2024-04-22 11:30:00-04:00,1.9809999465942383,1.9809999465942383,1.9809999465942383,1.9809999465942383,232,0.0,0.0,ARTW,60m
2024-04-22 14:30:00-04:00,1.9850000143051147,1.9850000143051147,1.9850000143051147,1.9850000143051147,864,0.0,0.0,ARTW,60m
2024-04-22 15:30:00-04:00,1.9804999828338623,1.9804999828338623,1.9500000476837158,1.9500000476837158,1063,0.0,0.0,ARTW,60m
2024-04-23 09:30:00-04:00,2.009999990463257,2.009999990463257,2.009999990463257,2.009999990463257,209,0.0,0.0,ARTW,60m
2024-04-23 14:30:00-04:00,1.9922000169754028,1.9922000169754028,1.9922000169754028,1.9922000169754028,495,0.0,0.0,ARTW,60m
2024-04-24 13:30:00-04:00,1.999899983406067,1.999899983406067,1.9600000381469727,1.9605000019073486,3490,0.0,0.0,ARTW,60m
2024-04-24 14:30:00-04:00,1.9600000381469727,1.9700000286102295,1.9600000381469727,1.9700000286102295,866,0.0,0.0,ARTW,60m
2024-04-25 09:30:00-04:00,1.9800000190734863,2.0118000507354736,1.9800000190734863,2.0118000507354736,768,0.0,0.0,ARTW,60m
2024-04-25 10:30:00-04:00,1.9900000095367432,1.9901000261306763,1.9900000095367432,1.9901000261306763,905,0.0,0.0,ARTW,60m
2024-04-25 15:30:00-04:00,1.9601000547409058,1.9601000547409058,1.9199999570846558,1.9601000547409058,6007,0.0,0.0,ARTW,60m
2024-04-26 14:30:00-04:00,1.9973000288009644,1.9973000288009644,1.9973000288009644,1.9973000288009644,427,0.0,0.0,ARTW,60m
2024-04-29 09:30:00-04:00,1.9199999570846558,1.9199999570846558,1.9199999570846558,1.9199999570846558,486,0.0,0.0,ARTW,60m
2024-04-29 10:30:00-04:00,1.9699000120162964,1.9699000120162964,1.9550000429153442,1.9550000429153442,500,0.0,0.0,ARTW,60m
2024-04-29 11:30:00-04:00,1.9402999877929688,1.9402999877929688,1.9402999877929688,1.9402999877929688,4831,0.0,0.0,ARTW,60m
2024-04-29 12:30:00-04:00,1.9700000286102295,1.9700000286102295,1.9700000286102295,1.9700000286102295,226,0.0,0.0,ARTW,60m
2024-04-30 09:30:00-04:00,1.9700000286102295,1.9700000286102295,1.9199999570846558,1.9199999570846558,1018,0.0,0.0,ARTW,60m
2024-04-30 10:30:00-04:00,1.929900050163269,1.9299999475479126,1.8799999952316284,1.8799999952316284,10701,0.0,0.0,ARTW,60m
2024-04-30 11:30:00-04:00,1.8799999952316284,1.8799999952316284,1.8652000427246094,1.8652000427246094,3078,0.0,0.0,ARTW,60m
2024-05-01 10:30:00-04:00,1.8791999816894531,1.8791999816894531,1.8301000595092773,1.8301000595092773,3070,0.0,0.0,ARTW,60m
2024-05-01 12:30:00-04:00,1.8799999952316284,1.8799999952316284,1.8799999952316284,1.8799999952316284,835,0.0,0.0,ARTW,60m
2024-05-01 13:30:00-04:00,1.8794000148773193,1.8794000148773193,1.8794000148773193,1.8794000148773193,115,0.0,0.0,ARTW,60m
2024-05-02 11:30:00-04:00,1.9185999631881714,1.9185999631881714,1.9185999631881714,1.9185999631881714,1386,0.0,0.0,ARTW,60m
2024-05-03 13:30:00-04:00,1.9041999578475952,1.9041999578475952,1.8650000095367432,1.8650000095367432,1121,0.0,0.0,ARTW,60m
2024-05-03 14:30:00-04:00,1.899999976158142,1.899999976158142,1.899999976158142,1.899999976158142,2013,0.0,0.0,ARTW,60m
2024-05-06 09:30:00-04:00,1.8899999856948853,1.8899999856948853,1.8899999856948853,1.8899999856948853,2226,0.0,0.0,ARTW,60m
2024-05-06 13:30:00-04:00,1.899999976158142,1.899999976158142,1.899999976158142,1.899999976158142,1065,0.0,0.0,ARTW,60m
2024-05-06 14:30:00-04:00,1.899999976158142,1.899999976158142,1.899999976158142,1.899999976158142,114,0.0,0.0,ARTW,60m
2024-05-07 09:30:00-04:00,1.850000023841858,1.8899999856948853,1.850000023841858,1.8899999856948853,2788,0.0,0.0,ARTW,60m
2024-05-07 10:30:00-04:00,1.8636000156402588,1.8636000156402588,1.8636000156402588,1.8636000156402588,2361,0.0,0.0,ARTW,60m
2024-05-07 11:30:00-04:00,1.8600000143051147,1.8600000143051147,1.8600000143051147,1.8600000143051147,200,0.0,0.0,ARTW,60m
2024-05-07 12:30:00-04:00,1.8898999691009521,1.8899999856948853,1.8898999691009521,1.8899999856948853,732,0.0,0.0,ARTW,60m
2024-05-08 09:30:00-04:00,1.8600000143051147,1.909999966621399,1.8600000143051147,1.909999966621399,1554,0.0,0.0,ARTW,60m
2024-05-08 10:30:00-04:00,1.899999976158142,1.899999976158142,1.899999976158142,1.899999976158142,1505,0.0,0.0,ARTW,60m
2024-05-08 11:30:00-04:00,1.8700000047683716,1.8700000047683716,1.8601000308990479,1.861899971961975,1127,0.0,0.0,ARTW,60m
2024-05-08 12:30:00-04:00,1.8899999856948853,1.8899999856948853,1.8899999856948853,1.8899999856948853,400,0.0,0.0,ARTW,60m
2024-05-08 13:30:00-04:00,1.8600000143051147,1.8600000143051147,1.8600000143051147,1.8600000143051147,0,0.0,0.0,ARTW,60m
2024-05-09 11:30:00-04:00,1.8818000555038452,1.8818000555038452,1.8818000555038452,1.8818000555038452,292,0.0,0.0,ARTW,60m
2024-05-09 13:30:00-04:00,1.8601000308990479,1.8601000308990479,1.8601000308990479,1.8601000308990479,1064,0.0,0.0,ARTW,60m
2024-05-09 15:30:00-04:00,1.8700000047683716,1.8700000047683716,1.8700000047683716,1.8700000047683716,155,0.0,0.0,ARTW,60m
2024-05-10 13:30:00-04:00,1.9600000381469727,1.9600000381469727,1.9600000381469727,1.9600000381469727,866,0.0,0.0,ARTW,60m
2024-05-10 14:30:00-04:00,1.9306999444961548,1.9306999444961548,1.9306999444961548,1.9306999444961548,2009,0.0,0.0,ARTW,60m
2024-05-13 09:30:00-04:00,1.8600000143051147,1.8600000143051147,1.8600000143051147,1.8600000143051147,925,0.0,0.0,ARTW,60m
2024-05-13 14:30:00-04:00,1.8600000143051147,1.8799999952316284,1.8600000143051147,1.8799999952316284,910,0.0,0.0,ARTW,60m
2024-05-13 15:30:00-04:00,1.8700000047683716,1.8700000047683716,1.8700000047683716,1.8700000047683716,188,0.0,0.0,ARTW,60m
2024-05-15 09:30:00-04:00,1.909999966621399,1.909999966621399,1.909999966621399,1.909999966621399,0,0.0,0.0,ARTW,60m
2024-05-15 10:30:00-04:00,1.910099983215332,1.910099983215332,1.8941999673843384,1.8941999673843384,957,0.0,0.0,ARTW,60m
2024-05-15 12:30:00-04:00,1.8899999856948853,1.8899999856948853,1.8899999856948853,1.8899999856948853,248,0.0,0.0,ARTW,60m
2024-05-16 11:30:00-04:00,1.8601000308990479,1.8601000308990479,1.8601000308990479,1.8601000308990479,218,0.0,0.0,ARTW,60m
2024-05-16 12:30:00-04:00,1.850600004196167,1.886199951171875,1.850600004196167,1.886199951171875,834,0.0,0.0,ARTW,60m
2024-05-17 09:30:00-04:00,1.860200047492981,1.860200047492981,1.860200047492981,1.860200047492981,458,0.0,0.0,ARTW,60m
2024-05-17 15:30:00-04:00,1.8949999809265137,1.899999976158142,1.8949999809265137,1.899999976158142,788,0.0,0.0,ARTW,60m
2024-05-20 09:30:00-04:00,1.8899999856948853,1.8899999856948853,1.8899999856948853,1.8899999856948853,136,0.0,0.0,ARTW,60m
2024-05-20 11:30:00-04:00,1.8600000143051147,1.8799999952316284,1.850000023841858,1.8799999952316284,833,0.0,0.0,ARTW,60m
2024-05-20 12:30:00-04:00,1.9149999618530273,1.9149999618530273,1.8803999423980713,1.885699987411499,1122,0.0,0.0,ARTW,60m
2024-05-21 09:30:00-04:00,1.9076000452041626,1.9076000452041626,1.9076000452041626,1.9076000452041626,323,0.0,0.0,ARTW,60m
2024-05-21 13:30:00-04:00,1.8600000143051147,1.8600000143051147,1.850000023841858,1.8550000190734863,5652,0.0,0.0,ARTW,60m
2024-05-21 15:30:00-04:00,1.8350000381469727,1.840000033378601,1.8350000381469727,1.840000033378601,1152,0.0,0.0,ARTW,60m
2024-05-22 09:30:00-04:00,1.8450000286102295,1.8450000286102295,1.8200000524520874,1.8200000524520874,372,0.0,0.0,ARTW,60m
2024-05-22 10:30:00-04:00,1.8732999563217163,1.8732999563217163,1.8732999563217163,1.8732999563217163,373,0.0,0.0,ARTW,60m
2024-05-22 12:30:00-04:00,1.8300000429153442,1.8300000429153442,1.8300000429153442,1.8300000429153442,285,0.0,0.0,ARTW,60m
2024-05-22 13:30:00-04:00,1.8300000429153442,1.8300000429153442,1.8300000429153442,1.8300000429153442,114,0.0,0.0,ARTW,60m
2024-05-22 15:30:00-04:00,1.8487999439239502,1.8487999439239502,1.7999999523162842,1.7999999523162842,2603,0.0,0.0,ARTW,60m
2024-05-23 11:30:00-04:00,1.8099000453948975,1.809999942779541,1.8099000453948975,1.809999942779541,894,0.0,0.0,ARTW,60m
2024-05-23 12:30:00-04:00,1.809999942779541,1.809999942779541,1.7799999713897705,1.7999999523162842,4770,0.0,0.0,ARTW,60m
2024-05-23 14:30:00-04:00,1.7805999517440796,1.7805999517440796,1.7805999517440796,1.7805999517440796,453,0.0,0.0,ARTW,60m
2024-05-24 09:30:00-04:00,1.7941999435424805,1.7999999523162842,1.7941999435424805,1.7999000549316406,1648,0.0,0.0,ARTW,60m
2024-05-24 10:30:00-04:00,1.8001999855041504,1.8033000230789185,1.8001999855041504,1.8033000230789185,1043,0.0,0.0,ARTW,60m
2024-05-24 13:30:00-04:00,1.7799999713897705,1.7799999713897705,1.7716000080108643,1.7716000080108643,718,0.0,0.0,ARTW,60m
2024-05-28 09:30:00-04:00,1.7899999618530273,1.7899999618530273,1.75,1.75,1387,0.0,0.0,ARTW,60m
2024-05-28 10:30:00-04:00,1.7699999809265137,1.8099000453948975,1.75,1.8099000453948975,1973,0.0,0.0,ARTW,60m
2024-05-28 11:30:00-04:00,1.7999999523162842,1.7999999523162842,1.784999966621399,1.784999966621399,781,0.0,0.0,ARTW,60m
2024-05-28 12:30:00-04:00,1.809999942779541,1.809999942779541,1.7900999784469604,1.7900999784469604,3512,0.0,0.0,ARTW,60m
2024-05-28 15:30:00-04:00,1.7899999618530273,1.7899999618530273,1.75,1.7790000438690186,3313,0.0,0.0,ARTW,60m
2024-05-29 09:30:00-04:00,1.76010000705719,1.76010000705719,1.76010000705719,1.76010000705719,822,0.0,0.0,ARTW,60m
2024-05-29 10:30:00-04:00,1.7599999904632568,1.777899980545044,1.7599999904632568,1.777899980545044,163,0.0,0.0,ARTW,60m
2024-05-29 11:30:00-04:00,1.7799999713897705,1.7799999713897705,1.7799999713897705,1.7799999713897705,177,0.0,0.0,ARTW,60m
2024-05-29 12:30:00-04:00,1.7799999713897705,1.7799999713897705,1.7798999547958374,1.7798999547958374,1319,0.0,0.0,ARTW,60m
2024-05-29 14:30:00-04:00,1.7599999904632568,1.76010000705719,1.750100016593933,1.750100016593933,861,0.0,0.0,ARTW,60m
2024-05-29 15:30:00-04:00,1.75,1.75,1.75,1.75,126,0.0,0.0,ARTW,60m
2024-05-30 11:30:00-04:00,1.7598999738693237,1.7598999738693237,1.7598999738693237,1.7598999738693237,752,0.0,0.0,ARTW,60m
2024-05-30 12:30:00-04:00,1.7598999738693237,1.7598999738693237,1.7598999738693237,1.7598999738693237,823,0.0,0.0,ARTW,60m
2024-05-30 14:30:00-04:00,1.7450000047683716,1.7597999572753906,1.7450000047683716,1.7597999572753906,2395,0.0,0.0,ARTW,60m
2024-05-31 09:30:00-04:00,1.75,1.75,1.7400000095367432,1.75,0,0.0,0.0,ARTW,60m
2024-05-31 12:30:00-04:00,1.7400000095367432,1.7400000095367432,1.7400000095367432,1.7400000095367432,200,0.0,0.0,ARTW,60m
2024-05-31 14:30:00-04:00,1.7559000253677368,1.7559000253677368,1.7559000253677368,1.7559000253677368,474,0.0,0.0,ARTW,60m
2024-06-03 11:30:00-04:00,1.7400000095367432,1.7487000226974487,1.7400000095367432,1.7487000226974487,835,0.0,0.0,ARTW,60m
2024-06-03 15:30:00-04:00,1.7300000190734863,1.7300000190734863,1.7000000476837158,1.7000000476837158,1878,0.0,0.0,ARTW,60m
2024-06-04 09:30:00-04:00,1.7100000381469727,1.7350000143051147,1.7100000381469727,1.710800051689148,1631,0.0,0.0,ARTW,60m
2024-06-04 11:30:00-04:00,1.7000999450683594,1.7000999450683594,1.7000999450683594,1.7000999450683594,467,0.0,0.0,ARTW,60m
2024-06-04 12:30:00-04:00,1.6950000524520874,1.6986000537872314,1.6950000524520874,1.6950000524520874,691,0.0,0.0,ARTW,60m
2024-06-04 13:30:00-04:00,1.6957000494003296,1.7000000476837158,1.6957000494003296,1.7000000476837158,666,0.0,0.0,ARTW,60m
2024-06-04 14:30:00-04:00,1.6749999523162842,1.6799999475479126,1.6749999523162842,1.6799999475479126,2288,0.0,0.0,ARTW,60m
2024-06-04 15:30:00-04:00,1.6984000205993652,1.7000000476837158,1.6984000205993652,1.7000000476837158,763,0.0,0.0,ARTW,60m
2024-06-05 09:30:00-04:00,1.6950000524520874,1.6959999799728394,1.6611000299453735,1.6692999601364136,1129,0.0,0.0,ARTW,60m
2024-06-06 11:30:00-04:00,1.6700999736785889,1.6700999736785889,1.6700999736785889,1.6700999736785889,204,0.0,0.0,ARTW,60m
2024-06-06 12:30:00-04:00,1.6699999570846558,1.6699999570846558,1.6699999570846558,1.6699999570846558,412,0.0,0.0,ARTW,60m
2024-06-07 14:30:00-04:00,1.7100000381469727,1.7100000381469727,1.6799999475479126,1.6799999475479126,607,0.0,0.0,ARTW,60m
2024-06-10 12:30:00-04:00,1.7194000482559204,1.7194000482559204,1.7194000482559204,1.7194000482559204,771,0.0,0.0,ARTW,60m
2024-06-10 13:30:00-04:00,1.6519999504089355,1.6519999504089355,1.649999976158142,1.649999976158142,2770,0.0,0.0,ARTW,60m
2024-06-11 09:30:00-04:00,1.649999976158142,1.649999976158142,1.649999976158142,1.649999976158142,353,0.0,0.0,ARTW,60m
2024-06-11 14:30:00-04:00,1.7200000286102295,1.7200000286102295,1.7200000286102295,1.7200000286102295,207,0.0,0.0,ARTW,60m
2024-06-12 09:30:00-04:00,1.6734000444412231,1.6734000444412231,1.6699999570846558,1.6699999570846558,504,0.0,0.0,ARTW,60m
2024-06-12 10:30:00-04:00,1.6970000267028809,1.6970000267028809,1.6970000267028809,1.6970000267028809,630,0.0,0.0,ARTW,60m
2024-06-13 09:30:00-04:00,1.67739999294281,1.67739999294281,1.67739999294281,1.67739999294281,604,0.0,0.0,ARTW,60m
2024-06-13 15:30:00-04:00,1.6699999570846558,1.6699999570846558,1.6699999570846558,1.6699999570846558,250,0.0,0.0,ARTW,60m
2024-06-17 09:30:00-04:00,1.6799999475479126,1.684999942779541,1.6799999475479126,1.684999942779541,1579,0.0,0.0,ARTW,60m
2024-06-17 10:30:00-04:00,1.6201000213623047,1.6201000213623047,1.6200000047683716,1.6200000047683716,1657,0.0,0.0,ARTW,60m
2024-06-17 13:30:00-04:00,1.6299999952316284,1.659999966621399,1.6299999952316284,1.659999966621399,2012,0.0,0.0,ARTW,60m
2024-06-17 14:30:00-04:00,1.6399999856948853,1.6399999856948853,1.6399999856948853,1.6399999856948853,634,0.0,0.0,ARTW,60m
2024-06-18 11:30:00-04:00,1.6653000116348267,1.6653000116348267,1.6653000116348267,1.6653000116348267,293,0.0,0.0,ARTW,60m
2024-06-18 12:30:00-04:00,1.6299999952316284,1.6299999952316284,1.6200000047683716,1.6200000047683716,471,0.0,0.0,ARTW,60m
2024-06-18 15:30:00-04:00,1.6299999952316284,1.6299999952316284,1.600000023841858,1.600000023841858,2010,0.0,0.0,ARTW,60m
2024-06-21 10:30:00-04:00,1.625,1.625,1.625,1.625,132,0.0,0.0,ARTW,60m
2024-06-21 11:30:00-04:00,1.6331000328063965,1.6344000101089478,1.6331000328063965,1.6344000101089478,1540,0.0,0.0,ARTW,60m
2024-06-21 13:30:00-04:00,1.6200000047683716,1.6200000047683716,1.6200000047683716,1.6200000047683716,137,0.0,0.0,ARTW,60m
2024-06-21 14:30:00-04:00,1.5800000429153442,1.590000033378601,1.5800000429153442,1.590000033378601,1128,0.0,0.0,ARTW,60m
2024-06-21 15:30:00-04:00,1.5500999689102173,1.559999942779541,1.5199999809265137,1.5199999809265137,5746,0.0,0.0,ARTW,60m
2024-06-24 09:30:00-04:00,1.5499999523162842,1.5499999523162842,1.340000033378601,1.4700000286102295,1575,0.0,0.0,ARTW,60m
2024-06-24 10:30:00-04:00,1.4801000356674194,1.5,1.4801000356674194,1.5,439,0.0,0.0,ARTW,60m
2024-06-24 15:30:00-04:00,1.5399999618530273,1.5499999523162842,1.5299999713897705,1.5299999713897705,9186,0.0,0.0,ARTW,60m
2024-06-25 09:30:00-04:00,1.5499999523162842,1.5499999523162842,1.5399999618530273,1.5399999618530273,1950,0.0,0.0,ARTW,60m
2024-06-25 10:30:00-04:00,1.4947999715805054,1.5299999713897705,1.4947999715805054,1.5299999713897705,450,0.0,0.0,ARTW,60m
2024-06-25 11:30:00-04:00,1.5299999713897705,1.5299999713897705,1.5299999713897705,1.5299999713897705,645,0.0,0.0,ARTW,60m
2024-06-26 09:30:00-04:00,1.534999966621399,1.6132999658584595,1.534999966621399,1.6132999658584595,2254,0.0,0.0,ARTW,60m
2024-06-27 09:30:00-04:00,1.5786000490188599,1.5786000490188599,1.5786000490188599,1.5786000490188599,2000,0.0,0.0,ARTW,60m
2024-06-27 10:30:00-04:00,1.5299999713897705,1.5299999713897705,1.5299999713897705,1.5299999713897705,0,0.0,0.0,ARTW,60m
2024-06-27 12:30:00-04:00,1.559999942779541,1.559999942779541,1.5299999713897705,1.5299999713897705,0,0.0,0.0,ARTW,60m
2024-06-28 09:30:00-04:00,1.6100000143051147,1.6100000143051147,1.6100000143051147,1.6100000143051147,2823,0.0,0.0,ARTW,60m
2024-06-28 11:30:00-04:00,1.559999942779541,1.559999942779541,1.559999942779541,1.559999942779541,316,0.0,0.0,ARTW,60m
2024-06-28 15:30:00-04:00,1.559999942779541,1.559999942779541,1.559999942779541,1.559999942779541,128,0.0,0.0,ARTW,60m
2024-07-02 09:30:00-04:00,1.5,1.5499999523162842,1.5,1.531599998474121,14543,0.0,0.0,ARTW,60m
2024-07-02 10:30:00-04:00,1.5427000522613525,1.590000033378601,1.5427000522613525,1.5700000524520874,7225,0.0,0.0,ARTW,60m
2024-07-02 11:30:00-04:00,1.6299999952316284,1.6299999952316284,1.6299999952316284,1.6299999952316284,181,0.0,0.0,ARTW,60m
2024-07-02 12:30:00-04:00,1.559999942779541,1.559999942779541,1.559999942779541,1.559999942779541,1231,0.0,0.0,ARTW,60m
2024-07-02 14:30:00-04:00,1.6100000143051147,1.6100000143051147,1.6100000143051147,1.6100000143051147,116,0.0,0.0,ARTW,60m
2024-07-02 15:30:00-04:00,1.5800000429153442,1.5800000429153442,1.5800000429153442,1.5800000429153442,148,0.0,0.0,ARTW,60m
2024-07-03 09:30:00-04:00,1.6299999952316284,1.6299999952316284,1.5800000429153442,1.590000033378601,5288,0.0,0.0,ARTW,60m
2024-07-03 10:30:00-04:00,1.600000023841858,1.600000023841858,1.5999000072479248,1.5999000072479248,1953,0.0,0.0,ARTW,60m
2024-07-03 11:30:00-04:00,1.6349999904632568,1.6598999500274658,1.6349999904632568,1.6598999500274658,609,0.0,0.0,ARTW,60m
2024-07-03 12:30:00-04:00,1.6100000143051147,1.6100000143051147,1.600000023841858,1.600000023841858,3790,0.0,0.0,ARTW,60m
2024-07-05 09:30:00-04:00,1.6100000143051147,1.6598999500274658,1.600000023841858,1.6299999952316284,0,0.0,0.0,ARTW,60m
2024-07-05 10:30:00-04:00,1.7000000476837158,1.7000000476837158,1.690000057220459,1.690000057220459,495,0.0,0.0,ARTW,60m
2024-07-05 11:30:00-04:00,1.7000000476837158,1.7000000476837158,1.7000000476837158,1.7000000476837158,2000,0.0,0.0,ARTW,60m
2024-07-05 12:30:00-04:00,1.6680999994277954,1.6680999994277954,1.649999976158142,1.6680999994277954,918,0.0,0.0,ARTW,60m
2024-07-08 11:30:00-04:00,1.5850000381469727,1.590000033378601,1.5750000476837158,1.5750000476837158,1347,0.0,0.0,ARTW,60m
2024-07-08 12:30:00-04:00,1.5750000476837158,1.5800000429153442,1.5399999618530273,1.5800000429153442,8300,0.0,0.0,ARTW,60m
2024-07-09 10:30:00-04:00,1.5399999618530273,1.5399999618530273,1.4199999570846558,1.4500000476837158,6102,0.0,0.0,ARTW,60m
2024-07-09 11:30:00-04:00,1.524999976158142,1.524999976158142,1.524999976158142,1.524999976158142,109,0.0,0.0,ARTW,60m
2024-07-10 09:30:00-04:00,1.590000033378601,1.590000033378601,1.590000033378601,1.590000033378601,1909,0.0,0.0,ARTW,60m
2024-07-10 10:30:00-04:00,1.5700000524520874,1.5700000524520874,1.5700000524520874,1.5700000524520874,304,0.0,0.0,ARTW,60m
2024-07-10 12:30:00-04:00,1.5700000524520874,1.5700000524520874,1.5700000524520874,1.5700000524520874,564,0.0,0.0,ARTW,60m
2024-07-10 13:30:00-04:00,1.5700000524520874,1.5700000524520874,1.5700000524520874,1.5700000524520874,27,0.0,0.0,ARTW,60m
2024-07-10 14:30:00-04:00,1.5700000524520874,1.5700000524520874,1.5700000524520874,1.5700000524520874,139,0.0,0.0,ARTW,60m
2024-07-10 15:30:00-04:00,1.5573999881744385,1.5573999881744385,1.5499999523162842,1.5500999689102173,2636,0.0,0.0,ARTW,60m
2024-07-11 09:30:00-04:00,1.4500000476837158,1.5598000288009644,1.4500000476837158,1.5598000288009644,592,0.0,0.0,ARTW,60m
2024-07-12 09:30:00-04:00,1.5200999975204468,1.5200999975204468,1.5200999975204468,1.5200999975204468,1968,0.0,0.0,ARTW,60m
2024-07-12 14:30:00-04:00,1.5750000476837158,1.5884000062942505,1.5218000411987305,1.5218000411987305,2702,0.0,0.0,ARTW,60m
2024-07-15 09:30:00-04:00,1.6100000143051147,1.6299999952316284,1.5199999809265137,1.5199999809265137,8009,0.0,0.0,ARTW,60m
2024-07-15 10:30:00-04:00,1.4700000286102295,1.5399999618530273,1.4600000381469727,1.4700000286102295,19936,0.0,0.0,ARTW,60m
2024-07-15 11:30:00-04:00,1.4600000381469727,1.4600000381469727,1.4600000381469727,1.4600000381469727,4231,0.0,0.0,ARTW,60m
2024-07-15 13:30:00-04:00,1.4850000143051147,1.5098999738693237,1.4600000381469727,1.4700000286102295,0,0.0,0.0,ARTW,60m
2024-07-15 14:30:00-04:00,1.5,1.5,1.4500000476837158,1.4700000286102295,48256,0.0,0.0,ARTW,60m
2024-07-15 15:30:00-04:00,1.4800000190734863,1.5399999618530273,1.4800000190734863,1.5399999618530273,3506,0.0,0.0,ARTW,60m
2024-07-16 09:30:00-04:00,1.4700000286102295,1.4700000286102295,1.4700000286102295,1.4700000286102295,0,0.0,0.0,ARTW,60m
2024-07-16 12:30:00-04:00,1.4600000381469727,1.4600000381469727,1.4600000381469727,1.4600000381469727,1176,0.0,0.0,ARTW,60m
2024-07-16 13:30:00-04:00,1.4900000095367432,1.4900000095367432,1.475000023841858,1.475000023841858,7314,0.0,0.0,ARTW,60m
2024-07-17 14:30:00-04:00,1.5199999809265137,1.5199999809265137,1.5199999809265137,1.5199999809265137,1929,0.0,0.0,ARTW,60m
2024-07-17 15:30:00-04:00,1.5199999809265137,1.5199999809265137,1.5199999809265137,1.5199999809265137,165,0.0,0.0,ARTW,60m
2024-07-18 15:30:00-04:00,1.5199999809265137,1.5199999809265137,1.5199999809265137,1.5199999809265137,296,0.0,0.0,ARTW,60m
2024-07-19 14:30:00-04:00,1.534999966621399,1.534999966621399,1.534999966621399,1.534999966621399,639,0.0,0.0,ARTW,60m
2024-07-22 13:30:00-04:00,1.559999942779541,1.559999942779541,1.5399999618530273,1.5399999618530273,1081,0.0,0.0,ARTW,60m
2024-07-22 15:30:00-04:00,1.5399999618530273,1.5399999618530273,1.5399999618530273,1.5399999618530273,0,0.0,0.0,ARTW,60m
2024-07-23 10:30:00-04:00,1.5399999618530273,1.5399999618530273,1.5399999618530273,1.5399999618530273,934,0.0,0.0,ARTW,60m
2024-07-23 13:30:00-04:00,1.5399999618530273,1.5399999618530273,1.5399999618530273,1.5399999618530273,138,0.0,0.0,ARTW,60m
2024-07-24 09:30:00-04:00,1.589900016784668,1.659999966621399,1.5800000429153442,1.6399999856948853,16095,0.0,0.0,ARTW,60m
2024-07-24 10:30:00-04:00,1.5499999523162842,1.6100000143051147,1.5499999523162842,1.6100000143051147,7815,0.0,0.0,ARTW,60m
2024-07-24 11:30:00-04:00,1.5700000524520874,1.5800000429153442,1.5399999618530273,1.5566999912261963,8665,0.0,0.0,ARTW,60m
2024-07-24 13:30:00-04:00,1.5499999523162842,1.5601999759674072,1.5299999713897705,1.5601999759674072,5503,0.0,0.0,ARTW,60m
2024-07-24 14:30:00-04:00,1.51010000705719,1.5368000268936157,1.5099999904632568,1.5099999904632568,4212,0.0,0.0,ARTW,60m
2024-07-24 15:30:00-04:00,1.5099999904632568,1.5199999809265137,1.4500000476837158,1.4500000476837158,5975,0.0,0.0,ARTW,60m
2024-07-26 15:30:00-04:00,1.5198999643325806,1.5198999643325806,1.5198999643325806,1.5198999643325806,146,0.0,0.0,ARTW,60m
2024-07-29 09:30:00-04:00,1.5199999809265137,1.5199999809265137,1.5199999809265137,1.5199999809265137,0,0.0,0.0,ARTW,60m
2024-07-29 13:30:00-04:00,1.5475000143051147,1.5475000143051147,1.5199999809265137,1.5434000492095947,9836,0.0,0.0,ARTW,60m
2024-07-29 14:30:00-04:00,1.5099999904632568,1.5099999904632568,1.5099999904632568,1.5099999904632568,422,0.0,0.0,ARTW,60m
2024-07-30 09:30:00-04:00,1.4900000095367432,1.5500999689102173,1.4900000095367432,1.5199999809265137,0,0.0,0.0,ARTW,60m
2024-07-30 11:30:00-04:00,1.5269999504089355,1.5269999504089355,1.5269999504089355,1.5269999504089355,0,0.0,0.0,ARTW,60m
2024-07-30 15:30:00-04:00,1.5199999809265137,1.5199999809265137,1.5199999809265137,1.5199999809265137,0,0.0,0.0,ARTW,60m
2024-07-31 09:30:00-04:00,1.5199999809265137,1.587499976158142,1.5199999809265137,1.587499976158142,674,0.0,0.0,ARTW,60m
2024-07-31 10:30:00-04:00,1.5528000593185425,1.5528000593185425,1.5299999713897705,1.5399999618530273,2015,0.0,0.0,ARTW,60m
2024-07-31 11:30:00-04:00,1.5800000429153442,1.5800000429153442,1.5800000429153442,1.5800000429153442,0,0.0,0.0,ARTW,60m
2024-07-31 14:30:00-04:00,1.5199999809265137,1.5199999809265137,1.5199999809265137,1.5199999809265137,0,0.0,0.0,ARTW,60m
2024-07-31 15:30:00-04:00,1.5200999975204468,1.5200999975204468,1.440000057220459,1.440000057220459,16175,0.0,0.0,ARTW,60m
2024-08-01 09:30:00-04:00,1.5231000185012817,1.5231000185012817,1.5231000185012817,1.5231000185012817,763,0.0,0.0,ARTW,60m
2024-08-01 15:30:00-04:00,1.5,1.5,1.5,1.5,236,0.0,0.0,ARTW,60m
2024-08-02 09:30:00-04:00,1.4900000095367432,1.4984999895095825,1.4730000495910645,1.4984999895095825,1997,0.0,0.0,ARTW,60m
2024-08-02 10:30:00-04:00,1.4950000047683716,1.4950000047683716,1.4950000047683716,1.4950000047683716,136,0.0,0.0,ARTW,60m
2024-08-02 11:30:00-04:00,1.499899983406067,1.5,1.499899983406067,1.5,1008,0.0,0.0,ARTW,60m
2024-08-02 12:30:00-04:00,1.5099999904632568,1.51010000705719,1.4800000190734863,1.5,2530,0.0,0.0,ARTW,60m
2024-08-02 14:30:00-04:00,1.4900000095367432,1.4900000095367432,1.4900000095367432,1.4900000095367432,287,0.0,0.0,ARTW,60m
2024-08-02 15:30:00-04:00,1.4800000190734863,1.4800000190734863,1.4800000190734863,1.4800000190734863,562,0.0,0.0,ARTW,60m
2024-08-05 15:30:00-04:00,1.4500000476837158,1.4500000476837158,1.4500000476837158,1.4500000476837158,1192,0.0,0.0,ARTW,60m
2024-08-06 09:30:00-04:00,1.4299999475479126,1.4299999475479126,1.4299999475479126,1.4299999475479126,1270,0.0,0.0,ARTW,60m
2024-08-07 09:30:00-04:00,1.399999976158142,1.4199999570846558,1.399999976158142,1.4199999570846558,0,0.0,0.0,ARTW,60m
2024-08-07 13:30:00-04:00,1.4199999570846558,1.4199999570846558,1.4199999570846558,1.4199999570846558,5574,0.0,0.0,ARTW,60m
2024-08-07 14:30:00-04:00,1.440000057220459,1.4700000286102295,1.4199999570846558,1.4199999570846558,2334,0.0,0.0,ARTW,60m
2024-08-08 09:30:00-04:00,1.4499000310897827,1.4499000310897827,1.438099980354309,1.438099980354309,0,0.0,0.0,ARTW,60m
2024-08-08 11:30:00-04:00,1.4223999977111816,1.4223999977111816,1.4223999977111816,1.4223999977111816,2940,0.0,0.0,ARTW,60m
2024-08-08 13:30:00-04:00,1.4199999570846558,1.4199999570846558,1.4199999570846558,1.4199999570846558,109,0.0,0.0,ARTW,60m
2024-08-08 15:30:00-04:00,1.4199999570846558,1.4199999570846558,1.4199999570846558,1.4199999570846558,457,0.0,0.0,ARTW,60m
2024-08-09 09:30:00-04:00,1.440000057220459,1.440000057220459,1.409999966621399,1.409999966621399,0,0.0,0.0,ARTW,60m
2024-08-09 12:30:00-04:00,1.4299999475479126,1.4299999475479126,1.4299999475479126,1.4299999475479126,1166,0.0,0.0,ARTW,60m
2024-08-09 13:30:00-04:00,1.4199999570846558,1.429900050163269,1.4199999570846558,1.429900050163269,2307,0.0,0.0,ARTW,60m
2024-08-12 09:30:00-04:00,1.440000057220459,1.440000057220459,1.440000057220459,1.440000057220459,470,0.0,0.0,ARTW,60m
2024-08-12 10:30:00-04:00,1.4320000410079956,1.4444999694824219,1.4320000410079956,1.4444999694824219,868,0.0,0.0,ARTW,60m
2024-08-12 12:30:00-04:00,1.4500000476837158,1.4500000476837158,1.4500000476837158,1.4500000476837158,659,0.0,0.0,ARTW,60m
2024-08-12 15:30:00-04:00,1.4299999475479126,1.4500000476837158,1.4299999475479126,1.4500000476837158,332,0.0,0.0,ARTW,60m
2024-08-13 09:30:00-04:00,1.4261000156402588,1.4261000156402588,1.4261000156402588,1.4261000156402588,611,0.0,0.0,ARTW,60m
2024-08-13 13:30:00-04:00,1.440000057220459,1.440000057220459,1.440000057220459,1.440000057220459,365,0.0,0.0,ARTW,60m
2024-08-16 09:30:00-04:00,1.4644999504089355,1.4644999504089355,1.4644999504089355,1.4644999504089355,575,0.0,0.0,ARTW,60m
2024-08-16 14:30:00-04:00,1.47160005569458,1.47160005569458,1.47160005569458,1.47160005569458,568,0.0,0.0,ARTW,60m
2024-08-19 09:30:00-04:00,1.475000023841858,1.475000023841858,1.475000023841858,1.475000023841858,513,0.0,0.0,ARTW,60m
2024-08-19 10:30:00-04:00,1.475000023841858,1.5679999589920044,1.475000023841858,1.5299999713897705,7513,0.0,0.0,ARTW,60m
2024-08-19 11:30:00-04:00,1.5399999618530273,1.5700000524520874,1.5299999713897705,1.5700000524520874,4942,0.0,0.0,ARTW,60m
2024-08-19 12:30:00-04:00,1.5700000524520874,1.5700000524520874,1.5700000524520874,1.5700000524520874,587,0.0,0.0,ARTW,60m
2024-08-19 13:30:00-04:00,1.5449999570846558,1.5700000524520874,1.5200999975204468,1.5700000524520874,1097,0.0,0.0,ARTW,60m
2024-08-19 15:30:00-04:00,1.5599000453948975,1.5599000453948975,1.5599000453948975,1.5599000453948975,304,0.0,0.0,ARTW,60m
2024-08-20 09:30:00-04:00,1.5499999523162842,1.5992000102996826,1.5499999523162842,1.5992000102996826,508,0.0,0.0,ARTW,60m
2024-08-20 10:30:00-04:00,1.5418000221252441,1.5700000524520874,1.4987000226974487,1.554800033569336,854,0.0,0.0,ARTW,60m
2024-08-20 11:30:00-04:00,1.5399999618530273,1.5715999603271484,1.5019999742507935,1.5700000524520874,2481,0.0,0.0,ARTW,60m
2024-08-21 10:30:00-04:00,1.5199999809265137,1.5199999809265137,1.5199999809265137,1.5199999809265137,502,0.0,0.0,ARTW,60m
2024-08-21 12:30:00-04:00,1.5262999534606934,1.569000005722046,1.524999976158142,1.569000005722046,1372,0.0,0.0,ARTW,60m
2024-08-21 13:30:00-04:00,1.559999942779541,1.5700000524520874,1.559999942779541,1.5699000358581543,3715,0.0,0.0,ARTW,60m
2024-08-21 14:30:00-04:00,1.5699000358581543,1.600000023841858,1.565000057220459,1.565000057220459,4511,0.0,0.0,ARTW,60m
2024-08-21 15:30:00-04:00,1.600000023841858,1.6100000143051147,1.5800000429153442,1.600000023841858,1146,0.0,0.0,ARTW,60m
2024-08-22 09:30:00-04:00,1.5999000072479248,1.6100000143051147,1.5750000476837158,1.6098999977111816,4489,0.0,0.0,ARTW,60m
2024-08-22 10:30:00-04:00,1.6098999977111816,1.6200000047683716,1.5817999839782715,1.6200000047683716,7498,0.0,0.0,ARTW,60m
2024-08-22 11:30:00-04:00,1.600000023841858,1.600000023841858,1.600000023841858,1.600000023841858,3867,0.0,0.0,ARTW,60m
2024-08-22 13:30:00-04:00,1.600000023841858,1.600000023841858,1.600000023841858,1.600000023841858,1835,0.0,0.0,ARTW,60m
2024-08-22 14:30:00-04:00,1.5800000429153442,1.5801000595092773,1.5800000429153442,1.5801000595092773,2046,0.0,0.0,ARTW,60m
2024-08-22 15:30:00-04:00,1.600000023841858,1.940000057220459,1.600000023841858,1.8700000047683716,199815,0.0,0.0,ARTW,60m
2024-08-23 09:30:00-04:00,1.8799999952316284,2.019200086593628,1.8300000429153442,1.8976999521255493,274708,0.0,0.0,ARTW,60m
2024-08-23 10:30:00-04:00,1.8990000486373901,2.0399999618530273,1.8700000047683716,1.9500000476837158,101127,0.0,0.0,ARTW,60m
2024-08-23 11:30:00-04:00,1.9599000215530396,1.9599000215530396,1.7599999904632568,1.815000057220459,86822,0.0,0.0,ARTW,60m
2024-08-23 12:30:00-04:00,1.8300000429153442,1.9299999475479126,1.6759999990463257,1.875,363850,0.0,0.0,ARTW,60m
2024-08-23 13:30:00-04:00,1.899999976158142,2.0999999046325684,1.850100040435791,2.059999942779541,264645,0.0,0.0,ARTW,60m
2024-08-23 14:30:00-04:00,2.0694000720977783,2.240000009536743,2.0199999809265137,2.200000047683716,188744,0.0,0.0,ARTW,60m
2024-08-23 15:30:00-04:00,2.160099983215332,2.200000047683716,2.0399999618530273,2.0899999141693115,76343,0.0,0.0,ARTW,60m
2024-08-26 09:30:00-04:00,2.0899999141693115,2.140000104904175,1.8300000429153442,1.9656000137329102,230503,0.0,0.0,ARTW,60m
2024-08-26 10:30:00-04:00,1.9900000095367432,2.0299999713897705,1.909999966621399,1.9599000215530396,43499,0.0,0.0,ARTW,60m
2024-08-26 11:30:00-04:00,1.9500000476837158,2.0799999237060547,1.875599980354309,1.9902000427246094,133343,0.0,0.0,ARTW,60m
2024-08-26 12:30:00-04:00,2.005199909210205,2.00600004196167,1.9000999927520752,1.9700000286102295,31027,0.0,0.0,ARTW,60m
2024-08-26 13:30:00-04:00,1.9491000175476074,1.9988000392913818,1.909999966621399,1.940000057220459,25668,0.0,0.0,ARTW,60m
2024-08-26 14:30:00-04:00,1.940000057220459,2.062000036239624,1.940000057220459,2.009999990463257,88902,0.0,0.0,ARTW,60m
2024-08-26 15:30:00-04:00,2.0199999809265137,2.0399999618530273,2.0,2.0350000858306885,20657,0.0,0.0,ARTW,60m
2024-08-27 09:30:00-04:00,2.0199999809265137,2.049999952316284,1.9249000549316406,2.0399999618530273,57692,0.0,0.0,ARTW,60m
2024-08-27 10:30:00-04:00,2.0100998878479004,2.049999952316284,2.000699996948242,2.000699996948242,23144,0.0,0.0,ARTW,60m
2024-08-27 11:30:00-04:00,2.0250000953674316,2.049999952316284,2.0000998973846436,2.049499988555908,16149,0.0,0.0,ARTW,60m
2024-08-27 12:30:00-04:00,2.0464000701904297,2.0762999057769775,2.009999990463257,2.0339999198913574,19519,0.0,0.0,ARTW,60m
2024-08-27 13:30:00-04:00,2.039900064468384,2.0729000568389893,2.0299999713897705,2.070499897003174,5697,0.0,0.0,ARTW,60m
2024-08-27 14:30:00-04:00,2.079900026321411,2.0799999237060547,2.0,2.0,19814,0.0,0.0,ARTW,60m
2024-08-27 15:30:00-04:00,2.0299999713897705,2.0299999713897705,2.0,2.029900074005127,8305,0.0,0.0,ARTW,60m
2024-08-28 09:30:00-04:00,2.069999933242798,2.2100000381469727,2.0,2.200000047683716,127068,0.0,0.0,ARTW,60m
2024-08-28 10:30:00-04:00,2.199899911880493,2.2100000381469727,2.0199999809265137,2.0999999046325684,55323,0.0,0.0,ARTW,60m
2024-08-28 11:30:00-04:00,2.1050000190734863,2.140000104904175,2.09060001373291,2.119999885559082,7649,0.0,0.0,ARTW,60m
2024-08-28 12:30:00-04:00,2.109999895095825,2.140000104904175,2.059999942779541,2.0998001098632812,18450,0.0,0.0,ARTW,60m
2024-08-28 13:30:00-04:00,2.0797998905181885,2.140000104904175,1.909999966621399,2.0299999713897705,64899,0.0,0.0,ARTW,60m
2024-08-28 14:30:00-04:00,2.009999990463257,2.0999999046325684,1.9500000476837158,2.059999942779541,60781,0.0,0.0,ARTW,60m
2024-08-28 15:30:00-04:00,2.069999933242798,2.0899999141693115,2.049999952316284,2.059999942779541,25524,0.0,0.0,ARTW,60m
2024-08-29 09:30:00-04:00,2.119999885559082,2.119999885559082,2.0208001136779785,2.100100040435791,33953,0.0,0.0,ARTW,60m
2024-08-29 10:30:00-04:00,2.1050000190734863,2.109999895095825,2.0199999809265137,2.109999895095825,34129,0.0,0.0,ARTW,60m
2024-08-29 11:30:00-04:00,2.049999952316284,2.109999895095825,2.049999952316284,2.0799999237060547,3296,0.0,0.0,ARTW,60m
2024-08-29 12:30:00-04:00,2.0799999237060547,2.109999895095825,2.049999952316284,2.0899999141693115,22383,0.0,0.0,ARTW,60m
2024-08-29 13:30:00-04:00,2.109499931335449,2.2899999618530273,2.0899999141693115,2.2300000190734863,78137,0.0,0.0,ARTW,60m
2024-08-29 14:30:00-04:00,2.25,2.2899999618530273,2.009999990463257,2.109999895095825,126770,0.0,0.0,ARTW,60m
2024-08-29 15:30:00-04:00,2.100100040435791,2.1191999912261963,2.009999990463257,2.030100107192993,43071,0.0,0.0,ARTW,60m
2024-08-30 09:30:00-04:00,2.047800064086914,2.130000114440918,2.0299999713897705,2.119999885559082,36490,0.0,0.0,ARTW,60m
2024-08-30 10:30:00-04:00,2.069999933242798,2.0899999141693115,2.0399999618530273,2.078200101852417,20863,0.0,0.0,ARTW,60m
2024-08-30 11:30:00-04:00,2.0799999237060547,2.099900007247925,2.0201001167297363,2.0201001167297363,16713,0.0,0.0,ARTW,60m
2024-08-30 12:30:00-04:00,2.0199999809265137,2.0980000495910645,2.0199999809265137,2.075000047683716,7885,0.0,0.0,ARTW,60m
2024-08-30 13:30:00-04:00,2.075000047683716,2.096400022506714,2.0199999809265137,2.072999954223633,8427,0.0,0.0,ARTW,60m
2024-08-30 14:30:00-04:00,2.069999933242798,2.0899999141693115,2.049999952316284,2.0708999633789062,15693,0.0,0.0,ARTW,60m
2024-08-30 15:30:00-04:00,2.0799999237060547,2.0899999141693115,2.0799999237060547,2.0799999237060547,3951,0.0,0.0,ARTW,60m
2024-09-03 09:30:00-04:00,2.059999942779541,2.059999942779541,1.930400013923645,2.019200086593628,40297,0.0,0.0,ARTW,60m
2024-09-03 10:30:00-04:00,1.975000023841858,2.0199999809265137,1.8538999557495117,2.0199999809265137,60361,0.0,0.0,ARTW,60m
2024-09-03 11:30:00-04:00,2.0195000171661377,2.039900064468384,1.930999994277954,1.9800000190734863,36979,0.0,0.0,ARTW,60m
2024-09-03 12:30:00-04:00,1.9634000062942505,1.9634000062942505,1.9600000381469727,1.9600000381469727,3683,0.0,0.0,ARTW,60m
2024-09-03 13:30:00-04:00,1.9592000246047974,2.0299999713897705,1.9407000541687012,2.0,36957,0.0,0.0,ARTW,60m
2024-09-03 14:30:00-04:00,2.019700050354004,2.019700050354004,1.940000057220459,1.9900000095367432,6721,0.0,0.0,ARTW,60m
2024-09-03 15:30:00-04:00,1.999500036239624,1.999500036239624,1.9800000190734863,1.9800000190734863,1756,0.0,0.0,ARTW,60m
2024-09-04 09:30:00-04:00,1.9315999746322632,1.965999960899353,1.8700000047683716,1.899999976158142,42792,0.0,0.0,ARTW,60m
2024-09-04 10:30:00-04:00,1.930400013923645,1.999899983406067,1.910099983215332,1.9904999732971191,65813,0.0,0.0,ARTW,60m
2024-09-04 11:30:00-04:00,1.9700000286102295,1.9900000095367432,1.9500000476837158,1.9600000381469727,3498,0.0,0.0,ARTW,60m
2024-09-04 12:30:00-04:00,1.9800000190734863,2.0,1.9600000381469727,1.999899983406067,17725,0.0,0.0,ARTW,60m
2024-09-04 13:30:00-04:00,1.9900000095367432,2.018199920654297,1.9900000095367432,2.009999990463257,10964,0.0,0.0,ARTW,60m
2024-09-04 14:30:00-04:00,1.9982999563217163,2.0299999713897705,1.9801000356674194,2.0199999809265137,5110,0.0,0.0,ARTW,60m
2024-09-04 15:30:00-04:00,2.009999990463257,2.0195999145507812,1.9900000095367432,1.9900000095367432,2467,0.0,0.0,ARTW,60m
2024-09-05 09:30:00-04:00,1.9900000095367432,1.9900000095367432,1.899999976158142,1.9600000381469727,11660,0.0,0.0,ARTW,60m
2024-09-05 10:30:00-04:00,1.9600000381469727,1.9700000286102295,1.940000057220459,1.940000057220459,2210,0.0,0.0,ARTW,60m
2024-09-05 11:30:00-04:00,1.9299999475479126,1.9799000024795532,1.920799970626831,1.9799000024795532,7013,0.0,0.0,ARTW,60m
2024-09-05 12:30:00-04:00,1.940000057220459,1.9550000429153442,1.9375,1.9550000429153442,3179,0.0,0.0,ARTW,60m
2024-09-05 13:30:00-04:00,1.9600000381469727,1.9700000286102295,1.850000023841858,1.9299999475479126,67490,0.0,0.0,ARTW,60m
2024-09-05 14:30:00-04:00,1.909999966621399,1.930799961090088,1.909999966621399,1.930799961090088,503,0.0,0.0,ARTW,60m
2024-09-05 15:30:00-04:00,1.929900050163269,1.9498000144958496,1.9199999570846558,1.940000057220459,4445,0.0,0.0,ARTW,60m
2024-09-06 09:30:00-04:00,1.940000057220459,1.940000057220459,1.8799999952316284,1.8799999952316284,12210,0.0,0.0,ARTW,60m
2024-09-06 10:30:00-04:00,1.8799999952316284,1.965000033378601,1.8600000143051147,1.899999976158142,70209,0.0,0.0,ARTW,60m
2024-09-06 11:30:00-04:00,1.909999966621399,2.029900074005127,1.9031000137329102,1.909999966621399,8872,0.0,0.0,ARTW,60m
2024-09-06 12:30:00-04:00,1.940000057220459,1.9500000476837158,1.9000999927520752,1.9500000476837158,7313,0.0,0.0,ARTW,60m
2024-09-06 13:30:00-04:00,1.909999966621399,1.98989999294281,1.9041999578475952,1.9699000120162964,2103,0.0,0.0,ARTW,60m
2024-09-06 14:30:00-04:00,1.9400999546051025,1.9500000476837158,1.940000057220459,1.94159996509552,2535,0.0,0.0,ARTW,60m
2024-09-06 15:30:00-04:00,1.9598000049591064,1.9598000049591064,1.940600037574768,1.9500000476837158,1266,0.0,0.0,ARTW,60m
2024-09-09 09:30:00-04:00,1.9499000310897827,1.9499000310897827,1.8700000047683716,1.8700000047683716,16126,0.0,0.0,ARTW,60m
2024-09-09 10:30:00-04:00,1.940000057220459,1.940000057220459,1.8650000095367432,1.9299999475479126,17123,0.0,0.0,ARTW,60m
2024-09-09 11:30:00-04:00,1.9390000104904175,1.9390000104904175,1.9390000104904175,1.9390000104904175,279,0.0,0.0,ARTW,60m
2024-09-09 13:30:00-04:00,1.9000999927520752,1.9000999927520752,1.9000999927520752,1.9000999927520752,3556,0.0,0.0,ARTW,60m
2024-09-09 15:30:00-04:00,1.9299999475479126,1.9299999475479126,1.9299999475479126,1.9299999475479126,0,0.0,0.0,ARTW,60m
2024-09-10 09:30:00-04:00,1.8899999856948853,1.9199999570846558,1.8200000524520874,1.899999976158142,17080,0.0,0.0,ARTW,60m
2024-09-10 10:30:00-04:00,1.8899999856948853,1.8981000185012817,1.850000023841858,1.850100040435791,9189,0.0,0.0,ARTW,60m
2024-09-10 11:30:00-04:00,1.8600000143051147,1.8792999982833862,1.8324999809265137,1.8700000047683716,5669,0.0,0.0,ARTW,60m
2024-09-10 12:30:00-04:00,1.8700000047683716,1.8711999654769897,1.850000023841858,1.8700000047683716,7555,0.0,0.0,ARTW,60m
2024-09-10 13:30:00-04:00,1.8765000104904175,1.8796000480651855,1.8650000095367432,1.8796000480651855,20531,0.0,0.0,ARTW,60m
2024-09-10 14:30:00-04:00,1.8600000143051147,1.8600000143051147,1.840000033378601,1.850000023841858,12616,0.0,0.0,ARTW,60m
2024-09-10 15:30:00-04:00,1.8494000434875488,1.854599952697754,1.840000033378601,1.850000023841858,0,0.0,0.0,ARTW,60m
2024-09-11 09:30:00-04:00,1.8200000524520874,1.8626999855041504,1.8200000524520874,1.8626999855041504,5781,0.0,0.0,ARTW,60m
2024-09-11 10:30:00-04:00,1.850000023841858,1.8550000190734863,1.850000023841858,1.8550000190734863,3525,0.0,0.0,ARTW,60m
2024-09-11 11:30:00-04:00,1.850000023841858,1.8700000047683716,1.8200000524520874,1.8200000524520874,2805,0.0,0.0,ARTW,60m
2024-09-11 12:30:00-04:00,1.8380999565124512,1.850000023841858,1.830899953842163,1.850000023841858,1101,0.0,0.0,ARTW,60m
2024-09-11 13:30:00-04:00,1.84089994430542,1.8600000143051147,1.8200000524520874,1.850000023841858,4300,0.0,0.0,ARTW,60m
2024-09-11 14:30:00-04:00,1.8600000143051147,1.8600000143051147,1.8483999967575073,1.8483999967575073,3376,0.0,0.0,ARTW,60m
2024-09-11 15:30:00-04:00,1.8589999675750732,1.8589999675750732,1.840000033378601,1.840000033378601,3254,0.0,0.0,ARTW,60m
2024-09-12 09:30:00-04:00,1.8300000429153442,1.850000023841858,1.7999999523162842,1.839900016784668,19035,0.0,0.0,ARTW,60m
2024-09-12 10:30:00-04:00,1.7999999523162842,1.8009999990463257,1.7999999523162842,1.8000999689102173,3873,0.0,0.0,ARTW,60m
2024-09-12 11:30:00-04:00,1.8049999475479126,1.809999942779541,1.7700999975204468,1.809999942779541,5820,0.0,0.0,ARTW,60m
2024-09-12 12:30:00-04:00,1.7699999809265137,1.8200000524520874,1.7699999809265137,1.7813999652862549,3565,0.0,0.0,ARTW,60m
2024-09-12 13:30:00-04:00,1.7999999523162842,1.7999999523162842,1.7799999713897705,1.7999999523162842,8740,0.0,0.0,ARTW,60m
2024-09-12 14:30:00-04:00,1.7799999713897705,1.7999999523162842,1.7704999446868896,1.7899999618530273,11143,0.0,0.0,ARTW,60m
2024-09-12 15:30:00-04:00,1.809999942779541,1.809999942779541,1.809999942779541,1.809999942779541,717,0.0,0.0,ARTW,60m
2024-09-13 09:30:00-04:00,1.809999942779541,1.850000023841858,1.7700999975204468,1.809999942779541,16774,0.0,0.0,ARTW,60m
2024-09-13 10:30:00-04:00,1.8199000358581543,1.8199000358581543,1.8049999475479126,1.809999942779541,4433,0.0,0.0,ARTW,60m
2024-09-13 11:30:00-04:00,1.7900999784469604,1.850000023841858,1.7899999618530273,1.8499000072479248,12331,0.0,0.0,ARTW,60m
2024-09-13 12:30:00-04:00,1.8487999439239502,1.8487999439239502,1.8007999658584595,1.8007999658584595,11910,0.0,0.0,ARTW,60m
2024-09-13 13:30:00-04:00,1.809999942779541,1.8200000524520874,1.7999999523162842,1.7999999523162842,2915,0.0,0.0,ARTW,60m
2024-09-13 14:30:00-04:00,1.8000999689102173,1.8000999689102173,1.7999999523162842,1.7999999523162842,0,0.0,0.0,ARTW,60m
2024-09-13 15:30:00-04:00,1.8444000482559204,1.8499000072479248,1.7999999523162842,1.8385000228881836,55944,0.0,0.0,ARTW,60m
2024-09-16 09:30:00-04:00,1.8494999408721924,1.8494999408721924,1.7724000215530396,1.815000057220459,3695,0.0,0.0,ARTW,60m
2024-09-16 10:30:00-04:00,1.839900016784668,1.840000033378601,1.7899999618530273,1.8049999475479126,6699,0.0,0.0,ARTW,60m
2024-09-16 11:30:00-04:00,1.809999942779541,1.809999942779541,1.7599999904632568,1.7599999904632568,340,0.0,0.0,ARTW,60m
2024-09-16 12:30:00-04:00,1.7899999618530273,1.7899999618530273,1.7899999618530273,1.7899999618530273,144,0.0,0.0,ARTW,60m
2024-09-16 13:30:00-04:00,1.8200000524520874,1.8300000429153442,1.7799999713897705,1.7799999713897705,2672,0.0,0.0,ARTW,60m
2024-09-16 14:30:00-04:00,1.7799999713897705,1.7799999713897705,1.7100000381469727,1.7537000179290771,19323,0.0,0.0,ARTW,60m
2024-09-16 15:30:00-04:00,1.809000015258789,1.809000015258789,1.75,1.7898999452590942,2645,0.0,0.0,ARTW,60m
2024-09-17 09:30:00-04:00,1.7599999904632568,1.7649999856948853,1.75,1.75,4196,0.0,0.0,ARTW,60m
2024-09-17 10:30:00-04:00,1.7400000095367432,1.7798999547958374,1.7400000095367432,1.7798999547958374,14365,0.0,0.0,ARTW,60m
2024-09-17 11:30:00-04:00,1.774999976158142,1.774999976158142,1.75,1.75,1640,0.0,0.0,ARTW,60m
2024-09-17 12:30:00-04:00,1.75,1.7949999570846558,1.75,1.7949999570846558,739,0.0,0.0,ARTW,60m
2024-09-17 13:30:00-04:00,1.75,1.75,1.75,1.75,0,0.0,0.0,ARTW,60m
2024-09-17 14:30:00-04:00,1.75,1.8454999923706055,1.75,1.809999942779541,1700,0.0,0.0,ARTW,60m
2024-09-17 15:30:00-04:00,1.7725000381469727,1.809999942779541,1.7725000381469727,1.809999942779541,587,0.0,0.0,ARTW,60m
2024-09-18 09:30:00-04:00,1.766700029373169,1.8200000524520874,1.76010000705719,1.8200000524520874,3217,0.0,0.0,ARTW,60m
2024-09-18 10:30:00-04:00,1.75,1.809999942779541,1.7400000095367432,1.75,5064,0.0,0.0,ARTW,60m
2024-09-18 11:30:00-04:00,1.7202999591827393,1.7300000190734863,1.7202999591827393,1.7300000190734863,2348,0.0,0.0,ARTW,60m
2024-09-18 12:30:00-04:00,1.7549999952316284,1.7649999856948853,1.7400000095367432,1.7400000095367432,1498,0.0,0.0,ARTW,60m
2024-09-18 13:30:00-04:00,1.75,1.7999999523162842,1.75,1.75,11995,0.0,0.0,ARTW,60m
2024-09-18 14:30:00-04:00,1.7999000549316406,1.7999000549316406,1.7699999809265137,1.7896000146865845,2704,0.0,0.0,ARTW,60m
2024-09-18 15:30:00-04:00,1.75,1.75,1.75,1.75,62,0.0,0.0,ARTW,60m
2024-09-19 09:30:00-04:00,1.7599999904632568,1.7999999523162842,1.7545000314712524,1.7545000314712524,9790,0.0,0.0,ARTW,60m
2024-09-19 10:30:00-04:00,1.7958999872207642,1.7958999872207642,1.7524000406265259,1.7798999547958374,8787,0.0,0.0,ARTW,60m
2024-09-19 11:30:00-04:00,1.75,1.774999976158142,1.75,1.75,523,0.0,0.0,ARTW,60m
2024-09-19 12:30:00-04:00,1.75,1.75,1.75,1.75,593,0.0,0.0,ARTW,60m
2024-09-19 13:30:00-04:00,1.75,1.774999976158142,1.75,1.774999976158142,2562,0.0,0.0,ARTW,60m
2024-09-19 14:30:00-04:00,1.774999976158142,1.774999976158142,1.75,1.75,845,0.0,0.0,ARTW,60m
2024-09-19 15:30:00-04:00,1.75,1.75,1.75,1.75,700,0.0,0.0,ARTW,60m
2024-09-20 09:30:00-04:00,1.7506999969482422,1.850000023841858,1.7201000452041626,1.815000057220459,31873,0.0,0.0,ARTW,60m
2024-09-20 10:30:00-04:00,1.8300000429153442,1.8300000429153442,1.75,1.809999942779541,15272,0.0,0.0,ARTW,60m
2024-09-20 11:30:00-04:00,1.7799999713897705,1.8280999660491943,1.7799999713897705,1.7799999713897705,1708,0.0,0.0,ARTW,60m
2024-09-20 12:30:00-04:00,1.780500054359436,1.780500054359436,1.780500054359436,1.780500054359436,533,0.0,0.0,ARTW,60m
2024-09-20 13:30:00-04:00,1.8049999475479126,1.8049999475479126,1.7999999523162842,1.7999999523162842,2085,0.0,0.0,ARTW,60m
2024-09-20 14:30:00-04:00,1.8049999475479126,1.812600016593933,1.7900999784469604,1.812600016593933,6229,0.0,0.0,ARTW,60m
2024-09-20 15:30:00-04:00,1.815000057220459,1.8200000524520874,1.815000057220459,1.8200000524520874,2055,0.0,0.0,ARTW,60m
2024-09-23 09:30:00-04:00,1.8494999408721924,1.8494999408721924,1.7999999523162842,1.8300000429153442,6142,0.0,0.0,ARTW,60m
2024-09-23 10:30:00-04:00,1.7999999523162842,1.7999999523162842,1.7999999523162842,1.7999999523162842,412,0.0,0.0,ARTW,60m
2024-09-23 11:30:00-04:00,1.8243999481201172,1.826200008392334,1.7899999618530273,1.7999999523162842,7439,0.0,0.0,ARTW,60m
2024-09-23 12:30:00-04:00,1.809999942779541,1.809999942779541,1.809999942779541,1.809999942779541,3554,0.0,0.0,ARTW,60m
2024-09-23 14:30:00-04:00,1.8099000453948975,1.8099000453948975,1.784999966621399,1.7899999618530273,2237,0.0,0.0,ARTW,60m
2024-09-23 15:30:00-04:00,1.7799999713897705,1.7799999713897705,1.7799999713897705,1.7799999713897705,323,0.0,0.0,ARTW,60m
2024-09-24 09:30:00-04:00,1.809999942779541,1.809999942779541,1.7699999809265137,1.7699999809265137,3631,0.0,0.0,ARTW,60m
2024-09-24 10:30:00-04:00,1.7899999618530273,1.7899999618530273,1.7309999465942383,1.7695000171661377,16841,0.0,0.0,ARTW,60m
2024-09-24 11:30:00-04:00,1.761299967765808,1.761299967765808,1.750100016593933,1.750100016593933,1587,0.0,0.0,ARTW,60m
2024-09-24 12:30:00-04:00,1.7699999809265137,1.7699999809265137,1.7599999904632568,1.7599999904632568,1001,0.0,0.0,ARTW,60m
2024-09-24 13:30:00-04:00,1.7599999904632568,1.7699999809265137,1.75,1.7699999809265137,1394,0.0,0.0,ARTW,60m
2024-09-24 14:30:00-04:00,1.7604999542236328,1.7649999856948853,1.7407000064849854,1.7407000064849854,4112,0.0,0.0,ARTW,60m
2024-09-24 15:30:00-04:00,1.7527999877929688,1.7527999877929688,1.7527999877929688,1.7527999877929688,802,0.0,0.0,ARTW,60m
2024-09-25 09:30:00-04:00,1.75,1.8200000524520874,1.7401000261306763,1.8200000524520874,2056,0.0,0.0,ARTW,60m
2024-09-25 10:30:00-04:00,1.7599999904632568,1.7599999904632568,1.7599999904632568,1.7599999904632568,200,0.0,0.0,ARTW,60m
2024-09-25 11:30:00-04:00,1.7599999904632568,1.7599999904632568,1.7599999904632568,1.7599999904632568,203,0.0,0.0,ARTW,60m
2024-09-25 12:30:00-04:00,1.7598999738693237,1.7598999738693237,1.7400000095367432,1.7400000095367432,6107,0.0,0.0,ARTW,60m
2024-09-25 13:30:00-04:00,1.75,1.75,1.7470999956130981,1.7470999956130981,904,0.0,0.0,ARTW,60m
2024-09-25 15:30:00-04:00,1.7599999904632568,1.7599999904632568,1.7400000095367432,1.7400000095367432,1143,0.0,0.0,ARTW,60m
2024-09-26 09:30:00-04:00,1.75,1.75,1.7401000261306763,1.7401000261306763,2945,0.0,0.0,ARTW,60m
2024-09-26 10:30:00-04:00,1.7400000095367432,1.7400000095367432,1.7400000095367432,1.7400000095367432,728,0.0,0.0,ARTW,60m
2024-09-26 13:30:00-04:00,1.75,1.75,1.75,1.75,674,0.0,0.0,ARTW,60m
2024-09-26 15:30:00-04:00,1.7690000534057617,1.7690000534057617,1.75,1.75,208,0.0,0.0,ARTW,60m
2024-09-27 10:30:00-04:00,1.7599999904632568,1.7599999904632568,1.7599999904632568,1.7599999904632568,2591,0.0,0.0,ARTW,60m
2024-09-27 11:30:00-04:00,1.7519999742507935,1.8732000589370728,1.75,1.8588000535964966,71602,0.0,0.0,ARTW,60m
2024-09-27 12:30:00-04:00,1.8100999593734741,1.8550000190734863,1.7699999809265137,1.7699999809265137,65802,0.0,0.0,ARTW,60m
2024-09-27 13:30:00-04:00,1.7799999713897705,1.815000057220459,1.7799999713897705,1.7941999435424805,6024,0.0,0.0,ARTW,60m
2024-09-27 14:30:00-04:00,1.8100999593734741,1.8200000524520874,1.8100999593734741,1.8200000524520874,2978,0.0,0.0,ARTW,60m
2024-09-27 15:30:00-04:00,1.809999942779541,1.8200000524520874,1.809999942779541,1.8200000524520874,1014,0.0,0.0,ARTW,60m
2024-09-30 09:30:00-04:00,1.8600000143051147,1.8600000143051147,1.7649999856948853,1.809999942779541,17293,0.0,0.0,ARTW,60m
2024-09-30 10:30:00-04:00,1.7848999500274658,1.840000033378601,1.7699999809265137,1.840000033378601,5224,0.0,0.0,ARTW,60m
2024-09-30 11:30:00-04:00,1.784999966621399,1.840000033378601,1.7799999713897705,1.8167999982833862,8212,0.0,0.0,ARTW,60m
2024-09-30 12:30:00-04:00,1.8300000429153442,1.8350000381469727,1.8300000429153442,1.8300000429153442,1427,0.0,0.0,ARTW,60m
2024-09-30 13:30:00-04:00,1.8200000524520874,1.8200000524520874,1.809999942779541,1.809999942779541,1134,0.0,0.0,ARTW,60m
2024-09-30 14:30:00-04:00,1.7999999523162842,1.815000057220459,1.7999999523162842,1.809999942779541,1850,0.0,0.0,ARTW,60m
2024-09-30 15:30:00-04:00,1.8078999519348145,1.809999942779541,1.8015999794006348,1.8015999794006348,1775,0.0,0.0,ARTW,60m
2024-10-01 09:30:00-04:00,1.789199948310852,1.8300000429153442,1.789199948310852,1.8300000429153442,4152,0.0,0.0,ARTW,60m
2024-10-01 10:30:00-04:00,1.7899999618530273,1.7899999618530273,1.7000000476837158,1.75,15028,0.0,0.0,ARTW,60m
2024-10-01 11:30:00-04:00,1.7450000047683716,1.7725000381469727,1.733299970626831,1.7699999809265137,4772,0.0,0.0,ARTW,60m
2024-10-01 12:30:00-04:00,1.75,1.7699999809265137,1.75,1.7599999904632568,2396,0.0,0.0,ARTW,60m
2024-10-01 13:30:00-04:00,1.7899999618530273,1.7899999618530273,1.7899999618530273,1.7899999618530273,1066,0.0,0.0,ARTW,60m
2024-10-01 14:30:00-04:00,1.7711000442504883,1.7891000509262085,1.7711000442504883,1.7891000509262085,810,0.0,0.0,ARTW,60m
2024-10-01 15:30:00-04:00,1.7699999809265137,1.7699999809265137,1.7699999809265137,1.7699999809265137,1999,0.0,0.0,ARTW,60m
2024-10-02 09:30:00-04:00,1.7350000143051147,1.7350000143051147,1.7350000143051147,1.7350000143051147,1598,0.0,0.0,ARTW,60m
2024-10-02 10:30:00-04:00,1.749899983406067,1.7799999713897705,1.7497999668121338,1.7798000574111938,6860,0.0,0.0,ARTW,60m
2024-10-02 11:30:00-04:00,1.777500033378601,1.777500033378601,1.750100016593933,1.750100016593933,3095,0.0,0.0,ARTW,60m
2024-10-02 12:30:00-04:00,1.7699999809265137,1.7699999809265137,1.75,1.75,551,0.0,0.0,ARTW,60m
2024-10-02 13:30:00-04:00,1.75,1.75,1.75,1.75,165,0.0,0.0,ARTW,60m
2024-10-02 14:30:00-04:00,1.7649999856948853,1.7649999856948853,1.7599999904632568,1.7604999542236328,1427,0.0,0.0,ARTW,60m
2024-10-02 15:30:00-04:00,1.75,1.7502000331878662,1.75,1.7502000331878662,2134,0.0,0.0,ARTW,60m
2024-10-03 10:30:00-04:00,1.7698999643325806,1.7698999643325806,1.7660000324249268,1.7660000324249268,804,0.0,0.0,ARTW,60m
2024-10-03 11:30:00-04:00,1.769700050354004,1.769700050354004,1.7549999952316284,1.7549999952316284,538,0.0,0.0,ARTW,60m
2024-10-03 14:30:00-04:00,1.750100016593933,1.750100016593933,1.750100016593933,1.750100016593933,200,0.0,0.0,ARTW,60m
2024-10-03 15:30:00-04:00,1.7649999856948853,1.7649999856948853,1.7649999856948853,1.7649999856948853,0,0.0,0.0,ARTW,60m
2024-10-04 09:30:00-04:00,1.7300000190734863,1.7799999713897705,1.7300000190734863,1.7798999547958374,15999,0.0,0.0,ARTW,60m
2024-10-04 13:30:00-04:00,1.7798999547958374,1.8179999589920044,1.7599999904632568,1.8179999589920044,33225,0.0,0.0,ARTW,60m
2024-10-04 14:30:00-04:00,1.819000005722046,1.8200000524520874,1.809999942779541,1.809999942779541,1897,0.0,0.0,ARTW,60m
2024-10-07 09:30:00-04:00,1.8300000429153442,1.8300000429153442,1.7699999809265137,1.8000999689102173,21633,0.0,0.0,ARTW,60m
2024-10-07 10:30:00-04:00,1.7999999523162842,1.7999999523162842,1.7900999784469604,1.7900999784469604,986,0.0,0.0,ARTW,60m
2024-10-07 13:30:00-04:00,1.809999942779541,1.8100999593734741,1.809499979019165,1.809499979019165,0,0.0,0.0,ARTW,60m
2024-10-07 14:30:00-04:00,1.8049999475479126,1.8049999475479126,1.8049999475479126,1.8049999475479126,25544,0.0,0.0,ARTW,60m
2024-10-07 15:30:00-04:00,1.7949999570846558,1.7949999570846558,1.7899999618530273,1.7899999618530273,444,0.0,0.0,ARTW,60m
2024-10-08 09:30:00-04:00,1.7410000562667847,1.7599999904632568,1.7410000562667847,1.7599999904632568,1360,0.0,0.0,ARTW,60m
2024-10-08 10:30:00-04:00,1.7300000190734863,1.7999999523162842,1.7300000190734863,1.75,588,0.0,0.0,ARTW,60m
2024-10-08 11:30:00-04:00,1.7892999649047852,1.7999999523162842,1.7401000261306763,1.7401000261306763,2641,0.0,0.0,ARTW,60m
2024-10-08 12:30:00-04:00,1.75,1.75,1.75,1.75,1089,0.0,0.0,ARTW,60m
2024-10-08 14:30:00-04:00,1.7400000095367432,1.7549999952316284,1.7400000095367432,1.7549999952316284,2303,0.0,0.0,ARTW,60m
2024-10-08 15:30:00-04:00,1.7400000095367432,1.75,1.7400000095367432,1.75,967,0.0,0.0,ARTW,60m
2024-10-09 10:30:00-04:00,1.7400000095367432,1.75,1.7400000095367432,1.75,3230,0.0,0.0,ARTW,60m
2024-10-09 11:30:00-04:00,1.7400000095367432,1.7401000261306763,1.7400000095367432,1.7401000261306763,429,0.0,0.0,ARTW,60m
2024-10-09 12:30:00-04:00,1.7400000095367432,1.7400000095367432,1.7400000095367432,1.7400000095367432,328,0.0,0.0,ARTW,60m
2024-10-09 13:30:00-04:00,1.7400000095367432,1.7400000095367432,1.7400000095367432,1.7400000095367432,146,0.0,0.0,ARTW,60m
2024-10-09 14:30:00-04:00,1.7496999502182007,1.7496999502182007,1.7496999502182007,1.7496999502182007,1320,0.0,0.0,ARTW,60m
2024-10-10 09:30:00-04:00,1.7300000190734863,1.7400000095367432,1.7300000190734863,1.739799976348877,2979,0.0,0.0,ARTW,60m
2024-10-10 10:30:00-04:00,1.7450000047683716,1.7450000047683716,1.7300000190734863,1.7400000095367432,1458,0.0,0.0,ARTW,60m
2024-10-10 11:30:00-04:00,1.7506999969482422,1.7506999969482422,1.7506999969482422,1.7506999969482422,427,0.0,0.0,ARTW,60m
2024-10-10 12:30:00-04:00,1.7400000095367432,1.7400000095367432,1.7199000120162964,1.7300000190734863,4637,0.0,0.0,ARTW,60m
2024-10-10 13:30:00-04:00,1.7202999591827393,1.7202999591827393,1.7200000286102295,1.7200000286102295,1111,0.0,0.0,ARTW,60m
2024-10-10 15:30:00-04:00,1.7200000286102295,1.7201000452041626,1.7100000381469727,1.7100000381469727,4132,0.0,0.0,ARTW,60m
2024-10-11 09:30:00-04:00,1.7000000476837158,1.7200000286102295,1.6200000047683716,1.6891000270843506,17091,0.0,0.0,ARTW,60m
2024-10-11 10:30:00-04:00,1.659999966621399,1.6799999475479126,1.6399999856948853,1.6502000093460083,14906,0.0,0.0,ARTW,60m
2024-10-11 11:30:00-04:00,1.6399999856948853,1.6402000188827515,1.6102999448776245,1.625,4274,0.0,0.0,ARTW,60m
2024-10-11 12:30:00-04:00,1.625,1.649999976158142,1.625,1.6299999952316284,5528,0.0,0.0,ARTW,60m
2024-10-11 13:30:00-04:00,1.649999976158142,1.649999976158142,1.649999976158142,1.649999976158142,381,0.0,0.0,ARTW,60m
2024-10-11 14:30:00-04:00,1.6598999500274658,1.679900050163269,1.6299999952316284,1.6549999713897705,11013,0.0,0.0,ARTW,60m
2024-10-11 15:30:00-04:00,1.6549999713897705,1.6799999475479126,1.6549999713897705,1.6694999933242798,9222,0.0,0.0,ARTW,60m
2024-10-14 09:30:00-04:00,1.649999976158142,1.659999966621399,1.649999976158142,1.659999966621399,2803,0.0,0.0,ARTW,60m
2024-10-14 10:30:00-04:00,1.6399999856948853,1.659999966621399,1.6399999856948853,1.659999966621399,714,0.0,0.0,ARTW,60m
2024-10-14 11:30:00-04:00,1.659999966621399,1.6689000129699707,1.649999976158142,1.649999976158142,1306,0.0,0.0,ARTW,60m
2024-10-14 12:30:00-04:00,1.669600009918213,1.669700026512146,1.649999976158142,1.669700026512146,792,0.0,0.0,ARTW,60m
2024-10-14 13:30:00-04:00,1.6500999927520752,1.6649999618530273,1.6500999927520752,1.6649999618530273,3127,0.0,0.0,ARTW,60m
2024-10-14 14:30:00-04:00,1.6698999404907227,1.6699999570846558,1.669700026512146,1.6699999570846558,1613,0.0,0.0,ARTW,60m
2024-10-15 09:30:00-04:00,1.6699999570846558,1.6899000406265259,1.649999976158142,1.659999966621399,14707,0.0,0.0,ARTW,60m
2024-10-15 10:30:00-04:00,1.6549999713897705,1.6549999713897705,1.6299999952316284,1.648300051689148,4690,0.0,0.0,ARTW,60m
2024-10-15 11:30:00-04:00,1.6399999856948853,1.6399999856948853,1.6100000143051147,1.629699945449829,3420,0.0,0.0,ARTW,60m
2024-10-15 12:30:00-04:00,1.6399999856948853,1.6399999856948853,1.6299999952316284,1.6299999952316284,98,0.0,0.0,ARTW,60m
2024-10-15 13:30:00-04:00,1.6490000486373901,1.649999976158142,1.6490000486373901,1.649999976158142,2325,0.0,0.0,ARTW,60m
2024-10-15 14:30:00-04:00,1.6618000268936157,1.6618000268936157,1.649999976158142,1.649999976158142,9858,0.0,0.0,ARTW,60m
2024-10-15 15:30:00-04:00,1.6100000143051147,1.6100000143051147,1.600000023841858,1.6100000143051147,1207,0.0,0.0,ARTW,60m
2024-10-16 09:30:00-04:00,1.600000023841858,1.6195000410079956,1.590399980545044,1.6100000143051147,1905,0.0,0.0,ARTW,60m
2024-10-16 10:30:00-04:00,1.6104999780654907,1.6104999780654907,1.604200005531311,1.6100000143051147,1705,0.0,0.0,ARTW,60m
2024-10-16 11:30:00-04:00,1.6019999980926514,1.6258000135421753,1.5500999689102173,1.6100000143051147,8270,0.0,0.0,ARTW,60m
2024-10-16 12:30:00-04:00,1.6100000143051147,1.6100000143051147,1.600000023841858,1.600000023841858,624,0.0,0.0,ARTW,60m
2024-10-16 13:30:00-04:00,1.6100000143051147,1.6100000143051147,1.6100000143051147,1.6100000143051147,1257,0.0,0.0,ARTW,60m
2024-10-16 14:30:00-04:00,1.6100000143051147,1.6100000143051147,1.6100000143051147,1.6100000143051147,116,0.0,0.0,ARTW,60m
2024-10-17 09:30:00-04:00,1.6100000143051147,1.6100000143051147,1.604099988937378,1.604099988937378,707,0.0,0.0,ARTW,60m
2024-10-17 10:30:00-04:00,1.5801000595092773,1.5812000036239624,1.5801000595092773,1.5812000036239624,667,0.0,0.0,ARTW,60m
2024-10-17 11:30:00-04:00,1.614300012588501,1.614300012588501,1.600000023841858,1.6079000234603882,3589,0.0,0.0,ARTW,60m
2024-10-17 12:30:00-04:00,1.6062999963760376,1.6098999977111816,1.5976999998092651,1.5976999998092651,1594,0.0,0.0,ARTW,60m
2024-10-17 13:30:00-04:00,1.5950000286102295,1.6100000143051147,1.5800000429153442,1.5800000429153442,510,0.0,0.0,ARTW,60m
2024-10-17 14:30:00-04:00,1.6080000400543213,1.6100000143051147,1.6039999723434448,1.6098999977111816,2325,0.0,0.0,ARTW,60m
2024-10-17 15:30:00-04:00,1.6050000190734863,1.6299999952316284,1.6039999723434448,1.6200000047683716,6592,0.0,0.0,ARTW,60m
2024-10-18 09:30:00-04:00,1.6134999990463257,1.6699999570846558,1.6100000143051147,1.6699999570846558,6215,0.0,0.0,ARTW,60m
2024-10-18 11:30:00-04:00,1.649999976158142,1.649999976158142,1.600000023841858,1.6449999809265137,5870,0.0,0.0,ARTW,60m
2024-10-18 12:30:00-04:00,1.6698999404907227,1.6698999404907227,1.649999976158142,1.649999976158142,2589,0.0,0.0,ARTW,60m
2024-10-18 13:30:00-04:00,1.6299999952316284,1.649999976158142,1.6299999952316284,1.649999976158142,317,0.0,0.0,ARTW,60m
2024-10-18 15:30:00-04:00,1.6399999856948853,1.6399999856948853,1.6399999856948853,1.6399999856948853,566,0.0,0.0,ARTW,60m
2024-10-21 09:30:00-04:00,1.600000023841858,1.625,1.5944000482559204,1.625,2257,0.0,0.0,ARTW,60m
2024-10-21 10:30:00-04:00,1.6100000143051147,1.6100000143051147,1.6100000143051147,1.6100000143051147,259,0.0,0.0,ARTW,60m
2024-10-21 11:30:00-04:00,1.6009999513626099,1.6299999952316284,1.5800000429153442,1.5800000429153442,4491,0.0,0.0,ARTW,60m
2024-10-21 14:30:00-04:00,1.610200047492981,1.610200047492981,1.5800000429153442,1.600000023841858,3101,0.0,0.0,ARTW,60m
2024-10-22 09:30:00-04:00,1.600000023841858,1.600000023841858,1.600000023841858,1.600000023841858,613,0.0,0.0,ARTW,60m
2024-10-22 10:30:00-04:00,1.580399990081787,1.5850000381469727,1.580399990081787,1.5827000141143799,3093,0.0,0.0,ARTW,60m
2024-10-22 11:30:00-04:00,1.5700000524520874,1.5850000381469727,1.5700000524520874,1.5850000381469727,856,0.0,0.0,ARTW,60m
2024-10-22 12:30:00-04:00,1.5700000524520874,1.5800000429153442,1.5601999759674072,1.5800000429153442,1819,0.0,0.0,ARTW,60m
2024-10-22 14:30:00-04:00,1.559999942779541,1.589900016784668,1.559999942779541,1.5750000476837158,7511,0.0,0.0,ARTW,60m
2024-10-22 15:30:00-04:00,1.5602999925613403,1.5602999925613403,1.5602999925613403,1.5602999925613403,556,0.0,0.0,ARTW,60m
2024-10-23 09:30:00-04:00,1.5499999523162842,1.6198999881744385,1.5499999523162842,1.6198999881744385,13264,0.0,0.0,ARTW,60m
2024-10-23 10:30:00-04:00,1.5700000524520874,1.5851999521255493,1.5449999570846558,1.5799000263214111,6508,0.0,0.0,ARTW,60m
2024-10-23 11:30:00-04:00,1.5700000524520874,1.600000023841858,1.5600999593734741,1.5750000476837158,7220,0.0,0.0,ARTW,60m
2024-10-23 12:30:00-04:00,1.559999942779541,1.5600999593734741,1.5200999975204468,1.5399999618530273,4069,0.0,0.0,ARTW,60m
2024-10-23 13:30:00-04:00,1.5399999618530273,1.5699000358581543,1.5399999618530273,1.5566999912261963,4227,0.0,0.0,ARTW,60m
2024-10-23 14:30:00-04:00,1.5391000509262085,1.572100043296814,1.5199999809265137,1.5549999475479126,6763,0.0,0.0,ARTW,60m
2024-10-23 15:30:00-04:00,1.5499999523162842,1.5587999820709229,1.5299999713897705,1.5299999713897705,9311,0.0,0.0,ARTW,60m
2024-10-24 09:30:00-04:00,1.5449999570846558,1.559999942779541,1.5449999570846558,1.559999942779541,530,0.0,0.0,ARTW,60m
2024-10-24 10:30:00-04:00,1.5700000524520874,1.6100000143051147,1.5700000524520874,1.6100000143051147,4218,0.0,0.0,ARTW,60m
2024-10-24 11:30:00-04:00,1.6089999675750732,1.6100000143051147,1.5800000429153442,1.600000023841858,2736,0.0,0.0,ARTW,60m
2024-10-24 12:30:00-04:00,1.5950000286102295,1.617799997329712,1.5700000524520874,1.617799997329712,5552,0.0,0.0,ARTW,60m
2024-10-24 14:30:00-04:00,1.6050000190734863,1.6050000190734863,1.600000023841858,1.600100040435791,1037,0.0,0.0,ARTW,60m
2024-10-24 15:30:00-04:00,1.6094000339508057,1.6094000339508057,1.6094000339508057,1.6094000339508057,1015,0.0,0.0,ARTW,60m
2024-10-25 09:30:00-04:00,1.5508999824523926,1.590000033378601,1.5508999824523926,1.590000033378601,471,0.0,0.0,ARTW,60m
2024-10-25 11:30:00-04:00,1.6191999912261963,1.6198999881744385,1.6050000190734863,1.6050000190734863,4069,0.0,0.0,ARTW,60m
2024-10-25 12:30:00-04:00,1.6197999715805054,1.6197999715805054,1.6197999715805054,1.6197999715805054,2529,0.0,0.0,ARTW,60m
2024-10-25 14:30:00-04:00,1.629699945449829,1.629699945449829,1.629699945449829,1.629699945449829,1018,0.0,0.0,ARTW,60m
2024-10-25 15:30:00-04:00,1.6100000143051147,1.6100000143051147,1.6100000143051147,1.6100000143051147,159,0.0,0.0,ARTW,60m
2024-10-28 09:30:00-04:00,1.6200000047683716,1.6399999856948853,1.6200000047683716,1.6399999856948853,1532,0.0,0.0,ARTW,60m
2024-10-28 10:30:00-04:00,1.6253999471664429,1.6253999471664429,1.6253999471664429,1.6253999471664429,230,0.0,0.0,ARTW,60m
2024-10-28 11:30:00-04:00,1.6230000257492065,1.6449999809265137,1.6200000047683716,1.6297999620437622,10079,0.0,0.0,ARTW,60m
2024-10-28 12:30:00-04:00,1.625,1.6313999891281128,1.6100000143051147,1.6200000047683716,18650,0.0,0.0,ARTW,60m
2024-10-28 13:30:00-04:00,1.6100000143051147,1.6100000143051147,1.5199999809265137,1.5616999864578247,11762,0.0,0.0,ARTW,60m
2024-10-28 14:30:00-04:00,1.5800000429153442,1.5800000429153442,1.5800000429153442,1.5800000429153442,208,0.0,0.0,ARTW,60m
2024-10-28 15:30:00-04:00,1.6096999645233154,1.6096999645233154,1.6050000190734863,1.6050000190734863,2155,0.0,0.0,ARTW,60m
2024-10-29 09:30:00-04:00,1.6100000143051147,1.6100000143051147,1.5199999809265137,1.5499999523162842,2449,0.0,0.0,ARTW,60m
2024-10-29 10:30:00-04:00,1.6100000143051147,1.6200000047683716,1.5499999523162842,1.6200000047683716,9107,0.0,0.0,ARTW,60m
2024-10-29 11:30:00-04:00,1.61080002784729,1.6150000095367432,1.61080002784729,1.6150000095367432,3816,0.0,0.0,ARTW,60m
2024-10-29 12:30:00-04:00,1.600000023841858,1.6100000143051147,1.590000033378601,1.6100000143051147,3779,0.0,0.0,ARTW,60m
2024-10-29 14:30:00-04:00,1.6100000143051147,1.6100000143051147,1.6100000143051147,1.6100000143051147,183,0.0,0.0,ARTW,60m
2024-10-29 15:30:00-04:00,1.6200000047683716,1.6299999952316284,1.6200000047683716,1.6299999952316284,2964,0.0,0.0,ARTW,60m
2024-10-30 09:30:00-04:00,1.6100000143051147,1.6299999952316284,1.5776000022888184,1.6200000047683716,6296,0.0,0.0,ARTW,60m
2024-10-30 10:30:00-04:00,1.6200000047683716,1.6200000047683716,1.5814000368118286,1.5814000368118286,1855,0.0,0.0,ARTW,60m
2024-10-30 11:30:00-04:00,1.6200000047683716,1.6200000047683716,1.6200000047683716,1.6200000047683716,2486,0.0,0.0,ARTW,60m
2024-10-30 12:30:00-04:00,1.6200000047683716,1.6200000047683716,1.5801000595092773,1.6100000143051147,6110,0.0,0.0,ARTW,60m
2024-10-30 13:30:00-04:00,1.6100000143051147,1.6200000047683716,1.5810999870300293,1.5810999870300293,3157,0.0,0.0,ARTW,60m
2024-10-30 14:30:00-04:00,1.6200000047683716,1.6200000047683716,1.6200000047683716,1.6200000047683716,2153,0.0,0.0,ARTW,60m
2024-10-31 09:30:00-04:00,1.649999976158142,1.6784000396728516,1.6200000047683716,1.6200000047683716,6068,0.0,0.0,ARTW,60m
2024-10-31 10:30:00-04:00,1.6200000047683716,1.6200000047683716,1.6200000047683716,1.6200000047683716,200,0.0,0.0,ARTW,60m
2024-10-31 11:30:00-04:00,1.6399999856948853,1.6399999856948853,1.6399999856948853,1.6399999856948853,281,0.0,0.0,ARTW,60m
2024-11-01 09:30:00-04:00,1.6200000047683716,1.6627000570297241,1.5738999843597412,1.6371999979019165,7361,0.0,0.0,ARTW,60m
2024-11-01 11:30:00-04:00,1.5875999927520752,1.6200000047683716,1.5875999927520752,1.6200000047683716,2858,0.0,0.0,ARTW,60m
2024-11-01 12:30:00-04:00,1.6258000135421753,1.6799999475479126,1.6258000135421753,1.6799999475479126,2121,0.0,0.0,ARTW,60m
2024-11-01 14:30:00-04:00,1.6200000047683716,1.6200000047683716,1.6200000047683716,1.6200000047683716,186,0.0,0.0,ARTW,60m
2024-11-01 15:30:00-04:00,1.6385999917984009,1.6447999477386475,1.6385999917984009,1.6447999477386475,819,0.0,0.0,ARTW,60m
2024-11-04 09:30:00-05:00,1.6200000047683716,1.6277999877929688,1.6200000047683716,1.6277999877929688,865,0.0,0.0,ARTW,60m
2024-11-04 10:30:00-05:00,1.6247999668121338,1.6247999668121338,1.6247999668121338,1.6247999668121338,1028,0.0,0.0,ARTW,60m
2024-11-04 11:30:00-05:00,1.6347999572753906,1.6347999572753906,1.6347999572753906,1.6347999572753906,778,0.0,0.0,ARTW,60m
2024-11-04 12:30:00-05:00,1.6299999952316284,1.6328999996185303,1.6200000047683716,1.6328999996185303,2247,0.0,0.0,ARTW,60m
2024-11-04 15:30:00-05:00,1.6200000047683716,1.6399999856948853,1.6200000047683716,1.6399999856948853,610,0.0,0.0,ARTW,60m
2024-11-05 09:30:00-05:00,1.6299999952316284,1.6299999952316284,1.6299999952316284,1.6299999952316284,564,0.0,0.0,ARTW,60m
2024-11-05 10:30:00-05:00,1.6100000143051147,1.6100000143051147,1.593400001525879,1.593400001525879,1817,0.0,0.0,ARTW,60m
2024-11-05 14:30:00-05:00,1.6050000190734863,1.6299999952316284,1.6050000190734863,1.6299999952316284,3470,0.0,0.0,ARTW,60m
2024-11-05 15:30:00-05:00,1.6699999570846558,1.6799999475479126,1.6698999404907227,1.6799999475479126,960,0.0,0.0,ARTW,60m
2024-11-06 09:30:00-05:00,1.5836000442504883,1.6699999570846558,1.5836000442504883,1.6299999952316284,6145,0.0,0.0,ARTW,60m
2024-11-06 12:30:00-05:00,1.655500054359436,1.680299997329712,1.6117000579833984,1.6117000579833984,2783,0.0,0.0,ARTW,60m
2024-11-06 14:30:00-05:00,1.6660000085830688,1.690000057220459,1.649999976158142,1.690000057220459,1912,0.0,0.0,ARTW,60m
2024-11-07 09:30:00-05:00,1.7100000381469727,1.7100000381469727,1.690000057220459,1.690999984741211,4514,0.0,0.0,ARTW,60m
2024-11-07 11:30:00-05:00,1.7000000476837158,1.7000000476837158,1.660099983215332,1.6885000467300415,3779,0.0,0.0,ARTW,60m
2024-11-07 13:30:00-05:00,1.690000057220459,1.7000000476837158,1.649999976158142,1.7000000476837158,7054,0.0,0.0,ARTW,60m
2024-11-07 14:30:00-05:00,1.6699999570846558,1.7200000286102295,1.6699999570846558,1.690000057220459,3498,0.0,0.0,ARTW,60m
2024-11-07 15:30:00-05:00,1.7079999446868896,1.7300000190734863,1.6799999475479126,1.690000057220459,4061,0.0,0.0,ARTW,60m
2024-11-08 09:30:00-05:00,1.7400000095367432,1.7400000095367432,1.7400000095367432,1.7400000095367432,441,0.0,0.0,ARTW,60m
2024-11-08 10:30:00-05:00,1.7200000286102295,1.7200000286102295,1.690000057220459,1.690000057220459,1296,0.0,0.0,ARTW,60m
2024-11-08 12:30:00-05:00,1.7000000476837158,1.7100000381469727,1.690000057220459,1.7100000381469727,1782,0.0,0.0,ARTW,60m
2024-11-11 09:30:00-05:00,1.7300000190734863,1.7300000190734863,1.690000057220459,1.7200000286102295,1543,0.0,0.0,ARTW,60m
2024-11-11 12:30:00-05:00,1.7100000381469727,1.7100000381469727,1.7100000381469727,1.7100000381469727,1406,0.0,0.0,ARTW,60m
2024-11-11 15:30:00-05:00,1.659999966621399,1.659999966621399,1.659999966621399,1.659999966621399,156,0.0,0.0,ARTW,60m
2024-11-12 09:30:00-05:00,1.690000057220459,1.7000000476837158,1.659999966621399,1.6647000312805176,8895,0.0,0.0,ARTW,60m
2024-11-12 10:30:00-05:00,1.6799999475479126,1.6799999475479126,1.6799999475479126,1.6799999475479126,2913,0.0,0.0,ARTW,60m
2024-11-12 11:30:00-05:00,1.659999966621399,1.6641000509262085,1.659999966621399,1.6641000509262085,1397,0.0,0.0,ARTW,60m
2024-11-12 12:30:00-05:00,1.659999966621399,1.6799999475479126,1.659999966621399,1.660099983215332,1199,0.0,0.0,ARTW,60m
2024-11-13 09:30:00-05:00,1.660099983215332,1.660099983215332,1.649999976158142,1.649999976158142,1976,0.0,0.0,ARTW,60m
2024-11-13 11:30:00-05:00,1.6672999858856201,1.6672999858856201,1.6672999858856201,1.6672999858856201,300,0.0,0.0,ARTW,60m
2024-11-13 12:30:00-05:00,1.6497999429702759,1.6562999486923218,1.6200000047683716,1.6301000118255615,6066,0.0,0.0,ARTW,60m
2024-11-13 13:30:00-05:00,1.6200000047683716,1.649999976158142,1.6200000047683716,1.649999976158142,1321,0.0,0.0,ARTW,60m
2024-11-13 14:30:00-05:00,1.6299999952316284,1.6739000082015991,1.6298999786376953,1.6739000082015991,2553,0.0,0.0,ARTW,60m
2024-11-14 09:30:00-05:00,1.6399999856948853,1.6449999809265137,1.6299999952316284,1.6299999952316284,1487,0.0,0.0,ARTW,60m
2024-11-14 10:30:00-05:00,1.6301000118255615,1.6301000118255615,1.6301000118255615,1.6301000118255615,1157,0.0,0.0,ARTW,60m
2024-11-14 11:30:00-05:00,1.6299999952316284,1.6299999952316284,1.6299999952316284,1.6299999952316284,148,0.0,0.0,ARTW,60m
2024-11-14 13:30:00-05:00,1.6299999952316284,1.6649999618530273,1.6200000047683716,1.6200000047683716,1160,0.0,0.0,ARTW,60m
2024-11-14 14:30:00-05:00,1.6449999809265137,1.6449999809265137,1.6449999809265137,1.6449999809265137,944,0.0,0.0,ARTW,60m
2024-11-15 09:30:00-05:00,1.649999976158142,1.649999976158142,1.6200000047683716,1.6200000047683716,7065,0.0,0.0,ARTW,60m
2024-11-15 10:30:00-05:00,1.600000023841858,1.6200000047683716,1.590000033378601,1.6200000047683716,688,0.0,0.0,ARTW,60m
2024-11-15 11:30:00-05:00,1.6081000566482544,1.6200000047683716,1.6081000566482544,1.6200000047683716,829,0.0,0.0,ARTW,60m
2024-11-15 12:30:00-05:00,1.6200000047683716,1.6200000047683716,1.6200000047683716,1.6200000047683716,336,0.0,0.0,ARTW,60m
2024-11-15 13:30:00-05:00,1.6200000047683716,1.6297999620437622,1.600000023841858,1.6297999620437622,6543,0.0,0.0,ARTW,60m
2024-11-15 14:30:00-05:00,1.6619999408721924,1.690000057220459,1.659999966621399,1.6871000528335571,6476,0.0,0.0,ARTW,60m
2024-11-15 15:30:00-05:00,1.6950000524520874,1.7050000429153442,1.684000015258789,1.7000000476837158,7595,0.0,0.0,ARTW,60m
2024-11-18 09:30:00-05:00,1.6779999732971191,1.6779999732971191,1.6779999732971191,1.6779999732971191,289,0.0,0.0,ARTW,60m
2024-11-18 10:30:00-05:00,1.6319999694824219,1.6319999694824219,1.6319999694824219,1.6319999694824219,104,0.0,0.0,ARTW,60m
2024-11-18 11:30:00-05:00,1.649999976158142,1.6899000406265259,1.649999976158142,1.6899000406265259,8069,0.0,0.0,ARTW,60m
2024-11-18 12:30:00-05:00,1.7000000476837158,1.7000000476837158,1.6200000047683716,1.7000000476837158,6929,0.0,0.0,ARTW,60m
2024-11-18 13:30:00-05:00,1.7000000476837158,1.7000000476837158,1.7000000476837158,1.7000000476837158,873,0.0,0.0,ARTW,60m
2024-11-18 14:30:00-05:00,1.7000000476837158,1.7100000381469727,1.6571999788284302,1.6571999788284302,1367,0.0,0.0,ARTW,60m
2024-11-18 15:30:00-05:00,1.7000000476837158,1.7000000476837158,1.690000057220459,1.690000057220459,906,0.0,0.0,ARTW,60m
2024-11-19 09:30:00-05:00,1.6799999475479126,1.6799999475479126,1.6579999923706055,1.6579999923706055,844,0.0,0.0,ARTW,60m
2024-11-19 10:30:00-05:00,1.649999976158142,1.6582000255584717,1.649999976158142,1.6582000255584717,553,0.0,0.0,ARTW,60m
2024-11-19 13:30:00-05:00,1.690000057220459,1.690000057220459,1.690000057220459,1.690000057220459,808,0.0,0.0,ARTW,60m
2024-11-19 14:30:00-05:00,1.690000057220459,1.690000057220459,1.6399999856948853,1.6399999856948853,6959,0.0,0.0,ARTW,60m
2024-11-19 15:30:00-05:00,1.6200000047683716,1.6299999952316284,1.6200000047683716,1.6292999982833862,6684,0.0,0.0,ARTW,60m
2024-11-20 09:30:00-05:00,1.649999976158142,1.649999976158142,1.6299999952316284,1.6299999952316284,2373,0.0,0.0,ARTW,60m
2024-11-20 11:30:00-05:00,1.6620999574661255,1.679900050163269,1.6620999574661255,1.679900050163269,773,0.0,0.0,ARTW,60m
2024-11-20 12:30:00-05:00,1.6401000022888184,1.6401000022888184,1.600100040435791,1.6398999691009521,6782,0.0,0.0,ARTW,60m
2024-11-20 13:30:00-05:00,1.6399999856948853,1.6399999856948853,1.6200000047683716,1.6398999691009521,7304,0.0,0.0,ARTW,60m
2024-11-21 09:30:00-05:00,1.659999966621399,1.659999966621399,1.659999966621399,1.659999966621399,556,0.0,0.0,ARTW,60m
2024-11-21 11:30:00-05:00,1.649999976158142,1.7200000286102295,1.649999976158142,1.7200000286102295,3483,0.0,0.0,ARTW,60m
2024-11-21 13:30:00-05:00,1.659999966621399,1.659999966621399,1.6526999473571777,1.6598999500274658,877,0.0,0.0,ARTW,60m
2024-11-21 14:30:00-05:00,1.659999966621399,1.659999966621399,1.659999966621399,1.659999966621399,2950,0.0,0.0,ARTW,60m
2024-11-22 09:30:00-05:00,1.7200000286102295,1.7549999952316284,1.6619999408721924,1.6786999702453613,7694,0.0,0.0,ARTW,60m
2024-11-22 10:30:00-05:00,1.690000057220459,1.7300000190734863,1.649999976158142,1.7300000190734863,3859,0.0,0.0,ARTW,60m
2024-11-22 11:30:00-05:00,1.7283999919891357,1.7300000190734863,1.7094999551773071,1.725000023841858,5272,0.0,0.0,ARTW,60m
2024-11-22 12:30:00-05:00,1.725000023841858,1.725000023841858,1.725000023841858,1.725000023841858,387,0.0,0.0,ARTW,60m
2024-11-22 13:30:00-05:00,1.7055000066757202,1.7055000066757202,1.7055000066757202,1.7055000066757202,961,0.0,0.0,ARTW,60m
2024-11-22 14:30:00-05:00,1.7100000381469727,1.7100000381469727,1.690000057220459,1.7089999914169312,1663,0.0,0.0,ARTW,60m
2024-11-25 09:30:00-05:00,1.680799961090088,1.680799961090088,1.6299999952316284,1.6299999952316284,1096,0.0,0.0,ARTW,60m
2024-11-25 10:30:00-05:00,1.6649999618530273,1.6848000288009644,1.6649999618530273,1.6848000288009644,330,0.0,0.0,ARTW,60m
2024-11-25 11:30:00-05:00,1.690000057220459,1.7000000476837158,1.690000057220459,1.7000000476837158,1660,0.0,0.0,ARTW,60m
2024-11-25 12:30:00-05:00,1.7599999904632568,1.7599999904632568,1.700600028038025,1.705199956893921,238,0.0,0.0,ARTW,60m
2024-11-25 13:30:00-05:00,1.75,1.75,1.75,1.75,1403,0.0,0.0,ARTW,60m
2024-11-25 14:30:00-05:00,1.6799999475479126,1.6799999475479126,1.6699999570846558,1.6699999570846558,0,0.0,0.0,ARTW,60m
2024-11-25 15:30:00-05:00,1.7100000381469727,1.7200000286102295,1.7100000381469727,1.7200000286102295,474,0.0,0.0,ARTW,60m
2024-11-26 10:30:00-05:00,1.6749999523162842,1.6749999523162842,1.649999976158142,1.649999976158142,667,0.0,0.0,ARTW,60m
2024-11-26 11:30:00-05:00,1.690000057220459,1.690000057220459,1.6510000228881836,1.663100004196167,2454,0.0,0.0,ARTW,60m
2024-11-26 12:30:00-05:00,1.7000000476837158,1.7000000476837158,1.7000000476837158,1.7000000476837158,554,0.0,0.0,ARTW,60m
2024-11-26 14:30:00-05:00,1.690000057220459,1.690000057220459,1.6200000047683716,1.6299999952316284,5932,0.0,0.0,ARTW,60m
2024-11-26 15:30:00-05:00,1.6785999536514282,1.6785999536514282,1.649999976158142,1.649999976158142,1604,0.0,0.0,ARTW,60m
2024-11-27 10:30:00-05:00,1.690000057220459,1.690000057220459,1.690000057220459,1.690000057220459,176,0.0,0.0,ARTW,60m
2024-11-27 12:30:00-05:00,1.6574000120162964,1.6699999570846558,1.6546000242233276,1.659999966621399,3983,0.0,0.0,ARTW,60m
2024-11-27 13:30:00-05:00,1.659999966621399,1.659999966621399,1.659999966621399,1.659999966621399,218,0.0,0.0,ARTW,60m
2024-11-29 10:30:00-05:00,1.6950000524520874,1.6950000524520874,1.6950000524520874,1.6950000524520874,0,0.0,0.0,ARTW,60m
2024-12-02 09:30:00-05:00,1.6749999523162842,1.6749999523162842,1.6749999523162842,1.6749999523162842,1216,0.0,0.0,ARTW,60m
2024-12-02 12:30:00-05:00,1.659999966621399,1.659999966621399,1.659999966621399,1.659999966621399,5526,0.0,0.0,ARTW,60m
2024-12-02 13:30:00-05:00,1.6796000003814697,1.6949000358581543,1.6419999599456787,1.6419999599456787,1712,0.0,0.0,ARTW,60m
2024-12-02 14:30:00-05:00,1.649999976158142,1.7000000476837158,1.649999976158142,1.649999976158142,1583,0.0,0.0,ARTW,60m
2024-12-02 15:30:00-05:00,1.649999976158142,1.649999976158142,1.6399999856948853,1.6399999856948853,1242,0.0,0.0,ARTW,60m
2024-12-03 09:30:00-05:00,1.6200000047683716,1.6361000537872314,1.6200000047683716,1.6361000537872314,5986,0.0,0.0,ARTW,60m
2024-12-03 10:30:00-05:00,1.6299999952316284,1.6299999952316284,1.6299999952316284,1.6299999952316284,240,0.0,0.0,ARTW,60m
2024-12-03 11:30:00-05:00,1.6299999952316284,1.6299999952316284,1.6299999952316284,1.6299999952316284,1000,0.0,0.0,ARTW,60m
2024-12-03 12:30:00-05:00,1.6200000047683716,1.6200000047683716,1.6200000047683716,1.6200000047683716,278,0.0,0.0,ARTW,60m
2024-12-03 13:30:00-05:00,1.6359000205993652,1.6390000581741333,1.6359000205993652,1.6390000581741333,1076,0.0,0.0,ARTW,60m
2024-12-03 15:30:00-05:00,1.6299999952316284,1.6299999952316284,1.6299999952316284,1.6299999952316284,326,0.0,0.0,ARTW,60m
2024-12-04 11:30:00-05:00,1.649999976158142,1.649999976158142,1.6299999952316284,1.6449999809265137,4292,0.0,0.0,ARTW,60m
2024-12-04 13:30:00-05:00,1.6398999691009521,1.6399999856948853,1.6398999691009521,1.6399999856948853,4318,0.0,0.0,ARTW,60m
2024-12-04 15:30:00-05:00,1.6299999952316284,1.6299999952316284,1.6299999952316284,1.6299999952316284,1081,0.0,0.0,ARTW,60m
2024-12-05 09:30:00-05:00,1.6533000469207764,1.6799999475479126,1.6201000213623047,1.6799999475479126,1797,0.0,0.0,ARTW,60m
2024-12-05 10:30:00-05:00,1.6698999404907227,1.6698999404907227,1.6698999404907227,1.6698999404907227,501,0.0,0.0,ARTW,60m
2024-12-05 11:30:00-05:00,1.6200000047683716,1.6399999856948853,1.6150000095367432,1.6200000047683716,11103,0.0,0.0,ARTW,60m
2024-12-05 13:30:00-05:00,1.6202000379562378,1.649999976158142,1.6200000047683716,1.6200000047683716,2994,0.0,0.0,ARTW,60m
2024-12-05 15:30:00-05:00,1.6200000047683716,1.6200000047683716,1.6150000095367432,1.6198999881744385,3080,0.0,0.0,ARTW,60m
2024-12-06 09:30:00-05:00,1.6100000143051147,1.6200000047683716,1.6100000143051147,1.6100000143051147,3664,0.0,0.0,ARTW,60m
2024-12-06 10:30:00-05:00,1.6100000143051147,1.6299999952316284,1.6100000143051147,1.6299999952316284,529,0.0,0.0,ARTW,60m
2024-12-06 12:30:00-05:00,1.600000023841858,1.600000023841858,1.600000023841858,1.600000023841858,171,0.0,0.0,ARTW,60m
2024-12-06 13:30:00-05:00,1.590000033378601,1.590000033378601,1.590000033378601,1.590000033378601,1820,0.0,0.0,ARTW,60m
2024-12-06 14:30:00-05:00,1.5800000429153442,1.6200000047683716,1.5800000429153442,1.600000023841858,1281,0.0,0.0,ARTW,60m
2024-12-06 15:30:00-05:00,1.5801000595092773,1.5801000595092773,1.5800000429153442,1.5801000595092773,1000,0.0,0.0,ARTW,60m
2024-12-09 09:30:00-05:00,1.600000023841858,1.600000023841858,1.5694999694824219,1.5800000429153442,2406,0.0,0.0,ARTW,60m
2024-12-09 10:30:00-05:00,1.5700000524520874,1.600000023841858,1.5700000524520874,1.5800000429153442,2397,0.0,0.0,ARTW,60m
2024-12-09 11:30:00-05:00,1.5800000429153442,1.600000023841858,1.5700000524520874,1.600000023841858,4842,0.0,0.0,ARTW,60m
2024-12-09 12:30:00-05:00,1.5994999408721924,1.600000023841858,1.5700000524520874,1.600000023841858,5770,0.0,0.0,ARTW,60m
2024-12-09 13:30:00-05:00,1.5850000381469727,1.5850000381469727,1.5850000381469727,1.5850000381469727,1697,0.0,0.0,ARTW,60m
2024-12-10 10:30:00-05:00,1.5901999473571777,1.5901999473571777,1.5901999473571777,1.5901999473571777,1484,0.0,0.0,ARTW,60m
2024-12-10 11:30:00-05:00,1.6211999654769897,1.6211999654769897,1.6211999654769897,1.6211999654769897,4026,0.0,0.0,ARTW,60m
2024-12-10 12:30:00-05:00,1.5901000499725342,1.5901000499725342,1.559999942779541,1.5600999593734741,3342,0.0,0.0,ARTW,60m
2024-12-10 13:30:00-05:00,1.5950000286102295,1.5999000072479248,1.5800000429153442,1.5999000072479248,2867,0.0,0.0,ARTW,60m
2024-12-10 15:30:00-05:00,1.5800000429153442,1.5800000429153442,1.5800000429153442,1.5800000429153442,1311,0.0,0.0,ARTW,60m
2024-12-11 09:30:00-05:00,1.5700000524520874,1.5700000524520874,1.5700000524520874,1.5700000524520874,285,0.0,0.0,ARTW,60m
2024-12-11 10:30:00-05:00,1.5700000524520874,1.6062999963760376,1.5700000524520874,1.6050000190734863,3802,0.0,0.0,ARTW,60m
2024-12-11 11:30:00-05:00,1.6181000471115112,1.6200000047683716,1.6100000143051147,1.6200000047683716,2386,0.0,0.0,ARTW,60m
2024-12-11 12:30:00-05:00,1.590000033378601,1.6398999691009521,1.590000033378601,1.6398999691009521,3580,0.0,0.0,ARTW,60m
2024-12-11 13:30:00-05:00,1.590000033378601,1.590000033378601,1.590000033378601,1.590000033378601,1001,0.0,0.0,ARTW,60m
2024-12-12 09:30:00-05:00,1.6200000047683716,1.6200000047683716,1.6200000047683716,1.6200000047683716,1695,0.0,0.0,ARTW,60m
2024-12-12 10:30:00-05:00,1.5764000415802002,1.5764000415802002,1.5764000415802002,1.5764000415802002,422,0.0,0.0,ARTW,60m
2024-12-12 11:30:00-05:00,1.5957000255584717,1.5957000255584717,1.5950000286102295,1.5950000286102295,807,0.0,0.0,ARTW,60m
2024-12-12 13:30:00-05:00,1.5800000429153442,1.5861999988555908,1.5654000043869019,1.5800000429153442,2679,0.0,0.0,ARTW,60m
2024-12-12 14:30:00-05:00,1.5850000381469727,1.5850000381469727,1.5850000381469727,1.5850000381469727,274,0.0,0.0,ARTW,60m
2024-12-12 15:30:00-05:00,1.5800000429153442,1.5882999897003174,1.4950000047683716,1.5199999809265137,20202,0.0,0.0,ARTW,60m
2024-12-13 09:30:00-05:00,1.5199999809265137,1.5700000524520874,1.5099999904632568,1.5549999475479126,2798,0.0,0.0,ARTW,60m
2024-12-13 10:30:00-05:00,1.5800000429153442,1.5800000429153442,1.5549999475479126,1.5549999475479126,1805,0.0,0.0,ARTW,60m
2024-12-13 12:30:00-05:00,1.5549999475479126,1.5549999475479126,1.5549999475479126,1.5549999475479126,304,0.0,0.0,ARTW,60m
2024-12-13 15:30:00-05:00,1.5299999713897705,1.5299999713897705,1.5299999713897705,1.5299999713897705,314,0.0,0.0,ARTW,60m
2024-12-16 09:30:00-05:00,1.5199999809265137,1.589900016784668,1.5199999809265137,1.589900016784668,0,0.0,0.0,ARTW,60m
2024-12-16 10:30:00-05:00,1.513700008392334,1.513700008392334,1.513700008392334,1.513700008392334,51,0.0,0.0,ARTW,60m
2024-12-16 11:30:00-05:00,1.5399999618530273,1.5399999618530273,1.5399999618530273,1.5399999618530273,200,0.0,0.0,ARTW,60m
2024-12-16 12:30:00-05:00,1.5511000156402588,1.5799000263214111,1.5299999713897705,1.5765999555587769,14177,0.0,0.0,ARTW,60m
2024-12-16 13:30:00-05:00,1.569200038909912,1.5724999904632568,1.5449999570846558,1.5700000524520874,3301,0.0,0.0,ARTW,60m
2024-12-16 14:30:00-05:00,1.5471999645233154,1.5471999645233154,1.5471999645233154,1.5471999645233154,922,0.0,0.0,ARTW,60m
2024-12-17 11:30:00-05:00,1.5399999618530273,1.5499999523162842,1.524899959564209,1.5499999523162842,2884,0.0,0.0,ARTW,60m
2024-12-17 12:30:00-05:00,1.5288000106811523,1.5399999618530273,1.5199999809265137,1.5199999809265137,560,0.0,0.0,ARTW,60m
2024-12-17 13:30:00-05:00,1.5027999877929688,1.5027999877929688,1.5027999877929688,1.5027999877929688,1021,0.0,0.0,ARTW,60m
2024-12-17 14:30:00-05:00,1.5399999618530273,1.5399999618530273,1.5189000368118286,1.5189000368118286,5136,0.0,0.0,ARTW,60m
2024-12-17 15:30:00-05:00,1.5099999904632568,1.5299999713897705,1.5099999904632568,1.5299999713897705,0,0.0,0.0,ARTW,60m
2024-12-18 09:30:00-05:00,1.5399999618530273,1.5499000549316406,1.5099999904632568,1.5499000549316406,2432,0.0,0.0,ARTW,60m
2024-12-18 10:30:00-05:00,1.4700000286102295,1.5281000137329102,1.4700000286102295,1.5281000137329102,1331,0.0,0.0,ARTW,60m
2024-12-18 11:30:00-05:00,1.5199999809265137,1.5282000303268433,1.500599980354309,1.524999976158142,3156,0.0,0.0,ARTW,60m
2024-12-19 09:30:00-05:00,1.5149999856948853,1.5149999856948853,1.5149999856948853,1.5149999856948853,0,0.0,0.0,ARTW,60m
2024-12-19 10:30:00-05:00,1.4900000095367432,1.4900000095367432,1.4800000190734863,1.4800000190734863,4119,0.0,0.0,ARTW,60m
2024-12-19 11:30:00-05:00,1.5099999904632568,1.5099999904632568,1.5099999904632568,1.5099999904632568,701,0.0,0.0,ARTW,60m
2024-12-19 12:30:00-05:00,1.5149999856948853,1.5419000387191772,1.5149999856948853,1.5399999618530273,903,0.0,0.0,ARTW,60m
2024-12-19 13:30:00-05:00,1.5199999809265137,1.5199999809265137,1.5199999809265137,1.5199999809265137,723,0.0,0.0,ARTW,60m
2024-12-19 15:30:00-05:00,1.5,1.5099999904632568,1.5,1.5099999904632568,1164,0.0,0.0,ARTW,60m
2024-12-20 09:30:00-05:00,1.4878000020980835,1.4878000020980835,1.4878000020980835,1.4878000020980835,324,0.0,0.0,ARTW,60m
2024-12-20 10:30:00-05:00,1.490399956703186,1.5399999618530273,1.490399956703186,1.523900032043457,3548,0.0,0.0,ARTW,60m
2024-12-20 11:30:00-05:00,1.5099999904632568,1.535599946975708,1.5099999904632568,1.5341999530792236,2861,0.0,0.0,ARTW,60m
2024-12-20 12:30:00-05:00,1.5199999809265137,1.5199999809265137,1.5199999809265137,1.5199999809265137,1002,0.0,0.0,ARTW,60m
2024-12-20 13:30:00-05:00,1.5199999809265137,1.5399999618530273,1.5199999809265137,1.5399999618530273,4756,0.0,0.0,ARTW,60m
2024-12-23 09:30:00-05:00,1.4888999462127686,1.5299999713897705,1.4888999462127686,1.5099999904632568,1088,0.0,0.0,ARTW,60m
2024-12-23 10:30:00-05:00,1.5099999904632568,1.5099999904632568,1.4950000047683716,1.4950000047683716,900,0.0,0.0,ARTW,60m
2024-12-23 11:30:00-05:00,1.5,1.5099999904632568,1.4950000047683716,1.506100058555603,781,0.0,0.0,ARTW,60m
2024-12-23 13:30:00-05:00,1.5099999904632568,1.5099999904632568,1.5099999904632568,1.5099999904632568,160,0.0,0.0,ARTW,60m
2024-12-23 14:30:00-05:00,1.5049999952316284,1.5499999523162842,1.4850000143051147,1.5299999713897705,14066,0.0,0.0,ARTW,60m
2024-12-23 15:30:00-05:00,1.5099999904632568,1.5449999570846558,1.5099999904632568,1.5449999570846558,4425,0.0,0.0,ARTW,60m
2024-12-24 09:30:00-05:00,1.5098999738693237,1.5800000429153442,1.5098999738693237,1.5399999618530273,20011,0.0,0.0,ARTW,60m
2024-12-24 10:30:00-05:00,1.5199999809265137,1.5199999809265137,1.5199999809265137,1.5199999809265137,0,0.0,0.0,ARTW,60m
2024-12-24 11:30:00-05:00,1.534999966621399,1.534999966621399,1.5,1.5,12744,0.0,0.0,ARTW,60m
2024-12-24 12:30:00-05:00,1.517300009727478,1.517300009727478,1.4900000095367432,1.4989999532699585,1753,0.0,0.0,ARTW,60m
2024-12-26 09:30:00-05:00,1.5299999713897705,1.9700000286102295,1.4809999465942383,1.899999976158142,242985,0.0,0.0,ARTW,60m
2024-12-26 10:30:00-05:00,1.9299999475479126,2.240000009536743,1.7599999904632568,1.8496999740600586,367810,0.0,0.0,ARTW,60m
2024-12-26 11:30:00-05:00,1.8450000286102295,2.039900064468384,1.840000033378601,2.0179998874664307,114776,0.0,0.0,ARTW,60m
2024-12-26 12:30:00-05:00,2.015000104904175,2.0999999046325684,1.9800000190734863,2.0316998958587646,91764,0.0,0.0,ARTW,60m
2024-12-26 13:30:00-05:00,2.0597000122070312,2.089900016784668,1.871000051498413,1.909999966621399,72886,0.0,0.0,ARTW,60m
2024-12-26 14:30:00-05:00,1.909999966621399,1.9500000476837158,1.850000023841858,1.9299999475479126,29098,0.0,0.0,ARTW,60m
2024-12-26 15:30:00-05:00,1.9299999475479126,1.9900000095367432,1.9199999570846558,1.9900000095367432,28646,0.0,0.0,ARTW,60m
2024-12-27 09:30:00-05:00,2.109999895095825,2.3399999141693115,2.049999952316284,2.2200000286102295,267349,0.0,0.0,ARTW,60m
2024-12-27 10:30:00-05:00,2.25,2.4899001121520996,2.180000066757202,2.390000104904175,248168,0.0,0.0,ARTW,60m
2024-12-27 11:30:00-05:00,2.3499999046325684,2.509999990463257,2.3399999141693115,2.5,78049,0.0,0.0,ARTW,60m
2024-12-27 12:30:00-05:00,2.484999895095825,2.549999952316284,2.370500087738037,2.4200000762939453,54180,0.0,0.0,ARTW,60m
2024-12-27 13:30:00-05:00,2.4795000553131104,2.5199999809265137,2.309999942779541,2.4900999069213867,82743,0.0,0.0,ARTW,60m
2024-12-27 14:30:00-05:00,2.5,2.549999952316284,2.430000066757202,2.444999933242798,46773,0.0,0.0,ARTW,60m
2024-12-27 15:30:00-05:00,2.430000066757202,2.4899001121520996,2.4000000953674316,2.459700107574463,24339,0.0,0.0,ARTW,60m
2024-12-30 09:30:00-05:00,3.2899999618530273,3.8299999237060547,2.9000000953674316,3.4200000762939453,2460518,0.0,0.0,ARTW,60m
2024-12-30 10:30:00-05:00,3.450000047683716,3.7799999713897705,3.3499999046325684,3.5399999618530273,478411,0.0,0.0,ARTW,60m
2024-12-30 11:30:00-05:00,3.366300106048584,3.680000066757202,3.0999999046325684,3.5199999809265137,355509,0.0,0.0,ARTW,60m
2024-12-30 12:30:00-05:00,3.4700000286102295,3.759999990463257,3.4100000858306885,3.740000009536743,167967,0.0,0.0,ARTW,60m
2024-12-30 13:30:00-05:00,3.790600061416626,4.149499893188477,3.7300000190734863,4.039999961853027,413406,0.0,0.0,ARTW,60m
2024-12-30 14:30:00-05:00,4.011300086975098,4.089900016784668,3.450000047683716,3.700000047683716,299639,0.0,0.0,ARTW,60m
2024-12-30 15:30:00-05:00,3.700000047683716,3.7769999504089355,3.319999933242798,3.559999942779541,132786,0.0,0.0,ARTW,60m
2024-12-31 09:30:00-05:00,3.0299999713897705,3.4000000953674316,2.119999885559082,2.50819993019104,696650,0.0,0.0,ARTW,60m
2024-12-31 10:30:00-05:00,2.4800000190734863,2.6006999015808105,2.1600000858306885,2.3499999046325684,218761,0.0,0.0,ARTW,60m
2024-12-31 11:30:00-05:00,2.299999952316284,2.608599901199341,2.280100107192993,2.450000047683716,83943,0.0,0.0,ARTW,60m
2024-12-31 12:30:00-05:00,2.449899911880493,2.549999952316284,2.3454999923706055,2.5199999809265137,72379,0.0,0.0,ARTW,60m
2024-12-31 13:30:00-05:00,2.4749999046325684,2.5999999046325684,2.30649995803833,2.315999984741211,80191,0.0,0.0,ARTW,60m
2024-12-31 14:30:00-05:00,2.384999990463257,2.490000009536743,2.299999952316284,2.380000114440918,51230,0.0,0.0,ARTW,60m
2024-12-31 15:30:00-05:00,2.380000114440918,2.4100000858306885,2.119999885559082,2.1698999404907227,56075,0.0,0.0,ARTW,60m
2025-01-02 09:30:00-05:00,2.2100000381469727,2.259999990463257,1.7999999523162842,1.9229999780654907,331602,0.0,0.0,ARTW,60m
2025-01-02 10:30:00-05:00,1.9249999523162842,2.440000057220459,1.9249999523162842,2.277899980545044,75828,0.0,0.0,ARTW,60m
2025-01-02 11:30:00-05:00,2.319999933242798,2.4000000953674316,2.2100000381469727,2.309999942779541,59792,0.0,0.0,ARTW,60m
2025-01-02 12:30:00-05:00,2.3399999141693115,2.3499999046325684,2.2400999069213867,2.2799999713897705,30187,0.0,0.0,ARTW,60m
2025-01-02 13:30:00-05:00,2.299999952316284,2.3499999046325684,2.2750000953674316,2.3399999141693115,31480,0.0,0.0,ARTW,60m
2025-01-02 14:30:00-05:00,2.3399999141693115,2.3399999141693115,2.2100000381469727,2.2123000621795654,29203,0.0,0.0,ARTW,60m
2025-01-02 15:30:00-05:00,2.240000009536743,2.25,2.2100000381469727,2.240000009536743,15846,0.0,0.0,ARTW,60m
2025-01-03 09:30:00-05:00,2.180000066757202,2.2049999237060547,2.0399999618530273,2.04010009765625,51233,0.0,0.0,ARTW,60m
2025-01-03 10:30:00-05:00,2.109999895095825,2.1294000148773193,1.850000023841858,2.009999990463257,124275,0.0,0.0,ARTW,60m
2025-01-03 11:30:00-05:00,2.0399999618530273,2.058500051498413,1.9500000476837158,1.9701000452041626,24112,0.0,0.0,ARTW,60m
2025-01-03 12:30:00-05:00,1.9880000352859497,2.0499000549316406,1.9600000381469727,1.9850000143051147,24223,0.0,0.0,ARTW,60m
2025-01-03 13:30:00-05:00,1.9700000286102295,2.062000036239624,1.9114999771118164,1.9800000190734863,34781,0.0,0.0,ARTW,60m
2025-01-03 14:30:00-05:00,1.9800000190734863,2.0,1.9700000286102295,2.0,14564,0.0,0.0,ARTW,60m
2025-01-03 15:30:00-05:00,1.9987000226974487,2.038800001144409,1.9800000190734863,2.0299999713897705,12381,0.0,0.0,ARTW,60m
2025-01-06 09:30:00-05:00,2.059999942779541,2.200000047683716,2.0004000663757324,2.009000062942505,65121,0.0,0.0,ARTW,60m
2025-01-06 10:30:00-05:00,2.0000998973846436,2.001499891281128,1.9199999570846558,1.9600000381469727,18468,0.0,0.0,ARTW,60m
2025-01-06 11:30:00-05:00,1.9778000116348267,1.9800000190734863,1.9299999475479126,1.9500000476837158,31333,0.0,0.0,ARTW,60m
2025-01-06 12:30:00-05:00,1.940000057220459,1.9799000024795532,1.9199999570846558,1.9700000286102295,12095,0.0,0.0,ARTW,60m
2025-01-06 13:30:00-05:00,1.9700000286102295,1.9800000190734863,1.9299999475479126,1.930999994277954,17062,0.0,0.0,ARTW,60m
2025-01-06 14:30:00-05:00,1.9752000570297241,1.9752000570297241,1.9500000476837158,1.965000033378601,1587,0.0,0.0,ARTW,60m
2025-01-06 15:30:00-05:00,1.9500000476837158,1.9900000095367432,1.9448000192642212,1.9600000381469727,12215,0.0,0.0,ARTW,60m
2025-01-07 09:30:00-05:00,1.9500000476837158,1.9990999698638916,1.850000023841858,1.909999966621399,22597,0.0,0.0,ARTW,60m
2025-01-07 10:30:00-05:00,1.8700000047683716,1.9500000476837158,1.8700000047683716,1.909999966621399,24101,0.0,0.0,ARTW,60m
2025-01-07 11:30:00-05:00,1.9199999570846558,1.9500000476837158,1.8899999856948853,1.909999966621399,26399,0.0,0.0,ARTW,60m
2025-01-07 12:30:00-05:00,1.899999976158142,1.909999966621399,1.8700000047683716,1.899999976158142,9438,0.0,0.0,ARTW,60m
2025-01-07 13:30:00-05:00,1.9079999923706055,1.9204000234603882,1.8700000047683716,1.8700000047683716,6520,0.0,0.0,ARTW,60m
2025-01-07 14:30:00-05:00,1.8899999856948853,1.909999966621399,1.8899999856948853,1.8974000215530396,4565,0.0,0.0,ARTW,60m
2025-01-07 15:30:00-05:00,1.8899999856948853,1.899999976158142,1.8799999952316284,1.8799999952316284,5163,0.0,0.0,ARTW,60m
2025-01-08 09:30:00-05:00,1.8799999952316284,1.8839999437332153,1.7380000352859497,1.7400000095367432,56981,0.0,0.0,ARTW,60m
2025-01-08 10:30:00-05:00,1.753000020980835,1.7999999523162842,1.735700011253357,1.7401000261306763,11139,0.0,0.0,ARTW,60m
2025-01-08 11:30:00-05:00,1.7445000410079956,1.7599999904632568,1.7100000381469727,1.7599999904632568,21087,0.0,0.0,ARTW,60m
2025-01-08 12:30:00-05:00,1.7599999904632568,1.815000057220459,1.7589999437332153,1.7899999618530273,23167,0.0,0.0,ARTW,60m
2025-01-08 13:30:00-05:00,1.7914999723434448,1.8200000524520874,1.7914999723434448,1.8200000524520874,9144,0.0,0.0,ARTW,60m
2025-01-08 14:30:00-05:00,1.8300000429153442,1.850000023841858,1.7806999683380127,1.850000023841858,11712,0.0,0.0,ARTW,60m
2025-01-08 15:30:00-05:00,1.850000023841858,1.8600000143051147,1.8300000429153442,1.840000033378601,15078,0.0,0.0,ARTW,60m
2025-01-10 09:30:00-05:00,2.0199999809265137,2.200000047683716,1.840000033378601,2.1600000858306885,2370178,0.0,0.0,ARTW,60m
2025-01-10 10:30:00-05:00,2.1301000118255615,2.1500000953674316,1.909999966621399,2.009999990463257,223625,0.0,0.0,ARTW,60m
2025-01-10 11:30:00-05:00,2.0522000789642334,2.0799999237060547,1.9600000381469727,2.069999933242798,83233,0.0,0.0,ARTW,60m
2025-01-10 12:30:00-05:00,2.069999933242798,2.069999933242798,1.9199999570846558,2.0387001037597656,103550,0.0,0.0,ARTW,60m
2025-01-10 13:30:00-05:00,2.0390000343322754,2.049999952316284,1.9774999618530273,2.0174999237060547,43460,0.0,0.0,ARTW,60m
2025-01-10 14:30:00-05:00,2.009999990463257,2.012500047683716,1.9199999570846558,1.9199999570846558,52864,0.0,0.0,ARTW,60m
2025-01-10 15:30:00-05:00,1.9600000381469727,1.9600000381469727,1.8600000143051147,1.9199999570846558,46838,0.0,0.0,ARTW,60m
2025-01-13 09:30:00-05:00,1.8799999952316284,1.8899999856948853,1.7400000095367432,1.7595000267028809,133240,0.0,0.0,ARTW,60m
2025-01-13 10:30:00-05:00,1.7549999952316284,1.7684999704360962,1.7400000095367432,1.751099944114685,23262,0.0,0.0,ARTW,60m
2025-01-13 11:30:00-05:00,1.75,1.7999999523162842,1.75,1.7999999523162842,23162,0.0,0.0,ARTW,60m
2025-01-13 12:30:00-05:00,1.7740000486373901,1.7999999523162842,1.6749999523162842,1.6845999956130981,40898,0.0,0.0,ARTW,60m
2025-01-13 13:30:00-05:00,1.681399941444397,1.7400000095367432,1.6799999475479126,1.7200000286102295,21854,0.0,0.0,ARTW,60m
2025-01-13 14:30:00-05:00,1.7200000286102295,1.75,1.7115000486373901,1.7200000286102295,23015,0.0,0.0,ARTW,60m
2025-01-13 15:30:00-05:00,1.715000033378601,1.7200000286102295,1.667199969291687,1.7200000286102295,22668,0.0,0.0,ARTW,60m
2025-01-14 09:30:00-05:00,1.6799999475479126,1.7450000047683716,1.659999966621399,1.6699999570846558,22501,0.0,0.0,ARTW,60m
2025-01-14 10:30:00-05:00,1.6691999435424805,1.6698999404907227,1.600000023841858,1.6298999786376953,29648,0.0,0.0,ARTW,60m
2025-01-14 11:30:00-05:00,1.6299999952316284,1.659999966621399,1.6200000047683716,1.6335999965667725,19468,0.0,0.0,ARTW,60m
2025-01-14 12:30:00-05:00,1.6299999952316284,1.6796000003814697,1.6201000213623047,1.6247999668121338,14090,0.0,0.0,ARTW,60m
2025-01-14 13:30:00-05:00,1.6299999952316284,1.6640000343322754,1.622499942779541,1.6299999952316284,16692,0.0,0.0,ARTW,60m
2025-01-14 14:30:00-05:00,1.6399999856948853,1.684999942779541,1.6399999856948853,1.6516000032424927,9739,0.0,0.0,ARTW,60m
2025-01-14 15:30:00-05:00,1.6399999856948853,1.6449999809265137,1.6349999904632568,1.6373000144958496,2168,0.0,0.0,ARTW,60m
2025-01-15 09:30:00-05:00,1.6299999952316284,1.7148000001907349,1.6194000244140625,1.6900999546051025,11501,0.0,0.0,ARTW,60m
2025-01-15 10:30:00-05:00,1.72160005569458,1.7400000095367432,1.7201000452041626,1.7242000102996826,5920,0.0,0.0,ARTW,60m
2025-01-15 11:30:00-05:00,1.7201000452041626,1.7359999418258667,1.690000057220459,1.7137999534606934,6208,0.0,0.0,ARTW,60m
2025-01-15 12:30:00-05:00,1.6885000467300415,1.690000057220459,1.6405999660491943,1.690000057220459,4372,0.0,0.0,ARTW,60m
2025-01-15 13:30:00-05:00,1.6749999523162842,1.7100000381469727,1.6749999523162842,1.7100000381469727,7274,0.0,0.0,ARTW,60m
2025-01-15 14:30:00-05:00,1.7029000520706177,1.7029000520706177,1.7029000520706177,1.7029000520706177,391,0.0,0.0,ARTW,60m
2025-01-15 15:30:00-05:00,1.7115000486373901,1.7380000352859497,1.7115000486373901,1.7380000352859497,659,0.0,0.0,ARTW,60m
2025-01-16 09:30:00-05:00,1.75,1.7599999904632568,1.6401000022888184,1.7100000381469727,12760,0.0,0.0,ARTW,60m
2025-01-16 10:30:00-05:00,1.6749999523162842,1.75,1.6749999523162842,1.7466000318527222,6099,0.0,0.0,ARTW,60m
2025-01-16 11:30:00-05:00,1.725000023841858,1.725000023841858,1.725000023841858,1.725000023841858,555,0.0,0.0,ARTW,60m
2025-01-16 12:30:00-05:00,1.7200000286102295,1.7496999502182007,1.7200000286102295,1.7496999502182007,538,0.0,0.0,ARTW,60m
2025-01-16 13:30:00-05:00,1.7300000190734863,1.735200047492981,1.7007999420166016,1.7007999420166016,3633,0.0,0.0,ARTW,60m
2025-01-16 14:30:00-05:00,1.7000000476837158,1.7000000476837158,1.7000000476837158,1.7000000476837158,299,0.0,0.0,ARTW,60m
2025-01-16 15:30:00-05:00,1.7050000429153442,1.7100000381469727,1.7000000476837158,1.7100000381469727,966,0.0,0.0,ARTW,60m
2025-01-17 09:30:00-05:00,1.75,1.7581000328063965,1.6799999475479126,1.7581000328063965,4654,0.0,0.0,ARTW,60m
2025-01-17 10:30:00-05:00,1.7203999757766724,1.7598999738693237,1.7203999757766724,1.7598999738693237,641,0.0,0.0,ARTW,60m
2025-01-17 11:30:00-05:00,1.7489999532699585,1.75,1.6800999641418457,1.6979999542236328,6467,0.0,0.0,ARTW,60m
2025-01-17 12:30:00-05:00,1.7350000143051147,1.7476999759674072,1.7300000190734863,1.7300000190734863,1984,0.0,0.0,ARTW,60m
2025-01-17 13:30:00-05:00,1.7400000095367432,1.8250000476837158,1.7395999431610107,1.8250000476837158,36284,0.0,0.0,ARTW,60m
2025-01-17 14:30:00-05:00,1.760699987411499,1.809999942779541,1.7603000402450562,1.7799999713897705,2461,0.0,0.0,ARTW,60m
2025-01-17 15:30:00-05:00,1.7799999713897705,1.8300000429153442,1.7799999713897705,1.7800999879837036,1969,0.0,0.0,ARTW,60m
2025-01-21 09:30:00-05:00,1.8200000524520874,1.8668999671936035,1.8104000091552734,1.8299000263214111,25776,0.0,0.0,ARTW,60m
2025-01-21 10:30:00-05:00,1.8350000381469727,1.840000033378601,1.8200000524520874,1.840000033378601,8717,0.0,0.0,ARTW,60m
2025-01-21 11:30:00-05:00,1.8389999866485596,1.840000033378601,1.8200000524520874,1.8203999996185303,19078,0.0,0.0,ARTW,60m
2025-01-21 12:30:00-05:00,1.8300000429153442,1.8350000381469727,1.8102999925613403,1.8102999925613403,7970,0.0,0.0,ARTW,60m
2025-01-21 13:30:00-05:00,1.8200000524520874,1.8200000524520874,1.7999999523162842,1.7999999523162842,2261,0.0,0.0,ARTW,60m
2025-01-21 14:30:00-05:00,1.840000033378601,1.840000033378601,1.8200000524520874,1.8200000524520874,3274,0.0,0.0,ARTW,60m
2025-01-21 15:30:00-05:00,1.8207000494003296,1.8450000286102295,1.8207000494003296,1.8450000286102295,5957,0.0,0.0,ARTW,60m
2025-01-22 09:30:00-05:00,1.7999999523162842,1.850000023841858,1.7799999713897705,1.7799999713897705,17635,0.0,0.0,ARTW,60m
2025-01-22 10:30:00-05:00,1.781000018119812,1.781000018119812,1.75,1.774999976158142,27051,0.0,0.0,ARTW,60m
2025-01-22 11:30:00-05:00,1.763700008392334,1.8359999656677246,1.763700008392334,1.7899999618530273,7676,0.0,0.0,ARTW,60m
2025-01-22 12:30:00-05:00,1.7899999618530273,1.8200000524520874,1.7599999904632568,1.8200000524520874,5458,0.0,0.0,ARTW,60m
2025-01-22 13:30:00-05:00,1.7899999618530273,1.7899999618530273,1.7868000268936157,1.7868000268936157,448,0.0,0.0,ARTW,60m
2025-01-22 14:30:00-05:00,1.7999999523162842,1.7999999523162842,1.7699999809265137,1.7699999809265137,1791,0.0,0.0,ARTW,60m
2025-01-22 15:30:00-05:00,1.7949999570846558,1.8300000429153442,1.7717000246047974,1.8049999475479126,4574,0.0,0.0,ARTW,60m
2025-01-23 09:30:00-05:00,1.8250000476837158,1.8299000263214111,1.7101999521255493,1.7899999618530273,2553,0.0,0.0,ARTW,60m
2025-01-23 10:30:00-05:00,1.7549999952316284,1.7899999618530273,1.7549999952316284,1.7899999618530273,2518,0.0,0.0,ARTW,60m
2025-01-23 11:30:00-05:00,1.784000039100647,1.784000039100647,1.75,1.774999976158142,2077,0.0,0.0,ARTW,60m
2025-01-23 12:30:00-05:00,1.7555999755859375,1.8116999864578247,1.7100000381469727,1.8116999864578247,4640,0.0,0.0,ARTW,60m
2025-01-23 13:30:00-05:00,1.7305999994277954,1.7307000160217285,1.7305999994277954,1.7307000160217285,1707,0.0,0.0,ARTW,60m
2025-01-23 14:30:00-05:00,1.7649999856948853,1.7998000383377075,1.7599999904632568,1.7998000383377075,5241,0.0,0.0,ARTW,60m
2025-01-23 15:30:00-05:00,1.784999966621399,1.840000033378601,1.784999966621399,1.840000033378601,2669,0.0,0.0,ARTW,60m
2025-01-24 09:30:00-05:00,1.840000033378601,1.8700000047683716,1.7300000190734863,1.7999999523162842,39511,0.0,0.0,ARTW,60m
2025-01-24 10:30:00-05:00,1.7899999618530273,1.8423000574111938,1.7599999904632568,1.8423000574111938,4399,0.0,0.0,ARTW,60m
2025-01-24 11:30:00-05:00,1.815000057220459,1.840000033378601,1.809999942779541,1.8300000429153442,4683,0.0,0.0,ARTW,60m
2025-01-24 12:30:00-05:00,1.8300000429153442,1.840000033378601,1.8300000429153442,1.8300000429153442,6032,0.0,0.0,ARTW,60m
2025-01-24 13:30:00-05:00,1.850000023841858,1.850000023841858,1.8200000524520874,1.8300000429153442,2143,0.0,0.0,ARTW,60m
2025-01-24 14:30:00-05:00,1.809999942779541,1.809999942779541,1.809999942779541,1.809999942779541,781,0.0,0.0,ARTW,60m
2025-01-24 15:30:00-05:00,1.7999999523162842,1.7999999523162842,1.7999999523162842,1.7999999523162842,446,0.0,0.0,ARTW,60m
2025-01-27 09:30:00-05:00,1.7899999618530273,1.7899999618530273,1.7100000381469727,1.75,6491,0.0,0.0,ARTW,60m
2025-01-27 10:30:00-05:00,1.7300000190734863,1.7304999828338623,1.7100000381469727,1.7200000286102295,4467,0.0,0.0,ARTW,60m
2025-01-27 11:30:00-05:00,1.7300000190734863,1.7300000190734863,1.6990000009536743,1.7050000429153442,13944,0.0,0.0,ARTW,60m
2025-01-27 12:30:00-05:00,1.7100000381469727,1.7200000286102295,1.7000000476837158,1.7100000381469727,940,0.0,0.0,ARTW,60m
2025-01-27 13:30:00-05:00,1.7289999723434448,1.7300000190734863,1.7289999723434448,1.7300000190734863,1605,0.0,0.0,ARTW,60m
2025-01-27 14:30:00-05:00,1.7271000146865845,1.7271000146865845,1.7145999670028687,1.7145999670028687,535,0.0,0.0,ARTW,60m
2025-01-27 15:30:00-05:00,1.7100000381469727,1.7200000286102295,1.7100000381469727,1.7200000286102295,2447,0.0,0.0,ARTW,60m
2025-01-28 09:30:00-05:00,1.659999966621399,1.7000000476837158,1.6506999731063843,1.6871000528335571,16248,0.0,0.0,ARTW,60m
2025-01-28 10:30:00-05:00,1.6799999475479126,1.6799999475479126,1.600000023841858,1.600000023841858,13814,0.0,0.0,ARTW,60m
2025-01-28 11:30:00-05:00,1.6349999904632568,1.6799999475479126,1.6349999904632568,1.674299955368042,16835,0.0,0.0,ARTW,60m
2025-01-28 12:30:00-05:00,1.6649999618530273,1.7899999618530273,1.649999976158142,1.7699999809265137,7838,0.0,0.0,ARTW,60m
2025-01-28 13:30:00-05:00,1.6907000541687012,1.6907000541687012,1.6799999475479126,1.6799999475479126,384,0.0,0.0,ARTW,60m
2025-01-28 14:30:00-05:00,1.7300000190734863,1.7300000190734863,1.7300000190734863,1.7300000190734863,2786,0.0,0.0,ARTW,60m
2025-01-28 15:30:00-05:00,1.7000000476837158,1.7000000476837158,1.7000000476837158,1.7000000476837158,296,0.0,0.0,ARTW,60m
2025-01-29 09:30:00-05:00,1.6799999475479126,1.7100000381469727,1.6399999856948853,1.684999942779541,5097,0.0,0.0,ARTW,60m
2025-01-29 10:30:00-05:00,1.7100000381469727,1.7100000381469727,1.7000000476837158,1.7000000476837158,2744,0.0,0.0,ARTW,60m
2025-01-29 11:30:00-05:00,1.690000057220459,1.690000057220459,1.690000057220459,1.690000057220459,1115,0.0,0.0,ARTW,60m
2025-01-29 12:30:00-05:00,1.6800999641418457,1.7100000381469727,1.6700999736785889,1.7099000215530396,4133,0.0,0.0,ARTW,60m
2025-01-29 13:30:00-05:00,1.7400000095367432,1.7400000095367432,1.6830999851226807,1.6830999851226807,840,0.0,0.0,ARTW,60m
2025-01-29 14:30:00-05:00,1.7062000036239624,1.7062000036239624,1.7062000036239624,1.7062000036239624,377,0.0,0.0,ARTW,60m
2025-01-30 09:30:00-05:00,1.6699999570846558,1.7100000381469727,1.6441999673843384,1.6574000120162964,1200,0.0,0.0,ARTW,60m
2025-01-30 10:30:00-05:00,1.6699999570846558,1.7000000476837158,1.659999966621399,1.6799999475479126,9958,0.0,0.0,ARTW,60m
2025-01-30 11:30:00-05:00,1.6884000301361084,1.7100000381469727,1.6884000301361084,1.7100000381469727,1188,0.0,0.0,ARTW,60m
2025-01-30 12:30:00-05:00,1.7100000381469727,1.7280000448226929,1.7100000381469727,1.7280000448226929,2395,0.0,0.0,ARTW,60m
2025-01-30 13:30:00-05:00,1.7043999433517456,1.7200000286102295,1.7043999433517456,1.7200000286102295,587,0.0,0.0,ARTW,60m
2025-01-30 14:30:00-05:00,1.781599998474121,1.781599998474121,1.781599998474121,1.781599998474121,748,0.0,0.0,ARTW,60m
2025-01-31 09:30:00-05:00,1.7373000383377075,1.7699999809265137,1.7373000383377075,1.7699999809265137,2758,0.0,0.0,ARTW,60m
2025-01-31 10:30:00-05:00,1.7496999502182007,1.749899983406067,1.7300000190734863,1.749899983406067,1238,0.0,0.0,ARTW,60m
2025-01-31 11:30:00-05:00,1.7200000286102295,1.7200000286102295,1.691100001335144,1.691100001335144,2124,0.0,0.0,ARTW,60m
2025-01-31 12:30:00-05:00,1.7000000476837158,1.7000000476837158,1.7000000476837158,1.7000000476837158,1139,0.0,0.0,ARTW,60m
2025-01-31 13:30:00-05:00,1.7192000150680542,1.7192000150680542,1.7192000150680542,1.7192000150680542,1384,0.0,0.0,ARTW,60m
2025-01-31 15:30:00-05:00,1.7100000381469727,1.7100000381469727,1.7100000381469727,1.7100000381469727,255,0.0,0.0,ARTW,60m
2025-02-03 09:30:00-05:00,1.660099983215332,1.7299000024795532,1.649999976158142,1.649999976158142,8051,0.0,0.0,ARTW,60m
2025-02-03 10:30:00-05:00,1.6699999570846558,1.738800048828125,1.600100040435791,1.705399990081787,4701,0.0,0.0,ARTW,60m
2025-02-03 11:30:00-05:00,1.6735999584197998,1.7100000381469727,1.6399999856948853,1.7100000381469727,5161,0.0,0.0,ARTW,60m
2025-02-03 12:30:00-05:00,1.7300000190734863,1.7300000190734863,1.690000057220459,1.7100000381469727,838,0.0,0.0,ARTW,60m
2025-02-03 13:30:00-05:00,1.7200000286102295,1.7300000190734863,1.7200000286102295,1.7300000190734863,886,0.0,0.0,ARTW,60m
2025-02-03 14:30:00-05:00,1.7051000595092773,1.7338999509811401,1.7051000595092773,1.7338999509811401,2157,0.0,0.0,ARTW,60m
2025-02-03 15:30:00-05:00,1.7100000381469727,1.7100000381469727,1.6799999475479126,1.6820000410079956,1081,0.0,0.0,ARTW,60m
2025-02-04 09:30:00-05:00,1.649999976158142,1.7300000190734863,1.649999976158142,1.6799999475479126,6953,0.0,0.0,ARTW,60m
2025-02-04 10:30:00-05:00,1.6699999570846558,1.749899983406067,1.6699999570846558,1.749899983406067,2929,0.0,0.0,ARTW,60m
2025-02-04 11:30:00-05:00,1.6779999732971191,1.728700041770935,1.6779999732971191,1.728700041770935,1843,0.0,0.0,ARTW,60m
2025-02-04 12:30:00-05:00,1.6308000087738037,1.719099998474121,1.6308000087738037,1.690000057220459,2407,0.0,0.0,ARTW,60m
2025-02-04 13:30:00-05:00,1.68149995803833,1.68149995803833,1.6800999641418457,1.6800999641418457,601,0.0,0.0,ARTW,60m
2025-02-04 14:30:00-05:00,1.6950000524520874,1.7000000476837158,1.6950000524520874,1.6995999813079834,3281,0.0,0.0,ARTW,60m
2025-02-04 15:30:00-05:00,1.6950000524520874,1.7050000429153442,1.649999976158142,1.659999966621399,11012,0.0,0.0,ARTW,60m
2025-02-05 09:30:00-05:00,1.690000057220459,1.7000000476837158,1.6401000022888184,1.690000057220459,7689,0.0,0.0,ARTW,60m
2025-02-05 10:30:00-05:00,1.6799999475479126,1.6999000310897827,1.659999966621399,1.6999000310897827,7825,0.0,0.0,ARTW,60m
2025-02-05 11:30:00-05:00,1.6799999475479126,1.6999000310897827,1.6792000532150269,1.680999994277954,1206,0.0,0.0,ARTW,60m
2025-02-05 12:30:00-05:00,1.690000057220459,1.7000000476837158,1.6517000198364258,1.6706000566482544,7355,0.0,0.0,ARTW,60m
2025-02-05 13:30:00-05:00,1.6943999528884888,1.6943999528884888,1.690000057220459,1.690000057220459,892,0.0,0.0,ARTW,60m
2025-02-05 14:30:00-05:00,1.7100000381469727,1.715000033378601,1.7100000381469727,1.7146999835968018,888,0.0,0.0,ARTW,60m
2025-02-05 15:30:00-05:00,1.6986000537872314,1.6986000537872314,1.6500999927520752,1.6950000524520874,7118,0.0,0.0,ARTW,60m
2025-02-06 09:30:00-05:00,1.6899000406265259,1.7174999713897705,1.684999942779541,1.7100000381469727,4612,0.0,0.0,ARTW,60m
2025-02-06 10:30:00-05:00,1.7096999883651733,1.7096999883651733,1.7096999883651733,1.7096999883651733,457,0.0,0.0,ARTW,60m
2025-02-06 11:30:00-05:00,1.7100000381469727,1.719599962234497,1.690000057220459,1.690000057220459,1168,0.0,0.0,ARTW,60m
2025-02-06 12:30:00-05:00,1.7000000476837158,1.7127000093460083,1.690000057220459,1.7050000429153442,1245,0.0,0.0,ARTW,60m
2025-02-06 13:30:00-05:00,1.7100000381469727,1.7100000381469727,1.7100000381469727,1.7100000381469727,698,0.0,0.0,ARTW,60m
2025-02-06 14:30:00-05:00,1.7100000381469727,1.7100000381469727,1.6950000524520874,1.6950000524520874,617,0.0,0.0,ARTW,60m
2025-02-06 15:30:00-05:00,1.7100000381469727,1.715000033378601,1.7100000381469727,1.715000033378601,418,0.0,0.0,ARTW,60m
2025-02-07 09:30:00-05:00,1.6749999523162842,1.7699999809265137,1.6749999523162842,1.7000999450683594,5752,0.0,0.0,ARTW,60m
2025-02-07 10:30:00-05:00,1.7050000429153442,1.7050000429153442,1.6718000173568726,1.6920000314712524,1900,0.0,0.0,ARTW,60m
2025-02-07 11:30:00-05:00,1.6934000253677368,1.7000000476837158,1.6792000532150269,1.7000000476837158,3079,0.0,0.0,ARTW,60m
2025-02-07 12:30:00-05:00,1.690000057220459,1.7000000476837158,1.6799999475479126,1.687000036239624,3689,0.0,0.0,ARTW,60m
2025-02-07 13:30:00-05:00,1.7100000381469727,1.7318999767303467,1.7100000381469727,1.7300000190734863,6819,0.0,0.0,ARTW,60m
2025-02-07 14:30:00-05:00,1.7549999952316284,1.8049999475479126,1.7549999952316284,1.7999999523162842,10125,0.0,0.0,ARTW,60m
2025-02-07 15:30:00-05:00,1.7799999713897705,1.7899999618530273,1.7799999713897705,1.7899999618530273,1835,0.0,0.0,ARTW,60m
2025-02-10 09:30:00-05:00,1.780400037765503,1.899999976158142,1.780400037765503,1.840000033378601,20348,0.0,0.0,ARTW,60m
2025-02-10 10:30:00-05:00,1.850000023841858,1.850000023841858,1.8300000429153442,1.8416999578475952,2262,0.0,0.0,ARTW,60m
2025-02-10 11:30:00-05:00,1.8250000476837158,1.8250000476837158,1.8250000476837158,1.8250000476837158,6527,0.0,0.0,ARTW,60m
2025-02-10 12:30:00-05:00,1.850000023841858,1.8600000143051147,1.850000023841858,1.850000023841858,1992,0.0,0.0,ARTW,60m
2025-02-10 13:30:00-05:00,1.8600000143051147,1.8600000143051147,1.8000999689102173,1.8000999689102173,3767,0.0,0.0,ARTW,60m
2025-02-10 14:30:00-05:00,1.805999994277954,1.8598999977111816,1.805999994277954,1.850000023841858,4924,0.0,0.0,ARTW,60m
2025-02-10 15:30:00-05:00,1.809999942779541,1.8799999952316284,1.809999942779541,1.8700000047683716,6875,0.0,0.0,ARTW,60m
2025-02-11 09:30:00-05:00,1.8899999856948853,1.8899999856948853,1.8000999689102173,1.8250000476837158,5076,0.0,0.0,ARTW,60m
2025-02-11 10:30:00-05:00,1.819100022315979,1.819100022315979,1.8184000253677368,1.8184000253677368,567,0.0,0.0,ARTW,60m
2025-02-11 11:30:00-05:00,1.8107999563217163,1.8170000314712524,1.7899999618530273,1.7899999618530273,3921,0.0,0.0,ARTW,60m
2025-02-11 12:30:00-05:00,1.7905000448226929,1.909999966621399,1.7799999713897705,1.8600000143051147,16843,0.0,0.0,ARTW,60m
2025-02-11 13:30:00-05:00,1.8300000429153442,1.8301000595092773,1.7899999618530273,1.7901999950408936,8260,0.0,0.0,ARTW,60m
2025-02-11 14:30:00-05:00,1.809999942779541,1.8898999691009521,1.8099000453948975,1.8550000190734863,7077,0.0,0.0,ARTW,60m
2025-02-11 15:30:00-05:00,1.8600000143051147,1.8600000143051147,1.8600000143051147,1.8600000143051147,195,0.0,0.0,ARTW,60m
2025-02-12 09:30:00-05:00,1.8614000082015991,1.8631999492645264,1.7888000011444092,1.7949999570846558,11598,0.0,0.0,ARTW,60m
2025-02-12 10:30:00-05:00,1.75,1.8481999635696411,1.7100000381469727,1.8481999635696411,5753,0.0,0.0,ARTW,60m
2025-02-12 11:30:00-05:00,1.7985999584197998,1.7985999584197998,1.75,1.7533999681472778,18793,0.0,0.0,ARTW,60m
2025-02-12 12:30:00-05:00,1.7899999618530273,1.7899999618530273,1.7599999904632568,1.7599999904632568,592,0.0,0.0,ARTW,60m
2025-02-12 13:30:00-05:00,1.7685999870300293,1.809999942779541,1.7548999786376953,1.7898999452590942,4444,0.0,0.0,ARTW,60m
2025-02-12 14:30:00-05:00,1.7699999809265137,1.7899999618530273,1.75,1.7649999856948853,3595,0.0,0.0,ARTW,60m
2025-02-12 15:30:00-05:00,1.7649999856948853,1.7649999856948853,1.75,1.75,851,0.0,0.0,ARTW,60m
2025-02-13 09:30:00-05:00,1.7201999425888062,1.7300000190734863,1.7201000452041626,1.7300000190734863,1589,0.0,0.0,ARTW,60m
2025-02-13 10:30:00-05:00,1.7293000221252441,1.753999948501587,1.7293000221252441,1.753999948501587,3170,0.0,0.0,ARTW,60m
2025-02-13 11:30:00-05:00,1.7450000047683716,1.753999948501587,1.7400000095367432,1.7400000095367432,322,0.0,0.0,ARTW,60m
2025-02-13 12:30:00-05:00,1.749899983406067,1.749899983406067,1.749899983406067,1.749899983406067,287,0.0,0.0,ARTW,60m
2025-02-13 13:30:00-05:00,1.749899983406067,1.75,1.7100000381469727,1.7100000381469727,6450,0.0,0.0,ARTW,60m
2025-02-13 14:30:00-05:00,1.75,1.75,1.75,1.75,516,0.0,0.0,ARTW,60m
2025-02-13 15:30:00-05:00,1.7400000095367432,1.7450000047683716,1.7339999675750732,1.7339999675750732,1013,0.0,0.0,ARTW,60m
2025-02-14 09:30:00-05:00,1.7350000143051147,1.7699999809265137,1.7350000143051147,1.76010000705719,5734,0.0,0.0,ARTW,60m
2025-02-14 10:30:00-05:00,1.7549999952316284,1.7599999904632568,1.75,1.75,10595,0.0,0.0,ARTW,60m
2025-02-14 11:30:00-05:00,1.75,1.7559000253677368,1.7100000381469727,1.725000023841858,9162,0.0,0.0,ARTW,60m
2025-02-14 12:30:00-05:00,1.7107000350952148,1.7107000350952148,1.7107000350952148,1.7107000350952148,516,0.0,0.0,ARTW,60m
2025-02-14 13:30:00-05:00,1.7200000286102295,1.7400000095367432,1.7200000286102295,1.7400000095367432,2059,0.0,0.0,ARTW,60m
2025-02-14 14:30:00-05:00,1.7275999784469604,1.7275999784469604,1.7275999784469604,1.7275999784469604,1085,0.0,0.0,ARTW,60m
2025-02-18 09:30:00-05:00,1.7100000381469727,1.7100000381469727,1.6800999641418457,1.6929999589920044,12928,0.0,0.0,ARTW,60m
2025-02-18 10:30:00-05:00,1.7000000476837158,1.7000000476837158,1.7000000476837158,1.7000000476837158,242,0.0,0.0,ARTW,60m
2025-02-18 11:30:00-05:00,1.6799999475479126,1.6799999475479126,1.6799999475479126,1.6799999475479126,1204,0.0,0.0,ARTW,60m
2025-02-18 12:30:00-05:00,1.6799999475479126,1.6801999807357788,1.6713000535964966,1.6764999628067017,4548,0.0,0.0,ARTW,60m
2025-02-18 13:30:00-05:00,1.659999966621399,1.6704000234603882,1.6500999927520752,1.6649999618530273,10276,0.0,0.0,ARTW,60m
2025-02-18 14:30:00-05:00,1.6799999475479126,1.7000000476837158,1.659999966621399,1.659999966621399,9088,0.0,0.0,ARTW,60m
2025-02-19 09:30:00-05:00,1.7000000476837158,1.7000000476837158,1.6500999927520752,1.6500999927520752,13237,0.0,0.0,ARTW,60m
2025-02-19 10:30:00-05:00,1.68340003490448,1.68340003490448,1.6299999952316284,1.6401000022888184,6829,0.0,0.0,ARTW,60m
2025-02-19 11:30:00-05:00,1.6614999771118164,1.690000057220459,1.6614999771118164,1.690000057220459,380,0.0,0.0,ARTW,60m
2025-02-19 12:30:00-05:00,1.7000000476837158,1.7000000476837158,1.680400013923645,1.690000057220459,1576,0.0,0.0,ARTW,60m
2025-02-19 14:30:00-05:00,1.6699999570846558,1.7200000286102295,1.6699999570846558,1.7200000286102295,10570,0.0,0.0,ARTW,60m
2025-02-19 15:30:00-05:00,1.7273999452590942,1.7400000095367432,1.7273999452590942,1.7359999418258667,893,0.0,0.0,ARTW,60m
2025-02-20 09:30:00-05:00,1.7699999809265137,1.7699999809265137,1.6239999532699585,1.6239999532699585,20873,0.0,0.0,ARTW,60m
2025-02-20 10:30:00-05:00,1.684999942779541,1.7100000381469727,1.684999942779541,1.7050000429153442,1657,0.0,0.0,ARTW,60m
2025-02-20 11:30:00-05:00,1.7000000476837158,1.7242000102996826,1.7000000476837158,1.7242000102996826,1331,0.0,0.0,ARTW,60m
2025-02-20 12:30:00-05:00,1.725000023841858,1.725000023841858,1.725000023841858,1.725000023841858,1242,0.0,0.0,ARTW,60m
2025-02-20 13:30:00-05:00,1.75,1.75,1.75,1.75,592,0.0,0.0,ARTW,60m
2025-02-20 15:30:00-05:00,1.7200000286102295,1.75,1.7200000286102295,1.7400000095367432,1021,0.0,0.0,ARTW,60m
2025-02-21 09:30:00-05:00,1.7419999837875366,1.75,1.7101000547409058,1.7101000547409058,3218,0.0,0.0,ARTW,60m
2025-02-21 11:30:00-05:00,1.715000033378601,1.715000033378601,1.715000033378601,1.715000033378601,483,0.0,0.0,ARTW,60m
2025-02-21 12:30:00-05:00,1.6878000497817993,1.7000000476837158,1.6878000497817993,1.7000000476837158,691,0.0,0.0,ARTW,60m
2025-02-21 13:30:00-05:00,1.6927000284194946,1.6927000284194946,1.6878999471664429,1.6885000467300415,3584,0.0,0.0,ARTW,60m
2025-02-21 14:30:00-05:00,1.6799999475479126,1.690000057220459,1.6299999952316284,1.6649999618530273,12226,0.0,0.0,ARTW,60m
2025-02-21 15:30:00-05:00,1.659999966621399,1.659999966621399,1.6440000534057617,1.6440000534057617,682,0.0,0.0,ARTW,60m
2025-02-24 09:30:00-05:00,1.7200000286102295,1.732100009918213,1.659999966621399,1.7100000381469727,17402,0.0,0.0,ARTW,60m
2025-02-24 10:30:00-05:00,1.6699999570846558,1.674299955368042,1.649999976158142,1.674299955368042,3815,0.0,0.0,ARTW,60m
2025-02-24 11:30:00-05:00,1.649999976158142,1.6799999475479126,1.649999976158142,1.6699999570846558,4811,0.0,0.0,ARTW,60m
2025-02-24 12:30:00-05:00,1.6699999570846558,1.6699999570846558,1.6699999570846558,1.6699999570846558,706,0.0,0.0,ARTW,60m
2025-02-24 13:30:00-05:00,1.669700026512146,1.669700026512146,1.669700026512146,1.669700026512146,1027,0.0,0.0,ARTW,60m
2025-02-24 14:30:00-05:00,1.649999976158142,1.7300000190734863,1.649999976158142,1.680400013923645,27034,0.0,0.0,ARTW,60m
2025-02-24 15:30:00-05:00,1.718999981880188,1.718999981880188,1.718999981880188,1.718999981880188,380,0.0,0.0,ARTW,60m
2025-02-25 09:30:00-05:00,1.6699999570846558,1.684999942779541,1.6399999856948853,1.660099983215332,24268,0.0,0.0,ARTW,60m
2025-02-25 10:30:00-05:00,1.6723999977111816,1.6723999977111816,1.6723999977111816,1.6723999977111816,0,0.0,0.0,ARTW,60m
2025-02-25 11:30:00-05:00,1.660099983215332,1.6799999475479126,1.659999966621399,1.659999966621399,3812,0.0,0.0,ARTW,60m
2025-02-25 13:30:00-05:00,1.6749999523162842,1.6749999523162842,1.6699999570846558,1.6699999570846558,460,0.0,0.0,ARTW,60m
2025-02-25 14:30:00-05:00,1.6799999475479126,1.690000057220459,1.660099983215332,1.690000057220459,1300,0.0,0.0,ARTW,60m
2025-02-25 15:30:00-05:00,1.690000057220459,1.7100000381469727,1.690000057220459,1.7000000476837158,1771,0.0,0.0,ARTW,60m
2025-02-26 09:30:00-05:00,1.690000057220459,1.7400000095367432,1.690000057220459,1.7000000476837158,2932,0.0,0.0,ARTW,60m
2025-02-26 10:30:00-05:00,1.690000057220459,1.7000000476837158,1.680999994277954,1.7000000476837158,290,0.0,0.0,ARTW,60m
2025-02-26 12:30:00-05:00,1.7000000476837158,1.7000000476837158,1.7000000476837158,1.7000000476837158,400,0.0,0.0,ARTW,60m
2025-02-26 13:30:00-05:00,1.6799999475479126,1.7000000476837158,1.6799999475479126,1.6799999475479126,8428,0.0,0.0,ARTW,60m
2025-02-26 15:30:00-05:00,1.684999942779541,1.690000057220459,1.684999942779541,1.690000057220459,538,0.0,0.0,ARTW,60m
2025-02-27 09:30:00-05:00,1.6799999475479126,1.690000057220459,1.600000023841858,1.621999979019165,33928,0.0,0.0,ARTW,60m
2025-02-27 10:30:00-05:00,1.6790000200271606,1.6790000200271606,1.6790000200271606,1.6790000200271606,1063,0.0,0.0,ARTW,60m
2025-02-27 11:30:00-05:00,1.639799952507019,1.6399999856948853,1.6390000581741333,1.6399999856948853,1334,0.0,0.0,ARTW,60m
2025-02-27 12:30:00-05:00,1.6299999952316284,1.679900050163269,1.6299999952316284,1.679900050163269,1022,0.0,0.0,ARTW,60m
2025-02-27 13:30:00-05:00,1.6440999507904053,1.6440999507904053,1.6440999507904053,1.6440999507904053,301,0.0,0.0,ARTW,60m
2025-02-27 14:30:00-05:00,1.6549999713897705,1.6549999713897705,1.6549999713897705,1.6549999713897705,613,0.0,0.0,ARTW,60m
2025-02-27 15:30:00-05:00,1.6549999713897705,1.6549999713897705,1.6399999856948853,1.6399999856948853,1663,0.0,0.0,ARTW,60m
2025-02-28 09:30:00-05:00,1.6230000257492065,1.6230000257492065,1.6200000047683716,1.6200000047683716,6340,0.0,0.0,ARTW,60m
2025-02-28 13:30:00-05:00,1.6399999856948853,1.6399999856948853,1.6302000284194946,1.6302000284194946,634,0.0,0.0,ARTW,60m
2025-02-28 14:30:00-05:00,1.6399999856948853,1.6399999856948853,1.6399999856948853,1.6399999856948853,584,0.0,0.0,ARTW,60m
2025-03-03 09:30:00-05:00,1.6419999599456787,1.659000039100647,1.6100000143051147,1.6101000308990479,12950,0.0,0.0,ARTW,60m
2025-03-03 10:30:00-05:00,1.6050000190734863,1.6100000143051147,1.6050000190734863,1.6100000143051147,11465,0.0,0.0,ARTW,60m
2025-03-03 11:30:00-05:00,1.6200000047683716,1.6200000047683716,1.6200000047683716,1.6200000047683716,776,0.0,0.0,ARTW,60m
2025-03-03 13:30:00-05:00,1.6208000183105469,1.6299999952316284,1.6208000183105469,1.6299999952316284,743,0.0,0.0,ARTW,60m
2025-03-03 14:30:00-05:00,1.6200000047683716,1.6200000047683716,1.600000023841858,1.600000023841858,7320,0.0,0.0,ARTW,60m
2025-03-03 15:30:00-05:00,1.5800000429153442,1.590000033378601,1.5700000524520874,1.590000033378601,6250,0.0,0.0,ARTW,60m
2025-03-04 09:30:00-05:00,1.600000023841858,1.600000023841858,1.5700000524520874,1.573199987411499,3760,0.0,0.0,ARTW,60m
2025-03-04 10:30:00-05:00,1.5700000524520874,1.5700000524520874,1.5499999523162842,1.559999942779541,8167,0.0,0.0,ARTW,60m
2025-03-04 11:30:00-05:00,1.5549999475479126,1.559999942779541,1.5549999475479126,1.5599000453948975,1128,0.0,0.0,ARTW,60m
2025-03-04 13:30:00-05:00,1.5694999694824219,1.5694999694824219,1.5694999694824219,1.5694999694824219,598,0.0,0.0,ARTW,60m
2025-03-05 11:30:00-05:00,1.600000023841858,1.6008000373840332,1.600000023841858,1.6008000373840332,1568,0.0,0.0,ARTW,60m
2025-03-05 13:30:00-05:00,1.6100000143051147,1.6100000143051147,1.590000033378601,1.6100000143051147,715,0.0,0.0,ARTW,60m
2025-03-05 14:30:00-05:00,1.600000023841858,1.6200000047683716,1.600000023841858,1.6200000047683716,1442,0.0,0.0,ARTW,60m
2025-03-05 15:30:00-05:00,1.6200000047683716,1.6200000047683716,1.6200000047683716,1.6200000047683716,583,0.0,0.0,ARTW,60m
2025-03-06 09:30:00-05:00,1.6399999856948853,1.6399999856948853,1.600000023841858,1.600000023841858,2312,0.0,0.0,ARTW,60m
2025-03-06 10:30:00-05:00,1.6299999952316284,1.6306999921798706,1.6100000143051147,1.6306999921798706,2674,0.0,0.0,ARTW,60m
2025-03-06 14:30:00-05:00,1.6699999570846558,1.6699999570846558,1.6699999570846558,1.6699999570846558,259,0.0,0.0,ARTW,60m
2025-03-06 15:30:00-05:00,1.6399999856948853,1.6399999856948853,1.6399999856948853,1.6399999856948853,374,0.0,0.0,ARTW,60m
2025-03-07 09:30:00-05:00,1.649999976158142,1.649999976158142,1.649999976158142,1.649999976158142,557,0.0,0.0,ARTW,60m
2025-03-07 12:30:00-05:00,1.649899959564209,1.649899959564209,1.6105999946594238,1.6105999946594238,2071,0.0,0.0,ARTW,60m
2025-03-07 13:30:00-05:00,1.6461000442504883,1.6461000442504883,1.6461000442504883,1.6461000442504883,1992,0.0,0.0,ARTW,60m
2025-03-07 14:30:00-05:00,1.6399999856948853,1.6399999856948853,1.6399999856948853,1.6399999856948853,0,0.0,0.0,ARTW,60m
2025-03-07 15:30:00-05:00,1.6231000423431396,1.6231000423431396,1.6231000423431396,1.6231000423431396,516,0.0,0.0,ARTW,60m
2025-03-10 09:30:00-04:00,1.690000057220459,1.690000057220459,1.6201000213623047,1.6201000213623047,3009,0.0,0.0,ARTW,60m
2025-03-10 10:30:00-04:00,1.625100016593933,1.625100016593933,1.625100016593933,1.625100016593933,663,0.0,0.0,ARTW,60m
2025-03-10 15:30:00-04:00,1.6799999475479126,1.6799999475479126,1.6799999475479126,1.6799999475479126,252,0.0,0.0,ARTW,60m
2025-03-11 10:30:00-04:00,1.6309000253677368,1.6497999429702759,1.6309000253677368,1.6497999429702759,2185,0.0,0.0,ARTW,60m
2025-03-11 11:30:00-04:00,1.6541999578475952,1.6541999578475952,1.6541999578475952,1.6541999578475952,531,0.0,0.0,ARTW,60m
2025-03-11 15:30:00-04:00,1.659999966621399,1.659999966621399,1.6598000526428223,1.6598000526428223,744,0.0,0.0,ARTW,60m
2025-03-12 09:30:00-04:00,1.6426000595092773,1.6426000595092773,1.6426000595092773,1.6426000595092773,0,0.0,0.0,ARTW,60m
2025-03-12 11:30:00-04:00,1.6057000160217285,1.6200000047683716,1.6057000160217285,1.6200000047683716,832,0.0,0.0,ARTW,60m
2025-03-12 15:30:00-04:00,1.6232999563217163,1.659999966621399,1.6139999628067017,1.6139999628067017,1809,0.0,0.0,ARTW,60m
2025-03-13 09:30:00-04:00,1.6864999532699585,1.6864999532699585,1.6349999904632568,1.6349999904632568,3119,0.0,0.0,ARTW,60m
2025-03-13 11:30:00-04:00,1.652500033378601,1.652500033378601,1.649999976158142,1.649999976158142,2103,0.0,0.0,ARTW,60m
2025-03-13 15:30:00-04:00,1.659999966621399,1.659999966621399,1.659000039100647,1.659000039100647,579,0.0,0.0,ARTW,60m
2025-03-14 09:30:00-04:00,1.600100040435791,1.600100040435791,1.600100040435791,1.600100040435791,5080,0.0,0.0,ARTW,60m
2025-03-14 10:30:00-04:00,1.611299991607666,1.6399999856948853,1.611299991607666,1.6399999856948853,445,0.0,0.0,ARTW,60m
2025-03-14 11:30:00-04:00,1.6299999952316284,1.6299999952316284,1.6299999952316284,1.6299999952316284,422,0.0,0.0,ARTW,60m
2025-03-14 14:30:00-04:00,1.6404000520706177,1.649999976158142,1.6399999856948853,1.6401000022888184,3922,0.0,0.0,ARTW,60m
2025-03-17 09:30:00-04:00,1.6299999952316284,1.6299999952316284,1.6299999952316284,1.6299999952316284,1863,0.0,0.0,ARTW,60m
2025-03-17 11:30:00-04:00,1.6370999813079834,1.6370999813079834,1.6370999813079834,1.6370999813079834,1018,0.0,0.0,ARTW,60m
2025-03-17 12:30:00-04:00,1.6649999618530273,1.6649999618530273,1.6642999649047852,1.6642999649047852,1407,0.0,0.0,ARTW,60m
2025-03-17 14:30:00-04:00,1.6649999618530273,1.6649999618530273,1.6649999618530273,1.6649999618530273,1092,0.0,0.0,ARTW,60m
2025-03-18 09:30:00-04:00,1.6512000560760498,1.6512000560760498,1.6512000560760498,1.6512000560760498,1678,0.0,0.0,ARTW,60m
2025-03-18 12:30:00-04:00,1.649999976158142,1.649999976158142,1.649999976158142,1.649999976158142,219,0.0,0.0,ARTW,60m
2025-03-18 13:30:00-04:00,1.649999976158142,1.6799999475479126,1.6349999904632568,1.6799999475479126,1297,0.0,0.0,ARTW,60m
2025-03-18 14:30:00-04:00,1.6799999475479126,1.6799999475479126,1.6699999570846558,1.6699999570846558,1300,0.0,0.0,ARTW,60m
2025-03-18 15:30:00-04:00,1.6699999570846558,1.6699999570846558,1.6399999856948853,1.6399999856948853,1595,0.0,0.0,ARTW,60m
2025-03-19 09:30:00-04:00,1.6410000324249268,1.6410000324249268,1.6410000324249268,1.6410000324249268,486,0.0,0.0,ARTW,60m
2025-03-19 10:30:00-04:00,1.649899959564209,1.649899959564209,1.649899959564209,1.649899959564209,250,0.0,0.0,ARTW,60m
2025-03-19 14:30:00-04:00,1.6485999822616577,1.6485999822616577,1.6485999822616577,1.6485999822616577,105,0.0,0.0,ARTW,60m
2025-03-19 15:30:00-04:00,1.6799999475479126,1.6799999475479126,1.6399999856948853,1.6399999856948853,2185,0.0,0.0,ARTW,60m
2025-03-20 09:30:00-04:00,1.6894999742507935,1.6894999742507935,1.6894999742507935,1.6894999742507935,386,0.0,0.0,ARTW,60m
2025-03-20 10:30:00-04:00,1.649999976158142,1.649999976158142,1.649999976158142,1.649999976158142,340,0.0,0.0,ARTW,60m
2025-03-20 13:30:00-04:00,1.6449999809265137,1.6449999809265137,1.6449999809265137,1.6449999809265137,257,0.0,0.0,ARTW,60m
2025-03-20 14:30:00-04:00,1.649999976158142,1.6799999475479126,1.649999976158142,1.6799999475479126,1012,0.0,0.0,ARTW,60m
2025-03-20 15:30:00-04:00,1.6799999475479126,1.6859999895095825,1.6649999618530273,1.6859999895095825,2454,0.0,0.0,ARTW,60m
2025-03-21 11:30:00-04:00,1.6649999618530273,1.6649999618530273,1.6200000047683716,1.6200000047683716,2433,0.0,0.0,ARTW,60m
2025-03-21 12:30:00-04:00,1.649999976158142,1.6799999475479126,1.6200000047683716,1.6799999475479126,600,0.0,0.0,ARTW,60m
2025-03-21 13:30:00-04:00,1.6799999475479126,1.6799999475479126,1.659999966621399,1.6699999570846558,847,0.0,0.0,ARTW,60m
2025-03-21 14:30:00-04:00,1.6799999475479126,1.6799999475479126,1.6799999475479126,1.6799999475479126,611,0.0,0.0,ARTW,60m
2025-03-21 15:30:00-04:00,1.690000057220459,1.7000000476837158,1.649999976158142,1.7000000476837158,6470,0.0,0.0,ARTW,60m
2025-03-24 09:30:00-04:00,1.7100000381469727,1.7200000286102295,1.6749999523162842,1.7100000381469727,0,0.0,0.0,ARTW,60m
2025-03-24 10:30:00-04:00,1.7100000381469727,1.7173000574111938,1.6399999856948853,1.6399999856948853,13714,0.0,0.0,ARTW,60m
2025-03-24 11:30:00-04:00,1.6823999881744385,1.6823999881744385,1.6532000303268433,1.6532000303268433,4377,0.0,0.0,ARTW,60m
2025-03-24 12:30:00-04:00,1.6535999774932861,1.6799999475479126,1.649999976158142,1.6500999927520752,6459,0.0,0.0,ARTW,60m
2025-03-24 13:30:00-04:00,1.6505999565124512,1.6505999565124512,1.6505999565124512,1.6505999565124512,1677,0.0,0.0,ARTW,60m
2025-03-24 14:30:00-04:00,1.6799999475479126,1.6799999475479126,1.6500999927520752,1.6500999927520752,7028,0.0,0.0,ARTW,60m
2025-03-24 15:30:00-04:00,1.7000000476837158,1.7100000381469727,1.7000000476837158,1.7100000381469727,1914,0.0,0.0,ARTW,60m
2025-03-25 09:30:00-04:00,1.684999942779541,1.7200000286102295,1.684999942779541,1.6868000030517578,6515,0.0,0.0,ARTW,60m
2025-03-25 13:30:00-04:00,1.690000057220459,1.690000057220459,1.690000057220459,1.690000057220459,200,0.0,0.0,ARTW,60m
2025-03-25 14:30:00-04:00,1.690000057220459,1.7000000476837158,1.6699999570846558,1.7000000476837158,3724,0.0,0.0,ARTW,60m
2025-03-25 15:30:00-04:00,1.6500999927520752,1.7200000286102295,1.6500999927520752,1.7200000286102295,5530,0.0,0.0,ARTW,60m
2025-03-26 09:30:00-04:00,1.676200032234192,1.6950000524520874,1.6735999584197998,1.6950000524520874,3758,0.0,0.0,ARTW,60m
2025-03-26 10:30:00-04:00,1.6699999570846558,1.6699999570846558,1.6100000143051147,1.6368000507354736,3869,0.0,0.0,ARTW,60m
2025-03-26 11:30:00-04:00,1.600000023841858,1.6100000143051147,1.5699000358581543,1.590000033378601,25375,0.0,0.0,ARTW,60m
2025-03-26 13:30:00-04:00,1.652500033378601,1.652500033378601,1.652500033378601,1.652500033378601,540,0.0,0.0,ARTW,60m
2025-03-26 14:30:00-04:00,1.690000057220459,1.690000057220459,1.649999976158142,1.649999976158142,2161,0.0,0.0,ARTW,60m
2025-03-26 15:30:00-04:00,1.649999976158142,1.6799999475479126,1.6299999952316284,1.6299999952316284,1274,0.0,0.0,ARTW,60m
2025-03-27 09:30:00-04:00,1.649999976158142,1.659999966621399,1.649999976158142,1.659999966621399,744,0.0,0.0,ARTW,60m
2025-03-27 10:30:00-04:00,1.6456999778747559,1.649999976158142,1.6100000143051147,1.6260000467300415,7419,0.0,0.0,ARTW,60m
2025-03-27 12:30:00-04:00,1.6100000143051147,1.6100000143051147,1.6100000143051147,1.6100000143051147,649,0.0,0.0,ARTW,60m
2025-03-27 13:30:00-04:00,1.6447999477386475,1.6447999477386475,1.6447999477386475,1.6447999477386475,1000,0.0,0.0,ARTW,60m
2025-03-27 14:30:00-04:00,1.659999966621399,1.659999966621399,1.659999966621399,1.659999966621399,719,0.0,0.0,ARTW,60m
2025-03-27 15:30:00-04:00,1.659999966621399,1.659999966621399,1.649999976158142,1.649999976158142,2253,0.0,0.0,ARTW,60m
2025-03-28 09:30:00-04:00,1.659999966621399,1.659999966621399,1.659999966621399,1.659999966621399,502,0.0,0.0,ARTW,60m
2025-03-28 10:30:00-04:00,1.659999966621399,1.659999966621399,1.649999976158142,1.649999976158142,779,0.0,0.0,ARTW,60m
2025-03-28 11:30:00-04:00,1.6299999952316284,1.6299999952316284,1.5800000429153442,1.6299999952316284,3548,0.0,0.0,ARTW,60m
2025-03-28 12:30:00-04:00,1.6299999952316284,1.6299999952316284,1.6299999952316284,1.6299999952316284,606,0.0,0.0,ARTW,60m
2025-03-28 13:30:00-04:00,1.6299999952316284,1.6299999952316284,1.6299999952316284,1.6299999952316284,834,0.0,0.0,ARTW,60m
2025-03-28 14:30:00-04:00,1.6003999710083008,1.6299999952316284,1.6003999710083008,1.6299999952316284,1626,0.0,0.0,ARTW,60m
2025-03-28 15:30:00-04:00,1.6299999952316284,1.6299999952316284,1.6100000143051147,1.6100000143051147,1365,0.0,0.0,ARTW,60m
2025-03-31 09:30:00-04:00,1.600000023841858,1.600000023841858,1.5499999523162842,1.5499999523162842,9871,0.0,0.0,ARTW,60m
2025-03-31 10:30:00-04:00,1.5592999458312988,1.5592999458312988,1.5592999458312988,1.5592999458312988,473,0.0,0.0,ARTW,60m
2025-03-31 13:30:00-04:00,1.5800000429153442,1.5800000429153442,1.5800000429153442,1.5800000429153442,101,0.0,0.0,ARTW,60m
2025-03-31 14:30:00-04:00,1.5800000429153442,1.5800000429153442,1.5499999523162842,1.559999942779541,1347,0.0,0.0,ARTW,60m
2025-03-31 15:30:00-04:00,1.590000033378601,1.590000033378601,1.5499999523162842,1.5800000429153442,660,0.0,0.0,ARTW,60m
2025-04-01 09:30:00-04:00,1.5700000524520874,1.590000033378601,1.5500999689102173,1.5500999689102173,2346,0.0,0.0,ARTW,60m
2025-04-01 10:30:00-04:00,1.559999942779541,1.559999942779541,1.559999942779541,1.559999942779541,396,0.0,0.0,ARTW,60m
2025-04-01 11:30:00-04:00,1.6267999410629272,1.6267999410629272,1.6267999410629272,1.6267999410629272,306,0.0,0.0,ARTW,60m
2025-04-01 12:30:00-04:00,1.559999942779541,1.6399999856948853,1.5499999523162842,1.6399999856948853,14338,0.0,0.0,ARTW,60m
2025-04-01 13:30:00-04:00,1.559999942779541,1.6100000143051147,1.51010000705719,1.5499999523162842,1208,0.0,0.0,ARTW,60m
2025-04-01 14:30:00-04:00,1.5734000205993652,1.6186000108718872,1.51010000705719,1.6186000108718872,4777,0.0,0.0,ARTW,60m
2025-04-02 09:30:00-04:00,1.5449999570846558,1.5449999570846558,1.5449999570846558,1.5449999570846558,1131,0.0,0.0,ARTW,60m
2025-04-02 10:30:00-04:00,1.5499999523162842,1.5499999523162842,1.5499999523162842,1.5499999523162842,347,0.0,0.0,ARTW,60m
2025-04-02 11:30:00-04:00,1.547700047492981,1.547700047492981,1.5199999809265137,1.5199999809265137,665,0.0,0.0,ARTW,60m
2025-04-02 13:30:00-04:00,1.5499999523162842,1.5499999523162842,1.5499999523162842,1.5499999523162842,553,0.0,0.0,ARTW,60m
2025-04-02 14:30:00-04:00,1.5700000524520874,1.5950000286102295,1.5418000221252441,1.5950000286102295,1572,0.0,0.0,ARTW,60m
2025-04-02 15:30:00-04:00,1.600000023841858,1.600000023841858,1.600000023841858,1.600000023841858,553,0.0,0.0,ARTW,60m
2025-04-03 09:30:00-04:00,1.5399999618530273,1.5700000524520874,1.5,1.5700000524520874,13594,0.0,0.0,ARTW,60m
2025-04-03 10:30:00-04:00,1.5800000429153442,1.5800000429153442,1.5099999904632568,1.5499999523162842,1843,0.0,0.0,ARTW,60m
2025-04-03 11:30:00-04:00,1.5700000524520874,1.590000033378601,1.5700000524520874,1.590000033378601,3029,0.0,0.0,ARTW,60m
2025-04-03 12:30:00-04:00,1.600000023841858,1.600000023841858,1.5609999895095825,1.590000033378601,623,0.0,0.0,ARTW,60m
2025-04-03 13:30:00-04:00,1.600000023841858,1.600000023841858,1.5499999523162842,1.5681999921798706,6507,0.0,0.0,ARTW,60m
2025-04-03 14:30:00-04:00,1.5253000259399414,1.5800000429153442,1.5253000259399414,1.5549999475479126,714,0.0,0.0,ARTW,60m
2025-04-03 15:30:00-04:00,1.5549999475479126,1.565000057220459,1.5399999618530273,1.5399999618530273,585,0.0,0.0,ARTW,60m
2025-04-04 09:30:00-04:00,1.5,1.513800024986267,1.5,1.5099999904632568,3056,0.0,0.0,ARTW,60m
2025-04-04 10:30:00-04:00,1.5,1.5,1.4299999475479126,1.4900000095367432,11912,0.0,0.0,ARTW,60m
2025-04-04 11:30:00-04:00,1.4600000381469727,1.5339000225067139,1.4600000381469727,1.5339000225067139,12179,0.0,0.0,ARTW,60m
2025-04-04 12:30:00-04:00,1.535599946975708,1.5700000524520874,1.4989999532699585,1.5343999862670898,24230,0.0,0.0,ARTW,60m
2025-04-04 13:30:00-04:00,1.5700000524520874,1.5700000524520874,1.5700000524520874,1.5700000524520874,101,0.0,0.0,ARTW,60m
2025-04-04 14:30:00-04:00,1.48580002784729,1.5499999523162842,1.48580002784729,1.5499999523162842,371,0.0,0.0,ARTW,60m
2025-04-04 15:30:00-04:00,1.5099999904632568,1.590000033378601,1.5099999904632568,1.590000033378601,2315,0.0,0.0,ARTW,60m
2025-04-07 09:30:00-04:00,1.5,1.5,1.440000057220459,1.4600000381469727,0,0.0,0.0,ARTW,60m
2025-04-07 10:30:00-04:00,1.4852999448776245,1.5399999618530273,1.4600000381469727,1.4953999519348145,12566,0.0,0.0,ARTW,60m
2025-04-07 11:30:00-04:00,1.4953999519348145,1.5192999839782715,1.440000057220459,1.5145000219345093,25186,0.0,0.0,ARTW,60m
2025-04-07 12:30:00-04:00,1.5099999904632568,1.5099999904632568,1.5099999904632568,1.5099999904632568,200,0.0,0.0,ARTW,60m
2025-04-07 13:30:00-04:00,1.4800000190734863,1.4800000190734863,1.4500000476837158,1.4800000190734863,3016,0.0,0.0,ARTW,60m
2025-04-07 14:30:00-04:00,1.5,1.5199999809265137,1.4900000095367432,1.5199999809265137,801,0.0,0.0,ARTW,60m
2025-04-07 15:30:00-04:00,1.5299999713897705,1.5398999452590942,1.4900000095367432,1.5398999452590942,1830,0.0,0.0,ARTW,60m
2025-04-08 09:30:00-04:00,1.4299999475479126,1.5261000394821167,1.4299999475479126,1.5199999809265137,1639,0.0,0.0,ARTW,60m
2025-04-08 10:30:00-04:00,1.5299999713897705,1.5299999713897705,1.4759999513626099,1.500100016593933,4548,0.0,0.0,ARTW,60m
2025-04-08 11:30:00-04:00,1.5,1.5299999713897705,1.5,1.5,826,0.0,0.0,ARTW,60m
2025-04-08 12:30:00-04:00,1.4972000122070312,1.5,1.4700000286102295,1.4700000286102295,1253,0.0,0.0,ARTW,60m
2025-04-08 13:30:00-04:00,1.4900000095367432,1.4900000095367432,1.4900000095367432,1.4900000095367432,177,0.0,0.0,ARTW,60m
2025-04-08 14:30:00-04:00,1.48580002784729,1.48580002784729,1.48580002784729,1.48580002784729,4454,0.0,0.0,ARTW,60m
2025-04-08 15:30:00-04:00,1.4850000143051147,1.5099999904632568,1.4600000381469727,1.4600000381469727,6845,0.0,0.0,ARTW,60m
2025-04-09 09:30:00-04:00,1.440000057220459,1.5099999904632568,1.4299999475479126,1.5099999904632568,1963,0.0,0.0,ARTW,60m
2025-04-09 10:30:00-04:00,1.5098999738693237,1.5098999738693237,1.4356000423431396,1.4900000095367432,14150,0.0,0.0,ARTW,60m
2025-04-09 11:30:00-04:00,1.4900000095367432,1.600000023841858,1.4500000476837158,1.559999942779541,66717,0.0,0.0,ARTW,60m
2025-04-09 12:30:00-04:00,1.5565999746322632,1.5565999746322632,1.528499960899353,1.528499960899353,5041,0.0,0.0,ARTW,60m
2025-04-09 13:30:00-04:00,1.5291999578475952,1.5291999578475952,1.5199999809265137,1.5199999809265137,619,0.0,0.0,ARTW,60m
2025-04-09 14:30:00-04:00,1.5099999904632568,1.5099999904632568,1.4900000095367432,1.4900000095367432,1528,0.0,0.0,ARTW,60m
2025-04-09 15:30:00-04:00,1.5049999952316284,1.5299999713897705,1.4900000095367432,1.5099999904632568,2850,0.0,0.0,ARTW,60m
2025-04-10 09:30:00-04:00,1.5099999904632568,1.5099999904632568,1.4811999797821045,1.4900000095367432,1661,0.0,0.0,ARTW,60m
2025-04-10 10:30:00-04:00,1.5099999904632568,1.5099999904632568,1.4850000143051147,1.489799976348877,2673,0.0,0.0,ARTW,60m
2025-04-10 11:30:00-04:00,1.4900000095367432,1.4901000261306763,1.4700000286102295,1.4700000286102295,1888,0.0,0.0,ARTW,60m
2025-04-10 15:30:00-04:00,1.5,1.5,1.4850000143051147,1.4850000143051147,7510,0.0,0.0,ARTW,60m
2025-04-11 09:30:00-04:00,1.4900000095367432,1.4900000095367432,1.4800000190734863,1.48989999294281,14170,0.0,0.0,ARTW,60m
2025-04-11 10:30:00-04:00,1.4972000122070312,1.5187000036239624,1.4972000122070312,1.500100016593933,1028,0.0,0.0,ARTW,60m
2025-04-11 12:30:00-04:00,1.5299999713897705,1.5299999713897705,1.5199999809265137,1.5199999809265137,4004,0.0,0.0,ARTW,60m
2025-04-11 13:30:00-04:00,1.559999942779541,1.559999942779541,1.559999942779541,1.559999942779541,316,0.0,0.0,ARTW,60m
2025-04-11 15:30:00-04:00,1.5549999475479126,1.5549999475479126,1.5399999618530273,1.5399999618530273,758,0.0,0.0,ARTW,60m
2025-04-14 09:30:00-04:00,1.5,1.5299999713897705,1.5,1.5206999778747559,3790,0.0,0.0,ARTW,60m
2025-04-14 13:30:00-04:00,1.5364999771118164,1.5399999618530273,1.5364999771118164,1.5377000570297241,3846,0.0,0.0,ARTW,60m
2025-04-14 14:30:00-04:00,1.5329999923706055,1.6150000095367432,1.5329999923706055,1.5641000270843506,15608,0.0,0.0,ARTW,60m
2025-04-14 15:30:00-04:00,1.5715999603271484,1.5950000286102295,1.5580999851226807,1.559999942779541,812,0.0,0.0,ARTW,60m
2025-04-15 09:30:00-04:00,1.590000033378601,1.590000033378601,1.590000033378601,1.590000033378601,238,0.0,0.0,ARTW,60m
2025-04-15 10:30:00-04:00,1.590000033378601,1.6699999570846558,1.590000033378601,1.6649999618530273,14592,0.0,0.0,ARTW,60m
2025-04-15 13:30:00-04:00,1.6031999588012695,1.6699999570846558,1.6031999588012695,1.649899959564209,3796,0.0,0.0,ARTW,60m
2025-04-15 14:30:00-04:00,1.6549999713897705,1.6799999475479126,1.590000033378601,1.6175999641418457,9130,0.0,0.0,ARTW,60m
2025-04-15 15:30:00-04:00,1.6267000436782837,1.6399999856948853,1.6267000436782837,1.6399999856948853,260,0.0,0.0,ARTW,60m
2025-04-16 09:30:00-04:00,1.570099949836731,1.6299999952316284,1.570099949836731,1.590000033378601,3217,0.0,0.0,ARTW,60m
2025-04-16 11:30:00-04:00,1.649999976158142,1.6598999500274658,1.6399999856948853,1.6399999856948853,1403,0.0,0.0,ARTW,60m
2025-04-16 12:30:00-04:00,1.6449999809265137,1.6449999809265137,1.6449999809265137,1.6449999809265137,101,0.0,0.0,ARTW,60m
2025-04-16 13:30:00-04:00,1.6404000520706177,1.6404000520706177,1.600000023841858,1.607300043106079,4464,0.0,0.0,ARTW,60m
2025-04-16 14:30:00-04:00,1.6004999876022339,1.649999976158142,1.600000023841858,1.6050000190734863,4822,0.0,0.0,ARTW,60m
2025-04-17 09:30:00-04:00,1.590399980545044,1.5915000438690186,1.562600016593933,1.562600016593933,4319,0.0,0.0,ARTW,60m
2025-04-17 11:30:00-04:00,1.600000023841858,1.6122000217437744,1.600000023841858,1.6122000217437744,2819,0.0,0.0,ARTW,60m
2025-04-17 12:30:00-04:00,1.6299999952316284,1.6299999952316284,1.6100000143051147,1.6100000143051147,315,0.0,0.0,ARTW,60m
2025-04-17 14:30:00-04:00,1.6100000143051147,1.6100000143051147,1.5801000595092773,1.5801000595092773,1959,0.0,0.0,ARTW,60m
2025-04-17 15:30:00-04:00,1.5846999883651733,1.6399999856948853,1.565000057220459,1.580899953842163,13525,0.0,0.0,ARTW,60m
2025-04-21 09:30:00-04:00,1.5678999423980713,1.5678999423980713,1.5678999423980713,1.5678999423980713,565,0.0,0.0,ARTW,60m
2025-04-21 10:30:00-04:00,1.5750000476837158,1.5800000429153442,1.5600999593734741,1.575600028038025,2737,0.0,0.0,ARTW,60m
2025-04-21 11:30:00-04:00,1.5535999536514282,1.5707999467849731,1.5199999809265137,1.5199999809265137,22584,0.0,0.0,ARTW,60m
2025-04-21 12:30:00-04:00,1.510699987411499,1.5182000398635864,1.4901000261306763,1.5182000398635864,2714,0.0,0.0,ARTW,60m
2025-04-21 13:30:00-04:00,1.5,1.5199999809265137,1.4800000190734863,1.4800000190734863,6644,0.0,0.0,ARTW,60m
2025-04-21 14:30:00-04:00,1.5549999475479126,1.5549999475479126,1.4802000522613525,1.5,1351,0.0,0.0,ARTW,60m
2025-04-21 15:30:00-04:00,1.5199999809265137,1.5399999618530273,1.5149999856948853,1.5199999809265137,2192,0.0,0.0,ARTW,60m
2025-04-22 09:30:00-04:00,1.5299999713897705,1.5987999439239502,1.5264999866485596,1.5615999698638916,5522,0.0,0.0,ARTW,60m
2025-04-22 10:30:00-04:00,1.5549999475479126,1.5549999475479126,1.5292999744415283,1.5306999683380127,202,0.0,0.0,ARTW,60m
2025-04-22 11:30:00-04:00,1.5549999475479126,1.5664000511169434,1.5199999809265137,1.5664000511169434,5425,0.0,0.0,ARTW,60m
2025-04-22 12:30:00-04:00,1.5664000511169434,1.5915000438690186,1.5199999809265137,1.5199999809265137,15148,0.0,0.0,ARTW,60m
2025-04-22 14:30:00-04:00,1.535099983215332,1.6699999570846558,1.5299999713897705,1.6200000047683716,83852,0.0,0.0,ARTW,60m
2025-04-22 15:30:00-04:00,1.5700000524520874,1.5700000524520874,1.5700000524520874,1.5700000524520874,275,0.0,0.0,ARTW,60m
2025-04-23 09:30:00-04:00,1.559999942779541,1.600000023841858,1.5199999809265137,1.5300999879837036,1748,0.0,0.0,ARTW,60m
2025-04-23 11:30:00-04:00,1.5499999523162842,1.600000023841858,1.5499999523162842,1.5700000524520874,13689,0.0,0.0,ARTW,60m
2025-04-23 12:30:00-04:00,1.5299999713897705,1.5850000381469727,1.5299999713897705,1.559999942779541,15734,0.0,0.0,ARTW,60m
2025-04-23 13:30:00-04:00,1.5700000524520874,1.5700000524520874,1.534999966621399,1.5399999618530273,1220,0.0,0.0,ARTW,60m
2025-04-23 14:30:00-04:00,1.5299999713897705,1.548200011253357,1.5199999809265137,1.5199999809265137,2161,0.0,0.0,ARTW,60m
2025-04-23 15:30:00-04:00,1.5750000476837158,1.5750000476837158,1.5750000476837158,1.5750000476837158,332,0.0,0.0,ARTW,60m
2025-04-24 09:30:00-04:00,1.5700000524520874,1.5700000524520874,1.5700000524520874,1.5700000524520874,239,0.0,0.0,ARTW,60m
2025-04-24 10:30:00-04:00,1.5008000135421753,1.5008000135421753,1.5008000135421753,1.5008000135421753,631,0.0,0.0,ARTW,60m
2025-04-24 11:30:00-04:00,1.5365999937057495,1.5612000226974487,1.5099999904632568,1.5099999904632568,16641,0.0,0.0,ARTW,60m
2025-04-24 13:30:00-04:00,1.5490000247955322,1.565999984741211,1.5299999713897705,1.5399999618530273,20428,0.0,0.0,ARTW,60m
2025-04-24 14:30:00-04:00,1.5399999618530273,1.559999942779541,1.5399999618530273,1.559999942779541,301,0.0,0.0,ARTW,60m
2025-04-24 15:30:00-04:00,1.5399999618530273,1.5894999504089355,1.5399999618530273,1.5499999523162842,8530,0.0,0.0,ARTW,60m
2025-04-25 09:30:00-04:00,1.5111000537872314,1.5463999509811401,1.5111000537872314,1.5399999618530273,1250,0.0,0.0,ARTW,60m
2025-04-25 10:30:00-04:00,1.5778000354766846,1.5778000354766846,1.559999942779541,1.559999942779541,601,0.0,0.0,ARTW,60m
2025-04-25 11:30:00-04:00,1.5789999961853027,1.5789999961853027,1.569000005722046,1.5700000524520874,9803,0.0,0.0,ARTW,60m
2025-04-25 12:30:00-04:00,1.5700000524520874,1.5700000524520874,1.5700000524520874,1.5700000524520874,575,0.0,0.0,ARTW,60m
2025-04-25 13:30:00-04:00,1.570099949836731,1.5702999830245972,1.5700000524520874,1.5700000524520874,1227,0.0,0.0,ARTW,60m
2025-04-28 09:30:00-04:00,1.590000033378601,1.6299999952316284,1.559999942779541,1.580199956893921,6753,0.0,0.0,ARTW,60m
2025-04-28 10:30:00-04:00,1.590000033378601,1.590000033378601,1.590000033378601,1.590000033378601,400,0.0,0.0,ARTW,60m
2025-04-28 11:30:00-04:00,1.6094000339508057,1.6579999923706055,1.600000023841858,1.6449999809265137,13758,0.0,0.0,ARTW,60m
2025-04-28 12:30:00-04:00,1.6200000047683716,1.6200000047683716,1.6100000143051147,1.6100000143051147,644,0.0,0.0,ARTW,60m
2025-04-28 13:30:00-04:00,1.6200000047683716,1.6349999904632568,1.6200000047683716,1.6349999904632568,797,0.0,0.0,ARTW,60m
2025-04-28 14:30:00-04:00,1.6449999809265137,1.6449999809265137,1.600000023841858,1.6327999830245972,3083,0.0,0.0,ARTW,60m
2025-04-28 15:30:00-04:00,1.6399999856948853,1.6449999809265137,1.6299999952316284,1.6299999952316284,2144,0.0,0.0,ARTW,60m
2025-04-29 09:30:00-04:00,1.6799999475479126,1.6799999475479126,1.6799999475479126,1.6799999475479126,1130,0.0,0.0,ARTW,60m
2025-04-29 11:30:00-04:00,1.6699999570846558,1.809999942779541,1.6605000495910645,1.75,26032,0.0,0.0,ARTW,60m
2025-04-29 12:30:00-04:00,1.7000000476837158,1.7410000562667847,1.7000000476837158,1.7400000095367432,1786,0.0,0.0,ARTW,60m
2025-04-29 13:30:00-04:00,1.7226999998092651,1.75600004196167,1.7226999998092651,1.7400000095367432,1793,0.0,0.0,ARTW,60m
2025-04-29 14:30:00-04:00,1.7200000286102295,1.7200000286102295,1.690000057220459,1.7200000286102295,874,0.0,0.0,ARTW,60m
2025-04-29 15:30:00-04:00,1.7000000476837158,1.7035000324249268,1.7000000476837158,1.7035000324249268,319,0.0,0.0,ARTW,60m
2025-04-30 09:30:00-04:00,1.7200000286102295,1.7899999618530273,1.6200000047683716,1.7899999618530273,19795,0.0,0.0,ARTW,60m
2025-04-30 10:30:00-04:00,1.7899999618530273,1.7899999618530273,1.590000033378601,1.6699999570846558,12787,0.0,0.0,ARTW,60m
2025-04-30 11:30:00-04:00,1.6540000438690186,1.7100000381469727,1.6540000438690186,1.7100000381469727,7162,0.0,0.0,ARTW,60m
2025-04-30 13:30:00-04:00,1.7100000381469727,1.7100000381469727,1.7100000381469727,1.7100000381469727,427,0.0,0.0,ARTW,60m
2025-04-30 14:30:00-04:00,1.7200000286102295,1.7200000286102295,1.7100000381469727,1.7200000286102295,3214,0.0,0.0,ARTW,60m
2025-04-30 15:30:00-04:00,1.7300000190734863,1.7300000190734863,1.7300000190734863,1.7300000190734863,200,0.0,0.0,ARTW,60m
2025-05-01 09:30:00-04:00,1.7100000381469727,1.7100000381469727,1.649999976158142,1.7050000429153442,2898,0.0,0.0,ARTW,60m
2025-05-01 10:30:00-04:00,1.7350000143051147,1.7350000143051147,1.7201000452041626,1.7201000452041626,819,0.0,0.0,ARTW,60m
2025-05-01 11:30:00-04:00,1.7273000478744507,1.7273000478744507,1.7273000478744507,1.7273000478744507,1402,0.0,0.0,ARTW,60m
2025-05-01 12:30:00-04:00,1.7400000095367432,1.7999000549316406,1.725000023841858,1.7899999618530273,13039,0.0,0.0,ARTW,60m
2025-05-01 13:30:00-04:00,1.7599999904632568,1.7799999713897705,1.75,1.7523000240325928,3592,0.0,0.0,ARTW,60m
2025-05-01 14:30:00-04:00,1.7899999618530273,1.7949999570846558,1.7799999713897705,1.7935999631881714,2844,0.0,0.0,ARTW,60m
2025-05-02 09:30:00-04:00,1.75,1.75,1.7400000095367432,1.7400000095367432,3657,0.0,0.0,ARTW,60m
2025-05-02 11:30:00-04:00,1.7799999713897705,1.7799999713897705,1.7745000123977661,1.7799999713897705,7450,0.0,0.0,ARTW,60m
2025-05-02 12:30:00-04:00,1.7949999570846558,1.8164000511169434,1.7900999784469604,1.8164000511169434,2929,0.0,0.0,ARTW,60m
2025-05-02 13:30:00-04:00,1.809999942779541,1.8300000429153442,1.809999942779541,1.8300000429153442,2626,0.0,0.0,ARTW,60m
2025-05-02 14:30:00-04:00,1.850000023841858,1.850000023841858,1.840000033378601,1.840000033378601,10328,0.0,0.0,ARTW,60m
2025-05-02 15:30:00-04:00,1.8037999868392944,1.8037999868392944,1.8037999868392944,1.8037999868392944,370,0.0,0.0,ARTW,60m
2025-05-05 10:30:00-04:00,1.8559999465942383,1.8559999465942383,1.8203999996185303,1.8421000242233276,1498,0.0,0.0,ARTW,60m
2025-05-05 11:30:00-04:00,1.8046000003814697,1.8252999782562256,1.8046000003814697,1.8252999782562256,2323,0.0,0.0,ARTW,60m
2025-05-05 12:30:00-04:00,1.8200000524520874,1.8200000524520874,1.8200000524520874,1.8200000524520874,889,0.0,0.0,ARTW,60m
2025-05-05 14:30:00-04:00,1.8202999830245972,1.8350000381469727,1.8200000524520874,1.8200000524520874,2292,0.0,0.0,ARTW,60m
2025-05-06 11:30:00-04:00,1.7788000106811523,1.7788000106811523,1.7769999504089355,1.7769999504089355,2687,0.0,0.0,ARTW,60m
2025-05-06 13:30:00-04:00,1.7549999952316284,1.7599999904632568,1.7438000440597534,1.7599999904632568,1689,0.0,0.0,ARTW,60m
2025-05-06 14:30:00-04:00,1.7750999927520752,1.7750999927520752,1.7699999809265137,1.7699999809265137,400,0.0,0.0,ARTW,60m
2025-05-07 12:30:00-04:00,1.764299988746643,1.764299988746643,1.764299988746643,1.764299988746643,732,0.0,0.0,ARTW,60m
2025-05-07 13:30:00-04:00,1.791599988937378,1.791599988937378,1.7899999618530273,1.7899999618530273,160,0.0,0.0,ARTW,60m
2025-05-08 09:30:00-04:00,1.7999999523162842,1.809999942779541,1.7900999784469604,1.7913000583648682,4761,0.0,0.0,ARTW,60m
2025-05-08 11:30:00-04:00,1.7908999919891357,1.7908999919891357,1.7908999919891357,1.7908999919891357,1724,0.0,0.0,ARTW,60m
2025-05-08 14:30:00-04:00,1.809999942779541,1.809999942779541,1.7913000583648682,1.7999999523162842,3407,0.0,0.0,ARTW,60m
2025-05-08 15:30:00-04:00,1.7901999950408936,1.7999999523162842,1.7901999950408936,1.7999999523162842,1621,0.0,0.0,ARTW,60m
2025-05-09 09:30:00-04:00,1.7999999523162842,1.7999999523162842,1.7000000476837158,1.7000000476837158,2419,0.0,0.0,ARTW,60m
2025-05-09 10:30:00-04:00,1.7419999837875366,1.7719999551773071,1.7419999837875366,1.7719999551773071,2415,0.0,0.0,ARTW,60m
2025-05-09 11:30:00-04:00,1.7999999523162842,1.804900050163269,1.7999999523162842,1.804900050163269,530,0.0,0.0,ARTW,60m
2025-05-09 12:30:00-04:00,1.7999999523162842,1.7999999523162842,1.7999999523162842,1.7999999523162842,359,0.0,0.0,ARTW,60m
2025-05-09 13:30:00-04:00,1.7999999523162842,1.7999999523162842,1.7999999523162842,1.7999999523162842,340,0.0,0.0,ARTW,60m
2025-05-09 14:30:00-04:00,1.7655999660491943,1.7655999660491943,1.7655999660491943,1.7655999660491943,872,0.0,0.0,ARTW,60m
2025-05-12 09:30:00-04:00,1.809999942779541,1.8600000143051147,1.809999942779541,1.8600000143051147,0,0.0,0.0,ARTW,60m
2025-05-12 10:30:00-04:00,1.8300000429153442,1.8300000429153442,1.8300000429153442,1.8300000429153442,5598,0.0,0.0,ARTW,60m
2025-05-12 11:30:00-04:00,1.8200000524520874,1.826799988746643,1.8200000524520874,1.826799988746643,0,0.0,0.0,ARTW,60m
2025-05-12 12:30:00-04:00,1.840000033378601,1.840000033378601,1.8301000595092773,1.8398000001907349,10753,0.0,0.0,ARTW,60m
2025-05-12 13:30:00-04:00,1.8450000286102295,1.8450000286102295,1.8450000286102295,1.8450000286102295,913,0.0,0.0,ARTW,60m
2025-05-12 14:30:00-04:00,1.8450000286102295,1.8450000286102295,1.7999999523162842,1.7999999523162842,54838,0.0,0.0,ARTW,60m
2025-05-12 15:30:00-04:00,1.7999999523162842,1.7999999523162842,1.7699999809265137,1.7899999618530273,1369,0.0,0.0,ARTW,60m
2025-05-13 09:30:00-04:00,1.7999999523162842,1.7999999523162842,1.774999976158142,1.774999976158142,1917,0.0,0.0,ARTW,60m
2025-05-13 11:30:00-04:00,1.7899999618530273,1.7899999618530273,1.7100000381469727,1.7444000244140625,2804,0.0,0.0,ARTW,60m
2025-05-13 12:30:00-04:00,1.7200000286102295,1.7200000286102295,1.7200000286102295,1.7200000286102295,278,0.0,0.0,ARTW,60m
2025-05-13 14:30:00-04:00,1.75,1.75,1.7100000381469727,1.7200000286102295,938,0.0,0.0,ARTW,60m
2025-05-13 15:30:00-04:00,1.7100000381469727,1.7400000095367432,1.7100000381469727,1.7400000095367432,898,0.0,0.0,ARTW,60m
2025-05-14 09:30:00-04:00,1.7450000047683716,1.7450000047683716,1.7200000286102295,1.7200000286102295,2076,0.0,0.0,ARTW,60m
2025-05-14 10:30:00-04:00,1.7753000259399414,1.7753000259399414,1.7371000051498413,1.7599999904632568,2669,0.0,0.0,ARTW,60m
2025-05-14 11:30:00-04:00,1.7799999713897705,1.7999999523162842,1.7785999774932861,1.784999966621399,649,0.0,0.0,ARTW,60m
2025-05-14 12:30:00-04:00,1.7998000383377075,1.7998000383377075,1.7998000383377075,1.7998000383377075,1060,0.0,0.0,ARTW,60m
2025-05-14 13:30:00-04:00,1.7699999809265137,1.7699999809265137,1.7699999809265137,1.7699999809265137,200,0.0,0.0,ARTW,60m
2025-05-14 14:30:00-04:00,1.75,1.7599999904632568,1.75,1.7599999904632568,1450,0.0,0.0,ARTW,60m
2025-05-14 15:30:00-04:00,1.7994999885559082,1.7994999885559082,1.7599999904632568,1.7940000295639038,360,0.0,0.0,ARTW,60m
2025-05-15 10:30:00-04:00,1.7200000286102295,1.7200000286102295,1.7200000286102295,1.7200000286102295,2161,0.0,0.0,ARTW,60m
2025-05-15 11:30:00-04:00,1.791100025177002,1.791100025177002,1.7599999904632568,1.7599999904632568,425,0.0,0.0,ARTW,60m
2025-05-15 12:30:00-04:00,1.7799999713897705,1.7799999713897705,1.7799999713897705,1.7799999713897705,750,0.0,0.0,ARTW,60m
2025-05-15 13:30:00-04:00,1.7790000438690186,1.7790000438690186,1.7790000438690186,1.7790000438690186,614,0.0,0.0,ARTW,60m
2025-05-16 09:30:00-04:00,1.7200000286102295,1.7549999952316284,1.7200000286102295,1.7549999952316284,0,0.0,0.0,ARTW,60m
2025-05-16 11:30:00-04:00,1.76010000705719,1.7799999713897705,1.76010000705719,1.7799999713897705,1582,0.0,0.0,ARTW,60m
2025-05-19 09:30:00-04:00,1.7300000190734863,1.7599999904632568,1.7300000190734863,1.7599999904632568,0,0.0,0.0,ARTW,60m
2025-05-19 12:30:00-04:00,1.7799999713897705,1.7799999713897705,1.7799999713897705,1.7799999713897705,401,0.0,0.0,ARTW,60m
2025-05-19 13:30:00-04:00,1.7755000591278076,1.7755000591278076,1.7755000591278076,1.7755000591278076,175,0.0,0.0,ARTW,60m
2025-05-19 14:30:00-04:00,1.7617000341415405,1.7799999713897705,1.7617000341415405,1.7617000341415405,660,0.0,0.0,ARTW,60m
2025-05-19 15:30:00-04:00,1.7599999904632568,1.7599999904632568,1.7300000190734863,1.7300000190734863,1346,0.0,0.0,ARTW,60m
2025-05-20 09:30:00-04:00,1.809999942779541,1.899999976158142,1.7699999809265137,1.8899999856948853,13781,0.0,0.0,ARTW,60m
2025-05-20 10:30:00-04:00,1.8899999856948853,1.9399000406265259,1.8799999952316284,1.9399000406265259,11256,0.0,0.0,ARTW,60m
2025-05-20 11:30:00-04:00,1.9600000381469727,1.9600000381469727,1.940000057220459,1.9550000429153442,10818,0.0,0.0,ARTW,60m
2025-05-20 12:30:00-04:00,1.910099983215332,1.9564000368118286,1.910099983215332,1.9299999475479126,8245,0.0,0.0,ARTW,60m
2025-05-20 13:30:00-04:00,1.9500000476837158,1.957800030708313,1.9443999528884888,1.9443999528884888,5266,0.0,0.0,ARTW,60m
2025-05-20 14:30:00-04:00,1.9855999946594238,1.9883999824523926,1.9500000476837158,1.9883999824523926,5554,0.0,0.0,ARTW,60m
2025-05-20 15:30:00-04:00,1.986199975013733,1.9901000261306763,1.9701000452041626,1.9801000356674194,7440,0.0,0.0,ARTW,60m
2025-05-21 09:30:00-04:00,1.9800000190734863,2.005000114440918,1.9299999475479126,2.005000114440918,10518,0.0,0.0,ARTW,60m
2025-05-21 10:30:00-04:00,2.005000114440918,2.009399890899658,2.0,2.005000114440918,9324,0.0,0.0,ARTW,60m
2025-05-21 11:30:00-04:00,2.005000114440918,2.0099000930786133,1.9569000005722046,1.9569000005722046,9446,0.0,0.0,ARTW,60m
2025-05-21 12:30:00-04:00,1.9800000190734863,2.0099000930786133,1.9503999948501587,1.9503999948501587,4166,0.0,0.0,ARTW,60m
2025-05-21 15:30:00-04:00,1.9900000095367432,2.0,1.9539999961853027,1.9900000095367432,3206,0.0,0.0,ARTW,60m
2025-05-22 09:30:00-04:00,1.9199999570846558,1.940000057220459,1.888200044631958,1.9111000299453735,4573,0.0,0.0,ARTW,60m
2025-05-22 13:30:00-04:00,1.9550000429153442,1.9550000429153442,1.9299999475479126,1.9500000476837158,3156,0.0,0.0,ARTW,60m
2025-05-22 14:30:00-04:00,1.962399959564209,1.98989999294281,1.940000057220459,1.940000057220459,2780,0.0,0.0,ARTW,60m
2025-05-22 15:30:00-04:00,1.9199999570846558,1.9199999570846558,1.9199999570846558,1.9199999570846558,592,0.0,0.0,ARTW,60m
2025-05-23 09:30:00-04:00,1.9500000476837158,1.9500000476837158,1.8871999979019165,1.8871999979019165,4397,0.0,0.0,ARTW,60m
2025-05-23 10:30:00-04:00,1.934999942779541,1.934999942779541,1.934999942779541,1.934999942779541,0,0.0,0.0,ARTW,60m
2025-05-23 12:30:00-04:00,1.8799999952316284,1.8799999952316284,1.8799999952316284,1.8799999952316284,239,0.0,0.0,ARTW,60m
2025-05-23 13:30:00-04:00,1.8145999908447266,1.8145999908447266,1.8145999908447266,1.8145999908447266,547,0.0,0.0,ARTW,60m
2025-05-23 14:30:00-04:00,1.850000023841858,1.8600000143051147,1.850000023841858,1.8600000143051147,575,0.0,0.0,ARTW,60m
2025-05-23 15:30:00-04:00,1.8600000143051147,1.8600000143051147,1.850000023841858,1.850000023841858,1677,0.0,0.0,ARTW,60m
2025-05-27 09:30:00-04:00,1.8509999513626099,1.8509999513626099,1.7301000356674194,1.750100016593933,6010,0.0,0.0,ARTW,60m
2025-05-27 10:30:00-04:00,1.7999999523162842,1.8049999475479126,1.7599999904632568,1.7599999904632568,2142,0.0,0.0,ARTW,60m
2025-05-27 11:30:00-04:00,1.8372999429702759,1.8372999429702759,1.8270000219345093,1.8270000219345093,416,0.0,0.0,ARTW,60m
2025-05-27 14:30:00-04:00,1.8200000524520874,1.8288999795913696,1.8200000524520874,1.8288999795913696,2522,0.0,0.0,ARTW,60m
2025-05-27 15:30:00-04:00,1.8209999799728394,1.8209999799728394,1.8209999799728394,1.8209999799728394,219,0.0,0.0,ARTW,60m
2025-05-28 09:30:00-04:00,1.7949999570846558,1.8199000358581543,1.7699999809265137,1.7898999452590942,5809,0.0,0.0,ARTW,60m
2025-05-28 10:30:00-04:00,1.8037999868392944,1.8037999868392944,1.8037999868392944,1.8037999868392944,609,0.0,0.0,ARTW,60m
2025-05-28 12:30:00-04:00,1.809499979019165,1.809499979019165,1.809499979019165,1.809499979019165,400,0.0,0.0,ARTW,60m
2025-05-28 13:30:00-04:00,1.817199945449829,1.817199945449829,1.817199945449829,1.817199945449829,37,0.0,0.0,ARTW,60m
2025-05-28 14:30:00-04:00,1.7899999618530273,1.7899999618530273,1.7899999618530273,1.7899999618530273,206,0.0,0.0,ARTW,60m
2025-05-29 09:30:00-04:00,1.7999999523162842,1.7999999523162842,1.7999999523162842,1.7999999523162842,180,0.0,0.0,ARTW,60m
2025-05-29 10:30:00-04:00,1.80840003490448,1.8451999425888062,1.80840003490448,1.8451999425888062,5833,0.0,0.0,ARTW,60m
2025-05-29 11:30:00-04:00,1.809999942779541,1.809999942779541,1.809999942779541,1.809999942779541,854,0.0,0.0,ARTW,60m
2025-05-29 12:30:00-04:00,1.840000033378601,1.840000033378601,1.840000033378601,1.840000033378601,334,0.0,0.0,ARTW,60m
2025-05-30 09:30:00-04:00,1.8250000476837158,1.8250000476837158,1.8250000476837158,1.8250000476837158,308,0.0,0.0,ARTW,60m
2025-05-30 10:30:00-04:00,1.8614000082015991,1.8949999809265137,1.8614000082015991,1.8865000009536743,3518,0.0,0.0,ARTW,60m
2025-05-30 12:30:00-04:00,1.8300000429153442,1.8300000429153442,1.8300000429153442,1.8300000429153442,1209,0.0,0.0,ARTW,60m
2025-05-30 13:30:00-04:00,1.7899999618530273,1.8250000476837158,1.7899999618530273,1.8009999990463257,2806,0.0,0.0,ARTW,60m
2025-06-02 09:30:00-04:00,1.7899999618530273,1.7999999523162842,1.7899999618530273,1.7999999523162842,1312,0.0,0.0,ARTW,60m
2025-06-02 11:30:00-04:00,1.7999999523162842,1.8700000047683716,1.7599999904632568,1.7599999904632568,1711,0.0,0.0,ARTW,60m
2025-06-02 12:30:00-04:00,1.7699999809265137,1.7999999523162842,1.7699999809265137,1.7879999876022339,1685,0.0,0.0,ARTW,60m
2025-06-02 15:30:00-04:00,1.7899999618530273,1.7899999618530273,1.7799999713897705,1.7799999713897705,534,0.0,0.0,ARTW,60m
2025-06-03 09:30:00-04:00,1.7599999904632568,1.7599999904632568,1.7599999904632568,1.7599999904632568,1139,0.0,0.0,ARTW,60m
2025-06-03 11:30:00-04:00,1.7999999523162842,1.7999999523162842,1.774999976158142,1.774999976158142,3800,0.0,0.0,ARTW,60m
2025-06-03 12:30:00-04:00,1.774999976158142,1.774999976158142,1.774999976158142,1.774999976158142,2100,0.0,0.0,ARTW,60m
2025-06-03 13:30:00-04:00,1.7771999835968018,1.7771999835968018,1.7681000232696533,1.7699999809265137,0,0.0,0.0,ARTW,60m
2025-06-03 14:30:00-04:00,1.7977999448776245,1.875,1.7977999448776245,1.815000057220459,22483,0.0,0.0,ARTW,60m
2025-06-03 15:30:00-04:00,1.7999999523162842,1.8037999868392944,1.787600040435791,1.787600040435791,1372,0.0,0.0,ARTW,60m
2025-06-04 09:30:00-04:00,1.75,1.75,1.7050000429153442,1.7050000429153442,36413,0.0,0.0,ARTW,60m
2025-06-04 10:30:00-04:00,1.7300000190734863,1.7300000190734863,1.7300000190734863,1.7300000190734863,682,0.0,0.0,ARTW,60m
2025-06-04 13:30:00-04:00,1.7649999856948853,1.7649999856948853,1.7649999856948853,1.7649999856948853,557,0.0,0.0,ARTW,60m
2025-06-04 14:30:00-04:00,1.7549999952316284,1.7549999952316284,1.7400000095367432,1.7400000095367432,1384,0.0,0.0,ARTW,60m
2025-06-04 15:30:00-04:00,1.7050000429153442,1.7050000429153442,1.690000057220459,1.690000057220459,733,0.0,0.0,ARTW,60m
2025-06-05 09:30:00-04:00,1.7400000095367432,1.7599999904632568,1.7400000095367432,1.7599999904632568,373,0.0,0.0,ARTW,60m
2025-06-05 10:30:00-04:00,1.7450000047683716,1.7450000047683716,1.7450000047683716,1.7450000047683716,217,0.0,0.0,ARTW,60m
2025-06-05 11:30:00-04:00,1.7698999643325806,1.7698999643325806,1.75,1.75,1378,0.0,0.0,ARTW,60m
2025-06-05 12:30:00-04:00,1.7599999904632568,1.7599999904632568,1.7450000047683716,1.75,2077,0.0,0.0,ARTW,60m
2025-06-05 14:30:00-04:00,1.7799999713897705,1.7799999713897705,1.7799999713897705,1.7799999713897705,155,0.0,0.0,ARTW,60m
2025-06-05 15:30:00-04:00,1.7884999513626099,1.7899999618530273,1.7884999513626099,1.7899999618530273,0,0.0,0.0,ARTW,60m
2025-06-06 09:30:00-04:00,1.8798999786376953,1.8798999786376953,1.7999999523162842,1.7999999523162842,7096,0.0,0.0,ARTW,60m
2025-06-06 10:30:00-04:00,1.7699999809265137,1.7699999809265137,1.7699999809265137,1.7699999809265137,887,0.0,0.0,ARTW,60m
2025-06-06 11:30:00-04:00,1.7518999576568604,1.7518999576568604,1.7518999576568604,1.7518999576568604,0,0.0,0.0,ARTW,60m
2025-06-06 12:30:00-04:00,1.7699999809265137,1.7699999809265137,1.7699999809265137,1.7699999809265137,10956,0.0,0.0,ARTW,60m
2025-06-06 14:30:00-04:00,1.7599999904632568,1.7899999618530273,1.7599999904632568,1.7899999618530273,2328,0.0,0.0,ARTW,60m
2025-06-06 15:30:00-04:00,1.7599999904632568,1.7599999904632568,1.7599999904632568,1.7599999904632568,348,0.0,0.0,ARTW,60m
2025-06-09 09:30:00-04:00,1.75,1.75,1.75,1.75,1238,0.0,0.0,ARTW,60m
2025-06-09 10:30:00-04:00,1.75,1.75,1.75,1.75,667,0.0,0.0,ARTW,60m
2025-06-09 11:30:00-04:00,1.750100016593933,1.750100016593933,1.750100016593933,1.750100016593933,505,0.0,0.0,ARTW,60m
2025-06-09 12:30:00-04:00,1.7783000469207764,1.809399962425232,1.7783000469207764,1.7999999523162842,0,0.0,0.0,ARTW,60m
2025-06-09 14:30:00-04:00,1.797700047492981,1.797700047492981,1.7799999713897705,1.7799999713897705,4432,0.0,0.0,ARTW,60m
2025-06-10 09:30:00-04:00,1.75,1.75,1.75,1.75,718,0.0,0.0,ARTW,60m
2025-06-10 10:30:00-04:00,1.8046000003814697,1.8046000003814697,1.8046000003814697,1.8046000003814697,1618,0.0,0.0,ARTW,60m
2025-06-10 12:30:00-04:00,1.7999999523162842,1.7999999523162842,1.7999999523162842,1.7999999523162842,0,0.0,0.0,ARTW,60m
2025-06-10 14:30:00-04:00,1.8035000562667847,1.809999942779541,1.8035000562667847,1.809999942779541,7936,0.0,0.0,ARTW,60m
2025-06-10 15:30:00-04:00,1.8099000453948975,1.809999942779541,1.7999999523162842,1.809999942779541,4214,0.0,0.0,ARTW,60m
2025-06-11 09:30:00-04:00,1.809999942779541,1.809999942779541,1.7999999523162842,1.8046000003814697,5158,0.0,0.0,ARTW,60m
2025-06-11 10:30:00-04:00,1.8035000562667847,1.808899998664856,1.8035000562667847,1.808899998664856,0,0.0,0.0,ARTW,60m
2025-06-11 11:30:00-04:00,1.7999999523162842,1.9299999475479126,1.7999999523162842,1.8899999856948853,59876,0.0,0.0,ARTW,60m
2025-06-11 12:30:00-04:00,1.899999976158142,1.9714000225067139,1.8652000427246094,1.9149999618530273,0,0.0,0.0,ARTW,60m
2025-06-11 13:30:00-04:00,1.9600000381469727,1.9600000381469727,1.9600000381469727,1.9600000381469727,88363,0.0,0.0,ARTW,60m
2025-06-11 14:30:00-04:00,1.9249999523162842,1.9600000381469727,1.9249999523162842,1.940000057220459,2689,0.0,0.0,ARTW,60m
2025-06-11 15:30:00-04:00,1.9499000310897827,1.9499000310897827,1.940000057220459,1.940000057220459,1571,0.0,0.0,ARTW,60m
2025-06-12 09:30:00-04:00,1.940000057220459,1.940000057220459,1.940000057220459,1.940000057220459,0,0.0,0.0,ARTW,60m
2025-06-12 12:30:00-04:00,1.899999976158142,1.899999976158142,1.899999976158142,1.899999976158142,0,0.0,0.0,ARTW,60m
2025-06-12 13:30:00-04:00,1.8257999420166016,1.8257999420166016,1.8257999420166016,1.8257999420166016,2169,0.0,0.0,ARTW,60m
2025-06-13 09:30:00-04:00,1.9299999475479126,1.9299999475479126,1.9299999475479126,1.9299999475479126,0,0.0,0.0,ARTW,60m
2025-06-13 10:30:00-04:00,1.850000023841858,1.850000023841858,1.850000023841858,1.850000023841858,4472,0.0,0.0,ARTW,60m
2025-06-13 11:30:00-04:00,1.9286999702453613,1.9286999702453613,1.8200000524520874,1.8200000524520874,1508,0.0,0.0,ARTW,60m
2025-06-16 09:30:00-04:00,1.8799999952316284,1.8799999952316284,1.788699984550476,1.788699984550476,967,0.0,0.0,ARTW,60m
2025-06-16 10:30:00-04:00,1.840000033378601,1.8882999420166016,1.840000033378601,1.8882999420166016,492,0.0,0.0,ARTW,60m
2025-06-16 11:30:00-04:00,1.8351999521255493,1.899999976158142,1.8351999521255493,1.899999976158142,2334,0.0,0.0,ARTW,60m
2025-06-16 14:30:00-04:00,1.8539999723434448,1.8913999795913696,1.8539999723434448,1.8913999795913696,1028,0.0,0.0,ARTW,60m
2025-06-17 10:30:00-04:00,1.906000018119812,1.906000018119812,1.7300000190734863,1.8700000047683716,5908,0.0,0.0,ARTW,60m
2025-06-17 11:30:00-04:00,1.8982000350952148,1.8982000350952148,1.8982000350952148,1.8982000350952148,1731,0.0,0.0,ARTW,60m
2025-06-18 09:30:00-04:00,1.8525999784469604,1.8675999641418457,1.8525999784469604,1.8675999641418457,0,0.0,0.0,ARTW,60m
2025-06-18 10:30:00-04:00,1.8624000549316406,1.8624000549316406,1.8624000549316406,1.8624000549316406,0,0.0,0.0,ARTW,60m
2025-06-18 11:30:00-04:00,1.8300000429153442,1.8300000429153442,1.8300000429153442,1.8300000429153442,4062,0.0,0.0,ARTW,60m
2025-06-18 15:30:00-04:00,1.899999976158142,1.9199999570846558,1.899999976158142,1.899999976158142,1205,0.0,0.0,ARTW,60m
2025-06-20 11:30:00-04:00,1.8375999927520752,1.8375999927520752,1.8375999927520752,1.8375999927520752,0,0.0,0.0,ARTW,60m
2025-06-20 12:30:00-04:00,1.850000023841858,1.850000023841858,1.850000023841858,1.850000023841858,2653,0.0,0.0,ARTW,60m
2025-06-23 09:30:00-04:00,1.8200000524520874,1.899999976158142,1.8200000524520874,1.840000033378601,0,0.0,0.0,ARTW,60m
2025-06-23 10:30:00-04:00,1.8899999856948853,1.8899999856948853,1.8899999856948853,1.8899999856948853,6596,0.0,0.0,ARTW,60m
2025-06-23 12:30:00-04:00,1.8450000286102295,1.8450000286102295,1.8450000286102295,1.8450000286102295,933,0.0,0.0,ARTW,60m
2025-06-23 14:30:00-04:00,1.850000023841858,1.850000023841858,1.8062000274658203,1.850000023841858,1112,0.0,0.0,ARTW,60m
2025-06-23 15:30:00-04:00,1.826300024986267,1.850000023841858,1.8250000476837158,1.8270000219345093,1426,0.0,0.0,ARTW,60m
2025-06-24 09:30:00-04:00,1.8702000379562378,1.9249999523162842,1.840000033378601,1.8600000143051147,0,0.0,0.0,ARTW,60m
2025-06-24 10:30:00-04:00,1.909999966621399,1.909999966621399,1.909999966621399,1.909999966621399,7499,0.0,0.0,ARTW,60m
2025-06-24 11:30:00-04:00,1.9199999570846558,1.9299999475479126,1.9199999570846558,1.9299999475479126,2471,0.0,0.0,ARTW,60m
2025-06-24 12:30:00-04:00,1.9500000476837158,1.9700000286102295,1.9351999759674072,1.9437999725341797,1889,0.0,0.0,ARTW,60m
2025-06-24 13:30:00-04:00,1.9700000286102295,1.9800000190734863,1.9500000476837158,1.9600000381469727,3788,0.0,0.0,ARTW,60m
2025-06-24 14:30:00-04:00,1.9500000476837158,1.9503999948501587,1.9500000476837158,1.9500000476837158,4621,0.0,0.0,ARTW,60m
2025-06-24 15:30:00-04:00,1.940500020980835,1.9900000095367432,1.940500020980835,1.9900000095367432,2723,0.0,0.0,ARTW,60m
2025-06-25 09:30:00-04:00,2.0,2.0,1.9500999450683594,1.9700000286102295,3459,0.0,0.0,ARTW,60m
2025-06-25 10:30:00-04:00,1.965000033378601,1.965000033378601,1.940000057220459,1.940000057220459,2625,0.0,0.0,ARTW,60m
2025-06-25 11:30:00-04:00,1.955299973487854,1.955299973487854,1.955299973487854,1.955299973487854,282,0.0,0.0,ARTW,60m
2025-06-25 12:30:00-04:00,1.9088000059127808,1.9088000059127808,1.9088000059127808,1.9088000059127808,2000,0.0,0.0,ARTW,60m
2025-06-25 13:30:00-04:00,1.9290000200271606,1.9290000200271606,1.9290000200271606,1.9290000200271606,0,0.0,0.0,ARTW,60m
2025-06-25 14:30:00-04:00,1.9068000316619873,1.9068000316619873,1.9068000316619873,1.9068000316619873,9975,0.0,0.0,ARTW,60m
2025-06-25 15:30:00-04:00,1.906000018119812,1.906000018119812,1.906000018119812,1.906000018119812,0,0.0,0.0,ARTW,60m
2025-06-26 09:30:00-04:00,1.9800000190734863,1.9800000190734863,1.8799999952316284,1.940000057220459,1112,0.0,0.0,ARTW,60m
2025-06-26 10:30:00-04:00,1.940000057220459,1.9527000188827515,1.940000057220459,1.9527000188827515,1999,0.0,0.0,ARTW,60m
2025-06-26 11:30:00-04:00,1.9600000381469727,1.9600000381469727,1.9600000381469727,1.9600000381469727,1474,0.0,0.0,ARTW,60m
2025-06-26 13:30:00-04:00,1.9128999710083008,1.9128999710083008,1.9128999710083008,1.9128999710083008,989,0.0,0.0,ARTW,60m
2025-06-26 15:30:00-04:00,1.9589999914169312,1.9839999675750732,1.9589999914169312,1.9839999675750732,436,0.0,0.0,ARTW,60m
2025-06-27 09:30:00-04:00,2.0,2.0,1.9257999658584595,1.9257999658584595,1462,0.0,0.0,ARTW,60m
2025-06-27 10:30:00-04:00,1.899999976158142,1.9594000577926636,1.899999976158142,1.9594000577926636,466,0.0,0.0,ARTW,60m
2025-06-27 11:30:00-04:00,1.98989999294281,2.0297000408172607,1.9800000190734863,2.0297000408172607,34683,0.0,0.0,ARTW,60m
2025-06-27 12:30:00-04:00,2.009999990463257,2.0199999809265137,2.009999990463257,2.0199999809265137,0,0.0,0.0,ARTW,60m
2025-06-27 14:30:00-04:00,2.0327000617980957,2.0450000762939453,2.0327000617980957,2.039900064468384,12873,0.0,0.0,ARTW,60m
2025-06-27 15:30:00-04:00,2.049999952316284,2.049999952316284,2.049999952316284,2.049999952316284,798,0.0,0.0,ARTW,60m
2025-06-30 09:30:00-04:00,2.049999952316284,2.0799999237060547,2.0280001163482666,2.0280001163482666,0,0.0,0.0,ARTW,60m
2025-06-30 10:30:00-04:00,2.0274999141693115,2.069999933242798,2.0274999141693115,2.069999933242798,0,0.0,0.0,ARTW,60m
2025-06-30 11:30:00-04:00,2.049999952316284,2.2799999713897705,1.9500000476837158,2.0000998973846436,98757,0.0,0.0,ARTW,60m
2025-06-30 12:30:00-04:00,2.075000047683716,2.1549999713897705,2.075000047683716,2.1549999713897705,1929,0.0,0.0,ARTW,60m
2025-06-30 13:30:00-04:00,2.174999952316284,2.259999990463257,2.1600000858306885,2.259999990463257,24737,0.0,0.0,ARTW,60m
2025-06-30 14:30:00-04:00,2.25,2.3399999141693115,2.240000009536743,2.288800001144409,52356,0.0,0.0,ARTW,60m
2025-06-30 15:30:00-04:00,2.3090999126434326,2.3090999126434326,2.2676000595092773,2.299999952316284,2278,0.0,0.0,ARTW,60m
2025-07-01 09:30:00-04:00,2.299999952316284,2.339900016784668,2.2750000953674316,2.2999000549316406,16233,0.0,0.0,ARTW,60m
2025-07-01 10:30:00-04:00,2.250699996948242,2.2799999713897705,2.234999895095825,2.235300064086914,0,0.0,0.0,ARTW,60m
2025-07-01 11:30:00-04:00,2.255199909210205,2.255199909210205,2.2039999961853027,2.238100051879883,34750,0.0,0.0,ARTW,60m
2025-07-01 12:30:00-04:00,2.2588000297546387,2.2588000297546387,2.2588000297546387,2.2588000297546387,1326,0.0,0.0,ARTW,60m
2025-07-01 13:30:00-04:00,2.259999990463257,2.2899999618530273,2.2076001167297363,2.2100000381469727,5015,0.0,0.0,ARTW,60m
2025-07-01 14:30:00-04:00,2.26990008354187,2.4149999618530273,2.180000066757202,2.25,147238,0.0,0.0,ARTW,60m
2025-07-01 15:30:00-04:00,2.2100000381469727,2.2100000381469727,2.180000066757202,2.180000066757202,5786,0.0,0.0,ARTW,60m
2025-07-02 09:30:00-04:00,2.234999895095825,2.234999895095825,2.2300000190734863,2.2300000190734863,1454,0.0,0.0,ARTW,60m
2025-07-02 10:30:00-04:00,2.232800006866455,2.232800006866455,2.2249999046325684,2.2249999046325684,0,0.0,0.0,ARTW,60m
2025-07-02 11:30:00-04:00,2.258500099182129,2.258500099182129,2.200000047683716,2.200000047683716,26948,0.0,0.0,ARTW,60m
2025-07-02 12:30:00-04:00,2.200000047683716,2.200000047683716,2.200000047683716,2.200000047683716,1521,0.0,0.0,ARTW,60m
2025-07-02 13:30:00-04:00,2.25,2.25,2.25,2.25,500,0.0,0.0,ARTW,60m
2025-07-02 14:30:00-04:00,2.25,2.25,2.25,2.25,4318,0.0,0.0,ARTW,60m
2025-07-02 15:30:00-04:00,2.200000047683716,2.200000047683716,2.200000047683716,2.200000047683716,260,0.0,0.0,ARTW,60m
2025-07-03 09:30:00-04:00,2.240000009536743,2.261399984359741,2.2200000286102295,2.2200000286102295,1502,0.0,0.0,ARTW,60m
2025-07-03 10:30:00-04:00,2.2418999671936035,2.259999990463257,2.2418999671936035,2.2453999519348145,0,0.0,0.0,ARTW,60m
2025-07-03 11:30:00-04:00,2.248300075531006,2.25,2.248300075531006,2.25,5100,0.0,0.0,ARTW,60m
2025-07-07 09:30:00-04:00,2.240000009536743,2.333899974822998,2.240000009536743,2.308500051498413,7785,0.0,0.0,ARTW,60m
2025-07-07 11:30:00-04:00,2.2300000190734863,2.2300000190734863,2.2300000190734863,2.2300000190734863,975,0.0,0.0,ARTW,60m
2025-07-07 12:30:00-04:00,2.23799991607666,2.23799991607666,2.23799991607666,2.23799991607666,0,0.0,0.0,ARTW,60m
2025-07-07 13:30:00-04:00,2.2699999809265137,2.2699999809265137,2.25,2.25,17719,0.0,0.0,ARTW,60m
2025-07-07 14:30:00-04:00,2.2899999618530273,2.2899999618530273,2.2899999618530273,2.2899999618530273,486,0.0,0.0,ARTW,60m
2025-07-07 15:30:00-04:00,2.309999942779541,2.309999942779541,2.2899999618530273,2.2899999618530273,0,0.0,0.0,ARTW,60m
2025-07-08 09:30:00-04:00,2.259999990463257,2.259999990463257,2.259999990463257,2.259999990463257,0,0.0,0.0,ARTW,60m
2025-07-08 10:30:00-04:00,2.2899999618530273,2.2950000762939453,2.289900064468384,2.2950000762939453,1811,0.0,0.0,ARTW,60m
2025-07-08 11:30:00-04:00,2.2950000762939453,2.2950000762939453,2.2899999618530273,2.2899999618530273,730,0.0,0.0,ARTW,60m
2025-07-08 12:30:00-04:00,2.29010009765625,2.29010009765625,2.259999990463257,2.269200086593628,0,0.0,0.0,ARTW,60m
2025-07-08 14:30:00-04:00,2.2927000522613525,2.2927000522613525,2.2927000522613525,2.2927000522613525,0,0.0,0.0,ARTW,60m
2025-07-08 15:30:00-04:00,2.297600030899048,2.299999952316284,2.297600030899048,2.299999952316284,33171,0.0,0.0,ARTW,60m
2025-07-09 12:30:00-04:00,2.2699999809265137,2.2799999713897705,2.2600998878479004,2.2799999713897705,4732,0.0,0.0,ARTW,60m
2025-07-09 14:30:00-04:00,2.2799999713897705,2.2999000549316406,2.2799999713897705,2.2999000549316406,0,0.0,0.0,ARTW,60m
2025-07-09 15:30:00-04:00,2.2815001010894775,2.2815001010894775,2.2815001010894775,2.2815001010894775,9192,0.0,0.0,ARTW,60m
2025-07-10 09:30:00-04:00,2.259999990463257,2.376199960708618,2.259999990463257,2.270699977874756,35355,0.0,0.0,ARTW,60m
2025-07-10 10:30:00-04:00,2.26990008354187,2.275899887084961,2.259999990463257,2.275899887084961,0,0.0,0.0,ARTW,60m
2025-07-10 11:30:00-04:00,2.3196001052856445,2.319999933242798,2.29010009765625,2.29010009765625,0,0.0,0.0,ARTW,60m
2025-07-10 12:30:00-04:00,2.299999952316284,2.299999952316284,2.299999952316284,2.299999952316284,47882,0.0,0.0,ARTW,60m
2025-07-10 13:30:00-04:00,2.299999952316284,2.309999942779541,2.2699999809265137,2.2701001167297363,42184,0.0,0.0,ARTW,60m
2025-07-10 14:30:00-04:00,2.28439998626709,2.28439998626709,2.184999942779541,2.184999942779541,15994,0.0,0.0,ARTW,60m
2025-07-10 15:30:00-04:00,2.174999952316284,2.200000047683716,2.1700000762939453,2.1700000762939453,9074,0.0,0.0,ARTW,60m
2025-07-11 09:30:00-04:00,2.1600000858306885,2.1668999195098877,2.0799999237060547,2.0820000171661377,0,0.0,0.0,ARTW,60m
2025-07-11 11:30:00-04:00,2.1440000534057617,2.1440000534057617,2.053299903869629,2.053299903869629,13344,0.0,0.0,ARTW,60m
2025-07-11 12:30:00-04:00,2.119999885559082,2.119999885559082,2.049999952316284,2.049999952316284,991,0.0,0.0,ARTW,60m
2025-07-11 13:30:00-04:00,2.0399999618530273,2.0399999618530273,2.0399999618530273,2.0399999618530273,415,0.0,0.0,ARTW,60m
2025-07-11 15:30:00-04:00,2.0448999404907227,2.069999933242798,2.0399999618530273,2.0399999618530273,1810,0.0,0.0,ARTW,60m
2025-07-14 09:30:00-04:00,2.049999952316284,2.2300000190734863,2.049999952316284,2.1143999099731445,12537,0.0,0.0,ARTW,60m
2025-07-14 11:30:00-04:00,2.1798999309539795,2.2699999809265137,2.134999990463257,2.210700035095215,30774,0.0,0.0,ARTW,60m
2025-07-14 12:30:00-04:00,2.187999963760376,2.206199884414673,2.1522998809814453,2.1522998809814453,265,0.0,0.0,ARTW,60m
2025-07-14 13:30:00-04:00,2.232300043106079,2.232300043106079,2.1480000019073486,2.1480000019073486,4857,0.0,0.0,ARTW,60m
2025-07-14 15:30:00-04:00,2.2300000190734863,2.240000009536743,2.1649999618530273,2.1649999618530273,3274,0.0,0.0,ARTW,60m
2025-07-15 09:30:00-04:00,2.244999885559082,2.2899999618530273,2.200000047683716,2.276700019836426,8517,0.0,0.0,ARTW,60m
2025-07-15 10:30:00-04:00,2.2699999809265137,2.2699999809265137,2.259999990463257,2.2699999809265137,1450,0.0,0.0,ARTW,60m
2025-07-15 11:30:00-04:00,2.269399881362915,2.2799999713897705,2.269399881362915,2.2799999713897705,4867,0.0,0.0,ARTW,60m
2025-07-15 12:30:00-04:00,2.2799999713897705,2.3399999141693115,2.2799999713897705,2.3299999237060547,7748,0.0,0.0,ARTW,60m
2025-07-15 13:30:00-04:00,2.3299999237060547,2.3299999237060547,2.319999933242798,2.319999933242798,748,0.0,0.0,ARTW,60m
2025-07-15 14:30:00-04:00,2.3299999237060547,2.3299999237060547,2.309999942779541,2.319999933242798,8359,0.0,0.0,ARTW,60m
2025-07-15 15:30:00-04:00,2.319999933242798,2.3589000701904297,2.319999933242798,2.3499999046325684,2210,0.0,0.0,ARTW,60m
2025-07-16 09:30:00-04:00,2.409600019454956,2.409600019454956,2.3603999614715576,2.4000000953674316,8195,0.0,0.0,ARTW,60m
2025-07-16 10:30:00-04:00,2.4000000953674316,2.490000009536743,2.390000104904175,2.4553000926971436,17779,0.0,0.0,ARTW,60m
2025-07-16 11:30:00-04:00,2.434999942779541,2.450000047683716,2.400399923324585,2.440000057220459,7010,0.0,0.0,ARTW,60m
2025-07-16 12:30:00-04:00,2.4398999214172363,2.440000057220459,2.430000066757202,2.430000066757202,2737,0.0,0.0,ARTW,60m
2025-07-16 13:30:00-04:00,2.450000047683716,2.450000047683716,2.440000057220459,2.444999933242798,1546,0.0,0.0,ARTW,60m
2025-07-16 14:30:00-04:00,2.444999933242798,2.4700000286102295,2.430000066757202,2.4600000381469727,4997,0.0,0.0,ARTW,60m
2025-07-16 15:30:00-04:00,2.4600000381469727,2.4700000286102295,2.450000047683716,2.4700000286102295,3096,0.0,0.0,ARTW,60m
2025-07-17 09:30:00-04:00,2.4107000827789307,2.5,2.380000114440918,2.5,19336,0.0,0.0,ARTW,60m
2025-07-17 10:30:00-04:00,2.4800000190734863,2.5299999713897705,2.4572999477386475,2.5,20220,0.0,0.0,ARTW,60m
2025-07-17 11:30:00-04:00,2.509999990463257,2.569999933242798,2.509999990463257,2.559999942779541,7278,0.0,0.0,ARTW,60m
2025-07-17 12:30:00-04:00,2.559999942779541,2.559999942779541,2.524399995803833,2.5499000549316406,6739,0.0,0.0,ARTW,60m
2025-07-17 13:30:00-04:00,2.5299999713897705,2.559999942779541,2.5199999809265137,2.559999942779541,1357,0.0,0.0,ARTW,60m
2025-07-17 14:30:00-04:00,2.569999933242798,2.569999933242798,2.5450000762939453,2.569999933242798,2743,0.0,0.0,ARTW,60m
2025-07-17 15:30:00-04:00,2.569999933242798,2.569999933242798,2.559999942779541,2.569999933242798,4078,0.0,0.0,ARTW,60m
2025-07-18 09:30:00-04:00,2.575000047683716,2.5999999046325684,2.496500015258789,2.5350000858306885,12473,0.0,0.0,ARTW,60m
2025-07-18 10:30:00-04:00,2.509999990463257,2.6500000953674316,2.509999990463257,2.575000047683716,16604,0.0,0.0,ARTW,60m
2025-07-18 11:30:00-04:00,2.609999895095825,2.609999895095825,2.509999990463257,2.509999990463257,11109,0.0,0.0,ARTW,60m
2025-07-18 12:30:00-04:00,2.5199999809265137,2.5308001041412354,2.5199999809265137,2.5199999809265137,1538,0.0,0.0,ARTW,60m
2025-07-18 13:30:00-04:00,2.5299999713897705,2.5299999713897705,2.509999990463257,2.509999990463257,0,0.0,0.0,ARTW,60m
2025-07-18 14:30:00-04:00,2.515000104904175,2.5399999618530273,2.515000104904175,2.5299999713897705,51817,0.0,0.0,ARTW,60m
2025-07-18 15:30:00-04:00,2.5399999618530273,2.5899999141693115,2.5299999713897705,2.555000066757202,7166,0.0,0.0,ARTW,60m
2025-07-21 09:30:00-04:00,2.6500000953674316,2.740000009536743,2.630000114440918,2.676500082015991,21348,0.0,0.0,ARTW,60m
2025-07-21 10:30:00-04:00,2.6549999713897705,2.6549999713897705,2.5299999713897705,2.625,13512,0.0,0.0,ARTW,60m
2025-07-21 11:30:00-04:00,2.609999895095825,2.6500000953674316,2.57450008392334,2.5899999141693115,15568,0.0,0.0,ARTW,60m
2025-07-21 12:30:00-04:00,2.5999999046325684,2.640000104904175,2.5899999141693115,2.640000104904175,10920,0.0,0.0,ARTW,60m
2025-07-21 13:30:00-04:00,2.5999999046325684,2.690000057220459,2.559999942779541,2.6500000953674316,37556,0.0,0.0,ARTW,60m
2025-07-21 14:30:00-04:00,2.619999885559082,2.7799999713897705,2.609999895095825,2.7699999809265137,14458,0.0,0.0,ARTW,60m
2025-07-21 15:30:00-04:00,2.759999990463257,2.7699999809265137,2.706399917602539,2.75,16924,0.0,0.0,ARTW,60m
2025-07-22 09:30:00-04:00,2.7899999618530273,2.809999942779541,2.6600000858306885,2.7200000286102295,7473,0.0,0.0,ARTW,60m
2025-07-22 10:30:00-04:00,2.7899999618530273,2.799999952316284,2.6800999641418457,2.740000009536743,7389,0.0,0.0,ARTW,60m
2025-07-22 11:30:00-04:00,2.7899999618530273,2.7899999618530273,2.680000066757202,2.7149999141693115,7549,0.0,0.0,ARTW,60m
2025-07-22 12:30:00-04:00,2.7149999141693115,2.759999990463257,2.682300090789795,2.740000009536743,7489,0.0,0.0,ARTW,60m
2025-07-22 13:30:00-04:00,2.740000009536743,2.740000009536743,2.680000066757202,2.7300000190734863,3952,0.0,0.0,ARTW,60m
2025-07-22 14:30:00-04:00,2.7200000286102295,2.7300000190734863,2.694999933242798,2.7200000286102295,13904,0.0,0.0,ARTW,60m
2025-07-22 15:30:00-04:00,2.7200000286102295,2.799999952316284,2.7200000286102295,2.799999952316284,13440,0.0,0.0,ARTW,60m
2025-07-23 09:30:00-04:00,2.809999942779541,2.819999933242798,2.687000036239624,2.809999942779541,9184,0.0,0.0,ARTW,60m
2025-07-23 10:30:00-04:00,2.809999942779541,3.0199999809265137,2.7298998832702637,2.809999942779541,52258,0.0,0.0,ARTW,60m
2025-07-23 11:30:00-04:00,2.799999952316284,2.859999895095825,2.759999990463257,2.805000066757202,15389,0.0,0.0,ARTW,60m
2025-07-23 12:30:00-04:00,2.805000066757202,2.880000114440918,2.759999990463257,2.815000057220459,13100,0.0,0.0,ARTW,60m
2025-07-23 13:30:00-04:00,2.815000057220459,2.8399999141693115,2.7899999618530273,2.815000057220459,11455,0.0,0.0,ARTW,60m
2025-07-23 14:30:00-04:00,2.815000057220459,2.990000009536743,2.815000057220459,2.960099935531616,13003,0.0,0.0,ARTW,60m
2025-07-23 15:30:00-04:00,2.9000000953674316,3.0,2.869999885559082,2.869999885559082,20234,0.0,0.0,ARTW,60m
2025-07-24 09:30:00-04:00,2.890000104904175,2.9000000953674316,2.787899971008301,2.8327999114990234,12797,0.0,0.0,ARTW,60m
2025-07-24 10:30:00-04:00,2.880000114440918,2.880000114440918,2.7799999713897705,2.7808001041412354,9927,0.0,0.0,ARTW,60m
2025-07-24 11:30:00-04:00,2.8499999046325684,2.8499999046325684,2.7699999809265137,2.818000078201294,1394,0.0,0.0,ARTW,60m
2025-07-24 12:30:00-04:00,2.747999906539917,2.747999906539917,2.747999906539917,2.747999906539917,152,0.0,0.0,ARTW,60m
2025-07-24 13:30:00-04:00,2.7149999141693115,2.7149999141693115,2.550100088119507,2.605600118637085,5616,0.0,0.0,ARTW,60m
2025-07-24 14:30:00-04:00,2.5889999866485596,2.690000057220459,2.5889999866485596,2.630000114440918,6096,0.0,0.0,ARTW,60m
2025-07-24 15:30:00-04:00,2.6649999618530273,2.6649999618530273,2.640000104904175,2.640000104904175,487,0.0,0.0,ARTW,60m
2025-07-25 09:30:00-04:00,2.700000047683716,2.75,2.640000104904175,2.740000009536743,8525,0.0,0.0,ARTW,60m
2025-07-25 10:30:00-04:00,2.765199899673462,2.8399999141693115,2.734999895095825,2.8299999237060547,16677,0.0,0.0,ARTW,60m
2025-07-25 11:30:00-04:00,2.7950000762939453,2.8299999237060547,2.7699999809265137,2.7699999809265137,3428,0.0,0.0,ARTW,60m
2025-07-25 12:30:00-04:00,2.765000104904175,2.9482998847961426,2.765000104904175,2.930000066757202,21800,0.0,0.0,ARTW,60m
2025-07-25 13:30:00-04:00,2.950000047683716,2.990000009536743,2.950000047683716,2.990000009536743,5636,0.0,0.0,ARTW,60m
2025-07-25 14:30:00-04:00,2.9649999141693115,3.0,2.9549999237060547,3.0,6999,0.0,0.0,ARTW,60m
2025-07-25 15:30:00-04:00,3.0,3.049999952316284,2.9999001026153564,3.0399999618530273,7347,0.0,0.0,ARTW,60m
2025-07-28 09:30:00-04:00,3.109999895095825,3.449899911880493,3.0999999046325684,3.369999885559082,71554,0.0,0.0,ARTW,60m
2025-07-28 10:30:00-04:00,3.3882999420166016,3.390000104904175,3.2100000381469727,3.3350000381469727,28130,0.0,0.0,ARTW,60m
2025-07-28 11:30:00-04:00,3.319999933242798,3.375,3.309999942779541,3.3547000885009766,26314,0.0,0.0,ARTW,60m
2025-07-28 12:30:00-04:00,3.3550000190734863,3.4014999866485596,3.3524999618530273,3.369999885559082,9443,0.0,0.0,ARTW,60m
2025-07-28 13:30:00-04:00,3.384999990463257,3.384999990463257,3.3499999046325684,3.3589999675750732,3019,0.0,0.0,ARTW,60m
2025-07-28 14:30:00-04:00,3.380000114440918,3.380000114440918,3.3301000595092773,3.3550000190734863,7419,0.0,0.0,ARTW,60m
2025-07-28 15:30:00-04:00,3.3798000812530518,3.4000000953674316,3.3399999141693115,3.4000000953674316,7395,0.0,0.0,ARTW,60m
2025-07-29 09:30:00-04:00,3.450000047683716,3.4800000190734863,3.2799999713897705,3.368799924850464,37720,0.0,0.0,ARTW,60m
2025-07-29 10:30:00-04:00,3.325000047683716,3.325000047683716,3.280400037765503,3.325000047683716,3648,0.0,0.0,ARTW,60m
2025-07-29 11:30:00-04:00,3.280900001525879,3.3666999340057373,3.2799999713897705,3.3666999340057373,5698,0.0,0.0,ARTW,60m
2025-07-29 12:30:00-04:00,3.2899999618530273,3.2899999618530273,3.200000047683716,3.259999990463257,17223,0.0,0.0,ARTW,60m
2025-07-29 13:30:00-04:00,3.234999895095825,3.234999895095825,3.180000066757202,3.2249999046325684,11344,0.0,0.0,ARTW,60m
2025-07-29 14:30:00-04:00,3.2249999046325684,3.2799999713897705,3.2249999046325684,3.259999990463257,2655,0.0,0.0,ARTW,60m
2025-07-29 15:30:00-04:00,3.25,3.25,3.2300000190734863,3.2300000190734863,718,0.0,0.0,ARTW,60m
2025-07-30 09:30:00-04:00,3.130000114440918,3.130000114440918,3.0399999618530273,3.059999942779541,6593,0.0,0.0,ARTW,60m
2025-07-30 10:30:00-04:00,3.0803000926971436,3.2892000675201416,3.051300048828125,3.2799999713897705,35947,0.0,0.0,ARTW,60m
2025-07-30 11:30:00-04:00,3.2750000953674316,3.3299999237060547,3.140000104904175,3.244999885559082,13396,0.0,0.0,ARTW,60m
2025-07-30 12:30:00-04:00,3.244999885559082,3.2750000953674316,3.244999885559082,3.2750000953674316,827,0.0,0.0,ARTW,60m
2025-07-30 13:30:00-04:00,3.2750000953674316,3.2750000953674316,3.062299966812134,3.259999990463257,1714,0.0,0.0,ARTW,60m
2025-07-30 14:30:00-04:00,3.234999895095825,3.234999895095825,3.134999990463257,3.200000047683716,6577,0.0,0.0,ARTW,60m
2025-07-30 15:30:00-04:00,3.190000057220459,3.190000057220459,3.1600000858306885,3.1600000858306885,417,0.0,0.0,ARTW,60m
2025-07-31 09:30:00-04:00,3.0950000286102295,3.0950000286102295,3.0950000286102295,3.0950000286102295,4340,0.0,0.0,ARTW,60m
2025-07-31 10:30:00-04:00,3.069999933242798,3.140000104904175,3.069999933242798,3.140000104904175,0,0.0,0.0,ARTW,60m
2025-07-31 11:30:00-04:00,3.1080000400543213,3.139899969100952,3.0899999141693115,3.1389999389648438,8787,0.0,0.0,ARTW,60m
2025-07-31 12:30:00-04:00,3.119999885559082,3.119999885559082,3.119999885559082,3.119999885559082,213,0.0,0.0,ARTW,60m
2025-07-31 13:30:00-04:00,3.075000047683716,3.075000047683716,3.0404999256134033,3.049999952316284,6394,0.0,0.0,ARTW,60m
2025-07-31 14:30:00-04:00,3.069999933242798,3.0810000896453857,3.069999933242798,3.0769999027252197,2082,0.0,0.0,ARTW,60m
2025-07-31 15:30:00-04:00,3.0864999294281006,3.0864999294281006,3.0864999294281006,3.0864999294281006,125,0.0,0.0,ARTW,60m
2025-08-01 09:30:00-04:00,3.0399999618530273,3.259999990463257,3.0399999618530273,3.259999990463257,4627,0.0,0.0,ARTW,60m
2025-08-01 10:30:00-04:00,3.151099920272827,3.200000047683716,3.1500000953674316,3.1500000953674316,3804,0.0,0.0,ARTW,60m
2025-08-01 11:30:00-04:00,3.2360000610351562,3.255000114440918,3.1500000953674316,3.200000047683716,3017,0.0,0.0,ARTW,60m
2025-08-01 12:30:00-04:00,3.2100000381469727,3.369999885559082,3.1886000633239746,3.369999885559082,7370,0.0,0.0,ARTW,60m
2025-08-01 13:30:00-04:00,3.2750000953674316,3.380000114440918,3.200000047683716,3.2000999450683594,6878,0.0,0.0,ARTW,60m
2025-08-01 14:30:00-04:00,3.2920000553131104,3.3399999141693115,3.2920000553131104,3.3399999141693115,721,0.0,0.0,ARTW,60m
2025-08-01 15:30:00-04:00,3.3299999237060547,3.380000114440918,3.305000066757202,3.369999885559082,10751,0.0,0.0,ARTW,60m
2025-08-04 09:30:00-04:00,3.369999885559082,3.6500000953674316,3.369999885559082,3.5,53785,0.0,0.0,ARTW,60m
2025-08-04 10:30:00-04:00,3.561000108718872,3.561000108718872,3.5271999835968018,3.5348000526428223,2698,0.0,0.0,ARTW,60m
2025-08-04 11:30:00-04:00,3.558000087738037,3.558000087738037,3.4507999420166016,3.4507999420166016,6196,0.0,0.0,ARTW,60m
2025-08-04 12:30:00-04:00,3.4500999450683594,3.505000114440918,3.4500999450683594,3.505000114440918,547,0.0,0.0,ARTW,60m
2025-08-04 13:30:00-04:00,3.492799997329712,3.492799997329712,3.4042000770568848,3.440000057220459,5700,0.0,0.0,ARTW,60m
2025-08-04 14:30:00-04:00,3.440000057220459,3.450000047683716,3.440000057220459,3.440000057220459,3793,0.0,0.0,ARTW,60m
2025-08-04 15:30:00-04:00,3.408799886703491,3.440000057220459,3.408799886703491,3.440000057220459,4322,0.0,0.0,ARTW,60m
2025-08-05 09:30:00-04:00,3.440000057220459,3.511199951171875,3.440000057220459,3.509999990463257,7055,0.0,0.0,ARTW,60m
2025-08-05 10:30:00-04:00,3.555500030517578,3.5799999237060547,3.549999952316284,3.549999952316284,7122,0.0,0.0,ARTW,60m
2025-08-05 11:30:00-04:00,3.5450000762939453,3.549999952316284,3.5000998973846436,3.5383999347686768,6882,0.0,0.0,ARTW,60m
2025-08-05 12:30:00-04:00,3.5299999713897705,3.559999942779541,3.4830000400543213,3.4830000400543213,4371,0.0,0.0,ARTW,60m
2025-08-05 13:30:00-04:00,3.5299999713897705,3.6500000953674316,3.5299999713897705,3.6201000213623047,7491,0.0,0.0,ARTW,60m
2025-08-05 14:30:00-04:00,3.619999885559082,3.700000047683716,3.619999885559082,3.6500000953674316,5464,0.0,0.0,ARTW,60m
2025-08-05 15:30:00-04:00,3.670799970626831,3.689199924468994,3.6700000762939453,3.689199924468994,4428,0.0,0.0,ARTW,60m
2025-08-06 09:30:00-04:00,3.6705000400543213,3.75,3.6500000953674316,3.75,8927,0.0,0.0,ARTW,60m
2025-08-06 10:30:00-04:00,3.75,3.9200000762939453,3.680299997329712,3.909899950027466,39166,0.0,0.0,ARTW,60m
2025-08-06 11:30:00-04:00,3.785799980163574,3.9100000858306885,3.785799980163574,3.9100000858306885,12778,0.0,0.0,ARTW,60m
2025-08-06 12:30:00-04:00,3.9100000858306885,3.9800000190734863,3.8949999809265137,3.9100000858306885,9775,0.0,0.0,ARTW,60m
2025-08-06 13:30:00-04:00,3.950000047683716,4.0,3.90939998626709,3.934999942779541,1839,0.0,0.0,ARTW,60m
2025-08-06 14:30:00-04:00,3.930000066757202,3.9600000381469727,3.890000104904175,3.950000047683716,8657,0.0,0.0,ARTW,60m
2025-08-06 15:30:00-04:00,3.950000047683716,3.950000047683716,3.9200000762939453,3.9200000762939453,1108,0.0,0.0,ARTW,60m
2025-08-07 09:30:00-04:00,3.9800000190734863,4.175000190734863,3.940000057220459,3.9535999298095703,49093,0.0,0.0,ARTW,60m
2025-08-07 10:30:00-04:00,3.8935999870300293,4.019999980926514,3.892899990081787,3.930000066757202,6787,0.0,0.0,ARTW,60m
2025-08-07 11:30:00-04:00,3.822200059890747,3.950000047683716,3.7899999618530273,3.809499979019165,12584,0.0,0.0,ARTW,60m
2025-08-07 12:30:00-04:00,3.808300018310547,3.9600000381469727,3.799999952316284,3.869999885559082,9301,0.0,0.0,ARTW,60m
2025-08-07 13:30:00-04:00,3.8399999141693115,3.880000114440918,3.799999952316284,3.8499999046325684,3783,0.0,0.0,ARTW,60m
2025-08-07 14:30:00-04:00,3.825000047683716,3.8399999141693115,3.690000057220459,3.7249999046325684,18082,0.0,0.0,ARTW,60m
2025-08-07 15:30:00-04:00,3.680000066757202,3.700000047683716,3.680000066757202,3.700000047683716,5023,0.0,0.0,ARTW,60m
2025-08-08 09:30:00-04:00,3.584199905395508,3.7899999618530273,3.4519999027252197,3.7899999618530273,16709,0.0,0.0,ARTW,60m
2025-08-08 10:30:00-04:00,3.75,3.869999885559082,3.75,3.869999885559082,2847,0.0,0.0,ARTW,60m
2025-08-08 11:30:00-04:00,3.859999895095825,3.930000066757202,3.859999895095825,3.930000066757202,13059,0.0,0.0,ARTW,60m
2025-08-08 12:30:00-04:00,3.9277000427246094,3.950000047683716,3.811300039291382,3.811300039291382,3987,0.0,0.0,ARTW,60m
2025-08-08 13:30:00-04:00,3.875,3.9321000576019287,3.875,3.9100000858306885,971,0.0,0.0,ARTW,60m
2025-08-08 14:30:00-04:00,3.890000104904175,3.9100000858306885,3.865000009536743,3.9100000858306885,5700,0.0,0.0,ARTW,60m
2025-08-08 15:30:00-04:00,3.9344000816345215,3.950000047683716,3.9149999618530273,3.950000047683716,7744,0.0,0.0,ARTW,60m
2025-08-11 09:30:00-04:00,3.950000047683716,4.183700084686279,3.950000047683716,4.150000095367432,45723,0.0,0.0,ARTW,60m
2025-08-11 10:30:00-04:00,4.150000095367432,4.179900169372559,4.010000228881836,4.019999980926514,21715,0.0,0.0,ARTW,60m
2025-08-11 11:30:00-04:00,4.010000228881836,4.039999961853027,3.950000047683716,4.014999866485596,11603,0.0,0.0,ARTW,60m
2025-08-11 12:30:00-04:00,4.014999866485596,4.090000152587891,3.98009991645813,4.090000152587891,6265,0.0,0.0,ARTW,60m
2025-08-11 13:30:00-04:00,4.0995001792907715,4.150000095367432,4.0995001792907715,4.131400108337402,16839,0.0,0.0,ARTW,60m
2025-08-11 14:30:00-04:00,4.130000114440918,4.179999828338623,4.048699855804443,4.179999828338623,9653,0.0,0.0,ARTW,60m
2025-08-11 15:30:00-04:00,4.170000076293945,4.230000019073486,4.170000076293945,4.21999979019165,13122,0.0,0.0,ARTW,60m
2025-08-12 09:30:00-04:00,4.179999828338623,4.256999969482422,4.179999828338623,4.256999969482422,2175,0.0,0.0,ARTW,60m
2025-08-12 10:30:00-04:00,4.200500011444092,4.449999809265137,4.200500011444092,4.429999828338623,24989,0.0,0.0,ARTW,60m
2025-08-12 11:30:00-04:00,4.409999847412109,4.598800182342529,4.350100040435791,4.589799880981445,31232,0.0,0.0,ARTW,60m
2025-08-12 12:30:00-04:00,4.590000152587891,4.690000057220459,4.309999942779541,4.369999885559082,56900,0.0,0.0,ARTW,60m
2025-08-12 13:30:00-04:00,4.409999847412109,4.550000190734863,4.400000095367432,4.4791998863220215,31524,0.0,0.0,ARTW,60m
2025-08-12 14:30:00-04:00,4.421000003814697,4.440000057220459,4.25,4.289999961853027,12376,0.0,0.0,ARTW,60m
2025-08-12 15:30:00-04:00,4.320000171661377,4.369500160217285,4.230000019073486,4.260000228881836,0,0.0,0.0,ARTW,60m
2025-08-13 09:30:00-04:00,4.369999885559082,4.449999809265137,4.260000228881836,4.335000038146973,41191,0.0,0.0,ARTW,60m
2025-08-13 10:30:00-04:00,4.28000020980835,4.28000020980835,4.208700180053711,4.275899887084961,15061,0.0,0.0,ARTW,60m
2025-08-13 11:30:00-04:00,4.210000038146973,4.230000019073486,4.199999809265137,4.21999979019165,1564,0.0,0.0,ARTW,60m
2025-08-13 12:30:00-04:00,4.253200054168701,4.253200054168701,4.247099876403809,4.247099876403809,2221,0.0,0.0,ARTW,60m
2025-08-13 13:30:00-04:00,4.210700035095215,4.28000020980835,4.210700035095215,4.260000228881836,3536,0.0,0.0,ARTW,60m
2025-08-13 14:30:00-04:00,4.269999980926514,4.349999904632568,4.150000095367432,4.203000068664551,7901,0.0,0.0,ARTW,60m
2025-08-13 15:30:00-04:00,4.159999847412109,4.199900150299072,4.099999904632568,4.175000190734863,7023,0.0,0.0,ARTW,60m
2025-08-14 09:30:00-04:00,4.179999828338623,4.630000114440918,4.179999828338623,4.46999979019165,27557,0.0,0.0,ARTW,60m
2025-08-14 10:30:00-04:00,4.514999866485596,4.619999885559082,4.435200214385986,4.5808000564575195,21948,0.0,0.0,ARTW,60m
2025-08-14 11:30:00-04:00,4.550000190734863,4.57420015335083,4.380000114440918,4.518099784851074,13035,0.0,0.0,ARTW,60m
2025-08-14 12:30:00-04:00,4.550000190734863,4.550000190734863,4.460000038146973,4.520100116729736,20131,0.0,0.0,ARTW,60m
2025-08-14 13:30:00-04:00,4.514999866485596,4.559999942779541,4.5,4.5,1966,0.0,0.0,ARTW,60m
2025-08-14 14:30:00-04:00,4.5,4.599999904632568,4.5,4.599400043487549,4818,0.0,0.0,ARTW,60m
2025-08-14 15:30:00-04:00,4.550000190734863,4.610000133514404,4.550000190734863,4.605000019073486,5809,0.0,0.0,ARTW,60m
2025-08-15 09:30:00-04:00,4.679999828338623,4.679999828338623,4.400000095367432,4.400000095367432,23033,0.0,0.0,ARTW,60m
2025-08-15 10:30:00-04:00,4.409999847412109,4.46999979019165,4.260000228881836,4.377399921417236,48916,0.0,0.0,ARTW,60m
2025-08-15 11:30:00-04:00,4.349999904632568,4.374599933624268,4.119999885559082,4.199999809265137,26280,0.0,0.0,ARTW,60m
2025-08-15 12:30:00-04:00,4.184999942779541,4.28000020980835,4.184999942779541,4.28000020980835,6503,0.0,0.0,ARTW,60m
2025-08-15 13:30:00-04:00,4.28000020980835,4.289999961853027,4.210000038146973,4.235000133514404,2998,0.0,0.0,ARTW,60m
2025-08-15 14:30:00-04:00,4.2778000831604,4.309999942779541,4.21999979019165,4.300000190734863,8911,0.0,0.0,ARTW,60m
2025-08-15 15:30:00-04:00,4.299900054931641,4.299900054931641,4.269999980926514,4.269999980926514,1899,0.0,0.0,ARTW,60m
2025-08-18 09:30:00-04:00,4.25,4.269999980926514,3.890000104904175,3.930000066757202,61450,0.0,0.0,ARTW,60m
2025-08-18 10:30:00-04:00,3.950000047683716,4.079999923706055,3.9000000953674316,3.9149999618530273,16351,0.0,0.0,ARTW,60m
2025-08-18 11:30:00-04:00,3.8942999839782715,3.9697999954223633,3.640000104904175,3.7400999069213867,29345,0.0,0.0,ARTW,60m
2025-08-18 12:30:00-04:00,3.7850000858306885,3.8994998931884766,3.7850000858306885,3.819999933242798,2360,0.0,0.0,ARTW,60m
2025-08-18 13:30:00-04:00,3.7404000759124756,3.779900074005127,3.50819993019104,3.50819993019104,16393,0.0,0.0,ARTW,60m
2025-08-18 14:30:00-04:00,3.51200008392334,3.569999933242798,3.299999952316284,3.3301000595092773,61322,0.0,0.0,ARTW,60m
2025-08-18 15:30:00-04:00,3.440000057220459,3.5399999618530273,3.4100000858306885,3.449399948120117,29674,0.0,0.0,ARTW,60m
2025-08-19 09:30:00-04:00,3.430000066757202,3.7300000190734863,3.430000066757202,3.6600000858306885,27566,0.0,0.0,ARTW,60m
2025-08-19 10:30:00-04:00,3.6700000762939453,3.6700000762939453,3.5267999172210693,3.563499927520752,23604,0.0,0.0,ARTW,60m
2025-08-19 11:30:00-04:00,3.5648000240325928,3.7151999473571777,3.5490000247955322,3.5701000690460205,35700,0.0,0.0,ARTW,60m
2025-08-19 12:30:00-04:00,3.6289000511169434,3.740000009536743,3.5899999141693115,3.619999885559082,11833,0.0,0.0,ARTW,60m
2025-08-19 13:30:00-04:00,3.690000057220459,3.732800006866455,3.6301000118255615,3.690000057220459,2365,0.0,0.0,ARTW,60m
2025-08-19 14:30:00-04:00,3.680000066757202,3.7300000190734863,3.5999999046325684,3.609999895095825,8332,0.0,0.0,ARTW,60m
2025-08-19 15:30:00-04:00,3.575000047683716,3.575000047683716,3.180000066757202,3.4649999141693115,91556,0.0,0.0,ARTW,60m
2025-08-20 09:30:00-04:00,3.2637999057769775,3.450000047683716,3.140000104904175,3.140000104904175,11122,0.0,0.0,ARTW,60m
2025-08-20 10:30:00-04:00,3.200000047683716,3.200000047683716,3.200000047683716,3.200000047683716,2178,0.0,0.0,ARTW,60m
2025-08-20 11:30:00-04:00,3.385200023651123,3.3968000411987305,3.2674999237060547,3.2950000762939453,3422,0.0,0.0,ARTW,60m
2025-08-20 12:30:00-04:00,3.25,3.25,3.1700000762939453,3.1700000762939453,3339,0.0,0.0,ARTW,60m
2025-08-20 13:30:00-04:00,3.1500000953674316,3.1500000953674316,3.109999895095825,3.115000009536743,12818,0.0,0.0,ARTW,60m
2025-08-20 14:30:00-04:00,3.112299919128418,3.112299919128418,3.059999942779541,3.065000057220459,5646,0.0,0.0,ARTW,60m
2025-08-20 15:30:00-04:00,3.069999933242798,3.130000114440918,3.0299999713897705,3.0799999237060547,16026,0.0,0.0,ARTW,60m
2025-08-21 09:30:00-04:00,3.0999999046325684,3.151700019836426,3.0399999618530273,3.151700019836426,7420,0.0,0.0,ARTW,60m
2025-08-21 10:30:00-04:00,3.1898999214172363,3.309999942779541,3.140000104904175,3.250999927520752,8738,0.0,0.0,ARTW,60m
2025-08-21 11:30:00-04:00,3.247499942779541,3.255000114440918,3.2300000190734863,3.2300000190734863,1226,0.0,0.0,ARTW,60m
2025-08-21 12:30:00-04:00,3.2300000190734863,3.2300000190734863,3.2100000381469727,3.2100000381469727,241,0.0,0.0,ARTW,60m
2025-08-21 13:30:00-04:00,3.3099000453948975,3.3099000453948975,3.3099000453948975,3.3099000453948975,1459,0.0,0.0,ARTW,60m
2025-08-21 14:30:00-04:00,3.2901999950408936,3.305000066757202,3.2699999809265137,3.2699999809265137,2256,0.0,0.0,ARTW,60m
2025-08-21 15:30:00-04:00,3.305000066757202,3.309999942779541,3.25,3.309999942779541,13216,0.0,0.0,ARTW,60m
2025-08-22 09:30:00-04:00,3.2249999046325684,3.2699999809265137,3.180000066757202,3.2116000652313232,5553,0.0,0.0,ARTW,60m
2025-08-22 10:30:00-04:00,3.2200000286102295,3.2290000915527344,3.170099973678589,3.2074999809265137,6961,0.0,0.0,ARTW,60m
2025-08-22 11:30:00-04:00,3.240000009536743,3.240000009536743,3.2300000190734863,3.232100009918213,2651,0.0,0.0,ARTW,60m
2025-08-22 12:30:00-04:00,3.2300000190734863,3.2300000190734863,3.2300000190734863,3.2300000190734863,1292,0.0,0.0,ARTW,60m
2025-08-22 13:30:00-04:00,3.2100000381469727,3.2100000381469727,3.1700000762939453,3.1700000762939453,4995,0.0,0.0,ARTW,60m
2025-08-22 14:30:00-04:00,3.0799999237060547,3.0799999237060547,3.0362000465393066,3.049999952316284,3881,0.0,0.0,ARTW,60m
2025-08-22 15:30:00-04:00,3.0399999618530273,3.0399999618530273,2.940000057220459,2.940000057220459,13479,0.0,0.0,ARTW,60m
2025-08-25 09:30:00-04:00,3.055000066757202,3.3299999237060547,3.009999990463257,3.2701001167297363,84912,0.0,0.0,ARTW,60m
2025-08-25 10:30:00-04:00,3.2743000984191895,3.390000104904175,3.27020001411438,3.305999994277954,8493,0.0,0.0,ARTW,60m
2025-08-25 11:30:00-04:00,3.2664999961853027,3.309999942779541,3.2363998889923096,3.309999942779541,3259,0.0,0.0,ARTW,60m
2025-08-25 12:30:00-04:00,3.2699999809265137,3.2950000762939453,3.2690000534057617,3.2950000762939453,1975,0.0,0.0,ARTW,60m
2025-08-25 13:30:00-04:00,3.299999952316284,3.299999952316284,3.2720999717712402,3.2739999294281006,1552,0.0,0.0,ARTW,60m
2025-08-25 14:30:00-04:00,3.2799999713897705,3.299999952316284,3.2799999713897705,3.299999952316284,1058,0.0,0.0,ARTW,60m
2025-08-25 15:30:00-04:00,3.299999952316284,3.309999942779541,3.25,3.255000114440918,11782,0.0,0.0,ARTW,60m
2025-08-26 09:30:00-04:00,3.25,3.369999885559082,3.25,3.299999952316284,3695,0.0,0.0,ARTW,60m
2025-08-26 10:30:00-04:00,3.349900007247925,3.349900007247925,3.2799999713897705,3.305000066757202,2150,0.0,0.0,ARTW,60m
2025-08-26 11:30:00-04:00,3.319999933242798,3.3399999141693115,3.309999942779541,3.309999942779541,4896,0.0,0.0,ARTW,60m
2025-08-26 12:30:00-04:00,3.2899999618530273,3.339900016784668,3.2899999618530273,3.305000066757202,675,0.0,0.0,ARTW,60m
2025-08-26 13:30:00-04:00,3.2699999809265137,3.2769999504089355,3.240000009536743,3.2769999504089355,5830,0.0,0.0,ARTW,60m
2025-08-26 14:30:00-04:00,3.234999895095825,3.2699999809265137,3.059999942779541,3.180000066757202,7115,0.0,0.0,ARTW,60m
2025-08-26 15:30:00-04:00,3.100100040435791,3.121000051498413,3.0453999042510986,3.049999952316284,6708,0.0,0.0,ARTW,60m
2025-08-27 09:30:00-04:00,3.0504000186920166,3.109999895095825,3.0504000186920166,3.1050000190734863,6588,0.0,0.0,ARTW,60m
2025-08-27 10:30:00-04:00,3.140000104904175,3.140000104904175,3.140000104904175,3.140000104904175,189,0.0,0.0,ARTW,60m
2025-08-27 11:30:00-04:00,3.0797998905181885,3.115000009536743,3.069999933242798,3.069999933242798,2411,0.0,0.0,ARTW,60m
2025-08-27 12:30:00-04:00,3.059999942779541,3.059999942779541,3.0199999809265137,3.0201001167297363,7890,0.0,0.0,ARTW,60m
2025-08-27 13:30:00-04:00,3.0201001167297363,3.1898999214172363,3.0201001167297363,3.0799999237060547,36185,0.0,0.0,ARTW,60m
2025-08-27 14:30:00-04:00,3.023099899291992,3.023099899291992,3.023099899291992,3.023099899291992,525,0.0,0.0,ARTW,60m
2025-08-27 15:30:00-04:00,3.0288000106811523,3.0799999237060547,3.009999990463257,3.015000104904175,6031,0.0,0.0,ARTW,60m
2025-08-28 09:30:00-04:00,3.2119998931884766,3.2119998931884766,3.0950000286102295,3.0950000286102295,2727,0.0,0.0,ARTW,60m
2025-08-28 10:30:00-04:00,3.140000104904175,3.140000104904175,3.140000104904175,3.140000104904175,110,0.0,0.0,ARTW,60m
2025-08-28 11:30:00-04:00,3.240000009536743,3.2499001026153564,3.069999933242798,3.069999933242798,2580,0.0,0.0,ARTW,60m
2025-08-28 12:30:00-04:00,3.2334001064300537,3.2334001064300537,3.1744000911712646,3.1744000911712646,1189,0.0,0.0,ARTW,60m
2025-08-28 13:30:00-04:00,3.1589999198913574,3.1589999198913574,3.119999885559082,3.119999885559082,393,0.0,0.0,ARTW,60m
2025-08-28 14:30:00-04:00,3.180000066757202,3.180000066757202,3.151400089263916,3.151400089263916,1154,0.0,0.0,ARTW,60m
2025-08-28 15:30:00-04:00,3.110100030899048,3.13319993019104,3.0899999141693115,3.109999895095825,1797,0.0,0.0,ARTW,60m
2025-08-29 09:30:00-04:00,3.049999952316284,3.1043999195098877,2.990000009536743,2.990000009536743,3142,0.0,0.0,ARTW,60m
2025-08-29 10:30:00-04:00,3.009999990463257,3.098299980163574,2.9600000381469727,2.979599952697754,3286,0.0,0.0,ARTW,60m
2025-08-29 11:30:00-04:00,3.0899999141693115,3.0899999141693115,3.0350000858306885,3.052500009536743,2030,0.0,0.0,ARTW,60m
2025-08-29 12:30:00-04:00,3.0401999950408936,3.0401999950408936,3.0401999950408936,3.0401999950408936,1088,0.0,0.0,ARTW,60m
2025-08-29 13:30:00-04:00,3.069999933242798,3.0899999141693115,3.069999933242798,3.0899999141693115,237,0.0,0.0,ARTW,60m
2025-08-29 14:30:00-04:00,3.0601000785827637,3.0999999046325684,3.0601000785827637,3.0999999046325684,481,0.0,0.0,ARTW,60m
2025-08-29 15:30:00-04:00,3.0999999046325684,3.119999885559082,3.0801000595092773,3.0801000595092773,2938,0.0,0.0,ARTW,60m
2025-09-02 09:30:00-04:00,3.1500000953674316,3.4000000953674316,3.1500000953674316,3.4000000953674316,13103,0.0,0.0,ARTW,60m
2025-09-02 10:30:00-04:00,3.434299945831299,3.434299945831299,3.390000104904175,3.4000000953674316,2463,0.0,0.0,ARTW,60m
2025-09-02 11:30:00-04:00,3.426500082015991,3.426500082015991,3.3592000007629395,3.3592000007629395,2216,0.0,0.0,ARTW,60m
2025-09-02 12:30:00-04:00,3.369999885559082,3.5299999713897705,3.369999885559082,3.529599905014038,11288,0.0,0.0,ARTW,60m
2025-09-02 13:30:00-04:00,3.5190000534057617,3.534899950027466,3.4697999954223633,3.5299999713897705,4522,0.0,0.0,ARTW,60m
2025-09-02 14:30:00-04:00,3.5035998821258545,3.5035998821258545,3.5035998821258545,3.5035998821258545,250,0.0,0.0,ARTW,60m
2025-09-02 15:30:00-04:00,3.5,3.5999999046325684,3.4649999141693115,3.545799970626831,22998,0.0,0.0,ARTW,60m
2025-09-03 09:30:00-04:00,3.549999952316284,3.7221999168395996,3.48009991645813,3.599100112915039,18987,0.0,0.0,ARTW,60m
2025-09-03 10:30:00-04:00,3.4403998851776123,3.4403998851776123,3.4000000953674316,3.4000000953674316,2607,0.0,0.0,ARTW,60m
2025-09-03 11:30:00-04:00,3.444999933242798,3.444999933242798,3.4000000953674316,3.4137001037597656,2258,0.0,0.0,ARTW,60m
2025-09-03 12:30:00-04:00,3.4000000953674316,3.4000000953674316,3.3299999237060547,3.344399929046631,3544,0.0,0.0,ARTW,60m
2025-09-03 13:30:00-04:00,3.309999942779541,3.359999895095825,3.25,3.315000057220459,1555,0.0,0.0,ARTW,60m
2025-09-03 14:30:00-04:00,3.3798000812530518,3.3798000812530518,3.3798000812530518,3.3798000812530518,1620,0.0,0.0,ARTW,60m
2025-09-03 15:30:00-04:00,3.309999942779541,3.309999942779541,3.309999942779541,3.309999942779541,303,0.0,0.0,ARTW,60m
2025-09-04 09:30:00-04:00,3.249000072479248,3.315000057220459,3.249000072479248,3.299999952316284,5272,0.0,0.0,ARTW,60m
2025-09-04 10:30:00-04:00,3.2792000770568848,3.2792000770568848,3.2639999389648438,3.2639999389648438,1753,0.0,0.0,ARTW,60m
2025-09-04 11:30:00-04:00,3.2880001068115234,3.2880001068115234,3.2827999591827393,3.2827999591827393,615,0.0,0.0,ARTW,60m
2025-09-04 12:30:00-04:00,3.286900043487549,3.286900043487549,3.2504000663757324,3.2504000663757324,2353,0.0,0.0,ARTW,60m
2025-09-04 13:30:00-04:00,3.2899999618530273,3.299999952316284,3.2899999618530273,3.299999952316284,793,0.0,0.0,ARTW,60m
2025-09-05 09:30:00-04:00,3.3873000144958496,3.4298999309539795,3.3873000144958496,3.4298999309539795,4494,0.0,0.0,ARTW,60m
2025-09-05 10:30:00-04:00,3.319999933242798,3.319999933242798,3.259999990463257,3.259999990463257,1682,0.0,0.0,ARTW,60m
2025-09-05 11:30:00-04:00,3.25,3.25,3.25,3.25,2302,0.0,0.0,ARTW,60m
2025-09-05 12:30:00-04:00,3.309299945831299,3.309299945831299,3.309299945831299,3.309299945831299,7409,0.0,0.0,ARTW,60m
2025-09-05 13:30:00-04:00,3.255199909210205,3.255199909210205,3.255199909210205,3.255199909210205,1152,0.0,0.0,ARTW,60m
2025-09-05 15:30:00-04:00,3.2100000381469727,3.2100000381469727,3.2100000381469727,3.2100000381469727,719,0.0,0.0,ARTW,60m
2025-09-08 09:30:00-04:00,3.2209999561309814,3.2646000385284424,3.105600118637085,3.134999990463257,10320,0.0,0.0,ARTW,60m
2025-09-08 10:30:00-04:00,3.140000104904175,3.2918999195098877,3.140000104904175,3.2918999195098877,1297,0.0,0.0,ARTW,60m
2025-09-08 11:30:00-04:00,3.220099925994873,3.220099925994873,3.1700000762939453,3.1700000762939453,928,0.0,0.0,ARTW,60m
2025-09-08 12:30:00-04:00,3.240499973297119,3.240499973297119,3.240499973297119,3.240499973297119,252,0.0,0.0,ARTW,60m
2025-09-08 13:30:00-04:00,3.190000057220459,3.203399896621704,3.1700000762939453,3.203399896621704,849,0.0,0.0,ARTW,60m
2025-09-08 14:30:00-04:00,3.25,3.287100076675415,3.190000057220459,3.2230000495910645,2746,0.0,0.0,ARTW,60m
2025-09-08 15:30:00-04:00,3.200000047683716,3.200000047683716,3.140000104904175,3.1500000953674316,8247,0.0,0.0,ARTW,60m
2025-09-09 09:30:00-04:00,3.319999933242798,3.319999933242798,3.1073999404907227,3.2915000915527344,4478,0.0,0.0,ARTW,60m
2025-09-09 10:30:00-04:00,3.1500000953674316,3.1500000953674316,3.1500000953674316,3.1500000953674316,6152,0.0,0.0,ARTW,60m
2025-09-09 11:30:00-04:00,3.1500000953674316,3.1500000953674316,3.1500000953674316,3.1500000953674316,972,0.0,0.0,ARTW,60m
2025-09-09 13:30:00-04:00,3.049999952316284,3.109999895095825,3.049999952316284,3.109999895095825,3379,0.0,0.0,ARTW,60m
2025-09-09 14:30:00-04:00,3.011399984359741,3.069200038909912,3.011399984359741,3.069200038909912,4512,0.0,0.0,ARTW,60m
2025-09-09 15:30:00-04:00,3.138700008392334,3.138700008392334,3.075000047683716,3.0799999237060547,3710,0.0,0.0,ARTW,60m
2025-09-10 09:30:00-04:00,3.0,3.1500000953674316,3.0,3.0799999237060547,4247,0.0,0.0,ARTW,60m
2025-09-10 10:30:00-04:00,3.0299999713897705,3.0799999237060547,3.009999990463257,3.009999990463257,1910,0.0,0.0,ARTW,60m
2025-09-10 11:30:00-04:00,3.0399999618530273,3.1786000728607178,3.0399999618530273,3.1786000728607178,4721,0.0,0.0,ARTW,60m
2025-09-10 12:30:00-04:00,3.180000066757202,3.180000066757202,3.140000104904175,3.180000066757202,1116,0.0,0.0,ARTW,60m
2025-09-10 13:30:00-04:00,3.1600000858306885,3.1600000858306885,3.1600000858306885,3.1600000858306885,487,0.0,0.0,ARTW,60m
2025-09-10 14:30:00-04:00,3.1600000858306885,3.200000047683716,3.134999990463257,3.180000066757202,4894,0.0,0.0,ARTW,60m
2025-09-10 15:30:00-04:00,3.119999885559082,3.1600000858306885,3.0950000286102295,3.0950000286102295,1012,0.0,0.0,ARTW,60m
2025-09-11 09:30:00-04:00,3.1700000762939453,3.180000066757202,3.121999979019165,3.180000066757202,2607,0.0,0.0,ARTW,60m
2025-09-11 10:30:00-04:00,3.188699960708618,3.200000047683716,3.091599941253662,3.180000066757202,847,0.0,0.0,ARTW,60m
2025-09-11 11:30:00-04:00,3.1500000953674316,3.200000047683716,3.1500000953674316,3.190000057220459,1881,0.0,0.0,ARTW,60m
2025-09-11 13:30:00-04:00,3.1700000762939453,3.200000047683716,3.1600000858306885,3.184999942779541,5880,0.0,0.0,ARTW,60m
2025-09-11 14:30:00-04:00,3.194999933242798,3.2300000190734863,3.180000066757202,3.2200000286102295,2808,0.0,0.0,ARTW,60m
2025-09-11 15:30:00-04:00,3.155100107192993,3.2699999809265137,3.155100107192993,3.184999942779541,5994,0.0,0.0,ARTW,60m
2025-09-12 09:30:00-04:00,3.200000047683716,3.200000047683716,3.1459999084472656,3.1459999084472656,6041,0.0,0.0,ARTW,60m
2025-09-12 10:30:00-04:00,3.1993000507354736,3.1993000507354736,3.152400016784668,3.152400016784668,0,0.0,0.0,ARTW,60m
2025-09-12 12:30:00-04:00,3.1549999713897705,3.1549999713897705,3.1549999713897705,3.1549999713897705,582,0.0,0.0,ARTW,60m
2025-09-12 14:30:00-04:00,3.109999895095825,3.1600000858306885,2.8901000022888184,2.9200000762939453,27087,0.0,0.0,ARTW,60m
2025-09-12 15:30:00-04:00,2.930000066757202,2.950000047683716,2.8901000022888184,2.9200000762939453,7067,0.0,0.0,ARTW,60m
2025-09-15 09:30:00-04:00,3.069999933242798,3.223900079727173,3.065999984741211,3.119999885559082,19461,0.0,0.0,ARTW,60m
2025-09-15 10:30:00-04:00,3.0799999237060547,3.117500066757202,3.059999942779541,3.059999942779541,2444,0.0,0.0,ARTW,60m
2025-09-15 11:30:00-04:00,3.063999891281128,3.0899999141693115,3.0199999809265137,3.0299999713897705,21178,0.0,0.0,ARTW,60m
2025-09-15 12:30:00-04:00,3.0199999809265137,3.0399999618530273,3.0199999809265137,3.0299999713897705,1400,0.0,0.0,ARTW,60m
2025-09-15 13:30:00-04:00,3.0199999809265137,3.0299999713897705,2.990000009536743,3.0299999713897705,7995,0.0,0.0,ARTW,60m
2025-09-15 14:30:00-04:00,3.0199999809265137,3.130000114440918,3.002000093460083,3.0899999141693115,18143,0.0,0.0,ARTW,60m
2025-09-15 15:30:00-04:00,3.0999999046325684,3.0999999046325684,3.0299999713897705,3.0399999618530273,2931,0.0,0.0,ARTW,60m
2025-09-16 09:30:00-04:00,3.09879994392395,3.1301000118255615,3.0987000465393066,3.1301000118255615,3972,0.0,0.0,ARTW,60m
2025-09-16 10:30:00-04:00,3.119999885559082,3.1231000423431396,3.0899999141693115,3.0899999141693115,6889,0.0,0.0,ARTW,60m
2025-09-16 11:30:00-04:00,3.0799999237060547,3.0799999237060547,3.059999942779541,3.059999942779541,3647,0.0,0.0,ARTW,60m
2025-09-16 12:30:00-04:00,3.0439999103546143,3.0439999103546143,3.0439999103546143,3.0439999103546143,787,0.0,0.0,ARTW,60m
2025-09-16 13:30:00-04:00,2.9823999404907227,2.9823999404907227,2.9700000286102295,2.970400094985962,4153,0.0,0.0,ARTW,60m
2025-09-16 14:30:00-04:00,2.9200000762939453,3.009000062942505,2.9000000953674316,2.930000066757202,7633,0.0,0.0,ARTW,60m
2025-09-16 15:30:00-04:00,2.940000057220459,2.940000057220459,2.9000000953674316,2.930000066757202,3306,0.0,0.0,ARTW,60m
2025-09-17 09:30:00-04:00,3.0274999141693115,3.0480000972747803,3.0274999141693115,3.0480000972747803,2060,0.0,0.0,ARTW,60m
2025-09-17 10:30:00-04:00,2.994999885559082,2.994999885559082,2.890000104904175,2.9000000953674316,2112,0.0,0.0,ARTW,60m
2025-09-17 11:30:00-04:00,2.890000104904175,2.959700107574463,2.859999895095825,2.859999895095825,8801,0.0,0.0,ARTW,60m
2025-09-17 12:30:00-04:00,2.859999895095825,2.859999895095825,2.752000093460083,2.8550000190734863,12598,0.0,0.0,ARTW,60m
2025-09-17 13:30:00-04:00,2.861599922180176,2.9093000888824463,2.822000026702881,2.9093000888824463,2015,0.0,0.0,ARTW,60m
2025-09-17 14:30:00-04:00,2.875,2.875,2.759999990463257,2.7699999809265137,11299,0.0,0.0,ARTW,60m
2025-09-17 15:30:00-04:00,2.759999990463257,2.7699999809265137,2.6449999809265137,2.6449999809265137,7175,0.0,0.0,ARTW,60m
2025-09-18 09:30:00-04:00,2.640000104904175,2.7799999713897705,2.640000104904175,2.73799991607666,6404,0.0,0.0,ARTW,60m
2025-09-18 10:30:00-04:00,2.809999942779541,2.809999942779541,2.809999942779541,2.809999942779541,1289,0.0,0.0,ARTW,60m
2025-09-18 11:30:00-04:00,2.7699999809265137,2.829900026321411,2.7699999809265137,2.825000047683716,1783,0.0,0.0,ARTW,60m
2025-09-18 12:30:00-04:00,2.8698999881744385,2.8698999881744385,2.799999952316284,2.799999952316284,2264,0.0,0.0,ARTW,60m
2025-09-18 13:30:00-04:00,2.799999952316284,2.809999942779541,2.799999952316284,2.809999942779541,1074,0.0,0.0,ARTW,60m
2025-09-18 14:30:00-04:00,2.799999952316284,2.8299999237060547,2.799999952316284,2.799999952316284,1312,0.0,0.0,ARTW,60m
2025-09-18 15:30:00-04:00,2.825000047683716,2.825000047683716,2.7950000762939453,2.7950000762939453,1449,0.0,0.0,ARTW,60m
2025-09-19 09:30:00-04:00,2.9000000953674316,2.9000000953674316,2.9000000953674316,2.9000000953674316,4223,0.0,0.0,ARTW,60m
2025-09-19 10:30:00-04:00,2.819999933242798,2.819999933242798,2.7100000381469727,2.7200000286102295,4134,0.0,0.0,ARTW,60m
2025-09-19 11:30:00-04:00,2.759999990463257,2.759999990463257,2.75,2.75,1105,0.0,0.0,ARTW,60m
2025-09-19 12:30:00-04:00,2.744999885559082,2.7750000953674316,2.740000009536743,2.740000009536743,2244,0.0,0.0,ARTW,60m
2025-09-19 13:30:00-04:00,2.75,2.75,2.75,2.75,1792,0.0,0.0,ARTW,60m
2025-09-19 14:30:00-04:00,2.7300000190734863,2.7300000190734863,2.640000104904175,2.7100000381469727,4810,0.0,0.0,ARTW,60m
2025-09-19 15:30:00-04:00,2.7200000286102295,2.7200000286102295,2.700000047683716,2.7100000381469727,1332,0.0,0.0,ARTW,60m
2025-09-22 09:30:00-04:00,2.7699999809265137,2.8499999046325684,2.750200033187866,2.8299999237060547,12446,0.0,0.0,ARTW,60m
2025-09-22 10:30:00-04:00,2.799999952316284,2.8083999156951904,2.7699999809265137,2.782599925994873,4363,0.0,0.0,ARTW,60m
2025-09-22 11:30:00-04:00,2.799999952316284,2.799999952316284,2.799999952316284,2.799999952316284,749,0.0,0.0,ARTW,60m
2025-09-22 13:30:00-04:00,2.760499954223633,2.799999952316284,2.740000009536743,2.799999952316284,21115,0.0,0.0,ARTW,60m
2025-09-22 15:30:00-04:00,2.75,2.759999990463257,2.740000009536743,2.744999885559082,1243,0.0,0.0,ARTW,60m
2025-09-23 09:30:00-04:00,2.7300000190734863,2.7300000190734863,2.678999900817871,2.678999900817871,1518,0.0,0.0,ARTW,60m
2025-09-23 10:30:00-04:00,2.684999942779541,2.70989990234375,2.6649999618530273,2.684999942779541,2044,0.0,0.0,ARTW,60m
2025-09-23 11:30:00-04:00,2.6600000858306885,2.678999900817871,2.6600000858306885,2.6700000762939453,8873,0.0,0.0,ARTW,60m
2025-09-23 12:30:00-04:00,2.679800033569336,2.679800033569336,2.625,2.625,7747,0.0,0.0,ARTW,60m
2025-09-23 13:30:00-04:00,2.6275999546051025,2.630000114440918,2.6275999546051025,2.630000114440918,686,0.0,0.0,ARTW,60m
2025-09-23 14:30:00-04:00,2.6224000453948975,2.6224000453948975,2.6224000453948975,2.6224000453948975,939,0.0,0.0,ARTW,60m
2025-09-23 15:30:00-04:00,2.630000114440918,2.630000114440918,2.605600118637085,2.605600118637085,1588,0.0,0.0,ARTW,60m
2025-09-24 09:30:00-04:00,2.740000009536743,2.740000009536743,2.6600000858306885,2.6842000484466553,10253,0.0,0.0,ARTW,60m
2025-09-24 10:30:00-04:00,2.700000047683716,2.700000047683716,2.6600000858306885,2.6600000858306885,930,0.0,0.0,ARTW,60m
2025-09-24 11:30:00-04:00,2.6738998889923096,2.690000057220459,2.6738998889923096,2.690000057220459,1774,0.0,0.0,ARTW,60m
2025-09-24 13:30:00-04:00,2.690000057220459,2.690000057220459,2.650099992752075,2.680000066757202,1769,0.0,0.0,ARTW,60m
2025-09-24 14:30:00-04:00,2.6600000858306885,2.700000047683716,2.6600000858306885,2.700000047683716,623,0.0,0.0,ARTW,60m
2025-09-24 15:30:00-04:00,2.700000047683716,2.735100030899048,2.6600000858306885,2.700000047683716,1571,0.0,0.0,ARTW,60m
2025-09-25 09:30:00-04:00,2.6500000953674316,2.6649999618530273,2.6201000213623047,2.6201000213623047,4264,0.0,0.0,ARTW,60m
2025-09-25 10:30:00-04:00,2.619999885559082,2.619999885559082,2.619999885559082,2.619999885559082,299,0.0,0.0,ARTW,60m
2025-09-25 11:30:00-04:00,2.6500000953674316,2.6500000953674316,2.6500000953674316,2.6500000953674316,173,0.0,0.0,ARTW,60m
2025-09-25 12:30:00-04:00,2.6301000118255615,2.6301000118255615,2.6301000118255615,2.6301000118255615,3054,0.0,0.0,ARTW,60m
2025-09-25 13:30:00-04:00,2.6549999713897705,2.6600000858306885,2.6500000953674316,2.6600000858306885,459,0.0,0.0,ARTW,60m
2025-09-25 14:30:00-04:00,2.6500000953674316,2.6500000953674316,2.6500000953674316,2.6500000953674316,253,0.0,0.0,ARTW,60m
2025-09-25 15:30:00-04:00,2.6549999713897705,2.6549999713897705,2.6549999713897705,2.6549999713897705,0,0.0,0.0,ARTW,60m
2025-09-26 09:30:00-04:00,2.40910005569458,2.628200054168701,2.40910005569458,2.5776000022888184,2211,0.0,0.0,ARTW,60m
2025-09-26 10:30:00-04:00,2.5399999618530273,2.5399999618530273,2.5399999618530273,2.5399999618530273,508,0.0,0.0,ARTW,60m
2025-09-26 11:30:00-04:00,2.5659000873565674,2.569999933242798,2.5659000873565674,2.569999933242798,603,0.0,0.0,ARTW,60m
2025-09-26 12:30:00-04:00,2.55049991607666,2.563999891281128,2.549999952316284,2.559999942779541,3203,0.0,0.0,ARTW,60m
2025-09-26 13:30:00-04:00,2.559999942779541,2.559999942779541,2.549999952316284,2.549999952316284,294,0.0,0.0,ARTW,60m
2025-09-26 14:30:00-04:00,2.549999952316284,2.549999952316284,2.450000047683716,2.507999897003174,5812,0.0,0.0,ARTW,60m
2025-09-26 15:30:00-04:00,2.5199999809265137,2.5350000858306885,2.490000009536743,2.5,4175,0.0,0.0,ARTW,60m
2025-09-29 09:30:00-04:00,2.5399999618530273,2.5399999618530273,2.509999990463257,2.509999990463257,1114,0.0,0.0,ARTW,60m
2025-09-29 10:30:00-04:00,2.509999990463257,2.509999990463257,2.450000047683716,2.450000047683716,2093,0.0,0.0,ARTW,60m
2025-09-29 11:30:00-04:00,2.450000047683716,2.4600000381469727,2.450000047683716,2.4600000381469727,754,0.0,0.0,ARTW,60m
2025-09-29 12:30:00-04:00,2.499799966812134,2.499799966812134,2.430000066757202,2.4600000381469727,4710,0.0,0.0,ARTW,60m
2025-09-29 13:30:00-04:00,2.457900047302246,2.4600000381469727,2.446000099182129,2.4600000381469727,1096,0.0,0.0,ARTW,60m
2025-09-29 14:30:00-04:00,2.4449000358581543,2.4449000358581543,2.359999895095825,2.359999895095825,5462,0.0,0.0,ARTW,60m
2025-09-29 15:30:00-04:00,2.359999895095825,2.424099922180176,2.359999895095825,2.4200000762939453,2326,0.0,0.0,ARTW,60m
2025-09-30 09:30:00-04:00,2.380000114440918,2.5199999809265137,2.200000047683716,2.5199999809265137,14896,0.0,0.0,ARTW,60m
2025-09-30 10:30:00-04:00,2.5299999713897705,2.5299999713897705,2.4700000286102295,2.4700000286102295,2861,0.0,0.0,ARTW,60m
2025-09-30 11:30:00-04:00,2.4600000381469727,2.4600000381469727,2.4600000381469727,2.4600000381469727,257,0.0,0.0,ARTW,60m
2025-09-30 13:30:00-04:00,2.4749999046325684,2.498199939727783,2.457900047302246,2.482300043106079,2633,0.0,0.0,ARTW,60m
2025-09-30 14:30:00-04:00,2.4800000190734863,2.4800000190734863,2.4800000190734863,2.4800000190734863,420,0.0,0.0,ARTW,60m
2025-10-01 09:30:00-04:00,2.490000009536743,2.5100998878479004,2.490000009536743,2.5100998878479004,1119,0.0,0.0,ARTW,60m
2025-10-01 10:30:00-04:00,2.540800094604492,2.5899999141693115,2.540800094604492,2.5555999279022217,4701,0.0,0.0,ARTW,60m
2025-10-01 11:30:00-04:00,2.569999933242798,2.609999895095825,2.559999942779541,2.600600004196167,12406,0.0,0.0,ARTW,60m
2025-10-01 12:30:00-04:00,2.640000104904175,2.687999963760376,2.569999933242798,2.569999933242798,6283,0.0,0.0,ARTW,60m
2025-10-01 13:30:00-04:00,2.6175999641418457,2.6175999641418457,2.5899999141693115,2.5899999141693115,1399,0.0,0.0,ARTW,60m
2025-10-01 14:30:00-04:00,2.6050000190734863,2.6500000953674316,2.6050000190734863,2.6500000953674316,4112,0.0,0.0,ARTW,60m
2025-10-01 15:30:00-04:00,2.609999895095825,2.609999895095825,2.609999895095825,2.609999895095825,250,0.0,0.0,ARTW,60m
2025-10-02 09:30:00-04:00,2.640000104904175,2.7799999713897705,2.640000104904175,2.7799999713897705,1339,0.0,0.0,ARTW,60m
2025-10-02 10:30:00-04:00,2.684999942779541,2.748199939727783,2.684999942779541,2.699899911880493,1015,0.0,0.0,ARTW,60m
2025-10-02 11:30:00-04:00,2.740000009536743,2.740000009536743,2.7086000442504883,2.7086000442504883,1851,0.0,0.0,ARTW,60m
2025-10-02 12:30:00-04:00,2.7100000381469727,2.7300000190734863,2.700000047683716,2.700000047683716,3702,0.0,0.0,ARTW,60m
2025-10-02 13:30:00-04:00,2.700000047683716,2.7046000957489014,2.700000047683716,2.7046000957489014,788,0.0,0.0,ARTW,60m
2025-10-02 14:30:00-04:00,2.7530999183654785,2.759999990463257,2.75,2.7588000297546387,4335,0.0,0.0,ARTW,60m
2025-10-02 15:30:00-04:00,2.9165000915527344,2.9200000762939453,2.819999933242798,2.9200000762939453,5108,0.0,0.0,ARTW,60m
2025-10-03 09:30:00-04:00,2.869999885559082,2.9200000762939453,2.859999895095825,2.859999895095825,14646,0.0,0.0,ARTW,60m
2025-10-03 10:30:00-04:00,2.8933000564575195,2.8933000564575195,2.8450000286102295,2.8450000286102295,2599,0.0,0.0,ARTW,60m
2025-10-03 11:30:00-04:00,2.848400115966797,2.9100000858306885,2.819999933242798,2.875,7872,0.0,0.0,ARTW,60m
2025-10-03 12:30:00-04:00,2.8499999046325684,2.8499999046325684,2.8399999141693115,2.8399999141693115,1375,0.0,0.0,ARTW,60m
2025-10-03 13:30:00-04:00,2.8399999141693115,2.8399999141693115,2.799999952316284,2.799999952316284,2068,0.0,0.0,ARTW,60m
2025-10-03 14:30:00-04:00,2.799999952316284,2.799999952316284,2.7899999618530273,2.799999952316284,1227,0.0,0.0,ARTW,60m
2025-10-03 15:30:00-04:00,2.799999952316284,2.799999952316284,2.799999952316284,2.799999952316284,759,0.0,0.0,ARTW,60m
2025-10-06 09:30:00-04:00,2.700000047683716,2.7899999618530273,2.700000047683716,2.7899999618530273,4825,0.0,0.0,ARTW,60m
2025-10-06 10:30:00-04:00,2.7565999031066895,2.799999952316284,2.7207999229431152,2.755199909210205,4157,0.0,0.0,ARTW,60m
2025-10-06 11:30:00-04:00,2.759999990463257,2.759999990463257,2.740000009536743,2.740999937057495,3547,0.0,0.0,ARTW,60m
2025-10-06 12:30:00-04:00,2.7300000190734863,2.7300000190734863,2.5999999046325684,2.6549999713897705,9648,0.0,0.0,ARTW,60m
2025-10-06 13:30:00-04:00,2.6600000858306885,2.6600000858306885,2.6119000911712646,2.640000104904175,2279,0.0,0.0,ARTW,60m
2025-10-06 14:30:00-04:00,2.664099931716919,2.664099931716919,2.6600000858306885,2.6600000858306885,2057,0.0,0.0,ARTW,60m
2025-10-06 15:30:00-04:00,2.6600000858306885,2.7300000190734863,2.6600000858306885,2.7300000190734863,3686,0.0,0.0,ARTW,60m
2025-10-07 09:30:00-04:00,2.740000009536743,2.859999895095825,2.7300000190734863,2.859999895095825,17971,0.0,0.0,ARTW,60m
2025-10-07 10:30:00-04:00,2.855299949645996,2.887200117111206,2.8499999046325684,2.887200117111206,1506,0.0,0.0,ARTW,60m
2025-10-07 11:30:00-04:00,2.8861000537872314,2.909899950027466,2.850600004196167,2.884999990463257,13790,0.0,0.0,ARTW,60m
2025-10-07 12:30:00-04:00,2.8299999237060547,2.8399999141693115,2.8299999237060547,2.8399999141693115,418,0.0,0.0,ARTW,60m
2025-10-07 13:30:00-04:00,2.8399999141693115,2.8399999141693115,2.8399999141693115,2.8399999141693115,737,0.0,0.0,ARTW,60m
2025-10-07 15:30:00-04:00,2.8199000358581543,2.8749001026153564,2.799999952316284,2.8399999141693115,3708,0.0,0.0,ARTW,60m
2025-10-08 09:30:00-04:00,2.8399999141693115,3.049999952316284,2.8399999141693115,3.0199999809265137,8485,0.0,0.0,ARTW,60m
2025-10-08 10:30:00-04:00,2.9649999141693115,2.994999885559082,2.8289999961853027,2.994999885559082,1502,0.0,0.0,ARTW,60m
2025-10-08 11:30:00-04:00,2.990000009536743,3.009999990463257,2.990000009536743,3.008699893951416,1941,0.0,0.0,ARTW,60m
2025-10-08 12:30:00-04:00,2.9885001182556152,2.9885001182556152,2.9600000381469727,2.9600000381469727,491,0.0,0.0,ARTW,60m
2025-10-08 13:30:00-04:00,3.0,3.059999942779541,2.9800000190734863,3.0,16664,0.0,0.0,ARTW,60m
2025-10-08 14:30:00-04:00,2.9600000381469727,3.009999990463257,2.9600000381469727,2.9860000610351562,3667,0.0,0.0,ARTW,60m
2025-10-08 15:30:00-04:00,3.0,3.069999933242798,2.990000009536743,3.069999933242798,12638,0.0,0.0,ARTW,60m
2025-10-09 09:30:00-04:00,3.5,3.5,3.1596999168395996,3.2899999618530273,11930,0.0,0.0,ARTW,60m
2025-10-09 10:30:00-04:00,3.2699999809265137,3.319999933242798,3.240000009536743,3.309999942779541,9755,0.0,0.0,ARTW,60m
2025-10-09 11:30:00-04:00,3.259999990463257,3.259999990463257,3.220099925994873,3.259999990463257,2643,0.0,0.0,ARTW,60m
2025-10-09 12:30:00-04:00,3.2100000381469727,3.25,3.2100000381469727,3.25,861,0.0,0.0,ARTW,60m
2025-10-09 13:30:00-04:00,3.240000009536743,3.2585999965667725,3.240000009536743,3.255000114440918,7407,0.0,0.0,ARTW,60m
2025-10-09 14:30:00-04:00,3.26990008354187,3.26990008354187,3.240000009536743,3.25,3034,0.0,0.0,ARTW,60m
2025-10-09 15:30:00-04:00,3.2600998878479004,3.3299999237060547,3.2600998878479004,3.2699999809265137,5138,0.0,0.0,ARTW,60m
2025-10-10 09:30:00-04:00,3.299999952316284,3.325000047683716,3.2100000381469727,3.2100000381469727,16503,0.0,0.0,ARTW,60m
2025-10-10 10:30:00-04:00,3.2119998931884766,3.2119998931884766,3.109999895095825,3.109999895095825,5698,0.0,0.0,ARTW,60m
2025-10-10 11:30:00-04:00,3.115000009536743,3.125,3.059999942779541,3.069999933242798,6917,0.0,0.0,ARTW,60m
2025-10-10 12:30:00-04:00,3.0713999271392822,3.0713999271392822,3.0,3.0,5024,0.0,0.0,ARTW,60m
2025-10-10 13:30:00-04:00,2.973900079727173,2.973900079727173,2.9600000381469727,2.9600000381469727,1783,0.0,0.0,ARTW,60m
2025-10-10 14:30:00-04:00,2.9690001010894775,3.049999952316284,2.9690001010894775,3.0399999618530273,2852,0.0,0.0,ARTW,60m
2025-10-10 15:30:00-04:00,3.0,3.009999990463257,3.0,3.009999990463257,589,0.0,0.0,ARTW,60m
2025-10-13 09:30:00-04:00,2.990000009536743,3.2300000190734863,2.990000009536743,3.0199999809265137,5106,0.0,0.0,ARTW,60m
2025-10-13 10:30:00-04:00,2.9700000286102295,3.009999990463257,2.950000047683716,2.950000047683716,2165,0.0,0.0,ARTW,60m
2025-10-13 11:30:00-04:00,2.9600000381469727,2.9649999141693115,2.934999942779541,2.934999942779541,658,0.0,0.0,ARTW,60m
2025-10-13 12:30:00-04:00,2.9900999069213867,3.1050000190734863,2.950000047683716,2.950000047683716,5907,0.0,0.0,ARTW,60m
2025-10-13 13:30:00-04:00,2.950000047683716,3.1700000762939453,2.9100000858306885,2.9100000858306885,3044,0.0,0.0,ARTW,60m
2025-10-13 14:30:00-04:00,2.9100000858306885,3.0299999713897705,2.819999933242798,2.8550000190734863,11099,0.0,0.0,ARTW,60m
2025-10-13 15:30:00-04:00,2.859999895095825,2.9549999237060547,2.859999895095825,2.890000104904175,1778,0.0,0.0,ARTW,60m
2025-10-14 09:30:00-04:00,2.859999895095825,2.940999984741211,2.8499999046325684,2.940999984741211,1508,0.0,0.0,ARTW,60m
2025-10-14 10:30:00-04:00,2.880000114440918,2.890000104904175,2.880000114440918,2.890000104904175,1727,0.0,0.0,ARTW,60m
2025-10-14 11:30:00-04:00,2.9800000190734863,2.9800000190734863,2.930000066757202,2.930000066757202,599,0.0,0.0,ARTW,60m
2025-10-14 12:30:00-04:00,3.039900064468384,3.039900064468384,2.9200000762939453,2.9798998832702637,3545,0.0,0.0,ARTW,60m
2025-10-14 13:30:00-04:00,2.984999895095825,3.0,2.9800000190734863,3.0,862,0.0,0.0,ARTW,60m
2025-10-14 14:30:00-04:00,3.0309998989105225,3.0309998989105225,3.005000114440918,3.0243000984191895,1142,0.0,0.0,ARTW,60m
2025-10-14 15:30:00-04:00,3.0199999809265137,3.0199999809265137,2.950000047683716,3.015000104904175,3945,0.0,0.0,ARTW,60m
2025-10-15 09:30:00-04:00,3.04259991645813,3.140000104904175,3.0,3.0199999809265137,9050,0.0,0.0,ARTW,60m
2025-10-15 10:30:00-04:00,2.984999895095825,3.0,2.940000057220459,2.940000057220459,9313,0.0,0.0,ARTW,60m
2025-10-15 11:30:00-04:00,2.9102001190185547,2.959199905395508,2.9102001190185547,2.950000047683716,4106,0.0,0.0,ARTW,60m
2025-10-15 12:30:00-04:00,2.9530999660491943,3.0,2.9100000858306885,2.9549999237060547,12180,0.0,0.0,ARTW,60m
2025-10-15 13:30:00-04:00,2.9600000381469727,2.9600000381469727,2.950000047683716,2.950000047683716,524,0.0,0.0,ARTW,60m
2025-10-15 14:30:00-04:00,2.9549999237060547,2.955399990081787,2.9200000762939453,2.930000066757202,1757,0.0,0.0,ARTW,60m
2025-10-15 15:30:00-04:00,2.9100000858306885,2.9600000381469727,2.875,2.875,5180,0.0,0.0,ARTW,60m
2025-10-16 09:30:00-04:00,2.890000104904175,2.9000000953674316,2.800100088119507,2.859999895095825,12472,0.0,0.0,ARTW,60m
2025-10-16 10:30:00-04:00,2.859999895095825,2.859999895095825,2.799999952316284,2.809999942779541,4031,0.0,0.0,ARTW,60m
2025-10-16 11:30:00-04:00,2.75,2.819999933242798,2.75,2.75,13437,0.0,0.0,ARTW,60m
2025-10-16 12:30:00-04:00,2.75,2.7750000953674316,2.700000047683716,2.7100000381469727,10622,0.0,0.0,ARTW,60m
2025-10-16 13:30:00-04:00,2.690000057220459,2.769700050354004,2.607800006866455,2.6649999618530273,16148,0.0,0.0,ARTW,60m
2025-10-16 14:30:00-04:00,2.640000104904175,2.700000047683716,2.609999895095825,2.630000114440918,4552,0.0,0.0,ARTW,60m
2025-10-16 15:30:00-04:00,2.619999885559082,2.680000066757202,2.619999885559082,2.630000114440918,9484,0.0,0.0,ARTW,60m
2025-10-17 09:30:00-04:00,2.5999999046325684,2.5999999046325684,2.5,2.565000057220459,16744,0.0,0.0,ARTW,60m
2025-10-17 10:30:00-04:00,2.579900026321411,2.579900026321411,2.509999990463257,2.5399999618530273,4373,0.0,0.0,ARTW,60m
2025-10-17 11:30:00-04:00,2.52839994430542,2.5299999713897705,2.509999990463257,2.509999990463257,2615,0.0,0.0,ARTW,60m
2025-10-17 12:30:00-04:00,2.490000009536743,2.549999952316284,2.490000009536743,2.5,3244,0.0,0.0,ARTW,60m
2025-10-17 13:30:00-04:00,2.490000009536743,2.490000009536743,2.4800000190734863,2.490000009536743,2488,0.0,0.0,ARTW,60m
2025-10-17 14:30:00-04:00,2.502000093460083,2.502000093460083,2.4049999713897705,2.440000057220459,3060,0.0,0.0,ARTW,60m
2025-10-17 15:30:00-04:00,2.440000057220459,2.494999885559082,2.430000066757202,2.430000066757202,2079,0.0,0.0,ARTW,60m
2025-10-20 09:30:00-04:00,2.43530011177063,2.43530011177063,2.2177000045776367,2.3299999237060547,52256,0.0,0.0,ARTW,60m
2025-10-20 10:30:00-04:00,2.3399999141693115,2.3798000812530518,2.3350000381469727,2.375,29588,0.0,0.0,ARTW,60m
2025-10-20 11:30:00-04:00,2.375,2.4200000762939453,2.369999885559082,2.4100000858306885,39903,0.0,0.0,ARTW,60m
2025-10-20 12:30:00-04:00,2.4200000762939453,2.444999933242798,2.4000000953674316,2.444999933242798,3605,0.0,0.0,ARTW,60m
2025-10-20 13:30:00-04:00,2.444999933242798,2.5899999141693115,2.4100000858306885,2.5299999713897705,64620,0.0,0.0,ARTW,60m
2025-10-20 14:30:00-04:00,2.5399999618530273,2.5409998893737793,2.4700000286102295,2.4800000190734863,20419,0.0,0.0,ARTW,60m
2025-10-20 15:30:00-04:00,2.4800000190734863,2.5683000087738037,2.4800000190734863,2.5199999809265137,8346,0.0,0.0,ARTW,60m
2025-10-21 09:30:00-04:00,2.530100107192993,2.5899999141693115,2.530100107192993,2.5899999141693115,4849,0.0,0.0,ARTW,60m
2025-10-21 10:30:00-04:00,2.6019999980926514,2.8299999237060547,2.5999999046325684,2.6698999404907227,37087,0.0,0.0,ARTW,60m
2025-10-21 11:30:00-04:00,2.6549999713897705,2.6549999713897705,2.549999952316284,2.572000026702881,22152,0.0,0.0,ARTW,60m
2025-10-21 12:30:00-04:00,2.5799999237060547,2.5899999141693115,2.549999952316284,2.5799999237060547,4950,0.0,0.0,ARTW,60m
2025-10-21 13:30:00-04:00,2.5799999237060547,2.5799999237060547,2.530100107192993,2.569999933242798,5920,0.0,0.0,ARTW,60m
2025-10-21 14:30:00-04:00,2.569999933242798,2.575000047683716,2.5199999809265137,2.5299999713897705,6016,0.0,0.0,ARTW,60m
2025-10-21 15:30:00-04:00,2.569999933242798,2.569999933242798,2.5199999809265137,2.5199999809265137,7598,0.0,0.0,ARTW,60m
2025-10-22 09:30:00-04:00,2.569999933242798,2.621999979019165,2.432499885559082,2.450000047683716,14975,0.0,0.0,ARTW,60m
2025-10-22 10:30:00-04:00,2.450000047683716,2.5399999618530273,2.4200000762939453,2.45989990234375,6224,0.0,0.0,ARTW,60m
2025-10-22 11:30:00-04:00,2.434999942779541,2.452699899673462,2.430000066757202,2.430000066757202,5106,0.0,0.0,ARTW,60m
2025-10-22 12:30:00-04:00,2.430000066757202,2.515000104904175,2.299999952316284,2.4463999271392822,31234,0.0,0.0,ARTW,60m
2025-10-22 13:30:00-04:00,2.450000047683716,2.5,2.440000057220459,2.440000057220459,3742,0.0,0.0,ARTW,60m
2025-10-22 14:30:00-04:00,2.440000057220459,2.515000104904175,2.440000057220459,2.440000057220459,8632,0.0,0.0,ARTW,60m
2025-10-22 15:30:00-04:00,2.450000047683716,2.515000104904175,2.450000047683716,2.450000047683716,4818,0.0,0.0,ARTW,60m
2025-10-23 09:30:00-04:00,2.402100086212158,2.599400043487549,2.402100086212158,2.599400043487549,12204,0.0,0.0,ARTW,60m
2025-10-23 10:30:00-04:00,2.4649999141693115,2.569999933242798,2.4500999450683594,2.451200008392334,4955,0.0,0.0,ARTW,60m
2025-10-23 11:30:00-04:00,2.5250000953674316,2.564300060272217,2.4549999237060547,2.564300060272217,7759,0.0,0.0,ARTW,60m
2025-10-23 12:30:00-04:00,2.490000009536743,2.5794999599456787,2.490000009536743,2.555000066757202,2771,0.0,0.0,ARTW,60m
2025-10-23 13:30:00-04:00,2.569999933242798,2.640000104904175,2.559999942779541,2.619999885559082,27042,0.0,0.0,ARTW,60m
2025-10-23 14:30:00-04:00,2.619999885559082,2.6500000953674316,2.549999952316284,2.5799999237060547,27267,0.0,0.0,ARTW,60m
2025-10-23 15:30:00-04:00,2.559999942779541,2.630000114440918,2.559999942779541,2.609999895095825,11042,0.0,0.0,ARTW,60m
2025-10-24 09:30:00-04:00,2.6700000762939453,2.6700000762939453,2.559999942779541,2.569999933242798,10993,0.0,0.0,ARTW,60m
2025-10-24 10:30:00-04:00,2.565000057220459,2.5999999046325684,2.5201001167297363,2.5350000858306885,5897,0.0,0.0,ARTW,60m
2025-10-24 11:30:00-04:00,2.5199999809265137,2.541800022125244,2.494999885559082,2.5350000858306885,3510,0.0,0.0,ARTW,60m
2025-10-24 12:30:00-04:00,2.5350000858306885,2.5399999618530273,2.5350000858306885,2.5399999618530273,1205,0.0,0.0,ARTW,60m
2025-10-24 13:30:00-04:00,2.5399999618530273,2.5399999618530273,2.5000998973846436,2.5350000858306885,21282,0.0,0.0,ARTW,60m
2025-10-24 14:30:00-04:00,2.5350000858306885,2.569999933242798,2.5250000953674316,2.569999933242798,58957,0.0,0.0,ARTW,60m
2025-10-24 15:30:00-04:00,2.569999933242798,2.569999933242798,2.509999990463257,2.5399999618530273,8116,0.0,0.0,ARTW,60m
2025-10-27 09:30:00-04:00,2.5399999618530273,2.5399999618530273,2.5399999618530273,2.5399999618530273,1998,0.0,0.0,ARTW,60m
2025-10-27 10:30:00-04:00,2.550100088119507,2.575000047683716,2.550100088119507,2.575000047683716,1124,0.0,0.0,ARTW,60m
2025-10-27 11:30:00-04:00,2.5799999237060547,2.5875000953674316,2.559999942779541,2.559999942779541,5248,0.0,0.0,ARTW,60m
2025-10-27 12:30:00-04:00,2.559999942779541,2.559999942779541,2.559999942779541,2.559999942779541,420,0.0,0.0,ARTW,60m
2025-10-27 13:30:00-04:00,2.559999942779541,2.619800090789795,2.549999952316284,2.619800090789795,2103,0.0,0.0,ARTW,60m
2025-10-27 14:30:00-04:00,2.6001999378204346,2.625,2.5899999141693115,2.609999895095825,5688,0.0,0.0,ARTW,60m
2025-10-27 15:30:00-04:00,2.609999895095825,2.630000114440918,2.5899999141693115,2.5899999141693115,1109,0.0,0.0,ARTW,60m
2025-10-28 09:30:00-04:00,2.5601000785827637,2.615000009536743,2.559999942779541,2.5799999237060547,18663,0.0,0.0,ARTW,60m
2025-10-28 10:30:00-04:00,2.5799999237060547,2.619999885559082,2.5,2.5250000953674316,14030,0.0,0.0,ARTW,60m
2025-10-28 11:30:00-04:00,2.549999952316284,2.634999990463257,2.5199999809265137,2.5899999141693115,32043,0.0,0.0,ARTW,60m
2025-10-28 13:30:00-04:00,2.549999952316284,2.634999990463257,2.5399999618530273,2.5999999046325684,38389,0.0,0.0,ARTW,60m
2025-10-28 14:30:00-04:00,2.5999999046325684,2.5999999046325684,2.5799999237060547,2.5799999237060547,1074,0.0,0.0,ARTW,60m
2025-10-28 15:30:00-04:00,2.569999933242798,2.5950000286102295,2.5,2.5,6479,0.0,0.0,ARTW,60m
2025-10-29 09:30:00-04:00,2.569999933242798,2.569999933242798,2.5450000762939453,2.555000066757202,2678,0.0,0.0,ARTW,60m
2025-10-29 10:30:00-04:00,2.494999885559082,2.5999999046325684,2.494999885559082,2.5999999046325684,15621,0.0,0.0,ARTW,60m
2025-10-29 11:30:00-04:00,2.5999999046325684,2.5999999046325684,2.569999933242798,2.569999933242798,711,0.0,0.0,ARTW,60m
2025-10-29 12:30:00-04:00,2.569999933242798,2.599900007247925,2.549999952316284,2.549999952316284,7065,0.0,0.0,ARTW,60m
2025-10-29 14:30:00-04:00,2.559999942779541,2.5929999351501465,2.549999952316284,2.5929999351501465,1708,0.0,0.0,ARTW,60m
2025-10-29 15:30:00-04:00,2.5399999618530273,2.547800064086914,2.5299999713897705,2.5299999713897705,3067,0.0,0.0,ARTW,60m
2025-10-30 09:30:00-04:00,2.4800000190734863,2.494999885559082,2.4000000953674316,2.450000047683716,11537,0.0,0.0,ARTW,60m
2025-10-30 10:30:00-04:00,2.45989990234375,2.4800000190734863,2.450000047683716,2.4700000286102295,8446,0.0,0.0,ARTW,60m
2025-10-30 11:30:00-04:00,2.4800000190734863,2.509999990463257,2.450000047683716,2.5,22347,0.0,0.0,ARTW,60m
2025-10-30 12:30:00-04:00,2.5,2.5,2.440000057220459,2.4700000286102295,14851,0.0,0.0,ARTW,60m
2025-10-30 13:30:00-04:00,2.4700000286102295,2.5199999809265137,2.4695000648498535,2.5,28334,0.0,0.0,ARTW,60m
2025-10-30 14:30:00-04:00,2.490000009536743,2.509999990463257,2.450000047683716,2.450000047683716,3959,0.0,0.0,ARTW,60m
2025-10-30 15:30:00-04:00,2.450000047683716,2.4800000190734863,2.440000057220459,2.4800000190734863,3508,0.0,0.0,ARTW,60m
2025-10-31 09:30:00-04:00,2.4800000190734863,2.5399999618530273,2.4749999046325684,2.4749999046325684,2156,0.0,0.0,ARTW,60m
2025-10-31 10:30:00-04:00,2.444999933242798,2.4700000286102295,2.444999933242798,2.4700000286102295,1120,0.0,0.0,ARTW,60m
2025-10-31 11:30:00-04:00,2.450000047683716,2.509999990463257,2.440000057220459,2.509999990463257,3580,0.0,0.0,ARTW,60m
2025-10-31 12:30:00-04:00,2.539099931716919,2.539099931716919,2.4200000762939453,2.4200000762939453,1382,0.0,0.0,ARTW,60m
2025-10-31 13:30:00-04:00,2.4200000762939453,2.450000047683716,2.369999885559082,2.434999942779541,2170,0.0,0.0,ARTW,60m
2025-10-31 14:30:00-04:00,2.4658000469207764,2.4658000469207764,2.4100000858306885,2.4100000858306885,1843,0.0,0.0,ARTW,60m
2025-10-31 15:30:00-04:00,2.4100000858306885,2.5299999713897705,2.4100000858306885,2.490000009536743,6074,0.0,0.0,ARTW,60m
2025-11-03 09:30:00-05:00,2.4700000286102295,2.4700000286102295,2.375,2.4619998931884766,5582,0.0,0.0,ARTW,60m
2025-11-03 10:30:00-05:00,2.4549999237060547,2.5399999618530273,2.430000066757202,2.430000066757202,2164,0.0,0.0,ARTW,60m
2025-11-03 11:30:00-05:00,2.4800000190734863,2.497499942779541,2.430000066757202,2.494999885559082,1558,0.0,0.0,ARTW,60m
2025-11-03 12:30:00-05:00,2.4976999759674072,2.619999885559082,2.4600000381469727,2.5299999713897705,7993,0.0,0.0,ARTW,60m
2025-11-03 13:30:00-05:00,2.5199999809265137,2.549999952316284,2.494999885559082,2.5199999809265137,2903,0.0,0.0,ARTW,60m
2025-11-03 14:30:00-05:00,2.5,2.5,2.440000057220459,2.4700000286102295,3100,0.0,0.0,ARTW,60m
2025-11-03 15:30:00-05:00,2.4600000381469727,2.4749999046325684,2.430000066757202,2.4700000286102295,23139,0.0,0.0,ARTW,60m
2025-11-04 09:30:00-05:00,2.450000047683716,2.450000047683716,2.390000104904175,2.4200000762939453,6323,0.0,0.0,ARTW,60m
2025-11-04 10:30:00-05:00,2.430000066757202,2.440000057220459,2.4100000858306885,2.440000057220459,1972,0.0,0.0,ARTW,60m
2025-11-04 11:30:00-05:00,2.440000057220459,2.440000057220459,2.4100000858306885,2.440000057220459,2604,0.0,0.0,ARTW,60m
2025-11-04 12:30:00-05:00,2.430000066757202,2.430000066757202,2.4200000762939453,2.4200000762939453,880,0.0,0.0,ARTW,60m
2025-11-04 13:30:00-05:00,2.390000104904175,2.4100000858306885,2.390000104904175,2.4100000858306885,4394,0.0,0.0,ARTW,60m
2025-11-04 14:30:00-05:00,2.380000114440918,2.4200000762939453,2.368000030517578,2.368000030517578,12233,0.0,0.0,ARTW,60m
2025-11-04 15:30:00-05:00,2.380000114440918,2.4100000858306885,2.3499999046325684,2.4100000858306885,3993,0.0,0.0,ARTW,60m
2025-11-05 09:30:00-05:00,2.380000114440918,2.389400005340576,2.369999885559082,2.389400005340576,2271,0.0,0.0,ARTW,60m
2025-11-05 10:30:00-05:00,2.375,2.375,2.370500087738037,2.370500087738037,454,0.0,0.0,ARTW,60m
2025-11-05 11:30:00-05:00,2.369999885559082,2.4198999404907227,2.369999885559082,2.4198999404907227,2542,0.0,0.0,ARTW,60m
2025-11-05 12:30:00-05:00,2.450000047683716,2.4800000190734863,2.449899911880493,2.4800000190734863,2596,0.0,0.0,ARTW,60m
2025-11-05 13:30:00-05:00,2.4800000190734863,2.5,2.4749999046325684,2.4932000637054443,3778,0.0,0.0,ARTW,60m
2025-11-05 14:30:00-05:00,2.4820001125335693,2.4820001125335693,2.4820001125335693,2.4820001125335693,128,0.0,0.0,ARTW,60m
2025-11-05 15:30:00-05:00,2.4860000610351562,2.490000009536743,2.4700000286102295,2.4700000286102295,1674,0.0,0.0,ARTW,60m
2025-11-06 09:30:00-05:00,2.450000047683716,2.5,2.450000047683716,2.4774999618530273,5533,0.0,0.0,ARTW,60m
2025-11-06 10:30:00-05:00,2.450000047683716,2.450000047683716,2.3993000984191895,2.3993000984191895,3867,0.0,0.0,ARTW,60m
2025-11-06 11:30:00-05:00,2.380000114440918,2.380000114440918,2.380000114440918,2.380000114440918,528,0.0,0.0,ARTW,60m
2025-11-06 12:30:00-05:00,2.3905999660491943,2.3905999660491943,2.3601999282836914,2.3601999282836914,1024,0.0,0.0,ARTW,60m
2025-11-06 13:30:00-05:00,2.380000114440918,2.380000114440918,2.359999895095825,2.369999885559082,5919,0.0,0.0,ARTW,60m
2025-11-06 14:30:00-05:00,2.3499999046325684,2.380000114440918,2.3399999141693115,2.380000114440918,3016,0.0,0.0,ARTW,60m
2025-11-06 15:30:00-05:00,2.3399999141693115,2.3610999584198,2.3399999141693115,2.3610999584198,3557,0.0,0.0,ARTW,60m
2025-11-07 09:30:00-05:00,2.299999952316284,2.3399999141693115,2.2980000972747803,2.299999952316284,5831,0.0,0.0,ARTW,60m
2025-11-07 10:30:00-05:00,2.299999952316284,2.3399999141693115,2.299999952316284,2.3399999141693115,1202,0.0,0.0,ARTW,60m
2025-11-07 11:30:00-05:00,2.309999942779541,2.309999942779541,2.2799999713897705,2.309999942779541,6224,0.0,0.0,ARTW,60m
2025-11-07 12:30:00-05:00,2.3099000453948975,2.339900016784668,2.3099000453948975,2.3299999237060547,2114,0.0,0.0,ARTW,60m
2025-11-07 13:30:00-05:00,2.315000057220459,2.315000057220459,2.299999952316284,2.299999952316284,350,0.0,0.0,ARTW,60m
2025-11-07 14:30:00-05:00,2.319999933242798,2.3399999141693115,2.319999933242798,2.3359999656677246,2373,0.0,0.0,ARTW,60m
2025-11-07 15:30:00-05:00,2.359999895095825,2.359999895095825,2.2899999618530273,2.2899999618530273,3177,0.0,0.0,ARTW,60m
2025-11-10 09:30:00-05:00,2.299999952316284,2.4100000858306885,2.230799913406372,2.4100000858306885,23107,0.0,0.0,ARTW,60m
2025-11-10 10:30:00-05:00,2.409600019454956,2.4184000492095947,2.409600019454956,2.4184000492095947,4873,0.0,0.0,ARTW,60m
2025-11-10 11:30:00-05:00,2.440000057220459,2.440000057220459,2.3949999809265137,2.3949999809265137,600,0.0,0.0,ARTW,60m
2025-11-10 12:30:00-05:00,2.4105000495910645,2.4105000495910645,2.4105000495910645,2.4105000495910645,462,0.0,0.0,ARTW,60m
2025-11-10 13:30:00-05:00,2.369999885559082,2.4212000370025635,2.369999885559082,2.4212000370025635,4031,0.0,0.0,ARTW,60m
2025-11-10 14:30:00-05:00,2.4200000762939453,2.4200000762939453,2.4100000858306885,2.4100000858306885,1171,0.0,0.0,ARTW,60m
2025-11-10 15:30:00-05:00,2.4000000953674316,2.4000000953674316,2.4000000953674316,2.4000000953674316,100,0.0,0.0,ARTW,60m
2025-11-11 09:30:00-05:00,2.4000000953674316,2.403599977493286,2.390000104904175,2.3912999629974365,2783,0.0,0.0,ARTW,60m
2025-11-11 11:30:00-05:00,2.4200000762939453,2.4200000762939453,2.390000104904175,2.390199899673462,2896,0.0,0.0,ARTW,60m
2025-11-11 12:30:00-05:00,2.390000104904175,2.390000104904175,2.390000104904175,2.390000104904175,569,0.0,0.0,ARTW,60m
2025-11-11 13:30:00-05:00,2.4189999103546143,2.4193999767303467,2.4100000858306885,2.4193999767303467,831,0.0,0.0,ARTW,60m
2025-11-11 14:30:00-05:00,2.4100000858306885,2.4200000762939453,2.390000104904175,2.390000104904175,11261,0.0,0.0,ARTW,60m
2025-11-11 15:30:00-05:00,2.4000000953674316,2.415600061416626,2.390000104904175,2.4000000953674316,1088,0.0,0.0,ARTW,60m
2025-11-12 09:30:00-05:00,2.4200000762939453,2.4200000762939453,2.414799928665161,2.414799928665161,2371,0.0,0.0,ARTW,60m
2025-11-12 10:30:00-05:00,2.4100000858306885,2.4100000858306885,2.360100030899048,2.360100030899048,3814,0.0,0.0,ARTW,60m
2025-11-12 11:30:00-05:00,2.380000114440918,2.399899959564209,2.378000020980835,2.378000020980835,1194,0.0,0.0,ARTW,60m
2025-11-12 12:30:00-05:00,2.365000009536743,2.365000009536743,2.365000009536743,2.365000009536743,1209,0.0,0.0,ARTW,60m
2025-11-12 13:30:00-05:00,2.390000104904175,2.390000104904175,2.375,2.380000114440918,4392,0.0,0.0,ARTW,60m
2025-11-12 14:30:00-05:00,2.380000114440918,2.390000104904175,2.380000114440918,2.390000104904175,491,0.0,0.0,ARTW,60m
2025-11-12 15:30:00-05:00,2.4189999103546143,2.4700000286102295,2.3949999809265137,2.430000066757202,23171,0.0,0.0,ARTW,60m
2025-11-13 09:30:00-05:00,2.4502999782562256,2.4649999141693115,2.380000114440918,2.380000114440918,10863,0.0,0.0,ARTW,60m
2025-11-13 10:30:00-05:00,2.3534998893737793,2.359999895095825,2.3534998893737793,2.359999895095825,1923,0.0,0.0,ARTW,60m
2025-11-13 11:30:00-05:00,2.379699945449829,2.4277000427246094,2.3698999881744385,2.390000104904175,31308,0.0,0.0,ARTW,60m
2025-11-13 12:30:00-05:00,2.359999895095825,2.359999895095825,2.2899999618530273,2.3197999000549316,11058,0.0,0.0,ARTW,60m
2025-11-13 13:30:00-05:00,2.319999933242798,2.325000047683716,2.259999990463257,2.325000047683716,31958,0.0,0.0,ARTW,60m
2025-11-13 14:30:00-05:00,2.309999942779541,2.3282999992370605,2.2200000286102295,2.259999990463257,12157,0.0,0.0,ARTW,60m
2025-11-13 15:30:00-05:00,2.2300000190734863,2.275700092315674,2.2100000381469727,2.2100000381469727,20468,0.0,0.0,ARTW,60m
2025-11-14 09:30:00-05:00,2.2100000381469727,2.2699999809265137,2.2100000381469727,2.2699999809265137,5337,0.0,0.0,ARTW,60m
2025-11-14 10:30:00-05:00,2.280100107192993,2.3199000358581543,2.280100107192993,2.2899999618530273,3984,0.0,0.0,ARTW,60m
2025-11-14 11:30:00-05:00,2.2850000858306885,2.309999942779541,2.259999990463257,2.2899999618530273,5166,0.0,0.0,ARTW,60m
2025-11-14 12:30:00-05:00,2.2850000858306885,2.2899999618530273,2.2739999294281006,2.2739999294281006,2717,0.0,0.0,ARTW,60m
2025-11-14 13:30:00-05:00,2.2880001068115234,2.325000047683716,2.2880001068115234,2.312700033187866,1623,0.0,0.0,ARTW,60m
2025-11-14 14:30:00-05:00,2.309999942779541,2.315000057220459,2.300100088119507,2.300100088119507,4883,0.0,0.0,ARTW,60m
2025-11-14 15:30:00-05:00,2.327399969100952,2.327399969100952,2.2899999618530273,2.2899999618530273,277,0.0,0.0,ARTW,60m
2025-11-17 09:30:00-05:00,2.309999942779541,2.309999942779541,2.200000047683716,2.2200000286102295,10375,0.0,0.0,ARTW,60m
2025-11-17 10:30:00-05:00,2.2200000286102295,2.2200000286102295,2.180000066757202,2.180000066757202,19761,0.0,0.0,ARTW,60m
2025-11-17 11:30:00-05:00,2.184999942779541,2.200000047683716,2.1700000762939453,2.200000047683716,6944,0.0,0.0,ARTW,60m
2025-11-17 13:30:00-05:00,2.2100000381469727,2.2100000381469727,2.2100000381469727,2.2100000381469727,458,0.0,0.0,ARTW,60m
2025-11-17 14:30:00-05:00,2.180000066757202,2.200000047683716,2.1600000858306885,2.174799919128418,12646,0.0,0.0,ARTW,60m
2025-11-17 15:30:00-05:00,2.180000066757202,2.180000066757202,2.180000066757202,2.180000066757202,371,0.0,0.0,ARTW,60m
2025-11-18 09:30:00-05:00,2.1500000953674316,2.1500000953674316,2.109999895095825,2.130000114440918,3145,0.0,0.0,ARTW,60m
2025-11-18 10:30:00-05:00,2.1500000953674316,2.1600000858306885,2.140000104904175,2.1600000858306885,4592,0.0,0.0,ARTW,60m
2025-11-18 11:30:00-05:00,2.1500000953674316,2.1500000953674316,2.130000114440918,2.130000114440918,7856,0.0,0.0,ARTW,60m
2025-11-18 12:30:00-05:00,2.140000104904175,2.1700000762939453,2.130000114440918,2.1549999713897705,9308,0.0,0.0,ARTW,60m
2025-11-18 13:30:00-05:00,2.1549999713897705,2.1600000858306885,2.136899948120117,2.136899948120117,5705,0.0,0.0,ARTW,60m
2025-11-18 14:30:00-05:00,2.1570000648498535,2.1570000648498535,2.140000104904175,2.140000104904175,1374,0.0,0.0,ARTW,60m
2025-11-18 15:30:00-05:00,2.1449999809265137,2.1600000858306885,2.134999990463257,2.1600000858306885,2439,0.0,0.0,ARTW,60m
2025-11-19 09:30:00-05:00,2.134999990463257,2.1600000858306885,2.134999990463257,2.159899950027466,5836,0.0,0.0,ARTW,60m
2025-11-19 10:30:00-05:00,2.1600000858306885,2.1600000858306885,2.1201000213623047,2.1201000213623047,1487,0.0,0.0,ARTW,60m
2025-11-19 12:30:00-05:00,2.134999990463257,2.134999990463257,2.1266000270843506,2.1266000270843506,695,0.0,0.0,ARTW,60m
2025-11-19 13:30:00-05:00,2.1257998943328857,2.1600000858306885,2.119999885559082,2.1500000953674316,7674,0.0,0.0,ARTW,60m
2025-11-19 14:30:00-05:00,2.140000104904175,2.180000066757202,2.140000104904175,2.140000104904175,2810,0.0,0.0,ARTW,60m
2025-11-19 15:30:00-05:00,2.1700000762939453,2.1700000762939453,2.140000104904175,2.140000104904175,512,0.0,0.0,ARTW,60m
2025-11-20 09:30:00-05:00,2.2090001106262207,2.2091000080108643,2.180000066757202,2.200000047683716,1904,0.0,0.0,ARTW,60m
2025-11-20 10:30:00-05:00,2.2100000381469727,2.299999952316284,2.2100000381469727,2.2799999713897705,1804,0.0,0.0,ARTW,60m
2025-11-20 11:30:00-05:00,2.180000066757202,2.180000066757202,2.1500000953674316,2.1500000953674316,3373,0.0,0.0,ARTW,60m
2025-11-20 12:30:00-05:00,2.119999885559082,2.1463000774383545,2.110100030899048,2.110100030899048,4934,0.0,0.0,ARTW,60m
2025-11-20 13:30:00-05:00,2.110100030899048,2.119999885559082,2.0799999237060547,2.119999885559082,2732,0.0,0.0,ARTW,60m
2025-11-20 14:30:00-05:00,2.0999999046325684,2.0999999046325684,2.075000047683716,2.075000047683716,635,0.0,0.0,ARTW,60m
2025-11-20 15:30:00-05:00,2.0850000381469727,2.125,2.0799999237060547,2.115000009536743,2751,0.0,0.0,ARTW,60m
2025-11-21 09:30:00-05:00,2.140000104904175,2.140000104904175,2.0899999141693115,2.0999999046325684,2917,0.0,0.0,ARTW,60m
2025-11-21 10:30:00-05:00,2.0999999046325684,2.109999895095825,2.0899999141693115,2.109999895095825,3538,0.0,0.0,ARTW,60m
2025-11-21 11:30:00-05:00,2.130000114440918,2.1545000076293945,2.125,2.1545000076293945,6759,0.0,0.0,ARTW,60m
2025-11-21 12:30:00-05:00,2.158400058746338,2.158400058746338,2.140000104904175,2.1500000953674316,2955,0.0,0.0,ARTW,60m
2025-11-21 13:30:00-05:00,2.140000104904175,2.1610000133514404,2.140000104904175,2.1549999713897705,3696,0.0,0.0,ARTW,60m
2025-11-21 14:30:00-05:00,2.1649999618530273,2.1649999618530273,2.1649999618530273,2.1649999618530273,547,0.0,0.0,ARTW,60m
2025-11-24 09:30:00-05:00,2.119999885559082,2.119999885559082,2.119999885559082,2.119999885559082,637,0.0,0.0,ARTW,60m
2025-11-24 11:30:00-05:00,2.1500000953674316,2.1500000953674316,2.1500000953674316,2.1500000953674316,607,0.0,0.0,ARTW,60m
2025-11-24 12:30:00-05:00,2.1549999713897705,2.190000057220459,2.1549999713897705,2.1649999618530273,2055,0.0,0.0,ARTW,60m
2025-11-24 13:30:00-05:00,2.200000047683716,2.240000009536743,2.1600000858306885,2.240000009536743,8037,0.0,0.0,ARTW,60m
2025-11-24 14:30:00-05:00,2.244999885559082,2.299999952316284,2.190000057220459,2.190000057220459,17320,0.0,0.0,ARTW,60m
2025-11-24 15:30:00-05:00,2.2311999797821045,2.244999885559082,2.2311999797821045,2.244999885559082,0,0.0,0.0,ARTW,60m
2025-11-25 09:30:00-05:00,2.2750000953674316,2.2750000953674316,2.2750000953674316,2.2750000953674316,437,0.0,0.0,ARTW,60m
2025-11-25 10:30:00-05:00,2.3099000453948975,2.3099000453948975,2.259999990463257,2.259999990463257,709,0.0,0.0,ARTW,60m
2025-11-25 11:30:00-05:00,2.299999952316284,2.3289999961853027,2.2899999618530273,2.2899999618530273,3603,0.0,0.0,ARTW,60m
2025-11-25 15:30:00-05:00,2.2899999618530273,2.319999933242798,2.2899999618530273,2.319999933242798,1420,0.0,0.0,ARTW,60m
2025-11-26 09:30:00-05:00,2.248800039291382,2.248800039291382,2.248800039291382,2.248800039291382,376,0.0,0.0,ARTW,60m
2025-11-26 10:30:00-05:00,2.299999952316284,2.4000000953674316,2.299999952316284,2.4000000953674316,2617,0.0,0.0,ARTW,60m
2025-11-26 11:30:00-05:00,2.4000000953674316,2.4100000858306885,2.390000104904175,2.4000000953674316,1627,0.0,0.0,ARTW,60m
2025-11-26 12:30:00-05:00,2.380000114440918,2.380000114440918,2.380000114440918,2.380000114440918,512,0.0,0.0,ARTW,60m
2025-11-26 13:30:00-05:00,2.369999885559082,2.369999885559082,2.369999885559082,2.369999885559082,2344,0.0,0.0,ARTW,60m
2025-11-26 15:30:00-05:00,2.369999885559082,2.384999990463257,2.369999885559082,2.369999885559082,1167,0.0,0.0,ARTW,60m
2025-11-28 09:30:00-05:00,2.3499999046325684,2.3803999423980713,2.3499999046325684,2.3803999423980713,2625,0.0,0.0,ARTW,60m
2025-11-28 10:30:00-05:00,2.375,2.4000000953674316,2.375,2.386199951171875,7419,0.0,0.0,ARTW,60m
2025-12-01 09:30:00-05:00,2.3499999046325684,2.359999895095825,2.320499897003174,2.359999895095825,2165,0.0,0.0,ARTW,60m
2025-12-01 12:30:00-05:00,2.319999933242798,2.319999933242798,2.319999933242798,2.319999933242798,470,0.0,0.0,ARTW,60m
2025-12-01 13:30:00-05:00,2.3382999897003174,2.3382999897003174,2.299999952316284,2.299999952316284,1675,0.0,0.0,ARTW,60m
2025-12-01 14:30:00-05:00,2.309999942779541,2.309999942779541,2.2799999713897705,2.2799999713897705,1979,0.0,0.0,ARTW,60m
2025-12-01 15:30:00-05:00,2.2799999713897705,2.2799999713897705,2.2300000190734863,2.2300000190734863,1632,0.0,0.0,ARTW,60m
2025-12-02 09:30:00-05:00,2.3225998878479004,2.3225998878479004,2.2799999713897705,2.2799999713897705,548,0.0,0.0,ARTW,60m
2025-12-02 10:30:00-05:00,2.2799999713897705,2.2799999713897705,2.2799999713897705,2.2799999713897705,377,0.0,0.0,ARTW,60m
2025-12-02 11:30:00-05:00,2.240000009536743,2.240000009536743,2.2204999923706055,2.2204999923706055,505,0.0,0.0,ARTW,60m
2025-12-02 13:30:00-05:00,2.2100000381469727,2.2239999771118164,2.2100000381469727,2.2149999141693115,4466,0.0,0.0,ARTW,60m
2025-12-02 14:30:00-05:00,2.2600998878479004,2.2600998878479004,2.2600998878479004,2.2600998878479004,527,0.0,0.0,ARTW,60m
2025-12-03 09:30:00-05:00,2.299999952316284,2.299999952316284,2.2869999408721924,2.2899999618530273,2960,0.0,0.0,ARTW,60m
2025-12-03 10:30:00-05:00,2.2869999408721924,2.2869999408721924,2.2869999408721924,2.2869999408721924,303,0.0,0.0,ARTW,60m
2025-12-03 12:30:00-05:00,2.309499979019165,2.319999933242798,2.309499979019165,2.3199000358581543,795,0.0,0.0,ARTW,60m
2025-12-03 13:30:00-05:00,2.2704999446868896,2.2704999446868896,2.2704999446868896,2.2704999446868896,532,0.0,0.0,ARTW,60m
2025-12-03 14:30:00-05:00,2.3125,2.3125,2.309999942779541,2.309999942779541,6907,0.0,0.0,ARTW,60m
2025-12-03 15:30:00-05:00,2.2899999618530273,2.2899999618530273,2.280400037765503,2.280400037765503,305,0.0,0.0,ARTW,60m
2025-12-04 09:30:00-05:00,2.2506000995635986,2.2506000995635986,2.2506000995635986,2.2506000995635986,444,0.0,0.0,ARTW,60m
2025-12-04 10:30:00-05:00,2.2750000953674316,2.2750000953674316,2.2750000953674316,2.2750000953674316,1293,0.0,0.0,ARTW,60m
2025-12-04 11:30:00-05:00,2.266700029373169,2.332900047302246,2.266700029373169,2.332900047302246,1377,0.0,0.0,ARTW,60m
2025-12-04 12:30:00-05:00,2.3499999046325684,2.4100000858306885,2.3399999141693115,2.4100000858306885,3791,0.0,0.0,ARTW,60m
2025-12-04 13:30:00-05:00,2.4000000953674316,2.4100000858306885,2.365000009536743,2.380000114440918,12081,0.0,0.0,ARTW,60m
2025-12-04 14:30:00-05:00,2.4049999713897705,2.430000066757202,2.359999895095825,2.4200000762939453,4760,0.0,0.0,ARTW,60m
2025-12-04 15:30:00-05:00,2.4200000762939453,2.430000066757202,2.411400079727173,2.411400079727173,1811,0.0,0.0,ARTW,60m
2025-12-05 09:30:00-05:00,2.4100000858306885,2.430000066757202,2.4000000953674316,2.4000000953674316,9300,0.0,0.0,ARTW,60m
2025-12-05 10:30:00-05:00,2.397599935531616,2.4110000133514404,2.3949999809265137,2.4100000858306885,3513,0.0,0.0,ARTW,60m
2025-12-05 12:30:00-05:00,2.4000000953674316,2.4100000858306885,2.4000000953674316,2.4100000858306885,703,0.0,0.0,ARTW,60m
2025-12-05 13:30:00-05:00,2.3350000381469727,2.344599962234497,2.3350000381469727,2.344599962234497,290,0.0,0.0,ARTW,60m
2025-12-05 14:30:00-05:00,2.3499999046325684,2.3499999046325684,2.3475000858306885,2.3475000858306885,764,0.0,0.0,ARTW,60m
2025-12-05 15:30:00-05:00,2.375,2.375,2.375,2.375,9688,0.0,0.0,ARTW,60m
2025-12-08 09:30:00-05:00,2.3046998977661133,2.3046998977661133,2.3046998977661133,2.3046998977661133,334,0.0,0.0,ARTW,60m
2025-12-08 12:30:00-05:00,2.4024999141693115,2.4024999141693115,2.359999895095825,2.389400005340576,7273,0.0,0.0,ARTW,60m
2025-12-08 13:30:00-05:00,2.380000114440918,2.380000114440918,2.369999885559082,2.369999885559082,614,0.0,0.0,ARTW,60m
2025-12-08 14:30:00-05:00,2.390000104904175,2.409899950027466,2.380000114440918,2.4094998836517334,5667,0.0,0.0,ARTW,60m
2025-12-08 15:30:00-05:00,2.4079999923706055,2.505000114440918,2.4000000953674316,2.436800003051758,18909,0.0,0.0,ARTW,60m
2025-12-09 09:30:00-05:00,2.4100000858306885,2.4100000858306885,2.3499999046325684,2.392199993133545,2686,0.0,0.0,ARTW,60m
2025-12-09 10:30:00-05:00,2.392199993133545,2.430000066757202,2.3901000022888184,2.430000066757202,917,0.0,0.0,ARTW,60m
2025-12-09 11:30:00-05:00,2.4700000286102295,2.518899917602539,2.450000047683716,2.4814999103546143,6684,0.0,0.0,ARTW,60m
2025-12-09 12:30:00-05:00,2.4814999103546143,2.4814999103546143,2.4814999103546143,2.4814999103546143,200,0.0,0.0,ARTW,60m
2025-12-09 13:30:00-05:00,2.4814999103546143,2.490000009536743,2.4814999103546143,2.490000009536743,1250,0.0,0.0,ARTW,60m
2025-12-09 14:30:00-05:00,2.490000009536743,2.490000009536743,2.490000009536743,2.490000009536743,119,0.0,0.0,ARTW,60m
2025-12-09 15:30:00-05:00,2.490000009536743,2.490000009536743,2.440000057220459,2.440000057220459,5119,0.0,0.0,ARTW,60m
2025-12-10 09:30:00-05:00,2.424999952316284,2.437999963760376,2.4200000762939453,2.437999963760376,6422,0.0,0.0,ARTW,60m
2025-12-10 10:30:00-05:00,2.452500104904175,2.5,2.4200000762939453,2.4200000762939453,6712,0.0,0.0,ARTW,60m
2025-12-10 11:30:00-05:00,2.4600000381469727,2.4600000381469727,2.4600000381469727,2.4600000381469727,1996,0.0,0.0,ARTW,60m
2025-12-10 12:30:00-05:00,2.463900089263916,2.463900089263916,2.4200000762939453,2.4200000762939453,460,0.0,0.0,ARTW,60m
2025-12-10 13:30:00-05:00,2.430000066757202,2.430000066757202,2.430000066757202,2.430000066757202,4384,0.0,0.0,ARTW,60m
2025-12-10 14:30:00-05:00,2.434999942779541,2.5199999809265137,2.434999942779541,2.509999990463257,12994,0.0,0.0,ARTW,60m
2025-12-10 15:30:00-05:00,2.5,2.5,2.4800000190734863,2.4870998859405518,3216,0.0,0.0,ARTW,60m
2025-12-11 09:30:00-05:00,2.5199999809265137,2.5250000953674316,2.387200117111206,2.387200117111206,13868,0.0,0.0,ARTW,60m
2025-12-11 10:30:00-05:00,2.4700000286102295,2.4700000286102295,2.4700000286102295,2.4700000286102295,262,0.0,0.0,ARTW,60m
2025-12-11 11:30:00-05:00,2.440000057220459,2.4700000286102295,2.4100000858306885,2.4700000286102295,5133,0.0,0.0,ARTW,60m
2025-12-11 12:30:00-05:00,2.4700000286102295,2.4700000286102295,2.4700000286102295,2.4700000286102295,100,0.0,0.0,ARTW,60m
2025-12-11 13:30:00-05:00,2.4600000381469727,2.4600000381469727,2.4600000381469727,2.4600000381469727,1371,0.0,0.0,ARTW,60m
2025-12-11 15:30:00-05:00,2.4519999027252197,2.4600000381469727,2.450000047683716,2.450000047683716,6120,0.0,0.0,ARTW,60m
2025-12-12 09:30:00-05:00,2.4600000381469727,2.4600000381469727,2.4600000381469727,2.4600000381469727,3102,0.0,0.0,ARTW,60m
2025-12-12 10:30:00-05:00,2.4800000190734863,2.4800000190734863,2.4800000190734863,2.4800000190734863,440,0.0,0.0,ARTW,60m
2025-12-12 11:30:00-05:00,2.4700000286102295,2.5199999809265137,2.430000066757202,2.440000057220459,7917,0.0,0.0,ARTW,60m
2025-12-12 12:30:00-05:00,2.4198999404907227,2.444999933242798,2.359999895095825,2.444999933242798,3455,0.0,0.0,ARTW,60m
2025-12-12 13:30:00-05:00,2.39520001411438,2.4000000953674316,2.39520001411438,2.4000000953674316,10007,0.0,0.0,ARTW,60m
2025-12-12 14:30:00-05:00,2.48009991645813,2.48009991645813,2.309999942779541,2.4100000858306885,2865,0.0,0.0,ARTW,60m
2025-12-12 15:30:00-05:00,2.427000045776367,2.450000047683716,2.4200000762939453,2.450000047683716,2424,0.0,0.0,ARTW,60m
2025-12-15 09:30:00-05:00,2.4600000381469727,2.509999990463257,2.319999933242798,2.319999933242798,13536,0.0,0.0,ARTW,60m
2025-12-15 10:30:00-05:00,2.3499999046325684,2.380000114440918,2.309999942779541,2.319999933242798,4957,0.0,0.0,ARTW,60m
2025-12-15 11:30:00-05:00,2.309999942779541,2.3108999729156494,2.25,2.3108999729156494,13677,0.0,0.0,ARTW,60m
2025-12-15 12:30:00-05:00,2.315000057220459,2.315000057220459,2.308300018310547,2.308300018310547,501,0.0,0.0,ARTW,60m
2025-12-15 13:30:00-05:00,2.299999952316284,2.315000057220459,2.299999952316284,2.299999952316284,4259,0.0,0.0,ARTW,60m
2025-12-15 14:30:00-05:00,2.299999952316284,2.299999952316284,2.25,2.283400058746338,4875,0.0,0.0,ARTW,60m
2025-12-15 15:30:00-05:00,2.265000104904175,2.265000104904175,2.2200000286102295,2.2300000190734863,9942,0.0,0.0,ARTW,60m
2025-12-16 09:30:00-05:00,2.240000009536743,2.2664999961853027,2.240000009536743,2.2664999961853027,775,0.0,0.0,ARTW,60m
2025-12-16 10:30:00-05:00,2.2699999809265137,2.2799999713897705,2.2699999809265137,2.279900074005127,2795,0.0,0.0,ARTW,60m
2025-12-16 11:30:00-05:00,2.259999990463257,2.259999990463257,2.25,2.25,402,0.0,0.0,ARTW,60m
2025-12-16 12:30:00-05:00,2.240000009536743,2.240000009536743,2.2000999450683594,2.2149999141693115,376,0.0,0.0,ARTW,60m
2025-12-16 14:30:00-05:00,2.2298998832702637,2.2506000995635986,2.2200000286102295,2.2200000286102295,7579,0.0,0.0,ARTW,60m
2025-12-16 15:30:00-05:00,2.2200000286102295,2.25,2.180000066757202,2.180000066757202,3961,0.0,0.0,ARTW,60m
2025-12-17 09:30:00-05:00,2.241300106048584,2.241300106048584,2.241300106048584,2.241300106048584,444,0.0,0.0,ARTW,60m
2025-12-17 10:30:00-05:00,2.259999990463257,2.259999990463257,2.2249999046325684,2.2300000190734863,1827,0.0,0.0,ARTW,60m
2025-12-17 11:30:00-05:00,2.2249999046325684,2.2249999046325684,2.2249999046325684,2.2249999046325684,215,0.0,0.0,ARTW,60m
2025-12-17 12:30:00-05:00,2.245500087738037,2.245500087738037,2.245500087738037,2.245500087738037,403,0.0,0.0,ARTW,60m
2025-12-17 14:30:00-05:00,2.2100000381469727,2.2100000381469727,2.2100000381469727,2.2100000381469727,200,0.0,0.0,ARTW,60m
2025-12-18 10:30:00-05:00,2.2314999103546143,2.2314999103546143,2.2314999103546143,2.2314999103546143,1492,0.0,0.0,ARTW,60m
2025-12-18 11:30:00-05:00,2.2300000190734863,2.2386999130249023,2.2100000381469727,2.2249999046325684,7224,0.0,0.0,ARTW,60m
2025-12-18 13:30:00-05:00,2.23799991607666,2.23799991607666,2.226300001144409,2.2300000190734863,1704,0.0,0.0,ARTW,60m
2025-12-18 14:30:00-05:00,2.2200000286102295,2.25,2.2200000286102295,2.244999885559082,5308,0.0,0.0,ARTW,60m
2025-12-18 15:30:00-05:00,2.2300000190734863,2.25,2.2300000190734863,2.25,3344,0.0,0.0,ARTW,60m
2025-12-19 09:30:00-05:00,2.2599000930786133,2.2776999473571777,2.25,2.25,2340,0.0,0.0,ARTW,60m
2025-12-19 10:30:00-05:00,2.2679998874664307,2.2679998874664307,2.259999990463257,2.259999990463257,935,0.0,0.0,ARTW,60m
2025-12-19 11:30:00-05:00,2.278599977493286,2.278599977493286,2.259999990463257,2.259999990463257,295,0.0,0.0,ARTW,60m
2025-12-19 12:30:00-05:00,2.259999990463257,2.259999990463257,2.2318999767303467,2.2318999767303467,2609,0.0,0.0,ARTW,60m
2025-12-19 13:30:00-05:00,2.2300000190734863,2.279900074005127,2.200000047683716,2.240000009536743,9757,0.0,0.0,ARTW,60m
2025-12-19 14:30:00-05:00,2.244999885559082,2.253999948501587,2.2300000190734863,2.253999948501587,2731,0.0,0.0,ARTW,60m
2025-12-19 15:30:00-05:00,2.25,2.25,2.2200000286102295,2.2200000286102295,1390,0.0,0.0,ARTW,60m
2025-12-22 09:30:00-05:00,2.2307000160217285,2.2307000160217285,2.2307000160217285,2.2307000160217285,1320,0.0,0.0,ARTW,60m
2025-12-22 10:30:00-05:00,2.255000114440918,2.259999990463257,2.25,2.25,1893,0.0,0.0,ARTW,60m
2025-12-22 11:30:00-05:00,2.259999990463257,2.259999990463257,2.2200000286102295,2.2200000286102295,5621,0.0,0.0,ARTW,60m
2025-12-22 12:30:00-05:00,2.220099925994873,2.2227001190185547,2.200000047683716,2.200000047683716,13830,0.0,0.0,ARTW,60m
2025-12-22 13:30:00-05:00,2.200000047683716,2.2300000190734863,2.200000047683716,2.2100000381469727,1357,0.0,0.0,ARTW,60m
2025-12-22 14:30:00-05:00,2.2327001094818115,2.2327001094818115,2.2100000381469727,2.2100000381469727,704,0.0,0.0,ARTW,60m
2025-12-22 15:30:00-05:00,2.2100000381469727,2.2100000381469727,2.190000057220459,2.190000057220459,1897,0.0,0.0,ARTW,60m
2025-12-23 09:30:00-05:00,2.1856000423431396,2.190000057220459,2.180000066757202,2.190000057220459,2363,0.0,0.0,ARTW,60m
2025-12-23 10:30:00-05:00,2.2334001064300537,2.2799999713897705,2.2300000190734863,2.2799999713897705,26029,0.0,0.0,ARTW,60m
2025-12-23 11:30:00-05:00,2.319999933242798,2.3499999046325684,2.309999942779541,2.319999933242798,10443,0.0,0.0,ARTW,60m
2025-12-23 12:30:00-05:00,2.330899953842163,2.4198999404907227,2.319999933242798,2.4198999404907227,9504,0.0,0.0,ARTW,60m
2025-12-23 13:30:00-05:00,2.4000000953674316,2.4000000953674316,2.4000000953674316,2.4000000953674316,121,0.0,0.0,ARTW,60m
2025-12-23 14:30:00-05:00,2.394200086593628,2.394200086593628,2.365000009536743,2.365000009536743,1320,0.0,0.0,ARTW,60m
2025-12-23 15:30:00-05:00,2.319999933242798,2.319999933242798,2.319999933242798,2.319999933242798,7329,0.0,0.0,ARTW,60m
2025-12-24 09:30:00-05:00,2.319999933242798,2.3499999046325684,2.319999933242798,2.3299999237060547,10539,0.0,0.0,ARTW,60m
2025-12-24 11:30:00-05:00,2.390000104904175,2.390000104904175,2.390000104904175,2.390000104904175,100,0.0,0.0,ARTW,60m
2025-12-26 09:30:00-05:00,2.309999942779541,2.309999942779541,2.309999942779541,2.309999942779541,142,0.0,0.0,ARTW,60m
2025-12-26 10:30:00-05:00,2.325000047683716,2.325000047683716,2.325000047683716,2.325000047683716,336,0.0,0.0,ARTW,60m
2025-12-26 12:30:00-05:00,2.365000009536743,2.365000009536743,2.3399999141693115,2.3399999141693115,417,0.0,0.0,ARTW,60m
2025-12-26 13:30:00-05:00,2.299999952316284,2.299999952316284,2.299999952316284,2.299999952316284,1309,0.0,0.0,ARTW,60m
2025-12-26 14:30:00-05:00,2.309999942779541,2.309999942779541,2.309999942779541,2.309999942779541,408,0.0,0.0,ARTW,60m
2025-12-26 15:30:00-05:00,2.3299999237060547,2.3299999237060547,2.3299999237060547,2.3299999237060547,221,0.0,0.0,ARTW,60m
2025-12-29 09:30:00-05:00,2.4800000190734863,2.4800000190734863,2.3633999824523926,2.409899950027466,10401,0.0,0.0,ARTW,60m
2025-12-29 12:30:00-05:00,2.34879994392395,2.34879994392395,2.3399999141693115,2.3399999141693115,1491,0.0,0.0,ARTW,60m
2025-12-29 14:30:00-05:00,2.384700059890747,2.384700059890747,2.384700059890747,2.384700059890747,335,0.0,0.0,ARTW,60m
2025-12-29 15:30:00-05:00,2.375,2.375,2.369999885559082,2.369999885559082,600,0.0,0.0,ARTW,60m
2025-12-30 09:30:00-05:00,2.3399999141693115,2.3399999141693115,2.285399913787842,2.319999933242798,7731,0.0,0.0,ARTW,60m
2025-12-30 10:30:00-05:00,2.319999933242798,2.319999933242798,2.309999942779541,2.309999942779541,457,0.0,0.0,ARTW,60m
2025-12-30 11:30:00-05:00,2.3299999237060547,2.469899892807007,2.3299999237060547,2.380000114440918,3050,0.0,0.0,ARTW,60m
2025-12-30 12:30:00-05:00,2.4000000953674316,2.4000000953674316,2.384999990463257,2.3924999237060547,1504,0.0,0.0,ARTW,60m
2025-12-31 09:30:00-05:00,2.3499999046325684,2.3924999237060547,2.3413000106811523,2.384999990463257,4053,0.0,0.0,ARTW,60m
2025-12-31 10:30:00-05:00,2.390000104904175,2.390000104904175,2.359600067138672,2.359600067138672,0,0.0,0.0,ARTW,60m
2025-12-31 11:30:00-05:00,2.3499999046325684,2.3499999046325684,2.3499999046325684,2.3499999046325684,1003,0.0,0.0,ARTW,60m
2025-12-31 12:30:00-05:00,2.3499999046325684,2.3499999046325684,2.3499999046325684,2.3499999046325684,245,0.0,0.0,ARTW,60m
2025-12-31 15:30:00-05:00,2.3499999046325684,2.3499999046325684,2.3499999046325684,2.3499999046325684,200,0.0,0.0,ARTW,60m
2026-01-02 09:30:00-05:00,2.4000000953674316,2.4000000953674316,2.4000000953674316,2.4000000953674316,966,0.0,0.0,ARTW,60m
2026-01-02 10:30:00-05:00,2.3640999794006348,2.4082000255584717,2.31030011177063,2.369999885559082,3737,0.0,0.0,ARTW,60m
2026-01-02 11:30:00-05:00,2.380000114440918,2.380000114440918,2.359999895095825,2.359999895095825,342,0.0,0.0,ARTW,60m
2026-01-02 12:30:00-05:00,2.369999885559082,2.369999885559082,2.369999885559082,2.369999885559082,640,0.0,0.0,ARTW,60m
2026-01-02 13:30:00-05:00,2.365000009536743,2.365000009536743,2.365000009536743,2.365000009536743,313,0.0,0.0,ARTW,60m
2026-01-02 15:30:00-05:00,2.309999942779541,2.3499999046325684,2.309999942779541,2.3499999046325684,506,0.0,0.0,ARTW,60m
2026-01-05 09:30:00-05:00,2.299999952316284,2.377000093460083,2.2934999465942383,2.377000093460083,2924,0.0,0.0,ARTW,60m
2026-01-05 12:30:00-05:00,2.369999885559082,2.369999885559082,2.369999885559082,2.369999885559082,1324,0.0,0.0,ARTW,60m
2026-01-05 13:30:00-05:00,2.359999895095825,2.359999895095825,2.359999895095825,2.359999895095825,507,0.0,0.0,ARTW,60m
2026-01-05 14:30:00-05:00,2.3450000286102295,2.390000104904175,2.3441998958587646,2.3450000286102295,3412,0.0,0.0,ARTW,60m
2026-01-05 15:30:00-05:00,2.299999952316284,2.315000057220459,2.299999952316284,2.300100088119507,3888,0.0,0.0,ARTW,60m
2026-01-06 09:30:00-05:00,2.3499999046325684,2.3499999046325684,2.299999952316284,2.30679988861084,3713,0.0,0.0,ARTW,60m
2026-01-06 10:30:00-05:00,2.32450008392334,2.32450008392334,2.32450008392334,2.32450008392334,1543,0.0,0.0,ARTW,60m
2026-01-06 12:30:00-05:00,2.3299999237060547,2.3299999237060547,2.3299999237060547,2.3299999237060547,431,0.0,0.0,ARTW,60m
2026-01-06 14:30:00-05:00,2.319999933242798,2.3299999237060547,2.319999933242798,2.3299999237060547,2134,0.0,0.0,ARTW,60m
2026-01-06 15:30:00-05:00,2.3499999046325684,2.3499999046325684,2.3499999046325684,2.3499999046325684,0,0.0,0.0,ARTW,60m
2026-01-07 09:30:00-05:00,2.359999895095825,2.359999895095825,2.309999942779541,2.335900068283081,1425,0.0,0.0,ARTW,60m
2026-01-07 10:30:00-05:00,2.349900007247925,2.349900007247925,2.3299999237060547,2.3299999237060547,1357,0.0,0.0,ARTW,60m
2026-01-07 11:30:00-05:00,2.336899995803833,2.336899995803833,2.3366000652313232,2.3366000652313232,643,0.0,0.0,ARTW,60m
2026-01-07 12:30:00-05:00,2.337100028991699,2.337100028991699,2.337100028991699,2.337100028991699,476,0.0,0.0,ARTW,60m
2026-01-07 15:30:00-05:00,2.3197999000549316,2.3197999000549316,2.3197999000549316,2.3197999000549316,102,0.0,0.0,ARTW,60m
2026-01-08 09:30:00-05:00,2.315000057220459,2.315000057220459,2.315000057220459,2.315000057220459,170,0.0,0.0,ARTW,60m
2026-01-08 11:30:00-05:00,2.315000057220459,2.315000057220459,2.315000057220459,2.315000057220459,1628,0.0,0.0,ARTW,60m
2026-01-08 13:30:00-05:00,2.3234000205993652,2.329900026321411,2.319999933242798,2.327500104904175,6136,0.0,0.0,ARTW,60m
2026-01-08 14:30:00-05:00,2.334199905395508,2.334199905395508,2.328000068664551,2.328000068664551,489,0.0,0.0,ARTW,60m
2026-01-09 09:30:00-05:00,2.319999933242798,2.319999933242798,2.319999933242798,2.319999933242798,399,0.0,0.0,ARTW,60m
2026-01-09 10:30:00-05:00,2.3654000759124756,2.3654000759124756,2.3301000595092773,2.3301000595092773,777,0.0,0.0,ARTW,60m
2026-01-09 13:30:00-05:00,2.390000104904175,2.390000104904175,2.390000104904175,2.390000104904175,5108,0.0,0.0,ARTW,60m
2026-01-12 09:30:00-05:00,2.390000104904175,2.390000104904175,2.364300012588501,2.390000104904175,4832,0.0,0.0,ARTW,60m
2026-01-12 10:30:00-05:00,2.390000104904175,2.4100000858306885,2.384999990463257,2.4100000858306885,1709,0.0,0.0,ARTW,60m
2026-01-12 12:30:00-05:00,2.380000114440918,2.3835999965667725,2.380000114440918,2.3835999965667725,414,0.0,0.0,ARTW,60m
2026-01-12 13:30:00-05:00,2.380000114440918,2.380000114440918,2.380000114440918,2.380000114440918,1099,0.0,0.0,ARTW,60m
2026-01-12 14:30:00-05:00,2.3915998935699463,2.4000000953674316,2.369999885559082,2.369999885559082,2050,0.0,0.0,ARTW,60m
2026-01-12 15:30:00-05:00,2.359999895095825,2.4000000953674316,2.359999895095825,2.369999885559082,1036,0.0,0.0,ARTW,60m
2026-01-13 09:30:00-05:00,2.379499912261963,2.379499912261963,2.379499912261963,2.379499912261963,397,0.0,0.0,ARTW,60m
2026-01-13 10:30:00-05:00,2.369999885559082,2.380000114440918,2.369999885559082,2.380000114440918,710,0.0,0.0,ARTW,60m
2026-01-13 11:30:00-05:00,2.3661000728607178,2.3898000717163086,2.361599922180176,2.375,1994,0.0,0.0,ARTW,60m
2026-01-13 12:30:00-05:00,2.4000000953674316,2.4000000953674316,2.4000000953674316,2.4000000953674316,309,0.0,0.0,ARTW,60m
2026-01-13 13:30:00-05:00,2.4049999713897705,2.4049999713897705,2.4049999713897705,2.4049999713897705,1217,0.0,0.0,ARTW,60m
2026-01-13 14:30:00-05:00,2.430000066757202,2.440000057220459,2.430000066757202,2.440000057220459,461,0.0,0.0,ARTW,60m
2026-01-13 15:30:00-05:00,2.4195001125335693,2.4195001125335693,2.4000000953674316,2.4000000953674316,910,0.0,0.0,ARTW,60m
2026-01-14 09:30:00-05:00,2.384999990463257,2.450000047683716,2.384999990463257,2.444999933242798,4040,0.0,0.0,ARTW,60m
2026-01-14 10:30:00-05:00,2.440000057220459,2.4440999031066895,2.4149999618530273,2.430000066757202,3017,0.0,0.0,ARTW,60m
2026-01-14 12:30:00-05:00,2.390000104904175,2.390000104904175,2.390000104904175,2.390000104904175,1224,0.0,0.0,ARTW,60m
2026-01-14 15:30:00-05:00,2.399199962615967,2.450000047683716,2.399199962615967,2.4200000762939453,5202,0.0,0.0,ARTW,60m
2026-01-15 09:30:00-05:00,2.4049999713897705,2.4049999713897705,2.359999895095825,2.4000000953674316,2852,0.0,0.0,ARTW,60m
2026-01-15 10:30:00-05:00,2.384999990463257,2.4100000858306885,2.380000114440918,2.380000114440918,6464,0.0,0.0,ARTW,60m
2026-01-15 13:30:00-05:00,2.384999990463257,2.384999990463257,2.380000114440918,2.380000114440918,3098,0.0,0.0,ARTW,60m
2026-01-15 14:30:00-05:00,2.380000114440918,2.3854000568389893,2.380000114440918,2.3854000568389893,1430,0.0,0.0,ARTW,60m
2026-01-15 15:30:00-05:00,2.384999990463257,2.384999990463257,2.369999885559082,2.380000114440918,2136,0.0,0.0,ARTW,60m
2026-01-16 10:30:00-05:00,2.369999885559082,2.4000000953674316,2.369999885559082,2.4000000953674316,1874,0.0,0.0,ARTW,60m
2026-01-16 11:30:00-05:00,2.405100107192993,2.405100107192993,2.405100107192993,2.405100107192993,320,0.0,0.0,ARTW,60m
2026-01-16 12:30:00-05:00,2.390000104904175,2.390000104904175,2.369999885559082,2.369999885559082,946,0.0,0.0,ARTW,60m
2026-01-16 13:30:00-05:00,2.369999885559082,2.390000104904175,2.369999885559082,2.390000104904175,2129,0.0,0.0,ARTW,60m
2026-01-16 14:30:00-05:00,2.380000114440918,2.390000104904175,2.380000114440918,2.390000104904175,1081,0.0,0.0,ARTW,60m
2026-01-16 15:30:00-05:00,2.384999990463257,2.384999990463257,2.380000114440918,2.380000114440918,273,0.0,0.0,ARTW,60m
2026-01-20 09:30:00-05:00,2.440000057220459,2.440000057220459,2.369999885559082,2.369999885559082,3464,0.0,0.0,ARTW,60m
2026-01-20 10:30:00-05:00,2.4000000953674316,2.4100000858306885,2.3949999809265137,2.3975000381469727,590,0.0,0.0,ARTW,60m
2026-01-20 11:30:00-05:00,2.4000000953674316,2.4052000045776367,2.380000114440918,2.380000114440918,1792,0.0,0.0,ARTW,60m
2026-01-20 12:30:00-05:00,2.430000066757202,2.430000066757202,2.430000066757202,2.430000066757202,2211,0.0,0.0,ARTW,60m
2026-01-20 13:30:00-05:00,2.440000057220459,2.4700000286102295,2.369999885559082,2.444999933242798,8136,0.0,0.0,ARTW,60m
2026-01-20 14:30:00-05:00,2.4800000190734863,2.490000009536743,2.4800000190734863,2.490000009536743,1301,0.0,0.0,ARTW,60m
2026-01-20 15:30:00-05:00,2.4800000190734863,2.4800000190734863,2.4800000190734863,2.4800000190734863,0,0.0,0.0,ARTW,60m
2026-01-21 09:30:00-05:00,2.490000009536743,2.490000009536743,2.430000066757202,2.430000066757202,5557,0.0,0.0,ARTW,60m
2026-01-21 10:30:00-05:00,2.440000057220459,2.440000057220459,2.440000057220459,2.440000057220459,303,0.0,0.0,ARTW,60m
2026-01-21 11:30:00-05:00,2.4493000507354736,2.450000047683716,2.4493000507354736,2.450000047683716,517,0.0,0.0,ARTW,60m
2026-01-21 12:30:00-05:00,2.450000047683716,2.4549999237060547,2.450000047683716,2.4549999237060547,1569,0.0,0.0,ARTW,60m
2026-01-21 13:30:00-05:00,2.490000009536743,2.490000009536743,2.490000009536743,2.490000009536743,571,0.0,0.0,ARTW,60m
2026-01-21 14:30:00-05:00,2.4798998832702637,2.4798998832702637,2.4798998832702637,2.4798998832702637,245,0.0,0.0,ARTW,60m
2026-01-22 09:30:00-05:00,2.490000009536743,2.490000009536743,2.369999885559082,2.4200000762939453,8620,0.0,0.0,ARTW,60m
2026-01-22 10:30:00-05:00,2.446000099182129,2.450000047683716,2.446000099182129,2.450000047683716,551,0.0,0.0,ARTW,60m
2026-01-22 12:30:00-05:00,2.4600000381469727,2.4600000381469727,2.4600000381469727,2.4600000381469727,110,0.0,0.0,ARTW,60m
2026-01-22 13:30:00-05:00,2.460099935531616,2.4649999141693115,2.4600000381469727,2.4600000381469727,7116,0.0,0.0,ARTW,60m
2026-01-22 14:30:00-05:00,2.450000047683716,2.494999885559082,2.450000047683716,2.494999885559082,4146,0.0,0.0,ARTW,60m
2026-01-22 15:30:00-05:00,2.490000009536743,2.490000009536743,2.490000009536743,2.490000009536743,192,0.0,0.0,ARTW,60m
2026-01-23 09:30:00-05:00,2.5,2.5,2.4704999923706055,2.481800079345703,4320,0.0,0.0,ARTW,60m
2026-01-23 12:30:00-05:00,2.4553000926971436,2.4649999141693115,2.440000057220459,2.4649999141693115,2953,0.0,0.0,ARTW,60m
2026-01-23 13:30:00-05:00,2.440000057220459,2.440000057220459,2.440000057220459,2.440000057220459,222,0.0,0.0,ARTW,60m
2026-01-23 14:30:00-05:00,2.440000057220459,2.440000057220459,2.440000057220459,2.440000057220459,102,0.0,0.0,ARTW,60m
2026-01-23 15:30:00-05:00,2.440000057220459,2.4549999237060547,2.440000057220459,2.4549999237060547,315,0.0,0.0,ARTW,60m
2026-01-26 09:30:00-05:00,2.440000057220459,2.5,2.440000057220459,2.4749999046325684,3417,0.0,0.0,ARTW,60m
2026-01-26 10:30:00-05:00,2.4749999046325684,2.4749999046325684,2.4749999046325684,2.4749999046325684,100,0.0,0.0,ARTW,60m
2026-01-26 11:30:00-05:00,2.4549999237060547,2.4549999237060547,2.4549999237060547,2.4549999237060547,138,0.0,0.0,ARTW,60m
2026-01-26 12:30:00-05:00,2.4749999046325684,2.4749999046325684,2.4749999046325684,2.4749999046325684,1215,0.0,0.0,ARTW,60m
2026-01-26 13:30:00-05:00,2.463200092315674,2.463200092315674,2.463200092315674,2.463200092315674,808,0.0,0.0,ARTW,60m
2026-01-27 09:30:00-05:00,2.450000047683716,2.4800000190734863,2.450000047683716,2.4800000190734863,1910,0.0,0.0,ARTW,60m
2026-01-27 10:30:00-05:00,2.47979998588562,2.4800000190734863,2.450000047683716,2.450000047683716,1648,0.0,0.0,ARTW,60m
2026-01-27 11:30:00-05:00,2.473400115966797,2.473400115966797,2.467400074005127,2.467400074005127,1164,0.0,0.0,ARTW,60m
2026-01-27 12:30:00-05:00,2.4600000381469727,2.4600000381469727,2.4600000381469727,2.4600000381469727,211,0.0,0.0,ARTW,60m
2026-01-27 13:30:00-05:00,2.472100019454956,2.472100019454956,2.4649999141693115,2.4649999141693115,736,0.0,0.0,ARTW,60m
2026-01-27 14:30:00-05:00,2.4790000915527344,2.4790000915527344,2.4790000915527344,2.4790000915527344,1954,0.0,0.0,ARTW,60m
2026-01-28 09:30:00-05:00,2.440000057220459,2.4800000190734863,2.440000057220459,2.4800000190734863,2024,0.0,0.0,ARTW,60m
2026-01-28 10:30:00-05:00,2.4700000286102295,2.4700000286102295,2.4649999141693115,2.4660000801086426,2447,0.0,0.0,ARTW,60m
2026-01-28 12:30:00-05:00,2.4800000190734863,2.539900064468384,2.476599931716919,2.523400068283081,6839,0.0,0.0,ARTW,60m
2026-01-28 13:30:00-05:00,2.516700029373169,2.516700029373169,2.505000114440918,2.505000114440918,948,0.0,0.0,ARTW,60m
2026-01-28 14:30:00-05:00,2.48009991645813,2.48009991645813,2.48009991645813,2.48009991645813,292,0.0,0.0,ARTW,60m
2026-01-28 15:30:00-05:00,2.509999990463257,2.509999990463257,2.509999990463257,2.509999990463257,634,0.0,0.0,ARTW,60m
2026-01-29 10:30:00-05:00,2.5399999618530273,2.5399999618530273,2.510999917984009,2.510999917984009,1836,0.0,0.0,ARTW,60m
2026-01-29 11:30:00-05:00,2.537400007247925,2.537400007247925,2.5100998878479004,2.528899908065796,1672,0.0,0.0,ARTW,60m
2026-01-29 14:30:00-05:00,2.5,2.5,2.5,2.5,227,0.0,0.0,ARTW,60m
2026-01-29 15:30:00-05:00,2.505000114440918,2.505000114440918,2.505000114440918,2.505000114440918,1380,0.0,0.0,ARTW,60m
2026-01-30 09:30:00-05:00,2.509999990463257,2.5399999618530273,2.509999990463257,2.5399999618530273,2058,0.0,0.0,ARTW,60m
2026-02-02 13:30:00-05:00,2.674999952316284,2.700000047683716,2.674999952316284,2.700000047683716,38351,0.0,0.0,ARTW,60m
2026-02-02 14:30:00-05:00,2.700000047683716,2.8299999237060547,2.690000057220459,2.7850000858306885,21682,0.0,0.0,ARTW,60m
2026-02-02 15:30:00-05:00,2.809999942779541,2.859999895095825,2.799999952316284,2.8499999046325684,10258,0.0,0.0,ARTW,60m
2026-02-03 09:30:00-05:00,2.799999952316284,2.8801000118255615,2.7799999713897705,2.8801000118255615,20686,0.0,0.0,ARTW,60m
2026-02-03 10:30:00-05:00,2.8550000190734863,2.899899959564209,2.8550000190734863,2.8691999912261963,1349,0.0,0.0,ARTW,60m
2026-02-03 11:30:00-05:00,2.8668999671936035,2.869999885559082,2.8299999237060547,2.869999885559082,2576,0.0,0.0,ARTW,60m
2026-02-03 12:30:00-05:00,2.8499999046325684,2.875,2.8499999046325684,2.875,20020,0.0,0.0,ARTW,60m
2026-02-03 13:30:00-05:00,2.880000114440918,2.8929998874664307,2.859999895095825,2.8929998874664307,0,0.0,0.0,ARTW,60m
2026-02-03 14:30:00-05:00,2.9200000762939453,2.9200000762939453,2.859999895095825,2.890000104904175,10680,0.0,0.0,ARTW,60m
2026-02-03 15:30:00-05:00,2.890000104904175,2.9000000953674316,2.8450000286102295,2.884999990463257,4103,0.0,0.0,ARTW,60m
2026-02-04 09:30:00-05:00,2.8399999141693115,2.8399999141693115,2.7899999618530273,2.7899999618530273,6378,0.0,0.0,ARTW,60m
2026-02-04 10:30:00-05:00,2.825000047683716,2.8399999141693115,2.799999952316284,2.809999942779541,1645,0.0,0.0,ARTW,60m
2026-02-04 11:30:00-05:00,2.8550000190734863,2.8828999996185303,2.850600004196167,2.850600004196167,2846,0.0,0.0,ARTW,60m
2026-02-04 12:30:00-05:00,2.8399999141693115,2.990000009536743,2.819999933242798,2.829699993133545,45240,0.0,0.0,ARTW,60m
2026-02-04 13:30:00-05:00,2.819999933242798,2.819999933242798,2.684999942779541,2.7300000190734863,4003,0.0,0.0,ARTW,60m
2026-02-04 14:30:00-05:00,2.700000047683716,2.740000009536743,2.700000047683716,2.731100082397461,2053,0.0,0.0,ARTW,60m
2026-02-04 15:30:00-05:00,2.7300000190734863,2.7300000190734863,2.6500000953674316,2.668100118637085,41575,0.0,0.0,ARTW,60m
2026-02-05 09:30:00-05:00,2.700000047683716,2.7799999713897705,2.049999952316284,2.365000009536743,71693,0.0,0.0,ARTW,60m
2026-02-05 10:30:00-05:00,2.3299999237060547,2.4100000858306885,2.200000047683716,2.4100000858306885,20417,0.0,0.0,ARTW,60m
2026-02-05 11:30:00-05:00,2.380000114440918,2.5409998893737793,2.280100107192993,2.5199999809265137,6654,0.0,0.0,ARTW,60m
2026-02-05 12:30:00-05:00,2.5899999141693115,2.5899999141693115,2.2300000190734863,2.338099956512451,17725,0.0,0.0,ARTW,60m
2026-02-05 13:30:00-05:00,2.3150999546051025,2.3299999237060547,2.309999942779541,2.3101999759674072,1579,0.0,0.0,ARTW,60m
2026-02-05 14:30:00-05:00,2.299999952316284,2.309999942779541,2.2850000858306885,2.309999942779541,2723,0.0,0.0,ARTW,60m
2026-02-05 15:30:00-05:00,2.309999942779541,2.309999942779541,2.2799999713897705,2.2799999713897705,42753,0.0,0.0,ARTW,60m
2026-02-06 09:30:00-05:00,2.299999952316284,2.311500072479248,2.2300000190734863,2.311500072479248,5091,0.0,0.0,ARTW,60m
2026-02-06 13:30:00-05:00,2.305000066757202,2.305000066757202,2.305000066757202,2.305000066757202,139,0.0,0.0,ARTW,60m
2026-02-06 14:30:00-05:00,2.3008999824523926,2.3499999046325684,2.2799999713897705,2.3499999046325684,18268,0.0,0.0,ARTW,60m
2026-02-09 09:30:00-05:00,2.380000114440918,2.4000000953674316,2.2799999713897705,2.325000047683716,8899,0.0,0.0,ARTW,60m
2026-02-09 10:30:00-05:00,2.319999933242798,2.3399999141693115,2.319999933242798,2.3399999141693115,1923,0.0,0.0,ARTW,60m
2026-02-09 11:30:00-05:00,2.3299999237060547,2.3499999046325684,2.3299999237060547,2.3499999046325684,653,0.0,0.0,ARTW,60m
2026-02-09 12:30:00-05:00,2.3499999046325684,2.4105000495910645,2.2799999713897705,2.309999942779541,3861,0.0,0.0,ARTW,60m
2026-02-09 13:30:00-05:00,2.3399999141693115,2.3399999141693115,2.3399999141693115,2.3399999141693115,124,0.0,0.0,ARTW,60m
2026-02-09 14:30:00-05:00,2.3499999046325684,2.3499999046325684,2.3499999046325684,2.3499999046325684,301,0.0,0.0,ARTW,60m
2026-02-09 15:30:00-05:00,2.3299999237060547,2.3399999141693115,2.2699999809265137,2.299999952316284,6425,0.0,0.0,ARTW,60m
2026-02-10 09:30:00-05:00,2.2200000286102295,2.2699999809265137,2.2200000286102295,2.2699999809265137,4712,0.0,0.0,ARTW,60m
2026-02-10 10:30:00-05:00,2.259999990463257,2.259999990463257,2.259999990463257,2.259999990463257,334,0.0,0.0,ARTW,60m
2026-02-10 11:30:00-05:00,2.259999990463257,2.259999990463257,2.1700000762939453,2.183300018310547,3645,0.0,0.0,ARTW,60m
2026-02-10 12:30:00-05:00,2.194999933242798,2.2200000286102295,2.194999933242798,2.2200000286102295,1886,0.0,0.0,ARTW,60m
2026-02-10 13:30:00-05:00,2.2200000286102295,2.2200000286102295,2.2049999237060547,2.2049999237060547,1143,0.0,0.0,ARTW,60m
2026-02-10 14:30:00-05:00,2.200000047683716,2.259999990463257,2.200000047683716,2.2200000286102295,14665,0.0,0.0,ARTW,60m
2026-02-10 15:30:00-05:00,2.251300096511841,2.251300096511841,2.190000057220459,2.2260000705718994,23930,0.0,0.0,ARTW,60m
2026-02-11 09:30:00-05:00,2.200000047683716,2.2300000190734863,2.190000057220459,2.2300000190734863,22978,0.0,0.0,ARTW,60m
2026-02-11 11:30:00-05:00,2.299999952316284,2.3499999046325684,2.299999952316284,2.3299999237060547,9834,0.0,0.0,ARTW,60m
2026-02-11 12:30:00-05:00,2.3399999141693115,2.440000057220459,2.3299999237060547,2.375,10533,0.0,0.0,ARTW,60m
2026-02-11 13:30:00-05:00,2.3499999046325684,2.3499999046325684,2.2850000858306885,2.2850000858306885,1021,0.0,0.0,ARTW,60m
2026-02-11 14:30:00-05:00,2.2850000858306885,2.299999952316284,2.2850000858306885,2.2950000762939453,618,0.0,0.0,ARTW,60m
2026-02-11 15:30:00-05:00,2.2899999618530273,2.2950000762939453,2.2850000858306885,2.2950000762939453,327,0.0,0.0,ARTW,60m
2026-02-12 09:30:00-05:00,2.25,2.3499999046325684,2.109999895095825,2.319999933242798,3127,0.0,0.0,ARTW,60m
2026-02-12 11:30:00-05:00,2.3106000423431396,2.319999933242798,2.2699999809265137,2.2699999809265137,10175,0.0,0.0,ARTW,60m
2026-02-12 12:30:00-05:00,2.3013999462127686,2.3013999462127686,2.2699999809265137,2.2699999809265137,1701,0.0,0.0,ARTW,60m
2026-02-13 09:30:00-05:00,2.180000066757202,2.3828001022338867,2.180000066757202,2.3434998989105225,17153,0.0,0.0,ARTW,60m
2026-02-13 10:30:00-05:00,2.3399999141693115,2.4100000858306885,2.3090999126434326,2.359999895095825,39036,0.0,0.0,ARTW,60m
2026-02-13 11:30:00-05:00,2.343100070953369,2.380000114440918,2.309999942779541,2.3125998973846436,9592,0.0,0.0,ARTW,60m
2026-02-13 12:30:00-05:00,2.2300000190734863,2.3348000049591064,2.2200000286102295,2.3348000049591064,2171,0.0,0.0,ARTW,60m
2026-02-13 13:30:00-05:00,2.3482000827789307,2.4000000953674316,2.3299999237060547,2.380000114440918,22250,0.0,0.0,ARTW,60m
2026-02-13 14:30:00-05:00,2.4000000953674316,2.4000000953674316,2.3299999237060547,2.356600046157837,8919,0.0,0.0,ARTW,60m
2026-02-13 15:30:00-05:00,2.299999952316284,2.359999895095825,2.299999952316284,2.359999895095825,12809,0.0,0.0,ARTW,60m
2026-02-17 09:30:00-05:00,2.3499999046325684,2.3499999046325684,2.313999891281128,2.313999891281128,1932,0.0,0.0,ARTW,60m
2026-02-17 10:30:00-05:00,2.3011999130249023,2.4333999156951904,2.3011999130249023,2.4100000858306885,13562,0.0,0.0,ARTW,60m
2026-02-17 11:30:00-05:00,2.378999948501587,2.4245998859405518,2.3350000381469727,2.3624000549316406,11632,0.0,0.0,ARTW,60m
2026-02-17 12:30:00-05:00,2.2848000526428223,2.315000057220459,2.2699999809265137,2.2699999809265137,903,0.0,0.0,ARTW,60m
2026-02-17 13:30:00-05:00,2.315000057220459,2.3299999237060547,2.309999942779541,2.3299999237060547,2223,0.0,0.0,ARTW,60m
2026-02-17 14:30:00-05:00,2.380000114440918,2.380000114440918,2.380000114440918,2.380000114440918,245,0.0,0.0,ARTW,60m
2026-02-17 15:30:00-05:00,2.359999895095825,2.359999895095825,2.3350000381469727,2.3350000381469727,1594,0.0,0.0,ARTW,60m
2026-02-18 09:30:00-05:00,2.319999933242798,2.369999885559082,2.319999933242798,2.369999885559082,1368,0.0,0.0,ARTW,60m
2026-02-18 10:30:00-05:00,2.390000104904175,2.390000104904175,2.3499999046325684,2.3499999046325684,818,0.0,0.0,ARTW,60m
2026-02-18 11:30:00-05:00,2.3499999046325684,2.392400026321411,2.3499999046325684,2.392400026321411,2478,0.0,0.0,ARTW,60m
2026-02-18 12:30:00-05:00,2.380000114440918,2.380000114440918,2.3399999141693115,2.3399999141693115,347,0.0,0.0,ARTW,60m
2026-02-18 13:30:00-05:00,2.3299999237060547,2.3399999141693115,2.3299999237060547,2.3399999141693115,607,0.0,0.0,ARTW,60m
2026-02-18 15:30:00-05:00,2.337599992752075,2.377500057220459,2.337599992752075,2.377500057220459,213,0.0,0.0,ARTW,60m
2026-02-19 09:30:00-05:00,2.380000114440918,2.380000114440918,2.2899999618530273,2.2899999618530273,4695,0.0,0.0,ARTW,60m
2026-02-19 10:30:00-05:00,2.4200000762939453,2.471400022506714,2.369999885559082,2.440000057220459,21233,0.0,0.0,ARTW,60m
2026-02-19 11:30:00-05:00,2.440000057220459,2.5299999713897705,2.440000057220459,2.5299999713897705,11265,0.0,0.0,ARTW,60m
2026-02-19 12:30:00-05:00,2.484999895095825,2.484999895095825,2.440000057220459,2.440000057220459,16203,0.0,0.0,ARTW,60m
2026-02-19 13:30:00-05:00,2.4649999141693115,2.4649999141693115,2.440000057220459,2.4570000171661377,4296,0.0,0.0,ARTW,60m
2026-02-19 15:30:00-05:00,2.4000000953674316,2.4000000953674316,2.369999885559082,2.369999885559082,2745,0.0,0.0,ARTW,60m
2026-02-20 09:30:00-05:00,2.4000000953674316,2.4000000953674316,2.4000000953674316,2.4000000953674316,1510,0.0,0.0,ARTW,60m
2026-02-20 11:30:00-05:00,2.4719998836517334,2.4719998836517334,2.4719998836517334,2.4719998836517334,1010,0.0,0.0,ARTW,60m
2026-02-20 12:30:00-05:00,2.4453001022338867,2.4453001022338867,2.390000104904175,2.390000104904175,1939,0.0,0.0,ARTW,60m
2026-02-20 13:30:00-05:00,2.430000066757202,2.4342000484466553,2.4100000858306885,2.420099973678589,3044,0.0,0.0,ARTW,60m
2026-02-20 14:30:00-05:00,2.4200000762939453,2.434999942779541,2.4000000953674316,2.434999942779541,3214,0.0,0.0,ARTW,60m
2026-02-20 15:30:00-05:00,2.4100000858306885,2.4100000858306885,2.390000104904175,2.390000104904175,3925,0.0,0.0,ARTW,60m
2026-02-23 09:30:00-05:00,2.380000114440918,2.380000114440918,2.380000114440918,2.380000114440918,1764,0.0,0.0,ARTW,60m
2026-02-23 10:30:00-05:00,2.369999885559082,2.380000114440918,2.369999885559082,2.380000114440918,330,0.0,0.0,ARTW,60m
2026-02-23 11:30:00-05:00,2.398200035095215,2.398200035095215,2.309999942779541,2.309999942779541,3148,0.0,0.0,ARTW,60m
2026-02-23 13:30:00-05:00,2.386199951171875,2.386199951171875,2.386199951171875,2.386199951171875,195,0.0,0.0,ARTW,60m
2026-02-23 14:30:00-05:00,2.359999895095825,2.384999990463257,2.359999895095825,2.380000114440918,6590,0.0,0.0,ARTW,60m
2026-02-23 15:30:00-05:00,2.369999885559082,2.369999885559082,2.359999895095825,2.359999895095825,709,0.0,0.0,ARTW,60m
2026-02-24 09:30:00-05:00,2.3299999237060547,2.3299999237060547,2.329900026321411,2.329900026321411,5730,0.0,0.0,ARTW,60m
2026-02-24 10:30:00-05:00,2.3801000118255615,2.3801000118255615,2.3801000118255615,2.3801000118255615,691,0.0,0.0,ARTW,60m
2026-02-24 12:30:00-05:00,2.4149999618530273,2.4149999618530273,2.380000114440918,2.380000114440918,2407,0.0,0.0,ARTW,60m
2026-02-24 13:30:00-05:00,2.4151999950408936,2.4151999950408936,2.4151999950408936,2.4151999950408936,460,0.0,0.0,ARTW,60m
2026-02-24 14:30:00-05:00,2.4100000858306885,2.4100000858306885,2.4100000858306885,2.4100000858306885,1091,0.0,0.0,ARTW,60m
2026-02-24 15:30:00-05:00,2.4000000953674316,2.4000000953674316,2.4000000953674316,2.4000000953674316,299,0.0,0.0,ARTW,60m
2026-02-25 10:30:00-05:00,2.3492000102996826,2.3492000102996826,2.3492000102996826,2.3492000102996826,356,0.0,0.0,ARTW,60m
2026-02-25 11:30:00-05:00,2.4000000953674316,2.4000000953674316,2.4000000953674316,2.4000000953674316,2670,0.0,0.0,ARTW,60m
2026-02-25 12:30:00-05:00,2.390000104904175,2.390000104904175,2.390000104904175,2.390000104904175,300,0.0,0.0,ARTW,60m
2026-02-25 13:30:00-05:00,2.390000104904175,2.390000104904175,2.390000104904175,2.390000104904175,460,0.0,0.0,ARTW,60m
2026-02-26 09:30:00-05:00,2.4000000953674316,2.4100000858306885,2.4000000953674316,2.4100000858306885,2505,0.0,0.0,ARTW,60m
2026-02-26 10:30:00-05:00,2.4447999000549316,2.4447999000549316,2.359999895095825,2.390000104904175,3783,0.0,0.0,ARTW,60m
2026-02-26 13:30:00-05:00,2.390000104904175,2.390000104904175,2.390000104904175,2.390000104904175,298,0.0,0.0,ARTW,60m
2026-02-26 14:30:00-05:00,2.4100000858306885,2.4100000858306885,2.4100000858306885,2.4100000858306885,583,0.0,0.0,ARTW,60m
2026-02-27 09:30:00-05:00,2.398099899291992,2.398099899291992,2.359999895095825,2.380000114440918,12004,0.0,0.0,ARTW,60m
2026-02-27 10:30:00-05:00,2.390000104904175,2.390000104904175,2.390000104904175,2.390000104904175,214,0.0,0.0,ARTW,60m
2026-02-27 11:30:00-05:00,2.369999885559082,2.3826000690460205,2.369999885559082,2.380000114440918,3877,0.0,0.0,ARTW,60m
2026-02-27 13:30:00-05:00,2.380000114440918,2.380000114440918,2.380000114440918,2.380000114440918,169,0.0,0.0,ARTW,60m
2026-02-27 14:30:00-05:00,2.380000114440918,2.380000114440918,2.380000114440918,2.380000114440918,226,0.0,0.0,ARTW,60m
2026-02-27 15:30:00-05:00,2.380000114440918,2.380000114440918,2.380000114440918,2.380000114440918,584,0.0,0.0,ARTW,60m
2026-03-02 09:30:00-05:00,2.315000057220459,2.3299999237060547,2.259999990463257,2.3299999237060547,11139,0.0,0.0,ARTW,60m
2026-03-02 10:30:00-05:00,2.319999933242798,2.380000114440918,2.309999942779541,2.380000114440918,4399,0.0,0.0,ARTW,60m
2026-03-02 11:30:00-05:00,2.380000114440918,2.380000114440918,2.380000114440918,2.380000114440918,479,0.0,0.0,ARTW,60m
2026-03-02 12:30:00-05:00,2.299999952316284,2.369999885559082,2.299999952316284,2.369999885559082,1544,0.0,0.0,ARTW,60m
2026-03-02 13:30:00-05:00,2.319999933242798,2.369999885559082,2.299999952316284,2.369999885559082,7122,0.0,0.0,ARTW,60m
2026-03-02 14:30:00-05:00,2.369999885559082,2.369999885559082,2.369999885559082,2.369999885559082,13717,0.0,0.0,ARTW,60m
2026-03-02 15:30:00-05:00,2.3447999954223633,2.3617000579833984,2.3299999237060547,2.3299999237060547,2794,0.0,0.0,ARTW,60m
2026-03-03 09:30:00-05:00,2.3189001083374023,2.3289999961853027,2.299999952316284,2.299999952316284,4404,0.0,0.0,ARTW,60m
2026-03-03 10:30:00-05:00,2.314500093460083,2.314500093460083,2.314500093460083,2.314500093460083,2446,0.0,0.0,ARTW,60m
2026-03-03 11:30:00-05:00,2.311800003051758,2.316999912261963,2.311800003051758,2.316999912261963,561,0.0,0.0,ARTW,60m
2026-03-03 13:30:00-05:00,2.299999952316284,2.309999942779541,2.2699999809265137,2.2950000762939453,3799,0.0,0.0,ARTW,60m
2026-03-03 14:30:00-05:00,2.309999942779541,2.309999942779541,2.2699999809265137,2.2699999809265137,1050,0.0,0.0,ARTW,60m
2026-03-03 15:30:00-05:00,2.2699999809265137,2.2899999618530273,2.259999990463257,2.2699999809265137,1744,0.0,0.0,ARTW,60m
2026-03-04 09:30:00-05:00,2.259999990463257,2.278700113296509,2.25,2.278700113296509,16167,0.0,0.0,ARTW,60m
2026-03-04 10:30:00-05:00,2.2799999713897705,2.309999942779541,2.2799999713897705,2.309999942779541,1327,0.0,0.0,ARTW,60m
2026-03-04 13:30:00-05:00,2.3299999237060547,2.3299999237060547,2.3299999237060547,2.3299999237060547,399,0.0,0.0,ARTW,60m
2026-03-04 14:30:00-05:00,2.315000057220459,2.315000057220459,2.311300039291382,2.311300039291382,1323,0.0,0.0,ARTW,60m
2026-03-04 15:30:00-05:00,2.299999952316284,2.299999952316284,2.299999952316284,2.299999952316284,989,0.0,0.0,ARTW,60m
2026-03-05 11:30:00-05:00,2.2699999809265137,2.2699999809265137,2.2699999809265137,2.2699999809265137,570,0.0,0.0,ARTW,60m
2026-03-05 12:30:00-05:00,2.289900064468384,2.289900064468384,2.289900064468384,2.289900064468384,66,0.0,0.0,ARTW,60m
2026-03-05 14:30:00-05:00,2.2699999809265137,2.2799999713897705,2.2685999870300293,2.279900074005127,3397,0.0,0.0,ARTW,60m
2026-03-05 15:30:00-05:00,2.2799999713897705,2.2799999713897705,2.2699999809265137,2.2699999809265137,465,0.0,0.0,ARTW,60m
2026-03-06 09:30:00-05:00,2.2699999809265137,2.2699999809265137,2.25,2.259999990463257,3938,0.0,0.0,ARTW,60m
2026-03-06 10:30:00-05:00,2.259999990463257,2.259999990463257,2.25,2.25,320,0.0,0.0,ARTW,60m
2026-03-06 11:30:00-05:00,2.25,2.259999990463257,2.2100000381469727,2.259999990463257,7068,0.0,0.0,ARTW,60m
2026-03-06 12:30:00-05:00,2.259999990463257,2.259999990463257,2.259999990463257,2.259999990463257,1551,0.0,0.0,ARTW,60m
2026-03-06 13:30:00-05:00,2.259999990463257,2.259999990463257,2.25,2.25,2688,0.0,0.0,ARTW,60m
2026-03-06 14:30:00-05:00,2.26200008392334,2.26200008392334,2.2155001163482666,2.259999990463257,2608,0.0,0.0,ARTW,60m
2026-03-06 15:30:00-05:00,2.259999990463257,2.2600998878479004,2.25,2.25,5269,0.0,0.0,ARTW,60m
2026-03-09 09:30:00-04:00,2.200000047683716,2.25,2.200000047683716,2.25,3984,0.0,0.0,ARTW,60m
2026-03-09 10:30:00-04:00,2.25,2.408600091934204,2.247299909591675,2.3299999237060547,10918,0.0,0.0,ARTW,60m
2026-03-09 11:30:00-04:00,2.3299999237060547,2.3299999237060547,2.3299999237060547,2.3299999237060547,373,0.0,0.0,ARTW,60m
2026-03-09 12:30:00-04:00,2.3399999141693115,2.3399999141693115,2.3399999141693115,2.3399999141693115,211,0.0,0.0,ARTW,60m
2026-03-09 13:30:00-04:00,2.3299999237060547,2.3399999141693115,2.3299999237060547,2.3399999141693115,822,0.0,0.0,ARTW,60m
2026-03-09 14:30:00-04:00,2.3450000286102295,2.819999933242798,2.3450000286102295,2.440000057220459,115865,0.0,0.0,ARTW,60m
2026-03-09 15:30:00-04:00,2.4700000286102295,2.4800000190734863,2.390000104904175,2.4700000286102295,19076,0.0,0.0,ARTW,60m
2026-03-10 09:30:00-04:00,2.5,2.5599000453948975,2.25,2.4000000953674316,131638,0.0,0.0,ARTW,60m
2026-03-10 10:30:00-04:00,2.440000057220459,2.4893999099731445,2.4000000953674316,2.4000000953674316,12618,0.0,0.0,ARTW,60m
2026-03-10 11:30:00-04:00,2.4000000953674316,2.4999001026153564,2.4000000953674316,2.4999001026153564,6641,0.0,0.0,ARTW,60m
2026-03-10 12:30:00-04:00,2.4870998859405518,2.4870998859405518,2.440000057220459,2.4700000286102295,3237,0.0,0.0,ARTW,60m
2026-03-10 13:30:00-04:00,2.441499948501587,2.441499948501587,2.299999952316284,2.3499999046325684,16461,0.0,0.0,ARTW,60m
2026-03-10 14:30:00-04:00,2.319999933242798,2.4000000953674316,2.2899999618530273,2.3399999141693115,5843,0.0,0.0,ARTW,60m
2026-03-10 15:30:00-04:00,2.3499999046325684,2.359999895095825,2.319999933242798,2.319999933242798,2979,0.0,0.0,ARTW,60m
2026-03-11 09:30:00-04:00,2.299999952316284,2.309999942779541,2.2799999713897705,2.299999952316284,22634,0.0,0.0,ARTW,60m
2026-03-11 10:30:00-04:00,2.3550000190734863,2.440000057220459,2.3550000190734863,2.4000000953674316,9901,0.0,0.0,ARTW,60m
2026-03-11 11:30:00-04:00,2.375,2.375,2.2850000858306885,2.359999895095825,7082,0.0,0.0,ARTW,60m
2026-03-11 12:30:00-04:00,2.360599994659424,2.380000114440918,2.3336000442504883,2.3336000442504883,1397,0.0,0.0,ARTW,60m
2026-03-11 13:30:00-04:00,2.340100049972534,2.340100049972534,2.3399999141693115,2.3399999141693115,3489,0.0,0.0,ARTW,60m
2026-03-11 14:30:00-04:00,2.3143999576568604,2.3299999237060547,2.299999952316284,2.305000066757202,5803,0.0,0.0,ARTW,60m
2026-03-11 15:30:00-04:00,2.319999933242798,2.3499999046325684,2.309999942779541,2.3499999046325684,4455,0.0,0.0,ARTW,60m
2026-03-12 09:30:00-04:00,2.325000047683716,2.4899001121520996,2.325000047683716,2.4528000354766846,42198,0.0,0.0,ARTW,60m
2026-03-12 10:30:00-04:00,2.4809000492095947,2.5799999237060547,2.400099992752075,2.4600000381469727,67015,0.0,0.0,ARTW,60m
2026-03-12 11:30:00-04:00,2.4700000286102295,2.4700000286102295,2.3299999237060547,2.389899969100952,16931,0.0,0.0,ARTW,60m
2026-03-12 12:30:00-04:00,2.390000104904175,2.4100000858306885,2.358799934387207,2.369999885559082,13787,0.0,0.0,ARTW,60m
2026-03-12 13:30:00-04:00,2.4100000858306885,2.4100000858306885,2.3499999046325684,2.380000114440918,8204,0.0,0.0,ARTW,60m
2026-03-12 14:30:00-04:00,2.36080002784729,2.380000114440918,2.3399999141693115,2.3501999378204346,3205,0.0,0.0,ARTW,60m
2026-03-12 15:30:00-04:00,2.3310000896453857,2.365000009536743,2.2799999713897705,2.2799999713897705,23482,0.0,0.0,ARTW,60m
2026-03-13 09:30:00-04:00,2.309999942779541,2.3269999027252197,2.1600000858306885,2.2100000381469727,42088,0.0,0.0,ARTW,60m
2026-03-13 10:30:00-04:00,2.2100000381469727,2.3099000453948975,2.2100000381469727,2.2639999389648438,32811,0.0,0.0,ARTW,60m
2026-03-13 11:30:00-04:00,2.265000104904175,2.2799999713897705,2.265000104904175,2.2799999713897705,3832,0.0,0.0,ARTW,60m
2026-03-13 12:30:00-04:00,2.2702999114990234,2.299999952316284,2.25,2.25,5493,0.0,0.0,ARTW,60m
2026-03-13 13:30:00-04:00,2.25,2.2500998973846436,2.2200000286102295,2.2472000122070312,6640,0.0,0.0,ARTW,60m
2026-03-13 14:30:00-04:00,2.255000114440918,2.2699999809265137,2.25,2.25,1174,0.0,0.0,ARTW,60m
2026-03-13 15:30:00-04:00,2.2592999935150146,2.2592999935150146,2.240000009536743,2.240000009536743,778,0.0,0.0,ARTW,60m
2026-03-16 09:30:00-04:00,2.210099935531616,2.240000009536743,2.0999999046325684,2.2200000286102295,20207,0.0,0.0,ARTW,60m
2026-03-16 10:30:00-04:00,2.2300000190734863,2.243299961090088,2.200000047683716,2.243299961090088,1891,0.0,0.0,ARTW,60m
2026-03-16 11:30:00-04:00,2.2469000816345215,2.2469000816345215,2.2100000381469727,2.2300000190734863,2699,0.0,0.0,ARTW,60m
2026-03-16 12:30:00-04:00,2.2202999591827393,2.2399001121520996,2.2200000286102295,2.2399001121520996,1161,0.0,0.0,ARTW,60m
2026-03-16 13:30:00-04:00,2.2200000286102295,2.2230000495910645,2.2100000381469727,2.2200000286102295,1726,0.0,0.0,ARTW,60m
2026-03-16 14:30:00-04:00,2.2249999046325684,2.2249999046325684,2.2200000286102295,2.2200000286102295,993,0.0,0.0,ARTW,60m
2026-03-16 15:30:00-04:00,2.210200071334839,2.2300000190734863,2.2100000381469727,2.2300000190734863,2449,0.0,0.0,ARTW,60m
2026-03-17 09:30:00-04:00,2.149199962615967,2.192199945449829,2.149199962615967,2.1679999828338623,5741,0.0,0.0,ARTW,60m
2026-03-17 10:30:00-04:00,2.1600000858306885,2.2100000381469727,2.1600000858306885,2.2100000381469727,2336,0.0,0.0,ARTW,60m
2026-03-17 11:30:00-04:00,2.2149999141693115,2.2149999141693115,2.200000047683716,2.2100000381469727,2395,0.0,0.0,ARTW,60m
2026-03-17 12:30:00-04:00,2.200000047683716,2.2000999450683594,2.200000047683716,2.200000047683716,2770,0.0,0.0,ARTW,60m
2026-03-17 13:30:00-04:00,2.200000047683716,2.2100000381469727,2.200000047683716,2.2100000381469727,811,0.0,0.0,ARTW,60m
2026-03-17 14:30:00-04:00,2.219899892807007,2.2200000286102295,2.219899892807007,2.2200000286102295,1493,0.0,0.0,ARTW,60m
2026-03-17 15:30:00-04:00,2.190000057220459,2.200000047683716,2.190000057220459,2.200000047683716,730,0.0,0.0,ARTW,60m
2026-03-18 09:30:00-04:00,2.2239999771118164,2.2699999809265137,2.200000047683716,2.240000009536743,13344,0.0,0.0,ARTW,60m
2026-03-18 10:30:00-04:00,2.2699999809265137,2.2699999809265137,2.204900026321411,2.2300000190734863,700,0.0,0.0,ARTW,60m
2026-03-18 11:30:00-04:00,2.2300000190734863,2.2300000190734863,2.2100000381469727,2.2100000381469727,508,0.0,0.0,ARTW,60m
2026-03-18 13:30:00-04:00,2.2030999660491943,2.2030999660491943,2.2030999660491943,2.2030999660491943,371,0.0,0.0,ARTW,60m
2026-03-18 15:30:00-04:00,2.190000057220459,2.190000057220459,2.190000057220459,2.190000057220459,961,0.0,0.0,ARTW,60m
2026-03-19 09:30:00-04:00,2.261899948120117,2.261899948120117,2.261899948120117,2.261899948120117,517,0.0,0.0,ARTW,60m
2026-03-19 10:30:00-04:00,2.180000066757202,2.2197000980377197,2.1600000858306885,2.2197000980377197,747,0.0,0.0,ARTW,60m
2026-03-19 11:30:00-04:00,2.1600000858306885,2.2149999141693115,2.1600000858306885,2.180000066757202,2511,0.0,0.0,ARTW,60m
2026-03-19 12:30:00-04:00,2.2149999141693115,2.2149999141693115,2.2149999141693115,2.2149999141693115,215,0.0,0.0,ARTW,60m
2026-03-19 13:30:00-04:00,2.180000066757202,2.180000066757202,2.1500000953674316,2.1700000762939453,69016,0.0,0.0,ARTW,60m
2026-03-19 14:30:00-04:00,2.190000057220459,2.190000057220459,2.180000066757202,2.180000066757202,1929,0.0,0.0,ARTW,60m
2026-03-19 15:30:00-04:00,2.1700000762939453,2.180000066757202,2.1700000762939453,2.180000066757202,1039,0.0,0.0,ARTW,60m
2026-03-20 09:30:00-04:00,2.190000057220459,2.2081000804901123,2.140000104904175,2.2081000804901123,2625,0.0,0.0,ARTW,60m
2026-03-20 10:30:00-04:00,2.174999952316284,2.174999952316284,2.1531999111175537,2.1700000762939453,1312,0.0,0.0,ARTW,60m
2026-03-20 11:30:00-04:00,2.1649999618530273,2.189500093460083,2.1649999618530273,2.180000066757202,2902,0.0,0.0,ARTW,60m
2026-03-20 13:30:00-04:00,2.184999942779541,2.192500114440918,2.1709001064300537,2.1709001064300537,3541,0.0,0.0,ARTW,60m
2026-03-20 14:30:00-04:00,2.1700000762939453,2.1700000762939453,2.1700000762939453,2.1700000762939453,490,0.0,0.0,ARTW,60m
2026-03-20 15:30:00-04:00,2.180000066757202,2.190000057220459,2.180000066757202,2.190000057220459,594,0.0,0.0,ARTW,60m
2026-03-23 09:30:00-04:00,2.180000066757202,2.2300000190734863,2.149600028991699,2.2049999237060547,4462,0.0,0.0,ARTW,60m
2026-03-23 10:30:00-04:00,2.2049999237060547,2.2049999237060547,2.2049999237060547,2.2049999237060547,219,0.0,0.0,ARTW,60m
2026-03-23 11:30:00-04:00,2.26990008354187,2.26990008354187,2.261199951171875,2.261199951171875,3143,0.0,0.0,ARTW,60m
2026-03-23 12:30:00-04:00,2.157399892807007,2.224100112915039,2.157399892807007,2.224100112915039,704,0.0,0.0,ARTW,60m
2026-03-23 13:30:00-04:00,2.197499990463257,2.2049999237060547,2.197499990463257,2.2049999237060547,276,0.0,0.0,ARTW,60m
2026-03-23 14:30:00-04:00,2.2100000381469727,2.2100000381469727,2.2100000381469727,2.2100000381469727,390,0.0,0.0,ARTW,60m
2026-03-23 15:30:00-04:00,2.20989990234375,2.240000009536743,2.20989990234375,2.240000009536743,3004,0.0,0.0,ARTW,60m
2026-03-24 10:30:00-04:00,2.1700000762939453,2.2149999141693115,2.1700000762939453,2.2149999141693115,1753,0.0,0.0,ARTW,60m
2026-03-24 13:30:00-04:00,2.25,2.25,2.25,2.25,176,0.0,0.0,ARTW,60m
2026-03-24 15:30:00-04:00,2.2300000190734863,2.2300000190734863,2.2300000190734863,2.2300000190734863,940,0.0,0.0,ARTW,60m
2026-03-25 10:30:00-04:00,2.200000047683716,2.2300000190734863,2.200000047683716,2.2300000190734863,21808,0.0,0.0,ARTW,60m
2026-03-25 14:30:00-04:00,2.249500036239624,2.3380000591278076,2.240000009536743,2.311300039291382,15763,0.0,0.0,ARTW,60m
2026-03-25 15:30:00-04:00,2.309999942779541,2.3299999237060547,2.2899999618530273,2.329900026321411,8370,0.0,0.0,ARTW,60m
2026-03-26 09:30:00-04:00,2.1700000762939453,2.255000114440918,2.1500000953674316,2.255000114440918,7232,0.0,0.0,ARTW,60m
2026-03-26 10:30:00-04:00,2.259999990463257,2.259999990463257,2.259999990463257,2.259999990463257,360,0.0,0.0,ARTW,60m
2026-03-26 13:30:00-04:00,2.226599931716919,2.25,2.2200000286102295,2.25,1192,0.0,0.0,ARTW,60m
2026-03-26 15:30:00-04:00,2.2100000381469727,2.2100000381469727,2.2100000381469727,2.2100000381469727,202,0.0,0.0,ARTW,60m
2026-03-27 11:30:00-04:00,2.25,2.25,2.2116000652313232,2.25,1209,0.0,0.0,ARTW,60m
2026-03-27 12:30:00-04:00,2.2000999450683594,2.2000999450683594,2.150099992752075,2.159899950027466,8265,0.0,0.0,ARTW,60m
2026-03-27 13:30:00-04:00,2.1700000762939453,2.1700000762939453,2.115000009536743,2.139899969100952,6723,0.0,0.0,ARTW,60m
2026-03-27 15:30:00-04:00,2.119999885559082,2.149899959564209,2.1198999881744385,2.119999885559082,2720,0.0,0.0,ARTW,60m
2026-03-30 09:30:00-04:00,2.1500000953674316,2.194999933242798,2.1500000953674316,2.194999933242798,1080,0.0,0.0,ARTW,60m
2026-03-30 12:30:00-04:00,2.119999885559082,2.119999885559082,2.119999885559082,2.119999885559082,479,0.0,0.0,ARTW,60m
2026-03-30 13:30:00-04:00,2.1754000186920166,2.1891000270843506,2.1549999713897705,2.1549999713897705,1738,0.0,0.0,ARTW,60m
2026-03-30 14:30:00-04:00,2.1549999713897705,2.1898000240325928,2.0899999141693115,2.109999895095825,9831,0.0,0.0,ARTW,60m
2026-03-31 09:30:00-04:00,2.0799999237060547,2.158900022506714,2.0601999759674072,2.1120998859405518,4889,0.0,0.0,ARTW,60m
2026-03-31 10:30:00-04:00,2.07450008392334,2.07450008392334,2.07450008392334,2.07450008392334,401,0.0,0.0,ARTW,60m
2026-03-31 11:30:00-04:00,2.125699996948242,2.125699996948242,2.069999933242798,2.0999999046325684,5153,0.0,0.0,ARTW,60m
2026-03-31 12:30:00-04:00,2.0850000381469727,2.0850000381469727,2.0850000381469727,2.0850000381469727,676,0.0,0.0,ARTW,60m
2026-03-31 13:30:00-04:00,2.0850000381469727,2.0850000381469727,2.0850000381469727,2.0850000381469727,1956,0.0,0.0,ARTW,60m
2026-03-31 14:30:00-04:00,2.109999895095825,2.109999895095825,2.1098999977111816,2.1098999977111816,2006,0.0,0.0,ARTW,60m
2026-03-31 15:30:00-04:00,2.0950000286102295,2.0950000286102295,2.0950000286102295,2.0950000286102295,397,0.0,0.0,ARTW,60m
2026-04-01 09:30:00-04:00,2.109999895095825,2.1433000564575195,2.109999895095825,2.1433000564575195,4385,0.0,0.0,ARTW,60m
2026-04-01 10:30:00-04:00,2.140000104904175,2.140000104904175,2.140000104904175,2.140000104904175,1174,0.0,0.0,ARTW,60m
2026-04-01 11:30:00-04:00,2.119999885559082,2.130000114440918,2.119999885559082,2.119999885559082,3178,0.0,0.0,ARTW,60m
2026-04-02 09:30:00-04:00,2.059999942779541,2.0601000785827637,2.059999942779541,2.0601000785827637,3086,0.0,0.0,ARTW,60m
2026-04-02 14:30:00-04:00,2.1833999156951904,2.1833999156951904,2.1833999156951904,2.1833999156951904,985,0.0,0.0,ARTW,60m
2026-04-02 15:30:00-04:00,2.069999933242798,2.069999933242798,2.069999933242798,2.069999933242798,671,0.0,0.0,ARTW,60m
2026-04-06 12:30:00-04:00,2.158799886703491,2.158799886703491,2.1250998973846436,2.1250998973846436,4785,0.0,0.0,ARTW,60m
2026-04-06 13:30:00-04:00,2.1136999130249023,2.1136999130249023,2.1136999130249023,2.1136999130249023,474,0.0,0.0,ARTW,60m
2026-04-07 10:30:00-04:00,2.1807000637054443,2.1807000637054443,2.1807000637054443,2.1807000637054443,1064,0.0,0.0,ARTW,60m
2026-04-07 13:30:00-04:00,2.130000114440918,2.2049999237060547,2.119999885559082,2.1301000118255615,5133,0.0,0.0,ARTW,60m
2026-04-07 15:30:00-04:00,2.190000057220459,2.190000057220459,2.190000057220459,2.190000057220459,2000,0.0,0.0,ARTW,60m
2026-04-08 09:30:00-04:00,2.15120005607605,2.15120005607605,2.15120005607605,2.15120005607605,547,0.0,0.0,ARTW,60m
2026-04-08 10:30:00-04:00,2.1426000595092773,2.194999933242798,2.119999885559082,2.1710000038146973,16160,0.0,0.0,ARTW,60m
2026-04-08 12:30:00-04:00,2.0999999046325684,2.130000114440918,2.0999999046325684,2.125699996948242,1616,0.0,0.0,ARTW,60m
2026-04-08 13:30:00-04:00,2.13919997215271,2.13919997215271,2.13919997215271,2.13919997215271,1537,0.0,0.0,ARTW,60m
2026-04-08 15:30:00-04:00,2.1500000953674316,2.1500000953674316,2.140000104904175,2.140000104904175,1092,0.0,0.0,ARTW,60m
2026-04-09 09:30:00-04:00,2.2211999893188477,2.2211999893188477,2.1412999629974365,2.1412999629974365,2422,0.0,0.0,ARTW,60m
2026-04-09 10:30:00-04:00,2.119999885559082,2.259999990463257,2.119999885559082,2.259999990463257,34662,0.0,0.0,ARTW,60m
2026-04-09 11:30:00-04:00,2.200000047683716,2.369999885559082,2.190000057220459,2.309999942779541,26596,0.0,0.0,ARTW,60m
2026-04-09 12:30:00-04:00,2.309999942779541,2.3698999881744385,2.240000009536743,2.305000066757202,43728,0.0,0.0,ARTW,60m
2026-04-09 13:30:00-04:00,2.3610999584198,2.369999885559082,2.2200000286102295,2.2200000286102295,26212,0.0,0.0,ARTW,60m
2026-04-09 14:30:00-04:00,2.2200000286102295,2.2899999618530273,2.2000999450683594,2.259999990463257,22914,0.0,0.0,ARTW,60m
2026-04-09 15:30:00-04:00,2.259999990463257,2.2799999713897705,2.2100000381469727,2.25,12653,0.0,0.0,ARTW,60m
2026-04-10 09:30:00-04:00,2.3399999141693115,2.399600028991699,2.2736001014709473,2.341399908065796,30180,0.0,0.0,ARTW,60m
2026-04-10 10:30:00-04:00,2.319999933242798,2.4000000953674316,2.2701001167297363,2.380000114440918,29592,0.0,0.0,ARTW,60m
2026-04-10 11:30:00-04:00,2.299999952316284,2.389899969100952,2.299999952316284,2.319999933242798,15571,0.0,0.0,ARTW,60m
2026-04-10 12:30:00-04:00,2.305000066757202,2.359999895095825,2.2699999809265137,2.2899999618530273,11603,0.0,0.0,ARTW,60m
2026-04-10 13:30:00-04:00,2.2899999618530273,2.309999942779541,2.259999990463257,2.309999942779541,6436,0.0,0.0,ARTW,60m
2026-04-10 14:30:00-04:00,2.2799999713897705,2.299999952316284,2.269700050354004,2.299999952316284,11869,0.0,0.0,ARTW,60m
2026-04-10 15:30:00-04:00,2.2925000190734863,2.3157999515533447,2.2850000858306885,2.3157999515533447,7062,0.0,0.0,ARTW,60m
2026-04-13 09:30:00-04:00,2.2699999809265137,2.359999895095825,2.2699999809265137,2.315000057220459,4209,0.0,0.0,ARTW,60m
2026-04-13 10:30:00-04:00,2.259999990463257,2.359999895095825,2.240000009536743,2.2799999713897705,37644,0.0,0.0,ARTW,60m
2026-04-13 11:30:00-04:00,2.2899999618530273,2.349900007247925,2.2750000953674316,2.315000057220459,16369,0.0,0.0,ARTW,60m
2026-04-13 12:30:00-04:00,2.309999942779541,2.309999942779541,2.309999942779541,2.309999942779541,388,0.0,0.0,ARTW,60m
2026-04-13 14:30:00-04:00,2.3392999172210693,2.3392999172210693,2.309999942779541,2.309999942779541,955,0.0,0.0,ARTW,60m
2026-04-13 15:30:00-04:00,2.2699999809265137,2.2899999618530273,2.2699999809265137,2.2899999618530273,501,0.0,0.0,ARTW,60m
2026-04-14 09:30:00-04:00,2.2899999618530273,2.45989990234375,2.2899999618530273,2.45989990234375,29311,0.0,0.0,ARTW,60m
2026-04-14 10:30:00-04:00,2.4600000381469727,2.569999933242798,2.4600000381469727,2.549999952316284,29750,0.0,0.0,ARTW,60m
2026-04-14 11:30:00-04:00,2.549999952316284,2.6700000762939453,2.5199999809265137,2.5199999809265137,20744,0.0,0.0,ARTW,60m
2026-04-14 12:30:00-04:00,2.619999885559082,2.640000104904175,2.535799980163574,2.6198999881744385,10998,0.0,0.0,ARTW,60m
2026-04-14 13:30:00-04:00,2.6500000953674316,2.6700000762939453,2.5799999237060547,2.6050000190734863,14196,0.0,0.0,ARTW,60m
2026-04-14 14:30:00-04:00,2.599900007247925,2.619999885559082,2.599900007247925,2.5999999046325684,1021,0.0,0.0,ARTW,60m
2026-04-14 15:30:00-04:00,2.5950000286102295,2.640000104904175,2.5950000286102295,2.640000104904175,4116,0.0,0.0,ARTW,60m
2026-04-15 09:30:00-04:00,2.6500000953674316,2.740000009536743,2.6273000240325928,2.680000066757202,23914,0.0,0.0,ARTW,60m
2026-04-15 10:30:00-04:00,2.6689999103546143,2.6798999309539795,2.6689999103546143,2.6798999309539795,2032,0.0,0.0,ARTW,60m
2026-04-15 11:30:00-04:00,2.630000114440918,2.630000114440918,2.630000114440918,2.630000114440918,343,0.0,0.0,ARTW,60m
2026-04-15 12:30:00-04:00,2.6600000858306885,2.6600000858306885,2.6600000858306885,2.6600000858306885,529,0.0,0.0,ARTW,60m
2026-04-15 13:30:00-04:00,2.6600000858306885,2.6600000858306885,2.6600000858306885,2.6600000858306885,1679,0.0,0.0,ARTW,60m
2026-04-15 15:30:00-04:00,2.6600000858306885,2.6700000762939453,2.6600000858306885,2.6659998893737793,743,0.0,0.0,ARTW,60m
2026-04-16 09:30:00-04:00,2.7060999870300293,2.7060999870300293,2.619999885559082,2.625,5353,0.0,0.0,ARTW,60m
2026-04-16 10:30:00-04:00,2.5801000595092773,2.6600000858306885,2.5801000595092773,2.6600000858306885,1390,0.0,0.0,ARTW,60m
2026-04-16 11:30:00-04:00,2.625,2.625,2.619999885559082,2.619999885559082,2555,0.0,0.0,ARTW,60m
2026-04-16 12:30:00-04:00,2.6389999389648438,2.680000066757202,2.630000114440918,2.6500000953674316,7357,0.0,0.0,ARTW,60m
2026-04-16 13:30:00-04:00,2.680000066757202,2.680000066757202,2.640000104904175,2.640000104904175,1766,0.0,0.0,ARTW,60m
2026-04-16 15:30:00-04:00,2.640000104904175,2.6500000953674316,2.640000104904175,2.6500000953674316,716,0.0,0.0,ARTW,60m
2026-04-17 09:30:00-04:00,2.690000057220459,2.8232998847961426,2.680000066757202,2.809999942779541,24488,0.0,0.0,ARTW,60m
2026-04-17 10:30:00-04:00,2.7818000316619873,2.798799991607666,2.759999990463257,2.759999990463257,2540,0.0,0.0,ARTW,60m
2026-04-17 11:30:00-04:00,2.819999933242798,2.8620998859405518,2.809999942779541,2.8620998859405518,2985,0.0,0.0,ARTW,60m
2026-04-17 12:30:00-04:00,2.8499999046325684,2.859999895095825,2.819999933242798,2.819999933242798,6684,0.0,0.0,ARTW,60m
2026-04-17 13:30:00-04:00,2.825000047683716,2.8299999237060547,2.7799999713897705,2.7799999713897705,5840,0.0,0.0,ARTW,60m
2026-04-17 14:30:00-04:00,2.819999933242798,2.875,2.819999933242798,2.870699882507324,5276,0.0,0.0,ARTW,60m
2026-04-17 15:30:00-04:00,2.869999885559082,2.885999917984009,2.8299999237060547,2.885999917984009,5244,0.0,0.0,ARTW,60m
