datetime,open,high,low,close,volume,dividends,stock_splits,capital_gains,ticker,interval
2026-01-22 09:30:00-05:00,21.440000534057617,21.440000534057617,21.360000610351562,21.360000610351562,659,0.0,0.0,0.0,AMYY,5m
2026-01-22 09:35:00-05:00,21.389999389648438,21.39539909362793,21.389999389648438,21.39539909362793,584,0.0,0.0,0.0,AMYY,5m
2026-01-22 09:40:00-05:00,21.344999313354492,21.344999313354492,21.344999313354492,21.344999313354492,181,0.0,0.0,0.0,AMYY,5m
2026-01-22 09:45:00-05:00,21.332199096679688,21.332199096679688,21.332199096679688,21.332199096679688,253,0.0,0.0,0.0,AMYY,5m
2026-01-22 09:50:00-05:00,21.334999084472656,21.334999084472656,21.334999084472656,21.334999084472656,476,0.0,0.0,0.0,AMYY,5m
2026-01-22 10:10:00-05:00,21.374000549316406,21.374000549316406,21.374000549316406,21.374000549316406,224,0.0,0.0,0.0,AMYY,5m
2026-01-22 10:15:00-05:00,21.354999542236328,21.354999542236328,21.354999542236328,21.354999542236328,353,0.0,0.0,0.0,AMYY,5m
2026-01-22 10:20:00-05:00,21.41990089416504,21.41990089416504,21.41990089416504,21.41990089416504,281,0.0,0.0,0.0,AMYY,5m
2026-01-22 10:35:00-05:00,21.3799991607666,21.3799991607666,21.3799991607666,21.3799991607666,219,0.0,0.0,0.0,AMYY,5m
2026-01-22 10:50:00-05:00,21.41029930114746,21.41029930114746,21.41029930114746,21.41029930114746,325,0.0,0.0,0.0,AMYY,5m
2026-01-22 11:30:00-05:00,21.43000030517578,21.459999084472656,21.420000076293945,21.459999084472656,1942,0.0,0.0,0.0,AMYY,5m
2026-01-22 11:40:00-05:00,21.44499969482422,21.44499969482422,21.44499969482422,21.44499969482422,700,0.0,0.0,0.0,AMYY,5m
2026-01-22 12:00:00-05:00,21.479999542236328,21.489999771118164,21.479999542236328,21.489900588989258,4254,0.0,0.0,0.0,AMYY,5m
2026-01-22 12:05:00-05:00,21.489999771118164,21.489999771118164,21.489999771118164,21.489999771118164,2199,0.0,0.0,0.0,AMYY,5m
2026-01-22 12:10:00-05:00,21.5,21.5,21.5,21.5,225,0.0,0.0,0.0,AMYY,5m
2026-01-22 12:15:00-05:00,21.452199935913086,21.452199935913086,21.452199935913086,21.452199935913086,400,0.0,0.0,0.0,AMYY,5m
2026-01-22 12:20:00-05:00,21.459999084472656,21.459999084472656,21.459999084472656,21.459999084472656,174,0.0,0.0,0.0,AMYY,5m
2026-01-22 12:25:00-05:00,21.475000381469727,21.475000381469727,21.475000381469727,21.475000381469727,793,0.0,0.0,0.0,AMYY,5m
2026-01-22 12:30:00-05:00,21.5,21.5,21.5,21.5,42,0.0,0.0,0.0,AMYY,5m
2026-01-22 12:55:00-05:00,21.489900588989258,21.489900588989258,21.489900588989258,21.489900588989258,1000,0.0,0.0,0.0,AMYY,5m
2026-01-22 13:00:00-05:00,21.489900588989258,21.489900588989258,21.489900588989258,21.489900588989258,1,0.0,0.0,0.0,AMYY,5m
2026-01-22 13:05:00-05:00,21.489999771118164,21.489999771118164,21.489999771118164,21.489999771118164,163,0.0,0.0,0.0,AMYY,5m
2026-01-22 13:15:00-05:00,21.489999771118164,21.489999771118164,21.489999771118164,21.489999771118164,111,0.0,0.0,0.0,AMYY,5m
2026-01-22 13:25:00-05:00,21.479999542236328,21.479999542236328,21.479999542236328,21.479999542236328,229,0.0,0.0,0.0,AMYY,5m
2026-01-22 14:00:00-05:00,21.479900360107422,21.479900360107422,21.479900360107422,21.479900360107422,400,0.0,0.0,0.0,AMYY,5m
2026-01-22 14:05:00-05:00,21.450000762939453,21.450000762939453,21.450000762939453,21.450000762939453,24,0.0,0.0,0.0,AMYY,5m
2026-01-22 14:15:00-05:00,21.46380043029785,21.46380043029785,21.46380043029785,21.46380043029785,660,0.0,0.0,0.0,AMYY,5m
2026-01-22 15:00:00-05:00,21.450000762939453,21.450000762939453,21.450000762939453,21.450000762939453,167,0.0,0.0,0.0,AMYY,5m
2026-01-22 15:30:00-05:00,21.469999313354492,21.469999313354492,21.469999313354492,21.469999313354492,254,0.0,0.0,0.0,AMYY,5m
2026-01-22 15:35:00-05:00,21.46380043029785,21.479000091552734,21.46380043029785,21.479000091552734,141,0.0,0.0,0.0,AMYY,5m
2026-01-22 15:50:00-05:00,21.485000610351562,21.5,21.485000610351562,21.5,1441,0.0,0.0,0.0,AMYY,5m
2026-01-22 15:55:00-05:00,21.499900817871094,21.499900817871094,21.499900817871094,21.499900817871094,0,0.0,0.0,0.0,AMYY,5m
2026-01-23 09:30:00-05:00,21.059999465942383,21.190000534057617,21.059999465942383,21.145000457763672,3971,0.404,0.0,0.0,AMYY,5m
2026-01-23 09:40:00-05:00,21.21500015258789,21.21500015258789,21.13319969177246,21.170000076293945,3046,0.0,0.0,0.0,AMYY,5m
2026-01-23 09:45:00-05:00,21.145000457763672,21.147499084472656,21.138599395751953,21.138599395751953,3559,0.0,0.0,0.0,AMYY,5m
2026-01-23 09:50:00-05:00,21.100000381469727,21.139999389648438,21.100000381469727,21.139999389648438,1225,0.0,0.0,0.0,AMYY,5m
2026-01-23 09:55:00-05:00,21.159900665283203,21.159900665283203,21.159900665283203,21.159900665283203,161,0.0,0.0,0.0,AMYY,5m
2026-01-23 10:00:00-05:00,21.1299991607666,21.132999420166016,21.1299991607666,21.132999420166016,570,0.0,0.0,0.0,AMYY,5m
2026-01-23 10:05:00-05:00,21.130599975585938,21.149999618530273,21.130599975585938,21.130599975585938,931,0.0,0.0,0.0,AMYY,5m
2026-01-23 10:10:00-05:00,21.1200008392334,21.1200008392334,21.1200008392334,21.1200008392334,501,0.0,0.0,0.0,AMYY,5m
2026-01-23 10:15:00-05:00,21.15999984741211,21.15999984741211,21.15999984741211,21.15999984741211,162,0.0,0.0,0.0,AMYY,5m
2026-01-23 10:30:00-05:00,21.190000534057617,21.190000534057617,21.190000534057617,21.190000534057617,236,0.0,0.0,0.0,AMYY,5m
2026-01-23 10:35:00-05:00,21.189199447631836,21.189199447631836,21.189199447631836,21.189199447631836,156,0.0,0.0,0.0,AMYY,5m
2026-01-23 10:45:00-05:00,21.170000076293945,21.170000076293945,21.145000457763672,21.145000457763672,3164,0.0,0.0,0.0,AMYY,5m
2026-01-23 11:10:00-05:00,21.154499053955078,21.154499053955078,21.154499053955078,21.154499053955078,400,0.0,0.0,0.0,AMYY,5m
2026-01-23 11:15:00-05:00,21.170000076293945,21.170000076293945,21.13680076599121,21.13680076599121,1207,0.0,0.0,0.0,AMYY,5m
2026-01-23 11:35:00-05:00,21.18000030517578,21.18000030517578,21.13599967956543,21.13599967956543,441,0.0,0.0,0.0,AMYY,5m
2026-01-23 11:45:00-05:00,21.139999389648438,21.139999389648438,21.139999389648438,21.139999389648438,200,0.0,0.0,0.0,AMYY,5m
2026-01-23 11:50:00-05:00,21.170000076293945,21.18000030517578,21.170000076293945,21.179899215698242,2348,0.0,0.0,0.0,AMYY,5m
2026-01-23 11:55:00-05:00,21.189800262451172,21.189800262451172,21.189800262451172,21.189800262451172,246,0.0,0.0,0.0,AMYY,5m
2026-01-23 12:00:00-05:00,21.183300018310547,21.183300018310547,21.183300018310547,21.183300018310547,1520,0.0,0.0,0.0,AMYY,5m
2026-01-23 12:05:00-05:00,21.170000076293945,21.170000076293945,21.170000076293945,21.170000076293945,0,0.0,0.0,0.0,AMYY,5m
2026-01-23 12:15:00-05:00,21.15999984741211,21.15999984741211,21.15999984741211,21.15999984741211,258,0.0,0.0,0.0,AMYY,5m
2026-01-23 12:40:00-05:00,21.128000259399414,21.128000259399414,21.128000259399414,21.128000259399414,144,0.0,0.0,0.0,AMYY,5m
2026-01-23 12:50:00-05:00,21.132999420166016,21.132999420166016,21.132999420166016,21.132999420166016,426,0.0,0.0,0.0,AMYY,5m
2026-01-23 13:05:00-05:00,21.10759925842285,21.10759925842285,21.10759925842285,21.10759925842285,200,0.0,0.0,0.0,AMYY,5m
2026-01-23 13:10:00-05:00,21.13990020751953,21.13990020751953,21.13990020751953,21.13990020751953,42,0.0,0.0,0.0,AMYY,5m
2026-01-23 13:25:00-05:00,21.170000076293945,21.170000076293945,21.170000076293945,21.170000076293945,288,0.0,0.0,0.0,AMYY,5m
2026-01-23 14:00:00-05:00,21.15999984741211,21.15999984741211,21.100000381469727,21.100000381469727,676,0.0,0.0,0.0,AMYY,5m
2026-01-23 14:05:00-05:00,21.158700942993164,21.158700942993164,21.125,21.125,221,0.0,0.0,0.0,AMYY,5m
2026-01-23 14:15:00-05:00,21.136899948120117,21.15999984741211,21.125,21.125,510,0.0,0.0,0.0,AMYY,5m
2026-01-23 14:35:00-05:00,21.139999389648438,21.139999389648438,21.139999389648438,21.139999389648438,336,0.0,0.0,0.0,AMYY,5m
2026-01-23 14:40:00-05:00,21.168899536132812,21.168899536132812,21.168899536132812,21.168899536132812,637,0.0,0.0,0.0,AMYY,5m
2026-01-23 15:35:00-05:00,21.149999618530273,21.170000076293945,21.1200008392334,21.135000228881836,1423,0.0,0.0,0.0,AMYY,5m
2026-01-23 15:40:00-05:00,21.16860008239746,21.16860008239746,21.16860008239746,21.16860008239746,583,0.0,0.0,0.0,AMYY,5m
2026-01-23 15:55:00-05:00,21.138500213623047,21.15999984741211,21.138500213623047,21.15999984741211,1312,0.0,0.0,0.0,AMYY,5m
2026-01-26 09:30:00-05:00,21.049999237060547,21.049999237060547,20.91939926147461,20.989900588989258,3250,0.0,0.0,0.0,AMYY,5m
2026-01-26 09:35:00-05:00,20.90999984741211,20.90999984741211,20.909900665283203,20.909900665283203,313,0.0,0.0,0.0,AMYY,5m
2026-01-26 09:40:00-05:00,20.90999984741211,20.90999984741211,20.90999984741211,20.90999984741211,107,0.0,0.0,0.0,AMYY,5m
2026-01-26 09:45:00-05:00,20.8799991607666,20.899999618530273,20.8799991607666,20.899999618530273,451,0.0,0.0,0.0,AMYY,5m
2026-01-26 09:55:00-05:00,20.889999389648438,20.889999389648438,20.844999313354492,20.860000610351562,2377,0.0,0.0,0.0,AMYY,5m
2026-01-26 10:00:00-05:00,20.889999389648438,20.89900016784668,20.889999389648438,20.89900016784668,440,0.0,0.0,0.0,AMYY,5m
2026-01-26 10:10:00-05:00,20.850000381469727,20.850000381469727,20.850000381469727,20.850000381469727,253,0.0,0.0,0.0,AMYY,5m
2026-01-26 10:25:00-05:00,20.760000228881836,20.760000228881836,20.760000228881836,20.760000228881836,200,0.0,0.0,0.0,AMYY,5m
2026-01-26 10:30:00-05:00,20.71500015258789,20.71500015258789,20.711599349975586,20.711599349975586,819,0.0,0.0,0.0,AMYY,5m
2026-01-26 10:35:00-05:00,20.677499771118164,20.677499771118164,20.677499771118164,20.677499771118164,197,0.0,0.0,0.0,AMYY,5m
2026-01-26 10:40:00-05:00,20.690000534057617,20.690000534057617,20.690000534057617,20.690000534057617,924,0.0,0.0,0.0,AMYY,5m
2026-01-26 10:50:00-05:00,20.78499984741211,20.850000381469727,20.78499984741211,20.850000381469727,713,0.0,0.0,0.0,AMYY,5m
2026-01-26 11:10:00-05:00,20.84000015258789,20.84000015258789,20.825000762939453,20.825000762939453,406,0.0,0.0,0.0,AMYY,5m
2026-01-26 11:40:00-05:00,20.850000381469727,20.850000381469727,20.850000381469727,20.850000381469727,150,0.0,0.0,0.0,AMYY,5m
2026-01-26 11:45:00-05:00,20.75,20.799999237060547,20.739999771118164,20.799999237060547,5910,0.0,0.0,0.0,AMYY,5m
2026-01-26 12:00:00-05:00,20.82699966430664,20.84000015258789,20.82699966430664,20.84000015258789,790,0.0,0.0,0.0,AMYY,5m
2026-01-26 12:05:00-05:00,20.859600067138672,20.859600067138672,20.832199096679688,20.832199096679688,443,0.0,0.0,0.0,AMYY,5m
2026-01-26 12:15:00-05:00,20.829999923706055,20.829999923706055,20.829999923706055,20.829999923706055,686,0.0,0.0,0.0,AMYY,5m
2026-01-26 12:20:00-05:00,20.84000015258789,20.84000015258789,20.84000015258789,20.84000015258789,1000,0.0,0.0,0.0,AMYY,5m
2026-01-26 12:25:00-05:00,20.850400924682617,20.850400924682617,20.850400924682617,20.850400924682617,101,0.0,0.0,0.0,AMYY,5m
2026-01-26 12:50:00-05:00,20.844999313354492,20.844999313354492,20.844999313354492,20.844999313354492,450,0.0,0.0,0.0,AMYY,5m
2026-01-26 13:15:00-05:00,20.810100555419922,20.810100555419922,20.810100555419922,20.810100555419922,785,0.0,0.0,0.0,AMYY,5m
2026-01-26 13:25:00-05:00,20.860000610351562,20.8700008392334,20.860000610351562,20.8700008392334,334,0.0,0.0,0.0,AMYY,5m
2026-01-26 13:50:00-05:00,20.790199279785156,20.790199279785156,20.780000686645508,20.780000686645508,519,0.0,0.0,0.0,AMYY,5m
2026-01-26 13:55:00-05:00,20.780000686645508,20.78700065612793,20.780000686645508,20.78700065612793,536,0.0,0.0,0.0,AMYY,5m
2026-01-26 14:55:00-05:00,20.774900436401367,20.774900436401367,20.774900436401367,20.774900436401367,285,0.0,0.0,0.0,AMYY,5m
2026-01-26 15:15:00-05:00,20.75,20.75,20.75,20.75,225,0.0,0.0,0.0,AMYY,5m
2026-01-26 15:30:00-05:00,20.735000610351562,20.735000610351562,20.700000762939453,20.700000762939453,1233,0.0,0.0,0.0,AMYY,5m
2026-01-26 15:40:00-05:00,20.75,20.75,20.75,20.75,454,0.0,0.0,0.0,AMYY,5m
2026-01-27 09:30:00-05:00,20.850000381469727,20.850000381469727,20.850000381469727,20.850000381469727,724,0.0,0.0,0.0,AMYY,5m
2026-01-27 09:35:00-05:00,20.729999542236328,20.729999542236328,20.729999542236328,20.729999542236328,250,0.0,0.0,0.0,AMYY,5m
2026-01-27 09:40:00-05:00,20.729900360107422,20.739999771118164,20.729900360107422,20.739999771118164,2580,0.0,0.0,0.0,AMYY,5m
2026-01-27 09:45:00-05:00,20.790000915527344,20.790000915527344,20.770000457763672,20.780000686645508,0,0.0,0.0,0.0,AMYY,5m
2026-01-27 10:15:00-05:00,20.924999237060547,20.924999237060547,20.924999237060547,20.924999237060547,794,0.0,0.0,0.0,AMYY,5m
2026-01-27 10:55:00-05:00,20.872699737548828,20.872699737548828,20.872699737548828,20.872699737548828,217,0.0,0.0,0.0,AMYY,5m
2026-01-27 11:05:00-05:00,20.94300079345703,20.950000762939453,20.942699432373047,20.950000762939453,743,0.0,0.0,0.0,AMYY,5m
2026-01-27 11:20:00-05:00,20.889999389648438,20.889999389648438,20.854999542236328,20.854999542236328,2023,0.0,0.0,0.0,AMYY,5m
2026-01-27 11:30:00-05:00,20.799999237060547,20.799999237060547,20.799999237060547,20.799999237060547,287,0.0,0.0,0.0,AMYY,5m
2026-01-27 12:00:00-05:00,20.8799991607666,20.8799991607666,20.8799991607666,20.8799991607666,226,0.0,0.0,0.0,AMYY,5m
2026-01-27 12:05:00-05:00,20.844999313354492,20.844999313354492,20.844999313354492,20.844999313354492,670,0.0,0.0,0.0,AMYY,5m
2026-01-27 12:10:00-05:00,20.8700008392334,20.8700008392334,20.810400009155273,20.810400009155273,0,0.0,0.0,0.0,AMYY,5m
2026-01-27 12:20:00-05:00,20.799999237060547,20.799999237060547,20.799999237060547,20.799999237060547,106,0.0,0.0,0.0,AMYY,5m
2026-01-27 12:40:00-05:00,20.825000762939453,20.825000762939453,20.825000762939453,20.825000762939453,1369,0.0,0.0,0.0,AMYY,5m
2026-01-27 14:05:00-05:00,20.75,20.75,20.749900817871094,20.749900817871094,568,0.0,0.0,0.0,AMYY,5m
2026-01-27 14:15:00-05:00,20.720600128173828,20.720600128173828,20.720600128173828,20.720600128173828,483,0.0,0.0,0.0,AMYY,5m
2026-01-27 14:20:00-05:00,20.7450008392334,20.7450008392334,20.7450008392334,20.7450008392334,203,0.0,0.0,0.0,AMYY,5m
2026-01-27 14:25:00-05:00,20.77989959716797,20.77989959716797,20.739999771118164,20.739999771118164,1084,0.0,0.0,0.0,AMYY,5m
2026-01-27 14:30:00-05:00,20.767799377441406,20.767799377441406,20.767799377441406,20.767799377441406,401,0.0,0.0,0.0,AMYY,5m
2026-01-27 14:45:00-05:00,20.72010040283203,20.72010040283203,20.72010040283203,20.72010040283203,163,0.0,0.0,0.0,AMYY,5m
2026-01-27 14:55:00-05:00,20.719999313354492,20.719999313354492,20.719999313354492,20.719999313354492,452,0.0,0.0,0.0,AMYY,5m
2026-01-27 15:25:00-05:00,20.799999237060547,20.799999237060547,20.799999237060547,20.799999237060547,1120,0.0,0.0,0.0,AMYY,5m
2026-01-27 15:30:00-05:00,20.809999465942383,20.809999465942383,20.780000686645508,20.780000686645508,641,0.0,0.0,0.0,AMYY,5m
2026-01-28 09:30:00-05:00,20.940000534057617,20.940000534057617,20.940000534057617,20.940000534057617,401,0.0,0.0,0.0,AMYY,5m
2026-01-28 09:40:00-05:00,21.1299991607666,21.280000686645508,20.90999984741211,21.09000015258789,2491,0.0,0.0,0.0,AMYY,5m
2026-01-28 09:45:00-05:00,21.09000015258789,21.09000015258789,21.049999237060547,21.049999237060547,791,0.0,0.0,0.0,AMYY,5m
2026-01-28 09:55:00-05:00,21.05500030517578,21.05500030517578,21.05500030517578,21.05500030517578,874,0.0,0.0,0.0,AMYY,5m
2026-01-28 10:10:00-05:00,20.969999313354492,20.969999313354492,20.969999313354492,20.969999313354492,159,0.0,0.0,0.0,AMYY,5m
2026-01-28 10:20:00-05:00,20.999799728393555,20.999799728393555,20.969999313354492,20.969999313354492,1415,0.0,0.0,0.0,AMYY,5m
2026-01-28 10:35:00-05:00,20.944900512695312,20.944900512695312,20.944900512695312,20.944900512695312,360,0.0,0.0,0.0,AMYY,5m
2026-01-28 10:50:00-05:00,20.939899444580078,20.939899444580078,20.920000076293945,20.920000076293945,663,0.0,0.0,0.0,AMYY,5m
2026-01-28 11:05:00-05:00,20.969999313354492,20.999900817871094,20.969999313354492,20.979999542236328,3187,0.0,0.0,0.0,AMYY,5m
2026-01-28 11:40:00-05:00,20.8799991607666,20.8799991607666,20.8799991607666,20.8799991607666,614,0.0,0.0,0.0,AMYY,5m
2026-01-28 11:50:00-05:00,20.88010025024414,20.88010025024414,20.88010025024414,20.88010025024414,1556,0.0,0.0,0.0,AMYY,5m
2026-01-28 12:00:00-05:00,20.936399459838867,20.936399459838867,20.936399459838867,20.936399459838867,273,0.0,0.0,0.0,AMYY,5m
2026-01-28 12:15:00-05:00,20.93000030517578,20.950000762939453,20.8700008392334,20.8700008392334,3803,0.0,0.0,0.0,AMYY,5m
2026-01-28 12:25:00-05:00,20.829999923706055,20.829999923706055,20.829999923706055,20.829999923706055,859,0.0,0.0,0.0,AMYY,5m
2026-01-28 13:10:00-05:00,20.8700008392334,20.8700008392334,20.860000610351562,20.860000610351562,814,0.0,0.0,0.0,AMYY,5m
2026-01-28 13:35:00-05:00,20.918500900268555,20.918500900268555,20.90999984741211,20.90999984741211,862,0.0,0.0,0.0,AMYY,5m
2026-01-28 13:40:00-05:00,20.901500701904297,20.901500701904297,20.901500701904297,20.901500701904297,521,0.0,0.0,0.0,AMYY,5m
2026-01-28 13:55:00-05:00,20.8799991607666,20.8799991607666,20.8799991607666,20.8799991607666,1064,0.0,0.0,0.0,AMYY,5m
2026-01-28 14:00:00-05:00,20.889999389648438,20.889999389648438,20.889999389648438,20.889999389648438,374,0.0,0.0,0.0,AMYY,5m
2026-01-28 14:20:00-05:00,20.888999938964844,20.888999938964844,20.8700008392334,20.8700008392334,1802,0.0,0.0,0.0,AMYY,5m
2026-01-28 14:25:00-05:00,20.899999618530273,20.899999618530273,20.885099411010742,20.885099411010742,0,0.0,0.0,0.0,AMYY,5m
2026-01-28 14:30:00-05:00,20.8700008392334,20.8700008392334,20.850000381469727,20.850000381469727,1215,0.0,0.0,0.0,AMYY,5m
2026-01-28 14:35:00-05:00,20.958900451660156,20.958900451660156,20.958900451660156,20.958900451660156,355,0.0,0.0,0.0,AMYY,5m
2026-01-28 15:05:00-05:00,20.920000076293945,20.920000076293945,20.920000076293945,20.920000076293945,818,0.0,0.0,0.0,AMYY,5m
2026-01-28 15:25:00-05:00,20.96500015258789,20.96500015258789,20.96500015258789,20.96500015258789,611,0.0,0.0,0.0,AMYY,5m
2026-01-28 15:30:00-05:00,20.938600540161133,20.938600540161133,20.938600540161133,20.938600540161133,151,0.0,0.0,0.0,AMYY,5m
2026-01-28 15:35:00-05:00,20.972999572753906,20.972999572753906,20.972999572753906,20.972999572753906,187,0.0,0.0,0.0,AMYY,5m
2026-01-28 15:45:00-05:00,20.999900817871094,20.999900817871094,20.999900817871094,20.999900817871094,208,0.0,0.0,0.0,AMYY,5m
2026-01-28 15:55:00-05:00,20.993000030517578,20.993000030517578,20.993000030517578,20.993000030517578,206,0.0,0.0,0.0,AMYY,5m
2026-01-29 09:30:00-05:00,21.040000915527344,21.3799991607666,21.040000915527344,21.3799991607666,475,0.0,0.0,0.0,AMYY,5m
2026-01-29 09:35:00-05:00,21.20800018310547,21.20800018310547,21.19499969482422,21.19499969482422,1527,0.0,0.0,0.0,AMYY,5m
2026-01-29 09:40:00-05:00,21.05500030517578,21.05500030517578,21.05500030517578,21.05500030517578,161,0.0,0.0,0.0,AMYY,5m
2026-01-29 09:50:00-05:00,21.110000610351562,21.110000610351562,21.110000610351562,21.110000610351562,200,0.0,0.0,0.0,AMYY,5m
2026-01-29 09:55:00-05:00,21.020999908447266,21.020999908447266,21.020999908447266,21.020999908447266,374,0.0,0.0,0.0,AMYY,5m
2026-01-29 10:00:00-05:00,20.94499969482422,20.94499969482422,20.94499969482422,20.94499969482422,221,0.0,0.0,0.0,AMYY,5m
2026-01-29 10:10:00-05:00,20.860000610351562,20.860000610351562,20.81999969482422,20.81999969482422,581,0.0,0.0,0.0,AMYY,5m
2026-01-29 10:25:00-05:00,20.719999313354492,20.719999313354492,20.625,20.625,1079,0.0,0.0,0.0,AMYY,5m
2026-01-29 10:30:00-05:00,20.61750030517578,20.61750030517578,20.604999542236328,20.604999542236328,334,0.0,0.0,0.0,AMYY,5m
2026-01-29 10:35:00-05:00,20.485000610351562,20.530000686645508,20.485000610351562,20.530000686645508,403,0.0,0.0,0.0,AMYY,5m
2026-01-29 10:50:00-05:00,20.359899520874023,20.359899520874023,20.324499130249023,20.324499130249023,578,0.0,0.0,0.0,AMYY,5m
2026-01-29 10:55:00-05:00,20.37969970703125,20.37969970703125,20.34000015258789,20.34000015258789,1097,0.0,0.0,0.0,AMYY,5m
2026-01-29 11:00:00-05:00,20.306100845336914,20.306100845336914,20.260000228881836,20.260000228881836,717,0.0,0.0,0.0,AMYY,5m
2026-01-29 11:10:00-05:00,20.329999923706055,20.329999923706055,20.329999923706055,20.329999923706055,189,0.0,0.0,0.0,AMYY,5m
2026-01-29 11:30:00-05:00,20.3700008392334,20.3700008392334,20.36009979248047,20.3700008392334,4110,0.0,0.0,0.0,AMYY,5m
2026-01-29 11:50:00-05:00,20.424999237060547,20.424999237060547,20.424999237060547,20.424999237060547,144,0.0,0.0,0.0,AMYY,5m
2026-01-29 12:15:00-05:00,20.549999237060547,20.549999237060547,20.549999237060547,20.549999237060547,310,0.0,0.0,0.0,AMYY,5m
2026-01-29 12:20:00-05:00,20.570100784301758,20.570100784301758,20.570100784301758,20.570100784301758,624,0.0,0.0,0.0,AMYY,5m
2026-01-29 12:30:00-05:00,20.638500213623047,20.638500213623047,20.638500213623047,20.638500213623047,284,0.0,0.0,0.0,AMYY,5m
2026-01-29 12:40:00-05:00,20.559999465942383,20.560199737548828,20.559999465942383,20.560199737548828,1953,0.0,0.0,0.0,AMYY,5m
2026-01-29 13:55:00-05:00,20.576000213623047,20.579999923706055,20.527099609375,20.527099609375,3788,0.0,0.0,0.0,AMYY,5m
2026-01-29 14:00:00-05:00,20.530000686645508,20.530000686645508,20.530000686645508,20.530000686645508,240,0.0,0.0,0.0,AMYY,5m
2026-01-29 14:15:00-05:00,20.579999923706055,20.579999923706055,20.579999923706055,20.579999923706055,200,0.0,0.0,0.0,AMYY,5m
2026-01-29 14:20:00-05:00,20.59000015258789,20.59000015258789,20.58989906311035,20.58989906311035,101,0.0,0.0,0.0,AMYY,5m
2026-01-29 14:45:00-05:00,20.575000762939453,20.575000762939453,20.575000762939453,20.575000762939453,291,0.0,0.0,0.0,AMYY,5m
2026-01-29 14:55:00-05:00,20.600000381469727,20.600000381469727,20.600000381469727,20.600000381469727,125,0.0,0.0,0.0,AMYY,5m
2026-01-29 15:05:00-05:00,20.6289005279541,20.6289005279541,20.59149932861328,20.59149932861328,384,0.0,0.0,0.0,AMYY,5m
2026-01-29 15:10:00-05:00,20.649999618530273,20.649999618530273,20.649999618530273,20.649999618530273,101,0.0,0.0,0.0,AMYY,5m
2026-01-29 15:15:00-05:00,20.560100555419922,20.604999542236328,20.560100555419922,20.604999542236328,480,0.0,0.0,0.0,AMYY,5m
2026-01-29 15:25:00-05:00,20.637699127197266,20.637699127197266,20.637699127197266,20.637699127197266,500,0.0,0.0,0.0,AMYY,5m
2026-01-29 15:30:00-05:00,20.65920066833496,20.65920066833496,20.65920066833496,20.65920066833496,824,0.0,0.0,0.0,AMYY,5m
2026-01-29 15:40:00-05:00,20.709999084472656,20.709999084472656,20.709999084472656,20.709999084472656,2100,0.0,0.0,0.0,AMYY,5m
2026-01-29 15:45:00-05:00,20.753999710083008,20.753999710083008,20.753999710083008,20.753999710083008,0,0.0,0.0,0.0,AMYY,5m
2026-01-29 15:50:00-05:00,20.75,20.75,20.75,20.75,146,0.0,0.0,0.0,AMYY,5m
2026-01-29 15:55:00-05:00,20.844999313354492,20.899999618530273,20.844999313354492,20.899999618530273,760,0.0,0.0,0.0,AMYY,5m
2026-01-30 09:30:00-05:00,19.979999542236328,19.979999542236328,19.71380043029785,19.875,6481,0.391,0.0,0.0,AMYY,5m
2026-01-30 09:35:00-05:00,19.920000076293945,19.989999771118164,19.915000915527344,19.989900588989258,3085,0.0,0.0,0.0,AMYY,5m
2026-01-30 09:40:00-05:00,19.969999313354492,19.969999313354492,19.969999313354492,19.969999313354492,127,0.0,0.0,0.0,AMYY,5m
2026-01-30 09:50:00-05:00,19.895000457763672,19.895000457763672,19.8799991607666,19.8799991607666,580,0.0,0.0,0.0,AMYY,5m
2026-01-30 10:00:00-05:00,19.8700008392334,19.888999938964844,19.86989974975586,19.888999938964844,404,0.0,0.0,0.0,AMYY,5m
2026-01-30 10:05:00-05:00,19.899900436401367,19.899900436401367,19.79010009765625,19.79010009765625,614,0.0,0.0,0.0,AMYY,5m
2026-01-30 10:15:00-05:00,19.899999618530273,19.899999618530273,19.899999618530273,19.899999618530273,428,0.0,0.0,0.0,AMYY,5m
2026-01-30 10:30:00-05:00,19.849899291992188,19.849899291992188,19.849899291992188,19.849899291992188,551,0.0,0.0,0.0,AMYY,5m
2026-02-02 14:00:00-05:00,19.9950008392334,19.9950008392334,19.989999771118164,19.989999771118164,4621,0.0,0.0,0.0,AMYY,5m
2026-02-02 14:40:00-05:00,19.979299545288086,19.979299545288086,19.979299545288086,19.979299545288086,121,0.0,0.0,0.0,AMYY,5m
2026-02-02 15:00:00-05:00,19.889999389648438,19.889999389648438,19.8700008392334,19.8700008392334,292,0.0,0.0,0.0,AMYY,5m
2026-02-02 15:40:00-05:00,19.88450050354004,19.88450050354004,19.88450050354004,19.88450050354004,263,0.0,0.0,0.0,AMYY,5m
2026-02-02 15:55:00-05:00,19.87030029296875,19.87030029296875,19.87030029296875,19.87030029296875,354,0.0,0.0,0.0,AMYY,5m
2026-02-03 09:40:00-05:00,20.020000457763672,20.020000457763672,19.969999313354492,19.969999313354492,4178,0.0,0.0,0.0,AMYY,5m
2026-02-03 10:20:00-05:00,19.799999237060547,19.799999237060547,19.799999237060547,19.799999237060547,101,0.0,0.0,0.0,AMYY,5m
2026-02-03 10:25:00-05:00,19.83799934387207,19.83799934387207,19.83799934387207,19.83799934387207,276,0.0,0.0,0.0,AMYY,5m
2026-02-03 10:45:00-05:00,19.839799880981445,19.839799880981445,19.839799880981445,19.839799880981445,188,0.0,0.0,0.0,AMYY,5m
2026-02-03 10:50:00-05:00,19.829999923706055,19.888500213623047,19.829999923706055,19.888500213623047,807,0.0,0.0,0.0,AMYY,5m
2026-02-03 11:00:00-05:00,19.93000030517578,19.93000030517578,19.93000030517578,19.93000030517578,0,0.0,0.0,0.0,AMYY,5m
2026-02-03 11:05:00-05:00,19.920000076293945,19.940000534057617,19.883699417114258,19.883699417114258,600,0.0,0.0,0.0,AMYY,5m
2026-02-03 11:15:00-05:00,19.8700008392334,19.8700008392334,19.8700008392334,19.8700008392334,13,0.0,0.0,0.0,AMYY,5m
2026-02-03 11:30:00-05:00,19.825000762939453,19.825000762939453,19.825000762939453,19.825000762939453,171,0.0,0.0,0.0,AMYY,5m
2026-02-03 11:35:00-05:00,19.8799991607666,19.8799991607666,19.8799991607666,19.8799991607666,210,0.0,0.0,0.0,AMYY,5m
2026-02-03 11:40:00-05:00,19.889999389648438,19.889999389648438,19.8799991607666,19.8799991607666,432,0.0,0.0,0.0,AMYY,5m
2026-02-03 11:55:00-05:00,19.86910057067871,19.86910057067871,19.86910057067871,19.86910057067871,473,0.0,0.0,0.0,AMYY,5m
2026-02-03 12:30:00-05:00,19.803199768066406,19.803199768066406,19.803199768066406,19.803199768066406,357,0.0,0.0,0.0,AMYY,5m
2026-02-03 12:50:00-05:00,19.709999084472656,19.760000228881836,19.700000762939453,19.760000228881836,1475,0.0,0.0,0.0,AMYY,5m
2026-02-03 13:50:00-05:00,19.610000610351562,19.610000610351562,19.570100784301758,19.570100784301758,901,0.0,0.0,0.0,AMYY,5m
2026-02-03 14:35:00-05:00,19.690000534057617,19.690000534057617,19.690000534057617,19.690000534057617,2104,0.0,0.0,0.0,AMYY,5m
2026-02-03 14:40:00-05:00,19.704999923706055,19.704999923706055,19.704999923706055,19.704999923706055,0,0.0,0.0,0.0,AMYY,5m
2026-02-03 14:50:00-05:00,19.720399856567383,19.720399856567383,19.71500015258789,19.71500015258789,680,0.0,0.0,0.0,AMYY,5m
2026-02-03 15:15:00-05:00,19.700000762939453,19.700000762939453,19.700000762939453,19.700000762939453,135,0.0,0.0,0.0,AMYY,5m
2026-02-03 15:30:00-05:00,19.816999435424805,19.816999435424805,19.816999435424805,19.816999435424805,100,0.0,0.0,0.0,AMYY,5m
2026-02-03 15:35:00-05:00,19.866600036621094,19.866600036621094,19.866600036621094,19.866600036621094,256,0.0,0.0,0.0,AMYY,5m
2026-02-03 15:55:00-05:00,19.770000457763672,19.770000457763672,19.770000457763672,19.770000457763672,135,0.0,0.0,0.0,AMYY,5m
2026-02-04 09:30:00-05:00,18.850000381469727,18.940000534057617,18.686199188232422,18.75,6026,0.0,0.0,0.0,AMYY,5m
2026-02-04 09:35:00-05:00,18.824100494384766,18.85300064086914,18.824100494384766,18.85300064086914,436,0.0,0.0,0.0,AMYY,5m
2026-02-04 09:40:00-05:00,18.760099411010742,18.760099411010742,18.719999313354492,18.719999313354492,1552,0.0,0.0,0.0,AMYY,5m
2026-02-04 09:45:00-05:00,18.719999313354492,18.774799346923828,18.719999313354492,18.774799346923828,215,0.0,0.0,0.0,AMYY,5m
2026-02-04 09:50:00-05:00,18.735000610351562,18.75,18.734500885009766,18.734500885009766,582,0.0,0.0,0.0,AMYY,5m
2026-02-04 09:55:00-05:00,18.720699310302734,18.720699310302734,18.720699310302734,18.720699310302734,181,0.0,0.0,0.0,AMYY,5m
2026-02-04 10:00:00-05:00,18.680099487304688,18.71500015258789,18.680099487304688,18.71500015258789,463,0.0,0.0,0.0,AMYY,5m
2026-02-04 10:10:00-05:00,18.719999313354492,18.719999313354492,18.690000534057617,18.690000534057617,850,0.0,0.0,0.0,AMYY,5m
2026-02-04 10:15:00-05:00,18.68000030517578,18.68000030517578,18.68000030517578,18.68000030517578,106,0.0,0.0,0.0,AMYY,5m
2026-02-04 10:20:00-05:00,18.739999771118164,18.75,18.71500015258789,18.749900817871094,4154,0.0,0.0,0.0,AMYY,5m
2026-02-04 10:30:00-05:00,18.729999542236328,18.729999542236328,18.680099487304688,18.729999542236328,812,0.0,0.0,0.0,AMYY,5m
2026-02-04 10:35:00-05:00,18.749900817871094,18.749900817871094,18.709999084472656,18.709999084472656,847,0.0,0.0,0.0,AMYY,5m
2026-02-04 10:40:00-05:00,18.73200035095215,18.73200035095215,18.73200035095215,18.73200035095215,305,0.0,0.0,0.0,AMYY,5m
2026-02-04 10:50:00-05:00,18.729900360107422,18.729900360107422,18.67009925842285,18.67009925842285,2142,0.0,0.0,0.0,AMYY,5m
2026-02-04 10:55:00-05:00,18.700000762939453,18.725000381469727,18.700000762939453,18.700000762939453,1516,0.0,0.0,0.0,AMYY,5m
2026-02-04 11:00:00-05:00,18.700000762939453,18.724899291992188,18.700000762939453,18.724899291992188,475,0.0,0.0,0.0,AMYY,5m
2026-02-04 11:10:00-05:00,18.67009925842285,18.671100616455078,18.670000076293945,18.67009925842285,2409,0.0,0.0,0.0,AMYY,5m
2026-02-04 11:15:00-05:00,18.670000076293945,18.700000762939453,18.65999984741211,18.700000762939453,1371,0.0,0.0,0.0,AMYY,5m
2026-02-04 11:20:00-05:00,18.679000854492188,18.679000854492188,18.679000854492188,18.679000854492188,411,0.0,0.0,0.0,AMYY,5m
2026-02-04 11:25:00-05:00,18.725000381469727,18.725000381469727,18.725000381469727,18.725000381469727,447,0.0,0.0,0.0,AMYY,5m
2026-02-04 11:35:00-05:00,18.709999084472656,18.709999084472656,18.709999084472656,18.709999084472656,434,0.0,0.0,0.0,AMYY,5m
2026-02-04 12:15:00-05:00,18.700000762939453,18.700000762939453,18.700000762939453,18.700000762939453,645,0.0,0.0,0.0,AMYY,5m
2026-02-04 12:25:00-05:00,18.729999542236328,18.729999542236328,18.729999542236328,18.729999542236328,188,0.0,0.0,0.0,AMYY,5m
2026-02-04 12:40:00-05:00,18.65999984741211,18.65999984741211,18.65999984741211,18.65999984741211,258,0.0,0.0,0.0,AMYY,5m
2026-02-04 13:35:00-05:00,18.649999618530273,18.685400009155273,18.649999618530273,18.685400009155273,702,0.0,0.0,0.0,AMYY,5m
2026-02-04 13:40:00-05:00,18.649999618530273,18.650100708007812,18.649999618530273,18.650100708007812,712,0.0,0.0,0.0,AMYY,5m
2026-02-04 14:10:00-05:00,18.709999084472656,18.709999084472656,18.709999084472656,18.709999084472656,228,0.0,0.0,0.0,AMYY,5m
2026-02-04 14:15:00-05:00,18.649999618530273,18.649999618530273,18.649999618530273,18.649999618530273,307,0.0,0.0,0.0,AMYY,5m
2026-02-04 14:20:00-05:00,18.670000076293945,18.670000076293945,18.65999984741211,18.65999984741211,1738,0.0,0.0,0.0,AMYY,5m
2026-02-04 14:25:00-05:00,18.65999984741211,18.65999984741211,18.65999984741211,18.65999984741211,192,0.0,0.0,0.0,AMYY,5m
2026-02-04 14:45:00-05:00,18.65999984741211,18.65999984741211,18.65999984741211,18.65999984741211,702,0.0,0.0,0.0,AMYY,5m
2026-02-04 15:25:00-05:00,18.670000076293945,18.67009925842285,18.649999618530273,18.649999618530273,2221,0.0,0.0,0.0,AMYY,5m
2026-02-04 15:30:00-05:00,18.65999984741211,18.65999984741211,18.649999618530273,18.650100708007812,1626,0.0,0.0,0.0,AMYY,5m
2026-02-04 15:40:00-05:00,18.65999984741211,18.66010093688965,18.649999618530273,18.66010093688965,1316,0.0,0.0,0.0,AMYY,5m
2026-02-04 15:45:00-05:00,18.649999618530273,18.684999465942383,18.649999618530273,18.684999465942383,1310,0.0,0.0,0.0,AMYY,5m
2026-02-04 15:55:00-05:00,18.670000076293945,18.670000076293945,18.649999618530273,18.649999618530273,331,0.0,0.0,0.0,AMYY,5m
2026-02-05 09:30:00-05:00,18.690000534057617,18.690000534057617,18.530000686645508,18.530000686645508,7384,0.0,0.0,0.0,AMYY,5m
2026-02-05 09:35:00-05:00,18.623600006103516,18.625,18.575000762939453,18.600099563598633,4030,0.0,0.0,0.0,AMYY,5m
2026-02-05 09:40:00-05:00,18.64069938659668,18.64069938659668,18.610000610351562,18.615100860595703,3091,0.0,0.0,0.0,AMYY,5m
2026-02-05 09:45:00-05:00,18.600000381469727,18.695999145507812,18.600000381469727,18.695999145507812,2698,0.0,0.0,0.0,AMYY,5m
2026-02-05 09:55:00-05:00,18.6200008392334,18.6200008392334,18.579999923706055,18.579999923706055,665,0.0,0.0,0.0,AMYY,5m
2026-02-05 10:00:00-05:00,18.56999969482422,18.56999969482422,18.56999969482422,18.56999969482422,125,0.0,0.0,0.0,AMYY,5m
2026-02-05 10:10:00-05:00,18.499900817871094,18.499900817871094,18.459999084472656,18.459999084472656,726,0.0,0.0,0.0,AMYY,5m
2026-02-05 10:15:00-05:00,18.479999542236328,18.479999542236328,18.440099716186523,18.440099716186523,5070,0.0,0.0,0.0,AMYY,5m
2026-02-05 10:20:00-05:00,18.461700439453125,18.461700439453125,18.461700439453125,18.461700439453125,147,0.0,0.0,0.0,AMYY,5m
2026-02-05 10:35:00-05:00,18.479900360107422,18.479900360107422,18.479900360107422,18.479900360107422,202,0.0,0.0,0.0,AMYY,5m
2026-02-05 10:45:00-05:00,18.46500015258789,18.46500015258789,18.440000534057617,18.440000534057617,580,0.0,0.0,0.0,AMYY,5m
2026-02-05 10:55:00-05:00,18.450000762939453,18.450000762939453,18.450000762939453,18.450000762939453,845,0.0,0.0,0.0,AMYY,5m
2026-02-05 11:10:00-05:00,18.444299697875977,18.444299697875977,18.399999618530273,18.399999618530273,507,0.0,0.0,0.0,AMYY,5m
2026-02-05 11:15:00-05:00,18.459999084472656,18.459999084472656,18.459999084472656,18.459999084472656,180,0.0,0.0,0.0,AMYY,5m
2026-02-05 11:20:00-05:00,18.510000228881836,18.510000228881836,18.510000228881836,18.510000228881836,1040,0.0,0.0,0.0,AMYY,5m
2026-02-05 11:25:00-05:00,18.530000686645508,18.559999465942383,18.530000686645508,18.540000915527344,652,0.0,0.0,0.0,AMYY,5m
2026-02-05 12:50:00-05:00,18.5,18.5,18.5,18.5,456,0.0,0.0,0.0,AMYY,5m
2026-02-05 14:05:00-05:00,18.399999618530273,18.399999618530273,18.389999389648438,18.389999389648438,600,0.0,0.0,0.0,AMYY,5m
2026-02-05 14:10:00-05:00,18.399999618530273,18.434900283813477,18.399999618530273,18.434900283813477,703,0.0,0.0,0.0,AMYY,5m
2026-02-05 14:40:00-05:00,18.389999389648438,18.389999389648438,18.389999389648438,18.389999389648438,131,0.0,0.0,0.0,AMYY,5m
2026-02-05 14:45:00-05:00,18.399999618530273,18.399999618530273,18.399999618530273,18.399999618530273,271,0.0,0.0,0.0,AMYY,5m
2026-02-05 14:50:00-05:00,18.3700008392334,18.3700008392334,18.3700008392334,18.3700008392334,186,0.0,0.0,0.0,AMYY,5m
2026-02-05 14:55:00-05:00,18.399999618530273,18.399999618530273,18.399999618530273,18.399999618530273,327,0.0,0.0,0.0,AMYY,5m
2026-02-05 15:05:00-05:00,18.399900436401367,18.399900436401367,18.399900436401367,18.399900436401367,255,0.0,0.0,0.0,AMYY,5m
2026-02-05 15:10:00-05:00,18.440000534057617,18.440000534057617,18.440000534057617,18.440000534057617,220,0.0,0.0,0.0,AMYY,5m
2026-02-05 15:15:00-05:00,18.43000030517578,18.43000030517578,18.43000030517578,18.43000030517578,273,0.0,0.0,0.0,AMYY,5m
2026-02-05 15:25:00-05:00,18.399999618530273,18.399999618530273,18.32040023803711,18.32040023803711,849,0.0,0.0,0.0,AMYY,5m
2026-02-05 15:30:00-05:00,18.395700454711914,18.395700454711914,18.3700008392334,18.3700008392334,493,0.0,0.0,0.0,AMYY,5m
2026-02-05 15:45:00-05:00,18.40399932861328,18.40399932861328,18.399999618530273,18.399999618530273,328,0.0,0.0,0.0,AMYY,5m
2026-02-05 15:50:00-05:00,18.43000030517578,18.43000030517578,18.40999984741211,18.40999984741211,213,0.0,0.0,0.0,AMYY,5m
2026-02-05 15:55:00-05:00,18.391000747680664,18.391000747680664,18.391000747680664,18.391000747680664,226,0.0,0.0,0.0,AMYY,5m
2026-02-06 09:30:00-05:00,18.219999313354492,18.31999969482422,18.219999313354492,18.309999465942383,998,0.362,0.0,0.0,AMYY,5m
2026-02-06 09:35:00-05:00,18.219999313354492,18.299999237060547,18.219999313354492,18.299999237060547,742,0.0,0.0,0.0,AMYY,5m
2026-02-06 09:45:00-05:00,18.349000930786133,18.349000930786133,18.349000930786133,18.349000930786133,303,0.0,0.0,0.0,AMYY,5m
2026-02-06 09:50:00-05:00,18.390600204467773,18.390600204467773,18.390600204467773,18.390600204467773,234,0.0,0.0,0.0,AMYY,5m
2026-02-06 10:00:00-05:00,18.31999969482422,18.31999969482422,18.309999465942383,18.309999465942383,984,0.0,0.0,0.0,AMYY,5m
2026-02-06 10:05:00-05:00,18.329999923706055,18.329999923706055,18.31999969482422,18.31999969482422,0,0.0,0.0,0.0,AMYY,5m
2026-02-06 10:10:00-05:00,18.350000381469727,18.350000381469727,18.350000381469727,18.350000381469727,308,0.0,0.0,0.0,AMYY,5m
2026-02-06 10:15:00-05:00,18.385000228881836,18.385000228881836,18.385000228881836,18.385000228881836,946,0.0,0.0,0.0,AMYY,5m
2026-02-06 10:30:00-05:00,18.3700008392334,18.3700008392334,18.3700008392334,18.3700008392334,0,0.0,0.0,0.0,AMYY,5m
2026-02-06 10:50:00-05:00,18.450000762939453,18.450000762939453,18.450000762939453,18.450000762939453,2257,0.0,0.0,0.0,AMYY,5m
2026-02-06 11:05:00-05:00,18.43000030517578,18.43000030517578,18.43000030517578,18.43000030517578,437,0.0,0.0,0.0,AMYY,5m
2026-02-06 11:25:00-05:00,18.440000534057617,18.440000534057617,18.440000534057617,18.440000534057617,284,0.0,0.0,0.0,AMYY,5m
2026-02-06 11:40:00-05:00,18.450700759887695,18.450700759887695,18.450700759887695,18.450700759887695,106,0.0,0.0,0.0,AMYY,5m
2026-02-06 11:45:00-05:00,18.479999542236328,18.489999771118164,18.479999542236328,18.489999771118164,534,0.0,0.0,0.0,AMYY,5m
2026-02-06 11:55:00-05:00,18.450000762939453,18.450000762939453,18.450000762939453,18.450000762939453,278,0.0,0.0,0.0,AMYY,5m
2026-02-06 12:05:00-05:00,18.475000381469727,18.475000381469727,18.475000381469727,18.475000381469727,826,0.0,0.0,0.0,AMYY,5m
2026-02-06 12:45:00-05:00,18.5,18.5,18.5,18.5,505,0.0,0.0,0.0,AMYY,5m
2026-02-06 12:50:00-05:00,18.518699645996094,18.518699645996094,18.518699645996094,18.518699645996094,133,0.0,0.0,0.0,AMYY,5m
2026-02-06 13:05:00-05:00,18.530000686645508,18.530000686645508,18.530000686645508,18.530000686645508,340,0.0,0.0,0.0,AMYY,5m
2026-02-06 13:20:00-05:00,18.531299591064453,18.531299591064453,18.531299591064453,18.531299591064453,179,0.0,0.0,0.0,AMYY,5m
2026-02-06 13:35:00-05:00,18.509899139404297,18.509899139404297,18.509899139404297,18.509899139404297,152,0.0,0.0,0.0,AMYY,5m
2026-02-06 13:45:00-05:00,18.485000610351562,18.485000610351562,18.485000610351562,18.485000610351562,588,0.0,0.0,0.0,AMYY,5m
2026-02-06 14:35:00-05:00,18.46500015258789,18.489900588989258,18.46500015258789,18.489900588989258,658,0.0,0.0,0.0,AMYY,5m
2026-02-06 15:05:00-05:00,18.479900360107422,18.479900360107422,18.479900360107422,18.479900360107422,246,0.0,0.0,0.0,AMYY,5m
2026-02-06 15:45:00-05:00,18.4950008392334,18.4950008392334,18.4950008392334,18.4950008392334,1131,0.0,0.0,0.0,AMYY,5m
2026-02-09 09:30:00-05:00,18.389999389648438,18.389999389648438,18.34000015258789,18.34000015258789,815,0.0,0.0,0.0,AMYY,5m
2026-02-09 09:35:00-05:00,18.440000534057617,18.56999969482422,18.440000534057617,18.56999969482422,507,0.0,0.0,0.0,AMYY,5m
2026-02-09 09:55:00-05:00,18.6299991607666,18.6299991607666,18.6299991607666,18.6299991607666,201,0.0,0.0,0.0,AMYY,5m
2026-02-09 10:00:00-05:00,18.65999984741211,18.665000915527344,18.65999984741211,18.65999984741211,1340,0.0,0.0,0.0,AMYY,5m
2026-02-09 10:25:00-05:00,18.610000610351562,18.610000610351562,18.610000610351562,18.610000610351562,1027,0.0,0.0,0.0,AMYY,5m
2026-02-09 10:35:00-05:00,18.67099952697754,18.671100616455078,18.67099952697754,18.671100616455078,504,0.0,0.0,0.0,AMYY,5m
2026-02-09 10:45:00-05:00,18.719999313354492,18.719999313354492,18.714599609375,18.71500015258789,804,0.0,0.0,0.0,AMYY,5m
2026-02-09 10:50:00-05:00,18.71500015258789,18.71500015258789,18.700000762939453,18.700000762939453,0,0.0,0.0,0.0,AMYY,5m
2026-02-09 10:55:00-05:00,18.74920082092285,18.74920082092285,18.74920082092285,18.74920082092285,105,0.0,0.0,0.0,AMYY,5m
2026-02-09 11:05:00-05:00,18.75,18.75,18.75,18.75,827,0.0,0.0,0.0,AMYY,5m
2026-02-09 11:10:00-05:00,18.7549991607666,18.75510025024414,18.7549991607666,18.7549991607666,400,0.0,0.0,0.0,AMYY,5m
2026-02-09 11:15:00-05:00,18.7549991607666,18.7549991607666,18.75,18.75,250,0.0,0.0,0.0,AMYY,5m
2026-02-09 11:40:00-05:00,18.75,18.780000686645508,18.75,18.780000686645508,6457,0.0,0.0,0.0,AMYY,5m
2026-02-09 11:50:00-05:00,18.764999389648438,18.764999389648438,18.764999389648438,18.764999389648438,555,0.0,0.0,0.0,AMYY,5m
2026-02-09 11:55:00-05:00,18.764999389648438,18.764999389648438,18.764999389648438,18.764999389648438,147,0.0,0.0,0.0,AMYY,5m
2026-02-09 12:15:00-05:00,18.770000457763672,18.770000457763672,18.770000457763672,18.770000457763672,117,0.0,0.0,0.0,AMYY,5m
2026-02-09 12:35:00-05:00,18.770000457763672,18.770000457763672,18.770000457763672,18.770000457763672,584,0.0,0.0,0.0,AMYY,5m
2026-02-09 13:05:00-05:00,18.764999389648438,18.780000686645508,18.764999389648438,18.780000686645508,1125,0.0,0.0,0.0,AMYY,5m
2026-02-09 14:05:00-05:00,18.729999542236328,18.729999542236328,18.729999542236328,18.729999542236328,433,0.0,0.0,0.0,AMYY,5m
2026-02-09 15:10:00-05:00,18.770000457763672,18.770000457763672,18.770000457763672,18.770000457763672,375,0.0,0.0,0.0,AMYY,5m
2026-02-09 15:30:00-05:00,18.7549991607666,18.7549991607666,18.7549991607666,18.7549991607666,4000,0.0,0.0,0.0,AMYY,5m
2026-02-09 15:40:00-05:00,18.7549991607666,18.7549991607666,18.7549991607666,18.7549991607666,203,0.0,0.0,0.0,AMYY,5m
2026-02-10 09:30:00-05:00,18.719999313354492,18.719999313354492,18.719999313354492,18.719999313354492,4369,0.0,0.0,0.0,AMYY,5m
2026-02-10 09:40:00-05:00,18.740999221801758,18.740999221801758,18.740999221801758,18.740999221801758,1993,0.0,0.0,0.0,AMYY,5m
2026-02-10 09:45:00-05:00,18.829999923706055,18.860000610351562,18.829999923706055,18.860000610351562,592,0.0,0.0,0.0,AMYY,5m
2026-02-10 10:15:00-05:00,18.771499633789062,18.795000076293945,18.771499633789062,18.795000076293945,591,0.0,0.0,0.0,AMYY,5m
2026-02-10 10:20:00-05:00,18.760000228881836,18.760000228881836,18.760000228881836,18.760000228881836,480,0.0,0.0,0.0,AMYY,5m
2026-02-10 11:55:00-05:00,18.780000686645508,18.81999969482422,18.770000457763672,18.81999969482422,2420,0.0,0.0,0.0,AMYY,5m
2026-02-10 12:00:00-05:00,18.815000534057617,18.815000534057617,18.815000534057617,18.815000534057617,291,0.0,0.0,0.0,AMYY,5m
2026-02-10 12:10:00-05:00,18.80500030517578,18.80500030517578,18.80500030517578,18.80500030517578,396,0.0,0.0,0.0,AMYY,5m
2026-02-10 12:20:00-05:00,18.795000076293945,18.795000076293945,18.795000076293945,18.795000076293945,501,0.0,0.0,0.0,AMYY,5m
2026-02-10 15:35:00-05:00,18.770000457763672,18.770000457763672,18.770000457763672,18.770000457763672,474,0.0,0.0,0.0,AMYY,5m
2026-02-10 15:45:00-05:00,18.790000915527344,18.790000915527344,18.790000915527344,18.790000915527344,152,0.0,0.0,0.0,AMYY,5m
2026-02-10 15:50:00-05:00,18.75,18.75,18.75,18.75,270,0.0,0.0,0.0,AMYY,5m
2026-02-10 15:55:00-05:00,18.75,18.75,18.75,18.75,0,0.0,0.0,0.0,AMYY,5m
2026-02-11 09:30:00-05:00,18.90999984741211,18.90999984741211,18.90999984741211,18.90999984741211,492,0.0,0.0,0.0,AMYY,5m
2026-02-11 09:45:00-05:00,18.889999389648438,18.889999389648438,18.889999389648438,18.889999389648438,175,0.0,0.0,0.0,AMYY,5m
2026-02-11 10:15:00-05:00,18.729999542236328,18.729999542236328,18.719999313354492,18.719999313354492,616,0.0,0.0,0.0,AMYY,5m
2026-02-11 10:40:00-05:00,18.719999313354492,18.719999313354492,18.719999313354492,18.719999313354492,747,0.0,0.0,0.0,AMYY,5m
2026-02-11 10:45:00-05:00,18.719999313354492,18.719999313354492,18.719999313354492,18.719999313354492,1095,0.0,0.0,0.0,AMYY,5m
2026-02-11 11:20:00-05:00,18.805999755859375,18.805999755859375,18.799999237060547,18.799999237060547,832,0.0,0.0,0.0,AMYY,5m
2026-02-11 11:45:00-05:00,18.730100631713867,18.730100631713867,18.730100631713867,18.730100631713867,300,0.0,0.0,0.0,AMYY,5m
2026-02-11 13:00:00-05:00,18.720399856567383,18.720399856567383,18.720399856567383,18.720399856567383,105,0.0,0.0,0.0,AMYY,5m
2026-02-11 13:05:00-05:00,18.719999313354492,18.719999313354492,18.719999313354492,18.719999313354492,584,0.0,0.0,0.0,AMYY,5m
2026-02-11 13:20:00-05:00,18.739999771118164,18.770000457763672,18.739999771118164,18.770000457763672,1120,0.0,0.0,0.0,AMYY,5m
2026-02-11 13:25:00-05:00,18.7549991607666,18.7549991607666,18.7549991607666,18.7549991607666,500,0.0,0.0,0.0,AMYY,5m
2026-02-11 13:45:00-05:00,18.760000228881836,18.760000228881836,18.760000228881836,18.760000228881836,701,0.0,0.0,0.0,AMYY,5m
2026-02-11 15:35:00-05:00,18.809999465942383,18.809999465942383,18.809999465942383,18.809999465942383,107,0.0,0.0,0.0,AMYY,5m
2026-02-11 15:40:00-05:00,18.815000534057617,18.815000534057617,18.815000534057617,18.815000534057617,132,0.0,0.0,0.0,AMYY,5m
2026-02-11 15:55:00-05:00,18.797000885009766,18.797000885009766,18.797000885009766,18.797000885009766,222,0.0,0.0,0.0,AMYY,5m
2026-02-12 09:30:00-05:00,18.920000076293945,18.920000076293945,18.889999389648438,18.889999389648438,1074,0.0,0.0,0.0,AMYY,5m
2026-02-12 09:55:00-05:00,18.770000457763672,18.770000457763672,18.770000457763672,18.770000457763672,494,0.0,0.0,0.0,AMYY,5m
2026-02-12 10:05:00-05:00,18.760000228881836,18.760000228881836,18.760000228881836,18.760000228881836,155,0.0,0.0,0.0,AMYY,5m
2026-02-12 10:20:00-05:00,18.799999237060547,18.81999969482422,18.78499984741211,18.81999969482422,1469,0.0,0.0,0.0,AMYY,5m
2026-02-12 10:25:00-05:00,18.84000015258789,18.844999313354492,18.84000015258789,18.844999313354492,282,0.0,0.0,0.0,AMYY,5m
2026-02-12 10:30:00-05:00,18.829999923706055,18.829999923706055,18.829999923706055,18.829999923706055,321,0.0,0.0,0.0,AMYY,5m
2026-02-12 10:35:00-05:00,18.790000915527344,18.790000915527344,18.770000457763672,18.771299362182617,457,0.0,0.0,0.0,AMYY,5m
2026-02-12 10:40:00-05:00,18.75,18.75,18.700000762939453,18.75,3400,0.0,0.0,0.0,AMYY,5m
2026-02-12 10:45:00-05:00,18.729999542236328,18.729999542236328,18.729999542236328,18.729999542236328,355,0.0,0.0,0.0,AMYY,5m
2026-02-12 11:10:00-05:00,18.649999618530273,18.649999618530273,18.609399795532227,18.609399795532227,345,0.0,0.0,0.0,AMYY,5m
2026-02-12 11:20:00-05:00,18.5,18.5,18.489999771118164,18.490100860595703,491,0.0,0.0,0.0,AMYY,5m
2026-02-12 11:35:00-05:00,18.489999771118164,18.489999771118164,18.489999771118164,18.489999771118164,245,0.0,0.0,0.0,AMYY,5m
2026-02-12 11:55:00-05:00,18.489999771118164,18.490100860595703,18.479999542236328,18.479999542236328,566,0.0,0.0,0.0,AMYY,5m
2026-02-12 12:00:00-05:00,18.489999771118164,18.489999771118164,18.489999771118164,18.489999771118164,512,0.0,0.0,0.0,AMYY,5m
2026-02-12 12:05:00-05:00,18.479999542236328,18.489999771118164,18.479999542236328,18.489999771118164,355,0.0,0.0,0.0,AMYY,5m
2026-02-12 12:20:00-05:00,18.540000915527344,18.540000915527344,18.540000915527344,18.540000915527344,100,0.0,0.0,0.0,AMYY,5m
2026-02-12 12:25:00-05:00,18.51289939880371,18.51289939880371,18.51289939880371,18.51289939880371,114,0.0,0.0,0.0,AMYY,5m
2026-02-12 12:35:00-05:00,18.579999923706055,18.579999923706055,18.579999923706055,18.579999923706055,211,0.0,0.0,0.0,AMYY,5m
2026-02-12 12:50:00-05:00,18.510000228881836,18.510000228881836,18.489999771118164,18.489999771118164,967,0.0,0.0,0.0,AMYY,5m
2026-02-12 12:55:00-05:00,18.469999313354492,18.5,18.469999313354492,18.5,2532,0.0,0.0,0.0,AMYY,5m
2026-02-12 13:05:00-05:00,18.479999542236328,18.479999542236328,18.479999542236328,18.479999542236328,567,0.0,0.0,0.0,AMYY,5m
2026-02-12 13:10:00-05:00,18.530000686645508,18.530000686645508,18.530000686645508,18.530000686645508,331,0.0,0.0,0.0,AMYY,5m
2026-02-12 13:20:00-05:00,18.46500015258789,18.46500015258789,18.46500015258789,18.46500015258789,115,0.0,0.0,0.0,AMYY,5m
2026-02-12 13:30:00-05:00,18.5049991607666,18.5049991607666,18.5049991607666,18.5049991607666,358,0.0,0.0,0.0,AMYY,5m
2026-02-12 13:35:00-05:00,18.540000915527344,18.540000915527344,18.540000915527344,18.540000915527344,103,0.0,0.0,0.0,AMYY,5m
2026-02-12 13:50:00-05:00,18.469999313354492,18.49489974975586,18.469999313354492,18.49489974975586,808,0.0,0.0,0.0,AMYY,5m
2026-02-12 14:10:00-05:00,18.450000762939453,18.54990005493164,18.450000762939453,18.54990005493164,3319,0.0,0.0,0.0,AMYY,5m
2026-02-12 14:30:00-05:00,18.459999084472656,18.459999084472656,18.459999084472656,18.459999084472656,142,0.0,0.0,0.0,AMYY,5m
2026-02-12 14:40:00-05:00,18.459999084472656,18.459999084472656,18.459999084472656,18.459999084472656,364,0.0,0.0,0.0,AMYY,5m
2026-02-12 15:25:00-05:00,18.344999313354492,18.344999313354492,18.341999053955078,18.341999053955078,321,0.0,0.0,0.0,AMYY,5m
2026-02-12 15:30:00-05:00,18.36750030517578,18.36750030517578,18.36750030517578,18.36750030517578,103,0.0,0.0,0.0,AMYY,5m
2026-02-12 15:35:00-05:00,18.375,18.375,18.375,18.375,323,0.0,0.0,0.0,AMYY,5m
2026-02-12 15:55:00-05:00,18.3799991607666,18.3799991607666,18.3799991607666,18.3799991607666,464,0.0,0.0,0.0,AMYY,5m
2026-02-13 09:30:00-05:00,17.940000534057617,17.940000534057617,17.940000534057617,17.940000534057617,264,0.349,0.0,0.0,AMYY,5m
2026-02-13 09:50:00-05:00,18.15999984741211,18.17490005493164,18.15999984741211,18.15999984741211,451,0.0,0.0,0.0,AMYY,5m
2026-02-13 09:55:00-05:00,18.1299991607666,18.13010025024414,18.1299991607666,18.13010025024414,425,0.0,0.0,0.0,AMYY,5m
2026-02-13 10:15:00-05:00,18.014999389648438,18.014999389648438,18.014999389648438,18.014999389648438,200,0.0,0.0,0.0,AMYY,5m
2026-02-13 10:20:00-05:00,18.100000381469727,18.100099563598633,18.100000381469727,18.100099563598633,324,0.0,0.0,0.0,AMYY,5m
2026-02-13 10:45:00-05:00,17.885000228881836,17.885000228881836,17.885000228881836,17.885000228881836,200,0.0,0.0,0.0,AMYY,5m
2026-02-13 10:50:00-05:00,17.860000610351562,17.860000610351562,17.850000381469727,17.850000381469727,466,0.0,0.0,0.0,AMYY,5m
2026-02-13 11:05:00-05:00,18.15999984741211,18.15999984741211,18.15999984741211,18.15999984741211,200,0.0,0.0,0.0,AMYY,5m
2026-02-13 11:10:00-05:00,18.170000076293945,18.170000076293945,18.098600387573242,18.098600387573242,258,0.0,0.0,0.0,AMYY,5m
2026-02-13 11:35:00-05:00,18.131000518798828,18.131000518798828,18.131000518798828,18.131000518798828,1434,0.0,0.0,0.0,AMYY,5m
2026-02-13 11:40:00-05:00,18.15999984741211,18.15999984741211,18.149999618530273,18.149999618530273,321,0.0,0.0,0.0,AMYY,5m
2026-02-13 12:00:00-05:00,18.18000030517578,18.199899673461914,18.18000030517578,18.199899673461914,410,0.0,0.0,0.0,AMYY,5m
2026-02-13 12:25:00-05:00,18.280000686645508,18.280000686645508,18.260000228881836,18.260000228881836,215,0.0,0.0,0.0,AMYY,5m
2026-02-13 12:30:00-05:00,18.309999465942383,18.310100555419922,18.309999465942383,18.310100555419922,237,0.0,0.0,0.0,AMYY,5m
2026-02-13 12:50:00-05:00,18.309999465942383,18.309999465942383,18.309999465942383,18.309999465942383,200,0.0,0.0,0.0,AMYY,5m
2026-02-13 12:55:00-05:00,18.31999969482422,18.31999969482422,18.31999969482422,18.31999969482422,234,0.0,0.0,0.0,AMYY,5m
2026-02-13 13:05:00-05:00,18.309900283813477,18.309900283813477,18.309900283813477,18.309900283813477,845,0.0,0.0,0.0,AMYY,5m
2026-02-13 13:40:00-05:00,18.34600067138672,18.34600067138672,18.31999969482422,18.31999969482422,485,0.0,0.0,0.0,AMYY,5m
2026-02-13 14:25:00-05:00,18.319900512695312,18.319900512695312,18.319900512695312,18.319900512695312,1333,0.0,0.0,0.0,AMYY,5m
2026-02-13 15:50:00-05:00,18.25,18.25,18.25,18.25,525,0.0,0.0,0.0,AMYY,5m
2026-02-13 15:55:00-05:00,18.239999771118164,18.239999771118164,18.209999084472656,18.209999084472656,0,0.0,0.0,0.0,AMYY,5m
2026-02-17 09:30:00-05:00,17.8700008392334,17.902999877929688,17.8700008392334,17.902999877929688,1780,0.0,0.0,0.0,AMYY,5m
2026-02-17 09:35:00-05:00,18.09000015258789,18.09000015258789,18.09000015258789,18.09000015258789,1031,0.0,0.0,0.0,AMYY,5m
2026-02-17 09:40:00-05:00,17.979999542236328,18.0,17.94659996032715,17.94659996032715,849,0.0,0.0,0.0,AMYY,5m
2026-02-17 09:50:00-05:00,17.729999542236328,17.73110008239746,17.579999923706055,17.579999923706055,3702,0.0,0.0,0.0,AMYY,5m
2026-02-17 09:55:00-05:00,17.565000534057617,17.565000534057617,17.565000534057617,17.565000534057617,472,0.0,0.0,0.0,AMYY,5m
2026-02-17 10:10:00-05:00,17.584999084472656,17.584999084472656,17.584999084472656,17.584999084472656,1198,0.0,0.0,0.0,AMYY,5m
2026-02-17 10:25:00-05:00,17.565000534057617,17.565000534057617,17.541000366210938,17.55500030517578,1651,0.0,0.0,0.0,AMYY,5m
2026-02-17 10:30:00-05:00,17.530000686645508,17.530099868774414,17.520000457763672,17.530099868774414,707,0.0,0.0,0.0,AMYY,5m
2026-02-17 10:35:00-05:00,17.520000457763672,17.525999069213867,17.520000457763672,17.525999069213867,446,0.0,0.0,0.0,AMYY,5m
2026-02-17 10:50:00-05:00,17.635499954223633,17.635499954223633,17.635499954223633,17.635499954223633,575,0.0,0.0,0.0,AMYY,5m
2026-02-17 11:00:00-05:00,17.75659942626953,17.799999237060547,17.75659942626953,17.799999237060547,311,0.0,0.0,0.0,AMYY,5m
2026-02-17 11:10:00-05:00,17.81999969482422,17.81999969482422,17.81999969482422,17.81999969482422,113,0.0,0.0,0.0,AMYY,5m
2026-02-17 11:15:00-05:00,17.850000381469727,17.850000381469727,17.850000381469727,17.850000381469727,1101,0.0,0.0,0.0,AMYY,5m
2026-02-17 11:25:00-05:00,17.84000015258789,17.850000381469727,17.84000015258789,17.850000381469727,300,0.0,0.0,0.0,AMYY,5m
2026-02-17 11:30:00-05:00,17.81999969482422,17.81999969482422,17.81999969482422,17.81999969482422,112,0.0,0.0,0.0,AMYY,5m
2026-02-17 11:35:00-05:00,17.877399444580078,17.8799991607666,17.877399444580078,17.8799991607666,566,0.0,0.0,0.0,AMYY,5m
2026-02-17 11:40:00-05:00,17.88050079345703,17.88050079345703,17.88050079345703,17.88050079345703,81,0.0,0.0,0.0,AMYY,5m
2026-02-17 11:55:00-05:00,17.90999984741211,17.90999984741211,17.90999984741211,17.90999984741211,162,0.0,0.0,0.0,AMYY,5m
2026-02-17 12:10:00-05:00,17.809999465942383,17.809999465942383,17.809999465942383,17.809999465942383,120,0.0,0.0,0.0,AMYY,5m
2026-02-17 12:20:00-05:00,17.809999465942383,17.810100555419922,17.799999237060547,17.800100326538086,5216,0.0,0.0,0.0,AMYY,5m
2026-02-17 12:35:00-05:00,17.83329963684082,17.83329963684082,17.83329963684082,17.83329963684082,544,0.0,0.0,0.0,AMYY,5m
2026-02-17 12:55:00-05:00,17.770000457763672,17.770000457763672,17.770000457763672,17.770000457763672,106,0.0,0.0,0.0,AMYY,5m
2026-02-17 13:15:00-05:00,17.81999969482422,17.820100784301758,17.809999465942383,17.820100784301758,2267,0.0,0.0,0.0,AMYY,5m
2026-02-17 13:20:00-05:00,17.850000381469727,17.850000381469727,17.850000381469727,17.850000381469727,110,0.0,0.0,0.0,AMYY,5m
2026-02-17 13:35:00-05:00,17.93199920654297,17.93199920654297,17.93199920654297,17.93199920654297,111,0.0,0.0,0.0,AMYY,5m
2026-02-17 13:40:00-05:00,17.940000534057617,17.940000534057617,17.940000534057617,17.940000534057617,166,0.0,0.0,0.0,AMYY,5m
2026-02-17 14:00:00-05:00,17.93000030517578,17.950000762939453,17.93000030517578,17.950000762939453,440,0.0,0.0,0.0,AMYY,5m
2026-02-17 14:15:00-05:00,17.950000762939453,17.950000762939453,17.950000762939453,17.950000762939453,533,0.0,0.0,0.0,AMYY,5m
2026-02-17 14:25:00-05:00,17.940000534057617,17.940000534057617,17.940000534057617,17.940000534057617,257,0.0,0.0,0.0,AMYY,5m
2026-02-17 14:55:00-05:00,17.90999984741211,17.90999984741211,17.90999984741211,17.90999984741211,262,0.0,0.0,0.0,AMYY,5m
2026-02-17 15:15:00-05:00,17.899999618530273,17.899999618530273,17.899999618530273,17.899999618530273,143,0.0,0.0,0.0,AMYY,5m
2026-02-17 15:25:00-05:00,17.829999923706055,17.829999923706055,17.829999923706055,17.829999923706055,121,0.0,0.0,0.0,AMYY,5m
2026-02-17 15:40:00-05:00,17.829999923706055,17.829999923706055,17.790000915527344,17.790000915527344,791,0.0,0.0,0.0,AMYY,5m
2026-02-17 15:55:00-05:00,17.829999923706055,17.850000381469727,17.829999923706055,17.850000381469727,1427,0.0,0.0,0.0,AMYY,5m
2026-02-18 09:35:00-05:00,17.40999984741211,17.469900131225586,17.40999984741211,17.469900131225586,1282,0.0,0.0,0.0,AMYY,5m
2026-02-18 09:40:00-05:00,17.399999618530273,17.399999618530273,17.399999618530273,17.399999618530273,194,0.0,0.0,0.0,AMYY,5m
2026-02-18 09:45:00-05:00,17.510000228881836,17.510000228881836,17.489999771118164,17.492799758911133,1679,0.0,0.0,0.0,AMYY,5m
2026-02-18 09:50:00-05:00,17.56999969482422,17.579999923706055,17.56999969482422,17.579999923706055,626,0.0,0.0,0.0,AMYY,5m
2026-02-18 09:55:00-05:00,17.59000015258789,17.59000015258789,17.569900512695312,17.569900512695312,485,0.0,0.0,0.0,AMYY,5m
2026-02-18 10:00:00-05:00,17.514999389648438,17.514999389648438,17.514999389648438,17.514999389648438,804,0.0,0.0,0.0,AMYY,5m
2026-02-18 10:15:00-05:00,17.658000946044922,17.658000946044922,17.658000946044922,17.658000946044922,577,0.0,0.0,0.0,AMYY,5m
2026-02-18 10:25:00-05:00,17.59000015258789,17.59000015258789,17.59000015258789,17.59000015258789,708,0.0,0.0,0.0,AMYY,5m
2026-02-18 10:50:00-05:00,17.739999771118164,17.739999771118164,17.739999771118164,17.739999771118164,276,0.0,0.0,0.0,AMYY,5m
2026-02-18 10:55:00-05:00,17.650100708007812,17.650100708007812,17.650100708007812,17.650100708007812,1051,0.0,0.0,0.0,AMYY,5m
2026-02-18 11:15:00-05:00,17.709999084472656,17.709999084472656,17.709999084472656,17.709999084472656,175,0.0,0.0,0.0,AMYY,5m
2026-02-18 11:35:00-05:00,17.739999771118164,17.739999771118164,17.739999771118164,17.739999771118164,606,0.0,0.0,0.0,AMYY,5m
2026-02-18 11:50:00-05:00,17.75,17.75,17.75,17.75,144,0.0,0.0,0.0,AMYY,5m
2026-02-18 11:55:00-05:00,17.68000030517578,17.68000030517578,17.68000030517578,17.68000030517578,255,0.0,0.0,0.0,AMYY,5m
2026-02-18 12:15:00-05:00,17.709999084472656,17.709999084472656,17.709999084472656,17.709999084472656,165,0.0,0.0,0.0,AMYY,5m
2026-02-18 12:30:00-05:00,17.766799926757812,17.766799926757812,17.766799926757812,17.766799926757812,311,0.0,0.0,0.0,AMYY,5m
2026-02-18 13:10:00-05:00,17.710100173950195,17.710100173950195,17.710100173950195,17.710100173950195,114,0.0,0.0,0.0,AMYY,5m
2026-02-18 13:30:00-05:00,17.684999465942383,17.684999465942383,17.684999465942383,17.684999465942383,3797,0.0,0.0,0.0,AMYY,5m
2026-02-18 13:35:00-05:00,17.69580078125,17.700000762939453,17.639999389648438,17.700000762939453,3147,0.0,0.0,0.0,AMYY,5m
2026-02-18 14:00:00-05:00,17.635000228881836,17.635000228881836,17.6200008392334,17.6200008392334,762,0.0,0.0,0.0,AMYY,5m
2026-02-18 14:40:00-05:00,17.494199752807617,17.494199752807617,17.494199752807617,17.494199752807617,330,0.0,0.0,0.0,AMYY,5m
2026-02-18 15:10:00-05:00,17.466999053955078,17.466999053955078,17.466999053955078,17.466999053955078,255,0.0,0.0,0.0,AMYY,5m
2026-02-18 15:35:00-05:00,17.475000381469727,17.475000381469727,17.475000381469727,17.475000381469727,280,0.0,0.0,0.0,AMYY,5m
2026-02-18 15:40:00-05:00,17.489999771118164,17.489999771118164,17.489999771118164,17.489999771118164,396,0.0,0.0,0.0,AMYY,5m
2026-02-18 15:45:00-05:00,17.5049991607666,17.5049991607666,17.5049991607666,17.5049991607666,153,0.0,0.0,0.0,AMYY,5m
2026-02-18 15:55:00-05:00,17.5,17.5,17.5,17.5,0,0.0,0.0,0.0,AMYY,5m
2026-02-19 09:30:00-05:00,17.489999771118164,17.489999771118164,17.3799991607666,17.3799991607666,2970,0.0,0.0,0.0,AMYY,5m
2026-02-19 09:40:00-05:00,17.3700008392334,17.3700008392334,17.3700008392334,17.3700008392334,237,0.0,0.0,0.0,AMYY,5m
2026-02-19 09:45:00-05:00,17.459999084472656,17.459999084472656,17.450000762939453,17.450000762939453,529,0.0,0.0,0.0,AMYY,5m
2026-02-19 09:50:00-05:00,17.519399642944336,17.519399642944336,17.519399642944336,17.519399642944336,561,0.0,0.0,0.0,AMYY,5m
2026-02-19 10:05:00-05:00,17.639999389648438,17.639999389648438,17.639999389648438,17.639999389648438,1025,0.0,0.0,0.0,AMYY,5m
2026-02-19 10:10:00-05:00,17.625999450683594,17.639999389648438,17.625999450683594,17.639999389648438,216,0.0,0.0,0.0,AMYY,5m
2026-02-19 10:20:00-05:00,17.55190086364746,17.55190086364746,17.55190086364746,17.55190086364746,2057,0.0,0.0,0.0,AMYY,5m
2026-02-19 10:30:00-05:00,17.59000015258789,17.59000015258789,17.59000015258789,17.59000015258789,1046,0.0,0.0,0.0,AMYY,5m
2026-02-19 10:35:00-05:00,17.658300399780273,17.658300399780273,17.658300399780273,17.658300399780273,510,0.0,0.0,0.0,AMYY,5m
2026-02-19 11:40:00-05:00,17.579999923706055,17.579999923706055,17.579999923706055,17.579999923706055,194,0.0,0.0,0.0,AMYY,5m
2026-02-19 12:20:00-05:00,17.575000762939453,17.575000762939453,17.575000762939453,17.575000762939453,206,0.0,0.0,0.0,AMYY,5m
2026-02-19 12:40:00-05:00,17.549999237060547,17.549999237060547,17.549999237060547,17.549999237060547,112,0.0,0.0,0.0,AMYY,5m
2026-02-19 12:45:00-05:00,17.510000228881836,17.510000228881836,17.459999084472656,17.459999084472656,968,0.0,0.0,0.0,AMYY,5m
2026-02-19 12:55:00-05:00,17.479999542236328,17.479999542236328,17.469999313354492,17.469999313354492,453,0.0,0.0,0.0,AMYY,5m
2026-02-19 13:00:00-05:00,17.479999542236328,17.479999542236328,17.479999542236328,17.479999542236328,256,0.0,0.0,0.0,AMYY,5m
2026-02-19 13:50:00-05:00,17.510000228881836,17.510000228881836,17.510000228881836,17.510000228881836,320,0.0,0.0,0.0,AMYY,5m
2026-02-19 13:55:00-05:00,17.530000686645508,17.540000915527344,17.530000686645508,17.540000915527344,441,0.0,0.0,0.0,AMYY,5m
2026-02-19 14:15:00-05:00,17.579999923706055,17.59000015258789,17.579999923706055,17.59000015258789,459,0.0,0.0,0.0,AMYY,5m
2026-02-19 14:20:00-05:00,17.600000381469727,17.600000381469727,17.600000381469727,17.600000381469727,387,0.0,0.0,0.0,AMYY,5m
2026-02-19 15:25:00-05:00,17.604999542236328,17.604999542236328,17.604999542236328,17.604999542236328,1005,0.0,0.0,0.0,AMYY,5m
2026-02-19 15:35:00-05:00,17.635000228881836,17.635000228881836,17.635000228881836,17.635000228881836,543,0.0,0.0,0.0,AMYY,5m
2026-02-19 15:55:00-05:00,17.649999618530273,17.670000076293945,17.639999389648438,17.670000076293945,2142,0.0,0.0,0.0,AMYY,5m
2026-02-20 09:30:00-05:00,17.309999465942383,17.329999923706055,17.165000915527344,17.165000915527344,2451,0.334,0.0,0.0,AMYY,5m
2026-02-20 09:40:00-05:00,17.250600814819336,17.250600814819336,17.250600814819336,17.250600814819336,660,0.0,0.0,0.0,AMYY,5m
2026-02-20 09:55:00-05:00,17.020000457763672,17.020099639892578,17.020000457763672,17.020099639892578,5406,0.0,0.0,0.0,AMYY,5m
2026-02-20 10:00:00-05:00,17.21030044555664,17.21030044555664,17.21030044555664,17.21030044555664,270,0.0,0.0,0.0,AMYY,5m
2026-02-20 10:20:00-05:00,17.25200080871582,17.25200080871582,17.25200080871582,17.25200080871582,954,0.0,0.0,0.0,AMYY,5m
2026-02-20 10:30:00-05:00,17.274999618530273,17.274999618530273,17.274999618530273,17.274999618530273,341,0.0,0.0,0.0,AMYY,5m
2026-02-20 10:35:00-05:00,17.200000762939453,17.200000762939453,17.195999145507812,17.195999145507812,1433,0.0,0.0,0.0,AMYY,5m
2026-02-20 10:50:00-05:00,17.450000762939453,17.450000762939453,17.350000381469727,17.350000381469727,672,0.0,0.0,0.0,AMYY,5m
2026-02-20 11:05:00-05:00,17.469999313354492,17.469999313354492,17.469999313354492,17.469999313354492,248,0.0,0.0,0.0,AMYY,5m
2026-02-20 11:35:00-05:00,17.299999237060547,17.299999237060547,17.299999237060547,17.299999237060547,728,0.0,0.0,0.0,AMYY,5m
2026-02-20 12:00:00-05:00,17.280000686645508,17.280000686645508,17.280000686645508,17.280000686645508,119,0.0,0.0,0.0,AMYY,5m
2026-02-20 12:05:00-05:00,17.25,17.25,17.25,17.25,354,0.0,0.0,0.0,AMYY,5m
2026-02-20 12:15:00-05:00,17.1200008392334,17.1200008392334,17.1200008392334,17.1200008392334,1124,0.0,0.0,0.0,AMYY,5m
2026-02-20 12:40:00-05:00,17.030000686645508,17.030000686645508,17.020000457763672,17.020000457763672,271,0.0,0.0,0.0,AMYY,5m
2026-02-20 13:05:00-05:00,17.05820083618164,17.05820083618164,17.05820083618164,17.05820083618164,702,0.0,0.0,0.0,AMYY,5m
2026-02-20 13:10:00-05:00,17.035999298095703,17.035999298095703,17.035999298095703,17.035999298095703,0,0.0,0.0,0.0,AMYY,5m
2026-02-20 13:25:00-05:00,17.020000457763672,17.020000457763672,16.99180030822754,16.99180030822754,421,0.0,0.0,0.0,AMYY,5m
2026-02-20 13:30:00-05:00,16.989999771118164,17.070100784301758,16.989999771118164,17.070100784301758,1251,0.0,0.0,0.0,AMYY,5m
2026-02-20 13:35:00-05:00,16.993799209594727,16.993799209594727,16.993799209594727,16.993799209594727,265,0.0,0.0,0.0,AMYY,5m
2026-02-20 13:40:00-05:00,17.135000228881836,17.135000228881836,17.135000228881836,17.135000228881836,501,0.0,0.0,0.0,AMYY,5m
2026-02-20 13:45:00-05:00,17.200000762939453,17.200000762939453,17.190000534057617,17.190000534057617,279,0.0,0.0,0.0,AMYY,5m
2026-02-20 13:50:00-05:00,17.200000762939453,17.200000762939453,17.200000762939453,17.200000762939453,137,0.0,0.0,0.0,AMYY,5m
2026-02-20 13:55:00-05:00,17.239900588989258,17.239900588989258,17.239900588989258,17.239900588989258,200,0.0,0.0,0.0,AMYY,5m
2026-02-20 14:00:00-05:00,17.204999923706055,17.204999923706055,17.204999923706055,17.204999923706055,59,0.0,0.0,0.0,AMYY,5m
2026-02-20 14:10:00-05:00,17.1200008392334,17.120100021362305,17.1200008392334,17.120100021362305,5194,0.0,0.0,0.0,AMYY,5m
2026-02-20 14:50:00-05:00,17.059999465942383,17.059999465942383,17.049999237060547,17.049999237060547,358,0.0,0.0,0.0,AMYY,5m
2026-02-20 15:00:00-05:00,16.993499755859375,16.993499755859375,16.993499755859375,16.993499755859375,497,0.0,0.0,0.0,AMYY,5m
2026-02-20 15:35:00-05:00,17.020000457763672,17.020000457763672,17.020000457763672,17.020000457763672,222,0.0,0.0,0.0,AMYY,5m
2026-02-20 15:40:00-05:00,17.030000686645508,17.030000686645508,17.030000686645508,17.030000686645508,246,0.0,0.0,0.0,AMYY,5m
2026-02-20 15:55:00-05:00,17.040000915527344,17.040000915527344,17.040000915527344,17.040000915527344,457,0.0,0.0,0.0,AMYY,5m
2026-02-23 09:30:00-05:00,16.819000244140625,16.819000244140625,16.780000686645508,16.780000686645508,2497,0.0,0.0,0.0,AMYY,5m
2026-02-23 09:35:00-05:00,16.950000762939453,16.95560073852539,16.93000030517578,16.95560073852539,967,0.0,0.0,0.0,AMYY,5m
2026-02-23 09:40:00-05:00,16.8700008392334,16.899999618530273,16.8700008392334,16.899999618530273,672,0.0,0.0,0.0,AMYY,5m
2026-02-23 09:50:00-05:00,16.969999313354492,16.969999313354492,16.969999313354492,16.969999313354492,188,0.0,0.0,0.0,AMYY,5m
2026-02-23 10:00:00-05:00,16.93000030517578,16.93000030517578,16.93000030517578,16.93000030517578,367,0.0,0.0,0.0,AMYY,5m
2026-02-23 10:10:00-05:00,16.93000030517578,16.93000030517578,16.93000030517578,16.93000030517578,529,0.0,0.0,0.0,AMYY,5m
2026-02-23 10:50:00-05:00,16.84000015258789,16.84000015258789,16.829999923706055,16.829999923706055,222,0.0,0.0,0.0,AMYY,5m
2026-02-23 10:55:00-05:00,16.799999237060547,16.799999237060547,16.799999237060547,16.799999237060547,121,0.0,0.0,0.0,AMYY,5m
2026-02-23 11:05:00-05:00,16.770000457763672,16.770000457763672,16.770000457763672,16.770000457763672,200,0.0,0.0,0.0,AMYY,5m
2026-02-23 11:10:00-05:00,16.80500030517578,16.80500030517578,16.80500030517578,16.80500030517578,143,0.0,0.0,0.0,AMYY,5m
2026-02-23 11:15:00-05:00,16.790000915527344,16.790000915527344,16.780000686645508,16.780000686645508,721,0.0,0.0,0.0,AMYY,5m
2026-02-23 11:30:00-05:00,16.84000015258789,16.854999542236328,16.84000015258789,16.854999542236328,4427,0.0,0.0,0.0,AMYY,5m
2026-02-23 11:45:00-05:00,16.829999923706055,16.829999923706055,16.829999923706055,16.829999923706055,1571,0.0,0.0,0.0,AMYY,5m
2026-02-23 11:55:00-05:00,16.834999084472656,16.834999084472656,16.834999084472656,16.834999084472656,126,0.0,0.0,0.0,AMYY,5m
2026-02-23 12:10:00-05:00,16.820999145507812,16.82110023498535,16.81999969482422,16.820100784301758,882,0.0,0.0,0.0,AMYY,5m
2026-02-23 12:20:00-05:00,16.829999923706055,16.829999923706055,16.829999923706055,16.829999923706055,202,0.0,0.0,0.0,AMYY,5m
2026-02-23 12:25:00-05:00,16.860000610351562,16.860000610351562,16.770000457763672,16.79010009765625,1629,0.0,0.0,0.0,AMYY,5m
2026-02-23 12:30:00-05:00,16.790000915527344,16.809999465942383,16.790000915527344,16.809999465942383,2133,0.0,0.0,0.0,AMYY,5m
2026-02-23 12:35:00-05:00,16.739999771118164,16.740100860595703,16.670000076293945,16.67009925842285,1327,0.0,0.0,0.0,AMYY,5m
2026-02-23 12:45:00-05:00,16.770000457763672,16.770000457763672,16.770000457763672,16.770000457763672,230,0.0,0.0,0.0,AMYY,5m
2026-02-23 13:00:00-05:00,16.781600952148438,16.781600952148438,16.781600952148438,16.781600952148438,328,0.0,0.0,0.0,AMYY,5m
2026-02-23 13:30:00-05:00,16.834999084472656,16.834999084472656,16.834999084472656,16.834999084472656,594,0.0,0.0,0.0,AMYY,5m
2026-02-23 13:35:00-05:00,16.81999969482422,16.81999969482422,16.81999969482422,16.81999969482422,322,0.0,0.0,0.0,AMYY,5m
2026-02-23 13:40:00-05:00,16.795299530029297,16.799999237060547,16.795299530029297,16.799999237060547,1296,0.0,0.0,0.0,AMYY,5m
2026-02-23 13:45:00-05:00,16.780000686645508,16.780000686645508,16.780000686645508,16.780000686645508,500,0.0,0.0,0.0,AMYY,5m
2026-02-23 13:50:00-05:00,16.809900283813477,16.809999465942383,16.770000457763672,16.770000457763672,6871,0.0,0.0,0.0,AMYY,5m
2026-02-23 13:55:00-05:00,16.78070068359375,16.79949951171875,16.78070068359375,16.78070068359375,562,0.0,0.0,0.0,AMYY,5m
2026-02-23 14:00:00-05:00,16.790000915527344,16.790000915527344,16.760000228881836,16.760000228881836,265,0.0,0.0,0.0,AMYY,5m
2026-02-23 14:05:00-05:00,16.809999465942383,16.809999465942383,16.799999237060547,16.799999237060547,341,0.0,0.0,0.0,AMYY,5m
2026-02-23 14:10:00-05:00,16.761600494384766,16.761600494384766,16.761600494384766,16.761600494384766,628,0.0,0.0,0.0,AMYY,5m
2026-02-23 14:25:00-05:00,16.799999237060547,16.799999237060547,16.799999237060547,16.799999237060547,482,0.0,0.0,0.0,AMYY,5m
2026-02-23 15:30:00-05:00,16.790000915527344,16.790000915527344,16.790000915527344,16.790000915527344,1069,0.0,0.0,0.0,AMYY,5m
2026-02-23 15:40:00-05:00,16.764999389648438,16.764999389648438,16.764999389648438,16.764999389648438,239,0.0,0.0,0.0,AMYY,5m
2026-02-23 15:55:00-05:00,16.799999237060547,16.799999237060547,16.799999237060547,16.799999237060547,1470,0.0,0.0,0.0,AMYY,5m
2026-02-24 09:30:00-05:00,17.450000762939453,17.520000457763672,17.40999984741211,17.475000381469727,3843,0.0,0.0,0.0,AMYY,5m
2026-02-24 09:35:00-05:00,17.399999618530273,17.399999618530273,17.399999618530273,17.399999618530273,200,0.0,0.0,0.0,AMYY,5m
2026-02-24 09:40:00-05:00,17.31999969482422,17.31999969482422,17.299999237060547,17.309999465942383,485,0.0,0.0,0.0,AMYY,5m
2026-02-24 09:45:00-05:00,17.34000015258789,17.340099334716797,17.34000015258789,17.340099334716797,283,0.0,0.0,0.0,AMYY,5m
2026-02-24 09:50:00-05:00,17.309999465942383,17.450000762939453,17.299999237060547,17.450000762939453,554,0.0,0.0,0.0,AMYY,5m
2026-02-24 09:55:00-05:00,17.43000030517578,17.43000030517578,17.43000030517578,17.43000030517578,263,0.0,0.0,0.0,AMYY,5m
2026-02-24 10:05:00-05:00,17.424999237060547,17.429899215698242,17.415000915527344,17.415000915527344,401,0.0,0.0,0.0,AMYY,5m
2026-02-24 10:10:00-05:00,17.440000534057617,17.440000534057617,17.41510009765625,17.41510009765625,399,0.0,0.0,0.0,AMYY,5m
2026-02-24 10:25:00-05:00,17.479999542236328,17.479999542236328,17.479999542236328,17.479999542236328,176,0.0,0.0,0.0,AMYY,5m
2026-02-24 10:35:00-05:00,17.459999084472656,17.459999084472656,17.459999084472656,17.459999084472656,249,0.0,0.0,0.0,AMYY,5m
2026-02-24 10:40:00-05:00,17.40999984741211,17.40999984741211,17.399999618530273,17.399999618530273,400,0.0,0.0,0.0,AMYY,5m
2026-02-24 10:45:00-05:00,17.399999618530273,17.399999618530273,17.399999618530273,17.399999618530273,124,0.0,0.0,0.0,AMYY,5m
2026-02-24 10:50:00-05:00,17.459999084472656,17.459999084472656,17.459999084472656,17.459999084472656,149,0.0,0.0,0.0,AMYY,5m
2026-02-24 10:55:00-05:00,17.449899673461914,17.449899673461914,17.449899673461914,17.449899673461914,173,0.0,0.0,0.0,AMYY,5m
2026-02-24 11:00:00-05:00,17.459999084472656,17.469999313354492,17.459999084472656,17.469999313354492,390,0.0,0.0,0.0,AMYY,5m
2026-02-24 11:15:00-05:00,17.45989990234375,17.45989990234375,17.45989990234375,17.45989990234375,405,0.0,0.0,0.0,AMYY,5m
2026-02-24 11:40:00-05:00,17.440000534057617,17.440000534057617,17.418500900268555,17.418500900268555,292,0.0,0.0,0.0,AMYY,5m
2026-02-24 11:45:00-05:00,17.44499969482422,17.44499969482422,17.44499969482422,17.44499969482422,404,0.0,0.0,0.0,AMYY,5m
2026-02-24 12:10:00-05:00,17.490999221801758,17.490999221801758,17.490999221801758,17.490999221801758,370,0.0,0.0,0.0,AMYY,5m
2026-02-24 12:40:00-05:00,17.5049991607666,17.5049991607666,17.5049991607666,17.5049991607666,243,0.0,0.0,0.0,AMYY,5m
2026-02-24 12:50:00-05:00,17.534700393676758,17.534700393676758,17.534700393676758,17.534700393676758,437,0.0,0.0,0.0,AMYY,5m
2026-02-24 12:55:00-05:00,17.53499984741211,17.53499984741211,17.53499984741211,17.53499984741211,183,0.0,0.0,0.0,AMYY,5m
2026-02-24 13:55:00-05:00,17.514999389648438,17.514999389648438,17.514999389648438,17.514999389648438,262,0.0,0.0,0.0,AMYY,5m
2026-02-24 14:00:00-05:00,17.520000457763672,17.520000457763672,17.520000457763672,17.520000457763672,719,0.0,0.0,0.0,AMYY,5m
2026-02-24 15:05:00-05:00,17.5,17.5,17.5,17.5,290,0.0,0.0,0.0,AMYY,5m
2026-02-24 15:20:00-05:00,17.489999771118164,17.489999771118164,17.489999771118164,17.489999771118164,396,0.0,0.0,0.0,AMYY,5m
2026-02-24 15:50:00-05:00,17.510000228881836,17.510000228881836,17.510000228881836,17.510000228881836,206,0.0,0.0,0.0,AMYY,5m
2026-02-24 15:55:00-05:00,17.510000228881836,17.520000457763672,17.510000228881836,17.520000457763672,276,0.0,0.0,0.0,AMYY,5m
2026-02-25 09:30:00-05:00,17.5,17.579999923706055,17.5,17.530000686645508,1285,0.0,0.0,0.0,AMYY,5m
2026-02-25 09:45:00-05:00,17.510000228881836,17.524999618530273,17.510000228881836,17.510000228881836,1320,0.0,0.0,0.0,AMYY,5m
2026-02-25 09:50:00-05:00,17.530000686645508,17.530000686645508,17.530000686645508,17.530000686645508,414,0.0,0.0,0.0,AMYY,5m
2026-02-25 10:00:00-05:00,17.549999237060547,17.559999465942383,17.549999237060547,17.559999465942383,403,0.0,0.0,0.0,AMYY,5m
2026-02-25 10:05:00-05:00,17.559999465942383,17.56999969482422,17.559999465942383,17.56999969482422,321,0.0,0.0,0.0,AMYY,5m
2026-02-25 10:25:00-05:00,17.55500030517578,17.55500030517578,17.540000915527344,17.55500030517578,1293,0.0,0.0,0.0,AMYY,5m
2026-02-25 13:30:00-05:00,17.549999237060547,17.549999237060547,17.549999237060547,17.549999237060547,527,0.0,0.0,0.0,AMYY,5m
2026-02-25 14:05:00-05:00,17.540000915527344,17.540000915527344,17.540000915527344,17.540000915527344,109,0.0,0.0,0.0,AMYY,5m
2026-02-25 14:20:00-05:00,17.540000915527344,17.540000915527344,17.540000915527344,17.540000915527344,181,0.0,0.0,0.0,AMYY,5m
2026-02-25 14:25:00-05:00,17.549999237060547,17.549999237060547,17.549999237060547,17.549999237060547,160,0.0,0.0,0.0,AMYY,5m
2026-02-25 14:30:00-05:00,17.530099868774414,17.530099868774414,17.530099868774414,17.530099868774414,186,0.0,0.0,0.0,AMYY,5m
2026-02-25 15:05:00-05:00,17.530000686645508,17.530000686645508,17.530000686645508,17.530000686645508,204,0.0,0.0,0.0,AMYY,5m
2026-02-25 15:20:00-05:00,17.530000686645508,17.530000686645508,17.530000686645508,17.530000686645508,548,0.0,0.0,0.0,AMYY,5m
2026-02-25 15:55:00-05:00,17.56399917602539,17.56399917602539,17.56399917602539,17.56399917602539,262,0.0,0.0,0.0,AMYY,5m
2026-02-26 09:30:00-05:00,17.299999237060547,17.299999237060547,17.299999237060547,17.299999237060547,517,0.0,0.0,0.0,AMYY,5m
2026-02-26 09:35:00-05:00,17.300199508666992,17.300199508666992,17.290000915527344,17.290000915527344,682,0.0,0.0,0.0,AMYY,5m
2026-02-26 10:00:00-05:00,17.420000076293945,17.420000076293945,17.420000076293945,17.420000076293945,219,0.0,0.0,0.0,AMYY,5m
2026-02-26 10:15:00-05:00,17.350000381469727,17.350000381469727,17.350000381469727,17.350000381469727,196,0.0,0.0,0.0,AMYY,5m
2026-02-26 10:25:00-05:00,17.253999710083008,17.253999710083008,17.253999710083008,17.253999710083008,256,0.0,0.0,0.0,AMYY,5m
2026-02-26 10:40:00-05:00,17.31999969482422,17.31999969482422,17.31999969482422,17.31999969482422,108,0.0,0.0,0.0,AMYY,5m
2026-02-26 10:45:00-05:00,17.290000915527344,17.290000915527344,17.290000915527344,17.290000915527344,690,0.0,0.0,0.0,AMYY,5m
2026-02-26 11:10:00-05:00,17.239999771118164,17.239999771118164,17.239999771118164,17.239999771118164,540,0.0,0.0,0.0,AMYY,5m
2026-02-26 11:20:00-05:00,17.295000076293945,17.295000076293945,17.295000076293945,17.295000076293945,368,0.0,0.0,0.0,AMYY,5m
2026-02-26 12:10:00-05:00,17.274999618530273,17.274999618530273,17.274999618530273,17.274999618530273,2200,0.0,0.0,0.0,AMYY,5m
2026-02-26 12:15:00-05:00,17.264999389648438,17.290000915527344,17.264999389648438,17.290000915527344,450,0.0,0.0,0.0,AMYY,5m
2026-02-26 12:50:00-05:00,17.270000457763672,17.270000457763672,17.270000457763672,17.270000457763672,200,0.0,0.0,0.0,AMYY,5m
2026-02-26 12:55:00-05:00,17.200000762939453,17.20009994506836,17.200000762939453,17.20009994506836,2099,0.0,0.0,0.0,AMYY,5m
2026-02-26 13:00:00-05:00,17.2450008392334,17.2450008392334,17.2450008392334,17.2450008392334,0,0.0,0.0,0.0,AMYY,5m
2026-02-26 13:05:00-05:00,17.239999771118164,17.260000228881836,17.239999771118164,17.260000228881836,212,0.0,0.0,0.0,AMYY,5m
2026-02-26 13:25:00-05:00,17.217100143432617,17.217100143432617,17.217100143432617,17.217100143432617,677,0.0,0.0,0.0,AMYY,5m
2026-02-26 14:50:00-05:00,17.34040069580078,17.34040069580078,17.34040069580078,17.34040069580078,200,0.0,0.0,0.0,AMYY,5m
2026-02-26 14:55:00-05:00,17.389999389648438,17.389999389648438,17.389999389648438,17.389999389648438,89,0.0,0.0,0.0,AMYY,5m
2026-02-26 15:30:00-05:00,17.34939956665039,17.34939956665039,17.34939956665039,17.34939956665039,147,0.0,0.0,0.0,AMYY,5m
2026-02-27 09:30:00-05:00,,,,,0,0.34,0.0,0.0,AMYY,5m
2026-02-27 09:35:00-05:00,16.860000610351562,16.860000610351562,16.860000610351562,16.860000610351562,812,0.0,0.0,0.0,AMYY,5m
2026-02-27 09:45:00-05:00,16.80500030517578,16.80500030517578,16.80500030517578,16.80500030517578,5376,0.0,0.0,0.0,AMYY,5m
2026-02-27 10:20:00-05:00,16.90999984741211,16.90999984741211,16.90999984741211,16.90999984741211,0,0.0,0.0,0.0,AMYY,5m
2026-02-27 10:35:00-05:00,16.889999389648438,16.889999389648438,16.889999389648438,16.889999389648438,380,0.0,0.0,0.0,AMYY,5m
2026-02-27 11:30:00-05:00,16.920000076293945,16.920000076293945,16.920000076293945,16.920000076293945,122,0.0,0.0,0.0,AMYY,5m
2026-02-27 11:45:00-05:00,16.860000610351562,16.860000610351562,16.860000610351562,16.860000610351562,196,0.0,0.0,0.0,AMYY,5m
2026-02-27 12:00:00-05:00,16.865299224853516,16.865299224853516,16.865299224853516,16.865299224853516,131,0.0,0.0,0.0,AMYY,5m
2026-02-27 12:05:00-05:00,16.8700008392334,16.8700008392334,16.8700008392334,16.8700008392334,100,0.0,0.0,0.0,AMYY,5m
2026-02-27 12:10:00-05:00,16.889999389648438,16.889999389648438,16.8799991607666,16.8799991607666,482,0.0,0.0,0.0,AMYY,5m
2026-02-27 12:45:00-05:00,16.829999923706055,16.829999923706055,16.829999923706055,16.829999923706055,162,0.0,0.0,0.0,AMYY,5m
2026-02-27 13:10:00-05:00,16.770000457763672,16.770099639892578,16.770000457763672,16.770099639892578,936,0.0,0.0,0.0,AMYY,5m
2026-02-27 15:55:00-05:00,16.8799991607666,16.8799991607666,16.8799991607666,16.8799991607666,215,0.0,0.0,0.0,AMYY,5m
2026-03-02 09:35:00-05:00,16.700000762939453,16.709999084472656,16.700000762939453,16.709999084472656,743,0.0,0.0,0.0,AMYY,5m
2026-03-02 09:45:00-05:00,16.6299991607666,16.690000534057617,16.6299991607666,16.690000534057617,236,0.0,0.0,0.0,AMYY,5m
2026-03-02 10:00:00-05:00,16.610000610351562,16.610000610351562,16.610000610351562,16.610000610351562,818,0.0,0.0,0.0,AMYY,5m
2026-03-02 10:30:00-05:00,16.635000228881836,16.635000228881836,16.635000228881836,16.635000228881836,391,0.0,0.0,0.0,AMYY,5m
2026-03-02 10:35:00-05:00,16.631099700927734,16.631099700927734,16.631099700927734,16.631099700927734,268,0.0,0.0,0.0,AMYY,5m
2026-03-02 10:45:00-05:00,16.65999984741211,16.65999984741211,16.65999984741211,16.65999984741211,609,0.0,0.0,0.0,AMYY,5m
2026-03-02 11:30:00-05:00,16.68000030517578,16.68000030517578,16.68000030517578,16.68000030517578,1827,0.0,0.0,0.0,AMYY,5m
2026-03-02 11:45:00-05:00,16.745100021362305,16.745100021362305,16.745100021362305,16.745100021362305,1316,0.0,0.0,0.0,AMYY,5m
2026-03-02 12:45:00-05:00,16.739999771118164,16.75,16.739999771118164,16.739999771118164,607,0.0,0.0,0.0,AMYY,5m
2026-03-02 12:50:00-05:00,16.780000686645508,16.780000686645508,16.780000686645508,16.780000686645508,299,0.0,0.0,0.0,AMYY,5m
2026-03-02 12:55:00-05:00,16.729999542236328,16.729999542236328,16.65999984741211,16.719999313354492,1307,0.0,0.0,0.0,AMYY,5m
2026-03-02 13:10:00-05:00,16.710100173950195,16.710100173950195,16.710100173950195,16.710100173950195,161,0.0,0.0,0.0,AMYY,5m
2026-03-02 13:20:00-05:00,16.70009994506836,16.701200485229492,16.690500259399414,16.701200485229492,1526,0.0,0.0,0.0,AMYY,5m
2026-03-02 13:40:00-05:00,16.711000442504883,16.71109962463379,16.709999084472656,16.71109962463379,851,0.0,0.0,0.0,AMYY,5m
2026-03-02 13:45:00-05:00,16.709999084472656,16.709999084472656,16.700000762939453,16.700000762939453,471,0.0,0.0,0.0,AMYY,5m
2026-03-02 14:10:00-05:00,16.71500015258789,16.71500015258789,16.71500015258789,16.71500015258789,1507,0.0,0.0,0.0,AMYY,5m
2026-03-03 09:30:00-05:00,16.56999969482422,16.56999969482422,16.56999969482422,16.56999969482422,1480,0.0,0.0,0.0,AMYY,5m
2026-03-03 09:35:00-05:00,16.540000915527344,16.549999237060547,16.530000686645508,16.549999237060547,1752,0.0,0.0,0.0,AMYY,5m
2026-03-03 09:45:00-05:00,16.549999237060547,16.549999237060547,16.549999237060547,16.549999237060547,268,0.0,0.0,0.0,AMYY,5m
2026-03-03 09:50:00-05:00,16.530000686645508,16.530000686645508,16.530000686645508,16.530000686645508,115,0.0,0.0,0.0,AMYY,5m
2026-03-03 09:55:00-05:00,16.524999618530273,16.524999618530273,16.524999618530273,16.524999618530273,143,0.0,0.0,0.0,AMYY,5m
2026-03-03 10:05:00-05:00,16.530000686645508,16.530000686645508,16.530000686645508,16.530000686645508,348,0.0,0.0,0.0,AMYY,5m
2026-03-03 10:15:00-05:00,16.540000915527344,16.540000915527344,16.540000915527344,16.540000915527344,168,0.0,0.0,0.0,AMYY,5m
2026-03-03 10:25:00-05:00,16.507299423217773,16.507299423217773,16.507299423217773,16.507299423217773,396,0.0,0.0,0.0,AMYY,5m
2026-03-03 10:30:00-05:00,16.510000228881836,16.510000228881836,16.490100860595703,16.490100860595703,419,0.0,0.0,0.0,AMYY,5m
2026-03-03 10:55:00-05:00,16.474000930786133,16.510000228881836,16.474000930786133,16.510000228881836,891,0.0,0.0,0.0,AMYY,5m
2026-03-03 11:00:00-05:00,16.530000686645508,16.540000915527344,16.530000686645508,16.540000915527344,222,0.0,0.0,0.0,AMYY,5m
2026-03-03 11:10:00-05:00,16.52989959716797,16.52989959716797,16.52989959716797,16.52989959716797,232,0.0,0.0,0.0,AMYY,5m
2026-03-03 11:15:00-05:00,16.530000686645508,16.530000686645508,16.530000686645508,16.530000686645508,200,0.0,0.0,0.0,AMYY,5m
2026-03-03 11:20:00-05:00,16.530000686645508,16.530000686645508,16.530000686645508,16.530000686645508,471,0.0,0.0,0.0,AMYY,5m
2026-03-03 12:15:00-05:00,16.514999389648438,16.514999389648438,16.514999389648438,16.514999389648438,603,0.0,0.0,0.0,AMYY,5m
2026-03-03 13:20:00-05:00,16.549999237060547,16.59000015258789,16.520000457763672,16.59000015258789,15786,0.0,0.0,0.0,AMYY,5m
2026-03-03 14:15:00-05:00,16.523500442504883,16.523500442504883,16.523500442504883,16.523500442504883,298,0.0,0.0,0.0,AMYY,5m
2026-03-03 15:30:00-05:00,16.520000457763672,16.520000457763672,16.520000457763672,16.520000457763672,360,0.0,0.0,0.0,AMYY,5m
2026-03-03 15:55:00-05:00,16.506000518798828,16.506000518798828,16.506000518798828,16.506000518798828,462,0.0,0.0,0.0,AMYY,5m
2026-03-04 09:30:00-05:00,16.56999969482422,16.56999969482422,16.559999465942383,16.559999465942383,799,0.0,0.0,0.0,AMYY,5m
2026-03-04 09:40:00-05:00,16.510000228881836,16.510000228881836,16.510000228881836,16.510000228881836,246,0.0,0.0,0.0,AMYY,5m
2026-03-04 09:45:00-05:00,16.56999969482422,16.59000015258789,16.56999969482422,16.59000015258789,307,0.0,0.0,0.0,AMYY,5m
2026-03-04 10:00:00-05:00,16.639999389648438,16.639999389648438,16.639999389648438,16.639999389648438,337,0.0,0.0,0.0,AMYY,5m
2026-03-04 10:15:00-05:00,16.65999984741211,16.65999984741211,16.65999984741211,16.65999984741211,137,0.0,0.0,0.0,AMYY,5m
2026-03-04 10:25:00-05:00,16.639999389648438,16.64419937133789,16.639999389648438,16.64419937133789,600,0.0,0.0,0.0,AMYY,5m
2026-03-04 11:10:00-05:00,16.655000686645508,16.655000686645508,16.655000686645508,16.655000686645508,1472,0.0,0.0,0.0,AMYY,5m
2026-03-04 14:45:00-05:00,16.809999465942383,16.809999465942383,16.809999465942383,16.809999465942383,106,0.0,0.0,0.0,AMYY,5m
2026-03-04 15:05:00-05:00,16.770000457763672,16.770000457763672,16.65999984741211,16.760000228881836,3265,0.0,0.0,0.0,AMYY,5m
2026-03-04 15:55:00-05:00,16.760000228881836,16.760000228881836,16.760000228881836,16.760000228881836,300,0.0,0.0,0.0,AMYY,5m
2026-03-05 09:30:00-05:00,16.549999237060547,16.670000076293945,16.549999237060547,16.670000076293945,676,0.0,0.0,0.0,AMYY,5m
2026-03-05 10:05:00-05:00,16.704999923706055,16.704999923706055,16.704999923706055,16.704999923706055,156,0.0,0.0,0.0,AMYY,5m
2026-03-05 10:10:00-05:00,16.7450008392334,16.789899826049805,16.7450008392334,16.789899826049805,1233,0.0,0.0,0.0,AMYY,5m
2026-03-05 10:30:00-05:00,16.639999389648438,16.648000717163086,16.610000610351562,16.648000717163086,611,0.0,0.0,0.0,AMYY,5m
2026-03-05 10:35:00-05:00,16.6299991607666,16.6299991607666,16.6299991607666,16.6299991607666,101,0.0,0.0,0.0,AMYY,5m
2026-03-05 10:45:00-05:00,16.709999084472656,16.709999084472656,16.709999084472656,16.709999084472656,200,0.0,0.0,0.0,AMYY,5m
2026-03-05 11:00:00-05:00,16.75,16.75,16.75,16.75,106,0.0,0.0,0.0,AMYY,5m
2026-03-05 11:25:00-05:00,16.690000534057617,16.690000534057617,16.690000534057617,16.690000534057617,103,0.0,0.0,0.0,AMYY,5m
2026-03-05 11:40:00-05:00,16.701900482177734,16.701900482177734,16.701900482177734,16.701900482177734,437,0.0,0.0,0.0,AMYY,5m
2026-03-05 12:00:00-05:00,16.729900360107422,16.729900360107422,16.729900360107422,16.729900360107422,684,0.0,0.0,0.0,AMYY,5m
2026-03-05 12:10:00-05:00,16.719999313354492,16.719999313354492,16.719999313354492,16.719999313354492,1290,0.0,0.0,0.0,AMYY,5m
2026-03-05 12:35:00-05:00,16.549999237060547,16.549999237060547,16.549999237060547,16.549999237060547,201,0.0,0.0,0.0,AMYY,5m
2026-03-05 12:40:00-05:00,16.540000915527344,16.540000915527344,16.540000915527344,16.540000915527344,351,0.0,0.0,0.0,AMYY,5m
2026-03-05 13:20:00-05:00,16.416400909423828,16.416400909423828,16.416400909423828,16.416400909423828,826,0.0,0.0,0.0,AMYY,5m
2026-03-05 13:30:00-05:00,16.42009925842285,16.42009925842285,16.42009925842285,16.42009925842285,1029,0.0,0.0,0.0,AMYY,5m
2026-03-05 14:05:00-05:00,16.489900588989258,16.489900588989258,16.469999313354492,16.469999313354492,368,0.0,0.0,0.0,AMYY,5m
2026-03-05 14:30:00-05:00,16.420000076293945,16.420000076293945,16.399999618530273,16.399999618530273,285,0.0,0.0,0.0,AMYY,5m
2026-03-05 14:40:00-05:00,16.415000915527344,16.415000915527344,16.415000915527344,16.415000915527344,146,0.0,0.0,0.0,AMYY,5m
2026-03-05 15:00:00-05:00,16.420000076293945,16.45989990234375,16.420000076293945,16.45989990234375,2434,0.0,0.0,0.0,AMYY,5m
2026-03-05 15:05:00-05:00,16.440099716186523,16.440099716186523,16.440099716186523,16.440099716186523,142,0.0,0.0,0.0,AMYY,5m
2026-03-05 15:10:00-05:00,16.629899978637695,16.629899978637695,16.510000228881836,16.510000228881836,540,0.0,0.0,0.0,AMYY,5m
2026-03-05 15:15:00-05:00,16.520000457763672,16.520000457763672,16.520000457763672,16.520000457763672,389,0.0,0.0,0.0,AMYY,5m
2026-03-06 09:30:00-05:00,16.18000030517578,16.200000762939453,16.15999984741211,16.200000762939453,927,0.317,0.0,0.0,AMYY,5m
2026-03-06 09:35:00-05:00,16.219999313354492,16.219999313354492,16.065200805664062,16.065200805664062,585,0.0,0.0,0.0,AMYY,5m
2026-03-06 09:40:00-05:00,16.184999465942383,16.184999465942383,16.11050033569336,16.11050033569336,1131,0.0,0.0,0.0,AMYY,5m
2026-03-06 09:55:00-05:00,16.059999465942383,16.084999084472656,16.059999465942383,16.084999084472656,1357,0.0,0.0,0.0,AMYY,5m
2026-03-06 10:00:00-05:00,16.174999237060547,16.19499969482422,16.174999237060547,16.19499969482422,2534,0.0,0.0,0.0,AMYY,5m
2026-03-06 10:20:00-05:00,16.280000686645508,16.280000686645508,16.280000686645508,16.280000686645508,226,0.0,0.0,0.0,AMYY,5m
2026-03-06 10:25:00-05:00,16.2549991607666,16.26959991455078,16.2549991607666,16.26959991455078,277,0.0,0.0,0.0,AMYY,5m
2026-03-06 10:30:00-05:00,16.25,16.25,16.25,16.25,544,0.0,0.0,0.0,AMYY,5m
2026-03-06 10:50:00-05:00,16.209999084472656,16.209999084472656,16.209999084472656,16.209999084472656,133,0.0,0.0,0.0,AMYY,5m
2026-03-06 10:55:00-05:00,16.280000686645508,16.280000686645508,16.280000686645508,16.280000686645508,186,0.0,0.0,0.0,AMYY,5m
2026-03-06 11:05:00-05:00,16.329999923706055,16.329999923706055,16.280099868774414,16.280099868774414,2442,0.0,0.0,0.0,AMYY,5m
2026-03-06 11:25:00-05:00,16.270000457763672,16.274999618530273,16.250999450683594,16.274999618530273,1063,0.0,0.0,0.0,AMYY,5m
2026-03-06 12:30:00-05:00,16.299999237060547,16.299999237060547,16.299999237060547,16.299999237060547,248,0.0,0.0,0.0,AMYY,5m
2026-03-06 13:30:00-05:00,16.225000381469727,16.225000381469727,16.225000381469727,16.225000381469727,435,0.0,0.0,0.0,AMYY,5m
2026-03-06 15:10:00-05:00,16.0,16.0,16.0,16.0,1494,0.0,0.0,0.0,AMYY,5m
2026-03-06 15:35:00-05:00,15.809900283813477,15.809900283813477,15.809900283813477,15.809900283813477,344,0.0,0.0,0.0,AMYY,5m
2026-03-06 15:40:00-05:00,15.779999732971191,15.78499984741211,15.779999732971191,15.78499984741211,429,0.0,0.0,0.0,AMYY,5m
2026-03-06 15:50:00-05:00,15.800000190734863,15.835800170898438,15.800000190734863,15.835800170898438,859,0.0,0.0,0.0,AMYY,5m
2026-03-09 09:30:00-04:00,15.609999656677246,15.694999694824219,15.609999656677246,15.694999694824219,1633,0.0,0.0,0.0,AMYY,5m
2026-03-09 09:35:00-04:00,15.722000122070312,15.722000122070312,15.5600004196167,15.579999923706055,7576,0.0,0.0,0.0,AMYY,5m
2026-03-09 09:40:00-04:00,15.630000114440918,15.630000114440918,15.619999885559082,15.619999885559082,662,0.0,0.0,0.0,AMYY,5m
2026-03-09 10:00:00-04:00,15.670000076293945,15.699999809265137,15.670000076293945,15.699999809265137,341,0.0,0.0,0.0,AMYY,5m
2026-03-09 10:10:00-04:00,15.619999885559082,15.619999885559082,15.609999656677246,15.609999656677246,731,0.0,0.0,0.0,AMYY,5m
2026-03-09 10:15:00-04:00,15.65999984741211,15.680000305175781,15.65999984741211,15.680000305175781,313,0.0,0.0,0.0,AMYY,5m
2026-03-09 10:30:00-04:00,15.670000076293945,15.67020034790039,15.65999984741211,15.65999984741211,2172,0.0,0.0,0.0,AMYY,5m
2026-03-09 11:00:00-04:00,15.729999542236328,15.729999542236328,15.729999542236328,15.729999542236328,706,0.0,0.0,0.0,AMYY,5m
2026-03-09 11:05:00-04:00,15.729999542236328,15.729999542236328,15.729999542236328,15.729999542236328,42,0.0,0.0,0.0,AMYY,5m
2026-03-09 11:10:00-04:00,15.75,15.75,15.75,15.75,328,0.0,0.0,0.0,AMYY,5m
2026-03-09 11:20:00-04:00,15.805000305175781,15.805000305175781,15.805000305175781,15.805000305175781,644,0.0,0.0,0.0,AMYY,5m
2026-03-09 11:40:00-04:00,15.770000457763672,15.770000457763672,15.770000457763672,15.770000457763672,831,0.0,0.0,0.0,AMYY,5m
2026-03-09 12:50:00-04:00,15.890000343322754,15.890000343322754,15.890000343322754,15.890000343322754,232,0.0,0.0,0.0,AMYY,5m
2026-03-09 13:00:00-04:00,15.869999885559082,15.869999885559082,15.829999923706055,15.829999923706055,1119,0.0,0.0,0.0,AMYY,5m
2026-03-09 13:15:00-04:00,15.854999542236328,15.854999542236328,15.854999542236328,15.854999542236328,322,0.0,0.0,0.0,AMYY,5m
2026-03-09 13:45:00-04:00,15.839900016784668,15.84000015258789,15.839900016784668,15.84000015258789,241,0.0,0.0,0.0,AMYY,5m
2026-03-09 13:50:00-04:00,15.879899978637695,15.879899978637695,15.879899978637695,15.879899978637695,564,0.0,0.0,0.0,AMYY,5m
2026-03-09 14:15:00-04:00,15.910499572753906,15.914999961853027,15.910499572753906,15.914999961853027,903,0.0,0.0,0.0,AMYY,5m
2026-03-09 15:10:00-04:00,15.880000114440918,15.880000114440918,15.880000114440918,15.880000114440918,225,0.0,0.0,0.0,AMYY,5m
2026-03-09 15:25:00-04:00,16.020999908447266,16.03019905090332,16.020999908447266,16.03019905090332,1433,0.0,0.0,0.0,AMYY,5m
2026-03-09 15:30:00-04:00,16.079999923706055,16.079999923706055,16.079999923706055,16.079999923706055,284,0.0,0.0,0.0,AMYY,5m
2026-03-09 15:35:00-04:00,16.084999084472656,16.084999084472656,16.084999084472656,16.084999084472656,170,0.0,0.0,0.0,AMYY,5m
2026-03-09 15:55:00-04:00,16.086000442504883,16.086000442504883,16.086000442504883,16.086000442504883,556,0.0,0.0,0.0,AMYY,5m
2026-03-10 09:30:00-04:00,16.1299991607666,16.170000076293945,16.1299991607666,16.170000076293945,728,0.0,0.0,0.0,AMYY,5m
2026-03-10 09:50:00-04:00,16.190000534057617,16.190000534057617,16.190000534057617,16.190000534057617,1031,0.0,0.0,0.0,AMYY,5m
2026-03-10 09:55:00-04:00,16.155000686645508,16.155000686645508,16.155000686645508,16.155000686645508,1628,0.0,0.0,0.0,AMYY,5m
2026-03-10 10:25:00-04:00,16.159700393676758,16.163799285888672,16.159700393676758,16.163799285888672,331,0.0,0.0,0.0,AMYY,5m
2026-03-10 10:35:00-04:00,16.18000030517578,16.18000030517578,16.18000030517578,16.18000030517578,270,0.0,0.0,0.0,AMYY,5m
2026-03-10 10:50:00-04:00,16.200000762939453,16.200000762939453,16.200000762939453,16.200000762939453,227,0.0,0.0,0.0,AMYY,5m
2026-03-10 11:05:00-04:00,16.209999084472656,16.209999084472656,16.209999084472656,16.209999084472656,800,0.0,0.0,0.0,AMYY,5m
2026-03-10 11:10:00-04:00,16.219999313354492,16.219999313354492,16.219999313354492,16.219999313354492,0,0.0,0.0,0.0,AMYY,5m
2026-03-10 11:15:00-04:00,16.2101993560791,16.2101993560791,16.20680046081543,16.20680046081543,881,0.0,0.0,0.0,AMYY,5m
2026-03-10 11:55:00-04:00,16.18000030517578,16.180099487304688,16.18000030517578,16.180099487304688,5580,0.0,0.0,0.0,AMYY,5m
2026-03-10 12:10:00-04:00,16.195899963378906,16.195899963378906,16.195899963378906,16.195899963378906,386,0.0,0.0,0.0,AMYY,5m
2026-03-10 12:20:00-04:00,16.195899963378906,16.195899963378906,16.184999465942383,16.184999465942383,346,0.0,0.0,0.0,AMYY,5m
2026-03-10 12:25:00-04:00,16.184999465942383,16.184999465942383,16.184999465942383,16.184999465942383,277,0.0,0.0,0.0,AMYY,5m
2026-03-10 12:30:00-04:00,16.199499130249023,16.199499130249023,16.199499130249023,16.199499130249023,200,0.0,0.0,0.0,AMYY,5m
2026-03-10 12:35:00-04:00,16.19499969482422,16.209800720214844,16.19499969482422,16.209800720214844,1526,0.0,0.0,0.0,AMYY,5m
2026-03-10 13:05:00-04:00,16.219999313354492,16.219999313354492,16.219999313354492,16.219999313354492,306,0.0,0.0,0.0,AMYY,5m
2026-03-10 13:35:00-04:00,16.19540023803711,16.19540023803711,16.19540023803711,16.19540023803711,515,0.0,0.0,0.0,AMYY,5m
2026-03-10 14:10:00-04:00,16.170000076293945,16.170000076293945,16.15999984741211,16.15999984741211,300,0.0,0.0,0.0,AMYY,5m
2026-03-10 14:15:00-04:00,16.15999984741211,16.15999984741211,16.15999984741211,16.15999984741211,41,0.0,0.0,0.0,AMYY,5m
2026-03-10 14:20:00-04:00,16.139999389648438,16.139999389648438,16.139999389648438,16.139999389648438,232,0.0,0.0,0.0,AMYY,5m
2026-03-10 14:30:00-04:00,16.18000030517578,16.18000030517578,16.18000030517578,16.18000030517578,291,0.0,0.0,0.0,AMYY,5m
2026-03-10 14:50:00-04:00,16.16349983215332,16.16349983215332,16.16349983215332,16.16349983215332,677,0.0,0.0,0.0,AMYY,5m
2026-03-10 15:15:00-04:00,16.187999725341797,16.187999725341797,16.187999725341797,16.187999725341797,247,0.0,0.0,0.0,AMYY,5m
2026-03-10 15:20:00-04:00,16.18000030517578,16.18000030517578,16.18000030517578,16.18000030517578,505,0.0,0.0,0.0,AMYY,5m
2026-03-10 15:55:00-04:00,16.163999557495117,16.163999557495117,16.163999557495117,16.163999557495117,268,0.0,0.0,0.0,AMYY,5m
2026-03-11 09:40:00-04:00,16.329700469970703,16.329700469970703,16.329700469970703,16.329700469970703,543,0.0,0.0,0.0,AMYY,5m
2026-03-11 09:45:00-04:00,16.299999237060547,16.309999465942383,16.299999237060547,16.309999465942383,1001,0.0,0.0,0.0,AMYY,5m
2026-03-11 09:50:00-04:00,16.274999618530273,16.274999618530273,16.274999618530273,16.274999618530273,436,0.0,0.0,0.0,AMYY,5m
2026-03-11 10:00:00-04:00,16.329999923706055,16.34000015258789,16.329999923706055,16.34000015258789,3601,0.0,0.0,0.0,AMYY,5m
2026-03-11 11:10:00-04:00,16.270000457763672,16.280000686645508,16.270000457763672,16.280000686645508,494,0.0,0.0,0.0,AMYY,5m
2026-03-11 11:40:00-04:00,16.311800003051758,16.311800003051758,16.311800003051758,16.311800003051758,244,0.0,0.0,0.0,AMYY,5m
2026-03-11 11:45:00-04:00,16.318300247192383,16.318300247192383,16.318300247192383,16.318300247192383,216,0.0,0.0,0.0,AMYY,5m
2026-03-11 11:55:00-04:00,16.270099639892578,16.270099639892578,16.270099639892578,16.270099639892578,205,0.0,0.0,0.0,AMYY,5m
2026-03-11 12:15:00-04:00,16.29990005493164,16.29990005493164,16.29990005493164,16.29990005493164,140,0.0,0.0,0.0,AMYY,5m
2026-03-11 12:20:00-04:00,16.290000915527344,16.290000915527344,16.290000915527344,16.290000915527344,299,0.0,0.0,0.0,AMYY,5m
2026-03-11 12:35:00-04:00,16.32990074157715,16.32990074157715,16.280000686645508,16.280000686645508,608,0.0,0.0,0.0,AMYY,5m
2026-03-11 12:55:00-04:00,16.280000686645508,16.280000686645508,16.280000686645508,16.280000686645508,204,0.0,0.0,0.0,AMYY,5m
2026-03-11 13:00:00-04:00,16.290000915527344,16.290000915527344,16.290000915527344,16.290000915527344,597,0.0,0.0,0.0,AMYY,5m
2026-03-11 13:30:00-04:00,16.329999923706055,16.329999923706055,16.32990074157715,16.32990074157715,1031,0.0,0.0,0.0,AMYY,5m
2026-03-11 14:00:00-04:00,16.290000915527344,16.290000915527344,16.290000915527344,16.290000915527344,247,0.0,0.0,0.0,AMYY,5m
2026-03-11 14:20:00-04:00,16.295000076293945,16.295000076293945,16.295000076293945,16.295000076293945,786,0.0,0.0,0.0,AMYY,5m
2026-03-11 14:45:00-04:00,16.309999465942383,16.309999465942383,16.309999465942383,16.309999465942383,796,0.0,0.0,0.0,AMYY,5m
2026-03-11 14:55:00-04:00,16.20599937438965,16.20599937438965,16.20599937438965,16.20599937438965,342,0.0,0.0,0.0,AMYY,5m
2026-03-11 15:10:00-04:00,16.323999404907227,16.327999114990234,16.323999404907227,16.323999404907227,7936,0.0,0.0,0.0,AMYY,5m
2026-03-11 15:15:00-04:00,16.322500228881836,16.34000015258789,16.280000686645508,16.280000686645508,2430,0.0,0.0,0.0,AMYY,5m
2026-03-11 15:25:00-04:00,16.315000534057617,16.315000534057617,16.315000534057617,16.315000534057617,301,0.0,0.0,0.0,AMYY,5m
2026-03-11 15:35:00-04:00,16.329999923706055,16.329999923706055,16.329999923706055,16.329999923706055,312,0.0,0.0,0.0,AMYY,5m
2026-03-11 15:45:00-04:00,16.309999465942383,16.309999465942383,16.309999465942383,16.309999465942383,349,0.0,0.0,0.0,AMYY,5m
2026-03-12 09:30:00-04:00,16.239999771118164,16.270000457763672,16.219999313354492,16.270000457763672,2470,0.0,0.0,0.0,AMYY,5m
2026-03-12 09:50:00-04:00,16.15999984741211,16.15999984741211,16.15999984741211,16.15999984741211,111,0.0,0.0,0.0,AMYY,5m
2026-03-12 09:55:00-04:00,16.139999389648438,16.139999389648438,16.139999389648438,16.139999389648438,461,0.0,0.0,0.0,AMYY,5m
2026-03-12 10:10:00-04:00,16.184999465942383,16.184999465942383,16.184999465942383,16.184999465942383,437,0.0,0.0,0.0,AMYY,5m
2026-03-12 10:30:00-04:00,16.1299991607666,16.1299991607666,16.1299991607666,16.1299991607666,323,0.0,0.0,0.0,AMYY,5m
2026-03-12 10:45:00-04:00,16.139999389648438,16.139999389648438,16.139999389648438,16.139999389648438,493,0.0,0.0,0.0,AMYY,5m
2026-03-12 11:35:00-04:00,16.139999389648438,16.15999984741211,16.1200008392334,16.15999984741211,1982,0.0,0.0,0.0,AMYY,5m
2026-03-12 11:40:00-04:00,16.170000076293945,16.18000030517578,16.170000076293945,16.18000030517578,109,0.0,0.0,0.0,AMYY,5m
2026-03-12 12:05:00-04:00,16.149999618530273,16.149999618530273,16.149999618530273,16.149999618530273,400,0.0,0.0,0.0,AMYY,5m
2026-03-12 12:10:00-04:00,16.140100479125977,16.140100479125977,16.140100479125977,16.140100479125977,20,0.0,0.0,0.0,AMYY,5m
2026-03-12 12:15:00-04:00,16.200000762939453,16.204999923706055,16.190000534057617,16.190000534057617,6070,0.0,0.0,0.0,AMYY,5m
2026-03-12 12:35:00-04:00,16.19499969482422,16.19499969482422,16.19499969482422,16.19499969482422,275,0.0,0.0,0.0,AMYY,5m
2026-03-12 13:25:00-04:00,16.179899215698242,16.184999465942383,16.139999389648438,16.139999389648438,5155,0.0,0.0,0.0,AMYY,5m
2026-03-12 13:55:00-04:00,16.1299991607666,16.170000076293945,16.1299991607666,16.1299991607666,4663,0.0,0.0,0.0,AMYY,5m
2026-03-12 14:00:00-04:00,16.165300369262695,16.165300369262695,16.165300369262695,16.165300369262695,210,0.0,0.0,0.0,AMYY,5m
2026-03-12 14:20:00-04:00,16.149999618530273,16.169700622558594,16.149999618530273,16.169700622558594,232,0.0,0.0,0.0,AMYY,5m
2026-03-12 14:25:00-04:00,16.154699325561523,16.154699325561523,16.154699325561523,16.154699325561523,644,0.0,0.0,0.0,AMYY,5m
2026-03-12 14:50:00-04:00,16.145000457763672,16.145000457763672,16.145000457763672,16.145000457763672,131,0.0,0.0,0.0,AMYY,5m
2026-03-12 15:10:00-04:00,16.1299991607666,16.1299991607666,16.1299991607666,16.1299991607666,407,0.0,0.0,0.0,AMYY,5m
2026-03-12 15:55:00-04:00,16.1200008392334,16.1200008392334,16.1200008392334,16.1200008392334,210,0.0,0.0,0.0,AMYY,5m
2026-03-13 09:30:00-04:00,15.829999923706055,15.829999923706055,15.829999923706055,15.829999923706055,383,0.31,0.0,0.0,AMYY,5m
2026-03-13 09:35:00-04:00,15.829999923706055,15.829999923706055,15.829999923706055,15.829999923706055,263,0.0,0.0,0.0,AMYY,5m
2026-03-13 10:40:00-04:00,15.835000038146973,15.835000038146973,15.829999923706055,15.835000038146973,604,0.0,0.0,0.0,AMYY,5m
2026-03-13 11:05:00-04:00,15.77649974822998,15.77649974822998,15.77649974822998,15.77649974822998,385,0.0,0.0,0.0,AMYY,5m
2026-03-13 12:00:00-04:00,15.720000267028809,15.720000267028809,15.720000267028809,15.720000267028809,983,0.0,0.0,0.0,AMYY,5m
2026-03-13 12:30:00-04:00,15.729999542236328,15.729999542236328,15.729999542236328,15.729999542236328,200,0.0,0.0,0.0,AMYY,5m
2026-03-13 12:40:00-04:00,15.725000381469727,15.725000381469727,15.725000381469727,15.725000381469727,102,0.0,0.0,0.0,AMYY,5m
2026-03-13 13:00:00-04:00,15.706000328063965,15.706000328063965,15.706000328063965,15.706000328063965,146,0.0,0.0,0.0,AMYY,5m
2026-03-13 13:25:00-04:00,15.75,15.75,15.75,15.75,205,0.0,0.0,0.0,AMYY,5m
2026-03-13 13:30:00-04:00,15.760000228881836,15.760000228881836,15.760000228881836,15.760000228881836,132,0.0,0.0,0.0,AMYY,5m
2026-03-13 13:40:00-04:00,15.748000144958496,15.748000144958496,15.748000144958496,15.748000144958496,101,0.0,0.0,0.0,AMYY,5m
2026-03-13 14:05:00-04:00,15.719400405883789,15.719400405883789,15.719400405883789,15.719400405883789,390,0.0,0.0,0.0,AMYY,5m
2026-03-13 14:10:00-04:00,15.720000267028809,15.720000267028809,15.720000267028809,15.720000267028809,171,0.0,0.0,0.0,AMYY,5m
2026-03-13 14:20:00-04:00,15.710000038146973,15.710000038146973,15.710000038146973,15.710000038146973,235,0.0,0.0,0.0,AMYY,5m
2026-03-13 15:05:00-04:00,15.684300422668457,15.720000267028809,15.684300422668457,15.720000267028809,511,0.0,0.0,0.0,AMYY,5m
2026-03-13 15:40:00-04:00,15.6899995803833,15.6899995803833,15.6899995803833,15.6899995803833,4342,0.0,0.0,0.0,AMYY,5m
2026-03-13 15:55:00-04:00,15.753999710083008,15.753999710083008,15.753999710083008,15.753999710083008,420,0.0,0.0,0.0,AMYY,5m
2026-03-16 09:30:00-04:00,15.890000343322754,15.890000343322754,15.890000343322754,15.890000343322754,285,0.0,0.0,0.0,AMYY,5m
2026-03-16 09:45:00-04:00,15.880000114440918,15.880000114440918,15.880000114440918,15.880000114440918,145,0.0,0.0,0.0,AMYY,5m
2026-03-16 09:55:00-04:00,15.899999618530273,15.899999618530273,15.899999618530273,15.899999618530273,325,0.0,0.0,0.0,AMYY,5m
2026-03-16 10:35:00-04:00,15.880000114440918,15.880000114440918,15.880000114440918,15.880000114440918,192,0.0,0.0,0.0,AMYY,5m
2026-03-16 11:50:00-04:00,15.989999771118164,15.989999771118164,15.989999771118164,15.989999771118164,376,0.0,0.0,0.0,AMYY,5m
2026-03-16 11:55:00-04:00,15.994999885559082,15.994999885559082,15.994999885559082,15.994999885559082,157,0.0,0.0,0.0,AMYY,5m
2026-03-16 12:15:00-04:00,15.949999809265137,15.96969985961914,15.949999809265137,15.96969985961914,2035,0.0,0.0,0.0,AMYY,5m
2026-03-16 12:50:00-04:00,15.96500015258789,15.96500015258789,15.96500015258789,15.96500015258789,300,0.0,0.0,0.0,AMYY,5m
2026-03-16 13:05:00-04:00,15.960000038146973,15.960000038146973,15.960000038146973,15.960000038146973,200,0.0,0.0,0.0,AMYY,5m
2026-03-16 13:10:00-04:00,15.946499824523926,15.946499824523926,15.946499824523926,15.946499824523926,79,0.0,0.0,0.0,AMYY,5m
2026-03-16 13:25:00-04:00,15.979900360107422,15.979900360107422,15.979900360107422,15.979900360107422,273,0.0,0.0,0.0,AMYY,5m
2026-03-16 13:55:00-04:00,15.970000267028809,15.970000267028809,15.970000267028809,15.970000267028809,150,0.0,0.0,0.0,AMYY,5m
2026-03-16 14:10:00-04:00,16.0,16.0,16.0,16.0,205,0.0,0.0,0.0,AMYY,5m
2026-03-16 14:55:00-04:00,15.9399995803833,15.9399995803833,15.9399995803833,15.9399995803833,226,0.0,0.0,0.0,AMYY,5m
2026-03-16 15:35:00-04:00,15.885000228881836,15.88539981842041,15.869999885559082,15.869999885559082,1825,0.0,0.0,0.0,AMYY,5m
2026-03-16 15:55:00-04:00,15.854999542236328,15.854999542236328,15.854999542236328,15.854999542236328,172,0.0,0.0,0.0,AMYY,5m
2026-03-17 09:30:00-04:00,15.84000015258789,15.84000015258789,15.84000015258789,15.84000015258789,407,0.0,0.0,0.0,AMYY,5m
2026-03-17 09:40:00-04:00,15.869999885559082,15.869999885559082,15.84000015258789,15.84000015258789,7708,0.0,0.0,0.0,AMYY,5m
2026-03-17 09:50:00-04:00,15.979900360107422,15.979900360107422,15.979900360107422,15.979900360107422,231,0.0,0.0,0.0,AMYY,5m
2026-03-17 10:40:00-04:00,15.970000267028809,15.970000267028809,15.970000267028809,15.970000267028809,338,0.0,0.0,0.0,AMYY,5m
2026-03-17 11:05:00-04:00,15.90999984741211,15.92490005493164,15.899999618530273,15.900099754333496,1248,0.0,0.0,0.0,AMYY,5m
2026-03-17 11:15:00-04:00,15.875100135803223,15.875100135803223,15.875100135803223,15.875100135803223,132,0.0,0.0,0.0,AMYY,5m
2026-03-17 11:20:00-04:00,15.840100288391113,15.840100288391113,15.840100288391113,15.840100288391113,200,0.0,0.0,0.0,AMYY,5m
2026-03-17 11:30:00-04:00,15.835000038146973,15.835000038146973,15.835000038146973,15.835000038146973,36,0.0,0.0,0.0,AMYY,5m
2026-03-17 11:35:00-04:00,15.829999923706055,15.829999923706055,15.829999923706055,15.829999923706055,610,0.0,0.0,0.0,AMYY,5m
2026-03-17 14:25:00-04:00,15.820099830627441,15.820099830627441,15.820099830627441,15.820099830627441,169,0.0,0.0,0.0,AMYY,5m
2026-03-17 14:55:00-04:00,15.849900245666504,15.849900245666504,15.84000015258789,15.84000015258789,407,0.0,0.0,0.0,AMYY,5m
2026-03-17 15:00:00-04:00,15.838299751281738,15.838299751281738,15.838299751281738,15.838299751281738,4325,0.0,0.0,0.0,AMYY,5m
2026-03-17 15:15:00-04:00,15.829999923706055,15.829999923706055,15.829999923706055,15.829999923706055,0,0.0,0.0,0.0,AMYY,5m
2026-03-17 15:35:00-04:00,15.824999809265137,15.824999809265137,15.824999809265137,15.824999809265137,175,0.0,0.0,0.0,AMYY,5m
2026-03-17 15:50:00-04:00,15.824999809265137,15.824999809265137,15.824999809265137,15.824999809265137,401,0.0,0.0,0.0,AMYY,5m
2026-03-17 15:55:00-04:00,15.824999809265137,15.824999809265137,15.824999809265137,15.824999809265137,276,0.0,0.0,0.0,AMYY,5m
2026-03-18 09:30:00-04:00,15.770000457763672,15.770000457763672,15.770000457763672,15.770000457763672,840,0.0,0.0,0.0,AMYY,5m
2026-03-18 09:45:00-04:00,15.90999984741211,15.920000076293945,15.909899711608887,15.909899711608887,723,0.0,0.0,0.0,AMYY,5m
2026-03-18 10:00:00-04:00,16.0,16.0,16.0,16.0,439,0.0,0.0,0.0,AMYY,5m
2026-03-18 10:20:00-04:00,15.989999771118164,15.989999771118164,15.989999771118164,15.989999771118164,126,0.0,0.0,0.0,AMYY,5m
2026-03-18 10:35:00-04:00,15.920000076293945,15.92710018157959,15.920000076293945,15.927000045776367,6494,0.0,0.0,0.0,AMYY,5m
2026-03-18 10:40:00-04:00,15.899999618530273,15.899999618530273,15.899999618530273,15.899999618530273,0,0.0,0.0,0.0,AMYY,5m
2026-03-18 10:45:00-04:00,15.910200119018555,15.910200119018555,15.90999984741211,15.910099983215332,401,0.0,0.0,0.0,AMYY,5m
2026-03-18 10:50:00-04:00,15.890000343322754,15.920100212097168,15.890000343322754,15.920100212097168,5034,0.0,0.0,0.0,AMYY,5m
2026-03-18 10:55:00-04:00,15.930000305175781,15.930100440979004,15.930000305175781,15.930100440979004,701,0.0,0.0,0.0,AMYY,5m
2026-03-18 11:05:00-04:00,16.059900283813477,16.059900283813477,16.059900283813477,16.059900283813477,381,0.0,0.0,0.0,AMYY,5m
2026-03-18 11:35:00-04:00,15.989999771118164,15.989999771118164,15.989999771118164,15.989999771118164,324,0.0,0.0,0.0,AMYY,5m
2026-03-18 11:50:00-04:00,16.014999389648438,16.014999389648438,16.014999389648438,16.014999389648438,107,0.0,0.0,0.0,AMYY,5m
2026-03-18 11:55:00-04:00,16.059999465942383,16.059999465942383,16.038000106811523,16.038000106811523,787,0.0,0.0,0.0,AMYY,5m
2026-03-18 13:40:00-04:00,16.014999389648438,16.014999389648438,16.014999389648438,16.014999389648438,376,0.0,0.0,0.0,AMYY,5m
2026-03-18 14:15:00-04:00,16.1200008392334,16.135000228881836,16.1200008392334,16.135000228881836,4945,0.0,0.0,0.0,AMYY,5m
2026-03-18 14:45:00-04:00,16.059999465942383,16.059999465942383,16.010000228881836,16.010000228881836,599,0.0,0.0,0.0,AMYY,5m
2026-03-18 14:55:00-04:00,15.970000267028809,15.970000267028809,15.970000267028809,15.970000267028809,102,0.0,0.0,0.0,AMYY,5m
2026-03-18 15:20:00-04:00,15.944600105285645,15.944600105285645,15.944600105285645,15.944600105285645,100,0.0,0.0,0.0,AMYY,5m
2026-03-18 15:25:00-04:00,15.944999694824219,15.944999694824219,15.920000076293945,15.920000076293945,5601,0.0,0.0,0.0,AMYY,5m
2026-03-18 15:55:00-04:00,15.930000305175781,15.959500312805176,15.930000305175781,15.9350004196167,0,0.0,0.0,0.0,AMYY,5m
2026-03-19 09:30:00-04:00,15.760000228881836,15.760000228881836,15.649999618530273,15.649999618530273,1298,0.0,0.0,0.0,AMYY,5m
2026-03-19 09:35:00-04:00,15.680000305175781,15.680000305175781,15.680000305175781,15.680000305175781,69,0.0,0.0,0.0,AMYY,5m
2026-03-19 09:45:00-04:00,15.690600395202637,15.690600395202637,15.690600395202637,15.690600395202637,107,0.0,0.0,0.0,AMYY,5m
2026-03-19 09:50:00-04:00,15.789999961853027,15.789999961853027,15.789999961853027,15.789999961853027,2034,0.0,0.0,0.0,AMYY,5m
2026-03-19 12:15:00-04:00,15.920499801635742,15.920499801635742,15.920499801635742,15.920499801635742,596,0.0,0.0,0.0,AMYY,5m
2026-03-19 13:05:00-04:00,15.930000305175781,15.930000305175781,15.930000305175781,15.930000305175781,248,0.0,0.0,0.0,AMYY,5m
2026-03-19 13:20:00-04:00,15.920000076293945,15.920000076293945,15.920000076293945,15.920000076293945,237,0.0,0.0,0.0,AMYY,5m
2026-03-19 13:35:00-04:00,15.9399995803833,15.9399995803833,15.9399995803833,15.9399995803833,656,0.0,0.0,0.0,AMYY,5m
2026-03-19 13:50:00-04:00,15.961999893188477,15.961999893188477,15.961999893188477,15.961999893188477,395,0.0,0.0,0.0,AMYY,5m
2026-03-19 14:15:00-04:00,16.010000228881836,16.010000228881836,16.0049991607666,16.0049991607666,1411,0.0,0.0,0.0,AMYY,5m
2026-03-19 15:55:00-04:00,16.030000686645508,16.030000686645508,16.020000457763672,16.020000457763672,540,0.0,0.0,0.0,AMYY,5m
2026-03-20 09:30:00-04:00,15.819999694824219,15.84000015258789,15.789999961853027,15.8100004196167,1249,0.242,0.0,0.0,AMYY,5m
2026-03-20 09:40:00-04:00,15.8100004196167,15.8100004196167,15.8100004196167,15.8100004196167,250,0.0,0.0,0.0,AMYY,5m
2026-03-20 09:45:00-04:00,15.84000015258789,15.84000015258789,15.84000015258789,15.84000015258789,327,0.0,0.0,0.0,AMYY,5m
2026-03-20 09:50:00-04:00,15.800000190734863,15.800000190734863,15.770000457763672,15.770000457763672,660,0.0,0.0,0.0,AMYY,5m
2026-03-20 10:10:00-04:00,15.774999618530273,15.774999618530273,15.774999618530273,15.774999618530273,336,0.0,0.0,0.0,AMYY,5m
2026-03-20 10:15:00-04:00,15.770000457763672,15.776200294494629,15.770000457763672,15.776200294494629,3294,0.0,0.0,0.0,AMYY,5m
2026-03-20 10:20:00-04:00,15.774999618530273,15.774999618530273,15.774999618530273,15.774999618530273,19,0.0,0.0,0.0,AMYY,5m
2026-03-20 10:40:00-04:00,15.759900093078613,15.759900093078613,15.759900093078613,15.759900093078613,523,0.0,0.0,0.0,AMYY,5m
2026-03-20 10:55:00-04:00,15.749500274658203,15.749500274658203,15.749500274658203,15.749500274658203,245,0.0,0.0,0.0,AMYY,5m
2026-03-20 11:10:00-04:00,15.779999732971191,15.779999732971191,15.779999732971191,15.779999732971191,121,0.0,0.0,0.0,AMYY,5m
2026-03-20 11:20:00-04:00,15.779999732971191,15.789999961853027,15.779999732971191,15.789999961853027,2559,0.0,0.0,0.0,AMYY,5m
2026-03-20 12:35:00-04:00,15.779999732971191,15.779999732971191,15.760000228881836,15.760000228881836,3273,0.0,0.0,0.0,AMYY,5m
2026-03-20 13:35:00-04:00,15.720000267028809,15.720000267028809,15.720000267028809,15.720000267028809,201,0.0,0.0,0.0,AMYY,5m
2026-03-20 13:40:00-04:00,15.720000267028809,15.720000267028809,15.720000267028809,15.720000267028809,650,0.0,0.0,0.0,AMYY,5m
2026-03-20 13:45:00-04:00,15.6899995803833,15.6899995803833,15.6899995803833,15.6899995803833,220,0.0,0.0,0.0,AMYY,5m
2026-03-20 14:05:00-04:00,15.710000038146973,15.710000038146973,15.710000038146973,15.710000038146973,201,0.0,0.0,0.0,AMYY,5m
2026-03-20 14:15:00-04:00,15.729999542236328,15.749899864196777,15.710000038146973,15.749899864196777,1809,0.0,0.0,0.0,AMYY,5m
2026-03-20 14:50:00-04:00,15.710000038146973,15.710000038146973,15.710000038146973,15.710000038146973,323,0.0,0.0,0.0,AMYY,5m
2026-03-20 15:35:00-04:00,15.712599754333496,15.712599754333496,15.712599754333496,15.712599754333496,692,0.0,0.0,0.0,AMYY,5m
2026-03-23 09:30:00-04:00,15.880000114440918,15.920000076293945,15.880000114440918,15.890000343322754,1089,0.0,0.0,0.0,AMYY,5m
2026-03-23 09:40:00-04:00,15.90999984741211,15.90999984741211,15.90999984741211,15.90999984741211,259,0.0,0.0,0.0,AMYY,5m
2026-03-23 09:55:00-04:00,15.949999809265137,15.960000038146973,15.949999809265137,15.960000038146973,379,0.0,0.0,0.0,AMYY,5m
2026-03-23 10:20:00-04:00,15.970000267028809,15.970000267028809,15.970000267028809,15.970000267028809,497,0.0,0.0,0.0,AMYY,5m
2026-03-23 11:00:00-04:00,15.970000267028809,15.970000267028809,15.970000267028809,15.970000267028809,228,0.0,0.0,0.0,AMYY,5m
2026-03-23 11:25:00-04:00,15.930100440979004,15.930100440979004,15.930100440979004,15.930100440979004,741,0.0,0.0,0.0,AMYY,5m
2026-03-23 11:35:00-04:00,15.930000305175781,15.930000305175781,15.90999984741211,15.914999961853027,1241,0.0,0.0,0.0,AMYY,5m
2026-03-23 11:50:00-04:00,15.835000038146973,15.835000038146973,15.835000038146973,15.835000038146973,348,0.0,0.0,0.0,AMYY,5m
2026-03-23 12:05:00-04:00,15.8149995803833,15.8149995803833,15.79010009765625,15.79010009765625,675,0.0,0.0,0.0,AMYY,5m
2026-03-23 12:50:00-04:00,15.839500427246094,15.839500427246094,15.839500427246094,15.839500427246094,500,0.0,0.0,0.0,AMYY,5m
2026-03-23 14:05:00-04:00,15.889900207519531,15.889900207519531,15.889900207519531,15.889900207519531,750,0.0,0.0,0.0,AMYY,5m
2026-03-23 14:15:00-04:00,15.890000343322754,15.890000343322754,15.890000343322754,15.890000343322754,289,0.0,0.0,0.0,AMYY,5m
2026-03-23 14:30:00-04:00,15.899999618530273,15.90999984741211,15.899999618530273,15.90999984741211,1101,0.0,0.0,0.0,AMYY,5m
2026-03-23 15:05:00-04:00,15.869999885559082,15.869999885559082,15.869999885559082,15.869999885559082,153,0.0,0.0,0.0,AMYY,5m
2026-03-23 15:15:00-04:00,15.869999885559082,15.869999885559082,15.84000015258789,15.84000015258789,798,0.0,0.0,0.0,AMYY,5m
2026-03-23 15:20:00-04:00,15.875,15.875,15.875,15.875,373,0.0,0.0,0.0,AMYY,5m
2026-03-23 15:55:00-04:00,15.829999923706055,15.829999923706055,15.824999809265137,15.824999809265137,465,0.0,0.0,0.0,AMYY,5m
2026-03-24 09:30:00-04:00,15.8100004196167,15.850000381469727,15.800000190734863,15.819999694824219,2209,0.0,0.0,0.0,AMYY,5m
2026-03-24 09:40:00-04:00,15.75,15.819999694824219,15.729999542236328,15.8100004196167,1237,0.0,0.0,0.0,AMYY,5m
2026-03-24 10:25:00-04:00,15.729999542236328,15.729999542236328,15.729999542236328,15.729999542236328,134,0.0,0.0,0.0,AMYY,5m
2026-03-24 10:30:00-04:00,15.774999618530273,15.774999618530273,15.774999618530273,15.774999618530273,405,0.0,0.0,0.0,AMYY,5m
2026-03-24 11:00:00-04:00,15.858599662780762,15.858599662780762,15.858599662780762,15.858599662780762,209,0.0,0.0,0.0,AMYY,5m
2026-03-24 11:30:00-04:00,15.909899711608887,15.909899711608887,15.909899711608887,15.909899711608887,110,0.0,0.0,0.0,AMYY,5m
2026-03-24 11:35:00-04:00,15.899999618530273,15.90999984741211,15.899999618530273,15.90999984741211,728,0.0,0.0,0.0,AMYY,5m
2026-03-24 12:00:00-04:00,15.859999656677246,15.859999656677246,15.859999656677246,15.859999656677246,244,0.0,0.0,0.0,AMYY,5m
2026-03-24 12:20:00-04:00,15.90999984741211,15.90999984741211,15.90999984741211,15.90999984741211,282,0.0,0.0,0.0,AMYY,5m
2026-03-24 12:30:00-04:00,15.899999618530273,15.899999618530273,15.899999618530273,15.899999618530273,152,0.0,0.0,0.0,AMYY,5m
2026-03-24 12:45:00-04:00,15.890000343322754,15.890000343322754,15.890000343322754,15.890000343322754,143,0.0,0.0,0.0,AMYY,5m
2026-03-24 12:55:00-04:00,15.829999923706055,15.829999923706055,15.829999923706055,15.829999923706055,121,0.0,0.0,0.0,AMYY,5m
2026-03-24 13:15:00-04:00,15.744999885559082,15.744999885559082,15.744999885559082,15.744999885559082,265,0.0,0.0,0.0,AMYY,5m
2026-03-24 13:55:00-04:00,15.880000114440918,15.890000343322754,15.880000114440918,15.890000343322754,200,0.0,0.0,0.0,AMYY,5m
2026-03-24 14:10:00-04:00,15.904999732971191,15.904999732971191,15.904999732971191,15.904999732971191,257,0.0,0.0,0.0,AMYY,5m
2026-03-24 15:00:00-04:00,15.970000267028809,15.970000267028809,15.970000267028809,15.970000267028809,1188,0.0,0.0,0.0,AMYY,5m
2026-03-24 15:35:00-04:00,15.920000076293945,15.920000076293945,15.920000076293945,15.920000076293945,399,0.0,0.0,0.0,AMYY,5m
2026-03-24 15:55:00-04:00,15.920299530029297,15.920299530029297,15.920000076293945,15.920000076293945,739,0.0,0.0,0.0,AMYY,5m
2026-03-25 09:30:00-04:00,16.059999465942383,16.100000381469727,16.059999465942383,16.081300735473633,549,0.0,0.0,0.0,AMYY,5m
2026-03-25 09:45:00-04:00,16.079999923706055,16.079999923706055,16.079999923706055,16.079999923706055,410,0.0,0.0,0.0,AMYY,5m
2026-03-25 09:50:00-04:00,16.079999923706055,16.079999923706055,16.079999923706055,16.079999923706055,202,0.0,0.0,0.0,AMYY,5m
2026-03-25 09:55:00-04:00,16.1200008392334,16.1200008392334,16.104999542236328,16.104999542236328,657,0.0,0.0,0.0,AMYY,5m
2026-03-25 10:45:00-04:00,16.110000610351562,16.110000610351562,16.110000610351562,16.110000610351562,208,0.0,0.0,0.0,AMYY,5m
2026-03-25 10:50:00-04:00,16.100000381469727,16.100000381469727,16.100000381469727,16.100000381469727,223,0.0,0.0,0.0,AMYY,5m
2026-03-25 11:40:00-04:00,16.100000381469727,16.100099563598633,16.100000381469727,16.100099563598633,1001,0.0,0.0,0.0,AMYY,5m
2026-03-25 12:15:00-04:00,16.109800338745117,16.109800338745117,16.109800338745117,16.109800338745117,257,0.0,0.0,0.0,AMYY,5m
2026-03-25 12:30:00-04:00,16.1200008392334,16.1200008392334,16.1200008392334,16.1200008392334,227,0.0,0.0,0.0,AMYY,5m
2026-03-25 13:10:00-04:00,16.100000381469727,16.100000381469727,16.100000381469727,16.100000381469727,541,0.0,0.0,0.0,AMYY,5m
2026-03-25 13:15:00-04:00,16.09000015258789,16.09000015258789,16.09000015258789,16.09000015258789,300,0.0,0.0,0.0,AMYY,5m
2026-03-25 13:20:00-04:00,16.09000015258789,16.09000015258789,16.09000015258789,16.09000015258789,4841,0.0,0.0,0.0,AMYY,5m
2026-03-26 09:30:00-04:00,16.100000381469727,16.1299991607666,16.100000381469727,16.1299991607666,669,0.0,0.0,0.0,AMYY,5m
2026-03-26 09:35:00-04:00,16.1200008392334,16.1200008392334,16.1200008392334,16.1200008392334,2154,0.0,0.0,0.0,AMYY,5m
2026-03-26 09:45:00-04:00,16.040000915527344,16.050199508666992,16.040000915527344,16.045000076293945,504,0.0,0.0,0.0,AMYY,5m
2026-03-26 10:00:00-04:00,16.03569984436035,16.03569984436035,16.020000457763672,16.020000457763672,403,0.0,0.0,0.0,AMYY,5m
2026-03-26 10:05:00-04:00,16.030000686645508,16.030000686645508,16.030000686645508,16.030000686645508,500,0.0,0.0,0.0,AMYY,5m
2026-03-26 10:25:00-04:00,16.010000228881836,16.010000228881836,15.979999542236328,15.979999542236328,1375,0.0,0.0,0.0,AMYY,5m
2026-03-26 11:40:00-04:00,15.850000381469727,15.850000381469727,15.850000381469727,15.850000381469727,183,0.0,0.0,0.0,AMYY,5m
2026-03-26 12:15:00-04:00,15.859999656677246,15.859999656677246,15.859999656677246,15.859999656677246,331,0.0,0.0,0.0,AMYY,5m
2026-03-26 13:10:00-04:00,15.809700012207031,15.809700012207031,15.789999961853027,15.789999961853027,281,0.0,0.0,0.0,AMYY,5m
2026-03-26 13:15:00-04:00,15.789999961853027,15.789999961853027,15.789999961853027,15.789999961853027,209,0.0,0.0,0.0,AMYY,5m
2026-03-26 13:20:00-04:00,15.805000305175781,15.805000305175781,15.805000305175781,15.805000305175781,332,0.0,0.0,0.0,AMYY,5m
2026-03-26 14:00:00-04:00,15.78499984741211,15.78499984741211,15.78499984741211,15.78499984741211,314,0.0,0.0,0.0,AMYY,5m
2026-03-26 14:45:00-04:00,15.765000343322754,15.779999732971191,15.765000343322754,15.779999732971191,383,0.0,0.0,0.0,AMYY,5m
2026-03-26 15:00:00-04:00,15.8100004196167,15.8100004196167,15.8100004196167,15.8100004196167,205,0.0,0.0,0.0,AMYY,5m
2026-03-26 15:05:00-04:00,15.760000228881836,15.760000228881836,15.75,15.75,301,0.0,0.0,0.0,AMYY,5m
2026-03-26 15:10:00-04:00,15.755000114440918,15.755000114440918,15.755000114440918,15.755000114440918,125,0.0,0.0,0.0,AMYY,5m
2026-03-26 15:55:00-04:00,15.75,15.75,15.75,15.75,348,0.0,0.0,0.0,AMYY,5m
2026-03-27 09:30:00-04:00,15.430000305175781,15.460000038146973,15.430000305175781,15.460000038146973,557,0.243,0.0,0.0,AMYY,5m
2026-03-27 09:35:00-04:00,15.390000343322754,15.444999694824219,15.370100021362305,15.444999694824219,4001,0.0,0.0,0.0,AMYY,5m
2026-03-27 09:40:00-04:00,15.40999984741211,15.40999984741211,15.380000114440918,15.380499839782715,576,0.0,0.0,0.0,AMYY,5m
2026-03-27 09:45:00-04:00,15.454999923706055,15.454999923706055,15.454999923706055,15.454999923706055,370,0.0,0.0,0.0,AMYY,5m
2026-03-27 09:50:00-04:00,15.300000190734863,15.300000190734863,15.270000457763672,15.270000457763672,5589,0.0,0.0,0.0,AMYY,5m
2026-03-27 11:25:00-04:00,15.319999694824219,15.319999694824219,15.319999694824219,15.319999694824219,333,0.0,0.0,0.0,AMYY,5m
2026-03-27 12:20:00-04:00,15.399999618530273,15.399999618530273,15.399999618530273,15.399999618530273,452,0.0,0.0,0.0,AMYY,5m
2026-03-27 14:10:00-04:00,15.410900115966797,15.420000076293945,15.410900115966797,15.420000076293945,267,0.0,0.0,0.0,AMYY,5m
2026-03-27 14:50:00-04:00,15.420100212097168,15.420100212097168,15.420100212097168,15.420100212097168,380,0.0,0.0,0.0,AMYY,5m
2026-03-27 15:55:00-04:00,15.479999542236328,15.479999542236328,15.479999542236328,15.479999542236328,256,0.0,0.0,0.0,AMYY,5m
2026-03-30 09:30:00-04:00,15.489999771118164,15.5,15.489999771118164,15.5,820,0.0,0.0,0.0,AMYY,5m
2026-03-30 10:10:00-04:00,15.524999618530273,15.550000190734863,15.524999618530273,15.524999618530273,517,0.0,0.0,0.0,AMYY,5m
2026-03-30 10:40:00-04:00,15.425000190734863,15.425000190734863,15.425000190734863,15.425000190734863,611,0.0,0.0,0.0,AMYY,5m
2026-03-30 11:05:00-04:00,15.496299743652344,15.496299743652344,15.470000267028809,15.470000267028809,241,0.0,0.0,0.0,AMYY,5m
2026-03-30 11:15:00-04:00,15.390000343322754,15.390000343322754,15.390000343322754,15.390000343322754,128,0.0,0.0,0.0,AMYY,5m
2026-03-30 11:25:00-04:00,15.405599594116211,15.405599594116211,15.405599594116211,15.405599594116211,265,0.0,0.0,0.0,AMYY,5m
2026-03-30 12:45:00-04:00,15.335000038146973,15.335000038146973,15.335000038146973,15.335000038146973,559,0.0,0.0,0.0,AMYY,5m
2026-03-30 13:05:00-04:00,15.34000015258789,15.34000015258789,15.34000015258789,15.34000015258789,288,0.0,0.0,0.0,AMYY,5m
2026-03-30 14:00:00-04:00,15.300000190734863,15.300000190734863,15.300000190734863,15.300000190734863,470,0.0,0.0,0.0,AMYY,5m
2026-03-30 14:15:00-04:00,15.265800476074219,15.265800476074219,15.265800476074219,15.265800476074219,200,0.0,0.0,0.0,AMYY,5m
2026-03-30 14:20:00-04:00,15.265800476074219,15.265800476074219,15.265800476074219,15.265800476074219,22,0.0,0.0,0.0,AMYY,5m
2026-03-30 14:30:00-04:00,15.300000190734863,15.300000190734863,15.300000190734863,15.300000190734863,103,0.0,0.0,0.0,AMYY,5m
2026-03-30 14:40:00-04:00,15.270299911499023,15.270299911499023,15.270299911499023,15.270299911499023,205,0.0,0.0,0.0,AMYY,5m
2026-03-30 14:45:00-04:00,15.28499984741211,15.28499984741211,15.270000457763672,15.270000457763672,445,0.0,0.0,0.0,AMYY,5m
2026-03-30 15:00:00-04:00,15.265000343322754,15.265000343322754,15.265000343322754,15.265000343322754,149,0.0,0.0,0.0,AMYY,5m
2026-03-30 15:10:00-04:00,15.210000038146973,15.210000038146973,15.210000038146973,15.210000038146973,429,0.0,0.0,0.0,AMYY,5m
2026-03-30 15:55:00-04:00,15.305000305175781,15.305000305175781,15.305000305175781,15.305000305175781,320,0.0,0.0,0.0,AMYY,5m
2026-03-31 09:30:00-04:00,15.319999694824219,15.319999694824219,15.319999694824219,15.319999694824219,451,0.0,0.0,0.0,AMYY,5m
2026-03-31 09:40:00-04:00,15.359999656677246,15.369999885559082,15.359999656677246,15.369999885559082,457,0.0,0.0,0.0,AMYY,5m
2026-03-31 09:50:00-04:00,15.395000457763672,15.395000457763672,15.395000457763672,15.395000457763672,3477,0.0,0.0,0.0,AMYY,5m
2026-03-31 10:30:00-04:00,15.40999984741211,15.40999984741211,15.40999984741211,15.40999984741211,295,0.0,0.0,0.0,AMYY,5m
2026-03-31 10:40:00-04:00,15.399999618530273,15.399999618530273,15.390000343322754,15.390000343322754,301,0.0,0.0,0.0,AMYY,5m
2026-03-31 10:45:00-04:00,15.390000343322754,15.390000343322754,15.390000343322754,15.390000343322754,150,0.0,0.0,0.0,AMYY,5m
2026-03-31 11:05:00-04:00,15.399999618530273,15.40999984741211,15.399999618530273,15.40999984741211,425,0.0,0.0,0.0,AMYY,5m
2026-03-31 11:10:00-04:00,15.380000114440918,15.395000457763672,15.380000114440918,15.395000457763672,841,0.0,0.0,0.0,AMYY,5m
2026-03-31 12:35:00-04:00,15.354999542236328,15.354999542236328,15.354999542236328,15.354999542236328,921,0.0,0.0,0.0,AMYY,5m
2026-03-31 15:55:00-04:00,15.489999771118164,15.489999771118164,15.489999771118164,15.489999771118164,340,0.0,0.0,0.0,AMYY,5m
2026-04-01 09:30:00-04:00,15.59000015258789,15.59000015258789,15.579999923706055,15.579999923706055,1386,0.0,0.0,0.0,AMYY,5m
2026-04-01 09:35:00-04:00,15.65999984741211,15.65999984741211,15.65999984741211,15.65999984741211,432,0.0,0.0,0.0,AMYY,5m
2026-04-01 09:45:00-04:00,15.619999885559082,15.620100021362305,15.619999885559082,15.620100021362305,625,0.0,0.0,0.0,AMYY,5m
2026-04-01 09:50:00-04:00,15.642000198364258,15.642000198364258,15.642000198364258,15.642000198364258,205,0.0,0.0,0.0,AMYY,5m
2026-04-01 09:55:00-04:00,15.680000305175781,15.680000305175781,15.680000305175781,15.680000305175781,157,0.0,0.0,0.0,AMYY,5m
2026-04-01 10:10:00-04:00,15.649999618530273,15.649999618530273,15.649999618530273,15.649999618530273,335,0.0,0.0,0.0,AMYY,5m
2026-04-01 10:35:00-04:00,15.680000305175781,15.6899995803833,15.680000305175781,15.6899995803833,274,0.0,0.0,0.0,AMYY,5m
2026-04-01 11:05:00-04:00,15.729900360107422,15.729900360107422,15.729900360107422,15.729900360107422,421,0.0,0.0,0.0,AMYY,5m
2026-04-01 11:20:00-04:00,15.720000267028809,15.720000267028809,15.720000267028809,15.720000267028809,120,0.0,0.0,0.0,AMYY,5m
2026-04-01 11:55:00-04:00,15.734999656677246,15.749899864196777,15.734999656677246,15.749899864196777,300,0.0,0.0,0.0,AMYY,5m
2026-04-01 12:00:00-04:00,15.763699531555176,15.763699531555176,15.763699531555176,15.763699531555176,1,0.0,0.0,0.0,AMYY,5m
2026-04-01 12:05:00-04:00,15.744999885559082,15.744999885559082,15.744999885559082,15.744999885559082,223,0.0,0.0,0.0,AMYY,5m
2026-04-01 12:15:00-04:00,15.755000114440918,15.755000114440918,15.755000114440918,15.755000114440918,542,0.0,0.0,0.0,AMYY,5m
2026-04-01 13:50:00-04:00,15.720000267028809,15.720000267028809,15.699999809265137,15.699999809265137,2192,0.0,0.0,0.0,AMYY,5m
2026-04-01 14:00:00-04:00,15.680000305175781,15.680000305175781,15.670000076293945,15.670000076293945,498,0.0,0.0,0.0,AMYY,5m
2026-04-01 14:30:00-04:00,15.647199630737305,15.647199630737305,15.647199630737305,15.647199630737305,214,0.0,0.0,0.0,AMYY,5m
2026-04-01 14:50:00-04:00,15.645000457763672,15.645000457763672,15.645000457763672,15.645000457763672,530,0.0,0.0,0.0,AMYY,5m
2026-04-01 15:25:00-04:00,15.680000305175781,15.680000305175781,15.680000305175781,15.680000305175781,1402,0.0,0.0,0.0,AMYY,5m
2026-04-01 15:45:00-04:00,15.654999732971191,15.669599533081055,15.654999732971191,15.668000221252441,680,0.0,0.0,0.0,AMYY,5m
2026-04-02 09:30:00-04:00,15.1899995803833,15.1899995803833,15.1899995803833,15.1899995803833,691,0.234,0.0,0.0,AMYY,5m
2026-04-02 09:35:00-04:00,15.1899995803833,15.1899995803833,15.15999984741211,15.15999984741211,638,0.0,0.0,0.0,AMYY,5m
2026-04-02 09:45:00-04:00,15.079999923706055,15.079999923706055,15.079999923706055,15.079999923706055,202,0.0,0.0,0.0,AMYY,5m
2026-04-02 09:55:00-04:00,15.274999618530273,15.274999618530273,15.274999618530273,15.274999618530273,992,0.0,0.0,0.0,AMYY,5m
2026-04-02 10:00:00-04:00,15.3149995803833,15.3149995803833,15.3149995803833,15.3149995803833,18,0.0,0.0,0.0,AMYY,5m
2026-04-02 10:10:00-04:00,15.375,15.375,15.375,15.375,286,0.0,0.0,0.0,AMYY,5m
2026-04-02 10:35:00-04:00,15.40999984741211,15.430000305175781,15.40999984741211,15.430000305175781,930,0.0,0.0,0.0,AMYY,5m
2026-04-02 11:00:00-04:00,15.4399995803833,15.4399995803833,15.430000305175781,15.430000305175781,294,0.0,0.0,0.0,AMYY,5m
2026-04-02 11:50:00-04:00,15.449999809265137,15.449999809265137,15.449999809265137,15.449999809265137,149,0.0,0.0,0.0,AMYY,5m
2026-04-02 12:35:00-04:00,15.449999809265137,15.449999809265137,15.449999809265137,15.449999809265137,157,0.0,0.0,0.0,AMYY,5m
2026-04-02 13:10:00-04:00,15.46500015258789,15.46500015258789,15.46500015258789,15.46500015258789,238,0.0,0.0,0.0,AMYY,5m
2026-04-02 13:20:00-04:00,15.489999771118164,15.489999771118164,15.489999771118164,15.489999771118164,139,0.0,0.0,0.0,AMYY,5m
2026-04-02 13:25:00-04:00,15.5,15.600000381469727,15.484999656677246,15.484999656677246,4270,0.0,0.0,0.0,AMYY,5m
2026-04-02 13:35:00-04:00,15.5,15.5,15.5,15.5,151,0.0,0.0,0.0,AMYY,5m
2026-04-02 14:15:00-04:00,15.470000267028809,15.470000267028809,15.470000267028809,15.470000267028809,449,0.0,0.0,0.0,AMYY,5m
2026-04-06 09:30:00-04:00,15.529999732971191,15.529999732971191,15.529999732971191,15.529999732971191,334,0.0,0.0,0.0,AMYY,5m
2026-04-06 09:35:00-04:00,15.649999618530273,15.649999618530273,15.649999618530273,15.649999618530273,612,0.0,0.0,0.0,AMYY,5m
2026-04-06 09:55:00-04:00,15.645999908447266,15.645999908447266,15.645999908447266,15.645999908447266,247,0.0,0.0,0.0,AMYY,5m
2026-04-06 10:00:00-04:00,15.601200103759766,15.601200103759766,15.600000381469727,15.600000381469727,413,0.0,0.0,0.0,AMYY,5m
2026-04-06 11:10:00-04:00,15.628499984741211,15.628499984741211,15.628499984741211,15.628499984741211,536,0.0,0.0,0.0,AMYY,5m
2026-04-06 11:45:00-04:00,15.579999923706055,15.579999923706055,15.569999694824219,15.579999923706055,1187,0.0,0.0,0.0,AMYY,5m
2026-04-06 11:50:00-04:00,15.590100288391113,15.614999771118164,15.590100288391113,15.614999771118164,1509,0.0,0.0,0.0,AMYY,5m
2026-04-06 11:55:00-04:00,15.614999771118164,15.614999771118164,15.597999572753906,15.597999572753906,216,0.0,0.0,0.0,AMYY,5m
2026-04-06 12:00:00-04:00,15.619999885559082,15.619999885559082,15.619999885559082,15.619999885559082,938,0.0,0.0,0.0,AMYY,5m
2026-04-06 12:05:00-04:00,15.59000015258789,15.59000015258789,15.59000015258789,15.59000015258789,498,0.0,0.0,0.0,AMYY,5m
2026-04-06 12:10:00-04:00,15.579999923706055,15.581000328063965,15.579999923706055,15.579999923706055,1199,0.0,0.0,0.0,AMYY,5m
2026-04-06 12:20:00-04:00,15.579999923706055,15.579999923706055,15.579999923706055,15.579999923706055,1712,0.0,0.0,0.0,AMYY,5m
2026-04-06 13:15:00-04:00,15.545000076293945,15.545000076293945,15.545000076293945,15.545000076293945,311,0.0,0.0,0.0,AMYY,5m
2026-04-06 13:40:00-04:00,15.5600004196167,15.5600004196167,15.5600004196167,15.5600004196167,243,0.0,0.0,0.0,AMYY,5m
2026-04-06 14:10:00-04:00,15.585000038146973,15.59000015258789,15.585000038146973,15.59000015258789,1377,0.0,0.0,0.0,AMYY,5m
2026-04-06 15:55:00-04:00,15.579999923706055,15.579999923706055,15.579999923706055,15.579999923706055,325,0.0,0.0,0.0,AMYY,5m
2026-04-07 09:30:00-04:00,15.550000190734863,15.579999923706055,15.550000190734863,15.579999923706055,1172,0.0,0.0,0.0,AMYY,5m
2026-04-07 09:40:00-04:00,15.609999656677246,15.609999656677246,15.609999656677246,15.609999656677246,151,0.0,0.0,0.0,AMYY,5m
2026-04-07 10:00:00-04:00,15.520000457763672,15.539799690246582,15.510000228881836,15.539799690246582,899,0.0,0.0,0.0,AMYY,5m
2026-04-07 10:35:00-04:00,15.555000305175781,15.555000305175781,15.555000305175781,15.555000305175781,217,0.0,0.0,0.0,AMYY,5m
2026-04-07 10:50:00-04:00,15.5600004196167,15.5600004196167,15.5600004196167,15.5600004196167,1617,0.0,0.0,0.0,AMYY,5m
2026-04-07 11:00:00-04:00,15.520000457763672,15.520000457763672,15.520000457763672,15.520000457763672,582,0.0,0.0,0.0,AMYY,5m
2026-04-07 12:00:00-04:00,15.5600004196167,15.59000015258789,15.5600004196167,15.59000015258789,691,0.0,0.0,0.0,AMYY,5m
2026-04-07 12:15:00-04:00,15.5600004196167,15.5600004196167,15.5600004196167,15.5600004196167,185,0.0,0.0,0.0,AMYY,5m
2026-04-07 12:30:00-04:00,15.60990047454834,15.60990047454834,15.60990047454834,15.60990047454834,423,0.0,0.0,0.0,AMYY,5m
2026-04-07 13:05:00-04:00,15.579999923706055,15.579999923706055,15.579999923706055,15.579999923706055,1326,0.0,0.0,0.0,AMYY,5m
2026-04-07 14:55:00-04:00,15.53499984741211,15.53499984741211,15.53499984741211,15.53499984741211,205,0.0,0.0,0.0,AMYY,5m
2026-04-07 15:15:00-04:00,15.579999923706055,15.59000015258789,15.579999923706055,15.59000015258789,785,0.0,0.0,0.0,AMYY,5m
2026-04-07 15:55:00-04:00,15.630000114440918,15.630000114440918,15.630000114440918,15.630000114440918,294,0.0,0.0,0.0,AMYY,5m
2026-04-08 09:30:00-04:00,15.8100004196167,15.8100004196167,15.760000228881836,15.760000228881836,491,0.0,0.0,0.0,AMYY,5m
2026-04-08 09:40:00-04:00,15.76200008392334,15.76200008392334,15.76200008392334,15.76200008392334,200,0.0,0.0,0.0,AMYY,5m
2026-04-08 09:45:00-04:00,15.800000190734863,15.800000190734863,15.800000190734863,15.800000190734863,115,0.0,0.0,0.0,AMYY,5m
2026-04-08 09:55:00-04:00,15.784700393676758,15.784700393676758,15.770000457763672,15.779999732971191,2300,0.0,0.0,0.0,AMYY,5m
2026-04-08 10:00:00-04:00,15.760000228881836,15.760000228881836,15.760000228881836,15.760000228881836,0,0.0,0.0,0.0,AMYY,5m
2026-04-08 10:15:00-04:00,15.78030014038086,15.78030014038086,15.770000457763672,15.770000457763672,788,0.0,0.0,0.0,AMYY,5m
2026-04-08 10:30:00-04:00,15.770000457763672,15.770000457763672,15.770000457763672,15.770000457763672,243,0.0,0.0,0.0,AMYY,5m
2026-04-08 10:35:00-04:00,15.770000457763672,15.770999908447266,15.770000457763672,15.770999908447266,306,0.0,0.0,0.0,AMYY,5m
2026-04-08 10:50:00-04:00,15.774999618530273,15.774999618530273,15.774999618530273,15.774999618530273,128,0.0,0.0,0.0,AMYY,5m
2026-04-08 11:05:00-04:00,15.770000457763672,15.770000457763672,15.770000457763672,15.770000457763672,101,0.0,0.0,0.0,AMYY,5m
2026-04-08 11:15:00-04:00,15.800000190734863,15.8100004196167,15.800000190734863,15.8100004196167,421,0.0,0.0,0.0,AMYY,5m
2026-04-08 11:35:00-04:00,15.799400329589844,15.799400329589844,15.799400329589844,15.799400329589844,129,0.0,0.0,0.0,AMYY,5m
2026-04-08 11:40:00-04:00,15.789999961853027,15.789999961853027,15.789999961853027,15.789999961853027,206,0.0,0.0,0.0,AMYY,5m
2026-04-08 12:05:00-04:00,15.795000076293945,15.795000076293945,15.795000076293945,15.795000076293945,162,0.0,0.0,0.0,AMYY,5m
2026-04-08 12:20:00-04:00,15.795000076293945,15.795000076293945,15.795000076293945,15.795000076293945,106,0.0,0.0,0.0,AMYY,5m
2026-04-08 12:40:00-04:00,15.795000076293945,15.795000076293945,15.795000076293945,15.795000076293945,349,0.0,0.0,0.0,AMYY,5m
2026-04-08 13:00:00-04:00,15.809800148010254,15.8100004196167,15.809800148010254,15.8100004196167,1110,0.0,0.0,0.0,AMYY,5m
2026-04-08 13:25:00-04:00,15.789999961853027,15.789999961853027,15.789999961853027,15.789999961853027,150,0.0,0.0,0.0,AMYY,5m
2026-04-08 13:40:00-04:00,15.8100004196167,15.8100004196167,15.800000190734863,15.800000190734863,482,0.0,0.0,0.0,AMYY,5m
2026-04-08 14:10:00-04:00,15.829899787902832,15.829899787902832,15.829899787902832,15.829899787902832,232,0.0,0.0,0.0,AMYY,5m
2026-04-08 14:50:00-04:00,15.789999961853027,15.789999961853027,15.789999961853027,15.789999961853027,401,0.0,0.0,0.0,AMYY,5m
2026-04-08 14:55:00-04:00,15.789999961853027,15.789999961853027,15.779999732971191,15.779999732971191,667,0.0,0.0,0.0,AMYY,5m
2026-04-08 15:35:00-04:00,15.805000305175781,15.805000305175781,15.805000305175781,15.805000305175781,625,0.0,0.0,0.0,AMYY,5m
2026-04-08 15:45:00-04:00,15.789999961853027,15.789999961853027,15.770000457763672,15.770000457763672,2071,0.0,0.0,0.0,AMYY,5m
2026-04-09 09:30:00-04:00,15.869999885559082,15.869999885559082,15.869999885559082,15.869999885559082,292,0.0,0.0,0.0,AMYY,5m
2026-04-09 09:40:00-04:00,15.869999885559082,15.869999885559082,15.869999885559082,15.869999885559082,116,0.0,0.0,0.0,AMYY,5m
2026-04-09 09:45:00-04:00,15.899999618530273,15.899999618530273,15.899999618530273,15.899999618530273,179,0.0,0.0,0.0,AMYY,5m
2026-04-09 09:50:00-04:00,15.850000381469727,15.850000381469727,15.850000381469727,15.850000381469727,280,0.0,0.0,0.0,AMYY,5m
2026-04-09 10:25:00-04:00,15.800000190734863,15.800100326538086,15.800000190734863,15.800100326538086,312,0.0,0.0,0.0,AMYY,5m
2026-04-09 10:35:00-04:00,15.829999923706055,15.829999923706055,15.829999923706055,15.829999923706055,400,0.0,0.0,0.0,AMYY,5m
2026-04-09 10:40:00-04:00,15.8100004196167,15.8100004196167,15.8100004196167,15.8100004196167,58,0.0,0.0,0.0,AMYY,5m
2026-04-09 10:55:00-04:00,15.859999656677246,15.859999656677246,15.850000381469727,15.850000381469727,1546,0.0,0.0,0.0,AMYY,5m
2026-04-09 11:00:00-04:00,15.85990047454834,15.85990047454834,15.85990047454834,15.85990047454834,0,0.0,0.0,0.0,AMYY,5m
2026-04-09 11:45:00-04:00,15.840900421142578,15.840900421142578,15.840900421142578,15.840900421142578,464,0.0,0.0,0.0,AMYY,5m
2026-04-09 12:45:00-04:00,15.879899978637695,15.879899978637695,15.879899978637695,15.879899978637695,629,0.0,0.0,0.0,AMYY,5m
2026-04-09 13:45:00-04:00,15.854999542236328,15.854999542236328,15.854999542236328,15.854999542236328,728,0.0,0.0,0.0,AMYY,5m
2026-04-09 15:15:00-04:00,15.899999618530273,15.899999618530273,15.899999618530273,15.899999618530273,155,0.0,0.0,0.0,AMYY,5m
2026-04-09 15:25:00-04:00,15.859999656677246,15.859999656677246,15.859999656677246,15.859999656677246,324,0.0,0.0,0.0,AMYY,5m
2026-04-09 15:55:00-04:00,15.869999885559082,15.869999885559082,15.869999885559082,15.869999885559082,282,0.0,0.0,0.0,AMYY,5m
2026-04-10 09:30:00-04:00,15.699999809265137,15.710000038146973,15.6899995803833,15.6899995803833,776,0.241,0.0,0.0,AMYY,5m
2026-04-10 09:35:00-04:00,15.6899995803833,15.710000038146973,15.6899995803833,15.710000038146973,473,0.0,0.0,0.0,AMYY,5m
2026-04-10 09:40:00-04:00,15.680000305175781,15.685600280761719,15.680000305175781,15.685600280761719,210,0.0,0.0,0.0,AMYY,5m
2026-04-10 09:45:00-04:00,15.739999771118164,15.739999771118164,15.739999771118164,15.739999771118164,307,0.0,0.0,0.0,AMYY,5m
2026-04-10 09:50:00-04:00,15.720000267028809,15.729999542236328,15.710000038146973,15.729999542236328,1724,0.0,0.0,0.0,AMYY,5m
2026-04-10 10:30:00-04:00,15.699999809265137,15.70009994506836,15.699999809265137,15.70009994506836,2049,0.0,0.0,0.0,AMYY,5m
2026-04-10 11:15:00-04:00,15.720000267028809,15.720000267028809,15.720000267028809,15.720000267028809,350,0.0,0.0,0.0,AMYY,5m
2026-04-10 11:35:00-04:00,15.75,15.765000343322754,15.75,15.765000343322754,2038,0.0,0.0,0.0,AMYY,5m
2026-04-10 11:55:00-04:00,15.710000038146973,15.710100173950195,15.710000038146973,15.710100173950195,786,0.0,0.0,0.0,AMYY,5m
2026-04-10 14:50:00-04:00,15.729999542236328,15.729999542236328,15.729999542236328,15.729999542236328,518,0.0,0.0,0.0,AMYY,5m
2026-04-13 09:30:00-04:00,15.6899995803833,15.710000038146973,15.6899995803833,15.710000038146973,409,0.0,0.0,0.0,AMYY,5m
2026-04-13 09:50:00-04:00,15.699999809265137,15.699999809265137,15.651000022888184,15.651000022888184,226,0.0,0.0,0.0,AMYY,5m
2026-04-13 09:55:00-04:00,15.65999984741211,15.65999984741211,15.65999984741211,15.65999984741211,865,0.0,0.0,0.0,AMYY,5m
2026-04-13 10:50:00-04:00,15.749899864196777,15.749899864196777,15.749899864196777,15.749899864196777,139,0.0,0.0,0.0,AMYY,5m
2026-04-13 10:55:00-04:00,15.720000267028809,15.720000267028809,15.720000267028809,15.720000267028809,111,0.0,0.0,0.0,AMYY,5m
2026-04-13 11:10:00-04:00,15.756500244140625,15.756500244140625,15.756500244140625,15.756500244140625,302,0.0,0.0,0.0,AMYY,5m
2026-04-13 11:20:00-04:00,15.769000053405762,15.769000053405762,15.769000053405762,15.769000053405762,1209,0.0,0.0,0.0,AMYY,5m
2026-04-13 12:15:00-04:00,15.765000343322754,15.765000343322754,15.765000343322754,15.765000343322754,200,0.0,0.0,0.0,AMYY,5m
2026-04-13 12:20:00-04:00,15.770000457763672,15.770000457763672,15.770000457763672,15.770000457763672,97,0.0,0.0,0.0,AMYY,5m
2026-04-13 12:25:00-04:00,15.770000457763672,15.770000457763672,15.770000457763672,15.770000457763672,603,0.0,0.0,0.0,AMYY,5m
2026-04-13 14:05:00-04:00,15.755000114440918,15.755000114440918,15.755000114440918,15.755000114440918,880,0.0,0.0,0.0,AMYY,5m
2026-04-13 15:35:00-04:00,15.770000457763672,15.770000457763672,15.770000457763672,15.770000457763672,501,0.0,0.0,0.0,AMYY,5m
2026-04-13 15:40:00-04:00,15.760000228881836,15.760000228881836,15.760000228881836,15.760000228881836,272,0.0,0.0,0.0,AMYY,5m
2026-04-14 09:30:00-04:00,15.819999694824219,15.890000343322754,15.819999694824219,15.890000343322754,3151,0.0,0.0,0.0,AMYY,5m
2026-04-14 09:35:00-04:00,15.8149995803833,15.8149995803833,15.8149995803833,15.8149995803833,755,0.0,0.0,0.0,AMYY,5m
2026-04-14 09:55:00-04:00,15.829999923706055,15.830100059509277,15.829999923706055,15.830100059509277,396,0.0,0.0,0.0,AMYY,5m
2026-04-14 10:00:00-04:00,15.800000190734863,15.800000190734863,15.800000190734863,15.800000190734863,116,0.0,0.0,0.0,AMYY,5m
2026-04-14 10:05:00-04:00,15.829999923706055,15.829999923706055,15.829999923706055,15.829999923706055,180,0.0,0.0,0.0,AMYY,5m
2026-04-14 10:15:00-04:00,15.8100004196167,15.819999694824219,15.800000190734863,15.800000190734863,5970,0.0,0.0,0.0,AMYY,5m
2026-04-14 10:20:00-04:00,15.819999694824219,15.819999694824219,15.819999694824219,15.819999694824219,801,0.0,0.0,0.0,AMYY,5m
2026-04-14 12:20:00-04:00,15.92959976196289,15.92959976196289,15.92959976196289,15.92959976196289,140,0.0,0.0,0.0,AMYY,5m
2026-04-14 12:50:00-04:00,15.904999732971191,15.904999732971191,15.904999732971191,15.904999732971191,254,0.0,0.0,0.0,AMYY,5m
2026-04-14 13:25:00-04:00,15.929300308227539,15.929300308227539,15.929300308227539,15.929300308227539,552,0.0,0.0,0.0,AMYY,5m
2026-04-14 14:20:00-04:00,15.899999618530273,15.899999618530273,15.899999618530273,15.899999618530273,137,0.0,0.0,0.0,AMYY,5m
2026-04-14 14:50:00-04:00,15.930000305175781,15.930000305175781,15.930000305175781,15.930000305175781,200,0.0,0.0,0.0,AMYY,5m
2026-04-14 14:55:00-04:00,15.939900398254395,15.939900398254395,15.939900398254395,15.939900398254395,554,0.0,0.0,0.0,AMYY,5m
2026-04-14 15:50:00-04:00,15.9399995803833,15.9399995803833,15.9399995803833,15.9399995803833,213,0.0,0.0,0.0,AMYY,5m
2026-04-15 09:50:00-04:00,15.960000038146973,15.960000038146973,15.960000038146973,15.960000038146973,1012,0.0,0.0,0.0,AMYY,5m
2026-04-15 10:55:00-04:00,15.970100402832031,15.970100402832031,15.970100402832031,15.970100402832031,133,0.0,0.0,0.0,AMYY,5m
2026-04-15 11:25:00-04:00,15.984999656677246,15.984999656677246,15.984999656677246,15.984999656677246,1265,0.0,0.0,0.0,AMYY,5m
2026-04-16 09:30:00-04:00,16.040000915527344,16.040000915527344,16.040000915527344,16.040000915527344,1251,0.0,0.0,0.0,AMYY,5m
2026-04-16 09:45:00-04:00,16.075000762939453,16.075000762939453,16.075000762939453,16.075000762939453,604,0.0,0.0,0.0,AMYY,5m
2026-04-16 09:50:00-04:00,16.030000686645508,16.049999237060547,16.020000457763672,16.049999237060547,703,0.0,0.0,0.0,AMYY,5m
2026-04-16 09:55:00-04:00,16.049999237060547,16.049999237060547,16.049999237060547,16.049999237060547,526,0.0,0.0,0.0,AMYY,5m
2026-04-16 10:00:00-04:00,16.065000534057617,16.065000534057617,16.065000534057617,16.065000534057617,125,0.0,0.0,0.0,AMYY,5m
2026-04-16 10:05:00-04:00,16.049999237060547,16.110000610351562,16.049999237060547,16.110000610351562,368,0.0,0.0,0.0,AMYY,5m
2026-04-16 10:15:00-04:00,16.049999237060547,16.049999237060547,16.049999237060547,16.049999237060547,306,0.0,0.0,0.0,AMYY,5m
2026-04-16 10:20:00-04:00,16.075000762939453,16.100000381469727,16.075000762939453,16.100000381469727,368,0.0,0.0,0.0,AMYY,5m
2026-04-16 10:25:00-04:00,16.110000610351562,16.13990020751953,16.110000610351562,16.13990020751953,203,0.0,0.0,0.0,AMYY,5m
2026-04-16 10:30:00-04:00,16.09000015258789,16.110000610351562,16.09000015258789,16.110000610351562,716,0.0,0.0,0.0,AMYY,5m
2026-04-16 10:40:00-04:00,16.114999771118164,16.114999771118164,16.114999771118164,16.114999771118164,101,0.0,0.0,0.0,AMYY,5m
2026-04-16 10:45:00-04:00,16.149999618530273,16.170000076293945,16.149999618530273,16.16990089416504,1418,0.0,0.0,0.0,AMYY,5m
2026-04-16 11:00:00-04:00,16.11240005493164,16.11240005493164,16.11240005493164,16.11240005493164,439,0.0,0.0,0.0,AMYY,5m
2026-04-16 12:00:00-04:00,16.141399383544922,16.141399383544922,16.141399383544922,16.141399383544922,219,0.0,0.0,0.0,AMYY,5m
2026-04-16 12:05:00-04:00,16.170000076293945,16.170000076293945,16.170000076293945,16.170000076293945,218,0.0,0.0,0.0,AMYY,5m
2026-04-16 12:25:00-04:00,16.141199111938477,16.141199111938477,16.141199111938477,16.141199111938477,297,0.0,0.0,0.0,AMYY,5m
2026-04-16 13:10:00-04:00,16.165000915527344,16.165000915527344,16.165000915527344,16.165000915527344,300,0.0,0.0,0.0,AMYY,5m
2026-04-16 13:20:00-04:00,16.170000076293945,16.170000076293945,16.170000076293945,16.170000076293945,692,0.0,0.0,0.0,AMYY,5m
2026-04-16 13:55:00-04:00,16.170000076293945,16.18000030517578,16.170000076293945,16.18000030517578,1298,0.0,0.0,0.0,AMYY,5m
2026-04-16 15:30:00-04:00,16.149999618530273,16.149999618530273,16.149999618530273,16.149999618530273,598,0.0,0.0,0.0,AMYY,5m
2026-04-16 15:45:00-04:00,16.174999237060547,16.174999237060547,16.174999237060547,16.174999237060547,226,0.0,0.0,0.0,AMYY,5m
2026-04-17 09:30:00-04:00,15.920000076293945,15.930000305175781,15.920000076293945,15.930000305175781,673,0.249,0.0,0.0,AMYY,5m
2026-04-17 09:35:00-04:00,15.939900398254395,15.939900398254395,15.939900398254395,15.939900398254395,209,0.0,0.0,0.0,AMYY,5m
2026-04-17 09:40:00-04:00,15.939900398254395,15.939900398254395,15.939900398254395,15.939900398254395,136,0.0,0.0,0.0,AMYY,5m
2026-04-17 09:45:00-04:00,15.930000305175781,15.9399995803833,15.920000076293945,15.920000076293945,1546,0.0,0.0,0.0,AMYY,5m
2026-04-17 10:00:00-04:00,15.930000305175781,15.930100440979004,15.930000305175781,15.930100440979004,1132,0.0,0.0,0.0,AMYY,5m
2026-04-17 10:10:00-04:00,15.949999809265137,15.960000038146973,15.9399995803833,15.9399995803833,727,0.0,0.0,0.0,AMYY,5m
2026-04-17 10:15:00-04:00,15.960000038146973,15.960000038146973,15.960000038146973,15.960000038146973,200,0.0,0.0,0.0,AMYY,5m
2026-04-17 10:25:00-04:00,15.9350004196167,15.9350004196167,15.9350004196167,15.9350004196167,254,0.0,0.0,0.0,AMYY,5m
2026-04-17 10:30:00-04:00,15.930000305175781,15.9399995803833,15.930000305175781,15.9399995803833,251,0.0,0.0,0.0,AMYY,5m
2026-04-17 10:55:00-04:00,15.9350004196167,15.9350004196167,15.9350004196167,15.9350004196167,344,0.0,0.0,0.0,AMYY,5m
2026-04-17 11:05:00-04:00,15.920000076293945,15.920000076293945,15.920000076293945,15.920000076293945,535,0.0,0.0,0.0,AMYY,5m
2026-04-17 11:20:00-04:00,15.949299812316895,15.949299812316895,15.949299812316895,15.949299812316895,139,0.0,0.0,0.0,AMYY,5m
2026-04-17 11:25:00-04:00,15.920000076293945,15.920000076293945,15.920000076293945,15.920000076293945,1653,0.0,0.0,0.0,AMYY,5m
2026-04-17 11:35:00-04:00,15.959799766540527,15.960000038146973,15.959799766540527,15.960000038146973,4547,0.0,0.0,0.0,AMYY,5m
2026-04-17 12:10:00-04:00,15.9399995803833,15.9399995803833,15.9399995803833,15.9399995803833,183,0.0,0.0,0.0,AMYY,5m
2026-04-17 12:20:00-04:00,15.9399995803833,15.9399995803833,15.9399995803833,15.9399995803833,214,0.0,0.0,0.0,AMYY,5m
2026-04-17 13:15:00-04:00,15.944999694824219,15.944999694824219,15.9306001663208,15.9306001663208,404,0.0,0.0,0.0,AMYY,5m
2026-04-17 14:20:00-04:00,15.930999755859375,15.944999694824219,15.930000305175781,15.944999694824219,1673,0.0,0.0,0.0,AMYY,5m
2026-04-17 14:50:00-04:00,15.930000305175781,15.930000305175781,15.920000076293945,15.920000076293945,255,0.0,0.0,0.0,AMYY,5m
2026-04-17 15:00:00-04:00,15.960000038146973,15.960000038146973,15.9399995803833,15.9399995803833,530,0.0,0.0,0.0,AMYY,5m
2026-04-17 15:15:00-04:00,15.957799911499023,15.957799911499023,15.957799911499023,15.957799911499023,102,0.0,0.0,0.0,AMYY,5m
2026-04-17 15:25:00-04:00,15.920000076293945,15.92020034790039,15.920000076293945,15.92020034790039,400,0.0,0.0,0.0,AMYY,5m
2026-04-17 15:30:00-04:00,15.920100212097168,15.9399995803833,15.920100212097168,15.9399995803833,313,0.0,0.0,0.0,AMYY,5m
2026-04-17 15:45:00-04:00,15.9399995803833,15.9399995803833,15.9399995803833,15.9399995803833,303,0.0,0.0,0.0,AMYY,5m
