datetime,open,high,low,close,volume,dividends,stock_splits,capital_gains,ticker,interval
2026-04-09 09:30:00-04:00,7.800000190734863,7.804999828338623,7.769999980926514,7.78000020980835,141276,0.0,0.0,0.0,AMDD,1m
2026-04-09 09:31:00-04:00,7.78000020980835,7.789999961853027,7.769999980926514,7.789999961853027,28129,0.0,0.0,0.0,AMDD,1m
2026-04-09 09:32:00-04:00,7.78000020980835,7.809999942779541,7.78000020980835,7.809999942779541,20662,0.0,0.0,0.0,AMDD,1m
2026-04-09 09:33:00-04:00,7.820000171661377,7.84499979019165,7.820000171661377,7.84499979019165,35877,0.0,0.0,0.0,AMDD,1m
2026-04-09 09:34:00-04:00,7.849999904632568,7.864999771118164,7.849999904632568,7.860000133514404,69621,0.0,0.0,0.0,AMDD,1m
2026-04-09 09:35:00-04:00,7.855000019073486,7.855000019073486,7.840000152587891,7.840000152587891,41492,0.0,0.0,0.0,AMDD,1m
2026-04-09 09:36:00-04:00,7.84499979019165,7.84499979019165,7.820000171661377,7.820000171661377,12008,0.0,0.0,0.0,AMDD,1m
2026-04-09 09:37:00-04:00,7.820000171661377,7.820000171661377,7.809999942779541,7.815000057220459,9646,0.0,0.0,0.0,AMDD,1m
2026-04-09 09:38:00-04:00,7.815000057220459,7.815000057220459,7.789999961853027,7.800000190734863,40140,0.0,0.0,0.0,AMDD,1m
2026-04-09 09:39:00-04:00,7.797999858856201,7.809899806976318,7.797999858856201,7.804999828338623,16505,0.0,0.0,0.0,AMDD,1m
2026-04-09 09:40:00-04:00,7.809999942779541,7.816699981689453,7.800000190734863,7.810100078582764,45970,0.0,0.0,0.0,AMDD,1m
2026-04-09 09:41:00-04:00,7.809999942779541,7.809999942779541,7.78000020980835,7.78000020980835,156207,0.0,0.0,0.0,AMDD,1m
2026-04-09 09:42:00-04:00,7.769999980926514,7.779900074005127,7.75,7.75,66485,0.0,0.0,0.0,AMDD,1m
2026-04-09 09:43:00-04:00,7.75,7.75,7.712100028991699,7.735000133514404,29973,0.0,0.0,0.0,AMDD,1m
2026-04-09 09:44:00-04:00,7.735000133514404,7.735000133514404,7.718999862670898,7.718999862670898,7780,0.0,0.0,0.0,AMDD,1m
2026-04-09 09:45:00-04:00,7.71999979019165,7.730000019073486,7.71999979019165,7.730000019073486,97285,0.0,0.0,0.0,AMDD,1m
2026-04-09 09:46:00-04:00,7.730000019073486,7.730000019073486,7.724999904632568,7.730000019073486,40662,0.0,0.0,0.0,AMDD,1m
2026-04-09 09:47:00-04:00,7.739999771118164,7.75600004196167,7.739999771118164,7.75,13269,0.0,0.0,0.0,AMDD,1m
2026-04-09 09:48:00-04:00,7.75,7.75,7.739999771118164,7.739999771118164,36936,0.0,0.0,0.0,AMDD,1m
2026-04-09 09:49:00-04:00,7.730000019073486,7.730000019073486,7.699999809265137,7.699999809265137,17859,0.0,0.0,0.0,AMDD,1m
2026-04-09 09:50:00-04:00,7.710000038146973,7.710000038146973,7.70989990234375,7.710000038146973,76817,0.0,0.0,0.0,AMDD,1m
2026-04-09 09:51:00-04:00,7.710000038146973,7.739999771118164,7.710000038146973,7.739999771118164,30937,0.0,0.0,0.0,AMDD,1m
2026-04-09 09:52:00-04:00,7.75,7.772900104522705,7.739999771118164,7.771299839019775,21194,0.0,0.0,0.0,AMDD,1m
2026-04-09 09:53:00-04:00,7.769999980926514,7.78000020980835,7.769999980926514,7.770100116729736,7319,0.0,0.0,0.0,AMDD,1m
2026-04-09 09:54:00-04:00,7.775000095367432,7.78000020980835,7.769999980926514,7.78000020980835,9777,0.0,0.0,0.0,AMDD,1m
2026-04-09 09:55:00-04:00,7.789999961853027,7.800000190734863,7.789999961853027,7.800000190734863,27765,0.0,0.0,0.0,AMDD,1m
2026-04-09 09:56:00-04:00,7.809999942779541,7.810100078582764,7.800099849700928,7.800099849700928,12679,0.0,0.0,0.0,AMDD,1m
2026-04-09 09:57:00-04:00,7.800000190734863,7.800000190734863,7.784999847412109,7.784999847412109,44764,0.0,0.0,0.0,AMDD,1m
2026-04-09 09:58:00-04:00,7.78000020980835,7.800000190734863,7.78000020980835,7.800000190734863,42754,0.0,0.0,0.0,AMDD,1m
2026-04-09 09:59:00-04:00,7.789999961853027,7.789999961853027,7.775000095367432,7.78000020980835,189217,0.0,0.0,0.0,AMDD,1m
2026-04-09 10:00:00-04:00,7.780300140380859,7.780300140380859,7.78000020980835,7.78000020980835,71311,0.0,0.0,0.0,AMDD,1m
2026-04-09 10:01:00-04:00,7.78000020980835,7.780300140380859,7.775000095367432,7.775000095367432,155186,0.0,0.0,0.0,AMDD,1m
2026-04-09 10:02:00-04:00,7.769999980926514,7.771500110626221,7.769999980926514,7.771500110626221,19873,0.0,0.0,0.0,AMDD,1m
2026-04-09 10:03:00-04:00,7.789999961853027,7.799900054931641,7.775000095367432,7.78000020980835,69708,0.0,0.0,0.0,AMDD,1m
2026-04-09 10:04:00-04:00,7.78000020980835,7.78000020980835,7.7789998054504395,7.78000020980835,120712,0.0,0.0,0.0,AMDD,1m
2026-04-09 10:05:00-04:00,7.78000020980835,7.78000020980835,7.779900074005127,7.78000020980835,47606,0.0,0.0,0.0,AMDD,1m
2026-04-09 10:06:00-04:00,7.800000190734863,7.80019998550415,7.800000190734863,7.800000190734863,72961,0.0,0.0,0.0,AMDD,1m
2026-04-09 10:07:00-04:00,7.800000190734863,7.800000190734863,7.7972002029418945,7.7972002029418945,25477,0.0,0.0,0.0,AMDD,1m
2026-04-09 10:08:00-04:00,7.789999961853027,7.789999961853027,7.789999961853027,7.789999961853027,9201,0.0,0.0,0.0,AMDD,1m
2026-04-09 10:09:00-04:00,7.789999961853027,7.789999961853027,7.789999961853027,7.789999961853027,20549,0.0,0.0,0.0,AMDD,1m
2026-04-09 10:10:00-04:00,7.804999828338623,7.804999828338623,7.800000190734863,7.800000190734863,171878,0.0,0.0,0.0,AMDD,1m
2026-04-09 10:11:00-04:00,7.802800178527832,7.809999942779541,7.800000190734863,7.800000190734863,24644,0.0,0.0,0.0,AMDD,1m
2026-04-09 10:12:00-04:00,7.789999961853027,7.789999961853027,7.784999847412109,7.784999847412109,65500,0.0,0.0,0.0,AMDD,1m
2026-04-09 10:13:00-04:00,7.78000020980835,7.800000190734863,7.78000020980835,7.800000190734863,18500,0.0,0.0,0.0,AMDD,1m
2026-04-09 10:14:00-04:00,7.800300121307373,7.800300121307373,7.789999961853027,7.789999961853027,78250,0.0,0.0,0.0,AMDD,1m
2026-04-09 10:15:00-04:00,7.801000118255615,7.801000118255615,7.801000118255615,7.801000118255615,30150,0.0,0.0,0.0,AMDD,1m
2026-04-09 10:16:00-04:00,7.820000171661377,7.820000171661377,7.819699764251709,7.819699764251709,45900,0.0,0.0,0.0,AMDD,1m
2026-04-09 10:17:00-04:00,7.820000171661377,7.820000171661377,7.818600177764893,7.818600177764893,29280,0.0,0.0,0.0,AMDD,1m
2026-04-09 10:18:00-04:00,7.809999942779541,7.810299873352051,7.809999942779541,7.809999942779541,90200,0.0,0.0,0.0,AMDD,1m
2026-04-09 10:19:00-04:00,7.820000171661377,7.830100059509277,7.820000171661377,7.820000171661377,113236,0.0,0.0,0.0,AMDD,1m
2026-04-09 10:21:00-04:00,7.815000057220459,7.820000171661377,7.810100078582764,7.820000171661377,34998,0.0,0.0,0.0,AMDD,1m
2026-04-09 10:22:00-04:00,7.820099830627441,7.820099830627441,7.819900035858154,7.819900035858154,166207,0.0,0.0,0.0,AMDD,1m
2026-04-09 10:23:00-04:00,7.809999942779541,7.809999942779541,7.809999942779541,7.809999942779541,53100,0.0,0.0,0.0,AMDD,1m
2026-04-09 10:24:00-04:00,7.809899806976318,7.809899806976318,7.799799919128418,7.800000190734863,75846,0.0,0.0,0.0,AMDD,1m
2026-04-09 10:25:00-04:00,7.809999942779541,7.809999942779541,7.809999942779541,7.809999942779541,16442,0.0,0.0,0.0,AMDD,1m
2026-04-09 10:26:00-04:00,7.809999942779541,7.820000171661377,7.809999942779541,7.820000171661377,68532,0.0,0.0,0.0,AMDD,1m
2026-04-09 10:27:00-04:00,7.829999923706055,7.838099956512451,7.829999923706055,7.838099956512451,38167,0.0,0.0,0.0,AMDD,1m
2026-04-09 10:28:00-04:00,7.839799880981445,7.839799880981445,7.824999809265137,7.829999923706055,77192,0.0,0.0,0.0,AMDD,1m
2026-04-09 10:29:00-04:00,7.829999923706055,7.829999923706055,7.829999923706055,7.829999923706055,89039,0.0,0.0,0.0,AMDD,1m
2026-04-09 10:30:00-04:00,7.820000171661377,7.820000171661377,7.819900035858154,7.819900035858154,59776,0.0,0.0,0.0,AMDD,1m
2026-04-09 10:31:00-04:00,7.820000171661377,7.820000171661377,7.819900035858154,7.820000171661377,146810,0.0,0.0,0.0,AMDD,1m
2026-04-09 10:32:00-04:00,7.820099830627441,7.824999809265137,7.820000171661377,7.820000171661377,98732,0.0,0.0,0.0,AMDD,1m
2026-04-09 10:33:00-04:00,7.809999942779541,7.809999942779541,7.804999828338623,7.809999942779541,51587,0.0,0.0,0.0,AMDD,1m
2026-04-09 10:34:00-04:00,7.815000057220459,7.815000057220459,7.810100078582764,7.810100078582764,24892,0.0,0.0,0.0,AMDD,1m
2026-04-09 10:35:00-04:00,7.809999942779541,7.809999942779541,7.809999942779541,7.809999942779541,60800,0.0,0.0,0.0,AMDD,1m
2026-04-09 10:36:00-04:00,7.809999942779541,7.809999942779541,7.809999942779541,7.809999942779541,38995,0.0,0.0,0.0,AMDD,1m
2026-04-09 10:37:00-04:00,7.820300102233887,7.820300102233887,7.809999942779541,7.809999942779541,96808,0.0,0.0,0.0,AMDD,1m
2026-04-09 10:38:00-04:00,7.804999828338623,7.809999942779541,7.800000190734863,7.809999942779541,493989,0.0,0.0,0.0,AMDD,1m
2026-04-09 10:39:00-04:00,7.809999942779541,7.809999942779541,7.800000190734863,7.800000190734863,179521,0.0,0.0,0.0,AMDD,1m
2026-04-09 10:40:00-04:00,7.800000190734863,7.800000190734863,7.789999961853027,7.789999961853027,62300,0.0,0.0,0.0,AMDD,1m
2026-04-09 10:41:00-04:00,7.789899826049805,7.795000076293945,7.7895002365112305,7.795000076293945,159322,0.0,0.0,0.0,AMDD,1m
2026-04-09 10:42:00-04:00,7.799900054931641,7.799900054931641,7.780099868774414,7.780300140380859,65166,0.0,0.0,0.0,AMDD,1m
2026-04-09 10:43:00-04:00,7.78000020980835,7.784999847412109,7.78000020980835,7.784999847412109,52377,0.0,0.0,0.0,AMDD,1m
2026-04-09 10:44:00-04:00,7.78000020980835,7.78000020980835,7.764999866485596,7.769999980926514,145862,0.0,0.0,0.0,AMDD,1m
2026-04-09 10:45:00-04:00,7.769999980926514,7.769999980926514,7.769999980926514,7.769999980926514,68916,0.0,0.0,0.0,AMDD,1m
2026-04-09 10:46:00-04:00,7.764999866485596,7.769999980926514,7.764999866485596,7.769999980926514,116664,0.0,0.0,0.0,AMDD,1m
2026-04-09 10:47:00-04:00,7.770100116729736,7.771100044250488,7.769999980926514,7.770100116729736,51500,0.0,0.0,0.0,AMDD,1m
2026-04-09 10:49:00-04:00,7.769999980926514,7.769999980926514,7.760000228881836,7.760000228881836,94506,0.0,0.0,0.0,AMDD,1m
2026-04-09 10:50:00-04:00,7.75,7.75,7.75,7.75,32858,0.0,0.0,0.0,AMDD,1m
2026-04-09 10:51:00-04:00,7.739999771118164,7.739999771118164,7.7399001121521,7.739999771118164,24670,0.0,0.0,0.0,AMDD,1m
2026-04-09 10:52:00-04:00,7.739999771118164,7.739999771118164,7.724999904632568,7.730000019073486,215022,0.0,0.0,0.0,AMDD,1m
2026-04-09 10:53:00-04:00,7.720099925994873,7.720099925994873,7.720099925994873,7.720099925994873,1480,0.0,0.0,0.0,AMDD,1m
2026-04-09 10:54:00-04:00,7.71999979019165,7.71999979019165,7.719900131225586,7.71999979019165,175402,0.0,0.0,0.0,AMDD,1m
2026-04-09 10:55:00-04:00,7.71999979019165,7.720099925994873,7.715000152587891,7.720099925994873,308702,0.0,0.0,0.0,AMDD,1m
2026-04-09 10:56:00-04:00,7.71999979019165,7.71999979019165,7.719900131225586,7.71999979019165,5599,0.0,0.0,0.0,AMDD,1m
2026-04-09 10:57:00-04:00,7.730000019073486,7.7399001121521,7.730000019073486,7.7399001121521,91588,0.0,0.0,0.0,AMDD,1m
2026-04-09 10:58:00-04:00,7.739999771118164,7.739999771118164,7.730000019073486,7.730100154876709,165314,0.0,0.0,0.0,AMDD,1m
2026-04-09 11:00:00-04:00,7.729899883270264,7.729899883270264,7.728499889373779,7.728499889373779,4719,0.0,0.0,0.0,AMDD,1m
2026-04-09 11:01:00-04:00,7.729899883270264,7.7399001121521,7.729899883270264,7.730100154876709,49607,0.0,0.0,0.0,AMDD,1m
2026-04-09 11:03:00-04:00,7.730000019073486,7.739999771118164,7.729899883270264,7.730000019073486,84142,0.0,0.0,0.0,AMDD,1m
2026-04-09 11:06:00-04:00,7.749899864196777,7.749899864196777,7.749899864196777,7.749899864196777,32539,0.0,0.0,0.0,AMDD,1m
2026-04-09 11:07:00-04:00,7.75,7.757400035858154,7.75,7.757400035858154,18355,0.0,0.0,0.0,AMDD,1m
2026-04-09 11:08:00-04:00,7.760000228881836,7.760000228881836,7.75,7.75,121516,0.0,0.0,0.0,AMDD,1m
2026-04-09 11:09:00-04:00,7.75,7.75,7.749899864196777,7.75,100473,0.0,0.0,0.0,AMDD,1m
2026-04-09 11:10:00-04:00,7.755000114440918,7.755000114440918,7.748000144958496,7.748000144958496,115563,0.0,0.0,0.0,AMDD,1m
2026-04-09 11:11:00-04:00,7.740099906921387,7.744999885559082,7.740099906921387,7.744999885559082,5600,0.0,0.0,0.0,AMDD,1m
2026-04-09 11:12:00-04:00,7.740099906921387,7.740200042724609,7.730000019073486,7.730100154876709,53801,0.0,0.0,0.0,AMDD,1m
2026-04-09 11:13:00-04:00,7.730000019073486,7.730000019073486,7.710100173950195,7.71999979019165,120348,0.0,0.0,0.0,AMDD,1m
2026-04-09 11:14:00-04:00,7.71999979019165,7.71999979019165,7.71999979019165,7.71999979019165,3845,0.0,0.0,0.0,AMDD,1m
2026-04-09 11:15:00-04:00,7.710100173950195,7.719900131225586,7.699999809265137,7.710000038146973,264552,0.0,0.0,0.0,AMDD,1m
2026-04-09 11:16:00-04:00,7.710000038146973,7.710000038146973,7.704999923706055,7.704999923706055,4340,0.0,0.0,0.0,AMDD,1m
2026-04-09 11:17:00-04:00,7.710000038146973,7.71999979019165,7.710000038146973,7.71999979019165,93675,0.0,0.0,0.0,AMDD,1m
2026-04-09 11:18:00-04:00,7.710100173950195,7.712800025939941,7.699999809265137,7.710000038146973,176171,0.0,0.0,0.0,AMDD,1m
2026-04-09 11:19:00-04:00,7.710000038146973,7.710000038146973,7.710000038146973,7.710000038146973,23370,0.0,0.0,0.0,AMDD,1m
2026-04-09 11:20:00-04:00,7.710000038146973,7.710000038146973,7.704999923706055,7.704999923706055,66167,0.0,0.0,0.0,AMDD,1m
2026-04-09 11:21:00-04:00,7.704999923706055,7.704999923706055,7.690000057220459,7.699999809265137,100152,0.0,0.0,0.0,AMDD,1m
2026-04-09 11:22:00-04:00,7.710000038146973,7.710000038146973,7.700099945068359,7.704999923706055,11296,0.0,0.0,0.0,AMDD,1m
2026-04-09 11:23:00-04:00,7.70989990234375,7.710000038146973,7.70989990234375,7.710000038146973,29914,0.0,0.0,0.0,AMDD,1m
2026-04-09 11:24:00-04:00,7.710100173950195,7.715000152587891,7.710000038146973,7.71019983291626,45445,0.0,0.0,0.0,AMDD,1m
2026-04-09 11:25:00-04:00,7.719900131225586,7.71999979019165,7.710100173950195,7.710100173950195,140900,0.0,0.0,0.0,AMDD,1m
2026-04-09 11:26:00-04:00,7.71999979019165,7.730000019073486,7.719900131225586,7.730000019073486,93334,0.0,0.0,0.0,AMDD,1m
2026-04-09 11:27:00-04:00,7.730000019073486,7.739999771118164,7.730000019073486,7.739999771118164,64400,0.0,0.0,0.0,AMDD,1m
2026-04-09 11:28:00-04:00,7.755000114440918,7.755000114440918,7.749899864196777,7.75,200721,0.0,0.0,0.0,AMDD,1m
2026-04-09 11:29:00-04:00,7.75,7.750199794769287,7.75,7.750100135803223,180365,0.0,0.0,0.0,AMDD,1m
2026-04-09 11:30:00-04:00,7.749899864196777,7.749899864196777,7.749899864196777,7.749899864196777,48989,0.0,0.0,0.0,AMDD,1m
2026-04-09 11:31:00-04:00,7.740099906921387,7.740099906921387,7.7399001121521,7.739999771118164,19930,0.0,0.0,0.0,AMDD,1m
2026-04-09 11:32:00-04:00,7.730000019073486,7.7399001121521,7.708499908447266,7.708499908447266,39100,0.0,0.0,0.0,AMDD,1m
2026-04-09 11:33:00-04:00,7.710000038146973,7.715000152587891,7.704999923706055,7.710100173950195,59131,0.0,0.0,0.0,AMDD,1m
2026-04-09 11:34:00-04:00,7.71019983291626,7.719900131225586,7.699999809265137,7.704999923706055,47211,0.0,0.0,0.0,AMDD,1m
2026-04-09 11:35:00-04:00,7.700099945068359,7.71589994430542,7.700099945068359,7.710100173950195,45764,0.0,0.0,0.0,AMDD,1m
2026-04-09 11:36:00-04:00,7.710000038146973,7.710000038146973,7.704999923706055,7.710000038146973,132085,0.0,0.0,0.0,AMDD,1m
2026-04-09 11:37:00-04:00,7.715000152587891,7.715000152587891,7.715000152587891,7.715000152587891,200,0.0,0.0,0.0,AMDD,1m
2026-04-09 11:38:00-04:00,7.71999979019165,7.729899883270264,7.71999979019165,7.729899883270264,6800,0.0,0.0,0.0,AMDD,1m
2026-04-09 11:39:00-04:00,7.727499961853027,7.729899883270264,7.727499961853027,7.729899883270264,0,0.0,0.0,0.0,AMDD,1m
2026-04-09 11:40:00-04:00,7.71999979019165,7.720099925994873,7.715000152587891,7.71999979019165,141332,0.0,0.0,0.0,AMDD,1m
2026-04-09 11:41:00-04:00,7.730000019073486,7.735000133514404,7.730000019073486,7.730000019073486,57030,0.0,0.0,0.0,AMDD,1m
2026-04-09 11:42:00-04:00,7.720300197601318,7.720300197601318,7.71999979019165,7.71999979019165,86426,0.0,0.0,0.0,AMDD,1m
2026-04-09 11:43:00-04:00,7.71999979019165,7.720099925994873,7.71999979019165,7.71999979019165,132719,0.0,0.0,0.0,AMDD,1m
2026-04-09 11:44:00-04:00,7.71999979019165,7.71999979019165,7.71999979019165,7.71999979019165,80652,0.0,0.0,0.0,AMDD,1m
2026-04-09 11:45:00-04:00,7.719799995422363,7.729899883270264,7.719799995422363,7.71999979019165,131960,0.0,0.0,0.0,AMDD,1m
2026-04-09 11:46:00-04:00,7.710000038146973,7.710000038146973,7.70989990234375,7.70989990234375,69005,0.0,0.0,0.0,AMDD,1m
2026-04-09 11:47:00-04:00,7.699999809265137,7.699999809265137,7.690100193023682,7.690100193023682,144949,0.0,0.0,0.0,AMDD,1m
2026-04-09 11:48:00-04:00,7.690100193023682,7.690100193023682,7.679999828338623,7.679999828338623,129124,0.0,0.0,0.0,AMDD,1m
2026-04-09 11:49:00-04:00,7.679999828338623,7.704999923706055,7.679999828338623,7.704999923706055,126376,0.0,0.0,0.0,AMDD,1m
2026-04-09 11:52:00-04:00,7.704999923706055,7.704999923706055,7.704999923706055,7.704999923706055,5000,0.0,0.0,0.0,AMDD,1m
2026-04-09 11:53:00-04:00,7.699999809265137,7.699999809265137,7.699999809265137,7.699999809265137,122831,0.0,0.0,0.0,AMDD,1m
2026-04-09 11:54:00-04:00,7.699999809265137,7.699999809265137,7.695000171661377,7.699999809265137,168601,0.0,0.0,0.0,AMDD,1m
2026-04-09 11:55:00-04:00,7.70550012588501,7.710000038146973,7.70550012588501,7.710000038146973,4013,0.0,0.0,0.0,AMDD,1m
2026-04-09 11:56:00-04:00,7.710000038146973,7.710000038146973,7.710000038146973,7.710000038146973,1015,0.0,0.0,0.0,AMDD,1m
2026-04-09 11:59:00-04:00,7.699999809265137,7.700099945068359,7.699999809265137,7.699999809265137,87233,0.0,0.0,0.0,AMDD,1m
2026-04-09 12:01:00-04:00,7.690000057220459,7.690000057220459,7.689899921417236,7.690000057220459,33084,0.0,0.0,0.0,AMDD,1m
2026-04-09 12:02:00-04:00,7.680099964141846,7.680099964141846,7.679999828338623,7.679999828338623,22584,0.0,0.0,0.0,AMDD,1m
2026-04-09 12:03:00-04:00,7.670000076293945,7.670000076293945,7.660099983215332,7.6697001457214355,15850,0.0,0.0,0.0,AMDD,1m
2026-04-09 12:04:00-04:00,7.670000076293945,7.679999828338623,7.6697998046875,7.679999828338623,117977,0.0,0.0,0.0,AMDD,1m
2026-04-09 12:05:00-04:00,7.690000057220459,7.695000171661377,7.690000057220459,7.695000171661377,40086,0.0,0.0,0.0,AMDD,1m
2026-04-09 12:06:00-04:00,7.704999923706055,7.704999923706055,7.699999809265137,7.700099945068359,28517,0.0,0.0,0.0,AMDD,1m
2026-04-09 12:07:00-04:00,7.699999809265137,7.704999923706055,7.699999809265137,7.704999923706055,73240,0.0,0.0,0.0,AMDD,1m
2026-04-09 12:09:00-04:00,7.709799766540527,7.71999979019165,7.709799766540527,7.719900131225586,26788,0.0,0.0,0.0,AMDD,1m
2026-04-09 12:10:00-04:00,7.71999979019165,7.7399001121521,7.719900131225586,7.7399001121521,363476,0.0,0.0,0.0,AMDD,1m
2026-04-09 12:11:00-04:00,7.730000019073486,7.730000019073486,7.729700088500977,7.730000019073486,186667,0.0,0.0,0.0,AMDD,1m
2026-04-09 12:12:00-04:00,7.730000019073486,7.730100154876709,7.730000019073486,7.730000019073486,110686,0.0,0.0,0.0,AMDD,1m
2026-04-09 12:14:00-04:00,7.729700088500977,7.730000019073486,7.729700088500977,7.730000019073486,53724,0.0,0.0,0.0,AMDD,1m
2026-04-09 12:15:00-04:00,7.730000019073486,7.735000133514404,7.730000019073486,7.730000019073486,90790,0.0,0.0,0.0,AMDD,1m
2026-04-09 12:16:00-04:00,7.720200061798096,7.720200061798096,7.70989990234375,7.70989990234375,77867,0.0,0.0,0.0,AMDD,1m
2026-04-09 12:18:00-04:00,7.70989990234375,7.70989990234375,7.70989990234375,7.70989990234375,18,0.0,0.0,0.0,AMDD,1m
2026-04-09 12:20:00-04:00,7.704999923706055,7.704999923706055,7.704999923706055,7.704999923706055,0,0.0,0.0,0.0,AMDD,1m
2026-04-09 12:21:00-04:00,7.710000038146973,7.710000038146973,7.699999809265137,7.699999809265137,144104,0.0,0.0,0.0,AMDD,1m
2026-04-09 12:24:00-04:00,7.700200080871582,7.700200080871582,7.699999809265137,7.699999809265137,153502,0.0,0.0,0.0,AMDD,1m
2026-04-09 12:25:00-04:00,7.710000038146973,7.710000038146973,7.704999923706055,7.704999923706055,0,0.0,0.0,0.0,AMDD,1m
2026-04-09 12:26:00-04:00,7.710000038146973,7.710000038146973,7.709000110626221,7.709000110626221,40765,0.0,0.0,0.0,AMDD,1m
2026-04-09 12:27:00-04:00,7.710000038146973,7.710000038146973,7.710000038146973,7.710000038146973,0,0.0,0.0,0.0,AMDD,1m
2026-04-09 12:28:00-04:00,7.710000038146973,7.715000152587891,7.704999923706055,7.710000038146973,107592,0.0,0.0,0.0,AMDD,1m
2026-04-09 12:29:00-04:00,7.710299968719482,7.710299968719482,7.710100173950195,7.710100173950195,43513,0.0,0.0,0.0,AMDD,1m
2026-04-09 12:30:00-04:00,7.71999979019165,7.71999979019165,7.719699859619141,7.719699859619141,44361,0.0,0.0,0.0,AMDD,1m
2026-04-09 12:31:00-04:00,7.710000038146973,7.715000152587891,7.710000038146973,7.715000152587891,33170,0.0,0.0,0.0,AMDD,1m
2026-04-09 12:32:00-04:00,7.719900131225586,7.719900131225586,7.719900131225586,7.719900131225586,13857,0.0,0.0,0.0,AMDD,1m
2026-04-09 12:33:00-04:00,7.710000038146973,7.710000038146973,7.710000038146973,7.710000038146973,18316,0.0,0.0,0.0,AMDD,1m
2026-04-09 12:36:00-04:00,7.71999979019165,7.71999979019165,7.717100143432617,7.717100143432617,0,0.0,0.0,0.0,AMDD,1m
2026-04-09 12:38:00-04:00,7.71999979019165,7.724999904632568,7.71999979019165,7.724999904632568,35969,0.0,0.0,0.0,AMDD,1m
2026-04-09 12:40:00-04:00,7.729400157928467,7.729400157928467,7.729400157928467,7.729400157928467,692,0.0,0.0,0.0,AMDD,1m
2026-04-09 12:41:00-04:00,7.729899883270264,7.729899883270264,7.729899883270264,7.729899883270264,7498,0.0,0.0,0.0,AMDD,1m
2026-04-09 12:42:00-04:00,7.730000019073486,7.730100154876709,7.729899883270264,7.729899883270264,116318,0.0,0.0,0.0,AMDD,1m
2026-04-09 12:43:00-04:00,7.730000019073486,7.730000019073486,7.730000019073486,7.730000019073486,17500,0.0,0.0,0.0,AMDD,1m
2026-04-09 12:44:00-04:00,7.729700088500977,7.730000019073486,7.729700088500977,7.730000019073486,69729,0.0,0.0,0.0,AMDD,1m
2026-04-09 12:45:00-04:00,7.730000019073486,7.739999771118164,7.730000019073486,7.739999771118164,21130,0.0,0.0,0.0,AMDD,1m
2026-04-09 12:47:00-04:00,7.75,7.75,7.75,7.75,39699,0.0,0.0,0.0,AMDD,1m
2026-04-09 12:49:00-04:00,7.755000114440918,7.755000114440918,7.75,7.755000114440918,10619,0.0,0.0,0.0,AMDD,1m
2026-04-09 12:50:00-04:00,7.750999927520752,7.755000114440918,7.744999885559082,7.744999885559082,155005,0.0,0.0,0.0,AMDD,1m
2026-04-09 12:51:00-04:00,7.750100135803223,7.750100135803223,7.75,7.75,150467,0.0,0.0,0.0,AMDD,1m
2026-04-09 12:52:00-04:00,7.740300178527832,7.740300178527832,7.740300178527832,7.740300178527832,16787,0.0,0.0,0.0,AMDD,1m
2026-04-09 12:54:00-04:00,7.739699840545654,7.739999771118164,7.73960018157959,7.739999771118164,141265,0.0,0.0,0.0,AMDD,1m
2026-04-09 12:55:00-04:00,7.742099761962891,7.744999885559082,7.742099761962891,7.744999885559082,4725,0.0,0.0,0.0,AMDD,1m
2026-04-09 12:56:00-04:00,7.749899864196777,7.750100135803223,7.74970006942749,7.750100135803223,68700,0.0,0.0,0.0,AMDD,1m
2026-04-09 12:57:00-04:00,7.75,7.75,7.75,7.75,25300,0.0,0.0,0.0,AMDD,1m
2026-04-09 12:59:00-04:00,7.75,7.75029993057251,7.749899864196777,7.75,235200,0.0,0.0,0.0,AMDD,1m
2026-04-09 13:00:00-04:00,7.75,7.7600998878479,7.749899864196777,7.760000228881836,235563,0.0,0.0,0.0,AMDD,1m
2026-04-09 13:01:00-04:00,7.760000228881836,7.760000228881836,7.75,7.760000228881836,3696,0.0,0.0,0.0,AMDD,1m
2026-04-09 13:02:00-04:00,7.760000228881836,7.760000228881836,7.760000228881836,7.760000228881836,468,0.0,0.0,0.0,AMDD,1m
2026-04-09 13:03:00-04:00,7.75,7.75,7.75,7.75,42259,0.0,0.0,0.0,AMDD,1m
2026-04-09 13:04:00-04:00,7.75,7.75,7.749000072479248,7.749000072479248,105204,0.0,0.0,0.0,AMDD,1m
2026-04-09 13:05:00-04:00,7.749899864196777,7.759900093078613,7.749899864196777,7.755000114440918,86233,0.0,0.0,0.0,AMDD,1m
2026-04-09 13:06:00-04:00,7.750100135803223,7.750100135803223,7.75,7.75,52908,0.0,0.0,0.0,AMDD,1m
2026-04-09 13:07:00-04:00,7.747399806976318,7.747399806976318,7.747399806976318,7.747399806976318,24588,0.0,0.0,0.0,AMDD,1m
2026-04-09 13:08:00-04:00,7.744999885559082,7.744999885559082,7.744999885559082,7.744999885559082,2000,0.0,0.0,0.0,AMDD,1m
2026-04-09 13:09:00-04:00,7.739999771118164,7.739999771118164,7.739999771118164,7.739999771118164,0,0.0,0.0,0.0,AMDD,1m
2026-04-09 13:10:00-04:00,7.75,7.75,7.744999885559082,7.749899864196777,145212,0.0,0.0,0.0,AMDD,1m
2026-04-09 13:13:00-04:00,7.75,7.75,7.75,7.75,200,0.0,0.0,0.0,AMDD,1m
2026-04-09 13:14:00-04:00,7.750100135803223,7.753300189971924,7.750100135803223,7.753300189971924,7800,0.0,0.0,0.0,AMDD,1m
2026-04-09 13:15:00-04:00,7.750999927520752,7.750999927520752,7.75,7.75,128470,0.0,0.0,0.0,AMDD,1m
2026-04-09 13:17:00-04:00,7.740300178527832,7.740300178527832,7.740300178527832,7.740300178527832,25859,0.0,0.0,0.0,AMDD,1m
2026-04-09 13:18:00-04:00,7.740099906921387,7.740099906921387,7.738999843597412,7.739999771118164,105000,0.0,0.0,0.0,AMDD,1m
2026-04-09 13:19:00-04:00,7.735000133514404,7.7399001121521,7.735000133514404,7.7399001121521,23898,0.0,0.0,0.0,AMDD,1m
2026-04-09 13:20:00-04:00,7.739999771118164,7.739999771118164,7.739999771118164,7.739999771118164,29567,0.0,0.0,0.0,AMDD,1m
2026-04-09 13:21:00-04:00,7.7399001121521,7.739999771118164,7.7399001121521,7.739999771118164,48183,0.0,0.0,0.0,AMDD,1m
2026-04-09 13:27:00-04:00,7.75,7.75,7.75,7.75,1277,0.0,0.0,0.0,AMDD,1m
2026-04-09 13:28:00-04:00,7.75,7.75,7.75,7.75,8200,0.0,0.0,0.0,AMDD,1m
2026-04-09 13:29:00-04:00,7.75,7.75,7.75,7.75,26000,0.0,0.0,0.0,AMDD,1m
2026-04-09 13:30:00-04:00,7.760000228881836,7.769999980926514,7.760000228881836,7.769999980926514,144755,0.0,0.0,0.0,AMDD,1m
2026-04-09 13:31:00-04:00,7.769999980926514,7.769999980926514,7.769899845123291,7.769999980926514,52797,0.0,0.0,0.0,AMDD,1m
2026-04-09 13:32:00-04:00,7.769999980926514,7.770100116729736,7.769999980926514,7.770100116729736,90486,0.0,0.0,0.0,AMDD,1m
2026-04-09 13:33:00-04:00,7.779900074005127,7.779900074005127,7.779900074005127,7.779900074005127,0,0.0,0.0,0.0,AMDD,1m
2026-04-09 13:34:00-04:00,7.775000095367432,7.775000095367432,7.775000095367432,7.775000095367432,0,0.0,0.0,0.0,AMDD,1m
2026-04-09 13:35:00-04:00,7.769999980926514,7.769999980926514,7.760000228881836,7.760000228881836,84071,0.0,0.0,0.0,AMDD,1m
2026-04-09 13:36:00-04:00,7.75,7.75,7.75,7.75,3515,0.0,0.0,0.0,AMDD,1m
2026-04-09 13:37:00-04:00,7.755000114440918,7.755000114440918,7.755000114440918,7.755000114440918,4000,0.0,0.0,0.0,AMDD,1m
2026-04-09 13:38:00-04:00,7.75,7.750100135803223,7.744999885559082,7.744999885559082,4072,0.0,0.0,0.0,AMDD,1m
2026-04-09 13:40:00-04:00,7.75,7.75,7.747200012207031,7.749899864196777,20510,0.0,0.0,0.0,AMDD,1m
2026-04-09 13:41:00-04:00,7.749000072479248,7.749899864196777,7.749000072479248,7.749899864196777,11406,0.0,0.0,0.0,AMDD,1m
2026-04-09 13:42:00-04:00,7.749899864196777,7.75,7.74970006942749,7.74970006942749,142018,0.0,0.0,0.0,AMDD,1m
2026-04-09 13:45:00-04:00,7.755000114440918,7.755000114440918,7.750199794769287,7.750199794769287,94800,0.0,0.0,0.0,AMDD,1m
2026-04-09 13:48:00-04:00,7.760000228881836,7.760000228881836,7.756800174713135,7.756800174713135,0,0.0,0.0,0.0,AMDD,1m
2026-04-09 13:49:00-04:00,7.760000228881836,7.760000228881836,7.760000228881836,7.760000228881836,405,0.0,0.0,0.0,AMDD,1m
2026-04-09 13:50:00-04:00,7.760000228881836,7.760000228881836,7.760000228881836,7.760000228881836,6698,0.0,0.0,0.0,AMDD,1m
2026-04-09 13:51:00-04:00,7.76200008392334,7.775000095367432,7.76200008392334,7.775000095367432,46116,0.0,0.0,0.0,AMDD,1m
2026-04-09 13:53:00-04:00,7.770199775695801,7.770199775695801,7.770100116729736,7.770100116729736,37270,0.0,0.0,0.0,AMDD,1m
2026-04-09 13:54:00-04:00,7.769999980926514,7.769999980926514,7.7600998878479,7.7600998878479,31203,0.0,0.0,0.0,AMDD,1m
2026-04-09 14:00:00-04:00,7.760000228881836,7.760000228881836,7.760000228881836,7.760000228881836,308,0.0,0.0,0.0,AMDD,1m
2026-04-09 14:01:00-04:00,7.760000228881836,7.760000228881836,7.755000114440918,7.759900093078613,82754,0.0,0.0,0.0,AMDD,1m
2026-04-09 14:02:00-04:00,7.760000228881836,7.760000228881836,7.760000228881836,7.760000228881836,26070,0.0,0.0,0.0,AMDD,1m
2026-04-09 14:04:00-04:00,7.769999980926514,7.770100116729736,7.767099857330322,7.769999980926514,118129,0.0,0.0,0.0,AMDD,1m
2026-04-09 14:05:00-04:00,7.764999866485596,7.764999866485596,7.7600998878479,7.7600998878479,33301,0.0,0.0,0.0,AMDD,1m
2026-04-09 14:06:00-04:00,7.7600998878479,7.7600998878479,7.7600998878479,7.7600998878479,8750,0.0,0.0,0.0,AMDD,1m
2026-04-09 14:07:00-04:00,7.760000228881836,7.760000228881836,7.760000228881836,7.760000228881836,5424,0.0,0.0,0.0,AMDD,1m
2026-04-09 14:08:00-04:00,7.760000228881836,7.760000228881836,7.760000228881836,7.760000228881836,62600,0.0,0.0,0.0,AMDD,1m
2026-04-09 14:09:00-04:00,7.760000228881836,7.760000228881836,7.760000228881836,7.760000228881836,62379,0.0,0.0,0.0,AMDD,1m
2026-04-09 14:10:00-04:00,7.739999771118164,7.739999771118164,7.739999771118164,7.739999771118164,79474,0.0,0.0,0.0,AMDD,1m
2026-04-09 14:12:00-04:00,7.749899864196777,7.749899864196777,7.749899864196777,7.749899864196777,9236,0.0,0.0,0.0,AMDD,1m
2026-04-09 14:13:00-04:00,7.744999885559082,7.744999885559082,7.7399001121521,7.739999771118164,239738,0.0,0.0,0.0,AMDD,1m
2026-04-09 14:15:00-04:00,7.730000019073486,7.730000019073486,7.730000019073486,7.730000019073486,0,0.0,0.0,0.0,AMDD,1m
2026-04-09 14:16:00-04:00,7.730000019073486,7.735000133514404,7.720099925994873,7.720099925994873,184325,0.0,0.0,0.0,AMDD,1m
2026-04-09 14:17:00-04:00,7.720099925994873,7.720099925994873,7.71999979019165,7.720099925994873,76639,0.0,0.0,0.0,AMDD,1m
2026-04-09 14:18:00-04:00,7.71999979019165,7.71999979019165,7.719200134277344,7.719900131225586,54866,0.0,0.0,0.0,AMDD,1m
2026-04-09 14:19:00-04:00,7.71999979019165,7.71999979019165,7.71999979019165,7.71999979019165,6843,0.0,0.0,0.0,AMDD,1m
2026-04-09 14:20:00-04:00,7.720099925994873,7.720099925994873,7.719799995422363,7.71999979019165,176724,0.0,0.0,0.0,AMDD,1m
2026-04-09 14:21:00-04:00,7.71999979019165,7.71999979019165,7.715000152587891,7.71999979019165,9817,0.0,0.0,0.0,AMDD,1m
2026-04-09 14:22:00-04:00,7.720099925994873,7.720099925994873,7.71999979019165,7.71999979019165,86441,0.0,0.0,0.0,AMDD,1m
2026-04-09 14:23:00-04:00,7.71999979019165,7.71999979019165,7.71999979019165,7.71999979019165,1649,0.0,0.0,0.0,AMDD,1m
2026-04-09 14:25:00-04:00,7.71999979019165,7.71999979019165,7.71999979019165,7.71999979019165,27024,0.0,0.0,0.0,AMDD,1m
2026-04-09 14:26:00-04:00,7.704999923706055,7.710000038146973,7.704999923706055,7.710000038146973,94116,0.0,0.0,0.0,AMDD,1m
2026-04-09 14:27:00-04:00,7.710100173950195,7.710299968719482,7.710100173950195,7.710299968719482,49767,0.0,0.0,0.0,AMDD,1m
2026-04-09 14:28:00-04:00,7.715000152587891,7.71999979019165,7.715000152587891,7.71999979019165,136604,0.0,0.0,0.0,AMDD,1m
2026-04-09 14:29:00-04:00,7.71999979019165,7.730000019073486,7.71999979019165,7.71999979019165,123887,0.0,0.0,0.0,AMDD,1m
2026-04-09 14:30:00-04:00,7.720099925994873,7.720099925994873,7.715000152587891,7.719799995422363,99776,0.0,0.0,0.0,AMDD,1m
2026-04-09 14:31:00-04:00,7.71999979019165,7.71999979019165,7.71999979019165,7.71999979019165,10981,0.0,0.0,0.0,AMDD,1m
2026-04-09 14:33:00-04:00,7.71999979019165,7.71999979019165,7.71999979019165,7.71999979019165,9707,0.0,0.0,0.0,AMDD,1m
2026-04-09 14:36:00-04:00,7.730000019073486,7.730000019073486,7.730000019073486,7.730000019073486,1400,0.0,0.0,0.0,AMDD,1m
2026-04-09 14:37:00-04:00,7.730000019073486,7.730100154876709,7.730000019073486,7.730000019073486,126766,0.0,0.0,0.0,AMDD,1m
2026-04-09 14:38:00-04:00,7.725599765777588,7.725599765777588,7.719799995422363,7.719900131225586,15858,0.0,0.0,0.0,AMDD,1m
2026-04-09 14:39:00-04:00,7.71999979019165,7.71999979019165,7.71999979019165,7.71999979019165,60305,0.0,0.0,0.0,AMDD,1m
2026-04-09 14:40:00-04:00,7.719900131225586,7.719900131225586,7.719900131225586,7.719900131225586,5800,0.0,0.0,0.0,AMDD,1m
2026-04-09 14:41:00-04:00,7.71999979019165,7.724999904632568,7.71999979019165,7.720099925994873,188217,0.0,0.0,0.0,AMDD,1m
2026-04-09 14:42:00-04:00,7.71999979019165,7.71999979019165,7.71999979019165,7.71999979019165,36793,0.0,0.0,0.0,AMDD,1m
2026-04-09 14:43:00-04:00,7.719900131225586,7.724999904632568,7.719699859619141,7.724999904632568,55480,0.0,0.0,0.0,AMDD,1m
2026-04-09 14:45:00-04:00,7.724999904632568,7.724999904632568,7.71999979019165,7.71999979019165,42238,0.0,0.0,0.0,AMDD,1m
2026-04-09 14:47:00-04:00,7.710000038146973,7.710000038146973,7.710000038146973,7.710000038146973,8475,0.0,0.0,0.0,AMDD,1m
2026-04-09 14:48:00-04:00,7.716599941253662,7.716599941253662,7.716599941253662,7.716599941253662,100,0.0,0.0,0.0,AMDD,1m
2026-04-09 14:50:00-04:00,7.710000038146973,7.71019983291626,7.710000038146973,7.710100173950195,24647,0.0,0.0,0.0,AMDD,1m
2026-04-09 14:53:00-04:00,7.715000152587891,7.715000152587891,7.715000152587891,7.715000152587891,317,0.0,0.0,0.0,AMDD,1m
2026-04-09 14:54:00-04:00,7.715000152587891,7.715000152587891,7.710000038146973,7.710000038146973,32707,0.0,0.0,0.0,AMDD,1m
2026-04-09 14:55:00-04:00,7.699999809265137,7.699999809265137,7.695000171661377,7.699999809265137,67195,0.0,0.0,0.0,AMDD,1m
2026-04-09 14:57:00-04:00,7.699900150299072,7.699900150299072,7.699900150299072,7.699900150299072,0,0.0,0.0,0.0,AMDD,1m
2026-04-09 15:00:00-04:00,7.690000057220459,7.690000057220459,7.689899921417236,7.689899921417236,8145,0.0,0.0,0.0,AMDD,1m
2026-04-09 15:01:00-04:00,7.680099964141846,7.680099964141846,7.680099964141846,7.680099964141846,0,0.0,0.0,0.0,AMDD,1m
2026-04-09 15:02:00-04:00,7.67549991607666,7.67549991607666,7.67549991607666,7.67549991607666,101,0.0,0.0,0.0,AMDD,1m
2026-04-09 15:05:00-04:00,7.679999828338623,7.680099964141846,7.679699897766113,7.680099964141846,96777,0.0,0.0,0.0,AMDD,1m
2026-04-09 15:06:00-04:00,7.679999828338623,7.684999942779541,7.679999828338623,7.684999942779541,81157,0.0,0.0,0.0,AMDD,1m
2026-04-09 15:07:00-04:00,7.680099964141846,7.680099964141846,7.680099964141846,7.680099964141846,1799,0.0,0.0,0.0,AMDD,1m
2026-04-09 15:09:00-04:00,7.690000057220459,7.690000057220459,7.670000076293945,7.670000076293945,16060,0.0,0.0,0.0,AMDD,1m
2026-04-09 15:10:00-04:00,7.675000190734863,7.675000190734863,7.670000076293945,7.670000076293945,2570,0.0,0.0,0.0,AMDD,1m
2026-04-09 15:11:00-04:00,7.675000190734863,7.675000190734863,7.664999961853027,7.664999961853027,58863,0.0,0.0,0.0,AMDD,1m
2026-04-09 15:12:00-04:00,7.666999816894531,7.670000076293945,7.666999816894531,7.670000076293945,8924,0.0,0.0,0.0,AMDD,1m
2026-04-09 15:13:00-04:00,7.670000076293945,7.670000076293945,7.669000148773193,7.669899940490723,105867,0.0,0.0,0.0,AMDD,1m
2026-04-09 15:14:00-04:00,7.669899940490723,7.670100212097168,7.667200088500977,7.670100212097168,82525,0.0,0.0,0.0,AMDD,1m
2026-04-09 15:15:00-04:00,7.675000190734863,7.675000190734863,7.670000076293945,7.670000076293945,70958,0.0,0.0,0.0,AMDD,1m
2026-04-09 15:17:00-04:00,7.675000190734863,7.675000190734863,7.675000190734863,7.675000190734863,475,0.0,0.0,0.0,AMDD,1m
2026-04-09 15:20:00-04:00,7.670000076293945,7.670000076293945,7.670000076293945,7.670000076293945,2292,0.0,0.0,0.0,AMDD,1m
2026-04-09 15:22:00-04:00,7.679999828338623,7.679999828338623,7.679999828338623,7.679999828338623,53056,0.0,0.0,0.0,AMDD,1m
2026-04-09 15:23:00-04:00,7.670000076293945,7.670000076293945,7.670000076293945,7.670000076293945,532,0.0,0.0,0.0,AMDD,1m
2026-04-09 15:25:00-04:00,7.670000076293945,7.670100212097168,7.670000076293945,7.670000076293945,81045,0.0,0.0,0.0,AMDD,1m
2026-04-09 15:26:00-04:00,7.670199871063232,7.670199871063232,7.670000076293945,7.670000076293945,11472,0.0,0.0,0.0,AMDD,1m
2026-04-09 15:27:00-04:00,7.669899940490723,7.669899940490723,7.669899940490723,7.669899940490723,120,0.0,0.0,0.0,AMDD,1m
2026-04-09 15:28:00-04:00,7.670000076293945,7.670000076293945,7.669899940490723,7.669899940490723,655,0.0,0.0,0.0,AMDD,1m
2026-04-09 15:29:00-04:00,7.670000076293945,7.670000076293945,7.664999961853027,7.669899940490723,33837,0.0,0.0,0.0,AMDD,1m
2026-04-09 15:30:00-04:00,7.670000076293945,7.670000076293945,7.670000076293945,7.670000076293945,1600,0.0,0.0,0.0,AMDD,1m
2026-04-09 15:31:00-04:00,7.670100212097168,7.670100212097168,7.670000076293945,7.670000076293945,5940,0.0,0.0,0.0,AMDD,1m
2026-04-09 15:32:00-04:00,7.670000076293945,7.670000076293945,7.670000076293945,7.670000076293945,4080,0.0,0.0,0.0,AMDD,1m
2026-04-09 15:33:00-04:00,7.664999961853027,7.670000076293945,7.664999961853027,7.669899940490723,7611,0.0,0.0,0.0,AMDD,1m
2026-04-09 15:39:00-04:00,7.660099983215332,7.660099983215332,7.660099983215332,7.660099983215332,796,0.0,0.0,0.0,AMDD,1m
2026-04-09 15:40:00-04:00,7.664299964904785,7.671500205993652,7.664299964904785,7.671500205993652,60261,0.0,0.0,0.0,AMDD,1m
2026-04-09 15:43:00-04:00,7.670100212097168,7.675000190734863,7.670000076293945,7.670000076293945,64292,0.0,0.0,0.0,AMDD,1m
2026-04-09 15:44:00-04:00,7.670000076293945,7.670000076293945,7.670000076293945,7.670000076293945,6601,0.0,0.0,0.0,AMDD,1m
2026-04-09 15:45:00-04:00,7.670000076293945,7.670000076293945,7.669899940490723,7.670000076293945,39109,0.0,0.0,0.0,AMDD,1m
2026-04-09 15:46:00-04:00,7.670000076293945,7.675000190734863,7.664999961853027,7.675000190734863,31350,0.0,0.0,0.0,AMDD,1m
2026-04-09 15:47:00-04:00,7.670000076293945,7.670100212097168,7.670000076293945,7.670000076293945,45400,0.0,0.0,0.0,AMDD,1m
2026-04-09 15:49:00-04:00,7.679900169372559,7.679900169372559,7.670000076293945,7.670000076293945,972,0.0,0.0,0.0,AMDD,1m
2026-04-09 15:50:00-04:00,7.6697998046875,7.6697998046875,7.660099983215332,7.660099983215332,4857,0.0,0.0,0.0,AMDD,1m
2026-04-09 15:52:00-04:00,7.6620001792907715,7.670000076293945,7.660099983215332,7.670000076293945,54121,0.0,0.0,0.0,AMDD,1m
2026-04-09 15:53:00-04:00,7.669899940490723,7.669899940490723,7.669899940490723,7.669899940490723,2714,0.0,0.0,0.0,AMDD,1m
2026-04-09 15:54:00-04:00,7.670000076293945,7.670000076293945,7.664999961853027,7.670000076293945,3390,0.0,0.0,0.0,AMDD,1m
2026-04-09 15:55:00-04:00,7.670000076293945,7.670000076293945,7.669899940490723,7.670000076293945,1636,0.0,0.0,0.0,AMDD,1m
2026-04-09 15:57:00-04:00,7.679900169372559,7.679999828338623,7.679900169372559,7.679900169372559,2707,0.0,0.0,0.0,AMDD,1m
2026-04-09 15:58:00-04:00,7.689799785614014,7.689799785614014,7.679999828338623,7.679999828338623,1518,0.0,0.0,0.0,AMDD,1m
2026-04-09 15:59:00-04:00,7.679999828338623,7.679999828338623,7.675000190734863,7.675000190734863,44458,0.0,0.0,0.0,AMDD,1m
2026-04-10 09:30:00-04:00,7.599999904632568,7.599999904632568,7.514999866485596,7.525000095367432,84725,0.0,0.0,0.0,AMDD,1m
2026-04-10 09:31:00-04:00,7.519999980926514,7.519999980926514,7.5,7.510000228881836,86202,0.0,0.0,0.0,AMDD,1m
2026-04-10 09:32:00-04:00,7.510000228881836,7.510000228881836,7.48859977722168,7.489999771118164,31743,0.0,0.0,0.0,AMDD,1m
2026-04-10 09:33:00-04:00,7.499899864196777,7.499899864196777,7.460000038146973,7.460000038146973,24547,0.0,0.0,0.0,AMDD,1m
2026-04-10 09:34:00-04:00,7.460000038146973,7.480000019073486,7.450099945068359,7.480000019073486,60583,0.0,0.0,0.0,AMDD,1m
2026-04-10 09:35:00-04:00,7.46999979019165,7.485000133514404,7.460000038146973,7.479899883270264,56446,0.0,0.0,0.0,AMDD,1m
2026-04-10 09:36:00-04:00,7.480000019073486,7.485000133514404,7.465000152587891,7.465000152587891,55877,0.0,0.0,0.0,AMDD,1m
2026-04-10 09:37:00-04:00,7.460000038146973,7.460000038146973,7.429999828338623,7.434999942779541,15556,0.0,0.0,0.0,AMDD,1m
2026-04-10 09:38:00-04:00,7.434999942779541,7.460000038146973,7.429999828338623,7.460000038146973,37310,0.0,0.0,0.0,AMDD,1m
2026-04-10 09:39:00-04:00,7.489999771118164,7.505000114440918,7.489999771118164,7.499899864196777,43495,0.0,0.0,0.0,AMDD,1m
2026-04-10 09:40:00-04:00,7.5,7.5,7.469900131225586,7.469900131225586,44292,0.0,0.0,0.0,AMDD,1m
2026-04-10 09:41:00-04:00,7.465000152587891,7.46999979019165,7.418799877166748,7.419300079345703,10512,0.0,0.0,0.0,AMDD,1m
2026-04-10 09:42:00-04:00,7.409999847412109,7.409999847412109,7.375,7.380000114440918,13934,0.0,0.0,0.0,AMDD,1m
2026-04-10 09:43:00-04:00,7.380000114440918,7.409900188446045,7.377999782562256,7.389999866485596,86723,0.0,0.0,0.0,AMDD,1m
2026-04-10 09:44:00-04:00,7.394999980926514,7.40500020980835,7.385000228881836,7.387800216674805,54153,0.0,0.0,0.0,AMDD,1m
2026-04-10 09:45:00-04:00,7.380000114440918,7.380000114440918,7.340000152587891,7.340000152587891,14071,0.0,0.0,0.0,AMDD,1m
2026-04-10 09:46:00-04:00,7.339900016784668,7.339900016784668,7.309999942779541,7.309999942779541,9077,0.0,0.0,0.0,AMDD,1m
2026-04-10 09:47:00-04:00,7.315000057220459,7.329899787902832,7.309999942779541,7.317699909210205,57824,0.0,0.0,0.0,AMDD,1m
2026-04-10 09:48:00-04:00,7.300000190734863,7.307799816131592,7.289000034332275,7.289899826049805,10742,0.0,0.0,0.0,AMDD,1m
2026-04-10 09:49:00-04:00,7.289999961853027,7.289999961853027,7.260000228881836,7.284999847412109,40538,0.0,0.0,0.0,AMDD,1m
2026-04-10 09:50:00-04:00,7.300099849700928,7.309999942779541,7.300099849700928,7.304999828338623,13919,0.0,0.0,0.0,AMDD,1m
2026-04-10 09:51:00-04:00,7.304999828338623,7.307700157165527,7.300000190734863,7.300000190734863,12940,0.0,0.0,0.0,AMDD,1m
2026-04-10 09:52:00-04:00,7.319900035858154,7.319900035858154,7.295000076293945,7.300000190734863,27095,0.0,0.0,0.0,AMDD,1m
2026-04-10 09:53:00-04:00,7.315000057220459,7.320000171661377,7.304999828338623,7.320000171661377,5231,0.0,0.0,0.0,AMDD,1m
2026-04-10 09:54:00-04:00,7.320000171661377,7.320000171661377,7.309999942779541,7.309999942779541,13131,0.0,0.0,0.0,AMDD,1m
2026-04-10 09:55:00-04:00,7.329699993133545,7.340000152587891,7.324999809265137,7.340000152587891,10691,0.0,0.0,0.0,AMDD,1m
2026-04-10 09:56:00-04:00,7.349999904632568,7.349999904632568,7.340099811553955,7.34499979019165,18052,0.0,0.0,0.0,AMDD,1m
2026-04-10 09:57:00-04:00,7.340000152587891,7.34499979019165,7.340000152587891,7.34499979019165,12067,0.0,0.0,0.0,AMDD,1m
2026-04-10 09:58:00-04:00,7.340199947357178,7.349999904632568,7.339799880981445,7.349999904632568,119138,0.0,0.0,0.0,AMDD,1m
2026-04-10 09:59:00-04:00,7.340000152587891,7.349999904632568,7.338200092315674,7.340000152587891,107454,0.0,0.0,0.0,AMDD,1m
2026-04-10 10:00:00-04:00,7.340000152587891,7.340000152587891,7.324999809265137,7.340000152587891,163963,0.0,0.0,0.0,AMDD,1m
2026-04-10 10:01:00-04:00,7.34499979019165,7.355000019073486,7.34499979019165,7.355000019073486,69384,0.0,0.0,0.0,AMDD,1m
2026-04-10 10:02:00-04:00,7.349999904632568,7.364999771118164,7.349899768829346,7.3607001304626465,45005,0.0,0.0,0.0,AMDD,1m
2026-04-10 10:03:00-04:00,7.367400169372559,7.369699954986572,7.356400012969971,7.356400012969971,42315,0.0,0.0,0.0,AMDD,1m
2026-04-10 10:04:00-04:00,7.360000133514404,7.369999885559082,7.360000133514404,7.369999885559082,42110,0.0,0.0,0.0,AMDD,1m
2026-04-10 10:05:00-04:00,7.3694000244140625,7.369999885559082,7.360899925231934,7.369900226593018,4861,0.0,0.0,0.0,AMDD,1m
2026-04-10 10:06:00-04:00,7.369999885559082,7.377500057220459,7.364999771118164,7.364999771118164,115915,0.0,0.0,0.0,AMDD,1m
2026-04-10 10:07:00-04:00,7.350100040435791,7.369999885559082,7.349999904632568,7.359799861907959,133626,0.0,0.0,0.0,AMDD,1m
2026-04-10 10:08:00-04:00,7.360000133514404,7.3684000968933105,7.360000133514404,7.360000133514404,96396,0.0,0.0,0.0,AMDD,1m
2026-04-10 10:09:00-04:00,7.360000133514404,7.397600173950195,7.360000133514404,7.380099773406982,93850,0.0,0.0,0.0,AMDD,1m
2026-04-10 10:10:00-04:00,7.381499767303467,7.389999866485596,7.381499767303467,7.389999866485596,30423,0.0,0.0,0.0,AMDD,1m
2026-04-10 10:11:00-04:00,7.389900207519531,7.414999961853027,7.385000228881836,7.409999847412109,13276,0.0,0.0,0.0,AMDD,1m
2026-04-10 10:12:00-04:00,7.399899959564209,7.400000095367432,7.389999866485596,7.389999866485596,54348,0.0,0.0,0.0,AMDD,1m
2026-04-10 10:13:00-04:00,7.369999885559082,7.380000114440918,7.369999885559082,7.379499912261963,46588,0.0,0.0,0.0,AMDD,1m
2026-04-10 10:14:00-04:00,7.380000114440918,7.380000114440918,7.371600151062012,7.371600151062012,50630,0.0,0.0,0.0,AMDD,1m
2026-04-10 10:15:00-04:00,7.350100040435791,7.350100040435791,7.350100040435791,7.350100040435791,10578,0.0,0.0,0.0,AMDD,1m
2026-04-10 10:16:00-04:00,7.369999885559082,7.379899978637695,7.369999885559082,7.369999885559082,15935,0.0,0.0,0.0,AMDD,1m
2026-04-10 10:17:00-04:00,7.369900226593018,7.377099990844727,7.369900226593018,7.369999885559082,37533,0.0,0.0,0.0,AMDD,1m
2026-04-10 10:18:00-04:00,7.369999885559082,7.369999885559082,7.369999885559082,7.369999885559082,5276,0.0,0.0,0.0,AMDD,1m
2026-04-10 10:19:00-04:00,7.369999885559082,7.369999885559082,7.369999885559082,7.369999885559082,45304,0.0,0.0,0.0,AMDD,1m
2026-04-10 10:20:00-04:00,7.340000152587891,7.350100040435791,7.340000152587891,7.349999904632568,44266,0.0,0.0,0.0,AMDD,1m
2026-04-10 10:21:00-04:00,7.369999885559082,7.375,7.369999885559082,7.375,137404,0.0,0.0,0.0,AMDD,1m
2026-04-10 10:22:00-04:00,7.379899978637695,7.379899978637695,7.369999885559082,7.369999885559082,4937,0.0,0.0,0.0,AMDD,1m
2026-04-10 10:23:00-04:00,7.360000133514404,7.360000133514404,7.360000133514404,7.360000133514404,45563,0.0,0.0,0.0,AMDD,1m
2026-04-10 10:24:00-04:00,7.360000133514404,7.360000133514404,7.360000133514404,7.360000133514404,75596,0.0,0.0,0.0,AMDD,1m
2026-04-10 10:25:00-04:00,7.364999771118164,7.364999771118164,7.364999771118164,7.364999771118164,3595,0.0,0.0,0.0,AMDD,1m
2026-04-10 10:26:00-04:00,7.360000133514404,7.360000133514404,7.360000133514404,7.360000133514404,3934,0.0,0.0,0.0,AMDD,1m
2026-04-10 10:27:00-04:00,7.369999885559082,7.369999885559082,7.367599964141846,7.367599964141846,14141,0.0,0.0,0.0,AMDD,1m
2026-04-10 10:28:00-04:00,7.364999771118164,7.369999885559082,7.364999771118164,7.369999885559082,71406,0.0,0.0,0.0,AMDD,1m
2026-04-10 10:29:00-04:00,7.369999885559082,7.375,7.364999771118164,7.369900226593018,78812,0.0,0.0,0.0,AMDD,1m
2026-04-10 10:30:00-04:00,7.369900226593018,7.369900226593018,7.360000133514404,7.360000133514404,27895,0.0,0.0,0.0,AMDD,1m
2026-04-10 10:31:00-04:00,7.355000019073486,7.355000019073486,7.349999904632568,7.349999904632568,72332,0.0,0.0,0.0,AMDD,1m
2026-04-10 10:32:00-04:00,7.349999904632568,7.349999904632568,7.34499979019165,7.349699974060059,78632,0.0,0.0,0.0,AMDD,1m
2026-04-10 10:33:00-04:00,7.340099811553955,7.340099811553955,7.335000038146973,7.339900016784668,163633,0.0,0.0,0.0,AMDD,1m
2026-04-10 10:35:00-04:00,7.350100040435791,7.350100040435791,7.350100040435791,7.350100040435791,2756,0.0,0.0,0.0,AMDD,1m
2026-04-10 10:36:00-04:00,7.355000019073486,7.360000133514404,7.355000019073486,7.360000133514404,63634,0.0,0.0,0.0,AMDD,1m
2026-04-10 10:37:00-04:00,7.360000133514404,7.360099792480469,7.355000019073486,7.360000133514404,246571,0.0,0.0,0.0,AMDD,1m
2026-04-10 10:38:00-04:00,7.350200176239014,7.350200176239014,7.349999904632568,7.349999904632568,117846,0.0,0.0,0.0,AMDD,1m
2026-04-10 10:39:00-04:00,7.34499979019165,7.349999904632568,7.34499979019165,7.349999904632568,161446,0.0,0.0,0.0,AMDD,1m
2026-04-10 10:40:00-04:00,7.355000019073486,7.355000019073486,7.349999904632568,7.349999904632568,189999,0.0,0.0,0.0,AMDD,1m
2026-04-10 10:42:00-04:00,7.340000152587891,7.359899997711182,7.340000152587891,7.359899997711182,42906,0.0,0.0,0.0,AMDD,1m
2026-04-10 10:43:00-04:00,7.355000019073486,7.355000019073486,7.340000152587891,7.34499979019165,43056,0.0,0.0,0.0,AMDD,1m
2026-04-10 10:44:00-04:00,7.349899768829346,7.349999904632568,7.349699974060059,7.349999904632568,87134,0.0,0.0,0.0,AMDD,1m
2026-04-10 10:45:00-04:00,7.349999904632568,7.350100040435791,7.34499979019165,7.34499979019165,158915,0.0,0.0,0.0,AMDD,1m
2026-04-10 10:46:00-04:00,7.34499979019165,7.34499979019165,7.335000038146973,7.335000038146973,346699,0.0,0.0,0.0,AMDD,1m
2026-04-10 10:47:00-04:00,7.335000038146973,7.335000038146973,7.335000038146973,7.335000038146973,12352,0.0,0.0,0.0,AMDD,1m
2026-04-10 10:48:00-04:00,7.324999809265137,7.335000038146973,7.324999809265137,7.329999923706055,164772,0.0,0.0,0.0,AMDD,1m
2026-04-10 10:49:00-04:00,7.329999923706055,7.329999923706055,7.329800128936768,7.329999923706055,361655,0.0,0.0,0.0,AMDD,1m
2026-04-10 10:50:00-04:00,7.333799839019775,7.335000038146973,7.329999923706055,7.329999923706055,169765,0.0,0.0,0.0,AMDD,1m
2026-04-10 10:51:00-04:00,7.329999923706055,7.330100059509277,7.329899787902832,7.329999923706055,257305,0.0,0.0,0.0,AMDD,1m
2026-04-10 10:52:00-04:00,7.329999923706055,7.329999923706055,7.309999942779541,7.309999942779541,107832,0.0,0.0,0.0,AMDD,1m
2026-04-10 10:54:00-04:00,7.320000171661377,7.329599857330322,7.319699764251709,7.329599857330322,217656,0.0,0.0,0.0,AMDD,1m
2026-04-10 10:55:00-04:00,7.325500011444092,7.335000038146973,7.324999809265137,7.324999809265137,401850,0.0,0.0,0.0,AMDD,1m
2026-04-10 10:56:00-04:00,7.320300102233887,7.320300102233887,7.315000057220459,7.315000057220459,9323,0.0,0.0,0.0,AMDD,1m
2026-04-10 10:58:00-04:00,7.309999942779541,7.309999942779541,7.300000190734863,7.300000190734863,25996,0.0,0.0,0.0,AMDD,1m
2026-04-10 10:59:00-04:00,7.295000076293945,7.295000076293945,7.29010009765625,7.295000076293945,39004,0.0,0.0,0.0,AMDD,1m
2026-04-10 11:00:00-04:00,7.289999961853027,7.300000190734863,7.289999961853027,7.299900054931641,61872,0.0,0.0,0.0,AMDD,1m
2026-04-10 11:01:00-04:00,7.299900054931641,7.300000190734863,7.295000076293945,7.299900054931641,16555,0.0,0.0,0.0,AMDD,1m
2026-04-10 11:02:00-04:00,7.300000190734863,7.304999828338623,7.299900054931641,7.300000190734863,213493,0.0,0.0,0.0,AMDD,1m
2026-04-10 11:03:00-04:00,7.300000190734863,7.304999828338623,7.289999961853027,7.29580020904541,125632,0.0,0.0,0.0,AMDD,1m
2026-04-10 11:04:00-04:00,7.29010009765625,7.295000076293945,7.289899826049805,7.295000076293945,127358,0.0,0.0,0.0,AMDD,1m
2026-04-10 11:05:00-04:00,7.289999961853027,7.289999961853027,7.289700031280518,7.289700031280518,151267,0.0,0.0,0.0,AMDD,1m
2026-04-10 11:06:00-04:00,7.289999961853027,7.290200233459473,7.28980016708374,7.289999961853027,209005,0.0,0.0,0.0,AMDD,1m
2026-04-10 11:07:00-04:00,7.2866997718811035,7.2866997718811035,7.28000020980835,7.280300140380859,65705,0.0,0.0,0.0,AMDD,1m
2026-04-10 11:08:00-04:00,7.284999847412109,7.289899826049805,7.280099868774414,7.280099868774414,11618,0.0,0.0,0.0,AMDD,1m
2026-04-10 11:09:00-04:00,7.287899971008301,7.287899971008301,7.284999847412109,7.2870001792907715,248,0.0,0.0,0.0,AMDD,1m
2026-04-10 11:10:00-04:00,7.289999961853027,7.304999828338623,7.284999847412109,7.304999828338623,253246,0.0,0.0,0.0,AMDD,1m
2026-04-10 11:11:00-04:00,7.304999828338623,7.304999828338623,7.295000076293945,7.295000076293945,232607,0.0,0.0,0.0,AMDD,1m
2026-04-10 11:13:00-04:00,7.289999961853027,7.299900054931641,7.289999961853027,7.299900054931641,69346,0.0,0.0,0.0,AMDD,1m
2026-04-10 11:14:00-04:00,7.300000190734863,7.300300121307373,7.289999961853027,7.289999961853027,333740,0.0,0.0,0.0,AMDD,1m
2026-04-10 11:15:00-04:00,7.289999961853027,7.289999961853027,7.28000020980835,7.284999847412109,3472,0.0,0.0,0.0,AMDD,1m
2026-04-10 11:16:00-04:00,7.289899826049805,7.289899826049805,7.2866997718811035,7.289899826049805,1243,0.0,0.0,0.0,AMDD,1m
2026-04-10 11:17:00-04:00,7.289999961853027,7.295000076293945,7.289899826049805,7.29010009765625,201330,0.0,0.0,0.0,AMDD,1m
2026-04-10 11:18:00-04:00,7.29010009765625,7.295100212097168,7.28000020980835,7.289899826049805,167775,0.0,0.0,0.0,AMDD,1m
2026-04-10 11:19:00-04:00,7.289899826049805,7.295000076293945,7.289700031280518,7.289999961853027,248835,0.0,0.0,0.0,AMDD,1m
2026-04-10 11:20:00-04:00,7.29010009765625,7.2916998863220215,7.28000020980835,7.289899826049805,106420,0.0,0.0,0.0,AMDD,1m
2026-04-10 11:21:00-04:00,7.284999847412109,7.289999961853027,7.284999847412109,7.289999961853027,84900,0.0,0.0,0.0,AMDD,1m
2026-04-10 11:22:00-04:00,7.280099868774414,7.289899826049805,7.280099868774414,7.280300140380859,652,0.0,0.0,0.0,AMDD,1m
2026-04-10 11:23:00-04:00,7.289999961853027,7.289999961853027,7.269999980926514,7.269999980926514,57433,0.0,0.0,0.0,AMDD,1m
2026-04-10 11:24:00-04:00,7.275000095367432,7.275000095367432,7.260000228881836,7.2600998878479,88712,0.0,0.0,0.0,AMDD,1m
2026-04-10 11:25:00-04:00,7.264999866485596,7.269999980926514,7.264999866485596,7.269999980926514,169119,0.0,0.0,0.0,AMDD,1m
2026-04-10 11:26:00-04:00,7.279900074005127,7.279900074005127,7.279900074005127,7.279900074005127,26436,0.0,0.0,0.0,AMDD,1m
2026-04-10 11:27:00-04:00,7.28000020980835,7.284999847412109,7.279699802398682,7.284999847412109,147328,0.0,0.0,0.0,AMDD,1m
2026-04-10 11:28:00-04:00,7.284999847412109,7.289899826049805,7.28000020980835,7.288000106811523,0,0.0,0.0,0.0,AMDD,1m
2026-04-10 11:29:00-04:00,7.289899826049805,7.309899806976318,7.289899826049805,7.309899806976318,350556,0.0,0.0,0.0,AMDD,1m
2026-04-10 11:30:00-04:00,7.295000076293945,7.309999942779541,7.295000076293945,7.309999942779541,324835,0.0,0.0,0.0,AMDD,1m
2026-04-10 11:31:00-04:00,7.315000057220459,7.315400123596191,7.315000057220459,7.315400123596191,7427,0.0,0.0,0.0,AMDD,1m
2026-04-10 11:32:00-04:00,7.320000171661377,7.340000152587891,7.319900035858154,7.329999923706055,110075,0.0,0.0,0.0,AMDD,1m
2026-04-10 11:33:00-04:00,7.330100059509277,7.330100059509277,7.324999809265137,7.329999923706055,288559,0.0,0.0,0.0,AMDD,1m
2026-04-10 11:34:00-04:00,7.330100059509277,7.340000152587891,7.329999923706055,7.329999923706055,150607,0.0,0.0,0.0,AMDD,1m
2026-04-10 11:35:00-04:00,7.320000171661377,7.329899787902832,7.320000171661377,7.324999809265137,74985,0.0,0.0,0.0,AMDD,1m
2026-04-10 11:36:00-04:00,7.329999923706055,7.330100059509277,7.324999809265137,7.329999923706055,428569,0.0,0.0,0.0,AMDD,1m
2026-04-10 11:37:00-04:00,7.335000038146973,7.340000152587891,7.335000038146973,7.340000152587891,173652,0.0,0.0,0.0,AMDD,1m
2026-04-10 11:38:00-04:00,7.340000152587891,7.349999904632568,7.339900016784668,7.349999904632568,26021,0.0,0.0,0.0,AMDD,1m
2026-04-10 11:39:00-04:00,7.349999904632568,7.359799861907959,7.349999904632568,7.359799861907959,92896,0.0,0.0,0.0,AMDD,1m
2026-04-10 11:40:00-04:00,7.355000019073486,7.360000133514404,7.355000019073486,7.360000133514404,69069,0.0,0.0,0.0,AMDD,1m
2026-04-10 11:41:00-04:00,7.360099792480469,7.360199928283691,7.360000133514404,7.360099792480469,217405,0.0,0.0,0.0,AMDD,1m
2026-04-10 11:42:00-04:00,7.360000133514404,7.364799976348877,7.349999904632568,7.364799976348877,295275,0.0,0.0,0.0,AMDD,1m
2026-04-10 11:43:00-04:00,7.368899822235107,7.379899978637695,7.368500232696533,7.3765997886657715,30844,0.0,0.0,0.0,AMDD,1m
2026-04-10 11:44:00-04:00,7.370100021362305,7.370100021362305,7.369999885559082,7.370100021362305,51599,0.0,0.0,0.0,AMDD,1m
2026-04-10 11:45:00-04:00,7.369999885559082,7.370299816131592,7.360000133514404,7.369900226593018,203242,0.0,0.0,0.0,AMDD,1m
2026-04-10 11:46:00-04:00,7.369999885559082,7.375,7.360000133514404,7.365499973297119,368209,0.0,0.0,0.0,AMDD,1m
2026-04-10 11:47:00-04:00,7.369999885559082,7.375,7.364999771118164,7.369999885559082,471636,0.0,0.0,0.0,AMDD,1m
2026-04-10 11:48:00-04:00,7.369699954986572,7.369999885559082,7.369699954986572,7.369999885559082,89939,0.0,0.0,0.0,AMDD,1m
2026-04-10 11:50:00-04:00,7.370100021362305,7.370100021362305,7.370100021362305,7.370100021362305,6210,0.0,0.0,0.0,AMDD,1m
2026-04-10 11:51:00-04:00,7.380000114440918,7.380000114440918,7.369999885559082,7.370200157165527,270224,0.0,0.0,0.0,AMDD,1m
2026-04-10 11:52:00-04:00,7.369999885559082,7.370100021362305,7.360000133514404,7.369999885559082,240095,0.0,0.0,0.0,AMDD,1m
2026-04-10 11:53:00-04:00,7.377999782562256,7.377999782562256,7.375500202178955,7.376299858093262,396,0.0,0.0,0.0,AMDD,1m
2026-04-10 11:54:00-04:00,7.370299816131592,7.370299816131592,7.369999885559082,7.369999885559082,66800,0.0,0.0,0.0,AMDD,1m
2026-04-10 11:55:00-04:00,7.379899978637695,7.381999969482422,7.375,7.381999969482422,65519,0.0,0.0,0.0,AMDD,1m
2026-04-10 11:56:00-04:00,7.398099899291992,7.398099899291992,7.398099899291992,7.398099899291992,1600,0.0,0.0,0.0,AMDD,1m
2026-04-10 11:57:00-04:00,7.399899959564209,7.400100231170654,7.389999866485596,7.400100231170654,40634,0.0,0.0,0.0,AMDD,1m
2026-04-10 11:58:00-04:00,7.40500020980835,7.40500020980835,7.400000095367432,7.40500020980835,241031,0.0,0.0,0.0,AMDD,1m
2026-04-10 11:59:00-04:00,7.399899959564209,7.400100231170654,7.399799823760986,7.400100231170654,203651,0.0,0.0,0.0,AMDD,1m
2026-04-10 12:00:00-04:00,7.400000095367432,7.409999847412109,7.400000095367432,7.409900188446045,93159,0.0,0.0,0.0,AMDD,1m
2026-04-10 12:01:00-04:00,7.409900188446045,7.410200119018555,7.409900188446045,7.409999847412109,408868,0.0,0.0,0.0,AMDD,1m
2026-04-10 12:02:00-04:00,7.414999961853027,7.414999961853027,7.40500020980835,7.40500020980835,98748,0.0,0.0,0.0,AMDD,1m
2026-04-10 12:03:00-04:00,7.400100231170654,7.40500020980835,7.400100231170654,7.40500020980835,370,0.0,0.0,0.0,AMDD,1m
2026-04-10 12:04:00-04:00,7.40500020980835,7.409999847412109,7.40500020980835,7.409999847412109,195558,0.0,0.0,0.0,AMDD,1m
2026-04-10 12:05:00-04:00,7.409999847412109,7.414999961853027,7.409999847412109,7.409999847412109,145594,0.0,0.0,0.0,AMDD,1m
2026-04-10 12:06:00-04:00,7.409900188446045,7.409900188446045,7.40500020980835,7.409900188446045,6933,0.0,0.0,0.0,AMDD,1m
2026-04-10 12:07:00-04:00,7.409999847412109,7.420000076293945,7.409800052642822,7.409999847412109,281003,0.0,0.0,0.0,AMDD,1m
2026-04-10 12:08:00-04:00,7.400100231170654,7.400100231170654,7.400000095367432,7.400100231170654,73612,0.0,0.0,0.0,AMDD,1m
2026-04-10 12:09:00-04:00,7.409900188446045,7.419899940490723,7.409900188446045,7.419899940490723,135697,0.0,0.0,0.0,AMDD,1m
2026-04-10 12:10:00-04:00,7.410099983215332,7.410099983215332,7.400100231170654,7.400100231170654,101785,0.0,0.0,0.0,AMDD,1m
2026-04-10 12:11:00-04:00,7.403299808502197,7.403299808502197,7.400000095367432,7.400000095367432,11774,0.0,0.0,0.0,AMDD,1m
2026-04-10 12:12:00-04:00,7.400000095367432,7.400300025939941,7.400000095367432,7.400000095367432,47510,0.0,0.0,0.0,AMDD,1m
2026-04-10 12:13:00-04:00,7.390100002288818,7.390100002288818,7.390100002288818,7.390100002288818,15152,0.0,0.0,0.0,AMDD,1m
2026-04-10 12:14:00-04:00,7.385000228881836,7.389999866485596,7.380099773406982,7.389900207519531,156237,0.0,0.0,0.0,AMDD,1m
2026-04-10 12:15:00-04:00,7.400000095367432,7.400000095367432,7.400000095367432,7.400000095367432,54545,0.0,0.0,0.0,AMDD,1m
2026-04-10 12:16:00-04:00,7.400199890136719,7.40500020980835,7.399899959564209,7.399899959564209,159353,0.0,0.0,0.0,AMDD,1m
2026-04-10 12:17:00-04:00,7.394999980926514,7.400000095367432,7.394999980926514,7.399899959564209,51108,0.0,0.0,0.0,AMDD,1m
2026-04-10 12:19:00-04:00,7.400000095367432,7.400000095367432,7.400000095367432,7.400000095367432,7074,0.0,0.0,0.0,AMDD,1m
2026-04-10 12:20:00-04:00,7.400000095367432,7.400000095367432,7.400000095367432,7.400000095367432,152632,0.0,0.0,0.0,AMDD,1m
2026-04-10 12:21:00-04:00,7.409999847412109,7.409999847412109,7.40500020980835,7.40500020980835,559,0.0,0.0,0.0,AMDD,1m
2026-04-10 12:22:00-04:00,7.4004998207092285,7.4004998207092285,7.400000095367432,7.400000095367432,196977,0.0,0.0,0.0,AMDD,1m
2026-04-10 12:23:00-04:00,7.394999980926514,7.400000095367432,7.394999980926514,7.400000095367432,3376,0.0,0.0,0.0,AMDD,1m
2026-04-10 12:25:00-04:00,7.400000095367432,7.400100231170654,7.399899959564209,7.400000095367432,263139,0.0,0.0,0.0,AMDD,1m
2026-04-10 12:26:00-04:00,7.400000095367432,7.409999847412109,7.400000095367432,7.409999847412109,37708,0.0,0.0,0.0,AMDD,1m
2026-04-10 12:27:00-04:00,7.409900188446045,7.409999847412109,7.409900188446045,7.409999847412109,151335,0.0,0.0,0.0,AMDD,1m
2026-04-10 12:28:00-04:00,7.409999847412109,7.414999961853027,7.40500020980835,7.40500020980835,163651,0.0,0.0,0.0,AMDD,1m
2026-04-10 12:29:00-04:00,7.409999847412109,7.409999847412109,7.409900188446045,7.409999847412109,197162,0.0,0.0,0.0,AMDD,1m
2026-04-10 12:30:00-04:00,7.412300109863281,7.414999961853027,7.409999847412109,7.414999961853027,173599,0.0,0.0,0.0,AMDD,1m
2026-04-10 12:31:00-04:00,7.414999961853027,7.414999961853027,7.414999961853027,7.414999961853027,1388,0.0,0.0,0.0,AMDD,1m
2026-04-10 12:32:00-04:00,7.419899940490723,7.425000190734863,7.414999961853027,7.425000190734863,21125,0.0,0.0,0.0,AMDD,1m
2026-04-10 12:33:00-04:00,7.429900169372559,7.439899921417236,7.425000190734863,7.439899921417236,56776,0.0,0.0,0.0,AMDD,1m
2026-04-10 12:34:00-04:00,7.430099964141846,7.434999942779541,7.429999828338623,7.429999828338623,58176,0.0,0.0,0.0,AMDD,1m
2026-04-10 12:35:00-04:00,7.429999828338623,7.429999828338623,7.425000190734863,7.425000190734863,155378,0.0,0.0,0.0,AMDD,1m
2026-04-10 12:36:00-04:00,7.429900169372559,7.440000057220459,7.425000190734863,7.440000057220459,136507,0.0,0.0,0.0,AMDD,1m
2026-04-10 12:37:00-04:00,7.434999942779541,7.434999942779541,7.429999828338623,7.430099964141846,42467,0.0,0.0,0.0,AMDD,1m
2026-04-10 12:39:00-04:00,7.430099964141846,7.439899921417236,7.430099964141846,7.439899921417236,21350,0.0,0.0,0.0,AMDD,1m
2026-04-10 12:40:00-04:00,7.440000057220459,7.449999809265137,7.440000057220459,7.449999809265137,32713,0.0,0.0,0.0,AMDD,1m
2026-04-10 12:42:00-04:00,7.445000171661377,7.446599960327148,7.445000171661377,7.445300102233887,2259,0.0,0.0,0.0,AMDD,1m
2026-04-10 12:44:00-04:00,7.449999809265137,7.449999809265137,7.449999809265137,7.449999809265137,450,0.0,0.0,0.0,AMDD,1m
2026-04-10 12:45:00-04:00,7.440100193023682,7.440999984741211,7.440000057220459,7.440000057220459,171672,0.0,0.0,0.0,AMDD,1m
2026-04-10 12:46:00-04:00,7.439899921417236,7.439899921417236,7.430099964141846,7.430099964141846,6600,0.0,0.0,0.0,AMDD,1m
2026-04-10 12:47:00-04:00,7.430099964141846,7.430099964141846,7.430099964141846,7.430099964141846,3010,0.0,0.0,0.0,AMDD,1m
2026-04-10 12:48:00-04:00,7.434000015258789,7.434999942779541,7.430099964141846,7.434999942779541,4773,0.0,0.0,0.0,AMDD,1m
2026-04-10 12:49:00-04:00,7.429999828338623,7.430099964141846,7.429999828338623,7.429999828338623,81743,0.0,0.0,0.0,AMDD,1m
2026-04-10 12:50:00-04:00,7.429900169372559,7.429900169372559,7.429900169372559,7.429900169372559,774,0.0,0.0,0.0,AMDD,1m
2026-04-10 12:51:00-04:00,7.420000076293945,7.4390997886657715,7.420000076293945,7.429999828338623,306763,0.0,0.0,0.0,AMDD,1m
2026-04-10 12:52:00-04:00,7.425000190734863,7.425000190734863,7.420100212097168,7.420100212097168,111502,0.0,0.0,0.0,AMDD,1m
2026-04-10 12:54:00-04:00,7.40500020980835,7.40500020980835,7.394999980926514,7.394999980926514,85603,0.0,0.0,0.0,AMDD,1m
2026-04-10 12:57:00-04:00,7.400000095367432,7.400000095367432,7.394999980926514,7.400000095367432,158793,0.0,0.0,0.0,AMDD,1m
2026-04-10 12:59:00-04:00,7.40500020980835,7.40500020980835,7.400000095367432,7.400000095367432,167925,0.0,0.0,0.0,AMDD,1m
2026-04-10 13:00:00-04:00,7.400000095367432,7.400000095367432,7.399899959564209,7.400000095367432,131156,0.0,0.0,0.0,AMDD,1m
2026-04-10 13:03:00-04:00,7.40500020980835,7.40500020980835,7.40500020980835,7.40500020980835,96799,0.0,0.0,0.0,AMDD,1m
2026-04-10 13:04:00-04:00,7.400000095367432,7.400100231170654,7.394999980926514,7.394999980926514,219859,0.0,0.0,0.0,AMDD,1m
2026-04-10 13:05:00-04:00,7.400000095367432,7.40500020980835,7.399899959564209,7.40500020980835,243772,0.0,0.0,0.0,AMDD,1m
2026-04-10 13:07:00-04:00,7.400300025939941,7.400300025939941,7.400000095367432,7.400000095367432,109816,0.0,0.0,0.0,AMDD,1m
2026-04-10 13:08:00-04:00,7.400000095367432,7.400000095367432,7.400000095367432,7.400000095367432,23425,0.0,0.0,0.0,AMDD,1m
2026-04-10 13:10:00-04:00,7.399899959564209,7.400000095367432,7.399799823760986,7.399799823760986,74544,0.0,0.0,0.0,AMDD,1m
2026-04-10 13:11:00-04:00,7.40500020980835,7.40500020980835,7.40500020980835,7.40500020980835,34649,0.0,0.0,0.0,AMDD,1m
2026-04-10 13:12:00-04:00,7.400100231170654,7.400100231170654,7.400000095367432,7.400000095367432,75196,0.0,0.0,0.0,AMDD,1m
2026-04-10 13:13:00-04:00,7.400000095367432,7.40500020980835,7.400000095367432,7.400000095367432,20127,0.0,0.0,0.0,AMDD,1m
2026-04-10 13:14:00-04:00,7.394999980926514,7.400000095367432,7.394999980926514,7.399799823760986,232964,0.0,0.0,0.0,AMDD,1m
2026-04-10 13:15:00-04:00,7.400100231170654,7.40500020980835,7.399899959564209,7.400000095367432,311264,0.0,0.0,0.0,AMDD,1m
2026-04-10 13:16:00-04:00,7.400000095367432,7.400300025939941,7.394999980926514,7.400000095367432,144605,0.0,0.0,0.0,AMDD,1m
2026-04-10 13:17:00-04:00,7.400000095367432,7.40500020980835,7.400000095367432,7.400000095367432,82123,0.0,0.0,0.0,AMDD,1m
2026-04-10 13:19:00-04:00,7.400000095367432,7.400000095367432,7.400000095367432,7.400000095367432,0,0.0,0.0,0.0,AMDD,1m
2026-04-10 13:20:00-04:00,7.409999847412109,7.409999847412109,7.409999847412109,7.409999847412109,75000,0.0,0.0,0.0,AMDD,1m
2026-04-10 13:21:00-04:00,7.400000095367432,7.400100231170654,7.400000095367432,7.400000095367432,0,0.0,0.0,0.0,AMDD,1m
2026-04-10 13:22:00-04:00,7.409900188446045,7.409999847412109,7.409900188446045,7.409999847412109,93451,0.0,0.0,0.0,AMDD,1m
2026-04-10 13:23:00-04:00,7.410099983215332,7.410099983215332,7.409999847412109,7.409999847412109,228376,0.0,0.0,0.0,AMDD,1m
2026-04-10 13:26:00-04:00,7.400000095367432,7.400000095367432,7.400000095367432,7.400000095367432,75927,0.0,0.0,0.0,AMDD,1m
2026-04-10 13:30:00-04:00,7.400000095367432,7.400000095367432,7.400000095367432,7.400000095367432,26200,0.0,0.0,0.0,AMDD,1m
2026-04-10 13:31:00-04:00,7.390100002288818,7.394999980926514,7.390100002288818,7.394999980926514,0,0.0,0.0,0.0,AMDD,1m
2026-04-10 13:33:00-04:00,7.389999866485596,7.389999866485596,7.389500141143799,7.389999866485596,142613,0.0,0.0,0.0,AMDD,1m
2026-04-10 13:34:00-04:00,7.389500141143799,7.390100002288818,7.389500141143799,7.390100002288818,102541,0.0,0.0,0.0,AMDD,1m
2026-04-10 13:35:00-04:00,7.394999980926514,7.394999980926514,7.389999866485596,7.389999866485596,180727,0.0,0.0,0.0,AMDD,1m
2026-04-10 13:37:00-04:00,7.389900207519531,7.389999866485596,7.389900207519531,7.389999866485596,178951,0.0,0.0,0.0,AMDD,1m
2026-04-10 13:38:00-04:00,7.389999866485596,7.394999980926514,7.389999866485596,7.389999866485596,111818,0.0,0.0,0.0,AMDD,1m
2026-04-10 13:39:00-04:00,7.389999866485596,7.389999866485596,7.380000114440918,7.385000228881836,88385,0.0,0.0,0.0,AMDD,1m
2026-04-10 13:42:00-04:00,7.389999866485596,7.389999866485596,7.389999866485596,7.389999866485596,10687,0.0,0.0,0.0,AMDD,1m
2026-04-10 13:47:00-04:00,7.389999866485596,7.389999866485596,7.389999866485596,7.389999866485596,19752,0.0,0.0,0.0,AMDD,1m
2026-04-10 13:48:00-04:00,7.389999866485596,7.389999866485596,7.389900207519531,7.389900207519531,22024,0.0,0.0,0.0,AMDD,1m
2026-04-10 13:49:00-04:00,7.385000228881836,7.385000228881836,7.385000228881836,7.385000228881836,29100,0.0,0.0,0.0,AMDD,1m
2026-04-10 13:50:00-04:00,7.385000228881836,7.385000228881836,7.385000228881836,7.385000228881836,2728,0.0,0.0,0.0,AMDD,1m
2026-04-10 13:51:00-04:00,7.385000228881836,7.385000228881836,7.385000228881836,7.385000228881836,3000,0.0,0.0,0.0,AMDD,1m
2026-04-10 13:52:00-04:00,7.380000114440918,7.380000114440918,7.380000114440918,7.380000114440918,70596,0.0,0.0,0.0,AMDD,1m
2026-04-10 13:53:00-04:00,7.380000114440918,7.385000228881836,7.380000114440918,7.385000228881836,374,0.0,0.0,0.0,AMDD,1m
2026-04-10 13:57:00-04:00,7.385000228881836,7.385000228881836,7.380000114440918,7.380000114440918,74861,0.0,0.0,0.0,AMDD,1m
2026-04-10 13:58:00-04:00,7.373199939727783,7.373199939727783,7.373199939727783,7.373199939727783,20,0.0,0.0,0.0,AMDD,1m
2026-04-10 13:59:00-04:00,7.379899978637695,7.380000114440918,7.375,7.380000114440918,45820,0.0,0.0,0.0,AMDD,1m
2026-04-10 14:00:00-04:00,7.380000114440918,7.385000228881836,7.373700141906738,7.373700141906738,173692,0.0,0.0,0.0,AMDD,1m
2026-04-10 14:01:00-04:00,7.375,7.380000114440918,7.375,7.380000114440918,148586,0.0,0.0,0.0,AMDD,1m
2026-04-10 14:02:00-04:00,7.385000228881836,7.385000228881836,7.380099773406982,7.385000228881836,51284,0.0,0.0,0.0,AMDD,1m
2026-04-10 14:03:00-04:00,7.380000114440918,7.380099773406982,7.380000114440918,7.380000114440918,19400,0.0,0.0,0.0,AMDD,1m
2026-04-10 14:04:00-04:00,7.380000114440918,7.389999866485596,7.380000114440918,7.389999866485596,4400,0.0,0.0,0.0,AMDD,1m
2026-04-10 14:05:00-04:00,7.386499881744385,7.389999866485596,7.386499881744385,7.389900207519531,53076,0.0,0.0,0.0,AMDD,1m
2026-04-10 14:10:00-04:00,7.389699935913086,7.389999866485596,7.385000228881836,7.385000228881836,75931,0.0,0.0,0.0,AMDD,1m
2026-04-10 14:11:00-04:00,7.385000228881836,7.385000228881836,7.385000228881836,7.385000228881836,3000,0.0,0.0,0.0,AMDD,1m
2026-04-10 14:15:00-04:00,7.380099773406982,7.380099773406982,7.380099773406982,7.380099773406982,20396,0.0,0.0,0.0,AMDD,1m
2026-04-10 14:17:00-04:00,7.388299942016602,7.388299942016602,7.380000114440918,7.380099773406982,15507,0.0,0.0,0.0,AMDD,1m
2026-04-10 14:18:00-04:00,7.380000114440918,7.385000228881836,7.380000114440918,7.380000114440918,172262,0.0,0.0,0.0,AMDD,1m
2026-04-10 14:19:00-04:00,7.371500015258789,7.371500015258789,7.371500015258789,7.371500015258789,9225,0.0,0.0,0.0,AMDD,1m
2026-04-10 14:21:00-04:00,7.369999885559082,7.369999885559082,7.360000133514404,7.369999885559082,57959,0.0,0.0,0.0,AMDD,1m
2026-04-10 14:22:00-04:00,7.369999885559082,7.375,7.369999885559082,7.375,214216,0.0,0.0,0.0,AMDD,1m
2026-04-10 14:23:00-04:00,7.375,7.375,7.369999885559082,7.369999885559082,240012,0.0,0.0,0.0,AMDD,1m
2026-04-10 14:24:00-04:00,7.369900226593018,7.369999885559082,7.369900226593018,7.369999885559082,80561,0.0,0.0,0.0,AMDD,1m
2026-04-10 14:25:00-04:00,7.369999885559082,7.375,7.364999771118164,7.375,226913,0.0,0.0,0.0,AMDD,1m
2026-04-10 14:26:00-04:00,7.370100021362305,7.370100021362305,7.369999885559082,7.370100021362305,31285,0.0,0.0,0.0,AMDD,1m
2026-04-10 14:29:00-04:00,7.375,7.375,7.375,7.375,0,0.0,0.0,0.0,AMDD,1m
2026-04-10 14:31:00-04:00,7.375,7.380000114440918,7.375,7.379700183868408,179826,0.0,0.0,0.0,AMDD,1m
2026-04-10 14:35:00-04:00,7.389999866485596,7.400000095367432,7.389999866485596,7.399700164794922,0,0.0,0.0,0.0,AMDD,1m
2026-04-10 14:36:00-04:00,7.394999980926514,7.394999980926514,7.394999980926514,7.394999980926514,65,0.0,0.0,0.0,AMDD,1m
2026-04-10 14:38:00-04:00,7.394999980926514,7.394999980926514,7.394999980926514,7.394999980926514,2900,0.0,0.0,0.0,AMDD,1m
2026-04-10 14:41:00-04:00,7.400000095367432,7.400000095367432,7.399899959564209,7.400000095367432,34846,0.0,0.0,0.0,AMDD,1m
2026-04-10 14:43:00-04:00,7.400100231170654,7.409900188446045,7.400100231170654,7.409900188446045,900,0.0,0.0,0.0,AMDD,1m
2026-04-10 14:46:00-04:00,7.40500020980835,7.40500020980835,7.400000095367432,7.400000095367432,99098,0.0,0.0,0.0,AMDD,1m
2026-04-10 14:50:00-04:00,7.400000095367432,7.40500020980835,7.400000095367432,7.40500020980835,68273,0.0,0.0,0.0,AMDD,1m
2026-04-10 14:51:00-04:00,7.400000095367432,7.400000095367432,7.399700164794922,7.400000095367432,87840,0.0,0.0,0.0,AMDD,1m
2026-04-10 14:52:00-04:00,7.394999980926514,7.394999980926514,7.394999980926514,7.394999980926514,100,0.0,0.0,0.0,AMDD,1m
2026-04-10 14:55:00-04:00,7.394999980926514,7.394999980926514,7.394999980926514,7.394999980926514,3296,0.0,0.0,0.0,AMDD,1m
2026-04-10 14:57:00-04:00,7.399899959564209,7.399899959564209,7.394599914550781,7.394599914550781,7890,0.0,0.0,0.0,AMDD,1m
2026-04-10 15:00:00-04:00,7.399899959564209,7.399899959564209,7.394999980926514,7.394999980926514,8472,0.0,0.0,0.0,AMDD,1m
2026-04-10 15:03:00-04:00,7.389999866485596,7.394999980926514,7.389999866485596,7.394999980926514,1000,0.0,0.0,0.0,AMDD,1m
2026-04-10 15:05:00-04:00,7.394999980926514,7.394999980926514,7.394999980926514,7.394999980926514,471,0.0,0.0,0.0,AMDD,1m
2026-04-10 15:07:00-04:00,7.394999980926514,7.394999980926514,7.389999866485596,7.389999866485596,61746,0.0,0.0,0.0,AMDD,1m
2026-04-10 15:11:00-04:00,7.385000228881836,7.385000228881836,7.385000228881836,7.385000228881836,6704,0.0,0.0,0.0,AMDD,1m
2026-04-10 15:12:00-04:00,7.380099773406982,7.380199909210205,7.380000114440918,7.380000114440918,127000,0.0,0.0,0.0,AMDD,1m
2026-04-10 15:13:00-04:00,7.385000228881836,7.38700008392334,7.385000228881836,7.38700008392334,3600,0.0,0.0,0.0,AMDD,1m
2026-04-10 15:14:00-04:00,7.385000228881836,7.385000228881836,7.385000228881836,7.385000228881836,1500,0.0,0.0,0.0,AMDD,1m
2026-04-10 15:15:00-04:00,7.389999866485596,7.389999866485596,7.389999866485596,7.389999866485596,2095,0.0,0.0,0.0,AMDD,1m
2026-04-10 15:17:00-04:00,7.385000228881836,7.385000228881836,7.385000228881836,7.385000228881836,15600,0.0,0.0,0.0,AMDD,1m
2026-04-10 15:18:00-04:00,7.380300045013428,7.385000228881836,7.380000114440918,7.380000114440918,21232,0.0,0.0,0.0,AMDD,1m
2026-04-10 15:19:00-04:00,7.380000114440918,7.380000114440918,7.380000114440918,7.380000114440918,21871,0.0,0.0,0.0,AMDD,1m
2026-04-10 15:21:00-04:00,7.375,7.375,7.375,7.375,1505,0.0,0.0,0.0,AMDD,1m
2026-04-10 15:23:00-04:00,7.375,7.375,7.375,7.375,32020,0.0,0.0,0.0,AMDD,1m
2026-04-10 15:27:00-04:00,7.370999813079834,7.375,7.370999813079834,7.375,3200,0.0,0.0,0.0,AMDD,1m
2026-04-10 15:30:00-04:00,7.375,7.385000228881836,7.375,7.385000228881836,166737,0.0,0.0,0.0,AMDD,1m
2026-04-10 15:36:00-04:00,7.380099773406982,7.380099773406982,7.380099773406982,7.380099773406982,200,0.0,0.0,0.0,AMDD,1m
2026-04-10 15:37:00-04:00,7.389900207519531,7.389900207519531,7.389900207519531,7.389900207519531,332,0.0,0.0,0.0,AMDD,1m
2026-04-10 15:38:00-04:00,7.389999866485596,7.390100002288818,7.389999866485596,7.390100002288818,12237,0.0,0.0,0.0,AMDD,1m
2026-04-10 15:42:00-04:00,7.394999980926514,7.394999980926514,7.3917999267578125,7.3917999267578125,4100,0.0,0.0,0.0,AMDD,1m
2026-04-10 15:43:00-04:00,7.389999866485596,7.389999866485596,7.389999866485596,7.389999866485596,0,0.0,0.0,0.0,AMDD,1m
2026-04-10 15:44:00-04:00,7.389999866485596,7.389999866485596,7.385000228881836,7.385000228881836,117033,0.0,0.0,0.0,AMDD,1m
2026-04-10 15:46:00-04:00,7.389699935913086,7.389999866485596,7.385000228881836,7.389900207519531,188100,0.0,0.0,0.0,AMDD,1m
2026-04-10 15:47:00-04:00,7.390100002288818,7.394999980926514,7.390100002288818,7.394999980926514,10794,0.0,0.0,0.0,AMDD,1m
2026-04-10 15:48:00-04:00,7.399899959564209,7.399899959564209,7.399899959564209,7.399899959564209,5202,0.0,0.0,0.0,AMDD,1m
2026-04-10 15:49:00-04:00,7.394999980926514,7.394999980926514,7.394999980926514,7.394999980926514,2303,0.0,0.0,0.0,AMDD,1m
2026-04-10 15:50:00-04:00,7.389999866485596,7.399899959564209,7.389999866485596,7.390100002288818,108351,0.0,0.0,0.0,AMDD,1m
2026-04-10 15:51:00-04:00,7.390200138092041,7.390200138092041,7.385000228881836,7.389800071716309,108404,0.0,0.0,0.0,AMDD,1m
2026-04-10 15:52:00-04:00,7.389900207519531,7.389900207519531,7.385000228881836,7.385000228881836,200,0.0,0.0,0.0,AMDD,1m
2026-04-10 15:53:00-04:00,7.389999866485596,7.394100189208984,7.389999866485596,7.394100189208984,101575,0.0,0.0,0.0,AMDD,1m
2026-04-10 15:54:00-04:00,7.394999980926514,7.394999980926514,7.389999866485596,7.389999866485596,31192,0.0,0.0,0.0,AMDD,1m
2026-04-10 15:55:00-04:00,7.389999866485596,7.40500020980835,7.389999866485596,7.40500020980835,97786,0.0,0.0,0.0,AMDD,1m
2026-04-10 15:56:00-04:00,7.409999847412109,7.409999847412109,7.40500020980835,7.40500020980835,15000,0.0,0.0,0.0,AMDD,1m
2026-04-10 15:57:00-04:00,7.409999847412109,7.409999847412109,7.40500020980835,7.40500020980835,0,0.0,0.0,0.0,AMDD,1m
2026-04-10 15:59:00-04:00,7.409999847412109,7.420000076293945,7.409999847412109,7.409999847412109,229156,0.0,0.0,0.0,AMDD,1m
2026-04-13 09:30:00-04:00,7.400000095367432,7.400000095367432,7.379899978637695,7.380000114440918,103741,0.0,0.0,0.0,AMDD,1m
2026-04-13 09:31:00-04:00,7.369999885559082,7.389999866485596,7.369999885559082,7.389999866485596,68785,0.0,0.0,0.0,AMDD,1m
2026-04-13 09:32:00-04:00,7.389999866485596,7.389999866485596,7.369999885559082,7.369999885559082,26069,0.0,0.0,0.0,AMDD,1m
2026-04-13 09:33:00-04:00,7.380000114440918,7.400000095367432,7.380000114440918,7.380000114440918,70020,0.0,0.0,0.0,AMDD,1m
2026-04-13 09:34:00-04:00,7.389999866485596,7.40500020980835,7.389999866485596,7.399899959564209,80833,0.0,0.0,0.0,AMDD,1m
2026-04-13 09:35:00-04:00,7.400000095367432,7.400000095367432,7.380000114440918,7.385000228881836,335104,0.0,0.0,0.0,AMDD,1m
2026-04-13 09:36:00-04:00,7.385000228881836,7.40500020980835,7.385000228881836,7.400000095367432,42426,0.0,0.0,0.0,AMDD,1m
2026-04-13 09:37:00-04:00,7.400000095367432,7.409999847412109,7.389999866485596,7.409999847412109,166153,0.0,0.0,0.0,AMDD,1m
2026-04-13 09:38:00-04:00,7.409999847412109,7.419899940490723,7.400000095367432,7.414999961853027,229860,0.0,0.0,0.0,AMDD,1m
2026-04-13 09:39:00-04:00,7.420000076293945,7.440000057220459,7.420000076293945,7.429999828338623,37547,0.0,0.0,0.0,AMDD,1m
2026-04-13 09:40:00-04:00,7.420000076293945,7.440000057220459,7.420000076293945,7.440000057220459,56084,0.0,0.0,0.0,AMDD,1m
2026-04-13 09:41:00-04:00,7.440000057220459,7.458499908447266,7.440000057220459,7.450099945068359,27654,0.0,0.0,0.0,AMDD,1m
2026-04-13 09:42:00-04:00,7.45989990234375,7.45989990234375,7.440000057220459,7.449999809265137,18140,0.0,0.0,0.0,AMDD,1m
2026-04-13 09:43:00-04:00,7.458499908447266,7.458499908447266,7.429999828338623,7.429999828338623,9888,0.0,0.0,0.0,AMDD,1m
2026-04-13 09:44:00-04:00,7.439899921417236,7.449999809265137,7.439899921417236,7.449999809265137,6472,0.0,0.0,0.0,AMDD,1m
2026-04-13 09:45:00-04:00,7.469900131225586,7.474999904632568,7.465000152587891,7.474999904632568,15530,0.0,0.0,0.0,AMDD,1m
2026-04-13 09:46:00-04:00,7.474999904632568,7.480000019073486,7.46999979019165,7.479899883270264,28642,0.0,0.0,0.0,AMDD,1m
2026-04-13 09:47:00-04:00,7.479899883270264,7.480000019073486,7.46999979019165,7.480000019073486,24753,0.0,0.0,0.0,AMDD,1m
2026-04-13 09:48:00-04:00,7.4899001121521,7.4899001121521,7.460000038146973,7.460000038146973,43859,0.0,0.0,0.0,AMDD,1m
2026-04-13 09:49:00-04:00,7.460100173950195,7.460100173950195,7.440000057220459,7.440000057220459,9614,0.0,0.0,0.0,AMDD,1m
2026-04-13 09:50:00-04:00,7.449999809265137,7.449999809265137,7.440000057220459,7.440100193023682,10370,0.0,0.0,0.0,AMDD,1m
2026-04-13 09:51:00-04:00,7.449999809265137,7.460000038146973,7.449999809265137,7.460000038146973,16209,0.0,0.0,0.0,AMDD,1m
2026-04-13 09:52:00-04:00,7.460000038146973,7.460000038146973,7.440000057220459,7.440000057220459,15516,0.0,0.0,0.0,AMDD,1m
2026-04-13 09:53:00-04:00,7.449999809265137,7.460000038146973,7.449999809265137,7.454999923706055,18976,0.0,0.0,0.0,AMDD,1m
2026-04-13 09:54:00-04:00,7.460000038146973,7.460000038146973,7.460000038146973,7.460000038146973,8221,0.0,0.0,0.0,AMDD,1m
2026-04-13 09:55:00-04:00,7.449999809265137,7.470099925994873,7.449999809265137,7.470099925994873,17232,0.0,0.0,0.0,AMDD,1m
2026-04-13 09:56:00-04:00,7.46999979019165,7.470099925994873,7.454999923706055,7.460000038146973,10528,0.0,0.0,0.0,AMDD,1m
2026-04-13 09:57:00-04:00,7.454999923706055,7.460000038146973,7.454999923706055,7.460000038146973,5451,0.0,0.0,0.0,AMDD,1m
2026-04-13 09:58:00-04:00,7.454999923706055,7.454999923706055,7.454999923706055,7.454999923706055,440,0.0,0.0,0.0,AMDD,1m
2026-04-13 10:00:00-04:00,7.440000057220459,7.440000057220459,7.430699825286865,7.440000057220459,20295,0.0,0.0,0.0,AMDD,1m
2026-04-13 10:01:00-04:00,7.449999809265137,7.449999809265137,7.449999809265137,7.449999809265137,5162,0.0,0.0,0.0,AMDD,1m
2026-04-13 10:02:00-04:00,7.440000057220459,7.440000057220459,7.440000057220459,7.440000057220459,10534,0.0,0.0,0.0,AMDD,1m
2026-04-13 10:03:00-04:00,7.440000057220459,7.440100193023682,7.440000057220459,7.440100193023682,14122,0.0,0.0,0.0,AMDD,1m
2026-04-13 10:04:00-04:00,7.440000057220459,7.440000057220459,7.429999828338623,7.429999828338623,8966,0.0,0.0,0.0,AMDD,1m
2026-04-13 10:05:00-04:00,7.429999828338623,7.429999828338623,7.429900169372559,7.429900169372559,2840,0.0,0.0,0.0,AMDD,1m
2026-04-13 10:06:00-04:00,7.440000057220459,7.440000057220459,7.440000057220459,7.440000057220459,2351,0.0,0.0,0.0,AMDD,1m
2026-04-13 10:07:00-04:00,7.440000057220459,7.440000057220459,7.439899921417236,7.440000057220459,19270,0.0,0.0,0.0,AMDD,1m
2026-04-13 10:08:00-04:00,7.449999809265137,7.460000038146973,7.449999809265137,7.460000038146973,37719,0.0,0.0,0.0,AMDD,1m
2026-04-13 10:09:00-04:00,7.460000038146973,7.460100173950195,7.460000038146973,7.460000038146973,61885,0.0,0.0,0.0,AMDD,1m
2026-04-13 10:10:00-04:00,7.460000038146973,7.460000038146973,7.460000038146973,7.460000038146973,14233,0.0,0.0,0.0,AMDD,1m
2026-04-13 10:11:00-04:00,7.474999904632568,7.474999904632568,7.465000152587891,7.465000152587891,3584,0.0,0.0,0.0,AMDD,1m
2026-04-13 10:12:00-04:00,7.4670000076293945,7.479899883270264,7.4670000076293945,7.479899883270264,11136,0.0,0.0,0.0,AMDD,1m
2026-04-13 10:14:00-04:00,7.46999979019165,7.470099925994873,7.469900131225586,7.46999979019165,31653,0.0,0.0,0.0,AMDD,1m
2026-04-13 10:15:00-04:00,7.46999979019165,7.46999979019165,7.46999979019165,7.46999979019165,38551,0.0,0.0,0.0,AMDD,1m
2026-04-13 10:16:00-04:00,7.460000038146973,7.465000152587891,7.454999923706055,7.465000152587891,83590,0.0,0.0,0.0,AMDD,1m
2026-04-13 10:20:00-04:00,7.460000038146973,7.460000038146973,7.449999809265137,7.449999809265137,14170,0.0,0.0,0.0,AMDD,1m
2026-04-13 10:21:00-04:00,7.454999923706055,7.454999923706055,7.449999809265137,7.449999809265137,13244,0.0,0.0,0.0,AMDD,1m
2026-04-13 10:22:00-04:00,7.449999809265137,7.449999809265137,7.449999809265137,7.449999809265137,59356,0.0,0.0,0.0,AMDD,1m
2026-04-13 10:23:00-04:00,7.459799766540527,7.46999979019165,7.459799766540527,7.46999979019165,145937,0.0,0.0,0.0,AMDD,1m
2026-04-13 10:26:00-04:00,7.469900131225586,7.469900131225586,7.460000038146973,7.460000038146973,89369,0.0,0.0,0.0,AMDD,1m
2026-04-13 10:28:00-04:00,7.46019983291626,7.46019983291626,7.46019983291626,7.46019983291626,524,0.0,0.0,0.0,AMDD,1m
2026-04-13 10:30:00-04:00,7.46999979019165,7.46999979019165,7.46999979019165,7.46999979019165,38069,0.0,0.0,0.0,AMDD,1m
2026-04-13 10:31:00-04:00,7.46999979019165,7.46999979019165,7.46999979019165,7.46999979019165,64188,0.0,0.0,0.0,AMDD,1m
2026-04-13 10:32:00-04:00,7.465000152587891,7.46999979019165,7.465000152587891,7.465000152587891,18869,0.0,0.0,0.0,AMDD,1m
2026-04-13 10:33:00-04:00,7.469900131225586,7.469900131225586,7.469900131225586,7.469900131225586,31943,0.0,0.0,0.0,AMDD,1m
2026-04-13 10:34:00-04:00,7.460100173950195,7.46019983291626,7.460000038146973,7.460000038146973,195081,0.0,0.0,0.0,AMDD,1m
2026-04-13 10:35:00-04:00,7.450099945068359,7.460000038146973,7.450099945068359,7.45989990234375,17961,0.0,0.0,0.0,AMDD,1m
2026-04-13 10:36:00-04:00,7.460000038146973,7.4629998207092285,7.460000038146973,7.4629998207092285,16623,0.0,0.0,0.0,AMDD,1m
2026-04-13 10:37:00-04:00,7.465000152587891,7.469900131225586,7.465000152587891,7.469900131225586,933,0.0,0.0,0.0,AMDD,1m
2026-04-13 10:38:00-04:00,7.4679999351501465,7.4679999351501465,7.465000152587891,7.465000152587891,1370,0.0,0.0,0.0,AMDD,1m
2026-04-13 10:39:00-04:00,7.46999979019165,7.46999979019165,7.46999979019165,7.46999979019165,62512,0.0,0.0,0.0,AMDD,1m
2026-04-13 10:40:00-04:00,7.469900131225586,7.469900131225586,7.465000152587891,7.465000152587891,45223,0.0,0.0,0.0,AMDD,1m
2026-04-13 10:42:00-04:00,7.465000152587891,7.469900131225586,7.460000038146973,7.460000038146973,116201,0.0,0.0,0.0,AMDD,1m
2026-04-13 10:44:00-04:00,7.460000038146973,7.460000038146973,7.460000038146973,7.460000038146973,57391,0.0,0.0,0.0,AMDD,1m
2026-04-13 10:45:00-04:00,7.449999809265137,7.449999809265137,7.440199851989746,7.440199851989746,65546,0.0,0.0,0.0,AMDD,1m
2026-04-13 10:46:00-04:00,7.449900150299072,7.454999923706055,7.449900150299072,7.449999809265137,165635,0.0,0.0,0.0,AMDD,1m
2026-04-13 10:47:00-04:00,7.449999809265137,7.449999809265137,7.449999809265137,7.449999809265137,395,0.0,0.0,0.0,AMDD,1m
2026-04-13 10:48:00-04:00,7.454999923706055,7.454999923706055,7.451300144195557,7.451300144195557,3011,0.0,0.0,0.0,AMDD,1m
2026-04-13 10:49:00-04:00,7.454999923706055,7.454999923706055,7.454999923706055,7.454999923706055,299,0.0,0.0,0.0,AMDD,1m
2026-04-13 10:50:00-04:00,7.454999923706055,7.454999923706055,7.449900150299072,7.449900150299072,208097,0.0,0.0,0.0,AMDD,1m
2026-04-13 10:51:00-04:00,7.449999809265137,7.454999923706055,7.449999809265137,7.449999809265137,265353,0.0,0.0,0.0,AMDD,1m
2026-04-13 10:52:00-04:00,7.440299987792969,7.440299987792969,7.440299987792969,7.440299987792969,8060,0.0,0.0,0.0,AMDD,1m
2026-04-13 10:53:00-04:00,7.440000057220459,7.440000057220459,7.440000057220459,7.440000057220459,33016,0.0,0.0,0.0,AMDD,1m
2026-04-13 10:57:00-04:00,7.434999942779541,7.434999942779541,7.425000190734863,7.425000190734863,18720,0.0,0.0,0.0,AMDD,1m
2026-04-13 10:58:00-04:00,7.420000076293945,7.427000045776367,7.420000076293945,7.427000045776367,1800,0.0,0.0,0.0,AMDD,1m
2026-04-13 10:59:00-04:00,7.425000190734863,7.425000190734863,7.425000190734863,7.425000190734863,2205,0.0,0.0,0.0,AMDD,1m
2026-04-13 11:00:00-04:00,7.429800033569336,7.449900150299072,7.429800033569336,7.449900150299072,227071,0.0,0.0,0.0,AMDD,1m
2026-04-13 11:04:00-04:00,7.449999809265137,7.449999809265137,7.443600177764893,7.449999809265137,203917,0.0,0.0,0.0,AMDD,1m
2026-04-13 11:05:00-04:00,7.454999923706055,7.454999923706055,7.450099945068359,7.450099945068359,94936,0.0,0.0,0.0,AMDD,1m
2026-04-13 11:06:00-04:00,7.450099945068359,7.450099945068359,7.449999809265137,7.449999809265137,110876,0.0,0.0,0.0,AMDD,1m
2026-04-13 11:09:00-04:00,7.440000057220459,7.440100193023682,7.434999942779541,7.434999942779541,47232,0.0,0.0,0.0,AMDD,1m
2026-04-13 11:10:00-04:00,7.440000057220459,7.440000057220459,7.439799785614014,7.440000057220459,97739,0.0,0.0,0.0,AMDD,1m
2026-04-13 11:11:00-04:00,7.440000057220459,7.440000057220459,7.440000057220459,7.440000057220459,250542,0.0,0.0,0.0,AMDD,1m
2026-04-13 11:12:00-04:00,7.420300006866455,7.420300006866455,7.420100212097168,7.420100212097168,48778,0.0,0.0,0.0,AMDD,1m
2026-04-13 11:14:00-04:00,7.425000190734863,7.425000190734863,7.425000190734863,7.425000190734863,2098,0.0,0.0,0.0,AMDD,1m
2026-04-13 11:16:00-04:00,7.414999961853027,7.414999961853027,7.414999961853027,7.414999961853027,56543,0.0,0.0,0.0,AMDD,1m
2026-04-13 11:18:00-04:00,7.419899940490723,7.419899940490723,7.419899940490723,7.419899940490723,12800,0.0,0.0,0.0,AMDD,1m
2026-04-13 11:19:00-04:00,7.419899940490723,7.419899940490723,7.419899940490723,7.419899940490723,127052,0.0,0.0,0.0,AMDD,1m
2026-04-13 11:20:00-04:00,7.419899940490723,7.419899940490723,7.419899940490723,7.419899940490723,432,0.0,0.0,0.0,AMDD,1m
2026-04-13 11:21:00-04:00,7.409999847412109,7.410299777984619,7.409999847412109,7.409999847412109,112928,0.0,0.0,0.0,AMDD,1m
2026-04-13 11:22:00-04:00,7.409999847412109,7.409999847412109,7.409900188446045,7.409999847412109,175129,0.0,0.0,0.0,AMDD,1m
2026-04-13 11:23:00-04:00,7.414999961853027,7.414999961853027,7.414999961853027,7.414999961853027,11874,0.0,0.0,0.0,AMDD,1m
2026-04-13 11:25:00-04:00,7.420000076293945,7.420000076293945,7.419899940490723,7.419899940490723,29552,0.0,0.0,0.0,AMDD,1m
2026-04-13 11:28:00-04:00,7.409999847412109,7.410099983215332,7.409999847412109,7.409999847412109,119700,0.0,0.0,0.0,AMDD,1m
2026-04-13 11:29:00-04:00,7.409999847412109,7.420000076293945,7.409999847412109,7.420000076293945,198260,0.0,0.0,0.0,AMDD,1m
2026-04-13 11:30:00-04:00,7.420000076293945,7.420199871063232,7.420000076293945,7.420000076293945,192374,0.0,0.0,0.0,AMDD,1m
2026-04-13 11:31:00-04:00,7.420000076293945,7.420000076293945,7.419899940490723,7.419899940490723,154604,0.0,0.0,0.0,AMDD,1m
2026-04-13 11:32:00-04:00,7.420000076293945,7.420000076293945,7.420000076293945,7.420000076293945,8708,0.0,0.0,0.0,AMDD,1m
2026-04-13 11:33:00-04:00,7.420000076293945,7.422999858856201,7.420000076293945,7.422999858856201,5749,0.0,0.0,0.0,AMDD,1m
2026-04-13 11:34:00-04:00,7.425000190734863,7.429900169372559,7.425000190734863,7.429900169372559,0,0.0,0.0,0.0,AMDD,1m
2026-04-13 11:35:00-04:00,7.420000076293945,7.420000076293945,7.420000076293945,7.420000076293945,124,0.0,0.0,0.0,AMDD,1m
2026-04-13 11:38:00-04:00,7.400000095367432,7.409900188446045,7.400000095367432,7.409900188446045,64137,0.0,0.0,0.0,AMDD,1m
2026-04-13 11:39:00-04:00,7.409999847412109,7.409999847412109,7.409999847412109,7.409999847412109,20850,0.0,0.0,0.0,AMDD,1m
2026-04-13 11:41:00-04:00,7.40500020980835,7.40500020980835,7.40500020980835,7.40500020980835,278,0.0,0.0,0.0,AMDD,1m
2026-04-13 11:42:00-04:00,7.409999847412109,7.409999847412109,7.409900188446045,7.409900188446045,9877,0.0,0.0,0.0,AMDD,1m
2026-04-13 11:43:00-04:00,7.409900188446045,7.410999774932861,7.401000022888184,7.409999847412109,181769,0.0,0.0,0.0,AMDD,1m
2026-04-13 11:44:00-04:00,7.409999847412109,7.409999847412109,7.409999847412109,7.409999847412109,114871,0.0,0.0,0.0,AMDD,1m
2026-04-13 11:45:00-04:00,7.409999847412109,7.409999847412109,7.409999847412109,7.409999847412109,197457,0.0,0.0,0.0,AMDD,1m
2026-04-13 11:47:00-04:00,7.40500020980835,7.40500020980835,7.40500020980835,7.40500020980835,5056,0.0,0.0,0.0,AMDD,1m
2026-04-13 11:56:00-04:00,7.403200149536133,7.403200149536133,7.403200149536133,7.403200149536133,210,0.0,0.0,0.0,AMDD,1m
2026-04-13 11:57:00-04:00,7.409800052642822,7.409999847412109,7.409800052642822,7.409900188446045,36900,0.0,0.0,0.0,AMDD,1m
2026-04-13 11:59:00-04:00,7.406599998474121,7.406599998474121,7.400000095367432,7.400000095367432,59483,0.0,0.0,0.0,AMDD,1m
2026-04-13 12:00:00-04:00,7.400199890136719,7.400199890136719,7.400100231170654,7.400100231170654,12593,0.0,0.0,0.0,AMDD,1m
2026-04-13 12:06:00-04:00,7.409999847412109,7.420000076293945,7.409999847412109,7.409999847412109,153791,0.0,0.0,0.0,AMDD,1m
2026-04-13 12:07:00-04:00,7.409999847412109,7.420000076293945,7.409900188446045,7.420000076293945,18700,0.0,0.0,0.0,AMDD,1m
2026-04-13 12:08:00-04:00,7.409999847412109,7.414999961853027,7.409999847412109,7.414999961853027,14591,0.0,0.0,0.0,AMDD,1m
2026-04-13 12:09:00-04:00,7.414999961853027,7.414999961853027,7.409999847412109,7.409999847412109,25434,0.0,0.0,0.0,AMDD,1m
2026-04-13 12:13:00-04:00,7.409900188446045,7.409999847412109,7.409900188446045,7.409999847412109,62183,0.0,0.0,0.0,AMDD,1m
2026-04-13 12:15:00-04:00,7.420000076293945,7.420000076293945,7.420000076293945,7.420000076293945,96147,0.0,0.0,0.0,AMDD,1m
2026-04-13 12:18:00-04:00,7.415900230407715,7.415900230407715,7.409999847412109,7.409999847412109,0,0.0,0.0,0.0,AMDD,1m
2026-04-13 12:20:00-04:00,7.414999961853027,7.414999961853027,7.409999847412109,7.411399841308594,33447,0.0,0.0,0.0,AMDD,1m
2026-04-13 12:21:00-04:00,7.410099983215332,7.410099983215332,7.410099983215332,7.410099983215332,105248,0.0,0.0,0.0,AMDD,1m
2026-04-13 12:23:00-04:00,7.410299777984619,7.410299777984619,7.409999847412109,7.409999847412109,14651,0.0,0.0,0.0,AMDD,1m
2026-04-13 12:25:00-04:00,7.400000095367432,7.400000095367432,7.400000095367432,7.400000095367432,35681,0.0,0.0,0.0,AMDD,1m
2026-04-13 12:27:00-04:00,7.400000095367432,7.400000095367432,7.400000095367432,7.400000095367432,44525,0.0,0.0,0.0,AMDD,1m
2026-04-13 12:29:00-04:00,7.385000228881836,7.389999866485596,7.385000228881836,7.389900207519531,17628,0.0,0.0,0.0,AMDD,1m
2026-04-13 12:30:00-04:00,7.389999866485596,7.390100002288818,7.389999866485596,7.390100002288818,56069,0.0,0.0,0.0,AMDD,1m
2026-04-13 12:32:00-04:00,7.400000095367432,7.400000095367432,7.394999980926514,7.400000095367432,72891,0.0,0.0,0.0,AMDD,1m
2026-04-13 12:33:00-04:00,7.400000095367432,7.400000095367432,7.390100002288818,7.400000095367432,74181,0.0,0.0,0.0,AMDD,1m
2026-04-13 12:35:00-04:00,7.399700164794922,7.400000095367432,7.394999980926514,7.394999980926514,86101,0.0,0.0,0.0,AMDD,1m
2026-04-13 12:38:00-04:00,7.394999980926514,7.394999980926514,7.389999866485596,7.390200138092041,137435,0.0,0.0,0.0,AMDD,1m
2026-04-13 12:39:00-04:00,7.389999866485596,7.394999980926514,7.389900207519531,7.389999866485596,352147,0.0,0.0,0.0,AMDD,1m
2026-04-13 12:40:00-04:00,7.389800071716309,7.389999866485596,7.389800071716309,7.389999866485596,32392,0.0,0.0,0.0,AMDD,1m
2026-04-13 12:41:00-04:00,7.389999866485596,7.400000095367432,7.389999866485596,7.400000095367432,127980,0.0,0.0,0.0,AMDD,1m
2026-04-13 12:43:00-04:00,7.390100002288818,7.390100002288818,7.389999866485596,7.389999866485596,174901,0.0,0.0,0.0,AMDD,1m
2026-04-13 12:44:00-04:00,7.388999938964844,7.389999866485596,7.388999938964844,7.389999866485596,109196,0.0,0.0,0.0,AMDD,1m
2026-04-13 12:45:00-04:00,7.389900207519531,7.389999866485596,7.388999938964844,7.389999866485596,143090,0.0,0.0,0.0,AMDD,1m
2026-04-13 12:47:00-04:00,7.389999866485596,7.389999866485596,7.380000114440918,7.385000228881836,147441,0.0,0.0,0.0,AMDD,1m
2026-04-13 12:48:00-04:00,7.380000114440918,7.380099773406982,7.380000114440918,7.380099773406982,142974,0.0,0.0,0.0,AMDD,1m
2026-04-13 12:49:00-04:00,7.386600017547607,7.386600017547607,7.38640022277832,7.38640022277832,682,0.0,0.0,0.0,AMDD,1m
2026-04-13 12:50:00-04:00,7.380199909210205,7.380199909210205,7.380199909210205,7.380199909210205,76414,0.0,0.0,0.0,AMDD,1m
2026-04-13 12:52:00-04:00,7.370200157165527,7.370200157165527,7.369999885559082,7.369999885559082,3534,0.0,0.0,0.0,AMDD,1m
2026-04-13 12:53:00-04:00,7.380000114440918,7.380000114440918,7.375,7.380000114440918,92912,0.0,0.0,0.0,AMDD,1m
2026-04-13 12:56:00-04:00,7.384900093078613,7.384900093078613,7.384900093078613,7.384900093078613,695,0.0,0.0,0.0,AMDD,1m
2026-04-13 12:58:00-04:00,7.380000114440918,7.385000228881836,7.380000114440918,7.380000114440918,31321,0.0,0.0,0.0,AMDD,1m
2026-04-13 13:00:00-04:00,7.369999885559082,7.369999885559082,7.369999885559082,7.369999885559082,3397,0.0,0.0,0.0,AMDD,1m
2026-04-13 13:03:00-04:00,7.369999885559082,7.369999885559082,7.364999771118164,7.369900226593018,145981,0.0,0.0,0.0,AMDD,1m
2026-04-13 13:05:00-04:00,7.379799842834473,7.379799842834473,7.379799842834473,7.379799842834473,57269,0.0,0.0,0.0,AMDD,1m
2026-04-13 13:08:00-04:00,7.389900207519531,7.389900207519531,7.385000228881836,7.385000228881836,3207,0.0,0.0,0.0,AMDD,1m
2026-04-13 13:10:00-04:00,7.380000114440918,7.380000114440918,7.380000114440918,7.380000114440918,28600,0.0,0.0,0.0,AMDD,1m
2026-04-13 13:11:00-04:00,7.380099773406982,7.380099773406982,7.380099773406982,7.380099773406982,8865,0.0,0.0,0.0,AMDD,1m
2026-04-13 13:13:00-04:00,7.380000114440918,7.380000114440918,7.379799842834473,7.379799842834473,66240,0.0,0.0,0.0,AMDD,1m
2026-04-13 13:14:00-04:00,7.380000114440918,7.380000114440918,7.379899978637695,7.380000114440918,14675,0.0,0.0,0.0,AMDD,1m
2026-04-13 13:15:00-04:00,7.380000114440918,7.380000114440918,7.375500202178955,7.375500202178955,80722,0.0,0.0,0.0,AMDD,1m
2026-04-13 13:19:00-04:00,7.369999885559082,7.369999885559082,7.369999885559082,7.369999885559082,93900,0.0,0.0,0.0,AMDD,1m
2026-04-13 13:23:00-04:00,7.370100021362305,7.370100021362305,7.370100021362305,7.370100021362305,2900,0.0,0.0,0.0,AMDD,1m
2026-04-13 13:24:00-04:00,7.370100021362305,7.375,7.370100021362305,7.375,26902,0.0,0.0,0.0,AMDD,1m
2026-04-13 13:30:00-04:00,7.375,7.375,7.369999885559082,7.369999885559082,21154,0.0,0.0,0.0,AMDD,1m
2026-04-13 13:31:00-04:00,7.364999771118164,7.369900226593018,7.364999771118164,7.369900226593018,10560,0.0,0.0,0.0,AMDD,1m
2026-04-13 13:32:00-04:00,7.369900226593018,7.369999885559082,7.36899995803833,7.36899995803833,53822,0.0,0.0,0.0,AMDD,1m
2026-04-13 13:34:00-04:00,7.369900226593018,7.369999885559082,7.369900226593018,7.369999885559082,152738,0.0,0.0,0.0,AMDD,1m
2026-04-13 13:35:00-04:00,7.375,7.375,7.375,7.375,22280,0.0,0.0,0.0,AMDD,1m
2026-04-13 13:36:00-04:00,7.369999885559082,7.375100135803223,7.369999885559082,7.370299816131592,134100,0.0,0.0,0.0,AMDD,1m
2026-04-13 13:37:00-04:00,7.376200199127197,7.376200199127197,7.376200199127197,7.376200199127197,0,0.0,0.0,0.0,AMDD,1m
2026-04-13 13:38:00-04:00,7.375,7.375,7.375,7.375,0,0.0,0.0,0.0,AMDD,1m
2026-04-13 13:42:00-04:00,7.376999855041504,7.379000186920166,7.375,7.379000186920166,4078,0.0,0.0,0.0,AMDD,1m
2026-04-13 13:44:00-04:00,7.379899978637695,7.379899978637695,7.379899978637695,7.379899978637695,0,0.0,0.0,0.0,AMDD,1m
2026-04-13 13:47:00-04:00,7.394999980926514,7.394999980926514,7.394999980926514,7.394999980926514,72133,0.0,0.0,0.0,AMDD,1m
2026-04-13 13:50:00-04:00,7.399899959564209,7.400000095367432,7.399899959564209,7.400000095367432,14710,0.0,0.0,0.0,AMDD,1m
2026-04-13 13:51:00-04:00,7.400000095367432,7.400000095367432,7.400000095367432,7.400000095367432,215295,0.0,0.0,0.0,AMDD,1m
2026-04-13 13:53:00-04:00,7.3907999992370605,7.398200035095215,7.3907999992370605,7.398200035095215,12841,0.0,0.0,0.0,AMDD,1m
2026-04-13 13:54:00-04:00,7.3907999992370605,7.3907999992370605,7.3907999992370605,7.3907999992370605,9050,0.0,0.0,0.0,AMDD,1m
2026-04-13 13:55:00-04:00,7.394999980926514,7.394999980926514,7.394999980926514,7.394999980926514,1474,0.0,0.0,0.0,AMDD,1m
2026-04-13 13:59:00-04:00,7.399899959564209,7.400000095367432,7.399899959564209,7.400000095367432,104436,0.0,0.0,0.0,AMDD,1m
2026-04-13 14:02:00-04:00,7.400300025939941,7.400300025939941,7.400000095367432,7.400000095367432,66910,0.0,0.0,0.0,AMDD,1m
2026-04-13 14:03:00-04:00,7.400000095367432,7.400100231170654,7.400000095367432,7.400100231170654,7911,0.0,0.0,0.0,AMDD,1m
2026-04-13 14:07:00-04:00,7.394999980926514,7.399899959564209,7.394999980926514,7.399899959564209,54357,0.0,0.0,0.0,AMDD,1m
2026-04-13 14:16:00-04:00,7.399899959564209,7.399899959564209,7.399899959564209,7.399899959564209,17800,0.0,0.0,0.0,AMDD,1m
2026-04-13 14:18:00-04:00,7.399700164794922,7.399700164794922,7.399700164794922,7.399700164794922,37529,0.0,0.0,0.0,AMDD,1m
2026-04-13 14:20:00-04:00,7.40500020980835,7.40500020980835,7.40500020980835,7.40500020980835,53926,0.0,0.0,0.0,AMDD,1m
2026-04-13 14:21:00-04:00,7.405799865722656,7.409999847412109,7.401000022888184,7.409999847412109,54688,0.0,0.0,0.0,AMDD,1m
2026-04-13 14:22:00-04:00,7.400000095367432,7.400100231170654,7.389999866485596,7.389999866485596,176133,0.0,0.0,0.0,AMDD,1m
2026-04-13 14:23:00-04:00,7.390200138092041,7.390200138092041,7.390200138092041,7.390200138092041,27013,0.0,0.0,0.0,AMDD,1m
2026-04-13 14:26:00-04:00,7.394999980926514,7.400000095367432,7.389999866485596,7.389999866485596,11046,0.0,0.0,0.0,AMDD,1m
2026-04-13 14:27:00-04:00,7.389900207519531,7.389999866485596,7.389900207519531,7.389999866485596,121187,0.0,0.0,0.0,AMDD,1m
2026-04-13 14:33:00-04:00,7.385000228881836,7.385000228881836,7.385000228881836,7.385000228881836,393,0.0,0.0,0.0,AMDD,1m
2026-04-13 14:34:00-04:00,7.380300045013428,7.380300045013428,7.379899978637695,7.380000114440918,232045,0.0,0.0,0.0,AMDD,1m
2026-04-13 14:39:00-04:00,7.369999885559082,7.369999885559082,7.369999885559082,7.369999885559082,35292,0.0,0.0,0.0,AMDD,1m
2026-04-13 14:44:00-04:00,7.375,7.375,7.375,7.375,4127,0.0,0.0,0.0,AMDD,1m
2026-04-13 14:45:00-04:00,7.375,7.375,7.375,7.375,200,0.0,0.0,0.0,AMDD,1m
2026-04-13 14:46:00-04:00,7.370100021362305,7.370100021362305,7.364999771118164,7.364999771118164,8361,0.0,0.0,0.0,AMDD,1m
2026-04-13 14:47:00-04:00,7.366099834442139,7.366099834442139,7.366099834442139,7.366099834442139,260,0.0,0.0,0.0,AMDD,1m
2026-04-13 14:50:00-04:00,7.360000133514404,7.363399982452393,7.360000133514404,7.363399982452393,6810,0.0,0.0,0.0,AMDD,1m
2026-04-13 14:51:00-04:00,7.364999771118164,7.364999771118164,7.364999771118164,7.364999771118164,130,0.0,0.0,0.0,AMDD,1m
2026-04-13 14:52:00-04:00,7.360000133514404,7.360199928283691,7.349999904632568,7.350200176239014,88601,0.0,0.0,0.0,AMDD,1m
2026-04-13 14:55:00-04:00,7.360000133514404,7.360000133514404,7.349999904632568,7.349999904632568,0,0.0,0.0,0.0,AMDD,1m
2026-04-13 14:56:00-04:00,7.34499979019165,7.34499979019165,7.34499979019165,7.34499979019165,222,0.0,0.0,0.0,AMDD,1m
2026-04-13 14:57:00-04:00,7.349999904632568,7.349999904632568,7.349800109863281,7.349999904632568,39738,0.0,0.0,0.0,AMDD,1m
2026-04-13 14:58:00-04:00,7.349899768829346,7.349899768829346,7.349899768829346,7.349899768829346,1633,0.0,0.0,0.0,AMDD,1m
2026-04-13 14:59:00-04:00,7.34499979019165,7.34499979019165,7.34499979019165,7.34499979019165,1080,0.0,0.0,0.0,AMDD,1m
2026-04-13 15:00:00-04:00,7.340000152587891,7.340000152587891,7.340000152587891,7.340000152587891,1034,0.0,0.0,0.0,AMDD,1m
2026-04-13 15:04:00-04:00,7.349999904632568,7.349999904632568,7.349899768829346,7.349899768829346,87564,0.0,0.0,0.0,AMDD,1m
2026-04-13 15:05:00-04:00,7.349999904632568,7.355000019073486,7.349899768829346,7.355000019073486,95450,0.0,0.0,0.0,AMDD,1m
2026-04-13 15:06:00-04:00,7.350100040435791,7.355000019073486,7.349999904632568,7.349999904632568,56942,0.0,0.0,0.0,AMDD,1m
2026-04-13 15:07:00-04:00,7.355000019073486,7.355000019073486,7.355000019073486,7.355000019073486,23282,0.0,0.0,0.0,AMDD,1m
2026-04-13 15:12:00-04:00,7.355000019073486,7.355000019073486,7.355000019073486,7.355000019073486,101,0.0,0.0,0.0,AMDD,1m
2026-04-13 15:17:00-04:00,7.355000019073486,7.355000019073486,7.349999904632568,7.349999904632568,3663,0.0,0.0,0.0,AMDD,1m
2026-04-13 15:18:00-04:00,7.3420000076293945,7.3420000076293945,7.340000152587891,7.340000152587891,397,0.0,0.0,0.0,AMDD,1m
2026-04-13 15:19:00-04:00,7.34499979019165,7.34499979019165,7.34499979019165,7.34499979019165,100,0.0,0.0,0.0,AMDD,1m
2026-04-13 15:20:00-04:00,7.349999904632568,7.349999904632568,7.349999904632568,7.349999904632568,15843,0.0,0.0,0.0,AMDD,1m
2026-04-13 15:21:00-04:00,7.340099811553955,7.340099811553955,7.340099811553955,7.340099811553955,0,0.0,0.0,0.0,AMDD,1m
2026-04-13 15:24:00-04:00,7.349899768829346,7.349899768829346,7.349899768829346,7.349899768829346,1575,0.0,0.0,0.0,AMDD,1m
2026-04-13 15:25:00-04:00,7.343400001525879,7.343400001525879,7.343400001525879,7.343400001525879,1323,0.0,0.0,0.0,AMDD,1m
2026-04-13 15:31:00-04:00,7.34499979019165,7.34499979019165,7.34499979019165,7.34499979019165,236,0.0,0.0,0.0,AMDD,1m
2026-04-13 15:32:00-04:00,7.340000152587891,7.340000152587891,7.340000152587891,7.340000152587891,10307,0.0,0.0,0.0,AMDD,1m
2026-04-13 15:34:00-04:00,7.34499979019165,7.34499979019165,7.34499979019165,7.34499979019165,169,0.0,0.0,0.0,AMDD,1m
2026-04-13 15:36:00-04:00,7.34499979019165,7.34499979019165,7.34499979019165,7.34499979019165,260,0.0,0.0,0.0,AMDD,1m
2026-04-13 15:37:00-04:00,7.349999904632568,7.349999904632568,7.349999904632568,7.349999904632568,23978,0.0,0.0,0.0,AMDD,1m
2026-04-13 15:41:00-04:00,7.359899997711182,7.360000133514404,7.355000019073486,7.360000133514404,78833,0.0,0.0,0.0,AMDD,1m
2026-04-13 15:44:00-04:00,7.364999771118164,7.369900226593018,7.360000133514404,7.362299919128418,87168,0.0,0.0,0.0,AMDD,1m
2026-04-13 15:45:00-04:00,7.360000133514404,7.360099792480469,7.355000019073486,7.355000019073486,59878,0.0,0.0,0.0,AMDD,1m
2026-04-13 15:47:00-04:00,7.359899997711182,7.360000133514404,7.359799861907959,7.360000133514404,71925,0.0,0.0,0.0,AMDD,1m
2026-04-13 15:49:00-04:00,7.360199928283691,7.360199928283691,7.360000133514404,7.360000133514404,129335,0.0,0.0,0.0,AMDD,1m
2026-04-13 15:50:00-04:00,7.344200134277344,7.344200134277344,7.340000152587891,7.340000152587891,16908,0.0,0.0,0.0,AMDD,1m
2026-04-13 15:51:00-04:00,7.340099811553955,7.340099811553955,7.335000038146973,7.335000038146973,7222,0.0,0.0,0.0,AMDD,1m
2026-04-13 15:52:00-04:00,7.340000152587891,7.340000152587891,7.340000152587891,7.340000152587891,122413,0.0,0.0,0.0,AMDD,1m
2026-04-13 15:53:00-04:00,7.349899768829346,7.349899768829346,7.343999862670898,7.343999862670898,46026,0.0,0.0,0.0,AMDD,1m
2026-04-13 15:55:00-04:00,7.340000152587891,7.340199947357178,7.340000152587891,7.340199947357178,219686,0.0,0.0,0.0,AMDD,1m
2026-04-13 15:57:00-04:00,7.34499979019165,7.34499979019165,7.34499979019165,7.34499979019165,72372,0.0,0.0,0.0,AMDD,1m
2026-04-13 15:58:00-04:00,7.349999904632568,7.359899997711182,7.349999904632568,7.355000019073486,39609,0.0,0.0,0.0,AMDD,1m
2026-04-13 15:59:00-04:00,7.349999904632568,7.349999904632568,7.34499979019165,7.349999904632568,230587,0.0,0.0,0.0,AMDD,1m
2026-04-14 09:30:00-04:00,7.269999980926514,7.269999980926514,7.201000213623047,7.210000038146973,191187,0.0,0.0,0.0,AMDD,1m
2026-04-14 09:31:00-04:00,7.210000038146973,7.25,7.199999809265137,7.25,53776,0.0,0.0,0.0,AMDD,1m
2026-04-14 09:32:00-04:00,7.269999980926514,7.315000057220459,7.269999980926514,7.309999942779541,11809,0.0,0.0,0.0,AMDD,1m
2026-04-14 09:33:00-04:00,7.320000171661377,7.339900016784668,7.320000171661377,7.330100059509277,24848,0.0,0.0,0.0,AMDD,1m
2026-04-14 09:34:00-04:00,7.335000038146973,7.34499979019165,7.329999923706055,7.340000152587891,46285,0.0,0.0,0.0,AMDD,1m
2026-04-14 09:35:00-04:00,7.340000152587891,7.34499979019165,7.340000152587891,7.340000152587891,8269,0.0,0.0,0.0,AMDD,1m
2026-04-14 09:36:00-04:00,7.340000152587891,7.349999904632568,7.340000152587891,7.349999904632568,11112,0.0,0.0,0.0,AMDD,1m
2026-04-14 09:37:00-04:00,7.349999904632568,7.349999904632568,7.324999809265137,7.335000038146973,10953,0.0,0.0,0.0,AMDD,1m
2026-04-14 09:38:00-04:00,7.340000152587891,7.34499979019165,7.329999923706055,7.335000038146973,30509,0.0,0.0,0.0,AMDD,1m
2026-04-14 09:39:00-04:00,7.335000038146973,7.364999771118164,7.335000038146973,7.364999771118164,11700,0.0,0.0,0.0,AMDD,1m
2026-04-14 09:40:00-04:00,7.369999885559082,7.385000228881836,7.364999771118164,7.385000228881836,20669,0.0,0.0,0.0,AMDD,1m
2026-04-14 09:41:00-04:00,7.389900207519531,7.389900207519531,7.360000133514404,7.360000133514404,19453,0.0,0.0,0.0,AMDD,1m
2026-04-14 09:42:00-04:00,7.349999904632568,7.349999904632568,7.340000152587891,7.340000152587891,7202,0.0,0.0,0.0,AMDD,1m
2026-04-14 09:43:00-04:00,7.340000152587891,7.340000152587891,7.340000152587891,7.340000152587891,5900,0.0,0.0,0.0,AMDD,1m
2026-04-14 09:44:00-04:00,7.329999923706055,7.329999923706055,7.329999923706055,7.329999923706055,900,0.0,0.0,0.0,AMDD,1m
2026-04-14 09:45:00-04:00,7.320000171661377,7.320000171661377,7.309999942779541,7.309999942779541,25121,0.0,0.0,0.0,AMDD,1m
2026-04-14 09:46:00-04:00,7.304999828338623,7.329999923706055,7.300000190734863,7.329999923706055,15974,0.0,0.0,0.0,AMDD,1m
2026-04-14 09:47:00-04:00,7.329999923706055,7.34499979019165,7.324999809265137,7.34499979019165,31449,0.0,0.0,0.0,AMDD,1m
2026-04-14 09:48:00-04:00,7.34499979019165,7.34499979019165,7.329999923706055,7.329999923706055,25946,0.0,0.0,0.0,AMDD,1m
2026-04-14 09:49:00-04:00,7.329999923706055,7.329999923706055,7.320000171661377,7.320000171661377,14629,0.0,0.0,0.0,AMDD,1m
2026-04-14 09:50:00-04:00,7.309999942779541,7.320000171661377,7.304999828338623,7.320000171661377,36412,0.0,0.0,0.0,AMDD,1m
2026-04-14 09:51:00-04:00,7.320000171661377,7.320000171661377,7.304999828338623,7.304999828338623,12031,0.0,0.0,0.0,AMDD,1m
2026-04-14 09:52:00-04:00,7.309999942779541,7.309999942779541,7.300000190734863,7.300000190734863,22500,0.0,0.0,0.0,AMDD,1m
2026-04-14 09:53:00-04:00,7.289999961853027,7.289999961853027,7.275000095367432,7.28000020980835,21380,0.0,0.0,0.0,AMDD,1m
2026-04-14 09:54:00-04:00,7.275000095367432,7.289899826049805,7.264999866485596,7.289899826049805,11757,0.0,0.0,0.0,AMDD,1m
2026-04-14 09:55:00-04:00,7.284999847412109,7.289999961853027,7.284999847412109,7.289999961853027,11504,0.0,0.0,0.0,AMDD,1m
2026-04-14 09:57:00-04:00,7.28000020980835,7.289999961853027,7.28000020980835,7.289999961853027,77267,0.0,0.0,0.0,AMDD,1m
2026-04-14 09:58:00-04:00,7.289999961853027,7.300000190734863,7.289999961853027,7.300000190734863,32905,0.0,0.0,0.0,AMDD,1m
2026-04-14 09:59:00-04:00,7.304999828338623,7.320000171661377,7.304999828338623,7.320000171661377,34601,0.0,0.0,0.0,AMDD,1m
2026-04-14 10:00:00-04:00,7.324999809265137,7.324999809265137,7.320000171661377,7.320000171661377,13200,0.0,0.0,0.0,AMDD,1m
2026-04-14 10:01:00-04:00,7.320000171661377,7.320000171661377,7.320000171661377,7.320000171661377,469,0.0,0.0,0.0,AMDD,1m
2026-04-14 10:02:00-04:00,7.339900016784668,7.339900016784668,7.329999923706055,7.329999923706055,21851,0.0,0.0,0.0,AMDD,1m
2026-04-14 10:03:00-04:00,7.340000152587891,7.349999904632568,7.340000152587891,7.349999904632568,21366,0.0,0.0,0.0,AMDD,1m
2026-04-14 10:04:00-04:00,7.349999904632568,7.355000019073486,7.349999904632568,7.349999904632568,32432,0.0,0.0,0.0,AMDD,1m
2026-04-14 10:05:00-04:00,7.349999904632568,7.349999904632568,7.340000152587891,7.340000152587891,161578,0.0,0.0,0.0,AMDD,1m
2026-04-14 10:06:00-04:00,7.329999923706055,7.329999923706055,7.320099830627441,7.320099830627441,0,0.0,0.0,0.0,AMDD,1m
2026-04-14 10:07:00-04:00,7.324999809265137,7.324999809265137,7.320000171661377,7.320000171661377,16061,0.0,0.0,0.0,AMDD,1m
2026-04-14 10:08:00-04:00,7.309999942779541,7.319900035858154,7.309999942779541,7.319900035858154,2761,0.0,0.0,0.0,AMDD,1m
2026-04-14 10:10:00-04:00,7.320000171661377,7.324999809265137,7.320000171661377,7.320000171661377,39961,0.0,0.0,0.0,AMDD,1m
2026-04-14 10:12:00-04:00,7.315000057220459,7.319900035858154,7.304999828338623,7.319900035858154,10948,0.0,0.0,0.0,AMDD,1m
2026-04-14 10:13:00-04:00,7.309999942779541,7.309999942779541,7.309999942779541,7.309999942779541,55484,0.0,0.0,0.0,AMDD,1m
2026-04-14 10:14:00-04:00,7.300099849700928,7.300099849700928,7.295000076293945,7.295000076293945,4800,0.0,0.0,0.0,AMDD,1m
2026-04-14 10:15:00-04:00,7.289999961853027,7.295000076293945,7.289999961853027,7.295000076293945,11200,0.0,0.0,0.0,AMDD,1m
2026-04-14 10:16:00-04:00,7.281400203704834,7.290200233459473,7.281400203704834,7.290200233459473,29241,0.0,0.0,0.0,AMDD,1m
2026-04-14 10:17:00-04:00,7.29010009765625,7.29010009765625,7.29010009765625,7.29010009765625,0,0.0,0.0,0.0,AMDD,1m
2026-04-14 10:18:00-04:00,7.295000076293945,7.295000076293945,7.295000076293945,7.295000076293945,347,0.0,0.0,0.0,AMDD,1m
2026-04-14 10:19:00-04:00,7.299900054931641,7.299900054931641,7.299900054931641,7.299900054931641,5000,0.0,0.0,0.0,AMDD,1m
2026-04-14 10:20:00-04:00,7.300000190734863,7.300000190734863,7.295000076293945,7.300000190734863,44656,0.0,0.0,0.0,AMDD,1m
2026-04-14 10:21:00-04:00,7.300000190734863,7.300300121307373,7.299799919128418,7.300300121307373,19142,0.0,0.0,0.0,AMDD,1m
2026-04-14 10:22:00-04:00,7.300000190734863,7.300000190734863,7.2916998863220215,7.2916998863220215,30587,0.0,0.0,0.0,AMDD,1m
2026-04-14 10:23:00-04:00,7.300000190734863,7.300000190734863,7.300000190734863,7.300000190734863,34313,0.0,0.0,0.0,AMDD,1m
2026-04-14 10:24:00-04:00,7.289999961853027,7.289999961853027,7.289999961853027,7.289999961853027,3542,0.0,0.0,0.0,AMDD,1m
2026-04-14 10:25:00-04:00,7.289299964904785,7.289999961853027,7.289299964904785,7.289999961853027,102549,0.0,0.0,0.0,AMDD,1m
2026-04-14 10:26:00-04:00,7.289999961853027,7.289999961853027,7.289899826049805,7.289999961853027,29529,0.0,0.0,0.0,AMDD,1m
2026-04-14 10:27:00-04:00,7.289999961853027,7.289999961853027,7.289999961853027,7.289999961853027,52696,0.0,0.0,0.0,AMDD,1m
2026-04-14 10:28:00-04:00,7.289999961853027,7.289999961853027,7.289999961853027,7.289999961853027,6428,0.0,0.0,0.0,AMDD,1m
2026-04-14 10:30:00-04:00,7.289899826049805,7.29010009765625,7.289700031280518,7.289999961853027,345548,0.0,0.0,0.0,AMDD,1m
2026-04-14 10:31:00-04:00,7.289999961853027,7.289999961853027,7.289899826049805,7.289899826049805,120557,0.0,0.0,0.0,AMDD,1m
2026-04-14 10:32:00-04:00,7.289999961853027,7.289999961853027,7.289999961853027,7.289999961853027,0,0.0,0.0,0.0,AMDD,1m
2026-04-14 10:35:00-04:00,7.299900054931641,7.299900054931641,7.289999961853027,7.289999961853027,282842,0.0,0.0,0.0,AMDD,1m
2026-04-14 10:37:00-04:00,7.280200004577637,7.280200004577637,7.28000020980835,7.28000020980835,9881,0.0,0.0,0.0,AMDD,1m
2026-04-14 10:38:00-04:00,7.275000095367432,7.28000020980835,7.275000095367432,7.28000020980835,123285,0.0,0.0,0.0,AMDD,1m
2026-04-14 10:39:00-04:00,7.284999847412109,7.284999847412109,7.284999847412109,7.284999847412109,37005,0.0,0.0,0.0,AMDD,1m
2026-04-14 10:40:00-04:00,7.289999961853027,7.289999961853027,7.28980016708374,7.28980016708374,40371,0.0,0.0,0.0,AMDD,1m
2026-04-14 10:41:00-04:00,7.28980016708374,7.289999961853027,7.281599998474121,7.289999961853027,35100,0.0,0.0,0.0,AMDD,1m
2026-04-14 10:42:00-04:00,7.288400173187256,7.289899826049805,7.284999847412109,7.284999847412109,31330,0.0,0.0,0.0,AMDD,1m
2026-04-14 10:45:00-04:00,7.289999961853027,7.289999961853027,7.289999961853027,7.289999961853027,29436,0.0,0.0,0.0,AMDD,1m
2026-04-14 10:47:00-04:00,7.28000020980835,7.284999847412109,7.28000020980835,7.284999847412109,93900,0.0,0.0,0.0,AMDD,1m
2026-04-14 10:48:00-04:00,7.280300140380859,7.280300140380859,7.280099868774414,7.280099868774414,40400,0.0,0.0,0.0,AMDD,1m
2026-04-14 10:49:00-04:00,7.28000020980835,7.28000020980835,7.28000020980835,7.28000020980835,107339,0.0,0.0,0.0,AMDD,1m
2026-04-14 10:50:00-04:00,7.28000020980835,7.28000020980835,7.28000020980835,7.28000020980835,266291,0.0,0.0,0.0,AMDD,1m
2026-04-14 10:51:00-04:00,7.270100116729736,7.270100116729736,7.269999980926514,7.269999980926514,60937,0.0,0.0,0.0,AMDD,1m
2026-04-14 10:52:00-04:00,7.264999866485596,7.269899845123291,7.264999866485596,7.269899845123291,0,0.0,0.0,0.0,AMDD,1m
2026-04-14 10:54:00-04:00,7.2600998878479,7.2600998878479,7.2600998878479,7.2600998878479,3362,0.0,0.0,0.0,AMDD,1m
2026-04-14 10:56:00-04:00,7.269899845123291,7.275000095367432,7.269899845123291,7.270100116729736,310113,0.0,0.0,0.0,AMDD,1m
2026-04-14 10:57:00-04:00,7.269999980926514,7.269999980926514,7.269800186157227,7.269999980926514,64350,0.0,0.0,0.0,AMDD,1m
2026-04-14 10:58:00-04:00,7.269899845123291,7.275000095367432,7.269899845123291,7.275000095367432,205824,0.0,0.0,0.0,AMDD,1m
2026-04-14 10:59:00-04:00,7.269999980926514,7.270100116729736,7.269999980926514,7.270100116729736,31102,0.0,0.0,0.0,AMDD,1m
2026-04-14 11:00:00-04:00,7.28000020980835,7.28000020980835,7.279900074005127,7.28000020980835,31379,0.0,0.0,0.0,AMDD,1m
2026-04-14 11:01:00-04:00,7.28000020980835,7.288300037384033,7.28000020980835,7.288300037384033,50768,0.0,0.0,0.0,AMDD,1m
2026-04-14 11:03:00-04:00,7.289899826049805,7.289899826049805,7.289899826049805,7.289899826049805,2872,0.0,0.0,0.0,AMDD,1m
2026-04-14 11:04:00-04:00,7.289999961853027,7.289999961853027,7.289899826049805,7.289999961853027,94235,0.0,0.0,0.0,AMDD,1m
2026-04-14 11:05:00-04:00,7.300000190734863,7.301000118255615,7.300000190734863,7.300300121307373,212991,0.0,0.0,0.0,AMDD,1m
2026-04-14 11:06:00-04:00,7.300099849700928,7.309999942779541,7.300099849700928,7.309800148010254,80500,0.0,0.0,0.0,AMDD,1m
2026-04-14 11:07:00-04:00,7.300099849700928,7.301000118255615,7.300000190734863,7.30019998550415,141734,0.0,0.0,0.0,AMDD,1m
2026-04-14 11:11:00-04:00,7.284999847412109,7.284999847412109,7.284999847412109,7.284999847412109,92733,0.0,0.0,0.0,AMDD,1m
2026-04-14 11:12:00-04:00,7.28000020980835,7.28000020980835,7.275000095367432,7.275000095367432,12680,0.0,0.0,0.0,AMDD,1m
2026-04-14 11:17:00-04:00,7.269999980926514,7.269999980926514,7.269899845123291,7.269999980926514,66020,0.0,0.0,0.0,AMDD,1m
2026-04-14 11:19:00-04:00,7.264999866485596,7.264999866485596,7.260000228881836,7.260000228881836,114128,0.0,0.0,0.0,AMDD,1m
2026-04-14 11:20:00-04:00,7.25,7.25,7.25,7.25,21816,0.0,0.0,0.0,AMDD,1m
2026-04-14 11:21:00-04:00,7.239999771118164,7.239999771118164,7.235000133514404,7.235000133514404,3619,0.0,0.0,0.0,AMDD,1m
2026-04-14 11:23:00-04:00,7.238500118255615,7.238500118255615,7.230000019073486,7.230000019073486,6521,0.0,0.0,0.0,AMDD,1m
2026-04-14 11:24:00-04:00,7.229899883270264,7.229899883270264,7.229899883270264,7.229899883270264,31986,0.0,0.0,0.0,AMDD,1m
2026-04-14 11:26:00-04:00,7.220099925994873,7.224999904632568,7.220099925994873,7.224999904632568,48368,0.0,0.0,0.0,AMDD,1m
2026-04-14 11:27:00-04:00,7.215000152587891,7.215000152587891,7.215000152587891,7.215000152587891,4500,0.0,0.0,0.0,AMDD,1m
2026-04-14 11:28:00-04:00,7.219900131225586,7.21999979019165,7.217199802398682,7.217199802398682,168568,0.0,0.0,0.0,AMDD,1m
2026-04-14 11:29:00-04:00,7.224999904632568,7.230000019073486,7.224999904632568,7.230000019073486,600,0.0,0.0,0.0,AMDD,1m
2026-04-14 11:30:00-04:00,7.224999904632568,7.224999904632568,7.21999979019165,7.220200061798096,17931,0.0,0.0,0.0,AMDD,1m
2026-04-14 11:31:00-04:00,7.220200061798096,7.220200061798096,7.215000152587891,7.215000152587891,292323,0.0,0.0,0.0,AMDD,1m
2026-04-14 11:32:00-04:00,7.215000152587891,7.215000152587891,7.215000152587891,7.215000152587891,3000,0.0,0.0,0.0,AMDD,1m
2026-04-14 11:33:00-04:00,7.210100173950195,7.210100173950195,7.210100173950195,7.210100173950195,0,0.0,0.0,0.0,AMDD,1m
2026-04-14 11:34:00-04:00,7.199999809265137,7.210000038146973,7.199999809265137,7.210000038146973,188514,0.0,0.0,0.0,AMDD,1m
2026-04-14 11:35:00-04:00,7.204999923706055,7.204999923706055,7.204999923706055,7.204999923706055,0,0.0,0.0,0.0,AMDD,1m
2026-04-14 11:36:00-04:00,7.210000038146973,7.210000038146973,7.210000038146973,7.210000038146973,71963,0.0,0.0,0.0,AMDD,1m
2026-04-14 11:37:00-04:00,7.219900131225586,7.219900131225586,7.219900131225586,7.219900131225586,6000,0.0,0.0,0.0,AMDD,1m
2026-04-14 11:38:00-04:00,7.210100173950195,7.216300010681152,7.210000038146973,7.216300010681152,92900,0.0,0.0,0.0,AMDD,1m
2026-04-14 11:39:00-04:00,7.210000038146973,7.21019983291626,7.210000038146973,7.210100173950195,61329,0.0,0.0,0.0,AMDD,1m
2026-04-14 11:41:00-04:00,7.21999979019165,7.21999979019165,7.215000152587891,7.21999979019165,45473,0.0,0.0,0.0,AMDD,1m
2026-04-14 11:42:00-04:00,7.210000038146973,7.21999979019165,7.210000038146973,7.21999979019165,69891,0.0,0.0,0.0,AMDD,1m
2026-04-14 11:43:00-04:00,7.215000152587891,7.215000152587891,7.210000038146973,7.210000038146973,53553,0.0,0.0,0.0,AMDD,1m
2026-04-14 11:44:00-04:00,7.210000038146973,7.210000038146973,7.210000038146973,7.210000038146973,40911,0.0,0.0,0.0,AMDD,1m
2026-04-14 11:45:00-04:00,7.204999923706055,7.204999923706055,7.195000171661377,7.195000171661377,13644,0.0,0.0,0.0,AMDD,1m
2026-04-14 11:46:00-04:00,7.195000171661377,7.199999809265137,7.195000171661377,7.199999809265137,29649,0.0,0.0,0.0,AMDD,1m
2026-04-14 11:48:00-04:00,7.195000171661377,7.195000171661377,7.195000171661377,7.195000171661377,1540,0.0,0.0,0.0,AMDD,1m
2026-04-14 11:49:00-04:00,7.190000057220459,7.195000171661377,7.190000057220459,7.195000171661377,6732,0.0,0.0,0.0,AMDD,1m
2026-04-14 11:50:00-04:00,7.199900150299072,7.199999809265137,7.195000171661377,7.195000171661377,40126,0.0,0.0,0.0,AMDD,1m
2026-04-14 11:51:00-04:00,7.199900150299072,7.199900150299072,7.199900150299072,7.199900150299072,28000,0.0,0.0,0.0,AMDD,1m
2026-04-14 11:52:00-04:00,7.195000171661377,7.209799766540527,7.195000171661377,7.209799766540527,158435,0.0,0.0,0.0,AMDD,1m
2026-04-14 11:53:00-04:00,7.200099945068359,7.204999923706055,7.199999809265137,7.200099945068359,108800,0.0,0.0,0.0,AMDD,1m
2026-04-14 11:54:00-04:00,7.199999809265137,7.200300216674805,7.190100193023682,7.195000171661377,229627,0.0,0.0,0.0,AMDD,1m
2026-04-14 11:55:00-04:00,7.195000171661377,7.195000171661377,7.195000171661377,7.195000171661377,1962,0.0,0.0,0.0,AMDD,1m
2026-04-14 11:56:00-04:00,7.195000171661377,7.199999809265137,7.195000171661377,7.199699878692627,124769,0.0,0.0,0.0,AMDD,1m
2026-04-14 11:57:00-04:00,7.199999809265137,7.199999809265137,7.199999809265137,7.199999809265137,25026,0.0,0.0,0.0,AMDD,1m
2026-04-14 11:58:00-04:00,7.200099945068359,7.200099945068359,7.200099945068359,7.200099945068359,187,0.0,0.0,0.0,AMDD,1m
2026-04-14 12:00:00-04:00,7.200200080871582,7.200200080871582,7.1921000480651855,7.195000171661377,110625,0.0,0.0,0.0,AMDD,1m
2026-04-14 12:02:00-04:00,7.198200225830078,7.199900150299072,7.198200225830078,7.199900150299072,1509,0.0,0.0,0.0,AMDD,1m
2026-04-14 12:05:00-04:00,7.195000171661377,7.199999809265137,7.195000171661377,7.199999809265137,12205,0.0,0.0,0.0,AMDD,1m
2026-04-14 12:07:00-04:00,7.195000171661377,7.195000171661377,7.190000057220459,7.190000057220459,2130,0.0,0.0,0.0,AMDD,1m
2026-04-14 12:08:00-04:00,7.190100193023682,7.190100193023682,7.184999942779541,7.184999942779541,101903,0.0,0.0,0.0,AMDD,1m
2026-04-14 12:13:00-04:00,7.188199996948242,7.188199996948242,7.188199996948242,7.188199996948242,208,0.0,0.0,0.0,AMDD,1m
2026-04-14 12:14:00-04:00,7.189899921417236,7.189899921417236,7.181099891662598,7.181099891662598,4193,0.0,0.0,0.0,AMDD,1m
2026-04-14 12:15:00-04:00,7.179999828338623,7.179999828338623,7.175000190734863,7.175000190734863,23813,0.0,0.0,0.0,AMDD,1m
2026-04-14 12:16:00-04:00,7.170000076293945,7.170000076293945,7.170000076293945,7.170000076293945,600,0.0,0.0,0.0,AMDD,1m
2026-04-14 12:18:00-04:00,7.179999828338623,7.179999828338623,7.179999828338623,7.179999828338623,850,0.0,0.0,0.0,AMDD,1m
2026-04-14 12:19:00-04:00,7.175000190734863,7.175000190734863,7.175000190734863,7.175000190734863,5091,0.0,0.0,0.0,AMDD,1m
2026-04-14 12:22:00-04:00,7.175000190734863,7.175000190734863,7.175000190734863,7.175000190734863,520,0.0,0.0,0.0,AMDD,1m
2026-04-14 12:23:00-04:00,7.179999828338623,7.179999828338623,7.179999828338623,7.179999828338623,753,0.0,0.0,0.0,AMDD,1m
2026-04-14 12:26:00-04:00,7.179999828338623,7.179999828338623,7.179999828338623,7.179999828338623,116,0.0,0.0,0.0,AMDD,1m
2026-04-14 12:28:00-04:00,7.170000076293945,7.170000076293945,7.170000076293945,7.170000076293945,1000,0.0,0.0,0.0,AMDD,1m
2026-04-14 12:29:00-04:00,7.179999828338623,7.179999828338623,7.170100212097168,7.170100212097168,7480,0.0,0.0,0.0,AMDD,1m
2026-04-14 12:30:00-04:00,7.170100212097168,7.170100212097168,7.170100212097168,7.170100212097168,3700,0.0,0.0,0.0,AMDD,1m
2026-04-14 12:31:00-04:00,7.170000076293945,7.170000076293945,7.170000076293945,7.170000076293945,13137,0.0,0.0,0.0,AMDD,1m
2026-04-14 12:32:00-04:00,7.1697001457214355,7.170000076293945,7.164999961853027,7.170000076293945,139438,0.0,0.0,0.0,AMDD,1m
2026-04-14 12:34:00-04:00,7.179900169372559,7.179900169372559,7.179900169372559,7.179900169372559,1870,0.0,0.0,0.0,AMDD,1m
2026-04-14 12:36:00-04:00,7.179999828338623,7.179999828338623,7.179900169372559,7.179999828338623,79866,0.0,0.0,0.0,AMDD,1m
2026-04-14 12:44:00-04:00,7.175000190734863,7.175000190734863,7.159999847412109,7.159999847412109,56302,0.0,0.0,0.0,AMDD,1m
2026-04-14 12:45:00-04:00,7.164999961853027,7.170000076293945,7.164999961853027,7.170000076293945,20900,0.0,0.0,0.0,AMDD,1m
2026-04-14 12:46:00-04:00,7.160099983215332,7.179999828338623,7.160099983215332,7.179999828338623,118360,0.0,0.0,0.0,AMDD,1m
2026-04-14 12:47:00-04:00,7.175000190734863,7.175000190734863,7.175000190734863,7.175000190734863,4800,0.0,0.0,0.0,AMDD,1m
2026-04-14 12:49:00-04:00,7.170000076293945,7.175000190734863,7.169000148773193,7.169000148773193,364253,0.0,0.0,0.0,AMDD,1m
2026-04-14 12:50:00-04:00,7.170000076293945,7.170000076293945,7.1697998046875,7.1697998046875,91550,0.0,0.0,0.0,AMDD,1m
2026-04-14 12:51:00-04:00,7.170000076293945,7.170000076293945,7.169000148773193,7.170000076293945,150301,0.0,0.0,0.0,AMDD,1m
2026-04-14 12:53:00-04:00,7.179999828338623,7.179999828338623,7.179999828338623,7.179999828338623,63425,0.0,0.0,0.0,AMDD,1m
2026-04-14 12:54:00-04:00,7.184999942779541,7.184999942779541,7.179999828338623,7.180099964141846,156603,0.0,0.0,0.0,AMDD,1m
2026-04-14 12:55:00-04:00,7.184999942779541,7.184999942779541,7.184999942779541,7.184999942779541,33906,0.0,0.0,0.0,AMDD,1m
2026-04-14 12:56:00-04:00,7.189799785614014,7.190000057220459,7.189799785614014,7.190000057220459,45078,0.0,0.0,0.0,AMDD,1m
2026-04-14 12:58:00-04:00,7.189899921417236,7.189899921417236,7.189899921417236,7.189899921417236,872,0.0,0.0,0.0,AMDD,1m
2026-04-14 12:59:00-04:00,7.184999942779541,7.184999942779541,7.184999942779541,7.184999942779541,50063,0.0,0.0,0.0,AMDD,1m
2026-04-14 13:01:00-04:00,7.184999942779541,7.184999942779541,7.180099964141846,7.180099964141846,13848,0.0,0.0,0.0,AMDD,1m
2026-04-14 13:04:00-04:00,7.184999942779541,7.184999942779541,7.184999942779541,7.184999942779541,641,0.0,0.0,0.0,AMDD,1m
2026-04-14 13:05:00-04:00,7.180099964141846,7.180300235748291,7.180099964141846,7.180099964141846,62381,0.0,0.0,0.0,AMDD,1m
2026-04-14 13:09:00-04:00,7.179999828338623,7.179999828338623,7.179999828338623,7.179999828338623,5290,0.0,0.0,0.0,AMDD,1m
2026-04-14 13:11:00-04:00,7.184999942779541,7.184999942779541,7.179999828338623,7.179999828338623,85183,0.0,0.0,0.0,AMDD,1m
2026-04-14 13:12:00-04:00,7.179999828338623,7.179999828338623,7.175000190734863,7.179999828338623,84502,0.0,0.0,0.0,AMDD,1m
2026-04-14 13:14:00-04:00,7.177599906921387,7.177599906921387,7.177599906921387,7.177599906921387,4861,0.0,0.0,0.0,AMDD,1m
2026-04-14 13:18:00-04:00,7.170000076293945,7.170000076293945,7.170000076293945,7.170000076293945,54597,0.0,0.0,0.0,AMDD,1m
2026-04-14 13:21:00-04:00,7.159999847412109,7.159999847412109,7.159999847412109,7.159999847412109,5697,0.0,0.0,0.0,AMDD,1m
2026-04-14 13:22:00-04:00,7.159999847412109,7.159999847412109,7.159999847412109,7.159999847412109,45113,0.0,0.0,0.0,AMDD,1m
2026-04-14 13:23:00-04:00,7.15500020980835,7.15500020980835,7.15500020980835,7.15500020980835,530,0.0,0.0,0.0,AMDD,1m
2026-04-14 13:24:00-04:00,7.159999847412109,7.159999847412109,7.159999847412109,7.159999847412109,3700,0.0,0.0,0.0,AMDD,1m
2026-04-14 13:26:00-04:00,7.159999847412109,7.159999847412109,7.159999847412109,7.159999847412109,23650,0.0,0.0,0.0,AMDD,1m
2026-04-14 13:27:00-04:00,7.157899856567383,7.157899856567383,7.157899856567383,7.157899856567383,0,0.0,0.0,0.0,AMDD,1m
2026-04-14 13:28:00-04:00,7.159999847412109,7.159999847412109,7.159999847412109,7.159999847412109,35792,0.0,0.0,0.0,AMDD,1m
2026-04-14 13:35:00-04:00,7.152200222015381,7.152200222015381,7.152200222015381,7.152200222015381,203,0.0,0.0,0.0,AMDD,1m
2026-04-14 13:38:00-04:00,7.150100231170654,7.150199890136719,7.150000095367432,7.150000095367432,175309,0.0,0.0,0.0,AMDD,1m
2026-04-14 13:39:00-04:00,7.144999980926514,7.144999980926514,7.144999980926514,7.144999980926514,713,0.0,0.0,0.0,AMDD,1m
2026-04-14 13:44:00-04:00,7.144999980926514,7.144999980926514,7.144999980926514,7.144999980926514,1000,0.0,0.0,0.0,AMDD,1m
2026-04-14 13:45:00-04:00,7.140200138092041,7.140200138092041,7.140200138092041,7.140200138092041,0,0.0,0.0,0.0,AMDD,1m
2026-04-14 13:46:00-04:00,7.150000095367432,7.15500020980835,7.150000095367432,7.15500020980835,157941,0.0,0.0,0.0,AMDD,1m
2026-04-14 13:51:00-04:00,7.152500152587891,7.152500152587891,7.152500152587891,7.152500152587891,3014,0.0,0.0,0.0,AMDD,1m
2026-04-14 13:54:00-04:00,7.15500020980835,7.15500020980835,7.15500020980835,7.15500020980835,501,0.0,0.0,0.0,AMDD,1m
2026-04-14 13:56:00-04:00,7.159999847412109,7.159999847412109,7.159999847412109,7.159999847412109,129,0.0,0.0,0.0,AMDD,1m
2026-04-14 13:59:00-04:00,7.15500020980835,7.15500020980835,7.15500020980835,7.15500020980835,300,0.0,0.0,0.0,AMDD,1m
2026-04-14 14:00:00-04:00,7.150000095367432,7.150000095367432,7.150000095367432,7.150000095367432,168007,0.0,0.0,0.0,AMDD,1m
2026-04-14 14:05:00-04:00,7.144999980926514,7.144999980926514,7.144999980926514,7.144999980926514,3000,0.0,0.0,0.0,AMDD,1m
2026-04-14 14:06:00-04:00,7.149899959564209,7.149899959564209,7.140100002288818,7.140100002288818,800,0.0,0.0,0.0,AMDD,1m
2026-04-14 14:07:00-04:00,7.144999980926514,7.144999980926514,7.144999980926514,7.144999980926514,0,0.0,0.0,0.0,AMDD,1m
2026-04-14 14:10:00-04:00,7.144999980926514,7.150000095367432,7.144999980926514,7.150000095367432,110953,0.0,0.0,0.0,AMDD,1m
2026-04-14 14:12:00-04:00,7.156799793243408,7.156799793243408,7.156799793243408,7.156799793243408,71621,0.0,0.0,0.0,AMDD,1m
2026-04-14 14:13:00-04:00,7.15500020980835,7.159999847412109,7.15500020980835,7.15500020980835,0,0.0,0.0,0.0,AMDD,1m
2026-04-14 14:14:00-04:00,7.15500020980835,7.15500020980835,7.15500020980835,7.15500020980835,211,0.0,0.0,0.0,AMDD,1m
2026-04-14 14:17:00-04:00,7.150000095367432,7.150000095367432,7.150000095367432,7.150000095367432,1000,0.0,0.0,0.0,AMDD,1m
2026-04-14 14:18:00-04:00,7.159900188446045,7.159999847412109,7.159900188446045,7.159999847412109,54087,0.0,0.0,0.0,AMDD,1m
2026-04-14 14:21:00-04:00,7.170000076293945,7.170100212097168,7.170000076293945,7.170000076293945,136316,0.0,0.0,0.0,AMDD,1m
2026-04-14 14:22:00-04:00,7.170000076293945,7.170000076293945,7.169899940490723,7.169899940490723,99720,0.0,0.0,0.0,AMDD,1m
2026-04-14 14:25:00-04:00,7.160200119018555,7.160200119018555,7.160200119018555,7.160200119018555,0,0.0,0.0,0.0,AMDD,1m
2026-04-14 14:26:00-04:00,7.150000095367432,7.150000095367432,7.150000095367432,7.150000095367432,108704,0.0,0.0,0.0,AMDD,1m
2026-04-14 14:27:00-04:00,7.15500020980835,7.15500020980835,7.15500020980835,7.15500020980835,9671,0.0,0.0,0.0,AMDD,1m
2026-04-14 14:34:00-04:00,7.150000095367432,7.150000095367432,7.150000095367432,7.150000095367432,230409,0.0,0.0,0.0,AMDD,1m
2026-04-14 14:35:00-04:00,7.149899959564209,7.150000095367432,7.149899959564209,7.150000095367432,57044,0.0,0.0,0.0,AMDD,1m
2026-04-14 14:36:00-04:00,7.144999980926514,7.144999980926514,7.144999980926514,7.144999980926514,1197,0.0,0.0,0.0,AMDD,1m
2026-04-14 14:37:00-04:00,7.150000095367432,7.150000095367432,7.150000095367432,7.150000095367432,33511,0.0,0.0,0.0,AMDD,1m
2026-04-14 14:38:00-04:00,7.144999980926514,7.144999980926514,7.144999980926514,7.144999980926514,962,0.0,0.0,0.0,AMDD,1m
2026-04-14 14:43:00-04:00,7.15500020980835,7.15500020980835,7.15500020980835,7.15500020980835,63371,0.0,0.0,0.0,AMDD,1m
2026-04-14 14:47:00-04:00,7.15500020980835,7.15500020980835,7.150000095367432,7.150000095367432,90958,0.0,0.0,0.0,AMDD,1m
2026-04-14 14:49:00-04:00,7.150000095367432,7.150000095367432,7.150000095367432,7.150000095367432,284799,0.0,0.0,0.0,AMDD,1m
2026-04-14 14:55:00-04:00,7.135000228881836,7.135000228881836,7.135000228881836,7.135000228881836,20722,0.0,0.0,0.0,AMDD,1m
2026-04-14 14:59:00-04:00,7.135000228881836,7.139900207519531,7.135000228881836,7.135000228881836,26632,0.0,0.0,0.0,AMDD,1m
2026-04-14 15:02:00-04:00,7.1350998878479,7.1350998878479,7.1350998878479,7.1350998878479,1424,0.0,0.0,0.0,AMDD,1m
2026-04-14 15:03:00-04:00,7.135000228881836,7.135000228881836,7.135000228881836,7.135000228881836,896,0.0,0.0,0.0,AMDD,1m
2026-04-14 15:04:00-04:00,7.130000114440918,7.130000114440918,7.130000114440918,7.130000114440918,150,0.0,0.0,0.0,AMDD,1m
2026-04-14 15:05:00-04:00,7.130000114440918,7.130000114440918,7.130000114440918,7.130000114440918,855,0.0,0.0,0.0,AMDD,1m
2026-04-14 15:06:00-04:00,7.119999885559082,7.119999885559082,7.119999885559082,7.119999885559082,3894,0.0,0.0,0.0,AMDD,1m
2026-04-14 15:09:00-04:00,7.130000114440918,7.130000114440918,7.130000114440918,7.130000114440918,549,0.0,0.0,0.0,AMDD,1m
2026-04-14 15:12:00-04:00,7.120100021362305,7.120100021362305,7.120100021362305,7.120100021362305,265,0.0,0.0,0.0,AMDD,1m
2026-04-14 15:13:00-04:00,7.130000114440918,7.130000114440918,7.125,7.130000114440918,9010,0.0,0.0,0.0,AMDD,1m
2026-04-14 15:15:00-04:00,7.125,7.125,7.119999885559082,7.119999885559082,12301,0.0,0.0,0.0,AMDD,1m
2026-04-14 15:17:00-04:00,7.119900226593018,7.119999885559082,7.114999771118164,7.114999771118164,115302,0.0,0.0,0.0,AMDD,1m
2026-04-14 15:18:00-04:00,7.119900226593018,7.119900226593018,7.119900226593018,7.119900226593018,33030,0.0,0.0,0.0,AMDD,1m
2026-04-14 15:20:00-04:00,7.110000133514404,7.110000133514404,7.110000133514404,7.110000133514404,72328,0.0,0.0,0.0,AMDD,1m
2026-04-14 15:21:00-04:00,7.110000133514404,7.110000133514404,7.110000133514404,7.110000133514404,6372,0.0,0.0,0.0,AMDD,1m
2026-04-14 15:23:00-04:00,7.110000133514404,7.110000133514404,7.110000133514404,7.110000133514404,150122,0.0,0.0,0.0,AMDD,1m
2026-04-14 15:24:00-04:00,7.110199928283691,7.110199928283691,7.110000133514404,7.110000133514404,168060,0.0,0.0,0.0,AMDD,1m
2026-04-14 15:26:00-04:00,7.110000133514404,7.110000133514404,7.110000133514404,7.110000133514404,0,0.0,0.0,0.0,AMDD,1m
2026-04-14 15:27:00-04:00,7.110000133514404,7.110000133514404,7.110000133514404,7.110000133514404,181772,0.0,0.0,0.0,AMDD,1m
2026-04-14 15:28:00-04:00,7.109899997711182,7.109899997711182,7.109899997711182,7.109899997711182,501,0.0,0.0,0.0,AMDD,1m
2026-04-14 15:29:00-04:00,7.099999904632568,7.099999904632568,7.099999904632568,7.099999904632568,2205,0.0,0.0,0.0,AMDD,1m
2026-04-14 15:30:00-04:00,7.105000019073486,7.105000019073486,7.105000019073486,7.105000019073486,4501,0.0,0.0,0.0,AMDD,1m
2026-04-14 15:31:00-04:00,7.110000133514404,7.110000133514404,7.110000133514404,7.110000133514404,0,0.0,0.0,0.0,AMDD,1m
2026-04-14 15:32:00-04:00,7.100100040435791,7.1020002365112305,7.099999904632568,7.099999904632568,23231,0.0,0.0,0.0,AMDD,1m
2026-04-14 15:33:00-04:00,7.099999904632568,7.099999904632568,7.099800109863281,7.099800109863281,7182,0.0,0.0,0.0,AMDD,1m
2026-04-14 15:34:00-04:00,7.099999904632568,7.110000133514404,7.09499979019165,7.110000133514404,139006,0.0,0.0,0.0,AMDD,1m
2026-04-14 15:35:00-04:00,7.100100040435791,7.100100040435791,7.100100040435791,7.100100040435791,174,0.0,0.0,0.0,AMDD,1m
2026-04-14 15:38:00-04:00,7.104499816894531,7.104499816894531,7.104499816894531,7.104499816894531,375,0.0,0.0,0.0,AMDD,1m
2026-04-14 15:41:00-04:00,7.105000019073486,7.105000019073486,7.105000019073486,7.105000019073486,60908,0.0,0.0,0.0,AMDD,1m
2026-04-14 15:42:00-04:00,7.109899997711182,7.109899997711182,7.109899997711182,7.109899997711182,53949,0.0,0.0,0.0,AMDD,1m
2026-04-14 15:43:00-04:00,7.114999771118164,7.114999771118164,7.114999771118164,7.114999771118164,3000,0.0,0.0,0.0,AMDD,1m
2026-04-14 15:45:00-04:00,7.110300064086914,7.110300064086914,7.110000133514404,7.110000133514404,171934,0.0,0.0,0.0,AMDD,1m
2026-04-14 15:49:00-04:00,7.108500003814697,7.108500003814697,7.108500003814697,7.108500003814697,3825,0.0,0.0,0.0,AMDD,1m
2026-04-14 15:50:00-04:00,7.099999904632568,7.10830020904541,7.099999904632568,7.10830020904541,166962,0.0,0.0,0.0,AMDD,1m
2026-04-14 15:55:00-04:00,7.099999904632568,7.105000019073486,7.099999904632568,7.100100040435791,4668,0.0,0.0,0.0,AMDD,1m
2026-04-14 15:56:00-04:00,7.105000019073486,7.110000133514404,7.099999904632568,7.099999904632568,2711,0.0,0.0,0.0,AMDD,1m
2026-04-14 15:58:00-04:00,7.109899997711182,7.109899997711182,7.109899997711182,7.109899997711182,6596,0.0,0.0,0.0,AMDD,1m
2026-04-14 15:59:00-04:00,7.105000019073486,7.1082000732421875,7.105000019073486,7.105000019073486,94692,0.0,0.0,0.0,AMDD,1m
2026-04-15 09:30:00-04:00,7.110000133514404,7.114999771118164,7.090000152587891,7.114999771118164,109047,0.0,0.0,0.0,AMDD,1m
2026-04-15 09:31:00-04:00,7.110000133514404,7.119999885559082,7.110000133514404,7.119999885559082,7660,0.0,0.0,0.0,AMDD,1m
2026-04-15 09:32:00-04:00,7.119999885559082,7.119999885559082,7.079999923706055,7.079999923706055,52116,0.0,0.0,0.0,AMDD,1m
2026-04-15 09:33:00-04:00,7.079999923706055,7.099999904632568,7.079999923706055,7.099999904632568,22371,0.0,0.0,0.0,AMDD,1m
2026-04-15 09:34:00-04:00,7.110000133514404,7.139999866485596,7.110000133514404,7.139999866485596,34062,0.0,0.0,0.0,AMDD,1m
2026-04-15 09:35:00-04:00,7.144999980926514,7.144999980926514,7.130000114440918,7.130000114440918,13971,0.0,0.0,0.0,AMDD,1m
2026-04-15 09:36:00-04:00,7.130000114440918,7.139999866485596,7.130000114440918,7.139999866485596,25671,0.0,0.0,0.0,AMDD,1m
2026-04-15 09:37:00-04:00,7.150000095367432,7.150000095367432,7.131400108337402,7.131400108337402,21025,0.0,0.0,0.0,AMDD,1m
2026-04-15 09:38:00-04:00,7.130000114440918,7.130000114440918,7.130000114440918,7.130000114440918,13993,0.0,0.0,0.0,AMDD,1m
2026-04-15 09:39:00-04:00,7.139999866485596,7.144999980926514,7.139999866485596,7.139999866485596,15940,0.0,0.0,0.0,AMDD,1m
2026-04-15 09:40:00-04:00,7.139999866485596,7.140100002288818,7.139999866485596,7.140100002288818,10970,0.0,0.0,0.0,AMDD,1m
2026-04-15 09:41:00-04:00,7.150000095367432,7.150000095367432,7.144999980926514,7.144999980926514,12328,0.0,0.0,0.0,AMDD,1m
2026-04-15 09:42:00-04:00,7.150000095367432,7.158400058746338,7.150000095367432,7.150000095367432,38370,0.0,0.0,0.0,AMDD,1m
2026-04-15 09:43:00-04:00,7.159999847412109,7.159999847412109,7.144999980926514,7.150000095367432,44865,0.0,0.0,0.0,AMDD,1m
2026-04-15 09:44:00-04:00,7.139999866485596,7.139999866485596,7.130000114440918,7.139999866485596,68987,0.0,0.0,0.0,AMDD,1m
2026-04-15 09:45:00-04:00,7.144999980926514,7.144999980926514,7.130000114440918,7.135000228881836,73935,0.0,0.0,0.0,AMDD,1m
2026-04-15 09:46:00-04:00,7.130000114440918,7.130000114440918,7.125,7.125,25315,0.0,0.0,0.0,AMDD,1m
2026-04-15 09:47:00-04:00,7.125,7.125,7.125,7.125,12489,0.0,0.0,0.0,AMDD,1m
2026-04-15 09:48:00-04:00,7.122000217437744,7.122000217437744,7.110000133514404,7.110199928283691,44835,0.0,0.0,0.0,AMDD,1m
2026-04-15 09:49:00-04:00,7.114999771118164,7.119999885559082,7.114999771118164,7.119999885559082,12197,0.0,0.0,0.0,AMDD,1m
2026-04-15 09:50:00-04:00,7.119999885559082,7.119999885559082,7.110099792480469,7.110099792480469,22921,0.0,0.0,0.0,AMDD,1m
2026-04-15 09:51:00-04:00,7.119999885559082,7.125,7.119999885559082,7.125,26387,0.0,0.0,0.0,AMDD,1m
2026-04-15 09:52:00-04:00,7.119999885559082,7.125,7.119999885559082,7.119999885559082,131692,0.0,0.0,0.0,AMDD,1m
2026-04-15 09:53:00-04:00,7.110000133514404,7.110000133514404,7.105000019073486,7.105000019073486,38713,0.0,0.0,0.0,AMDD,1m
2026-04-15 09:54:00-04:00,7.099999904632568,7.105000019073486,7.099999904632568,7.105000019073486,3203,0.0,0.0,0.0,AMDD,1m
2026-04-15 09:55:00-04:00,7.101600170135498,7.105000019073486,7.099999904632568,7.099999904632568,58706,0.0,0.0,0.0,AMDD,1m
2026-04-15 09:56:00-04:00,7.099999904632568,7.114999771118164,7.099999904632568,7.114999771118164,41909,0.0,0.0,0.0,AMDD,1m
2026-04-15 09:57:00-04:00,7.110000133514404,7.110000133514404,7.109899997711182,7.109899997711182,9405,0.0,0.0,0.0,AMDD,1m
2026-04-15 09:58:00-04:00,7.099999904632568,7.099999904632568,7.099999904632568,7.099999904632568,10480,0.0,0.0,0.0,AMDD,1m
2026-04-15 09:59:00-04:00,7.099999904632568,7.099999904632568,7.09499979019165,7.09499979019165,22504,0.0,0.0,0.0,AMDD,1m
2026-04-15 10:01:00-04:00,7.090000152587891,7.090000152587891,7.090000152587891,7.090000152587891,85020,0.0,0.0,0.0,AMDD,1m
2026-04-15 10:02:00-04:00,7.0914998054504395,7.0914998054504395,7.0914998054504395,7.0914998054504395,665,0.0,0.0,0.0,AMDD,1m
2026-04-15 10:04:00-04:00,7.099999904632568,7.099999904632568,7.099999904632568,7.099999904632568,80637,0.0,0.0,0.0,AMDD,1m
2026-04-15 10:05:00-04:00,7.099899768829346,7.099999904632568,7.099899768829346,7.099999904632568,57933,0.0,0.0,0.0,AMDD,1m
2026-04-15 10:06:00-04:00,7.110000133514404,7.110000133514404,7.099999904632568,7.109899997711182,92227,0.0,0.0,0.0,AMDD,1m
2026-04-15 10:08:00-04:00,7.110000133514404,7.110000133514404,7.110000133514404,7.110000133514404,73923,0.0,0.0,0.0,AMDD,1m
2026-04-15 10:09:00-04:00,7.110000133514404,7.110000133514404,7.110000133514404,7.110000133514404,54790,0.0,0.0,0.0,AMDD,1m
2026-04-15 10:10:00-04:00,7.110000133514404,7.110000133514404,7.100100040435791,7.100100040435791,51116,0.0,0.0,0.0,AMDD,1m
2026-04-15 10:11:00-04:00,7.105000019073486,7.114999771118164,7.105000019073486,7.114999771118164,79925,0.0,0.0,0.0,AMDD,1m
2026-04-15 10:14:00-04:00,7.119900226593018,7.119900226593018,7.110000133514404,7.110000133514404,31848,0.0,0.0,0.0,AMDD,1m
2026-04-15 10:15:00-04:00,7.119999885559082,7.125,7.119900226593018,7.119999885559082,63078,0.0,0.0,0.0,AMDD,1m
2026-04-15 10:16:00-04:00,7.119900226593018,7.119900226593018,7.119900226593018,7.119900226593018,298,0.0,0.0,0.0,AMDD,1m
2026-04-15 10:17:00-04:00,7.110000133514404,7.110000133514404,7.105000019073486,7.110000133514404,37998,0.0,0.0,0.0,AMDD,1m
2026-04-15 10:19:00-04:00,7.119999885559082,7.119999885559082,7.119999885559082,7.119999885559082,13906,0.0,0.0,0.0,AMDD,1m
2026-04-15 10:20:00-04:00,7.120100021362305,7.120100021362305,7.119900226593018,7.119999885559082,153710,0.0,0.0,0.0,AMDD,1m
2026-04-15 10:21:00-04:00,7.110099792480469,7.110099792480469,7.105000019073486,7.105000019073486,84945,0.0,0.0,0.0,AMDD,1m
2026-04-15 10:22:00-04:00,7.109899997711182,7.109899997711182,7.105000019073486,7.105000019073486,5265,0.0,0.0,0.0,AMDD,1m
2026-04-15 10:24:00-04:00,7.109899997711182,7.110000133514404,7.109899997711182,7.110000133514404,115600,0.0,0.0,0.0,AMDD,1m
2026-04-15 10:25:00-04:00,7.110000133514404,7.110000133514404,7.110000133514404,7.110000133514404,8032,0.0,0.0,0.0,AMDD,1m
2026-04-15 10:26:00-04:00,7.114999771118164,7.114999771118164,7.099999904632568,7.099999904632568,180118,0.0,0.0,0.0,AMDD,1m
2026-04-15 10:27:00-04:00,7.090000152587891,7.090000152587891,7.090000152587891,7.090000152587891,9998,0.0,0.0,0.0,AMDD,1m
2026-04-15 10:29:00-04:00,7.090000152587891,7.090000152587891,7.090000152587891,7.090000152587891,24848,0.0,0.0,0.0,AMDD,1m
2026-04-15 10:30:00-04:00,7.079999923706055,7.079999923706055,7.079999923706055,7.079999923706055,1699,0.0,0.0,0.0,AMDD,1m
2026-04-15 10:31:00-04:00,7.074999809265137,7.074999809265137,7.070000171661377,7.070000171661377,71290,0.0,0.0,0.0,AMDD,1m
2026-04-15 10:32:00-04:00,7.059999942779541,7.059999942779541,7.059999942779541,7.059999942779541,3292,0.0,0.0,0.0,AMDD,1m
2026-04-15 10:33:00-04:00,7.059999942779541,7.059999942779541,7.059999942779541,7.059999942779541,212787,0.0,0.0,0.0,AMDD,1m
2026-04-15 10:34:00-04:00,7.070000171661377,7.070000171661377,7.069900035858154,7.069900035858154,206406,0.0,0.0,0.0,AMDD,1m
2026-04-15 10:35:00-04:00,7.065000057220459,7.065000057220459,7.050000190734863,7.050000190734863,233962,0.0,0.0,0.0,AMDD,1m
2026-04-15 10:36:00-04:00,7.050000190734863,7.050000190734863,7.045000076293945,7.045000076293945,81207,0.0,0.0,0.0,AMDD,1m
2026-04-15 10:37:00-04:00,7.039999961853027,7.045000076293945,7.034999847412109,7.039999961853027,249177,0.0,0.0,0.0,AMDD,1m
2026-04-15 10:39:00-04:00,7.050000190734863,7.050000190734863,7.049900054931641,7.050000190734863,101098,0.0,0.0,0.0,AMDD,1m
2026-04-15 10:40:00-04:00,7.054999828338623,7.054999828338623,7.054999828338623,7.054999828338623,386,0.0,0.0,0.0,AMDD,1m
2026-04-15 10:41:00-04:00,7.050000190734863,7.05019998550415,7.050000190734863,7.05019998550415,139555,0.0,0.0,0.0,AMDD,1m
2026-04-15 10:42:00-04:00,7.050099849700928,7.050099849700928,7.045000076293945,7.050000190734863,393509,0.0,0.0,0.0,AMDD,1m
2026-04-15 10:43:00-04:00,7.050000190734863,7.050000190734863,7.050000190734863,7.050000190734863,31219,0.0,0.0,0.0,AMDD,1m
2026-04-15 10:44:00-04:00,7.049900054931641,7.054999828338623,7.049900054931641,7.050000190734863,194389,0.0,0.0,0.0,AMDD,1m
2026-04-15 10:45:00-04:00,7.059000015258789,7.059000015258789,7.059000015258789,7.059000015258789,510,0.0,0.0,0.0,AMDD,1m
2026-04-15 10:46:00-04:00,7.059999942779541,7.059999942779541,7.059899806976318,7.059899806976318,41612,0.0,0.0,0.0,AMDD,1m
2026-04-15 10:47:00-04:00,7.059999942779541,7.059999942779541,7.059999942779541,7.059999942779541,15356,0.0,0.0,0.0,AMDD,1m
2026-04-15 10:49:00-04:00,7.059999942779541,7.059999942779541,7.050000190734863,7.050000190734863,243202,0.0,0.0,0.0,AMDD,1m
2026-04-15 10:52:00-04:00,7.054999828338623,7.059999942779541,7.054999828338623,7.059999942779541,67152,0.0,0.0,0.0,AMDD,1m
2026-04-15 10:53:00-04:00,7.059999942779541,7.059999942779541,7.059700012207031,7.059999942779541,83500,0.0,0.0,0.0,AMDD,1m
2026-04-15 10:54:00-04:00,7.065000057220459,7.065000057220459,7.059999942779541,7.060100078582764,146451,0.0,0.0,0.0,AMDD,1m
2026-04-15 10:56:00-04:00,7.061399936676025,7.061399936676025,7.061399936676025,7.061399936676025,141,0.0,0.0,0.0,AMDD,1m
2026-04-15 10:57:00-04:00,7.059999942779541,7.059999942779541,7.054999828338623,7.059999942779541,225459,0.0,0.0,0.0,AMDD,1m
2026-04-15 10:58:00-04:00,7.054999828338623,7.059999942779541,7.054999828338623,7.059999942779541,44506,0.0,0.0,0.0,AMDD,1m
2026-04-15 10:59:00-04:00,7.059999942779541,7.060100078582764,7.059999942779541,7.060100078582764,134997,0.0,0.0,0.0,AMDD,1m
2026-04-15 11:00:00-04:00,7.060100078582764,7.060100078582764,7.060100078582764,7.060100078582764,1000,0.0,0.0,0.0,AMDD,1m
2026-04-15 11:01:00-04:00,7.070000171661377,7.074999809265137,7.067299842834473,7.070000171661377,342490,0.0,0.0,0.0,AMDD,1m
2026-04-15 11:03:00-04:00,7.069900035858154,7.074999809265137,7.069900035858154,7.074999809265137,145521,0.0,0.0,0.0,AMDD,1m
2026-04-15 11:04:00-04:00,7.070099830627441,7.070099830627441,7.070099830627441,7.070099830627441,0,0.0,0.0,0.0,AMDD,1m
2026-04-15 11:05:00-04:00,7.079800128936768,7.079800128936768,7.079800128936768,7.079800128936768,398,0.0,0.0,0.0,AMDD,1m
2026-04-15 11:06:00-04:00,7.079999923706055,7.085000038146973,7.079999923706055,7.079999923706055,139029,0.0,0.0,0.0,AMDD,1m
2026-04-15 11:07:00-04:00,7.089900016784668,7.089900016784668,7.085000038146973,7.085000038146973,0,0.0,0.0,0.0,AMDD,1m
2026-04-15 11:08:00-04:00,7.090000152587891,7.090000152587891,7.080100059509277,7.080100059509277,55506,0.0,0.0,0.0,AMDD,1m
2026-04-15 11:09:00-04:00,7.079999923706055,7.079999923706055,7.079899787902832,7.079999923706055,244184,0.0,0.0,0.0,AMDD,1m
2026-04-15 11:10:00-04:00,7.079999923706055,7.079999923706055,7.079999923706055,7.079999923706055,0,0.0,0.0,0.0,AMDD,1m
2026-04-15 11:11:00-04:00,7.070000171661377,7.070199966430664,7.059999942779541,7.059999942779541,130987,0.0,0.0,0.0,AMDD,1m
2026-04-15 11:12:00-04:00,7.060100078582764,7.060100078582764,7.060100078582764,7.060100078582764,28498,0.0,0.0,0.0,AMDD,1m
2026-04-15 11:16:00-04:00,7.060100078582764,7.060100078582764,7.059999942779541,7.059999942779541,12626,0.0,0.0,0.0,AMDD,1m
2026-04-15 11:17:00-04:00,7.065000057220459,7.070000171661377,7.065000057220459,7.0680999755859375,77792,0.0,0.0,0.0,AMDD,1m
2026-04-15 11:19:00-04:00,7.065000057220459,7.065000057220459,7.065000057220459,7.065000057220459,2850,0.0,0.0,0.0,AMDD,1m
2026-04-15 11:20:00-04:00,7.070000171661377,7.070000171661377,7.069900035858154,7.069900035858154,51059,0.0,0.0,0.0,AMDD,1m
2026-04-15 11:21:00-04:00,7.060100078582764,7.060100078582764,7.059999942779541,7.060100078582764,0,0.0,0.0,0.0,AMDD,1m
2026-04-15 11:22:00-04:00,7.070000171661377,7.070000171661377,7.070000171661377,7.070000171661377,26250,0.0,0.0,0.0,AMDD,1m
2026-04-15 11:23:00-04:00,7.070000171661377,7.070000171661377,7.069699764251709,7.070000171661377,33595,0.0,0.0,0.0,AMDD,1m
2026-04-15 11:24:00-04:00,7.074999809265137,7.079899787902832,7.074999809265137,7.079899787902832,10868,0.0,0.0,0.0,AMDD,1m
2026-04-15 11:25:00-04:00,7.070000171661377,7.070000171661377,7.070000171661377,7.070000171661377,46534,0.0,0.0,0.0,AMDD,1m
2026-04-15 11:26:00-04:00,7.059999942779541,7.060100078582764,7.059999942779541,7.060100078582764,122676,0.0,0.0,0.0,AMDD,1m
2026-04-15 11:27:00-04:00,7.059999942779541,7.060100078582764,7.059999942779541,7.059999942779541,42600,0.0,0.0,0.0,AMDD,1m
2026-04-15 11:28:00-04:00,7.054999828338623,7.059999942779541,7.054999828338623,7.059899806976318,137685,0.0,0.0,0.0,AMDD,1m
2026-04-15 11:29:00-04:00,7.059999942779541,7.059999942779541,7.059899806976318,7.059899806976318,44139,0.0,0.0,0.0,AMDD,1m
2026-04-15 11:30:00-04:00,7.059999942779541,7.059999942779541,7.059999942779541,7.059999942779541,80525,0.0,0.0,0.0,AMDD,1m
2026-04-15 11:32:00-04:00,7.069900035858154,7.074999809265137,7.069900035858154,7.074999809265137,128259,0.0,0.0,0.0,AMDD,1m
2026-04-15 11:36:00-04:00,7.079999923706055,7.079999923706055,7.079899787902832,7.079899787902832,0,0.0,0.0,0.0,AMDD,1m
2026-04-15 11:37:00-04:00,7.085000038146973,7.085000038146973,7.079999923706055,7.080100059509277,173065,0.0,0.0,0.0,AMDD,1m
2026-04-15 11:38:00-04:00,7.079999923706055,7.079999923706055,7.070000171661377,7.070000171661377,146705,0.0,0.0,0.0,AMDD,1m
2026-04-15 11:39:00-04:00,7.079899787902832,7.079899787902832,7.079899787902832,7.079899787902832,0,0.0,0.0,0.0,AMDD,1m
2026-04-15 11:40:00-04:00,7.070099830627441,7.070099830627441,7.070000171661377,7.070000171661377,61473,0.0,0.0,0.0,AMDD,1m
2026-04-15 11:41:00-04:00,7.060200214385986,7.060200214385986,7.054999828338623,7.054999828338623,127389,0.0,0.0,0.0,AMDD,1m
2026-04-15 11:42:00-04:00,7.059800148010254,7.059999942779541,7.059800148010254,7.059899806976318,91996,0.0,0.0,0.0,AMDD,1m
2026-04-15 11:43:00-04:00,7.054999828338623,7.054999828338623,7.054999828338623,7.054999828338623,0,0.0,0.0,0.0,AMDD,1m
2026-04-15 11:44:00-04:00,7.059999942779541,7.059999942779541,7.059700012207031,7.059899806976318,244957,0.0,0.0,0.0,AMDD,1m
2026-04-15 11:46:00-04:00,7.054999828338623,7.054999828338623,7.050000190734863,7.050000190734863,217695,0.0,0.0,0.0,AMDD,1m
2026-04-15 11:47:00-04:00,7.045000076293945,7.050000190734863,7.045000076293945,7.050000190734863,66727,0.0,0.0,0.0,AMDD,1m
2026-04-15 11:48:00-04:00,7.045000076293945,7.045000076293945,7.045000076293945,7.045000076293945,25950,0.0,0.0,0.0,AMDD,1m
2026-04-15 11:50:00-04:00,7.050000190734863,7.050000190734863,7.050000190734863,7.050000190734863,40304,0.0,0.0,0.0,AMDD,1m
2026-04-15 11:52:00-04:00,7.050099849700928,7.054999828338623,7.050099849700928,7.054999828338623,3400,0.0,0.0,0.0,AMDD,1m
2026-04-15 11:55:00-04:00,7.059999942779541,7.059999942779541,7.054999828338623,7.059999942779541,66973,0.0,0.0,0.0,AMDD,1m
2026-04-15 11:56:00-04:00,7.069900035858154,7.074999809265137,7.069900035858154,7.070000171661377,153498,0.0,0.0,0.0,AMDD,1m
2026-04-15 11:57:00-04:00,7.079999923706055,7.085000038146973,7.079899787902832,7.085000038146973,83985,0.0,0.0,0.0,AMDD,1m
2026-04-15 11:58:00-04:00,7.079999923706055,7.080100059509277,7.079999923706055,7.080100059509277,281383,0.0,0.0,0.0,AMDD,1m
2026-04-15 12:00:00-04:00,7.079899787902832,7.079999923706055,7.074999809265137,7.079999923706055,188674,0.0,0.0,0.0,AMDD,1m
2026-04-15 12:01:00-04:00,7.079999923706055,7.079999923706055,7.079999923706055,7.079999923706055,0,0.0,0.0,0.0,AMDD,1m
2026-04-15 12:02:00-04:00,7.079999923706055,7.079999923706055,7.079999923706055,7.079999923706055,4193,0.0,0.0,0.0,AMDD,1m
2026-04-15 12:04:00-04:00,7.085000038146973,7.085000038146973,7.085000038146973,7.085000038146973,236,0.0,0.0,0.0,AMDD,1m
2026-04-15 12:05:00-04:00,7.085000038146973,7.085000038146973,7.079999923706055,7.079999923706055,110620,0.0,0.0,0.0,AMDD,1m
2026-04-15 12:06:00-04:00,7.079999923706055,7.079999923706055,7.079999923706055,7.079999923706055,18251,0.0,0.0,0.0,AMDD,1m
2026-04-15 12:07:00-04:00,7.079999923706055,7.079999923706055,7.079999923706055,7.079999923706055,29965,0.0,0.0,0.0,AMDD,1m
2026-04-15 12:15:00-04:00,7.074999809265137,7.074999809265137,7.074999809265137,7.074999809265137,101,0.0,0.0,0.0,AMDD,1m
2026-04-15 12:16:00-04:00,7.079999923706055,7.079999923706055,7.079800128936768,7.079800128936768,126186,0.0,0.0,0.0,AMDD,1m
2026-04-15 12:17:00-04:00,7.079899787902832,7.079899787902832,7.074999809265137,7.074999809265137,19276,0.0,0.0,0.0,AMDD,1m
2026-04-15 12:19:00-04:00,7.074999809265137,7.074999809265137,7.070000171661377,7.070000171661377,239355,0.0,0.0,0.0,AMDD,1m
2026-04-15 12:24:00-04:00,7.069900035858154,7.069900035858154,7.069900035858154,7.069900035858154,1128,0.0,0.0,0.0,AMDD,1m
2026-04-15 12:25:00-04:00,7.070000171661377,7.070000171661377,7.070000171661377,7.070000171661377,81523,0.0,0.0,0.0,AMDD,1m
2026-04-15 12:26:00-04:00,7.071599960327148,7.071599960327148,7.071599960327148,7.071599960327148,113254,0.0,0.0,0.0,AMDD,1m
2026-04-15 12:28:00-04:00,7.079999923706055,7.079999923706055,7.079999923706055,7.079999923706055,514,0.0,0.0,0.0,AMDD,1m
2026-04-15 12:29:00-04:00,7.079699993133545,7.079999923706055,7.074999809265137,7.079999923706055,58216,0.0,0.0,0.0,AMDD,1m
2026-04-15 12:30:00-04:00,7.090000152587891,7.09499979019165,7.090000152587891,7.09499979019165,26036,0.0,0.0,0.0,AMDD,1m
2026-04-15 12:31:00-04:00,7.095799922943115,7.095799922943115,7.095799922943115,7.095799922943115,500,0.0,0.0,0.0,AMDD,1m
2026-04-15 12:32:00-04:00,7.090000152587891,7.090000152587891,7.090000152587891,7.090000152587891,0,0.0,0.0,0.0,AMDD,1m
2026-04-15 12:33:00-04:00,7.099999904632568,7.099999904632568,7.099999904632568,7.099999904632568,83347,0.0,0.0,0.0,AMDD,1m
2026-04-15 12:34:00-04:00,7.105000019073486,7.105000019073486,7.105000019073486,7.105000019073486,4000,0.0,0.0,0.0,AMDD,1m
2026-04-15 12:35:00-04:00,7.099999904632568,7.099999904632568,7.099999904632568,7.099999904632568,119634,0.0,0.0,0.0,AMDD,1m
2026-04-15 12:36:00-04:00,7.099999904632568,7.099999904632568,7.099999904632568,7.099999904632568,200,0.0,0.0,0.0,AMDD,1m
2026-04-15 12:37:00-04:00,7.099999904632568,7.099999904632568,7.099999904632568,7.099999904632568,47231,0.0,0.0,0.0,AMDD,1m
2026-04-15 12:38:00-04:00,7.090099811553955,7.098599910736084,7.090099811553955,7.098599910736084,627,0.0,0.0,0.0,AMDD,1m
2026-04-15 12:39:00-04:00,7.099999904632568,7.099999904632568,7.099999904632568,7.099999904632568,36606,0.0,0.0,0.0,AMDD,1m
2026-04-15 12:40:00-04:00,7.109799861907959,7.119999885559082,7.1097002029418945,7.119999885559082,129997,0.0,0.0,0.0,AMDD,1m
2026-04-15 12:41:00-04:00,7.119999885559082,7.135000228881836,7.119999885559082,7.135000228881836,18306,0.0,0.0,0.0,AMDD,1m
2026-04-15 12:42:00-04:00,7.139999866485596,7.139999866485596,7.130000114440918,7.130199909210205,439949,0.0,0.0,0.0,AMDD,1m
2026-04-15 12:43:00-04:00,7.130000114440918,7.130000114440918,7.129899978637695,7.129899978637695,55308,0.0,0.0,0.0,AMDD,1m
2026-04-15 12:44:00-04:00,7.130000114440918,7.130099773406982,7.130000114440918,7.130099773406982,109894,0.0,0.0,0.0,AMDD,1m
2026-04-15 12:46:00-04:00,7.139999866485596,7.150000095367432,7.139999866485596,7.150000095367432,9623,0.0,0.0,0.0,AMDD,1m
2026-04-15 12:47:00-04:00,7.150000095367432,7.159999847412109,7.149799823760986,7.159999847412109,123620,0.0,0.0,0.0,AMDD,1m
2026-04-15 12:48:00-04:00,7.15500020980835,7.15500020980835,7.150000095367432,7.15500020980835,207782,0.0,0.0,0.0,AMDD,1m
2026-04-15 12:49:00-04:00,7.148600101470947,7.159800052642822,7.148600101470947,7.159800052642822,172752,0.0,0.0,0.0,AMDD,1m
2026-04-15 12:50:00-04:00,7.150000095367432,7.150100231170654,7.139999866485596,7.140100002288818,258796,0.0,0.0,0.0,AMDD,1m
2026-04-15 12:51:00-04:00,7.150000095367432,7.159999847412109,7.150000095367432,7.159999847412109,235256,0.0,0.0,0.0,AMDD,1m
2026-04-15 12:52:00-04:00,7.170000076293945,7.179999828338623,7.1697001457214355,7.179999828338623,224052,0.0,0.0,0.0,AMDD,1m
2026-04-15 12:53:00-04:00,7.170000076293945,7.175000190734863,7.170000076293945,7.175000190734863,300,0.0,0.0,0.0,AMDD,1m
2026-04-15 12:54:00-04:00,7.170000076293945,7.170100212097168,7.160099983215332,7.170000076293945,419704,0.0,0.0,0.0,AMDD,1m
2026-04-15 12:55:00-04:00,7.179999828338623,7.179999828338623,7.179999828338623,7.179999828338623,18000,0.0,0.0,0.0,AMDD,1m
2026-04-15 12:56:00-04:00,7.190000057220459,7.199900150299072,7.187399864196777,7.190000057220459,315754,0.0,0.0,0.0,AMDD,1m
2026-04-15 12:57:00-04:00,7.180300235748291,7.184999942779541,7.170000076293945,7.170100212097168,100225,0.0,0.0,0.0,AMDD,1m
2026-04-15 12:58:00-04:00,7.170000076293945,7.170000076293945,7.159999847412109,7.159999847412109,1405,0.0,0.0,0.0,AMDD,1m
2026-04-15 13:00:00-04:00,7.159999847412109,7.160099983215332,7.150000095367432,7.153500080108643,494673,0.0,0.0,0.0,AMDD,1m
2026-04-15 13:03:00-04:00,7.150000095367432,7.150000095367432,7.150000095367432,7.150000095367432,58570,0.0,0.0,0.0,AMDD,1m
2026-04-15 13:04:00-04:00,7.144999980926514,7.144999980926514,7.144999980926514,7.144999980926514,369,0.0,0.0,0.0,AMDD,1m
2026-04-15 13:07:00-04:00,7.139999866485596,7.139999866485596,7.130000114440918,7.135000228881836,47977,0.0,0.0,0.0,AMDD,1m
2026-04-15 13:08:00-04:00,7.130099773406982,7.135000228881836,7.130099773406982,7.135000228881836,13109,0.0,0.0,0.0,AMDD,1m
2026-04-15 13:09:00-04:00,7.135000228881836,7.139999866485596,7.135000228881836,7.139999866485596,276219,0.0,0.0,0.0,AMDD,1m
2026-04-15 13:10:00-04:00,7.139999866485596,7.139999866485596,7.139999866485596,7.139999866485596,77602,0.0,0.0,0.0,AMDD,1m
2026-04-15 13:13:00-04:00,7.144999980926514,7.144999980926514,7.140100002288818,7.140100002288818,21100,0.0,0.0,0.0,AMDD,1m
2026-04-15 13:15:00-04:00,7.144999980926514,7.144999980926514,7.144999980926514,7.144999980926514,0,0.0,0.0,0.0,AMDD,1m
2026-04-15 13:18:00-04:00,7.144999980926514,7.144999980926514,7.144999980926514,7.144999980926514,600,0.0,0.0,0.0,AMDD,1m
2026-04-15 13:21:00-04:00,7.150000095367432,7.150000095367432,7.150000095367432,7.150000095367432,2093,0.0,0.0,0.0,AMDD,1m
2026-04-15 13:22:00-04:00,7.150000095367432,7.150000095367432,7.150000095367432,7.150000095367432,72498,0.0,0.0,0.0,AMDD,1m
2026-04-15 13:23:00-04:00,7.144999980926514,7.15500020980835,7.144999980926514,7.15500020980835,105653,0.0,0.0,0.0,AMDD,1m
2026-04-15 13:24:00-04:00,7.150100231170654,7.15500020980835,7.150000095367432,7.15500020980835,176226,0.0,0.0,0.0,AMDD,1m
2026-04-15 13:25:00-04:00,7.150100231170654,7.150300025939941,7.139999866485596,7.139999866485596,224034,0.0,0.0,0.0,AMDD,1m
2026-04-15 13:27:00-04:00,7.144999980926514,7.144999980926514,7.144999980926514,7.144999980926514,100,0.0,0.0,0.0,AMDD,1m
2026-04-15 13:28:00-04:00,7.144999980926514,7.144999980926514,7.139999866485596,7.139999866485596,17742,0.0,0.0,0.0,AMDD,1m
2026-04-15 13:29:00-04:00,7.139999866485596,7.139999866485596,7.135000228881836,7.139800071716309,90700,0.0,0.0,0.0,AMDD,1m
2026-04-15 13:30:00-04:00,7.139900207519531,7.139900207519531,7.139900207519531,7.139900207519531,23300,0.0,0.0,0.0,AMDD,1m
2026-04-15 13:32:00-04:00,7.135000228881836,7.135000228881836,7.135000228881836,7.135000228881836,0,0.0,0.0,0.0,AMDD,1m
2026-04-15 13:33:00-04:00,7.135000228881836,7.135000228881836,7.130000114440918,7.130000114440918,94600,0.0,0.0,0.0,AMDD,1m
2026-04-15 13:34:00-04:00,7.130000114440918,7.130000114440918,7.125,7.125,70055,0.0,0.0,0.0,AMDD,1m
2026-04-15 13:37:00-04:00,7.128900051116943,7.128900051116943,7.119999885559082,7.125,781,0.0,0.0,0.0,AMDD,1m
2026-04-15 13:39:00-04:00,7.125,7.125,7.125,7.125,4400,0.0,0.0,0.0,AMDD,1m
2026-04-15 13:41:00-04:00,7.130000114440918,7.130000114440918,7.129899978637695,7.130000114440918,147441,0.0,0.0,0.0,AMDD,1m
2026-04-15 13:43:00-04:00,7.139999866485596,7.139999866485596,7.139800071716309,7.139900207519531,133288,0.0,0.0,0.0,AMDD,1m
2026-04-15 13:46:00-04:00,7.139900207519531,7.139900207519531,7.139900207519531,7.139900207519531,0,0.0,0.0,0.0,AMDD,1m
2026-04-15 13:47:00-04:00,7.135000228881836,7.135000228881836,7.135000228881836,7.135000228881836,0,0.0,0.0,0.0,AMDD,1m
2026-04-15 13:49:00-04:00,7.130000114440918,7.135000228881836,7.125,7.130000114440918,216369,0.0,0.0,0.0,AMDD,1m
2026-04-15 13:52:00-04:00,7.125,7.130000114440918,7.119999885559082,7.125,700,0.0,0.0,0.0,AMDD,1m
2026-04-15 13:53:00-04:00,7.130000114440918,7.130000114440918,7.125,7.127500057220459,3100,0.0,0.0,0.0,AMDD,1m
2026-04-15 13:55:00-04:00,7.130000114440918,7.130000114440918,7.129899978637695,7.129899978637695,3100,0.0,0.0,0.0,AMDD,1m
2026-04-15 13:56:00-04:00,7.130000114440918,7.130000114440918,7.130000114440918,7.130000114440918,201,0.0,0.0,0.0,AMDD,1m
2026-04-15 13:58:00-04:00,7.130000114440918,7.135000228881836,7.129899978637695,7.135000228881836,277026,0.0,0.0,0.0,AMDD,1m
2026-04-15 13:59:00-04:00,7.135000228881836,7.135000228881836,7.135000228881836,7.135000228881836,211,0.0,0.0,0.0,AMDD,1m
2026-04-15 14:00:00-04:00,7.139900207519531,7.139900207519531,7.139900207519531,7.139900207519531,19451,0.0,0.0,0.0,AMDD,1m
2026-04-15 14:01:00-04:00,7.144999980926514,7.144999980926514,7.130000114440918,7.139999866485596,55321,0.0,0.0,0.0,AMDD,1m
2026-04-15 14:02:00-04:00,7.135000228881836,7.135000228881836,7.119999885559082,7.119999885559082,219517,0.0,0.0,0.0,AMDD,1m
2026-04-15 14:03:00-04:00,7.130000114440918,7.135000228881836,7.130000114440918,7.130300045013428,328135,0.0,0.0,0.0,AMDD,1m
2026-04-15 14:04:00-04:00,7.129899978637695,7.130000114440918,7.129799842834473,7.130000114440918,155161,0.0,0.0,0.0,AMDD,1m
2026-04-15 14:05:00-04:00,7.130000114440918,7.135000228881836,7.130000114440918,7.130000114440918,286815,0.0,0.0,0.0,AMDD,1m
2026-04-15 14:06:00-04:00,7.130000114440918,7.130000114440918,7.130000114440918,7.130000114440918,49950,0.0,0.0,0.0,AMDD,1m
2026-04-15 14:10:00-04:00,7.125,7.125,7.125,7.125,64486,0.0,0.0,0.0,AMDD,1m
2026-04-15 14:11:00-04:00,7.125,7.125,7.125,7.125,0,0.0,0.0,0.0,AMDD,1m
2026-04-15 14:12:00-04:00,7.119999885559082,7.119999885559082,7.119999885559082,7.119999885559082,342,0.0,0.0,0.0,AMDD,1m
2026-04-15 14:13:00-04:00,7.119999885559082,7.119999885559082,7.119999885559082,7.119999885559082,58968,0.0,0.0,0.0,AMDD,1m
2026-04-15 14:14:00-04:00,7.119999885559082,7.119999885559082,7.119900226593018,7.119999885559082,153728,0.0,0.0,0.0,AMDD,1m
2026-04-15 14:15:00-04:00,7.120100021362305,7.120100021362305,7.120100021362305,7.120100021362305,23132,0.0,0.0,0.0,AMDD,1m
2026-04-15 14:16:00-04:00,7.119999885559082,7.119999885559082,7.110099792480469,7.110099792480469,119473,0.0,0.0,0.0,AMDD,1m
2026-04-15 14:18:00-04:00,7.119999885559082,7.119999885559082,7.114999771118164,7.119999885559082,202102,0.0,0.0,0.0,AMDD,1m
2026-04-15 14:19:00-04:00,7.120100021362305,7.120100021362305,7.119999885559082,7.119999885559082,186098,0.0,0.0,0.0,AMDD,1m
2026-04-15 14:23:00-04:00,7.120100021362305,7.120100021362305,7.114999771118164,7.119999885559082,74731,0.0,0.0,0.0,AMDD,1m
2026-04-15 14:24:00-04:00,7.114999771118164,7.119999885559082,7.114999771118164,7.119900226593018,65481,0.0,0.0,0.0,AMDD,1m
2026-04-15 14:25:00-04:00,7.119900226593018,7.119999885559082,7.119900226593018,7.119999885559082,18666,0.0,0.0,0.0,AMDD,1m
2026-04-15 14:27:00-04:00,7.110099792480469,7.110099792480469,7.110099792480469,7.110099792480469,17295,0.0,0.0,0.0,AMDD,1m
2026-04-15 14:31:00-04:00,7.114999771118164,7.114999771118164,7.114999771118164,7.114999771118164,0,0.0,0.0,0.0,AMDD,1m
2026-04-15 14:36:00-04:00,7.110300064086914,7.110300064086914,7.110000133514404,7.110099792480469,169043,0.0,0.0,0.0,AMDD,1m
2026-04-15 14:38:00-04:00,7.110000133514404,7.110000133514404,7.110000133514404,7.110000133514404,19210,0.0,0.0,0.0,AMDD,1m
2026-04-15 14:47:00-04:00,7.110000133514404,7.110000133514404,7.109899997711182,7.109899997711182,29214,0.0,0.0,0.0,AMDD,1m
2026-04-15 14:51:00-04:00,7.099999904632568,7.10099983215332,7.099999904632568,7.099999904632568,94755,0.0,0.0,0.0,AMDD,1m
2026-04-15 14:56:00-04:00,7.099999904632568,7.099999904632568,7.099999904632568,7.099999904632568,16550,0.0,0.0,0.0,AMDD,1m
2026-04-15 15:00:00-04:00,7.099899768829346,7.099999904632568,7.099699974060059,7.099999904632568,62101,0.0,0.0,0.0,AMDD,1m
2026-04-15 15:01:00-04:00,7.099999904632568,7.099999904632568,7.099699974060059,7.099899768829346,176633,0.0,0.0,0.0,AMDD,1m
2026-04-15 15:02:00-04:00,7.099999904632568,7.099999904632568,7.099999904632568,7.099999904632568,25424,0.0,0.0,0.0,AMDD,1m
2026-04-15 15:03:00-04:00,7.100100040435791,7.100100040435791,7.09499979019165,7.09499979019165,111655,0.0,0.0,0.0,AMDD,1m
2026-04-15 15:06:00-04:00,7.090000152587891,7.090000152587891,7.090000152587891,7.090000152587891,832,0.0,0.0,0.0,AMDD,1m
2026-04-15 15:07:00-04:00,7.090000152587891,7.090000152587891,7.079999923706055,7.085000038146973,37697,0.0,0.0,0.0,AMDD,1m
2026-04-15 15:09:00-04:00,7.079999923706055,7.080100059509277,7.079999923706055,7.080100059509277,19895,0.0,0.0,0.0,AMDD,1m
2026-04-15 15:10:00-04:00,7.079999923706055,7.079999923706055,7.079999923706055,7.079999923706055,0,0.0,0.0,0.0,AMDD,1m
2026-04-15 15:11:00-04:00,7.079999923706055,7.079999923706055,7.079999923706055,7.079999923706055,14158,0.0,0.0,0.0,AMDD,1m
2026-04-15 15:13:00-04:00,7.074999809265137,7.074999809265137,7.074999809265137,7.074999809265137,10585,0.0,0.0,0.0,AMDD,1m
2026-04-15 15:14:00-04:00,7.079899787902832,7.079999923706055,7.079699993133545,7.079999923706055,232064,0.0,0.0,0.0,AMDD,1m
2026-04-15 15:17:00-04:00,7.080100059509277,7.080100059509277,7.080100059509277,7.080100059509277,35921,0.0,0.0,0.0,AMDD,1m
2026-04-15 15:18:00-04:00,7.085100173950195,7.085100173950195,7.070000171661377,7.070000171661377,198185,0.0,0.0,0.0,AMDD,1m
2026-04-15 15:23:00-04:00,7.070000171661377,7.070099830627441,7.070000171661377,7.070099830627441,10343,0.0,0.0,0.0,AMDD,1m
2026-04-15 15:24:00-04:00,7.070000171661377,7.071000099182129,7.070000171661377,7.070000171661377,6140,0.0,0.0,0.0,AMDD,1m
2026-04-15 15:25:00-04:00,7.070000171661377,7.070000171661377,7.070000171661377,7.070000171661377,16746,0.0,0.0,0.0,AMDD,1m
2026-04-15 15:26:00-04:00,7.059999942779541,7.059999942779541,7.059999942779541,7.059999942779541,886,0.0,0.0,0.0,AMDD,1m
2026-04-15 15:30:00-04:00,7.059999942779541,7.059999942779541,7.059999942779541,7.059999942779541,16794,0.0,0.0,0.0,AMDD,1m
2026-04-15 15:31:00-04:00,7.050000190734863,7.050000190734863,7.050000190734863,7.050000190734863,536,0.0,0.0,0.0,AMDD,1m
2026-04-15 15:32:00-04:00,7.054999828338623,7.054999828338623,7.054999828338623,7.054999828338623,76,0.0,0.0,0.0,AMDD,1m
2026-04-15 15:35:00-04:00,7.045000076293945,7.045000076293945,7.039999961853027,7.039999961853027,2176,0.0,0.0,0.0,AMDD,1m
2026-04-15 15:38:00-04:00,7.039999961853027,7.050000190734863,7.039999961853027,7.050000190734863,98873,0.0,0.0,0.0,AMDD,1m
2026-04-15 15:39:00-04:00,7.050000190734863,7.050000190734863,7.050000190734863,7.050000190734863,0,0.0,0.0,0.0,AMDD,1m
2026-04-15 15:40:00-04:00,7.049900054931641,7.050000190734863,7.049900054931641,7.050000190734863,249820,0.0,0.0,0.0,AMDD,1m
2026-04-15 15:43:00-04:00,7.050099849700928,7.050099849700928,7.050099849700928,7.050099849700928,5200,0.0,0.0,0.0,AMDD,1m
2026-04-15 15:45:00-04:00,7.059999942779541,7.059999942779541,7.059999942779541,7.059999942779541,70483,0.0,0.0,0.0,AMDD,1m
2026-04-15 15:50:00-04:00,7.050000190734863,7.050000190734863,7.039999961853027,7.045000076293945,38800,0.0,0.0,0.0,AMDD,1m
2026-04-15 15:52:00-04:00,7.039999961853027,7.045000076293945,7.039999961853027,7.045000076293945,737,0.0,0.0,0.0,AMDD,1m
2026-04-15 15:53:00-04:00,7.04010009765625,7.04010009765625,7.039999961853027,7.039999961853027,90650,0.0,0.0,0.0,AMDD,1m
2026-04-15 15:54:00-04:00,7.039999961853027,7.045000076293945,7.039999961853027,7.045000076293945,984,0.0,0.0,0.0,AMDD,1m
2026-04-15 15:55:00-04:00,7.03000020980835,7.03000020980835,7.03000020980835,7.03000020980835,71091,0.0,0.0,0.0,AMDD,1m
2026-04-15 15:56:00-04:00,7.034999847412109,7.034999847412109,7.03000020980835,7.034999847412109,0,0.0,0.0,0.0,AMDD,1m
2026-04-15 15:57:00-04:00,7.034999847412109,7.034999847412109,7.03000020980835,7.03000020980835,3300,0.0,0.0,0.0,AMDD,1m
2026-04-15 15:58:00-04:00,7.03000020980835,7.03000020980835,7.025000095367432,7.025000095367432,190986,0.0,0.0,0.0,AMDD,1m
2026-04-15 15:59:00-04:00,7.025000095367432,7.029900074005127,7.025000095367432,7.025000095367432,41357,0.0,0.0,0.0,AMDD,1m
2026-04-16 09:30:00-04:00,6.800000190734863,6.824999809265137,6.739999771118164,6.824999809265137,619993,0.0,0.0,0.0,AMDD,1m
2026-04-16 09:31:00-04:00,6.869900226593018,6.869999885559082,6.830100059509277,6.835000038146973,63047,0.0,0.0,0.0,AMDD,1m
2026-04-16 09:32:00-04:00,6.830100059509277,6.869999885559082,6.830100059509277,6.849999904632568,61860,0.0,0.0,0.0,AMDD,1m
2026-04-16 09:33:00-04:00,6.840000152587891,6.840000152587891,6.760000228881836,6.789999961853027,33653,0.0,0.0,0.0,AMDD,1m
2026-04-16 09:34:00-04:00,6.789999961853027,6.789999961853027,6.739999771118164,6.75,28464,0.0,0.0,0.0,AMDD,1m
2026-04-16 09:35:00-04:00,6.75,6.75,6.699999809265137,6.718500137329102,40568,0.0,0.0,0.0,AMDD,1m
2026-04-16 09:36:00-04:00,6.730000019073486,6.800000190734863,6.730000019073486,6.789899826049805,46964,0.0,0.0,0.0,AMDD,1m
2026-04-16 09:37:00-04:00,6.789999961853027,6.789999961853027,6.769999980926514,6.78000020980835,103535,0.0,0.0,0.0,AMDD,1m
2026-04-16 09:38:00-04:00,6.769999980926514,6.789999961853027,6.764999866485596,6.789999961853027,15532,0.0,0.0,0.0,AMDD,1m
2026-04-16 09:39:00-04:00,6.784999847412109,6.835000038146973,6.784999847412109,6.835000038146973,3092,0.0,0.0,0.0,AMDD,1m
2026-04-16 09:40:00-04:00,6.829999923706055,6.835000038146973,6.800000190734863,6.800000190734863,36725,0.0,0.0,0.0,AMDD,1m
2026-04-16 09:41:00-04:00,6.789999961853027,6.820899963378906,6.775000095367432,6.820899963378906,17280,0.0,0.0,0.0,AMDD,1m
2026-04-16 09:42:00-04:00,6.829999923706055,6.835000038146973,6.820000171661377,6.820000171661377,67478,0.0,0.0,0.0,AMDD,1m
2026-04-16 09:43:00-04:00,6.829899787902832,6.829899787902832,6.804999828338623,6.820000171661377,14302,0.0,0.0,0.0,AMDD,1m
2026-04-16 09:44:00-04:00,6.820000171661377,6.820000171661377,6.820000171661377,6.820000171661377,5370,0.0,0.0,0.0,AMDD,1m
2026-04-16 09:45:00-04:00,6.815000057220459,6.859899997711182,6.809999942779541,6.829999923706055,151557,0.0,0.0,0.0,AMDD,1m
2026-04-16 09:46:00-04:00,6.829999923706055,6.849899768829346,6.820000171661377,6.820000171661377,8035,0.0,0.0,0.0,AMDD,1m
2026-04-16 09:47:00-04:00,6.820000171661377,6.820000171661377,6.804999828338623,6.804999828338623,9012,0.0,0.0,0.0,AMDD,1m
2026-04-16 09:48:00-04:00,6.811600208282471,6.820000171661377,6.804999828338623,6.804999828338623,17634,0.0,0.0,0.0,AMDD,1m
2026-04-16 09:50:00-04:00,6.829999923706055,6.869999885559082,6.829999923706055,6.865499973297119,73083,0.0,0.0,0.0,AMDD,1m
2026-04-16 09:51:00-04:00,6.880000114440918,6.900000095367432,6.864999771118164,6.900000095367432,9993,0.0,0.0,0.0,AMDD,1m
2026-04-16 09:52:00-04:00,6.900000095367432,6.909999847412109,6.899899959564209,6.909900188446045,36556,0.0,0.0,0.0,AMDD,1m
2026-04-16 09:53:00-04:00,6.909900188446045,6.929999828338623,6.90500020980835,6.929999828338623,52177,0.0,0.0,0.0,AMDD,1m
2026-04-16 09:54:00-04:00,6.925000190734863,6.925000190734863,6.900000095367432,6.909999847412109,36069,0.0,0.0,0.0,AMDD,1m
2026-04-16 09:55:00-04:00,6.920000076293945,6.920000076293945,6.909999847412109,6.909999847412109,40850,0.0,0.0,0.0,AMDD,1m
2026-04-16 09:56:00-04:00,6.900100231170654,6.900100231170654,6.894999980926514,6.900000095367432,33872,0.0,0.0,0.0,AMDD,1m
2026-04-16 09:57:00-04:00,6.909999847412109,6.914999961853027,6.909999847412109,6.909999847412109,161222,0.0,0.0,0.0,AMDD,1m
2026-04-16 09:58:00-04:00,6.900000095367432,6.909999847412109,6.889999866485596,6.889999866485596,103643,0.0,0.0,0.0,AMDD,1m
2026-04-16 09:59:00-04:00,6.889999866485596,6.889999866485596,6.889999866485596,6.889999866485596,68469,0.0,0.0,0.0,AMDD,1m
2026-04-16 10:00:00-04:00,6.880000114440918,6.880099773406982,6.870100021362305,6.870100021362305,221389,0.0,0.0,0.0,AMDD,1m
2026-04-16 10:01:00-04:00,6.880000114440918,6.880000114440918,6.869999885559082,6.869999885559082,193636,0.0,0.0,0.0,AMDD,1m
2026-04-16 10:02:00-04:00,6.869999885559082,6.869999885559082,6.855000019073486,6.864999771118164,68036,0.0,0.0,0.0,AMDD,1m
2026-04-16 10:03:00-04:00,6.870100021362305,6.870100021362305,6.860000133514404,6.860000133514404,85094,0.0,0.0,0.0,AMDD,1m
2026-04-16 10:04:00-04:00,6.875,6.875,6.869999885559082,6.870100021362305,78926,0.0,0.0,0.0,AMDD,1m
2026-04-16 10:05:00-04:00,6.869999885559082,6.869999885559082,6.869999885559082,6.869999885559082,5040,0.0,0.0,0.0,AMDD,1m
2026-04-16 10:06:00-04:00,6.860000133514404,6.860000133514404,6.829999923706055,6.829999923706055,42619,0.0,0.0,0.0,AMDD,1m
2026-04-16 10:07:00-04:00,6.840000152587891,6.840000152587891,6.820099830627441,6.824999809265137,85181,0.0,0.0,0.0,AMDD,1m
2026-04-16 10:08:00-04:00,6.829999923706055,6.829999923706055,6.829999923706055,6.829999923706055,143701,0.0,0.0,0.0,AMDD,1m
2026-04-16 10:09:00-04:00,6.835000038146973,6.840000152587891,6.835000038146973,6.840000152587891,94142,0.0,0.0,0.0,AMDD,1m
2026-04-16 10:10:00-04:00,6.849999904632568,6.849999904632568,6.840000152587891,6.8403000831604,89517,0.0,0.0,0.0,AMDD,1m
2026-04-16 10:11:00-04:00,6.840000152587891,6.840000152587891,6.829999923706055,6.829999923706055,78148,0.0,0.0,0.0,AMDD,1m
2026-04-16 10:12:00-04:00,6.829999923706055,6.829999923706055,6.820000171661377,6.820000171661377,132870,0.0,0.0,0.0,AMDD,1m
2026-04-16 10:13:00-04:00,6.829999923706055,6.830100059509277,6.829699993133545,6.829999923706055,106034,0.0,0.0,0.0,AMDD,1m
2026-04-16 10:14:00-04:00,6.840000152587891,6.840099811553955,6.840000152587891,6.840099811553955,129585,0.0,0.0,0.0,AMDD,1m
2026-04-16 10:15:00-04:00,6.840000152587891,6.840000152587891,6.840000152587891,6.840000152587891,40825,0.0,0.0,0.0,AMDD,1m
2026-04-16 10:16:00-04:00,6.839900016784668,6.8684000968933105,6.839900016784668,6.864999771118164,72006,0.0,0.0,0.0,AMDD,1m
2026-04-16 10:17:00-04:00,6.869999885559082,6.869999885559082,6.869999885559082,6.869999885559082,23141,0.0,0.0,0.0,AMDD,1m
2026-04-16 10:18:00-04:00,6.870200157165527,6.870200157165527,6.855000019073486,6.855000019073486,46399,0.0,0.0,0.0,AMDD,1m
2026-04-16 10:19:00-04:00,6.8582000732421875,6.8582000732421875,6.8582000732421875,6.8582000732421875,803,0.0,0.0,0.0,AMDD,1m
2026-04-16 10:20:00-04:00,6.860000133514404,6.860000133514404,6.859799861907959,6.860000133514404,79159,0.0,0.0,0.0,AMDD,1m
2026-04-16 10:21:00-04:00,6.860000133514404,6.860099792480469,6.849999904632568,6.849999904632568,132420,0.0,0.0,0.0,AMDD,1m
2026-04-16 10:22:00-04:00,6.84499979019165,6.84499979019165,6.84499979019165,6.84499979019165,9200,0.0,0.0,0.0,AMDD,1m
2026-04-16 10:23:00-04:00,6.849999904632568,6.849999904632568,6.849800109863281,6.849999904632568,196487,0.0,0.0,0.0,AMDD,1m
2026-04-16 10:24:00-04:00,6.840000152587891,6.849699974060059,6.838799953460693,6.838799953460693,99718,0.0,0.0,0.0,AMDD,1m
2026-04-16 10:25:00-04:00,6.820000171661377,6.820000171661377,6.820000171661377,6.820000171661377,61411,0.0,0.0,0.0,AMDD,1m
2026-04-16 10:26:00-04:00,6.820000171661377,6.820000171661377,6.809999942779541,6.809999942779541,22550,0.0,0.0,0.0,AMDD,1m
2026-04-16 10:27:00-04:00,6.800000190734863,6.800000190734863,6.789999961853027,6.798399925231934,66316,0.0,0.0,0.0,AMDD,1m
2026-04-16 10:28:00-04:00,6.78000020980835,6.78000020980835,6.775000095367432,6.78000020980835,67132,0.0,0.0,0.0,AMDD,1m
2026-04-16 10:29:00-04:00,6.78000020980835,6.78000020980835,6.78000020980835,6.78000020980835,35342,0.0,0.0,0.0,AMDD,1m
2026-04-16 10:30:00-04:00,6.780099868774414,6.788400173187256,6.769999980926514,6.769999980926514,44892,0.0,0.0,0.0,AMDD,1m
2026-04-16 10:31:00-04:00,6.764999866485596,6.769999980926514,6.755000114440918,6.768899917602539,89729,0.0,0.0,0.0,AMDD,1m
2026-04-16 10:32:00-04:00,6.78000020980835,6.78000020980835,6.7789998054504395,6.78000020980835,350192,0.0,0.0,0.0,AMDD,1m
2026-04-16 10:33:00-04:00,6.769999980926514,6.769999980926514,6.769999980926514,6.769999980926514,147122,0.0,0.0,0.0,AMDD,1m
2026-04-16 10:34:00-04:00,6.75,6.758800029754639,6.749899864196777,6.75,147423,0.0,0.0,0.0,AMDD,1m
2026-04-16 10:35:00-04:00,6.739999771118164,6.760000228881836,6.739999771118164,6.760000228881836,81527,0.0,0.0,0.0,AMDD,1m
2026-04-16 10:36:00-04:00,6.755000114440918,6.760000228881836,6.75,6.759900093078613,203223,0.0,0.0,0.0,AMDD,1m
2026-04-16 10:37:00-04:00,6.75,6.75,6.74970006942749,6.749899864196777,290491,0.0,0.0,0.0,AMDD,1m
2026-04-16 10:38:00-04:00,6.75,6.75,6.741099834442139,6.741099834442139,122918,0.0,0.0,0.0,AMDD,1m
2026-04-16 10:39:00-04:00,6.744999885559082,6.75,6.735000133514404,6.749899864196777,522077,0.0,0.0,0.0,AMDD,1m
2026-04-16 10:40:00-04:00,6.760000228881836,6.760000228881836,6.760000228881836,6.760000228881836,123080,0.0,0.0,0.0,AMDD,1m
2026-04-16 10:41:00-04:00,6.769700050354004,6.769999980926514,6.755000114440918,6.769999980926514,392307,0.0,0.0,0.0,AMDD,1m
2026-04-16 10:42:00-04:00,6.769999980926514,6.769999980926514,6.760000228881836,6.760000228881836,272865,0.0,0.0,0.0,AMDD,1m
2026-04-16 10:43:00-04:00,6.750100135803223,6.760000228881836,6.739999771118164,6.749899864196777,111467,0.0,0.0,0.0,AMDD,1m
2026-04-16 10:44:00-04:00,6.749800205230713,6.749800205230713,6.749800205230713,6.749800205230713,20000,0.0,0.0,0.0,AMDD,1m
2026-04-16 10:45:00-04:00,6.749899864196777,6.749899864196777,6.730000019073486,6.730000019073486,61684,0.0,0.0,0.0,AMDD,1m
2026-04-16 10:46:00-04:00,6.729899883270264,6.729899883270264,6.699999809265137,6.699999809265137,563511,0.0,0.0,0.0,AMDD,1m
2026-04-16 10:47:00-04:00,6.699999809265137,6.710000038146973,6.699999809265137,6.7083001136779785,133503,0.0,0.0,0.0,AMDD,1m
2026-04-16 10:48:00-04:00,6.710000038146973,6.710000038146973,6.699699878692627,6.699699878692627,138486,0.0,0.0,0.0,AMDD,1m
2026-04-16 10:49:00-04:00,6.690199851989746,6.690199851989746,6.670000076293945,6.6768999099731445,22944,0.0,0.0,0.0,AMDD,1m
2026-04-16 10:50:00-04:00,6.679999828338623,6.684999942779541,6.679699897766113,6.679900169372559,552467,0.0,0.0,0.0,AMDD,1m
2026-04-16 10:51:00-04:00,6.675000190734863,6.679999828338623,6.644999980926514,6.649899959564209,115658,0.0,0.0,0.0,AMDD,1m
2026-04-16 10:52:00-04:00,6.644999980926514,6.664999961853027,6.630300045013428,6.664999961853027,327149,0.0,0.0,0.0,AMDD,1m
2026-04-16 10:53:00-04:00,6.670000076293945,6.675000190734863,6.669899940490723,6.675000190734863,35010,0.0,0.0,0.0,AMDD,1m
2026-04-16 10:54:00-04:00,6.670000076293945,6.670199871063232,6.669899940490723,6.670000076293945,293975,0.0,0.0,0.0,AMDD,1m
2026-04-16 10:55:00-04:00,6.659999847412109,6.670000076293945,6.659999847412109,6.669899940490723,366322,0.0,0.0,0.0,AMDD,1m
2026-04-16 10:56:00-04:00,6.679699897766113,6.679999828338623,6.675000190734863,6.675000190734863,114349,0.0,0.0,0.0,AMDD,1m
2026-04-16 10:57:00-04:00,6.675000190734863,6.675000190734863,6.664999961853027,6.670300006866455,576320,0.0,0.0,0.0,AMDD,1m
2026-04-16 10:58:00-04:00,6.675000190734863,6.675000190734863,6.670000076293945,6.670000076293945,25853,0.0,0.0,0.0,AMDD,1m
2026-04-16 10:59:00-04:00,6.670100212097168,6.679999828338623,6.670100212097168,6.678400039672852,0,0.0,0.0,0.0,AMDD,1m
2026-04-16 11:00:00-04:00,6.675000190734863,6.675000190734863,6.670000076293945,6.670100212097168,150546,0.0,0.0,0.0,AMDD,1m
2026-04-16 11:01:00-04:00,6.670000076293945,6.670000076293945,6.664999961853027,6.670000076293945,278358,0.0,0.0,0.0,AMDD,1m
2026-04-16 11:02:00-04:00,6.679999828338623,6.689899921417236,6.675000190734863,6.689899921417236,146528,0.0,0.0,0.0,AMDD,1m
2026-04-16 11:03:00-04:00,6.684999942779541,6.684999942779541,6.660099983215332,6.660299777984619,397995,0.0,0.0,0.0,AMDD,1m
2026-04-16 11:04:00-04:00,6.659999847412109,6.659999847412109,6.644999980926514,6.649899959564209,268408,0.0,0.0,0.0,AMDD,1m
2026-04-16 11:05:00-04:00,6.648600101470947,6.650000095367432,6.630000114440918,6.630000114440918,125365,0.0,0.0,0.0,AMDD,1m
2026-04-16 11:06:00-04:00,6.630000114440918,6.639999866485596,6.630000114440918,6.639999866485596,313253,0.0,0.0,0.0,AMDD,1m
2026-04-16 11:07:00-04:00,6.639800071716309,6.639999866485596,6.635000228881836,6.638400077819824,3428,0.0,0.0,0.0,AMDD,1m
2026-04-16 11:08:00-04:00,6.639999866485596,6.658299922943115,6.639999866485596,6.658299922943115,254296,0.0,0.0,0.0,AMDD,1m
2026-04-16 11:09:00-04:00,6.650100231170654,6.65500020980835,6.639999866485596,6.639999866485596,177243,0.0,0.0,0.0,AMDD,1m
2026-04-16 11:10:00-04:00,6.640100002288818,6.640100002288818,6.619999885559082,6.619999885559082,80114,0.0,0.0,0.0,AMDD,1m
2026-04-16 11:11:00-04:00,6.624499797821045,6.624499797821045,6.619699954986572,6.619999885559082,132535,0.0,0.0,0.0,AMDD,1m
2026-04-16 11:12:00-04:00,6.614999771118164,6.629700183868408,6.614999771118164,6.629700183868408,68132,0.0,0.0,0.0,AMDD,1m
2026-04-16 11:13:00-04:00,6.628399848937988,6.639999866485596,6.625,6.639599800109863,152385,0.0,0.0,0.0,AMDD,1m
2026-04-16 11:14:00-04:00,6.639900207519531,6.660099983215332,6.639900207519531,6.660099983215332,93186,0.0,0.0,0.0,AMDD,1m
2026-04-16 11:15:00-04:00,6.659999847412109,6.659999847412109,6.653299808502197,6.659999847412109,198666,0.0,0.0,0.0,AMDD,1m
2026-04-16 11:16:00-04:00,6.650100231170654,6.650100231170654,6.650000095367432,6.650000095367432,37944,0.0,0.0,0.0,AMDD,1m
2026-04-16 11:17:00-04:00,6.649700164794922,6.649700164794922,6.630000114440918,6.639999866485596,123841,0.0,0.0,0.0,AMDD,1m
2026-04-16 11:18:00-04:00,6.644999980926514,6.649899959564209,6.644999980926514,6.649899959564209,12301,0.0,0.0,0.0,AMDD,1m
2026-04-16 11:20:00-04:00,6.640100002288818,6.6402997970581055,6.639999866485596,6.639999866485596,196649,0.0,0.0,0.0,AMDD,1m
2026-04-16 11:21:00-04:00,6.610000133514404,6.610000133514404,6.605000019073486,6.609899997711182,144135,0.0,0.0,0.0,AMDD,1m
2026-04-16 11:22:00-04:00,6.600200176239014,6.600200176239014,6.579899787902832,6.579899787902832,214374,0.0,0.0,0.0,AMDD,1m
2026-04-16 11:23:00-04:00,6.579899787902832,6.589900016784668,6.579699993133545,6.589900016784668,142039,0.0,0.0,0.0,AMDD,1m
2026-04-16 11:24:00-04:00,6.5802001953125,6.585000038146973,6.579699993133545,6.579999923706055,128264,0.0,0.0,0.0,AMDD,1m
2026-04-16 11:25:00-04:00,6.590000152587891,6.590000152587891,6.574999809265137,6.574999809265137,115287,0.0,0.0,0.0,AMDD,1m
2026-04-16 11:26:00-04:00,6.579999923706055,6.589900016784668,6.579999923706055,6.579999923706055,105735,0.0,0.0,0.0,AMDD,1m
2026-04-16 11:27:00-04:00,6.570000171661377,6.570000171661377,6.569699764251709,6.570000171661377,131231,0.0,0.0,0.0,AMDD,1m
2026-04-16 11:28:00-04:00,6.570000171661377,6.578100204467773,6.569900035858154,6.570000171661377,164406,0.0,0.0,0.0,AMDD,1m
2026-04-16 11:29:00-04:00,6.565000057220459,6.570000171661377,6.559999942779541,6.559999942779541,188138,0.0,0.0,0.0,AMDD,1m
2026-04-16 11:30:00-04:00,6.559899806976318,6.569900035858154,6.559899806976318,6.566100120544434,55404,0.0,0.0,0.0,AMDD,1m
2026-04-16 11:31:00-04:00,6.559999942779541,6.559999942779541,6.53000020980835,6.534999847412109,135356,0.0,0.0,0.0,AMDD,1m
2026-04-16 11:32:00-04:00,6.539999961853027,6.554999828338623,6.539999961853027,6.554999828338623,59139,0.0,0.0,0.0,AMDD,1m
2026-04-16 11:33:00-04:00,6.550099849700928,6.559899806976318,6.550000190734863,6.550000190734863,6522,0.0,0.0,0.0,AMDD,1m
2026-04-16 11:34:00-04:00,6.550000190734863,6.550000190734863,6.548299789428711,6.548299789428711,55770,0.0,0.0,0.0,AMDD,1m
2026-04-16 11:35:00-04:00,6.539999961853027,6.539999961853027,6.519999980926514,6.534999847412109,198742,0.0,0.0,0.0,AMDD,1m
2026-04-16 11:36:00-04:00,6.539899826049805,6.545000076293945,6.529300212860107,6.529300212860107,122875,0.0,0.0,0.0,AMDD,1m
2026-04-16 11:37:00-04:00,6.53000020980835,6.534999847412109,6.525000095367432,6.534999847412109,154710,0.0,0.0,0.0,AMDD,1m
2026-04-16 11:38:00-04:00,6.53000020980835,6.549699783325195,6.53000020980835,6.549699783325195,132001,0.0,0.0,0.0,AMDD,1m
2026-04-16 11:39:00-04:00,6.549900054931641,6.549900054931641,6.549900054931641,6.549900054931641,1500,0.0,0.0,0.0,AMDD,1m
2026-04-16 11:40:00-04:00,6.541999816894531,6.541999816894531,6.539700031280518,6.539700031280518,142273,0.0,0.0,0.0,AMDD,1m
2026-04-16 11:41:00-04:00,6.534999847412109,6.539999961853027,6.534999847412109,6.534999847412109,4100,0.0,0.0,0.0,AMDD,1m
2026-04-16 11:42:00-04:00,6.534999847412109,6.550000190734863,6.534999847412109,6.545000076293945,139481,0.0,0.0,0.0,AMDD,1m
2026-04-16 11:43:00-04:00,6.54010009765625,6.545000076293945,6.53000020980835,6.530099868774414,125652,0.0,0.0,0.0,AMDD,1m
2026-04-16 11:44:00-04:00,6.530099868774414,6.530099868774414,6.519999980926514,6.519999980926514,75502,0.0,0.0,0.0,AMDD,1m
2026-04-16 11:45:00-04:00,6.53000020980835,6.539999961853027,6.529699802398682,6.529900074005127,167943,0.0,0.0,0.0,AMDD,1m
2026-04-16 11:46:00-04:00,6.53000020980835,6.539999961853027,6.525000095367432,6.539999961853027,213018,0.0,0.0,0.0,AMDD,1m
2026-04-16 11:47:00-04:00,6.550000190734863,6.550000190734863,6.545000076293945,6.550000190734863,28836,0.0,0.0,0.0,AMDD,1m
2026-04-16 11:48:00-04:00,6.559899806976318,6.559999942779541,6.549900054931641,6.550000190734863,204473,0.0,0.0,0.0,AMDD,1m
2026-04-16 11:49:00-04:00,6.54010009765625,6.558899879455566,6.54010009765625,6.558899879455566,171722,0.0,0.0,0.0,AMDD,1m
2026-04-16 11:50:00-04:00,6.550099849700928,6.550099849700928,6.539999961853027,6.539999961853027,42071,0.0,0.0,0.0,AMDD,1m
2026-04-16 11:51:00-04:00,6.53000020980835,6.539999961853027,6.519999980926514,6.519999980926514,140251,0.0,0.0,0.0,AMDD,1m
2026-04-16 11:52:00-04:00,6.519999980926514,6.519999980926514,6.505000114440918,6.505000114440918,89812,0.0,0.0,0.0,AMDD,1m
2026-04-16 11:53:00-04:00,6.510000228881836,6.514999866485596,6.510000228881836,6.5100998878479,55242,0.0,0.0,0.0,AMDD,1m
2026-04-16 11:54:00-04:00,6.518700122833252,6.518700122833252,6.5,6.5,68907,0.0,0.0,0.0,AMDD,1m
2026-04-16 11:55:00-04:00,6.5,6.505000114440918,6.471700191497803,6.485000133514404,256560,0.0,0.0,0.0,AMDD,1m
2026-04-16 11:56:00-04:00,6.484000205993652,6.4899001121521,6.480100154876709,6.4899001121521,63363,0.0,0.0,0.0,AMDD,1m
2026-04-16 11:57:00-04:00,6.489999771118164,6.5,6.489999771118164,6.499800205230713,148958,0.0,0.0,0.0,AMDD,1m
2026-04-16 11:58:00-04:00,6.494999885559082,6.498300075531006,6.494999885559082,6.498300075531006,16368,0.0,0.0,0.0,AMDD,1m
2026-04-16 11:59:00-04:00,6.498300075531006,6.498300075531006,6.488399982452393,6.488399982452393,63595,0.0,0.0,0.0,AMDD,1m
2026-04-16 12:00:00-04:00,6.485000133514404,6.485000133514404,6.4721999168396,6.4721999168396,27376,0.0,0.0,0.0,AMDD,1m
2026-04-16 12:01:00-04:00,6.480000019073486,6.5,6.480000019073486,6.494999885559082,143095,0.0,0.0,0.0,AMDD,1m
2026-04-16 12:02:00-04:00,6.499899864196777,6.5,6.490099906921387,6.490099906921387,150748,0.0,0.0,0.0,AMDD,1m
2026-04-16 12:03:00-04:00,6.499899864196777,6.5,6.499899864196777,6.5,97537,0.0,0.0,0.0,AMDD,1m
2026-04-16 12:04:00-04:00,6.500100135803223,6.519899845123291,6.500100135803223,6.519899845123291,25605,0.0,0.0,0.0,AMDD,1m
2026-04-16 12:05:00-04:00,6.514999866485596,6.525000095367432,6.514999866485596,6.525000095367432,94014,0.0,0.0,0.0,AMDD,1m
2026-04-16 12:06:00-04:00,6.519999980926514,6.519999980926514,6.505000114440918,6.505000114440918,268872,0.0,0.0,0.0,AMDD,1m
2026-04-16 12:07:00-04:00,6.5,6.500999927520752,6.5,6.500999927520752,0,0.0,0.0,0.0,AMDD,1m
2026-04-16 12:08:00-04:00,6.5,6.509900093078613,6.5,6.509900093078613,34915,0.0,0.0,0.0,AMDD,1m
2026-04-16 12:09:00-04:00,6.5,6.5,6.494999885559082,6.494999885559082,44380,0.0,0.0,0.0,AMDD,1m
2026-04-16 12:10:00-04:00,6.489999771118164,6.489999771118164,6.480000019073486,6.4899001121521,105802,0.0,0.0,0.0,AMDD,1m
2026-04-16 12:11:00-04:00,6.489999771118164,6.489999771118164,6.480000019073486,6.480000019073486,84086,0.0,0.0,0.0,AMDD,1m
2026-04-16 12:12:00-04:00,6.474999904632568,6.480000019073486,6.465000152587891,6.47160005569458,123222,0.0,0.0,0.0,AMDD,1m
2026-04-16 12:13:00-04:00,6.46999979019165,6.46999979019165,6.465000152587891,6.465000152587891,59320,0.0,0.0,0.0,AMDD,1m
2026-04-16 12:14:00-04:00,6.469900131225586,6.46999979019165,6.449999809265137,6.449999809265137,74696,0.0,0.0,0.0,AMDD,1m
2026-04-16 12:15:00-04:00,6.449999809265137,6.460000038146973,6.440000057220459,6.460000038146973,98569,0.0,0.0,0.0,AMDD,1m
2026-04-16 12:16:00-04:00,6.45989990234375,6.460100173950195,6.45989990234375,6.460100173950195,76316,0.0,0.0,0.0,AMDD,1m
2026-04-16 12:17:00-04:00,6.465000152587891,6.469900131225586,6.465000152587891,6.4679999351501465,17629,0.0,0.0,0.0,AMDD,1m
2026-04-16 12:18:00-04:00,6.46999979019165,6.46999979019165,6.465000152587891,6.465000152587891,805,0.0,0.0,0.0,AMDD,1m
2026-04-16 12:19:00-04:00,6.465000152587891,6.469900131225586,6.460000038146973,6.460100173950195,26489,0.0,0.0,0.0,AMDD,1m
2026-04-16 12:20:00-04:00,6.46999979019165,6.46999979019165,6.460100173950195,6.460100173950195,12678,0.0,0.0,0.0,AMDD,1m
2026-04-16 12:21:00-04:00,6.465000152587891,6.474999904632568,6.465000152587891,6.474999904632568,103285,0.0,0.0,0.0,AMDD,1m
2026-04-16 12:22:00-04:00,6.46999979019165,6.480000019073486,6.46999979019165,6.474999904632568,95710,0.0,0.0,0.0,AMDD,1m
2026-04-16 12:23:00-04:00,6.480000019073486,6.489999771118164,6.471700191497803,6.489999771118164,62566,0.0,0.0,0.0,AMDD,1m
2026-04-16 12:24:00-04:00,6.489999771118164,6.49399995803833,6.485000133514404,6.485000133514404,143250,0.0,0.0,0.0,AMDD,1m
2026-04-16 12:25:00-04:00,6.480000019073486,6.480000019073486,6.461599826812744,6.46999979019165,88461,0.0,0.0,0.0,AMDD,1m
2026-04-16 12:26:00-04:00,6.460000038146973,6.465000152587891,6.460000038146973,6.465000152587891,3950,0.0,0.0,0.0,AMDD,1m
2026-04-16 12:27:00-04:00,6.46999979019165,6.46999979019165,6.46999979019165,6.46999979019165,29085,0.0,0.0,0.0,AMDD,1m
2026-04-16 12:28:00-04:00,6.46999979019165,6.46999979019165,6.4679999351501465,6.469699859619141,40733,0.0,0.0,0.0,AMDD,1m
2026-04-16 12:29:00-04:00,6.46999979019165,6.480000019073486,6.46999979019165,6.480000019073486,103010,0.0,0.0,0.0,AMDD,1m
2026-04-16 12:30:00-04:00,6.489999771118164,6.491600036621094,6.489999771118164,6.491600036621094,59184,0.0,0.0,0.0,AMDD,1m
2026-04-16 12:31:00-04:00,6.5,6.51039981842041,6.499899864196777,6.510000228881836,467901,0.0,0.0,0.0,AMDD,1m
2026-04-16 12:32:00-04:00,6.519999980926514,6.519999980926514,6.510000228881836,6.519899845123291,5300,0.0,0.0,0.0,AMDD,1m
2026-04-16 12:33:00-04:00,6.518700122833252,6.550000190734863,6.518700122833252,6.550000190734863,268349,0.0,0.0,0.0,AMDD,1m
2026-04-16 12:34:00-04:00,6.545000076293945,6.548299789428711,6.530099868774414,6.539999961853027,281441,0.0,0.0,0.0,AMDD,1m
2026-04-16 12:35:00-04:00,6.550000190734863,6.554999828338623,6.539999961853027,6.547999858856201,182335,0.0,0.0,0.0,AMDD,1m
2026-04-16 12:36:00-04:00,6.5482001304626465,6.5482001304626465,6.529799938201904,6.53000020980835,196162,0.0,0.0,0.0,AMDD,1m
2026-04-16 12:37:00-04:00,6.519999980926514,6.53000020980835,6.519999980926514,6.525000095367432,13830,0.0,0.0,0.0,AMDD,1m
2026-04-16 12:38:00-04:00,6.53000020980835,6.53000020980835,6.511300086975098,6.511300086975098,175477,0.0,0.0,0.0,AMDD,1m
2026-04-16 12:39:00-04:00,6.510000228881836,6.510000228881836,6.510000228881836,6.510000228881836,5157,0.0,0.0,0.0,AMDD,1m
2026-04-16 12:40:00-04:00,6.5,6.509900093078613,6.5,6.505000114440918,11076,0.0,0.0,0.0,AMDD,1m
2026-04-16 12:41:00-04:00,6.5,6.510200023651123,6.5,6.510000228881836,145410,0.0,0.0,0.0,AMDD,1m
2026-04-16 12:43:00-04:00,6.519999980926514,6.519999980926514,6.519999980926514,6.519999980926514,205,0.0,0.0,0.0,AMDD,1m
2026-04-16 12:44:00-04:00,6.514999866485596,6.514999866485596,6.510000228881836,6.514999866485596,46792,0.0,0.0,0.0,AMDD,1m
2026-04-16 12:45:00-04:00,6.510000228881836,6.510000228881836,6.510000228881836,6.510000228881836,10944,0.0,0.0,0.0,AMDD,1m
2026-04-16 12:46:00-04:00,6.500100135803223,6.500100135803223,6.490200042724609,6.490200042724609,32620,0.0,0.0,0.0,AMDD,1m
2026-04-16 12:47:00-04:00,6.489999771118164,6.489999771118164,6.474999904632568,6.480000019073486,189276,0.0,0.0,0.0,AMDD,1m
2026-04-16 12:48:00-04:00,6.4791998863220215,6.4899001121521,6.4791998863220215,6.485000133514404,11306,0.0,0.0,0.0,AMDD,1m
2026-04-16 12:49:00-04:00,6.4899001121521,6.489999771118164,6.481599807739258,6.489999771118164,11240,0.0,0.0,0.0,AMDD,1m
2026-04-16 12:50:00-04:00,6.480000019073486,6.485000133514404,6.470099925994873,6.470099925994873,158730,0.0,0.0,0.0,AMDD,1m
2026-04-16 12:51:00-04:00,6.480000019073486,6.480000019073486,6.465000152587891,6.46999979019165,119553,0.0,0.0,0.0,AMDD,1m
2026-04-16 12:52:00-04:00,6.474999904632568,6.485000133514404,6.474999904632568,6.485000133514404,88188,0.0,0.0,0.0,AMDD,1m
2026-04-16 12:53:00-04:00,6.4899001121521,6.489999771118164,6.4899001121521,6.489999771118164,80103,0.0,0.0,0.0,AMDD,1m
2026-04-16 12:54:00-04:00,6.490099906921387,6.494999885559082,6.489699840545654,6.489999771118164,142171,0.0,0.0,0.0,AMDD,1m
2026-04-16 12:55:00-04:00,6.499800205230713,6.5,6.498300075531006,6.498499870300293,1122,0.0,0.0,0.0,AMDD,1m
2026-04-16 12:56:00-04:00,6.489999771118164,6.490099906921387,6.485000133514404,6.488900184631348,87345,0.0,0.0,0.0,AMDD,1m
2026-04-16 12:57:00-04:00,6.489799976348877,6.489799976348877,6.485000133514404,6.485000133514404,3019,0.0,0.0,0.0,AMDD,1m
2026-04-16 12:58:00-04:00,6.489999771118164,6.494999885559082,6.487299919128418,6.489999771118164,326161,0.0,0.0,0.0,AMDD,1m
2026-04-16 12:59:00-04:00,6.5,6.5,6.499800205230713,6.5,54200,0.0,0.0,0.0,AMDD,1m
2026-04-16 13:00:00-04:00,6.5,6.5,6.494999885559082,6.494999885559082,0,0.0,0.0,0.0,AMDD,1m
2026-04-16 13:01:00-04:00,6.5,6.508299827575684,6.499800205230713,6.499800205230713,254130,0.0,0.0,0.0,AMDD,1m
2026-04-16 13:02:00-04:00,6.5,6.5,6.5,6.5,2903,0.0,0.0,0.0,AMDD,1m
2026-04-16 13:03:00-04:00,6.498300075531006,6.498300075531006,6.494999885559082,6.494999885559082,815,0.0,0.0,0.0,AMDD,1m
2026-04-16 13:04:00-04:00,6.499899864196777,6.5,6.494999885559082,6.499899864196777,96238,0.0,0.0,0.0,AMDD,1m
2026-04-16 13:05:00-04:00,6.5,6.510000228881836,6.5,6.510000228881836,110209,0.0,0.0,0.0,AMDD,1m
2026-04-16 13:06:00-04:00,6.519999980926514,6.52869987487793,6.519999980926514,6.52869987487793,99756,0.0,0.0,0.0,AMDD,1m
2026-04-16 13:07:00-04:00,6.519999980926514,6.520299911499023,6.519999980926514,6.519999980926514,167601,0.0,0.0,0.0,AMDD,1m
2026-04-16 13:08:00-04:00,6.519899845123291,6.53000020980835,6.519899845123291,6.53000020980835,152074,0.0,0.0,0.0,AMDD,1m
2026-04-16 13:09:00-04:00,6.53000020980835,6.530300140380859,6.53000020980835,6.53000020980835,60296,0.0,0.0,0.0,AMDD,1m
2026-04-16 13:10:00-04:00,6.520100116729736,6.525000095367432,6.519999980926514,6.519999980926514,73674,0.0,0.0,0.0,AMDD,1m
2026-04-16 13:11:00-04:00,6.509099960327148,6.509099960327148,6.509099960327148,6.509099960327148,40381,0.0,0.0,0.0,AMDD,1m
2026-04-16 13:12:00-04:00,6.508200168609619,6.508200168609619,6.507999897003174,6.507999897003174,306,0.0,0.0,0.0,AMDD,1m
2026-04-16 13:13:00-04:00,6.509900093078613,6.518599987030029,6.509900093078613,6.518499851226807,47405,0.0,0.0,0.0,AMDD,1m
2026-04-16 13:14:00-04:00,6.519999980926514,6.539999961853027,6.519999980926514,6.529699802398682,153980,0.0,0.0,0.0,AMDD,1m
2026-04-16 13:15:00-04:00,6.534999847412109,6.539999961853027,6.534999847412109,6.539999961853027,18786,0.0,0.0,0.0,AMDD,1m
2026-04-16 13:16:00-04:00,6.5355000495910645,6.5355000495910645,6.5355000495910645,6.5355000495910645,3130,0.0,0.0,0.0,AMDD,1m
2026-04-16 13:18:00-04:00,6.539999961853027,6.539999961853027,6.53000020980835,6.539999961853027,1579,0.0,0.0,0.0,AMDD,1m
2026-04-16 13:19:00-04:00,6.54010009765625,6.542699813842773,6.539999961853027,6.539999961853027,89473,0.0,0.0,0.0,AMDD,1m
2026-04-16 13:20:00-04:00,6.538700103759766,6.539999961853027,6.534999847412109,6.539700031280518,39670,0.0,0.0,0.0,AMDD,1m
2026-04-16 13:21:00-04:00,6.545000076293945,6.546199798583984,6.54010009765625,6.546199798583984,8617,0.0,0.0,0.0,AMDD,1m
2026-04-16 13:22:00-04:00,6.549699783325195,6.550000190734863,6.549699783325195,6.550000190734863,17068,0.0,0.0,0.0,AMDD,1m
2026-04-16 13:23:00-04:00,6.550099849700928,6.550099849700928,6.539999961853027,6.539999961853027,133750,0.0,0.0,0.0,AMDD,1m
2026-04-16 13:24:00-04:00,6.530099868774414,6.534999847412109,6.519899845123291,6.519999980926514,64341,0.0,0.0,0.0,AMDD,1m
2026-04-16 13:25:00-04:00,6.519899845123291,6.519899845123291,6.510000228881836,6.5100998878479,46511,0.0,0.0,0.0,AMDD,1m
2026-04-16 13:26:00-04:00,6.518499851226807,6.518499851226807,6.518499851226807,6.518499851226807,1000,0.0,0.0,0.0,AMDD,1m
2026-04-16 13:27:00-04:00,6.519999980926514,6.525000095367432,6.519999980926514,6.525000095367432,57228,0.0,0.0,0.0,AMDD,1m
2026-04-16 13:29:00-04:00,6.529900074005127,6.529900074005127,6.529900074005127,6.529900074005127,732,0.0,0.0,0.0,AMDD,1m
2026-04-16 13:32:00-04:00,6.519999980926514,6.519999980926514,6.519999980926514,6.519999980926514,30252,0.0,0.0,0.0,AMDD,1m
2026-04-16 13:34:00-04:00,6.53000020980835,6.534999847412109,6.525000095367432,6.534999847412109,139028,0.0,0.0,0.0,AMDD,1m
2026-04-16 13:35:00-04:00,6.534999847412109,6.534999847412109,6.534999847412109,6.534999847412109,2350,0.0,0.0,0.0,AMDD,1m
2026-04-16 13:36:00-04:00,6.539999961853027,6.539999961853027,6.539999961853027,6.539999961853027,35486,0.0,0.0,0.0,AMDD,1m
2026-04-16 13:37:00-04:00,6.539599895477295,6.539599895477295,6.539599895477295,6.539599895477295,10722,0.0,0.0,0.0,AMDD,1m
2026-04-16 13:39:00-04:00,6.54010009765625,6.545000076293945,6.534999847412109,6.539999961853027,205644,0.0,0.0,0.0,AMDD,1m
2026-04-16 13:40:00-04:00,6.54010009765625,6.54010009765625,6.53980016708374,6.53980016708374,115517,0.0,0.0,0.0,AMDD,1m
2026-04-16 13:43:00-04:00,6.539899826049805,6.539899826049805,6.53000020980835,6.53000020980835,1946,0.0,0.0,0.0,AMDD,1m
2026-04-16 13:44:00-04:00,6.530099868774414,6.534999847412109,6.530099868774414,6.534999847412109,1089,0.0,0.0,0.0,AMDD,1m
2026-04-16 13:45:00-04:00,6.539899826049805,6.545000076293945,6.534999847412109,6.545000076293945,60047,0.0,0.0,0.0,AMDD,1m
2026-04-16 13:46:00-04:00,6.54010009765625,6.540200233459473,6.539999961853027,6.540200233459473,55475,0.0,0.0,0.0,AMDD,1m
2026-04-16 13:47:00-04:00,6.54010009765625,6.549900054931641,6.54010009765625,6.549900054931641,420,0.0,0.0,0.0,AMDD,1m
2026-04-16 13:48:00-04:00,6.539999961853027,6.539999961853027,6.53000020980835,6.539999961853027,65470,0.0,0.0,0.0,AMDD,1m
2026-04-16 13:50:00-04:00,6.537199974060059,6.537199974060059,6.537199974060059,6.537199974060059,400,0.0,0.0,0.0,AMDD,1m
2026-04-16 13:52:00-04:00,6.538400173187256,6.539899826049805,6.538400173187256,6.539899826049805,6200,0.0,0.0,0.0,AMDD,1m
2026-04-16 13:53:00-04:00,6.534999847412109,6.545000076293945,6.534999847412109,6.54010009765625,109319,0.0,0.0,0.0,AMDD,1m
2026-04-16 13:54:00-04:00,6.550099849700928,6.550099849700928,6.550099849700928,6.550099849700928,0,0.0,0.0,0.0,AMDD,1m
2026-04-16 13:55:00-04:00,6.559999942779541,6.570000171661377,6.559999942779541,6.570000171661377,78181,0.0,0.0,0.0,AMDD,1m
2026-04-16 13:56:00-04:00,6.574999809265137,6.578499794006348,6.570000171661377,6.571499824523926,4971,0.0,0.0,0.0,AMDD,1m
2026-04-16 13:57:00-04:00,6.571000099182129,6.574999809265137,6.571000099182129,6.574999809265137,2630,0.0,0.0,0.0,AMDD,1m
2026-04-16 13:58:00-04:00,6.579999923706055,6.580100059509277,6.5782999992370605,6.5782999992370605,123506,0.0,0.0,0.0,AMDD,1m
2026-04-16 13:59:00-04:00,6.571599960327148,6.579899787902832,6.570000171661377,6.570000171661377,30713,0.0,0.0,0.0,AMDD,1m
2026-04-16 14:00:00-04:00,6.570000171661377,6.5782999992370605,6.565000057220459,6.574999809265137,73040,0.0,0.0,0.0,AMDD,1m
2026-04-16 14:01:00-04:00,6.570099830627441,6.574999809265137,6.570000171661377,6.570000171661377,100821,0.0,0.0,0.0,AMDD,1m
2026-04-16 14:03:00-04:00,6.569900035858154,6.570000171661377,6.565000057220459,6.570000171661377,151468,0.0,0.0,0.0,AMDD,1m
2026-04-16 14:04:00-04:00,6.570000171661377,6.585000038146973,6.570000171661377,6.585000038146973,28268,0.0,0.0,0.0,AMDD,1m
2026-04-16 14:05:00-04:00,6.579999923706055,6.585000038146973,6.579899787902832,6.585000038146973,111278,0.0,0.0,0.0,AMDD,1m
2026-04-16 14:06:00-04:00,6.580100059509277,6.585000038146973,6.579899787902832,6.579999923706055,249588,0.0,0.0,0.0,AMDD,1m
2026-04-16 14:07:00-04:00,6.579999923706055,6.59499979019165,6.579999923706055,6.59499979019165,59001,0.0,0.0,0.0,AMDD,1m
2026-04-16 14:08:00-04:00,6.610000133514404,6.610000133514404,6.605000019073486,6.610000133514404,1235,0.0,0.0,0.0,AMDD,1m
2026-04-16 14:09:00-04:00,6.600100040435791,6.610000133514404,6.600100040435791,6.610000133514404,26485,0.0,0.0,0.0,AMDD,1m
2026-04-16 14:10:00-04:00,6.605000019073486,6.605000019073486,6.605000019073486,6.605000019073486,4103,0.0,0.0,0.0,AMDD,1m
2026-04-16 14:11:00-04:00,6.605000019073486,6.610099792480469,6.605000019073486,6.609899997711182,159992,0.0,0.0,0.0,AMDD,1m
2026-04-16 14:12:00-04:00,6.599999904632568,6.599999904632568,6.59119987487793,6.59119987487793,22728,0.0,0.0,0.0,AMDD,1m
2026-04-16 14:13:00-04:00,6.59499979019165,6.599999904632568,6.590000152587891,6.59499979019165,3764,0.0,0.0,0.0,AMDD,1m
2026-04-16 14:14:00-04:00,6.59499979019165,6.59499979019165,6.59499979019165,6.59499979019165,2373,0.0,0.0,0.0,AMDD,1m
2026-04-16 14:15:00-04:00,6.59499979019165,6.59499979019165,6.59499979019165,6.59499979019165,2500,0.0,0.0,0.0,AMDD,1m
2026-04-16 14:16:00-04:00,6.599899768829346,6.599999904632568,6.599899768829346,6.599999904632568,119677,0.0,0.0,0.0,AMDD,1m
2026-04-16 14:17:00-04:00,6.600100040435791,6.605000019073486,6.600100040435791,6.605000019073486,16060,0.0,0.0,0.0,AMDD,1m
2026-04-16 14:18:00-04:00,6.599999904632568,6.599999904632568,6.599999904632568,6.599999904632568,89011,0.0,0.0,0.0,AMDD,1m
2026-04-16 14:19:00-04:00,6.605000019073486,6.609899997711182,6.605000019073486,6.609899997711182,8130,0.0,0.0,0.0,AMDD,1m
2026-04-16 14:20:00-04:00,6.601500034332275,6.610000133514404,6.601500034332275,6.610000133514404,10514,0.0,0.0,0.0,AMDD,1m
2026-04-16 14:21:00-04:00,6.599999904632568,6.599999904632568,6.599999904632568,6.599999904632568,101,0.0,0.0,0.0,AMDD,1m
2026-04-16 14:22:00-04:00,6.599999904632568,6.610000133514404,6.599999904632568,6.610000133514404,36050,0.0,0.0,0.0,AMDD,1m
2026-04-16 14:23:00-04:00,6.614999771118164,6.630000114440918,6.614999771118164,6.630000114440918,71198,0.0,0.0,0.0,AMDD,1m
2026-04-16 14:24:00-04:00,6.639699935913086,6.639999866485596,6.631499767303467,6.639900207519531,40110,0.0,0.0,0.0,AMDD,1m
2026-04-16 14:25:00-04:00,6.630099773406982,6.630099773406982,6.630099773406982,6.630099773406982,11800,0.0,0.0,0.0,AMDD,1m
2026-04-16 14:26:00-04:00,6.630000114440918,6.639999866485596,6.630000114440918,6.639999866485596,1700,0.0,0.0,0.0,AMDD,1m
2026-04-16 14:27:00-04:00,6.639900207519531,6.650000095367432,6.635000228881836,6.644999980926514,47097,0.0,0.0,0.0,AMDD,1m
2026-04-16 14:28:00-04:00,6.640100002288818,6.644999980926514,6.639999866485596,6.640100002288818,155005,0.0,0.0,0.0,AMDD,1m
2026-04-16 14:29:00-04:00,6.644999980926514,6.650000095367432,6.630899906158447,6.630899906158447,39673,0.0,0.0,0.0,AMDD,1m
2026-04-16 14:30:00-04:00,6.630000114440918,6.630000114440918,6.620200157165527,6.620200157165527,51946,0.0,0.0,0.0,AMDD,1m
2026-04-16 14:31:00-04:00,6.620100021362305,6.625,6.605000019073486,6.610000133514404,112354,0.0,0.0,0.0,AMDD,1m
2026-04-16 14:32:00-04:00,6.614999771118164,6.614999771118164,6.610000133514404,6.610000133514404,26167,0.0,0.0,0.0,AMDD,1m
2026-04-16 14:33:00-04:00,6.613100051879883,6.613100051879883,6.613100051879883,6.613100051879883,888,0.0,0.0,0.0,AMDD,1m
2026-04-16 14:34:00-04:00,6.614999771118164,6.614999771118164,6.614999771118164,6.614999771118164,581,0.0,0.0,0.0,AMDD,1m
2026-04-16 14:35:00-04:00,6.619999885559082,6.620100021362305,6.619999885559082,6.620100021362305,22259,0.0,0.0,0.0,AMDD,1m
2026-04-16 14:37:00-04:00,6.619999885559082,6.619999885559082,6.619999885559082,6.619999885559082,41482,0.0,0.0,0.0,AMDD,1m
2026-04-16 14:38:00-04:00,6.614999771118164,6.620100021362305,6.610000133514404,6.620100021362305,150357,0.0,0.0,0.0,AMDD,1m
2026-04-16 14:39:00-04:00,6.619999885559082,6.620100021362305,6.619999885559082,6.619999885559082,135705,0.0,0.0,0.0,AMDD,1m
2026-04-16 14:40:00-04:00,6.614999771118164,6.614999771118164,6.610099792480469,6.610099792480469,1464,0.0,0.0,0.0,AMDD,1m
2026-04-16 14:41:00-04:00,6.611400127410889,6.611400127410889,6.610000133514404,6.610000133514404,33065,0.0,0.0,0.0,AMDD,1m
2026-04-16 14:42:00-04:00,6.610000133514404,6.625,6.609899997711182,6.625,135880,0.0,0.0,0.0,AMDD,1m
2026-04-16 14:43:00-04:00,6.6203999519348145,6.6203999519348145,6.619999885559082,6.619999885559082,117716,0.0,0.0,0.0,AMDD,1m
2026-04-16 14:44:00-04:00,6.614999771118164,6.614999771118164,6.614999771118164,6.614999771118164,19750,0.0,0.0,0.0,AMDD,1m
2026-04-16 14:45:00-04:00,6.611599922180176,6.614999771118164,6.6097002029418945,6.610000133514404,62387,0.0,0.0,0.0,AMDD,1m
2026-04-16 14:46:00-04:00,6.614999771118164,6.614999771118164,6.610000133514404,6.610099792480469,12448,0.0,0.0,0.0,AMDD,1m
2026-04-16 14:47:00-04:00,6.600299835205078,6.608399868011475,6.600100040435791,6.608399868011475,11428,0.0,0.0,0.0,AMDD,1m
2026-04-16 14:48:00-04:00,6.609899997711182,6.610000133514404,6.6097002029418945,6.609899997711182,64460,0.0,0.0,0.0,AMDD,1m
2026-04-16 14:49:00-04:00,6.610000133514404,6.610099792480469,6.610000133514404,6.610099792480469,14197,0.0,0.0,0.0,AMDD,1m
2026-04-16 14:51:00-04:00,6.614999771118164,6.614999771118164,6.614999771118164,6.614999771118164,2000,0.0,0.0,0.0,AMDD,1m
2026-04-16 14:52:00-04:00,6.619999885559082,6.619999885559082,6.599999904632568,6.606900215148926,79176,0.0,0.0,0.0,AMDD,1m
2026-04-16 14:53:00-04:00,6.609799861907959,6.609799861907959,6.605000019073486,6.605000019073486,23784,0.0,0.0,0.0,AMDD,1m
2026-04-16 14:54:00-04:00,6.599999904632568,6.599999904632568,6.599999904632568,6.599999904632568,0,0.0,0.0,0.0,AMDD,1m
2026-04-16 14:55:00-04:00,6.610000133514404,6.610000133514404,6.610000133514404,6.610000133514404,14900,0.0,0.0,0.0,AMDD,1m
2026-04-16 14:56:00-04:00,6.609899997711182,6.610000133514404,6.605000019073486,6.605000019073486,105153,0.0,0.0,0.0,AMDD,1m
2026-04-16 14:57:00-04:00,6.610000133514404,6.610000133514404,6.610000133514404,6.610000133514404,36079,0.0,0.0,0.0,AMDD,1m
2026-04-16 14:58:00-04:00,6.610000133514404,6.614999771118164,6.610000133514404,6.614999771118164,65945,0.0,0.0,0.0,AMDD,1m
2026-04-16 14:59:00-04:00,6.610099792480469,6.614999771118164,6.610000133514404,6.610000133514404,93345,0.0,0.0,0.0,AMDD,1m
2026-04-16 15:00:00-04:00,6.608699798583984,6.608699798583984,6.599999904632568,6.599999904632568,15176,0.0,0.0,0.0,AMDD,1m
2026-04-16 15:01:00-04:00,6.599999904632568,6.599999904632568,6.590000152587891,6.590000152587891,84107,0.0,0.0,0.0,AMDD,1m
2026-04-16 15:02:00-04:00,6.590099811553955,6.590099811553955,6.579999923706055,6.580100059509277,123689,0.0,0.0,0.0,AMDD,1m
2026-04-16 15:03:00-04:00,6.5802001953125,6.585000038146973,6.5802001953125,6.585000038146973,2808,0.0,0.0,0.0,AMDD,1m
2026-04-16 15:04:00-04:00,6.589900016784668,6.59499979019165,6.589900016784668,6.59499979019165,94670,0.0,0.0,0.0,AMDD,1m
2026-04-16 15:05:00-04:00,6.590000152587891,6.59499979019165,6.590000152587891,6.590000152587891,67310,0.0,0.0,0.0,AMDD,1m
2026-04-16 15:06:00-04:00,6.589700222015381,6.590000152587891,6.589700222015381,6.590000152587891,29224,0.0,0.0,0.0,AMDD,1m
2026-04-16 15:07:00-04:00,6.5894999504089355,6.590000152587891,6.5894999504089355,6.590000152587891,57838,0.0,0.0,0.0,AMDD,1m
2026-04-16 15:08:00-04:00,6.599999904632568,6.599999904632568,6.59499979019165,6.59499979019165,127230,0.0,0.0,0.0,AMDD,1m
2026-04-16 15:10:00-04:00,6.59499979019165,6.59499979019165,6.59499979019165,6.59499979019165,8012,0.0,0.0,0.0,AMDD,1m
2026-04-16 15:11:00-04:00,6.590099811553955,6.5903000831604,6.589900016784668,6.590000152587891,264289,0.0,0.0,0.0,AMDD,1m
2026-04-16 15:12:00-04:00,6.590000152587891,6.59499979019165,6.589799880981445,6.59499979019165,54801,0.0,0.0,0.0,AMDD,1m
2026-04-16 15:13:00-04:00,6.5903000831604,6.59499979019165,6.590000152587891,6.590000152587891,66341,0.0,0.0,0.0,AMDD,1m
2026-04-16 15:14:00-04:00,6.598599910736084,6.598599910736084,6.585000038146973,6.585000038146973,60494,0.0,0.0,0.0,AMDD,1m
2026-04-16 15:15:00-04:00,6.579999923706055,6.579999923706055,6.579999923706055,6.579999923706055,19364,0.0,0.0,0.0,AMDD,1m
2026-04-16 15:17:00-04:00,6.574999809265137,6.574999809265137,6.574999809265137,6.574999809265137,4415,0.0,0.0,0.0,AMDD,1m
2026-04-16 15:18:00-04:00,6.570000171661377,6.570000171661377,6.570000171661377,6.570000171661377,46119,0.0,0.0,0.0,AMDD,1m
2026-04-16 15:19:00-04:00,6.565000057220459,6.565000057220459,6.564499855041504,6.564499855041504,14911,0.0,0.0,0.0,AMDD,1m
2026-04-16 15:20:00-04:00,6.559899806976318,6.559999942779541,6.559899806976318,6.559999942779541,147289,0.0,0.0,0.0,AMDD,1m
2026-04-16 15:21:00-04:00,6.565000057220459,6.565000057220459,6.554999828338623,6.559999942779541,122975,0.0,0.0,0.0,AMDD,1m
2026-04-16 15:23:00-04:00,6.569900035858154,6.580100059509277,6.565000057220459,6.580100059509277,109482,0.0,0.0,0.0,AMDD,1m
2026-04-16 15:24:00-04:00,6.579999923706055,6.585000038146973,6.579999923706055,6.579999923706055,185113,0.0,0.0,0.0,AMDD,1m
2026-04-16 15:26:00-04:00,6.570000171661377,6.570000171661377,6.570000171661377,6.570000171661377,0,0.0,0.0,0.0,AMDD,1m
2026-04-16 15:30:00-04:00,6.565000057220459,6.565000057220459,6.559999942779541,6.559999942779541,19516,0.0,0.0,0.0,AMDD,1m
2026-04-16 15:31:00-04:00,6.554999828338623,6.554999828338623,6.550000190734863,6.550000190734863,914,0.0,0.0,0.0,AMDD,1m
2026-04-16 15:33:00-04:00,6.550000190734863,6.550000190734863,6.550000190734863,6.550000190734863,276,0.0,0.0,0.0,AMDD,1m
2026-04-16 15:34:00-04:00,6.539999961853027,6.54010009765625,6.539999961853027,6.54010009765625,30335,0.0,0.0,0.0,AMDD,1m
2026-04-16 15:35:00-04:00,6.545000076293945,6.550000190734863,6.539999961853027,6.539999961853027,99318,0.0,0.0,0.0,AMDD,1m
2026-04-16 15:36:00-04:00,6.539999961853027,6.539999961853027,6.534999847412109,6.534999847412109,116127,0.0,0.0,0.0,AMDD,1m
2026-04-16 15:38:00-04:00,6.539899826049805,6.539999961853027,6.539899826049805,6.539999961853027,36070,0.0,0.0,0.0,AMDD,1m
2026-04-16 15:39:00-04:00,6.530099868774414,6.534999847412109,6.53000020980835,6.530099868774414,125460,0.0,0.0,0.0,AMDD,1m
2026-04-16 15:40:00-04:00,6.519999980926514,6.519999980926514,6.514999866485596,6.514999866485596,30493,0.0,0.0,0.0,AMDD,1m
2026-04-16 15:41:00-04:00,6.510000228881836,6.5100998878479,6.505000114440918,6.5100998878479,64673,0.0,0.0,0.0,AMDD,1m
2026-04-16 15:42:00-04:00,6.5100998878479,6.5100998878479,6.505000114440918,6.505000114440918,26250,0.0,0.0,0.0,AMDD,1m
2026-04-16 15:43:00-04:00,6.505000114440918,6.505000114440918,6.5,6.5,9508,0.0,0.0,0.0,AMDD,1m
2026-04-16 15:45:00-04:00,6.5,6.5,6.494999885559082,6.494999885559082,2948,0.0,0.0,0.0,AMDD,1m
2026-04-16 15:46:00-04:00,6.499899864196777,6.499899864196777,6.489999771118164,6.494999885559082,2115,0.0,0.0,0.0,AMDD,1m
2026-04-16 15:47:00-04:00,6.4984002113342285,6.499899864196777,6.4984002113342285,6.499899864196777,23555,0.0,0.0,0.0,AMDD,1m
2026-04-16 15:48:00-04:00,6.494999885559082,6.5,6.489999771118164,6.498499870300293,3573,0.0,0.0,0.0,AMDD,1m
2026-04-16 15:49:00-04:00,6.494999885559082,6.5,6.480100154876709,6.480100154876709,14989,0.0,0.0,0.0,AMDD,1m
2026-04-16 15:50:00-04:00,6.480000019073486,6.489999771118164,6.480000019073486,6.4899001121521,135287,0.0,0.0,0.0,AMDD,1m
2026-04-16 15:51:00-04:00,6.485000133514404,6.489999771118164,6.480000019073486,6.489999771118164,1227,0.0,0.0,0.0,AMDD,1m
2026-04-16 15:52:00-04:00,6.489999771118164,6.490099906921387,6.489999771118164,6.490099906921387,56211,0.0,0.0,0.0,AMDD,1m
2026-04-16 15:53:00-04:00,6.489999771118164,6.5,6.489999771118164,6.5,46668,0.0,0.0,0.0,AMDD,1m
2026-04-16 15:54:00-04:00,6.5,6.510000228881836,6.494999885559082,6.510000228881836,56001,0.0,0.0,0.0,AMDD,1m
2026-04-16 15:55:00-04:00,6.505000114440918,6.510000228881836,6.490099906921387,6.498000144958496,446590,0.0,0.0,0.0,AMDD,1m
2026-04-16 15:56:00-04:00,6.498300075531006,6.5,6.489999771118164,6.5,3062,0.0,0.0,0.0,AMDD,1m
2026-04-16 15:57:00-04:00,6.5,6.5,6.485000133514404,6.485000133514404,52880,0.0,0.0,0.0,AMDD,1m
2026-04-16 15:58:00-04:00,6.485000133514404,6.489999771118164,6.485000133514404,6.485000133514404,8859,0.0,0.0,0.0,AMDD,1m
2026-04-16 15:59:00-04:00,6.480000019073486,6.480000019073486,6.470099925994873,6.474999904632568,168968,0.0,0.0,0.0,AMDD,1m
2026-04-17 09:30:00-04:00,6.46999979019165,6.559599876403809,6.465000152587891,6.554999828338623,295196,0.0,0.0,0.0,AMDD,1m
2026-04-17 09:31:00-04:00,6.554999828338623,6.554999828338623,6.510000228881836,6.510000228881836,96538,0.0,0.0,0.0,AMDD,1m
2026-04-17 09:32:00-04:00,6.5100998878479,6.550000190734863,6.5100998878479,6.539999961853027,49596,0.0,0.0,0.0,AMDD,1m
2026-04-17 09:33:00-04:00,6.550000190734863,6.570000171661377,6.550000190734863,6.568399906158447,40907,0.0,0.0,0.0,AMDD,1m
2026-04-17 09:34:00-04:00,6.565000057220459,6.565000057220459,6.510000228881836,6.510000228881836,45272,0.0,0.0,0.0,AMDD,1m
2026-04-17 09:35:00-04:00,6.510000228881836,6.510000228881836,6.480000019073486,6.489999771118164,26944,0.0,0.0,0.0,AMDD,1m
2026-04-17 09:36:00-04:00,6.489999771118164,6.519999980926514,6.489999771118164,6.519999980926514,57561,0.0,0.0,0.0,AMDD,1m
2026-04-17 09:37:00-04:00,6.510000228881836,6.510000228881836,6.489999771118164,6.494999885559082,48432,0.0,0.0,0.0,AMDD,1m
2026-04-17 09:38:00-04:00,6.5,6.510000228881836,6.5,6.505000114440918,12326,0.0,0.0,0.0,AMDD,1m
2026-04-17 09:39:00-04:00,6.509699821472168,6.510000228881836,6.509699821472168,6.510000228881836,22545,0.0,0.0,0.0,AMDD,1m
2026-04-17 09:40:00-04:00,6.510000228881836,6.514999866485596,6.505000114440918,6.505000114440918,27325,0.0,0.0,0.0,AMDD,1m
2026-04-17 09:41:00-04:00,6.505000114440918,6.505000114440918,6.489799976348877,6.489799976348877,36035,0.0,0.0,0.0,AMDD,1m
2026-04-17 09:42:00-04:00,6.489999771118164,6.510000228881836,6.489999771118164,6.510000228881836,33032,0.0,0.0,0.0,AMDD,1m
2026-04-17 09:43:00-04:00,6.510000228881836,6.510000228881836,6.5,6.510000228881836,29246,0.0,0.0,0.0,AMDD,1m
2026-04-17 09:44:00-04:00,6.510000228881836,6.510000228881836,6.5,6.5,28256,0.0,0.0,0.0,AMDD,1m
2026-04-17 09:45:00-04:00,6.510000228881836,6.519999980926514,6.510000228881836,6.519999980926514,59976,0.0,0.0,0.0,AMDD,1m
2026-04-17 09:46:00-04:00,6.525000095367432,6.550000190734863,6.525000095367432,6.550000190734863,91766,0.0,0.0,0.0,AMDD,1m
2026-04-17 09:47:00-04:00,6.545000076293945,6.545000076293945,6.539999961853027,6.539999961853027,29424,0.0,0.0,0.0,AMDD,1m
2026-04-17 09:48:00-04:00,6.539999961853027,6.539999961853027,6.519999980926514,6.519999980926514,56086,0.0,0.0,0.0,AMDD,1m
2026-04-17 09:49:00-04:00,6.510000228881836,6.510000228881836,6.5,6.5,35841,0.0,0.0,0.0,AMDD,1m
2026-04-17 09:50:00-04:00,6.489999771118164,6.5,6.489999771118164,6.5,90379,0.0,0.0,0.0,AMDD,1m
2026-04-17 09:51:00-04:00,6.499899864196777,6.499899864196777,6.470099925994873,6.480000019073486,28664,0.0,0.0,0.0,AMDD,1m
2026-04-17 09:52:00-04:00,6.480000019073486,6.480000019073486,6.471700191497803,6.480000019073486,61594,0.0,0.0,0.0,AMDD,1m
2026-04-17 09:53:00-04:00,6.490099906921387,6.509799957275391,6.489999771118164,6.494999885559082,50200,0.0,0.0,0.0,AMDD,1m
2026-04-17 09:54:00-04:00,6.489999771118164,6.489999771118164,6.489999771118164,6.489999771118164,65534,0.0,0.0,0.0,AMDD,1m
2026-04-17 09:55:00-04:00,6.5,6.510000228881836,6.499899864196777,6.510000228881836,27162,0.0,0.0,0.0,AMDD,1m
2026-04-17 09:56:00-04:00,6.53000020980835,6.53000020980835,6.519999980926514,6.519999980926514,66789,0.0,0.0,0.0,AMDD,1m
2026-04-17 09:57:00-04:00,6.53000020980835,6.53000020980835,6.53000020980835,6.53000020980835,87616,0.0,0.0,0.0,AMDD,1m
2026-04-17 09:58:00-04:00,6.521299839019775,6.521299839019775,6.519999980926514,6.519999980926514,3868,0.0,0.0,0.0,AMDD,1m
2026-04-17 10:00:00-04:00,6.519999980926514,6.519999980926514,6.510000228881836,6.514999866485596,31600,0.0,0.0,0.0,AMDD,1m
2026-04-17 10:01:00-04:00,6.514999866485596,6.519999980926514,6.510000228881836,6.519999980926514,68255,0.0,0.0,0.0,AMDD,1m
2026-04-17 10:02:00-04:00,6.514999866485596,6.519999980926514,6.514999866485596,6.519999980926514,130776,0.0,0.0,0.0,AMDD,1m
2026-04-17 10:03:00-04:00,6.515100002288818,6.515100002288818,6.509799957275391,6.5100998878479,190007,0.0,0.0,0.0,AMDD,1m
2026-04-17 10:04:00-04:00,6.510000228881836,6.510000228881836,6.5,6.5,38986,0.0,0.0,0.0,AMDD,1m
2026-04-17 10:05:00-04:00,6.5,6.5,6.480000019073486,6.480000019073486,9972,0.0,0.0,0.0,AMDD,1m
2026-04-17 10:06:00-04:00,6.480000019073486,6.489999771118164,6.480000019073486,6.489999771118164,23478,0.0,0.0,0.0,AMDD,1m
2026-04-17 10:07:00-04:00,6.489999771118164,6.489999771118164,6.480000019073486,6.480000019073486,20443,0.0,0.0,0.0,AMDD,1m
2026-04-17 10:08:00-04:00,6.489699840545654,6.4899001121521,6.480000019073486,6.480000019073486,94104,0.0,0.0,0.0,AMDD,1m
2026-04-17 10:09:00-04:00,6.474999904632568,6.474999904632568,6.46999979019165,6.46999979019165,0,0.0,0.0,0.0,AMDD,1m
2026-04-17 10:10:00-04:00,6.46999979019165,6.470099925994873,6.460100173950195,6.460100173950195,257743,0.0,0.0,0.0,AMDD,1m
2026-04-17 10:11:00-04:00,6.460000038146973,6.460000038146973,6.449999809265137,6.454999923706055,123033,0.0,0.0,0.0,AMDD,1m
2026-04-17 10:12:00-04:00,6.458499908447266,6.460100173950195,6.454999923706055,6.460100173950195,39479,0.0,0.0,0.0,AMDD,1m
2026-04-17 10:13:00-04:00,6.460000038146973,6.460000038146973,6.449999809265137,6.460000038146973,51950,0.0,0.0,0.0,AMDD,1m
2026-04-17 10:14:00-04:00,6.469900131225586,6.469900131225586,6.469900131225586,6.469900131225586,16494,0.0,0.0,0.0,AMDD,1m
2026-04-17 10:15:00-04:00,6.46999979019165,6.46999979019165,6.46999979019165,6.46999979019165,12207,0.0,0.0,0.0,AMDD,1m
2026-04-17 10:16:00-04:00,6.46999979019165,6.46999979019165,6.46999979019165,6.46999979019165,41575,0.0,0.0,0.0,AMDD,1m
2026-04-17 10:17:00-04:00,6.469799995422363,6.46999979019165,6.465000152587891,6.465000152587891,0,0.0,0.0,0.0,AMDD,1m
2026-04-17 10:18:00-04:00,6.469900131225586,6.469900131225586,6.449999809265137,6.460000038146973,63685,0.0,0.0,0.0,AMDD,1m
2026-04-17 10:19:00-04:00,6.46999979019165,6.480000019073486,6.46999979019165,6.479899883270264,46535,0.0,0.0,0.0,AMDD,1m
2026-04-17 10:20:00-04:00,6.479899883270264,6.489999771118164,6.479899883270264,6.485000133514404,90874,0.0,0.0,0.0,AMDD,1m
2026-04-17 10:21:00-04:00,6.480000019073486,6.488399982452393,6.480000019073486,6.480000019073486,123170,0.0,0.0,0.0,AMDD,1m
2026-04-17 10:22:00-04:00,6.480000019073486,6.490200042724609,6.480000019073486,6.489999771118164,102520,0.0,0.0,0.0,AMDD,1m
2026-04-17 10:23:00-04:00,6.494999885559082,6.509900093078613,6.494999885559082,6.499899864196777,49234,0.0,0.0,0.0,AMDD,1m
2026-04-17 10:24:00-04:00,6.490099906921387,6.490099906921387,6.490099906921387,6.490099906921387,15800,0.0,0.0,0.0,AMDD,1m
2026-04-17 10:25:00-04:00,6.5,6.508200168609619,6.499199867248535,6.5,88039,0.0,0.0,0.0,AMDD,1m
2026-04-17 10:26:00-04:00,6.5,6.5,6.491300106048584,6.491300106048584,64008,0.0,0.0,0.0,AMDD,1m
2026-04-17 10:27:00-04:00,6.491399765014648,6.498600006103516,6.489999771118164,6.489999771118164,50689,0.0,0.0,0.0,AMDD,1m
2026-04-17 10:28:00-04:00,6.480000019073486,6.480000019073486,6.478400230407715,6.478400230407715,23975,0.0,0.0,0.0,AMDD,1m
2026-04-17 10:29:00-04:00,6.46999979019165,6.46999979019165,6.46999979019165,6.46999979019165,35453,0.0,0.0,0.0,AMDD,1m
2026-04-17 10:30:00-04:00,6.46999979019165,6.46999979019165,6.465000152587891,6.465000152587891,39950,0.0,0.0,0.0,AMDD,1m
2026-04-17 10:31:00-04:00,6.460000038146973,6.460000038146973,6.451600074768066,6.452099800109863,7318,0.0,0.0,0.0,AMDD,1m
2026-04-17 10:32:00-04:00,6.454999923706055,6.480000019073486,6.454999923706055,6.480000019073486,234249,0.0,0.0,0.0,AMDD,1m
2026-04-17 10:33:00-04:00,6.471199989318848,6.474999904632568,6.46999979019165,6.46999979019165,113512,0.0,0.0,0.0,AMDD,1m
2026-04-17 10:34:00-04:00,6.470099925994873,6.470099925994873,6.470099925994873,6.470099925994873,0,0.0,0.0,0.0,AMDD,1m
2026-04-17 10:35:00-04:00,6.480000019073486,6.489999771118164,6.480000019073486,6.4899001121521,83395,0.0,0.0,0.0,AMDD,1m
2026-04-17 10:36:00-04:00,6.489999771118164,6.489999771118164,6.489999771118164,6.489999771118164,136970,0.0,0.0,0.0,AMDD,1m
2026-04-17 10:37:00-04:00,6.489999771118164,6.489999771118164,6.489999771118164,6.489999771118164,34194,0.0,0.0,0.0,AMDD,1m
2026-04-17 10:38:00-04:00,6.489999771118164,6.489999771118164,6.4899001121521,6.489999771118164,159757,0.0,0.0,0.0,AMDD,1m
2026-04-17 10:40:00-04:00,6.480000019073486,6.480000019073486,6.479899883270264,6.479899883270264,37803,0.0,0.0,0.0,AMDD,1m
2026-04-17 10:41:00-04:00,6.474999904632568,6.474999904632568,6.474999904632568,6.474999904632568,6913,0.0,0.0,0.0,AMDD,1m
2026-04-17 10:42:00-04:00,6.470099925994873,6.474999904632568,6.470099925994873,6.474999904632568,1919,0.0,0.0,0.0,AMDD,1m
2026-04-17 10:44:00-04:00,6.480000019073486,6.480000019073486,6.480000019073486,6.480000019073486,122587,0.0,0.0,0.0,AMDD,1m
2026-04-17 10:45:00-04:00,6.480100154876709,6.480999946594238,6.471399784088135,6.471399784088135,115437,0.0,0.0,0.0,AMDD,1m
2026-04-17 10:47:00-04:00,6.46999979019165,6.46999979019165,6.461599826812744,6.469900131225586,47206,0.0,0.0,0.0,AMDD,1m
2026-04-17 10:48:00-04:00,6.469900131225586,6.469900131225586,6.465000152587891,6.465000152587891,2000,0.0,0.0,0.0,AMDD,1m
2026-04-17 10:49:00-04:00,6.469900131225586,6.469900131225586,6.460000038146973,6.460000038146973,102753,0.0,0.0,0.0,AMDD,1m
2026-04-17 10:50:00-04:00,6.460000038146973,6.46999979019165,6.454999923706055,6.46999979019165,203709,0.0,0.0,0.0,AMDD,1m
2026-04-17 10:51:00-04:00,6.46999979019165,6.474999904632568,6.46999979019165,6.474999904632568,8828,0.0,0.0,0.0,AMDD,1m
2026-04-17 10:52:00-04:00,6.46999979019165,6.46999979019165,6.46999979019165,6.46999979019165,53389,0.0,0.0,0.0,AMDD,1m
2026-04-17 10:53:00-04:00,6.460100173950195,6.46999979019165,6.460100173950195,6.46999979019165,8020,0.0,0.0,0.0,AMDD,1m
2026-04-17 10:54:00-04:00,6.479700088500977,6.489999771118164,6.479700088500977,6.485000133514404,126807,0.0,0.0,0.0,AMDD,1m
2026-04-17 10:55:00-04:00,6.489999771118164,6.5,6.489999771118164,6.5,164470,0.0,0.0,0.0,AMDD,1m
2026-04-17 10:56:00-04:00,6.5,6.500100135803223,6.489999771118164,6.489999771118164,120993,0.0,0.0,0.0,AMDD,1m
2026-04-17 10:57:00-04:00,6.480100154876709,6.480100154876709,6.480100154876709,6.480100154876709,12850,0.0,0.0,0.0,AMDD,1m
2026-04-17 10:58:00-04:00,6.489999771118164,6.490099906921387,6.4899001121521,6.490099906921387,105515,0.0,0.0,0.0,AMDD,1m
2026-04-17 10:59:00-04:00,6.494999885559082,6.5,6.494999885559082,6.5,933,0.0,0.0,0.0,AMDD,1m
2026-04-17 11:00:00-04:00,6.5,6.510000228881836,6.5,6.505000114440918,34808,0.0,0.0,0.0,AMDD,1m
2026-04-17 11:01:00-04:00,6.501500129699707,6.501500129699707,6.5,6.5,24286,0.0,0.0,0.0,AMDD,1m
2026-04-17 11:02:00-04:00,6.5,6.5,6.5,6.5,89109,0.0,0.0,0.0,AMDD,1m
2026-04-17 11:03:00-04:00,6.5,6.505000114440918,6.5,6.505000114440918,44304,0.0,0.0,0.0,AMDD,1m
2026-04-17 11:04:00-04:00,6.505000114440918,6.509900093078613,6.500100135803223,6.500100135803223,2143,0.0,0.0,0.0,AMDD,1m
2026-04-17 11:06:00-04:00,6.5,6.5,6.489999771118164,6.489999771118164,44371,0.0,0.0,0.0,AMDD,1m
2026-04-17 11:07:00-04:00,6.5,6.510000228881836,6.49970006942749,6.510000228881836,182939,0.0,0.0,0.0,AMDD,1m
2026-04-17 11:09:00-04:00,6.508299827575684,6.508299827575684,6.5,6.5,115405,0.0,0.0,0.0,AMDD,1m
2026-04-17 11:11:00-04:00,6.508399963378906,6.508399963378906,6.5,6.505000114440918,197989,0.0,0.0,0.0,AMDD,1m
2026-04-17 11:12:00-04:00,6.505000114440918,6.505000114440918,6.505000114440918,6.505000114440918,0,0.0,0.0,0.0,AMDD,1m
2026-04-17 11:13:00-04:00,6.500100135803223,6.505000114440918,6.500100135803223,6.505000114440918,21600,0.0,0.0,0.0,AMDD,1m
2026-04-17 11:14:00-04:00,6.5,6.505000114440918,6.5,6.5,130145,0.0,0.0,0.0,AMDD,1m
2026-04-17 11:16:00-04:00,6.499899864196777,6.499899864196777,6.489999771118164,6.489999771118164,64408,0.0,0.0,0.0,AMDD,1m
2026-04-17 11:17:00-04:00,6.480000019073486,6.489999771118164,6.480000019073486,6.489999771118164,139841,0.0,0.0,0.0,AMDD,1m
2026-04-17 11:19:00-04:00,6.5,6.500100135803223,6.499899864196777,6.500100135803223,179100,0.0,0.0,0.0,AMDD,1m
2026-04-17 11:20:00-04:00,6.5,6.5,6.5,6.5,28410,0.0,0.0,0.0,AMDD,1m
2026-04-17 11:21:00-04:00,6.5,6.5,6.5,6.5,69500,0.0,0.0,0.0,AMDD,1m
2026-04-17 11:22:00-04:00,6.508500099182129,6.508500099182129,6.508500099182129,6.508500099182129,0,0.0,0.0,0.0,AMDD,1m
2026-04-17 11:23:00-04:00,6.5,6.5,6.5,6.5,19200,0.0,0.0,0.0,AMDD,1m
2026-04-17 11:24:00-04:00,6.5,6.5,6.5,6.5,182190,0.0,0.0,0.0,AMDD,1m
2026-04-17 11:25:00-04:00,6.490099906921387,6.490099906921387,6.490099906921387,6.490099906921387,18963,0.0,0.0,0.0,AMDD,1m
2026-04-17 11:26:00-04:00,6.499899864196777,6.499899864196777,6.499899864196777,6.499899864196777,0,0.0,0.0,0.0,AMDD,1m
2026-04-17 11:28:00-04:00,6.498300075531006,6.498300075531006,6.498300075531006,6.498300075531006,380,0.0,0.0,0.0,AMDD,1m
2026-04-17 11:29:00-04:00,6.4984002113342285,6.4984002113342285,6.4984002113342285,6.4984002113342285,318,0.0,0.0,0.0,AMDD,1m
2026-04-17 11:30:00-04:00,6.489999771118164,6.489999771118164,6.480000019073486,6.489999771118164,293879,0.0,0.0,0.0,AMDD,1m
2026-04-17 11:31:00-04:00,6.490799903869629,6.490799903869629,6.4899001121521,6.4899001121521,61493,0.0,0.0,0.0,AMDD,1m
2026-04-17 11:32:00-04:00,6.489699840545654,6.490300178527832,6.489699840545654,6.490099906921387,238230,0.0,0.0,0.0,AMDD,1m
2026-04-17 11:33:00-04:00,6.494999885559082,6.494999885559082,6.489999771118164,6.489999771118164,120160,0.0,0.0,0.0,AMDD,1m
2026-04-17 11:34:00-04:00,6.489999771118164,6.4984002113342285,6.4899001121521,6.489999771118164,97204,0.0,0.0,0.0,AMDD,1m
2026-04-17 11:35:00-04:00,6.4816999435424805,6.489999771118164,6.4816999435424805,6.489999771118164,121841,0.0,0.0,0.0,AMDD,1m
2026-04-17 11:37:00-04:00,6.489999771118164,6.5,6.489999771118164,6.499899864196777,122714,0.0,0.0,0.0,AMDD,1m
2026-04-17 11:38:00-04:00,6.5,6.500100135803223,6.5,6.5,127180,0.0,0.0,0.0,AMDD,1m
2026-04-17 11:40:00-04:00,6.505000114440918,6.510000228881836,6.505000114440918,6.510000228881836,72602,0.0,0.0,0.0,AMDD,1m
2026-04-17 11:41:00-04:00,6.510000228881836,6.510000228881836,6.510000228881836,6.510000228881836,134842,0.0,0.0,0.0,AMDD,1m
2026-04-17 11:42:00-04:00,6.509699821472168,6.520100116729736,6.509699821472168,6.520100116729736,295952,0.0,0.0,0.0,AMDD,1m
2026-04-17 11:44:00-04:00,6.529300212860107,6.529300212860107,6.52839994430542,6.52839994430542,1600,0.0,0.0,0.0,AMDD,1m
2026-04-17 11:45:00-04:00,6.525000095367432,6.525000095367432,6.519999980926514,6.519999980926514,143372,0.0,0.0,0.0,AMDD,1m
2026-04-17 11:47:00-04:00,6.510000228881836,6.510000228881836,6.505000114440918,6.505000114440918,20376,0.0,0.0,0.0,AMDD,1m
2026-04-17 11:49:00-04:00,6.5,6.510000228881836,6.499899864196777,6.508399963378906,78537,0.0,0.0,0.0,AMDD,1m
2026-04-17 11:51:00-04:00,6.500100135803223,6.500100135803223,6.5,6.5,24925,0.0,0.0,0.0,AMDD,1m
2026-04-17 11:52:00-04:00,6.510000228881836,6.510000228881836,6.510000228881836,6.510000228881836,0,0.0,0.0,0.0,AMDD,1m
2026-04-17 11:55:00-04:00,6.510000228881836,6.519800186157227,6.510000228881836,6.519800186157227,12753,0.0,0.0,0.0,AMDD,1m
2026-04-17 11:57:00-04:00,6.514999866485596,6.514999866485596,6.514999866485596,6.514999866485596,501,0.0,0.0,0.0,AMDD,1m
2026-04-17 11:59:00-04:00,6.519999980926514,6.519999980926514,6.519899845123291,6.519999980926514,20835,0.0,0.0,0.0,AMDD,1m
2026-04-17 12:00:00-04:00,6.519999980926514,6.520999908447266,6.519800186157227,6.519800186157227,127142,0.0,0.0,0.0,AMDD,1m
2026-04-17 12:01:00-04:00,6.525000095367432,6.525000095367432,6.519899845123291,6.519899845123291,27977,0.0,0.0,0.0,AMDD,1m
2026-04-17 12:02:00-04:00,6.510000228881836,6.510000228881836,6.509900093078613,6.509900093078613,6527,0.0,0.0,0.0,AMDD,1m
2026-04-17 12:03:00-04:00,6.5,6.5,6.5,6.5,4051,0.0,0.0,0.0,AMDD,1m
2026-04-17 12:04:00-04:00,6.509799957275391,6.510000228881836,6.505000114440918,6.509900093078613,81975,0.0,0.0,0.0,AMDD,1m
2026-04-17 12:05:00-04:00,6.500100135803223,6.500100135803223,6.5,6.5,50936,0.0,0.0,0.0,AMDD,1m
2026-04-17 12:06:00-04:00,6.5,6.5,6.5,6.5,78453,0.0,0.0,0.0,AMDD,1m
2026-04-17 12:07:00-04:00,6.489999771118164,6.489999771118164,6.489999771118164,6.489999771118164,20630,0.0,0.0,0.0,AMDD,1m
2026-04-17 12:08:00-04:00,6.489999771118164,6.489999771118164,6.489999771118164,6.489999771118164,0,0.0,0.0,0.0,AMDD,1m
2026-04-17 12:10:00-04:00,6.485000133514404,6.485000133514404,6.485000133514404,6.485000133514404,300,0.0,0.0,0.0,AMDD,1m
2026-04-17 12:11:00-04:00,6.480000019073486,6.480000019073486,6.480000019073486,6.480000019073486,12351,0.0,0.0,0.0,AMDD,1m
2026-04-17 12:13:00-04:00,6.46999979019165,6.46999979019165,6.46999979019165,6.46999979019165,1310,0.0,0.0,0.0,AMDD,1m
2026-04-17 12:14:00-04:00,6.46999979019165,6.46999979019165,6.46999979019165,6.46999979019165,3821,0.0,0.0,0.0,AMDD,1m
2026-04-17 12:15:00-04:00,6.46999979019165,6.46999979019165,6.465000152587891,6.465000152587891,72885,0.0,0.0,0.0,AMDD,1m
2026-04-17 12:16:00-04:00,6.469699859619141,6.46999979019165,6.466700077056885,6.46999979019165,106191,0.0,0.0,0.0,AMDD,1m
2026-04-17 12:17:00-04:00,6.480000019073486,6.480500221252441,6.480000019073486,6.480000019073486,42651,0.0,0.0,0.0,AMDD,1m
2026-04-17 12:18:00-04:00,6.480000019073486,6.480000019073486,6.480000019073486,6.480000019073486,0,0.0,0.0,0.0,AMDD,1m
2026-04-17 12:19:00-04:00,6.4899001121521,6.4899001121521,6.489699840545654,6.489699840545654,1402,0.0,0.0,0.0,AMDD,1m
2026-04-17 12:20:00-04:00,6.480100154876709,6.480100154876709,6.480100154876709,6.480100154876709,1751,0.0,0.0,0.0,AMDD,1m
2026-04-17 12:21:00-04:00,6.480000019073486,6.485000133514404,6.474999904632568,6.474999904632568,27481,0.0,0.0,0.0,AMDD,1m
2026-04-17 12:22:00-04:00,6.476799964904785,6.480000019073486,6.476799964904785,6.479599952697754,41839,0.0,0.0,0.0,AMDD,1m
2026-04-17 12:24:00-04:00,6.470099925994873,6.470099925994873,6.470099925994873,6.470099925994873,7076,0.0,0.0,0.0,AMDD,1m
2026-04-17 12:25:00-04:00,6.480000019073486,6.480000019073486,6.480000019073486,6.480000019073486,0,0.0,0.0,0.0,AMDD,1m
2026-04-17 12:30:00-04:00,6.46999979019165,6.4710001945495605,6.46999979019165,6.46999979019165,205075,0.0,0.0,0.0,AMDD,1m
2026-04-17 12:32:00-04:00,6.46999979019165,6.480000019073486,6.469900131225586,6.480000019073486,91508,0.0,0.0,0.0,AMDD,1m
2026-04-17 12:34:00-04:00,6.474999904632568,6.474999904632568,6.46999979019165,6.474999904632568,82685,0.0,0.0,0.0,AMDD,1m
2026-04-17 12:35:00-04:00,6.46999979019165,6.46999979019165,6.46999979019165,6.46999979019165,10426,0.0,0.0,0.0,AMDD,1m
2026-04-17 12:36:00-04:00,6.468400001525879,6.468400001525879,6.468400001525879,6.468400001525879,182,0.0,0.0,0.0,AMDD,1m
2026-04-17 12:39:00-04:00,6.469900131225586,6.46999979019165,6.465000152587891,6.46999979019165,79982,0.0,0.0,0.0,AMDD,1m
2026-04-17 12:40:00-04:00,6.469900131225586,6.46999979019165,6.469900131225586,6.46999979019165,71628,0.0,0.0,0.0,AMDD,1m
2026-04-17 12:41:00-04:00,6.46999979019165,6.474999904632568,6.469900131225586,6.469900131225586,162457,0.0,0.0,0.0,AMDD,1m
2026-04-17 12:42:00-04:00,6.465000152587891,6.469900131225586,6.465000152587891,6.469900131225586,1652,0.0,0.0,0.0,AMDD,1m
2026-04-17 12:43:00-04:00,6.46999979019165,6.46999979019165,6.46999979019165,6.46999979019165,29458,0.0,0.0,0.0,AMDD,1m
2026-04-17 12:44:00-04:00,6.460100173950195,6.469299793243408,6.460000038146973,6.469299793243408,46156,0.0,0.0,0.0,AMDD,1m
2026-04-17 12:45:00-04:00,6.460000038146973,6.460000038146973,6.449999809265137,6.449999809265137,1815,0.0,0.0,0.0,AMDD,1m
2026-04-17 12:46:00-04:00,6.454999923706055,6.454999923706055,6.449999809265137,6.449999809265137,9885,0.0,0.0,0.0,AMDD,1m
2026-04-17 12:47:00-04:00,6.449999809265137,6.449999809265137,6.449900150299072,6.449999809265137,59757,0.0,0.0,0.0,AMDD,1m
2026-04-17 12:48:00-04:00,6.454999923706055,6.454999923706055,6.449900150299072,6.449900150299072,60328,0.0,0.0,0.0,AMDD,1m
2026-04-17 12:49:00-04:00,6.449699878692627,6.449699878692627,6.440000057220459,6.440000057220459,6820,0.0,0.0,0.0,AMDD,1m
2026-04-17 12:50:00-04:00,6.440000057220459,6.440000057220459,6.440000057220459,6.440000057220459,1676,0.0,0.0,0.0,AMDD,1m
2026-04-17 12:51:00-04:00,6.445000171661377,6.445000171661377,6.445000171661377,6.445000171661377,4639,0.0,0.0,0.0,AMDD,1m
2026-04-17 12:52:00-04:00,6.449900150299072,6.449900150299072,6.440000057220459,6.440000057220459,600,0.0,0.0,0.0,AMDD,1m
2026-04-17 12:53:00-04:00,6.448400020599365,6.449900150299072,6.440000057220459,6.449900150299072,287,0.0,0.0,0.0,AMDD,1m
2026-04-17 12:54:00-04:00,6.448400020599365,6.449699878692627,6.448400020599365,6.449699878692627,6300,0.0,0.0,0.0,AMDD,1m
2026-04-17 12:55:00-04:00,6.449900150299072,6.449999809265137,6.449900150299072,6.449900150299072,40101,0.0,0.0,0.0,AMDD,1m
2026-04-17 12:57:00-04:00,6.450099945068359,6.450099945068359,6.449900150299072,6.449900150299072,40704,0.0,0.0,0.0,AMDD,1m
2026-04-17 12:58:00-04:00,6.445000171661377,6.445000171661377,6.445000171661377,6.445000171661377,1348,0.0,0.0,0.0,AMDD,1m
2026-04-17 12:59:00-04:00,6.449999809265137,6.449999809265137,6.449999809265137,6.449999809265137,739,0.0,0.0,0.0,AMDD,1m
2026-04-17 13:00:00-04:00,6.449900150299072,6.449999809265137,6.449900150299072,6.449999809265137,848,0.0,0.0,0.0,AMDD,1m
2026-04-17 13:01:00-04:00,6.449900150299072,6.460000038146973,6.449900150299072,6.449999809265137,47105,0.0,0.0,0.0,AMDD,1m
2026-04-17 13:02:00-04:00,6.445000171661377,6.445000171661377,6.445000171661377,6.445000171661377,511,0.0,0.0,0.0,AMDD,1m
2026-04-17 13:03:00-04:00,6.448200225830078,6.448200225830078,6.448200225830078,6.448200225830078,249,0.0,0.0,0.0,AMDD,1m
2026-04-17 13:04:00-04:00,6.449900150299072,6.454999923706055,6.449900150299072,6.450200080871582,16012,0.0,0.0,0.0,AMDD,1m
2026-04-17 13:05:00-04:00,6.449999809265137,6.449999809265137,6.449999809265137,6.449999809265137,25819,0.0,0.0,0.0,AMDD,1m
2026-04-17 13:06:00-04:00,6.449900150299072,6.450099945068359,6.445000171661377,6.450099945068359,34128,0.0,0.0,0.0,AMDD,1m
2026-04-17 13:08:00-04:00,6.45989990234375,6.46999979019165,6.45989990234375,6.46999979019165,17368,0.0,0.0,0.0,AMDD,1m
2026-04-17 13:09:00-04:00,6.474999904632568,6.474999904632568,6.460000038146973,6.460100173950195,9220,0.0,0.0,0.0,AMDD,1m
2026-04-17 13:10:00-04:00,6.460000038146973,6.460100173950195,6.454999923706055,6.460100173950195,118650,0.0,0.0,0.0,AMDD,1m
2026-04-17 13:11:00-04:00,6.460100173950195,6.460100173950195,6.460000038146973,6.460000038146973,54861,0.0,0.0,0.0,AMDD,1m
2026-04-17 13:12:00-04:00,6.458499908447266,6.458499908447266,6.458499908447266,6.458499908447266,301,0.0,0.0,0.0,AMDD,1m
2026-04-17 13:14:00-04:00,6.449999809265137,6.449999809265137,6.449999809265137,6.449999809265137,6125,0.0,0.0,0.0,AMDD,1m
2026-04-17 13:16:00-04:00,6.440100193023682,6.440100193023682,6.440000057220459,6.440000057220459,4826,0.0,0.0,0.0,AMDD,1m
2026-04-17 13:17:00-04:00,6.449699878692627,6.454999923706055,6.449699878692627,6.454999923706055,38490,0.0,0.0,0.0,AMDD,1m
2026-04-17 13:18:00-04:00,6.449999809265137,6.460000038146973,6.449999809265137,6.454999923706055,0,0.0,0.0,0.0,AMDD,1m
2026-04-17 13:20:00-04:00,6.449999809265137,6.465000152587891,6.449999809265137,6.460100173950195,65781,0.0,0.0,0.0,AMDD,1m
2026-04-17 13:21:00-04:00,6.469900131225586,6.474999904632568,6.469900131225586,6.474999904632568,15000,0.0,0.0,0.0,AMDD,1m
2026-04-17 13:22:00-04:00,6.479899883270264,6.479899883270264,6.46999979019165,6.46999979019165,41148,0.0,0.0,0.0,AMDD,1m
2026-04-17 13:24:00-04:00,6.46999979019165,6.489999771118164,6.46999979019165,6.480000019073486,182059,0.0,0.0,0.0,AMDD,1m
2026-04-17 13:25:00-04:00,6.480100154876709,6.480299949645996,6.470099925994873,6.474999904632568,25287,0.0,0.0,0.0,AMDD,1m
2026-04-17 13:26:00-04:00,6.479899883270264,6.489999771118164,6.479899883270264,6.489999771118164,60773,0.0,0.0,0.0,AMDD,1m
2026-04-17 13:27:00-04:00,6.480000019073486,6.480000019073486,6.480000019073486,6.480000019073486,1400,0.0,0.0,0.0,AMDD,1m
2026-04-17 13:28:00-04:00,6.474999904632568,6.480000019073486,6.474999904632568,6.479899883270264,3770,0.0,0.0,0.0,AMDD,1m
2026-04-17 13:30:00-04:00,6.46999979019165,6.46999979019165,6.465000152587891,6.465000152587891,11552,0.0,0.0,0.0,AMDD,1m
2026-04-17 13:31:00-04:00,6.460000038146973,6.46999979019165,6.460000038146973,6.46999979019165,37948,0.0,0.0,0.0,AMDD,1m
2026-04-17 13:32:00-04:00,6.46999979019165,6.479899883270264,6.46999979019165,6.479899883270264,16718,0.0,0.0,0.0,AMDD,1m
2026-04-17 13:34:00-04:00,6.470099925994873,6.470099925994873,6.470099925994873,6.470099925994873,4501,0.0,0.0,0.0,AMDD,1m
2026-04-17 13:35:00-04:00,6.480000019073486,6.480000019073486,6.479899883270264,6.480000019073486,4086,0.0,0.0,0.0,AMDD,1m
2026-04-17 13:36:00-04:00,6.480100154876709,6.480100154876709,6.479899883270264,6.479899883270264,63812,0.0,0.0,0.0,AMDD,1m
2026-04-17 13:37:00-04:00,6.470099925994873,6.470099925994873,6.468200206756592,6.468500137329102,39699,0.0,0.0,0.0,AMDD,1m
2026-04-17 13:38:00-04:00,6.460100173950195,6.460100173950195,6.460100173950195,6.460100173950195,7653,0.0,0.0,0.0,AMDD,1m
2026-04-17 13:39:00-04:00,6.469900131225586,6.46999979019165,6.469900131225586,6.46999979019165,61098,0.0,0.0,0.0,AMDD,1m
2026-04-17 13:42:00-04:00,6.460100173950195,6.460100173950195,6.460100173950195,6.460100173950195,5400,0.0,0.0,0.0,AMDD,1m
2026-04-17 13:43:00-04:00,6.46999979019165,6.46999979019165,6.46999979019165,6.46999979019165,10055,0.0,0.0,0.0,AMDD,1m
2026-04-17 13:44:00-04:00,6.46999979019165,6.46999979019165,6.46999979019165,6.46999979019165,0,0.0,0.0,0.0,AMDD,1m
2026-04-17 13:45:00-04:00,6.460000038146973,6.46019983291626,6.460000038146973,6.460000038146973,44068,0.0,0.0,0.0,AMDD,1m
2026-04-17 13:46:00-04:00,6.460000038146973,6.460000038146973,6.460000038146973,6.460000038146973,0,0.0,0.0,0.0,AMDD,1m
2026-04-17 13:47:00-04:00,6.449999809265137,6.449999809265137,6.449999809265137,6.449999809265137,2474,0.0,0.0,0.0,AMDD,1m
2026-04-17 13:48:00-04:00,6.448400020599365,6.449999809265137,6.44189977645874,6.449999809265137,23731,0.0,0.0,0.0,AMDD,1m
2026-04-17 13:49:00-04:00,6.449999809265137,6.449999809265137,6.449900150299072,6.449999809265137,60613,0.0,0.0,0.0,AMDD,1m
2026-04-17 13:51:00-04:00,6.454999923706055,6.454999923706055,6.454999923706055,6.454999923706055,4022,0.0,0.0,0.0,AMDD,1m
2026-04-17 13:52:00-04:00,6.450099945068359,6.450099945068359,6.440100193023682,6.449999809265137,114015,0.0,0.0,0.0,AMDD,1m
2026-04-17 13:53:00-04:00,6.449900150299072,6.449999809265137,6.449900150299072,6.449999809265137,0,0.0,0.0,0.0,AMDD,1m
2026-04-17 13:54:00-04:00,6.454999923706055,6.454999923706055,6.450099945068359,6.450099945068359,4999,0.0,0.0,0.0,AMDD,1m
2026-04-17 13:56:00-04:00,6.450099945068359,6.450099945068359,6.449999809265137,6.449999809265137,36721,0.0,0.0,0.0,AMDD,1m
2026-04-17 13:57:00-04:00,6.448500156402588,6.448500156402588,6.445000171661377,6.445000171661377,5000,0.0,0.0,0.0,AMDD,1m
2026-04-17 13:58:00-04:00,6.449999809265137,6.449999809265137,6.449999809265137,6.449999809265137,18685,0.0,0.0,0.0,AMDD,1m
2026-04-17 14:00:00-04:00,6.450099945068359,6.450099945068359,6.447700023651123,6.449900150299072,49298,0.0,0.0,0.0,AMDD,1m
2026-04-17 14:01:00-04:00,6.449999809265137,6.449999809265137,6.449699878692627,6.449699878692627,23244,0.0,0.0,0.0,AMDD,1m
2026-04-17 14:02:00-04:00,6.440100193023682,6.449999809265137,6.440100193023682,6.449999809265137,10037,0.0,0.0,0.0,AMDD,1m
2026-04-17 14:03:00-04:00,6.460000038146973,6.460000038146973,6.460000038146973,6.460000038146973,2610,0.0,0.0,0.0,AMDD,1m
2026-04-17 14:04:00-04:00,6.465000152587891,6.46999979019165,6.465000152587891,6.46999979019165,6652,0.0,0.0,0.0,AMDD,1m
2026-04-17 14:11:00-04:00,6.46999979019165,6.470099925994873,6.46999979019165,6.46999979019165,75100,0.0,0.0,0.0,AMDD,1m
2026-04-17 14:13:00-04:00,6.46999979019165,6.46999979019165,6.46999979019165,6.46999979019165,0,0.0,0.0,0.0,AMDD,1m
2026-04-17 14:14:00-04:00,6.469900131225586,6.46999979019165,6.460100173950195,6.460100173950195,6891,0.0,0.0,0.0,AMDD,1m
2026-04-17 14:17:00-04:00,6.4670000076293945,6.46999979019165,6.46019983291626,6.46999979019165,2002,0.0,0.0,0.0,AMDD,1m
2026-04-17 14:18:00-04:00,6.460100173950195,6.46999979019165,6.460100173950195,6.46999979019165,60300,0.0,0.0,0.0,AMDD,1m
2026-04-17 14:20:00-04:00,6.460000038146973,6.460000038146973,6.460000038146973,6.460000038146973,0,0.0,0.0,0.0,AMDD,1m
2026-04-17 14:21:00-04:00,6.469900131225586,6.46999979019165,6.465000152587891,6.469900131225586,5217,0.0,0.0,0.0,AMDD,1m
2026-04-17 14:22:00-04:00,6.46999979019165,6.46999979019165,6.469699859619141,6.46999979019165,21926,0.0,0.0,0.0,AMDD,1m
2026-04-17 14:23:00-04:00,6.465000152587891,6.470099925994873,6.460000038146973,6.460000038146973,61391,0.0,0.0,0.0,AMDD,1m
2026-04-17 14:25:00-04:00,6.460000038146973,6.460100173950195,6.454999923706055,6.45989990234375,45762,0.0,0.0,0.0,AMDD,1m
2026-04-17 14:26:00-04:00,6.460000038146973,6.460000038146973,6.454999923706055,6.460000038146973,7984,0.0,0.0,0.0,AMDD,1m
2026-04-17 14:28:00-04:00,6.46999979019165,6.46999979019165,6.46999979019165,6.46999979019165,18260,0.0,0.0,0.0,AMDD,1m
2026-04-17 14:30:00-04:00,6.470099925994873,6.470099925994873,6.46999979019165,6.46999979019165,17081,0.0,0.0,0.0,AMDD,1m
2026-04-17 14:34:00-04:00,6.474999904632568,6.474999904632568,6.474999904632568,6.474999904632568,2312,0.0,0.0,0.0,AMDD,1m
2026-04-17 14:35:00-04:00,6.480000019073486,6.480000019073486,6.479899883270264,6.480000019073486,18996,0.0,0.0,0.0,AMDD,1m
2026-04-17 14:39:00-04:00,6.485000133514404,6.489999771118164,6.485000133514404,6.489999771118164,360,0.0,0.0,0.0,AMDD,1m
2026-04-17 14:40:00-04:00,6.485000133514404,6.485000133514404,6.4807000160217285,6.4807000160217285,1508,0.0,0.0,0.0,AMDD,1m
2026-04-17 14:41:00-04:00,6.489999771118164,6.489999771118164,6.485000133514404,6.485000133514404,550,0.0,0.0,0.0,AMDD,1m
2026-04-17 14:42:00-04:00,6.489999771118164,6.489999771118164,6.485000133514404,6.489699840545654,2022,0.0,0.0,0.0,AMDD,1m
2026-04-17 14:43:00-04:00,6.480000019073486,6.480000019073486,6.480000019073486,6.480000019073486,3372,0.0,0.0,0.0,AMDD,1m
2026-04-17 14:44:00-04:00,6.480000019073486,6.480000019073486,6.480000019073486,6.480000019073486,1901,0.0,0.0,0.0,AMDD,1m
2026-04-17 14:47:00-04:00,6.480000019073486,6.480000019073486,6.480000019073486,6.480000019073486,620,0.0,0.0,0.0,AMDD,1m
2026-04-17 14:49:00-04:00,6.488500118255615,6.488500118255615,6.488500118255615,6.488500118255615,0,0.0,0.0,0.0,AMDD,1m
2026-04-17 14:50:00-04:00,6.4899001121521,6.5,6.4899001121521,6.5,11630,0.0,0.0,0.0,AMDD,1m
2026-04-17 14:51:00-04:00,6.494999885559082,6.5,6.494999885559082,6.5,4315,0.0,0.0,0.0,AMDD,1m
2026-04-17 14:54:00-04:00,6.5,6.505000114440918,6.490099906921387,6.490099906921387,59074,0.0,0.0,0.0,AMDD,1m
2026-04-17 14:57:00-04:00,6.494999885559082,6.499899864196777,6.490099906921387,6.490099906921387,2267,0.0,0.0,0.0,AMDD,1m
2026-04-17 14:58:00-04:00,6.494999885559082,6.494999885559082,6.494999885559082,6.494999885559082,750,0.0,0.0,0.0,AMDD,1m
2026-04-17 15:01:00-04:00,6.497300148010254,6.497300148010254,6.494999885559082,6.494999885559082,1301,0.0,0.0,0.0,AMDD,1m
2026-04-17 15:03:00-04:00,6.494999885559082,6.494999885559082,6.494999885559082,6.494999885559082,2005,0.0,0.0,0.0,AMDD,1m
2026-04-17 15:04:00-04:00,6.494999885559082,6.494999885559082,6.489999771118164,6.489999771118164,1327,0.0,0.0,0.0,AMDD,1m
2026-04-17 15:05:00-04:00,6.499899864196777,6.5,6.499899864196777,6.499899864196777,15583,0.0,0.0,0.0,AMDD,1m
2026-04-17 15:06:00-04:00,6.49970006942749,6.500199794769287,6.49970006942749,6.5,32137,0.0,0.0,0.0,AMDD,1m
2026-04-17 15:09:00-04:00,6.499899864196777,6.5,6.49970006942749,6.49970006942749,19295,0.0,0.0,0.0,AMDD,1m
2026-04-17 15:10:00-04:00,6.5,6.5,6.5,6.5,6549,0.0,0.0,0.0,AMDD,1m
2026-04-17 15:11:00-04:00,6.509699821472168,6.510000228881836,6.509699821472168,6.510000228881836,3547,0.0,0.0,0.0,AMDD,1m
2026-04-17 15:13:00-04:00,6.505000114440918,6.508999824523926,6.505000114440918,6.508999824523926,9930,0.0,0.0,0.0,AMDD,1m
2026-04-17 15:14:00-04:00,6.509900093078613,6.509900093078613,6.500100135803223,6.500100135803223,6579,0.0,0.0,0.0,AMDD,1m
2026-04-17 15:15:00-04:00,6.5,6.500100135803223,6.5,6.500100135803223,20250,0.0,0.0,0.0,AMDD,1m
2026-04-17 15:16:00-04:00,6.5,6.5,6.494999885559082,6.494999885559082,6008,0.0,0.0,0.0,AMDD,1m
2026-04-17 15:20:00-04:00,6.489999771118164,6.489999771118164,6.485000133514404,6.485000133514404,3372,0.0,0.0,0.0,AMDD,1m
2026-04-17 15:21:00-04:00,6.4899001121521,6.4899001121521,6.487299919128418,6.487299919128418,2344,0.0,0.0,0.0,AMDD,1m
2026-04-17 15:22:00-04:00,6.489999771118164,6.489999771118164,6.486100196838379,6.489999771118164,28536,0.0,0.0,0.0,AMDD,1m
2026-04-17 15:23:00-04:00,6.489999771118164,6.489999771118164,6.489999771118164,6.489999771118164,8339,0.0,0.0,0.0,AMDD,1m
2026-04-17 15:24:00-04:00,6.490099906921387,6.490099906921387,6.489999771118164,6.490099906921387,29042,0.0,0.0,0.0,AMDD,1m
2026-04-17 15:25:00-04:00,6.489999771118164,6.489999771118164,6.489999771118164,6.489999771118164,3326,0.0,0.0,0.0,AMDD,1m
2026-04-17 15:27:00-04:00,6.485000133514404,6.485000133514404,6.485000133514404,6.485000133514404,420,0.0,0.0,0.0,AMDD,1m
2026-04-17 15:28:00-04:00,6.480199813842773,6.489999771118164,6.480100154876709,6.489999771118164,4321,0.0,0.0,0.0,AMDD,1m
2026-04-17 15:29:00-04:00,6.489999771118164,6.489999771118164,6.485000133514404,6.485000133514404,1874,0.0,0.0,0.0,AMDD,1m
2026-04-17 15:30:00-04:00,6.480000019073486,6.480000019073486,6.480000019073486,6.480000019073486,3442,0.0,0.0,0.0,AMDD,1m
2026-04-17 15:36:00-04:00,6.479899883270264,6.479899883270264,6.474999904632568,6.474999904632568,1032,0.0,0.0,0.0,AMDD,1m
2026-04-17 15:37:00-04:00,6.480000019073486,6.480000019073486,6.479899883270264,6.480000019073486,14726,0.0,0.0,0.0,AMDD,1m
2026-04-17 15:38:00-04:00,6.485000133514404,6.485000133514404,6.480299949645996,6.480299949645996,641,0.0,0.0,0.0,AMDD,1m
2026-04-17 15:39:00-04:00,6.480000019073486,6.480000019073486,6.470300197601318,6.474999904632568,20326,0.0,0.0,0.0,AMDD,1m
2026-04-17 15:40:00-04:00,6.479400157928467,6.479400157928467,6.479400157928467,6.479400157928467,12600,0.0,0.0,0.0,AMDD,1m
2026-04-17 15:41:00-04:00,6.480000019073486,6.480000019073486,6.480000019073486,6.480000019073486,3609,0.0,0.0,0.0,AMDD,1m
2026-04-17 15:42:00-04:00,6.485000133514404,6.4899001121521,6.485000133514404,6.4899001121521,16889,0.0,0.0,0.0,AMDD,1m
2026-04-17 15:45:00-04:00,6.489999771118164,6.489999771118164,6.4899001121521,6.4899001121521,1400,0.0,0.0,0.0,AMDD,1m
2026-04-17 15:46:00-04:00,6.480100154876709,6.4899001121521,6.480100154876709,6.4899001121521,17224,0.0,0.0,0.0,AMDD,1m
2026-04-17 15:49:00-04:00,6.485000133514404,6.485000133514404,6.485000133514404,6.485000133514404,649,0.0,0.0,0.0,AMDD,1m
2026-04-17 15:50:00-04:00,6.485000133514404,6.485000133514404,6.480000019073486,6.480000019073486,13229,0.0,0.0,0.0,AMDD,1m
2026-04-17 15:51:00-04:00,6.489999771118164,6.494999885559082,6.489999771118164,6.490099906921387,33838,0.0,0.0,0.0,AMDD,1m
2026-04-17 15:52:00-04:00,6.490099906921387,6.490099906921387,6.489999771118164,6.489999771118164,33829,0.0,0.0,0.0,AMDD,1m
2026-04-17 15:53:00-04:00,6.489999771118164,6.489999771118164,6.489999771118164,6.489999771118164,13196,0.0,0.0,0.0,AMDD,1m
2026-04-17 15:54:00-04:00,6.494999885559082,6.498899936676025,6.491499900817871,6.498899936676025,865,0.0,0.0,0.0,AMDD,1m
2026-04-17 15:55:00-04:00,6.494999885559082,6.494999885559082,6.485000133514404,6.485000133514404,97529,0.0,0.0,0.0,AMDD,1m
2026-04-17 15:56:00-04:00,6.480100154876709,6.480100154876709,6.480100154876709,6.480100154876709,5764,0.0,0.0,0.0,AMDD,1m
2026-04-17 15:59:00-04:00,6.480000019073486,6.480000019073486,6.480000019073486,6.480000019073486,21780,0.0,0.0,0.0,AMDD,1m
