datetime,open,high,low,close,volume,dividends,stock_splits,capital_gains,ticker,interval
2026-01-22 09:30:00-05:00,7.179999828338623,7.349999904632568,7.179999828338623,7.349999904632568,22544,0.0,0.0,0.0,ADBG,5m
2026-01-22 09:35:00-05:00,7.355000019073486,7.400000095367432,7.320099830627441,7.349999904632568,20141,0.0,0.0,0.0,ADBG,5m
2026-01-22 09:40:00-05:00,7.349999904632568,7.387499809265137,7.300000190734863,7.329999923706055,23301,0.0,0.0,0.0,ADBG,5m
2026-01-22 09:45:00-05:00,7.329999923706055,7.360000133514404,7.269999980926514,7.269999980926514,49300,0.0,0.0,0.0,ADBG,5m
2026-01-22 09:50:00-05:00,7.248499870300293,7.309999942779541,7.236400127410889,7.28000020980835,16557,0.0,0.0,0.0,ADBG,5m
2026-01-22 09:55:00-05:00,7.300000190734863,7.314599990844727,7.275000095367432,7.314599990844727,3377,0.0,0.0,0.0,ADBG,5m
2026-01-22 10:00:00-05:00,7.329999923706055,7.369999885559082,7.326000213623047,7.369999885559082,3111,0.0,0.0,0.0,ADBG,5m
2026-01-22 10:05:00-05:00,7.390200138092041,7.39169979095459,7.320000171661377,7.348499774932861,7023,0.0,0.0,0.0,ADBG,5m
2026-01-22 10:10:00-05:00,7.349999904632568,7.360000133514404,7.309999942779541,7.348599910736084,9889,0.0,0.0,0.0,ADBG,5m
2026-01-22 10:15:00-05:00,7.349999904632568,7.389999866485596,7.340000152587891,7.370999813079834,13048,0.0,0.0,0.0,ADBG,5m
2026-01-22 10:20:00-05:00,7.369999885559082,7.394999980926514,7.360000133514404,7.375,4723,0.0,0.0,0.0,ADBG,5m
2026-01-22 10:25:00-05:00,7.380000114440918,7.400000095367432,7.380000114440918,7.396500110626221,2700,0.0,0.0,0.0,ADBG,5m
2026-01-22 10:30:00-05:00,7.389999866485596,7.440000057220459,7.389999866485596,7.420000076293945,11164,0.0,0.0,0.0,ADBG,5m
2026-01-22 10:35:00-05:00,7.429999828338623,7.460000038146973,7.420199871063232,7.440000057220459,9316,0.0,0.0,0.0,ADBG,5m
2026-01-22 10:40:00-05:00,7.434999942779541,7.479899883270264,7.434999942779541,7.479899883270264,9416,0.0,0.0,0.0,ADBG,5m
2026-01-22 10:45:00-05:00,7.46999979019165,7.46999979019165,7.4446001052856445,7.4446001052856445,6594,0.0,0.0,0.0,ADBG,5m
2026-01-22 10:50:00-05:00,7.426599979400635,7.436600208282471,7.403500080108643,7.403500080108643,2412,0.0,0.0,0.0,ADBG,5m
2026-01-22 10:55:00-05:00,7.4197001457214355,7.420000076293945,7.389999866485596,7.409900188446045,2164,0.0,0.0,0.0,ADBG,5m
2026-01-22 11:00:00-05:00,7.409900188446045,7.420000076293945,7.400000095367432,7.409999847412109,2120,0.0,0.0,0.0,ADBG,5m
2026-01-22 11:05:00-05:00,7.400000095367432,7.420000076293945,7.389999866485596,7.420000076293945,4905,0.0,0.0,0.0,ADBG,5m
2026-01-22 11:10:00-05:00,7.431600093841553,7.434999942779541,7.4253997802734375,7.429999828338623,2679,0.0,0.0,0.0,ADBG,5m
2026-01-22 11:15:00-05:00,7.440000057220459,7.460000038146973,7.429999828338623,7.429999828338623,2514,0.0,0.0,0.0,ADBG,5m
2026-01-22 11:20:00-05:00,7.420000076293945,7.434999942779541,7.420000076293945,7.434999942779541,706,0.0,0.0,0.0,ADBG,5m
2026-01-22 11:25:00-05:00,7.440000057220459,7.440000057220459,7.440000057220459,7.440000057220459,194,0.0,0.0,0.0,ADBG,5m
2026-01-22 11:30:00-05:00,7.411300182342529,7.414999961853027,7.411300182342529,7.414999961853027,1614,0.0,0.0,0.0,ADBG,5m
2026-01-22 11:35:00-05:00,7.40939998626709,7.40939998626709,7.369999885559082,7.369999885559082,677,0.0,0.0,0.0,ADBG,5m
2026-01-22 11:40:00-05:00,7.360000133514404,7.360000133514404,7.320000171661377,7.329999923706055,2812,0.0,0.0,0.0,ADBG,5m
2026-01-22 11:45:00-05:00,7.329100131988525,7.329999923706055,7.309999942779541,7.320000171661377,3034,0.0,0.0,0.0,ADBG,5m
2026-01-22 11:50:00-05:00,7.310800075531006,7.310800075531006,7.300000190734863,7.300000190734863,2396,0.0,0.0,0.0,ADBG,5m
2026-01-22 11:55:00-05:00,7.300000190734863,7.300000190734863,7.289999961853027,7.296500205993652,4720,0.0,0.0,0.0,ADBG,5m
2026-01-22 12:00:00-05:00,7.309999942779541,7.309999942779541,7.289999961853027,7.289999961853027,4634,0.0,0.0,0.0,ADBG,5m
2026-01-22 12:05:00-05:00,7.289999961853027,7.29010009765625,7.271299839019775,7.289999961853027,1450,0.0,0.0,0.0,ADBG,5m
2026-01-22 12:10:00-05:00,7.300000190734863,7.34499979019165,7.300000190734863,7.34499979019165,2535,0.0,0.0,0.0,ADBG,5m
2026-01-22 12:15:00-05:00,7.35860013961792,7.360000133514404,7.35860013961792,7.360000133514404,422,0.0,0.0,0.0,ADBG,5m
2026-01-22 12:20:00-05:00,7.329999923706055,7.335000038146973,7.320000171661377,7.320099830627441,238101,0.0,0.0,0.0,ADBG,5m
2026-01-22 12:25:00-05:00,7.315800189971924,7.315800189971924,7.315800189971924,7.315800189971924,0,0.0,0.0,0.0,ADBG,5m
2026-01-22 12:30:00-05:00,7.331399917602539,7.331399917602539,7.315000057220459,7.315000057220459,1744,0.0,0.0,0.0,ADBG,5m
2026-01-22 12:35:00-05:00,7.309999942779541,7.324999809265137,7.309999942779541,7.320000171661377,3093,0.0,0.0,0.0,ADBG,5m
2026-01-22 12:40:00-05:00,7.3246002197265625,7.3246002197265625,7.309999942779541,7.320000171661377,1216,0.0,0.0,0.0,ADBG,5m
2026-01-22 12:45:00-05:00,7.310200214385986,7.310200214385986,7.309999942779541,7.309999942779541,345,0.0,0.0,0.0,ADBG,5m
2026-01-22 12:55:00-05:00,7.324999809265137,7.324999809265137,7.319200038909912,7.3246002197265625,1359,0.0,0.0,0.0,ADBG,5m
2026-01-22 13:00:00-05:00,7.320000171661377,7.320000171661377,7.314599990844727,7.315000057220459,691,0.0,0.0,0.0,ADBG,5m
2026-01-22 13:05:00-05:00,7.309999942779541,7.320000171661377,7.309999942779541,7.320000171661377,1038,0.0,0.0,0.0,ADBG,5m
2026-01-22 13:10:00-05:00,7.329999923706055,7.329999923706055,7.315000057220459,7.318600177764893,817,0.0,0.0,0.0,ADBG,5m
2026-01-22 13:15:00-05:00,7.304999828338623,7.309899806976318,7.300000190734863,7.300000190734863,11580,0.0,0.0,0.0,ADBG,5m
2026-01-22 13:20:00-05:00,7.299900054931641,7.299900054931641,7.299900054931641,7.299900054931641,0,0.0,0.0,0.0,ADBG,5m
2026-01-22 13:25:00-05:00,7.299900054931641,7.3053998947143555,7.295000076293945,7.295000076293945,1465,0.0,0.0,0.0,ADBG,5m
2026-01-22 13:30:00-05:00,7.300000190734863,7.309700012207031,7.300000190734863,7.304999828338623,2195,0.0,0.0,0.0,ADBG,5m
2026-01-22 13:35:00-05:00,7.304999828338623,7.304999828338623,7.295000076293945,7.296999931335449,3762,0.0,0.0,0.0,ADBG,5m
2026-01-22 13:40:00-05:00,7.289999961853027,7.289999961853027,7.289999961853027,7.289999961853027,220,0.0,0.0,0.0,ADBG,5m
2026-01-22 13:45:00-05:00,7.289999961853027,7.289999961853027,7.284999847412109,7.284999847412109,1737,0.0,0.0,0.0,ADBG,5m
2026-01-22 13:50:00-05:00,7.289400100708008,7.289400100708008,7.289400100708008,7.289400100708008,155,0.0,0.0,0.0,ADBG,5m
2026-01-22 13:55:00-05:00,7.304999828338623,7.304999828338623,7.300000190734863,7.300000190734863,7758,0.0,0.0,0.0,ADBG,5m
2026-01-22 14:00:00-05:00,7.301799774169922,7.320000171661377,7.301400184631348,7.320000171661377,1380,0.0,0.0,0.0,ADBG,5m
2026-01-22 14:05:00-05:00,7.329899787902832,7.340000152587891,7.329899787902832,7.340000152587891,5303,0.0,0.0,0.0,ADBG,5m
2026-01-22 14:10:00-05:00,7.340000152587891,7.351399898529053,7.340000152587891,7.348599910736084,8062,0.0,0.0,0.0,ADBG,5m
2026-01-22 14:15:00-05:00,7.347599983215332,7.369999885559082,7.344600200653076,7.369999885559082,1665,0.0,0.0,0.0,ADBG,5m
2026-01-22 14:25:00-05:00,7.369999885559082,7.369999885559082,7.369999885559082,7.369999885559082,683,0.0,0.0,0.0,ADBG,5m
2026-01-22 14:30:00-05:00,7.369999885559082,7.369999885559082,7.369999885559082,7.369999885559082,126,0.0,0.0,0.0,ADBG,5m
2026-01-22 14:35:00-05:00,7.363999843597412,7.363999843597412,7.363999843597412,7.363999843597412,223,0.0,0.0,0.0,ADBG,5m
2026-01-22 14:40:00-05:00,7.369999885559082,7.369999885559082,7.361400127410889,7.361400127410889,3414,0.0,0.0,0.0,ADBG,5m
2026-01-22 14:45:00-05:00,7.369999885559082,7.369999885559082,7.369999885559082,7.369999885559082,676,0.0,0.0,0.0,ADBG,5m
2026-01-22 14:50:00-05:00,7.366700172424316,7.370100021362305,7.363100051879883,7.369999885559082,7707,0.0,0.0,0.0,ADBG,5m
2026-01-22 14:55:00-05:00,7.364999771118164,7.369999885559082,7.364999771118164,7.369999885559082,305,0.0,0.0,0.0,ADBG,5m
2026-01-22 15:00:00-05:00,7.359899997711182,7.359899997711182,7.359899997711182,7.359899997711182,113,0.0,0.0,0.0,ADBG,5m
2026-01-22 15:05:00-05:00,7.340000152587891,7.34499979019165,7.335000038146973,7.34499979019165,2761,0.0,0.0,0.0,ADBG,5m
2026-01-22 15:10:00-05:00,7.346099853515625,7.347599983215332,7.34499979019165,7.34499979019165,445,0.0,0.0,0.0,ADBG,5m
2026-01-22 15:15:00-05:00,7.3414998054504395,7.360000133514404,7.3414998054504395,7.360000133514404,1585,0.0,0.0,0.0,ADBG,5m
2026-01-22 15:20:00-05:00,7.360000133514404,7.360000133514404,7.360000133514404,7.360000133514404,119,0.0,0.0,0.0,ADBG,5m
2026-01-22 15:25:00-05:00,7.349999904632568,7.349999904632568,7.34660005569458,7.34660005569458,1149,0.0,0.0,0.0,ADBG,5m
2026-01-22 15:30:00-05:00,7.349999904632568,7.355000019073486,7.349999904632568,7.355000019073486,910,0.0,0.0,0.0,ADBG,5m
2026-01-22 15:35:00-05:00,7.335000038146973,7.335000038146973,7.324999809265137,7.324999809265137,1908,0.0,0.0,0.0,ADBG,5m
2026-01-22 15:40:00-05:00,7.324999809265137,7.329899787902832,7.320000171661377,7.324999809265137,7502,0.0,0.0,0.0,ADBG,5m
2026-01-22 15:50:00-05:00,7.369999885559082,7.389999866485596,7.369999885559082,7.375,5951,0.0,0.0,0.0,ADBG,5m
2026-01-22 15:55:00-05:00,7.37939977645874,7.37939977645874,7.360000133514404,7.375,8968,0.0,0.0,0.0,ADBG,5m
2026-01-23 09:30:00-05:00,7.429999828338623,7.551400184631348,7.429999828338623,7.53000020980835,51277,0.0,0.0,0.0,ADBG,5m
2026-01-23 09:35:00-05:00,7.554999828338623,7.569799900054932,7.499899864196777,7.534999847412109,39099,0.0,0.0,0.0,ADBG,5m
2026-01-23 09:40:00-05:00,7.5320000648498535,7.559999942779541,7.505000114440918,7.545000076293945,17776,0.0,0.0,0.0,ADBG,5m
2026-01-23 09:45:00-05:00,7.519999980926514,7.519999980926514,7.510000228881836,7.514999866485596,12670,0.0,0.0,0.0,ADBG,5m
2026-01-23 09:50:00-05:00,7.494999885559082,7.501800060272217,7.474999904632568,7.494999885559082,3880,0.0,0.0,0.0,ADBG,5m
2026-01-23 09:55:00-05:00,7.5,7.519999980926514,7.489999771118164,7.5,12287,0.0,0.0,0.0,ADBG,5m
2026-01-23 10:00:00-05:00,7.519999980926514,7.525000095367432,7.499199867248535,7.505000114440918,2093,0.0,0.0,0.0,ADBG,5m
2026-01-23 10:05:00-05:00,7.489999771118164,7.5,7.480000019073486,7.480000019073486,1578,0.0,0.0,0.0,ADBG,5m
2026-01-23 10:10:00-05:00,7.5,7.519999980926514,7.480000019073486,7.485000133514404,19464,0.0,0.0,0.0,ADBG,5m
2026-01-23 10:15:00-05:00,7.5,7.5,7.434999942779541,7.434999942779541,3810,0.0,0.0,0.0,ADBG,5m
2026-01-23 10:20:00-05:00,7.440000057220459,7.440000057220459,7.420000076293945,7.440000057220459,3203,0.0,0.0,0.0,ADBG,5m
2026-01-23 10:25:00-05:00,7.440499782562256,7.447500228881836,7.440400123596191,7.440400123596191,2533,0.0,0.0,0.0,ADBG,5m
2026-01-23 10:30:00-05:00,7.46999979019165,7.46999979019165,7.460000038146973,7.460000038146973,1232,0.0,0.0,0.0,ADBG,5m
2026-01-23 10:35:00-05:00,7.480000019073486,7.480000019073486,7.465000152587891,7.4670000076293945,5986,0.0,0.0,0.0,ADBG,5m
2026-01-23 10:40:00-05:00,7.449999809265137,7.449999809265137,7.409999847412109,7.425600051879883,5095,0.0,0.0,0.0,ADBG,5m
2026-01-23 10:45:00-05:00,7.420000076293945,7.429999828338623,7.413400173187256,7.429999828338623,3698,0.0,0.0,0.0,ADBG,5m
2026-01-23 10:50:00-05:00,7.420000076293945,7.420000076293945,7.420000076293945,7.420000076293945,834,0.0,0.0,0.0,ADBG,5m
2026-01-23 10:55:00-05:00,7.434999942779541,7.454999923706055,7.434999942779541,7.454999923706055,1004,0.0,0.0,0.0,ADBG,5m
2026-01-23 11:00:00-05:00,7.445499897003174,7.447500228881836,7.440000057220459,7.440000057220459,2441,0.0,0.0,0.0,ADBG,5m
2026-01-23 11:05:00-05:00,7.476500034332275,7.476500034332275,7.454999923706055,7.454999923706055,1495,0.0,0.0,0.0,ADBG,5m
2026-01-23 11:10:00-05:00,7.5,7.5,7.46999979019165,7.46999979019165,5924,0.0,0.0,0.0,ADBG,5m
2026-01-23 11:15:00-05:00,7.46999979019165,7.479400157928467,7.457499980926514,7.479400157928467,1203,0.0,0.0,0.0,ADBG,5m
2026-01-23 11:20:00-05:00,7.449999809265137,7.449999809265137,7.434999942779541,7.434999942779541,4894,0.0,0.0,0.0,ADBG,5m
2026-01-23 11:25:00-05:00,7.429299831390381,7.429999828338623,7.400000095367432,7.400000095367432,4456,0.0,0.0,0.0,ADBG,5m
2026-01-23 11:30:00-05:00,7.429999828338623,7.429999828338623,7.425000190734863,7.429999828338623,520,0.0,0.0,0.0,ADBG,5m
2026-01-23 11:35:00-05:00,7.429999828338623,7.454999923706055,7.429999828338623,7.454999923706055,3171,0.0,0.0,0.0,ADBG,5m
2026-01-23 11:40:00-05:00,7.465000152587891,7.469900131225586,7.464200019836426,7.469900131225586,1370,0.0,0.0,0.0,ADBG,5m
2026-01-23 11:45:00-05:00,7.454999923706055,7.45989990234375,7.440000057220459,7.45989990234375,10556,0.0,0.0,0.0,ADBG,5m
2026-01-23 11:50:00-05:00,7.46999979019165,7.46999979019165,7.463699817657471,7.46999979019165,1822,0.0,0.0,0.0,ADBG,5m
2026-01-23 11:55:00-05:00,7.489999771118164,7.489999771118164,7.480599880218506,7.480599880218506,523,0.0,0.0,0.0,ADBG,5m
2026-01-23 12:00:00-05:00,7.474999904632568,7.494999885559082,7.474999904632568,7.494999885559082,1478,0.0,0.0,0.0,ADBG,5m
2026-01-23 12:05:00-05:00,7.49459981918335,7.49459981918335,7.49459981918335,7.49459981918335,212,0.0,0.0,0.0,ADBG,5m
2026-01-23 12:10:00-05:00,7.482600212097168,7.485000133514404,7.480000019073486,7.480000019073486,182134,0.0,0.0,0.0,ADBG,5m
2026-01-23 12:15:00-05:00,7.498499870300293,7.514999866485596,7.498499870300293,7.514999866485596,0,0.0,0.0,0.0,ADBG,5m
2026-01-23 12:20:00-05:00,7.509900093078613,7.510000228881836,7.509900093078613,7.510000228881836,2056,0.0,0.0,0.0,ADBG,5m
2026-01-23 12:30:00-05:00,7.514999866485596,7.514999866485596,7.5,7.509699821472168,3186,0.0,0.0,0.0,ADBG,5m
2026-01-23 12:35:00-05:00,7.505000114440918,7.50540018081665,7.505000114440918,7.50540018081665,334,0.0,0.0,0.0,ADBG,5m
2026-01-23 12:40:00-05:00,7.5,7.5,7.454999923706055,7.454999923706055,713,0.0,0.0,0.0,ADBG,5m
2026-01-23 12:45:00-05:00,7.449999809265137,7.455399990081787,7.440000057220459,7.455399990081787,794,0.0,0.0,0.0,ADBG,5m
2026-01-23 12:50:00-05:00,7.436600208282471,7.449999809265137,7.436600208282471,7.449999809265137,1279,0.0,0.0,0.0,ADBG,5m
2026-01-23 12:55:00-05:00,7.454999923706055,7.454999923706055,7.430099964141846,7.430099964141846,5976,0.0,0.0,0.0,ADBG,5m
2026-01-23 13:00:00-05:00,7.449999809265137,7.449999809265137,7.449999809265137,7.449999809265137,478,0.0,0.0,0.0,ADBG,5m
2026-01-23 13:05:00-05:00,7.460000038146973,7.460000038146973,7.440000057220459,7.440000057220459,1674,0.0,0.0,0.0,ADBG,5m
2026-01-23 13:10:00-05:00,7.460000038146973,7.467400074005127,7.460000038146973,7.467400074005127,1891,0.0,0.0,0.0,ADBG,5m
2026-01-23 13:15:00-05:00,7.465199947357178,7.46999979019165,7.465199947357178,7.46999979019165,2446,0.0,0.0,0.0,ADBG,5m
2026-01-23 13:20:00-05:00,7.454999923706055,7.454999923706055,7.440000057220459,7.440000057220459,812,0.0,0.0,0.0,ADBG,5m
2026-01-23 13:25:00-05:00,7.440000057220459,7.460400104522705,7.440000057220459,7.460400104522705,2533,0.0,0.0,0.0,ADBG,5m
2026-01-23 13:30:00-05:00,7.449999809265137,7.460000038146973,7.420000076293945,7.420000076293945,1625,0.0,0.0,0.0,ADBG,5m
2026-01-23 13:35:00-05:00,7.417699813842773,7.417699813842773,7.404600143432617,7.417399883270264,1486,0.0,0.0,0.0,ADBG,5m
2026-01-23 13:40:00-05:00,7.402699947357178,7.420000076293945,7.402699947357178,7.420000076293945,1766,0.0,0.0,0.0,ADBG,5m
2026-01-23 13:45:00-05:00,7.420100212097168,7.420100212097168,7.412600040435791,7.412600040435791,1202,0.0,0.0,0.0,ADBG,5m
2026-01-23 13:50:00-05:00,7.429999828338623,7.429999828338623,7.429999828338623,7.429999828338623,563,0.0,0.0,0.0,ADBG,5m
2026-01-23 13:55:00-05:00,7.40500020980835,7.40500020980835,7.390999794006348,7.394999980926514,1646,0.0,0.0,0.0,ADBG,5m
2026-01-23 14:00:00-05:00,7.398399829864502,7.398399829864502,7.398399829864502,7.398399829864502,257,0.0,0.0,0.0,ADBG,5m
2026-01-23 14:05:00-05:00,7.414999961853027,7.414999961853027,7.414999961853027,7.414999961853027,546,0.0,0.0,0.0,ADBG,5m
2026-01-23 14:15:00-05:00,7.40500020980835,7.409999847412109,7.40500020980835,7.409999847412109,1670,0.0,0.0,0.0,ADBG,5m
2026-01-23 14:25:00-05:00,7.3993000984191895,7.3993000984191895,7.389999866485596,7.389999866485596,1527,0.0,0.0,0.0,ADBG,5m
2026-01-23 14:30:00-05:00,7.389999866485596,7.39709997177124,7.389999866485596,7.39709997177124,1950,0.0,0.0,0.0,ADBG,5m
2026-01-23 14:35:00-05:00,7.380000114440918,7.380000114440918,7.369999885559082,7.375,11994,0.0,0.0,0.0,ADBG,5m
2026-01-23 14:40:00-05:00,7.370100021362305,7.370100021362305,7.360000133514404,7.369999885559082,3372,0.0,0.0,0.0,ADBG,5m
2026-01-23 14:45:00-05:00,7.380000114440918,7.380000114440918,7.369999885559082,7.369999885559082,9488,0.0,0.0,0.0,ADBG,5m
2026-01-23 14:50:00-05:00,7.360099792480469,7.375,7.360099792480469,7.369999885559082,8322,0.0,0.0,0.0,ADBG,5m
2026-01-23 14:55:00-05:00,7.360000133514404,7.367499828338623,7.360000133514404,7.364999771118164,4703,0.0,0.0,0.0,ADBG,5m
2026-01-23 15:00:00-05:00,7.364999771118164,7.369999885559082,7.364999771118164,7.369999885559082,1035,0.0,0.0,0.0,ADBG,5m
2026-01-23 15:05:00-05:00,7.364999771118164,7.369999885559082,7.36460018157959,7.364999771118164,2344,0.0,0.0,0.0,ADBG,5m
2026-01-23 15:10:00-05:00,7.349999904632568,7.355000019073486,7.349999904632568,7.355000019073486,650,0.0,0.0,0.0,ADBG,5m
2026-01-23 15:15:00-05:00,7.360000133514404,7.364999771118164,7.360000133514404,7.364999771118164,857,0.0,0.0,0.0,ADBG,5m
2026-01-23 15:20:00-05:00,7.349999904632568,7.364999771118164,7.34499979019165,7.364999771118164,1838,0.0,0.0,0.0,ADBG,5m
2026-01-23 15:25:00-05:00,7.360000133514404,7.360000133514404,7.360000133514404,7.360000133514404,638,0.0,0.0,0.0,ADBG,5m
2026-01-23 15:30:00-05:00,7.349999904632568,7.360000133514404,7.349999904632568,7.349999904632568,5975,0.0,0.0,0.0,ADBG,5m
2026-01-23 15:35:00-05:00,7.364999771118164,7.365499973297119,7.364999771118164,7.365499973297119,422,0.0,0.0,0.0,ADBG,5m
2026-01-23 15:40:00-05:00,7.369999885559082,7.400000095367432,7.369999885559082,7.400000095367432,3159,0.0,0.0,0.0,ADBG,5m
2026-01-23 15:45:00-05:00,7.394999980926514,7.400000095367432,7.377999782562256,7.377999782562256,8601,0.0,0.0,0.0,ADBG,5m
2026-01-23 15:50:00-05:00,7.380000114440918,7.40500020980835,7.380000114440918,7.40500020980835,1175,0.0,0.0,0.0,ADBG,5m
2026-01-23 15:55:00-05:00,7.425000190734863,7.439700126647949,7.425000190734863,7.429999828338623,11894,0.0,0.0,0.0,ADBG,5m
2026-01-26 09:30:00-05:00,7.510000228881836,7.659999847412109,7.510000228881836,7.619999885559082,28903,0.0,0.0,0.0,ADBG,5m
2026-01-26 09:35:00-05:00,7.614999771118164,7.630099773406982,7.570000171661377,7.630099773406982,16204,0.0,0.0,0.0,ADBG,5m
2026-01-26 09:40:00-05:00,7.619999885559082,7.6508002281188965,7.519999980926514,7.519999980926514,29808,0.0,0.0,0.0,ADBG,5m
2026-01-26 09:45:00-05:00,7.53000020980835,7.550000190734863,7.5,7.53000020980835,26793,0.0,0.0,0.0,ADBG,5m
2026-01-26 09:50:00-05:00,7.530799865722656,7.570000171661377,7.530799865722656,7.570000171661377,2292,0.0,0.0,0.0,ADBG,5m
2026-01-26 09:55:00-05:00,7.5644001960754395,7.5644001960754395,7.519999980926514,7.519999980926514,2220,0.0,0.0,0.0,ADBG,5m
2026-01-26 10:00:00-05:00,7.510000228881836,7.5507001876831055,7.510000228881836,7.5507001876831055,2573,0.0,0.0,0.0,ADBG,5m
2026-01-26 10:05:00-05:00,7.557400226593018,7.570000171661377,7.557400226593018,7.559999942779541,141373,0.0,0.0,0.0,ADBG,5m
2026-01-26 10:10:00-05:00,7.575399875640869,7.619999885559082,7.574999809265137,7.598599910736084,0,0.0,0.0,0.0,ADBG,5m
2026-01-26 10:15:00-05:00,7.590000152587891,7.610000133514404,7.590000152587891,7.599999904632568,1543,0.0,0.0,0.0,ADBG,5m
2026-01-26 10:20:00-05:00,7.605000019073486,7.650000095367432,7.599999904632568,7.599999904632568,2042,0.0,0.0,0.0,ADBG,5m
2026-01-26 10:25:00-05:00,7.630000114440918,7.650000095367432,7.630000114440918,7.650000095367432,4170,0.0,0.0,0.0,ADBG,5m
2026-01-26 10:30:00-05:00,7.6697998046875,7.679999828338623,7.6697998046875,7.679999828338623,1543,0.0,0.0,0.0,ADBG,5m
2026-01-26 10:35:00-05:00,7.678599834442139,7.679999828338623,7.650000095367432,7.650000095367432,5096,0.0,0.0,0.0,ADBG,5m
2026-01-26 10:40:00-05:00,7.650000095367432,7.653299808502197,7.619999885559082,7.629899978637695,6119,0.0,0.0,0.0,ADBG,5m
2026-01-26 10:45:00-05:00,7.619999885559082,7.619999885559082,7.599999904632568,7.610000133514404,926,0.0,0.0,0.0,ADBG,5m
2026-01-26 10:50:00-05:00,7.610000133514404,7.630000114440918,7.610000133514404,7.619999885559082,10171,0.0,0.0,0.0,ADBG,5m
2026-01-26 10:55:00-05:00,7.630000114440918,7.630000114440918,7.630000114440918,7.630000114440918,292,0.0,0.0,0.0,ADBG,5m
2026-01-26 11:00:00-05:00,7.605000019073486,7.625,7.605000019073486,7.625,2013,0.0,0.0,0.0,ADBG,5m
2026-01-26 11:05:00-05:00,7.629000186920166,7.629000186920166,7.590000152587891,7.590000152587891,5359,0.0,0.0,0.0,ADBG,5m
2026-01-26 11:10:00-05:00,7.579999923706055,7.587500095367432,7.579999923706055,7.581600189208984,824,0.0,0.0,0.0,ADBG,5m
2026-01-26 11:15:00-05:00,7.574999809265137,7.574999809265137,7.565000057220459,7.570000171661377,5039,0.0,0.0,0.0,ADBG,5m
2026-01-26 11:20:00-05:00,7.570000171661377,7.619999885559082,7.570000171661377,7.619999885559082,197684,0.0,0.0,0.0,ADBG,5m
2026-01-26 11:25:00-05:00,7.614500045776367,7.627500057220459,7.610000133514404,7.619999885559082,0,0.0,0.0,0.0,ADBG,5m
2026-01-26 11:30:00-05:00,7.645599842071533,7.650000095367432,7.645599842071533,7.650000095367432,1533,0.0,0.0,0.0,ADBG,5m
2026-01-26 11:35:00-05:00,7.630000114440918,7.639999866485596,7.613500118255615,7.613500118255615,1675,0.0,0.0,0.0,ADBG,5m
2026-01-26 11:40:00-05:00,7.619699954986572,7.644999980926514,7.619699954986572,7.639999866485596,4628,0.0,0.0,0.0,ADBG,5m
2026-01-26 11:45:00-05:00,7.644999980926514,7.658599853515625,7.644999980926514,7.654200077056885,3554,0.0,0.0,0.0,ADBG,5m
2026-01-26 11:50:00-05:00,7.639999866485596,7.639999866485596,7.635000228881836,7.635000228881836,25,0.0,0.0,0.0,ADBG,5m
2026-01-26 11:55:00-05:00,7.63670015335083,7.650000095367432,7.630000114440918,7.639999866485596,2923,0.0,0.0,0.0,ADBG,5m
2026-01-26 12:00:00-05:00,7.644999980926514,7.644999980926514,7.644999980926514,7.644999980926514,279,0.0,0.0,0.0,ADBG,5m
2026-01-26 12:05:00-05:00,7.630000114440918,7.631800174713135,7.619999885559082,7.631800174713135,1295,0.0,0.0,0.0,ADBG,5m
2026-01-26 12:10:00-05:00,7.619999885559082,7.619999885559082,7.610000133514404,7.610000133514404,1935,0.0,0.0,0.0,ADBG,5m
2026-01-26 12:15:00-05:00,7.630000114440918,7.631999969482422,7.630000114440918,7.631999969482422,0,0.0,0.0,0.0,ADBG,5m
2026-01-26 12:20:00-05:00,7.639999866485596,7.65500020980835,7.639999866485596,7.65500020980835,3260,0.0,0.0,0.0,ADBG,5m
2026-01-26 12:25:00-05:00,7.65500020980835,7.65500020980835,7.650000095367432,7.650000095367432,268,0.0,0.0,0.0,ADBG,5m
2026-01-26 12:30:00-05:00,7.650000095367432,7.650000095367432,7.639999866485596,7.639999866485596,1057,0.0,0.0,0.0,ADBG,5m
2026-01-26 12:35:00-05:00,7.65500020980835,7.678100109100342,7.65500020980835,7.678100109100342,13056,0.0,0.0,0.0,ADBG,5m
2026-01-26 12:40:00-05:00,7.673299789428711,7.679299831390381,7.673299789428711,7.679299831390381,1314,0.0,0.0,0.0,ADBG,5m
2026-01-26 12:45:00-05:00,7.679999828338623,7.684999942779541,7.670599937438965,7.679999828338623,6706,0.0,0.0,0.0,ADBG,5m
2026-01-26 12:50:00-05:00,7.675000190734863,7.679999828338623,7.670000076293945,7.675000190734863,1843,0.0,0.0,0.0,ADBG,5m
2026-01-26 12:55:00-05:00,7.660200119018555,7.663400173187256,7.660200119018555,7.663400173187256,650,0.0,0.0,0.0,ADBG,5m
2026-01-26 13:00:00-05:00,7.664999961853027,7.664999961853027,7.664999961853027,7.664999961853027,476,0.0,0.0,0.0,ADBG,5m
2026-01-26 13:05:00-05:00,7.675000190734863,7.675000190734863,7.659999847412109,7.659999847412109,2593,0.0,0.0,0.0,ADBG,5m
2026-01-26 13:10:00-05:00,7.659999847412109,7.6605000495910645,7.659999847412109,7.659999847412109,1106,0.0,0.0,0.0,ADBG,5m
2026-01-26 13:15:00-05:00,7.656499862670898,7.659999847412109,7.656499862670898,7.659999847412109,1378,0.0,0.0,0.0,ADBG,5m
2026-01-26 13:20:00-05:00,7.658100128173828,7.658100128173828,7.654399871826172,7.65500020980835,1298,0.0,0.0,0.0,ADBG,5m
2026-01-26 13:25:00-05:00,7.65500020980835,7.65500020980835,7.610000133514404,7.614999771118164,1768,0.0,0.0,0.0,ADBG,5m
2026-01-26 13:30:00-05:00,7.62060022354126,7.62060022354126,7.62060022354126,7.62060022354126,2600,0.0,0.0,0.0,ADBG,5m
2026-01-26 13:35:00-05:00,7.625,7.627600193023682,7.599999904632568,7.599999904632568,5438,0.0,0.0,0.0,ADBG,5m
2026-01-26 13:40:00-05:00,7.590000152587891,7.590000152587891,7.590000152587891,7.590000152587891,323,0.0,0.0,0.0,ADBG,5m
2026-01-26 13:45:00-05:00,7.579999923706055,7.579999923706055,7.575399875640869,7.575399875640869,2380,0.0,0.0,0.0,ADBG,5m
2026-01-26 13:50:00-05:00,7.574999809265137,7.574999809265137,7.571000099182129,7.574999809265137,7867,0.0,0.0,0.0,ADBG,5m
2026-01-26 14:00:00-05:00,7.570000171661377,7.570000171661377,7.559999942779541,7.565000057220459,1519,0.0,0.0,0.0,ADBG,5m
2026-01-26 14:05:00-05:00,7.559999942779541,7.559999942779541,7.559999942779541,7.559999942779541,9452,0.0,0.0,0.0,ADBG,5m
2026-01-26 14:10:00-05:00,7.590000152587891,7.590000152587891,7.590000152587891,7.590000152587891,205,0.0,0.0,0.0,ADBG,5m
2026-01-26 14:15:00-05:00,7.599999904632568,7.599999904632568,7.599999904632568,7.599999904632568,800,0.0,0.0,0.0,ADBG,5m
2026-01-26 14:20:00-05:00,7.599999904632568,7.599999904632568,7.599999904632568,7.599999904632568,0,0.0,0.0,0.0,ADBG,5m
2026-01-26 14:30:00-05:00,7.599999904632568,7.639999866485596,7.599999904632568,7.639999866485596,1832,0.0,0.0,0.0,ADBG,5m
2026-01-26 14:35:00-05:00,7.639999866485596,7.639999866485596,7.639900207519531,7.639900207519531,1063,0.0,0.0,0.0,ADBG,5m
2026-01-26 14:40:00-05:00,7.619999885559082,7.619999885559082,7.619999885559082,7.619999885559082,638,0.0,0.0,0.0,ADBG,5m
2026-01-26 14:45:00-05:00,7.630000114440918,7.630000114440918,7.629899978637695,7.629899978637695,248322,0.0,0.0,0.0,ADBG,5m
2026-01-26 14:50:00-05:00,7.630000114440918,7.630000114440918,7.6230998039245605,7.630000114440918,0,0.0,0.0,0.0,ADBG,5m
2026-01-26 15:00:00-05:00,7.619999885559082,7.619999885559082,7.614500045776367,7.616399765014648,1442,0.0,0.0,0.0,ADBG,5m
2026-01-26 15:05:00-05:00,7.639999866485596,7.639999866485596,7.630000114440918,7.632500171661377,2441,0.0,0.0,0.0,ADBG,5m
2026-01-26 15:10:00-05:00,7.635000228881836,7.65500020980835,7.633299827575684,7.643700122833252,1137,0.0,0.0,0.0,ADBG,5m
2026-01-26 15:15:00-05:00,7.644999980926514,7.644999980926514,7.630000114440918,7.630000114440918,6531,0.0,0.0,0.0,ADBG,5m
2026-01-26 15:20:00-05:00,7.635000228881836,7.650000095367432,7.635000228881836,7.650000095367432,2417,0.0,0.0,0.0,ADBG,5m
2026-01-26 15:25:00-05:00,7.645400047302246,7.645500183105469,7.645400047302246,7.645500183105469,314,0.0,0.0,0.0,ADBG,5m
2026-01-26 15:30:00-05:00,7.650000095367432,7.650199890136719,7.650000095367432,7.650000095367432,950,0.0,0.0,0.0,ADBG,5m
2026-01-26 15:35:00-05:00,7.644999980926514,7.650100231170654,7.639999866485596,7.639999866485596,9704,0.0,0.0,0.0,ADBG,5m
2026-01-26 15:40:00-05:00,7.630000114440918,7.639999866485596,7.625,7.625,17518,0.0,0.0,0.0,ADBG,5m
2026-01-26 15:45:00-05:00,7.639999866485596,7.639999866485596,7.626399993896484,7.626399993896484,697,0.0,0.0,0.0,ADBG,5m
2026-01-26 15:50:00-05:00,7.614999771118164,7.617400169372559,7.610000133514404,7.610599994659424,1801,0.0,0.0,0.0,ADBG,5m
2026-01-26 15:55:00-05:00,7.610000133514404,7.610000133514404,7.6020002365112305,7.605000019073486,3275,0.0,0.0,0.0,ADBG,5m
2026-01-27 09:30:00-05:00,7.590000152587891,7.590000152587891,7.380000114440918,7.380000114440918,18375,0.0,0.0,0.0,ADBG,5m
2026-01-27 09:35:00-05:00,7.360000133514404,7.360000133514404,7.220399856567383,7.220399856567383,25347,0.0,0.0,0.0,ADBG,5m
2026-01-27 09:40:00-05:00,7.21999979019165,7.21999979019165,7.139999866485596,7.179999828338623,30526,0.0,0.0,0.0,ADBG,5m
2026-01-27 09:45:00-05:00,7.174900054931641,7.179999828338623,7.119999885559082,7.171000003814697,12614,0.0,0.0,0.0,ADBG,5m
2026-01-27 09:50:00-05:00,7.179699897766113,7.21999979019165,7.159999847412109,7.164999961853027,10417,0.0,0.0,0.0,ADBG,5m
2026-01-27 09:55:00-05:00,7.170000076293945,7.188300132751465,7.119999885559082,7.119999885559082,19340,0.0,0.0,0.0,ADBG,5m
2026-01-27 10:00:00-05:00,7.099999904632568,7.139999866485596,7.086299896240234,7.139999866485596,10977,0.0,0.0,0.0,ADBG,5m
2026-01-27 10:05:00-05:00,7.119999885559082,7.145599842071533,7.099899768829346,7.138999938964844,4906,0.0,0.0,0.0,ADBG,5m
2026-01-27 10:10:00-05:00,7.150000095367432,7.159999847412109,7.139999866485596,7.150000095367432,3632,0.0,0.0,0.0,ADBG,5m
2026-01-27 10:15:00-05:00,7.139999866485596,7.1402997970581055,7.099999904632568,7.110000133514404,5462,0.0,0.0,0.0,ADBG,5m
2026-01-27 10:20:00-05:00,7.074999809265137,7.079999923706055,7.070000171661377,7.074999809265137,9173,0.0,0.0,0.0,ADBG,5m
2026-01-27 10:25:00-05:00,7.070000171661377,7.070000171661377,7.034999847412109,7.034999847412109,13341,0.0,0.0,0.0,ADBG,5m
2026-01-27 10:30:00-05:00,7.031000137329102,7.061600208282471,7.031000137329102,7.054999828338623,29615,0.0,0.0,0.0,ADBG,5m
2026-01-27 10:35:00-05:00,7.059999942779541,7.079999923706055,7.050000190734863,7.072400093078613,10886,0.0,0.0,0.0,ADBG,5m
2026-01-27 10:40:00-05:00,7.070000171661377,7.090000152587891,7.069900035858154,7.069900035858154,2866,0.0,0.0,0.0,ADBG,5m
2026-01-27 10:45:00-05:00,7.064499855041504,7.090000152587891,7.064499855041504,7.079999923706055,2083,0.0,0.0,0.0,ADBG,5m
2026-01-27 10:50:00-05:00,7.107500076293945,7.107500076293945,7.08650016784668,7.09499979019165,10077,0.0,0.0,0.0,ADBG,5m
2026-01-27 10:55:00-05:00,7.090000152587891,7.090000152587891,7.053599834442139,7.057600021362305,13930,0.0,0.0,0.0,ADBG,5m
2026-01-27 11:00:00-05:00,7.039999961853027,7.053599834442139,7.019999980926514,7.025000095367432,4118,0.0,0.0,0.0,ADBG,5m
2026-01-27 11:05:00-05:00,7.03000020980835,7.03000020980835,7.019999980926514,7.019999980926514,2449,0.0,0.0,0.0,ADBG,5m
2026-01-27 11:10:00-05:00,7.059999942779541,7.074999809265137,7.059999942779541,7.070000171661377,6513,0.0,0.0,0.0,ADBG,5m
2026-01-27 11:15:00-05:00,7.070000171661377,7.090000152587891,7.070000171661377,7.073999881744385,2531,0.0,0.0,0.0,ADBG,5m
2026-01-27 11:20:00-05:00,7.0980000495910645,7.10699987411499,7.07450008392334,7.079999923706055,5895,0.0,0.0,0.0,ADBG,5m
2026-01-27 11:25:00-05:00,7.090000152587891,7.119999885559082,7.090000152587891,7.113900184631348,9009,0.0,0.0,0.0,ADBG,5m
2026-01-27 11:30:00-05:00,7.102399826049805,7.119999885559082,7.099999904632568,7.099999904632568,1550,0.0,0.0,0.0,ADBG,5m
2026-01-27 11:35:00-05:00,7.114500045776367,7.114999771118164,7.114500045776367,7.114999771118164,711,0.0,0.0,0.0,ADBG,5m
2026-01-27 11:40:00-05:00,7.125,7.125,7.110000133514404,7.110000133514404,2689,0.0,0.0,0.0,ADBG,5m
2026-01-27 11:45:00-05:00,7.112599849700928,7.144999980926514,7.112599849700928,7.144999980926514,2248,0.0,0.0,0.0,ADBG,5m
2026-01-27 11:50:00-05:00,7.142499923706055,7.150000095367432,7.139999866485596,7.139999866485596,4278,0.0,0.0,0.0,ADBG,5m
2026-01-27 11:55:00-05:00,7.139999866485596,7.150000095367432,7.139999866485596,7.139999866485596,1659,0.0,0.0,0.0,ADBG,5m
2026-01-27 12:00:00-05:00,7.130000114440918,7.130000114440918,7.120699882507324,7.125,2166,0.0,0.0,0.0,ADBG,5m
2026-01-27 12:05:00-05:00,7.125,7.125,7.119999885559082,7.124499797821045,2439,0.0,0.0,0.0,ADBG,5m
2026-01-27 12:10:00-05:00,7.136300086975098,7.136300086975098,7.119999885559082,7.119999885559082,772,0.0,0.0,0.0,ADBG,5m
2026-01-27 12:15:00-05:00,7.110000133514404,7.114999771118164,7.105000019073486,7.114999771118164,6783,0.0,0.0,0.0,ADBG,5m
2026-01-27 12:20:00-05:00,7.119999885559082,7.119999885559082,7.110000133514404,7.110099792480469,663,0.0,0.0,0.0,ADBG,5m
2026-01-27 12:25:00-05:00,7.130000114440918,7.139999866485596,7.119999885559082,7.119999885559082,1074,0.0,0.0,0.0,ADBG,5m
2026-01-27 12:30:00-05:00,7.118599891662598,7.118599891662598,7.109099864959717,7.110000133514404,3954,0.0,0.0,0.0,ADBG,5m
2026-01-27 12:35:00-05:00,7.110000133514404,7.110000133514404,7.105000019073486,7.105000019073486,1018,0.0,0.0,0.0,ADBG,5m
2026-01-27 12:40:00-05:00,7.110000133514404,7.110000133514404,7.110000133514404,7.110000133514404,1792,0.0,0.0,0.0,ADBG,5m
2026-01-27 12:45:00-05:00,7.114999771118164,7.123700141906738,7.114999771118164,7.123700141906738,555,0.0,0.0,0.0,ADBG,5m
2026-01-27 12:50:00-05:00,7.139999866485596,7.139999866485596,7.139999866485596,7.139999866485596,614,0.0,0.0,0.0,ADBG,5m
2026-01-27 12:55:00-05:00,7.144999980926514,7.150000095367432,7.135000228881836,7.14739990234375,2122,0.0,0.0,0.0,ADBG,5m
2026-01-27 13:00:00-05:00,7.149700164794922,7.159999847412109,7.149700164794922,7.159999847412109,604,0.0,0.0,0.0,ADBG,5m
2026-01-27 13:05:00-05:00,7.170000076293945,7.179999828338623,7.170000076293945,7.174600124359131,2280,0.0,0.0,0.0,ADBG,5m
2026-01-27 13:10:00-05:00,7.170000076293945,7.179999828338623,7.170000076293945,7.179999828338623,500,0.0,0.0,0.0,ADBG,5m
2026-01-27 13:15:00-05:00,7.184999942779541,7.190000057220459,7.180099964141846,7.1875,3151,0.0,0.0,0.0,ADBG,5m
2026-01-27 13:20:00-05:00,7.179999828338623,7.179999828338623,7.179999828338623,7.179999828338623,734,0.0,0.0,0.0,ADBG,5m
2026-01-27 13:25:00-05:00,7.179999828338623,7.179999828338623,7.179999828338623,7.179999828338623,200,0.0,0.0,0.0,ADBG,5m
2026-01-27 13:30:00-05:00,7.184999942779541,7.184999942779541,7.184999942779541,7.184999942779541,239,0.0,0.0,0.0,ADBG,5m
2026-01-27 13:35:00-05:00,7.184999942779541,7.189700126647949,7.184999942779541,7.184999942779541,862,0.0,0.0,0.0,ADBG,5m
2026-01-27 13:40:00-05:00,7.190000057220459,7.190100193023682,7.190000057220459,7.190100193023682,684,0.0,0.0,0.0,ADBG,5m
2026-01-27 13:45:00-05:00,7.170000076293945,7.170000076293945,7.170000076293945,7.170000076293945,627,0.0,0.0,0.0,ADBG,5m
2026-01-27 13:50:00-05:00,7.179999828338623,7.179999828338623,7.179999828338623,7.179999828338623,778,0.0,0.0,0.0,ADBG,5m
2026-01-27 13:55:00-05:00,7.199999809265137,7.199999809265137,7.199999809265137,7.199999809265137,737,0.0,0.0,0.0,ADBG,5m
2026-01-27 14:00:00-05:00,7.190100193023682,7.190100193023682,7.190000057220459,7.190000057220459,327,0.0,0.0,0.0,ADBG,5m
2026-01-27 14:05:00-05:00,7.184999942779541,7.189300060272217,7.179999828338623,7.179999828338623,1351,0.0,0.0,0.0,ADBG,5m
2026-01-27 14:10:00-05:00,7.159999847412109,7.164999961853027,7.158999919891357,7.164999961853027,2477,0.0,0.0,0.0,ADBG,5m
2026-01-27 14:15:00-05:00,7.164599895477295,7.164599895477295,7.164599895477295,7.164599895477295,143,0.0,0.0,0.0,ADBG,5m
2026-01-27 14:20:00-05:00,7.167500019073486,7.167500019073486,7.164000034332275,7.164999961853027,2659,0.0,0.0,0.0,ADBG,5m
2026-01-27 14:25:00-05:00,7.164999961853027,7.189899921417236,7.164999961853027,7.189899921417236,12819,0.0,0.0,0.0,ADBG,5m
2026-01-27 14:30:00-05:00,7.199999809265137,7.210000038146973,7.190100193023682,7.190100193023682,2127,0.0,0.0,0.0,ADBG,5m
2026-01-27 14:35:00-05:00,7.198599815368652,7.199999809265137,7.184999942779541,7.190000057220459,3650,0.0,0.0,0.0,ADBG,5m
2026-01-27 14:40:00-05:00,7.170000076293945,7.1996002197265625,7.164999961853027,7.194200038909912,1557,0.0,0.0,0.0,ADBG,5m
2026-01-27 14:45:00-05:00,7.190000057220459,7.190000057220459,7.190000057220459,7.190000057220459,16,0.0,0.0,0.0,ADBG,5m
2026-01-27 14:50:00-05:00,7.20989990234375,7.20989990234375,7.20989990234375,7.20989990234375,706,0.0,0.0,0.0,ADBG,5m
2026-01-27 15:00:00-05:00,7.204999923706055,7.210000038146973,7.191400051116943,7.204599857330322,2560,0.0,0.0,0.0,ADBG,5m
2026-01-27 15:05:00-05:00,7.200099945068359,7.204999923706055,7.200099945068359,7.204999923706055,11349,0.0,0.0,0.0,ADBG,5m
2026-01-27 15:10:00-05:00,7.204999923706055,7.204999923706055,7.199999809265137,7.204999923706055,5571,0.0,0.0,0.0,ADBG,5m
2026-01-27 15:15:00-05:00,7.199999809265137,7.219699859619141,7.199999809265137,7.214000225067139,13198,0.0,0.0,0.0,ADBG,5m
2026-01-27 15:20:00-05:00,7.230000019073486,7.239999771118164,7.230000019073486,7.239999771118164,362,0.0,0.0,0.0,ADBG,5m
2026-01-27 15:25:00-05:00,7.230000019073486,7.230000019073486,7.230000019073486,7.230000019073486,335,0.0,0.0,0.0,ADBG,5m
2026-01-27 15:30:00-05:00,7.215000152587891,7.215000152587891,7.20989990234375,7.20989990234375,688,0.0,0.0,0.0,ADBG,5m
2026-01-27 15:35:00-05:00,7.202199935913086,7.202199935913086,7.202199935913086,7.202199935913086,2662,0.0,0.0,0.0,ADBG,5m
2026-01-27 15:40:00-05:00,7.210000038146973,7.210000038146973,7.210000038146973,7.210000038146973,623,0.0,0.0,0.0,ADBG,5m
2026-01-27 15:45:00-05:00,7.203700065612793,7.210000038146973,7.203700065612793,7.210000038146973,656,0.0,0.0,0.0,ADBG,5m
2026-01-27 15:50:00-05:00,7.199999809265137,7.230000019073486,7.199999809265137,7.230000019073486,1630,0.0,0.0,0.0,ADBG,5m
2026-01-27 15:55:00-05:00,7.230000019073486,7.25,7.230000019073486,7.239999771118164,7850,0.0,0.0,0.0,ADBG,5m
2026-01-28 09:30:00-05:00,7.329999923706055,7.400000095367432,7.320000171661377,7.394999980926514,71609,0.0,0.0,0.0,ADBG,5m
2026-01-28 09:35:00-05:00,7.396500110626221,7.409999847412109,7.320000171661377,7.320000171661377,8088,0.0,0.0,0.0,ADBG,5m
2026-01-28 09:40:00-05:00,7.320000171661377,7.339900016784668,7.300000190734863,7.335000038146973,4381,0.0,0.0,0.0,ADBG,5m
2026-01-28 09:45:00-05:00,7.349999904632568,7.390100002288818,7.349999904632568,7.390100002288818,33380,0.0,0.0,0.0,ADBG,5m
2026-01-28 09:50:00-05:00,7.400000095367432,7.451900005340576,7.395500183105469,7.451900005340576,3325,0.0,0.0,0.0,ADBG,5m
2026-01-28 09:55:00-05:00,7.438199996948242,7.510000228881836,7.438199996948242,7.505000114440918,3977,0.0,0.0,0.0,ADBG,5m
2026-01-28 10:00:00-05:00,7.513400077819824,7.513400077819824,7.480899810791016,7.489999771118164,6986,0.0,0.0,0.0,ADBG,5m
2026-01-28 10:05:00-05:00,7.5,7.539999961853027,7.5,7.53879976272583,5503,0.0,0.0,0.0,ADBG,5m
2026-01-28 10:10:00-05:00,7.539999961853027,7.539999961853027,7.500699996948242,7.500699996948242,2722,0.0,0.0,0.0,ADBG,5m
2026-01-28 10:15:00-05:00,7.46999979019165,7.479899883270264,7.464200019836426,7.479899883270264,4135,0.0,0.0,0.0,ADBG,5m
2026-01-28 10:20:00-05:00,7.5,7.510000228881836,7.5,7.502500057220459,3511,0.0,0.0,0.0,ADBG,5m
2026-01-28 10:25:00-05:00,7.500999927520752,7.53000020980835,7.500999927520752,7.53000020980835,5223,0.0,0.0,0.0,ADBG,5m
2026-01-28 10:30:00-05:00,7.539999961853027,7.539999961853027,7.539999961853027,7.539999961853027,0,0.0,0.0,0.0,ADBG,5m
2026-01-28 10:35:00-05:00,7.545000076293945,7.545000076293945,7.514999866485596,7.514999866485596,809,0.0,0.0,0.0,ADBG,5m
2026-01-28 10:40:00-05:00,7.5,7.509900093078613,7.496300220489502,7.5,13466,0.0,0.0,0.0,ADBG,5m
2026-01-28 10:45:00-05:00,7.46999979019165,7.46999979019165,7.460000038146973,7.460000038146973,3426,0.0,0.0,0.0,ADBG,5m
2026-01-28 10:50:00-05:00,7.445000171661377,7.445000171661377,7.400000095367432,7.400000095367432,9742,0.0,0.0,0.0,ADBG,5m
2026-01-28 10:55:00-05:00,7.409999847412109,7.409999847412109,7.385499954223633,7.385499954223633,8468,0.0,0.0,0.0,ADBG,5m
2026-01-28 11:00:00-05:00,7.380000114440918,7.389999866485596,7.380000114440918,7.389999866485596,0,0.0,0.0,0.0,ADBG,5m
2026-01-28 11:05:00-05:00,7.394999980926514,7.40500020980835,7.389999866485596,7.389999866485596,1090,0.0,0.0,0.0,ADBG,5m
2026-01-28 11:10:00-05:00,7.389999866485596,7.389999866485596,7.389999866485596,7.389999866485596,787,0.0,0.0,0.0,ADBG,5m
2026-01-28 11:25:00-05:00,7.361999988555908,7.361999988555908,7.361999988555908,7.361999988555908,724,0.0,0.0,0.0,ADBG,5m
2026-01-28 11:30:00-05:00,7.369999885559082,7.369999885559082,7.369999885559082,7.369999885559082,111,0.0,0.0,0.0,ADBG,5m
2026-01-28 11:35:00-05:00,7.366799831390381,7.369999885559082,7.356599807739258,7.367199897766113,1036,0.0,0.0,0.0,ADBG,5m
2026-01-28 11:40:00-05:00,7.369999885559082,7.369999885559082,7.369999885559082,7.369999885559082,312,0.0,0.0,0.0,ADBG,5m
2026-01-28 11:45:00-05:00,7.394999980926514,7.394999980926514,7.385000228881836,7.385000228881836,1929,0.0,0.0,0.0,ADBG,5m
2026-01-28 12:00:00-05:00,7.414999961853027,7.420000076293945,7.414999961853027,7.420000076293945,865,0.0,0.0,0.0,ADBG,5m
2026-01-28 12:05:00-05:00,7.409999847412109,7.409999847412109,7.394999980926514,7.394999980926514,583,0.0,0.0,0.0,ADBG,5m
2026-01-28 12:10:00-05:00,7.369999885559082,7.380000114440918,7.369999885559082,7.380000114440918,3235,0.0,0.0,0.0,ADBG,5m
2026-01-28 12:15:00-05:00,7.360000133514404,7.360000133514404,7.355000019073486,7.355000019073486,1170,0.0,0.0,0.0,ADBG,5m
2026-01-28 12:25:00-05:00,7.360000133514404,7.368000030517578,7.355000019073486,7.355000019073486,416,0.0,0.0,0.0,ADBG,5m
2026-01-28 12:30:00-05:00,7.349999904632568,7.349999904632568,7.349999904632568,7.349999904632568,548,0.0,0.0,0.0,ADBG,5m
2026-01-28 12:35:00-05:00,7.349999904632568,7.349999904632568,7.340000152587891,7.349400043487549,3136,0.0,0.0,0.0,ADBG,5m
2026-01-28 12:40:00-05:00,7.3480000495910645,7.355000019073486,7.3480000495910645,7.349999904632568,1759,0.0,0.0,0.0,ADBG,5m
2026-01-28 12:45:00-05:00,7.355000019073486,7.360000133514404,7.355000019073486,7.360000133514404,1032,0.0,0.0,0.0,ADBG,5m
2026-01-28 12:55:00-05:00,7.360000133514404,7.360000133514404,7.355000019073486,7.355000019073486,622,0.0,0.0,0.0,ADBG,5m
2026-01-28 13:00:00-05:00,7.320000171661377,7.320000171661377,7.309999942779541,7.320000171661377,550,0.0,0.0,0.0,ADBG,5m
2026-01-28 13:05:00-05:00,7.31220006942749,7.315000057220459,7.309999942779541,7.309999942779541,5587,0.0,0.0,0.0,ADBG,5m
2026-01-28 13:10:00-05:00,7.315000057220459,7.320000171661377,7.315000057220459,7.320000171661377,1250,0.0,0.0,0.0,ADBG,5m
2026-01-28 13:15:00-05:00,7.340000152587891,7.347499847412109,7.340000152587891,7.340000152587891,1536,0.0,0.0,0.0,ADBG,5m
2026-01-28 13:20:00-05:00,7.329999923706055,7.335000038146973,7.320000171661377,7.335000038146973,1669,0.0,0.0,0.0,ADBG,5m
2026-01-28 13:25:00-05:00,7.330100059509277,7.335000038146973,7.330100059509277,7.335000038146973,1063,0.0,0.0,0.0,ADBG,5m
2026-01-28 13:30:00-05:00,7.329999923706055,7.329999923706055,7.329999923706055,7.329999923706055,464,0.0,0.0,0.0,ADBG,5m
2026-01-28 13:45:00-05:00,7.320000171661377,7.320000171661377,7.320000171661377,7.320000171661377,1152,0.0,0.0,0.0,ADBG,5m
2026-01-28 13:50:00-05:00,7.320000171661377,7.325500011444092,7.320000171661377,7.320000171661377,848,0.0,0.0,0.0,ADBG,5m
2026-01-28 13:55:00-05:00,7.335000038146973,7.340000152587891,7.329999923706055,7.340000152587891,4005,0.0,0.0,0.0,ADBG,5m
2026-01-28 14:00:00-05:00,7.320099830627441,7.329999923706055,7.320000171661377,7.320000171661377,4578,0.0,0.0,0.0,ADBG,5m
2026-01-28 14:05:00-05:00,7.349999904632568,7.360000133514404,7.349999904632568,7.360000133514404,811,0.0,0.0,0.0,ADBG,5m
2026-01-28 14:10:00-05:00,7.34499979019165,7.34499979019165,7.340000152587891,7.340000152587891,703,0.0,0.0,0.0,ADBG,5m
2026-01-28 14:15:00-05:00,7.329999923706055,7.34499979019165,7.329999923706055,7.34499979019165,1134,0.0,0.0,0.0,ADBG,5m
2026-01-28 14:20:00-05:00,7.340000152587891,7.349999904632568,7.324999809265137,7.324999809265137,267252,0.0,0.0,0.0,ADBG,5m
2026-01-28 14:25:00-05:00,7.315000057220459,7.315000057220459,7.300000190734863,7.300000190734863,0,0.0,0.0,0.0,ADBG,5m
2026-01-28 14:30:00-05:00,7.264999866485596,7.380000114440918,7.264999866485596,7.340000152587891,2094,0.0,0.0,0.0,ADBG,5m
2026-01-28 14:35:00-05:00,7.340000152587891,7.340000152587891,7.340000152587891,7.340000152587891,400,0.0,0.0,0.0,ADBG,5m
2026-01-28 14:40:00-05:00,7.320000171661377,7.324999809265137,7.320000171661377,7.324999809265137,411,0.0,0.0,0.0,ADBG,5m
2026-01-28 14:45:00-05:00,7.360000133514404,7.360000133514404,7.349999904632568,7.349999904632568,284861,0.0,0.0,0.0,ADBG,5m
2026-01-28 14:50:00-05:00,7.340000152587891,7.340000152587891,7.329999923706055,7.340000152587891,0,0.0,0.0,0.0,ADBG,5m
2026-01-28 14:55:00-05:00,7.337800025939941,7.337800025939941,7.322299957275391,7.322299957275391,890,0.0,0.0,0.0,ADBG,5m
2026-01-28 15:00:00-05:00,7.329999923706055,7.340000152587891,7.329999923706055,7.340000152587891,726,0.0,0.0,0.0,ADBG,5m
2026-01-28 15:05:00-05:00,7.320000171661377,7.329999923706055,7.309999942779541,7.329999923706055,1653,0.0,0.0,0.0,ADBG,5m
2026-01-28 15:10:00-05:00,7.340000152587891,7.349999904632568,7.340000152587891,7.349400043487549,2438,0.0,0.0,0.0,ADBG,5m
2026-01-28 15:15:00-05:00,7.340000152587891,7.340000152587891,7.340000152587891,7.340000152587891,0,0.0,0.0,0.0,ADBG,5m
2026-01-28 15:20:00-05:00,7.342400074005127,7.342400074005127,7.324999809265137,7.324999809265137,813,0.0,0.0,0.0,ADBG,5m
2026-01-28 15:25:00-05:00,7.324999809265137,7.324999809265137,7.320000171661377,7.320000171661377,2032,0.0,0.0,0.0,ADBG,5m
2026-01-28 15:30:00-05:00,7.309999942779541,7.309999942779541,7.309999942779541,7.309999942779541,0,0.0,0.0,0.0,ADBG,5m
2026-01-28 15:35:00-05:00,7.309999942779541,7.309999942779541,7.309999942779541,7.309999942779541,1295,0.0,0.0,0.0,ADBG,5m
2026-01-28 15:40:00-05:00,7.295000076293945,7.295000076293945,7.281400203704834,7.295000076293945,955,0.0,0.0,0.0,ADBG,5m
2026-01-28 15:45:00-05:00,7.289999961853027,7.320000171661377,7.289999961853027,7.289999961853027,4508,0.0,0.0,0.0,ADBG,5m
2026-01-28 15:50:00-05:00,7.284999847412109,7.289999961853027,7.28000020980835,7.289999961853027,2865,0.0,0.0,0.0,ADBG,5m
2026-01-28 15:55:00-05:00,7.320000171661377,7.351600170135498,7.320000171661377,7.34499979019165,15872,0.0,0.0,0.0,ADBG,5m
2026-01-29 09:30:00-05:00,6.860400199890137,7.039999961853027,6.84499979019165,7.0,79406,0.0,0.0,0.0,ADBG,5m
2026-01-29 09:35:00-05:00,6.980000019073486,6.999300003051758,6.889999866485596,6.889999866485596,129495,0.0,0.0,0.0,ADBG,5m
2026-01-29 09:40:00-05:00,6.889999866485596,6.907199859619141,6.675000190734863,6.679999828338623,0,0.0,0.0,0.0,ADBG,5m
2026-01-29 09:45:00-05:00,6.670000076293945,6.719900131225586,6.619999885559082,6.690000057220459,20739,0.0,0.0,0.0,ADBG,5m
2026-01-29 09:50:00-05:00,6.670000076293945,6.75,6.670000076293945,6.75,23820,0.0,0.0,0.0,ADBG,5m
2026-01-29 09:55:00-05:00,6.75,6.75,6.690000057220459,6.699999809265137,191153,0.0,0.0,0.0,ADBG,5m
2026-01-29 10:00:00-05:00,6.699999809265137,6.710000038146973,6.650000095367432,6.650000095367432,0,0.0,0.0,0.0,ADBG,5m
2026-01-29 10:05:00-05:00,6.659999847412109,6.690000057220459,6.659999847412109,6.683599948883057,9294,0.0,0.0,0.0,ADBG,5m
2026-01-29 10:10:00-05:00,6.670000076293945,6.699999809265137,6.664999961853027,6.679999828338623,6293,0.0,0.0,0.0,ADBG,5m
2026-01-29 10:15:00-05:00,6.69980001449585,6.69980001449585,6.639999866485596,6.659999847412109,19715,0.0,0.0,0.0,ADBG,5m
2026-01-29 10:20:00-05:00,6.650000095367432,6.679999828338623,6.639999866485596,6.650000095367432,6985,0.0,0.0,0.0,ADBG,5m
2026-01-29 10:25:00-05:00,6.651100158691406,6.689899921417236,6.650000095367432,6.679999828338623,5070,0.0,0.0,0.0,ADBG,5m
2026-01-29 10:30:00-05:00,6.670000076293945,6.690000057220459,6.65500020980835,6.679999828338623,8753,0.0,0.0,0.0,ADBG,5m
2026-01-29 10:35:00-05:00,6.715000152587891,6.728000164031982,6.699999809265137,6.728000164031982,8359,0.0,0.0,0.0,ADBG,5m
2026-01-29 10:40:00-05:00,6.724999904632568,6.739999771118164,6.720600128173828,6.739999771118164,14747,0.0,0.0,0.0,ADBG,5m
2026-01-29 10:45:00-05:00,6.75,6.751800060272217,6.710000038146973,6.75,4523,0.0,0.0,0.0,ADBG,5m
2026-01-29 10:50:00-05:00,6.75,6.789999961853027,6.739999771118164,6.789999961853027,9483,0.0,0.0,0.0,ADBG,5m
2026-01-29 10:55:00-05:00,6.789899826049805,6.789999961853027,6.739999771118164,6.75,7818,0.0,0.0,0.0,ADBG,5m
2026-01-29 11:00:00-05:00,6.739999771118164,6.769599914550781,6.730000019073486,6.766600131988525,5250,0.0,0.0,0.0,ADBG,5m
2026-01-29 11:05:00-05:00,6.75,6.76800012588501,6.746300220489502,6.76800012588501,1607,0.0,0.0,0.0,ADBG,5m
2026-01-29 11:10:00-05:00,6.739999771118164,6.78000020980835,6.739999771118164,6.769000053405762,2688,0.0,0.0,0.0,ADBG,5m
2026-01-29 11:15:00-05:00,6.769999980926514,6.78000020980835,6.760000228881836,6.78000020980835,2766,0.0,0.0,0.0,ADBG,5m
2026-01-29 11:20:00-05:00,6.784999847412109,6.789999961853027,6.770100116729736,6.78000020980835,5811,0.0,0.0,0.0,ADBG,5m
2026-01-29 11:25:00-05:00,6.775000095367432,6.775000095367432,6.739999771118164,6.739999771118164,1698,0.0,0.0,0.0,ADBG,5m
2026-01-29 11:30:00-05:00,6.739999771118164,6.739999771118164,6.690000057220459,6.699999809265137,3933,0.0,0.0,0.0,ADBG,5m
2026-01-29 11:35:00-05:00,6.699999809265137,6.707499980926514,6.695000171661377,6.707499980926514,4837,0.0,0.0,0.0,ADBG,5m
2026-01-29 11:40:00-05:00,6.715000152587891,6.750199794769287,6.715000152587891,6.75,6932,0.0,0.0,0.0,ADBG,5m
2026-01-29 11:45:00-05:00,6.740699768066406,6.75,6.71999979019165,6.730000019073486,6991,0.0,0.0,0.0,ADBG,5m
2026-01-29 11:50:00-05:00,6.730000019073486,6.764999866485596,6.730000019073486,6.764999866485596,8980,0.0,0.0,0.0,ADBG,5m
2026-01-29 11:55:00-05:00,6.775000095367432,6.789899826049805,6.764999866485596,6.789899826049805,16432,0.0,0.0,0.0,ADBG,5m
2026-01-29 12:00:00-05:00,6.78000020980835,6.789999961853027,6.75,6.75,5306,0.0,0.0,0.0,ADBG,5m
2026-01-29 12:05:00-05:00,6.760000228881836,6.795000076293945,6.760000228881836,6.795000076293945,2250,0.0,0.0,0.0,ADBG,5m
2026-01-29 12:10:00-05:00,6.789700031280518,6.815499782562256,6.775000095367432,6.815499782562256,3120,0.0,0.0,0.0,ADBG,5m
2026-01-29 12:15:00-05:00,6.820199966430664,6.835000038146973,6.815000057220459,6.835000038146973,3066,0.0,0.0,0.0,ADBG,5m
2026-01-29 12:20:00-05:00,6.840000152587891,6.90500020980835,6.81689977645874,6.90500020980835,20287,0.0,0.0,0.0,ADBG,5m
2026-01-29 12:25:00-05:00,6.909999847412109,6.909999847412109,6.900000095367432,6.900000095367432,2241,0.0,0.0,0.0,ADBG,5m
2026-01-29 12:30:00-05:00,6.903600215911865,6.903600215911865,6.880000114440918,6.880000114440918,4002,0.0,0.0,0.0,ADBG,5m
2026-01-29 12:35:00-05:00,6.875,6.880000114440918,6.860000133514404,6.860000133514404,1964,0.0,0.0,0.0,ADBG,5m
2026-01-29 12:40:00-05:00,6.849999904632568,6.849999904632568,6.843500137329102,6.849299907684326,6876,0.0,0.0,0.0,ADBG,5m
2026-01-29 12:45:00-05:00,6.809999942779541,6.809999942779541,6.789999961853027,6.789999961853027,4023,0.0,0.0,0.0,ADBG,5m
2026-01-29 12:50:00-05:00,6.789999961853027,6.800000190734863,6.78000020980835,6.78000020980835,6421,0.0,0.0,0.0,ADBG,5m
2026-01-29 12:55:00-05:00,6.78000020980835,6.78000020980835,6.739999771118164,6.746300220489502,5945,0.0,0.0,0.0,ADBG,5m
2026-01-29 13:00:00-05:00,6.75,6.75,6.739999771118164,6.75,1954,0.0,0.0,0.0,ADBG,5m
2026-01-29 13:05:00-05:00,6.78000020980835,6.805799961090088,6.76669979095459,6.76669979095459,47021,0.0,0.0,0.0,ADBG,5m
2026-01-29 13:10:00-05:00,6.775000095367432,6.789999961853027,6.770100116729736,6.78000020980835,1558,0.0,0.0,0.0,ADBG,5m
2026-01-29 13:15:00-05:00,6.78000020980835,6.803199768066406,6.78000020980835,6.800000190734863,2204,0.0,0.0,0.0,ADBG,5m
2026-01-29 13:20:00-05:00,6.795000076293945,6.820000171661377,6.795000076293945,6.820000171661377,293,0.0,0.0,0.0,ADBG,5m
2026-01-29 13:25:00-05:00,6.809999942779541,6.814000129699707,6.809999942779541,6.811399936676025,5469,0.0,0.0,0.0,ADBG,5m
2026-01-29 13:30:00-05:00,6.8130998611450195,6.820000171661377,6.801499843597412,6.820000171661377,3009,0.0,0.0,0.0,ADBG,5m
2026-01-29 13:35:00-05:00,6.860000133514404,6.860000133514404,6.849999904632568,6.849999904632568,715,0.0,0.0,0.0,ADBG,5m
2026-01-29 13:40:00-05:00,6.869999885559082,6.869999885559082,6.860000133514404,6.861000061035156,2937,0.0,0.0,0.0,ADBG,5m
2026-01-29 13:45:00-05:00,6.855000019073486,6.855000019073486,6.835000038146973,6.849999904632568,2934,0.0,0.0,0.0,ADBG,5m
2026-01-29 13:50:00-05:00,6.860000133514404,6.860000133514404,6.849999904632568,6.849999904632568,566,0.0,0.0,0.0,ADBG,5m
2026-01-29 13:55:00-05:00,6.849999904632568,6.864999771118164,6.849999904632568,6.85099983215332,5156,0.0,0.0,0.0,ADBG,5m
2026-01-29 14:00:00-05:00,6.839900016784668,6.839900016784668,6.829999923706055,6.829999923706055,467,0.0,0.0,0.0,ADBG,5m
2026-01-29 14:05:00-05:00,6.860000133514404,6.880000114440918,6.860000133514404,6.875,4303,0.0,0.0,0.0,ADBG,5m
2026-01-29 14:10:00-05:00,6.875,6.889999866485596,6.875,6.880000114440918,2761,0.0,0.0,0.0,ADBG,5m
2026-01-29 14:15:00-05:00,6.869999885559082,6.869999885559082,6.849999904632568,6.855000019073486,2066,0.0,0.0,0.0,ADBG,5m
2026-01-29 14:20:00-05:00,6.840000152587891,6.855000019073486,6.840000152587891,6.855000019073486,488703,0.0,0.0,0.0,ADBG,5m
2026-01-29 14:25:00-05:00,6.857500076293945,6.869999885559082,6.857500076293945,6.868199825286865,0,0.0,0.0,0.0,ADBG,5m
2026-01-29 14:30:00-05:00,6.880000114440918,6.880000114440918,6.849899768829346,6.860000133514404,18289,0.0,0.0,0.0,ADBG,5m
2026-01-29 14:35:00-05:00,6.875,6.889999866485596,6.875,6.880000114440918,1841,0.0,0.0,0.0,ADBG,5m
2026-01-29 14:40:00-05:00,6.899899959564209,6.907599925994873,6.894999980926514,6.894999980926514,1063,0.0,0.0,0.0,ADBG,5m
2026-01-29 14:45:00-05:00,6.900000095367432,6.909999847412109,6.869999885559082,6.880000114440918,6044,0.0,0.0,0.0,ADBG,5m
2026-01-29 14:50:00-05:00,6.900000095367432,6.900000095367432,6.880000114440918,6.885000228881836,4154,0.0,0.0,0.0,ADBG,5m
2026-01-29 14:55:00-05:00,6.900000095367432,6.9197998046875,6.894999980926514,6.900000095367432,2681,0.0,0.0,0.0,ADBG,5m
2026-01-29 15:00:00-05:00,6.889999866485596,6.909999847412109,6.889999866485596,6.900000095367432,514493,0.0,0.0,0.0,ADBG,5m
2026-01-29 15:05:00-05:00,6.900000095367432,6.909999847412109,6.889999866485596,6.900000095367432,0,0.0,0.0,0.0,ADBG,5m
2026-01-29 15:10:00-05:00,6.909999847412109,6.920000076293945,6.909999847412109,6.920000076293945,7786,0.0,0.0,0.0,ADBG,5m
2026-01-29 15:15:00-05:00,6.909999847412109,6.909999847412109,6.894999980926514,6.894999980926514,1180,0.0,0.0,0.0,ADBG,5m
2026-01-29 15:20:00-05:00,6.894999980926514,6.900000095367432,6.889999866485596,6.889999866485596,530017,0.0,0.0,0.0,ADBG,5m
2026-01-29 15:25:00-05:00,6.900000095367432,6.900000095367432,6.885000228881836,6.885000228881836,0,0.0,0.0,0.0,ADBG,5m
2026-01-29 15:30:00-05:00,6.875,6.875,6.869999885559082,6.87060022354126,3044,0.0,0.0,0.0,ADBG,5m
2026-01-29 15:35:00-05:00,6.873300075531006,6.908999919891357,6.873300075531006,6.908999919891357,1852,0.0,0.0,0.0,ADBG,5m
2026-01-29 15:40:00-05:00,6.90500020980835,6.90500020980835,6.889999866485596,6.889999866485596,2264,0.0,0.0,0.0,ADBG,5m
2026-01-29 15:45:00-05:00,6.889999866485596,6.90500020980835,6.889999866485596,6.902900218963623,4182,0.0,0.0,0.0,ADBG,5m
2026-01-29 15:50:00-05:00,6.900000095367432,6.939000129699707,6.900000095367432,6.925000190734863,11834,0.0,0.0,0.0,ADBG,5m
2026-01-29 15:55:00-05:00,6.940000057220459,6.954999923706055,6.940000057220459,6.949999809265137,2950,0.0,0.0,0.0,ADBG,5m
2026-01-30 09:30:00-05:00,6.940000057220459,7.05709981918335,6.900000095367432,7.019999980926514,33095,0.0,0.0,0.0,ADBG,5m
2026-01-30 09:35:00-05:00,6.990300178527832,7.03000020980835,6.960000038146973,7.010000228881836,7762,0.0,0.0,0.0,ADBG,5m
2026-01-30 09:40:00-05:00,6.989999771118164,6.989999771118164,6.960000038146973,6.960000038146973,1505,0.0,0.0,0.0,ADBG,5m
2026-01-30 09:45:00-05:00,6.949999809265137,7.0,6.944900035858154,7.0,500,0.0,0.0,0.0,ADBG,5m
2026-01-30 09:50:00-05:00,7.0,7.03000020980835,7.0,7.011499881744385,2065,0.0,0.0,0.0,ADBG,5m
2026-01-30 09:55:00-05:00,7.045000076293945,7.059999942779541,7.019999980926514,7.039999961853027,3797,0.0,0.0,0.0,ADBG,5m
2026-01-30 10:00:00-05:00,7.034999847412109,7.085000038146973,7.034999847412109,7.056399822235107,5011,0.0,0.0,0.0,ADBG,5m
2026-01-30 10:05:00-05:00,7.070000171661377,7.099999904632568,7.070000171661377,7.079999923706055,7028,0.0,0.0,0.0,ADBG,5m
2026-01-30 10:10:00-05:00,7.070000171661377,7.110000133514404,7.065000057220459,7.110000133514404,1869,0.0,0.0,0.0,ADBG,5m
2026-01-30 10:15:00-05:00,7.119999885559082,7.119999885559082,7.090000152587891,7.109499931335449,1813,0.0,0.0,0.0,ADBG,5m
2026-01-30 10:20:00-05:00,7.091000080108643,7.103499889373779,7.090099811553955,7.099999904632568,1816,0.0,0.0,0.0,ADBG,5m
2026-01-30 10:25:00-05:00,7.090000152587891,7.090000152587891,7.059999942779541,7.070000171661377,11694,0.0,0.0,0.0,ADBG,5m
2026-01-30 10:30:00-05:00,7.056000232696533,7.059999942779541,7.056000232696533,7.059999942779541,2849,0.0,0.0,0.0,ADBG,5m
2026-02-02 13:50:00-05:00,7.005000114440918,7.005000114440918,7.005000114440918,7.005000114440918,118489,0.0,0.0,0.0,ADBG,5m
2026-02-02 14:05:00-05:00,6.985499858856201,6.989999771118164,6.985499858856201,6.989999771118164,1480,0.0,0.0,0.0,ADBG,5m
2026-02-02 14:10:00-05:00,7.0,7.0,7.0,7.0,3259,0.0,0.0,0.0,ADBG,5m
2026-02-02 14:20:00-05:00,7.0,7.0,7.0,7.0,104,0.0,0.0,0.0,ADBG,5m
2026-02-02 14:25:00-05:00,7.0,7.0,6.96999979019165,6.96999979019165,8945,0.0,0.0,0.0,ADBG,5m
2026-02-02 14:30:00-05:00,6.974999904632568,6.974999904632568,6.960000038146973,6.96999979019165,10007,0.0,0.0,0.0,ADBG,5m
2026-02-02 14:35:00-05:00,6.974999904632568,6.980000019073486,6.965000152587891,6.965000152587891,669,0.0,0.0,0.0,ADBG,5m
2026-02-02 14:40:00-05:00,6.96999979019165,6.96999979019165,6.960999965667725,6.960999965667725,6980,0.0,0.0,0.0,ADBG,5m
2026-02-02 14:45:00-05:00,6.969699859619141,6.969699859619141,6.961999893188477,6.966400146484375,5715,0.0,0.0,0.0,ADBG,5m
2026-02-02 14:50:00-05:00,6.965000152587891,6.96999979019165,6.961400032043457,6.96999979019165,203040,0.0,0.0,0.0,ADBG,5m
2026-02-02 14:55:00-05:00,6.972499847412109,7.019999980926514,6.949999809265137,6.949999809265137,0,0.0,0.0,0.0,ADBG,5m
2026-02-02 15:00:00-05:00,6.945000171661377,6.96999979019165,6.914999961853027,6.965000152587891,9660,0.0,0.0,0.0,ADBG,5m
2026-02-02 15:05:00-05:00,6.96999979019165,6.980000019073486,6.96999979019165,6.980000019073486,4020,0.0,0.0,0.0,ADBG,5m
2026-02-02 15:10:00-05:00,6.96999979019165,6.96999979019165,6.949999809265137,6.949999809265137,212804,0.0,0.0,0.0,ADBG,5m
2026-02-02 15:15:00-05:00,6.949999809265137,6.974999904632568,6.949999809265137,6.974999904632568,0,0.0,0.0,0.0,ADBG,5m
2026-02-02 15:20:00-05:00,6.974999904632568,6.989999771118164,6.974999904632568,6.982399940490723,1152,0.0,0.0,0.0,ADBG,5m
2026-02-02 15:30:00-05:00,6.985000133514404,6.989999771118164,6.980000019073486,6.985000133514404,2481,0.0,0.0,0.0,ADBG,5m
2026-02-02 15:35:00-05:00,6.985000133514404,6.985000133514404,6.985000133514404,6.985000133514404,300,0.0,0.0,0.0,ADBG,5m
2026-02-02 15:40:00-05:00,6.980000019073486,6.989999771118164,6.974999904632568,6.985000133514404,2977,0.0,0.0,0.0,ADBG,5m
2026-02-02 15:45:00-05:00,6.989999771118164,6.994999885559082,6.989999771118164,6.989999771118164,659,0.0,0.0,0.0,ADBG,5m
2026-02-02 15:50:00-05:00,6.985000133514404,6.989999771118164,6.985000133514404,6.989999771118164,1418,0.0,0.0,0.0,ADBG,5m
2026-02-02 15:55:00-05:00,7.019999980926514,7.03000020980835,7.005000114440918,7.019999980926514,6140,0.0,0.0,0.0,ADBG,5m
2026-02-03 09:30:00-05:00,6.53000020980835,6.550000190734863,6.300099849700928,6.480000019073486,108435,0.0,0.0,0.0,ADBG,5m
2026-02-03 09:35:00-05:00,6.480000019073486,6.579999923706055,6.480000019073486,6.519999980926514,35019,0.0,0.0,0.0,ADBG,5m
2026-02-03 09:40:00-05:00,6.519999980926514,6.539999961853027,6.46999979019165,6.539999961853027,18315,0.0,0.0,0.0,ADBG,5m
2026-02-03 09:45:00-05:00,6.550000190734863,6.570000171661377,6.494999885559082,6.504000186920166,14082,0.0,0.0,0.0,ADBG,5m
2026-02-03 09:50:00-05:00,6.509900093078613,6.509900093078613,6.409999847412109,6.420000076293945,38503,0.0,0.0,0.0,ADBG,5m
2026-02-03 09:55:00-05:00,6.389999866485596,6.445000171661377,6.38040018081665,6.400000095367432,20907,0.0,0.0,0.0,ADBG,5m
2026-02-03 10:00:00-05:00,6.394999980926514,6.438000202178955,6.389999866485596,6.414999961853027,11479,0.0,0.0,0.0,ADBG,5m
2026-02-03 10:05:00-05:00,6.420000076293945,6.420000076293945,6.349999904632568,6.351399898529053,16888,0.0,0.0,0.0,ADBG,5m
2026-02-03 10:10:00-05:00,6.350100040435791,6.35699987411499,6.320000171661377,6.329999923706055,21054,0.0,0.0,0.0,ADBG,5m
2026-02-03 10:15:00-05:00,6.349999904632568,6.349999904632568,6.315499782562256,6.3454999923706055,21811,0.0,0.0,0.0,ADBG,5m
2026-02-03 10:20:00-05:00,6.349999904632568,6.357600212097168,6.28000020980835,6.28000020980835,12533,0.0,0.0,0.0,ADBG,5m
2026-02-03 10:25:00-05:00,6.289700031280518,6.305099964141846,6.28000020980835,6.28000020980835,60210,0.0,0.0,0.0,ADBG,5m
2026-02-03 10:30:00-05:00,6.275000095367432,6.28000020980835,6.21999979019165,6.21999979019165,35741,0.0,0.0,0.0,ADBG,5m
2026-02-03 10:35:00-05:00,6.215000152587891,6.223299980163574,6.189000129699707,6.190000057220459,12244,0.0,0.0,0.0,ADBG,5m
2026-02-03 10:40:00-05:00,6.199999809265137,6.21999979019165,6.199999809265137,6.210000038146973,9810,0.0,0.0,0.0,ADBG,5m
2026-02-03 10:45:00-05:00,6.210000038146973,6.269999980926514,6.204999923706055,6.269899845123291,14044,0.0,0.0,0.0,ADBG,5m
2026-02-03 10:50:00-05:00,6.269999980926514,6.269999980926514,6.21999979019165,6.239999771118164,33044,0.0,0.0,0.0,ADBG,5m
2026-02-03 10:55:00-05:00,6.255000114440918,6.257400035858154,6.21999979019165,6.21999979019165,14398,0.0,0.0,0.0,ADBG,5m
2026-02-03 11:00:00-05:00,6.21999979019165,6.230000019073486,6.199999809265137,6.20989990234375,11801,0.0,0.0,0.0,ADBG,5m
2026-02-03 11:05:00-05:00,6.199999809265137,6.199999809265137,6.179999828338623,6.199699878692627,7995,0.0,0.0,0.0,ADBG,5m
2026-02-03 11:10:00-05:00,6.191400051116943,6.210000038146973,6.170000076293945,6.190000057220459,19883,0.0,0.0,0.0,ADBG,5m
2026-02-03 11:15:00-05:00,6.190000057220459,6.210000038146973,6.179999828338623,6.184999942779541,11888,0.0,0.0,0.0,ADBG,5m
2026-02-03 11:20:00-05:00,6.195000171661377,6.21999979019165,6.178199768066406,6.178199768066406,7515,0.0,0.0,0.0,ADBG,5m
2026-02-03 11:25:00-05:00,6.179800033569336,6.195000171661377,6.168099880218506,6.168099880218506,3239,0.0,0.0,0.0,ADBG,5m
2026-02-03 11:30:00-05:00,6.169400215148926,6.169400215148926,6.130000114440918,6.130000114440918,5988,0.0,0.0,0.0,ADBG,5m
2026-02-03 11:35:00-05:00,6.139999866485596,6.139999866485596,6.114999771118164,6.119999885559082,6602,0.0,0.0,0.0,ADBG,5m
2026-02-03 11:40:00-05:00,6.119999885559082,6.119999885559082,6.079999923706055,6.080599784851074,5731,0.0,0.0,0.0,ADBG,5m
2026-02-03 11:45:00-05:00,6.090000152587891,6.110000133514404,6.070099830627441,6.100100040435791,5482,0.0,0.0,0.0,ADBG,5m
2026-02-03 11:50:00-05:00,6.085000038146973,6.099999904632568,6.074999809265137,6.099999904632568,7873,0.0,0.0,0.0,ADBG,5m
2026-02-03 11:55:00-05:00,6.100100040435791,6.105000019073486,6.090000152587891,6.090000152587891,11139,0.0,0.0,0.0,ADBG,5m
2026-02-03 12:00:00-05:00,6.086999893188477,6.099999904632568,6.070000171661377,6.099299907684326,8906,0.0,0.0,0.0,ADBG,5m
2026-02-03 12:05:00-05:00,6.098499774932861,6.098499774932861,6.079999923706055,6.085000038146973,3280,0.0,0.0,0.0,ADBG,5m
2026-02-03 12:10:00-05:00,6.0833001136779785,6.085000038146973,6.050000190734863,6.074999809265137,12318,0.0,0.0,0.0,ADBG,5m
2026-02-03 12:15:00-05:00,6.077000141143799,6.077000141143799,6.054500102996826,6.056700229644775,4865,0.0,0.0,0.0,ADBG,5m
2026-02-03 12:20:00-05:00,6.050000190734863,6.061299800872803,6.045000076293945,6.059000015258789,15741,0.0,0.0,0.0,ADBG,5m
2026-02-03 12:25:00-05:00,6.059999942779541,6.059999942779541,6.03000020980835,6.03000020980835,5178,0.0,0.0,0.0,ADBG,5m
2026-02-03 12:30:00-05:00,6.025000095367432,6.050000190734863,6.014999866485596,6.014999866485596,9581,0.0,0.0,0.0,ADBG,5m
2026-02-03 12:35:00-05:00,6.019800186157227,6.019800186157227,6.005000114440918,6.010000228881836,5088,0.0,0.0,0.0,ADBG,5m
2026-02-03 12:40:00-05:00,6.014999866485596,6.03000020980835,6.014999866485596,6.029399871826172,7981,0.0,0.0,0.0,ADBG,5m
2026-02-03 12:45:00-05:00,6.034999847412109,6.059999942779541,6.034999847412109,6.059999942779541,488509,0.0,0.0,0.0,ADBG,5m
2026-02-03 12:50:00-05:00,6.070000171661377,6.079999923706055,6.070000171661377,6.079999923706055,0,0.0,0.0,0.0,ADBG,5m
2026-02-03 12:55:00-05:00,6.079999923706055,6.079999923706055,6.070000171661377,6.070000171661377,5308,0.0,0.0,0.0,ADBG,5m
2026-02-03 13:00:00-05:00,6.087299823760986,6.09499979019165,6.059999942779541,6.059999942779541,2239,0.0,0.0,0.0,ADBG,5m
2026-02-03 13:05:00-05:00,6.065000057220459,6.070000171661377,6.065000057220459,6.070000171661377,2454,0.0,0.0,0.0,ADBG,5m
2026-02-03 13:10:00-05:00,6.039999961853027,6.049900054931641,6.010000228881836,6.010000228881836,5306,0.0,0.0,0.0,ADBG,5m
2026-02-03 13:15:00-05:00,6.014999866485596,6.014999866485596,6.0,6.010000228881836,12387,0.0,0.0,0.0,ADBG,5m
2026-02-03 13:20:00-05:00,6.005000114440918,6.005000114440918,5.9842000007629395,5.991300106048584,9919,0.0,0.0,0.0,ADBG,5m
2026-02-03 13:25:00-05:00,5.989999771118164,5.9984002113342285,5.973499774932861,5.980000019073486,514763,0.0,0.0,0.0,ADBG,5m
2026-02-03 13:30:00-05:00,5.999800205230713,5.999800205230713,5.974999904632568,5.989999771118164,0,0.0,0.0,0.0,ADBG,5m
2026-02-03 13:35:00-05:00,5.96999979019165,5.980000019073486,5.962299823760986,5.980000019073486,4363,0.0,0.0,0.0,ADBG,5m
2026-02-03 13:40:00-05:00,5.975100040435791,6.014999866485596,5.971499919891357,6.014999866485596,4155,0.0,0.0,0.0,ADBG,5m
2026-02-03 13:45:00-05:00,6.0100998878479,6.039999961853027,6.0100998878479,6.03000020980835,2022,0.0,0.0,0.0,ADBG,5m
2026-02-03 13:50:00-05:00,6.037300109863281,6.039899826049805,6.027400016784668,6.027400016784668,3475,0.0,0.0,0.0,ADBG,5m
2026-02-03 13:55:00-05:00,6.039999961853027,6.039999961853027,6.030200004577637,6.034999847412109,4764,0.0,0.0,0.0,ADBG,5m
2026-02-03 14:00:00-05:00,6.03000020980835,6.03000020980835,6.025000095367432,6.025000095367432,4001,0.0,0.0,0.0,ADBG,5m
2026-02-03 14:05:00-05:00,6.025000095367432,6.025000095367432,6.019999980926514,6.019999980926514,1891,0.0,0.0,0.0,ADBG,5m
2026-02-03 14:10:00-05:00,6.019999980926514,6.065000057220459,6.019999980926514,6.059999942779541,9787,0.0,0.0,0.0,ADBG,5m
2026-02-03 14:15:00-05:00,6.070000171661377,6.074999809265137,6.059999942779541,6.074999809265137,1664,0.0,0.0,0.0,ADBG,5m
2026-02-03 14:20:00-05:00,6.070000171661377,6.074999809265137,6.059999942779541,6.069300174713135,3101,0.0,0.0,0.0,ADBG,5m
2026-02-03 14:25:00-05:00,6.059999942779541,6.059999942779541,5.997300148010254,5.9994001388549805,9854,0.0,0.0,0.0,ADBG,5m
2026-02-03 14:30:00-05:00,6.0,6.0,5.985000133514404,6.0,2363,0.0,0.0,0.0,ADBG,5m
2026-02-03 14:35:00-05:00,5.980000019073486,6.0,5.96999979019165,6.0,2229,0.0,0.0,0.0,ADBG,5m
2026-02-03 14:40:00-05:00,6.008299827575684,6.025000095367432,6.008299827575684,6.014999866485596,7565,0.0,0.0,0.0,ADBG,5m
2026-02-03 14:45:00-05:00,6.014999866485596,6.014999866485596,6.005000114440918,6.009900093078613,3311,0.0,0.0,0.0,ADBG,5m
2026-02-03 14:50:00-05:00,6.010000228881836,6.019800186157227,6.0,6.019800186157227,4107,0.0,0.0,0.0,ADBG,5m
2026-02-03 14:55:00-05:00,6.03000020980835,6.034999847412109,6.029900074005127,6.029900074005127,1183,0.0,0.0,0.0,ADBG,5m
2026-02-03 15:00:00-05:00,6.019999980926514,6.039999961853027,6.019999980926514,6.039999961853027,10027,0.0,0.0,0.0,ADBG,5m
2026-02-03 15:05:00-05:00,6.019999980926514,6.019999980926514,6.010000228881836,6.010000228881836,621,0.0,0.0,0.0,ADBG,5m
2026-02-03 15:10:00-05:00,6.026700019836426,6.039999961853027,6.014999866485596,6.019999980926514,6681,0.0,0.0,0.0,ADBG,5m
2026-02-03 15:15:00-05:00,6.03000020980835,6.03000020980835,6.019999980926514,6.03000020980835,912,0.0,0.0,0.0,ADBG,5m
2026-02-03 15:20:00-05:00,6.03000020980835,6.03000020980835,6.020100116729736,6.020100116729736,1619,0.0,0.0,0.0,ADBG,5m
2026-02-03 15:25:00-05:00,6.03000020980835,6.045000076293945,6.0233001708984375,6.039999961853027,9419,0.0,0.0,0.0,ADBG,5m
2026-02-03 15:30:00-05:00,6.045000076293945,6.074999809265137,6.045000076293945,6.072700023651123,5882,0.0,0.0,0.0,ADBG,5m
2026-02-03 15:35:00-05:00,6.079999923706055,6.0954999923706055,6.079999923706055,6.090000152587891,3951,0.0,0.0,0.0,ADBG,5m
2026-02-03 15:40:00-05:00,6.054999828338623,6.059999942779541,6.050000190734863,6.059999942779541,21282,0.0,0.0,0.0,ADBG,5m
2026-02-03 15:45:00-05:00,6.054999828338623,6.054999828338623,6.025000095367432,6.027599811553955,1611,0.0,0.0,0.0,ADBG,5m
2026-02-03 15:50:00-05:00,6.025100231170654,6.025100231170654,6.000100135803223,6.009699821472168,16809,0.0,0.0,0.0,ADBG,5m
2026-02-03 15:55:00-05:00,6.0,6.010000228881836,5.990099906921387,6.005000114440918,28347,0.0,0.0,0.0,ADBG,5m
2026-02-04 09:30:00-05:00,5.789999961853027,5.849999904632568,5.659999847412109,5.690000057220459,180438,0.0,0.0,0.0,ADBG,5m
2026-02-04 09:35:00-05:00,5.679999828338623,5.798500061035156,5.679999828338623,5.730000019073486,50230,0.0,0.0,0.0,ADBG,5m
2026-02-04 09:40:00-05:00,5.71999979019165,5.775000095367432,5.710000038146973,5.710000038146973,33372,0.0,0.0,0.0,ADBG,5m
2026-02-04 09:45:00-05:00,5.670000076293945,5.750100135803223,5.65500020980835,5.750100135803223,36816,0.0,0.0,0.0,ADBG,5m
2026-02-04 09:50:00-05:00,5.75,5.755000114440918,5.675000190734863,5.730000019073486,290119,0.0,0.0,0.0,ADBG,5m
2026-02-04 09:55:00-05:00,5.744999885559082,5.760000228881836,5.730000019073486,5.75,0,0.0,0.0,0.0,ADBG,5m
2026-02-04 10:00:00-05:00,5.739999771118164,5.789999961853027,5.739999771118164,5.769999980926514,23646,0.0,0.0,0.0,ADBG,5m
2026-02-04 10:05:00-05:00,5.820000171661377,6.0,5.820000171661377,5.989999771118164,333100,0.0,0.0,0.0,ADBG,5m
2026-02-04 10:10:00-05:00,5.994999885559082,6.059999942779541,5.980000019073486,6.019999980926514,0,0.0,0.0,0.0,ADBG,5m
2026-02-04 10:15:00-05:00,6.025000095367432,6.099999904632568,6.019999980926514,6.079999923706055,28832,0.0,0.0,0.0,ADBG,5m
2026-02-04 10:20:00-05:00,6.090000152587891,6.179999828338623,6.090000152587891,6.170000076293945,14239,0.0,0.0,0.0,ADBG,5m
2026-02-04 10:25:00-05:00,6.164999961853027,6.210000038146973,6.164999961853027,6.200699806213379,21535,0.0,0.0,0.0,ADBG,5m
2026-02-04 10:30:00-05:00,6.204999923706055,6.230000019073486,6.199999809265137,6.210000038146973,35407,0.0,0.0,0.0,ADBG,5m
2026-02-04 10:35:00-05:00,6.210000038146973,6.262499809265137,6.181399822235107,6.25,32029,0.0,0.0,0.0,ADBG,5m
2026-02-04 10:40:00-05:00,6.239999771118164,6.329999923706055,6.239999771118164,6.269999980926514,32953,0.0,0.0,0.0,ADBG,5m
2026-02-04 10:45:00-05:00,6.269999980926514,6.28000020980835,6.239999771118164,6.260000228881836,535950,0.0,0.0,0.0,ADBG,5m
2026-02-04 10:50:00-05:00,6.260000228881836,6.295000076293945,6.255000114440918,6.28000020980835,0,0.0,0.0,0.0,ADBG,5m
2026-02-04 10:55:00-05:00,6.28000020980835,6.320000171661377,6.275000095367432,6.320000171661377,14452,0.0,0.0,0.0,ADBG,5m
2026-02-04 11:00:00-05:00,6.324999809265137,6.335000038146973,6.309999942779541,6.320000171661377,10307,0.0,0.0,0.0,ADBG,5m
2026-02-04 11:05:00-05:00,6.315000057220459,6.360000133514404,6.309999942779541,6.349299907684326,6325,0.0,0.0,0.0,ADBG,5m
2026-02-04 11:10:00-05:00,6.334499835968018,6.369999885559082,6.334499835968018,6.340099811553955,12832,0.0,0.0,0.0,ADBG,5m
2026-02-04 11:15:00-05:00,6.349999904632568,6.349999904632568,6.315000057220459,6.315000057220459,6649,0.0,0.0,0.0,ADBG,5m
2026-02-04 11:20:00-05:00,6.309999942779541,6.361700057983398,6.309999942779541,6.360000133514404,66890,0.0,0.0,0.0,ADBG,5m
2026-02-04 11:25:00-05:00,6.364999771118164,6.40500020980835,6.364999771118164,6.40500020980835,6892,0.0,0.0,0.0,ADBG,5m
2026-02-04 11:30:00-05:00,6.400000095367432,6.4054999351501465,6.355000019073486,6.355000019073486,4886,0.0,0.0,0.0,ADBG,5m
2026-02-04 11:35:00-05:00,6.360000133514404,6.375,6.360000133514404,6.360000133514404,9150,0.0,0.0,0.0,ADBG,5m
2026-02-04 11:40:00-05:00,6.360000133514404,6.360000133514404,6.300000190734863,6.300000190734863,17645,0.0,0.0,0.0,ADBG,5m
2026-02-04 11:45:00-05:00,6.300000190734863,6.300000190734863,6.28000020980835,6.300000190734863,4592,0.0,0.0,0.0,ADBG,5m
2026-02-04 11:50:00-05:00,6.310100078582764,6.34499979019165,6.309999942779541,6.34499979019165,2289,0.0,0.0,0.0,ADBG,5m
2026-02-04 11:55:00-05:00,6.375,6.375,6.320000171661377,6.320000171661377,2018,0.0,0.0,0.0,ADBG,5m
2026-02-04 12:00:00-05:00,6.320000171661377,6.34499979019165,6.320000171661377,6.340000152587891,13798,0.0,0.0,0.0,ADBG,5m
2026-02-04 12:05:00-05:00,6.335000038146973,6.335000038146973,6.320000171661377,6.320000171661377,2071,0.0,0.0,0.0,ADBG,5m
2026-02-04 12:10:00-05:00,6.304999828338623,6.3119001388549805,6.300000190734863,6.309999942779541,1951,0.0,0.0,0.0,ADBG,5m
2026-02-04 12:15:00-05:00,6.315000057220459,6.315499782562256,6.315000057220459,6.315499782562256,927,0.0,0.0,0.0,ADBG,5m
2026-02-04 12:20:00-05:00,6.300000190734863,6.329999923706055,6.300000190734863,6.329999923706055,5107,0.0,0.0,0.0,ADBG,5m
2026-02-04 12:25:00-05:00,6.329999923706055,6.340000152587891,6.28000020980835,6.289999961853027,27082,0.0,0.0,0.0,ADBG,5m
2026-02-04 12:30:00-05:00,6.289999961853027,6.309999942779541,6.28000020980835,6.300000190734863,3305,0.0,0.0,0.0,ADBG,5m
2026-02-04 12:35:00-05:00,6.309999942779541,6.309999942779541,6.300000190734863,6.304999828338623,1646,0.0,0.0,0.0,ADBG,5m
2026-02-04 12:40:00-05:00,6.300000190734863,6.329999923706055,6.300000190734863,6.329999923706055,5458,0.0,0.0,0.0,ADBG,5m
2026-02-04 12:45:00-05:00,6.329999923706055,6.349999904632568,6.329999923706055,6.34499979019165,9213,0.0,0.0,0.0,ADBG,5m
2026-02-04 12:50:00-05:00,6.329999923706055,6.334499835968018,6.329999923706055,6.329999923706055,2976,0.0,0.0,0.0,ADBG,5m
2026-02-04 12:55:00-05:00,6.320000171661377,6.329999923706055,6.300000190734863,6.315000057220459,6547,0.0,0.0,0.0,ADBG,5m
2026-02-04 13:00:00-05:00,6.300000190734863,6.310699939727783,6.300000190734863,6.304999828338623,2145,0.0,0.0,0.0,ADBG,5m
2026-02-04 13:05:00-05:00,6.300000190734863,6.329999923706055,6.300000190734863,6.329999923706055,6378,0.0,0.0,0.0,ADBG,5m
2026-02-04 13:10:00-05:00,6.309999942779541,6.324999809265137,6.304999828338623,6.304999828338623,4424,0.0,0.0,0.0,ADBG,5m
2026-02-04 13:15:00-05:00,6.315000057220459,6.315000057220459,6.309999942779541,6.309999942779541,1220,0.0,0.0,0.0,ADBG,5m
2026-02-04 13:20:00-05:00,6.320000171661377,6.329999923706055,6.304999828338623,6.329999923706055,1220,0.0,0.0,0.0,ADBG,5m
2026-02-04 13:25:00-05:00,6.332399845123291,6.359899997711182,6.332399845123291,6.355000019073486,6013,0.0,0.0,0.0,ADBG,5m
2026-02-04 13:30:00-05:00,6.340000152587891,6.358699798583984,6.340000152587891,6.34499979019165,3124,0.0,0.0,0.0,ADBG,5m
2026-02-04 13:35:00-05:00,6.34499979019165,6.34499979019165,6.34499979019165,6.34499979019165,311,0.0,0.0,0.0,ADBG,5m
2026-02-04 13:40:00-05:00,6.335000038146973,6.369999885559082,6.335000038146973,6.360000133514404,4042,0.0,0.0,0.0,ADBG,5m
2026-02-04 13:45:00-05:00,6.355000019073486,6.369999885559082,6.355000019073486,6.362599849700928,4057,0.0,0.0,0.0,ADBG,5m
2026-02-04 13:50:00-05:00,6.360000133514404,6.385000228881836,6.360000133514404,6.385000228881836,8069,0.0,0.0,0.0,ADBG,5m
2026-02-04 13:55:00-05:00,6.385000228881836,6.429999828338623,6.385000228881836,6.420000076293945,3023,0.0,0.0,0.0,ADBG,5m
2026-02-04 14:00:00-05:00,6.420000076293945,6.428599834442139,6.400100231170654,6.4145002365112305,2892,0.0,0.0,0.0,ADBG,5m
2026-02-04 14:05:00-05:00,6.380000114440918,6.400000095367432,6.36359977722168,6.400000095367432,8814,0.0,0.0,0.0,ADBG,5m
2026-02-04 14:10:00-05:00,6.40500020980835,6.40500020980835,6.380000114440918,6.385000228881836,3759,0.0,0.0,0.0,ADBG,5m
2026-02-04 14:15:00-05:00,6.389999866485596,6.400000095367432,6.389999866485596,6.400000095367432,13827,0.0,0.0,0.0,ADBG,5m
2026-02-04 14:20:00-05:00,6.400000095367432,6.420000076293945,6.400000095367432,6.420000076293945,2273,0.0,0.0,0.0,ADBG,5m
2026-02-04 14:25:00-05:00,6.429999828338623,6.430099964141846,6.409999847412109,6.427199840545654,4435,0.0,0.0,0.0,ADBG,5m
2026-02-04 14:30:00-05:00,6.420000076293945,6.420000076293945,6.420000076293945,6.420000076293945,1200,0.0,0.0,0.0,ADBG,5m
2026-02-04 14:35:00-05:00,6.409900188446045,6.410200119018555,6.394999980926514,6.410200119018555,1842,0.0,0.0,0.0,ADBG,5m
2026-02-04 14:40:00-05:00,6.420000076293945,6.420000076293945,6.40500020980835,6.40500020980835,2435,0.0,0.0,0.0,ADBG,5m
2026-02-04 14:45:00-05:00,6.409999847412109,6.440000057220459,6.409999847412109,6.440000057220459,3218,0.0,0.0,0.0,ADBG,5m
2026-02-04 14:50:00-05:00,6.429999828338623,6.449999809265137,6.429999828338623,6.449999809265137,5918,0.0,0.0,0.0,ADBG,5m
2026-02-04 14:55:00-05:00,6.449900150299072,6.46999979019165,6.445000171661377,6.449999809265137,5760,0.0,0.0,0.0,ADBG,5m
2026-02-04 15:00:00-05:00,6.454999923706055,6.454999923706055,6.429999828338623,6.429999828338623,809404,0.0,0.0,0.0,ADBG,5m
2026-02-04 15:05:00-05:00,6.429999828338623,6.449999809265137,6.425000190734863,6.438199996948242,0,0.0,0.0,0.0,ADBG,5m
2026-02-04 15:10:00-05:00,6.420000076293945,6.420000076293945,6.40500020980835,6.40500020980835,5103,0.0,0.0,0.0,ADBG,5m
2026-02-04 15:15:00-05:00,6.425000190734863,6.429999828338623,6.390600204467773,6.406599998474121,4115,0.0,0.0,0.0,ADBG,5m
2026-02-04 15:20:00-05:00,6.409900188446045,6.419899940490723,6.40500020980835,6.414999961853027,2832,0.0,0.0,0.0,ADBG,5m
2026-02-04 15:25:00-05:00,6.40749979019165,6.40749979019165,6.394999980926514,6.394999980926514,1052,0.0,0.0,0.0,ADBG,5m
2026-02-04 15:30:00-05:00,6.400000095367432,6.414999961853027,6.394999980926514,6.414999961853027,3162,0.0,0.0,0.0,ADBG,5m
2026-02-04 15:35:00-05:00,6.414999961853027,6.414999961853027,6.40500020980835,6.40500020980835,4488,0.0,0.0,0.0,ADBG,5m
2026-02-04 15:40:00-05:00,6.40500020980835,6.40500020980835,6.400000095367432,6.400000095367432,1867,0.0,0.0,0.0,ADBG,5m
2026-02-04 15:45:00-05:00,6.380099773406982,6.400000095367432,6.369999885559082,6.369999885559082,16938,0.0,0.0,0.0,ADBG,5m
2026-02-04 15:50:00-05:00,6.375,6.375,6.335000038146973,6.34499979019165,3603,0.0,0.0,0.0,ADBG,5m
2026-02-04 15:55:00-05:00,6.320000171661377,6.340099811553955,6.320000171661377,6.340099811553955,6616,0.0,0.0,0.0,ADBG,5m
2026-02-05 09:30:00-05:00,6.289999961853027,6.429999828338623,6.289999961853027,6.380000114440918,31362,0.0,0.0,0.0,ADBG,5m
2026-02-05 09:35:00-05:00,6.380000114440918,6.380000114440918,6.230999946594238,6.230999946594238,36085,0.0,0.0,0.0,ADBG,5m
2026-02-05 09:40:00-05:00,6.239999771118164,6.270599842071533,6.21999979019165,6.269999980926514,164454,0.0,0.0,0.0,ADBG,5m
2026-02-05 09:45:00-05:00,6.260000228881836,6.260000228881836,6.099999904632568,6.139999866485596,0,0.0,0.0,0.0,ADBG,5m
2026-02-05 09:50:00-05:00,6.150000095367432,6.190000057220459,6.130000114440918,6.159999847412109,9615,0.0,0.0,0.0,ADBG,5m
2026-02-05 09:55:00-05:00,6.170000076293945,6.210000038146973,6.130000114440918,6.190000057220459,4618,0.0,0.0,0.0,ADBG,5m
2026-02-05 10:00:00-05:00,6.159999847412109,6.159999847412109,6.090000152587891,6.110000133514404,10548,0.0,0.0,0.0,ADBG,5m
2026-02-05 10:05:00-05:00,6.119999885559082,6.190000057220459,6.11269998550415,6.190000057220459,106494,0.0,0.0,0.0,ADBG,5m
2026-02-05 10:10:00-05:00,6.170000076293945,6.179999828338623,6.114999771118164,6.130000114440918,108571,0.0,0.0,0.0,ADBG,5m
2026-02-05 10:15:00-05:00,6.136000156402588,6.170000076293945,6.130000114440918,6.159999847412109,407346,0.0,0.0,0.0,ADBG,5m
2026-02-05 10:20:00-05:00,6.159999847412109,6.175000190734863,6.1280999183654785,6.130000114440918,0,0.0,0.0,0.0,ADBG,5m
2026-02-05 10:25:00-05:00,6.130000114440918,6.139999866485596,6.110000133514404,6.114999771118164,21307,0.0,0.0,0.0,ADBG,5m
2026-02-05 10:30:00-05:00,6.119999885559082,6.130000114440918,6.090000152587891,6.119999885559082,435205,0.0,0.0,0.0,ADBG,5m
2026-02-05 10:35:00-05:00,6.119999885559082,6.144999980926514,6.119999885559082,6.119999885559082,0,0.0,0.0,0.0,ADBG,5m
2026-02-05 10:40:00-05:00,6.119999885559082,6.119999885559082,6.070000171661377,6.0746002197265625,45690,0.0,0.0,0.0,ADBG,5m
2026-02-05 10:45:00-05:00,6.079999923706055,6.085000038146973,6.006700038909912,6.019999980926514,14425,0.0,0.0,0.0,ADBG,5m
2026-02-05 10:50:00-05:00,6.039999961853027,6.039999961853027,6.0,6.039999961853027,36302,0.0,0.0,0.0,ADBG,5m
2026-02-05 10:55:00-05:00,6.03000020980835,6.039999961853027,6.009900093078613,6.039999961853027,6545,0.0,0.0,0.0,ADBG,5m
2026-02-05 11:00:00-05:00,6.050000190734863,6.059999942779541,6.019999980926514,6.03000020980835,2724,0.0,0.0,0.0,ADBG,5m
2026-02-05 11:05:00-05:00,6.03000020980835,6.03000020980835,6.0,6.010000228881836,7232,0.0,0.0,0.0,ADBG,5m
2026-02-05 11:10:00-05:00,6.010000228881836,6.019999980926514,5.980000019073486,5.980000019073486,15086,0.0,0.0,0.0,ADBG,5m
2026-02-05 11:15:00-05:00,5.980000019073486,6.017499923706055,5.980000019073486,6.0,7967,0.0,0.0,0.0,ADBG,5m
2026-02-05 11:20:00-05:00,6.019999980926514,6.039999961853027,6.010000228881836,6.019999980926514,20600,0.0,0.0,0.0,ADBG,5m
2026-02-05 11:25:00-05:00,6.03000020980835,6.03000020980835,6.010000228881836,6.019999980926514,26123,0.0,0.0,0.0,ADBG,5m
2026-02-05 11:30:00-05:00,6.059899806976318,6.059999942779541,6.050000190734863,6.050000190734863,13277,0.0,0.0,0.0,ADBG,5m
2026-02-05 11:35:00-05:00,6.039999961853027,6.070000171661377,6.039999961853027,6.065000057220459,12796,0.0,0.0,0.0,ADBG,5m
2026-02-05 11:40:00-05:00,6.050000190734863,6.074999809265137,6.039999961853027,6.050000190734863,23920,0.0,0.0,0.0,ADBG,5m
2026-02-05 11:45:00-05:00,6.045000076293945,6.065000057220459,6.019999980926514,6.065000057220459,12751,0.0,0.0,0.0,ADBG,5m
2026-02-05 11:50:00-05:00,6.059999942779541,6.070000171661377,6.050000190734863,6.059999942779541,36812,0.0,0.0,0.0,ADBG,5m
2026-02-05 11:55:00-05:00,6.070000171661377,6.090000152587891,6.059999942779541,6.090000152587891,10583,0.0,0.0,0.0,ADBG,5m
2026-02-05 12:00:00-05:00,6.089900016784668,6.089900016784668,6.048999786376953,6.050000190734863,12890,0.0,0.0,0.0,ADBG,5m
2026-02-05 12:05:00-05:00,6.059999942779541,6.059999942779541,6.059999942779541,6.059999942779541,1254,0.0,0.0,0.0,ADBG,5m
2026-02-05 12:10:00-05:00,6.059999942779541,6.079999923706055,6.059999942779541,6.079999923706055,594,0.0,0.0,0.0,ADBG,5m
2026-02-05 12:15:00-05:00,6.090000152587891,6.090000152587891,6.070000171661377,6.070000171661377,15054,0.0,0.0,0.0,ADBG,5m
2026-02-05 12:20:00-05:00,6.070000171661377,6.079999923706055,6.050000190734863,6.079999923706055,3614,0.0,0.0,0.0,ADBG,5m
2026-02-05 12:25:00-05:00,6.099999904632568,6.119999885559082,6.099999904632568,6.119999885559082,5607,0.0,0.0,0.0,ADBG,5m
2026-02-05 12:30:00-05:00,6.119900226593018,6.119999885559082,6.110000133514404,6.110000133514404,3636,0.0,0.0,0.0,ADBG,5m
2026-02-05 12:35:00-05:00,6.099999904632568,6.099999904632568,6.099999904632568,6.099999904632568,200,0.0,0.0,0.0,ADBG,5m
2026-02-05 12:40:00-05:00,6.099999904632568,6.125,6.099999904632568,6.110000133514404,6561,0.0,0.0,0.0,ADBG,5m
2026-02-05 12:45:00-05:00,6.103400230407715,6.103400230407715,6.0,6.0,11675,0.0,0.0,0.0,ADBG,5m
2026-02-05 12:50:00-05:00,6.0,6.0,5.909999847412109,5.940000057220459,40258,0.0,0.0,0.0,ADBG,5m
2026-02-05 12:55:00-05:00,5.929999828338623,5.934999942779541,5.909999847412109,5.929999828338623,12695,0.0,0.0,0.0,ADBG,5m
2026-02-05 13:00:00-05:00,5.9045000076293945,5.946300029754639,5.900000095367432,5.900000095367432,10126,0.0,0.0,0.0,ADBG,5m
2026-02-05 13:05:00-05:00,5.889999866485596,5.889999866485596,5.869999885559082,5.869999885559082,10774,0.0,0.0,0.0,ADBG,5m
2026-02-05 13:10:00-05:00,5.869999885559082,5.929999828338623,5.86899995803833,5.929999828338623,46013,0.0,0.0,0.0,ADBG,5m
2026-02-05 13:15:00-05:00,5.927800178527832,5.934999942779541,5.914999961853027,5.914999961853027,23423,0.0,0.0,0.0,ADBG,5m
2026-02-05 13:20:00-05:00,5.925000190734863,5.927599906921387,5.900000095367432,5.900000095367432,6426,0.0,0.0,0.0,ADBG,5m
2026-02-05 13:25:00-05:00,5.900000095367432,5.920000076293945,5.900000095367432,5.900000095367432,3285,0.0,0.0,0.0,ADBG,5m
2026-02-05 13:30:00-05:00,5.920000076293945,5.920000076293945,5.914999961853027,5.914999961853027,1420,0.0,0.0,0.0,ADBG,5m
2026-02-05 13:35:00-05:00,5.889999866485596,5.909999847412109,5.889999866485596,5.90500020980835,831799,0.0,0.0,0.0,ADBG,5m
2026-02-05 13:40:00-05:00,5.900000095367432,5.920000076293945,5.880000114440918,5.920000076293945,0,0.0,0.0,0.0,ADBG,5m
2026-02-05 13:45:00-05:00,5.920000076293945,5.920000076293945,5.909999847412109,5.909999847412109,832934,0.0,0.0,0.0,ADBG,5m
2026-02-05 13:50:00-05:00,5.909999847412109,5.909999847412109,5.885000228881836,5.88670015335083,0,0.0,0.0,0.0,ADBG,5m
2026-02-05 13:55:00-05:00,5.880000114440918,5.920000076293945,5.880000114440918,5.90500020980835,2179,0.0,0.0,0.0,ADBG,5m
2026-02-05 14:00:00-05:00,5.900000095367432,5.940000057220459,5.900000095367432,5.920000076293945,5803,0.0,0.0,0.0,ADBG,5m
2026-02-05 14:05:00-05:00,5.940000057220459,5.949999809265137,5.934999942779541,5.949999809265137,5641,0.0,0.0,0.0,ADBG,5m
2026-02-05 14:10:00-05:00,5.980000019073486,6.019999980926514,5.980000019073486,5.980000019073486,12832,0.0,0.0,0.0,ADBG,5m
2026-02-05 14:15:00-05:00,5.96999979019165,5.96999979019165,5.949999809265137,5.949999809265137,8945,0.0,0.0,0.0,ADBG,5m
2026-02-05 14:20:00-05:00,5.929999828338623,5.929999828338623,5.903200149536133,5.903200149536133,7551,0.0,0.0,0.0,ADBG,5m
2026-02-05 14:25:00-05:00,5.909999847412109,5.909999847412109,5.909999847412109,5.909999847412109,0,0.0,0.0,0.0,ADBG,5m
2026-02-05 14:30:00-05:00,5.885000228881836,5.885000228881836,5.869999885559082,5.880000114440918,7184,0.0,0.0,0.0,ADBG,5m
2026-02-05 14:35:00-05:00,5.875,5.900000095367432,5.875,5.900000095367432,2416,0.0,0.0,0.0,ADBG,5m
2026-02-05 14:40:00-05:00,5.909999847412109,5.925000190734863,5.90500020980835,5.925000190734863,8450,0.0,0.0,0.0,ADBG,5m
2026-02-05 14:45:00-05:00,5.920000076293945,5.940000057220459,5.920000076293945,5.940000057220459,4091,0.0,0.0,0.0,ADBG,5m
2026-02-05 14:50:00-05:00,5.940000057220459,5.940000057220459,5.929999828338623,5.940000057220459,5682,0.0,0.0,0.0,ADBG,5m
2026-02-05 14:55:00-05:00,5.949900150299072,5.949900150299072,5.940000057220459,5.940000057220459,2485,0.0,0.0,0.0,ADBG,5m
2026-02-05 15:05:00-05:00,5.9274001121521,5.929999828338623,5.9274001121521,5.929999828338623,321,0.0,0.0,0.0,ADBG,5m
2026-02-05 15:10:00-05:00,5.960000038146973,5.969099998474121,5.949999809265137,5.949999809265137,4562,0.0,0.0,0.0,ADBG,5m
2026-02-05 15:15:00-05:00,5.909999847412109,5.920000076293945,5.90500020980835,5.909999847412109,1628,0.0,0.0,0.0,ADBG,5m
2026-02-05 15:20:00-05:00,5.914999961853027,5.914999961853027,5.901400089263916,5.901400089263916,935,0.0,0.0,0.0,ADBG,5m
2026-02-05 15:30:00-05:00,5.869999885559082,5.880000114440918,5.869999885559082,5.880000114440918,3238,0.0,0.0,0.0,ADBG,5m
2026-02-05 15:35:00-05:00,5.875,5.889999866485596,5.869999885559082,5.88070011138916,3448,0.0,0.0,0.0,ADBG,5m
2026-02-05 15:40:00-05:00,5.889999866485596,5.909999847412109,5.889900207519531,5.889900207519531,2811,0.0,0.0,0.0,ADBG,5m
2026-02-05 15:45:00-05:00,5.889999866485596,5.894999980926514,5.8709001541137695,5.8734002113342285,11362,0.0,0.0,0.0,ADBG,5m
2026-02-05 15:50:00-05:00,5.880000114440918,5.889999866485596,5.840000152587891,5.840000152587891,11519,0.0,0.0,0.0,ADBG,5m
2026-02-05 15:55:00-05:00,5.840000152587891,5.869999885559082,5.840000152587891,5.860000133514404,3410,0.0,0.0,0.0,ADBG,5m
2026-02-06 09:30:00-05:00,5.940000057220459,6.090000152587891,5.925000190734863,6.070000171661377,59785,0.0,0.0,0.0,ADBG,5m
2026-02-06 09:35:00-05:00,6.070000171661377,6.090000152587891,6.03000020980835,6.039999961853027,66326,0.0,0.0,0.0,ADBG,5m
2026-02-06 09:40:00-05:00,6.039999961853027,6.050000190734863,6.019999980926514,6.050000190734863,0,0.0,0.0,0.0,ADBG,5m
2026-02-06 09:45:00-05:00,6.050000190734863,6.050000190734863,5.909999847412109,5.929999828338623,151619,0.0,0.0,0.0,ADBG,5m
2026-02-06 09:50:00-05:00,5.940000057220459,5.940000057220459,5.860000133514404,5.860000133514404,41914,0.0,0.0,0.0,ADBG,5m
2026-02-06 09:55:00-05:00,5.849999904632568,5.849999904632568,5.78000020980835,5.829999923706055,0,0.0,0.0,0.0,ADBG,5m
2026-02-06 10:00:00-05:00,5.78000020980835,5.789999961853027,5.71999979019165,5.730000019073486,33183,0.0,0.0,0.0,ADBG,5m
2026-02-06 10:05:00-05:00,5.739999771118164,5.75,5.714000225067139,5.735799789428711,16588,0.0,0.0,0.0,ADBG,5m
2026-02-06 10:10:00-05:00,5.739999771118164,5.820000171661377,5.739999771118164,5.800000190734863,19137,0.0,0.0,0.0,ADBG,5m
2026-02-06 10:15:00-05:00,5.789999961853027,5.820000171661377,5.775000095367432,5.820000171661377,10148,0.0,0.0,0.0,ADBG,5m
2026-02-06 10:20:00-05:00,5.840000152587891,5.840000152587891,5.769999980926514,5.795000076293945,11137,0.0,0.0,0.0,ADBG,5m
2026-02-06 10:25:00-05:00,5.789999961853027,5.829999923706055,5.769999980926514,5.829999923706055,36660,0.0,0.0,0.0,ADBG,5m
2026-02-06 10:30:00-05:00,5.820000171661377,5.820000171661377,5.769999980926514,5.820000171661377,75,0.0,0.0,0.0,ADBG,5m
2026-02-06 10:35:00-05:00,5.829999923706055,5.829999923706055,5.804999828338623,5.809999942779541,5588,0.0,0.0,0.0,ADBG,5m
2026-02-06 10:40:00-05:00,5.809999942779541,5.840000152587891,5.809999942779541,5.840000152587891,289396,0.0,0.0,0.0,ADBG,5m
2026-02-06 10:55:00-05:00,5.769999980926514,5.789999961853027,5.760000228881836,5.7754998207092285,0,0.0,0.0,0.0,ADBG,5m
2026-02-06 11:00:00-05:00,5.775000095367432,5.800000190734863,5.760000228881836,5.800000190734863,4952,0.0,0.0,0.0,ADBG,5m
2026-02-06 11:05:00-05:00,5.800000190734863,5.804999828338623,5.78000020980835,5.800000190734863,13289,0.0,0.0,0.0,ADBG,5m
2026-02-06 11:10:00-05:00,5.78000020980835,5.78000020980835,5.78000020980835,5.78000020980835,13207,0.0,0.0,0.0,ADBG,5m
2026-02-06 11:15:00-05:00,5.800000190734863,5.800000190734863,5.800000190734863,5.800000190734863,6105,0.0,0.0,0.0,ADBG,5m
2026-02-06 11:20:00-05:00,5.789999961853027,5.809999942779541,5.789999961853027,5.8094000816345215,10332,0.0,0.0,0.0,ADBG,5m
2026-02-06 11:25:00-05:00,5.809999942779541,5.815000057220459,5.800000190734863,5.809999942779541,22553,0.0,0.0,0.0,ADBG,5m
2026-02-06 11:30:00-05:00,5.804999828338623,5.809999942779541,5.804999828338623,5.804999828338623,8046,0.0,0.0,0.0,ADBG,5m
2026-02-06 11:35:00-05:00,5.804999828338623,5.809999942779541,5.78000020980835,5.78000020980835,3591,0.0,0.0,0.0,ADBG,5m
2026-02-06 11:40:00-05:00,5.784999847412109,5.800000190734863,5.761000156402588,5.761000156402588,7003,0.0,0.0,0.0,ADBG,5m
2026-02-06 11:45:00-05:00,5.78000020980835,5.78000020980835,5.750100135803223,5.750100135803223,3732,0.0,0.0,0.0,ADBG,5m
2026-02-06 11:50:00-05:00,5.755000114440918,5.775000095367432,5.755000114440918,5.775000095367432,354910,0.0,0.0,0.0,ADBG,5m
2026-02-06 11:55:00-05:00,5.775000095367432,5.78000020980835,5.769999980926514,5.775000095367432,13846,0.0,0.0,0.0,ADBG,5m
2026-02-06 12:00:00-05:00,5.775000095367432,5.78000020980835,5.761600017547607,5.775000095367432,0,0.0,0.0,0.0,ADBG,5m
2026-02-06 12:05:00-05:00,5.800000190734863,5.815000057220459,5.800000190734863,5.809999942779541,15039,0.0,0.0,0.0,ADBG,5m
2026-02-06 12:10:00-05:00,5.809999942779541,5.809999942779541,5.78000020980835,5.78000020980835,382497,0.0,0.0,0.0,ADBG,5m
2026-02-06 12:15:00-05:00,5.78000020980835,5.78000020980835,5.760000228881836,5.769999980926514,11364,0.0,0.0,0.0,ADBG,5m
2026-02-06 12:20:00-05:00,5.769999980926514,5.775000095367432,5.764999866485596,5.764999866485596,0,0.0,0.0,0.0,ADBG,5m
2026-02-06 12:25:00-05:00,5.760000228881836,5.767399787902832,5.75,5.760000228881836,9441,0.0,0.0,0.0,ADBG,5m
2026-02-06 12:30:00-05:00,5.779900074005127,5.824999809265137,5.779799938201904,5.804999828338623,20435,0.0,0.0,0.0,ADBG,5m
2026-02-06 12:35:00-05:00,5.804999828338623,5.804999828338623,5.784999847412109,5.784999847412109,1408,0.0,0.0,0.0,ADBG,5m
2026-02-06 12:40:00-05:00,5.795000076293945,5.795000076293945,5.789999961853027,5.789999961853027,1167,0.0,0.0,0.0,ADBG,5m
2026-02-06 12:45:00-05:00,5.809999942779541,5.809999942779541,5.78000020980835,5.78000020980835,7220,0.0,0.0,0.0,ADBG,5m
2026-02-06 12:50:00-05:00,5.769999980926514,5.7754998207092285,5.769999980926514,5.7754998207092285,3872,0.0,0.0,0.0,ADBG,5m
2026-02-06 12:55:00-05:00,5.775000095367432,5.784999847412109,5.769999980926514,5.78000020980835,7756,0.0,0.0,0.0,ADBG,5m
2026-02-06 13:00:00-05:00,5.789999961853027,5.800000190734863,5.784999847412109,5.784999847412109,1243,0.0,0.0,0.0,ADBG,5m
2026-02-06 13:05:00-05:00,5.789999961853027,5.796800136566162,5.784999847412109,5.784999847412109,408275,0.0,0.0,0.0,ADBG,5m
2026-02-06 13:15:00-05:00,5.775000095367432,5.789999961853027,5.769999980926514,5.789999961853027,0,0.0,0.0,0.0,ADBG,5m
2026-02-06 13:20:00-05:00,5.784999847412109,5.792900085449219,5.779900074005127,5.792900085449219,2080,0.0,0.0,0.0,ADBG,5m
2026-02-06 13:25:00-05:00,5.793600082397461,5.793600082397461,5.78000020980835,5.78000020980835,6488,0.0,0.0,0.0,ADBG,5m
2026-02-06 13:30:00-05:00,5.775000095367432,5.78000020980835,5.769999980926514,5.769999980926514,19127,0.0,0.0,0.0,ADBG,5m
2026-02-06 13:35:00-05:00,5.775000095367432,5.784999847412109,5.775000095367432,5.78000020980835,431712,0.0,0.0,0.0,ADBG,5m
2026-02-06 13:40:00-05:00,5.775000095367432,5.775000095367432,5.769999980926514,5.775000095367432,0,0.0,0.0,0.0,ADBG,5m
2026-02-06 13:45:00-05:00,5.77239990234375,5.78000020980835,5.77239990234375,5.78000020980835,560,0.0,0.0,0.0,ADBG,5m
2026-02-06 13:50:00-05:00,5.78000020980835,5.784999847412109,5.775000095367432,5.775000095367432,6142,0.0,0.0,0.0,ADBG,5m
2026-02-06 13:55:00-05:00,5.78000020980835,5.784999847412109,5.78000020980835,5.781400203704834,1581,0.0,0.0,0.0,ADBG,5m
2026-02-06 14:00:00-05:00,5.78000020980835,5.78000020980835,5.764999866485596,5.769999980926514,5745,0.0,0.0,0.0,ADBG,5m
2026-02-06 14:05:00-05:00,5.773600101470947,5.78000020980835,5.769999980926514,5.769999980926514,3001,0.0,0.0,0.0,ADBG,5m
2026-02-06 14:10:00-05:00,5.78000020980835,5.78000020980835,5.744999885559082,5.75,12485,0.0,0.0,0.0,ADBG,5m
2026-02-06 14:15:00-05:00,5.75,5.769999980926514,5.75,5.769999980926514,0,0.0,0.0,0.0,ADBG,5m
2026-02-06 14:20:00-05:00,5.78000020980835,5.795000076293945,5.78000020980835,5.795000076293945,1386,0.0,0.0,0.0,ADBG,5m
2026-02-06 14:25:00-05:00,5.795000076293945,5.795000076293945,5.795000076293945,5.795000076293945,519,0.0,0.0,0.0,ADBG,5m
2026-02-06 14:30:00-05:00,5.804999828338623,5.809999942779541,5.800000190734863,5.809999942779541,458819,0.0,0.0,0.0,ADBG,5m
2026-02-06 14:35:00-05:00,5.800000190734863,5.804999828338623,5.795000076293945,5.795000076293945,0,0.0,0.0,0.0,ADBG,5m
2026-02-06 14:40:00-05:00,5.800000190734863,5.800000190734863,5.78000020980835,5.78000020980835,2718,0.0,0.0,0.0,ADBG,5m
2026-02-06 14:45:00-05:00,5.775000095367432,5.775000095367432,5.739999771118164,5.739999771118164,3044,0.0,0.0,0.0,ADBG,5m
2026-02-06 14:50:00-05:00,5.735000133514404,5.744999885559082,5.730000019073486,5.744999885559082,1547,0.0,0.0,0.0,ADBG,5m
2026-02-06 14:55:00-05:00,5.739999771118164,5.739999771118164,5.710000038146973,5.715000152587891,2804,0.0,0.0,0.0,ADBG,5m
2026-02-06 15:00:00-05:00,5.715000152587891,5.739999771118164,5.710000038146973,5.715000152587891,2012,0.0,0.0,0.0,ADBG,5m
2026-02-06 15:05:00-05:00,5.710000038146973,5.710000038146973,5.690000057220459,5.690000057220459,16575,0.0,0.0,0.0,ADBG,5m
2026-02-06 15:10:00-05:00,5.695000171661377,5.699999809265137,5.690000057220459,5.690000057220459,598,0.0,0.0,0.0,ADBG,5m
2026-02-06 15:15:00-05:00,5.697500228881836,5.699999809265137,5.690000057220459,5.699999809265137,7866,0.0,0.0,0.0,ADBG,5m
2026-02-06 15:20:00-05:00,5.710000038146973,5.749899864196777,5.710000038146973,5.736800193786621,4425,0.0,0.0,0.0,ADBG,5m
2026-02-06 15:25:00-05:00,5.744999885559082,5.744999885559082,5.7144999504089355,5.7144999504089355,4588,0.0,0.0,0.0,ADBG,5m
2026-02-06 15:30:00-05:00,5.719900131225586,5.724999904632568,5.699699878692627,5.704999923706055,13590,0.0,0.0,0.0,ADBG,5m
2026-02-06 15:35:00-05:00,5.695000171661377,5.710000038146973,5.695000171661377,5.706999778747559,8472,0.0,0.0,0.0,ADBG,5m
2026-02-06 15:40:00-05:00,5.70989990234375,5.730000019073486,5.70989990234375,5.730000019073486,506317,0.0,0.0,0.0,ADBG,5m
2026-02-06 15:45:00-05:00,5.730000019073486,5.758900165557861,5.730000019073486,5.758900165557861,0,0.0,0.0,0.0,ADBG,5m
2026-02-06 15:50:00-05:00,5.78000020980835,5.809999942779541,5.78000020980835,5.809999942779541,8936,0.0,0.0,0.0,ADBG,5m
2026-02-06 15:55:00-05:00,5.815000057220459,5.840000152587891,5.815000057220459,5.829999923706055,11767,0.0,0.0,0.0,ADBG,5m
2026-02-09 09:30:00-05:00,5.809999942779541,5.829999923706055,5.581200122833252,5.739999771118164,44068,0.0,0.0,0.0,ADBG,5m
2026-02-09 09:35:00-05:00,5.739999771118164,5.789999961853027,5.71999979019165,5.789999961853027,31641,0.0,0.0,0.0,ADBG,5m
2026-02-09 09:40:00-05:00,5.804999828338623,5.804999828338623,5.710000038146973,5.710000038146973,38776,0.0,0.0,0.0,ADBG,5m
2026-02-09 09:45:00-05:00,5.710000038146973,5.710000038146973,5.650000095367432,5.659999847412109,12256,0.0,0.0,0.0,ADBG,5m
2026-02-09 09:50:00-05:00,5.659999847412109,5.699999809265137,5.650000095367432,5.679900169372559,19263,0.0,0.0,0.0,ADBG,5m
2026-02-09 09:55:00-05:00,5.670000076293945,5.699999809265137,5.659999847412109,5.670000076293945,21441,0.0,0.0,0.0,ADBG,5m
2026-02-09 10:00:00-05:00,5.670000076293945,5.684999942779541,5.650000095367432,5.679999828338623,15523,0.0,0.0,0.0,ADBG,5m
2026-02-09 10:05:00-05:00,5.679999828338623,5.730000019073486,5.659999847412109,5.695000171661377,20405,0.0,0.0,0.0,ADBG,5m
2026-02-09 10:10:00-05:00,5.699999809265137,5.735000133514404,5.684999942779541,5.684999942779541,23450,0.0,0.0,0.0,ADBG,5m
2026-02-09 10:15:00-05:00,5.679999828338623,5.695000171661377,5.659999847412109,5.690000057220459,22212,0.0,0.0,0.0,ADBG,5m
2026-02-09 10:20:00-05:00,5.690000057220459,5.699999809265137,5.670000076293945,5.670000076293945,13302,0.0,0.0,0.0,ADBG,5m
2026-02-09 10:25:00-05:00,5.664999961853027,5.664999961853027,5.644999980926514,5.659999847412109,12046,0.0,0.0,0.0,ADBG,5m
2026-02-09 10:30:00-05:00,5.675000190734863,5.729899883270264,5.675000190734863,5.71999979019165,13831,0.0,0.0,0.0,ADBG,5m
2026-02-09 10:35:00-05:00,5.715000152587891,5.71999979019165,5.710000038146973,5.715000152587891,392680,0.0,0.0,0.0,ADBG,5m
2026-02-09 10:40:00-05:00,5.730000019073486,5.739999771118164,5.724999904632568,5.724999904632568,0,0.0,0.0,0.0,ADBG,5m
2026-02-09 10:45:00-05:00,5.724999904632568,5.730000019073486,5.710000038146973,5.710000038146973,9418,0.0,0.0,0.0,ADBG,5m
2026-02-09 10:50:00-05:00,5.71999979019165,5.744999885559082,5.71999979019165,5.744999885559082,7357,0.0,0.0,0.0,ADBG,5m
2026-02-09 10:55:00-05:00,5.730000019073486,5.739999771118164,5.730000019073486,5.739699840545654,6579,0.0,0.0,0.0,ADBG,5m
2026-02-09 11:00:00-05:00,5.739999771118164,5.769999980926514,5.739999771118164,5.740099906921387,417504,0.0,0.0,0.0,ADBG,5m
2026-02-09 11:05:00-05:00,5.75,5.769700050354004,5.744999885559082,5.760000228881836,0,0.0,0.0,0.0,ADBG,5m
2026-02-09 11:10:00-05:00,5.759900093078613,5.760000228881836,5.744999885559082,5.7565999031066895,12812,0.0,0.0,0.0,ADBG,5m
2026-02-09 11:15:00-05:00,5.755000114440918,5.775000095367432,5.755000114440918,5.767399787902832,33236,0.0,0.0,0.0,ADBG,5m
2026-02-09 11:20:00-05:00,5.775000095367432,5.784999847412109,5.769999980926514,5.784999847412109,2955,0.0,0.0,0.0,ADBG,5m
2026-02-09 11:25:00-05:00,5.795000076293945,5.815000057220459,5.784999847412109,5.815000057220459,39204,0.0,0.0,0.0,ADBG,5m
2026-02-09 11:30:00-05:00,5.804999828338623,5.815000057220459,5.804999828338623,5.809999942779541,11009,0.0,0.0,0.0,ADBG,5m
2026-02-09 11:35:00-05:00,5.804999828338623,5.809999942779541,5.78000020980835,5.800000190734863,24798,0.0,0.0,0.0,ADBG,5m
2026-02-09 11:40:00-05:00,5.800000190734863,5.820000171661377,5.800000190734863,5.820000171661377,3295,0.0,0.0,0.0,ADBG,5m
2026-02-09 11:45:00-05:00,5.820000171661377,5.829999923706055,5.820000171661377,5.820000171661377,5459,0.0,0.0,0.0,ADBG,5m
2026-02-09 11:50:00-05:00,5.815000057220459,5.815000057220459,5.810100078582764,5.815000057220459,470236,0.0,0.0,0.0,ADBG,5m
2026-02-09 11:55:00-05:00,5.813499927520752,5.840000152587891,5.813499927520752,5.829999923706055,0,0.0,0.0,0.0,ADBG,5m
2026-02-09 12:00:00-05:00,5.820099830627441,5.829999923706055,5.820000171661377,5.820000171661377,13441,0.0,0.0,0.0,ADBG,5m
2026-02-09 12:05:00-05:00,5.820000171661377,5.820000171661377,5.809999942779541,5.809999942779541,4638,0.0,0.0,0.0,ADBG,5m
2026-02-09 12:10:00-05:00,5.813000202178955,5.840000152587891,5.800000190734863,5.804999828338623,12378,0.0,0.0,0.0,ADBG,5m
2026-02-09 12:15:00-05:00,5.805500030517578,5.815000057220459,5.804999828338623,5.804999828338623,9135,0.0,0.0,0.0,ADBG,5m
2026-02-09 12:20:00-05:00,5.809999942779541,5.829999923706055,5.809899806976318,5.815000057220459,10455,0.0,0.0,0.0,ADBG,5m
2026-02-09 12:25:00-05:00,5.835000038146973,5.835000038146973,5.824999809265137,5.824999809265137,0,0.0,0.0,0.0,ADBG,5m
2026-02-09 12:30:00-05:00,5.835000038146973,5.835000038146973,5.835000038146973,5.835000038146973,325,0.0,0.0,0.0,ADBG,5m
2026-02-09 12:35:00-05:00,5.840000152587891,5.840000152587891,5.835000038146973,5.835000038146973,356,0.0,0.0,0.0,ADBG,5m
2026-02-09 12:40:00-05:00,5.829999923706055,5.829999923706055,5.824999809265137,5.829999923706055,2070,0.0,0.0,0.0,ADBG,5m
2026-02-09 12:45:00-05:00,5.829999923706055,5.835000038146973,5.829999923706055,5.835000038146973,505268,0.0,0.0,0.0,ADBG,5m
2026-02-09 12:50:00-05:00,5.835000038146973,5.8404998779296875,5.829999923706055,5.835000038146973,0,0.0,0.0,0.0,ADBG,5m
2026-02-09 12:55:00-05:00,5.829999923706055,5.829999923706055,5.815000057220459,5.815000057220459,3455,0.0,0.0,0.0,ADBG,5m
2026-02-09 13:00:00-05:00,5.824999809265137,5.824999809265137,5.820199966430664,5.824999809265137,1193,0.0,0.0,0.0,ADBG,5m
2026-02-09 13:05:00-05:00,5.828000068664551,5.828000068664551,5.828000068664551,5.828000068664551,235,0.0,0.0,0.0,ADBG,5m
2026-02-09 13:10:00-05:00,5.84499979019165,5.84499979019165,5.835000038146973,5.835000038146973,537,0.0,0.0,0.0,ADBG,5m
2026-02-09 13:15:00-05:00,5.835000038146973,5.84499979019165,5.829999923706055,5.837399959564209,4107,0.0,0.0,0.0,ADBG,5m
2026-02-09 13:20:00-05:00,5.820000171661377,5.820000171661377,5.809999942779541,5.820000171661377,586,0.0,0.0,0.0,ADBG,5m
2026-02-09 13:25:00-05:00,5.820000171661377,5.820000171661377,5.809999942779541,5.809999942779541,4989,0.0,0.0,0.0,ADBG,5m
2026-02-09 13:30:00-05:00,5.815000057220459,5.820000171661377,5.809999942779541,5.820000171661377,7486,0.0,0.0,0.0,ADBG,5m
2026-02-09 13:35:00-05:00,5.820000171661377,5.824999809265137,5.802800178527832,5.824999809265137,2727,0.0,0.0,0.0,ADBG,5m
2026-02-09 13:40:00-05:00,5.824999809265137,5.829999923706055,5.815000057220459,5.824999809265137,3891,0.0,0.0,0.0,ADBG,5m
2026-02-09 13:45:00-05:00,5.815000057220459,5.820000171661377,5.815000057220459,5.820000171661377,766,0.0,0.0,0.0,ADBG,5m
2026-02-09 13:50:00-05:00,5.824999809265137,5.824999809265137,5.824999809265137,5.824999809265137,549698,0.0,0.0,0.0,ADBG,5m
2026-02-09 13:55:00-05:00,5.815000057220459,5.815000057220459,5.815000057220459,5.815000057220459,0,0.0,0.0,0.0,ADBG,5m
2026-02-09 14:00:00-05:00,5.815000057220459,5.820000171661377,5.815000057220459,5.815000057220459,502,0.0,0.0,0.0,ADBG,5m
2026-02-09 14:05:00-05:00,5.815000057220459,5.824999809265137,5.815000057220459,5.824999809265137,425,0.0,0.0,0.0,ADBG,5m
2026-02-09 14:10:00-05:00,5.820000171661377,5.824999809265137,5.820000171661377,5.820000171661377,4071,0.0,0.0,0.0,ADBG,5m
2026-02-09 14:15:00-05:00,5.820000171661377,5.820000171661377,5.809999942779541,5.809999942779541,3515,0.0,0.0,0.0,ADBG,5m
2026-02-09 14:20:00-05:00,5.804999828338623,5.804999828338623,5.800000190734863,5.804999828338623,2544,0.0,0.0,0.0,ADBG,5m
2026-02-09 14:25:00-05:00,5.804999828338623,5.804999828338623,5.800000190734863,5.804999828338623,3857,0.0,0.0,0.0,ADBG,5m
2026-02-09 14:30:00-05:00,5.800000190734863,5.800000190734863,5.794600009918213,5.794600009918213,1662,0.0,0.0,0.0,ADBG,5m
2026-02-09 14:35:00-05:00,5.784999847412109,5.789999961853027,5.764999866485596,5.764999866485596,8205,0.0,0.0,0.0,ADBG,5m
2026-02-09 14:40:00-05:00,5.764999866485596,5.769999980926514,5.764999866485596,5.769999980926514,589738,0.0,0.0,0.0,ADBG,5m
2026-02-09 14:45:00-05:00,5.78000020980835,5.78000020980835,5.769999980926514,5.769999980926514,0,0.0,0.0,0.0,ADBG,5m
2026-02-09 14:50:00-05:00,5.779699802398682,5.78000020980835,5.772799968719482,5.775000095367432,2114,0.0,0.0,0.0,ADBG,5m
2026-02-09 14:55:00-05:00,5.764999866485596,5.764999866485596,5.762899875640869,5.762899875640869,1130,0.0,0.0,0.0,ADBG,5m
2026-02-09 15:00:00-05:00,5.764999866485596,5.769899845123291,5.75,5.764999866485596,6625,0.0,0.0,0.0,ADBG,5m
2026-02-09 15:05:00-05:00,5.758200168609619,5.779900074005127,5.758200168609619,5.779900074005127,13505,0.0,0.0,0.0,ADBG,5m
2026-02-09 15:10:00-05:00,5.776800155639648,5.78000020980835,5.775000095367432,5.775000095367432,848,0.0,0.0,0.0,ADBG,5m
2026-02-09 15:15:00-05:00,5.775000095367432,5.784999847412109,5.775000095367432,5.78000020980835,7827,0.0,0.0,0.0,ADBG,5m
2026-02-09 15:20:00-05:00,5.769999980926514,5.78000020980835,5.764999866485596,5.764999866485596,4020,0.0,0.0,0.0,ADBG,5m
2026-02-09 15:25:00-05:00,5.760000228881836,5.760000228881836,5.75,5.755000114440918,2955,0.0,0.0,0.0,ADBG,5m
2026-02-09 15:30:00-05:00,5.755000114440918,5.755000114440918,5.744999885559082,5.747399806976318,1120,0.0,0.0,0.0,ADBG,5m
2026-02-09 15:35:00-05:00,5.747300148010254,5.747300148010254,5.747300148010254,5.747300148010254,277,0.0,0.0,0.0,ADBG,5m
2026-02-09 15:40:00-05:00,5.739999771118164,5.744999885559082,5.7332000732421875,5.744999885559082,4038,0.0,0.0,0.0,ADBG,5m
2026-02-09 15:45:00-05:00,5.749800205230713,5.749800205230713,5.744999885559082,5.744999885559082,9039,0.0,0.0,0.0,ADBG,5m
2026-02-09 15:50:00-05:00,5.760000228881836,5.764999866485596,5.7322998046875,5.7322998046875,11200,0.0,0.0,0.0,ADBG,5m
2026-02-09 15:55:00-05:00,5.739999771118164,5.760000228881836,5.739999771118164,5.760000228881836,9278,0.0,0.0,0.0,ADBG,5m
2026-02-10 09:30:00-05:00,5.764999866485596,5.909999847412109,5.75,5.830699920654297,93004,0.0,0.0,0.0,ADBG,5m
2026-02-10 09:35:00-05:00,5.824999809265137,5.869999885559082,5.809999942779541,5.820000171661377,22327,0.0,0.0,0.0,ADBG,5m
2026-02-10 09:40:00-05:00,5.814199924468994,5.820000171661377,5.760000228881836,5.800000190734863,66289,0.0,0.0,0.0,ADBG,5m
2026-02-10 09:45:00-05:00,5.820000171661377,5.880000114440918,5.820000171661377,5.869999885559082,27869,0.0,0.0,0.0,ADBG,5m
2026-02-10 09:50:00-05:00,5.87060022354126,5.889999866485596,5.820000171661377,5.829999923706055,20632,0.0,0.0,0.0,ADBG,5m
2026-02-10 09:55:00-05:00,5.824999809265137,5.849999904632568,5.820000171661377,5.849999904632568,17960,0.0,0.0,0.0,ADBG,5m
2026-02-10 10:00:00-05:00,5.849999904632568,5.880000114440918,5.840000152587891,5.880000114440918,322717,0.0,0.0,0.0,ADBG,5m
2026-02-10 10:05:00-05:00,5.885000228881836,5.909999847412109,5.880000114440918,5.900000095367432,0,0.0,0.0,0.0,ADBG,5m
2026-02-10 10:10:00-05:00,5.900000095367432,5.914999961853027,5.842100143432617,5.84499979019165,29889,0.0,0.0,0.0,ADBG,5m
2026-02-10 10:15:00-05:00,5.849999904632568,5.849999904632568,5.800000190734863,5.800000190734863,10291,0.0,0.0,0.0,ADBG,5m
2026-02-10 10:20:00-05:00,5.809999942779541,5.809999942779541,5.775000095367432,5.775000095367432,20612,0.0,0.0,0.0,ADBG,5m
2026-02-10 10:25:00-05:00,5.78000020980835,5.809199810028076,5.78000020980835,5.802800178527832,3073,0.0,0.0,0.0,ADBG,5m
2026-02-10 10:30:00-05:00,5.804999828338623,5.885000228881836,5.804999828338623,5.880000114440918,3912,0.0,0.0,0.0,ADBG,5m
2026-02-10 10:35:00-05:00,5.889999866485596,5.894999980926514,5.879899978637695,5.885799884796143,10814,0.0,0.0,0.0,ADBG,5m
2026-02-10 10:40:00-05:00,5.875,5.889999866485596,5.875,5.885000228881836,2162,0.0,0.0,0.0,ADBG,5m
2026-02-10 10:45:00-05:00,5.875,5.880000114440918,5.84499979019165,5.849899768829346,3716,0.0,0.0,0.0,ADBG,5m
2026-02-10 10:50:00-05:00,5.849999904632568,5.866000175476074,5.84499979019165,5.855000019073486,2545,0.0,0.0,0.0,ADBG,5m
2026-02-10 10:55:00-05:00,5.864999771118164,5.875,5.8592000007629395,5.860000133514404,420790,0.0,0.0,0.0,ADBG,5m
2026-02-10 11:00:00-05:00,5.849999904632568,5.875,5.84499979019165,5.875,0,0.0,0.0,0.0,ADBG,5m
2026-02-10 11:05:00-05:00,5.875,5.88700008392334,5.869999885559082,5.869999885559082,426368,0.0,0.0,0.0,ADBG,5m
2026-02-10 11:10:00-05:00,5.869999885559082,5.869999885559082,5.867400169372559,5.867400169372559,0,0.0,0.0,0.0,ADBG,5m
2026-02-10 11:15:00-05:00,5.860000133514404,5.860300064086914,5.849999904632568,5.860300064086914,40568,0.0,0.0,0.0,ADBG,5m
2026-02-10 11:20:00-05:00,5.849999904632568,5.849999904632568,5.820000171661377,5.820000171661377,0,0.0,0.0,0.0,ADBG,5m
2026-02-10 11:25:00-05:00,5.820000171661377,5.829999923706055,5.809999942779541,5.809999942779541,1160,0.0,0.0,0.0,ADBG,5m
2026-02-10 11:30:00-05:00,5.800000190734863,5.800000190734863,5.78000020980835,5.784999847412109,5811,0.0,0.0,0.0,ADBG,5m
2026-02-10 11:35:00-05:00,5.796500205993652,5.815000057220459,5.796500205993652,5.804999828338623,2506,0.0,0.0,0.0,ADBG,5m
2026-02-10 11:40:00-05:00,5.804999828338623,5.824999809265137,5.804999828338623,5.809999942779541,435685,0.0,0.0,0.0,ADBG,5m
2026-02-10 11:45:00-05:00,5.809999942779541,5.809999942779541,5.789999961853027,5.789999961853027,0,0.0,0.0,0.0,ADBG,5m
2026-02-10 11:50:00-05:00,5.78000020980835,5.78000020980835,5.763400077819824,5.769999980926514,2631,0.0,0.0,0.0,ADBG,5m
2026-02-10 11:55:00-05:00,5.78000020980835,5.78000020980835,5.78000020980835,5.78000020980835,3392,0.0,0.0,0.0,ADBG,5m
2026-02-10 12:00:00-05:00,5.789999961853027,5.789999961853027,5.789999961853027,5.789999961853027,10600,0.0,0.0,0.0,ADBG,5m
2026-02-10 12:05:00-05:00,5.769999980926514,5.787700176239014,5.769999980926514,5.784999847412109,4257,0.0,0.0,0.0,ADBG,5m
2026-02-10 12:10:00-05:00,5.789999961853027,5.789999961853027,5.78000020980835,5.78000020980835,316,0.0,0.0,0.0,ADBG,5m
2026-02-10 12:15:00-05:00,5.795000076293945,5.795000076293945,5.795000076293945,5.795000076293945,5711,0.0,0.0,0.0,ADBG,5m
2026-02-10 12:20:00-05:00,5.797399997711182,5.797399997711182,5.784999847412109,5.784999847412109,890,0.0,0.0,0.0,ADBG,5m
2026-02-10 12:25:00-05:00,5.795000076293945,5.815000057220459,5.795000076293945,5.800000190734863,3636,0.0,0.0,0.0,ADBG,5m
2026-02-10 12:30:00-05:00,5.800000190734863,5.800000190734863,5.789999961853027,5.795000076293945,7223,0.0,0.0,0.0,ADBG,5m
2026-02-10 12:35:00-05:00,5.789999961853027,5.789999961853027,5.785999774932861,5.785999774932861,455378,0.0,0.0,0.0,ADBG,5m
2026-02-10 12:40:00-05:00,5.784999847412109,5.789999961853027,5.78000020980835,5.78000020980835,0,0.0,0.0,0.0,ADBG,5m
2026-02-10 12:45:00-05:00,5.78000020980835,5.784999847412109,5.78000020980835,5.78000020980835,7692,0.0,0.0,0.0,ADBG,5m
2026-02-10 12:50:00-05:00,5.784999847412109,5.784999847412109,5.784999847412109,5.784999847412109,500,0.0,0.0,0.0,ADBG,5m
2026-02-10 12:55:00-05:00,5.789899826049805,5.789899826049805,5.764999866485596,5.764999866485596,915,0.0,0.0,0.0,ADBG,5m
2026-02-10 13:00:00-05:00,5.764999866485596,5.764999866485596,5.739999771118164,5.75,20781,0.0,0.0,0.0,ADBG,5m
2026-02-10 13:05:00-05:00,5.739999771118164,5.739999771118164,5.715099811553955,5.724999904632568,13690,0.0,0.0,0.0,ADBG,5m
2026-02-10 13:10:00-05:00,5.721399784088135,5.721399784088135,5.710000038146973,5.715000152587891,6028,0.0,0.0,0.0,ADBG,5m
2026-02-10 13:15:00-05:00,5.724999904632568,5.724999904632568,5.710000038146973,5.710000038146973,12470,0.0,0.0,0.0,ADBG,5m
2026-02-10 13:20:00-05:00,5.695000171661377,5.719900131225586,5.695000171661377,5.719900131225586,4074,0.0,0.0,0.0,ADBG,5m
2026-02-10 13:25:00-05:00,5.695000171661377,5.696400165557861,5.690000057220459,5.690000057220459,49992,0.0,0.0,0.0,ADBG,5m
2026-02-10 13:30:00-05:00,5.6894001960754395,5.690000057220459,5.684999942779541,5.690000057220459,4210,0.0,0.0,0.0,ADBG,5m
2026-02-10 13:35:00-05:00,5.679999828338623,5.698999881744385,5.679999828338623,5.690000057220459,21568,0.0,0.0,0.0,ADBG,5m
2026-02-10 13:40:00-05:00,5.690000057220459,5.710000038146973,5.679999828338623,5.679999828338623,3424,0.0,0.0,0.0,ADBG,5m
2026-02-10 13:45:00-05:00,5.664999961853027,5.664999961853027,5.659900188446045,5.659900188446045,3466,0.0,0.0,0.0,ADBG,5m
2026-02-10 13:50:00-05:00,5.650000095367432,5.655600070953369,5.649799823760986,5.655600070953369,2669,0.0,0.0,0.0,ADBG,5m
2026-02-10 13:55:00-05:00,5.65500020980835,5.670000076293945,5.65500020980835,5.659999847412109,5535,0.0,0.0,0.0,ADBG,5m
2026-02-10 14:00:00-05:00,5.659999847412109,5.664999961853027,5.659999847412109,5.664999961853027,6563,0.0,0.0,0.0,ADBG,5m
2026-02-10 14:05:00-05:00,5.65500020980835,5.670000076293945,5.65500020980835,5.670000076293945,3513,0.0,0.0,0.0,ADBG,5m
2026-02-10 14:10:00-05:00,5.652699947357178,5.652699947357178,5.652699947357178,5.652699947357178,10204,0.0,0.0,0.0,ADBG,5m
2026-02-10 14:15:00-05:00,5.670000076293945,5.670000076293945,5.670000076293945,5.670000076293945,614,0.0,0.0,0.0,ADBG,5m
2026-02-10 14:20:00-05:00,5.675000190734863,5.675000190734863,5.675000190734863,5.675000190734863,103,0.0,0.0,0.0,ADBG,5m
2026-02-10 14:25:00-05:00,5.684999942779541,5.686800003051758,5.679999828338623,5.679999828338623,19677,0.0,0.0,0.0,ADBG,5m
2026-02-10 14:30:00-05:00,5.684999942779541,5.695000171661377,5.679999828338623,5.679999828338623,1291,0.0,0.0,0.0,ADBG,5m
2026-02-10 14:35:00-05:00,5.679999828338623,5.679999828338623,5.659999847412109,5.664999961853027,29335,0.0,0.0,0.0,ADBG,5m
2026-02-10 14:40:00-05:00,5.659999847412109,5.664999961853027,5.659999847412109,5.659999847412109,2198,0.0,0.0,0.0,ADBG,5m
2026-02-10 14:45:00-05:00,5.659999847412109,5.664999961853027,5.65500020980835,5.664999961853027,0,0.0,0.0,0.0,ADBG,5m
2026-02-10 14:50:00-05:00,5.670000076293945,5.670000076293945,5.664999961853027,5.670000076293945,1011,0.0,0.0,0.0,ADBG,5m
2026-02-10 14:55:00-05:00,5.65500020980835,5.65500020980835,5.65500020980835,5.65500020980835,510,0.0,0.0,0.0,ADBG,5m
2026-02-10 15:00:00-05:00,5.650400161743164,5.679999828338623,5.650400161743164,5.675000190734863,5146,0.0,0.0,0.0,ADBG,5m
2026-02-10 15:05:00-05:00,5.670000076293945,5.670000076293945,5.65500020980835,5.659999847412109,306,0.0,0.0,0.0,ADBG,5m
2026-02-10 15:10:00-05:00,5.650000095367432,5.650000095367432,5.644999980926514,5.644999980926514,2949,0.0,0.0,0.0,ADBG,5m
2026-02-10 15:15:00-05:00,5.65500020980835,5.65500020980835,5.65500020980835,5.65500020980835,576270,0.0,0.0,0.0,ADBG,5m
2026-02-10 15:20:00-05:00,5.65500020980835,5.664999961853027,5.6545000076293945,5.664999961853027,0,0.0,0.0,0.0,ADBG,5m
2026-02-10 15:25:00-05:00,5.659999847412109,5.659999847412109,5.639999866485596,5.644499778747559,3909,0.0,0.0,0.0,ADBG,5m
2026-02-10 15:30:00-05:00,5.639999866485596,5.639999866485596,5.639999866485596,5.639999866485596,988,0.0,0.0,0.0,ADBG,5m
2026-02-10 15:35:00-05:00,5.630000114440918,5.636000156402588,5.625,5.635000228881836,1719,0.0,0.0,0.0,ADBG,5m
2026-02-10 15:40:00-05:00,5.636199951171875,5.637400150299072,5.630000114440918,5.637400150299072,2037,0.0,0.0,0.0,ADBG,5m
2026-02-10 15:45:00-05:00,5.635000228881836,5.650000095367432,5.635000228881836,5.650000095367432,981,0.0,0.0,0.0,ADBG,5m
2026-02-10 15:50:00-05:00,5.650000095367432,5.650000095367432,5.635000228881836,5.644999980926514,4488,0.0,0.0,0.0,ADBG,5m
2026-02-10 15:55:00-05:00,5.650199890136719,5.650199890136719,5.650199890136719,5.650199890136719,2300,0.0,0.0,0.0,ADBG,5m
2026-02-11 09:30:00-05:00,5.570000171661377,5.619999885559082,5.449999809265137,5.449999809265137,152984,0.0,0.0,0.0,ADBG,5m
2026-02-11 09:35:00-05:00,5.440000057220459,5.460000038146973,5.392399787902832,5.409999847412109,58842,0.0,0.0,0.0,ADBG,5m
2026-02-11 09:40:00-05:00,5.409999847412109,5.5,5.385000228881836,5.389999866485596,73005,0.0,0.0,0.0,ADBG,5m
2026-02-11 09:45:00-05:00,5.389999866485596,5.409999847412109,5.329999923706055,5.409999847412109,54237,0.0,0.0,0.0,ADBG,5m
2026-02-11 09:50:00-05:00,5.400000095367432,5.400000095367432,5.3333001136779785,5.355000019073486,101088,0.0,0.0,0.0,ADBG,5m
2026-02-11 09:55:00-05:00,5.355000019073486,5.355000019073486,5.322500228881836,5.349999904632568,37502,0.0,0.0,0.0,ADBG,5m
2026-02-11 10:00:00-05:00,5.360000133514404,5.375,5.329999923706055,5.3379998207092285,44033,0.0,0.0,0.0,ADBG,5m
2026-02-11 10:05:00-05:00,5.335000038146973,5.340000152587891,5.300000190734863,5.300000190734863,16134,0.0,0.0,0.0,ADBG,5m
2026-02-11 10:10:00-05:00,5.297500133514404,5.34499979019165,5.28000020980835,5.34499979019165,49805,0.0,0.0,0.0,ADBG,5m
2026-02-11 10:15:00-05:00,5.340000152587891,5.340000152587891,5.295000076293945,5.304999828338623,34277,0.0,0.0,0.0,ADBG,5m
2026-02-11 10:20:00-05:00,5.295000076293945,5.315000057220459,5.284999847412109,5.289999961853027,13329,0.0,0.0,0.0,ADBG,5m
2026-02-11 10:25:00-05:00,5.304999828338623,5.340000152587891,5.300000190734863,5.324999809265137,20835,0.0,0.0,0.0,ADBG,5m
2026-02-11 10:30:00-05:00,5.329999923706055,5.369999885559082,5.329999923706055,5.360000133514404,535205,0.0,0.0,0.0,ADBG,5m
2026-02-11 10:35:00-05:00,5.369900226593018,5.369999885559082,5.329999923706055,5.335000038146973,0,0.0,0.0,0.0,ADBG,5m
2026-02-11 10:40:00-05:00,5.329999923706055,5.34499979019165,5.304999828338623,5.34499979019165,23751,0.0,0.0,0.0,ADBG,5m
2026-02-11 10:45:00-05:00,5.340000152587891,5.360000133514404,5.329999923706055,5.340000152587891,3703,0.0,0.0,0.0,ADBG,5m
2026-02-11 10:50:00-05:00,5.340000152587891,5.3850998878479,5.329999923706055,5.375,27586,0.0,0.0,0.0,ADBG,5m
2026-02-11 10:55:00-05:00,5.375,5.380000114440918,5.360000133514404,5.364999771118164,1503,0.0,0.0,0.0,ADBG,5m
2026-02-11 11:00:00-05:00,5.360000133514404,5.360000133514404,5.34499979019165,5.349999904632568,9826,0.0,0.0,0.0,ADBG,5m
2026-02-11 11:05:00-05:00,5.335000038146973,5.34499979019165,5.329999923706055,5.329999923706055,2055,0.0,0.0,0.0,ADBG,5m
2026-02-11 11:10:00-05:00,5.329999923706055,5.340000152587891,5.329800128936768,5.330900192260742,4927,0.0,0.0,0.0,ADBG,5m
2026-02-11 11:15:00-05:00,5.335000038146973,5.35860013961792,5.330100059509277,5.355000019073486,16954,0.0,0.0,0.0,ADBG,5m
2026-02-11 11:20:00-05:00,5.355000019073486,5.364999771118164,5.355000019073486,5.355100154876709,1008,0.0,0.0,0.0,ADBG,5m
2026-02-11 11:25:00-05:00,5.349999904632568,5.349999904632568,5.324999809265137,5.324999809265137,11245,0.0,0.0,0.0,ADBG,5m
2026-02-11 11:30:00-05:00,5.324999809265137,5.369999885559082,5.324999809265137,5.360000133514404,9618,0.0,0.0,0.0,ADBG,5m
2026-02-11 11:35:00-05:00,5.355000019073486,5.35699987411499,5.340000152587891,5.355000019073486,639408,0.0,0.0,0.0,ADBG,5m
2026-02-11 11:40:00-05:00,5.355000019073486,5.369999885559082,5.349999904632568,5.349999904632568,8769,0.0,0.0,0.0,ADBG,5m
2026-02-11 11:45:00-05:00,5.349999904632568,5.349999904632568,5.309999942779541,5.320000171661377,0,0.0,0.0,0.0,ADBG,5m
2026-02-11 11:50:00-05:00,5.315000057220459,5.324999809265137,5.315000057220459,5.324999809265137,6409,0.0,0.0,0.0,ADBG,5m
2026-02-11 11:55:00-05:00,5.315000057220459,5.329999923706055,5.315000057220459,5.324999809265137,3898,0.0,0.0,0.0,ADBG,5m
2026-02-11 12:00:00-05:00,5.32450008392334,5.329999923706055,5.309999942779541,5.324999809265137,8382,0.0,0.0,0.0,ADBG,5m
2026-02-11 12:05:00-05:00,5.324999809265137,5.360000133514404,5.324999809265137,5.360000133514404,4347,0.0,0.0,0.0,ADBG,5m
2026-02-11 12:10:00-05:00,5.364999771118164,5.394999980926514,5.364999771118164,5.394999980926514,712349,0.0,0.0,0.0,ADBG,5m
2026-02-11 12:15:00-05:00,5.394999980926514,5.425000190734863,5.394999980926514,5.414999961853027,0,0.0,0.0,0.0,ADBG,5m
2026-02-11 12:20:00-05:00,5.425000190734863,5.474999904632568,5.425000190734863,5.474999904632568,10144,0.0,0.0,0.0,ADBG,5m
2026-02-11 12:25:00-05:00,5.460000038146973,5.465000152587891,5.4131999015808105,5.4131999015808105,14973,0.0,0.0,0.0,ADBG,5m
2026-02-11 12:30:00-05:00,5.420000076293945,5.426599979400635,5.394999980926514,5.394999980926514,8549,0.0,0.0,0.0,ADBG,5m
2026-02-11 12:35:00-05:00,5.400000095367432,5.400000095367432,5.369999885559082,5.375,1507,0.0,0.0,0.0,ADBG,5m
2026-02-11 12:40:00-05:00,5.369999885559082,5.385000228881836,5.369999885559082,5.380000114440918,14742,0.0,0.0,0.0,ADBG,5m
2026-02-11 12:45:00-05:00,5.380000114440918,5.380000114440918,5.360000133514404,5.360000133514404,790076,0.0,0.0,0.0,ADBG,5m
2026-02-11 12:50:00-05:00,5.369999885559082,5.388199806213379,5.364999771118164,5.380000114440918,0,0.0,0.0,0.0,ADBG,5m
2026-02-11 12:55:00-05:00,5.380000114440918,5.389999866485596,5.380000114440918,5.385000228881836,1508,0.0,0.0,0.0,ADBG,5m
2026-02-11 13:00:00-05:00,5.385000228881836,5.385000228881836,5.364999771118164,5.369999885559082,10536,0.0,0.0,0.0,ADBG,5m
2026-02-11 13:05:00-05:00,5.360000133514404,5.365499973297119,5.355000019073486,5.355000019073486,3271,0.0,0.0,0.0,ADBG,5m
2026-02-11 13:10:00-05:00,5.360000133514404,5.360000133514404,5.339900016784668,5.340000152587891,7931,0.0,0.0,0.0,ADBG,5m
2026-02-11 13:15:00-05:00,5.349999904632568,5.355000019073486,5.344900131225586,5.349999904632568,11139,0.0,0.0,0.0,ADBG,5m
2026-02-11 13:20:00-05:00,5.348400115966797,5.355000019073486,5.34499979019165,5.355000019073486,12282,0.0,0.0,0.0,ADBG,5m
2026-02-11 13:25:00-05:00,5.355000019073486,5.369900226593018,5.349999904632568,5.369900226593018,5296,0.0,0.0,0.0,ADBG,5m
2026-02-11 13:30:00-05:00,5.369999885559082,5.377600193023682,5.349999904632568,5.355000019073486,7775,0.0,0.0,0.0,ADBG,5m
2026-02-11 13:35:00-05:00,5.355000019073486,5.360000133514404,5.355000019073486,5.360000133514404,2453,0.0,0.0,0.0,ADBG,5m
2026-02-11 13:40:00-05:00,5.360000133514404,5.380099773406982,5.360000133514404,5.380099773406982,7372,0.0,0.0,0.0,ADBG,5m
2026-02-11 13:45:00-05:00,5.388700008392334,5.389999866485596,5.380000114440918,5.389999866485596,7285,0.0,0.0,0.0,ADBG,5m
2026-02-11 13:50:00-05:00,5.389999866485596,5.394999980926514,5.385000228881836,5.394999980926514,19267,0.0,0.0,0.0,ADBG,5m
2026-02-11 13:55:00-05:00,5.394999980926514,5.394999980926514,5.380000114440918,5.380000114440918,3727,0.0,0.0,0.0,ADBG,5m
2026-02-11 14:00:00-05:00,5.380000114440918,5.380000114440918,5.360000133514404,5.360000133514404,4780,0.0,0.0,0.0,ADBG,5m
2026-02-11 14:05:00-05:00,5.360000133514404,5.400000095367432,5.355000019073486,5.400000095367432,6871,0.0,0.0,0.0,ADBG,5m
2026-02-11 14:10:00-05:00,5.394999980926514,5.414999961853027,5.394999980926514,5.40500020980835,881550,0.0,0.0,0.0,ADBG,5m
2026-02-11 14:15:00-05:00,5.400000095367432,5.409900188446045,5.394999980926514,5.394999980926514,0,0.0,0.0,0.0,ADBG,5m
2026-02-11 14:20:00-05:00,5.385000228881836,5.389999866485596,5.375,5.389999866485596,6869,0.0,0.0,0.0,ADBG,5m
2026-02-11 14:25:00-05:00,5.389999866485596,5.389999866485596,5.385000228881836,5.385000228881836,2540,0.0,0.0,0.0,ADBG,5m
2026-02-11 14:30:00-05:00,5.380000114440918,5.389999866485596,5.380000114440918,5.389999866485596,801,0.0,0.0,0.0,ADBG,5m
2026-02-11 14:35:00-05:00,5.389999866485596,5.399899959564209,5.380000114440918,5.380000114440918,15600,0.0,0.0,0.0,ADBG,5m
2026-02-11 14:40:00-05:00,5.385000228881836,5.385000228881836,5.369999885559082,5.375,11561,0.0,0.0,0.0,ADBG,5m
2026-02-11 14:45:00-05:00,5.369999885559082,5.369999885559082,5.350200176239014,5.350200176239014,5827,0.0,0.0,0.0,ADBG,5m
2026-02-11 14:50:00-05:00,5.380000114440918,5.382900238037109,5.380000114440918,5.382900238037109,1546,0.0,0.0,0.0,ADBG,5m
2026-02-11 14:55:00-05:00,5.369999885559082,5.380000114440918,5.369999885559082,5.380000114440918,11405,0.0,0.0,0.0,ADBG,5m
2026-02-11 15:00:00-05:00,5.380000114440918,5.380000114440918,5.375,5.375,5662,0.0,0.0,0.0,ADBG,5m
2026-02-11 15:05:00-05:00,5.376500129699707,5.380000114440918,5.375,5.375,1814,0.0,0.0,0.0,ADBG,5m
2026-02-11 15:10:00-05:00,5.369999885559082,5.380000114440918,5.364999771118164,5.380000114440918,3797,0.0,0.0,0.0,ADBG,5m
2026-02-11 15:15:00-05:00,5.385000228881836,5.389900207519531,5.381499767303467,5.389900207519531,7705,0.0,0.0,0.0,ADBG,5m
2026-02-11 15:20:00-05:00,5.375,5.375,5.355000019073486,5.355000019073486,0,0.0,0.0,0.0,ADBG,5m
2026-02-11 15:25:00-05:00,5.355000019073486,5.355000019073486,5.329999923706055,5.329999923706055,3292,0.0,0.0,0.0,ADBG,5m
2026-02-11 15:30:00-05:00,5.324999809265137,5.336699962615967,5.322999954223633,5.3282999992370605,1640,0.0,0.0,0.0,ADBG,5m
2026-02-11 15:35:00-05:00,5.329999923706055,5.34499979019165,5.329999923706055,5.34499979019165,940552,0.0,0.0,0.0,ADBG,5m
2026-02-11 15:40:00-05:00,5.34499979019165,5.34499979019165,5.34499979019165,5.34499979019165,0,0.0,0.0,0.0,ADBG,5m
2026-02-11 15:45:00-05:00,5.340000152587891,5.360000133514404,5.340000152587891,5.360000133514404,5860,0.0,0.0,0.0,ADBG,5m
2026-02-11 15:50:00-05:00,5.355000019073486,5.365499973297119,5.349999904632568,5.360000133514404,6873,0.0,0.0,0.0,ADBG,5m
2026-02-11 15:55:00-05:00,5.360000133514404,5.360000133514404,5.329999923706055,5.330999851226807,16050,0.0,0.0,0.0,ADBG,5m
2026-02-12 09:30:00-05:00,5.360000133514404,5.525700092315674,5.349999904632568,5.480000019073486,49281,0.0,0.0,0.0,ADBG,5m
2026-02-12 09:35:00-05:00,5.46999979019165,5.510000228881836,5.429999828338623,5.460000038146973,40725,0.0,0.0,0.0,ADBG,5m
2026-02-12 09:40:00-05:00,5.46999979019165,5.46999979019165,5.349999904632568,5.352200031280518,31108,0.0,0.0,0.0,ADBG,5m
2026-02-12 09:45:00-05:00,5.360000133514404,5.360000133514404,5.300000190734863,5.320000171661377,15002,0.0,0.0,0.0,ADBG,5m
2026-02-12 09:50:00-05:00,5.300000190734863,5.340000152587891,5.284999847412109,5.340000152587891,16355,0.0,0.0,0.0,ADBG,5m
2026-02-12 09:55:00-05:00,5.329999923706055,5.349999904632568,5.315000057220459,5.329999923706055,14451,0.0,0.0,0.0,ADBG,5m
2026-02-12 10:00:00-05:00,5.320000171661377,5.349999904632568,5.320000171661377,5.349999904632568,3075,0.0,0.0,0.0,ADBG,5m
2026-02-12 10:05:00-05:00,5.329999923706055,5.329999923706055,5.306700229644775,5.309999942779541,8907,0.0,0.0,0.0,ADBG,5m
2026-02-12 10:10:00-05:00,5.300000190734863,5.340000152587891,5.300000190734863,5.329999923706055,10346,0.0,0.0,0.0,ADBG,5m
2026-02-12 10:15:00-05:00,5.329999923706055,5.340000152587891,5.320000171661377,5.335000038146973,3976,0.0,0.0,0.0,ADBG,5m
2026-02-12 10:20:00-05:00,5.329999923706055,5.335000038146973,5.315000057220459,5.329999923706055,3643,0.0,0.0,0.0,ADBG,5m
2026-02-12 10:25:00-05:00,5.324999809265137,5.324999809265137,5.288000106811523,5.310100078582764,10160,0.0,0.0,0.0,ADBG,5m
2026-02-12 10:30:00-05:00,5.329999923706055,5.329999923706055,5.315000057220459,5.320000171661377,4806,0.0,0.0,0.0,ADBG,5m
2026-02-12 10:35:00-05:00,5.309999942779541,5.309999942779541,5.303500175476074,5.303500175476074,7367,0.0,0.0,0.0,ADBG,5m
2026-02-12 10:40:00-05:00,5.269999980926514,5.289999961853027,5.269999980926514,5.269999980926514,32989,0.0,0.0,0.0,ADBG,5m
2026-02-12 10:45:00-05:00,5.28000020980835,5.28000020980835,5.235000133514404,5.250100135803223,33481,0.0,0.0,0.0,ADBG,5m
2026-02-12 10:50:00-05:00,5.25,5.25,5.175000190734863,5.179999828338623,16885,0.0,0.0,0.0,ADBG,5m
2026-02-12 10:55:00-05:00,5.170000076293945,5.170000076293945,5.110099792480469,5.110099792480469,15574,0.0,0.0,0.0,ADBG,5m
2026-02-12 11:00:00-05:00,5.12060022354126,5.12060022354126,5.085000038146973,5.101200103759766,8263,0.0,0.0,0.0,ADBG,5m
2026-02-12 11:05:00-05:00,5.119999885559082,5.135000228881836,5.114999771118164,5.130000114440918,37572,0.0,0.0,0.0,ADBG,5m
2026-02-12 11:10:00-05:00,5.133600234985352,5.15500020980835,5.130000114440918,5.15500020980835,5607,0.0,0.0,0.0,ADBG,5m
2026-02-12 11:15:00-05:00,5.15500020980835,5.179999828338623,5.150000095367432,5.179999828338623,12211,0.0,0.0,0.0,ADBG,5m
2026-02-12 11:20:00-05:00,5.179999828338623,5.184999942779541,5.164999961853027,5.184999942779541,12461,0.0,0.0,0.0,ADBG,5m
2026-02-12 11:25:00-05:00,5.170000076293945,5.179999828338623,5.15500020980835,5.159999847412109,20750,0.0,0.0,0.0,ADBG,5m
2026-02-12 11:30:00-05:00,5.170000076293945,5.175000190734863,5.15500020980835,5.175000190734863,3326,0.0,0.0,0.0,ADBG,5m
2026-02-12 11:35:00-05:00,5.179900169372559,5.186999797821045,5.15500020980835,5.159999847412109,23371,0.0,0.0,0.0,ADBG,5m
2026-02-12 11:40:00-05:00,5.159999847412109,5.168600082397461,5.130000114440918,5.130000114440918,18835,0.0,0.0,0.0,ADBG,5m
2026-02-12 11:45:00-05:00,5.130000114440918,5.130000114440918,5.105000019073486,5.119999885559082,30070,0.0,0.0,0.0,ADBG,5m
2026-02-12 11:50:00-05:00,5.125,5.135000228881836,5.119999885559082,5.135000228881836,536576,0.0,0.0,0.0,ADBG,5m
2026-02-12 11:55:00-05:00,5.135000228881836,5.150000095367432,5.135000228881836,5.144999980926514,0,0.0,0.0,0.0,ADBG,5m
2026-02-12 12:00:00-05:00,5.1479997634887695,5.150000095367432,5.144999980926514,5.144999980926514,615,0.0,0.0,0.0,ADBG,5m
2026-02-12 12:05:00-05:00,5.144999980926514,5.16949987411499,5.144999980926514,5.16949987411499,4859,0.0,0.0,0.0,ADBG,5m
2026-02-12 12:10:00-05:00,5.150000095367432,5.150000095367432,5.114999771118164,5.130000114440918,13385,0.0,0.0,0.0,ADBG,5m
2026-02-12 12:15:00-05:00,5.130000114440918,5.135000228881836,5.119999885559082,5.130000114440918,1519,0.0,0.0,0.0,ADBG,5m
2026-02-12 12:20:00-05:00,5.130000114440918,5.149899959564209,5.130000114440918,5.149899959564209,5997,0.0,0.0,0.0,ADBG,5m
2026-02-12 12:25:00-05:00,5.150000095367432,5.150000095367432,5.139999866485596,5.139999866485596,2399,0.0,0.0,0.0,ADBG,5m
2026-02-12 12:30:00-05:00,5.150000095367432,5.155099868774414,5.149799823760986,5.155099868774414,5280,0.0,0.0,0.0,ADBG,5m
2026-02-12 12:35:00-05:00,5.164999961853027,5.164999961853027,5.142499923706055,5.144999980926514,2919,0.0,0.0,0.0,ADBG,5m
2026-02-12 12:40:00-05:00,5.147500038146973,5.147500038146973,5.139999866485596,5.139999866485596,898,0.0,0.0,0.0,ADBG,5m
2026-02-12 12:45:00-05:00,5.114999771118164,5.125,5.114999771118164,5.119999885559082,14003,0.0,0.0,0.0,ADBG,5m
2026-02-12 12:50:00-05:00,5.119999885559082,5.135200023651123,5.114999771118164,5.135200023651123,19417,0.0,0.0,0.0,ADBG,5m
2026-02-12 12:55:00-05:00,5.122399806976318,5.122399806976318,5.122399806976318,5.122399806976318,305,0.0,0.0,0.0,ADBG,5m
2026-02-12 13:00:00-05:00,5.130000114440918,5.130000114440918,5.110000133514404,5.110799789428711,10463,0.0,0.0,0.0,ADBG,5m
2026-02-12 13:05:00-05:00,5.099999904632568,5.127099990844727,5.099999904632568,5.119999885559082,2579,0.0,0.0,0.0,ADBG,5m
2026-02-12 13:10:00-05:00,5.119999885559082,5.130099773406982,5.119999885559082,5.130000114440918,5780,0.0,0.0,0.0,ADBG,5m
2026-02-12 13:15:00-05:00,5.139999866485596,5.139999866485596,5.139900207519531,5.139999866485596,9719,0.0,0.0,0.0,ADBG,5m
2026-02-12 13:20:00-05:00,5.170000076293945,5.179900169372559,5.170000076293945,5.179900169372559,20057,0.0,0.0,0.0,ADBG,5m
2026-02-12 13:25:00-05:00,5.170000076293945,5.179999828338623,5.150000095367432,5.170000076293945,6991,0.0,0.0,0.0,ADBG,5m
2026-02-12 13:30:00-05:00,5.170000076293945,5.179999828338623,5.150000095367432,5.162600040435791,8186,0.0,0.0,0.0,ADBG,5m
2026-02-12 13:35:00-05:00,5.159999847412109,5.170000076293945,5.159999847412109,5.159999847412109,7216,0.0,0.0,0.0,ADBG,5m
2026-02-12 13:40:00-05:00,5.159999847412109,5.169899940490723,5.159999847412109,5.161399841308594,1071,0.0,0.0,0.0,ADBG,5m
2026-02-12 13:45:00-05:00,5.179999828338623,5.197500228881836,5.170000076293945,5.170000076293945,671072,0.0,0.0,0.0,ADBG,5m
2026-02-12 13:50:00-05:00,5.170000076293945,5.210000038146973,5.170000076293945,5.204999923706055,5858,0.0,0.0,0.0,ADBG,5m
2026-02-12 13:55:00-05:00,5.204999923706055,5.224999904632568,5.195000171661377,5.199999809265137,0,0.0,0.0,0.0,ADBG,5m
2026-02-12 14:00:00-05:00,5.199999809265137,5.204999923706055,5.195000171661377,5.204999923706055,1051,0.0,0.0,0.0,ADBG,5m
2026-02-12 14:05:00-05:00,5.204999923706055,5.255000114440918,5.204999923706055,5.255000114440918,4612,0.0,0.0,0.0,ADBG,5m
2026-02-12 14:10:00-05:00,5.264999866485596,5.289899826049805,5.260000228881836,5.260000228881836,23971,0.0,0.0,0.0,ADBG,5m
2026-02-12 14:15:00-05:00,5.255000114440918,5.28000020980835,5.255000114440918,5.28000020980835,5044,0.0,0.0,0.0,ADBG,5m
2026-02-12 14:20:00-05:00,5.28000020980835,5.295000076293945,5.269999980926514,5.295000076293945,3055,0.0,0.0,0.0,ADBG,5m
2026-02-12 14:25:00-05:00,5.295000076293945,5.295000076293945,5.269999980926514,5.284999847412109,11163,0.0,0.0,0.0,ADBG,5m
2026-02-12 14:30:00-05:00,5.289999961853027,5.320000171661377,5.289999961853027,5.315000057220459,35682,0.0,0.0,0.0,ADBG,5m
2026-02-12 14:35:00-05:00,5.315000057220459,5.349999904632568,5.315000057220459,5.34499979019165,11207,0.0,0.0,0.0,ADBG,5m
2026-02-12 14:40:00-05:00,5.349999904632568,5.355000019073486,5.3454999923706055,5.3454999923706055,10915,0.0,0.0,0.0,ADBG,5m
2026-02-12 14:45:00-05:00,5.355000019073486,5.375,5.349999904632568,5.375,26920,0.0,0.0,0.0,ADBG,5m
2026-02-12 14:50:00-05:00,5.369999885559082,5.375999927520752,5.369999885559082,5.369999885559082,4466,0.0,0.0,0.0,ADBG,5m
2026-02-12 14:55:00-05:00,5.369999885559082,5.394999980926514,5.369999885559082,5.394999980926514,6870,0.0,0.0,0.0,ADBG,5m
2026-02-12 15:00:00-05:00,5.40500020980835,5.454999923706055,5.400000095367432,5.454999923706055,25056,0.0,0.0,0.0,ADBG,5m
2026-02-12 15:05:00-05:00,5.474999904632568,5.510000228881836,5.474999904632568,5.489999771118164,29149,0.0,0.0,0.0,ADBG,5m
2026-02-12 15:10:00-05:00,5.494999885559082,5.524499893188477,5.494999885559082,5.519999980926514,34202,0.0,0.0,0.0,ADBG,5m
2026-02-12 15:15:00-05:00,5.53000020980835,5.53000020980835,5.482100009918213,5.485000133514404,20146,0.0,0.0,0.0,ADBG,5m
2026-02-12 15:20:00-05:00,5.489999771118164,5.505000114440918,5.485000133514404,5.494999885559082,35544,0.0,0.0,0.0,ADBG,5m
2026-02-12 15:25:00-05:00,5.505000114440918,5.534999847412109,5.505000114440918,5.525000095367432,12864,0.0,0.0,0.0,ADBG,5m
2026-02-12 15:30:00-05:00,5.53000020980835,5.550000190734863,5.52839994430542,5.539999961853027,29364,0.0,0.0,0.0,ADBG,5m
2026-02-12 15:35:00-05:00,5.5304999351501465,5.550000190734863,5.53000020980835,5.53000020980835,54596,0.0,0.0,0.0,ADBG,5m
2026-02-12 15:40:00-05:00,5.53000020980835,5.550000190734863,5.53000020980835,5.539999961853027,3657,0.0,0.0,0.0,ADBG,5m
2026-02-12 15:45:00-05:00,5.547599792480469,5.547599792480469,5.51140022277832,5.519999980926514,3297,0.0,0.0,0.0,ADBG,5m
2026-02-12 15:50:00-05:00,5.514999866485596,5.514999866485596,5.489999771118164,5.505000114440918,11347,0.0,0.0,0.0,ADBG,5m
2026-02-12 15:55:00-05:00,5.519999980926514,5.557499885559082,5.519999980926514,5.550600051879883,28446,0.0,0.0,0.0,ADBG,5m
2026-02-13 09:30:00-05:00,5.519999980926514,5.553100109100342,5.409999847412109,5.420000076293945,35944,0.0,0.0,0.0,ADBG,5m
2026-02-13 09:35:00-05:00,5.380000114440918,5.389999866485596,5.340000152587891,5.369999885559082,115438,0.0,0.0,0.0,ADBG,5m
2026-02-13 09:40:00-05:00,5.369999885559082,5.46999979019165,5.349999904632568,5.46999979019165,0,0.0,0.0,0.0,ADBG,5m
2026-02-13 09:45:00-05:00,5.465000152587891,5.539999961853027,5.454999923706055,5.510000228881836,87166,0.0,0.0,0.0,ADBG,5m
2026-02-13 09:50:00-05:00,5.510000228881836,5.519999980926514,5.429999828338623,5.449999809265137,47515,0.0,0.0,0.0,ADBG,5m
2026-02-13 09:55:00-05:00,5.460000038146973,5.494999885559082,5.425000190734863,5.429999828338623,15750,0.0,0.0,0.0,ADBG,5m
2026-02-13 10:00:00-05:00,5.440000057220459,5.480000019073486,5.420000076293945,5.480000019073486,32434,0.0,0.0,0.0,ADBG,5m
2026-02-13 10:05:00-05:00,5.46999979019165,5.474999904632568,5.440000057220459,5.460000038146973,42758,0.0,0.0,0.0,ADBG,5m
2026-02-13 10:10:00-05:00,5.460000038146973,5.510000228881836,5.449999809265137,5.480000019073486,16360,0.0,0.0,0.0,ADBG,5m
2026-02-13 10:15:00-05:00,5.480199813842773,5.519999980926514,5.46999979019165,5.480000019073486,592951,0.0,0.0,0.0,ADBG,5m
2026-02-13 10:20:00-05:00,5.489999771118164,5.514999866485596,5.449999809265137,5.469299793243408,0,0.0,0.0,0.0,ADBG,5m
2026-02-13 10:25:00-05:00,5.465000152587891,5.550000190734863,5.465000152587891,5.539999961853027,58391,0.0,0.0,0.0,ADBG,5m
2026-02-13 10:30:00-05:00,5.550000190734863,5.554999828338623,5.480000019073486,5.480000019073486,10822,0.0,0.0,0.0,ADBG,5m
2026-02-13 10:35:00-05:00,5.489999771118164,5.489999771118164,5.440000057220459,5.449999809265137,26549,0.0,0.0,0.0,ADBG,5m
2026-02-13 10:40:00-05:00,5.440000057220459,5.449999809265137,5.360000133514404,5.360000133514404,108326,0.0,0.0,0.0,ADBG,5m
2026-02-13 10:45:00-05:00,5.364999771118164,5.440000057220459,5.360000133514404,5.440000057220459,0,0.0,0.0,0.0,ADBG,5m
2026-02-13 10:50:00-05:00,5.449999809265137,5.480000019073486,5.449999809265137,5.480000019073486,13186,0.0,0.0,0.0,ADBG,5m
2026-02-13 10:55:00-05:00,5.5,5.5,5.489999771118164,5.489999771118164,14344,0.0,0.0,0.0,ADBG,5m
2026-02-13 11:00:00-05:00,5.494999885559082,5.5100998878479,5.485000133514404,5.494999885559082,25095,0.0,0.0,0.0,ADBG,5m
2026-02-13 11:05:00-05:00,5.505000114440918,5.519999980926514,5.505000114440918,5.519999980926514,18296,0.0,0.0,0.0,ADBG,5m
2026-02-13 11:10:00-05:00,5.498499870300293,5.5,5.498499870300293,5.5,5582,0.0,0.0,0.0,ADBG,5m
2026-02-13 11:15:00-05:00,5.53000020980835,5.53000020980835,5.510000228881836,5.510000228881836,6139,0.0,0.0,0.0,ADBG,5m
2026-02-13 11:20:00-05:00,5.5,5.510000228881836,5.485000133514404,5.488800048828125,24408,0.0,0.0,0.0,ADBG,5m
2026-02-13 11:25:00-05:00,5.505000114440918,5.534999847412109,5.505000114440918,5.534999847412109,3674,0.0,0.0,0.0,ADBG,5m
2026-02-13 11:30:00-05:00,5.545000076293945,5.570000171661377,5.545000076293945,5.559999942779541,11656,0.0,0.0,0.0,ADBG,5m
2026-02-13 11:35:00-05:00,5.559899806976318,5.559999942779541,5.545000076293945,5.554500102996826,5801,0.0,0.0,0.0,ADBG,5m
2026-02-13 11:40:00-05:00,5.554999828338623,5.570000171661377,5.550000190734863,5.570000171661377,4871,0.0,0.0,0.0,ADBG,5m
2026-02-13 11:45:00-05:00,5.585000038146973,5.585000038146973,5.570000171661377,5.570000171661377,17532,0.0,0.0,0.0,ADBG,5m
2026-02-13 11:50:00-05:00,5.579999923706055,5.590000152587891,5.574999809265137,5.589000225067139,18728,0.0,0.0,0.0,ADBG,5m
2026-02-13 11:55:00-05:00,5.590000152587891,5.611000061035156,5.590000152587891,5.610000133514404,27153,0.0,0.0,0.0,ADBG,5m
2026-02-13 12:00:00-05:00,5.619999885559082,5.630000114440918,5.614999771118164,5.614999771118164,17547,0.0,0.0,0.0,ADBG,5m
2026-02-13 12:05:00-05:00,5.614999771118164,5.619999885559082,5.614999771118164,5.614999771118164,1958,0.0,0.0,0.0,ADBG,5m
2026-02-13 12:10:00-05:00,5.619999885559082,5.635000228881836,5.619999885559082,5.635000228881836,9886,0.0,0.0,0.0,ADBG,5m
2026-02-13 12:15:00-05:00,5.630000114440918,5.657400131225586,5.630000114440918,5.650000095367432,5145,0.0,0.0,0.0,ADBG,5m
2026-02-13 12:20:00-05:00,5.644999980926514,5.65500020980835,5.639999866485596,5.639999866485596,8045,0.0,0.0,0.0,ADBG,5m
2026-02-13 12:25:00-05:00,5.610000133514404,5.639800071716309,5.605000019073486,5.635000228881836,8748,0.0,0.0,0.0,ADBG,5m
2026-02-13 12:30:00-05:00,5.639999866485596,5.649700164794922,5.639999866485596,5.6493000984191895,11524,0.0,0.0,0.0,ADBG,5m
2026-02-13 12:35:00-05:00,5.650000095367432,5.650000095367432,5.619999885559082,5.635000228881836,3916,0.0,0.0,0.0,ADBG,5m
2026-02-13 12:40:00-05:00,5.635000228881836,5.639999866485596,5.630000114440918,5.639999866485596,15434,0.0,0.0,0.0,ADBG,5m
2026-02-13 12:45:00-05:00,5.619999885559082,5.619999885559082,5.610000133514404,5.610099792480469,23466,0.0,0.0,0.0,ADBG,5m
2026-02-13 12:50:00-05:00,5.610000133514404,5.610000133514404,5.599800109863281,5.610000133514404,6218,0.0,0.0,0.0,ADBG,5m
2026-02-13 12:55:00-05:00,5.610000133514404,5.610000133514404,5.603400230407715,5.605000019073486,46649,0.0,0.0,0.0,ADBG,5m
2026-02-13 13:00:00-05:00,5.610000133514404,5.610000133514404,5.585000038146973,5.590099811553955,23969,0.0,0.0,0.0,ADBG,5m
2026-02-13 13:05:00-05:00,5.59499979019165,5.59499979019165,5.585000038146973,5.590099811553955,9102,0.0,0.0,0.0,ADBG,5m
2026-02-13 13:10:00-05:00,5.599999904632568,5.605000019073486,5.599999904632568,5.605000019073486,1131,0.0,0.0,0.0,ADBG,5m
2026-02-13 13:15:00-05:00,5.599999904632568,5.599999904632568,5.579999923706055,5.585000038146973,4050,0.0,0.0,0.0,ADBG,5m
2026-02-13 13:20:00-05:00,5.599999904632568,5.619999885559082,5.599999904632568,5.6082000732421875,15728,0.0,0.0,0.0,ADBG,5m
2026-02-13 13:25:00-05:00,5.590000152587891,5.599999904632568,5.570000171661377,5.579999923706055,14893,0.0,0.0,0.0,ADBG,5m
2026-02-13 13:30:00-05:00,5.579999923706055,5.59499979019165,5.579999923706055,5.59499979019165,2046,0.0,0.0,0.0,ADBG,5m
2026-02-13 13:35:00-05:00,5.59499979019165,5.59499979019165,5.590000152587891,5.590000152587891,1822,0.0,0.0,0.0,ADBG,5m
2026-02-13 13:40:00-05:00,5.599999904632568,5.599999904632568,5.579999923706055,5.579999923706055,1130,0.0,0.0,0.0,ADBG,5m
2026-02-13 13:45:00-05:00,5.585000038146973,5.585000038146973,5.585000038146973,5.585000038146973,1011,0.0,0.0,0.0,ADBG,5m
2026-02-13 13:50:00-05:00,5.575200080871582,5.579999923706055,5.570000171661377,5.579999923706055,2970,0.0,0.0,0.0,ADBG,5m
2026-02-13 13:55:00-05:00,5.579999923706055,5.579999923706055,5.570000171661377,5.570000171661377,1532,0.0,0.0,0.0,ADBG,5m
2026-02-13 14:00:00-05:00,5.574999809265137,5.574999809265137,5.574999809265137,5.574999809265137,303,0.0,0.0,0.0,ADBG,5m
2026-02-13 14:05:00-05:00,5.5995001792907715,5.600299835205078,5.59499979019165,5.600299835205078,9887,0.0,0.0,0.0,ADBG,5m
2026-02-13 14:10:00-05:00,5.599999904632568,5.599999904632568,5.585000038146973,5.599999904632568,9653,0.0,0.0,0.0,ADBG,5m
2026-02-13 14:15:00-05:00,5.609899997711182,5.614999771118164,5.609899997711182,5.614999771118164,8919,0.0,0.0,0.0,ADBG,5m
2026-02-13 14:20:00-05:00,5.62939977645874,5.639999866485596,5.62939977645874,5.639999866485596,5709,0.0,0.0,0.0,ADBG,5m
2026-02-13 14:25:00-05:00,5.630000114440918,5.630000114440918,5.59499979019165,5.59499979019165,68,0.0,0.0,0.0,ADBG,5m
2026-02-13 14:30:00-05:00,5.579999923706055,5.614999771118164,5.579999923706055,5.614999771118164,13073,0.0,0.0,0.0,ADBG,5m
2026-02-13 14:35:00-05:00,5.599999904632568,5.605000019073486,5.579999923706055,5.579999923706055,17374,0.0,0.0,0.0,ADBG,5m
2026-02-13 14:40:00-05:00,5.5920000076293945,5.5920000076293945,5.574999809265137,5.579999923706055,11798,0.0,0.0,0.0,ADBG,5m
2026-02-13 14:45:00-05:00,5.599999904632568,5.599999904632568,5.59499979019165,5.59499979019165,3749,0.0,0.0,0.0,ADBG,5m
2026-02-13 14:55:00-05:00,5.585000038146973,5.586999893188477,5.559999942779541,5.559999942779541,1700,0.0,0.0,0.0,ADBG,5m
2026-02-13 15:00:00-05:00,5.559999942779541,5.570000171661377,5.559999942779541,5.565000057220459,7027,0.0,0.0,0.0,ADBG,5m
2026-02-13 15:05:00-05:00,5.574999809265137,5.574999809265137,5.574999809265137,5.574999809265137,505,0.0,0.0,0.0,ADBG,5m
2026-02-13 15:10:00-05:00,5.570000171661377,5.570000171661377,5.570000171661377,5.570000171661377,334,0.0,0.0,0.0,ADBG,5m
2026-02-13 15:15:00-05:00,5.554999828338623,5.574999809265137,5.554999828338623,5.574999809265137,1441,0.0,0.0,0.0,ADBG,5m
2026-02-13 15:20:00-05:00,5.570000171661377,5.579999923706055,5.570000171661377,5.574999809265137,3658,0.0,0.0,0.0,ADBG,5m
2026-02-13 15:25:00-05:00,5.570000171661377,5.570000171661377,5.539999961853027,5.539999961853027,5080,0.0,0.0,0.0,ADBG,5m
2026-02-13 15:30:00-05:00,5.554999828338623,5.554999828338623,5.539999961853027,5.539999961853027,7448,0.0,0.0,0.0,ADBG,5m
2026-02-13 15:35:00-05:00,5.5381999015808105,5.5381999015808105,5.525000095367432,5.534999847412109,67,0.0,0.0,0.0,ADBG,5m
2026-02-13 15:40:00-05:00,5.534999847412109,5.539999961853027,5.534999847412109,5.539999961853027,300,0.0,0.0,0.0,ADBG,5m
2026-02-13 15:45:00-05:00,5.545000076293945,5.547500133514404,5.539999961853027,5.547500133514404,7451,0.0,0.0,0.0,ADBG,5m
2026-02-13 15:50:00-05:00,5.550000190734863,5.579999923706055,5.549900054931641,5.579899787902832,4775,0.0,0.0,0.0,ADBG,5m
2026-02-13 15:55:00-05:00,5.579999923706055,5.599999904632568,5.579999923706055,5.5970001220703125,50396,0.0,0.0,0.0,ADBG,5m
2026-02-17 09:30:00-05:00,5.670000076293945,5.820000171661377,5.650000095367432,5.670000076293945,62468,0.0,0.0,0.0,ADBG,5m
2026-02-17 09:35:00-05:00,5.670000076293945,5.670000076293945,5.550000190734863,5.550000190734863,56963,0.0,0.0,0.0,ADBG,5m
2026-02-17 09:40:00-05:00,5.559999942779541,5.559999942779541,5.460000038146973,5.46999979019165,17939,0.0,0.0,0.0,ADBG,5m
2026-02-17 09:45:00-05:00,5.480000019073486,5.489999771118164,5.40500020980835,5.449999809265137,24527,0.0,0.0,0.0,ADBG,5m
2026-02-17 09:50:00-05:00,5.449999809265137,5.449999809265137,5.382599830627441,5.400000095367432,26312,0.0,0.0,0.0,ADBG,5m
2026-02-17 09:55:00-05:00,5.400000095367432,5.400000095367432,5.364999771118164,5.380000114440918,26824,0.0,0.0,0.0,ADBG,5m
2026-02-17 10:00:00-05:00,5.378300189971924,5.389999866485596,5.360000133514404,5.360000133514404,21948,0.0,0.0,0.0,ADBG,5m
2026-02-17 10:05:00-05:00,5.360000133514404,5.389999866485596,5.34499979019165,5.34499979019165,31838,0.0,0.0,0.0,ADBG,5m
2026-02-17 10:10:00-05:00,5.340000152587891,5.355000019073486,5.304999828338623,5.309999942779541,27005,0.0,0.0,0.0,ADBG,5m
2026-02-17 10:15:00-05:00,5.309999942779541,5.340000152587891,5.304999828338623,5.320000171661377,11255,0.0,0.0,0.0,ADBG,5m
2026-02-17 10:20:00-05:00,5.304999828338623,5.304999828338623,5.269999980926514,5.269999980926514,29587,0.0,0.0,0.0,ADBG,5m
2026-02-17 10:25:00-05:00,5.269999980926514,5.289999961853027,5.255000114440918,5.289999961853027,14062,0.0,0.0,0.0,ADBG,5m
2026-02-17 10:30:00-05:00,5.296299934387207,5.296299934387207,5.264999866485596,5.269999980926514,5320,0.0,0.0,0.0,ADBG,5m
2026-02-17 10:35:00-05:00,5.288400173187256,5.304999828338623,5.28000020980835,5.288000106811523,21254,0.0,0.0,0.0,ADBG,5m
2026-02-17 10:40:00-05:00,5.289999961853027,5.300000190734863,5.269999980926514,5.275000095367432,12234,0.0,0.0,0.0,ADBG,5m
2026-02-17 10:45:00-05:00,5.28000020980835,5.304999828338623,5.275000095367432,5.275000095367432,17724,0.0,0.0,0.0,ADBG,5m
2026-02-17 10:50:00-05:00,5.275000095367432,5.289999961853027,5.264999866485596,5.284999847412109,15475,0.0,0.0,0.0,ADBG,5m
2026-02-17 10:55:00-05:00,5.289999961853027,5.304999828338623,5.275000095367432,5.304999828338623,11652,0.0,0.0,0.0,ADBG,5m
2026-02-17 11:00:00-05:00,5.315000057220459,5.335000038146973,5.304999828338623,5.315000057220459,5514,0.0,0.0,0.0,ADBG,5m
2026-02-17 11:05:00-05:00,5.320000171661377,5.379799842834473,5.315000057220459,5.379700183868408,41646,0.0,0.0,0.0,ADBG,5m
2026-02-17 11:10:00-05:00,5.375,5.385000228881836,5.369999885559082,5.380899906158447,6607,0.0,0.0,0.0,ADBG,5m
2026-02-17 11:15:00-05:00,5.385000228881836,5.409999847412109,5.375,5.409999847412109,14731,0.0,0.0,0.0,ADBG,5m
2026-02-17 11:20:00-05:00,5.40500020980835,5.425000190734863,5.401599884033203,5.414999961853027,15633,0.0,0.0,0.0,ADBG,5m
2026-02-17 11:25:00-05:00,5.420000076293945,5.440000057220459,5.400000095367432,5.400000095367432,16517,0.0,0.0,0.0,ADBG,5m
2026-02-17 11:30:00-05:00,5.40500020980835,5.425000190734863,5.40500020980835,5.420599937438965,3542,0.0,0.0,0.0,ADBG,5m
2026-02-17 11:35:00-05:00,5.42080020904541,5.434999942779541,5.42080020904541,5.429900169372559,10538,0.0,0.0,0.0,ADBG,5m
2026-02-17 11:40:00-05:00,5.429999828338623,5.429999828338623,5.400000095367432,5.400000095367432,5594,0.0,0.0,0.0,ADBG,5m
2026-02-17 11:45:00-05:00,5.389999866485596,5.389999866485596,5.349999904632568,5.360000133514404,35274,0.0,0.0,0.0,ADBG,5m
2026-02-17 11:50:00-05:00,5.38670015335083,5.38670015335083,5.375,5.380199909210205,11542,0.0,0.0,0.0,ADBG,5m
2026-02-17 11:55:00-05:00,5.380000114440918,5.389999866485596,5.369999885559082,5.375,1588,0.0,0.0,0.0,ADBG,5m
2026-02-17 12:00:00-05:00,5.380000114440918,5.380000114440918,5.369999885559082,5.379799842834473,10831,0.0,0.0,0.0,ADBG,5m
2026-02-17 12:05:00-05:00,5.389999866485596,5.394999980926514,5.380000114440918,5.380000114440918,10639,0.0,0.0,0.0,ADBG,5m
2026-02-17 12:10:00-05:00,5.386600017547607,5.386600017547607,5.364999771118164,5.375,16186,0.0,0.0,0.0,ADBG,5m
2026-02-17 12:15:00-05:00,5.390100002288818,5.390100002288818,5.369999885559082,5.380000114440918,5811,0.0,0.0,0.0,ADBG,5m
2026-02-17 12:20:00-05:00,5.375,5.385000228881836,5.360000133514404,5.385000228881836,5228,0.0,0.0,0.0,ADBG,5m
2026-02-17 12:25:00-05:00,5.389999866485596,5.409999847412109,5.389999866485596,5.409999847412109,0,0.0,0.0,0.0,ADBG,5m
2026-02-17 12:30:00-05:00,5.420000076293945,5.429999828338623,5.414999961853027,5.414999961853027,3290,0.0,0.0,0.0,ADBG,5m
2026-02-17 12:35:00-05:00,5.422100067138672,5.422100067138672,5.400000095367432,5.400000095367432,7487,0.0,0.0,0.0,ADBG,5m
2026-02-17 12:40:00-05:00,5.364999771118164,5.369999885559082,5.364999771118164,5.364999771118164,1408,0.0,0.0,0.0,ADBG,5m
2026-02-17 12:45:00-05:00,5.360000133514404,5.369999885559082,5.349999904632568,5.360000133514404,10739,0.0,0.0,0.0,ADBG,5m
2026-02-17 12:50:00-05:00,5.34499979019165,5.34499979019165,5.315000057220459,5.315000057220459,1154,0.0,0.0,0.0,ADBG,5m
2026-02-17 12:55:00-05:00,5.320000171661377,5.375,5.315000057220459,5.375,7884,0.0,0.0,0.0,ADBG,5m
2026-02-17 13:00:00-05:00,5.349999904632568,5.364999771118164,5.349999904632568,5.364999771118164,2439,0.0,0.0,0.0,ADBG,5m
2026-02-17 13:05:00-05:00,5.360000133514404,5.364999771118164,5.355000019073486,5.360000133514404,6801,0.0,0.0,0.0,ADBG,5m
2026-02-17 13:10:00-05:00,5.360000133514404,5.385000228881836,5.360000133514404,5.385000228881836,1540,0.0,0.0,0.0,ADBG,5m
2026-02-17 13:15:00-05:00,5.375,5.380000114440918,5.364999771118164,5.380000114440918,2286,0.0,0.0,0.0,ADBG,5m
2026-02-17 13:20:00-05:00,5.380499839782715,5.425000190734863,5.380499839782715,5.409999847412109,6767,0.0,0.0,0.0,ADBG,5m
2026-02-17 13:25:00-05:00,5.420000076293945,5.429999828338623,5.414999961853027,5.429999828338623,7022,0.0,0.0,0.0,ADBG,5m
2026-02-17 13:30:00-05:00,5.429900169372559,5.460000038146973,5.429900169372559,5.440000057220459,3740,0.0,0.0,0.0,ADBG,5m
2026-02-17 13:35:00-05:00,5.445000171661377,5.445000171661377,5.425000190734863,5.429999828338623,582,0.0,0.0,0.0,ADBG,5m
2026-02-17 13:40:00-05:00,5.440000057220459,5.445000171661377,5.434999942779541,5.434999942779541,4808,0.0,0.0,0.0,ADBG,5m
2026-02-17 13:45:00-05:00,5.434999942779541,5.434999942779541,5.425000190734863,5.425000190734863,2101,0.0,0.0,0.0,ADBG,5m
2026-02-17 13:50:00-05:00,5.434999942779541,5.434999942779541,5.425000190734863,5.429999828338623,466,0.0,0.0,0.0,ADBG,5m
2026-02-17 13:55:00-05:00,5.432499885559082,5.434999942779541,5.432499885559082,5.434999942779541,3524,0.0,0.0,0.0,ADBG,5m
2026-02-17 14:00:00-05:00,5.425000190734863,5.425000190734863,5.420000076293945,5.420000076293945,7711,0.0,0.0,0.0,ADBG,5m
2026-02-17 14:05:00-05:00,5.445000171661377,5.449999809265137,5.440000057220459,5.440000057220459,1675,0.0,0.0,0.0,ADBG,5m
2026-02-17 14:10:00-05:00,5.434999942779541,5.449999809265137,5.434999942779541,5.449999809265137,723,0.0,0.0,0.0,ADBG,5m
2026-02-17 14:15:00-05:00,5.449999809265137,5.449999809265137,5.445000171661377,5.445000171661377,1258,0.0,0.0,0.0,ADBG,5m
2026-02-17 14:20:00-05:00,5.449999809265137,5.454999923706055,5.449999809265137,5.454999923706055,475,0.0,0.0,0.0,ADBG,5m
2026-02-17 14:25:00-05:00,5.445000171661377,5.445000171661377,5.440000057220459,5.440000057220459,224,0.0,0.0,0.0,ADBG,5m
2026-02-17 14:30:00-05:00,5.440100193023682,5.445000171661377,5.440000057220459,5.445000171661377,5080,0.0,0.0,0.0,ADBG,5m
2026-02-17 14:35:00-05:00,5.460000038146973,5.465000152587891,5.454999923706055,5.45989990234375,784,0.0,0.0,0.0,ADBG,5m
2026-02-17 14:40:00-05:00,5.460000038146973,5.46999979019165,5.460000038146973,5.465000152587891,612954,0.0,0.0,0.0,ADBG,5m
2026-02-17 14:45:00-05:00,5.454999923706055,5.46999979019165,5.454999923706055,5.46999979019165,0,0.0,0.0,0.0,ADBG,5m
2026-02-17 14:50:00-05:00,5.468200206756592,5.46999979019165,5.460100173950195,5.465000152587891,1264,0.0,0.0,0.0,ADBG,5m
2026-02-17 14:55:00-05:00,5.461999893188477,5.461999893188477,5.454999923706055,5.454999923706055,8100,0.0,0.0,0.0,ADBG,5m
2026-02-17 15:00:00-05:00,5.451399803161621,5.460000038146973,5.451399803161621,5.460000038146973,634260,0.0,0.0,0.0,ADBG,5m
2026-02-17 15:05:00-05:00,5.469699859619141,5.46999979019165,5.469699859619141,5.46999979019165,0,0.0,0.0,0.0,ADBG,5m
2026-02-17 15:15:00-05:00,5.445000171661377,5.445000171661377,5.440299987792969,5.445000171661377,5692,0.0,0.0,0.0,ADBG,5m
2026-02-17 15:20:00-05:00,5.429999828338623,5.439700126647949,5.429999828338623,5.439700126647949,10000,0.0,0.0,0.0,ADBG,5m
2026-02-17 15:25:00-05:00,5.445499897003174,5.445499897003174,5.440000057220459,5.440000057220459,0,0.0,0.0,0.0,ADBG,5m
2026-02-17 15:30:00-05:00,5.434999942779541,5.434999942779541,5.434999942779541,5.434999942779541,10000,0.0,0.0,0.0,ADBG,5m
2026-02-17 15:35:00-05:00,5.434999942779541,5.440000057220459,5.434999942779541,5.440000057220459,0,0.0,0.0,0.0,ADBG,5m
2026-02-17 15:40:00-05:00,5.429999828338623,5.440000057220459,5.429999828338623,5.440000057220459,781,0.0,0.0,0.0,ADBG,5m
2026-02-17 15:45:00-05:00,5.434999942779541,5.445499897003174,5.434999942779541,5.445499897003174,2251,0.0,0.0,0.0,ADBG,5m
2026-02-17 15:50:00-05:00,5.449999809265137,5.449999809265137,5.449999809265137,5.449999809265137,5628,0.0,0.0,0.0,ADBG,5m
2026-02-17 15:55:00-05:00,5.4492998123168945,5.4492998123168945,5.436500072479248,5.445499897003174,14151,0.0,0.0,0.0,ADBG,5m
2026-02-18 09:30:00-05:00,5.489999771118164,5.489999771118164,5.309999942779541,5.369999885559082,63596,0.0,0.0,0.0,ADBG,5m
2026-02-18 09:35:00-05:00,5.369999885559082,5.420000076293945,5.360000133514404,5.400000095367432,33139,0.0,0.0,0.0,ADBG,5m
2026-02-18 09:40:00-05:00,5.40500020980835,5.420000076293945,5.375,5.409999847412109,28006,0.0,0.0,0.0,ADBG,5m
2026-02-18 09:45:00-05:00,5.429999828338623,5.46999979019165,5.380000114440918,5.400000095367432,23669,0.0,0.0,0.0,ADBG,5m
2026-02-18 09:50:00-05:00,5.400000095367432,5.429999828338623,5.385000228881836,5.409999847412109,11389,0.0,0.0,0.0,ADBG,5m
2026-02-18 09:55:00-05:00,5.414999961853027,5.445000171661377,5.409900188446045,5.409999847412109,226347,0.0,0.0,0.0,ADBG,5m
2026-02-18 10:00:00-05:00,5.40500020980835,5.409999847412109,5.380000114440918,5.409900188446045,0,0.0,0.0,0.0,ADBG,5m
2026-02-18 10:05:00-05:00,5.429999828338623,5.434999942779541,5.420000076293945,5.434999942779541,11218,0.0,0.0,0.0,ADBG,5m
2026-02-18 10:10:00-05:00,5.432400226593018,5.465000152587891,5.429999828338623,5.465000152587891,10934,0.0,0.0,0.0,ADBG,5m
2026-02-18 10:15:00-05:00,5.460000038146973,5.474999904632568,5.440000057220459,5.440000057220459,12664,0.0,0.0,0.0,ADBG,5m
2026-02-18 10:20:00-05:00,5.449999809265137,5.465000152587891,5.440000057220459,5.445000171661377,7812,0.0,0.0,0.0,ADBG,5m
2026-02-18 10:25:00-05:00,5.449999809265137,5.465000152587891,5.449999809265137,5.465000152587891,5775,0.0,0.0,0.0,ADBG,5m
2026-02-18 10:30:00-05:00,5.449999809265137,5.454999923706055,5.434500217437744,5.454999923706055,9768,0.0,0.0,0.0,ADBG,5m
2026-02-18 10:35:00-05:00,5.465000152587891,5.474999904632568,5.465000152587891,5.465000152587891,2273,0.0,0.0,0.0,ADBG,5m
2026-02-18 10:40:00-05:00,5.489999771118164,5.494999885559082,5.474999904632568,5.474999904632568,2260,0.0,0.0,0.0,ADBG,5m
2026-02-18 10:45:00-05:00,5.465000152587891,5.479899883270264,5.454999923706055,5.454999923706055,6512,0.0,0.0,0.0,ADBG,5m
2026-02-18 10:50:00-05:00,5.440000057220459,5.4506001472473145,5.440000057220459,5.4506001472473145,10640,0.0,0.0,0.0,ADBG,5m
2026-02-18 10:55:00-05:00,5.460000038146973,5.460000038146973,5.440000057220459,5.445000171661377,295772,0.0,0.0,0.0,ADBG,5m
2026-02-18 11:00:00-05:00,5.449999809265137,5.46999979019165,5.449999809265137,5.460000038146973,0,0.0,0.0,0.0,ADBG,5m
2026-02-18 11:05:00-05:00,5.46999979019165,5.474999904632568,5.454999923706055,5.454999923706055,2152,0.0,0.0,0.0,ADBG,5m
2026-02-18 11:10:00-05:00,5.440000057220459,5.445000171661377,5.440000057220459,5.445000171661377,1909,0.0,0.0,0.0,ADBG,5m
2026-02-18 11:15:00-05:00,5.440000057220459,5.445000171661377,5.429999828338623,5.429999828338623,2226,0.0,0.0,0.0,ADBG,5m
2026-02-18 11:20:00-05:00,5.434999942779541,5.445000171661377,5.434999942779541,5.445000171661377,16821,0.0,0.0,0.0,ADBG,5m
2026-02-18 11:25:00-05:00,5.445000171661377,5.445000171661377,5.440000057220459,5.440400123596191,554,0.0,0.0,0.0,ADBG,5m
2026-02-18 11:30:00-05:00,5.434999942779541,5.445000171661377,5.434999942779541,5.445000171661377,744,0.0,0.0,0.0,ADBG,5m
2026-02-18 11:35:00-05:00,5.460000038146973,5.460000038146973,5.454999923706055,5.45989990234375,5384,0.0,0.0,0.0,ADBG,5m
2026-02-18 11:40:00-05:00,5.460000038146973,5.462800025939941,5.460000038146973,5.460000038146973,15728,0.0,0.0,0.0,ADBG,5m
2026-02-18 11:45:00-05:00,5.454999923706055,5.454999923706055,5.449999809265137,5.454999923706055,756,0.0,0.0,0.0,ADBG,5m
2026-02-18 11:50:00-05:00,5.454999923706055,5.454999923706055,5.449999809265137,5.449999809265137,460,0.0,0.0,0.0,ADBG,5m
2026-02-18 11:55:00-05:00,5.440000057220459,5.440000057220459,5.440000057220459,5.440000057220459,997,0.0,0.0,0.0,ADBG,5m
2026-02-18 12:00:00-05:00,5.460000038146973,5.480000019073486,5.460000038146973,5.474999904632568,1749,0.0,0.0,0.0,ADBG,5m
2026-02-18 12:05:00-05:00,5.485000133514404,5.499300003051758,5.480000019073486,5.499300003051758,1868,0.0,0.0,0.0,ADBG,5m
2026-02-18 12:10:00-05:00,5.489999771118164,5.4928998947143555,5.489999771118164,5.489999771118164,4470,0.0,0.0,0.0,ADBG,5m
2026-02-18 12:15:00-05:00,5.500400066375732,5.505000114440918,5.5,5.5,3508,0.0,0.0,0.0,ADBG,5m
2026-02-18 12:20:00-05:00,5.494999885559082,5.494999885559082,5.489999771118164,5.494999885559082,4570,0.0,0.0,0.0,ADBG,5m
2026-02-18 12:25:00-05:00,5.494999885559082,5.494999885559082,5.490200042724609,5.494999885559082,1051,0.0,0.0,0.0,ADBG,5m
2026-02-18 12:30:00-05:00,5.493299961090088,5.510000228881836,5.493299961090088,5.505000114440918,3377,0.0,0.0,0.0,ADBG,5m
2026-02-18 12:35:00-05:00,5.505000114440918,5.505000114440918,5.504499912261963,5.504499912261963,508,0.0,0.0,0.0,ADBG,5m
2026-02-18 12:40:00-05:00,5.5,5.5,5.5,5.5,809,0.0,0.0,0.0,ADBG,5m
2026-02-18 12:45:00-05:00,5.5,5.505000114440918,5.494999885559082,5.494999885559082,5102,0.0,0.0,0.0,ADBG,5m
2026-02-18 12:50:00-05:00,5.505000114440918,5.505000114440918,5.505000114440918,5.505000114440918,4937,0.0,0.0,0.0,ADBG,5m
2026-02-18 12:55:00-05:00,5.505000114440918,5.505000114440918,5.505000114440918,5.505000114440918,719,0.0,0.0,0.0,ADBG,5m
2026-02-18 13:00:00-05:00,5.5,5.505000114440918,5.5,5.5,4559,0.0,0.0,0.0,ADBG,5m
2026-02-18 13:05:00-05:00,5.489999771118164,5.489999771118164,5.488999843597412,5.488999843597412,5685,0.0,0.0,0.0,ADBG,5m
2026-02-18 13:10:00-05:00,5.480000019073486,5.489999771118164,5.480000019073486,5.489999771118164,11269,0.0,0.0,0.0,ADBG,5m
2026-02-18 13:15:00-05:00,5.489999771118164,5.490499973297119,5.482399940490723,5.482399940490723,2411,0.0,0.0,0.0,ADBG,5m
2026-02-18 13:20:00-05:00,5.485000133514404,5.485000133514404,5.480000019073486,5.480000019073486,10600,0.0,0.0,0.0,ADBG,5m
2026-02-18 13:25:00-05:00,5.480000019073486,5.485000133514404,5.480000019073486,5.485000133514404,1272,0.0,0.0,0.0,ADBG,5m
2026-02-18 13:30:00-05:00,5.494999885559082,5.499800205230713,5.494999885559082,5.499800205230713,3515,0.0,0.0,0.0,ADBG,5m
2026-02-18 13:40:00-05:00,5.485000133514404,5.485000133514404,5.46999979019165,5.474999904632568,1165,0.0,0.0,0.0,ADBG,5m
2026-02-18 13:45:00-05:00,5.46999979019165,5.479899883270264,5.46999979019165,5.46999979019165,1168,0.0,0.0,0.0,ADBG,5m
2026-02-18 13:50:00-05:00,5.454999923706055,5.454999923706055,5.449999809265137,5.454999923706055,422944,0.0,0.0,0.0,ADBG,5m
2026-02-18 13:55:00-05:00,5.460000038146973,5.460000038146973,5.4593000411987305,5.4593000411987305,0,0.0,0.0,0.0,ADBG,5m
2026-02-18 14:00:00-05:00,5.449999809265137,5.474999904632568,5.449999809265137,5.465000152587891,431787,0.0,0.0,0.0,ADBG,5m
2026-02-18 14:05:00-05:00,5.46999979019165,5.480000019073486,5.46999979019165,5.480000019073486,0,0.0,0.0,0.0,ADBG,5m
2026-02-18 14:10:00-05:00,5.473499774932861,5.4882001876831055,5.473499774932861,5.480000019073486,5420,0.0,0.0,0.0,ADBG,5m
2026-02-18 14:15:00-05:00,5.46999979019165,5.46999979019165,5.46999979019165,5.46999979019165,1345,0.0,0.0,0.0,ADBG,5m
2026-02-18 14:20:00-05:00,5.46999979019165,5.480000019073486,5.46999979019165,5.478899955749512,10232,0.0,0.0,0.0,ADBG,5m
2026-02-18 14:25:00-05:00,5.480000019073486,5.485000133514404,5.480000019073486,5.485000133514404,462456,0.0,0.0,0.0,ADBG,5m
2026-02-18 14:30:00-05:00,5.480000019073486,5.480000019073486,5.480000019073486,5.480000019073486,0,0.0,0.0,0.0,ADBG,5m
2026-02-18 14:35:00-05:00,5.489999771118164,5.489999771118164,5.474999904632568,5.474999904632568,450,0.0,0.0,0.0,ADBG,5m
2026-02-18 14:40:00-05:00,5.474999904632568,5.5,5.474999904632568,5.4899001121521,22702,0.0,0.0,0.0,ADBG,5m
2026-02-18 14:45:00-05:00,5.489999771118164,5.490099906921387,5.489999771118164,5.490099906921387,7581,0.0,0.0,0.0,ADBG,5m
2026-02-18 14:50:00-05:00,5.46999979019165,5.46999979019165,5.46999979019165,5.46999979019165,170,0.0,0.0,0.0,ADBG,5m
2026-02-18 14:55:00-05:00,5.454999923706055,5.465000152587891,5.454999923706055,5.465000152587891,596,0.0,0.0,0.0,ADBG,5m
2026-02-18 15:00:00-05:00,5.494999885559082,5.505000114440918,5.494999885559082,5.5,5327,0.0,0.0,0.0,ADBG,5m
2026-02-18 15:05:00-05:00,5.494999885559082,5.509900093078613,5.492099761962891,5.506800174713135,4213,0.0,0.0,0.0,ADBG,5m
2026-02-18 15:10:00-05:00,5.510000228881836,5.519899845123291,5.510000228881836,5.514999866485596,3801,0.0,0.0,0.0,ADBG,5m
2026-02-18 15:15:00-05:00,5.510000228881836,5.53000020980835,5.510000228881836,5.53000020980835,564,0.0,0.0,0.0,ADBG,5m
2026-02-18 15:20:00-05:00,5.53000020980835,5.53000020980835,5.510000228881836,5.510000228881836,2491,0.0,0.0,0.0,ADBG,5m
2026-02-18 15:25:00-05:00,5.514999866485596,5.519999980926514,5.510000228881836,5.510000228881836,8273,0.0,0.0,0.0,ADBG,5m
2026-02-18 15:30:00-05:00,5.510000228881836,5.527100086212158,5.510000228881836,5.527100086212158,1112,0.0,0.0,0.0,ADBG,5m
2026-02-18 15:35:00-05:00,5.525000095367432,5.529900074005127,5.525000095367432,5.525000095367432,511637,0.0,0.0,0.0,ADBG,5m
2026-02-18 15:40:00-05:00,5.534999847412109,5.534999847412109,5.525000095367432,5.525000095367432,0,0.0,0.0,0.0,ADBG,5m
2026-02-18 15:45:00-05:00,5.53000020980835,5.534999847412109,5.53000020980835,5.534999847412109,1233,0.0,0.0,0.0,ADBG,5m
2026-02-18 15:50:00-05:00,5.5507001876831055,5.570000171661377,5.550000190734863,5.570000171661377,4432,0.0,0.0,0.0,ADBG,5m
2026-02-18 15:55:00-05:00,5.570000171661377,5.570000171661377,5.559999942779541,5.568999767303467,15966,0.0,0.0,0.0,ADBG,5m
2026-02-19 09:30:00-05:00,5.585000038146973,5.610000133514404,5.539999961853027,5.539999961853027,20405,0.0,0.0,0.0,ADBG,5m
2026-02-19 09:35:00-05:00,5.510000228881836,5.510000228881836,5.429999828338623,5.429999828338623,23881,0.0,0.0,0.0,ADBG,5m
2026-02-19 09:40:00-05:00,5.425000190734863,5.460000038146973,5.420000076293945,5.460000038146973,42859,0.0,0.0,0.0,ADBG,5m
2026-02-19 09:45:00-05:00,5.465000152587891,5.46999979019165,5.420000076293945,5.46999979019165,14523,0.0,0.0,0.0,ADBG,5m
2026-02-19 09:50:00-05:00,5.46999979019165,5.480000019073486,5.420000076293945,5.440000057220459,9166,0.0,0.0,0.0,ADBG,5m
2026-02-19 09:55:00-05:00,5.469900131225586,5.474999904632568,5.440000057220459,5.440000057220459,6564,0.0,0.0,0.0,ADBG,5m
2026-02-19 10:00:00-05:00,5.420000076293945,5.480000019073486,5.420000076293945,5.480000019073486,2749,0.0,0.0,0.0,ADBG,5m
2026-02-19 10:05:00-05:00,5.480000019073486,5.480000019073486,5.449999809265137,5.454999923706055,9793,0.0,0.0,0.0,ADBG,5m
2026-02-19 10:10:00-05:00,5.460100173950195,5.460100173950195,5.434999942779541,5.434999942779541,569,0.0,0.0,0.0,ADBG,5m
2026-02-19 10:15:00-05:00,5.445000171661377,5.449999809265137,5.434999942779541,5.434999942779541,4773,0.0,0.0,0.0,ADBG,5m
2026-02-19 10:20:00-05:00,5.460000038146973,5.46999979019165,5.449999809265137,5.454999923706055,6659,0.0,0.0,0.0,ADBG,5m
2026-02-19 10:25:00-05:00,5.460000038146973,5.460000038146973,5.429999828338623,5.429999828338623,5078,0.0,0.0,0.0,ADBG,5m
2026-02-19 10:30:00-05:00,5.445000171661377,5.445000171661377,5.420000076293945,5.440000057220459,4147,0.0,0.0,0.0,ADBG,5m
2026-02-19 10:35:00-05:00,5.440000057220459,5.440000057220459,5.420000076293945,5.425000190734863,4106,0.0,0.0,0.0,ADBG,5m
2026-02-19 10:40:00-05:00,5.413400173187256,5.420000076293945,5.396999835968018,5.400000095367432,3621,0.0,0.0,0.0,ADBG,5m
2026-02-19 10:45:00-05:00,5.394999980926514,5.40500020980835,5.385000228881836,5.385000228881836,3503,0.0,0.0,0.0,ADBG,5m
2026-02-19 10:50:00-05:00,5.394999980926514,5.394999980926514,5.360000133514404,5.364999771118164,3141,0.0,0.0,0.0,ADBG,5m
2026-02-19 10:55:00-05:00,5.359899997711182,5.400000095367432,5.359899997711182,5.400000095367432,1990,0.0,0.0,0.0,ADBG,5m
2026-02-19 11:00:00-05:00,5.389999866485596,5.389999866485596,5.369999885559082,5.369999885559082,1427,0.0,0.0,0.0,ADBG,5m
2026-02-19 11:05:00-05:00,5.375,5.379300117492676,5.364999771118164,5.369999885559082,8272,0.0,0.0,0.0,ADBG,5m
2026-02-19 11:10:00-05:00,5.389999866485596,5.400000095367432,5.389999866485596,5.394999980926514,1156,0.0,0.0,0.0,ADBG,5m
2026-02-19 11:15:00-05:00,5.409999847412109,5.4197001457214355,5.408599853515625,5.409999847412109,1735,0.0,0.0,0.0,ADBG,5m
2026-02-19 11:20:00-05:00,5.4197998046875,5.420000076293945,5.40500020980835,5.40500020980835,1565,0.0,0.0,0.0,ADBG,5m
2026-02-19 11:25:00-05:00,5.394999980926514,5.394999980926514,5.375,5.375,790,0.0,0.0,0.0,ADBG,5m
2026-02-19 11:30:00-05:00,5.380000114440918,5.389999866485596,5.380000114440918,5.389999866485596,3751,0.0,0.0,0.0,ADBG,5m
2026-02-19 11:35:00-05:00,5.380000114440918,5.389999866485596,5.375,5.389999866485596,3697,0.0,0.0,0.0,ADBG,5m
2026-02-19 11:40:00-05:00,5.381400108337402,5.385000228881836,5.360000133514404,5.360000133514404,11018,0.0,0.0,0.0,ADBG,5m
2026-02-19 11:45:00-05:00,5.359899997711182,5.361299991607666,5.349999904632568,5.360000133514404,5685,0.0,0.0,0.0,ADBG,5m
2026-02-19 11:50:00-05:00,5.360000133514404,5.369800090789795,5.360000133514404,5.369800090789795,2001,0.0,0.0,0.0,ADBG,5m
2026-02-19 11:55:00-05:00,5.380000114440918,5.380000114440918,5.369999885559082,5.375,630,0.0,0.0,0.0,ADBG,5m
2026-02-19 12:00:00-05:00,5.369999885559082,5.369999885559082,5.324999809265137,5.349999904632568,7078,0.0,0.0,0.0,ADBG,5m
2026-02-19 12:05:00-05:00,5.349999904632568,5.380000114440918,5.349999904632568,5.375,3271,0.0,0.0,0.0,ADBG,5m
2026-02-19 12:10:00-05:00,5.369999885559082,5.379300117492676,5.369999885559082,5.376699924468994,2750,0.0,0.0,0.0,ADBG,5m
2026-02-19 12:15:00-05:00,5.369999885559082,5.389999866485596,5.369999885559082,5.389999866485596,3966,0.0,0.0,0.0,ADBG,5m
2026-02-19 12:20:00-05:00,5.389999866485596,5.409999847412109,5.389999866485596,5.409999847412109,2044,0.0,0.0,0.0,ADBG,5m
2026-02-19 12:25:00-05:00,5.409999847412109,5.409999847412109,5.400000095367432,5.400000095367432,597,0.0,0.0,0.0,ADBG,5m
2026-02-19 12:30:00-05:00,5.389999866485596,5.389999866485596,5.388500213623047,5.388500213623047,2159,0.0,0.0,0.0,ADBG,5m
2026-02-19 12:35:00-05:00,5.385000228881836,5.399799823760986,5.385000228881836,5.399799823760986,550,0.0,0.0,0.0,ADBG,5m
2026-02-19 12:40:00-05:00,5.400000095367432,5.400000095367432,5.400000095367432,5.400000095367432,1383,0.0,0.0,0.0,ADBG,5m
2026-02-19 12:45:00-05:00,5.369999885559082,5.369999885559082,5.369999885559082,5.369999885559082,794,0.0,0.0,0.0,ADBG,5m
2026-02-19 12:50:00-05:00,5.375,5.380000114440918,5.364999771118164,5.380000114440918,1101,0.0,0.0,0.0,ADBG,5m
2026-02-19 12:55:00-05:00,5.380000114440918,5.380000114440918,5.369999885559082,5.369999885559082,441,0.0,0.0,0.0,ADBG,5m
2026-02-19 13:00:00-05:00,5.355000019073486,5.355000019073486,5.340000152587891,5.34499979019165,2797,0.0,0.0,0.0,ADBG,5m
2026-02-19 13:05:00-05:00,5.340000152587891,5.340000152587891,5.329999923706055,5.339700222015381,474616,0.0,0.0,0.0,ADBG,5m
2026-02-19 13:10:00-05:00,5.34499979019165,5.34499979019165,5.335000038146973,5.340000152587891,0,0.0,0.0,0.0,ADBG,5m
2026-02-19 13:15:00-05:00,5.349999904632568,5.349999904632568,5.34499979019165,5.34499979019165,1297,0.0,0.0,0.0,ADBG,5m
2026-02-19 13:20:00-05:00,5.335000038146973,5.335000038146973,5.335000038146973,5.335000038146973,293,0.0,0.0,0.0,ADBG,5m
2026-02-19 13:25:00-05:00,5.349999904632568,5.349999904632568,5.349999904632568,5.349999904632568,620,0.0,0.0,0.0,ADBG,5m
2026-02-19 13:30:00-05:00,5.340000152587891,5.340000152587891,5.340000152587891,5.340000152587891,140,0.0,0.0,0.0,ADBG,5m
2026-02-19 13:35:00-05:00,5.34499979019165,5.34499979019165,5.34499979019165,5.34499979019165,558,0.0,0.0,0.0,ADBG,5m
2026-02-19 13:45:00-05:00,5.364999771118164,5.368199825286865,5.364999771118164,5.368199825286865,1798,0.0,0.0,0.0,ADBG,5m
2026-02-19 13:55:00-05:00,5.369999885559082,5.369999885559082,5.369999885559082,5.369999885559082,1093,0.0,0.0,0.0,ADBG,5m
2026-02-19 14:00:00-05:00,5.364999771118164,5.364999771118164,5.364999771118164,5.364999771118164,128,0.0,0.0,0.0,ADBG,5m
2026-02-19 14:05:00-05:00,5.364999771118164,5.364999771118164,5.349999904632568,5.349999904632568,892,0.0,0.0,0.0,ADBG,5m
2026-02-19 14:10:00-05:00,5.355000019073486,5.355000019073486,5.34499979019165,5.34499979019165,1200,0.0,0.0,0.0,ADBG,5m
2026-02-19 14:15:00-05:00,5.360000133514404,5.360000133514404,5.340000152587891,5.340000152587891,3364,0.0,0.0,0.0,ADBG,5m
2026-02-19 14:20:00-05:00,5.340000152587891,5.340000152587891,5.340000152587891,5.340000152587891,419,0.0,0.0,0.0,ADBG,5m
2026-02-19 14:25:00-05:00,5.355000019073486,5.355000019073486,5.349999904632568,5.349999904632568,2438,0.0,0.0,0.0,ADBG,5m
2026-02-19 14:30:00-05:00,5.349999904632568,5.360000133514404,5.340000152587891,5.349999904632568,1069,0.0,0.0,0.0,ADBG,5m
2026-02-19 14:35:00-05:00,5.335000038146973,5.335000038146973,5.324999809265137,5.324999809265137,1584,0.0,0.0,0.0,ADBG,5m
2026-02-19 14:40:00-05:00,5.324999809265137,5.324999809265137,5.320000171661377,5.320000171661377,837,0.0,0.0,0.0,ADBG,5m
2026-02-19 14:45:00-05:00,5.329999923706055,5.329999923706055,5.329999923706055,5.329999923706055,954,0.0,0.0,0.0,ADBG,5m
2026-02-19 14:50:00-05:00,5.329999923706055,5.329999923706055,5.329999923706055,5.329999923706055,2495,0.0,0.0,0.0,ADBG,5m
2026-02-19 14:55:00-05:00,5.3445000648498535,5.3445000648498535,5.338600158691406,5.338600158691406,2560,0.0,0.0,0.0,ADBG,5m
2026-02-19 15:00:00-05:00,5.339900016784668,5.340000152587891,5.335000038146973,5.339799880981445,1530,0.0,0.0,0.0,ADBG,5m
2026-02-19 15:05:00-05:00,5.34499979019165,5.349999904632568,5.34499979019165,5.349999904632568,900,0.0,0.0,0.0,ADBG,5m
2026-02-19 15:10:00-05:00,5.349999904632568,5.349999904632568,5.340000152587891,5.340000152587891,301,0.0,0.0,0.0,ADBG,5m
2026-02-19 15:15:00-05:00,5.340000152587891,5.340000152587891,5.340000152587891,5.340000152587891,994,0.0,0.0,0.0,ADBG,5m
2026-02-19 15:20:00-05:00,5.355000019073486,5.357600212097168,5.355000019073486,5.357600212097168,714,0.0,0.0,0.0,ADBG,5m
2026-02-19 15:25:00-05:00,5.34499979019165,5.34499979019165,5.34499979019165,5.34499979019165,985,0.0,0.0,0.0,ADBG,5m
2026-02-19 15:30:00-05:00,5.34499979019165,5.360000133514404,5.34499979019165,5.355000019073486,532859,0.0,0.0,0.0,ADBG,5m
2026-02-19 15:35:00-05:00,5.355000019073486,5.364999771118164,5.355000019073486,5.360000133514404,0,0.0,0.0,0.0,ADBG,5m
2026-02-19 15:40:00-05:00,5.360000133514404,5.360000133514404,5.349999904632568,5.349999904632568,935,0.0,0.0,0.0,ADBG,5m
2026-02-19 15:45:00-05:00,5.360000133514404,5.364999771118164,5.360000133514404,5.364999771118164,6203,0.0,0.0,0.0,ADBG,5m
2026-02-19 15:50:00-05:00,5.360000133514404,5.380000114440918,5.360000133514404,5.380000114440918,2322,0.0,0.0,0.0,ADBG,5m
2026-02-19 15:55:00-05:00,5.382500171661377,5.394999980926514,5.382500171661377,5.394999980926514,6557,0.0,0.0,0.0,ADBG,5m
2026-02-20 09:30:00-05:00,5.190000057220459,5.315000057220459,5.179999828338623,5.260000228881836,38393,0.0,0.0,0.0,ADBG,5m
2026-02-20 09:35:00-05:00,5.269999980926514,5.349800109863281,5.269999980926514,5.289999961853027,17629,0.0,0.0,0.0,ADBG,5m
2026-02-20 09:40:00-05:00,5.289999961853027,5.34499979019165,5.289999961853027,5.320000171661377,9711,0.0,0.0,0.0,ADBG,5m
2026-02-20 09:45:00-05:00,5.34499979019165,5.349999904632568,5.289999961853027,5.335000038146973,177130,0.0,0.0,0.0,ADBG,5m
2026-02-20 09:50:00-05:00,5.335000038146973,5.409999847412109,5.335000038146973,5.369999885559082,0,0.0,0.0,0.0,ADBG,5m
2026-02-20 09:55:00-05:00,5.400000095367432,5.440000057220459,5.369999885559082,5.389999866485596,16392,0.0,0.0,0.0,ADBG,5m
2026-02-20 10:00:00-05:00,5.389999866485596,5.480000019073486,5.380000114440918,5.480000019073486,4849,0.0,0.0,0.0,ADBG,5m
2026-02-20 10:05:00-05:00,5.440000057220459,5.465000152587891,5.420000076293945,5.461999893188477,7454,0.0,0.0,0.0,ADBG,5m
2026-02-20 10:10:00-05:00,5.46999979019165,5.5,5.449999809265137,5.458600044250488,4497,0.0,0.0,0.0,ADBG,5m
2026-02-20 10:15:00-05:00,5.409999847412109,5.419899940490723,5.389999866485596,5.394999980926514,9187,0.0,0.0,0.0,ADBG,5m
2026-02-20 10:20:00-05:00,5.396399974822998,5.398600101470947,5.385000228881836,5.385000228881836,5096,0.0,0.0,0.0,ADBG,5m
2026-02-20 10:25:00-05:00,5.360000133514404,5.364999771118164,5.349999904632568,5.360000133514404,6171,0.0,0.0,0.0,ADBG,5m
2026-02-20 10:30:00-05:00,5.360000133514404,5.360000133514404,5.285299777984619,5.300000190734863,61689,0.0,0.0,0.0,ADBG,5m
2026-02-20 10:35:00-05:00,5.289999961853027,5.300000190734863,5.284999847412109,5.287600040435791,10686,0.0,0.0,0.0,ADBG,5m
2026-02-20 10:40:00-05:00,5.275000095367432,5.275000095367432,5.269999980926514,5.269999980926514,2864,0.0,0.0,0.0,ADBG,5m
2026-02-20 10:45:00-05:00,5.300000190734863,5.315000057220459,5.300000190734863,5.309999942779541,920,0.0,0.0,0.0,ADBG,5m
2026-02-20 10:50:00-05:00,5.304999828338623,5.320000171661377,5.293399810791016,5.319399833679199,8324,0.0,0.0,0.0,ADBG,5m
2026-02-20 10:55:00-05:00,5.320000171661377,5.320000171661377,5.300000190734863,5.307600021362305,3621,0.0,0.0,0.0,ADBG,5m
2026-02-20 11:00:00-05:00,5.304999828338623,5.304999828338623,5.269999980926514,5.269999980926514,2327,0.0,0.0,0.0,ADBG,5m
2026-02-20 11:05:00-05:00,5.295300006866455,5.309999942779541,5.289999961853027,5.309999942779541,2616,0.0,0.0,0.0,ADBG,5m
2026-02-20 11:10:00-05:00,5.300000190734863,5.300000190734863,5.300000190734863,5.300000190734863,313,0.0,0.0,0.0,ADBG,5m
2026-02-20 11:15:00-05:00,5.284999847412109,5.284999847412109,5.269999980926514,5.284999847412109,8767,0.0,0.0,0.0,ADBG,5m
2026-02-20 11:20:00-05:00,5.303199768066406,5.303199768066406,5.303199768066406,5.303199768066406,2044,0.0,0.0,0.0,ADBG,5m
2026-02-20 11:25:00-05:00,5.286799907684326,5.286799907684326,5.28000020980835,5.28000020980835,1775,0.0,0.0,0.0,ADBG,5m
2026-02-20 11:30:00-05:00,5.269999980926514,5.277599811553955,5.25600004196167,5.260000228881836,8047,0.0,0.0,0.0,ADBG,5m
2026-02-20 11:35:00-05:00,5.264999866485596,5.295000076293945,5.260000228881836,5.295000076293945,3921,0.0,0.0,0.0,ADBG,5m
2026-02-20 11:40:00-05:00,5.309999942779541,5.309999942779541,5.309999942779541,5.309999942779541,1333,0.0,0.0,0.0,ADBG,5m
2026-02-20 11:45:00-05:00,5.329999923706055,5.329999923706055,5.329999923706055,5.329999923706055,1262,0.0,0.0,0.0,ADBG,5m
2026-02-20 11:50:00-05:00,5.320000171661377,5.320000171661377,5.320000171661377,5.320000171661377,1450,0.0,0.0,0.0,ADBG,5m
2026-02-20 11:55:00-05:00,5.315000057220459,5.320000171661377,5.31279993057251,5.320000171661377,12492,0.0,0.0,0.0,ADBG,5m
2026-02-20 12:05:00-05:00,5.269999980926514,5.269999980926514,5.25,5.25,2728,0.0,0.0,0.0,ADBG,5m
2026-02-20 12:10:00-05:00,5.254499912261963,5.254499912261963,5.254499912261963,5.254499912261963,251,0.0,0.0,0.0,ADBG,5m
2026-02-20 12:15:00-05:00,5.255000114440918,5.255000114440918,5.249300003051758,5.249300003051758,1487,0.0,0.0,0.0,ADBG,5m
2026-02-20 12:20:00-05:00,5.251999855041504,5.255000114440918,5.244999885559082,5.255000114440918,5327,0.0,0.0,0.0,ADBG,5m
2026-02-20 12:25:00-05:00,5.260000228881836,5.260000228881836,5.25,5.260000228881836,41695,0.0,0.0,0.0,ADBG,5m
2026-02-20 12:30:00-05:00,5.275000095367432,5.284999847412109,5.275000095367432,5.284999847412109,735,0.0,0.0,0.0,ADBG,5m
2026-02-20 12:35:00-05:00,5.282599925994873,5.295499801635742,5.282599925994873,5.289999961853027,2581,0.0,0.0,0.0,ADBG,5m
2026-02-20 12:40:00-05:00,5.295000076293945,5.295000076293945,5.295000076293945,5.295000076293945,247,0.0,0.0,0.0,ADBG,5m
2026-02-20 12:45:00-05:00,5.299900054931641,5.300000190734863,5.288000106811523,5.300000190734863,1561,0.0,0.0,0.0,ADBG,5m
2026-02-20 12:55:00-05:00,5.315000057220459,5.315000057220459,5.295000076293945,5.300000190734863,6273,0.0,0.0,0.0,ADBG,5m
2026-02-20 13:00:00-05:00,5.300000190734863,5.300000190734863,5.28000020980835,5.289999961853027,3391,0.0,0.0,0.0,ADBG,5m
2026-02-20 13:05:00-05:00,5.307600021362305,5.307600021362305,5.300099849700928,5.300099849700928,2188,0.0,0.0,0.0,ADBG,5m
2026-02-20 13:10:00-05:00,5.295000076293945,5.295000076293945,5.29010009765625,5.29010009765625,0,0.0,0.0,0.0,ADBG,5m
2026-02-20 13:15:00-05:00,5.28000020980835,5.289999961853027,5.269999980926514,5.289999961853027,6623,0.0,0.0,0.0,ADBG,5m
2026-02-20 13:20:00-05:00,5.28000020980835,5.289999961853027,5.28000020980835,5.289999961853027,575,0.0,0.0,0.0,ADBG,5m
2026-02-20 13:25:00-05:00,5.269999980926514,5.275000095367432,5.269999980926514,5.275000095367432,580,0.0,0.0,0.0,ADBG,5m
2026-02-20 13:30:00-05:00,5.260000228881836,5.260000228881836,5.260000228881836,5.260000228881836,684,0.0,0.0,0.0,ADBG,5m
2026-02-20 13:35:00-05:00,5.289999961853027,5.310299873352051,5.289999961853027,5.309999942779541,2812,0.0,0.0,0.0,ADBG,5m
2026-02-20 13:40:00-05:00,5.289999961853027,5.320000171661377,5.289999961853027,5.320000171661377,1664,0.0,0.0,0.0,ADBG,5m
2026-02-20 13:45:00-05:00,5.340000152587891,5.349999904632568,5.340000152587891,5.349999904632568,746,0.0,0.0,0.0,ADBG,5m
2026-02-20 13:50:00-05:00,5.340000152587891,5.349999904632568,5.329999923706055,5.349999904632568,2289,0.0,0.0,0.0,ADBG,5m
2026-02-20 14:00:00-05:00,5.347400188446045,5.347400188446045,5.340000152587891,5.340000152587891,858,0.0,0.0,0.0,ADBG,5m
2026-02-20 14:05:00-05:00,5.329999923706055,5.329999923706055,5.329999923706055,5.329999923706055,471,0.0,0.0,0.0,ADBG,5m
2026-02-20 14:10:00-05:00,5.324999809265137,5.324999809265137,5.324999809265137,5.324999809265137,240,0.0,0.0,0.0,ADBG,5m
2026-02-20 14:15:00-05:00,5.315000057220459,5.315000057220459,5.304999828338623,5.309999942779541,7846,0.0,0.0,0.0,ADBG,5m
2026-02-20 14:20:00-05:00,5.315000057220459,5.320000171661377,5.315000057220459,5.320000171661377,417,0.0,0.0,0.0,ADBG,5m
2026-02-20 14:30:00-05:00,5.309999942779541,5.318600177764893,5.309999942779541,5.309999942779541,2572,0.0,0.0,0.0,ADBG,5m
2026-02-20 14:35:00-05:00,5.315000057220459,5.320000171661377,5.309999942779541,5.320000171661377,1333,0.0,0.0,0.0,ADBG,5m
2026-02-20 14:40:00-05:00,5.329999923706055,5.329999923706055,5.329999923706055,5.329999923706055,140,0.0,0.0,0.0,ADBG,5m
2026-02-20 14:45:00-05:00,5.324999809265137,5.335000038146973,5.324999809265137,5.335000038146973,439,0.0,0.0,0.0,ADBG,5m
2026-02-20 14:50:00-05:00,5.32450008392334,5.329999923706055,5.309999942779541,5.309999942779541,2962,0.0,0.0,0.0,ADBG,5m
2026-02-20 14:55:00-05:00,5.295000076293945,5.295000076293945,5.264999866485596,5.264999866485596,1725,0.0,0.0,0.0,ADBG,5m
2026-02-20 15:00:00-05:00,5.269999980926514,5.300000190734863,5.269999980926514,5.295000076293945,4062,0.0,0.0,0.0,ADBG,5m
2026-02-20 15:10:00-05:00,5.309999942779541,5.317200183868408,5.304999828338623,5.304999828338623,850,0.0,0.0,0.0,ADBG,5m
2026-02-20 15:15:00-05:00,5.309999942779541,5.309999942779541,5.309999942779541,5.309999942779541,1600,0.0,0.0,0.0,ADBG,5m
2026-02-20 15:20:00-05:00,5.312099933624268,5.329999923706055,5.312099933624268,5.329999923706055,2302,0.0,0.0,0.0,ADBG,5m
2026-02-20 15:25:00-05:00,5.320000171661377,5.320000171661377,5.315000057220459,5.315000057220459,679,0.0,0.0,0.0,ADBG,5m
2026-02-20 15:30:00-05:00,5.300000190734863,5.30649995803833,5.295000076293945,5.30649995803833,2124,0.0,0.0,0.0,ADBG,5m
2026-02-20 15:35:00-05:00,5.30649995803833,5.308499813079834,5.30649995803833,5.308499813079834,1041,0.0,0.0,0.0,ADBG,5m
2026-02-20 15:40:00-05:00,5.309999942779541,5.324999809265137,5.309999942779541,5.324999809265137,1229,0.0,0.0,0.0,ADBG,5m
2026-02-20 15:45:00-05:00,5.320000171661377,5.324999809265137,5.320000171661377,5.324999809265137,919,0.0,0.0,0.0,ADBG,5m
2026-02-20 15:50:00-05:00,5.324999809265137,5.340000152587891,5.324999809265137,5.329999923706055,4921,0.0,0.0,0.0,ADBG,5m
2026-02-20 15:55:00-05:00,5.34499979019165,5.360000133514404,5.340000152587891,5.360000133514404,17389,0.0,0.0,0.0,ADBG,5m
2026-02-23 09:30:00-05:00,5.179999828338623,5.199999809265137,5.090000152587891,5.119999885559082,49755,0.0,0.0,0.0,ADBG,5m
2026-02-23 09:35:00-05:00,5.15500020980835,5.15500020980835,5.019999980926514,5.019999980926514,47990,0.0,0.0,0.0,ADBG,5m
2026-02-23 09:40:00-05:00,5.034999847412109,5.039999961853027,4.960000038146973,4.974999904632568,64261,0.0,0.0,0.0,ADBG,5m
2026-02-23 09:45:00-05:00,4.980000019073486,4.980000019073486,4.920000076293945,4.920000076293945,21529,0.0,0.0,0.0,ADBG,5m
2026-02-23 09:50:00-05:00,4.925000190734863,4.965000152587891,4.880000114440918,4.889999866485596,37539,0.0,0.0,0.0,ADBG,5m
2026-02-23 09:55:00-05:00,4.894999980926514,4.909900188446045,4.870100021362305,4.889999866485596,26046,0.0,0.0,0.0,ADBG,5m
2026-02-23 10:00:00-05:00,4.899099826812744,4.910099983215332,4.864999771118164,4.879899978637695,23417,0.0,0.0,0.0,ADBG,5m
2026-02-23 10:05:00-05:00,4.880000114440918,4.885000228881836,4.860000133514404,4.860000133514404,21508,0.0,0.0,0.0,ADBG,5m
2026-02-23 10:10:00-05:00,4.869999885559082,4.914999961853027,4.869999885559082,4.914999961853027,44618,0.0,0.0,0.0,ADBG,5m
2026-02-23 10:15:00-05:00,4.909999847412109,4.9481000900268555,4.900700092315674,4.945000171661377,25187,0.0,0.0,0.0,ADBG,5m
2026-02-23 10:20:00-05:00,4.96999979019165,4.980000019073486,4.940000057220459,4.960000038146973,15676,0.0,0.0,0.0,ADBG,5m
2026-02-23 10:25:00-05:00,4.954999923706055,4.960000038146973,4.900000095367432,4.900000095367432,23964,0.0,0.0,0.0,ADBG,5m
2026-02-23 10:30:00-05:00,4.894999980926514,4.90500020980835,4.880000114440918,4.889900207519531,14611,0.0,0.0,0.0,ADBG,5m
2026-02-23 10:35:00-05:00,4.889999866485596,4.90500020980835,4.869999885559082,4.869999885559082,11122,0.0,0.0,0.0,ADBG,5m
2026-02-23 10:40:00-05:00,4.864999771118164,4.880000114440918,4.864999771118164,4.875,8262,0.0,0.0,0.0,ADBG,5m
2026-02-23 10:45:00-05:00,4.864999771118164,4.889999866485596,4.864999771118164,4.869999885559082,6898,0.0,0.0,0.0,ADBG,5m
2026-02-23 10:50:00-05:00,4.864999771118164,4.875,4.849999904632568,4.855000019073486,7057,0.0,0.0,0.0,ADBG,5m
2026-02-23 10:55:00-05:00,4.860000133514404,4.879799842834473,4.851799964904785,4.855000019073486,4422,0.0,0.0,0.0,ADBG,5m
2026-02-23 11:00:00-05:00,4.860000133514404,4.860000133514404,4.840000152587891,4.849999904632568,9250,0.0,0.0,0.0,ADBG,5m
2026-02-23 11:05:00-05:00,4.855000019073486,4.855000019073486,4.840700149536133,4.849999904632568,7587,0.0,0.0,0.0,ADBG,5m
2026-02-23 11:10:00-05:00,4.849999904632568,4.849999904632568,4.835000038146973,4.84499979019165,5844,0.0,0.0,0.0,ADBG,5m
2026-02-23 11:15:00-05:00,4.852200031280518,4.870100021362305,4.852200031280518,4.855000019073486,13395,0.0,0.0,0.0,ADBG,5m
2026-02-23 11:20:00-05:00,4.860000133514404,4.880000114440918,4.860000133514404,4.870699882507324,16963,0.0,0.0,0.0,ADBG,5m
2026-02-23 11:25:00-05:00,4.875,4.889900207519531,4.86929988861084,4.885000228881836,3117,0.0,0.0,0.0,ADBG,5m
2026-02-23 11:30:00-05:00,4.882199764251709,4.882199764251709,4.855000019073486,4.855000019073486,4880,0.0,0.0,0.0,ADBG,5m
2026-02-23 11:35:00-05:00,4.849999904632568,4.864999771118164,4.840000152587891,4.864999771118164,5366,0.0,0.0,0.0,ADBG,5m
2026-02-23 11:40:00-05:00,4.885000228881836,4.885000228881836,4.864999771118164,4.864999771118164,3103,0.0,0.0,0.0,ADBG,5m
2026-02-23 11:45:00-05:00,4.864999771118164,4.869999885559082,4.855000019073486,4.855000019073486,6776,0.0,0.0,0.0,ADBG,5m
2026-02-23 11:50:00-05:00,4.849899768829346,4.855000019073486,4.84499979019165,4.84499979019165,1615,0.0,0.0,0.0,ADBG,5m
2026-02-23 11:55:00-05:00,4.839700222015381,4.840000152587891,4.835000038146973,4.837600231170654,8028,0.0,0.0,0.0,ADBG,5m
2026-02-23 12:00:00-05:00,4.835000038146973,4.84499979019165,4.835000038146973,4.84499979019165,1506,0.0,0.0,0.0,ADBG,5m
2026-02-23 12:05:00-05:00,4.849999904632568,4.855000019073486,4.84499979019165,4.855000019073486,3660,0.0,0.0,0.0,ADBG,5m
2026-02-23 12:10:00-05:00,4.839900016784668,4.847499847412109,4.835000038146973,4.840000152587891,3935,0.0,0.0,0.0,ADBG,5m
2026-02-23 12:15:00-05:00,4.840000152587891,4.856800079345703,4.835000038146973,4.856800079345703,4249,0.0,0.0,0.0,ADBG,5m
2026-02-23 12:20:00-05:00,4.869699954986572,4.869699954986572,4.869699954986572,4.869699954986572,272,0.0,0.0,0.0,ADBG,5m
2026-02-23 12:30:00-05:00,4.860000133514404,4.860000133514404,4.855000019073486,4.855000019073486,2723,0.0,0.0,0.0,ADBG,5m
2026-02-23 12:35:00-05:00,4.855000019073486,4.855000019073486,4.855000019073486,4.855000019073486,188,0.0,0.0,0.0,ADBG,5m
2026-02-23 12:40:00-05:00,4.860000133514404,4.868100166320801,4.84499979019165,4.84499979019165,2836,0.0,0.0,0.0,ADBG,5m
2026-02-23 12:45:00-05:00,4.835000038146973,4.835000038146973,4.824999809265137,4.824999809265137,9158,0.0,0.0,0.0,ADBG,5m
2026-02-23 12:50:00-05:00,4.824999809265137,4.829999923706055,4.820000171661377,4.829999923706055,3138,0.0,0.0,0.0,ADBG,5m
2026-02-23 12:55:00-05:00,4.824999809265137,4.829899787902832,4.815000057220459,4.815000057220459,1001594,0.0,0.0,0.0,ADBG,5m
2026-02-23 13:00:00-05:00,4.815000057220459,4.829999923706055,4.815000057220459,4.829899787902832,0,0.0,0.0,0.0,ADBG,5m
2026-02-23 13:05:00-05:00,4.815000057220459,4.815000057220459,4.79010009765625,4.800000190734863,13843,0.0,0.0,0.0,ADBG,5m
2026-02-23 13:10:00-05:00,4.800000190734863,4.820000171661377,4.790999889373779,4.820000171661377,9137,0.0,0.0,0.0,ADBG,5m
2026-02-23 13:15:00-05:00,4.815000057220459,4.829100131988525,4.815000057220459,4.820000171661377,2235,0.0,0.0,0.0,ADBG,5m
2026-02-23 13:20:00-05:00,4.829999923706055,4.8495001792907715,4.822700023651123,4.8495001792907715,1556,0.0,0.0,0.0,ADBG,5m
2026-02-23 13:25:00-05:00,4.84499979019165,4.849999904632568,4.820000171661377,4.820000171661377,3885,0.0,0.0,0.0,ADBG,5m
2026-02-23 13:30:00-05:00,4.829999923706055,4.849899768829346,4.829999923706055,4.849899768829346,3357,0.0,0.0,0.0,ADBG,5m
2026-02-23 13:35:00-05:00,4.855000019073486,4.864999771118164,4.855000019073486,4.855000019073486,1666,0.0,0.0,0.0,ADBG,5m
2026-02-23 13:40:00-05:00,4.860000133514404,4.860000133514404,4.84499979019165,4.84499979019165,5084,0.0,0.0,0.0,ADBG,5m
2026-02-23 13:45:00-05:00,4.8354997634887695,4.840000152587891,4.835000038146973,4.835000038146973,463,0.0,0.0,0.0,ADBG,5m
2026-02-23 13:55:00-05:00,4.820000171661377,4.820000171661377,4.804999828338623,4.804999828338623,2438,0.0,0.0,0.0,ADBG,5m
2026-02-23 14:00:00-05:00,4.804999828338623,4.819699764251709,4.804999828338623,4.819699764251709,3357,0.0,0.0,0.0,ADBG,5m
2026-02-23 14:05:00-05:00,4.804999828338623,4.806000232696533,4.804999828338623,4.806000232696533,1171,0.0,0.0,0.0,ADBG,5m
2026-02-23 14:10:00-05:00,4.829899787902832,4.829899787902832,4.829899787902832,4.829899787902832,260,0.0,0.0,0.0,ADBG,5m
2026-02-23 14:15:00-05:00,4.829999923706055,4.829999923706055,4.824999809265137,4.824999809265137,521,0.0,0.0,0.0,ADBG,5m
2026-02-23 14:20:00-05:00,4.820000171661377,4.824999809265137,4.820000171661377,4.824999809265137,8000,0.0,0.0,0.0,ADBG,5m
2026-02-23 14:25:00-05:00,4.817999839782715,4.817999839782715,4.817999839782715,4.817999839782715,2110,0.0,0.0,0.0,ADBG,5m
2026-02-23 14:30:00-05:00,4.820000171661377,4.824999809265137,4.800000190734863,4.804999828338623,10666,0.0,0.0,0.0,ADBG,5m
2026-02-23 14:35:00-05:00,4.8007001876831055,4.815000057220459,4.8007001876831055,4.815000057220459,2347,0.0,0.0,0.0,ADBG,5m
2026-02-23 14:40:00-05:00,4.800600051879883,4.809899806976318,4.800000190734863,4.809899806976318,3253,0.0,0.0,0.0,ADBG,5m
2026-02-23 14:45:00-05:00,4.804999828338623,4.815000057220459,4.804999828338623,4.815000057220459,700,0.0,0.0,0.0,ADBG,5m
2026-02-23 14:50:00-05:00,4.809999942779541,4.835000038146973,4.809999942779541,4.829999923706055,4004,0.0,0.0,0.0,ADBG,5m
2026-02-23 14:55:00-05:00,4.829999923706055,4.839900016784668,4.820000171661377,4.820000171661377,1215870,0.0,0.0,0.0,ADBG,5m
2026-02-23 15:00:00-05:00,4.821100234985352,4.839900016784668,4.821100234985352,4.8317999839782715,0,0.0,0.0,0.0,ADBG,5m
2026-02-23 15:05:00-05:00,4.840000152587891,4.840000152587891,4.835000038146973,4.835000038146973,6499,0.0,0.0,0.0,ADBG,5m
2026-02-23 15:10:00-05:00,4.840000152587891,4.84499979019165,4.831399917602539,4.840000152587891,4361,0.0,0.0,0.0,ADBG,5m
2026-02-23 15:15:00-05:00,4.835000038146973,4.877500057220459,4.835000038146973,4.869999885559082,7826,0.0,0.0,0.0,ADBG,5m
2026-02-23 15:20:00-05:00,4.869999885559082,4.869999885559082,4.855000019073486,4.860000133514404,1516,0.0,0.0,0.0,ADBG,5m
2026-02-23 15:25:00-05:00,4.864999771118164,4.864999771118164,4.864999771118164,4.864999771118164,376,0.0,0.0,0.0,ADBG,5m
2026-02-23 15:30:00-05:00,4.855000019073486,4.875,4.855000019073486,4.875,5167,0.0,0.0,0.0,ADBG,5m
2026-02-23 15:35:00-05:00,4.860000133514404,4.869999885559082,4.855000019073486,4.860000133514404,6631,0.0,0.0,0.0,ADBG,5m
2026-02-23 15:40:00-05:00,4.860000133514404,4.860000133514404,4.84499979019165,4.84499979019165,7084,0.0,0.0,0.0,ADBG,5m
2026-02-23 15:45:00-05:00,4.84499979019165,4.84499979019165,4.84499979019165,4.84499979019165,1162,0.0,0.0,0.0,ADBG,5m
2026-02-23 15:50:00-05:00,4.849999904632568,4.860000133514404,4.84499979019165,4.84499979019165,8966,0.0,0.0,0.0,ADBG,5m
2026-02-23 15:55:00-05:00,4.855000019073486,4.869999885559082,4.853600025177002,4.861999988555908,19075,0.0,0.0,0.0,ADBG,5m
2026-02-24 09:30:00-05:00,4.840000152587891,4.880000114440918,4.78000020980835,4.869999885559082,17706,0.0,0.0,0.0,ADBG,5m
2026-02-24 09:35:00-05:00,4.885000228881836,5.119999885559082,4.885000228881836,5.119999885559082,35885,0.0,0.0,0.0,ADBG,5m
2026-02-24 09:40:00-05:00,5.125,5.309999942779541,5.125,5.309999942779541,44115,0.0,0.0,0.0,ADBG,5m
2026-02-24 09:45:00-05:00,5.28000020980835,5.309999942779541,5.179999828338623,5.239999771118164,62625,0.0,0.0,0.0,ADBG,5m
2026-02-24 09:50:00-05:00,5.230000019073486,5.255000114440918,5.190299987792969,5.190299987792969,16885,0.0,0.0,0.0,ADBG,5m
2026-02-24 09:55:00-05:00,5.209700107574463,5.209700107574463,5.079999923706055,5.079999923706055,10573,0.0,0.0,0.0,ADBG,5m
2026-02-24 10:00:00-05:00,5.090000152587891,5.099999904632568,5.045000076293945,5.090000152587891,11987,0.0,0.0,0.0,ADBG,5m
2026-02-24 10:05:00-05:00,5.079999923706055,5.139999866485596,5.074999809265137,5.139999866485596,15237,0.0,0.0,0.0,ADBG,5m
2026-02-24 10:10:00-05:00,5.139999866485596,5.170000076293945,5.139999866485596,5.170000076293945,10711,0.0,0.0,0.0,ADBG,5m
2026-02-24 10:15:00-05:00,5.159999847412109,5.255000114440918,5.15500020980835,5.255000114440918,18681,0.0,0.0,0.0,ADBG,5m
2026-02-24 10:20:00-05:00,5.260000228881836,5.269999980926514,5.239999771118164,5.25,10395,0.0,0.0,0.0,ADBG,5m
2026-02-24 10:25:00-05:00,5.248499870300293,5.260000228881836,5.230000019073486,5.260000228881836,12305,0.0,0.0,0.0,ADBG,5m
2026-02-24 10:30:00-05:00,5.2600998878479,5.275000095367432,5.227200031280518,5.227200031280518,21400,0.0,0.0,0.0,ADBG,5m
2026-02-24 10:35:00-05:00,5.220099925994873,5.250100135803223,5.210000038146973,5.25,13443,0.0,0.0,0.0,ADBG,5m
2026-02-24 10:40:00-05:00,5.24970006942749,5.264999866485596,5.24970006942749,5.25,13347,0.0,0.0,0.0,ADBG,5m
2026-02-24 10:45:00-05:00,5.235000133514404,5.239999771118164,5.204999923706055,5.219900131225586,6049,0.0,0.0,0.0,ADBG,5m
2026-02-24 10:50:00-05:00,5.195000171661377,5.199999809265137,5.184999942779541,5.190000057220459,3291,0.0,0.0,0.0,ADBG,5m
2026-02-24 10:55:00-05:00,5.179999828338623,5.190000057220459,5.179999828338623,5.179999828338623,6206,0.0,0.0,0.0,ADBG,5m
2026-02-24 11:00:00-05:00,5.184999942779541,5.21999979019165,5.1620001792907715,5.21999979019165,656259,0.0,0.0,0.0,ADBG,5m
2026-02-24 11:05:00-05:00,5.21999979019165,5.21999979019165,5.170000076293945,5.170000076293945,0,0.0,0.0,0.0,ADBG,5m
2026-02-24 11:10:00-05:00,5.170000076293945,5.170000076293945,5.160399913787842,5.160399913787842,3208,0.0,0.0,0.0,ADBG,5m
2026-02-24 11:15:00-05:00,5.159999847412109,5.159999847412109,5.140100002288818,5.140100002288818,1055,0.0,0.0,0.0,ADBG,5m
2026-02-24 11:20:00-05:00,5.150000095367432,5.150000095367432,5.150000095367432,5.150000095367432,2828,0.0,0.0,0.0,ADBG,5m
2026-02-24 11:25:00-05:00,5.150000095367432,5.150000095367432,5.150000095367432,5.150000095367432,1130,0.0,0.0,0.0,ADBG,5m
2026-02-24 11:30:00-05:00,5.164999961853027,5.168499946594238,5.130199909210205,5.130199909210205,8681,0.0,0.0,0.0,ADBG,5m
2026-02-24 11:35:00-05:00,5.1585001945495605,5.159999847412109,5.1585001945495605,5.159999847412109,1210,0.0,0.0,0.0,ADBG,5m
2026-02-24 11:40:00-05:00,5.178500175476074,5.180300235748291,5.178500175476074,5.180300235748291,1124,0.0,0.0,0.0,ADBG,5m
2026-02-24 11:45:00-05:00,5.186999797821045,5.186999797821045,5.170100212097168,5.184999942779541,1097,0.0,0.0,0.0,ADBG,5m
2026-02-24 11:50:00-05:00,5.175000190734863,5.204999923706055,5.175000190734863,5.204999923706055,2548,0.0,0.0,0.0,ADBG,5m
2026-02-24 11:55:00-05:00,5.195000171661377,5.20989990234375,5.195000171661377,5.20989990234375,1300,0.0,0.0,0.0,ADBG,5m
2026-02-24 12:00:00-05:00,5.210000038146973,5.21999979019165,5.200099945068359,5.200099945068359,47047,0.0,0.0,0.0,ADBG,5m
2026-02-24 12:05:00-05:00,5.195000171661377,5.199999809265137,5.195000171661377,5.199900150299072,33412,0.0,0.0,0.0,ADBG,5m
2026-02-24 12:10:00-05:00,5.210000038146973,5.21999979019165,5.210000038146973,5.21999979019165,958,0.0,0.0,0.0,ADBG,5m
2026-02-24 12:15:00-05:00,5.215000152587891,5.21999979019165,5.215000152587891,5.215000152587891,790893,0.0,0.0,0.0,ADBG,5m
2026-02-24 12:20:00-05:00,5.21999979019165,5.21999979019165,5.21999979019165,5.21999979019165,0,0.0,0.0,0.0,ADBG,5m
2026-02-24 12:25:00-05:00,5.230000019073486,5.230000019073486,5.215000152587891,5.215000152587891,2767,0.0,0.0,0.0,ADBG,5m
2026-02-24 12:30:00-05:00,5.210000038146973,5.215000152587891,5.204999923706055,5.215000152587891,9090,0.0,0.0,0.0,ADBG,5m
2026-02-24 12:35:00-05:00,5.199999809265137,5.200099945068359,5.199999809265137,5.200099945068359,10846,0.0,0.0,0.0,ADBG,5m
2026-02-24 12:40:00-05:00,5.210000038146973,5.210000038146973,5.210000038146973,5.210000038146973,800,0.0,0.0,0.0,ADBG,5m
2026-02-24 12:45:00-05:00,5.204999923706055,5.210000038146973,5.204999923706055,5.210000038146973,1035,0.0,0.0,0.0,ADBG,5m
2026-02-24 12:50:00-05:00,5.210000038146973,5.210000038146973,5.210000038146973,5.210000038146973,77,0.0,0.0,0.0,ADBG,5m
2026-02-24 12:55:00-05:00,5.215000152587891,5.21999979019165,5.210000038146973,5.210000038146973,3716,0.0,0.0,0.0,ADBG,5m
2026-02-24 13:00:00-05:00,5.215000152587891,5.21999979019165,5.210000038146973,5.21999979019165,19322,0.0,0.0,0.0,ADBG,5m
2026-02-24 13:05:00-05:00,5.21999979019165,5.21999979019165,5.215000152587891,5.215000152587891,3254,0.0,0.0,0.0,ADBG,5m
2026-02-24 13:15:00-05:00,5.210000038146973,5.210000038146973,5.210000038146973,5.210000038146973,1199,0.0,0.0,0.0,ADBG,5m
2026-02-24 13:20:00-05:00,5.204999923706055,5.204999923706055,5.204999923706055,5.204999923706055,150,0.0,0.0,0.0,ADBG,5m
2026-02-24 13:25:00-05:00,5.210000038146973,5.215000152587891,5.210000038146973,5.215000152587891,501,0.0,0.0,0.0,ADBG,5m
2026-02-24 13:30:00-05:00,5.219900131225586,5.230000019073486,5.219900131225586,5.230000019073486,565,0.0,0.0,0.0,ADBG,5m
2026-02-24 13:35:00-05:00,5.25,5.255000114440918,5.25,5.255000114440918,5181,0.0,0.0,0.0,ADBG,5m
2026-02-24 13:40:00-05:00,5.257400035858154,5.257400035858154,5.235000133514404,5.235000133514404,770,0.0,0.0,0.0,ADBG,5m
2026-02-24 13:45:00-05:00,5.255000114440918,5.269999980926514,5.255000114440918,5.269999980926514,1870,0.0,0.0,0.0,ADBG,5m
2026-02-24 13:50:00-05:00,5.270699977874756,5.28000020980835,5.270699977874756,5.28000020980835,820,0.0,0.0,0.0,ADBG,5m
2026-02-24 13:55:00-05:00,5.25,5.25,5.25,5.25,1120,0.0,0.0,0.0,ADBG,5m
2026-02-24 14:00:00-05:00,5.239999771118164,5.258200168609619,5.239999771118164,5.258200168609619,1418,0.0,0.0,0.0,ADBG,5m
2026-02-24 14:05:00-05:00,5.255000114440918,5.255000114440918,5.239999771118164,5.239999771118164,878089,0.0,0.0,0.0,ADBG,5m
2026-02-24 14:10:00-05:00,5.224999904632568,5.224999904632568,5.224999904632568,5.224999904632568,0,0.0,0.0,0.0,ADBG,5m
2026-02-24 14:15:00-05:00,5.21999979019165,5.224999904632568,5.190000057220459,5.190000057220459,51670,0.0,0.0,0.0,ADBG,5m
2026-02-24 14:20:00-05:00,5.195000171661377,5.195000171661377,5.195000171661377,5.195000171661377,6950,0.0,0.0,0.0,ADBG,5m
2026-02-24 14:25:00-05:00,5.210000038146973,5.210000038146973,5.210000038146973,5.210000038146973,3856,0.0,0.0,0.0,ADBG,5m
2026-02-24 14:30:00-05:00,5.210000038146973,5.210000038146973,5.199999809265137,5.200099945068359,44448,0.0,0.0,0.0,ADBG,5m
2026-02-24 14:35:00-05:00,5.204999923706055,5.204999923706055,5.2006001472473145,5.204999923706055,3046,0.0,0.0,0.0,ADBG,5m
2026-02-24 14:40:00-05:00,5.210000038146973,5.210000038146973,5.195000171661377,5.195000171661377,2265,0.0,0.0,0.0,ADBG,5m
2026-02-24 14:45:00-05:00,5.199999809265137,5.199999809265137,5.199999809265137,5.199999809265137,2946,0.0,0.0,0.0,ADBG,5m
2026-02-24 14:50:00-05:00,5.20989990234375,5.210000038146973,5.204999923706055,5.204999923706055,1485,0.0,0.0,0.0,ADBG,5m
2026-02-24 14:55:00-05:00,5.204999923706055,5.204999923706055,5.199900150299072,5.199900150299072,2496,0.0,0.0,0.0,ADBG,5m
2026-02-24 15:00:00-05:00,5.184999942779541,5.184999942779541,5.184999942779541,5.184999942779541,200,0.0,0.0,0.0,ADBG,5m
2026-02-24 15:05:00-05:00,5.184999942779541,5.195000171661377,5.184999942779541,5.195000171661377,1449,0.0,0.0,0.0,ADBG,5m
2026-02-24 15:10:00-05:00,5.190000057220459,5.190000057220459,5.190000057220459,5.190000057220459,1710,0.0,0.0,0.0,ADBG,5m
2026-02-24 15:15:00-05:00,5.175000190734863,5.179999828338623,5.175000190734863,5.179999828338623,944189,0.0,0.0,0.0,ADBG,5m
2026-02-24 15:20:00-05:00,5.184999942779541,5.184999942779541,5.179999828338623,5.179999828338623,0,0.0,0.0,0.0,ADBG,5m
2026-02-24 15:25:00-05:00,5.190000057220459,5.190000057220459,5.190000057220459,5.190000057220459,200,0.0,0.0,0.0,ADBG,5m
2026-02-24 15:35:00-05:00,5.179999828338623,5.179999828338623,5.179999828338623,5.179999828338623,2302,0.0,0.0,0.0,ADBG,5m
2026-02-24 15:40:00-05:00,5.164999961853027,5.164999961853027,5.164999961853027,5.164999961853027,171,0.0,0.0,0.0,ADBG,5m
2026-02-24 15:45:00-05:00,5.170000076293945,5.179999828338623,5.170000076293945,5.177299976348877,621,0.0,0.0,0.0,ADBG,5m
2026-02-24 15:50:00-05:00,5.179999828338623,5.204999923706055,5.179999828338623,5.204999923706055,988763,0.0,0.0,0.0,ADBG,5m
2026-02-24 15:55:00-05:00,5.199999809265137,5.204999923706055,5.199999809265137,5.201000213623047,0,0.0,0.0,0.0,ADBG,5m
2026-02-25 09:30:00-05:00,5.170000076293945,5.170000076293945,5.065000057220459,5.065000057220459,48165,0.0,0.0,0.0,ADBG,5m
2026-02-25 09:35:00-05:00,5.070000171661377,5.119999885559082,5.030300140380859,5.039999961853027,29048,0.0,0.0,0.0,ADBG,5m
2026-02-25 09:40:00-05:00,5.0406999588012695,5.070000171661377,5.019999980926514,5.070000171661377,36854,0.0,0.0,0.0,ADBG,5m
2026-02-25 09:45:00-05:00,5.065000057220459,5.139999866485596,5.065000057220459,5.130000114440918,36210,0.0,0.0,0.0,ADBG,5m
2026-02-25 09:50:00-05:00,5.139999866485596,5.164999961853027,5.130000114440918,5.159999847412109,18744,0.0,0.0,0.0,ADBG,5m
2026-02-25 09:55:00-05:00,5.164999961853027,5.190000057220459,5.159900188446045,5.170000076293945,14767,0.0,0.0,0.0,ADBG,5m
2026-02-25 10:00:00-05:00,5.184999942779541,5.215000152587891,5.179999828338623,5.199999809265137,28798,0.0,0.0,0.0,ADBG,5m
2026-02-25 10:05:00-05:00,5.179999828338623,5.179999828338623,5.130000114440918,5.130000114440918,21397,0.0,0.0,0.0,ADBG,5m
2026-02-25 10:10:00-05:00,5.139999866485596,5.164999961853027,5.111000061035156,5.164999961853027,9108,0.0,0.0,0.0,ADBG,5m
2026-02-25 10:15:00-05:00,5.170000076293945,5.170000076293945,5.140600204467773,5.140600204467773,4402,0.0,0.0,0.0,ADBG,5m
2026-02-25 10:20:00-05:00,5.15500020980835,5.179999828338623,5.150000095367432,5.179999828338623,14001,0.0,0.0,0.0,ADBG,5m
2026-02-25 10:25:00-05:00,5.179999828338623,5.195000171661377,5.170000076293945,5.179999828338623,14101,0.0,0.0,0.0,ADBG,5m
2026-02-25 10:30:00-05:00,5.179999828338623,5.2118000984191895,5.179999828338623,5.190000057220459,9707,0.0,0.0,0.0,ADBG,5m
2026-02-25 10:35:00-05:00,5.179999828338623,5.179999828338623,5.170000076293945,5.170000076293945,3271,0.0,0.0,0.0,ADBG,5m
2026-02-25 10:40:00-05:00,5.179999828338623,5.195000171661377,5.179999828338623,5.195000171661377,2521,0.0,0.0,0.0,ADBG,5m
2026-02-25 10:45:00-05:00,5.190000057220459,5.204999923706055,5.170000076293945,5.170000076293945,8981,0.0,0.0,0.0,ADBG,5m
2026-02-25 10:50:00-05:00,5.179999828338623,5.184999942779541,5.164999961853027,5.170000076293945,1384,0.0,0.0,0.0,ADBG,5m
2026-02-25 10:55:00-05:00,5.164999961853027,5.170000076293945,5.159999847412109,5.170000076293945,930,0.0,0.0,0.0,ADBG,5m
2026-02-25 11:00:00-05:00,5.170000076293945,5.170000076293945,5.150000095367432,5.150000095367432,9617,0.0,0.0,0.0,ADBG,5m
2026-02-25 11:05:00-05:00,5.150000095367432,5.160099983215332,5.150000095367432,5.159999847412109,12844,0.0,0.0,0.0,ADBG,5m
2026-02-25 11:10:00-05:00,5.1529998779296875,5.159999847412109,5.130000114440918,5.135000228881836,310813,0.0,0.0,0.0,ADBG,5m
2026-02-25 11:15:00-05:00,5.135000228881836,5.169899940490723,5.135000228881836,5.169899940490723,0,0.0,0.0,0.0,ADBG,5m
2026-02-25 11:20:00-05:00,5.170000076293945,5.179800033569336,5.164999961853027,5.179800033569336,2760,0.0,0.0,0.0,ADBG,5m
2026-02-25 11:25:00-05:00,5.190000057220459,5.190000057220459,5.190000057220459,5.190000057220459,4813,0.0,0.0,0.0,ADBG,5m
2026-02-25 11:30:00-05:00,5.190000057220459,5.199999809265137,5.190000057220459,5.198500156402588,7836,0.0,0.0,0.0,ADBG,5m
2026-02-25 11:35:00-05:00,5.190000057220459,5.196300029754639,5.190000057220459,5.196300029754639,1583,0.0,0.0,0.0,ADBG,5m
2026-02-25 11:40:00-05:00,5.199999809265137,5.199999809265137,5.194499969482422,5.194499969482422,12451,0.0,0.0,0.0,ADBG,5m
2026-02-25 11:45:00-05:00,5.195000171661377,5.199999809265137,5.184999942779541,5.184999942779541,6762,0.0,0.0,0.0,ADBG,5m
2026-02-25 11:50:00-05:00,5.190000057220459,5.190000057220459,5.183499813079834,5.183499813079834,7579,0.0,0.0,0.0,ADBG,5m
2026-02-25 11:55:00-05:00,5.199999809265137,5.204999923706055,5.199999809265137,5.204999923706055,7567,0.0,0.0,0.0,ADBG,5m
2026-02-25 12:00:00-05:00,5.199999809265137,5.215000152587891,5.179999828338623,5.179999828338623,9760,0.0,0.0,0.0,ADBG,5m
2026-02-25 12:05:00-05:00,5.199999809265137,5.199999809265137,5.179999828338623,5.195000171661377,4658,0.0,0.0,0.0,ADBG,5m
2026-02-25 12:10:00-05:00,5.184999942779541,5.184999942779541,5.184999942779541,5.184999942779541,104,0.0,0.0,0.0,ADBG,5m
2026-02-25 12:15:00-05:00,5.199999809265137,5.203999996185303,5.195000171661377,5.195000171661377,4644,0.0,0.0,0.0,ADBG,5m
2026-02-25 12:20:00-05:00,5.199999809265137,5.204999923706055,5.199999809265137,5.204999923706055,5694,0.0,0.0,0.0,ADBG,5m
2026-02-25 12:25:00-05:00,5.199999809265137,5.199999809265137,5.199999809265137,5.199999809265137,566,0.0,0.0,0.0,ADBG,5m
2026-02-25 12:30:00-05:00,5.210000038146973,5.210000038146973,5.210000038146973,5.210000038146973,3519,0.0,0.0,0.0,ADBG,5m
2026-02-25 12:35:00-05:00,5.224999904632568,5.224999904632568,5.21999979019165,5.224999904632568,1421,0.0,0.0,0.0,ADBG,5m
2026-02-25 12:40:00-05:00,5.230000019073486,5.230000019073486,5.21999979019165,5.21999979019165,728,0.0,0.0,0.0,ADBG,5m
2026-02-25 12:45:00-05:00,5.215000152587891,5.259900093078613,5.215000152587891,5.259900093078613,4118,0.0,0.0,0.0,ADBG,5m
2026-02-25 12:50:00-05:00,5.260000228881836,5.260000228881836,5.25,5.260000228881836,8612,0.0,0.0,0.0,ADBG,5m
2026-02-25 12:55:00-05:00,5.257500171661377,5.257500171661377,5.239699840545654,5.239699840545654,1608,0.0,0.0,0.0,ADBG,5m
2026-02-25 13:00:00-05:00,5.244999885559082,5.260300159454346,5.244999885559082,5.260300159454346,859,0.0,0.0,0.0,ADBG,5m
2026-02-25 13:05:00-05:00,5.260000228881836,5.2606000900268555,5.260000228881836,5.260000228881836,6051,0.0,0.0,0.0,ADBG,5m
2026-02-25 13:10:00-05:00,5.250100135803223,5.255000114440918,5.25,5.255000114440918,12845,0.0,0.0,0.0,ADBG,5m
2026-02-25 13:15:00-05:00,5.264999866485596,5.264999866485596,5.260000228881836,5.260000228881836,6208,0.0,0.0,0.0,ADBG,5m
2026-02-25 13:20:00-05:00,5.269700050354004,5.269700050354004,5.269700050354004,5.269700050354004,353,0.0,0.0,0.0,ADBG,5m
2026-02-25 13:25:00-05:00,5.255000114440918,5.255000114440918,5.255000114440918,5.255000114440918,619,0.0,0.0,0.0,ADBG,5m
2026-02-25 13:30:00-05:00,5.244999885559082,5.245500087738037,5.239999771118164,5.239999771118164,8146,0.0,0.0,0.0,ADBG,5m
2026-02-25 13:35:00-05:00,5.230000019073486,5.230000019073486,5.224999904632568,5.224999904632568,8712,0.0,0.0,0.0,ADBG,5m
2026-02-25 13:40:00-05:00,5.239999771118164,5.239999771118164,5.239999771118164,5.239999771118164,1248,0.0,0.0,0.0,ADBG,5m
2026-02-25 13:45:00-05:00,5.235000133514404,5.235000133514404,5.235000133514404,5.235000133514404,1008,0.0,0.0,0.0,ADBG,5m
2026-02-25 13:50:00-05:00,5.235000133514404,5.235000133514404,5.235000133514404,5.235000133514404,2080,0.0,0.0,0.0,ADBG,5m
2026-02-25 13:55:00-05:00,5.239999771118164,5.239999771118164,5.239999771118164,5.239999771118164,405,0.0,0.0,0.0,ADBG,5m
2026-02-25 14:00:00-05:00,5.244999885559082,5.244999885559082,5.244999885559082,5.244999885559082,406,0.0,0.0,0.0,ADBG,5m
2026-02-25 14:05:00-05:00,5.244999885559082,5.244999885559082,5.244999885559082,5.244999885559082,372268,0.0,0.0,0.0,ADBG,5m
2026-02-25 14:10:00-05:00,5.239999771118164,5.239999771118164,5.239999771118164,5.239999771118164,0,0.0,0.0,0.0,ADBG,5m
2026-02-25 14:15:00-05:00,5.21999979019165,5.21999979019165,5.21999979019165,5.21999979019165,5831,0.0,0.0,0.0,ADBG,5m
2026-02-25 14:20:00-05:00,5.210000038146973,5.210000038146973,5.210000038146973,5.210000038146973,1633,0.0,0.0,0.0,ADBG,5m
2026-02-25 14:25:00-05:00,5.21999979019165,5.21999979019165,5.21999979019165,5.21999979019165,1050,0.0,0.0,0.0,ADBG,5m
2026-02-25 14:30:00-05:00,5.235000133514404,5.235000133514404,5.22629976272583,5.230000019073486,1953,0.0,0.0,0.0,ADBG,5m
2026-02-25 14:35:00-05:00,5.230000019073486,5.230000019073486,5.21999979019165,5.21999979019165,457,0.0,0.0,0.0,ADBG,5m
2026-02-25 14:40:00-05:00,5.224999904632568,5.230000019073486,5.224999904632568,5.224999904632568,7076,0.0,0.0,0.0,ADBG,5m
2026-02-25 14:45:00-05:00,5.230000019073486,5.230000019073486,5.230000019073486,5.230000019073486,620,0.0,0.0,0.0,ADBG,5m
2026-02-25 14:50:00-05:00,5.230000019073486,5.235000133514404,5.230000019073486,5.235000133514404,2801,0.0,0.0,0.0,ADBG,5m
2026-02-25 14:55:00-05:00,5.239999771118164,5.239999771118164,5.239999771118164,5.239999771118164,360,0.0,0.0,0.0,ADBG,5m
2026-02-25 15:00:00-05:00,5.247099876403809,5.25,5.240099906921387,5.25,4068,0.0,0.0,0.0,ADBG,5m
2026-02-25 15:05:00-05:00,5.244999885559082,5.25,5.244999885559082,5.246300220489502,1977,0.0,0.0,0.0,ADBG,5m
2026-02-25 15:10:00-05:00,5.244999885559082,5.244999885559082,5.244999885559082,5.244999885559082,393,0.0,0.0,0.0,ADBG,5m
2026-02-25 15:15:00-05:00,5.259699821472168,5.259699821472168,5.259699821472168,5.259699821472168,666,0.0,0.0,0.0,ADBG,5m
2026-02-25 15:20:00-05:00,5.25,5.25,5.230000019073486,5.230000019073486,417507,0.0,0.0,0.0,ADBG,5m
2026-02-25 15:25:00-05:00,5.230000019073486,5.235000133514404,5.218599796295166,5.235000133514404,0,0.0,0.0,0.0,ADBG,5m
2026-02-25 15:30:00-05:00,5.2399001121521,5.239999771118164,5.229899883270264,5.239999771118164,7468,0.0,0.0,0.0,ADBG,5m
2026-02-25 15:35:00-05:00,5.244999885559082,5.260000228881836,5.244999885559082,5.260000228881836,1582,0.0,0.0,0.0,ADBG,5m
2026-02-25 15:40:00-05:00,5.269999980926514,5.284999847412109,5.269899845123291,5.28000020980835,11468,0.0,0.0,0.0,ADBG,5m
2026-02-25 15:45:00-05:00,5.28000020980835,5.289400100708008,5.28000020980835,5.289400100708008,1382,0.0,0.0,0.0,ADBG,5m
2026-02-25 15:50:00-05:00,5.295000076293945,5.295000076293945,5.289999961853027,5.289999961853027,4511,0.0,0.0,0.0,ADBG,5m
2026-02-25 15:55:00-05:00,5.284999847412109,5.309999942779541,5.284999847412109,5.309999942779541,436817,0.0,0.0,0.0,ADBG,5m
2026-02-26 09:30:00-05:00,5.449999809265137,5.53000020980835,5.369999885559082,5.369999885559082,92909,0.0,0.0,0.0,ADBG,5m
2026-02-26 09:35:00-05:00,5.380000114440918,5.46999979019165,5.380000114440918,5.460000038146973,47965,0.0,0.0,0.0,ADBG,5m
2026-02-26 09:40:00-05:00,5.460000038146973,5.5,5.449999809265137,5.46999979019165,39281,0.0,0.0,0.0,ADBG,5m
2026-02-26 09:45:00-05:00,5.460000038146973,5.46999979019165,5.420000076293945,5.46999979019165,24152,0.0,0.0,0.0,ADBG,5m
2026-02-26 09:50:00-05:00,5.460000038146973,5.472300052642822,5.409999847412109,5.4475998878479,39366,0.0,0.0,0.0,ADBG,5m
2026-02-26 09:55:00-05:00,5.449999809265137,5.518499851226807,5.449999809265137,5.510000228881836,18890,0.0,0.0,0.0,ADBG,5m
2026-02-26 10:00:00-05:00,5.519999980926514,5.525000095367432,5.409999847412109,5.429999828338623,57411,0.0,0.0,0.0,ADBG,5m
2026-02-26 10:05:00-05:00,5.429999828338623,5.449999809265137,5.389999866485596,5.429999828338623,399307,0.0,0.0,0.0,ADBG,5m
2026-02-26 10:10:00-05:00,5.429999828338623,5.480000019073486,5.429999828338623,5.474999904632568,0,0.0,0.0,0.0,ADBG,5m
2026-02-26 10:15:00-05:00,5.465000152587891,5.480000019073486,5.439899921417236,5.440000057220459,41932,0.0,0.0,0.0,ADBG,5m
2026-02-26 10:20:00-05:00,5.445000171661377,5.449999809265137,5.400000095367432,5.440000057220459,18323,0.0,0.0,0.0,ADBG,5m
2026-02-26 10:25:00-05:00,5.440000057220459,5.440000057220459,5.375,5.400000095367432,17365,0.0,0.0,0.0,ADBG,5m
2026-02-26 10:30:00-05:00,5.394999980926514,5.409999847412109,5.369999885559082,5.369999885559082,12927,0.0,0.0,0.0,ADBG,5m
2026-02-26 10:35:00-05:00,5.369999885559082,5.414999961853027,5.369999885559082,5.400000095367432,5962,0.0,0.0,0.0,ADBG,5m
2026-02-26 10:40:00-05:00,5.409999847412109,5.425000190734863,5.40500020980835,5.409999847412109,3733,0.0,0.0,0.0,ADBG,5m
2026-02-26 10:45:00-05:00,5.420000076293945,5.445000171661377,5.420000076293945,5.445000171661377,8463,0.0,0.0,0.0,ADBG,5m
2026-02-26 10:50:00-05:00,5.449999809265137,5.465000152587891,5.440000057220459,5.460000038146973,6649,0.0,0.0,0.0,ADBG,5m
2026-02-26 10:55:00-05:00,5.46999979019165,5.46999979019165,5.440000057220459,5.440000057220459,1902,0.0,0.0,0.0,ADBG,5m
2026-02-26 11:00:00-05:00,5.434999942779541,5.434999942779541,5.380000114440918,5.385000228881836,40789,0.0,0.0,0.0,ADBG,5m
2026-02-26 11:05:00-05:00,5.400000095367432,5.420000076293945,5.389999866485596,5.420000076293945,19213,0.0,0.0,0.0,ADBG,5m
2026-02-26 11:10:00-05:00,5.434999942779541,5.445000171661377,5.425000190734863,5.429999828338623,8636,0.0,0.0,0.0,ADBG,5m
2026-02-26 11:15:00-05:00,5.434999942779541,5.440000057220459,5.389999866485596,5.389999866485596,23971,0.0,0.0,0.0,ADBG,5m
2026-02-26 11:20:00-05:00,5.389999866485596,5.389999866485596,5.349999904632568,5.349999904632568,7135,0.0,0.0,0.0,ADBG,5m
2026-02-26 11:25:00-05:00,5.335000038146973,5.340000152587891,5.309999942779541,5.3105998039245605,8407,0.0,0.0,0.0,ADBG,5m
2026-02-26 11:30:00-05:00,5.315000057220459,5.340000152587891,5.315000057220459,5.329999923706055,674203,0.0,0.0,0.0,ADBG,5m
2026-02-26 11:35:00-05:00,5.329999923706055,5.329999923706055,5.320000171661377,5.320000171661377,0,0.0,0.0,0.0,ADBG,5m
2026-02-26 11:40:00-05:00,5.324999809265137,5.329999923706055,5.315000057220459,5.324999809265137,682183,0.0,0.0,0.0,ADBG,5m
2026-02-26 11:45:00-05:00,5.320000171661377,5.329999923706055,5.309999942779541,5.329999923706055,16163,0.0,0.0,0.0,ADBG,5m
2026-02-26 11:50:00-05:00,5.329999923706055,5.340000152587891,5.324999809265137,5.335000038146973,0,0.0,0.0,0.0,ADBG,5m
2026-02-26 11:55:00-05:00,5.343699932098389,5.355000019073486,5.340000152587891,5.340000152587891,7552,0.0,0.0,0.0,ADBG,5m
2026-02-26 12:00:00-05:00,5.340000152587891,5.34499979019165,5.324999809265137,5.324999809265137,5063,0.0,0.0,0.0,ADBG,5m
2026-02-26 12:05:00-05:00,5.327099800109863,5.327099800109863,5.304999828338623,5.304999828338623,706558,0.0,0.0,0.0,ADBG,5m
2026-02-26 12:10:00-05:00,5.320000171661377,5.329999923706055,5.315000057220459,5.320000171661377,0,0.0,0.0,0.0,ADBG,5m
2026-02-26 12:15:00-05:00,5.309999942779541,5.309999942779541,5.304999828338623,5.309899806976318,4561,0.0,0.0,0.0,ADBG,5m
2026-02-26 12:20:00-05:00,5.309999942779541,5.315000057220459,5.295000076293945,5.295000076293945,8734,0.0,0.0,0.0,ADBG,5m
2026-02-26 12:25:00-05:00,5.289999961853027,5.315000057220459,5.289999961853027,5.309999942779541,11619,0.0,0.0,0.0,ADBG,5m
2026-02-26 12:30:00-05:00,5.309999942779541,5.319900035858154,5.307700157165527,5.307700157165527,5386,0.0,0.0,0.0,ADBG,5m
2026-02-26 12:35:00-05:00,5.300000190734863,5.300000190734863,5.28000020980835,5.284999847412109,6465,0.0,0.0,0.0,ADBG,5m
2026-02-26 12:40:00-05:00,5.289999961853027,5.295000076293945,5.289999961853027,5.295000076293945,4890,0.0,0.0,0.0,ADBG,5m
2026-02-26 12:45:00-05:00,5.295000076293945,5.315000057220459,5.295000076293945,5.309999942779541,2831,0.0,0.0,0.0,ADBG,5m
2026-02-26 12:50:00-05:00,5.309999942779541,5.320000171661377,5.309999942779541,5.309999942779541,901,0.0,0.0,0.0,ADBG,5m
2026-02-26 12:55:00-05:00,5.304999828338623,5.304999828338623,5.297599792480469,5.300000190734863,5180,0.0,0.0,0.0,ADBG,5m
2026-02-26 13:00:00-05:00,5.295000076293945,5.304999828338623,5.289999961853027,5.289999961853027,7517,0.0,0.0,0.0,ADBG,5m
2026-02-26 13:05:00-05:00,5.295000076293945,5.295000076293945,5.284999847412109,5.289999961853027,1267,0.0,0.0,0.0,ADBG,5m
2026-02-26 13:10:00-05:00,5.295000076293945,5.295000076293945,5.260000228881836,5.260000228881836,1792,0.0,0.0,0.0,ADBG,5m
2026-02-26 13:15:00-05:00,5.260000228881836,5.277500152587891,5.260000228881836,5.264999866485596,6724,0.0,0.0,0.0,ADBG,5m
2026-02-26 13:20:00-05:00,5.269999980926514,5.269999980926514,5.2621002197265625,5.269999980926514,14098,0.0,0.0,0.0,ADBG,5m
2026-02-26 13:25:00-05:00,5.287300109863281,5.287300109863281,5.284999847412109,5.284999847412109,0,0.0,0.0,0.0,ADBG,5m
2026-02-26 13:30:00-05:00,5.275000095367432,5.324999809265137,5.275000095367432,5.324999809265137,11585,0.0,0.0,0.0,ADBG,5m
2026-02-26 13:35:00-05:00,5.329999923706055,5.329999923706055,5.309999942779541,5.309999942779541,838382,0.0,0.0,0.0,ADBG,5m
2026-02-26 13:40:00-05:00,5.315000057220459,5.315000057220459,5.309899806976318,5.309899806976318,0,0.0,0.0,0.0,ADBG,5m
2026-02-26 13:50:00-05:00,5.315000057220459,5.315000057220459,5.300000190734863,5.300000190734863,4650,0.0,0.0,0.0,ADBG,5m
2026-02-26 13:55:00-05:00,5.304999828338623,5.304999828338623,5.304999828338623,5.304999828338623,0,0.0,0.0,0.0,ADBG,5m
2026-02-26 14:00:00-05:00,5.304999828338623,5.309999942779541,5.304999828338623,5.304999828338623,8915,0.0,0.0,0.0,ADBG,5m
2026-02-26 14:05:00-05:00,5.300000190734863,5.319900035858154,5.300000190734863,5.319900035858154,3343,0.0,0.0,0.0,ADBG,5m
2026-02-26 14:10:00-05:00,5.320000171661377,5.324999809265137,5.320000171661377,5.324999809265137,0,0.0,0.0,0.0,ADBG,5m
2026-02-26 14:15:00-05:00,5.324999809265137,5.340000152587891,5.318999767303467,5.340000152587891,3813,0.0,0.0,0.0,ADBG,5m
2026-02-26 14:20:00-05:00,5.340000152587891,5.364999771118164,5.340000152587891,5.355000019073486,13051,0.0,0.0,0.0,ADBG,5m
2026-02-26 14:25:00-05:00,5.355000019073486,5.355000019073486,5.3404998779296875,5.349999904632568,1660,0.0,0.0,0.0,ADBG,5m
2026-02-26 14:30:00-05:00,5.340000152587891,5.340000152587891,5.340000152587891,5.340000152587891,213,0.0,0.0,0.0,ADBG,5m
2026-02-26 14:35:00-05:00,5.364999771118164,5.389999866485596,5.364999771118164,5.389999866485596,990,0.0,0.0,0.0,ADBG,5m
2026-02-26 14:40:00-05:00,5.369999885559082,5.369999885559082,5.355000019073486,5.355000019073486,766,0.0,0.0,0.0,ADBG,5m
2026-02-26 14:45:00-05:00,5.34499979019165,5.360000133514404,5.335000038146973,5.360000133514404,4774,0.0,0.0,0.0,ADBG,5m
2026-02-26 14:50:00-05:00,5.350100040435791,5.369999885559082,5.350100040435791,5.36929988861084,1558,0.0,0.0,0.0,ADBG,5m
2026-02-26 14:55:00-05:00,5.369999885559082,5.377399921417236,5.355000019073486,5.355000019073486,4301,0.0,0.0,0.0,ADBG,5m
2026-02-26 15:00:00-05:00,5.364999771118164,5.380000114440918,5.355000019073486,5.380000114440918,1063,0.0,0.0,0.0,ADBG,5m
2026-02-26 15:05:00-05:00,5.389999866485596,5.389999866485596,5.385000228881836,5.388199806213379,675,0.0,0.0,0.0,ADBG,5m
2026-02-26 15:10:00-05:00,5.380000114440918,5.389999866485596,5.364999771118164,5.385000228881836,6706,0.0,0.0,0.0,ADBG,5m
2026-02-26 15:15:00-05:00,5.369999885559082,5.375,5.355000019073486,5.355000019073486,1305,0.0,0.0,0.0,ADBG,5m
2026-02-26 15:20:00-05:00,5.364999771118164,5.364999771118164,5.349999904632568,5.356599807739258,2184,0.0,0.0,0.0,ADBG,5m
2026-02-26 15:25:00-05:00,5.34499979019165,5.34499979019165,5.335000038146973,5.335000038146973,2163,0.0,0.0,0.0,ADBG,5m
2026-02-26 15:30:00-05:00,5.340000152587891,5.34499979019165,5.340000152587891,5.340000152587891,10738,0.0,0.0,0.0,ADBG,5m
2026-02-26 15:35:00-05:00,5.340000152587891,5.356900215148926,5.340000152587891,5.349999904632568,3087,0.0,0.0,0.0,ADBG,5m
2026-02-26 15:40:00-05:00,5.340000152587891,5.34499979019165,5.340000152587891,5.34499979019165,433,0.0,0.0,0.0,ADBG,5m
2026-02-26 15:45:00-05:00,5.34499979019165,5.389999866485596,5.34499979019165,5.389999866485596,16558,0.0,0.0,0.0,ADBG,5m
2026-02-26 15:50:00-05:00,5.389999866485596,5.394999980926514,5.364999771118164,5.364999771118164,20291,0.0,0.0,0.0,ADBG,5m
2026-02-26 15:55:00-05:00,5.349999904632568,5.355000019073486,5.34499979019165,5.355000019073486,3497,0.0,0.0,0.0,ADBG,5m
2026-02-27 09:30:00-05:00,5.159999847412109,5.21999979019165,5.130000114440918,5.184999942779541,74216,0.0,0.0,0.0,ADBG,5m
2026-02-27 09:35:00-05:00,5.204999923706055,5.210000038146973,5.146200180053711,5.190000057220459,43930,0.0,0.0,0.0,ADBG,5m
2026-02-27 09:40:00-05:00,5.170000076293945,5.170000076293945,5.110000133514404,5.130000114440918,9428,0.0,0.0,0.0,ADBG,5m
2026-02-27 09:45:00-05:00,5.130000114440918,5.190000057220459,5.119999885559082,5.190000057220459,16164,0.0,0.0,0.0,ADBG,5m
2026-02-27 09:50:00-05:00,5.186600208282471,5.210000038146973,5.184999942779541,5.210000038146973,5440,0.0,0.0,0.0,ADBG,5m
2026-02-27 09:55:00-05:00,5.21999979019165,5.239999771118164,5.210000038146973,5.239999771118164,8585,0.0,0.0,0.0,ADBG,5m
2026-02-27 10:00:00-05:00,5.21999979019165,5.25,5.204999923706055,5.224999904632568,9175,0.0,0.0,0.0,ADBG,5m
2026-02-27 10:05:00-05:00,5.230000019073486,5.25,5.210000038146973,5.230000019073486,4863,0.0,0.0,0.0,ADBG,5m
2026-02-27 10:10:00-05:00,5.239999771118164,5.25,5.235000133514404,5.239999771118164,7544,0.0,0.0,0.0,ADBG,5m
2026-02-27 10:15:00-05:00,5.230000019073486,5.235000133514404,5.210000038146973,5.210000038146973,5191,0.0,0.0,0.0,ADBG,5m
2026-02-27 10:20:00-05:00,5.210000038146973,5.260000228881836,5.210000038146973,5.260000228881836,8717,0.0,0.0,0.0,ADBG,5m
2026-02-27 10:25:00-05:00,5.244999885559082,5.25,5.239999771118164,5.239999771118164,2538,0.0,0.0,0.0,ADBG,5m
2026-02-27 10:30:00-05:00,5.239999771118164,5.289999961853027,5.239999771118164,5.289999961853027,181405,0.0,0.0,0.0,ADBG,5m
2026-02-27 10:35:00-05:00,5.300000190734863,5.314499855041504,5.295000076293945,5.300000190734863,0,0.0,0.0,0.0,ADBG,5m
2026-02-27 10:40:00-05:00,5.289999961853027,5.289999961853027,5.269999980926514,5.276800155639648,4050,0.0,0.0,0.0,ADBG,5m
2026-02-27 10:45:00-05:00,5.284999847412109,5.309999942779541,5.284999847412109,5.309999942779541,19412,0.0,0.0,0.0,ADBG,5m
2026-02-27 10:50:00-05:00,5.309999942779541,5.315000057220459,5.284999847412109,5.295000076293945,11210,0.0,0.0,0.0,ADBG,5m
2026-02-27 10:55:00-05:00,5.289999961853027,5.309999942779541,5.275000095367432,5.304999828338623,23116,0.0,0.0,0.0,ADBG,5m
2026-02-27 11:00:00-05:00,5.320000171661377,5.329999923706055,5.320000171661377,5.324999809265137,3873,0.0,0.0,0.0,ADBG,5m
2026-02-27 11:05:00-05:00,5.320000171661377,5.335000038146973,5.315000057220459,5.315000057220459,2303,0.0,0.0,0.0,ADBG,5m
2026-02-27 11:10:00-05:00,5.324999809265137,5.340000152587891,5.315000057220459,5.340000152587891,1996,0.0,0.0,0.0,ADBG,5m
2026-02-27 11:15:00-05:00,5.340000152587891,5.349999904632568,5.335000038146973,5.340000152587891,2817,0.0,0.0,0.0,ADBG,5m
2026-02-27 11:20:00-05:00,5.320000171661377,5.329999923706055,5.315000057220459,5.329999923706055,3232,0.0,0.0,0.0,ADBG,5m
2026-02-27 11:25:00-05:00,5.349999904632568,5.349999904632568,5.324999809265137,5.329999923706055,5532,0.0,0.0,0.0,ADBG,5m
2026-02-27 11:30:00-05:00,5.340199947357178,5.366300106048584,5.340000152587891,5.366300106048584,240717,0.0,0.0,0.0,ADBG,5m
2026-02-27 11:35:00-05:00,5.364999771118164,5.364999771118164,5.349999904632568,5.351399898529053,0,0.0,0.0,0.0,ADBG,5m
2026-02-27 11:40:00-05:00,5.349999904632568,5.349999904632568,5.335000038146973,5.340000152587891,236298,0.0,0.0,0.0,ADBG,5m
2026-02-27 11:45:00-05:00,5.340000152587891,5.3607001304626465,5.340000152587891,5.340000152587891,0,0.0,0.0,0.0,ADBG,5m
2026-02-27 11:50:00-05:00,5.34499979019165,5.360000133514404,5.34499979019165,5.350100040435791,1759,0.0,0.0,0.0,ADBG,5m
2026-02-27 11:55:00-05:00,5.364999771118164,5.375,5.364999771118164,5.369999885559082,3665,0.0,0.0,0.0,ADBG,5m
2026-02-27 12:00:00-05:00,5.380000114440918,5.400000095367432,5.380000114440918,5.400000095367432,804,0.0,0.0,0.0,ADBG,5m
2026-02-27 12:05:00-05:00,5.399899959564209,5.399899959564209,5.369999885559082,5.375,8556,0.0,0.0,0.0,ADBG,5m
2026-02-27 12:10:00-05:00,5.364999771118164,5.364999771118164,5.335000038146973,5.349999904632568,5628,0.0,0.0,0.0,ADBG,5m
2026-02-27 12:15:00-05:00,5.340000152587891,5.34499979019165,5.335000038146973,5.340000152587891,3028,0.0,0.0,0.0,ADBG,5m
2026-02-27 12:20:00-05:00,5.335000038146973,5.355000019073486,5.335000038146973,5.355000019073486,400,0.0,0.0,0.0,ADBG,5m
2026-02-27 12:25:00-05:00,5.360000133514404,5.380000114440918,5.360000133514404,5.380000114440918,6923,0.0,0.0,0.0,ADBG,5m
2026-02-27 12:30:00-05:00,5.375,5.385000228881836,5.364999771118164,5.364999771118164,2757,0.0,0.0,0.0,ADBG,5m
2026-02-27 12:35:00-05:00,5.380000114440918,5.380000114440918,5.375,5.380000114440918,14354,0.0,0.0,0.0,ADBG,5m
2026-02-27 12:40:00-05:00,5.385000228881836,5.389999866485596,5.385000228881836,5.389999866485596,267103,0.0,0.0,0.0,ADBG,5m
2026-02-27 12:45:00-05:00,5.383399963378906,5.389999866485596,5.383399963378906,5.389999866485596,0,0.0,0.0,0.0,ADBG,5m
2026-02-27 12:50:00-05:00,5.385000228881836,5.398600101470947,5.385000228881836,5.389999866485596,2140,0.0,0.0,0.0,ADBG,5m
2026-02-27 12:55:00-05:00,5.400000095367432,5.409999847412109,5.399899959564209,5.409999847412109,271422,0.0,0.0,0.0,ADBG,5m
2026-02-27 13:00:00-05:00,5.414999961853027,5.414999961853027,5.40500020980835,5.409999847412109,0,0.0,0.0,0.0,ADBG,5m
2026-02-27 13:05:00-05:00,5.409999847412109,5.439899921417236,5.40500020980835,5.439899921417236,2567,0.0,0.0,0.0,ADBG,5m
2026-02-27 13:10:00-05:00,5.440000057220459,5.445000171661377,5.414999961853027,5.414999961853027,8945,0.0,0.0,0.0,ADBG,5m
2026-02-27 13:15:00-05:00,5.414999961853027,5.420100212097168,5.414999961853027,5.420100212097168,901,0.0,0.0,0.0,ADBG,5m
2026-02-27 13:20:00-05:00,5.425000190734863,5.445000171661377,5.425000190734863,5.445000171661377,4107,0.0,0.0,0.0,ADBG,5m
2026-02-27 13:25:00-05:00,5.449900150299072,5.449999809265137,5.429900169372559,5.440000057220459,8036,0.0,0.0,0.0,ADBG,5m
2026-02-27 13:30:00-05:00,5.445000171661377,5.445000171661377,5.445000171661377,5.445000171661377,105,0.0,0.0,0.0,ADBG,5m
2026-02-27 13:35:00-05:00,5.434999942779541,5.44950008392334,5.434999942779541,5.440000057220459,1165,0.0,0.0,0.0,ADBG,5m
2026-02-27 13:40:00-05:00,5.445000171661377,5.445000171661377,5.4274001121521,5.434999942779541,3588,0.0,0.0,0.0,ADBG,5m
2026-02-27 13:45:00-05:00,5.429999828338623,5.429999828338623,5.429999828338623,5.429999828338623,501,0.0,0.0,0.0,ADBG,5m
2026-02-27 13:50:00-05:00,5.434999942779541,5.434999942779541,5.425000190734863,5.430200099945068,3105,0.0,0.0,0.0,ADBG,5m
2026-02-27 13:55:00-05:00,5.440000057220459,5.449999809265137,5.440000057220459,5.440000057220459,971,0.0,0.0,0.0,ADBG,5m
2026-02-27 14:00:00-05:00,5.445000171661377,5.445000171661377,5.445000171661377,5.445000171661377,658,0.0,0.0,0.0,ADBG,5m
2026-02-27 14:05:00-05:00,5.449999809265137,5.454999923706055,5.445000171661377,5.449999809265137,2291,0.0,0.0,0.0,ADBG,5m
2026-02-27 14:10:00-05:00,5.454999923706055,5.454999923706055,5.440000057220459,5.445000171661377,1463,0.0,0.0,0.0,ADBG,5m
2026-02-27 14:15:00-05:00,5.440000057220459,5.445000171661377,5.440000057220459,5.440000057220459,1850,0.0,0.0,0.0,ADBG,5m
2026-02-27 14:20:00-05:00,5.445000171661377,5.465000152587891,5.445000171661377,5.465000152587891,1037,0.0,0.0,0.0,ADBG,5m
2026-02-27 14:25:00-05:00,5.46999979019165,5.480000019073486,5.465000152587891,5.465000152587891,2392,0.0,0.0,0.0,ADBG,5m
2026-02-27 14:30:00-05:00,5.449999809265137,5.454999923706055,5.445000171661377,5.454999923706055,850,0.0,0.0,0.0,ADBG,5m
2026-02-27 14:35:00-05:00,5.450300216674805,5.465000152587891,5.450300216674805,5.465000152587891,1083,0.0,0.0,0.0,ADBG,5m
2026-02-27 14:40:00-05:00,5.465000152587891,5.46999979019165,5.454999923706055,5.454999923706055,1741,0.0,0.0,0.0,ADBG,5m
2026-02-27 14:45:00-05:00,5.465000152587891,5.466700077056885,5.454999923706055,5.454999923706055,5307,0.0,0.0,0.0,ADBG,5m
2026-02-27 14:50:00-05:00,5.454999923706055,5.469900131225586,5.454999923706055,5.469900131225586,2837,0.0,0.0,0.0,ADBG,5m
2026-02-27 14:55:00-05:00,5.46750020980835,5.46750020980835,5.449999809265137,5.449999809265137,2523,0.0,0.0,0.0,ADBG,5m
2026-02-27 15:00:00-05:00,5.460000038146973,5.46999979019165,5.460000038146973,5.46999979019165,1212,0.0,0.0,0.0,ADBG,5m
2026-02-27 15:05:00-05:00,5.474999904632568,5.474999904632568,5.474999904632568,5.474999904632568,606,0.0,0.0,0.0,ADBG,5m
2026-02-27 15:10:00-05:00,5.475500106811523,5.485000133514404,5.46999979019165,5.480000019073486,2383,0.0,0.0,0.0,ADBG,5m
2026-02-27 15:15:00-05:00,5.489999771118164,5.489999771118164,5.489999771118164,5.489999771118164,966,0.0,0.0,0.0,ADBG,5m
2026-02-27 15:20:00-05:00,5.480000019073486,5.5,5.480000019073486,5.5,1213,0.0,0.0,0.0,ADBG,5m
2026-02-27 15:25:00-05:00,5.492400169372559,5.499899864196777,5.489999771118164,5.489999771118164,1396,0.0,0.0,0.0,ADBG,5m
2026-02-27 15:30:00-05:00,5.489999771118164,5.494999885559082,5.489999771118164,5.489999771118164,3225,0.0,0.0,0.0,ADBG,5m
2026-02-27 15:35:00-05:00,5.480000019073486,5.485000133514404,5.470099925994873,5.480000019073486,811,0.0,0.0,0.0,ADBG,5m
2026-02-27 15:40:00-05:00,5.480000019073486,5.486299991607666,5.480000019073486,5.485000133514404,1672,0.0,0.0,0.0,ADBG,5m
2026-02-27 15:45:00-05:00,5.474999904632568,5.483699798583984,5.474999904632568,5.483699798583984,4507,0.0,0.0,0.0,ADBG,5m
2026-02-27 15:50:00-05:00,5.480000019073486,5.480000019073486,5.460000038146973,5.480000019073486,8799,0.0,0.0,0.0,ADBG,5m
2026-02-27 15:55:00-05:00,5.46999979019165,5.494999885559082,5.46999979019165,5.489999771118164,35408,0.0,0.0,0.0,ADBG,5m
2026-03-02 09:30:00-05:00,5.309999942779541,5.46999979019165,5.309999942779541,5.389999866485596,38490,0.0,0.0,0.0,ADBG,5m
2026-03-02 09:35:00-05:00,5.400000095367432,5.425000190734863,5.360000133514404,5.409999847412109,20788,0.0,0.0,0.0,ADBG,5m
2026-03-02 09:40:00-05:00,5.385000228881836,5.449999809265137,5.385000228881836,5.420000076293945,33259,0.0,0.0,0.0,ADBG,5m
2026-03-02 09:45:00-05:00,5.400000095367432,5.420000076293945,5.343299865722656,5.343299865722656,228435,0.0,0.0,0.0,ADBG,5m
2026-03-02 09:50:00-05:00,5.369999885559082,5.380000114440918,5.340000152587891,5.380000114440918,0,0.0,0.0,0.0,ADBG,5m
2026-03-02 09:55:00-05:00,5.380000114440918,5.420000076293945,5.380000114440918,5.400000095367432,3408,0.0,0.0,0.0,ADBG,5m
2026-03-02 10:00:00-05:00,5.414999961853027,5.414999961853027,5.360000133514404,5.369999885559082,16320,0.0,0.0,0.0,ADBG,5m
2026-03-02 10:05:00-05:00,5.340000152587891,5.355000019073486,5.320000171661377,5.320000171661377,6554,0.0,0.0,0.0,ADBG,5m
2026-03-02 10:10:00-05:00,5.329999923706055,5.368800163269043,5.324999809265137,5.349999904632568,336754,0.0,0.0,0.0,ADBG,5m
2026-03-02 10:15:00-05:00,5.360000133514404,5.435100078582764,5.360000133514404,5.409999847412109,0,0.0,0.0,0.0,ADBG,5m
2026-03-02 10:20:00-05:00,5.409999847412109,5.435500144958496,5.400000095367432,5.409999847412109,20888,0.0,0.0,0.0,ADBG,5m
2026-03-02 10:25:00-05:00,5.425000190734863,5.434999942779541,5.389999866485596,5.394999980926514,11737,0.0,0.0,0.0,ADBG,5m
2026-03-02 10:30:00-05:00,5.420000076293945,5.460000038146973,5.409999847412109,5.425000190734863,22984,0.0,0.0,0.0,ADBG,5m
2026-03-02 10:35:00-05:00,5.409999847412109,5.420000076293945,5.399899959564209,5.420000076293945,4077,0.0,0.0,0.0,ADBG,5m
2026-03-02 10:40:00-05:00,5.425000190734863,5.440000057220459,5.409999847412109,5.440000057220459,3459,0.0,0.0,0.0,ADBG,5m
2026-03-02 10:45:00-05:00,5.440000057220459,5.440000057220459,5.394999980926514,5.394999980926514,6501,0.0,0.0,0.0,ADBG,5m
2026-03-02 10:50:00-05:00,5.400000095367432,5.409999847412109,5.380000114440918,5.394999980926514,2111,0.0,0.0,0.0,ADBG,5m
2026-03-02 10:55:00-05:00,5.389999866485596,5.400000095367432,5.374000072479248,5.394999980926514,2558,0.0,0.0,0.0,ADBG,5m
2026-03-02 11:00:00-05:00,5.394999980926514,5.399899959564209,5.364999771118164,5.380000114440918,19652,0.0,0.0,0.0,ADBG,5m
2026-03-02 11:05:00-05:00,5.355000019073486,5.364999771118164,5.335000038146973,5.364999771118164,2488,0.0,0.0,0.0,ADBG,5m
2026-03-02 11:10:00-05:00,5.375,5.380000114440918,5.355000019073486,5.360000133514404,18584,0.0,0.0,0.0,ADBG,5m
2026-03-02 11:15:00-05:00,5.369999885559082,5.380000114440918,5.360000133514404,5.360000133514404,1839,0.0,0.0,0.0,ADBG,5m
2026-03-02 11:20:00-05:00,5.349999904632568,5.349999904632568,5.324999809265137,5.349699974060059,6579,0.0,0.0,0.0,ADBG,5m
2026-03-02 11:25:00-05:00,5.349999904632568,5.349999904632568,5.329999923706055,5.335000038146973,7125,0.0,0.0,0.0,ADBG,5m
2026-03-02 11:30:00-05:00,5.340000152587891,5.340000152587891,5.320000171661377,5.340000152587891,2594,0.0,0.0,0.0,ADBG,5m
2026-03-02 11:35:00-05:00,5.349999904632568,5.380000114440918,5.349999904632568,5.380000114440918,585,0.0,0.0,0.0,ADBG,5m
2026-03-02 11:40:00-05:00,5.389999866485596,5.389999866485596,5.380000114440918,5.389999866485596,4873,0.0,0.0,0.0,ADBG,5m
2026-03-02 11:45:00-05:00,5.389999866485596,5.389999866485596,5.370100021362305,5.370100021362305,2160,0.0,0.0,0.0,ADBG,5m
2026-03-02 11:50:00-05:00,5.380000114440918,5.409999847412109,5.380000114440918,5.400000095367432,2996,0.0,0.0,0.0,ADBG,5m
2026-03-02 11:55:00-05:00,5.409999847412109,5.420000076293945,5.409999847412109,5.420000076293945,5240,0.0,0.0,0.0,ADBG,5m
2026-03-02 12:00:00-05:00,5.420000076293945,5.420000076293945,5.409999847412109,5.409999847412109,1517,0.0,0.0,0.0,ADBG,5m
2026-03-02 12:05:00-05:00,5.420100212097168,5.425000190734863,5.40500020980835,5.409999847412109,16135,0.0,0.0,0.0,ADBG,5m
2026-03-02 12:10:00-05:00,5.421899795532227,5.429999828338623,5.421899795532227,5.425000190734863,1757,0.0,0.0,0.0,ADBG,5m
2026-03-02 12:15:00-05:00,5.425000190734863,5.440000057220459,5.420000076293945,5.427999973297119,10473,0.0,0.0,0.0,ADBG,5m
2026-03-02 12:20:00-05:00,5.440000057220459,5.440000057220459,5.426599979400635,5.426599979400635,519,0.0,0.0,0.0,ADBG,5m
2026-03-02 12:25:00-05:00,5.427700042724609,5.427700042724609,5.394999980926514,5.400000095367432,4031,0.0,0.0,0.0,ADBG,5m
2026-03-02 12:30:00-05:00,5.389999866485596,5.400000095367432,5.388000011444092,5.400000095367432,1243,0.0,0.0,0.0,ADBG,5m
2026-03-02 12:35:00-05:00,5.389999866485596,5.409999847412109,5.389999866485596,5.409999847412109,8034,0.0,0.0,0.0,ADBG,5m
2026-03-02 12:40:00-05:00,5.40500020980835,5.420000076293945,5.40500020980835,5.420000076293945,2568,0.0,0.0,0.0,ADBG,5m
2026-03-02 12:45:00-05:00,5.429999828338623,5.440000057220459,5.429999828338623,5.440000057220459,0,0.0,0.0,0.0,ADBG,5m
2026-03-02 12:50:00-05:00,5.445000171661377,5.489999771118164,5.445000171661377,5.489999771118164,1372,0.0,0.0,0.0,ADBG,5m
2026-03-02 12:55:00-05:00,5.489999771118164,5.489999771118164,5.465000152587891,5.465000152587891,2974,0.0,0.0,0.0,ADBG,5m
2026-03-02 13:00:00-05:00,5.480000019073486,5.480000019073486,5.46999979019165,5.46999979019165,13239,0.0,0.0,0.0,ADBG,5m
2026-03-02 13:05:00-05:00,5.480000019073486,5.480000019073486,5.480000019073486,5.480000019073486,290,0.0,0.0,0.0,ADBG,5m
2026-03-02 13:10:00-05:00,5.480000019073486,5.497099876403809,5.480000019073486,5.489999771118164,1601,0.0,0.0,0.0,ADBG,5m
2026-03-02 13:15:00-05:00,5.489999771118164,5.494999885559082,5.485000133514404,5.485000133514404,710,0.0,0.0,0.0,ADBG,5m
2026-03-02 13:20:00-05:00,5.48360013961792,5.5,5.48360013961792,5.5,5038,0.0,0.0,0.0,ADBG,5m
2026-03-02 13:25:00-05:00,5.5,5.5,5.5,5.5,874,0.0,0.0,0.0,ADBG,5m
2026-03-02 13:30:00-05:00,5.505000114440918,5.514999866485596,5.5,5.514999866485596,21410,0.0,0.0,0.0,ADBG,5m
2026-03-02 13:35:00-05:00,5.514999866485596,5.53000020980835,5.505000114440918,5.505000114440918,4685,0.0,0.0,0.0,ADBG,5m
2026-03-02 13:40:00-05:00,5.5,5.510000228881836,5.5,5.510000228881836,5783,0.0,0.0,0.0,ADBG,5m
2026-03-02 13:45:00-05:00,5.505000114440918,5.505000114440918,5.5,5.505000114440918,11097,0.0,0.0,0.0,ADBG,5m
2026-03-02 13:50:00-05:00,5.510000228881836,5.510000228881836,5.4934000968933105,5.5,14157,0.0,0.0,0.0,ADBG,5m
2026-03-02 13:55:00-05:00,5.480000019073486,5.480000019073486,5.474999904632568,5.480000019073486,1429,0.0,0.0,0.0,ADBG,5m
2026-03-02 14:00:00-05:00,5.480000019073486,5.480000019073486,5.480000019073486,5.480000019073486,295,0.0,0.0,0.0,ADBG,5m
2026-03-02 14:05:00-05:00,5.489999771118164,5.489999771118164,5.489999771118164,5.489999771118164,369,0.0,0.0,0.0,ADBG,5m
2026-03-02 14:10:00-05:00,5.505000114440918,5.519999980926514,5.505000114440918,5.519999980926514,20429,0.0,0.0,0.0,ADBG,5m
2026-03-02 14:15:00-05:00,5.554999828338623,5.554999828338623,5.550000190734863,5.550000190734863,683,0.0,0.0,0.0,ADBG,5m
2026-03-02 14:20:00-05:00,5.545000076293945,5.550000190734863,5.534999847412109,5.534999847412109,5073,0.0,0.0,0.0,ADBG,5m
2026-03-02 14:25:00-05:00,5.534999847412109,5.534999847412109,5.524499893188477,5.524499893188477,695,0.0,0.0,0.0,ADBG,5m
2026-03-02 14:30:00-05:00,5.550000190734863,5.550000190734863,5.545000076293945,5.545000076293945,3221,0.0,0.0,0.0,ADBG,5m
2026-03-02 14:35:00-05:00,5.545000076293945,5.545000076293945,5.545000076293945,5.545000076293945,152,0.0,0.0,0.0,ADBG,5m
2026-03-02 14:40:00-05:00,5.519999980926514,5.53000020980835,5.514999866485596,5.514999866485596,761,0.0,0.0,0.0,ADBG,5m
2026-03-02 14:45:00-05:00,5.519999980926514,5.534999847412109,5.519999980926514,5.534999847412109,765,0.0,0.0,0.0,ADBG,5m
2026-03-02 14:50:00-05:00,5.547299861907959,5.547299861907959,5.539400100708008,5.539400100708008,199,0.0,0.0,0.0,ADBG,5m
2026-03-02 14:55:00-05:00,5.539999961853027,5.550000190734863,5.539899826049805,5.550000190734863,2421,0.0,0.0,0.0,ADBG,5m
2026-03-02 15:00:00-05:00,5.539000034332275,5.549799919128418,5.539000034332275,5.545000076293945,762136,0.0,0.0,0.0,ADBG,5m
2026-03-02 15:05:00-05:00,5.505000114440918,5.505000114440918,5.480000019073486,5.480000019073486,11204,0.0,0.0,0.0,ADBG,5m
2026-03-02 15:10:00-05:00,5.480000019073486,5.4903998374938965,5.480000019073486,5.489999771118164,14902,0.0,0.0,0.0,ADBG,5m
2026-03-02 15:15:00-05:00,5.480000019073486,5.485000133514404,5.465000152587891,5.465000152587891,12462,0.0,0.0,0.0,ADBG,5m
2026-03-02 15:20:00-05:00,5.46999979019165,5.474999904632568,5.465000152587891,5.46999979019165,2241,0.0,0.0,0.0,ADBG,5m
2026-03-02 15:25:00-05:00,5.46999979019165,5.474999904632568,5.465000152587891,5.474999904632568,1072,0.0,0.0,0.0,ADBG,5m
2026-03-02 15:30:00-05:00,5.46999979019165,5.46999979019165,5.460000038146973,5.466700077056885,5072,0.0,0.0,0.0,ADBG,5m
2026-03-02 15:35:00-05:00,5.46999979019165,5.46999979019165,5.46999979019165,5.46999979019165,269,0.0,0.0,0.0,ADBG,5m
2026-03-02 15:40:00-05:00,5.45989990234375,5.45989990234375,5.445000171661377,5.449900150299072,1474,0.0,0.0,0.0,ADBG,5m
2026-03-02 15:45:00-05:00,5.445000171661377,5.454999923706055,5.445000171661377,5.449999809265137,16455,0.0,0.0,0.0,ADBG,5m
2026-03-02 15:50:00-05:00,5.454999923706055,5.454999923706055,5.449999809265137,5.449999809265137,4632,0.0,0.0,0.0,ADBG,5m
2026-03-02 15:55:00-05:00,5.443999767303467,5.445000171661377,5.420000076293945,5.420000076293945,14403,0.0,0.0,0.0,ADBG,5m
2026-03-03 09:30:00-05:00,5.389999866485596,5.699999809265137,5.389999866485596,5.683700084686279,148223,0.0,0.0,0.0,ADBG,5m
2026-03-03 09:35:00-05:00,5.679999828338623,5.679999828338623,5.519999980926514,5.53000020980835,299669,0.0,0.0,0.0,ADBG,5m
2026-03-03 09:40:00-05:00,5.53000020980835,5.605000019073486,5.514999866485596,5.579999923706055,146936,0.0,0.0,0.0,ADBG,5m
2026-03-03 09:45:00-05:00,5.579999923706055,5.579999923706055,5.425000190734863,5.445000171661377,104808,0.0,0.0,0.0,ADBG,5m
2026-03-03 09:50:00-05:00,5.454999923706055,5.519999980926514,5.440000057220459,5.485000133514404,89053,0.0,0.0,0.0,ADBG,5m
2026-03-03 09:55:00-05:00,5.46999979019165,5.545000076293945,5.46999979019165,5.514999866485596,155527,0.0,0.0,0.0,ADBG,5m
2026-03-03 10:00:00-05:00,5.519999980926514,5.53000020980835,5.440000057220459,5.440000057220459,134180,0.0,0.0,0.0,ADBG,5m
2026-03-03 10:05:00-05:00,5.449999809265137,5.46999979019165,5.420000076293945,5.465000152587891,120676,0.0,0.0,0.0,ADBG,5m
2026-03-03 10:10:00-05:00,5.474999904632568,5.550000190734863,5.474999904632568,5.510000228881836,129345,0.0,0.0,0.0,ADBG,5m
2026-03-03 10:15:00-05:00,5.525000095367432,5.539899826049805,5.485000133514404,5.489999771118164,181882,0.0,0.0,0.0,ADBG,5m
2026-03-03 10:20:00-05:00,5.489999771118164,5.5,5.440000057220459,5.5,42984,0.0,0.0,0.0,ADBG,5m
2026-03-03 10:25:00-05:00,5.489999771118164,5.519999980926514,5.485000133514404,5.514999866485596,88470,0.0,0.0,0.0,ADBG,5m
2026-03-03 10:30:00-05:00,5.525000095367432,5.534999847412109,5.474999904632568,5.510000228881836,200961,0.0,0.0,0.0,ADBG,5m
2026-03-03 10:35:00-05:00,5.505000114440918,5.599999904632568,5.494999885559082,5.599999904632568,136535,0.0,0.0,0.0,ADBG,5m
2026-03-03 10:40:00-05:00,5.59499979019165,5.635000228881836,5.59499979019165,5.619999885559082,211778,0.0,0.0,0.0,ADBG,5m
2026-03-03 10:45:00-05:00,5.619999885559082,5.639999866485596,5.571899890899658,5.599999904632568,199768,0.0,0.0,0.0,ADBG,5m
2026-03-03 10:50:00-05:00,5.605000019073486,5.605000019073486,5.574999809265137,5.579999923706055,76918,0.0,0.0,0.0,ADBG,5m
2026-03-03 10:55:00-05:00,5.585000038146973,5.59499979019165,5.574999809265137,5.59499979019165,47144,0.0,0.0,0.0,ADBG,5m
2026-03-03 11:00:00-05:00,5.59499979019165,5.625,5.59499979019165,5.619999885559082,101635,0.0,0.0,0.0,ADBG,5m
2026-03-03 11:05:00-05:00,5.630000114440918,5.664999961853027,5.605000019073486,5.664999961853027,98577,0.0,0.0,0.0,ADBG,5m
2026-03-03 11:10:00-05:00,5.659999847412109,5.704999923706055,5.65500020980835,5.690000057220459,96923,0.0,0.0,0.0,ADBG,5m
2026-03-03 11:15:00-05:00,5.689899921417236,5.695000171661377,5.675000190734863,5.695000171661377,149667,0.0,0.0,0.0,ADBG,5m
2026-03-03 11:20:00-05:00,5.690000057220459,5.762800216674805,5.690000057220459,5.739999771118164,85273,0.0,0.0,0.0,ADBG,5m
2026-03-03 11:25:00-05:00,5.755000114440918,5.769999980926514,5.739999771118164,5.764999866485596,32796,0.0,0.0,0.0,ADBG,5m
2026-03-03 11:30:00-05:00,5.760000228881836,5.779900074005127,5.750100135803223,5.755000114440918,58116,0.0,0.0,0.0,ADBG,5m
2026-03-03 11:35:00-05:00,5.760000228881836,5.760000228881836,5.739999771118164,5.755000114440918,34300,0.0,0.0,0.0,ADBG,5m
2026-03-03 11:40:00-05:00,5.764999866485596,5.775000095367432,5.731400012969971,5.769999980926514,61199,0.0,0.0,0.0,ADBG,5m
2026-03-03 11:45:00-05:00,5.764999866485596,5.795000076293945,5.760000228881836,5.788700103759766,98584,0.0,0.0,0.0,ADBG,5m
2026-03-03 11:50:00-05:00,5.789999961853027,5.829999923706055,5.789999961853027,5.809999942779541,102377,0.0,0.0,0.0,ADBG,5m
2026-03-03 11:55:00-05:00,5.815000057220459,5.815000057220459,5.789999961853027,5.804999828338623,72687,0.0,0.0,0.0,ADBG,5m
2026-03-03 12:00:00-05:00,5.804999828338623,5.804999828338623,5.760000228881836,5.764999866485596,49931,0.0,0.0,0.0,ADBG,5m
2026-03-03 12:05:00-05:00,5.764999866485596,5.784999847412109,5.730000019073486,5.73799991607666,63520,0.0,0.0,0.0,ADBG,5m
2026-03-03 12:10:00-05:00,5.739999771118164,5.755000114440918,5.730000019073486,5.730000019073486,32469,0.0,0.0,0.0,ADBG,5m
2026-03-03 12:15:00-05:00,5.724999904632568,5.724999904632568,5.703499794006348,5.707099914550781,40243,0.0,0.0,0.0,ADBG,5m
2026-03-03 12:20:00-05:00,5.700200080871582,5.715000152587891,5.699999809265137,5.715000152587891,11333,0.0,0.0,0.0,ADBG,5m
2026-03-03 12:25:00-05:00,5.724999904632568,5.7399001121521,5.710000038146973,5.730000019073486,43324,0.0,0.0,0.0,ADBG,5m
2026-03-03 12:30:00-05:00,5.735000133514404,5.7399001121521,5.715000152587891,5.724999904632568,25173,0.0,0.0,0.0,ADBG,5m
2026-03-03 12:35:00-05:00,5.715000152587891,5.75,5.710100173950195,5.739999771118164,42064,0.0,0.0,0.0,ADBG,5m
2026-03-03 12:40:00-05:00,5.744999885559082,5.75,5.735000133514404,5.75,38930,0.0,0.0,0.0,ADBG,5m
2026-03-03 12:45:00-05:00,5.764999866485596,5.769999980926514,5.715000152587891,5.715000152587891,34870,0.0,0.0,0.0,ADBG,5m
2026-03-03 12:50:00-05:00,5.730000019073486,5.749899864196777,5.699999809265137,5.704999923706055,42273,0.0,0.0,0.0,ADBG,5m
2026-03-03 12:55:00-05:00,5.704999923706055,5.724999904632568,5.704999923706055,5.71999979019165,63718,0.0,0.0,0.0,ADBG,5m
2026-03-03 13:00:00-05:00,5.724999904632568,5.759699821472168,5.724999904632568,5.755000114440918,15109,0.0,0.0,0.0,ADBG,5m
2026-03-03 13:05:00-05:00,5.749899864196777,5.755000114440918,5.739999771118164,5.744999885559082,30896,0.0,0.0,0.0,ADBG,5m
2026-03-03 13:10:00-05:00,5.744999885559082,5.755499839782715,5.735000133514404,5.739999771118164,34414,0.0,0.0,0.0,ADBG,5m
2026-03-03 13:15:00-05:00,5.75,5.773399829864502,5.749899864196777,5.773399829864502,42769,0.0,0.0,0.0,ADBG,5m
2026-03-03 13:20:00-05:00,5.804500102996826,5.820000171661377,5.804500102996826,5.820000171661377,2082,0.0,0.0,0.0,ADBG,5m
2026-03-03 13:25:00-05:00,5.809999942779541,5.839900016784668,5.804999828338623,5.8302998542785645,521464,0.0,0.0,0.0,ADBG,5m
2026-03-03 13:30:00-05:00,5.824999809265137,5.869900226593018,5.824999809265137,5.864999771118164,24074,0.0,0.0,0.0,ADBG,5m
2026-03-03 13:35:00-05:00,5.864500045776367,5.869999885559082,5.855000019073486,5.869999885559082,22320,0.0,0.0,0.0,ADBG,5m
2026-03-03 13:40:00-05:00,5.864999771118164,5.880000114440918,5.849999904632568,5.849999904632568,280998,0.0,0.0,0.0,ADBG,5m
2026-03-03 13:45:00-05:00,5.84499979019165,5.875,5.84499979019165,5.875,33892,0.0,0.0,0.0,ADBG,5m
2026-03-03 13:50:00-05:00,5.869999885559082,5.869999885559082,5.84499979019165,5.860000133514404,62734,0.0,0.0,0.0,ADBG,5m
2026-03-03 13:55:00-05:00,5.855000019073486,5.864999771118164,5.849999904632568,5.8628997802734375,17114,0.0,0.0,0.0,ADBG,5m
2026-03-03 14:00:00-05:00,5.864999771118164,5.869999885559082,5.860000133514404,5.864999771118164,8393,0.0,0.0,0.0,ADBG,5m
2026-03-03 14:05:00-05:00,5.875,5.885000228881836,5.843299865722656,5.84499979019165,61023,0.0,0.0,0.0,ADBG,5m
2026-03-03 14:10:00-05:00,5.840000152587891,5.869999885559082,5.835000038146973,5.869999885559082,9493,0.0,0.0,0.0,ADBG,5m
2026-03-03 14:15:00-05:00,5.880000114440918,5.880000114440918,5.872700214385986,5.875,13685,0.0,0.0,0.0,ADBG,5m
2026-03-03 14:20:00-05:00,5.875,5.899899959564209,5.869900226593018,5.899899959564209,20405,0.0,0.0,0.0,ADBG,5m
2026-03-03 14:25:00-05:00,5.894999980926514,5.909999847412109,5.894999980926514,5.90500020980835,44795,0.0,0.0,0.0,ADBG,5m
2026-03-03 14:30:00-05:00,5.90500020980835,5.914999961853027,5.885000228881836,5.887499809265137,26276,0.0,0.0,0.0,ADBG,5m
2026-03-03 14:35:00-05:00,5.871399879455566,5.909999847412109,5.871399879455566,5.889999866485596,25062,0.0,0.0,0.0,ADBG,5m
2026-03-03 14:40:00-05:00,5.889999866485596,5.909200191497803,5.850900173187256,5.860000133514404,68599,0.0,0.0,0.0,ADBG,5m
2026-03-03 14:45:00-05:00,5.860000133514404,5.900000095367432,5.860000133514404,5.894999980926514,84860,0.0,0.0,0.0,ADBG,5m
2026-03-03 14:50:00-05:00,5.894999980926514,5.90500020980835,5.880000114440918,5.880000114440918,29108,0.0,0.0,0.0,ADBG,5m
2026-03-03 14:55:00-05:00,5.880000114440918,5.880000114440918,5.855000019073486,5.859899997711182,49085,0.0,0.0,0.0,ADBG,5m
2026-03-03 15:00:00-05:00,5.855000019073486,5.864999771118164,5.849999904632568,5.864999771118164,32529,0.0,0.0,0.0,ADBG,5m
2026-03-03 15:05:00-05:00,5.864500045776367,5.869900226593018,5.84499979019165,5.855000019073486,13785,0.0,0.0,0.0,ADBG,5m
2026-03-03 15:10:00-05:00,5.860000133514404,5.860000133514404,5.829999923706055,5.839900016784668,47366,0.0,0.0,0.0,ADBG,5m
2026-03-03 15:15:00-05:00,5.829999923706055,5.829999923706055,5.800000190734863,5.800000190734863,16085,0.0,0.0,0.0,ADBG,5m
2026-03-03 15:20:00-05:00,5.80649995803833,5.820000171661377,5.800300121307373,5.809999942779541,21296,0.0,0.0,0.0,ADBG,5m
2026-03-03 15:25:00-05:00,5.806700229644775,5.815000057220459,5.800099849700928,5.800099849700928,15314,0.0,0.0,0.0,ADBG,5m
2026-03-03 15:30:00-05:00,5.815000057220459,5.815000057220459,5.795000076293945,5.800000190734863,67643,0.0,0.0,0.0,ADBG,5m
2026-03-03 15:35:00-05:00,5.7845001220703125,5.809000015258789,5.782599925994873,5.804999828338623,14367,0.0,0.0,0.0,ADBG,5m
2026-03-03 15:40:00-05:00,5.815000057220459,5.824999809265137,5.815000057220459,5.824999809265137,3780,0.0,0.0,0.0,ADBG,5m
2026-03-03 15:45:00-05:00,5.829599857330322,5.840000152587891,5.824999809265137,5.840000152587891,18273,0.0,0.0,0.0,ADBG,5m
2026-03-03 15:50:00-05:00,5.840000152587891,5.869999885559082,5.815000057220459,5.829999923706055,96506,0.0,0.0,0.0,ADBG,5m
2026-03-03 15:55:00-05:00,5.849899768829346,5.849999904632568,5.835000038146973,5.849999904632568,24810,0.0,0.0,0.0,ADBG,5m
2026-03-04 09:30:00-05:00,5.869999885559082,6.005000114440918,5.829999923706055,5.949999809265137,247240,0.0,0.0,0.0,ADBG,5m
2026-03-04 09:35:00-05:00,5.96999979019165,5.96999979019165,5.889999866485596,5.940000057220459,167917,0.0,0.0,0.0,ADBG,5m
2026-03-04 09:40:00-05:00,5.934999942779541,5.934999942779541,5.840000152587891,5.929999828338623,115586,0.0,0.0,0.0,ADBG,5m
2026-03-04 09:45:00-05:00,5.920000076293945,5.920000076293945,5.864999771118164,5.880000114440918,127966,0.0,0.0,0.0,ADBG,5m
2026-03-04 09:50:00-05:00,5.875,5.960000038146973,5.855000019073486,5.954999923706055,484075,0.0,0.0,0.0,ADBG,5m
2026-03-04 09:55:00-05:00,5.945000171661377,6.0,5.9096999168396,5.960000038146973,90338,0.0,0.0,0.0,ADBG,5m
2026-03-04 10:00:00-05:00,5.96999979019165,6.0,5.920000076293945,5.934999942779541,89800,0.0,0.0,0.0,ADBG,5m
2026-03-04 10:05:00-05:00,5.940000057220459,5.989999771118164,5.914999961853027,5.945000171661377,50073,0.0,0.0,0.0,ADBG,5m
2026-03-04 10:10:00-05:00,5.960000038146973,5.980000019073486,5.945000171661377,5.946199893951416,281107,0.0,0.0,0.0,ADBG,5m
2026-03-04 10:15:00-05:00,5.940000057220459,5.940000057220459,5.885000228881836,5.889999866485596,118167,0.0,0.0,0.0,ADBG,5m
2026-03-04 10:20:00-05:00,5.880000114440918,5.945000171661377,5.869999885559082,5.940000057220459,41179,0.0,0.0,0.0,ADBG,5m
2026-03-04 10:25:00-05:00,5.949999809265137,5.960000038146973,5.90500020980835,5.914999961853027,42105,0.0,0.0,0.0,ADBG,5m
2026-03-04 10:30:00-05:00,5.920000076293945,5.940000057220459,5.900000095367432,5.909999847412109,105611,0.0,0.0,0.0,ADBG,5m
2026-03-04 10:35:00-05:00,5.894999980926514,5.945000171661377,5.894999980926514,5.925000190734863,49492,0.0,0.0,0.0,ADBG,5m
2026-03-04 10:40:00-05:00,5.940000057220459,5.949999809265137,5.920000076293945,5.940000057220459,76623,0.0,0.0,0.0,ADBG,5m
2026-03-04 10:45:00-05:00,5.949999809265137,5.960000038146973,5.923399925231934,5.95989990234375,37866,0.0,0.0,0.0,ADBG,5m
2026-03-04 10:50:00-05:00,5.954999923706055,5.96999979019165,5.949999809265137,5.968599796295166,37344,0.0,0.0,0.0,ADBG,5m
2026-03-04 10:55:00-05:00,5.960000038146973,5.96999979019165,5.940000057220459,5.960000038146973,60082,0.0,0.0,0.0,ADBG,5m
2026-03-04 11:00:00-05:00,5.960000038146973,5.980000019073486,5.960000038146973,5.974999904632568,73330,0.0,0.0,0.0,ADBG,5m
2026-03-04 11:05:00-05:00,5.979899883270264,6.010000228881836,5.96999979019165,6.010000228881836,50215,0.0,0.0,0.0,ADBG,5m
2026-03-04 11:10:00-05:00,6.01140022277832,6.025000095367432,5.989999771118164,6.0,40272,0.0,0.0,0.0,ADBG,5m
2026-03-04 11:15:00-05:00,5.994999885559082,6.026000022888184,5.994999885559082,6.026000022888184,42741,0.0,0.0,0.0,ADBG,5m
2026-03-04 11:20:00-05:00,6.03000020980835,6.045000076293945,6.010000228881836,6.010000228881836,52898,0.0,0.0,0.0,ADBG,5m
2026-03-04 11:25:00-05:00,6.0,6.014999866485596,5.994999885559082,6.014999866485596,31825,0.0,0.0,0.0,ADBG,5m
2026-03-04 11:30:00-05:00,6.010000228881836,6.010000228881836,6.005000114440918,6.005000114440918,12741,0.0,0.0,0.0,ADBG,5m
2026-03-04 11:35:00-05:00,6.029900074005127,6.03000020980835,6.0117998123168945,6.0117998123168945,61686,0.0,0.0,0.0,ADBG,5m
2026-03-04 11:40:00-05:00,6.014999866485596,6.039999961853027,6.014999866485596,6.03000020980835,418,0.0,0.0,0.0,ADBG,5m
2026-03-04 11:45:00-05:00,6.028900146484375,6.034999847412109,6.025000095367432,6.034999847412109,5018,0.0,0.0,0.0,ADBG,5m
2026-03-04 11:50:00-05:00,6.039999961853027,6.050000190734863,6.034999847412109,6.045000076293945,6974,0.0,0.0,0.0,ADBG,5m
2026-03-04 11:55:00-05:00,6.039999961853027,6.039999961853027,6.014999866485596,6.026199817657471,19049,0.0,0.0,0.0,ADBG,5m
2026-03-04 12:00:00-05:00,6.025000095367432,6.025000095367432,6.014999866485596,6.014999866485596,5418,0.0,0.0,0.0,ADBG,5m
2026-03-04 12:05:00-05:00,6.034999847412109,6.045000076293945,6.013800144195557,6.025000095367432,22501,0.0,0.0,0.0,ADBG,5m
2026-03-04 12:10:00-05:00,6.03000020980835,6.030099868774414,6.010000228881836,6.03000020980835,12705,0.0,0.0,0.0,ADBG,5m
2026-03-04 12:15:00-05:00,6.03000020980835,6.03000020980835,6.001500129699707,6.010000228881836,20400,0.0,0.0,0.0,ADBG,5m
2026-03-04 12:20:00-05:00,6.014999866485596,6.025000095367432,6.010000228881836,6.010000228881836,76960,0.0,0.0,0.0,ADBG,5m
2026-03-04 12:25:00-05:00,6.010000228881836,6.025000095367432,6.0,6.005000114440918,63895,0.0,0.0,0.0,ADBG,5m
2026-03-04 12:30:00-05:00,6.005000114440918,6.010000228881836,5.994999885559082,6.010000228881836,77691,0.0,0.0,0.0,ADBG,5m
2026-03-04 12:35:00-05:00,6.010000228881836,6.010000228881836,5.985000133514404,5.994999885559082,58029,0.0,0.0,0.0,ADBG,5m
2026-03-04 12:40:00-05:00,5.994999885559082,5.994999885559082,5.960100173950195,5.980000019073486,31685,0.0,0.0,0.0,ADBG,5m
2026-03-04 12:45:00-05:00,5.985000133514404,5.985000133514404,5.96999979019165,5.974999904632568,26141,0.0,0.0,0.0,ADBG,5m
2026-03-04 12:50:00-05:00,5.980000019073486,6.039899826049805,5.980000019073486,6.034999847412109,39669,0.0,0.0,0.0,ADBG,5m
2026-03-04 12:55:00-05:00,6.030099868774414,6.050000190734863,6.030099868774414,6.050000190734863,38910,0.0,0.0,0.0,ADBG,5m
2026-03-04 13:00:00-05:00,6.050000190734863,6.057400226593018,6.039999961853027,6.054999828338623,10809,0.0,0.0,0.0,ADBG,5m
2026-03-04 13:05:00-05:00,6.059899806976318,6.065400123596191,6.051400184631348,6.054999828338623,9000,0.0,0.0,0.0,ADBG,5m
2026-03-04 13:10:00-05:00,6.074999809265137,6.079999923706055,6.070099830627441,6.079999923706055,15282,0.0,0.0,0.0,ADBG,5m
2026-03-04 13:15:00-05:00,6.070000171661377,6.074999809265137,6.059999942779541,6.065000057220459,33756,0.0,0.0,0.0,ADBG,5m
2026-03-04 13:20:00-05:00,6.065000057220459,6.070400238037109,6.050000190734863,6.050000190734863,41873,0.0,0.0,0.0,ADBG,5m
2026-03-04 13:25:00-05:00,6.050000190734863,6.050000190734863,6.03000020980835,6.050000190734863,13524,0.0,0.0,0.0,ADBG,5m
2026-03-04 13:30:00-05:00,6.045000076293945,6.045000076293945,6.014999866485596,6.025000095367432,13646,0.0,0.0,0.0,ADBG,5m
2026-03-04 13:35:00-05:00,6.014999866485596,6.03000020980835,6.010000228881836,6.03000020980835,13217,0.0,0.0,0.0,ADBG,5m
2026-03-04 13:40:00-05:00,6.025000095367432,6.025000095367432,6.0,6.005000114440918,11000,0.0,0.0,0.0,ADBG,5m
2026-03-04 13:45:00-05:00,5.994999885559082,5.994999885559082,5.989999771118164,5.989999771118164,8863,0.0,0.0,0.0,ADBG,5m
2026-03-04 13:50:00-05:00,5.989999771118164,6.0,5.989999771118164,6.0,5061,0.0,0.0,0.0,ADBG,5m
2026-03-04 13:55:00-05:00,5.989999771118164,5.998499870300293,5.985000133514404,5.998499870300293,13484,0.0,0.0,0.0,ADBG,5m
2026-03-04 14:00:00-05:00,6.0,6.009699821472168,6.0,6.009699821472168,7871,0.0,0.0,0.0,ADBG,5m
2026-03-04 14:05:00-05:00,6.003200054168701,6.010000228881836,6.0,6.010000228881836,6491,0.0,0.0,0.0,ADBG,5m
2026-03-04 14:10:00-05:00,6.010000228881836,6.010000228881836,6.0,6.005000114440918,8729,0.0,0.0,0.0,ADBG,5m
2026-03-04 14:15:00-05:00,6.0,6.010000228881836,6.0,6.005000114440918,47215,0.0,0.0,0.0,ADBG,5m
2026-03-04 14:20:00-05:00,6.0,6.005000114440918,5.997200012207031,6.0,11007,0.0,0.0,0.0,ADBG,5m
2026-03-04 14:30:00-05:00,6.0,6.0,5.989999771118164,6.0,25867,0.0,0.0,0.0,ADBG,5m
2026-03-04 14:35:00-05:00,6.001399993896484,6.013000011444092,6.001399993896484,6.010000228881836,22379,0.0,0.0,0.0,ADBG,5m
2026-03-04 14:40:00-05:00,6.019899845123291,6.020100116729736,6.008999824523926,6.010000228881836,18025,0.0,0.0,0.0,ADBG,5m
2026-03-04 14:45:00-05:00,6.010000228881836,6.014999866485596,6.010000228881836,6.013500213623047,32538,0.0,0.0,0.0,ADBG,5m
2026-03-04 14:50:00-05:00,6.025000095367432,6.029900074005127,6.023200035095215,6.029900074005127,3789,0.0,0.0,0.0,ADBG,5m
2026-03-04 14:55:00-05:00,6.014999866485596,6.019999980926514,6.010000228881836,6.019999980926514,18831,0.0,0.0,0.0,ADBG,5m
2026-03-04 15:00:00-05:00,6.019999980926514,6.019999980926514,6.005000114440918,6.005000114440918,7179,0.0,0.0,0.0,ADBG,5m
2026-03-04 15:05:00-05:00,5.989999771118164,5.989999771118164,5.954999923706055,5.95989990234375,24303,0.0,0.0,0.0,ADBG,5m
2026-03-04 15:10:00-05:00,5.956900119781494,5.960000038146973,5.940000057220459,5.940000057220459,102143,0.0,0.0,0.0,ADBG,5m
2026-03-04 15:15:00-05:00,5.940000057220459,5.945000171661377,5.940000057220459,5.941400051116943,18613,0.0,0.0,0.0,ADBG,5m
2026-03-04 15:20:00-05:00,5.945000171661377,5.954999923706055,5.940000057220459,5.945000171661377,19240,0.0,0.0,0.0,ADBG,5m
2026-03-04 15:25:00-05:00,5.949999809265137,5.960000038146973,5.949999809265137,5.954999923706055,8111,0.0,0.0,0.0,ADBG,5m
2026-03-04 15:30:00-05:00,5.960000038146973,5.967899799346924,5.949999809265137,5.950099945068359,58418,0.0,0.0,0.0,ADBG,5m
2026-03-04 15:35:00-05:00,5.949999809265137,5.954999923706055,5.941400051116943,5.941400051116943,3232,0.0,0.0,0.0,ADBG,5m
2026-03-04 15:40:00-05:00,5.940000057220459,5.949999809265137,5.940000057220459,5.949999809265137,603,0.0,0.0,0.0,ADBG,5m
2026-03-04 15:45:00-05:00,5.954999923706055,5.954999923706055,5.929999828338623,5.945000171661377,41253,0.0,0.0,0.0,ADBG,5m
2026-03-04 15:50:00-05:00,5.929999828338623,5.954999923706055,5.920000076293945,5.949999809265137,25807,0.0,0.0,0.0,ADBG,5m
2026-03-04 15:55:00-05:00,5.949999809265137,5.949999809265137,5.929999828338623,5.929999828338623,17315,0.0,0.0,0.0,ADBG,5m
2026-03-05 09:30:00-05:00,6.03000020980835,6.21999979019165,6.03000020980835,6.199999809265137,89453,0.0,0.0,0.0,ADBG,5m
2026-03-05 09:35:00-05:00,6.216300010681152,6.320000171661377,6.216300010681152,6.300000190734863,75196,0.0,0.0,0.0,ADBG,5m
2026-03-05 09:40:00-05:00,6.28000020980835,6.380000114440918,6.269999980926514,6.375,63228,0.0,0.0,0.0,ADBG,5m
2026-03-05 09:45:00-05:00,6.369999885559082,6.375,6.340000152587891,6.349999904632568,84310,0.0,0.0,0.0,ADBG,5m
2026-03-05 09:50:00-05:00,6.349999904632568,6.425000190734863,6.339900016784668,6.425000190734863,32595,0.0,0.0,0.0,ADBG,5m
2026-03-05 09:55:00-05:00,6.425000190734863,6.425000190734863,6.369999885559082,6.385000228881836,64286,0.0,0.0,0.0,ADBG,5m
2026-03-05 10:00:00-05:00,6.385000228881836,6.409999847412109,6.324999809265137,6.400000095367432,42642,0.0,0.0,0.0,ADBG,5m
2026-03-05 10:05:00-05:00,6.40500020980835,6.458600044250488,6.40500020980835,6.425000190734863,45918,0.0,0.0,0.0,ADBG,5m
2026-03-05 10:10:00-05:00,6.425000190734863,6.429999828338623,6.380000114440918,6.429299831390381,67811,0.0,0.0,0.0,ADBG,5m
2026-03-05 10:15:00-05:00,6.440000057220459,6.454999923706055,6.380000114440918,6.380000114440918,39267,0.0,0.0,0.0,ADBG,5m
2026-03-05 10:20:00-05:00,6.375,6.375,6.329999923706055,6.329999923706055,61104,0.0,0.0,0.0,ADBG,5m
2026-03-05 10:25:00-05:00,6.319699764251709,6.319699764251709,6.25029993057251,6.271500110626221,60713,0.0,0.0,0.0,ADBG,5m
2026-03-05 10:30:00-05:00,6.270999908447266,6.284999847412109,6.210000038146973,6.235000133514404,55042,0.0,0.0,0.0,ADBG,5m
2026-03-05 10:35:00-05:00,6.224999904632568,6.25,6.210000038146973,6.25,55921,0.0,0.0,0.0,ADBG,5m
2026-03-05 10:40:00-05:00,6.25,6.275000095367432,6.230000019073486,6.255000114440918,58022,0.0,0.0,0.0,ADBG,5m
2026-03-05 10:45:00-05:00,6.269999980926514,6.280200004577637,6.239999771118164,6.260000228881836,26911,0.0,0.0,0.0,ADBG,5m
2026-03-05 10:50:00-05:00,6.269999980926514,6.284999847412109,6.260000228881836,6.260000228881836,14823,0.0,0.0,0.0,ADBG,5m
2026-03-05 10:55:00-05:00,6.25,6.269999980926514,6.230000019073486,6.269999980926514,17537,0.0,0.0,0.0,ADBG,5m
2026-03-05 11:00:00-05:00,6.275000095367432,6.295000076293945,6.275000095367432,6.284999847412109,16053,0.0,0.0,0.0,ADBG,5m
2026-03-05 11:05:00-05:00,6.28000020980835,6.289999961853027,6.210000038146973,6.21999979019165,59929,0.0,0.0,0.0,ADBG,5m
2026-03-05 11:10:00-05:00,6.199999809265137,6.225500106811523,6.184999942779541,6.21999979019165,26340,0.0,0.0,0.0,ADBG,5m
2026-03-05 11:15:00-05:00,6.210000038146973,6.224999904632568,6.190199851989746,6.204999923706055,12407,0.0,0.0,0.0,ADBG,5m
2026-03-05 11:20:00-05:00,6.20989990234375,6.260000228881836,6.184999942779541,6.255000114440918,48066,0.0,0.0,0.0,ADBG,5m
2026-03-05 11:25:00-05:00,6.244999885559082,6.284999847412109,6.244999885559082,6.269999980926514,11077,0.0,0.0,0.0,ADBG,5m
2026-03-05 11:30:00-05:00,6.2692999839782715,6.289999961853027,6.235000133514404,6.28000020980835,45662,0.0,0.0,0.0,ADBG,5m
2026-03-05 11:35:00-05:00,6.28000020980835,6.324999809265137,6.28000020980835,6.320000171661377,30298,0.0,0.0,0.0,ADBG,5m
2026-03-05 11:40:00-05:00,6.309999942779541,6.309999942779541,6.29010009765625,6.304999828338623,10704,0.0,0.0,0.0,ADBG,5m
2026-03-05 11:45:00-05:00,6.320000171661377,6.324999809265137,6.289999961853027,6.319900035858154,11169,0.0,0.0,0.0,ADBG,5m
2026-03-05 11:50:00-05:00,6.320000171661377,6.320000171661377,6.309999942779541,6.309999942779541,1457,0.0,0.0,0.0,ADBG,5m
2026-03-05 11:55:00-05:00,6.304999828338623,6.339900016784668,6.300000190734863,6.329999923706055,10295,0.0,0.0,0.0,ADBG,5m
2026-03-05 12:00:00-05:00,6.324999809265137,6.39109992980957,6.315100193023682,6.39109992980957,11337,0.0,0.0,0.0,ADBG,5m
2026-03-05 12:05:00-05:00,6.389999866485596,6.400000095367432,6.369999885559082,6.369999885559082,24900,0.0,0.0,0.0,ADBG,5m
2026-03-05 12:10:00-05:00,6.364999771118164,6.369999885559082,6.34499979019165,6.360000133514404,9575,0.0,0.0,0.0,ADBG,5m
2026-03-05 12:15:00-05:00,6.355000019073486,6.355000019073486,6.300000190734863,6.304999828338623,13102,0.0,0.0,0.0,ADBG,5m
2026-03-05 12:20:00-05:00,6.309999942779541,6.320000171661377,6.304999828338623,6.315000057220459,43345,0.0,0.0,0.0,ADBG,5m
2026-03-05 12:25:00-05:00,6.304999828338623,6.324999809265137,6.300099849700928,6.315000057220459,54322,0.0,0.0,0.0,ADBG,5m
2026-03-05 12:30:00-05:00,6.324999809265137,6.3317999839782715,6.309999942779541,6.309999942779541,14707,0.0,0.0,0.0,ADBG,5m
2026-03-05 12:35:00-05:00,6.309999942779541,6.340000152587891,6.304999828338623,6.335000038146973,31883,0.0,0.0,0.0,ADBG,5m
2026-03-05 12:40:00-05:00,6.34499979019165,6.354499816894531,6.320000171661377,6.324999809265137,8689,0.0,0.0,0.0,ADBG,5m
2026-03-05 12:45:00-05:00,6.320000171661377,6.324999809265137,6.289999961853027,6.324999809265137,14083,0.0,0.0,0.0,ADBG,5m
2026-03-05 12:50:00-05:00,6.295000076293945,6.335000038146973,6.281000137329102,6.304999828338623,10449,0.0,0.0,0.0,ADBG,5m
2026-03-05 12:55:00-05:00,6.295000076293945,6.305099964141846,6.289999961853027,6.295000076293945,13338,0.0,0.0,0.0,ADBG,5m
2026-03-05 13:00:00-05:00,6.284999847412109,6.329999923706055,6.275000095367432,6.329999923706055,25079,0.0,0.0,0.0,ADBG,5m
2026-03-05 13:05:00-05:00,6.3267998695373535,6.3267998695373535,6.300000190734863,6.324999809265137,66524,0.0,0.0,0.0,ADBG,5m
2026-03-05 13:10:00-05:00,6.335000038146973,6.335000038146973,6.300000190734863,6.324999809265137,34597,0.0,0.0,0.0,ADBG,5m
2026-03-05 13:15:00-05:00,6.320000171661377,6.321400165557861,6.291399955749512,6.291399955749512,38884,0.0,0.0,0.0,ADBG,5m
2026-03-05 13:20:00-05:00,6.284999847412109,6.300000190734863,6.284999847412109,6.300000190734863,5770,0.0,0.0,0.0,ADBG,5m
2026-03-05 13:25:00-05:00,6.29010009765625,6.295000076293945,6.275000095367432,6.284999847412109,2373,0.0,0.0,0.0,ADBG,5m
2026-03-05 13:30:00-05:00,6.284999847412109,6.284999847412109,6.255000114440918,6.260000228881836,10982,0.0,0.0,0.0,ADBG,5m
2026-03-05 13:35:00-05:00,6.255000114440918,6.255000114440918,6.235000133514404,6.25,11624,0.0,0.0,0.0,ADBG,5m
2026-03-05 13:40:00-05:00,6.260000228881836,6.304999828338623,6.260000228881836,6.304999828338623,7476,0.0,0.0,0.0,ADBG,5m
2026-03-05 13:45:00-05:00,6.309999942779541,6.319200038909912,6.284999847412109,6.299900054931641,23787,0.0,0.0,0.0,ADBG,5m
2026-03-05 13:50:00-05:00,6.284999847412109,6.289999961853027,6.260000228881836,6.260000228881836,6582,0.0,0.0,0.0,ADBG,5m
2026-03-05 13:55:00-05:00,6.275000095367432,6.275000095367432,6.269999980926514,6.275000095367432,3939,0.0,0.0,0.0,ADBG,5m
2026-03-05 14:00:00-05:00,6.275000095367432,6.304999828338623,6.269999980926514,6.28000020980835,14131,0.0,0.0,0.0,ADBG,5m
2026-03-05 14:05:00-05:00,6.295000076293945,6.309899806976318,6.289999961853027,6.289999961853027,1724,0.0,0.0,0.0,ADBG,5m
2026-03-05 14:10:00-05:00,6.289999961853027,6.320000171661377,6.289999961853027,6.320000171661377,6930,0.0,0.0,0.0,ADBG,5m
2026-03-05 14:15:00-05:00,6.309999942779541,6.309999942779541,6.300000190734863,6.309999942779541,6944,0.0,0.0,0.0,ADBG,5m
2026-03-05 14:20:00-05:00,6.309999942779541,6.324999809265137,6.291800022125244,6.324999809265137,13105,0.0,0.0,0.0,ADBG,5m
2026-03-05 14:25:00-05:00,6.329999923706055,6.329999923706055,6.304999828338623,6.309999942779541,14993,0.0,0.0,0.0,ADBG,5m
2026-03-05 14:30:00-05:00,6.320000171661377,6.324999809265137,6.309999942779541,6.324999809265137,21178,0.0,0.0,0.0,ADBG,5m
2026-03-05 14:35:00-05:00,6.329999923706055,6.340000152587891,6.329999923706055,6.329999923706055,7220,0.0,0.0,0.0,ADBG,5m
2026-03-05 14:40:00-05:00,6.335000038146973,6.335000038146973,6.320000171661377,6.320099830627441,2339,0.0,0.0,0.0,ADBG,5m
2026-03-05 14:45:00-05:00,6.329999923706055,6.340000152587891,6.329999923706055,6.340000152587891,4500,0.0,0.0,0.0,ADBG,5m
2026-03-05 14:50:00-05:00,6.340000152587891,6.349999904632568,6.340000152587891,6.349999904632568,5822,0.0,0.0,0.0,ADBG,5m
2026-03-05 14:55:00-05:00,6.342400074005127,6.355000019073486,6.342400074005127,6.355000019073486,1049,0.0,0.0,0.0,ADBG,5m
2026-03-05 15:00:00-05:00,6.355000019073486,6.355000019073486,6.320000171661377,6.340000152587891,9106,0.0,0.0,0.0,ADBG,5m
2026-03-05 15:05:00-05:00,6.331399917602539,6.349999904632568,6.3206000328063965,6.340000152587891,5259,0.0,0.0,0.0,ADBG,5m
2026-03-05 15:10:00-05:00,6.340000152587891,6.349999904632568,6.329999923706055,6.335000038146973,3958,0.0,0.0,0.0,ADBG,5m
2026-03-05 15:15:00-05:00,6.335000038146973,6.349400043487549,6.315000057220459,6.315000057220459,2934,0.0,0.0,0.0,ADBG,5m
2026-03-05 15:20:00-05:00,6.309999942779541,6.309999942779541,6.28000020980835,6.309999942779541,5593,0.0,0.0,0.0,ADBG,5m
2026-03-05 15:25:00-05:00,6.315000057220459,6.320000171661377,6.315000057220459,6.320000171661377,2896,0.0,0.0,0.0,ADBG,5m
2026-03-05 15:30:00-05:00,6.320000171661377,6.320000171661377,6.300000190734863,6.309999942779541,17335,0.0,0.0,0.0,ADBG,5m
2026-03-05 15:35:00-05:00,6.324999809265137,6.349999904632568,6.324999809265137,6.349999904632568,3587,0.0,0.0,0.0,ADBG,5m
2026-03-05 15:40:00-05:00,6.329999923706055,6.335000038146973,6.329699993133545,6.335000038146973,5060,0.0,0.0,0.0,ADBG,5m
2026-03-05 15:45:00-05:00,6.324999809265137,6.34499979019165,6.320000171661377,6.34499979019165,5051,0.0,0.0,0.0,ADBG,5m
2026-03-05 15:50:00-05:00,6.360000133514404,6.360000133514404,6.332099914550781,6.340000152587891,23681,0.0,0.0,0.0,ADBG,5m
2026-03-05 15:55:00-05:00,6.340000152587891,6.340000152587891,6.295000076293945,6.295000076293945,18489,0.0,0.0,0.0,ADBG,5m
2026-03-06 09:30:00-05:00,6.199999809265137,6.329999923706055,6.199999809265137,6.289999961853027,138261,0.0,0.0,0.0,ADBG,5m
2026-03-06 09:35:00-05:00,6.260000228881836,6.289999961853027,6.184999942779541,6.210000038146973,112714,0.0,0.0,0.0,ADBG,5m
2026-03-06 09:40:00-05:00,6.21999979019165,6.239999771118164,6.139999866485596,6.144999980926514,77543,0.0,0.0,0.0,ADBG,5m
2026-03-06 09:45:00-05:00,6.130000114440918,6.130000114440918,6.074999809265137,6.090000152587891,73853,0.0,0.0,0.0,ADBG,5m
2026-03-06 09:50:00-05:00,6.084499835968018,6.160099983215332,6.084499835968018,6.144999980926514,59013,0.0,0.0,0.0,ADBG,5m
2026-03-06 09:55:00-05:00,6.135000228881836,6.150000095367432,6.100100040435791,6.110000133514404,38891,0.0,0.0,0.0,ADBG,5m
2026-03-06 10:00:00-05:00,6.099999904632568,6.144999980926514,6.090000152587891,6.098599910736084,83089,0.0,0.0,0.0,ADBG,5m
2026-03-06 10:05:00-05:00,6.09499979019165,6.119999885559082,6.074999809265137,6.09499979019165,29654,0.0,0.0,0.0,ADBG,5m
2026-03-06 10:10:00-05:00,6.099999904632568,6.150000095367432,6.099999904632568,6.130000114440918,37103,0.0,0.0,0.0,ADBG,5m
2026-03-06 10:15:00-05:00,6.130000114440918,6.139900207519531,6.050000190734863,6.069900035858154,57396,0.0,0.0,0.0,ADBG,5m
2026-03-06 10:20:00-05:00,6.059999942779541,6.105000019073486,6.045000076293945,6.090000152587891,54745,0.0,0.0,0.0,ADBG,5m
2026-03-06 10:25:00-05:00,6.090000152587891,6.119999885559082,6.090000152587891,6.119999885559082,44505,0.0,0.0,0.0,ADBG,5m
2026-03-06 10:30:00-05:00,6.130000114440918,6.230000019073486,6.130000114440918,6.199999809265137,75904,0.0,0.0,0.0,ADBG,5m
2026-03-06 10:35:00-05:00,6.210000038146973,6.210000038146973,6.139999866485596,6.139999866485596,31872,0.0,0.0,0.0,ADBG,5m
2026-03-06 10:40:00-05:00,6.144999980926514,6.184999942779541,6.139999866485596,6.150000095367432,19306,0.0,0.0,0.0,ADBG,5m
2026-03-06 10:45:00-05:00,6.179999828338623,6.179999828338623,6.164999961853027,6.164999961853027,13637,0.0,0.0,0.0,ADBG,5m
2026-03-06 10:50:00-05:00,6.170000076293945,6.170000076293945,6.160099983215332,6.164999961853027,7942,0.0,0.0,0.0,ADBG,5m
2026-03-06 10:55:00-05:00,6.170000076293945,6.195000171661377,6.170000076293945,6.195000171661377,10177,0.0,0.0,0.0,ADBG,5m
2026-03-06 11:00:00-05:00,6.190000057220459,6.21999979019165,6.190000057220459,6.21999979019165,8884,0.0,0.0,0.0,ADBG,5m
2026-03-06 11:05:00-05:00,6.224999904632568,6.224999904632568,6.210000038146973,6.210000038146973,11731,0.0,0.0,0.0,ADBG,5m
2026-03-06 11:10:00-05:00,6.190000057220459,6.204800128936768,6.190000057220459,6.195000171661377,7883,0.0,0.0,0.0,ADBG,5m
2026-03-06 11:15:00-05:00,6.179999828338623,6.184999942779541,6.179999828338623,6.179999828338623,13045,0.0,0.0,0.0,ADBG,5m
2026-03-06 11:20:00-05:00,6.1915998458862305,6.199999809265137,6.175000190734863,6.199900150299072,16599,0.0,0.0,0.0,ADBG,5m
2026-03-06 11:25:00-05:00,6.210000038146973,6.21999979019165,6.195000171661377,6.211400032043457,35199,0.0,0.0,0.0,ADBG,5m
2026-03-06 11:30:00-05:00,6.204999923706055,6.204999923706055,6.195000171661377,6.195000171661377,1809,0.0,0.0,0.0,ADBG,5m
2026-03-06 11:35:00-05:00,6.179999828338623,6.230000019073486,6.179999828338623,6.230000019073486,8244,0.0,0.0,0.0,ADBG,5m
2026-03-06 11:40:00-05:00,6.235000133514404,6.235000133514404,6.204999923706055,6.204999923706055,8196,0.0,0.0,0.0,ADBG,5m
2026-03-06 11:45:00-05:00,6.219900131225586,6.219900131225586,6.219900131225586,6.219900131225586,757,0.0,0.0,0.0,ADBG,5m
2026-03-06 11:50:00-05:00,6.230000019073486,6.235000133514404,6.222700119018555,6.235000133514404,5450,0.0,0.0,0.0,ADBG,5m
2026-03-06 11:55:00-05:00,6.230000019073486,6.235000133514404,6.230000019073486,6.235000133514404,2231,0.0,0.0,0.0,ADBG,5m
2026-03-06 12:00:00-05:00,6.239999771118164,6.264999866485596,6.239999771118164,6.264999866485596,10177,0.0,0.0,0.0,ADBG,5m
2026-03-06 12:05:00-05:00,6.264999866485596,6.269700050354004,6.210000038146973,6.215000152587891,17634,0.0,0.0,0.0,ADBG,5m
2026-03-06 12:10:00-05:00,6.216800212860107,6.216800212860107,6.170000076293945,6.175000190734863,36615,0.0,0.0,0.0,ADBG,5m
2026-03-06 12:15:00-05:00,6.175000190734863,6.204999923706055,6.175000190734863,6.204999923706055,7652,0.0,0.0,0.0,ADBG,5m
2026-03-06 12:20:00-05:00,6.195000171661377,6.224999904632568,6.190000057220459,6.224999904632568,48533,0.0,0.0,0.0,ADBG,5m
2026-03-06 12:25:00-05:00,6.215000152587891,6.21999979019165,6.190000057220459,6.21999979019165,11456,0.0,0.0,0.0,ADBG,5m
2026-03-06 12:30:00-05:00,6.21999979019165,6.21999979019165,6.184999942779541,6.1940999031066895,61942,0.0,0.0,0.0,ADBG,5m
2026-03-06 12:35:00-05:00,6.190000057220459,6.190000057220459,6.170000076293945,6.170000076293945,2938,0.0,0.0,0.0,ADBG,5m
2026-03-06 12:40:00-05:00,6.164999961853027,6.164999961853027,6.139999866485596,6.15500020980835,6933,0.0,0.0,0.0,ADBG,5m
2026-03-06 12:45:00-05:00,6.15500020980835,6.170000076293945,6.15500020980835,6.170000076293945,1128,0.0,0.0,0.0,ADBG,5m
2026-03-06 12:50:00-05:00,6.179999828338623,6.179999828338623,6.162399768829346,6.162399768829346,7408,0.0,0.0,0.0,ADBG,5m
2026-03-06 12:55:00-05:00,6.177599906921387,6.184999942779541,6.177599906921387,6.179999828338623,4241,0.0,0.0,0.0,ADBG,5m
2026-03-06 13:00:00-05:00,6.176499843597412,6.190000057220459,6.176499843597412,6.179999828338623,5323,0.0,0.0,0.0,ADBG,5m
2026-03-06 13:05:00-05:00,6.159999847412109,6.159999847412109,6.159999847412109,6.159999847412109,3080,0.0,0.0,0.0,ADBG,5m
2026-03-06 13:10:00-05:00,6.150000095367432,6.164999961853027,6.150000095367432,6.15500020980835,19959,0.0,0.0,0.0,ADBG,5m
2026-03-06 13:15:00-05:00,6.158599853515625,6.179999828338623,6.150000095367432,6.179999828338623,13343,0.0,0.0,0.0,ADBG,5m
2026-03-06 13:25:00-05:00,6.175000190734863,6.175000190734863,6.139999866485596,6.139999866485596,6164,0.0,0.0,0.0,ADBG,5m
2026-03-06 13:30:00-05:00,6.144999980926514,6.159999847412109,6.144999980926514,6.159999847412109,11156,0.0,0.0,0.0,ADBG,5m
2026-03-06 13:35:00-05:00,6.144999980926514,6.175000190734863,6.144999980926514,6.175000190734863,6650,0.0,0.0,0.0,ADBG,5m
2026-03-06 13:40:00-05:00,6.170000076293945,6.170000076293945,6.164999961853027,6.164999961853027,1830,0.0,0.0,0.0,ADBG,5m
2026-03-06 13:45:00-05:00,6.175000190734863,6.175000190734863,6.170000076293945,6.170000076293945,11740,0.0,0.0,0.0,ADBG,5m
2026-03-06 13:50:00-05:00,6.175000190734863,6.179999828338623,6.170000076293945,6.170000076293945,7667,0.0,0.0,0.0,ADBG,5m
2026-03-06 13:55:00-05:00,6.189899921417236,6.204999923706055,6.189899921417236,6.195000171661377,3125,0.0,0.0,0.0,ADBG,5m
2026-03-06 14:00:00-05:00,6.184999942779541,6.190000057220459,6.179999828338623,6.184999942779541,16626,0.0,0.0,0.0,ADBG,5m
2026-03-06 14:05:00-05:00,6.210000038146973,6.210000038146973,6.181399822235107,6.190000057220459,8772,0.0,0.0,0.0,ADBG,5m
2026-03-06 14:10:00-05:00,6.21999979019165,6.235000133514404,6.21999979019165,6.230000019073486,5597,0.0,0.0,0.0,ADBG,5m
2026-03-06 14:15:00-05:00,6.224999904632568,6.235000133514404,6.215000152587891,6.235000133514404,6462,0.0,0.0,0.0,ADBG,5m
2026-03-06 14:20:00-05:00,6.239999771118164,6.244999885559082,6.239999771118164,6.241799831390381,1123,0.0,0.0,0.0,ADBG,5m
2026-03-06 14:25:00-05:00,6.25,6.25,6.230000019073486,6.230000019073486,5656,0.0,0.0,0.0,ADBG,5m
2026-03-06 14:30:00-05:00,6.235000133514404,6.25,6.230000019073486,6.23330020904541,3496,0.0,0.0,0.0,ADBG,5m
2026-03-06 14:35:00-05:00,6.248499870300293,6.255000114440918,6.244999885559082,6.255000114440918,6661,0.0,0.0,0.0,ADBG,5m
2026-03-06 14:40:00-05:00,6.264999866485596,6.275000095367432,6.264999866485596,6.275000095367432,2332,0.0,0.0,0.0,ADBG,5m
2026-03-06 14:45:00-05:00,6.244999885559082,6.28000020980835,6.244999885559082,6.28000020980835,6368,0.0,0.0,0.0,ADBG,5m
2026-03-06 14:50:00-05:00,6.269999980926514,6.269999980926514,6.269999980926514,6.269999980926514,6703,0.0,0.0,0.0,ADBG,5m
2026-03-06 14:55:00-05:00,6.28000020980835,6.290200233459473,6.28000020980835,6.289999961853027,4100,0.0,0.0,0.0,ADBG,5m
2026-03-06 15:00:00-05:00,6.289999961853027,6.300000190734863,6.28000020980835,6.289899826049805,18306,0.0,0.0,0.0,ADBG,5m
2026-03-06 15:05:00-05:00,6.300000190734863,6.300000190734863,6.284999847412109,6.289999961853027,10215,0.0,0.0,0.0,ADBG,5m
2026-03-06 15:10:00-05:00,6.289999961853027,6.2906999588012695,6.269999980926514,6.269999980926514,20757,0.0,0.0,0.0,ADBG,5m
2026-03-06 15:15:00-05:00,6.269999980926514,6.309999942779541,6.269999980926514,6.309999942779541,12523,0.0,0.0,0.0,ADBG,5m
2026-03-06 15:20:00-05:00,6.300000190734863,6.303899765014648,6.300000190734863,6.303899765014648,2381,0.0,0.0,0.0,ADBG,5m
2026-03-06 15:25:00-05:00,6.288599967956543,6.293900012969971,6.281400203704834,6.281400203704834,4758,0.0,0.0,0.0,ADBG,5m
2026-03-06 15:30:00-05:00,6.289999961853027,6.289999961853027,6.269999980926514,6.269999980926514,3711,0.0,0.0,0.0,ADBG,5m
2026-03-06 15:35:00-05:00,6.275000095367432,6.309999942779541,6.275000095367432,6.309999942779541,17155,0.0,0.0,0.0,ADBG,5m
2026-03-06 15:40:00-05:00,6.315000057220459,6.339900016784668,6.315000057220459,6.325500011444092,11742,0.0,0.0,0.0,ADBG,5m
2026-03-06 15:45:00-05:00,6.320000171661377,6.320000171661377,6.315000057220459,6.320000171661377,11504,0.0,0.0,0.0,ADBG,5m
2026-03-06 15:50:00-05:00,6.340000152587891,6.349999904632568,6.320000171661377,6.339600086212158,55316,0.0,0.0,0.0,ADBG,5m
2026-03-06 15:55:00-05:00,6.355000019073486,6.380000114440918,6.355000019073486,6.380000114440918,22191,0.0,0.0,0.0,ADBG,5m
2026-03-09 09:30:00-04:00,6.289999961853027,6.429999828338623,6.25,6.28000020980835,135990,0.0,0.0,0.0,ADBG,5m
2026-03-09 09:35:00-04:00,6.260000228881836,6.269999980926514,6.159999847412109,6.159999847412109,109454,0.0,0.0,0.0,ADBG,5m
2026-03-09 09:40:00-04:00,6.144999980926514,6.215000152587891,6.125,6.199999809265137,121705,0.0,0.0,0.0,ADBG,5m
2026-03-09 09:45:00-04:00,6.190000057220459,6.224999904632568,6.170100212097168,6.200099945068359,119394,0.0,0.0,0.0,ADBG,5m
2026-03-09 09:50:00-04:00,6.204999923706055,6.28000020980835,6.199999809265137,6.230000019073486,72312,0.0,0.0,0.0,ADBG,5m
2026-03-09 09:55:00-04:00,6.224999904632568,6.28000020980835,6.224999904632568,6.230000019073486,71985,0.0,0.0,0.0,ADBG,5m
2026-03-09 10:00:00-04:00,6.224999904632568,6.239999771118164,6.198599815368652,6.235000133514404,62114,0.0,0.0,0.0,ADBG,5m
2026-03-09 10:05:00-04:00,6.244999885559082,6.25,6.210000038146973,6.239999771118164,68174,0.0,0.0,0.0,ADBG,5m
2026-03-09 10:10:00-04:00,6.244999885559082,6.255000114440918,6.130000114440918,6.144999980926514,446865,0.0,0.0,0.0,ADBG,5m
2026-03-09 10:15:00-04:00,6.139999866485596,6.164999961853027,6.130899906158447,6.139999866485596,57823,0.0,0.0,0.0,ADBG,5m
2026-03-09 10:20:00-04:00,6.139999866485596,6.179999828338623,6.135000228881836,6.144999980926514,51654,0.0,0.0,0.0,ADBG,5m
2026-03-09 10:25:00-04:00,6.144999980926514,6.159999847412109,6.119999885559082,6.130000114440918,91626,0.0,0.0,0.0,ADBG,5m
2026-03-09 10:30:00-04:00,6.144999980926514,6.170000076293945,6.130000114440918,6.150000095367432,15291,0.0,0.0,0.0,ADBG,5m
2026-03-09 10:35:00-04:00,6.159999847412109,6.180099964141846,6.139999866485596,6.180099964141846,30642,0.0,0.0,0.0,ADBG,5m
2026-03-09 10:40:00-04:00,6.170000076293945,6.21999979019165,6.163300037384033,6.21999979019165,27357,0.0,0.0,0.0,ADBG,5m
2026-03-09 10:45:00-04:00,6.239999771118164,6.295000076293945,6.239999771118164,6.295000076293945,68367,0.0,0.0,0.0,ADBG,5m
2026-03-09 10:50:00-04:00,6.300000190734863,6.320000171661377,6.28000020980835,6.320000171661377,37258,0.0,0.0,0.0,ADBG,5m
2026-03-09 10:55:00-04:00,6.320000171661377,6.320000171661377,6.260000228881836,6.260000228881836,97326,0.0,0.0,0.0,ADBG,5m
2026-03-09 11:00:00-04:00,6.269999980926514,6.300000190734863,6.260000228881836,6.28000020980835,71059,0.0,0.0,0.0,ADBG,5m
2026-03-09 11:05:00-04:00,6.28000020980835,6.28000020980835,6.239999771118164,6.239999771118164,55469,0.0,0.0,0.0,ADBG,5m
2026-03-09 11:10:00-04:00,6.244999885559082,6.264999866485596,6.239999771118164,6.25,81289,0.0,0.0,0.0,ADBG,5m
2026-03-09 11:15:00-04:00,6.269999980926514,6.29010009765625,6.264999866485596,6.28000020980835,35800,0.0,0.0,0.0,ADBG,5m
2026-03-09 11:20:00-04:00,6.284999847412109,6.284999847412109,6.240099906921387,6.260000228881836,55945,0.0,0.0,0.0,ADBG,5m
2026-03-09 11:25:00-04:00,6.259900093078613,6.275000095367432,6.231299877166748,6.275000095367432,51605,0.0,0.0,0.0,ADBG,5m
2026-03-09 11:30:00-04:00,6.28000020980835,6.309999942779541,6.28000020980835,6.28000020980835,31877,0.0,0.0,0.0,ADBG,5m
2026-03-09 11:35:00-04:00,6.260000228881836,6.260000228881836,6.244999885559082,6.25,69112,0.0,0.0,0.0,ADBG,5m
2026-03-09 11:40:00-04:00,6.25,6.284999847412109,6.25,6.28000020980835,17748,0.0,0.0,0.0,ADBG,5m
2026-03-09 11:45:00-04:00,6.284999847412109,6.284999847412109,6.264999866485596,6.269999980926514,5001,0.0,0.0,0.0,ADBG,5m
2026-03-09 11:50:00-04:00,6.260000228881836,6.269999980926514,6.260000228881836,6.269999980926514,3024,0.0,0.0,0.0,ADBG,5m
2026-03-09 11:55:00-04:00,6.275000095367432,6.28000020980835,6.264999866485596,6.269400119781494,9049,0.0,0.0,0.0,ADBG,5m
2026-03-09 12:00:00-04:00,6.269400119781494,6.269999980926514,6.2519001960754395,6.2519001960754395,5824,0.0,0.0,0.0,ADBG,5m
2026-03-09 12:05:00-04:00,6.264999866485596,6.28000020980835,6.264999866485596,6.28000020980835,3338,0.0,0.0,0.0,ADBG,5m
2026-03-09 12:10:00-04:00,6.284999847412109,6.289999961853027,6.28000020980835,6.28000020980835,3381,0.0,0.0,0.0,ADBG,5m
2026-03-09 12:15:00-04:00,6.28000020980835,6.300000190734863,6.28000020980835,6.300000190734863,5096,0.0,0.0,0.0,ADBG,5m
2026-03-09 12:20:00-04:00,6.289999961853027,6.289999961853027,6.275000095367432,6.275000095367432,10976,0.0,0.0,0.0,ADBG,5m
2026-03-09 12:25:00-04:00,6.284999847412109,6.299300193786621,6.264999866485596,6.264999866485596,10034,0.0,0.0,0.0,ADBG,5m
2026-03-09 12:30:00-04:00,6.264999866485596,6.269400119781494,6.255000114440918,6.255000114440918,27891,0.0,0.0,0.0,ADBG,5m
2026-03-09 12:35:00-04:00,6.255000114440918,6.255000114440918,6.244999885559082,6.255000114440918,13023,0.0,0.0,0.0,ADBG,5m
2026-03-09 12:40:00-04:00,6.269999980926514,6.275000095367432,6.260000228881836,6.273200035095215,28158,0.0,0.0,0.0,ADBG,5m
2026-03-09 12:45:00-04:00,6.269999980926514,6.275000095367432,6.269999980926514,6.275000095367432,2410,0.0,0.0,0.0,ADBG,5m
2026-03-09 12:50:00-04:00,6.28000020980835,6.28000020980835,6.269999980926514,6.269999980926514,7873,0.0,0.0,0.0,ADBG,5m
2026-03-09 12:55:00-04:00,6.260000228881836,6.295000076293945,6.260000228881836,6.2906999588012695,33136,0.0,0.0,0.0,ADBG,5m
2026-03-09 13:00:00-04:00,6.28000020980835,6.284999847412109,6.244999885559082,6.269999980926514,43535,0.0,0.0,0.0,ADBG,5m
2026-03-09 13:05:00-04:00,6.264999866485596,6.264999866485596,6.255000114440918,6.260000228881836,4090,0.0,0.0,0.0,ADBG,5m
2026-03-09 13:10:00-04:00,6.260000228881836,6.260000228881836,6.239999771118164,6.239999771118164,6819,0.0,0.0,0.0,ADBG,5m
2026-03-09 13:15:00-04:00,6.239999771118164,6.239999771118164,6.239999771118164,6.239999771118164,2778,0.0,0.0,0.0,ADBG,5m
2026-03-09 13:20:00-04:00,6.235000133514404,6.239999771118164,6.224999904632568,6.239999771118164,3498,0.0,0.0,0.0,ADBG,5m
2026-03-09 13:25:00-04:00,6.2332000732421875,6.240300178527832,6.230000019073486,6.235000133514404,10380,0.0,0.0,0.0,ADBG,5m
2026-03-09 13:30:00-04:00,6.235000133514404,6.25,6.235000133514404,6.239999771118164,8226,0.0,0.0,0.0,ADBG,5m
2026-03-09 13:35:00-04:00,6.225100040435791,6.225100040435791,6.224999904632568,6.224999904632568,6586,0.0,0.0,0.0,ADBG,5m
2026-03-09 13:40:00-04:00,6.215000152587891,6.215000152587891,6.175000190734863,6.175000190734863,1742,0.0,0.0,0.0,ADBG,5m
2026-03-09 13:45:00-04:00,6.184999942779541,6.199999809265137,6.184999942779541,6.195000171661377,4578,0.0,0.0,0.0,ADBG,5m
2026-03-09 13:50:00-04:00,6.195000171661377,6.215000152587891,6.195000171661377,6.215000152587891,7758,0.0,0.0,0.0,ADBG,5m
2026-03-09 13:55:00-04:00,6.210000038146973,6.215000152587891,6.204999923706055,6.210000038146973,10518,0.0,0.0,0.0,ADBG,5m
2026-03-09 14:00:00-04:00,6.225100040435791,6.225100040435791,6.21999979019165,6.21999979019165,3856,0.0,0.0,0.0,ADBG,5m
2026-03-09 14:05:00-04:00,6.235000133514404,6.235000133514404,6.210000038146973,6.210000038146973,7598,0.0,0.0,0.0,ADBG,5m
2026-03-09 14:10:00-04:00,6.204999923706055,6.204999923706055,6.184999942779541,6.184999942779541,4629,0.0,0.0,0.0,ADBG,5m
2026-03-09 14:15:00-04:00,6.199999809265137,6.239999771118164,6.199999809265137,6.239999771118164,6513,0.0,0.0,0.0,ADBG,5m
2026-03-09 14:20:00-04:00,6.230000019073486,6.230000019073486,6.21999979019165,6.230000019073486,5524,0.0,0.0,0.0,ADBG,5m
2026-03-09 14:25:00-04:00,6.235000133514404,6.235000133514404,6.235000133514404,6.235000133514404,503,0.0,0.0,0.0,ADBG,5m
2026-03-09 14:30:00-04:00,6.239999771118164,6.260000228881836,6.239999771118164,6.260000228881836,8313,0.0,0.0,0.0,ADBG,5m
2026-03-09 14:35:00-04:00,6.268599987030029,6.28000020980835,6.268599987030029,6.269999980926514,4841,0.0,0.0,0.0,ADBG,5m
2026-03-09 14:40:00-04:00,6.269999980926514,6.269999980926514,6.264999866485596,6.269999980926514,2116,0.0,0.0,0.0,ADBG,5m
2026-03-09 14:45:00-04:00,6.275000095367432,6.284999847412109,6.275000095367432,6.276700019836426,4803,0.0,0.0,0.0,ADBG,5m
2026-03-09 14:50:00-04:00,6.275000095367432,6.284999847412109,6.269999980926514,6.275000095367432,3247,0.0,0.0,0.0,ADBG,5m
2026-03-09 14:55:00-04:00,6.264999866485596,6.270599842071533,6.255000114440918,6.2606000900268555,7313,0.0,0.0,0.0,ADBG,5m
2026-03-09 15:00:00-04:00,6.264999866485596,6.264999866485596,6.255000114440918,6.255000114440918,1466,0.0,0.0,0.0,ADBG,5m
2026-03-09 15:05:00-04:00,6.239999771118164,6.239999771118164,6.230000019073486,6.235000133514404,1853,0.0,0.0,0.0,ADBG,5m
2026-03-09 15:10:00-04:00,6.235000133514404,6.260000228881836,6.235000133514404,6.260000228881836,2517,0.0,0.0,0.0,ADBG,5m
2026-03-09 15:15:00-04:00,6.255000114440918,6.260000228881836,6.25,6.260000228881836,2413,0.0,0.0,0.0,ADBG,5m
2026-03-09 15:20:00-04:00,6.284999847412109,6.320000171661377,6.284999847412109,6.304999828338623,15523,0.0,0.0,0.0,ADBG,5m
2026-03-09 15:25:00-04:00,6.304999828338623,6.340000152587891,6.291399955749512,6.340000152587891,30897,0.0,0.0,0.0,ADBG,5m
2026-03-09 15:30:00-04:00,6.360000133514404,6.389999866485596,6.34499979019165,6.385000228881836,15626,0.0,0.0,0.0,ADBG,5m
2026-03-09 15:35:00-04:00,6.385000228881836,6.385000228881836,6.360000133514404,6.375,7866,0.0,0.0,0.0,ADBG,5m
2026-03-09 15:40:00-04:00,6.369999885559082,6.369999885559082,6.329999923706055,6.329999923706055,5577,0.0,0.0,0.0,ADBG,5m
2026-03-09 15:45:00-04:00,6.329999923706055,6.340000152587891,6.329999923706055,6.340000152587891,2284,0.0,0.0,0.0,ADBG,5m
2026-03-09 15:50:00-04:00,6.320000171661377,6.349999904632568,6.304999828338623,6.329999923706055,21867,0.0,0.0,0.0,ADBG,5m
2026-03-09 15:55:00-04:00,6.340000152587891,6.349999904632568,6.320000171661377,6.324999809265137,56741,0.0,0.0,0.0,ADBG,5m
2026-03-10 09:30:00-04:00,6.25,6.309999942779541,6.110000133514404,6.139999866485596,193514,0.0,0.0,0.0,ADBG,5m
2026-03-10 09:35:00-04:00,6.119999885559082,6.125,6.000100135803223,6.019999980926514,153498,0.0,0.0,0.0,ADBG,5m
2026-03-10 09:40:00-04:00,6.010000228881836,6.014999866485596,5.880000114440918,5.909999847412109,234005,0.0,0.0,0.0,ADBG,5m
2026-03-10 09:45:00-04:00,5.90500020980835,5.96999979019165,5.90500020980835,5.940000057220459,195208,0.0,0.0,0.0,ADBG,5m
2026-03-10 09:50:00-04:00,5.960000038146973,5.96999979019165,5.890100002288818,5.914999961853027,73645,0.0,0.0,0.0,ADBG,5m
2026-03-10 09:55:00-04:00,5.914999961853027,5.929999828338623,5.880000114440918,5.880000114440918,77795,0.0,0.0,0.0,ADBG,5m
2026-03-10 10:00:00-04:00,5.880000114440918,5.880000114440918,5.840000152587891,5.864999771118164,94885,0.0,0.0,0.0,ADBG,5m
2026-03-10 10:05:00-04:00,5.885000228881836,5.885000228881836,5.75,5.75,104654,0.0,0.0,0.0,ADBG,5m
2026-03-10 10:10:00-04:00,5.739999771118164,5.7667999267578125,5.690100193023682,5.760000228881836,77612,0.0,0.0,0.0,ADBG,5m
2026-03-10 10:15:00-04:00,5.75029993057251,5.789899826049805,5.744999885559082,5.78000020980835,36694,0.0,0.0,0.0,ADBG,5m
2026-03-10 10:20:00-04:00,5.78000020980835,5.815000057220459,5.77269983291626,5.804999828338623,120098,0.0,0.0,0.0,ADBG,5m
2026-03-10 10:25:00-04:00,5.809999942779541,5.849999904632568,5.809899806976318,5.820000171661377,47178,0.0,0.0,0.0,ADBG,5m
2026-03-10 10:30:00-04:00,5.829999923706055,5.84499979019165,5.800000190734863,5.830100059509277,87005,0.0,0.0,0.0,ADBG,5m
2026-03-10 10:35:00-04:00,5.84499979019165,5.885000228881836,5.84499979019165,5.877600193023682,43666,0.0,0.0,0.0,ADBG,5m
2026-03-10 10:40:00-04:00,5.869999885559082,5.889999866485596,5.869900226593018,5.888599872589111,50944,0.0,0.0,0.0,ADBG,5m
2026-03-10 10:45:00-04:00,5.885200023651123,5.89139986038208,5.869900226593018,5.889999866485596,63223,0.0,0.0,0.0,ADBG,5m
2026-03-10 10:50:00-04:00,5.860000133514404,5.875,5.841400146484375,5.875,9868,0.0,0.0,0.0,ADBG,5m
2026-03-10 10:55:00-04:00,5.864999771118164,5.885000228881836,5.864999771118164,5.879899978637695,8207,0.0,0.0,0.0,ADBG,5m
2026-03-10 11:00:00-04:00,5.890999794006348,5.919899940490723,5.890100002288818,5.9145002365112305,5049,0.0,0.0,0.0,ADBG,5m
2026-03-10 11:05:00-04:00,5.919899940490723,5.920000076293945,5.90500020980835,5.918499946594238,9581,0.0,0.0,0.0,ADBG,5m
2026-03-10 11:10:00-04:00,5.90500020980835,5.929299831390381,5.900000095367432,5.900000095367432,5379,0.0,0.0,0.0,ADBG,5m
2026-03-10 11:15:00-04:00,5.920000076293945,5.969900131225586,5.920000076293945,5.969900131225586,4647,0.0,0.0,0.0,ADBG,5m
2026-03-10 11:20:00-04:00,5.96999979019165,5.96999979019165,5.940100193023682,5.940100193023682,11108,0.0,0.0,0.0,ADBG,5m
2026-03-10 11:25:00-04:00,5.954999923706055,5.96999979019165,5.945000171661377,5.96999979019165,5132,0.0,0.0,0.0,ADBG,5m
2026-03-10 11:30:00-04:00,5.974999904632568,5.974999904632568,5.960000038146973,5.960000038146973,3746,0.0,0.0,0.0,ADBG,5m
2026-03-10 11:35:00-04:00,5.954999923706055,5.954999923706055,5.92140007019043,5.92140007019043,8978,0.0,0.0,0.0,ADBG,5m
2026-03-10 11:40:00-04:00,5.920100212097168,5.934999942779541,5.920100212097168,5.934999942779541,4594,0.0,0.0,0.0,ADBG,5m
2026-03-10 11:45:00-04:00,5.968599796295166,5.969900131225586,5.929699897766113,5.929999828338623,6775,0.0,0.0,0.0,ADBG,5m
2026-03-10 11:50:00-04:00,5.934999942779541,5.95989990234375,5.934999942779541,5.943399906158447,7823,0.0,0.0,0.0,ADBG,5m
2026-03-10 11:55:00-04:00,5.945000171661377,5.954999923706055,5.945000171661377,5.945000171661377,3564,0.0,0.0,0.0,ADBG,5m
2026-03-10 12:05:00-04:00,5.925000190734863,5.925000190734863,5.909999847412109,5.909999847412109,11189,0.0,0.0,0.0,ADBG,5m
2026-03-10 12:10:00-04:00,5.920000076293945,5.920000076293945,5.920000076293945,5.920000076293945,3957,0.0,0.0,0.0,ADBG,5m
2026-03-10 12:15:00-04:00,5.940000057220459,5.965000152587891,5.940000057220459,5.954999923706055,5393,0.0,0.0,0.0,ADBG,5m
2026-03-10 12:20:00-04:00,5.954999923706055,5.960000038146973,5.945000171661377,5.960000038146973,3939,0.0,0.0,0.0,ADBG,5m
2026-03-10 12:25:00-04:00,5.989999771118164,6.010000228881836,5.980100154876709,6.010000228881836,6076,0.0,0.0,0.0,ADBG,5m
2026-03-10 12:30:00-04:00,6.019999980926514,6.030600070953369,6.005000114440918,6.014999866485596,7462,0.0,0.0,0.0,ADBG,5m
2026-03-10 12:35:00-04:00,6.019999980926514,6.037300109863281,6.009900093078613,6.019999980926514,6123,0.0,0.0,0.0,ADBG,5m
2026-03-10 12:40:00-04:00,6.03000020980835,6.03000020980835,6.005000114440918,6.005000114440918,17942,0.0,0.0,0.0,ADBG,5m
2026-03-10 12:45:00-04:00,5.994999885559082,6.005000114440918,5.980100154876709,6.005000114440918,3635,0.0,0.0,0.0,ADBG,5m
2026-03-10 12:50:00-04:00,6.000100135803223,6.005000114440918,5.989999771118164,6.0,4717,0.0,0.0,0.0,ADBG,5m
2026-03-10 12:55:00-04:00,5.994999885559082,5.998600006103516,5.989999771118164,5.989999771118164,11309,0.0,0.0,0.0,ADBG,5m
2026-03-10 13:00:00-04:00,5.994999885559082,5.994999885559082,5.989999771118164,5.989999771118164,12469,0.0,0.0,0.0,ADBG,5m
2026-03-10 13:05:00-04:00,6.0,6.0,6.0,6.0,1176,0.0,0.0,0.0,ADBG,5m
2026-03-10 13:10:00-04:00,5.985000133514404,5.989999771118164,5.96999979019165,5.96999979019165,3989,0.0,0.0,0.0,ADBG,5m
2026-03-10 13:15:00-04:00,5.96999979019165,6.0,5.96999979019165,6.0,4516,0.0,0.0,0.0,ADBG,5m
2026-03-10 13:20:00-04:00,5.994999885559082,5.994999885559082,5.989999771118164,5.989999771118164,14417,0.0,0.0,0.0,ADBG,5m
2026-03-10 13:30:00-04:00,5.98390007019043,5.989999771118164,5.980000019073486,5.980000019073486,12764,0.0,0.0,0.0,ADBG,5m
2026-03-10 13:35:00-04:00,5.96999979019165,5.96999979019165,5.925000190734863,5.925000190734863,4893,0.0,0.0,0.0,ADBG,5m
2026-03-10 13:40:00-04:00,5.925000190734863,5.980100154876709,5.925000190734863,5.980100154876709,10959,0.0,0.0,0.0,ADBG,5m
2026-03-10 13:45:00-04:00,5.989999771118164,6.019999980926514,5.989999771118164,6.019999980926514,12976,0.0,0.0,0.0,ADBG,5m
2026-03-10 13:50:00-04:00,6.019999980926514,6.025000095367432,6.019999980926514,6.019999980926514,4614,0.0,0.0,0.0,ADBG,5m
2026-03-10 13:55:00-04:00,6.025000095367432,6.025000095367432,6.000100135803223,6.000100135803223,2220,0.0,0.0,0.0,ADBG,5m
2026-03-10 14:00:00-04:00,6.010000228881836,6.019999980926514,6.010000228881836,6.019999980926514,3657,0.0,0.0,0.0,ADBG,5m
2026-03-10 14:05:00-04:00,6.014999866485596,6.014999866485596,5.974999904632568,5.994999885559082,10856,0.0,0.0,0.0,ADBG,5m
2026-03-10 14:10:00-04:00,5.989999771118164,6.0,5.965000152587891,5.965000152587891,6117,0.0,0.0,0.0,ADBG,5m
2026-03-10 14:15:00-04:00,5.953000068664551,5.96999979019165,5.945000171661377,5.945000171661377,10962,0.0,0.0,0.0,ADBG,5m
2026-03-10 14:20:00-04:00,5.925000190734863,5.934500217437744,5.925000190734863,5.929999828338623,4999,0.0,0.0,0.0,ADBG,5m
2026-03-10 14:25:00-04:00,5.929999828338623,5.954999923706055,5.925000190734863,5.954999923706055,9254,0.0,0.0,0.0,ADBG,5m
2026-03-10 14:30:00-04:00,5.949999809265137,5.96999979019165,5.940000057220459,5.940000057220459,5322,0.0,0.0,0.0,ADBG,5m
2026-03-10 14:35:00-04:00,5.949999809265137,5.960000038146973,5.940000057220459,5.945000171661377,4138,0.0,0.0,0.0,ADBG,5m
2026-03-10 14:40:00-04:00,5.949999809265137,5.954999923706055,5.949999809265137,5.954999923706055,4846,0.0,0.0,0.0,ADBG,5m
2026-03-10 14:45:00-04:00,5.954999923706055,5.954999923706055,5.940100193023682,5.949999809265137,2444,0.0,0.0,0.0,ADBG,5m
2026-03-10 14:50:00-04:00,5.940000057220459,5.945000171661377,5.940000057220459,5.940000057220459,3289,0.0,0.0,0.0,ADBG,5m
2026-03-10 14:55:00-04:00,5.945000171661377,5.969799995422363,5.945000171661377,5.969799995422363,1629,0.0,0.0,0.0,ADBG,5m
2026-03-10 15:00:00-04:00,5.965000152587891,5.980000019073486,5.960000038146973,5.980000019073486,15247,0.0,0.0,0.0,ADBG,5m
2026-03-10 15:05:00-04:00,5.989999771118164,5.989999771118164,5.988500118255615,5.988500118255615,2041,0.0,0.0,0.0,ADBG,5m
2026-03-10 15:10:00-04:00,5.985000133514404,5.989999771118164,5.980000019073486,5.980000019073486,9269,0.0,0.0,0.0,ADBG,5m
2026-03-10 15:20:00-04:00,5.979899883270264,5.989999771118164,5.974999904632568,5.980000019073486,3505,0.0,0.0,0.0,ADBG,5m
2026-03-10 15:25:00-04:00,5.96999979019165,5.980000019073486,5.96999979019165,5.980000019073486,3688,0.0,0.0,0.0,ADBG,5m
2026-03-10 15:30:00-04:00,5.974999904632568,5.974999904632568,5.96999979019165,5.96999979019165,5305,0.0,0.0,0.0,ADBG,5m
2026-03-10 15:35:00-04:00,5.974999904632568,6.0,5.974999904632568,6.0,6400,0.0,0.0,0.0,ADBG,5m
2026-03-10 15:40:00-04:00,6.0,6.014999866485596,5.989999771118164,6.014999866485596,5898,0.0,0.0,0.0,ADBG,5m
2026-03-10 15:45:00-04:00,6.005000114440918,6.019899845123291,5.992599964141846,6.0,2521,0.0,0.0,0.0,ADBG,5m
2026-03-10 15:50:00-04:00,6.0,6.010200023651123,6.0,6.010000228881836,6958,0.0,0.0,0.0,ADBG,5m
2026-03-10 15:55:00-04:00,6.010000228881836,6.014999866485596,5.981400012969971,5.989999771118164,22138,0.0,0.0,0.0,ADBG,5m
2026-03-11 09:30:00-04:00,6.110000133514404,6.210000038146973,6.099999904632568,6.159999847412109,144796,0.0,0.0,0.0,ADBG,5m
2026-03-11 09:35:00-04:00,6.139999866485596,6.210000038146973,6.099999904632568,6.105000019073486,109934,0.0,0.0,0.0,ADBG,5m
2026-03-11 09:40:00-04:00,6.099999904632568,6.110000133514404,6.03980016708374,6.070000171661377,35654,0.0,0.0,0.0,ADBG,5m
2026-03-11 09:45:00-04:00,6.070000171661377,6.078999996185303,6.034999847412109,6.050000190734863,38267,0.0,0.0,0.0,ADBG,5m
2026-03-11 09:50:00-04:00,6.039999961853027,6.050000190734863,6.019999980926514,6.03000020980835,48128,0.0,0.0,0.0,ADBG,5m
2026-03-11 09:55:00-04:00,6.039999961853027,6.059899806976318,6.019999980926514,6.050000190734863,48409,0.0,0.0,0.0,ADBG,5m
2026-03-11 10:00:00-04:00,6.050000190734863,6.050000190734863,6.009900093078613,6.025000095367432,65231,0.0,0.0,0.0,ADBG,5m
2026-03-11 10:05:00-04:00,6.010000228881836,6.059999942779541,6.010000228881836,6.025000095367432,61672,0.0,0.0,0.0,ADBG,5m
2026-03-11 10:10:00-04:00,6.010000228881836,6.038599967956543,5.970799922943115,5.978799819946289,47725,0.0,0.0,0.0,ADBG,5m
2026-03-11 10:15:00-04:00,5.970099925994873,5.979300022125244,5.92549991607666,5.92549991607666,101603,0.0,0.0,0.0,ADBG,5m
2026-03-11 10:20:00-04:00,5.914999961853027,5.920000076293945,5.880000114440918,5.880000114440918,129228,0.0,0.0,0.0,ADBG,5m
2026-03-11 10:25:00-04:00,5.885000228881836,5.900000095367432,5.85099983215332,5.889900207519531,29324,0.0,0.0,0.0,ADBG,5m
2026-03-11 10:30:00-04:00,5.889999866485596,5.889999866485596,5.84499979019165,5.860000133514404,13970,0.0,0.0,0.0,ADBG,5m
2026-03-11 10:35:00-04:00,5.880000114440918,5.889999866485596,5.855000019073486,5.86899995803833,170479,0.0,0.0,0.0,ADBG,5m
2026-03-11 10:40:00-04:00,5.869900226593018,5.929999828338623,5.864999771118164,5.9293999671936035,30229,0.0,0.0,0.0,ADBG,5m
2026-03-11 10:45:00-04:00,5.920100212097168,5.925000190734863,5.889999866485596,5.914999961853027,55670,0.0,0.0,0.0,ADBG,5m
2026-03-11 10:50:00-04:00,5.914999961853027,5.929900169372559,5.914999961853027,5.920000076293945,32879,0.0,0.0,0.0,ADBG,5m
2026-03-11 10:55:00-04:00,5.909999847412109,5.949699878692627,5.909999847412109,5.9197998046875,14410,0.0,0.0,0.0,ADBG,5m
2026-03-11 11:00:00-04:00,5.928800106048584,5.940000057220459,5.889999866485596,5.899899959564209,27930,0.0,0.0,0.0,ADBG,5m
2026-03-11 11:05:00-04:00,5.8790998458862305,5.8790998458862305,5.824999809265137,5.824999809265137,46855,0.0,0.0,0.0,ADBG,5m
2026-03-11 11:10:00-04:00,5.820000171661377,5.829899787902832,5.775000095367432,5.775000095367432,22426,0.0,0.0,0.0,ADBG,5m
2026-03-11 11:15:00-04:00,5.769999980926514,5.800000190734863,5.7600998878479,5.799900054931641,58788,0.0,0.0,0.0,ADBG,5m
2026-03-11 11:20:00-04:00,5.809999942779541,5.829699993133545,5.795000076293945,5.824999809265137,33759,0.0,0.0,0.0,ADBG,5m
2026-03-11 11:25:00-04:00,5.824999809265137,5.824999809265137,5.801300048828125,5.808899879455566,26806,0.0,0.0,0.0,ADBG,5m
2026-03-11 11:30:00-04:00,5.815000057220459,5.815000057220459,5.791200160980225,5.804999828338623,4802,0.0,0.0,0.0,ADBG,5m
2026-03-11 11:35:00-04:00,5.815000057220459,5.820000171661377,5.78000020980835,5.78000020980835,10774,0.0,0.0,0.0,ADBG,5m
2026-03-11 11:40:00-04:00,5.770999908447266,5.779900074005127,5.760000228881836,5.760000228881836,34102,0.0,0.0,0.0,ADBG,5m
2026-03-11 11:45:00-04:00,5.765900135040283,5.769400119781494,5.755000114440918,5.755000114440918,8260,0.0,0.0,0.0,ADBG,5m
2026-03-11 11:50:00-04:00,5.75,5.775000095367432,5.75,5.775000095367432,11806,0.0,0.0,0.0,ADBG,5m
2026-03-11 11:55:00-04:00,5.78000020980835,5.78000020980835,5.764999866485596,5.764999866485596,3959,0.0,0.0,0.0,ADBG,5m
2026-03-11 12:00:00-04:00,5.760000228881836,5.800000190734863,5.760000228881836,5.799900054931641,6880,0.0,0.0,0.0,ADBG,5m
2026-03-11 12:05:00-04:00,5.789999961853027,5.804999828338623,5.789999961853027,5.804999828338623,6450,0.0,0.0,0.0,ADBG,5m
2026-03-11 12:10:00-04:00,5.78000020980835,5.818600177764893,5.775000095367432,5.818600177764893,3750,0.0,0.0,0.0,ADBG,5m
2026-03-11 12:15:00-04:00,5.808499813079834,5.809999942779541,5.800099849700928,5.809999942779541,2942,0.0,0.0,0.0,ADBG,5m
2026-03-11 12:20:00-04:00,5.800000190734863,5.829100131988525,5.789999961853027,5.809899806976318,7862,0.0,0.0,0.0,ADBG,5m
2026-03-11 12:25:00-04:00,5.819900035858154,5.849899768829346,5.804999828338623,5.840000152587891,12591,0.0,0.0,0.0,ADBG,5m
2026-03-11 12:30:00-04:00,5.824999809265137,5.840000152587891,5.820700168609619,5.829999923706055,5129,0.0,0.0,0.0,ADBG,5m
2026-03-11 12:35:00-04:00,5.829999923706055,5.829999923706055,5.784999847412109,5.789999961853027,45990,0.0,0.0,0.0,ADBG,5m
2026-03-11 12:40:00-04:00,5.798500061035156,5.820000171661377,5.798500061035156,5.815000057220459,0,0.0,0.0,0.0,ADBG,5m
2026-03-11 12:45:00-04:00,5.809999942779541,5.824999809265137,5.809899806976318,5.809899806976318,3794,0.0,0.0,0.0,ADBG,5m
2026-03-11 12:50:00-04:00,5.819399833679199,5.82859992980957,5.819399833679199,5.82859992980957,3715,0.0,0.0,0.0,ADBG,5m
2026-03-11 12:55:00-04:00,5.815000057220459,5.819799900054932,5.815000057220459,5.815000057220459,3875,0.0,0.0,0.0,ADBG,5m
2026-03-11 13:00:00-04:00,5.840000152587891,5.849899768829346,5.834000110626221,5.840099811553955,29213,0.0,0.0,0.0,ADBG,5m
2026-03-11 13:05:00-04:00,5.835000038146973,5.859899997711182,5.835000038146973,5.859899997711182,3404,0.0,0.0,0.0,ADBG,5m
2026-03-11 13:10:00-04:00,5.849299907684326,5.849899768829346,5.84499979019165,5.84499979019165,3859,0.0,0.0,0.0,ADBG,5m
2026-03-11 13:15:00-04:00,5.840099811553955,5.85860013961792,5.835000038146973,5.848599910736084,115044,0.0,0.0,0.0,ADBG,5m
2026-03-11 13:20:00-04:00,5.84499979019165,5.864999771118164,5.84499979019165,5.864999771118164,6320,0.0,0.0,0.0,ADBG,5m
2026-03-11 13:25:00-04:00,5.864999771118164,5.879300117492676,5.864999771118164,5.879300117492676,10370,0.0,0.0,0.0,ADBG,5m
2026-03-11 13:30:00-04:00,5.864999771118164,5.868599891662598,5.855000019073486,5.85860013961792,12603,0.0,0.0,0.0,ADBG,5m
2026-03-11 13:35:00-04:00,5.864999771118164,5.864999771118164,5.800000190734863,5.809899806976318,20360,0.0,0.0,0.0,ADBG,5m
2026-03-11 13:40:00-04:00,5.820000171661377,5.820000171661377,5.800000190734863,5.800000190734863,27396,0.0,0.0,0.0,ADBG,5m
2026-03-11 13:45:00-04:00,5.809999942779541,5.821100234985352,5.804999828338623,5.804999828338623,5097,0.0,0.0,0.0,ADBG,5m
2026-03-11 13:50:00-04:00,5.819699764251709,5.820000171661377,5.819699764251709,5.820000171661377,3469,0.0,0.0,0.0,ADBG,5m
2026-03-11 13:55:00-04:00,5.804999828338623,5.819900035858154,5.804999828338623,5.804999828338623,4226,0.0,0.0,0.0,ADBG,5m
2026-03-11 14:00:00-04:00,5.82859992980957,5.829999923706055,5.820000171661377,5.828800201416016,2428,0.0,0.0,0.0,ADBG,5m
2026-03-11 14:05:00-04:00,5.829800128936768,5.829800128936768,5.799900054931641,5.799900054931641,5345,0.0,0.0,0.0,ADBG,5m
2026-03-11 14:10:00-04:00,5.809899806976318,5.809899806976318,5.79010009765625,5.79010009765625,9668,0.0,0.0,0.0,ADBG,5m
2026-03-11 14:15:00-04:00,5.800000190734863,5.800000190734863,5.789999961853027,5.789999961853027,5226,0.0,0.0,0.0,ADBG,5m
2026-03-11 14:20:00-04:00,5.809999942779541,5.809999942779541,5.809999942779541,5.809999942779541,1511,0.0,0.0,0.0,ADBG,5m
2026-03-11 14:25:00-04:00,5.824999809265137,5.829999923706055,5.824999809265137,5.824999809265137,2144,0.0,0.0,0.0,ADBG,5m
2026-03-11 14:30:00-04:00,5.835000038146973,5.838600158691406,5.824999809265137,5.835000038146973,3045,0.0,0.0,0.0,ADBG,5m
2026-03-11 14:35:00-04:00,5.829100131988525,5.829899787902832,5.824999809265137,5.829699993133545,5437,0.0,0.0,0.0,ADBG,5m
2026-03-11 14:40:00-04:00,5.825500011444092,5.82919979095459,5.824999809265137,5.824999809265137,0,0.0,0.0,0.0,ADBG,5m
2026-03-11 14:45:00-04:00,5.836299896240234,5.84499979019165,5.820099830627441,5.823999881744385,7941,0.0,0.0,0.0,ADBG,5m
2026-03-11 14:50:00-04:00,5.824999809265137,5.829999923706055,5.824999809265137,5.829999923706055,13537,0.0,0.0,0.0,ADBG,5m
2026-03-11 14:55:00-04:00,5.819799900054932,5.819799900054932,5.819699764251709,5.819699764251709,990,0.0,0.0,0.0,ADBG,5m
2026-03-11 15:00:00-04:00,5.824999809265137,5.8267998695373535,5.819900035858154,5.824999809265137,5788,0.0,0.0,0.0,ADBG,5m
2026-03-11 15:05:00-04:00,5.829999923706055,5.850399971008301,5.829999923706055,5.849699974060059,12053,0.0,0.0,0.0,ADBG,5m
2026-03-11 15:10:00-04:00,5.840000152587891,5.840000152587891,5.835000038146973,5.839700222015381,0,0.0,0.0,0.0,ADBG,5m
2026-03-11 15:15:00-04:00,5.840000152587891,5.849999904632568,5.839900016784668,5.849899768829346,5065,0.0,0.0,0.0,ADBG,5m
2026-03-11 15:20:00-04:00,5.855000019073486,5.860000133514404,5.84499979019165,5.84499979019165,4470,0.0,0.0,0.0,ADBG,5m
2026-03-11 15:25:00-04:00,5.85860013961792,5.864999771118164,5.855000019073486,5.855000019073486,4490,0.0,0.0,0.0,ADBG,5m
2026-03-11 15:30:00-04:00,5.875,5.885000228881836,5.875,5.880000114440918,1344,0.0,0.0,0.0,ADBG,5m
2026-03-11 15:35:00-04:00,5.894999980926514,5.898600101470947,5.889900207519531,5.898600101470947,2778,0.0,0.0,0.0,ADBG,5m
2026-03-11 15:40:00-04:00,5.900000095367432,5.90500020980835,5.894499778747559,5.902200222015381,5399,0.0,0.0,0.0,ADBG,5m
2026-03-11 15:45:00-04:00,5.917799949645996,5.920000076293945,5.914999961853027,5.914999961853027,17162,0.0,0.0,0.0,ADBG,5m
2026-03-11 15:50:00-04:00,5.914999961853027,5.940000057220459,5.914999961853027,5.940000057220459,65133,0.0,0.0,0.0,ADBG,5m
2026-03-11 15:55:00-04:00,5.934999942779541,5.940000057220459,5.929999828338623,5.934999942779541,31855,0.0,0.0,0.0,ADBG,5m
2026-03-12 09:30:00-04:00,5.860000133514404,6.0,5.860000133514404,5.945000171661377,153175,0.0,0.0,0.0,ADBG,5m
2026-03-12 09:35:00-04:00,5.95989990234375,6.0,5.949999809265137,5.994999885559082,102016,0.0,0.0,0.0,ADBG,5m
2026-03-12 09:40:00-04:00,6.019999980926514,6.039899826049805,6.0,6.010000228881836,119350,0.0,0.0,0.0,ADBG,5m
2026-03-12 09:45:00-04:00,5.98859977722168,5.989999771118164,5.92140007019043,5.989999771118164,31670,0.0,0.0,0.0,ADBG,5m
2026-03-12 09:50:00-04:00,5.994999885559082,5.994999885559082,5.940000057220459,5.949999809265137,38158,0.0,0.0,0.0,ADBG,5m
2026-03-12 09:55:00-04:00,5.949999809265137,6.0,5.949999809265137,5.975500106811523,38976,0.0,0.0,0.0,ADBG,5m
2026-03-12 10:00:00-04:00,5.965000152587891,5.96999979019165,5.909999847412109,5.911399841308594,38507,0.0,0.0,0.0,ADBG,5m
2026-03-12 10:05:00-04:00,5.909999847412109,5.909999847412109,5.875,5.889999866485596,44419,0.0,0.0,0.0,ADBG,5m
2026-03-12 10:10:00-04:00,5.889999866485596,5.925000190734863,5.889999866485596,5.920000076293945,16590,0.0,0.0,0.0,ADBG,5m
2026-03-12 10:15:00-04:00,5.920000076293945,5.929999828338623,5.869999885559082,5.869999885559082,149352,0.0,0.0,0.0,ADBG,5m
2026-03-12 10:20:00-04:00,5.869999885559082,5.929999828338623,5.864999771118164,5.921899795532227,58064,0.0,0.0,0.0,ADBG,5m
2026-03-12 10:25:00-04:00,5.945000171661377,5.949999809265137,5.914999961853027,5.914999961853027,19004,0.0,0.0,0.0,ADBG,5m
2026-03-12 10:30:00-04:00,5.889900207519531,5.889999866485596,5.860099792480469,5.880000114440918,49343,0.0,0.0,0.0,ADBG,5m
2026-03-12 10:35:00-04:00,5.929800033569336,5.965000152587891,5.920000076293945,5.965000152587891,120331,0.0,0.0,0.0,ADBG,5m
2026-03-12 10:40:00-04:00,5.96999979019165,5.980000019073486,5.949999809265137,5.965000152587891,52490,0.0,0.0,0.0,ADBG,5m
2026-03-12 10:45:00-04:00,5.965000152587891,5.994999885559082,5.960000038146973,5.994999885559082,97532,0.0,0.0,0.0,ADBG,5m
2026-03-12 10:50:00-04:00,5.986499786376953,5.990300178527832,5.96999979019165,5.989999771118164,12121,0.0,0.0,0.0,ADBG,5m
2026-03-12 10:55:00-04:00,5.980100154876709,5.980100154876709,5.949999809265137,5.949999809265137,22651,0.0,0.0,0.0,ADBG,5m
2026-03-12 11:00:00-04:00,5.9608001708984375,5.9679999351501465,5.914999961853027,5.938600063323975,17877,0.0,0.0,0.0,ADBG,5m
2026-03-12 11:05:00-04:00,5.929999828338623,5.934999942779541,5.920000076293945,5.934999942779541,14180,0.0,0.0,0.0,ADBG,5m
2026-03-12 11:10:00-04:00,5.909999847412109,5.931700229644775,5.900000095367432,5.900000095367432,10028,0.0,0.0,0.0,ADBG,5m
2026-03-12 11:15:00-04:00,5.869999885559082,5.900000095367432,5.869999885559082,5.900000095367432,26415,0.0,0.0,0.0,ADBG,5m
2026-03-12 11:20:00-04:00,5.885000228881836,5.900000095367432,5.885000228881836,5.889999866485596,30988,0.0,0.0,0.0,ADBG,5m
2026-03-12 11:25:00-04:00,5.880000114440918,5.88700008392334,5.869999885559082,5.875,52801,0.0,0.0,0.0,ADBG,5m
2026-03-12 11:30:00-04:00,5.861999988555908,5.864999771118164,5.860000133514404,5.864999771118164,17816,0.0,0.0,0.0,ADBG,5m
2026-03-12 11:35:00-04:00,5.875,5.875,5.829999923706055,5.84499979019165,11133,0.0,0.0,0.0,ADBG,5m
2026-03-12 11:40:00-04:00,5.860300064086914,5.860300064086914,5.820000171661377,5.820000171661377,26399,0.0,0.0,0.0,ADBG,5m
2026-03-12 11:45:00-04:00,5.835000038146973,5.835000038146973,5.784999847412109,5.8292999267578125,63431,0.0,0.0,0.0,ADBG,5m
2026-03-12 11:50:00-04:00,5.811399936676025,5.835000038146973,5.811399936676025,5.835000038146973,13051,0.0,0.0,0.0,ADBG,5m
2026-03-12 11:55:00-04:00,5.820000171661377,5.835000038146973,5.809999942779541,5.815000057220459,14110,0.0,0.0,0.0,ADBG,5m
2026-03-12 12:00:00-04:00,5.817699909210205,5.817699909210205,5.78000020980835,5.78000020980835,12724,0.0,0.0,0.0,ADBG,5m
2026-03-12 12:05:00-04:00,5.789999961853027,5.795000076293945,5.744999885559082,5.75,12001,0.0,0.0,0.0,ADBG,5m
2026-03-12 12:10:00-04:00,5.75,5.769999980926514,5.75,5.764999866485596,24986,0.0,0.0,0.0,ADBG,5m
2026-03-12 12:15:00-04:00,5.775000095367432,5.809700012207031,5.775000095367432,5.809700012207031,8470,0.0,0.0,0.0,ADBG,5m
2026-03-12 12:20:00-04:00,5.809999942779541,5.835000038146973,5.804999828338623,5.820000171661377,12640,0.0,0.0,0.0,ADBG,5m
2026-03-12 12:25:00-04:00,5.817699909210205,5.817699909210205,5.769999980926514,5.78000020980835,10251,0.0,0.0,0.0,ADBG,5m
2026-03-12 12:30:00-04:00,5.779900074005127,5.795000076293945,5.755000114440918,5.78980016708374,8958,0.0,0.0,0.0,ADBG,5m
2026-03-12 12:35:00-04:00,5.784999847412109,5.815000057220459,5.784999847412109,5.809999942779541,10401,0.0,0.0,0.0,ADBG,5m
2026-03-12 12:40:00-04:00,5.804999828338623,5.809899806976318,5.757699966430664,5.760000228881836,31246,0.0,0.0,0.0,ADBG,5m
2026-03-12 12:45:00-04:00,5.768599987030029,5.789999961853027,5.760000228881836,5.784999847412109,13380,0.0,0.0,0.0,ADBG,5m
2026-03-12 12:50:00-04:00,5.784999847412109,5.789999961853027,5.78000020980835,5.784999847412109,4880,0.0,0.0,0.0,ADBG,5m
2026-03-12 12:55:00-04:00,5.789999961853027,5.800000190734863,5.78000020980835,5.800000190734863,15150,0.0,0.0,0.0,ADBG,5m
2026-03-12 13:00:00-04:00,5.789999961853027,5.800000190734863,5.781199932098389,5.795000076293945,9112,0.0,0.0,0.0,ADBG,5m
2026-03-12 13:05:00-04:00,5.804999828338623,5.820000171661377,5.799900054931641,5.799900054931641,11555,0.0,0.0,0.0,ADBG,5m
2026-03-12 13:10:00-04:00,5.800000190734863,5.800000190734863,5.795000076293945,5.800000190734863,7407,0.0,0.0,0.0,ADBG,5m
2026-03-12 13:15:00-04:00,5.795000076293945,5.799799919128418,5.789299964904785,5.789999961853027,8226,0.0,0.0,0.0,ADBG,5m
2026-03-12 13:20:00-04:00,5.784999847412109,5.804999828338623,5.784999847412109,5.784999847412109,7421,0.0,0.0,0.0,ADBG,5m
2026-03-12 13:25:00-04:00,5.795000076293945,5.795000076293945,5.769999980926514,5.769999980926514,8223,0.0,0.0,0.0,ADBG,5m
2026-03-12 13:30:00-04:00,5.798600196838379,5.798600196838379,5.789999961853027,5.789999961853027,3920,0.0,0.0,0.0,ADBG,5m
2026-03-12 13:35:00-04:00,5.796800136566162,5.815000057220459,5.796800136566162,5.815000057220459,4511,0.0,0.0,0.0,ADBG,5m
2026-03-12 13:40:00-04:00,5.815000057220459,5.829699993133545,5.769999980926514,5.779900074005127,42050,0.0,0.0,0.0,ADBG,5m
2026-03-12 13:45:00-04:00,5.78000020980835,5.804999828338623,5.775000095367432,5.775000095367432,59591,0.0,0.0,0.0,ADBG,5m
2026-03-12 13:50:00-04:00,5.775000095367432,5.789000034332275,5.764999866485596,5.764999866485596,11141,0.0,0.0,0.0,ADBG,5m
2026-03-12 13:55:00-04:00,5.755000114440918,5.769999980926514,5.755000114440918,5.769000053405762,24635,0.0,0.0,0.0,ADBG,5m
2026-03-12 14:00:00-04:00,5.764999866485596,5.769999980926514,5.755000114440918,5.7600998878479,34984,0.0,0.0,0.0,ADBG,5m
2026-03-12 14:05:00-04:00,5.775000095367432,5.775000095367432,5.755000114440918,5.764999866485596,27907,0.0,0.0,0.0,ADBG,5m
2026-03-12 14:10:00-04:00,5.764999866485596,5.7758002281188965,5.76140022277832,5.775000095367432,4352,0.0,0.0,0.0,ADBG,5m
2026-03-12 14:15:00-04:00,5.776100158691406,5.78000020980835,5.769899845123291,5.769899845123291,16166,0.0,0.0,0.0,ADBG,5m
2026-03-12 14:20:00-04:00,5.769899845123291,5.795000076293945,5.769899845123291,5.795000076293945,5489,0.0,0.0,0.0,ADBG,5m
2026-03-12 14:25:00-04:00,5.784999847412109,5.784999847412109,5.7708001136779785,5.7708001136779785,11762,0.0,0.0,0.0,ADBG,5m
2026-03-12 14:30:00-04:00,5.789999961853027,5.795000076293945,5.770100116729736,5.770100116729736,12947,0.0,0.0,0.0,ADBG,5m
2026-03-12 14:35:00-04:00,5.78000020980835,5.790500164031982,5.775000095367432,5.780099868774414,14540,0.0,0.0,0.0,ADBG,5m
2026-03-12 14:40:00-04:00,5.780099868774414,5.798600196838379,5.78000020980835,5.789999961853027,21704,0.0,0.0,0.0,ADBG,5m
2026-03-12 14:45:00-04:00,5.795000076293945,5.799900054931641,5.769999980926514,5.769999980926514,54968,0.0,0.0,0.0,ADBG,5m
2026-03-12 14:50:00-04:00,5.775000095367432,5.789999961853027,5.775000095367432,5.776800155639648,77347,0.0,0.0,0.0,ADBG,5m
2026-03-12 14:55:00-04:00,5.775000095367432,5.775000095367432,5.750699996948242,5.760000228881836,7022,0.0,0.0,0.0,ADBG,5m
2026-03-12 15:00:00-04:00,5.755000114440918,5.769800186157227,5.755000114440918,5.769800186157227,4405,0.0,0.0,0.0,ADBG,5m
2026-03-12 15:05:00-04:00,5.768599987030029,5.7855000495910645,5.762899875640869,5.78000020980835,32009,0.0,0.0,0.0,ADBG,5m
2026-03-12 15:10:00-04:00,5.776800155639648,5.788599967956543,5.764999866485596,5.7778000831604,49460,0.0,0.0,0.0,ADBG,5m
2026-03-12 15:15:00-04:00,5.784999847412109,5.789999961853027,5.764999866485596,5.784999847412109,45611,0.0,0.0,0.0,ADBG,5m
2026-03-12 15:20:00-04:00,5.789999961853027,5.800000190734863,5.775000095367432,5.78000020980835,152582,0.0,0.0,0.0,ADBG,5m
2026-03-12 15:25:00-04:00,5.78000020980835,5.818600177764893,5.78000020980835,5.789999961853027,80502,0.0,0.0,0.0,ADBG,5m
2026-03-12 15:30:00-04:00,5.789999961853027,5.800000190734863,5.78000020980835,5.78000020980835,60093,0.0,0.0,0.0,ADBG,5m
2026-03-12 15:35:00-04:00,5.789999961853027,5.799900054931641,5.78000020980835,5.788599967956543,45405,0.0,0.0,0.0,ADBG,5m
2026-03-12 15:40:00-04:00,5.784999847412109,5.789999961853027,5.760000228881836,5.769999980926514,193695,0.0,0.0,0.0,ADBG,5m
2026-03-12 15:45:00-04:00,5.764999866485596,5.769999980926514,5.755000114440918,5.768599987030029,70297,0.0,0.0,0.0,ADBG,5m
2026-03-12 15:50:00-04:00,5.769999980926514,5.789999961853027,5.764999866485596,5.789999961853027,109738,0.0,0.0,0.0,ADBG,5m
2026-03-12 15:55:00-04:00,5.78000020980835,5.792300224304199,5.760000228881836,5.792300224304199,455735,0.0,0.0,0.0,ADBG,5m
2026-03-13 09:30:00-04:00,4.829999923706055,5.1178998947143555,4.809999942779541,5.0,1957703,0.0,0.0,0.0,ADBG,5m
2026-03-13 09:35:00-04:00,5.019999980926514,5.12939977645874,4.920000076293945,5.105000019073486,533118,0.0,0.0,0.0,ADBG,5m
2026-03-13 09:40:00-04:00,5.110000133514404,5.184999942779541,5.039999961853027,5.144999980926514,526695,0.0,0.0,0.0,ADBG,5m
2026-03-13 09:45:00-04:00,5.139999866485596,5.190000057220459,5.099999904632568,5.15500020980835,430098,0.0,0.0,0.0,ADBG,5m
2026-03-13 09:50:00-04:00,5.139999866485596,5.179999828338623,5.114999771118164,5.15500020980835,313486,0.0,0.0,0.0,ADBG,5m
2026-03-13 09:55:00-04:00,5.15500020980835,5.170000076293945,5.110000133514404,5.110000133514404,261894,0.0,0.0,0.0,ADBG,5m
2026-03-13 10:00:00-04:00,5.119999885559082,5.130000114440918,5.039999961853027,5.074999809265137,405945,0.0,0.0,0.0,ADBG,5m
2026-03-13 10:05:00-04:00,5.074999809265137,5.074999809265137,4.981900215148926,5.005000114440918,186821,0.0,0.0,0.0,ADBG,5m
2026-03-13 10:10:00-04:00,5.005000114440918,5.045000076293945,4.949999809265137,4.969900131225586,310933,0.0,0.0,0.0,ADBG,5m
2026-03-13 10:15:00-04:00,4.965000152587891,5.014999866485596,4.965000152587891,4.980000019073486,160422,0.0,0.0,0.0,ADBG,5m
2026-03-13 10:20:00-04:00,4.974999904632568,5.039999961853027,4.954999923706055,5.029900074005127,193157,0.0,0.0,0.0,ADBG,5m
2026-03-13 10:25:00-04:00,5.03000020980835,5.09499979019165,5.03000020980835,5.070099830627441,200955,0.0,0.0,0.0,ADBG,5m
2026-03-13 10:30:00-04:00,5.070000171661377,5.119999885559082,5.050000190734863,5.051400184631348,201871,0.0,0.0,0.0,ADBG,5m
2026-03-13 10:35:00-04:00,5.059999942779541,5.079999923706055,5.030099868774414,5.039999961853027,119050,0.0,0.0,0.0,ADBG,5m
2026-03-13 10:40:00-04:00,5.03000020980835,5.105000019073486,5.03000020980835,5.090000152587891,290545,0.0,0.0,0.0,ADBG,5m
2026-03-13 10:45:00-04:00,5.085000038146973,5.119999885559082,5.04010009765625,5.050099849700928,148602,0.0,0.0,0.0,ADBG,5m
2026-03-13 10:50:00-04:00,5.070000171661377,5.110000133514404,5.031000137329102,5.045000076293945,135379,0.0,0.0,0.0,ADBG,5m
2026-03-13 10:55:00-04:00,5.045000076293945,5.090000152587891,5.045000076293945,5.0578999519348145,129112,0.0,0.0,0.0,ADBG,5m
2026-03-13 11:00:00-04:00,5.049099922180176,5.059999942779541,4.985000133514404,5.019999980926514,173644,0.0,0.0,0.0,ADBG,5m
2026-03-13 11:05:00-04:00,5.03000020980835,5.034999847412109,5.0,5.019999980926514,115946,0.0,0.0,0.0,ADBG,5m
2026-03-13 11:10:00-04:00,5.014999866485596,5.019999980926514,4.990300178527832,5.011300086975098,148679,0.0,0.0,0.0,ADBG,5m
2026-03-13 11:15:00-04:00,5.010000228881836,5.03000020980835,5.008800029754639,5.019999980926514,65821,0.0,0.0,0.0,ADBG,5m
2026-03-13 11:20:00-04:00,5.0,5.014999866485596,4.960000038146973,4.968599796295166,108597,0.0,0.0,0.0,ADBG,5m
2026-03-13 11:25:00-04:00,4.96999979019165,4.979300022125244,4.960000038146973,4.964000225067139,115249,0.0,0.0,0.0,ADBG,5m
2026-03-13 11:30:00-04:00,4.96999979019165,5.010000228881836,4.960700035095215,5.005000114440918,49636,0.0,0.0,0.0,ADBG,5m
2026-03-13 11:35:00-04:00,5.039999961853027,5.050000190734863,5.010300159454346,5.039999961853027,76046,0.0,0.0,0.0,ADBG,5m
2026-03-13 11:40:00-04:00,5.054900169372559,5.054900169372559,5.03000020980835,5.034999847412109,39874,0.0,0.0,0.0,ADBG,5m
2026-03-13 11:45:00-04:00,5.050000190734863,5.050000190734863,5.010000228881836,5.03000020980835,100250,0.0,0.0,0.0,ADBG,5m
2026-03-13 11:50:00-04:00,5.050000190734863,5.050000190734863,5.005000114440918,5.019999980926514,78052,0.0,0.0,0.0,ADBG,5m
2026-03-13 11:55:00-04:00,5.019899845123291,5.025000095367432,4.96999979019165,5.010000228881836,131676,0.0,0.0,0.0,ADBG,5m
2026-03-13 12:00:00-04:00,4.994999885559082,5.0,4.980000019073486,5.0,26430,0.0,0.0,0.0,ADBG,5m
2026-03-13 12:05:00-04:00,5.001699924468994,5.03000020980835,5.0,5.03000020980835,31511,0.0,0.0,0.0,ADBG,5m
2026-03-13 12:10:00-04:00,5.039899826049805,5.070000171661377,5.03000020980835,5.041200160980225,35895,0.0,0.0,0.0,ADBG,5m
2026-03-13 12:15:00-04:00,5.054999828338623,5.099999904632568,5.054999828338623,5.090000152587891,58214,0.0,0.0,0.0,ADBG,5m
2026-03-13 12:20:00-04:00,5.090000152587891,5.090000152587891,5.070099830627441,5.089000225067139,40523,0.0,0.0,0.0,ADBG,5m
2026-03-13 12:25:00-04:00,5.085000038146973,5.144999980926514,5.081900119781494,5.119999885559082,102309,0.0,0.0,0.0,ADBG,5m
2026-03-13 12:30:00-04:00,5.111499786376953,5.170000076293945,5.111499786376953,5.150000095367432,113431,0.0,0.0,0.0,ADBG,5m
2026-03-13 12:35:00-04:00,5.144999980926514,5.150000095367432,5.110099792480469,5.113999843597412,32159,0.0,0.0,0.0,ADBG,5m
2026-03-13 12:40:00-04:00,5.105000019073486,5.119999885559082,5.090000152587891,5.105000019073486,74738,0.0,0.0,0.0,ADBG,5m
2026-03-13 12:45:00-04:00,5.099999904632568,5.099999904632568,5.045000076293945,5.079899787902832,64553,0.0,0.0,0.0,ADBG,5m
2026-03-13 12:50:00-04:00,5.079899787902832,5.090000152587891,5.073999881744385,5.079999923706055,66099,0.0,0.0,0.0,ADBG,5m
2026-03-13 12:55:00-04:00,5.065000057220459,5.079899787902832,5.050000190734863,5.050000190734863,53039,0.0,0.0,0.0,ADBG,5m
2026-03-13 13:00:00-04:00,5.050000190734863,5.09499979019165,5.045000076293945,5.0777997970581055,29939,0.0,0.0,0.0,ADBG,5m
2026-03-13 13:05:00-04:00,5.085000038146973,5.090000152587891,5.073200225830078,5.0854997634887695,30121,0.0,0.0,0.0,ADBG,5m
2026-03-13 13:10:00-04:00,5.085000038146973,5.09499979019165,5.074999809265137,5.074999809265137,20828,0.0,0.0,0.0,ADBG,5m
2026-03-13 13:15:00-04:00,5.099999904632568,5.114999771118164,5.099400043487549,5.105000019073486,14819,0.0,0.0,0.0,ADBG,5m
2026-03-13 13:20:00-04:00,5.1020002365112305,5.125,5.100100040435791,5.120999813079834,15842,0.0,0.0,0.0,ADBG,5m
2026-03-13 13:25:00-04:00,5.129899978637695,5.159999847412109,5.129899978637695,5.15500020980835,55209,0.0,0.0,0.0,ADBG,5m
2026-03-13 13:30:00-04:00,5.15500020980835,5.159900188446045,5.119999885559082,5.139999866485596,18798,0.0,0.0,0.0,ADBG,5m
2026-03-13 13:35:00-04:00,5.139999866485596,5.175000190734863,5.139999866485596,5.159999847412109,29611,0.0,0.0,0.0,ADBG,5m
2026-03-13 13:40:00-04:00,5.1620001792907715,5.1620001792907715,5.150000095367432,5.153800010681152,22982,0.0,0.0,0.0,ADBG,5m
2026-03-13 13:45:00-04:00,5.150000095367432,5.150000095367432,5.1006999015808105,5.105000019073486,11104,0.0,0.0,0.0,ADBG,5m
2026-03-13 13:50:00-04:00,5.105000019073486,5.107999801635742,5.079999923706055,5.105000019073486,49123,0.0,0.0,0.0,ADBG,5m
2026-03-13 13:55:00-04:00,5.111999988555908,5.139999866485596,5.111999988555908,5.125,19558,0.0,0.0,0.0,ADBG,5m
2026-03-13 14:00:00-04:00,5.128300189971924,5.130099773406982,5.119999885559082,5.130000114440918,13880,0.0,0.0,0.0,ADBG,5m
2026-03-13 14:05:00-04:00,5.129899978637695,5.135000228881836,5.119900226593018,5.135000228881836,16141,0.0,0.0,0.0,ADBG,5m
2026-03-13 14:10:00-04:00,5.139999866485596,5.139999866485596,5.130000114440918,5.139999866485596,4808,0.0,0.0,0.0,ADBG,5m
2026-03-13 14:15:00-04:00,5.125,5.125,5.110099792480469,5.118800163269043,15003,0.0,0.0,0.0,ADBG,5m
2026-03-13 14:20:00-04:00,5.119999885559082,5.130000114440918,5.119999885559082,5.130000114440918,18111,0.0,0.0,0.0,ADBG,5m
2026-03-13 14:25:00-04:00,5.13100004196167,5.135000228881836,5.120100021362305,5.135000228881836,10439,0.0,0.0,0.0,ADBG,5m
2026-03-13 14:30:00-04:00,5.130199909210205,5.150000095367432,5.110199928283691,5.119999885559082,21136,0.0,0.0,0.0,ADBG,5m
2026-03-13 14:35:00-04:00,5.119999885559082,5.125,5.110000133514404,5.120999813079834,30863,0.0,0.0,0.0,ADBG,5m
2026-03-13 14:40:00-04:00,5.127099990844727,5.138500213623047,5.119999885559082,5.138500213623047,24281,0.0,0.0,0.0,ADBG,5m
2026-03-13 14:45:00-04:00,5.133399963378906,5.143899917602539,5.130000114440918,5.139999866485596,20006,0.0,0.0,0.0,ADBG,5m
2026-03-13 14:50:00-04:00,5.139999866485596,5.15500020980835,5.139999866485596,5.139999866485596,40730,0.0,0.0,0.0,ADBG,5m
2026-03-13 14:55:00-04:00,5.139999866485596,5.139999866485596,5.110000133514404,5.110000133514404,7765,0.0,0.0,0.0,ADBG,5m
2026-03-13 15:00:00-04:00,5.116099834442139,5.116099834442139,5.070000171661377,5.070000171661377,40927,0.0,0.0,0.0,ADBG,5m
2026-03-13 15:05:00-04:00,5.079999923706055,5.079999923706055,5.020100116729736,5.049900054931641,51562,0.0,0.0,0.0,ADBG,5m
2026-03-13 15:10:00-04:00,5.051799774169922,5.059999942779541,5.030200004577637,5.059999942779541,23157,0.0,0.0,0.0,ADBG,5m
2026-03-13 15:15:00-04:00,5.06879997253418,5.079999923706055,5.045000076293945,5.045000076293945,87408,0.0,0.0,0.0,ADBG,5m
2026-03-13 15:20:00-04:00,5.034999847412109,5.039999961853027,5.005000114440918,5.010000228881836,56256,0.0,0.0,0.0,ADBG,5m
2026-03-13 15:25:00-04:00,5.000100135803223,5.005000114440918,4.979899883270264,4.979899883270264,20602,0.0,0.0,0.0,ADBG,5m
2026-03-13 15:30:00-04:00,4.980000019073486,5.0,4.970099925994873,5.0,91404,0.0,0.0,0.0,ADBG,5m
2026-03-13 15:35:00-04:00,4.989799976348877,4.989999771118164,4.960100173950195,4.969900131225586,112962,0.0,0.0,0.0,ADBG,5m
2026-03-13 15:40:00-04:00,4.960000038146973,4.96999979019165,4.945000171661377,4.95989990234375,74512,0.0,0.0,0.0,ADBG,5m
2026-03-13 15:45:00-04:00,4.967100143432617,4.96999979019165,4.941500186920166,4.949900150299072,43017,0.0,0.0,0.0,ADBG,5m
2026-03-13 15:50:00-04:00,4.950099945068359,4.96999979019165,4.929999828338623,4.929999828338623,69826,0.0,0.0,0.0,ADBG,5m
2026-03-13 15:55:00-04:00,4.929999828338623,4.934999942779541,4.869999885559082,4.889999866485596,241324,0.0,0.0,0.0,ADBG,5m
2026-03-16 09:30:00-04:00,4.815000057220459,4.883600234985352,4.764999866485596,4.820000171661377,222404,0.0,0.0,0.0,ADBG,5m
2026-03-16 09:35:00-04:00,4.820000171661377,4.829999923706055,4.760000228881836,4.781000137329102,55761,0.0,0.0,0.0,ADBG,5m
2026-03-16 09:40:00-04:00,4.789999961853027,4.800000190734863,4.7017998695373535,4.720099925994873,167521,0.0,0.0,0.0,ADBG,5m
2026-03-16 09:45:00-04:00,4.711400032043457,4.829999923706055,4.711400032043457,4.775000095367432,122784,0.0,0.0,0.0,ADBG,5m
2026-03-16 09:50:00-04:00,4.771399974822998,4.771399974822998,4.710000038146973,4.739999771118164,37797,0.0,0.0,0.0,ADBG,5m
2026-03-16 09:55:00-04:00,4.739999771118164,4.775000095367432,4.719900131225586,4.764999866485596,651763,0.0,0.0,0.0,ADBG,5m
2026-03-16 10:00:00-04:00,4.760000228881836,4.78000020980835,4.735000133514404,4.760000228881836,0,0.0,0.0,0.0,ADBG,5m
2026-03-16 10:05:00-04:00,4.75,4.764999866485596,4.71999979019165,4.764999866485596,49843,0.0,0.0,0.0,ADBG,5m
2026-03-16 10:10:00-04:00,4.760000228881836,4.760000228881836,4.690100193023682,4.715000152587891,62021,0.0,0.0,0.0,ADBG,5m
2026-03-16 10:15:00-04:00,4.710000038146973,4.764999866485596,4.690000057220459,4.730100154876709,965619,0.0,0.0,0.0,ADBG,5m
2026-03-16 10:20:00-04:00,4.730000019073486,4.775000095367432,4.730000019073486,4.769999980926514,0,0.0,0.0,0.0,ADBG,5m
2026-03-16 10:25:00-04:00,4.769899845123291,4.78000020980835,4.740099906921387,4.769999980926514,1165083,0.0,0.0,0.0,ADBG,5m
2026-03-16 10:30:00-04:00,4.764999866485596,4.789999961853027,4.754000186920166,4.770599842071533,0,0.0,0.0,0.0,ADBG,5m
2026-03-16 10:35:00-04:00,4.775000095367432,4.820099830627441,4.775000095367432,4.809899806976318,129057,0.0,0.0,0.0,ADBG,5m
2026-03-16 10:40:00-04:00,4.815000057220459,4.849699974060059,4.815000057220459,4.815000057220459,39544,0.0,0.0,0.0,ADBG,5m
2026-03-16 10:45:00-04:00,4.821499824523926,4.855000019073486,4.820099830627441,4.840000152587891,66445,0.0,0.0,0.0,ADBG,5m
2026-03-16 10:50:00-04:00,4.835000038146973,4.869999885559082,4.829999923706055,4.868500232696533,38721,0.0,0.0,0.0,ADBG,5m
2026-03-16 10:55:00-04:00,4.869999885559082,4.879899978637695,4.840099811553955,4.871399879455566,5539,0.0,0.0,0.0,ADBG,5m
2026-03-16 11:00:00-04:00,4.864999771118164,4.958499908447266,4.860000133514404,4.944499969482422,120723,0.0,0.0,0.0,ADBG,5m
2026-03-16 11:05:00-04:00,4.940000057220459,4.949999809265137,4.921500205993652,4.949999809265137,77976,0.0,0.0,0.0,ADBG,5m
2026-03-16 11:10:00-04:00,4.954999923706055,5.019999980926514,4.910699844360352,4.994999885559082,60007,0.0,0.0,0.0,ADBG,5m
2026-03-16 11:15:00-04:00,4.988699913024902,5.005000114440918,4.979400157928467,4.994999885559082,9201,0.0,0.0,0.0,ADBG,5m
2026-03-16 11:20:00-04:00,5.010000228881836,5.03000020980835,5.000100135803223,5.029300212860107,78344,0.0,0.0,0.0,ADBG,5m
2026-03-16 11:25:00-04:00,5.03000020980835,5.065000057220459,5.029300212860107,5.059999942779541,27836,0.0,0.0,0.0,ADBG,5m
2026-03-16 11:30:00-04:00,5.071400165557861,5.081200122833252,5.059999942779541,5.059999942779541,54372,0.0,0.0,0.0,ADBG,5m
2026-03-16 11:35:00-04:00,5.060100078582764,5.090099811553955,5.059999942779541,5.079999923706055,29120,0.0,0.0,0.0,ADBG,5m
2026-03-16 11:40:00-04:00,5.050099849700928,5.088900089263916,5.050099849700928,5.070000171661377,78694,0.0,0.0,0.0,ADBG,5m
2026-03-16 11:45:00-04:00,5.070199966430664,5.070199966430664,5.039899826049805,5.059999942779541,24062,0.0,0.0,0.0,ADBG,5m
2026-03-16 11:50:00-04:00,5.059999942779541,5.070000171661377,5.04040002822876,5.070000171661377,25082,0.0,0.0,0.0,ADBG,5m
2026-03-16 11:55:00-04:00,5.070000171661377,5.089900016784668,5.054999828338623,5.074999809265137,2007283,0.0,0.0,0.0,ADBG,5m
2026-03-16 12:00:00-04:00,5.070000171661377,5.09499979019165,5.059999942779541,5.079999923706055,0,0.0,0.0,0.0,ADBG,5m
2026-03-16 12:05:00-04:00,5.090000152587891,5.105000019073486,5.080100059509277,5.101399898529053,41827,0.0,0.0,0.0,ADBG,5m
2026-03-16 12:10:00-04:00,5.099999904632568,5.150000095367432,5.099999904632568,5.139900207519531,131270,0.0,0.0,0.0,ADBG,5m
2026-03-16 12:15:00-04:00,5.130099773406982,5.139999866485596,5.119999885559082,5.130000114440918,32248,0.0,0.0,0.0,ADBG,5m
2026-03-16 12:20:00-04:00,5.120100021362305,5.1219000816345215,5.082200050354004,5.082200050354004,46957,0.0,0.0,0.0,ADBG,5m
2026-03-16 12:25:00-04:00,5.079999923706055,5.110000133514404,5.070000171661377,5.080999851226807,46391,0.0,0.0,0.0,ADBG,5m
2026-03-16 12:30:00-04:00,5.089000225067139,5.090000152587891,5.0609002113342285,5.079999923706055,17559,0.0,0.0,0.0,ADBG,5m
2026-03-16 12:35:00-04:00,5.090000152587891,5.119999885559082,5.090000152587891,5.109899997711182,54959,0.0,0.0,0.0,ADBG,5m
2026-03-16 12:40:00-04:00,5.105000019073486,5.119999885559082,5.10129976272583,5.119900226593018,28345,0.0,0.0,0.0,ADBG,5m
2026-03-16 12:45:00-04:00,5.114999771118164,5.130099773406982,5.100100040435791,5.130099773406982,3370,0.0,0.0,0.0,ADBG,5m
2026-03-16 12:50:00-04:00,5.129899978637695,5.139999866485596,5.114999771118164,5.125999927520752,49977,0.0,0.0,0.0,ADBG,5m
2026-03-16 12:55:00-04:00,5.122000217437744,5.125,5.099999904632568,5.114999771118164,72583,0.0,0.0,0.0,ADBG,5m
2026-03-16 13:00:00-04:00,5.113999843597412,5.125,5.110000133514404,5.125,10269,0.0,0.0,0.0,ADBG,5m
2026-03-16 13:05:00-04:00,5.130000114440918,5.148900032043457,5.130000114440918,5.132900238037109,38347,0.0,0.0,0.0,ADBG,5m
2026-03-16 13:10:00-04:00,5.130099773406982,5.130099773406982,5.099999904632568,5.105000019073486,9225,0.0,0.0,0.0,ADBG,5m
2026-03-16 13:15:00-04:00,5.105000019073486,5.110000133514404,5.099999904632568,5.110000133514404,3244,0.0,0.0,0.0,ADBG,5m
2026-03-16 13:20:00-04:00,5.1118998527526855,5.1118998527526855,5.070000171661377,5.070000171661377,10709,0.0,0.0,0.0,ADBG,5m
2026-03-16 13:25:00-04:00,5.070000171661377,5.070000171661377,5.039999961853027,5.039999961853027,30518,0.0,0.0,0.0,ADBG,5m
2026-03-16 13:30:00-04:00,5.03000020980835,5.03000020980835,4.992099761962891,5.010000228881836,36571,0.0,0.0,0.0,ADBG,5m
2026-03-16 13:35:00-04:00,5.010000228881836,5.034999847412109,5.0,5.034999847412109,36603,0.0,0.0,0.0,ADBG,5m
2026-03-16 13:40:00-04:00,5.034999847412109,5.034999847412109,5.03000020980835,5.03000020980835,2492456,0.0,0.0,0.0,ADBG,5m
2026-03-16 13:45:00-04:00,5.019999980926514,5.019999980926514,5.005000114440918,5.0100998878479,0,0.0,0.0,0.0,ADBG,5m
2026-03-16 13:50:00-04:00,5.010000228881836,5.019999980926514,5.008600234985352,5.014999866485596,21824,0.0,0.0,0.0,ADBG,5m
2026-03-16 13:55:00-04:00,5.010200023651123,5.04010009765625,5.009799957275391,5.03000020980835,2582793,0.0,0.0,0.0,ADBG,5m
2026-03-16 14:00:00-04:00,5.039899826049805,5.057799816131592,5.039899826049805,5.057799816131592,0,0.0,0.0,0.0,ADBG,5m
2026-03-16 14:05:00-04:00,5.059899806976318,5.070000171661377,5.049900054931641,5.054999828338623,20943,0.0,0.0,0.0,ADBG,5m
2026-03-16 14:10:00-04:00,5.045000076293945,5.054999828338623,5.036499977111816,5.04010009765625,27315,0.0,0.0,0.0,ADBG,5m
2026-03-16 14:15:00-04:00,5.039999961853027,5.041800022125244,5.039899826049805,5.039999961853027,11233,0.0,0.0,0.0,ADBG,5m
2026-03-16 14:20:00-04:00,5.030799865722656,5.0416998863220215,5.020100116729736,5.0406999588012695,44873,0.0,0.0,0.0,ADBG,5m
2026-03-16 14:25:00-04:00,5.050000190734863,5.080100059509277,5.050000190734863,5.059999942779541,31747,0.0,0.0,0.0,ADBG,5m
2026-03-16 14:30:00-04:00,5.050000190734863,5.050000190734863,5.03000020980835,5.048500061035156,31223,0.0,0.0,0.0,ADBG,5m
2026-03-16 14:35:00-04:00,5.042200088500977,5.065000057220459,5.042200088500977,5.059999942779541,52950,0.0,0.0,0.0,ADBG,5m
2026-03-16 14:40:00-04:00,5.065000057220459,5.065000057220459,5.050000190734863,5.050099849700928,11946,0.0,0.0,0.0,ADBG,5m
2026-03-16 14:45:00-04:00,5.060100078582764,5.069900035858154,5.054999828338623,5.059999942779541,1918,0.0,0.0,0.0,ADBG,5m
2026-03-16 14:50:00-04:00,5.051000118255615,5.059899806976318,5.030099868774414,5.030099868774414,28020,0.0,0.0,0.0,ADBG,5m
2026-03-16 14:55:00-04:00,5.025000095367432,5.025000095367432,4.994999885559082,5.014999866485596,2750878,0.0,0.0,0.0,ADBG,5m
2026-03-16 15:00:00-04:00,5.014999866485596,5.035999774932861,5.0100998878479,5.035999774932861,0,0.0,0.0,0.0,ADBG,5m
2026-03-16 15:05:00-04:00,5.038899898529053,5.040200233459473,5.019999980926514,5.021299839019775,43639,0.0,0.0,0.0,ADBG,5m
2026-03-16 15:10:00-04:00,5.03000020980835,5.040299892425537,5.014999866485596,5.019999980926514,6470,0.0,0.0,0.0,ADBG,5m
2026-03-16 15:15:00-04:00,5.019999980926514,5.025000095367432,5.013999938964844,5.025000095367432,4976,0.0,0.0,0.0,ADBG,5m
2026-03-16 15:20:00-04:00,5.026400089263916,5.03000020980835,5.019999980926514,5.020100116729736,4032,0.0,0.0,0.0,ADBG,5m
2026-03-16 15:25:00-04:00,5.019999980926514,5.019999980926514,4.99399995803833,5.005000114440918,9919,0.0,0.0,0.0,ADBG,5m
2026-03-16 15:30:00-04:00,4.994999885559082,5.010000228881836,4.990099906921387,4.994800090789795,10328,0.0,0.0,0.0,ADBG,5m
2026-03-16 15:35:00-04:00,5.0,5.005000114440918,4.990099906921387,4.990200042724609,1713,0.0,0.0,0.0,ADBG,5m
2026-03-16 15:40:00-04:00,4.9969000816345215,4.9969000816345215,4.965000152587891,4.980000019073486,20614,0.0,0.0,0.0,ADBG,5m
2026-03-16 15:45:00-04:00,4.980000019073486,5.009900093078613,4.980000019073486,5.009900093078613,15440,0.0,0.0,0.0,ADBG,5m
2026-03-16 15:50:00-04:00,5.005000114440918,5.019999980926514,4.994999885559082,4.994999885559082,46287,0.0,0.0,0.0,ADBG,5m
2026-03-16 15:55:00-04:00,4.994999885559082,5.0,4.974999904632568,5.0,107610,0.0,0.0,0.0,ADBG,5m
2026-03-17 09:30:00-04:00,5.019999980926514,5.099999904632568,4.989999771118164,5.090000152587891,135476,0.0,0.0,0.0,ADBG,5m
2026-03-17 09:35:00-04:00,5.099999904632568,5.199999809265137,5.085000038146973,5.170000076293945,67212,0.0,0.0,0.0,ADBG,5m
2026-03-17 09:40:00-04:00,5.170000076293945,5.219699859619141,5.070000171661377,5.079999923706055,425041,0.0,0.0,0.0,ADBG,5m
2026-03-17 09:45:00-04:00,5.074999809265137,5.170000076293945,5.045000076293945,5.150000095367432,0,0.0,0.0,0.0,ADBG,5m
2026-03-17 09:50:00-04:00,5.150000095367432,5.189499855041504,5.099999904632568,5.119999885559082,98772,0.0,0.0,0.0,ADBG,5m
2026-03-17 09:55:00-04:00,5.119999885559082,5.150000095367432,5.119999885559082,5.139999866485596,32092,0.0,0.0,0.0,ADBG,5m
2026-03-17 10:00:00-04:00,5.135000228881836,5.150000095367432,5.090000152587891,5.139900207519531,49619,0.0,0.0,0.0,ADBG,5m
2026-03-17 10:05:00-04:00,5.139999866485596,5.235000133514404,5.139999866485596,5.230000019073486,122357,0.0,0.0,0.0,ADBG,5m
2026-03-17 10:10:00-04:00,5.230000019073486,5.249899864196777,5.184999942779541,5.199999809265137,93231,0.0,0.0,0.0,ADBG,5m
2026-03-17 10:15:00-04:00,5.19980001449585,5.210000038146973,5.159999847412109,5.184999942779541,69149,0.0,0.0,0.0,ADBG,5m
2026-03-17 10:20:00-04:00,5.199999809265137,5.255000114440918,5.199999809265137,5.244999885559082,59834,0.0,0.0,0.0,ADBG,5m
2026-03-17 10:25:00-04:00,5.235000133514404,5.254000186920166,5.230000019073486,5.239999771118164,68745,0.0,0.0,0.0,ADBG,5m
2026-03-17 10:30:00-04:00,5.239699840545654,5.25,5.199999809265137,5.204999923706055,46001,0.0,0.0,0.0,ADBG,5m
2026-03-17 10:35:00-04:00,5.210000038146973,5.215000152587891,5.159999847412109,5.179900169372559,49664,0.0,0.0,0.0,ADBG,5m
2026-03-17 10:40:00-04:00,5.184999942779541,5.184999942779541,5.129899978637695,5.139999866485596,39803,0.0,0.0,0.0,ADBG,5m
2026-03-17 10:45:00-04:00,5.139999866485596,5.140100002288818,5.125,5.130000114440918,21342,0.0,0.0,0.0,ADBG,5m
2026-03-17 10:50:00-04:00,5.135000228881836,5.150000095367432,5.131800174713135,5.139999866485596,7622,0.0,0.0,0.0,ADBG,5m
2026-03-17 10:55:00-04:00,5.129199981689453,5.140699863433838,5.129199981689453,5.139999866485596,19381,0.0,0.0,0.0,ADBG,5m
2026-03-17 11:00:00-04:00,5.148600101470947,5.164999961853027,5.148600101470947,5.150000095367432,6017,0.0,0.0,0.0,ADBG,5m
2026-03-17 11:05:00-04:00,5.1371002197265625,5.150000095367432,5.130000114440918,5.135000228881836,24917,0.0,0.0,0.0,ADBG,5m
2026-03-17 11:10:00-04:00,5.1350998878479,5.15500020980835,5.130000114440918,5.150000095367432,7162,0.0,0.0,0.0,ADBG,5m
2026-03-17 11:15:00-04:00,5.159999847412109,5.179999828338623,5.159999847412109,5.175000190734863,21641,0.0,0.0,0.0,ADBG,5m
2026-03-17 11:20:00-04:00,5.179999828338623,5.179999828338623,5.175000190734863,5.175000190734863,1295659,0.0,0.0,0.0,ADBG,5m
2026-03-17 11:25:00-04:00,5.181399822235107,5.190000057220459,5.179999828338623,5.179999828338623,0,0.0,0.0,0.0,ADBG,5m
2026-03-17 11:30:00-04:00,5.179999828338623,5.198599815368652,5.179999828338623,5.184999942779541,6704,0.0,0.0,0.0,ADBG,5m
2026-03-17 11:35:00-04:00,5.199999809265137,5.199999809265137,5.164700031280518,5.199900150299072,65018,0.0,0.0,0.0,ADBG,5m
2026-03-17 11:40:00-04:00,5.190000057220459,5.195000171661377,5.180099964141846,5.195000171661377,10861,0.0,0.0,0.0,ADBG,5m
2026-03-17 11:45:00-04:00,5.198999881744385,5.198999881744385,5.170000076293945,5.170000076293945,11907,0.0,0.0,0.0,ADBG,5m
2026-03-17 11:50:00-04:00,5.168700218200684,5.175000190734863,5.159999847412109,5.164999961853027,35462,0.0,0.0,0.0,ADBG,5m
2026-03-17 11:55:00-04:00,5.170000076293945,5.170000076293945,5.152299880981445,5.152299880981445,1228,0.0,0.0,0.0,ADBG,5m
2026-03-17 12:00:00-04:00,5.139999866485596,5.139999866485596,5.110000133514404,5.119999885559082,46970,0.0,0.0,0.0,ADBG,5m
2026-03-17 12:05:00-04:00,5.114999771118164,5.130000114440918,5.114999771118164,5.130000114440918,11137,0.0,0.0,0.0,ADBG,5m
2026-03-17 12:10:00-04:00,5.125,5.139699935913086,5.110099792480469,5.117800235748291,25089,0.0,0.0,0.0,ADBG,5m
2026-03-17 12:15:00-04:00,5.114999771118164,5.114999771118164,5.109799861907959,5.110099792480469,2372,0.0,0.0,0.0,ADBG,5m
2026-03-17 12:20:00-04:00,5.099999904632568,5.099999904632568,5.090000152587891,5.09499979019165,84823,0.0,0.0,0.0,ADBG,5m
2026-03-17 12:25:00-04:00,5.099800109863281,5.139500141143799,5.099800109863281,5.139500141143799,3569,0.0,0.0,0.0,ADBG,5m
2026-03-17 12:30:00-04:00,5.125,5.125,5.089900016784668,5.089900016784668,20932,0.0,0.0,0.0,ADBG,5m
2026-03-17 12:35:00-04:00,5.10129976272583,5.105000019073486,5.09499979019165,5.09499979019165,461,0.0,0.0,0.0,ADBG,5m
2026-03-17 12:40:00-04:00,5.100200176239014,5.100299835205078,5.085000038146973,5.090000152587891,21807,0.0,0.0,0.0,ADBG,5m
2026-03-17 12:45:00-04:00,5.100200176239014,5.100200176239014,5.098599910736084,5.100200176239014,7867,0.0,0.0,0.0,ADBG,5m
2026-03-17 12:50:00-04:00,5.100500106811523,5.109899997711182,5.09499979019165,5.099999904632568,11620,0.0,0.0,0.0,ADBG,5m
2026-03-17 12:55:00-04:00,5.0960001945495605,5.0960001945495605,5.0960001945495605,5.0960001945495605,3187,0.0,0.0,0.0,ADBG,5m
2026-03-17 13:00:00-04:00,5.109899997711182,5.109899997711182,5.109899997711182,5.109899997711182,171,0.0,0.0,0.0,ADBG,5m
2026-03-17 13:05:00-04:00,5.110000133514404,5.110199928283691,5.105000019073486,5.105000019073486,9134,0.0,0.0,0.0,ADBG,5m
2026-03-17 13:10:00-04:00,5.099999904632568,5.100100040435791,5.097799777984619,5.100100040435791,751,0.0,0.0,0.0,ADBG,5m
2026-03-17 13:15:00-04:00,5.090000152587891,5.105000019073486,5.088699817657471,5.090000152587891,29555,0.0,0.0,0.0,ADBG,5m
2026-03-17 13:20:00-04:00,5.0960001945495605,5.099999904632568,5.085000038146973,5.099999904632568,29167,0.0,0.0,0.0,ADBG,5m
2026-03-17 13:25:00-04:00,5.092199802398682,5.115200042724609,5.092199802398682,5.110000133514404,17144,0.0,0.0,0.0,ADBG,5m
2026-03-17 13:30:00-04:00,5.108099937438965,5.108099937438965,5.074999809265137,5.079999923706055,1514099,0.0,0.0,0.0,ADBG,5m
2026-03-17 13:35:00-04:00,5.085000038146973,5.099999904632568,5.082200050354004,5.09499979019165,0,0.0,0.0,0.0,ADBG,5m
2026-03-17 13:40:00-04:00,5.090099811553955,5.09499979019165,5.090000152587891,5.09060001373291,1502259,0.0,0.0,0.0,ADBG,5m
2026-03-17 13:45:00-04:00,5.070000171661377,5.070000171661377,5.050000190734863,5.059999942779541,0,0.0,0.0,0.0,ADBG,5m
2026-03-17 13:50:00-04:00,5.065000057220459,5.085000038146973,5.065000057220459,5.0802998542785645,78524,0.0,0.0,0.0,ADBG,5m
2026-03-17 13:55:00-04:00,5.090000152587891,5.090000152587891,5.070000171661377,5.079999923706055,0,0.0,0.0,0.0,ADBG,5m
2026-03-17 14:00:00-04:00,5.079699993133545,5.079699993133545,5.069900035858154,5.069900035858154,703,0.0,0.0,0.0,ADBG,5m
2026-03-17 14:05:00-04:00,5.064499855041504,5.065000057220459,5.064499855041504,5.065000057220459,2687,0.0,0.0,0.0,ADBG,5m
2026-03-17 14:10:00-04:00,5.065000057220459,5.065000057220459,5.040200233459473,5.040200233459473,382,0.0,0.0,0.0,ADBG,5m
2026-03-17 14:15:00-04:00,5.040200233459473,5.050000190734863,5.039999961853027,5.050000190734863,21255,0.0,0.0,0.0,ADBG,5m
2026-03-17 14:20:00-04:00,5.050000190734863,5.059999942779541,5.034999847412109,5.034999847412109,62449,0.0,0.0,0.0,ADBG,5m
2026-03-17 14:25:00-04:00,5.034999847412109,5.038000106811523,5.029399871826172,5.038000106811523,7549,0.0,0.0,0.0,ADBG,5m
2026-03-17 14:30:00-04:00,5.038700103759766,5.060100078582764,5.038700103759766,5.054999828338623,8696,0.0,0.0,0.0,ADBG,5m
2026-03-17 14:35:00-04:00,5.050000190734863,5.059199810028076,5.045000076293945,5.059199810028076,7992,0.0,0.0,0.0,ADBG,5m
2026-03-17 14:40:00-04:00,5.054999828338623,5.074999809265137,5.054999828338623,5.070799827575684,42600,0.0,0.0,0.0,ADBG,5m
2026-03-17 14:45:00-04:00,5.070000171661377,5.079999923706055,5.070000171661377,5.079999923706055,10999,0.0,0.0,0.0,ADBG,5m
2026-03-17 14:50:00-04:00,5.065000057220459,5.070000171661377,5.059999942779541,5.060100078582764,10913,0.0,0.0,0.0,ADBG,5m
2026-03-17 14:55:00-04:00,5.065000057220459,5.074999809265137,5.063199996948242,5.068699836730957,7556,0.0,0.0,0.0,ADBG,5m
2026-03-17 15:00:00-04:00,5.074999809265137,5.089700222015381,5.074999809265137,5.079999923706055,10558,0.0,0.0,0.0,ADBG,5m
2026-03-17 15:05:00-04:00,5.070000171661377,5.076900005340576,5.065000057220459,5.074999809265137,4245,0.0,0.0,0.0,ADBG,5m
2026-03-17 15:10:00-04:00,5.070000171661377,5.085000038146973,5.070000171661377,5.085000038146973,10755,0.0,0.0,0.0,ADBG,5m
2026-03-17 15:15:00-04:00,5.088500022888184,5.090000152587891,5.082499980926514,5.082499980926514,19018,0.0,0.0,0.0,ADBG,5m
2026-03-17 15:20:00-04:00,5.079999923706055,5.079999923706055,5.060100078582764,5.065000057220459,21732,0.0,0.0,0.0,ADBG,5m
2026-03-17 15:25:00-04:00,5.059999942779541,5.065000057220459,5.054999828338623,5.065000057220459,12736,0.0,0.0,0.0,ADBG,5m
2026-03-17 15:30:00-04:00,5.070000171661377,5.074999809265137,5.060999870300293,5.074999809265137,37590,0.0,0.0,0.0,ADBG,5m
2026-03-17 15:35:00-04:00,5.076000213623047,5.076000213623047,5.065000057220459,5.065000057220459,38318,0.0,0.0,0.0,ADBG,5m
2026-03-17 15:40:00-04:00,5.070000171661377,5.079899787902832,5.070000171661377,5.079899787902832,7679,0.0,0.0,0.0,ADBG,5m
2026-03-17 15:45:00-04:00,5.074999809265137,5.079999923706055,5.070000171661377,5.070799827575684,16676,0.0,0.0,0.0,ADBG,5m
2026-03-17 15:50:00-04:00,5.074999809265137,5.085000038146973,5.070000171661377,5.079999923706055,35766,0.0,0.0,0.0,ADBG,5m
2026-03-17 15:55:00-04:00,5.070000171661377,5.073999881744385,5.059999942779541,5.065000057220459,31088,0.0,0.0,0.0,ADBG,5m
2026-03-18 09:30:00-04:00,4.989999771118164,5.03000020980835,4.949999809265137,5.03000020980835,92235,0.0,0.0,0.0,ADBG,5m
2026-03-18 09:35:00-04:00,5.050000190734863,5.068299770355225,5.019999980926514,5.019999980926514,14804,0.0,0.0,0.0,ADBG,5m
2026-03-18 09:40:00-04:00,5.025000095367432,5.065000057220459,5.019999980926514,5.045000076293945,15464,0.0,0.0,0.0,ADBG,5m
2026-03-18 09:45:00-04:00,5.065000057220459,5.070199966430664,5.039999961853027,5.039999961853027,5857,0.0,0.0,0.0,ADBG,5m
2026-03-18 09:50:00-04:00,5.020100116729736,5.03000020980835,4.979899883270264,4.980000019073486,27399,0.0,0.0,0.0,ADBG,5m
2026-03-18 09:55:00-04:00,4.989999771118164,5.00029993057251,4.960000038146973,4.965000152587891,81576,0.0,0.0,0.0,ADBG,5m
2026-03-18 10:00:00-04:00,4.954999923706055,4.954999923706055,4.900000095367432,4.928699970245361,45375,0.0,0.0,0.0,ADBG,5m
2026-03-18 10:05:00-04:00,4.927999973297119,4.939899921417236,4.925000190734863,4.929999828338623,15130,0.0,0.0,0.0,ADBG,5m
2026-03-18 10:10:00-04:00,4.930200099945068,4.940000057220459,4.90500020980835,4.909999847412109,53662,0.0,0.0,0.0,ADBG,5m
2026-03-18 10:15:00-04:00,4.901100158691406,4.914999961853027,4.900000095367432,4.909900188446045,81768,0.0,0.0,0.0,ADBG,5m
2026-03-18 10:20:00-04:00,4.909900188446045,4.920000076293945,4.878499984741211,4.908699989318848,45270,0.0,0.0,0.0,ADBG,5m
2026-03-18 10:25:00-04:00,4.909999847412109,4.914999961853027,4.859499931335449,4.872799873352051,52868,0.0,0.0,0.0,ADBG,5m
2026-03-18 10:30:00-04:00,4.880099773406982,4.889999866485596,4.869999885559082,4.880099773406982,51903,0.0,0.0,0.0,ADBG,5m
2026-03-18 10:35:00-04:00,4.880000114440918,4.896999835968018,4.876399993896484,4.894999980926514,23377,0.0,0.0,0.0,ADBG,5m
2026-03-18 10:40:00-04:00,4.894999980926514,4.909999847412109,4.894999980926514,4.909999847412109,31425,0.0,0.0,0.0,ADBG,5m
2026-03-18 10:45:00-04:00,4.917600154876709,4.9197998046875,4.900000095367432,4.9008002281188965,10883,0.0,0.0,0.0,ADBG,5m
2026-03-18 10:50:00-04:00,4.894999980926514,4.894999980926514,4.849999904632568,4.849999904632568,106917,0.0,0.0,0.0,ADBG,5m
2026-03-18 10:55:00-04:00,4.85290002822876,4.864999771118164,4.849999904632568,4.850200176239014,16562,0.0,0.0,0.0,ADBG,5m
2026-03-18 11:00:00-04:00,4.849899768829346,4.860000133514404,4.84499979019165,4.8572998046875,7127,0.0,0.0,0.0,ADBG,5m
2026-03-18 11:05:00-04:00,4.855000019073486,4.876500129699707,4.849999904632568,4.875,716603,0.0,0.0,0.0,ADBG,5m
2026-03-18 11:10:00-04:00,4.878200054168701,4.889800071716309,4.870100021362305,4.880000114440918,0,0.0,0.0,0.0,ADBG,5m
2026-03-18 11:15:00-04:00,4.879899978637695,4.894000053405762,4.879899978637695,4.889999866485596,7853,0.0,0.0,0.0,ADBG,5m
2026-03-18 11:20:00-04:00,4.900000095367432,4.909900188446045,4.889999866485596,4.909900188446045,7089,0.0,0.0,0.0,ADBG,5m
2026-03-18 11:25:00-04:00,4.909900188446045,4.909900188446045,4.890500068664551,4.890500068664551,21306,0.0,0.0,0.0,ADBG,5m
2026-03-18 11:30:00-04:00,4.900000095367432,4.914999961853027,4.894499778747559,4.900000095367432,45973,0.0,0.0,0.0,ADBG,5m
2026-03-18 11:35:00-04:00,4.894999980926514,4.899899959564209,4.889999866485596,4.899899959564209,1080,0.0,0.0,0.0,ADBG,5m
2026-03-18 11:40:00-04:00,4.890100002288818,4.890100002288818,4.878600120544434,4.885000228881836,5069,0.0,0.0,0.0,ADBG,5m
2026-03-18 11:45:00-04:00,4.885000228881836,4.889800071716309,4.875,4.879300117492676,11026,0.0,0.0,0.0,ADBG,5m
2026-03-18 11:50:00-04:00,4.875,4.875,4.864999771118164,4.869999885559082,905,0.0,0.0,0.0,ADBG,5m
2026-03-18 11:55:00-04:00,4.888700008392334,4.888700008392334,4.869999885559082,4.875,53504,0.0,0.0,0.0,ADBG,5m
2026-03-18 12:00:00-04:00,4.869999885559082,4.879899978637695,4.860099792480469,4.875,830,0.0,0.0,0.0,ADBG,5m
2026-03-18 12:05:00-04:00,4.880000114440918,4.880000114440918,4.880000114440918,4.880000114440918,232,0.0,0.0,0.0,ADBG,5m
2026-03-18 12:10:00-04:00,4.875,4.879899978637695,4.864999771118164,4.870999813079834,16603,0.0,0.0,0.0,ADBG,5m
2026-03-18 12:15:00-04:00,4.869999885559082,4.869999885559082,4.860000133514404,4.860000133514404,6085,0.0,0.0,0.0,ADBG,5m
2026-03-18 12:20:00-04:00,4.864999771118164,4.864999771118164,4.840000152587891,4.8495001792907715,7951,0.0,0.0,0.0,ADBG,5m
2026-03-18 12:25:00-04:00,4.848999977111816,4.864999771118164,4.848999977111816,4.849999904632568,24484,0.0,0.0,0.0,ADBG,5m
2026-03-18 12:30:00-04:00,4.849899768829346,4.849899768829346,4.824999809265137,4.824999809265137,2821,0.0,0.0,0.0,ADBG,5m
2026-03-18 12:35:00-04:00,4.820000171661377,4.829999923706055,4.815000057220459,4.824999809265137,14625,0.0,0.0,0.0,ADBG,5m
2026-03-18 12:40:00-04:00,4.824999809265137,4.824999809265137,4.815000057220459,4.820000171661377,3370,0.0,0.0,0.0,ADBG,5m
2026-03-18 12:45:00-04:00,4.817999839782715,4.819799900054932,4.809999942779541,4.815000057220459,1490,0.0,0.0,0.0,ADBG,5m
2026-03-18 12:50:00-04:00,4.812399864196777,4.835000038146973,4.812399864196777,4.835000038146973,7860,0.0,0.0,0.0,ADBG,5m
2026-03-18 12:55:00-04:00,4.835000038146973,4.835000038146973,4.829899787902832,4.829899787902832,2610,0.0,0.0,0.0,ADBG,5m
2026-03-18 13:00:00-04:00,4.822000026702881,4.824999809265137,4.820000171661377,4.824999809265137,842711,0.0,0.0,0.0,ADBG,5m
2026-03-18 13:05:00-04:00,4.826000213623047,4.826000213623047,4.826000213623047,4.826000213623047,0,0.0,0.0,0.0,ADBG,5m
2026-03-18 13:10:00-04:00,4.817399978637695,4.841400146484375,4.817399978637695,4.841400146484375,3072,0.0,0.0,0.0,ADBG,5m
2026-03-18 13:15:00-04:00,4.843599796295166,4.850500106811523,4.843599796295166,4.849999904632568,10098,0.0,0.0,0.0,ADBG,5m
2026-03-18 13:20:00-04:00,4.849699974060059,4.849999904632568,4.84089994430542,4.849999904632568,9928,0.0,0.0,0.0,ADBG,5m
2026-03-18 13:25:00-04:00,4.849999904632568,4.850100040435791,4.849999904632568,4.849999904632568,2875,0.0,0.0,0.0,ADBG,5m
2026-03-18 13:30:00-04:00,4.849999904632568,4.855000019073486,4.84499979019165,4.855000019073486,3049,0.0,0.0,0.0,ADBG,5m
2026-03-18 13:35:00-04:00,4.859899997711182,4.864999771118164,4.855000019073486,4.855000019073486,3271,0.0,0.0,0.0,ADBG,5m
2026-03-18 13:40:00-04:00,4.855000019073486,4.855000019073486,4.84499979019165,4.84499979019165,6233,0.0,0.0,0.0,ADBG,5m
2026-03-18 13:45:00-04:00,4.849999904632568,4.850599765777588,4.824999809265137,4.829899787902832,18572,0.0,0.0,0.0,ADBG,5m
2026-03-18 13:50:00-04:00,4.824999809265137,4.849999904632568,4.824999809265137,4.840000152587891,4349,0.0,0.0,0.0,ADBG,5m
2026-03-18 13:55:00-04:00,4.826000213623047,4.829999923706055,4.819900035858154,4.819900035858154,6697,0.0,0.0,0.0,ADBG,5m
2026-03-18 14:00:00-04:00,4.824999809265137,4.829999923706055,4.812600135803223,4.829999923706055,24555,0.0,0.0,0.0,ADBG,5m
2026-03-18 14:05:00-04:00,4.824999809265137,4.824999809265137,4.760000228881836,4.775000095367432,74437,0.0,0.0,0.0,ADBG,5m
2026-03-18 14:10:00-04:00,4.770299911499023,4.779699802398682,4.710000038146973,4.760000228881836,33790,0.0,0.0,0.0,ADBG,5m
2026-03-18 14:15:00-04:00,4.760000228881836,4.760000228881836,4.739999771118164,4.739999771118164,60959,0.0,0.0,0.0,ADBG,5m
2026-03-18 14:20:00-04:00,4.775000095367432,4.78000020980835,4.769700050354004,4.769999980926514,24536,0.0,0.0,0.0,ADBG,5m
2026-03-18 14:25:00-04:00,4.760000228881836,4.769999980926514,4.760000228881836,4.764999866485596,9040,0.0,0.0,0.0,ADBG,5m
2026-03-18 14:30:00-04:00,4.769999980926514,4.784999847412109,4.769999980926514,4.769999980926514,39469,0.0,0.0,0.0,ADBG,5m
2026-03-18 14:35:00-04:00,4.78000020980835,4.809999942779541,4.78000020980835,4.789100170135498,17402,0.0,0.0,0.0,ADBG,5m
2026-03-18 14:40:00-04:00,4.780099868774414,4.816800117492676,4.780099868774414,4.816800117492676,48916,0.0,0.0,0.0,ADBG,5m
2026-03-18 14:45:00-04:00,4.809999942779541,4.829999923706055,4.804999828338623,4.819900035858154,35269,0.0,0.0,0.0,ADBG,5m
2026-03-18 14:50:00-04:00,4.819900035858154,4.820700168609619,4.810100078582764,4.815000057220459,55827,0.0,0.0,0.0,ADBG,5m
2026-03-18 14:55:00-04:00,4.809999942779541,4.819900035858154,4.800000190734863,4.800000190734863,15170,0.0,0.0,0.0,ADBG,5m
2026-03-18 15:00:00-04:00,4.809999942779541,4.829999923706055,4.809999942779541,4.829999923706055,6141,0.0,0.0,0.0,ADBG,5m
2026-03-18 15:05:00-04:00,4.8394999504089355,4.909999847412109,4.8394999504089355,4.870200157165527,36269,0.0,0.0,0.0,ADBG,5m
2026-03-18 15:10:00-04:00,4.864999771118164,4.869900226593018,4.840000152587891,4.849999904632568,30932,0.0,0.0,0.0,ADBG,5m
2026-03-18 15:15:00-04:00,4.849899768829346,4.855000019073486,4.841400146484375,4.855000019073486,19634,0.0,0.0,0.0,ADBG,5m
2026-03-18 15:20:00-04:00,4.84499979019165,4.84499979019165,4.835000038146973,4.835000038146973,0,0.0,0.0,0.0,ADBG,5m
2026-03-18 15:25:00-04:00,4.8454999923706055,4.8480000495910645,4.830100059509277,4.840000152587891,8087,0.0,0.0,0.0,ADBG,5m
2026-03-18 15:30:00-04:00,4.835100173950195,4.835100173950195,4.820000171661377,4.829999923706055,3121,0.0,0.0,0.0,ADBG,5m
2026-03-18 15:35:00-04:00,4.824999809265137,4.824999809265137,4.809999942779541,4.819300174713135,1777,0.0,0.0,0.0,ADBG,5m
2026-03-18 15:40:00-04:00,4.819900035858154,4.819900035858154,4.795000076293945,4.799200057983398,2170,0.0,0.0,0.0,ADBG,5m
2026-03-18 15:45:00-04:00,4.789999961853027,4.795000076293945,4.775000095367432,4.775000095367432,8128,0.0,0.0,0.0,ADBG,5m
2026-03-18 15:50:00-04:00,4.78000020980835,4.780099868774414,4.75,4.75,79332,0.0,0.0,0.0,ADBG,5m
2026-03-18 15:55:00-04:00,4.750999927520752,4.769999980926514,4.730000019073486,4.739999771118164,40308,0.0,0.0,0.0,ADBG,5m
2026-03-19 09:30:00-04:00,4.75,4.848599910736084,4.75,4.848599910736084,117784,0.0,0.0,0.0,ADBG,5m
2026-03-19 09:35:00-04:00,4.849999904632568,4.869999885559082,4.815000057220459,4.824999809265137,47625,0.0,0.0,0.0,ADBG,5m
2026-03-19 09:40:00-04:00,4.829999923706055,4.909999847412109,4.829999923706055,4.850200176239014,84972,0.0,0.0,0.0,ADBG,5m
2026-03-19 09:45:00-04:00,4.84499979019165,4.855000019073486,4.829999923706055,4.840000152587891,477978,0.0,0.0,0.0,ADBG,5m
2026-03-19 09:50:00-04:00,4.84499979019165,4.869999885559082,4.84499979019165,4.869999885559082,0,0.0,0.0,0.0,ADBG,5m
2026-03-19 09:55:00-04:00,4.860000133514404,4.860000133514404,4.815000057220459,4.839799880981445,94585,0.0,0.0,0.0,ADBG,5m
2026-03-19 10:00:00-04:00,4.820000171661377,4.840000152587891,4.820000171661377,4.824999809265137,685303,0.0,0.0,0.0,ADBG,5m
2026-03-19 10:05:00-04:00,4.830900192260742,4.849999904632568,4.760000228881836,4.760000228881836,0,0.0,0.0,0.0,ADBG,5m
2026-03-19 10:10:00-04:00,4.755000114440918,4.78000020980835,4.73199987411499,4.7399001121521,60956,0.0,0.0,0.0,ADBG,5m
2026-03-19 10:15:00-04:00,4.735000133514404,4.739999771118164,4.704999923706055,4.729899883270264,110683,0.0,0.0,0.0,ADBG,5m
2026-03-19 10:20:00-04:00,4.730000019073486,4.769999980926514,4.724999904632568,4.764999866485596,97149,0.0,0.0,0.0,ADBG,5m
2026-03-19 10:25:00-04:00,4.764999866485596,4.769999980926514,4.744999885559082,4.7692999839782715,15029,0.0,0.0,0.0,ADBG,5m
2026-03-19 10:30:00-04:00,4.764999866485596,4.78000020980835,4.751999855041504,4.78000020980835,46746,0.0,0.0,0.0,ADBG,5m
2026-03-19 10:35:00-04:00,4.800000190734863,4.818999767303467,4.754000186920166,4.754000186920166,70952,0.0,0.0,0.0,ADBG,5m
2026-03-19 10:40:00-04:00,4.755000114440918,4.775899887084961,4.741199970245361,4.749199867248535,16837,0.0,0.0,0.0,ADBG,5m
2026-03-19 10:45:00-04:00,4.730000019073486,4.749899864196777,4.730000019073486,4.739999771118164,18438,0.0,0.0,0.0,ADBG,5m
2026-03-19 10:50:00-04:00,4.739999771118164,4.749899864196777,4.735000133514404,4.749899864196777,8313,0.0,0.0,0.0,ADBG,5m
2026-03-19 10:55:00-04:00,4.75,4.769899845123291,4.744999885559082,4.764999866485596,24673,0.0,0.0,0.0,ADBG,5m
2026-03-19 11:00:00-04:00,4.760000228881836,4.789999961853027,4.760000228881836,4.789999961853027,67094,0.0,0.0,0.0,ADBG,5m
2026-03-19 11:05:00-04:00,4.795000076293945,4.800000190734863,4.784999847412109,4.789999961853027,30523,0.0,0.0,0.0,ADBG,5m
2026-03-19 11:10:00-04:00,4.799600124359131,4.799900054931641,4.760300159454346,4.788300037384033,67958,0.0,0.0,0.0,ADBG,5m
2026-03-19 11:15:00-04:00,4.784999847412109,4.79010009765625,4.744999885559082,4.744999885559082,10977,0.0,0.0,0.0,ADBG,5m
2026-03-19 11:20:00-04:00,4.75,4.769999980926514,4.75,4.764999866485596,1086610,0.0,0.0,0.0,ADBG,5m
2026-03-19 11:25:00-04:00,4.755000114440918,4.769999980926514,4.755000114440918,4.769999980926514,0,0.0,0.0,0.0,ADBG,5m
2026-03-19 11:30:00-04:00,4.771999835968018,4.771999835968018,4.755000114440918,4.760000228881836,39677,0.0,0.0,0.0,ADBG,5m
2026-03-19 11:35:00-04:00,4.760000228881836,4.760000228881836,4.744999885559082,4.744999885559082,31998,0.0,0.0,0.0,ADBG,5m
2026-03-19 11:40:00-04:00,4.749899864196777,4.749899864196777,4.739999771118164,4.739999771118164,274,0.0,0.0,0.0,ADBG,5m
2026-03-19 11:45:00-04:00,4.739999771118164,4.744999885559082,4.7399001121521,4.744999885559082,9330,0.0,0.0,0.0,ADBG,5m
2026-03-19 11:50:00-04:00,4.75,4.750100135803223,4.739999771118164,4.739999771118164,15185,0.0,0.0,0.0,ADBG,5m
2026-03-19 11:55:00-04:00,4.744999885559082,4.769999980926514,4.744999885559082,4.769999980926514,5683,0.0,0.0,0.0,ADBG,5m
2026-03-19 12:00:00-04:00,4.769899845123291,4.769899845123291,4.755000114440918,4.7571001052856445,1120218,0.0,0.0,0.0,ADBG,5m
2026-03-19 12:05:00-04:00,4.744999885559082,4.759200096130371,4.730000019073486,4.730000019073486,0,0.0,0.0,0.0,ADBG,5m
2026-03-19 12:10:00-04:00,4.71999979019165,4.71999979019165,4.701000213623047,4.708000183105469,56674,0.0,0.0,0.0,ADBG,5m
2026-03-19 12:15:00-04:00,4.715000152587891,4.730000019073486,4.699999809265137,4.730000019073486,48089,0.0,0.0,0.0,ADBG,5m
2026-03-19 12:20:00-04:00,4.735000133514404,4.75,4.735000133514404,4.75,7141,0.0,0.0,0.0,ADBG,5m
2026-03-19 12:25:00-04:00,4.744999885559082,4.764999866485596,4.744999885559082,4.75,1883,0.0,0.0,0.0,ADBG,5m
2026-03-19 12:30:00-04:00,4.760000228881836,4.760000228881836,4.730000019073486,4.730000019073486,30784,0.0,0.0,0.0,ADBG,5m
2026-03-19 12:35:00-04:00,4.715000152587891,4.71999979019165,4.715000152587891,4.719900131225586,6134,0.0,0.0,0.0,ADBG,5m
2026-03-19 12:40:00-04:00,4.730000019073486,4.730000019073486,4.7144999504089355,4.730000019073486,8229,0.0,0.0,0.0,ADBG,5m
2026-03-19 12:45:00-04:00,4.724999904632568,4.738800048828125,4.724999904632568,4.730000019073486,19586,0.0,0.0,0.0,ADBG,5m
2026-03-19 12:50:00-04:00,4.730299949645996,4.736700057983398,4.710000038146973,4.710000038146973,20211,0.0,0.0,0.0,ADBG,5m
2026-03-19 12:55:00-04:00,4.710100173950195,4.71999979019165,4.700099945068359,4.71999979019165,9329,0.0,0.0,0.0,ADBG,5m
2026-03-19 13:00:00-04:00,4.71999979019165,4.72130012512207,4.715000152587891,4.71999979019165,7572,0.0,0.0,0.0,ADBG,5m
2026-03-19 13:05:00-04:00,4.718999862670898,4.72130012512207,4.715000152587891,4.71999979019165,28871,0.0,0.0,0.0,ADBG,5m
2026-03-19 13:10:00-04:00,4.71999979019165,4.732100009918213,4.71999979019165,4.724999904632568,1335241,0.0,0.0,0.0,ADBG,5m
2026-03-19 13:15:00-04:00,4.72130012512207,4.730100154876709,4.718500137329102,4.730000019073486,0,0.0,0.0,0.0,ADBG,5m
2026-03-19 13:20:00-04:00,4.735000133514404,4.735000133514404,4.710000038146973,4.711999893188477,39449,0.0,0.0,0.0,ADBG,5m
2026-03-19 13:25:00-04:00,4.710100173950195,4.710100173950195,4.699999809265137,4.704999923706055,1368579,0.0,0.0,0.0,ADBG,5m
2026-03-19 13:30:00-04:00,4.706600189208984,4.715000152587891,4.699999809265137,4.710000038146973,0,0.0,0.0,0.0,ADBG,5m
2026-03-19 13:35:00-04:00,4.704999923706055,4.710000038146973,4.704999923706055,4.708899974822998,874,0.0,0.0,0.0,ADBG,5m
2026-03-19 13:40:00-04:00,4.701300144195557,4.701300144195557,4.695000171661377,4.699900150299072,25291,0.0,0.0,0.0,ADBG,5m
2026-03-19 13:45:00-04:00,4.699999809265137,4.704999923706055,4.698699951171875,4.698699951171875,24689,0.0,0.0,0.0,ADBG,5m
2026-03-19 13:50:00-04:00,4.704999923706055,4.704999923706055,4.699999809265137,4.699999809265137,6912,0.0,0.0,0.0,ADBG,5m
2026-03-19 13:55:00-04:00,4.691400051116943,4.691400051116943,4.679999828338623,4.688499927520752,6666,0.0,0.0,0.0,ADBG,5m
2026-03-19 14:00:00-04:00,4.684999942779541,4.699999809265137,4.684999942779541,4.688899993896484,663,0.0,0.0,0.0,ADBG,5m
2026-03-19 14:05:00-04:00,4.689499855041504,4.695000171661377,4.684999942779541,4.695000171661377,1391156,0.0,0.0,0.0,ADBG,5m
2026-03-19 14:10:00-04:00,4.695000171661377,4.69980001449585,4.679999828338623,4.695000171661377,0,0.0,0.0,0.0,ADBG,5m
2026-03-19 14:15:00-04:00,4.690000057220459,4.690000057220459,4.681000232696533,4.689300060272217,28099,0.0,0.0,0.0,ADBG,5m
2026-03-19 14:20:00-04:00,4.689899921417236,4.689899921417236,4.675000190734863,4.689199924468994,223,0.0,0.0,0.0,ADBG,5m
2026-03-19 14:25:00-04:00,4.689899921417236,4.699100017547607,4.675000190734863,4.675000190734863,9657,0.0,0.0,0.0,ADBG,5m
2026-03-19 14:30:00-04:00,4.679999828338623,4.690000057220459,4.670599937438965,4.689899921417236,41676,0.0,0.0,0.0,ADBG,5m
2026-03-19 14:35:00-04:00,4.691100120544434,4.699900150299072,4.675000190734863,4.689899921417236,1454248,0.0,0.0,0.0,ADBG,5m
2026-03-19 14:40:00-04:00,4.684999942779541,4.690199851989746,4.684999942779541,4.690100193023682,0,0.0,0.0,0.0,ADBG,5m
2026-03-19 14:45:00-04:00,4.689899921417236,4.69980001449585,4.679999828338623,4.69980001449585,22017,0.0,0.0,0.0,ADBG,5m
2026-03-19 14:50:00-04:00,4.699900150299072,4.709000110626221,4.699900150299072,4.699999809265137,23436,0.0,0.0,0.0,ADBG,5m
2026-03-19 14:55:00-04:00,4.704999923706055,4.724999904632568,4.704999923706055,4.721199989318848,1483670,0.0,0.0,0.0,ADBG,5m
2026-03-19 15:00:00-04:00,4.715000152587891,4.739999771118164,4.711100101470947,4.739999771118164,0,0.0,0.0,0.0,ADBG,5m
2026-03-19 15:05:00-04:00,4.759900093078613,4.789899826049805,4.7530999183654785,4.764999866485596,52280,0.0,0.0,0.0,ADBG,5m
2026-03-19 15:10:00-04:00,4.743000030517578,4.775000095367432,4.743000030517578,4.775000095367432,11997,0.0,0.0,0.0,ADBG,5m
2026-03-19 15:15:00-04:00,4.775000095367432,4.78000020980835,4.764999866485596,4.764999866485596,49678,0.0,0.0,0.0,ADBG,5m
2026-03-19 15:20:00-04:00,4.770100116729736,4.778900146484375,4.760000228881836,4.769999980926514,34593,0.0,0.0,0.0,ADBG,5m
2026-03-19 15:25:00-04:00,4.760000228881836,4.760000228881836,4.75,4.755000114440918,1463,0.0,0.0,0.0,ADBG,5m
2026-03-19 15:30:00-04:00,4.769999980926514,4.775000095367432,4.760000228881836,4.764999866485596,1539598,0.0,0.0,0.0,ADBG,5m
2026-03-19 15:35:00-04:00,4.760000228881836,4.760000228881836,4.739999771118164,4.75,0,0.0,0.0,0.0,ADBG,5m
2026-03-19 15:40:00-04:00,4.755000114440918,4.759900093078613,4.75,4.755499839782715,1982,0.0,0.0,0.0,ADBG,5m
2026-03-19 15:45:00-04:00,4.744999885559082,4.755000114440918,4.744999885559082,4.75029993057251,13031,0.0,0.0,0.0,ADBG,5m
2026-03-19 15:50:00-04:00,4.744999885559082,4.755499839782715,4.730000019073486,4.744999885559082,29862,0.0,0.0,0.0,ADBG,5m
2026-03-19 15:55:00-04:00,4.744999885559082,4.744999885559082,4.730000019073486,4.735000133514404,31346,0.0,0.0,0.0,ADBG,5m
2026-03-20 09:30:00-04:00,4.610000133514404,4.619999885559082,4.550000190734863,4.592100143432617,265758,0.0,0.0,0.0,ADBG,5m
2026-03-20 09:35:00-04:00,4.59499979019165,4.635000228881836,4.590000152587891,4.610000133514404,59849,0.0,0.0,0.0,ADBG,5m
2026-03-20 09:40:00-04:00,4.610000133514404,4.610000133514404,4.590099811553955,4.605000019073486,41640,0.0,0.0,0.0,ADBG,5m
2026-03-20 09:45:00-04:00,4.599999904632568,4.625,4.590099811553955,4.610000133514404,40027,0.0,0.0,0.0,ADBG,5m
2026-03-20 09:50:00-04:00,4.625,4.650000095367432,4.605000019073486,4.649899959564209,72234,0.0,0.0,0.0,ADBG,5m
2026-03-20 09:55:00-04:00,4.650000095367432,4.650100231170654,4.632900238037109,4.64139986038208,32022,0.0,0.0,0.0,ADBG,5m
2026-03-20 10:00:00-04:00,4.64139986038208,4.684999942779541,4.64139986038208,4.675000190734863,164403,0.0,0.0,0.0,ADBG,5m
2026-03-20 10:05:00-04:00,4.690000057220459,4.710000038146973,4.689300060272217,4.710000038146973,44375,0.0,0.0,0.0,ADBG,5m
2026-03-20 10:10:00-04:00,4.71999979019165,4.736400127410889,4.710000038146973,4.736400127410889,64883,0.0,0.0,0.0,ADBG,5m
2026-03-20 10:15:00-04:00,4.730299949645996,4.769999980926514,4.730199813842773,4.769999980926514,127162,0.0,0.0,0.0,ADBG,5m
2026-03-20 10:20:00-04:00,4.775000095367432,4.795000076293945,4.760000228881836,4.795000076293945,75857,0.0,0.0,0.0,ADBG,5m
2026-03-20 10:25:00-04:00,4.789999961853027,4.804999828338623,4.780099868774414,4.800000190734863,66096,0.0,0.0,0.0,ADBG,5m
2026-03-20 10:30:00-04:00,4.804999828338623,4.804999828338623,4.769999980926514,4.791500091552734,29843,0.0,0.0,0.0,ADBG,5m
2026-03-20 10:35:00-04:00,4.78000020980835,4.798099994659424,4.770100116729736,4.791500091552734,15497,0.0,0.0,0.0,ADBG,5m
2026-03-20 10:40:00-04:00,4.789999961853027,4.809999942779541,4.78000020980835,4.78000020980835,85014,0.0,0.0,0.0,ADBG,5m
2026-03-20 10:45:00-04:00,4.809999942779541,4.815000057220459,4.809999942779541,4.809999942779541,20492,0.0,0.0,0.0,ADBG,5m
2026-03-20 10:50:00-04:00,4.809999942779541,4.827400207519531,4.804999828338623,4.804999828338623,25219,0.0,0.0,0.0,ADBG,5m
2026-03-20 10:55:00-04:00,4.809999942779541,4.835000038146973,4.804999828338623,4.815000057220459,24503,0.0,0.0,0.0,ADBG,5m
2026-03-20 11:00:00-04:00,4.810100078582764,4.824999809265137,4.809999942779541,4.819900035858154,40251,0.0,0.0,0.0,ADBG,5m
2026-03-20 11:05:00-04:00,4.824999809265137,4.829999923706055,4.78000020980835,4.78000020980835,24176,0.0,0.0,0.0,ADBG,5m
2026-03-20 11:10:00-04:00,4.784999847412109,4.784999847412109,4.769999980926514,4.784999847412109,19387,0.0,0.0,0.0,ADBG,5m
2026-03-20 11:15:00-04:00,4.792200088500977,4.796800136566162,4.784999847412109,4.795000076293945,46393,0.0,0.0,0.0,ADBG,5m
2026-03-20 11:20:00-04:00,4.800000190734863,4.800000190734863,4.755000114440918,4.769999980926514,36949,0.0,0.0,0.0,ADBG,5m
2026-03-20 11:25:00-04:00,4.769999980926514,4.769999980926514,4.755000114440918,4.760000228881836,14094,0.0,0.0,0.0,ADBG,5m
2026-03-20 11:30:00-04:00,4.760000228881836,4.760000228881836,4.748700141906738,4.751500129699707,31459,0.0,0.0,0.0,ADBG,5m
2026-03-20 11:35:00-04:00,4.755000114440918,4.760000228881836,4.744999885559082,4.744999885559082,9455,0.0,0.0,0.0,ADBG,5m
2026-03-20 11:40:00-04:00,4.744999885559082,4.764999866485596,4.739999771118164,4.764999866485596,31878,0.0,0.0,0.0,ADBG,5m
2026-03-20 11:45:00-04:00,4.764999866485596,4.770100116729736,4.760000228881836,4.761000156402588,3625,0.0,0.0,0.0,ADBG,5m
2026-03-20 11:50:00-04:00,4.75029993057251,4.764999866485596,4.744999885559082,4.758600234985352,13377,0.0,0.0,0.0,ADBG,5m
2026-03-20 11:55:00-04:00,4.764999866485596,4.764999866485596,4.750999927520752,4.750999927520752,16451,0.0,0.0,0.0,ADBG,5m
2026-03-20 12:00:00-04:00,4.780300140380859,4.780300140380859,4.780300140380859,4.780300140380859,206,0.0,0.0,0.0,ADBG,5m
2026-03-20 12:05:00-04:00,4.778500080108643,4.784999847412109,4.770500183105469,4.770500183105469,3407,0.0,0.0,0.0,ADBG,5m
2026-03-20 12:10:00-04:00,4.784999847412109,4.795000076293945,4.784999847412109,4.795000076293945,18304,0.0,0.0,0.0,ADBG,5m
2026-03-20 12:15:00-04:00,4.78879976272583,4.790299892425537,4.784999847412109,4.789999961853027,8221,0.0,0.0,0.0,ADBG,5m
2026-03-20 12:20:00-04:00,4.800000190734863,4.804999828338623,4.795000076293945,4.795000076293945,15235,0.0,0.0,0.0,ADBG,5m
2026-03-20 12:25:00-04:00,4.795000076293945,4.795000076293945,4.784999847412109,4.789999961853027,7658,0.0,0.0,0.0,ADBG,5m
2026-03-20 12:30:00-04:00,4.789999961853027,4.800000190734863,4.78000020980835,4.789999961853027,44284,0.0,0.0,0.0,ADBG,5m
2026-03-20 12:35:00-04:00,4.789999961853027,4.789999961853027,4.784999847412109,4.784999847412109,13765,0.0,0.0,0.0,ADBG,5m
2026-03-20 12:40:00-04:00,4.784999847412109,4.784999847412109,4.775000095367432,4.775000095367432,78149,0.0,0.0,0.0,ADBG,5m
2026-03-20 12:45:00-04:00,4.769999980926514,4.775000095367432,4.764999866485596,4.767600059509277,58800,0.0,0.0,0.0,ADBG,5m
2026-03-20 12:50:00-04:00,4.78000020980835,4.784999847412109,4.770100116729736,4.78000020980835,0,0.0,0.0,0.0,ADBG,5m
2026-03-20 12:55:00-04:00,4.800000190734863,4.810200214385986,4.799900054931641,4.804999828338623,33206,0.0,0.0,0.0,ADBG,5m
2026-03-20 13:00:00-04:00,4.809999942779541,4.809999942779541,4.804999828338623,4.804999828338623,1434,0.0,0.0,0.0,ADBG,5m
2026-03-20 13:05:00-04:00,4.800000190734863,4.800000190734863,4.769999980926514,4.789999961853027,39758,0.0,0.0,0.0,ADBG,5m
2026-03-20 13:10:00-04:00,4.789999961853027,4.789999961853027,4.769899845123291,4.769899845123291,52598,0.0,0.0,0.0,ADBG,5m
2026-03-20 13:15:00-04:00,4.769999980926514,4.784999847412109,4.760000228881836,4.78000020980835,161379,0.0,0.0,0.0,ADBG,5m
2026-03-20 13:20:00-04:00,4.784999847412109,4.789999961853027,4.764999866485596,4.789999961853027,235054,0.0,0.0,0.0,ADBG,5m
2026-03-20 13:25:00-04:00,4.78000020980835,4.809899806976318,4.78000020980835,4.804999828338623,27669,0.0,0.0,0.0,ADBG,5m
2026-03-20 13:30:00-04:00,4.804999828338623,4.804999828338623,4.784999847412109,4.784999847412109,15982,0.0,0.0,0.0,ADBG,5m
2026-03-20 13:35:00-04:00,4.764999866485596,4.764999866485596,4.760000228881836,4.763199806213379,4600,0.0,0.0,0.0,ADBG,5m
2026-03-20 13:40:00-04:00,4.78000020980835,4.784999847412109,4.770199775695801,4.78000020980835,92800,0.0,0.0,0.0,ADBG,5m
2026-03-20 13:45:00-04:00,4.78000020980835,4.789999961853027,4.775000095367432,4.789999961853027,37822,0.0,0.0,0.0,ADBG,5m
2026-03-20 13:50:00-04:00,4.789999961853027,4.795000076293945,4.789999961853027,4.795000076293945,21646,0.0,0.0,0.0,ADBG,5m
2026-03-20 13:55:00-04:00,4.799799919128418,4.804999828338623,4.795000076293945,4.800000190734863,30788,0.0,0.0,0.0,ADBG,5m
2026-03-20 14:00:00-04:00,4.800000190734863,4.800099849700928,4.79010009765625,4.800000190734863,29242,0.0,0.0,0.0,ADBG,5m
2026-03-20 14:05:00-04:00,4.795000076293945,4.800000190734863,4.795000076293945,4.800000190734863,15200,0.0,0.0,0.0,ADBG,5m
2026-03-20 14:10:00-04:00,4.795000076293945,4.795000076293945,4.775000095367432,4.78000020980835,19681,0.0,0.0,0.0,ADBG,5m
2026-03-20 14:15:00-04:00,4.779900074005127,4.789899826049805,4.775000095367432,4.789899826049805,24227,0.0,0.0,0.0,ADBG,5m
2026-03-20 14:20:00-04:00,4.795000076293945,4.795000076293945,4.764999866485596,4.775000095367432,12717,0.0,0.0,0.0,ADBG,5m
2026-03-20 14:25:00-04:00,4.769999980926514,4.775000095367432,4.769899845123291,4.770100116729736,11333,0.0,0.0,0.0,ADBG,5m
2026-03-20 14:30:00-04:00,4.769999980926514,4.784999847412109,4.760000228881836,4.784999847412109,24180,0.0,0.0,0.0,ADBG,5m
2026-03-20 14:35:00-04:00,4.775000095367432,4.775000095367432,4.75,4.75,18098,0.0,0.0,0.0,ADBG,5m
2026-03-20 14:40:00-04:00,4.755000114440918,4.7600998878479,4.7540998458862305,4.755000114440918,40594,0.0,0.0,0.0,ADBG,5m
2026-03-20 14:45:00-04:00,4.775000095367432,4.78000020980835,4.770400047302246,4.78000020980835,67862,0.0,0.0,0.0,ADBG,5m
2026-03-20 14:50:00-04:00,4.784999847412109,4.784999847412109,4.770100116729736,4.78000020980835,37269,0.0,0.0,0.0,ADBG,5m
2026-03-20 14:55:00-04:00,4.769999980926514,4.78000020980835,4.769999980926514,4.78000020980835,5899,0.0,0.0,0.0,ADBG,5m
2026-03-20 15:00:00-04:00,4.784999847412109,4.800000190734863,4.784999847412109,4.792900085449219,2960,0.0,0.0,0.0,ADBG,5m
2026-03-20 15:05:00-04:00,4.793000221252441,4.806000232696533,4.79010009765625,4.800099849700928,29333,0.0,0.0,0.0,ADBG,5m
2026-03-20 15:10:00-04:00,4.795000076293945,4.804999828338623,4.79010009765625,4.795000076293945,58629,0.0,0.0,0.0,ADBG,5m
2026-03-20 15:15:00-04:00,4.793300151824951,4.829999923706055,4.791100025177002,4.829999923706055,41915,0.0,0.0,0.0,ADBG,5m
2026-03-20 15:20:00-04:00,4.824999809265137,4.84499979019165,4.824999809265137,4.824999809265137,36692,0.0,0.0,0.0,ADBG,5m
2026-03-20 15:25:00-04:00,4.824999809265137,4.829999923706055,4.820000171661377,4.824999809265137,14455,0.0,0.0,0.0,ADBG,5m
2026-03-20 15:30:00-04:00,4.835000038146973,4.835000038146973,4.810100078582764,4.810100078582764,8894,0.0,0.0,0.0,ADBG,5m
2026-03-20 15:35:00-04:00,4.800000190734863,4.800000190734863,4.775000095367432,4.78000020980835,2484,0.0,0.0,0.0,ADBG,5m
2026-03-20 15:40:00-04:00,4.78000020980835,4.7870001792907715,4.770100116729736,4.770100116729736,10129,0.0,0.0,0.0,ADBG,5m
2026-03-20 15:45:00-04:00,4.784999847412109,4.784999847412109,4.773200035095215,4.78000020980835,21630,0.0,0.0,0.0,ADBG,5m
2026-03-20 15:50:00-04:00,4.78000020980835,4.804999828338623,4.769999980926514,4.789999961853027,74541,0.0,0.0,0.0,ADBG,5m
2026-03-20 15:55:00-04:00,4.78000020980835,4.804999828338623,4.78000020980835,4.804999828338623,80111,0.0,0.0,0.0,ADBG,5m
2026-03-23 09:30:00-04:00,4.84499979019165,4.889999866485596,4.789999961853027,4.869999885559082,446057,0.0,0.0,0.0,ADBG,5m
2026-03-23 09:35:00-04:00,4.875,4.914999961853027,4.860000133514404,4.910200119018555,106116,0.0,0.0,0.0,ADBG,5m
2026-03-23 09:40:00-04:00,4.90500020980835,4.914999961853027,4.855000019073486,4.869999885559082,59207,0.0,0.0,0.0,ADBG,5m
2026-03-23 09:45:00-04:00,4.860000133514404,4.909900188446045,4.860000133514404,4.90500020980835,107210,0.0,0.0,0.0,ADBG,5m
2026-03-23 09:50:00-04:00,4.909999847412109,4.909999847412109,4.864999771118164,4.900000095367432,164065,0.0,0.0,0.0,ADBG,5m
2026-03-23 09:55:00-04:00,4.894999980926514,4.894999980926514,4.855000019073486,4.889999866485596,207476,0.0,0.0,0.0,ADBG,5m
2026-03-23 10:00:00-04:00,4.900000095367432,4.909999847412109,4.855000019073486,4.855000019073486,132527,0.0,0.0,0.0,ADBG,5m
2026-03-23 10:05:00-04:00,4.869999885559082,4.880000114440918,4.8520002365112305,4.855000019073486,29819,0.0,0.0,0.0,ADBG,5m
2026-03-23 10:10:00-04:00,4.870100021362305,4.900000095367432,4.869999885559082,4.900000095367432,80542,0.0,0.0,0.0,ADBG,5m
2026-03-23 10:15:00-04:00,4.90500020980835,4.925000190734863,4.894999980926514,4.909999847412109,107248,0.0,0.0,0.0,ADBG,5m
2026-03-23 10:20:00-04:00,4.914999961853027,4.920000076293945,4.909999847412109,4.920000076293945,17099,0.0,0.0,0.0,ADBG,5m
2026-03-23 10:25:00-04:00,4.909999847412109,4.909999847412109,4.84499979019165,4.855000019073486,49479,0.0,0.0,0.0,ADBG,5m
2026-03-23 10:30:00-04:00,4.855000019073486,4.869999885559082,4.840000152587891,4.864999771118164,46848,0.0,0.0,0.0,ADBG,5m
2026-03-23 10:35:00-04:00,4.864999771118164,4.869999885559082,4.855000019073486,4.860000133514404,36189,0.0,0.0,0.0,ADBG,5m
2026-03-23 10:40:00-04:00,4.860000133514404,4.864999771118164,4.855000019073486,4.855000019073486,20483,0.0,0.0,0.0,ADBG,5m
2026-03-23 10:45:00-04:00,4.864999771118164,4.864999771118164,4.862800121307373,4.862800121307373,2723,0.0,0.0,0.0,ADBG,5m
2026-03-23 10:50:00-04:00,4.864999771118164,4.875,4.849999904632568,4.855000019073486,10147,0.0,0.0,0.0,ADBG,5m
2026-03-23 10:55:00-04:00,4.860000133514404,4.860000133514404,4.84499979019165,4.84499979019165,4224,0.0,0.0,0.0,ADBG,5m
2026-03-23 11:00:00-04:00,4.835000038146973,4.859899997711182,4.835000038146973,4.859899997711182,27946,0.0,0.0,0.0,ADBG,5m
2026-03-23 11:05:00-04:00,4.849999904632568,4.849999904632568,4.849800109863281,4.849999904632568,4666,0.0,0.0,0.0,ADBG,5m
2026-03-23 11:10:00-04:00,4.868500232696533,4.868500232696533,4.855000019073486,4.855000019073486,43893,0.0,0.0,0.0,ADBG,5m
2026-03-23 11:15:00-04:00,4.855000019073486,4.855000019073486,4.829999923706055,4.829999923706055,70652,0.0,0.0,0.0,ADBG,5m
2026-03-23 11:20:00-04:00,4.824999809265137,4.869999885559082,4.820000171661377,4.869999885559082,68450,0.0,0.0,0.0,ADBG,5m
2026-03-23 11:25:00-04:00,4.860000133514404,4.860000133514404,4.840000152587891,4.840000152587891,24327,0.0,0.0,0.0,ADBG,5m
2026-03-23 11:30:00-04:00,4.84499979019165,4.849999904632568,4.829999923706055,4.849999904632568,11619,0.0,0.0,0.0,ADBG,5m
2026-03-23 11:35:00-04:00,4.840000152587891,4.840099811553955,4.824999809265137,4.824999809265137,11088,0.0,0.0,0.0,ADBG,5m
2026-03-23 11:40:00-04:00,4.820000171661377,4.824999809265137,4.799799919128418,4.801300048828125,37247,0.0,0.0,0.0,ADBG,5m
2026-03-23 11:45:00-04:00,4.784999847412109,4.789999961853027,4.769999980926514,4.784999847412109,16087,0.0,0.0,0.0,ADBG,5m
2026-03-23 11:50:00-04:00,4.784999847412109,4.788599967956543,4.775000095367432,4.786600112915039,20870,0.0,0.0,0.0,ADBG,5m
2026-03-23 11:55:00-04:00,4.739999771118164,4.7600998878479,4.733099937438965,4.760000228881836,24206,0.0,0.0,0.0,ADBG,5m
2026-03-23 12:00:00-04:00,4.769999980926514,4.796500205993652,4.769999980926514,4.796500205993652,23349,0.0,0.0,0.0,ADBG,5m
2026-03-23 12:05:00-04:00,4.791100025177002,4.810100078582764,4.791100025177002,4.804999828338623,27319,0.0,0.0,0.0,ADBG,5m
2026-03-23 12:10:00-04:00,4.809999942779541,4.809999942779541,4.795000076293945,4.795000076293945,1178,0.0,0.0,0.0,ADBG,5m
2026-03-23 12:15:00-04:00,4.795000076293945,4.804999828338623,4.784999847412109,4.804999828338623,11053,0.0,0.0,0.0,ADBG,5m
2026-03-23 12:20:00-04:00,4.804999828338623,4.815100193023682,4.797399997711182,4.800099849700928,12897,0.0,0.0,0.0,ADBG,5m
2026-03-23 12:25:00-04:00,4.804999828338623,4.810100078582764,4.795000076293945,4.800000190734863,16108,0.0,0.0,0.0,ADBG,5m
2026-03-23 12:30:00-04:00,4.800000190734863,4.800000190734863,4.789999961853027,4.796899795532227,14988,0.0,0.0,0.0,ADBG,5m
2026-03-23 12:35:00-04:00,4.795000076293945,4.795000076293945,4.775000095367432,4.78000020980835,50821,0.0,0.0,0.0,ADBG,5m
2026-03-23 12:40:00-04:00,4.789999961853027,4.789999961853027,4.784999847412109,4.789999961853027,10265,0.0,0.0,0.0,ADBG,5m
2026-03-23 12:45:00-04:00,4.800000190734863,4.808899879455566,4.789999961853027,4.789999961853027,2324,0.0,0.0,0.0,ADBG,5m
2026-03-23 12:50:00-04:00,4.795000076293945,4.795000076293945,4.775000095367432,4.775000095367432,6899,0.0,0.0,0.0,ADBG,5m
2026-03-23 12:55:00-04:00,4.779799938201904,4.78000020980835,4.770100116729736,4.78000020980835,11961,0.0,0.0,0.0,ADBG,5m
2026-03-23 13:00:00-04:00,4.78000020980835,4.789999961853027,4.757999897003174,4.757999897003174,10938,0.0,0.0,0.0,ADBG,5m
2026-03-23 13:05:00-04:00,4.760000228881836,4.760000228881836,4.740200042724609,4.759699821472168,91629,0.0,0.0,0.0,ADBG,5m
2026-03-23 13:10:00-04:00,4.7519001960754395,4.769899845123291,4.750100135803223,4.760000228881836,81012,0.0,0.0,0.0,ADBG,5m
2026-03-23 13:15:00-04:00,4.75,4.764999866485596,4.75,4.764999866485596,3664,0.0,0.0,0.0,ADBG,5m
2026-03-23 13:20:00-04:00,4.759300231933594,4.759300231933594,4.74399995803833,4.744999885559082,7308,0.0,0.0,0.0,ADBG,5m
2026-03-23 13:25:00-04:00,4.75,4.769999980926514,4.744999885559082,4.764999866485596,21840,0.0,0.0,0.0,ADBG,5m
2026-03-23 13:30:00-04:00,4.769999980926514,4.789999961853027,4.769999980926514,4.789999961853027,28065,0.0,0.0,0.0,ADBG,5m
2026-03-23 13:35:00-04:00,4.804999828338623,4.811399936676025,4.78980016708374,4.800000190734863,20039,0.0,0.0,0.0,ADBG,5m
2026-03-23 13:40:00-04:00,4.809599876403809,4.809599876403809,4.795000076293945,4.806399822235107,14013,0.0,0.0,0.0,ADBG,5m
2026-03-23 13:45:00-04:00,4.820099830627441,4.829999923706055,4.815000057220459,4.824999809265137,5148,0.0,0.0,0.0,ADBG,5m
2026-03-23 13:50:00-04:00,4.820000171661377,4.820000171661377,4.815000057220459,4.820000171661377,33611,0.0,0.0,0.0,ADBG,5m
2026-03-23 13:55:00-04:00,4.815000057220459,4.815000057220459,4.809999942779541,4.809999942779541,8205,0.0,0.0,0.0,ADBG,5m
2026-03-23 14:00:00-04:00,4.820000171661377,4.820000171661377,4.815000057220459,4.820000171661377,46603,0.0,0.0,0.0,ADBG,5m
2026-03-23 14:05:00-04:00,4.820000171661377,4.820000171661377,4.795000076293945,4.815000057220459,19686,0.0,0.0,0.0,ADBG,5m
2026-03-23 14:10:00-04:00,4.820099830627441,4.820099830627441,4.815000057220459,4.820000171661377,24404,0.0,0.0,0.0,ADBG,5m
2026-03-23 14:15:00-04:00,4.820000171661377,4.838399887084961,4.820000171661377,4.838399887084961,35066,0.0,0.0,0.0,ADBG,5m
2026-03-23 14:20:00-04:00,4.830100059509277,4.830100059509277,4.830100059509277,4.830100059509277,3352,0.0,0.0,0.0,ADBG,5m
2026-03-23 14:25:00-04:00,4.835000038146973,4.835000038146973,4.829999923706055,4.829999923706055,6864,0.0,0.0,0.0,ADBG,5m
2026-03-23 14:30:00-04:00,4.824999809265137,4.849999904632568,4.824999809265137,4.84499979019165,37396,0.0,0.0,0.0,ADBG,5m
2026-03-23 14:35:00-04:00,4.84499979019165,4.849999904632568,4.84499979019165,4.849999904632568,2325,0.0,0.0,0.0,ADBG,5m
2026-03-23 14:40:00-04:00,4.84499979019165,4.849899768829346,4.831600189208984,4.84499979019165,11361,0.0,0.0,0.0,ADBG,5m
2026-03-23 14:45:00-04:00,4.840000152587891,4.845099925994873,4.835000038146973,4.840000152587891,15135,0.0,0.0,0.0,ADBG,5m
2026-03-23 14:50:00-04:00,4.840000152587891,4.840000152587891,4.840000152587891,4.840000152587891,16674,0.0,0.0,0.0,ADBG,5m
2026-03-23 14:55:00-04:00,4.835000038146973,4.835000038146973,4.835000038146973,4.835000038146973,507,0.0,0.0,0.0,ADBG,5m
2026-03-23 15:00:00-04:00,4.824999809265137,4.829999923706055,4.824999809265137,4.824999809265137,5848,0.0,0.0,0.0,ADBG,5m
2026-03-23 15:10:00-04:00,4.820000171661377,4.820000171661377,4.809999942779541,4.815000057220459,32061,0.0,0.0,0.0,ADBG,5m
2026-03-23 15:15:00-04:00,4.820099830627441,4.820099830627441,4.815000057220459,4.815000057220459,10369,0.0,0.0,0.0,ADBG,5m
2026-03-23 15:20:00-04:00,4.804999828338623,4.804999828338623,4.79010009765625,4.795000076293945,2951,0.0,0.0,0.0,ADBG,5m
2026-03-23 15:25:00-04:00,4.807600021362305,4.807600021362305,4.807600021362305,4.807600021362305,1363,0.0,0.0,0.0,ADBG,5m
2026-03-23 15:30:00-04:00,4.784999847412109,4.789999961853027,4.784999847412109,4.789999961853027,239,0.0,0.0,0.0,ADBG,5m
2026-03-23 15:35:00-04:00,4.795000076293945,4.800000190734863,4.795000076293945,4.800000190734863,21883,0.0,0.0,0.0,ADBG,5m
2026-03-23 15:40:00-04:00,4.800000190734863,4.800000190734863,4.800000190734863,4.800000190734863,340,0.0,0.0,0.0,ADBG,5m
2026-03-23 15:45:00-04:00,4.800000190734863,4.809899806976318,4.800000190734863,4.809899806976318,5124,0.0,0.0,0.0,ADBG,5m
2026-03-23 15:50:00-04:00,4.800000190734863,4.800000190734863,4.789299964904785,4.789299964904785,29004,0.0,0.0,0.0,ADBG,5m
2026-03-23 15:55:00-04:00,4.789999961853027,4.795000076293945,4.784999847412109,4.7870001792907715,84609,0.0,0.0,0.0,ADBG,5m
2026-03-24 09:30:00-04:00,4.71999979019165,4.730000019073486,4.616600036621094,4.616600036621094,215440,0.0,0.0,0.0,ADBG,5m
2026-03-24 09:35:00-04:00,4.619999885559082,4.619999885559082,4.449999809265137,4.449999809265137,136563,0.0,0.0,0.0,ADBG,5m
2026-03-24 09:40:00-04:00,4.454999923706055,4.519999980926514,4.450099945068359,4.519999980926514,133050,0.0,0.0,0.0,ADBG,5m
2026-03-24 09:45:00-04:00,4.520100116729736,4.569900035858154,4.519999980926514,4.539999961853027,94657,0.0,0.0,0.0,ADBG,5m
2026-03-24 09:50:00-04:00,4.539999961853027,4.539999961853027,4.500500202178955,4.519999980926514,125469,0.0,0.0,0.0,ADBG,5m
2026-03-24 09:55:00-04:00,4.520100116729736,4.539999961853027,4.5,4.505000114440918,81872,0.0,0.0,0.0,ADBG,5m
2026-03-24 10:00:00-04:00,4.514999866485596,4.514999866485596,4.449999809265137,4.489999771118164,74242,0.0,0.0,0.0,ADBG,5m
2026-03-24 10:05:00-04:00,4.489999771118164,4.494999885559082,4.440000057220459,4.494999885559082,99793,0.0,0.0,0.0,ADBG,5m
2026-03-24 10:10:00-04:00,4.489999771118164,4.494999885559082,4.449999809265137,4.485000133514404,84386,0.0,0.0,0.0,ADBG,5m
2026-03-24 10:15:00-04:00,4.480000019073486,4.510000228881836,4.46999979019165,4.505000114440918,52126,0.0,0.0,0.0,ADBG,5m
2026-03-24 10:20:00-04:00,4.5,4.5,4.474999904632568,4.474999904632568,48632,0.0,0.0,0.0,ADBG,5m
2026-03-24 10:25:00-04:00,4.474999904632568,4.489999771118164,4.46999979019165,4.489999771118164,17534,0.0,0.0,0.0,ADBG,5m
2026-03-24 10:30:00-04:00,4.474999904632568,4.479899883270264,4.454999923706055,4.46999979019165,31818,0.0,0.0,0.0,ADBG,5m
2026-03-24 10:35:00-04:00,4.470699787139893,4.470699787139893,4.449999809265137,4.458899974822998,76370,0.0,0.0,0.0,ADBG,5m
2026-03-24 10:40:00-04:00,4.45989990234375,4.489099979400635,4.45989990234375,4.46999979019165,17954,0.0,0.0,0.0,ADBG,5m
2026-03-24 10:45:00-04:00,4.480000019073486,4.494999885559082,4.471199989318848,4.480000019073486,50719,0.0,0.0,0.0,ADBG,5m
2026-03-24 10:50:00-04:00,4.460000038146973,4.505000114440918,4.449999809265137,4.4899001121521,44676,0.0,0.0,0.0,ADBG,5m
2026-03-24 10:55:00-04:00,4.485000133514404,4.505000114440918,4.440000057220459,4.445000171661377,50411,0.0,0.0,0.0,ADBG,5m
2026-03-24 11:00:00-04:00,4.449999809265137,4.465000152587891,4.449999809265137,4.449999809265137,23842,0.0,0.0,0.0,ADBG,5m
2026-03-24 11:05:00-04:00,4.445000171661377,4.454999923706055,4.434999942779541,4.434999942779541,53568,0.0,0.0,0.0,ADBG,5m
2026-03-24 11:10:00-04:00,4.439799785614014,4.454999923706055,4.429900169372559,4.454999923706055,30664,0.0,0.0,0.0,ADBG,5m
2026-03-24 11:15:00-04:00,4.450099945068359,4.469799995422363,4.450099945068359,4.465000152587891,10194,0.0,0.0,0.0,ADBG,5m
2026-03-24 11:20:00-04:00,4.460000038146973,4.465000152587891,4.454999923706055,4.465000152587891,28981,0.0,0.0,0.0,ADBG,5m
2026-03-24 11:25:00-04:00,4.460000038146973,4.465000152587891,4.454999923706055,4.454999923706055,15564,0.0,0.0,0.0,ADBG,5m
2026-03-24 11:30:00-04:00,4.454999923706055,4.454999923706055,4.429999828338623,4.454999923706055,12271,0.0,0.0,0.0,ADBG,5m
2026-03-24 11:35:00-04:00,4.454999923706055,4.45989990234375,4.439899921417236,4.439899921417236,27763,0.0,0.0,0.0,ADBG,5m
2026-03-24 11:40:00-04:00,4.440000057220459,4.448200225830078,4.428599834442139,4.4328999519348145,78223,0.0,0.0,0.0,ADBG,5m
2026-03-24 11:45:00-04:00,4.434999942779541,4.449900150299072,4.434999942779541,4.448200225830078,19487,0.0,0.0,0.0,ADBG,5m
2026-03-24 11:50:00-04:00,4.4492998123168945,4.465000152587891,4.4492998123168945,4.458899974822998,7907,0.0,0.0,0.0,ADBG,5m
2026-03-24 11:55:00-04:00,4.440000057220459,4.440000057220459,4.420000076293945,4.439300060272217,8376,0.0,0.0,0.0,ADBG,5m
2026-03-24 12:00:00-04:00,4.414999961853027,4.430099964141846,4.414999961853027,4.430099964141846,30739,0.0,0.0,0.0,ADBG,5m
2026-03-24 12:05:00-04:00,4.429999828338623,4.445000171661377,4.429999828338623,4.445000171661377,4080,0.0,0.0,0.0,ADBG,5m
2026-03-24 12:10:00-04:00,4.460000038146973,4.465000152587891,4.454999923706055,4.460000038146973,10044,0.0,0.0,0.0,ADBG,5m
2026-03-24 12:15:00-04:00,4.460000038146973,4.46999979019165,4.460000038146973,4.46999979019165,12120,0.0,0.0,0.0,ADBG,5m
2026-03-24 12:20:00-04:00,4.46999979019165,4.494999885559082,4.469900131225586,4.48960018157959,30185,0.0,0.0,0.0,ADBG,5m
2026-03-24 12:25:00-04:00,4.480000019073486,4.480000019073486,4.480000019073486,4.480000019073486,29440,0.0,0.0,0.0,ADBG,5m
2026-03-24 12:30:00-04:00,4.480100154876709,4.480100154876709,4.480100154876709,4.480100154876709,501,0.0,0.0,0.0,ADBG,5m
2026-03-24 12:35:00-04:00,4.480000019073486,4.480000019073486,4.454999923706055,4.454999923706055,32797,0.0,0.0,0.0,ADBG,5m
2026-03-24 12:40:00-04:00,4.449999809265137,4.459499835968018,4.449999809265137,4.452499866485596,1498,0.0,0.0,0.0,ADBG,5m
2026-03-24 12:45:00-04:00,4.460000038146973,4.465000152587891,4.449999809265137,4.449999809265137,4099,0.0,0.0,0.0,ADBG,5m
2026-03-24 12:50:00-04:00,4.449999809265137,4.46999979019165,4.449999809265137,4.459799766540527,31469,0.0,0.0,0.0,ADBG,5m
2026-03-24 12:55:00-04:00,4.454999923706055,4.45989990234375,4.449999809265137,4.458000183105469,9315,0.0,0.0,0.0,ADBG,5m
2026-03-24 13:00:00-04:00,4.460000038146973,4.460000038146973,4.400000095367432,4.400000095367432,39145,0.0,0.0,0.0,ADBG,5m
2026-03-24 13:05:00-04:00,4.40500020980835,4.414999961853027,4.400000095367432,4.409999847412109,48890,0.0,0.0,0.0,ADBG,5m
2026-03-24 13:10:00-04:00,4.410099983215332,4.420000076293945,4.409999847412109,4.420000076293945,11585,0.0,0.0,0.0,ADBG,5m
2026-03-24 13:15:00-04:00,4.414999961853027,4.414999961853027,4.4120001792907715,4.4120001792907715,3308,0.0,0.0,0.0,ADBG,5m
2026-03-24 13:20:00-04:00,4.4222002029418945,4.429999828338623,4.420000076293945,4.420000076293945,1750,0.0,0.0,0.0,ADBG,5m
2026-03-24 13:25:00-04:00,4.420000076293945,4.4369001388549805,4.420000076293945,4.434999942779541,40592,0.0,0.0,0.0,ADBG,5m
2026-03-24 13:30:00-04:00,4.454999923706055,4.465000152587891,4.449999809265137,4.465000152587891,31750,0.0,0.0,0.0,ADBG,5m
2026-03-24 13:35:00-04:00,4.45989990234375,4.465000152587891,4.454999923706055,4.465000152587891,1174,0.0,0.0,0.0,ADBG,5m
2026-03-24 13:40:00-04:00,4.449999809265137,4.454999923706055,4.449999809265137,4.454999923706055,1928,0.0,0.0,0.0,ADBG,5m
2026-03-24 13:45:00-04:00,4.449999809265137,4.45989990234375,4.440000057220459,4.440000057220459,1474,0.0,0.0,0.0,ADBG,5m
2026-03-24 13:50:00-04:00,4.4481000900268555,4.454999923706055,4.4481000900268555,4.449999809265137,5382,0.0,0.0,0.0,ADBG,5m
2026-03-24 13:55:00-04:00,4.449999809265137,4.449999809265137,4.440000057220459,4.440000057220459,8678,0.0,0.0,0.0,ADBG,5m
2026-03-24 14:00:00-04:00,4.449999809265137,4.450099945068359,4.445000171661377,4.449999809265137,5195,0.0,0.0,0.0,ADBG,5m
2026-03-24 14:05:00-04:00,4.445000171661377,4.445000171661377,4.445000171661377,4.445000171661377,101,0.0,0.0,0.0,ADBG,5m
2026-03-24 14:10:00-04:00,4.439899921417236,4.454999923706055,4.439899921417236,4.454999923706055,7898,0.0,0.0,0.0,ADBG,5m
2026-03-24 14:15:00-04:00,4.445000171661377,4.454999923706055,4.442800045013428,4.449999809265137,27968,0.0,0.0,0.0,ADBG,5m
2026-03-24 14:20:00-04:00,4.454999923706055,4.454999923706055,4.439899921417236,4.440000057220459,35205,0.0,0.0,0.0,ADBG,5m
2026-03-24 14:25:00-04:00,4.439000129699707,4.439000129699707,4.425000190734863,4.429900169372559,1977,0.0,0.0,0.0,ADBG,5m
2026-03-24 14:30:00-04:00,4.449999809265137,4.480000019073486,4.449999809265137,4.480000019073486,11952,0.0,0.0,0.0,ADBG,5m
2026-03-24 14:35:00-04:00,4.46999979019165,4.485000133514404,4.46999979019165,4.485000133514404,2481,0.0,0.0,0.0,ADBG,5m
2026-03-24 14:40:00-04:00,4.474999904632568,4.480000019073486,4.465000152587891,4.480000019073486,2157,0.0,0.0,0.0,ADBG,5m
2026-03-24 14:45:00-04:00,4.480000019073486,4.480000019073486,4.46999979019165,4.46999979019165,4275,0.0,0.0,0.0,ADBG,5m
2026-03-24 14:50:00-04:00,4.46999979019165,4.46999979019165,4.469799995422363,4.469799995422363,3790,0.0,0.0,0.0,ADBG,5m
2026-03-24 14:55:00-04:00,4.465000152587891,4.478000164031982,4.465000152587891,4.478000164031982,11662,0.0,0.0,0.0,ADBG,5m
2026-03-24 15:00:00-04:00,4.474999904632568,4.485000133514404,4.474999904632568,4.485000133514404,1251,0.0,0.0,0.0,ADBG,5m
2026-03-24 15:05:00-04:00,4.4899001121521,4.4899001121521,4.474999904632568,4.474999904632568,2384,0.0,0.0,0.0,ADBG,5m
2026-03-24 15:10:00-04:00,4.465000152587891,4.465000152587891,4.44980001449585,4.454999923706055,2941,0.0,0.0,0.0,ADBG,5m
2026-03-24 15:15:00-04:00,4.46999979019165,4.480000019073486,4.46999979019165,4.474999904632568,2444,0.0,0.0,0.0,ADBG,5m
2026-03-24 15:20:00-04:00,4.474999904632568,4.485000133514404,4.460000038146973,4.4644999504089355,196294,0.0,0.0,0.0,ADBG,5m
2026-03-24 15:25:00-04:00,4.465000152587891,4.46999979019165,4.460100173950195,4.465000152587891,1477,0.0,0.0,0.0,ADBG,5m
2026-03-24 15:30:00-04:00,4.465000152587891,4.469799995422363,4.440000057220459,4.440000057220459,11572,0.0,0.0,0.0,ADBG,5m
2026-03-24 15:35:00-04:00,4.449999809265137,4.460000038146973,4.449999809265137,4.454999923706055,10597,0.0,0.0,0.0,ADBG,5m
2026-03-24 15:40:00-04:00,4.454999923706055,4.514999866485596,4.454999923706055,4.508999824523926,230582,0.0,0.0,0.0,ADBG,5m
2026-03-24 15:45:00-04:00,4.505000114440918,4.510000228881836,4.449999809265137,4.449999809265137,67058,0.0,0.0,0.0,ADBG,5m
2026-03-24 15:50:00-04:00,4.449999809265137,4.465000152587891,4.449999809265137,4.454999923706055,48967,0.0,0.0,0.0,ADBG,5m
2026-03-24 15:55:00-04:00,4.445000171661377,4.449999809265137,4.445000171661377,4.449999809265137,4113,0.0,0.0,0.0,ADBG,5m
2026-03-25 09:30:00-04:00,4.539999961853027,4.619999885559082,4.534999847412109,4.550000190734863,279387,0.0,0.0,0.0,ADBG,5m
2026-03-25 09:35:00-04:00,4.534999847412109,4.5381999015808105,4.489999771118164,4.5,79277,0.0,0.0,0.0,ADBG,5m
2026-03-25 09:40:00-04:00,4.502500057220459,4.509900093078613,4.460000038146973,4.460000038146973,84251,0.0,0.0,0.0,ADBG,5m
2026-03-25 09:45:00-04:00,4.46999979019165,4.474999904632568,4.454999923706055,4.458000183105469,58842,0.0,0.0,0.0,ADBG,5m
2026-03-25 09:50:00-04:00,4.460000038146973,4.460000038146973,4.399799823760986,4.40500020980835,60297,0.0,0.0,0.0,ADBG,5m
2026-03-25 09:55:00-04:00,4.400000095367432,4.414999961853027,4.389999866485596,4.4079999923706055,92515,0.0,0.0,0.0,ADBG,5m
2026-03-25 10:00:00-04:00,4.40500020980835,4.414999961853027,4.369999885559082,4.409999847412109,157013,0.0,0.0,0.0,ADBG,5m
2026-03-25 10:05:00-04:00,4.389999866485596,4.4182000160217285,4.380000114440918,4.4095001220703125,108067,0.0,0.0,0.0,ADBG,5m
2026-03-25 10:10:00-04:00,4.400000095367432,4.429500102996826,4.394999980926514,4.400000095367432,94156,0.0,0.0,0.0,ADBG,5m
2026-03-25 10:15:00-04:00,4.410299777984619,4.431399822235107,4.409999847412109,4.409999847412109,52432,0.0,0.0,0.0,ADBG,5m
2026-03-25 10:20:00-04:00,4.409999847412109,4.409999847412109,4.375,4.375,72249,0.0,0.0,0.0,ADBG,5m
2026-03-25 10:25:00-04:00,4.379899978637695,4.396999835968018,4.379899978637695,4.389900207519531,26684,0.0,0.0,0.0,ADBG,5m
2026-03-25 10:30:00-04:00,4.389999866485596,4.40500020980835,4.385000228881836,4.40500020980835,21968,0.0,0.0,0.0,ADBG,5m
2026-03-25 10:35:00-04:00,4.389999866485596,4.396599769592285,4.369999885559082,4.375,49993,0.0,0.0,0.0,ADBG,5m
2026-03-25 10:40:00-04:00,4.375,4.400000095367432,4.375,4.385000228881836,113763,0.0,0.0,0.0,ADBG,5m
2026-03-25 10:45:00-04:00,4.385000228881836,4.389999866485596,4.380199909210205,4.380199909210205,16856,0.0,0.0,0.0,ADBG,5m
2026-03-25 10:50:00-04:00,4.385000228881836,4.385000228881836,4.371799945831299,4.375,7871,0.0,0.0,0.0,ADBG,5m
2026-03-25 10:55:00-04:00,4.380000114440918,4.425000190734863,4.379899978637695,4.410299777984619,68333,0.0,0.0,0.0,ADBG,5m
2026-03-25 11:00:00-04:00,4.425000190734863,4.430099964141846,4.409999847412109,4.409999847412109,92406,0.0,0.0,0.0,ADBG,5m
2026-03-25 11:05:00-04:00,4.397600173950195,4.397600173950195,4.349999904632568,4.355000019073486,39256,0.0,0.0,0.0,ADBG,5m
2026-03-25 11:10:00-04:00,4.359799861907959,4.359799861907959,4.290299892425537,4.290299892425537,77883,0.0,0.0,0.0,ADBG,5m
2026-03-25 11:15:00-04:00,4.295000076293945,4.307000160217285,4.264999866485596,4.269999980926514,123544,0.0,0.0,0.0,ADBG,5m
2026-03-25 11:20:00-04:00,4.264999866485596,4.331500053405762,4.264999866485596,4.330699920654297,56785,0.0,0.0,0.0,ADBG,5m
2026-03-25 11:25:00-04:00,4.330100059509277,4.380000114440918,4.330100059509277,4.380000114440918,67995,0.0,0.0,0.0,ADBG,5m
2026-03-25 11:30:00-04:00,4.380000114440918,4.389999866485596,4.380000114440918,4.380099773406982,103179,0.0,0.0,0.0,ADBG,5m
2026-03-25 11:35:00-04:00,4.380000114440918,4.403500080108643,4.380000114440918,4.390100002288818,54069,0.0,0.0,0.0,ADBG,5m
2026-03-25 11:40:00-04:00,4.380000114440918,4.380000114440918,4.34499979019165,4.349999904632568,90799,0.0,0.0,0.0,ADBG,5m
2026-03-25 11:45:00-04:00,4.349999904632568,4.364999771118164,4.34060001373291,4.364999771118164,70583,0.0,0.0,0.0,ADBG,5m
2026-03-25 11:50:00-04:00,4.360000133514404,4.360000133514404,4.355000019073486,4.359399795532227,34221,0.0,0.0,0.0,ADBG,5m
2026-03-25 11:55:00-04:00,4.343299865722656,4.385900020599365,4.343299865722656,4.380300045013428,51644,0.0,0.0,0.0,ADBG,5m
2026-03-25 12:00:00-04:00,4.389900207519531,4.430300235748291,4.389900207519531,4.429999828338623,60668,0.0,0.0,0.0,ADBG,5m
2026-03-25 12:05:00-04:00,4.420599937438965,4.429800033569336,4.420000076293945,4.429800033569336,5139,0.0,0.0,0.0,ADBG,5m
2026-03-25 12:10:00-04:00,4.429999828338623,4.440000057220459,4.4207000732421875,4.425000190734863,10385,0.0,0.0,0.0,ADBG,5m
2026-03-25 12:15:00-04:00,4.429999828338623,4.434999942779541,4.425000190734863,4.434999942779541,54592,0.0,0.0,0.0,ADBG,5m
2026-03-25 12:20:00-04:00,4.440000057220459,4.445000171661377,4.434999942779541,4.434999942779541,3871,0.0,0.0,0.0,ADBG,5m
2026-03-25 12:25:00-04:00,4.440000057220459,4.440000057220459,4.434999942779541,4.440000057220459,27767,0.0,0.0,0.0,ADBG,5m
2026-03-25 12:30:00-04:00,4.438600063323975,4.450799942016602,4.434999942779541,4.445000171661377,37349,0.0,0.0,0.0,ADBG,5m
2026-03-25 12:35:00-04:00,4.460000038146973,4.460000038146973,4.449999809265137,4.454999923706055,7219,0.0,0.0,0.0,ADBG,5m
2026-03-25 12:40:00-04:00,4.445000171661377,4.4475998878479,4.440000057220459,4.440000057220459,5227,0.0,0.0,0.0,ADBG,5m
2026-03-25 12:45:00-04:00,4.449999809265137,4.449999809265137,4.429999828338623,4.429999828338623,12174,0.0,0.0,0.0,ADBG,5m
2026-03-25 12:50:00-04:00,4.425000190734863,4.438499927520752,4.425000190734863,4.438499927520752,12613,0.0,0.0,0.0,ADBG,5m
2026-03-25 12:55:00-04:00,4.445000171661377,4.445000171661377,4.430099964141846,4.434999942779541,7255,0.0,0.0,0.0,ADBG,5m
2026-03-25 13:00:00-04:00,4.429900169372559,4.431600093841553,4.40500020980835,4.409999847412109,55716,0.0,0.0,0.0,ADBG,5m
2026-03-25 13:05:00-04:00,4.414999961853027,4.420000076293945,4.414999961853027,4.420000076293945,3166,0.0,0.0,0.0,ADBG,5m
2026-03-25 13:10:00-04:00,4.410699844360352,4.434999942779541,4.410699844360352,4.434999942779541,26831,0.0,0.0,0.0,ADBG,5m
2026-03-25 13:20:00-04:00,4.418600082397461,4.425000190734863,4.418600082397461,4.420000076293945,3943,0.0,0.0,0.0,ADBG,5m
2026-03-25 13:25:00-04:00,4.429999828338623,4.430099964141846,4.429999828338623,4.430099964141846,583,0.0,0.0,0.0,ADBG,5m
2026-03-25 13:30:00-04:00,4.420000076293945,4.429999828338623,4.419899940490723,4.429999828338623,75097,0.0,0.0,0.0,ADBG,5m
2026-03-25 13:35:00-04:00,4.414999961853027,4.425000190734863,4.414999961853027,4.425000190734863,24376,0.0,0.0,0.0,ADBG,5m
2026-03-25 13:40:00-04:00,4.420100212097168,4.422999858856201,4.414999961853027,4.420000076293945,38667,0.0,0.0,0.0,ADBG,5m
2026-03-25 13:45:00-04:00,4.425000190734863,4.428699970245361,4.425000190734863,4.425000190734863,0,0.0,0.0,0.0,ADBG,5m
2026-03-25 13:50:00-04:00,4.425000190734863,4.425000190734863,4.400100231170654,4.400100231170654,47153,0.0,0.0,0.0,ADBG,5m
2026-03-25 13:55:00-04:00,4.400000095367432,4.420100212097168,4.400000095367432,4.420100212097168,22543,0.0,0.0,0.0,ADBG,5m
2026-03-25 14:00:00-04:00,4.414999961853027,4.414999961853027,4.400000095367432,4.40500020980835,19547,0.0,0.0,0.0,ADBG,5m
2026-03-25 14:05:00-04:00,4.410099983215332,4.414999961853027,4.40500020980835,4.40500020980835,11036,0.0,0.0,0.0,ADBG,5m
2026-03-25 14:10:00-04:00,4.414999961853027,4.420000076293945,4.414999961853027,4.420000076293945,146,0.0,0.0,0.0,ADBG,5m
2026-03-25 14:15:00-04:00,4.420100212097168,4.420100212097168,4.414999961853027,4.414999961853027,3272,0.0,0.0,0.0,ADBG,5m
2026-03-25 14:20:00-04:00,4.420000076293945,4.420000076293945,4.420000076293945,4.420000076293945,8718,0.0,0.0,0.0,ADBG,5m
2026-03-25 14:25:00-04:00,4.425000190734863,4.425000190734863,4.408699989318848,4.409999847412109,18469,0.0,0.0,0.0,ADBG,5m
2026-03-25 14:30:00-04:00,4.409900188446045,4.409900188446045,4.409900188446045,4.409900188446045,7621,0.0,0.0,0.0,ADBG,5m
2026-03-25 14:35:00-04:00,4.409999847412109,4.409999847412109,4.409999847412109,4.409999847412109,4432,0.0,0.0,0.0,ADBG,5m
2026-03-25 14:40:00-04:00,4.409999847412109,4.409999847412109,4.409999847412109,4.409999847412109,4038,0.0,0.0,0.0,ADBG,5m
2026-03-25 14:50:00-04:00,4.389999866485596,4.389999866485596,4.389999866485596,4.389999866485596,1295,0.0,0.0,0.0,ADBG,5m
2026-03-25 14:55:00-04:00,4.40500020980835,4.40500020980835,4.40500020980835,4.40500020980835,4459,0.0,0.0,0.0,ADBG,5m
2026-03-25 15:00:00-04:00,4.400000095367432,4.40500020980835,4.394999980926514,4.402900218963623,25607,0.0,0.0,0.0,ADBG,5m
2026-03-25 15:05:00-04:00,4.420000076293945,4.420000076293945,4.409900188446045,4.409900188446045,5632,0.0,0.0,0.0,ADBG,5m
2026-03-25 15:10:00-04:00,4.40500020980835,4.40500020980835,4.40500020980835,4.40500020980835,400,0.0,0.0,0.0,ADBG,5m
2026-03-25 15:15:00-04:00,4.40500020980835,4.40500020980835,4.400000095367432,4.400000095367432,1326,0.0,0.0,0.0,ADBG,5m
2026-03-25 15:20:00-04:00,4.409800052642822,4.409800052642822,4.40500020980835,4.40500020980835,6403,0.0,0.0,0.0,ADBG,5m
2026-03-25 15:25:00-04:00,4.400100231170654,4.414999961853027,4.400100231170654,4.414999961853027,302,0.0,0.0,0.0,ADBG,5m
2026-03-25 15:30:00-04:00,4.399099826812744,4.40500020980835,4.399099826812744,4.40500020980835,3966,0.0,0.0,0.0,ADBG,5m
2026-03-25 15:35:00-04:00,4.385000228881836,4.385000228881836,4.385000228881836,4.385000228881836,273,0.0,0.0,0.0,ADBG,5m
2026-03-25 15:40:00-04:00,4.380000114440918,4.380000114440918,4.380000114440918,4.380000114440918,128276,0.0,0.0,0.0,ADBG,5m
2026-03-25 15:45:00-04:00,4.378200054168701,4.380000114440918,4.364999771118164,4.380000114440918,7740,0.0,0.0,0.0,ADBG,5m
2026-03-25 15:50:00-04:00,4.385000228881836,4.385000228881836,4.369999885559082,4.385000228881836,15910,0.0,0.0,0.0,ADBG,5m
2026-03-25 15:55:00-04:00,4.389999866485596,4.400000095367432,4.385000228881836,4.389999866485596,55920,0.0,0.0,0.0,ADBG,5m
2026-03-26 09:30:00-04:00,4.28000020980835,4.400199890136719,4.28000020980835,4.400000095367432,211986,0.0,0.0,0.0,ADBG,5m
2026-03-26 09:35:00-04:00,4.400000095367432,4.474999904632568,4.380099773406982,4.3993000984191895,93154,0.0,0.0,0.0,ADBG,5m
2026-03-26 09:40:00-04:00,4.414999961853027,4.460000038146973,4.414999961853027,4.434999942779541,69716,0.0,0.0,0.0,ADBG,5m
2026-03-26 09:45:00-04:00,4.452700138092041,4.520100116729736,4.451000213623047,4.520100116729736,62651,0.0,0.0,0.0,ADBG,5m
2026-03-26 09:50:00-04:00,4.519999980926514,4.554999828338623,4.519999980926514,4.550000190734863,128875,0.0,0.0,0.0,ADBG,5m
2026-03-26 09:55:00-04:00,4.550000190734863,4.574999809265137,4.539899826049805,4.570000171661377,39348,0.0,0.0,0.0,ADBG,5m
2026-03-26 10:00:00-04:00,4.590000152587891,4.599999904632568,4.570000171661377,4.590000152587891,184548,0.0,0.0,0.0,ADBG,5m
2026-03-26 10:05:00-04:00,4.59499979019165,4.619999885559082,4.579999923706055,4.610000133514404,107701,0.0,0.0,0.0,ADBG,5m
2026-03-26 10:10:00-04:00,4.605000019073486,4.625,4.590000152587891,4.59499979019165,109758,0.0,0.0,0.0,ADBG,5m
2026-03-26 10:15:00-04:00,4.605000019073486,4.610000133514404,4.55210018157959,4.55210018157959,79953,0.0,0.0,0.0,ADBG,5m
2026-03-26 10:20:00-04:00,4.554999828338623,4.574999809265137,4.554999828338623,4.574999809265137,110329,0.0,0.0,0.0,ADBG,5m
2026-03-26 10:25:00-04:00,4.570400238037109,4.574999809265137,4.565000057220459,4.570000171661377,17077,0.0,0.0,0.0,ADBG,5m
2026-03-26 10:30:00-04:00,4.570000171661377,4.574999809265137,4.550000190734863,4.565000057220459,31530,0.0,0.0,0.0,ADBG,5m
2026-03-26 10:35:00-04:00,4.5619001388549805,4.590000152587891,4.5619001388549805,4.590000152587891,17465,0.0,0.0,0.0,ADBG,5m
2026-03-26 10:40:00-04:00,4.599999904632568,4.599999904632568,4.570000171661377,4.590099811553955,104654,0.0,0.0,0.0,ADBG,5m
2026-03-26 10:45:00-04:00,4.59499979019165,4.630000114440918,4.59499979019165,4.620299816131592,18436,0.0,0.0,0.0,ADBG,5m
2026-03-26 10:50:00-04:00,4.619999885559082,4.625,4.59499979019165,4.618899822235107,77880,0.0,0.0,0.0,ADBG,5m
2026-03-26 10:55:00-04:00,4.614999771118164,4.630099773406982,4.610000133514404,4.614999771118164,92120,0.0,0.0,0.0,ADBG,5m
2026-03-26 11:00:00-04:00,4.618800163269043,4.630000114440918,4.570000171661377,4.570099830627441,87993,0.0,0.0,0.0,ADBG,5m
2026-03-26 11:05:00-04:00,4.590099811553955,4.590099811553955,4.565000057220459,4.5802998542785645,18965,0.0,0.0,0.0,ADBG,5m
2026-03-26 11:10:00-04:00,4.590000152587891,4.597099781036377,4.585000038146973,4.585000038146973,21649,0.0,0.0,0.0,ADBG,5m
2026-03-26 11:15:00-04:00,4.590000152587891,4.590000152587891,4.560100078582764,4.570099830627441,55743,0.0,0.0,0.0,ADBG,5m
2026-03-26 11:20:00-04:00,4.580100059509277,4.581699848175049,4.574999809265137,4.574999809265137,37632,0.0,0.0,0.0,ADBG,5m
2026-03-26 11:25:00-04:00,4.570000171661377,4.579899787902832,4.560100078582764,4.570099830627441,63116,0.0,0.0,0.0,ADBG,5m
2026-03-26 11:30:00-04:00,4.559999942779541,4.565000057220459,4.559999942779541,4.565000057220459,0,0.0,0.0,0.0,ADBG,5m
2026-03-26 11:35:00-04:00,4.565000057220459,4.585000038146973,4.565000057220459,4.580100059509277,26820,0.0,0.0,0.0,ADBG,5m
2026-03-26 11:40:00-04:00,4.580100059509277,4.59499979019165,4.579999923706055,4.590099811553955,35627,0.0,0.0,0.0,ADBG,5m
2026-03-26 11:45:00-04:00,4.59499979019165,4.599699974060059,4.559800148010254,4.565000057220459,34443,0.0,0.0,0.0,ADBG,5m
2026-03-26 11:50:00-04:00,4.565000057220459,4.565000057220459,4.545000076293945,4.549900054931641,78662,0.0,0.0,0.0,ADBG,5m
2026-03-26 11:55:00-04:00,4.550000190734863,4.550000190734863,4.522900104522705,4.534999847412109,18235,0.0,0.0,0.0,ADBG,5m
2026-03-26 12:00:00-04:00,4.529200077056885,4.539899826049805,4.514999866485596,4.514999866485596,65711,0.0,0.0,0.0,ADBG,5m
2026-03-26 12:05:00-04:00,4.519999980926514,4.537700176239014,4.519999980926514,4.529900074005127,59891,0.0,0.0,0.0,ADBG,5m
2026-03-26 12:10:00-04:00,4.525000095367432,4.525000095367432,4.5100998878479,4.519899845123291,55412,0.0,0.0,0.0,ADBG,5m
2026-03-26 12:15:00-04:00,4.514999866485596,4.514999866485596,4.505000114440918,4.505000114440918,8481,0.0,0.0,0.0,ADBG,5m
2026-03-26 12:20:00-04:00,4.510000228881836,4.519999980926514,4.505000114440918,4.509900093078613,7526,0.0,0.0,0.0,ADBG,5m
2026-03-26 12:25:00-04:00,4.514999866485596,4.520100116729736,4.480000019073486,4.480199813842773,7697,0.0,0.0,0.0,ADBG,5m
2026-03-26 12:30:00-04:00,4.489999771118164,4.494999885559082,4.4899001121521,4.489999771118164,15803,0.0,0.0,0.0,ADBG,5m
2026-03-26 12:35:00-04:00,4.480100154876709,4.5,4.480100154876709,4.490699768066406,7543,0.0,0.0,0.0,ADBG,5m
2026-03-26 12:40:00-04:00,4.490099906921387,4.505000114440918,4.490099906921387,4.501699924468994,8649,0.0,0.0,0.0,ADBG,5m
2026-03-26 12:45:00-04:00,4.510000228881836,4.530099868774414,4.510000228881836,4.525000095367432,8765,0.0,0.0,0.0,ADBG,5m
2026-03-26 12:50:00-04:00,4.53000020980835,4.53000020980835,4.510200023651123,4.510200023651123,3272,0.0,0.0,0.0,ADBG,5m
2026-03-26 12:55:00-04:00,4.5,4.505000114440918,4.5,4.505000114440918,11933,0.0,0.0,0.0,ADBG,5m
2026-03-26 13:00:00-04:00,4.510000228881836,4.510000228881836,4.510000228881836,4.510000228881836,93,0.0,0.0,0.0,ADBG,5m
2026-03-26 13:05:00-04:00,4.510200023651123,4.514999866485596,4.510200023651123,4.514999866485596,1172,0.0,0.0,0.0,ADBG,5m
2026-03-26 13:10:00-04:00,4.514999866485596,4.514999866485596,4.514999866485596,4.514999866485596,211,0.0,0.0,0.0,ADBG,5m
2026-03-26 13:15:00-04:00,4.505000114440918,4.512400150299072,4.505000114440918,4.512400150299072,805,0.0,0.0,0.0,ADBG,5m
2026-03-26 13:20:00-04:00,4.514999866485596,4.525000095367432,4.510000228881836,4.510000228881836,9378,0.0,0.0,0.0,ADBG,5m
2026-03-26 13:25:00-04:00,4.514999866485596,4.519899845123291,4.513000011444092,4.514999866485596,5220,0.0,0.0,0.0,ADBG,5m
2026-03-26 13:30:00-04:00,4.514999866485596,4.514999866485596,4.509900093078613,4.509900093078613,11151,0.0,0.0,0.0,ADBG,5m
2026-03-26 13:35:00-04:00,4.5,4.5,4.494999885559082,4.494999885559082,7106,0.0,0.0,0.0,ADBG,5m
2026-03-26 13:40:00-04:00,4.5,4.509900093078613,4.494999885559082,4.509900093078613,6643,0.0,0.0,0.0,ADBG,5m
2026-03-26 13:45:00-04:00,4.489999771118164,4.489999771118164,4.478799819946289,4.479899883270264,12188,0.0,0.0,0.0,ADBG,5m
2026-03-26 13:50:00-04:00,4.480100154876709,4.4899001121521,4.480000019073486,4.4899001121521,4538,0.0,0.0,0.0,ADBG,5m
2026-03-26 13:55:00-04:00,4.480000019073486,4.482800006866455,4.480000019073486,4.480000019073486,5962,0.0,0.0,0.0,ADBG,5m
2026-03-26 14:00:00-04:00,4.485000133514404,4.494999885559082,4.485000133514404,4.485000133514404,3643,0.0,0.0,0.0,ADBG,5m
2026-03-26 14:05:00-04:00,4.489999771118164,4.489999771118164,4.489999771118164,4.489999771118164,11021,0.0,0.0,0.0,ADBG,5m
2026-03-26 14:10:00-04:00,4.490300178527832,4.499899864196777,4.489999771118164,4.499899864196777,23655,0.0,0.0,0.0,ADBG,5m
2026-03-26 14:15:00-04:00,4.499899864196777,4.514999866485596,4.499899864196777,4.514999866485596,43882,0.0,0.0,0.0,ADBG,5m
2026-03-26 14:20:00-04:00,4.510000228881836,4.519999980926514,4.510000228881836,4.510000228881836,17262,0.0,0.0,0.0,ADBG,5m
2026-03-26 14:25:00-04:00,4.514999866485596,4.514999866485596,4.4928998947143555,4.497600078582764,5696,0.0,0.0,0.0,ADBG,5m
2026-03-26 14:30:00-04:00,4.500199794769287,4.500199794769287,4.500199794769287,4.500199794769287,4418,0.0,0.0,0.0,ADBG,5m
2026-03-26 14:35:00-04:00,4.492800235748291,4.5,4.492800235748291,4.5,4292,0.0,0.0,0.0,ADBG,5m
2026-03-26 14:40:00-04:00,4.510000228881836,4.510000228881836,4.505000114440918,4.505000114440918,2636,0.0,0.0,0.0,ADBG,5m
2026-03-26 14:45:00-04:00,4.5,4.5,4.5,4.5,2436,0.0,0.0,0.0,ADBG,5m
2026-03-26 14:50:00-04:00,4.494999885559082,4.505000114440918,4.494999885559082,4.505000114440918,10189,0.0,0.0,0.0,ADBG,5m
2026-03-26 14:55:00-04:00,4.5,4.505000114440918,4.5,4.501399993896484,3097,0.0,0.0,0.0,ADBG,5m
2026-03-26 15:00:00-04:00,4.509900093078613,4.509900093078613,4.500100135803223,4.500100135803223,283,0.0,0.0,0.0,ADBG,5m
2026-03-26 15:05:00-04:00,4.510000228881836,4.519999980926514,4.510000228881836,4.519899845123291,7484,0.0,0.0,0.0,ADBG,5m
2026-03-26 15:10:00-04:00,4.519999980926514,4.53000020980835,4.510200023651123,4.510200023651123,20375,0.0,0.0,0.0,ADBG,5m
2026-03-26 15:15:00-04:00,4.5,4.5,4.492099761962891,4.492099761962891,1641,0.0,0.0,0.0,ADBG,5m
2026-03-26 15:20:00-04:00,4.5,4.505000114440918,4.5,4.500999927520752,2324,0.0,0.0,0.0,ADBG,5m
2026-03-26 15:25:00-04:00,4.500100135803223,4.500100135803223,4.499899864196777,4.5,12320,0.0,0.0,0.0,ADBG,5m
2026-03-26 15:30:00-04:00,4.505000114440918,4.510000228881836,4.505000114440918,4.510000228881836,2337,0.0,0.0,0.0,ADBG,5m
2026-03-26 15:35:00-04:00,4.519899845123291,4.525000095367432,4.519899845123291,4.525000095367432,7414,0.0,0.0,0.0,ADBG,5m
2026-03-26 15:40:00-04:00,4.514999866485596,4.529900074005127,4.514999866485596,4.529900074005127,9213,0.0,0.0,0.0,ADBG,5m
2026-03-26 15:45:00-04:00,4.514999866485596,4.519999980926514,4.514999866485596,4.519999980926514,38964,0.0,0.0,0.0,ADBG,5m
2026-03-26 15:50:00-04:00,4.510700225830078,4.510700225830078,4.5,4.510000228881836,27038,0.0,0.0,0.0,ADBG,5m
2026-03-26 15:55:00-04:00,4.510000228881836,4.514999866485596,4.509900093078613,4.510000228881836,66081,0.0,0.0,0.0,ADBG,5m
2026-03-27 09:30:00-04:00,4.440000057220459,4.440000057220459,4.35129976272583,4.360000133514404,213159,0.0,0.0,0.0,ADBG,5m
2026-03-27 09:35:00-04:00,4.349999904632568,4.360000133514404,4.300000190734863,4.309999942779541,108444,0.0,0.0,0.0,ADBG,5m
2026-03-27 09:40:00-04:00,4.324999809265137,4.360000133514404,4.309999942779541,4.34499979019165,50935,0.0,0.0,0.0,ADBG,5m
2026-03-27 09:45:00-04:00,4.355000019073486,4.364999771118164,4.335000038146973,4.34499979019165,66621,0.0,0.0,0.0,ADBG,5m
2026-03-27 09:50:00-04:00,4.34499979019165,4.355000019073486,4.329999923706055,4.355000019073486,37852,0.0,0.0,0.0,ADBG,5m
2026-03-27 09:55:00-04:00,4.349999904632568,4.360000133514404,4.340000152587891,4.340000152587891,31303,0.0,0.0,0.0,ADBG,5m
2026-03-27 10:00:00-04:00,4.335000038146973,4.34499979019165,4.309999942779541,4.340000152587891,43700,0.0,0.0,0.0,ADBG,5m
2026-03-27 10:05:00-04:00,4.335000038146973,4.335000038146973,4.269999980926514,4.269999980926514,67502,0.0,0.0,0.0,ADBG,5m
2026-03-27 10:10:00-04:00,4.300000190734863,4.300000190734863,4.275000095367432,4.295000076293945,58552,0.0,0.0,0.0,ADBG,5m
2026-03-27 10:15:00-04:00,4.304999828338623,4.340000152587891,4.304999828338623,4.340000152587891,53037,0.0,0.0,0.0,ADBG,5m
2026-03-27 10:20:00-04:00,4.34499979019165,4.355000019073486,4.335000038146973,4.335000038146973,28230,0.0,0.0,0.0,ADBG,5m
2026-03-27 10:25:00-04:00,4.34499979019165,4.34499979019165,4.324999809265137,4.324999809265137,13062,0.0,0.0,0.0,ADBG,5m
2026-03-27 10:30:00-04:00,4.322999954223633,4.335000038146973,4.320000171661377,4.335000038146973,17240,0.0,0.0,0.0,ADBG,5m
2026-03-27 10:35:00-04:00,4.340000152587891,4.340000152587891,4.320000171661377,4.324999809265137,20665,0.0,0.0,0.0,ADBG,5m
2026-03-27 10:40:00-04:00,4.3302998542785645,4.339900016784668,4.3302998542785645,4.339900016784668,64,0.0,0.0,0.0,ADBG,5m
2026-03-27 10:45:00-04:00,4.329999923706055,4.349800109863281,4.329999923706055,4.349800109863281,25348,0.0,0.0,0.0,ADBG,5m
2026-03-27 10:50:00-04:00,4.340000152587891,4.34499979019165,4.340000152587891,4.34499979019165,2448,0.0,0.0,0.0,ADBG,5m
2026-03-27 10:55:00-04:00,4.335000038146973,4.335000038146973,4.324999809265137,4.324999809265137,2306,0.0,0.0,0.0,ADBG,5m
2026-03-27 11:00:00-04:00,4.324999809265137,4.335000038146973,4.3105998039245605,4.335000038146973,15935,0.0,0.0,0.0,ADBG,5m
2026-03-27 11:05:00-04:00,4.329999923706055,4.357699871063232,4.329999923706055,4.353000164031982,23885,0.0,0.0,0.0,ADBG,5m
2026-03-27 11:10:00-04:00,4.349299907684326,4.350100040435791,4.341400146484375,4.341400146484375,25744,0.0,0.0,0.0,ADBG,5m
2026-03-27 11:15:00-04:00,4.340000152587891,4.34630012512207,4.319900035858154,4.329899787902832,79881,0.0,0.0,0.0,ADBG,5m
2026-03-27 11:20:00-04:00,4.300099849700928,4.329999923706055,4.300000190734863,4.329999923706055,39158,0.0,0.0,0.0,ADBG,5m
2026-03-27 11:25:00-04:00,4.320099830627441,4.320099830627441,4.300000190734863,4.304999828338623,55421,0.0,0.0,0.0,ADBG,5m
2026-03-27 11:30:00-04:00,4.304999828338623,4.317299842834473,4.304999828338623,4.315000057220459,15459,0.0,0.0,0.0,ADBG,5m
2026-03-27 11:35:00-04:00,4.309999942779541,4.309999942779541,4.300000190734863,4.300000190734863,9472,0.0,0.0,0.0,ADBG,5m
2026-03-27 11:40:00-04:00,4.290299892425537,4.290299892425537,4.269999980926514,4.280300140380859,36142,0.0,0.0,0.0,ADBG,5m
2026-03-27 11:45:00-04:00,4.287799835205078,4.300000190734863,4.275000095367432,4.300000190734863,41749,0.0,0.0,0.0,ADBG,5m
2026-03-27 11:50:00-04:00,4.300000190734863,4.300000190734863,4.289599895477295,4.295000076293945,31616,0.0,0.0,0.0,ADBG,5m
2026-03-27 11:55:00-04:00,4.300000190734863,4.304999828338623,4.295000076293945,4.300099849700928,44134,0.0,0.0,0.0,ADBG,5m
2026-03-27 12:00:00-04:00,4.304999828338623,4.310100078582764,4.295000076293945,4.308599948883057,22625,0.0,0.0,0.0,ADBG,5m
2026-03-27 12:05:00-04:00,4.318299770355225,4.335000038146973,4.300000190734863,4.300000190734863,53039,0.0,0.0,0.0,ADBG,5m
2026-03-27 12:10:00-04:00,4.295000076293945,4.295000076293945,4.280300140380859,4.284999847412109,5241,0.0,0.0,0.0,ADBG,5m
2026-03-27 12:15:00-04:00,4.295000076293945,4.309700012207031,4.290500164031982,4.300000190734863,10851,0.0,0.0,0.0,ADBG,5m
2026-03-27 12:20:00-04:00,4.299900054931641,4.309899806976318,4.299900054931641,4.304999828338623,5904,0.0,0.0,0.0,ADBG,5m
2026-03-27 12:25:00-04:00,4.289999961853027,4.299900054931641,4.289999961853027,4.295000076293945,200,0.0,0.0,0.0,ADBG,5m
2026-03-27 12:30:00-04:00,4.300000190734863,4.309999942779541,4.295000076293945,4.309999942779541,18679,0.0,0.0,0.0,ADBG,5m
2026-03-27 12:35:00-04:00,4.30049991607666,4.309999942779541,4.270999908447266,4.28000020980835,6461,0.0,0.0,0.0,ADBG,5m
2026-03-27 12:40:00-04:00,4.269999980926514,4.284999847412109,4.269999980926514,4.284999847412109,20264,0.0,0.0,0.0,ADBG,5m
2026-03-27 12:45:00-04:00,4.269700050354004,4.284999847412109,4.264999866485596,4.271999835968018,16521,0.0,0.0,0.0,ADBG,5m
2026-03-27 12:50:00-04:00,4.275000095367432,4.275000095367432,4.269899845123291,4.269999980926514,2509,0.0,0.0,0.0,ADBG,5m
2026-03-27 12:55:00-04:00,4.267000198364258,4.28000020980835,4.267000198364258,4.28000020980835,52123,0.0,0.0,0.0,ADBG,5m
2026-03-27 13:00:00-04:00,4.275000095367432,4.28000020980835,4.269999980926514,4.269999980926514,7818,0.0,0.0,0.0,ADBG,5m
2026-03-27 13:05:00-04:00,4.275000095367432,4.284999847412109,4.275000095367432,4.280099868774414,24232,0.0,0.0,0.0,ADBG,5m
2026-03-27 13:10:00-04:00,4.264999866485596,4.269000053405762,4.261000156402588,4.261000156402588,9751,0.0,0.0,0.0,ADBG,5m
2026-03-27 13:15:00-04:00,4.269899845123291,4.269899845123291,4.269599914550781,4.269599914550781,340,0.0,0.0,0.0,ADBG,5m
2026-03-27 13:20:00-04:00,4.269700050354004,4.269899845123291,4.264999866485596,4.264999866485596,357,0.0,0.0,0.0,ADBG,5m
2026-03-27 13:25:00-04:00,4.275000095367432,4.275000095367432,4.261499881744385,4.261499881744385,8183,0.0,0.0,0.0,ADBG,5m
2026-03-27 13:30:00-04:00,4.260000228881836,4.269899845123291,4.260000228881836,4.269899845123291,393,0.0,0.0,0.0,ADBG,5m
2026-03-27 13:35:00-04:00,4.264999866485596,4.269899845123291,4.260000228881836,4.260000228881836,5155,0.0,0.0,0.0,ADBG,5m
2026-03-27 13:40:00-04:00,4.2677001953125,4.269999980926514,4.2677001953125,4.269999980926514,4485,0.0,0.0,0.0,ADBG,5m
2026-03-27 13:45:00-04:00,4.264999866485596,4.264999866485596,4.255000114440918,4.264999866485596,7318,0.0,0.0,0.0,ADBG,5m
2026-03-27 13:50:00-04:00,4.269599914550781,4.269999980926514,4.264999866485596,4.269999980926514,3617,0.0,0.0,0.0,ADBG,5m
2026-03-27 13:55:00-04:00,4.269999980926514,4.28000020980835,4.264999866485596,4.269999980926514,7252,0.0,0.0,0.0,ADBG,5m
2026-03-27 14:00:00-04:00,4.264999866485596,4.264999866485596,4.260000228881836,4.260000228881836,8732,0.0,0.0,0.0,ADBG,5m
2026-03-27 14:05:00-04:00,4.259900093078613,4.260000228881836,4.230100154876709,4.230100154876709,5599,0.0,0.0,0.0,ADBG,5m
2026-03-27 14:10:00-04:00,4.228899955749512,4.244999885559082,4.228899955749512,4.244999885559082,8391,0.0,0.0,0.0,ADBG,5m
2026-03-27 14:15:00-04:00,4.244999885559082,4.25,4.244999885559082,4.25,497,0.0,0.0,0.0,ADBG,5m
2026-03-27 14:20:00-04:00,4.257800102233887,4.260000228881836,4.249800205230713,4.249800205230713,18623,0.0,0.0,0.0,ADBG,5m
2026-03-27 14:25:00-04:00,4.25,4.255000114440918,4.25,4.25,1537,0.0,0.0,0.0,ADBG,5m
2026-03-27 14:30:00-04:00,4.264999866485596,4.289999961853027,4.264999866485596,4.289999961853027,5665,0.0,0.0,0.0,ADBG,5m
2026-03-27 14:35:00-04:00,4.289999961853027,4.309899806976318,4.284999847412109,4.309899806976318,18419,0.0,0.0,0.0,ADBG,5m
2026-03-27 14:40:00-04:00,4.304999828338623,4.310100078582764,4.304999828338623,4.309800148010254,11771,0.0,0.0,0.0,ADBG,5m
2026-03-27 14:45:00-04:00,4.295000076293945,4.295000076293945,4.295000076293945,4.295000076293945,205,0.0,0.0,0.0,ADBG,5m
2026-03-27 14:50:00-04:00,4.300000190734863,4.300000190734863,4.300000190734863,4.300000190734863,165,0.0,0.0,0.0,ADBG,5m
2026-03-27 14:55:00-04:00,4.295000076293945,4.309599876403809,4.29010009765625,4.309199810028076,75751,0.0,0.0,0.0,ADBG,5m
2026-03-27 15:00:00-04:00,4.315000057220459,4.324999809265137,4.304999828338623,4.304999828338623,44885,0.0,0.0,0.0,ADBG,5m
2026-03-27 15:05:00-04:00,4.304999828338623,4.304999828338623,4.289999961853027,4.295000076293945,67469,0.0,0.0,0.0,ADBG,5m
2026-03-27 15:10:00-04:00,4.304999828338623,4.315000057220459,4.304999828338623,4.315000057220459,5604,0.0,0.0,0.0,ADBG,5m
2026-03-27 15:15:00-04:00,4.309999942779541,4.315000057220459,4.300099849700928,4.309899806976318,6222,0.0,0.0,0.0,ADBG,5m
2026-03-27 15:20:00-04:00,4.300000190734863,4.309999942779541,4.297999858856201,4.309999942779541,5395,0.0,0.0,0.0,ADBG,5m
2026-03-27 15:25:00-04:00,4.310100078582764,4.315000057220459,4.308599948883057,4.315000057220459,4857,0.0,0.0,0.0,ADBG,5m
2026-03-27 15:30:00-04:00,4.324999809265137,4.324999809265137,4.309999942779541,4.315000057220459,3229,0.0,0.0,0.0,ADBG,5m
2026-03-27 15:35:00-04:00,4.309999942779541,4.309999942779541,4.30679988861084,4.30679988861084,29843,0.0,0.0,0.0,ADBG,5m
2026-03-27 15:45:00-04:00,4.295000076293945,4.299900054931641,4.289999961853027,4.289999961853027,20832,0.0,0.0,0.0,ADBG,5m
2026-03-27 15:50:00-04:00,4.295000076293945,4.300099849700928,4.295000076293945,4.300099849700928,30209,0.0,0.0,0.0,ADBG,5m
2026-03-27 15:55:00-04:00,4.3084001541137695,4.3084001541137695,4.289999961853027,4.295000076293945,17219,0.0,0.0,0.0,ADBG,5m
2026-03-30 09:30:00-04:00,4.380000114440918,4.46999979019165,4.360000133514404,4.466000080108643,191550,0.0,0.0,0.0,ADBG,5m
2026-03-30 09:35:00-04:00,4.454999923706055,4.514999866485596,4.449999809265137,4.514999866485596,72110,0.0,0.0,0.0,ADBG,5m
2026-03-30 09:40:00-04:00,4.510000228881836,4.519899845123291,4.420000076293945,4.429999828338623,80829,0.0,0.0,0.0,ADBG,5m
2026-03-30 09:45:00-04:00,4.425000190734863,4.474999904632568,4.425000190734863,4.429999828338623,70668,0.0,0.0,0.0,ADBG,5m
2026-03-30 09:50:00-04:00,4.425000190734863,4.474999904632568,4.414999961853027,4.474999904632568,77236,0.0,0.0,0.0,ADBG,5m
2026-03-30 09:55:00-04:00,4.485000133514404,4.5,4.46999979019165,4.470099925994873,55658,0.0,0.0,0.0,ADBG,5m
2026-03-30 10:00:00-04:00,4.460000038146973,4.474999904632568,4.425000190734863,4.429999828338623,150645,0.0,0.0,0.0,ADBG,5m
2026-03-30 10:05:00-04:00,4.429999828338623,4.454999923706055,4.420000076293945,4.454999923706055,64325,0.0,0.0,0.0,ADBG,5m
2026-03-30 10:10:00-04:00,4.449999809265137,4.45989990234375,4.425000190734863,4.425000190734863,75078,0.0,0.0,0.0,ADBG,5m
2026-03-30 10:15:00-04:00,4.420300006866455,4.454999923706055,4.420300006866455,4.449999809265137,74846,0.0,0.0,0.0,ADBG,5m
2026-03-30 10:20:00-04:00,4.449999809265137,4.514999866485596,4.449999809265137,4.510000228881836,72023,0.0,0.0,0.0,ADBG,5m
2026-03-30 10:25:00-04:00,4.5,4.518199920654297,4.5,4.514999866485596,46496,0.0,0.0,0.0,ADBG,5m
2026-03-30 10:30:00-04:00,4.529900074005127,4.534999847412109,4.510000228881836,4.53000020980835,100897,0.0,0.0,0.0,ADBG,5m
2026-03-30 10:35:00-04:00,4.521699905395508,4.539999961853027,4.494999885559082,4.5,103541,0.0,0.0,0.0,ADBG,5m
2026-03-30 10:40:00-04:00,4.5,4.509900093078613,4.480000019073486,4.500100135803223,64490,0.0,0.0,0.0,ADBG,5m
2026-03-30 10:45:00-04:00,4.505000114440918,4.53000020980835,4.489999771118164,4.489999771118164,98136,0.0,0.0,0.0,ADBG,5m
2026-03-30 10:50:00-04:00,4.489999771118164,4.519999980926514,4.489999771118164,4.519999980926514,129044,0.0,0.0,0.0,ADBG,5m
2026-03-30 10:55:00-04:00,4.519899845123291,4.549900054931641,4.514999866485596,4.539999961853027,72015,0.0,0.0,0.0,ADBG,5m
2026-03-30 11:00:00-04:00,4.545000076293945,4.570000171661377,4.539999961853027,4.570000171661377,55805,0.0,0.0,0.0,ADBG,5m
2026-03-30 11:05:00-04:00,4.570000171661377,4.570000171661377,4.5,4.505000114440918,14681,0.0,0.0,0.0,ADBG,5m
2026-03-30 11:10:00-04:00,4.5,4.505000114440918,4.485000133514404,4.485000133514404,26954,0.0,0.0,0.0,ADBG,5m
2026-03-30 11:15:00-04:00,4.485000133514404,4.53000020980835,4.485000133514404,4.53000020980835,142882,0.0,0.0,0.0,ADBG,5m
2026-03-30 11:20:00-04:00,4.519999980926514,4.520100116729736,4.505000114440918,4.520100116729736,58253,0.0,0.0,0.0,ADBG,5m
2026-03-30 11:25:00-04:00,4.529699802398682,4.539899826049805,4.529099941253662,4.530099868774414,97163,0.0,0.0,0.0,ADBG,5m
2026-03-30 11:30:00-04:00,4.530200004577637,4.534999847412109,4.520100116729736,4.530099868774414,44989,0.0,0.0,0.0,ADBG,5m
2026-03-30 11:35:00-04:00,4.534999847412109,4.539999961853027,4.519800186157227,4.525000095367432,2479,0.0,0.0,0.0,ADBG,5m
2026-03-30 11:40:00-04:00,4.525000095367432,4.539999961853027,4.525000095367432,4.539999961853027,23202,0.0,0.0,0.0,ADBG,5m
2026-03-30 11:45:00-04:00,4.514999866485596,4.539999961853027,4.514999866485596,4.539999961853027,43444,0.0,0.0,0.0,ADBG,5m
2026-03-30 11:50:00-04:00,4.534999847412109,4.545000076293945,4.534999847412109,4.545000076293945,125334,0.0,0.0,0.0,ADBG,5m
2026-03-30 11:55:00-04:00,4.534999847412109,4.554999828338623,4.534999847412109,4.554999828338623,12629,0.0,0.0,0.0,ADBG,5m
2026-03-30 12:00:00-04:00,4.554999828338623,4.559999942779541,4.550099849700928,4.559999942779541,37098,0.0,0.0,0.0,ADBG,5m
2026-03-30 12:05:00-04:00,4.550000190734863,4.550000190734863,4.550000190734863,4.550000190734863,4921,0.0,0.0,0.0,ADBG,5m
2026-03-30 12:10:00-04:00,4.559899806976318,4.589700222015381,4.559700012207031,4.589700222015381,19979,0.0,0.0,0.0,ADBG,5m
2026-03-30 12:15:00-04:00,4.570000171661377,4.570000171661377,4.559299945831299,4.565000057220459,5085,0.0,0.0,0.0,ADBG,5m
2026-03-30 12:20:00-04:00,4.554999828338623,4.574999809265137,4.554999828338623,4.574999809265137,5152,0.0,0.0,0.0,ADBG,5m
2026-03-30 12:25:00-04:00,4.579999923706055,4.591000080108643,4.570000171661377,4.570000171661377,33873,0.0,0.0,0.0,ADBG,5m
2026-03-30 12:30:00-04:00,4.570000171661377,4.574999809265137,4.560100078582764,4.574999809265137,27960,0.0,0.0,0.0,ADBG,5m
2026-03-30 12:35:00-04:00,4.574999809265137,4.579899787902832,4.570000171661377,4.570000171661377,6949,0.0,0.0,0.0,ADBG,5m
2026-03-30 12:40:00-04:00,4.565000057220459,4.565000057220459,4.554999828338623,4.560100078582764,37651,0.0,0.0,0.0,ADBG,5m
2026-03-30 12:45:00-04:00,4.560100078582764,4.560100078582764,4.559899806976318,4.559899806976318,65853,0.0,0.0,0.0,ADBG,5m
2026-03-30 12:50:00-04:00,4.559999942779541,4.56279993057251,4.550000190734863,4.550000190734863,26530,0.0,0.0,0.0,ADBG,5m
2026-03-30 12:55:00-04:00,4.550000190734863,4.569200038909912,4.550000190734863,4.569200038909912,27851,0.0,0.0,0.0,ADBG,5m
2026-03-30 13:00:00-04:00,4.570000171661377,4.570000171661377,4.559999942779541,4.559999942779541,19270,0.0,0.0,0.0,ADBG,5m
2026-03-30 13:05:00-04:00,4.559999942779541,4.570000171661377,4.550000190734863,4.550000190734863,10950,0.0,0.0,0.0,ADBG,5m
2026-03-30 13:10:00-04:00,4.550000190734863,4.550099849700928,4.539999961853027,4.539999961853027,13356,0.0,0.0,0.0,ADBG,5m
2026-03-30 13:15:00-04:00,4.545000076293945,4.545000076293945,4.525000095367432,4.530099868774414,9255,0.0,0.0,0.0,ADBG,5m
2026-03-30 13:20:00-04:00,4.534999847412109,4.534999847412109,4.525000095367432,4.53000020980835,4334,0.0,0.0,0.0,ADBG,5m
2026-03-30 13:25:00-04:00,4.519999980926514,4.519999980926514,4.510000228881836,4.514999866485596,4344,0.0,0.0,0.0,ADBG,5m
2026-03-30 13:30:00-04:00,4.519999980926514,4.519999980926514,4.505000114440918,4.505000114440918,9418,0.0,0.0,0.0,ADBG,5m
2026-03-30 13:35:00-04:00,4.489999771118164,4.494999885559082,4.480000019073486,4.485000133514404,18605,0.0,0.0,0.0,ADBG,5m
2026-03-30 13:40:00-04:00,4.485000133514404,4.510000228881836,4.485000133514404,4.510000228881836,18195,0.0,0.0,0.0,ADBG,5m
2026-03-30 13:45:00-04:00,4.5100998878479,4.514999866485596,4.494999885559082,4.5,21377,0.0,0.0,0.0,ADBG,5m
2026-03-30 13:50:00-04:00,4.5,4.500100135803223,4.489999771118164,4.494999885559082,21688,0.0,0.0,0.0,ADBG,5m
2026-03-30 13:55:00-04:00,4.494999885559082,4.494999885559082,4.494999885559082,4.494999885559082,2100,0.0,0.0,0.0,ADBG,5m
2026-03-30 14:00:00-04:00,4.494999885559082,4.5,4.494999885559082,4.5,9038,0.0,0.0,0.0,ADBG,5m
2026-03-30 14:05:00-04:00,4.494999885559082,4.5,4.489999771118164,4.489999771118164,27884,0.0,0.0,0.0,ADBG,5m
2026-03-30 14:10:00-04:00,4.485000133514404,4.5,4.480000019073486,4.480000019073486,31819,0.0,0.0,0.0,ADBG,5m
2026-03-30 14:15:00-04:00,4.485000133514404,4.5,4.480000019073486,4.5,9147,0.0,0.0,0.0,ADBG,5m
2026-03-30 14:20:00-04:00,4.505000114440918,4.505000114440918,4.494999885559082,4.5,40977,0.0,0.0,0.0,ADBG,5m
2026-03-30 14:25:00-04:00,4.489999771118164,4.489999771118164,4.489999771118164,4.489999771118164,447,0.0,0.0,0.0,ADBG,5m
2026-03-30 14:35:00-04:00,4.494999885559082,4.5,4.494999885559082,4.5,6607,0.0,0.0,0.0,ADBG,5m
2026-03-30 14:40:00-04:00,4.489999771118164,4.494999885559082,4.489999771118164,4.494999885559082,3548,0.0,0.0,0.0,ADBG,5m
2026-03-30 14:45:00-04:00,4.489999771118164,4.489999771118164,4.485000133514404,4.487800121307373,20044,0.0,0.0,0.0,ADBG,5m
2026-03-30 14:50:00-04:00,4.470099925994873,4.489999771118164,4.470099925994873,4.489999771118164,8884,0.0,0.0,0.0,ADBG,5m
2026-03-30 15:00:00-04:00,4.474999904632568,4.485000133514404,4.474999904632568,4.485000133514404,1713,0.0,0.0,0.0,ADBG,5m
2026-03-30 15:05:00-04:00,4.46999979019165,4.479899883270264,4.46999979019165,4.479899883270264,1778,0.0,0.0,0.0,ADBG,5m
2026-03-30 15:10:00-04:00,4.470099925994873,4.470099925994873,4.465000152587891,4.465000152587891,1655,0.0,0.0,0.0,ADBG,5m
2026-03-30 15:20:00-04:00,4.473100185394287,4.480000019073486,4.473100185394287,4.480000019073486,4424,0.0,0.0,0.0,ADBG,5m
2026-03-30 15:25:00-04:00,4.480000019073486,4.485000133514404,4.46999979019165,4.474999904632568,2024,0.0,0.0,0.0,ADBG,5m
2026-03-30 15:30:00-04:00,4.474999904632568,4.480000019073486,4.470200061798096,4.480000019073486,3517,0.0,0.0,0.0,ADBG,5m
2026-03-30 15:35:00-04:00,4.46999979019165,4.494999885559082,4.46999979019165,4.489999771118164,14938,0.0,0.0,0.0,ADBG,5m
2026-03-30 15:40:00-04:00,4.4899001121521,4.5,4.4899001121521,4.497099876403809,9964,0.0,0.0,0.0,ADBG,5m
2026-03-30 15:45:00-04:00,4.490099906921387,4.5015997886657715,4.490099906921387,4.5,251,0.0,0.0,0.0,ADBG,5m
2026-03-30 15:50:00-04:00,4.5,4.510000228881836,4.5,4.510000228881836,24799,0.0,0.0,0.0,ADBG,5m
2026-03-30 15:55:00-04:00,4.514999866485596,4.520100116729736,4.511000156402588,4.514999866485596,57065,0.0,0.0,0.0,ADBG,5m
2026-03-31 09:30:00-04:00,4.539999961853027,4.559999942779541,4.5,4.510000228881836,100536,0.0,0.0,0.0,ADBG,5m
2026-03-31 09:35:00-04:00,4.5,4.559999942779541,4.485000133514404,4.505000114440918,152993,0.0,0.0,0.0,ADBG,5m
2026-03-31 09:40:00-04:00,4.53000020980835,4.53000020980835,4.489999771118164,4.489999771118164,59731,0.0,0.0,0.0,ADBG,5m
2026-03-31 09:45:00-04:00,4.494999885559082,4.559999942779541,4.494999885559082,4.559999942779541,27778,0.0,0.0,0.0,ADBG,5m
2026-03-31 09:50:00-04:00,4.554999828338623,4.554999828338623,4.53000020980835,4.539999961853027,16854,0.0,0.0,0.0,ADBG,5m
2026-03-31 09:55:00-04:00,4.534999847412109,4.545000076293945,4.534999847412109,4.539999961853027,22894,0.0,0.0,0.0,ADBG,5m
2026-03-31 10:00:00-04:00,4.539999961853027,4.559999942779541,4.519999980926514,4.545000076293945,158528,0.0,0.0,0.0,ADBG,5m
2026-03-31 10:05:00-04:00,4.545000076293945,4.559999942779541,4.534999847412109,4.552299976348877,140722,0.0,0.0,0.0,ADBG,5m
2026-03-31 10:10:00-04:00,4.5671000480651855,4.579999923706055,4.559999942779541,4.579999923706055,41905,0.0,0.0,0.0,ADBG,5m
2026-03-31 10:15:00-04:00,4.569300174713135,4.570000171661377,4.519999980926514,4.559999942779541,95508,0.0,0.0,0.0,ADBG,5m
2026-03-31 10:20:00-04:00,4.525000095367432,4.539999961853027,4.494999885559082,4.539999961853027,109750,0.0,0.0,0.0,ADBG,5m
2026-03-31 10:25:00-04:00,4.534999847412109,4.534999847412109,4.5,4.514999866485596,33232,0.0,0.0,0.0,ADBG,5m
2026-03-31 10:30:00-04:00,4.510000228881836,4.545000076293945,4.510000228881836,4.545000076293945,14405,0.0,0.0,0.0,ADBG,5m
2026-03-31 10:35:00-04:00,4.545000076293945,4.545000076293945,4.510000228881836,4.510000228881836,52203,0.0,0.0,0.0,ADBG,5m
2026-03-31 10:40:00-04:00,4.510000228881836,4.519999980926514,4.502900123596191,4.51230001449585,28784,0.0,0.0,0.0,ADBG,5m
2026-03-31 10:45:00-04:00,4.5065999031066895,4.525000095367432,4.499899864196777,4.525000095367432,40707,0.0,0.0,0.0,ADBG,5m
2026-03-31 10:50:00-04:00,4.505000114440918,4.505000114440918,4.461699962615967,4.46999979019165,42338,0.0,0.0,0.0,ADBG,5m
2026-03-31 10:55:00-04:00,4.460000038146973,4.498799800872803,4.460000038146973,4.494999885559082,44989,0.0,0.0,0.0,ADBG,5m
2026-03-31 11:00:00-04:00,4.498700141906738,4.529900074005127,4.490099906921387,4.525000095367432,94280,0.0,0.0,0.0,ADBG,5m
2026-03-31 11:05:00-04:00,4.510499954223633,4.529799938201904,4.510499954223633,4.525000095367432,31014,0.0,0.0,0.0,ADBG,5m
2026-03-31 11:10:00-04:00,4.525000095367432,4.554999828338623,4.525000095367432,4.554999828338623,49435,0.0,0.0,0.0,ADBG,5m
2026-03-31 11:15:00-04:00,4.559999942779541,4.565000057220459,4.554999828338623,4.554999828338623,26341,0.0,0.0,0.0,ADBG,5m
2026-03-31 11:20:00-04:00,4.554999828338623,4.570000171661377,4.545000076293945,4.570000171661377,19438,0.0,0.0,0.0,ADBG,5m
2026-03-31 11:25:00-04:00,4.559999942779541,4.565000057220459,4.544000148773193,4.559999942779541,62209,0.0,0.0,0.0,ADBG,5m
2026-03-31 11:30:00-04:00,4.559999942779541,4.565000057220459,4.545000076293945,4.559999942779541,26651,0.0,0.0,0.0,ADBG,5m
2026-03-31 11:35:00-04:00,4.570000171661377,4.57889986038208,4.559800148010254,4.559899806976318,18329,0.0,0.0,0.0,ADBG,5m
2026-03-31 11:40:00-04:00,4.554999828338623,4.554999828338623,4.550000190734863,4.550099849700928,3836,0.0,0.0,0.0,ADBG,5m
2026-03-31 11:45:00-04:00,4.559899806976318,4.560100078582764,4.550099849700928,4.559999942779541,54052,0.0,0.0,0.0,ADBG,5m
2026-03-31 11:50:00-04:00,4.559899806976318,4.565000057220459,4.559899806976318,4.565000057220459,23958,0.0,0.0,0.0,ADBG,5m
2026-03-31 11:55:00-04:00,4.548600196838379,4.554999828338623,4.539999961853027,4.545000076293945,39050,0.0,0.0,0.0,ADBG,5m
2026-03-31 12:00:00-04:00,4.554999828338623,4.561399936676025,4.550000190734863,4.550000190734863,56159,0.0,0.0,0.0,ADBG,5m
2026-03-31 12:05:00-04:00,4.554999828338623,4.559899806976318,4.554999828338623,4.554999828338623,3909,0.0,0.0,0.0,ADBG,5m
2026-03-31 12:10:00-04:00,4.559999942779541,4.559999942779541,4.554999828338623,4.554999828338623,7469,0.0,0.0,0.0,ADBG,5m
2026-03-31 12:15:00-04:00,4.554999828338623,4.554999828338623,4.53000020980835,4.53000020980835,87670,0.0,0.0,0.0,ADBG,5m
2026-03-31 12:20:00-04:00,4.534999847412109,4.534999847412109,4.534999847412109,4.534999847412109,0,0.0,0.0,0.0,ADBG,5m
2026-03-31 12:25:00-04:00,4.570000171661377,4.570000171661377,4.554999828338623,4.565000057220459,15714,0.0,0.0,0.0,ADBG,5m
2026-03-31 12:30:00-04:00,4.559999942779541,4.565000057220459,4.550000190734863,4.550000190734863,27919,0.0,0.0,0.0,ADBG,5m
2026-03-31 12:35:00-04:00,4.545000076293945,4.550000190734863,4.545000076293945,4.550000190734863,2091,0.0,0.0,0.0,ADBG,5m
2026-03-31 12:40:00-04:00,4.590000152587891,4.625,4.579999923706055,4.619999885559082,36726,0.0,0.0,0.0,ADBG,5m
2026-03-31 12:45:00-04:00,4.559999942779541,4.559999942779541,4.529900074005127,4.550000190734863,20358,0.0,0.0,0.0,ADBG,5m
2026-03-31 12:50:00-04:00,4.550000190734863,4.570000171661377,4.545000076293945,4.549900054931641,16439,0.0,0.0,0.0,ADBG,5m
2026-03-31 12:55:00-04:00,4.550000190734863,4.554999828338623,4.550000190734863,4.554999828338623,4264,0.0,0.0,0.0,ADBG,5m
2026-03-31 13:00:00-04:00,4.574999809265137,4.578999996185303,4.565000057220459,4.570000171661377,12543,0.0,0.0,0.0,ADBG,5m
2026-03-31 13:05:00-04:00,4.559999942779541,4.570000171661377,4.559999942779541,4.559999942779541,11581,0.0,0.0,0.0,ADBG,5m
2026-03-31 13:10:00-04:00,4.569799900054932,4.570099830627441,4.569799900054932,4.570000171661377,1014,0.0,0.0,0.0,ADBG,5m
2026-03-31 13:15:00-04:00,4.579699993133545,4.590000152587891,4.579699993133545,4.590000152587891,13845,0.0,0.0,0.0,ADBG,5m
2026-03-31 13:20:00-04:00,4.59499979019165,4.599999904632568,4.585000038146973,4.590000152587891,34135,0.0,0.0,0.0,ADBG,5m
2026-03-31 13:25:00-04:00,4.579999923706055,4.587399959564209,4.565000057220459,4.565000057220459,16927,0.0,0.0,0.0,ADBG,5m
2026-03-31 13:30:00-04:00,4.579999923706055,4.590000152587891,4.579999923706055,4.579999923706055,34695,0.0,0.0,0.0,ADBG,5m
2026-03-31 13:35:00-04:00,4.579800128936768,4.585000038146973,4.545000076293945,4.554999828338623,8209,0.0,0.0,0.0,ADBG,5m
2026-03-31 13:40:00-04:00,4.559999942779541,4.565000057220459,4.5503997802734375,4.565000057220459,19334,0.0,0.0,0.0,ADBG,5m
2026-03-31 13:45:00-04:00,4.559999942779541,4.562099933624268,4.559999942779541,4.562099933624268,1676,0.0,0.0,0.0,ADBG,5m
2026-03-31 13:50:00-04:00,4.559999942779541,4.559999942779541,4.545000076293945,4.550000190734863,4208,0.0,0.0,0.0,ADBG,5m
2026-03-31 13:55:00-04:00,4.539999961853027,4.539999961853027,4.539999961853027,4.539999961853027,18100,0.0,0.0,0.0,ADBG,5m
2026-03-31 14:00:00-04:00,4.539999961853027,4.559999942779541,4.534999847412109,4.559999942779541,17030,0.0,0.0,0.0,ADBG,5m
2026-03-31 14:05:00-04:00,4.554999828338623,4.59499979019165,4.550000190734863,4.59499979019165,41589,0.0,0.0,0.0,ADBG,5m
2026-03-31 14:10:00-04:00,4.59499979019165,4.59499979019165,4.570000171661377,4.585000038146973,19796,0.0,0.0,0.0,ADBG,5m
2026-03-31 14:15:00-04:00,4.59499979019165,4.59499979019165,4.574999809265137,4.574999809265137,36547,0.0,0.0,0.0,ADBG,5m
2026-03-31 14:20:00-04:00,4.585000038146973,4.590099811553955,4.579999923706055,4.579999923706055,16868,0.0,0.0,0.0,ADBG,5m
2026-03-31 14:25:00-04:00,4.579999923706055,4.599999904632568,4.574999809265137,4.59689998626709,9081,0.0,0.0,0.0,ADBG,5m
2026-03-31 14:30:00-04:00,4.590099811553955,4.600100040435791,4.590099811553955,4.600100040435791,4904,0.0,0.0,0.0,ADBG,5m
2026-03-31 14:35:00-04:00,4.605000019073486,4.605000019073486,4.59499979019165,4.605000019073486,13865,0.0,0.0,0.0,ADBG,5m
2026-03-31 14:40:00-04:00,4.599999904632568,4.605000019073486,4.599999904632568,4.605000019073486,10300,0.0,0.0,0.0,ADBG,5m
2026-03-31 14:45:00-04:00,4.605000019073486,4.610000133514404,4.605000019073486,4.610000133514404,1030,0.0,0.0,0.0,ADBG,5m
2026-03-31 14:50:00-04:00,4.610000133514404,4.610000133514404,4.599699974060059,4.599999904632568,48678,0.0,0.0,0.0,ADBG,5m
2026-03-31 14:55:00-04:00,4.610000133514404,4.610000133514404,4.590099811553955,4.59499979019165,16272,0.0,0.0,0.0,ADBG,5m
2026-03-31 15:00:00-04:00,4.599899768829346,4.599999904632568,4.589900016784668,4.59499979019165,36543,0.0,0.0,0.0,ADBG,5m
2026-03-31 15:05:00-04:00,4.599999904632568,4.605000019073486,4.59499979019165,4.599999904632568,7227,0.0,0.0,0.0,ADBG,5m
2026-03-31 15:10:00-04:00,4.605000019073486,4.605000019073486,4.600100040435791,4.600100040435791,2809,0.0,0.0,0.0,ADBG,5m
2026-03-31 15:15:00-04:00,4.614999771118164,4.614999771118164,4.590000152587891,4.590000152587891,27890,0.0,0.0,0.0,ADBG,5m
2026-03-31 15:20:00-04:00,4.585000038146973,4.597700119018555,4.579999923706055,4.585000038146973,18593,0.0,0.0,0.0,ADBG,5m
2026-03-31 15:25:00-04:00,4.585000038146973,4.585000038146973,4.579999923706055,4.579999923706055,8829,0.0,0.0,0.0,ADBG,5m
2026-03-31 15:30:00-04:00,4.574999809265137,4.589900016784668,4.574999809265137,4.589900016784668,8512,0.0,0.0,0.0,ADBG,5m
2026-03-31 15:35:00-04:00,4.590000152587891,4.590000152587891,4.585000038146973,4.585000038146973,11935,0.0,0.0,0.0,ADBG,5m
2026-03-31 15:40:00-04:00,4.579999923706055,4.587699890136719,4.574999809265137,4.579999923706055,3482,0.0,0.0,0.0,ADBG,5m
2026-03-31 15:45:00-04:00,4.590000152587891,4.590000152587891,4.590000152587891,4.590000152587891,9464,0.0,0.0,0.0,ADBG,5m
2026-03-31 15:50:00-04:00,4.599999904632568,4.599999904632568,4.585000038146973,4.585000038146973,5648,0.0,0.0,0.0,ADBG,5m
2026-03-31 15:55:00-04:00,4.590000152587891,4.599999904632568,4.578000068664551,4.590000152587891,124822,0.0,0.0,0.0,ADBG,5m
2026-04-01 09:30:00-04:00,4.550000190734863,4.585000038146973,4.519999980926514,4.53000020980835,231703,0.0,0.0,0.0,ADBG,5m
2026-04-01 09:35:00-04:00,4.53000020980835,4.53000020980835,4.449999809265137,4.449999809265137,48482,0.0,0.0,0.0,ADBG,5m
2026-04-01 09:40:00-04:00,4.44980001449585,4.449999809265137,4.364999771118164,4.380000114440918,90720,0.0,0.0,0.0,ADBG,5m
2026-04-01 09:45:00-04:00,4.380000114440918,4.400000095367432,4.289999961853027,4.300000190734863,124281,0.0,0.0,0.0,ADBG,5m
2026-04-01 09:50:00-04:00,4.309999942779541,4.380000114440918,4.309999942779541,4.380000114440918,56580,0.0,0.0,0.0,ADBG,5m
2026-04-01 09:55:00-04:00,4.369999885559082,4.394999980926514,4.369999885559082,4.380000114440918,52858,0.0,0.0,0.0,ADBG,5m
2026-04-01 10:00:00-04:00,4.389999866485596,4.449999809265137,4.385000228881836,4.440000057220459,112151,0.0,0.0,0.0,ADBG,5m
2026-04-01 10:05:00-04:00,4.449999809265137,4.459799766540527,4.434999942779541,4.449999809265137,108958,0.0,0.0,0.0,ADBG,5m
2026-04-01 10:10:00-04:00,4.445000171661377,4.449999809265137,4.429999828338623,4.445000171661377,50562,0.0,0.0,0.0,ADBG,5m
2026-04-01 10:15:00-04:00,4.449999809265137,4.46999979019165,4.445000171661377,4.465000152587891,87260,0.0,0.0,0.0,ADBG,5m
2026-04-01 10:20:00-04:00,4.460000038146973,4.46999979019165,4.460000038146973,4.460000038146973,6469,0.0,0.0,0.0,ADBG,5m
2026-04-01 10:25:00-04:00,4.465000152587891,4.46999979019165,4.449999809265137,4.449999809265137,82923,0.0,0.0,0.0,ADBG,5m
2026-04-01 10:30:00-04:00,4.454999923706055,4.485000133514404,4.454999923706055,4.479899883270264,26848,0.0,0.0,0.0,ADBG,5m
2026-04-01 10:35:00-04:00,4.46999979019165,4.505000114440918,4.465000152587891,4.5,149432,0.0,0.0,0.0,ADBG,5m
2026-04-01 10:40:00-04:00,4.494999885559082,4.514999866485596,4.490099906921387,4.514999866485596,87854,0.0,0.0,0.0,ADBG,5m
2026-04-01 10:45:00-04:00,4.518499851226807,4.520100116729736,4.514999866485596,4.519999980926514,73786,0.0,0.0,0.0,ADBG,5m
2026-04-01 10:50:00-04:00,4.519999980926514,4.548799991607666,4.514999866485596,4.534999847412109,48564,0.0,0.0,0.0,ADBG,5m
2026-04-01 10:55:00-04:00,4.539999961853027,4.545000076293945,4.530099868774414,4.54010009765625,52900,0.0,0.0,0.0,ADBG,5m
2026-04-01 11:00:00-04:00,4.530099868774414,4.554999828338623,4.53000020980835,4.53000020980835,38450,0.0,0.0,0.0,ADBG,5m
2026-04-01 11:05:00-04:00,4.519999980926514,4.545000076293945,4.519999980926514,4.545000076293945,216879,0.0,0.0,0.0,ADBG,5m
2026-04-01 11:10:00-04:00,4.534999847412109,4.545000076293945,4.531599998474121,4.531599998474121,21472,0.0,0.0,0.0,ADBG,5m
2026-04-01 11:15:00-04:00,4.529799938201904,4.550000190734863,4.52839994430542,4.550000190734863,45313,0.0,0.0,0.0,ADBG,5m
2026-04-01 11:20:00-04:00,4.548900127410889,4.559999942779541,4.548900127410889,4.559999942779541,6435,0.0,0.0,0.0,ADBG,5m
2026-04-01 11:25:00-04:00,4.534999847412109,4.554999828338623,4.534999847412109,4.550000190734863,60950,0.0,0.0,0.0,ADBG,5m
2026-04-01 11:30:00-04:00,4.539899826049805,4.559999942779541,4.534999847412109,4.559800148010254,66991,0.0,0.0,0.0,ADBG,5m
2026-04-01 11:35:00-04:00,4.559999942779541,4.561399936676025,4.554999828338623,4.554999828338623,31172,0.0,0.0,0.0,ADBG,5m
2026-04-01 11:40:00-04:00,4.560100078582764,4.585000038146973,4.554999828338623,4.585000038146973,88727,0.0,0.0,0.0,ADBG,5m
2026-04-01 11:45:00-04:00,4.585000038146973,4.585000038146973,4.570000171661377,4.570000171661377,27561,0.0,0.0,0.0,ADBG,5m
2026-04-01 11:50:00-04:00,4.5680999755859375,4.5680999755859375,4.558800220489502,4.560100078582764,26666,0.0,0.0,0.0,ADBG,5m
2026-04-01 11:55:00-04:00,4.560200214385986,4.574999809265137,4.559800148010254,4.565000057220459,55354,0.0,0.0,0.0,ADBG,5m
2026-04-01 12:00:00-04:00,4.554999828338623,4.574999809265137,4.554999828338623,4.559999942779541,30127,0.0,0.0,0.0,ADBG,5m
2026-04-01 12:05:00-04:00,4.565000057220459,4.574999809265137,4.565000057220459,4.565000057220459,30789,0.0,0.0,0.0,ADBG,5m
2026-04-01 12:10:00-04:00,4.565000057220459,4.574999809265137,4.565000057220459,4.574999809265137,2933,0.0,0.0,0.0,ADBG,5m
2026-04-01 12:15:00-04:00,4.574999809265137,4.599699974060059,4.574999809265137,4.589900016784668,7343,0.0,0.0,0.0,ADBG,5m
2026-04-01 12:20:00-04:00,4.590000152587891,4.590000152587891,4.570000171661377,4.585000038146973,5755,0.0,0.0,0.0,ADBG,5m
2026-04-01 12:25:00-04:00,4.579999923706055,4.5802998542785645,4.579999923706055,4.5802998542785645,25581,0.0,0.0,0.0,ADBG,5m
2026-04-01 12:30:00-04:00,4.571899890899658,4.574999809265137,4.565000057220459,4.574999809265137,1169,0.0,0.0,0.0,ADBG,5m
2026-04-01 12:35:00-04:00,4.579800128936768,4.579999923706055,4.579800128936768,4.579999923706055,54732,0.0,0.0,0.0,ADBG,5m
2026-04-01 12:40:00-04:00,4.590000152587891,4.605000019073486,4.590000152587891,4.599800109863281,11491,0.0,0.0,0.0,ADBG,5m
2026-04-01 12:45:00-04:00,4.59499979019165,4.59499979019165,4.579999923706055,4.579999923706055,5509,0.0,0.0,0.0,ADBG,5m
2026-04-01 12:50:00-04:00,4.579699993133545,4.585000038146973,4.574999809265137,4.585000038146973,6142,0.0,0.0,0.0,ADBG,5m
2026-04-01 12:55:00-04:00,4.585000038146973,4.587800025939941,4.579699993133545,4.579699993133545,6655,0.0,0.0,0.0,ADBG,5m
2026-04-01 13:00:00-04:00,4.5792999267578125,4.580100059509277,4.570000171661377,4.580100059509277,43311,0.0,0.0,0.0,ADBG,5m
2026-04-01 13:05:00-04:00,4.579999923706055,4.579999923706055,4.574999809265137,4.574999809265137,13712,0.0,0.0,0.0,ADBG,5m
2026-04-01 13:10:00-04:00,4.579899787902832,4.585000038146973,4.579899787902832,4.579899787902832,3791,0.0,0.0,0.0,ADBG,5m
2026-04-01 13:15:00-04:00,4.574999809265137,4.574999809265137,4.559999942779541,4.559999942779541,27226,0.0,0.0,0.0,ADBG,5m
2026-04-01 13:20:00-04:00,4.559999942779541,4.560100078582764,4.554999828338623,4.554999828338623,50739,0.0,0.0,0.0,ADBG,5m
2026-04-01 13:25:00-04:00,4.559999942779541,4.567500114440918,4.554999828338623,4.560100078582764,17874,0.0,0.0,0.0,ADBG,5m
2026-04-01 13:30:00-04:00,4.554999828338623,4.554999828338623,4.554999828338623,4.554999828338623,2378,0.0,0.0,0.0,ADBG,5m
2026-04-01 13:35:00-04:00,4.559800148010254,4.559999942779541,4.550099849700928,4.559999942779541,5540,0.0,0.0,0.0,ADBG,5m
2026-04-01 13:40:00-04:00,4.565000057220459,4.569900035858154,4.559999942779541,4.559999942779541,6685,0.0,0.0,0.0,ADBG,5m
2026-04-01 13:45:00-04:00,4.554999828338623,4.560100078582764,4.554999828338623,4.560100078582764,6589,0.0,0.0,0.0,ADBG,5m
2026-04-01 13:50:00-04:00,4.559999942779541,4.559999942779541,4.54010009765625,4.54010009765625,2520,0.0,0.0,0.0,ADBG,5m
2026-04-01 13:55:00-04:00,4.539899826049805,4.54010009765625,4.539899826049805,4.54010009765625,1058,0.0,0.0,0.0,ADBG,5m
2026-04-01 14:00:00-04:00,4.534999847412109,4.545000076293945,4.534999847412109,4.539999961853027,16861,0.0,0.0,0.0,ADBG,5m
2026-04-01 14:05:00-04:00,4.550000190734863,4.559999942779541,4.550000190734863,4.559899806976318,69810,0.0,0.0,0.0,ADBG,5m
2026-04-01 14:10:00-04:00,4.554999828338623,4.554999828338623,4.550000190734863,4.550000190734863,6774,0.0,0.0,0.0,ADBG,5m
2026-04-01 14:15:00-04:00,4.545000076293945,4.545000076293945,4.534999847412109,4.545000076293945,67211,0.0,0.0,0.0,ADBG,5m
2026-04-01 14:20:00-04:00,4.539999961853027,4.539999961853027,4.520299911499023,4.525000095367432,16332,0.0,0.0,0.0,ADBG,5m
2026-04-01 14:25:00-04:00,4.525000095367432,4.539999961853027,4.525000095367432,4.530099868774414,19082,0.0,0.0,0.0,ADBG,5m
2026-04-01 14:30:00-04:00,4.539999961853027,4.545000076293945,4.539999961853027,4.545000076293945,1031,0.0,0.0,0.0,ADBG,5m
2026-04-01 14:35:00-04:00,4.534999847412109,4.539999961853027,4.534999847412109,4.539999961853027,1467,0.0,0.0,0.0,ADBG,5m
2026-04-01 14:40:00-04:00,4.539899826049805,4.539899826049805,4.525000095367432,4.525000095367432,2094,0.0,0.0,0.0,ADBG,5m
2026-04-01 14:45:00-04:00,4.53000020980835,4.53000020980835,4.525000095367432,4.525000095367432,9244,0.0,0.0,0.0,ADBG,5m
2026-04-01 14:50:00-04:00,4.519999980926514,4.530099868774414,4.514999866485596,4.530099868774414,9987,0.0,0.0,0.0,ADBG,5m
2026-04-01 15:00:00-04:00,4.53000020980835,4.53000020980835,4.525000095367432,4.525000095367432,1700,0.0,0.0,0.0,ADBG,5m
2026-04-01 15:05:00-04:00,4.519999980926514,4.519999980926514,4.5,4.5,8558,0.0,0.0,0.0,ADBG,5m
2026-04-01 15:10:00-04:00,4.505000114440918,4.505000114440918,4.5,4.505000114440918,9293,0.0,0.0,0.0,ADBG,5m
2026-04-01 15:15:00-04:00,4.510000228881836,4.510000228881836,4.510000228881836,4.510000228881836,400,0.0,0.0,0.0,ADBG,5m
2026-04-01 15:20:00-04:00,4.509900093078613,4.510000228881836,4.505000114440918,4.510000228881836,10405,0.0,0.0,0.0,ADBG,5m
2026-04-01 15:25:00-04:00,4.510000228881836,4.510000228881836,4.510000228881836,4.510000228881836,1386,0.0,0.0,0.0,ADBG,5m
2026-04-01 15:30:00-04:00,4.510000228881836,4.510000228881836,4.510000228881836,4.510000228881836,11668,0.0,0.0,0.0,ADBG,5m
2026-04-01 15:40:00-04:00,4.520199775695801,4.520199775695801,4.519999980926514,4.519999980926514,6033,0.0,0.0,0.0,ADBG,5m
2026-04-01 15:45:00-04:00,4.514999866485596,4.519999980926514,4.514999866485596,4.519999980926514,11791,0.0,0.0,0.0,ADBG,5m
2026-04-01 15:50:00-04:00,4.519999980926514,4.525000095367432,4.519999980926514,4.525000095367432,5179,0.0,0.0,0.0,ADBG,5m
2026-04-01 15:55:00-04:00,4.519999980926514,4.525000095367432,4.514999866485596,4.519999980926514,48863,0.0,0.0,0.0,ADBG,5m
2026-04-02 09:30:00-04:00,4.550000190734863,4.550000190734863,4.400000095367432,4.449999809265137,210995,0.0,0.0,0.0,ADBG,5m
2026-04-02 09:35:00-04:00,4.449999809265137,4.53000020980835,4.43209981918335,4.489999771118164,142857,0.0,0.0,0.0,ADBG,5m
2026-04-02 09:40:00-04:00,4.5,4.53000020980835,4.46999979019165,4.489999771118164,83050,0.0,0.0,0.0,ADBG,5m
2026-04-02 09:45:00-04:00,4.480000019073486,4.510000228881836,4.429999828338623,4.440000057220459,81666,0.0,0.0,0.0,ADBG,5m
2026-04-02 09:50:00-04:00,4.449999809265137,4.460000038146973,4.420000076293945,4.425000190734863,25077,0.0,0.0,0.0,ADBG,5m
2026-04-02 09:55:00-04:00,4.420000076293945,4.449699878692627,4.420000076293945,4.445000171661377,54564,0.0,0.0,0.0,ADBG,5m
2026-04-02 10:00:00-04:00,4.449999809265137,4.46999979019165,4.440000057220459,4.46999979019165,221435,0.0,0.0,0.0,ADBG,5m
2026-04-02 10:05:00-04:00,4.460000038146973,4.46999979019165,4.454999923706055,4.454999923706055,49323,0.0,0.0,0.0,ADBG,5m
2026-04-02 10:10:00-04:00,4.465000152587891,4.480000019073486,4.454999923706055,4.46999979019165,32388,0.0,0.0,0.0,ADBG,5m
2026-04-02 10:15:00-04:00,4.480000019073486,4.485000133514404,4.449999809265137,4.460000038146973,70972,0.0,0.0,0.0,ADBG,5m
2026-04-02 10:20:00-04:00,4.459199905395508,4.478000164031982,4.449999809265137,4.478000164031982,76335,0.0,0.0,0.0,ADBG,5m
2026-04-02 10:25:00-04:00,4.474999904632568,4.5100998878479,4.46999979019165,4.489999771118164,97641,0.0,0.0,0.0,ADBG,5m
2026-04-02 10:30:00-04:00,4.489999771118164,4.525000095367432,4.489999771118164,4.519999980926514,24496,0.0,0.0,0.0,ADBG,5m
2026-04-02 10:35:00-04:00,4.53000020980835,4.644999980926514,4.53000020980835,4.585000038146973,76744,0.0,0.0,0.0,ADBG,5m
2026-04-02 10:40:00-04:00,4.590000152587891,4.590000152587891,4.53000020980835,4.539999961853027,45827,0.0,0.0,0.0,ADBG,5m
2026-04-02 10:45:00-04:00,4.534999847412109,4.550000190734863,4.534999847412109,4.545000076293945,66830,0.0,0.0,0.0,ADBG,5m
2026-04-02 10:50:00-04:00,4.554999828338623,4.565000057220459,4.550000190734863,4.559999942779541,32956,0.0,0.0,0.0,ADBG,5m
2026-04-02 10:55:00-04:00,4.565000057220459,4.574999809265137,4.560100078582764,4.571599960327148,29692,0.0,0.0,0.0,ADBG,5m
2026-04-02 11:00:00-04:00,4.574999809265137,4.57859992980957,4.550099849700928,4.570000171661377,77494,0.0,0.0,0.0,ADBG,5m
2026-04-02 11:05:00-04:00,4.550300121307373,4.565000057220459,4.545000076293945,4.554999828338623,51459,0.0,0.0,0.0,ADBG,5m
2026-04-02 11:10:00-04:00,4.559100151062012,4.567599773406982,4.545000076293945,4.548600196838379,41721,0.0,0.0,0.0,ADBG,5m
2026-04-02 11:15:00-04:00,4.539999961853027,4.5518999099731445,4.539899826049805,4.540299892425537,15183,0.0,0.0,0.0,ADBG,5m
2026-04-02 11:20:00-04:00,4.519999980926514,4.519999980926514,4.490099906921387,4.514999866485596,160584,0.0,0.0,0.0,ADBG,5m
2026-04-02 11:25:00-04:00,4.509799957275391,4.525000095367432,4.505000114440918,4.525000095367432,65576,0.0,0.0,0.0,ADBG,5m
2026-04-02 11:30:00-04:00,4.53000020980835,4.530099868774414,4.525000095367432,4.525000095367432,18165,0.0,0.0,0.0,ADBG,5m
2026-04-02 11:35:00-04:00,4.53000020980835,4.53000020980835,4.53000020980835,4.53000020980835,17558,0.0,0.0,0.0,ADBG,5m
2026-04-02 11:40:00-04:00,4.505000114440918,4.514999866485596,4.505000114440918,4.510000228881836,7477,0.0,0.0,0.0,ADBG,5m
2026-04-02 11:45:00-04:00,4.51200008392334,4.51200008392334,4.505000114440918,4.505000114440918,2122,0.0,0.0,0.0,ADBG,5m
2026-04-02 11:50:00-04:00,4.5,4.520100116729736,4.489999771118164,4.519999980926514,19728,0.0,0.0,0.0,ADBG,5m
2026-04-02 11:55:00-04:00,4.528900146484375,4.528900146484375,4.510000228881836,4.519999980926514,14799,0.0,0.0,0.0,ADBG,5m
2026-04-02 12:00:00-04:00,4.52209997177124,4.525000095367432,4.519899845123291,4.525000095367432,14635,0.0,0.0,0.0,ADBG,5m
2026-04-02 12:05:00-04:00,4.519199848175049,4.519199848175049,4.519199848175049,4.519199848175049,296,0.0,0.0,0.0,ADBG,5m
2026-04-02 12:10:00-04:00,4.505000114440918,4.514999866485596,4.505000114440918,4.505000114440918,2176,0.0,0.0,0.0,ADBG,5m
2026-04-02 12:15:00-04:00,4.5,4.529900074005127,4.5,4.519999980926514,16163,0.0,0.0,0.0,ADBG,5m
2026-04-02 12:20:00-04:00,4.51140022277832,4.51140022277832,4.505000114440918,4.505000114440918,26091,0.0,0.0,0.0,ADBG,5m
2026-04-02 12:25:00-04:00,4.505000114440918,4.514999866485596,4.505000114440918,4.5100998878479,3300,0.0,0.0,0.0,ADBG,5m
2026-04-02 12:30:00-04:00,4.5,4.519999980926514,4.5,4.519999980926514,1013,0.0,0.0,0.0,ADBG,5m
2026-04-02 12:35:00-04:00,4.514999866485596,4.514999866485596,4.508699893951416,4.510000228881836,3965,0.0,0.0,0.0,ADBG,5m
2026-04-02 12:40:00-04:00,4.53000020980835,4.532400131225586,4.525000095367432,4.532400131225586,9813,0.0,0.0,0.0,ADBG,5m
2026-04-02 12:45:00-04:00,4.534999847412109,4.545000076293945,4.534999847412109,4.545000076293945,208,0.0,0.0,0.0,ADBG,5m
2026-04-02 12:50:00-04:00,4.559000015258789,4.559000015258789,4.545000076293945,4.550000190734863,12462,0.0,0.0,0.0,ADBG,5m
2026-04-02 12:55:00-04:00,4.539999961853027,4.539999961853027,4.539999961853027,4.539999961853027,0,0.0,0.0,0.0,ADBG,5m
2026-04-02 13:00:00-04:00,4.534999847412109,4.545000076293945,4.530099868774414,4.545000076293945,561,0.0,0.0,0.0,ADBG,5m
2026-04-02 13:05:00-04:00,4.528600215911865,4.530099868774414,4.528600215911865,4.530099868774414,507,0.0,0.0,0.0,ADBG,5m
2026-04-02 13:10:00-04:00,4.53000020980835,4.539999961853027,4.53000020980835,4.539999961853027,131,0.0,0.0,0.0,ADBG,5m
2026-04-02 13:15:00-04:00,4.550000190734863,4.559999942779541,4.549900054931641,4.55210018157959,4293,0.0,0.0,0.0,ADBG,5m
2026-04-02 13:20:00-04:00,4.554999828338623,4.554999828338623,4.554999828338623,4.554999828338623,4274,0.0,0.0,0.0,ADBG,5m
2026-04-02 13:25:00-04:00,4.548600196838379,4.549900054931641,4.545000076293945,4.549900054931641,1142,0.0,0.0,0.0,ADBG,5m
2026-04-02 13:30:00-04:00,4.545000076293945,4.554999828338623,4.545000076293945,4.550000190734863,1158,0.0,0.0,0.0,ADBG,5m
2026-04-02 13:35:00-04:00,4.554999828338623,4.554999828338623,4.554999828338623,4.554999828338623,336,0.0,0.0,0.0,ADBG,5m
2026-04-02 13:40:00-04:00,4.554999828338623,4.559999942779541,4.539999961853027,4.549799919128418,7750,0.0,0.0,0.0,ADBG,5m
2026-04-02 13:45:00-04:00,4.539999961853027,4.539999961853027,4.53000020980835,4.53000020980835,15212,0.0,0.0,0.0,ADBG,5m
2026-04-02 13:50:00-04:00,4.538599967956543,4.538599967956543,4.53000020980835,4.53000020980835,51876,0.0,0.0,0.0,ADBG,5m
2026-04-02 13:55:00-04:00,4.53000020980835,4.53000020980835,4.53000020980835,4.53000020980835,400,0.0,0.0,0.0,ADBG,5m
2026-04-02 14:00:00-04:00,4.539999961853027,4.545000076293945,4.539999961853027,4.54010009765625,1521,0.0,0.0,0.0,ADBG,5m
2026-04-02 14:05:00-04:00,4.549900054931641,4.549900054931641,4.549900054931641,4.549900054931641,478,0.0,0.0,0.0,ADBG,5m
2026-04-02 14:10:00-04:00,4.550099849700928,4.550099849700928,4.543300151824951,4.543300151824951,2205,0.0,0.0,0.0,ADBG,5m
2026-04-02 14:15:00-04:00,4.539999961853027,4.539999961853027,4.532100200653076,4.534999847412109,2767,0.0,0.0,0.0,ADBG,5m
2026-04-02 14:20:00-04:00,4.53000020980835,4.534999847412109,4.53000020980835,4.53000020980835,14332,0.0,0.0,0.0,ADBG,5m
2026-04-02 14:25:00-04:00,4.525000095367432,4.525000095367432,4.525000095367432,4.525000095367432,1180,0.0,0.0,0.0,ADBG,5m
2026-04-02 14:30:00-04:00,4.525000095367432,4.53000020980835,4.525000095367432,4.53000020980835,4606,0.0,0.0,0.0,ADBG,5m
2026-04-02 14:35:00-04:00,4.525000095367432,4.534999847412109,4.525000095367432,4.534999847412109,892,0.0,0.0,0.0,ADBG,5m
2026-04-02 14:40:00-04:00,4.539999961853027,4.550000190734863,4.539999961853027,4.539999961853027,35494,0.0,0.0,0.0,ADBG,5m
2026-04-02 14:50:00-04:00,4.550000190734863,4.550000190734863,4.550000190734863,4.550000190734863,1206,0.0,0.0,0.0,ADBG,5m
2026-04-02 14:55:00-04:00,4.545000076293945,4.554999828338623,4.545000076293945,4.554999828338623,324,0.0,0.0,0.0,ADBG,5m
2026-04-02 15:00:00-04:00,4.554999828338623,4.554999828338623,4.545000076293945,4.545000076293945,2282,0.0,0.0,0.0,ADBG,5m
2026-04-02 15:05:00-04:00,4.554999828338623,4.554999828338623,4.550000190734863,4.550000190734863,2541,0.0,0.0,0.0,ADBG,5m
2026-04-02 15:10:00-04:00,4.545000076293945,4.550000190734863,4.539999961853027,4.550000190734863,2026,0.0,0.0,0.0,ADBG,5m
2026-04-02 15:15:00-04:00,4.539999961853027,4.539999961853027,4.534999847412109,4.539999961853027,9553,0.0,0.0,0.0,ADBG,5m
2026-04-02 15:20:00-04:00,4.545000076293945,4.550000190734863,4.539999961853027,4.550000190734863,4137,0.0,0.0,0.0,ADBG,5m
2026-04-02 15:25:00-04:00,4.54010009765625,4.54010009765625,4.54010009765625,4.54010009765625,2013,0.0,0.0,0.0,ADBG,5m
2026-04-02 15:30:00-04:00,4.541399955749512,4.541399955749512,4.541399955749512,4.541399955749512,111,0.0,0.0,0.0,ADBG,5m
2026-04-02 15:40:00-04:00,4.539999961853027,4.539999961853027,4.539999961853027,4.539999961853027,18880,0.0,0.0,0.0,ADBG,5m
2026-04-02 15:45:00-04:00,4.539999961853027,4.539999961853027,4.539899826049805,4.539999961853027,14088,0.0,0.0,0.0,ADBG,5m
2026-04-02 15:50:00-04:00,4.559899806976318,4.559899806976318,4.554999828338623,4.554999828338623,4810,0.0,0.0,0.0,ADBG,5m
2026-04-02 15:55:00-04:00,4.565000057220459,4.579999923706055,4.565000057220459,4.579999923706055,44581,0.0,0.0,0.0,ADBG,5m
2026-04-06 09:30:00-04:00,4.579999923706055,4.599999904632568,4.545000076293945,4.545000076293945,102330,0.0,0.0,0.0,ADBG,5m
2026-04-06 09:35:00-04:00,4.525000095367432,4.534999847412109,4.46999979019165,4.525000095367432,71345,0.0,0.0,0.0,ADBG,5m
2026-04-06 09:40:00-04:00,4.525000095367432,4.554999828338623,4.510000228881836,4.554999828338623,53194,0.0,0.0,0.0,ADBG,5m
2026-04-06 09:45:00-04:00,4.554999828338623,4.614999771118164,4.554999828338623,4.614999771118164,93947,0.0,0.0,0.0,ADBG,5m
2026-04-06 09:50:00-04:00,4.599999904632568,4.625,4.590000152587891,4.625,32476,0.0,0.0,0.0,ADBG,5m
2026-04-06 09:55:00-04:00,4.630000114440918,4.659999847412109,4.630000114440918,4.659999847412109,22684,0.0,0.0,0.0,ADBG,5m
2026-04-06 10:00:00-04:00,4.690000057220459,4.690000057220459,4.667200088500977,4.679999828338623,12101,0.0,0.0,0.0,ADBG,5m
2026-04-06 10:05:00-04:00,4.659999847412109,4.679999828338623,4.65500020980835,4.675000190734863,59088,0.0,0.0,0.0,ADBG,5m
2026-04-06 10:10:00-04:00,4.650000095367432,4.707799911499023,4.650000095367432,4.679999828338623,85933,0.0,0.0,0.0,ADBG,5m
2026-04-06 10:15:00-04:00,4.695000171661377,4.704999923706055,4.690000057220459,4.690000057220459,14071,0.0,0.0,0.0,ADBG,5m
2026-04-06 10:20:00-04:00,4.684999942779541,4.691400051116943,4.684999942779541,4.691400051116943,7353,0.0,0.0,0.0,ADBG,5m
2026-04-06 10:25:00-04:00,4.699999809265137,4.700200080871582,4.690100193023682,4.695000171661377,2579,0.0,0.0,0.0,ADBG,5m
2026-04-06 10:30:00-04:00,4.690000057220459,4.695000171661377,4.670000076293945,4.670000076293945,14768,0.0,0.0,0.0,ADBG,5m
2026-04-06 10:35:00-04:00,4.679999828338623,4.684999942779541,4.650000095367432,4.650000095367432,41918,0.0,0.0,0.0,ADBG,5m
2026-04-06 10:40:00-04:00,4.650000095367432,4.650000095367432,4.630000114440918,4.630000114440918,17948,0.0,0.0,0.0,ADBG,5m
2026-04-06 10:45:00-04:00,4.630000114440918,4.630000114440918,4.619699954986572,4.619699954986572,11601,0.0,0.0,0.0,ADBG,5m
2026-04-06 10:50:00-04:00,4.614999771118164,4.614999771118164,4.59499979019165,4.605000019073486,11412,0.0,0.0,0.0,ADBG,5m
2026-04-06 10:55:00-04:00,4.605000019073486,4.625,4.605000019073486,4.625,2709,0.0,0.0,0.0,ADBG,5m
2026-04-06 11:00:00-04:00,4.614999771118164,4.614999771118164,4.605000019073486,4.605000019073486,14362,0.0,0.0,0.0,ADBG,5m
2026-04-06 11:05:00-04:00,4.6097002029418945,4.620100021362305,4.5914998054504395,4.614999771118164,50263,0.0,0.0,0.0,ADBG,5m
2026-04-06 11:10:00-04:00,4.619999885559082,4.630000114440918,4.614999771118164,4.6280999183654785,11629,0.0,0.0,0.0,ADBG,5m
2026-04-06 11:15:00-04:00,4.619999885559082,4.619999885559082,4.605000019073486,4.610099792480469,11250,0.0,0.0,0.0,ADBG,5m
2026-04-06 11:20:00-04:00,4.608699798583984,4.609899997711182,4.599999904632568,4.599999904632568,14000,0.0,0.0,0.0,ADBG,5m
2026-04-06 11:25:00-04:00,4.601799964904785,4.614999771118164,4.600100040435791,4.614999771118164,32400,0.0,0.0,0.0,ADBG,5m
2026-04-06 11:30:00-04:00,4.599899768829346,4.605000019073486,4.59499979019165,4.59499979019165,17622,0.0,0.0,0.0,ADBG,5m
2026-04-06 11:35:00-04:00,4.597700119018555,4.610000133514404,4.597700119018555,4.610000133514404,11116,0.0,0.0,0.0,ADBG,5m
2026-04-06 11:40:00-04:00,4.610000133514404,4.614999771118164,4.610000133514404,4.614999771118164,0,0.0,0.0,0.0,ADBG,5m
2026-04-06 11:45:00-04:00,4.61870002746582,4.629700183868408,4.61870002746582,4.622499942779541,1403,0.0,0.0,0.0,ADBG,5m
2026-04-06 11:50:00-04:00,4.614999771118164,4.6219000816345215,4.614999771118164,4.620100021362305,11863,0.0,0.0,0.0,ADBG,5m
2026-04-06 11:55:00-04:00,4.619900226593018,4.625,4.619900226593018,4.619999885559082,22719,0.0,0.0,0.0,ADBG,5m
2026-04-06 12:00:00-04:00,4.614999771118164,4.614999771118164,4.609899997711182,4.614999771118164,10911,0.0,0.0,0.0,ADBG,5m
2026-04-06 12:05:00-04:00,4.605000019073486,4.614999771118164,4.605000019073486,4.605000019073486,20228,0.0,0.0,0.0,ADBG,5m
2026-04-06 12:10:00-04:00,4.614999771118164,4.614999771118164,4.605000019073486,4.609899997711182,12218,0.0,0.0,0.0,ADBG,5m
2026-04-06 12:15:00-04:00,4.601900100708008,4.610000133514404,4.601900100708008,4.610000133514404,22826,0.0,0.0,0.0,ADBG,5m
2026-04-06 12:20:00-04:00,4.610000133514404,4.618100166320801,4.608099937438965,4.618100166320801,28526,0.0,0.0,0.0,ADBG,5m
2026-04-06 12:25:00-04:00,4.625,4.625,4.605000019073486,4.609899997711182,16954,0.0,0.0,0.0,ADBG,5m
2026-04-06 12:30:00-04:00,4.605000019073486,4.619999885559082,4.605000019073486,4.619999885559082,17029,0.0,0.0,0.0,ADBG,5m
2026-04-06 12:35:00-04:00,4.619800090789795,4.619800090789795,4.610000133514404,4.619699954986572,11376,0.0,0.0,0.0,ADBG,5m
2026-04-06 12:40:00-04:00,4.614999771118164,4.620100021362305,4.610099792480469,4.620100021362305,14390,0.0,0.0,0.0,ADBG,5m
2026-04-06 12:45:00-04:00,4.620100021362305,4.625,4.614999771118164,4.6219000816345215,9381,0.0,0.0,0.0,ADBG,5m
2026-04-06 12:50:00-04:00,4.619999885559082,4.619999885559082,4.610000133514404,4.614999771118164,2749,0.0,0.0,0.0,ADBG,5m
2026-04-06 13:00:00-04:00,4.614999771118164,4.614999771118164,4.614999771118164,4.614999771118164,632,0.0,0.0,0.0,ADBG,5m
2026-04-06 13:05:00-04:00,4.610000133514404,4.610000133514404,4.6097002029418945,4.6097002029418945,2180,0.0,0.0,0.0,ADBG,5m
2026-04-06 13:10:00-04:00,4.599999904632568,4.605000019073486,4.590000152587891,4.590000152587891,29657,0.0,0.0,0.0,ADBG,5m
2026-04-06 13:15:00-04:00,4.59499979019165,4.605000019073486,4.592100143432617,4.605000019073486,0,0.0,0.0,0.0,ADBG,5m
2026-04-06 13:20:00-04:00,4.599999904632568,4.599999904632568,4.599999904632568,4.599999904632568,960,0.0,0.0,0.0,ADBG,5m
2026-04-06 13:25:00-04:00,4.619699954986572,4.620100021362305,4.619699954986572,4.620100021362305,1554,0.0,0.0,0.0,ADBG,5m
2026-04-06 13:30:00-04:00,4.630000114440918,4.630000114440918,4.630000114440918,4.630000114440918,13195,0.0,0.0,0.0,ADBG,5m
2026-04-06 13:35:00-04:00,4.625,4.625,4.605000019073486,4.610000133514404,19943,0.0,0.0,0.0,ADBG,5m
2026-04-06 13:55:00-04:00,4.619999885559082,4.619999885559082,4.619999885559082,4.619999885559082,219,0.0,0.0,0.0,ADBG,5m
2026-04-06 14:00:00-04:00,4.605000019073486,4.605000019073486,4.605000019073486,4.605000019073486,2688,0.0,0.0,0.0,ADBG,5m
2026-04-06 14:10:00-04:00,4.625,4.630000114440918,4.619999885559082,4.630000114440918,8870,0.0,0.0,0.0,ADBG,5m
2026-04-06 14:15:00-04:00,4.630000114440918,4.630000114440918,4.625,4.625,1366,0.0,0.0,0.0,ADBG,5m
2026-04-06 14:20:00-04:00,4.635000228881836,4.644999980926514,4.635000228881836,4.644999980926514,13001,0.0,0.0,0.0,ADBG,5m
2026-04-06 14:30:00-04:00,4.635000228881836,4.635000228881836,4.635000228881836,4.635000228881836,250,0.0,0.0,0.0,ADBG,5m
2026-04-06 14:35:00-04:00,4.629700183868408,4.630000114440918,4.629700183868408,4.630000114440918,20254,0.0,0.0,0.0,ADBG,5m
2026-04-06 14:40:00-04:00,4.625,4.625,4.625,4.625,592,0.0,0.0,0.0,ADBG,5m
2026-04-06 14:45:00-04:00,4.625,4.629899978637695,4.625,4.629899978637695,204,0.0,0.0,0.0,ADBG,5m
2026-04-06 14:50:00-04:00,4.625,4.635000228881836,4.625,4.635000228881836,4722,0.0,0.0,0.0,ADBG,5m
2026-04-06 14:55:00-04:00,4.638700008392334,4.638700008392334,4.638700008392334,4.638700008392334,20,0.0,0.0,0.0,ADBG,5m
2026-04-06 15:00:00-04:00,4.639999866485596,4.639999866485596,4.630000114440918,4.630000114440918,1983,0.0,0.0,0.0,ADBG,5m
2026-04-06 15:05:00-04:00,4.644999980926514,4.644999980926514,4.644999980926514,4.644999980926514,1013,0.0,0.0,0.0,ADBG,5m
2026-04-06 15:10:00-04:00,4.639999866485596,4.639999866485596,4.635000228881836,4.639999866485596,3832,0.0,0.0,0.0,ADBG,5m
2026-04-06 15:15:00-04:00,4.639999866485596,4.639999866485596,4.639999866485596,4.639999866485596,2205,0.0,0.0,0.0,ADBG,5m
2026-04-06 15:25:00-04:00,4.635000228881836,4.635000228881836,4.635000228881836,4.635000228881836,400,0.0,0.0,0.0,ADBG,5m
2026-04-06 15:30:00-04:00,4.635000228881836,4.635000228881836,4.635000228881836,4.635000228881836,65,0.0,0.0,0.0,ADBG,5m
2026-04-06 15:35:00-04:00,4.630099773406982,4.63100004196167,4.630000114440918,4.630000114440918,1274,0.0,0.0,0.0,ADBG,5m
2026-04-06 15:40:00-04:00,4.625,4.625,4.625,4.625,8548,0.0,0.0,0.0,ADBG,5m
2026-04-06 15:45:00-04:00,4.640100002288818,4.640100002288818,4.639999866485596,4.639999866485596,2800,0.0,0.0,0.0,ADBG,5m
2026-04-06 15:50:00-04:00,4.644999980926514,4.644999980926514,4.635000228881836,4.635000228881836,1550,0.0,0.0,0.0,ADBG,5m
2026-04-06 15:55:00-04:00,4.624199867248535,4.635000228881836,4.624199867248535,4.630000114440918,8312,0.0,0.0,0.0,ADBG,5m
2026-04-07 09:30:00-04:00,4.639999866485596,4.639999866485596,4.590000152587891,4.599999904632568,46868,0.0,0.0,0.0,ADBG,5m
2026-04-07 09:35:00-04:00,4.570000171661377,4.585000038146973,4.525000095367432,4.525000095367432,38791,0.0,0.0,0.0,ADBG,5m
2026-04-07 09:40:00-04:00,4.529900074005127,4.565000057220459,4.519999980926514,4.545000076293945,49491,0.0,0.0,0.0,ADBG,5m
2026-04-07 09:45:00-04:00,4.545000076293945,4.574999809265137,4.539999961853027,4.574999809265137,25325,0.0,0.0,0.0,ADBG,5m
2026-04-07 09:50:00-04:00,4.579999923706055,4.579999923706055,4.579999923706055,4.579999923706055,10115,0.0,0.0,0.0,ADBG,5m
2026-04-07 09:55:00-04:00,4.590000152587891,4.59499979019165,4.585000038146973,4.585000038146973,3924,0.0,0.0,0.0,ADBG,5m
2026-04-07 10:00:00-04:00,4.570000171661377,4.570000171661377,4.559999942779541,4.559999942779541,21667,0.0,0.0,0.0,ADBG,5m
2026-04-07 10:05:00-04:00,4.53000020980835,4.539999961853027,4.514999866485596,4.519999980926514,17793,0.0,0.0,0.0,ADBG,5m
2026-04-07 10:10:00-04:00,4.525000095367432,4.525000095367432,4.505000114440918,4.505000114440918,9433,0.0,0.0,0.0,ADBG,5m
2026-04-07 10:15:00-04:00,4.505000114440918,4.505000114440918,4.489999771118164,4.494999885559082,15913,0.0,0.0,0.0,ADBG,5m
2026-04-07 10:20:00-04:00,4.494999885559082,4.5,4.485000133514404,4.489999771118164,6199,0.0,0.0,0.0,ADBG,5m
2026-04-07 10:25:00-04:00,4.5,4.5,4.489999771118164,4.494999885559082,12177,0.0,0.0,0.0,ADBG,5m
2026-04-07 10:30:00-04:00,4.499899864196777,4.5,4.494999885559082,4.494999885559082,5900,0.0,0.0,0.0,ADBG,5m
2026-04-07 10:35:00-04:00,4.489999771118164,4.499800205230713,4.485000133514404,4.4918999671936035,44036,0.0,0.0,0.0,ADBG,5m
2026-04-07 10:40:00-04:00,4.485000133514404,4.4882001876831055,4.478300094604492,4.481900215148926,36678,0.0,0.0,0.0,ADBG,5m
2026-04-07 10:45:00-04:00,4.474999904632568,4.494999885559082,4.4730000495910645,4.4730000495910645,12436,0.0,0.0,0.0,ADBG,5m
2026-04-07 10:50:00-04:00,4.465000152587891,4.474999904632568,4.461900234222412,4.469200134277344,33037,0.0,0.0,0.0,ADBG,5m
2026-04-07 10:55:00-04:00,4.461999893188477,4.47189998626709,4.460100173950195,4.460100173950195,6873,0.0,0.0,0.0,ADBG,5m
2026-04-07 11:00:00-04:00,4.454999923706055,4.465000152587891,4.442999839782715,4.458499908447266,24705,0.0,0.0,0.0,ADBG,5m
2026-04-07 11:05:00-04:00,4.449999809265137,4.458499908447266,4.422999858856201,4.458499908447266,50025,0.0,0.0,0.0,ADBG,5m
2026-04-07 11:10:00-04:00,4.454999923706055,4.460000038146973,4.445000171661377,4.449999809265137,26427,0.0,0.0,0.0,ADBG,5m
2026-04-07 11:15:00-04:00,4.480000019073486,4.480000019073486,4.469900131225586,4.479800224304199,9493,0.0,0.0,0.0,ADBG,5m
2026-04-07 11:20:00-04:00,4.468100070953369,4.468100070953369,4.454999923706055,4.460000038146973,8181,0.0,0.0,0.0,ADBG,5m
2026-04-07 11:25:00-04:00,4.45989990234375,4.469799995422363,4.454999923706055,4.468299865722656,30600,0.0,0.0,0.0,ADBG,5m
2026-04-07 11:30:00-04:00,4.480100154876709,4.4899001121521,4.470099925994873,4.480000019073486,55764,0.0,0.0,0.0,ADBG,5m
2026-04-07 11:35:00-04:00,4.485000133514404,4.491300106048584,4.474999904632568,4.490099906921387,66225,0.0,0.0,0.0,ADBG,5m
2026-04-07 11:40:00-04:00,4.485000133514404,4.490099906921387,4.485000133514404,4.485000133514404,28215,0.0,0.0,0.0,ADBG,5m
2026-04-07 11:45:00-04:00,4.4899001121521,4.494999885559082,4.485000133514404,4.491700172424316,20988,0.0,0.0,0.0,ADBG,5m
2026-04-07 11:50:00-04:00,4.494999885559082,4.505000114440918,4.494999885559082,4.499899864196777,67717,0.0,0.0,0.0,ADBG,5m
2026-04-07 11:55:00-04:00,4.489999771118164,4.494999885559082,4.465000152587891,4.470099925994873,40480,0.0,0.0,0.0,ADBG,5m
2026-04-07 12:00:00-04:00,4.479899883270264,4.514999866485596,4.465000152587891,4.485000133514404,45236,0.0,0.0,0.0,ADBG,5m
2026-04-07 12:05:00-04:00,4.465000152587891,4.480000019073486,4.465000152587891,4.479800224304199,2103,0.0,0.0,0.0,ADBG,5m
2026-04-07 12:10:00-04:00,4.474999904632568,4.4899001121521,4.474999904632568,4.480000019073486,2477,0.0,0.0,0.0,ADBG,5m
2026-04-07 12:15:00-04:00,4.479899883270264,4.480000019073486,4.479899883270264,4.480000019073486,1600,0.0,0.0,0.0,ADBG,5m
2026-04-07 12:20:00-04:00,4.474999904632568,4.489299774169922,4.474999904632568,4.489299774169922,4734,0.0,0.0,0.0,ADBG,5m
2026-04-07 12:25:00-04:00,4.480000019073486,4.485000133514404,4.480000019073486,4.485000133514404,1149,0.0,0.0,0.0,ADBG,5m
2026-04-07 12:30:00-04:00,4.487599849700928,4.487599849700928,4.477499961853027,4.480000019073486,1732,0.0,0.0,0.0,ADBG,5m
2026-04-07 12:35:00-04:00,4.480100154876709,4.480100154876709,4.479000091552734,4.479000091552734,1099,0.0,0.0,0.0,ADBG,5m
2026-04-07 12:45:00-04:00,4.488699913024902,4.494999885559082,4.488699913024902,4.4899001121521,2268,0.0,0.0,0.0,ADBG,5m
2026-04-07 12:50:00-04:00,4.494999885559082,4.499899864196777,4.485000133514404,4.499899864196777,1007,0.0,0.0,0.0,ADBG,5m
2026-04-07 13:00:00-04:00,4.480000019073486,4.482500076293945,4.474999904632568,4.482500076293945,2613,0.0,0.0,0.0,ADBG,5m
2026-04-07 13:05:00-04:00,4.480000019073486,4.480000019073486,4.46999979019165,4.46999979019165,3115,0.0,0.0,0.0,ADBG,5m
2026-04-07 13:10:00-04:00,4.45989990234375,4.46999979019165,4.45989990234375,4.46999979019165,5720,0.0,0.0,0.0,ADBG,5m
2026-04-07 13:15:00-04:00,4.46999979019165,4.46999979019165,4.454999923706055,4.454999923706055,3417,0.0,0.0,0.0,ADBG,5m
2026-04-07 13:20:00-04:00,4.460100173950195,4.460100173950195,4.460100173950195,4.460100173950195,12128,0.0,0.0,0.0,ADBG,5m
2026-04-07 13:25:00-04:00,4.46999979019165,4.46999979019165,4.465000152587891,4.465000152587891,0,0.0,0.0,0.0,ADBG,5m
2026-04-07 13:30:00-04:00,4.480000019073486,4.485000133514404,4.479100227355957,4.485000133514404,110,0.0,0.0,0.0,ADBG,5m
2026-04-07 13:35:00-04:00,4.4899001121521,4.505000114440918,4.485000133514404,4.485000133514404,2810,0.0,0.0,0.0,ADBG,5m
2026-04-07 13:40:00-04:00,4.480000019073486,4.480000019073486,4.479700088500977,4.479899883270264,2270,0.0,0.0,0.0,ADBG,5m
2026-04-07 13:45:00-04:00,4.474999904632568,4.474999904632568,4.474999904632568,4.474999904632568,48,0.0,0.0,0.0,ADBG,5m
2026-04-07 13:55:00-04:00,4.474999904632568,4.474999904632568,4.46999979019165,4.46999979019165,650,0.0,0.0,0.0,ADBG,5m
2026-04-07 14:00:00-04:00,4.460000038146973,4.46999979019165,4.460000038146973,4.460000038146973,39901,0.0,0.0,0.0,ADBG,5m
2026-04-07 14:05:00-04:00,4.469900131225586,4.469900131225586,4.449999809265137,4.449999809265137,8032,0.0,0.0,0.0,ADBG,5m
2026-04-07 14:10:00-04:00,4.449999809265137,4.449999809265137,4.449999809265137,4.449999809265137,3030,0.0,0.0,0.0,ADBG,5m
2026-04-07 14:15:00-04:00,4.449999809265137,4.45989990234375,4.449999809265137,4.45989990234375,3202,0.0,0.0,0.0,ADBG,5m
2026-04-07 14:20:00-04:00,4.449999809265137,4.449999809265137,4.440000057220459,4.445000171661377,739,0.0,0.0,0.0,ADBG,5m
2026-04-07 14:25:00-04:00,4.440000057220459,4.449999809265137,4.440000057220459,4.449999809265137,3304,0.0,0.0,0.0,ADBG,5m
2026-04-07 14:30:00-04:00,4.449999809265137,4.454999923706055,4.445000171661377,4.445000171661377,936,0.0,0.0,0.0,ADBG,5m
2026-04-07 14:35:00-04:00,4.451000213623047,4.451000213623047,4.451000213623047,4.451000213623047,873,0.0,0.0,0.0,ADBG,5m
2026-04-07 14:40:00-04:00,4.445000171661377,4.445000171661377,4.445000171661377,4.445000171661377,102,0.0,0.0,0.0,ADBG,5m
2026-04-07 14:45:00-04:00,4.440100193023682,4.440100193023682,4.440100193023682,4.440100193023682,508,0.0,0.0,0.0,ADBG,5m
2026-04-07 14:50:00-04:00,4.445000171661377,4.45989990234375,4.445000171661377,4.454999923706055,4325,0.0,0.0,0.0,ADBG,5m
2026-04-07 14:55:00-04:00,4.445000171661377,4.445000171661377,4.445000171661377,4.445000171661377,199,0.0,0.0,0.0,ADBG,5m
2026-04-07 15:00:00-04:00,4.445000171661377,4.45989990234375,4.445000171661377,4.449999809265137,1808,0.0,0.0,0.0,ADBG,5m
2026-04-07 15:05:00-04:00,4.445000171661377,4.449999809265137,4.445000171661377,4.449999809265137,5557,0.0,0.0,0.0,ADBG,5m
2026-04-07 15:10:00-04:00,4.445000171661377,4.445000171661377,4.425000190734863,4.440000057220459,7848,0.0,0.0,0.0,ADBG,5m
2026-04-07 15:15:00-04:00,4.445000171661377,4.46999979019165,4.445000171661377,4.46999979019165,4912,0.0,0.0,0.0,ADBG,5m
2026-04-07 15:20:00-04:00,4.480000019073486,4.485000133514404,4.47130012512207,4.47130012512207,4937,0.0,0.0,0.0,ADBG,5m
2026-04-07 15:25:00-04:00,4.46999979019165,4.46999979019165,4.46999979019165,4.46999979019165,595,0.0,0.0,0.0,ADBG,5m
2026-04-07 15:30:00-04:00,4.479899883270264,4.479899883270264,4.46999979019165,4.46999979019165,27277,0.0,0.0,0.0,ADBG,5m
2026-04-07 15:35:00-04:00,4.460000038146973,4.460000038146973,4.434999942779541,4.434999942779541,3417,0.0,0.0,0.0,ADBG,5m
2026-04-07 15:40:00-04:00,4.445000171661377,4.445000171661377,4.440000057220459,4.445000171661377,1782,0.0,0.0,0.0,ADBG,5m
2026-04-07 15:45:00-04:00,4.445000171661377,4.480000019073486,4.445000171661377,4.467899799346924,14517,0.0,0.0,0.0,ADBG,5m
2026-04-07 15:50:00-04:00,4.46999979019165,4.489999771118164,4.46999979019165,4.485000133514404,18430,0.0,0.0,0.0,ADBG,5m
2026-04-07 15:55:00-04:00,4.460000038146973,4.46999979019165,4.450099945068359,4.46999979019165,22864,0.0,0.0,0.0,ADBG,5m
2026-04-08 09:30:00-04:00,4.610000133514404,4.71999979019165,4.605000019073486,4.695000171661377,131930,0.0,0.0,0.0,ADBG,5m
2026-04-08 09:35:00-04:00,4.675000190734863,4.710000038146973,4.65500020980835,4.65500020980835,53064,0.0,0.0,0.0,ADBG,5m
2026-04-08 09:40:00-04:00,4.65500020980835,4.65500020980835,4.579999923706055,4.589300155639648,48065,0.0,0.0,0.0,ADBG,5m
2026-04-08 09:45:00-04:00,4.59499979019165,4.620100021362305,4.565000057220459,4.620100021362305,52783,0.0,0.0,0.0,ADBG,5m
2026-04-08 09:50:00-04:00,4.635000228881836,4.650000095367432,4.625,4.635000228881836,29797,0.0,0.0,0.0,ADBG,5m
2026-04-08 09:55:00-04:00,4.619999885559082,4.635000228881836,4.619999885559082,4.635000228881836,13374,0.0,0.0,0.0,ADBG,5m
2026-04-08 10:00:00-04:00,4.631100177764893,4.639999866485596,4.630000114440918,4.630000114440918,18474,0.0,0.0,0.0,ADBG,5m
2026-04-08 10:05:00-04:00,4.625,4.625,4.599999904632568,4.610000133514404,37378,0.0,0.0,0.0,ADBG,5m
2026-04-08 10:10:00-04:00,4.599999904632568,4.599999904632568,4.585000038146973,4.591400146484375,30284,0.0,0.0,0.0,ADBG,5m
2026-04-08 10:15:00-04:00,4.59499979019165,4.619999885559082,4.59499979019165,4.610000133514404,5346,0.0,0.0,0.0,ADBG,5m
2026-04-08 10:20:00-04:00,4.625,4.625,4.605000019073486,4.605000019073486,20619,0.0,0.0,0.0,ADBG,5m
2026-04-08 10:25:00-04:00,4.619999885559082,4.625,4.614999771118164,4.614999771118164,6258,0.0,0.0,0.0,ADBG,5m
2026-04-08 10:30:00-04:00,4.609799861907959,4.611199855804443,4.605000019073486,4.605000019073486,3012,0.0,0.0,0.0,ADBG,5m
2026-04-08 10:35:00-04:00,4.599999904632568,4.610000133514404,4.579999923706055,4.59499979019165,107669,0.0,0.0,0.0,ADBG,5m
2026-04-08 10:40:00-04:00,4.59499979019165,4.599999904632568,4.579999923706055,4.585000038146973,27510,0.0,0.0,0.0,ADBG,5m
2026-04-08 10:45:00-04:00,4.590000152587891,4.59499979019165,4.579999923706055,4.59499979019165,18828,0.0,0.0,0.0,ADBG,5m
2026-04-08 10:50:00-04:00,4.585000038146973,4.585000038146973,4.579999923706055,4.579999923706055,13783,0.0,0.0,0.0,ADBG,5m
2026-04-08 10:55:00-04:00,4.569900035858154,4.59499979019165,4.560100078582764,4.59499979019165,9608,0.0,0.0,0.0,ADBG,5m
2026-04-08 11:00:00-04:00,4.590000152587891,4.590000152587891,4.570000171661377,4.574999809265137,28946,0.0,0.0,0.0,ADBG,5m
2026-04-08 11:05:00-04:00,4.581399917602539,4.585000038146973,4.579999923706055,4.585000038146973,9461,0.0,0.0,0.0,ADBG,5m
2026-04-08 11:10:00-04:00,4.579999923706055,4.585000038146973,4.574999809265137,4.574999809265137,8347,0.0,0.0,0.0,ADBG,5m
2026-04-08 11:15:00-04:00,4.574999809265137,4.581399917602539,4.574999809265137,4.579999923706055,1060,0.0,0.0,0.0,ADBG,5m
2026-04-08 11:20:00-04:00,4.5782999992370605,4.585000038146973,4.559999942779541,4.559999942779541,48970,0.0,0.0,0.0,ADBG,5m
2026-04-08 11:25:00-04:00,4.568299770355225,4.579899787902832,4.560100078582764,4.570000171661377,49674,0.0,0.0,0.0,ADBG,5m
2026-04-08 11:30:00-04:00,4.570000171661377,4.580100059509277,4.554999828338623,4.579899787902832,26477,0.0,0.0,0.0,ADBG,5m
2026-04-08 11:35:00-04:00,4.581600189208984,4.590000152587891,4.565000057220459,4.579899787902832,20945,0.0,0.0,0.0,ADBG,5m
2026-04-08 11:40:00-04:00,4.574999809265137,4.579999923706055,4.569799900054932,4.579999923706055,37943,0.0,0.0,0.0,ADBG,5m
2026-04-08 11:45:00-04:00,4.5802001953125,4.585000038146973,4.574999809265137,4.580100059509277,32904,0.0,0.0,0.0,ADBG,5m
2026-04-08 11:50:00-04:00,4.579800128936768,4.585000038146973,4.574999809265137,4.585000038146973,6615,0.0,0.0,0.0,ADBG,5m
2026-04-08 11:55:00-04:00,4.5808000564575195,4.5808000564575195,4.574999809265137,4.574999809265137,11431,0.0,0.0,0.0,ADBG,5m
2026-04-08 12:00:00-04:00,4.5782999992370605,4.599100112915039,4.5782999992370605,4.599100112915039,16888,0.0,0.0,0.0,ADBG,5m
2026-04-08 12:05:00-04:00,4.605000019073486,4.605000019073486,4.599999904632568,4.599999904632568,8555,0.0,0.0,0.0,ADBG,5m
2026-04-08 12:10:00-04:00,4.598400115966797,4.619999885559082,4.59499979019165,4.605000019073486,33581,0.0,0.0,0.0,ADBG,5m
2026-04-08 12:15:00-04:00,4.605000019073486,4.610000133514404,4.600100040435791,4.610000133514404,16517,0.0,0.0,0.0,ADBG,5m
2026-04-08 12:20:00-04:00,4.600100040435791,4.614999771118164,4.600100040435791,4.605000019073486,51004,0.0,0.0,0.0,ADBG,5m
2026-04-08 12:25:00-04:00,4.59499979019165,4.59499979019165,4.585000038146973,4.585000038146973,3342,0.0,0.0,0.0,ADBG,5m
2026-04-08 12:30:00-04:00,4.585000038146973,4.59499979019165,4.585000038146973,4.590099811553955,3350,0.0,0.0,0.0,ADBG,5m
2026-04-08 12:35:00-04:00,4.590000152587891,4.590000152587891,4.579999923706055,4.579999923706055,7652,0.0,0.0,0.0,ADBG,5m
2026-04-08 12:40:00-04:00,4.579999923706055,4.585000038146973,4.579999923706055,4.585000038146973,16559,0.0,0.0,0.0,ADBG,5m
2026-04-08 12:45:00-04:00,4.585000038146973,4.585000038146973,4.581999778747559,4.581999778747559,3351,0.0,0.0,0.0,ADBG,5m
2026-04-08 12:50:00-04:00,4.585000038146973,4.585000038146973,4.570099830627441,4.570099830627441,2249,0.0,0.0,0.0,ADBG,5m
2026-04-08 12:55:00-04:00,4.574999809265137,4.574999809265137,4.574999809265137,4.574999809265137,1000,0.0,0.0,0.0,ADBG,5m
2026-04-08 13:00:00-04:00,4.579999923706055,4.579999923706055,4.574999809265137,4.574999809265137,695,0.0,0.0,0.0,ADBG,5m
2026-04-08 13:05:00-04:00,4.5609002113342285,4.565000057220459,4.559999942779541,4.559999942779541,3428,0.0,0.0,0.0,ADBG,5m
2026-04-08 13:10:00-04:00,4.570000171661377,4.574999809265137,4.565000057220459,4.570000171661377,2106,0.0,0.0,0.0,ADBG,5m
2026-04-08 13:15:00-04:00,4.570000171661377,4.570199966430664,4.570000171661377,4.570000171661377,965,0.0,0.0,0.0,ADBG,5m
2026-04-08 13:20:00-04:00,4.559999942779541,4.559999942779541,4.554999828338623,4.559999942779541,54757,0.0,0.0,0.0,ADBG,5m
2026-04-08 13:25:00-04:00,4.559999942779541,4.559999942779541,4.539999961853027,4.539999961853027,4130,0.0,0.0,0.0,ADBG,5m
2026-04-08 13:30:00-04:00,4.531899929046631,4.539899826049805,4.531899929046631,4.539899826049805,1111,0.0,0.0,0.0,ADBG,5m
2026-04-08 13:35:00-04:00,4.530099868774414,4.530099868774414,4.5100998878479,4.525000095367432,5087,0.0,0.0,0.0,ADBG,5m
2026-04-08 13:40:00-04:00,4.514999866485596,4.514999866485596,4.499899864196777,4.500999927520752,12886,0.0,0.0,0.0,ADBG,5m
2026-04-08 13:45:00-04:00,4.505000114440918,4.505000114440918,4.489500045776367,4.5,7123,0.0,0.0,0.0,ADBG,5m
2026-04-08 13:50:00-04:00,4.489999771118164,4.5,4.489999771118164,4.489999771118164,4709,0.0,0.0,0.0,ADBG,5m
2026-04-08 13:55:00-04:00,4.494999885559082,4.505000114440918,4.494999885559082,4.5,2773,0.0,0.0,0.0,ADBG,5m
2026-04-08 14:00:00-04:00,4.5,4.514999866485596,4.5,4.505000114440918,11413,0.0,0.0,0.0,ADBG,5m
2026-04-08 14:05:00-04:00,4.505000114440918,4.514999866485596,4.505000114440918,4.509900093078613,3669,0.0,0.0,0.0,ADBG,5m
2026-04-08 14:15:00-04:00,4.5,4.510000228881836,4.5,4.5,1675,0.0,0.0,0.0,ADBG,5m
2026-04-08 14:20:00-04:00,4.46999979019165,4.489699840545654,4.46999979019165,4.479000091552734,10044,0.0,0.0,0.0,ADBG,5m
2026-04-08 14:25:00-04:00,4.481500148773193,4.481500148773193,4.480000019073486,4.480000019073486,636,0.0,0.0,0.0,ADBG,5m
2026-04-08 14:30:00-04:00,4.4899001121521,4.4899001121521,4.485000133514404,4.485000133514404,803,0.0,0.0,0.0,ADBG,5m
2026-04-08 14:40:00-04:00,4.470099925994873,4.470099925994873,4.470099925994873,4.470099925994873,822,0.0,0.0,0.0,ADBG,5m
2026-04-08 14:45:00-04:00,4.465000152587891,4.474999904632568,4.465000152587891,4.46999979019165,60456,0.0,0.0,0.0,ADBG,5m
2026-04-08 14:50:00-04:00,4.465000152587891,4.465000152587891,4.465000152587891,4.465000152587891,1050,0.0,0.0,0.0,ADBG,5m
2026-04-08 14:55:00-04:00,4.460000038146973,4.460000038146973,4.454999923706055,4.454999923706055,1859,0.0,0.0,0.0,ADBG,5m
2026-04-08 15:00:00-04:00,4.454999923706055,4.460000038146973,4.450099945068359,4.4593000411987305,50402,0.0,0.0,0.0,ADBG,5m
2026-04-08 15:05:00-04:00,4.450099945068359,4.459700107574463,4.434999942779541,4.449999809265137,26311,0.0,0.0,0.0,ADBG,5m
2026-04-08 15:10:00-04:00,4.445000171661377,4.449999809265137,4.445000171661377,4.449999809265137,3240,0.0,0.0,0.0,ADBG,5m
2026-04-08 15:15:00-04:00,4.449999809265137,4.454999923706055,4.43310022354126,4.440000057220459,8256,0.0,0.0,0.0,ADBG,5m
2026-04-08 15:20:00-04:00,4.4369001388549805,4.4369001388549805,4.411499977111816,4.429999828338623,23447,0.0,0.0,0.0,ADBG,5m
2026-04-08 15:25:00-04:00,4.425000190734863,4.425000190734863,4.409999847412109,4.414999961853027,10741,0.0,0.0,0.0,ADBG,5m
2026-04-08 15:30:00-04:00,4.420000076293945,4.420000076293945,4.394999980926514,4.400000095367432,33497,0.0,0.0,0.0,ADBG,5m
2026-04-08 15:35:00-04:00,4.401400089263916,4.409900188446045,4.394999980926514,4.400000095367432,50626,0.0,0.0,0.0,ADBG,5m
2026-04-08 15:40:00-04:00,4.402500152587891,4.40500020980835,4.400000095367432,4.40500020980835,5309,0.0,0.0,0.0,ADBG,5m
2026-04-08 15:45:00-04:00,4.409999847412109,4.414999961853027,4.409999847412109,4.414999961853027,37017,0.0,0.0,0.0,ADBG,5m
2026-04-08 15:50:00-04:00,4.420000076293945,4.420000076293945,4.414999961853027,4.414999961853027,26244,0.0,0.0,0.0,ADBG,5m
2026-04-08 15:55:00-04:00,4.420000076293945,4.429999828338623,4.420000076293945,4.429999828338623,84618,0.0,0.0,0.0,ADBG,5m
2026-04-09 09:30:00-04:00,4.300000190734863,4.320000171661377,4.139999866485596,4.139999866485596,155409,0.0,0.0,0.0,ADBG,5m
2026-04-09 09:35:00-04:00,4.114999771118164,4.121399879455566,4.039999961853027,4.110000133514404,112892,0.0,0.0,0.0,ADBG,5m
2026-04-09 09:40:00-04:00,4.105000019073486,4.15500020980835,4.105000019073486,4.119999885559082,115242,0.0,0.0,0.0,ADBG,5m
2026-04-09 09:45:00-04:00,4.125,4.139999866485596,4.079999923706055,4.09499979019165,51925,0.0,0.0,0.0,ADBG,5m
2026-04-09 09:50:00-04:00,4.085000038146973,4.089799880981445,4.039999961853027,4.074999809265137,87603,0.0,0.0,0.0,ADBG,5m
2026-04-09 09:55:00-04:00,4.065000057220459,4.110000133514404,4.065000057220459,4.110000133514404,35180,0.0,0.0,0.0,ADBG,5m
2026-04-09 10:00:00-04:00,4.114999771118164,4.119999885559082,4.090000152587891,4.090000152587891,45405,0.0,0.0,0.0,ADBG,5m
2026-04-09 10:05:00-04:00,4.100100040435791,4.114999771118164,4.089799880981445,4.099999904632568,21089,0.0,0.0,0.0,ADBG,5m
2026-04-09 10:10:00-04:00,4.085000038146973,4.119999885559082,4.085000038146973,4.110000133514404,28967,0.0,0.0,0.0,ADBG,5m
2026-04-09 10:15:00-04:00,4.110000133514404,4.150000095367432,4.110000133514404,4.150000095367432,14808,0.0,0.0,0.0,ADBG,5m
2026-04-09 10:20:00-04:00,4.130000114440918,4.130000114440918,4.125,4.130000114440918,16614,0.0,0.0,0.0,ADBG,5m
2026-04-09 10:25:00-04:00,4.119999885559082,4.139999866485596,4.114999771118164,4.137499809265137,26603,0.0,0.0,0.0,ADBG,5m
2026-04-09 10:30:00-04:00,4.132199764251709,4.150000095367432,4.114999771118164,4.125,50135,0.0,0.0,0.0,ADBG,5m
2026-04-09 10:35:00-04:00,4.130000114440918,4.130000114440918,4.09499979019165,4.09499979019165,19981,0.0,0.0,0.0,ADBG,5m
2026-04-09 10:40:00-04:00,4.090000152587891,4.09499979019165,4.070000171661377,4.070000171661377,99524,0.0,0.0,0.0,ADBG,5m
2026-04-09 10:45:00-04:00,4.078400135040283,4.090000152587891,4.050000190734863,4.060100078582764,109536,0.0,0.0,0.0,ADBG,5m
2026-04-09 10:50:00-04:00,4.059999942779541,4.069900035858154,4.05649995803833,4.060100078582764,73412,0.0,0.0,0.0,ADBG,5m
2026-04-09 10:55:00-04:00,4.059999942779541,4.069900035858154,4.052800178527832,4.059899806976318,60807,0.0,0.0,0.0,ADBG,5m
2026-04-09 11:00:00-04:00,4.059999942779541,4.065000057220459,4.039999961853027,4.045000076293945,33252,0.0,0.0,0.0,ADBG,5m
2026-04-09 11:05:00-04:00,4.055500030517578,4.065000057220459,4.04010009765625,4.058599948883057,108417,0.0,0.0,0.0,ADBG,5m
2026-04-09 11:10:00-04:00,4.065000057220459,4.070000171661377,4.054999828338623,4.068999767303467,7568,0.0,0.0,0.0,ADBG,5m
2026-04-09 11:15:00-04:00,4.079999923706055,4.088600158691406,4.0731000900268555,4.088600158691406,59868,0.0,0.0,0.0,ADBG,5m
2026-04-09 11:20:00-04:00,4.085000038146973,4.090000152587891,4.070099830627441,4.071700096130371,36393,0.0,0.0,0.0,ADBG,5m
2026-04-09 11:25:00-04:00,4.074999809265137,4.079999923706055,4.050000190734863,4.054999828338623,55894,0.0,0.0,0.0,ADBG,5m
2026-04-09 11:30:00-04:00,4.038300037384033,4.070000171661377,4.038300037384033,4.070000171661377,67896,0.0,0.0,0.0,ADBG,5m
2026-04-09 11:35:00-04:00,4.059999942779541,4.059999942779541,4.045000076293945,4.052000045776367,5730,0.0,0.0,0.0,ADBG,5m
2026-04-09 11:40:00-04:00,4.054999828338623,4.065000057220459,4.050000190734863,4.054999828338623,14932,0.0,0.0,0.0,ADBG,5m
2026-04-09 11:45:00-04:00,4.050000190734863,4.06689977645874,4.048999786376953,4.059999942779541,9155,0.0,0.0,0.0,ADBG,5m
2026-04-09 11:50:00-04:00,4.065000057220459,4.065000057220459,4.054999828338623,4.054999828338623,4710,0.0,0.0,0.0,ADBG,5m
2026-04-09 11:55:00-04:00,4.071000099182129,4.078000068664551,4.050000190734863,4.050000190734863,17206,0.0,0.0,0.0,ADBG,5m
2026-04-09 12:00:00-04:00,4.059899806976318,4.085000038146973,4.059800148010254,4.079999923706055,11379,0.0,0.0,0.0,ADBG,5m
2026-04-09 12:05:00-04:00,4.079999923706055,4.105100154876709,4.079999923706055,4.099800109863281,30383,0.0,0.0,0.0,ADBG,5m
2026-04-09 12:10:00-04:00,4.105000019073486,4.105000019073486,4.085000038146973,4.089900016784668,7526,0.0,0.0,0.0,ADBG,5m
2026-04-09 12:15:00-04:00,4.089799880981445,4.090099811553955,4.085000038146973,4.090099811553955,2871,0.0,0.0,0.0,ADBG,5m
2026-04-09 12:20:00-04:00,4.099800109863281,4.099800109863281,4.074999809265137,4.079800128936768,12578,0.0,0.0,0.0,ADBG,5m
2026-04-09 12:25:00-04:00,4.070099830627441,4.079999923706055,4.070099830627441,4.079999923706055,6555,0.0,0.0,0.0,ADBG,5m
2026-04-09 12:30:00-04:00,4.065000057220459,4.068999767303467,4.050000190734863,4.050099849700928,13903,0.0,0.0,0.0,ADBG,5m
2026-04-09 12:35:00-04:00,4.054999828338623,4.059999942779541,4.039999961853027,4.049900054931641,33331,0.0,0.0,0.0,ADBG,5m
2026-04-09 12:40:00-04:00,4.051400184631348,4.059899806976318,4.050000190734863,4.059899806976318,5865,0.0,0.0,0.0,ADBG,5m
2026-04-09 12:45:00-04:00,4.059999942779541,4.070000171661377,4.059700012207031,4.070000171661377,1467,0.0,0.0,0.0,ADBG,5m
2026-04-09 12:50:00-04:00,4.059999942779541,4.065000057220459,4.054999828338623,4.059999942779541,63706,0.0,0.0,0.0,ADBG,5m
2026-04-09 12:55:00-04:00,4.067800045013428,4.067800045013428,4.050099849700928,4.059299945831299,2697,0.0,0.0,0.0,ADBG,5m
2026-04-09 13:00:00-04:00,4.050000190734863,4.065000057220459,4.050000190734863,4.054999828338623,12461,0.0,0.0,0.0,ADBG,5m
2026-04-09 13:05:00-04:00,4.050000190734863,4.050000190734863,4.04040002822876,4.050000190734863,2631,0.0,0.0,0.0,ADBG,5m
2026-04-09 13:10:00-04:00,4.069900035858154,4.069900035858154,4.059999942779541,4.065000057220459,2340,0.0,0.0,0.0,ADBG,5m
2026-04-09 13:15:00-04:00,4.059999942779541,4.070000171661377,4.059999942779541,4.059999942779541,25421,0.0,0.0,0.0,ADBG,5m
2026-04-09 13:20:00-04:00,4.049900054931641,4.050000190734863,4.049900054931641,4.050000190734863,1269,0.0,0.0,0.0,ADBG,5m
2026-04-09 13:25:00-04:00,4.057000160217285,4.057499885559082,4.050000190734863,4.050000190734863,4699,0.0,0.0,0.0,ADBG,5m
2026-04-09 13:30:00-04:00,4.039999961853027,4.049799919128418,4.030700206756592,4.030700206756592,5528,0.0,0.0,0.0,ADBG,5m
2026-04-09 13:35:00-04:00,4.037899971008301,4.050000190734863,4.037899971008301,4.045000076293945,32859,0.0,0.0,0.0,ADBG,5m
2026-04-09 13:40:00-04:00,4.047800064086914,4.047800064086914,4.039999961853027,4.039999961853027,6147,0.0,0.0,0.0,ADBG,5m
2026-04-09 13:45:00-04:00,4.045000076293945,4.045000076293945,4.034999847412109,4.039999961853027,2383,0.0,0.0,0.0,ADBG,5m
2026-04-09 13:50:00-04:00,4.03849983215332,4.03849983215332,4.034999847412109,4.034999847412109,5610,0.0,0.0,0.0,ADBG,5m
2026-04-09 13:55:00-04:00,4.034999847412109,4.034999847412109,4.034999847412109,4.034999847412109,1562,0.0,0.0,0.0,ADBG,5m
2026-04-09 14:00:00-04:00,4.03000020980835,4.034999847412109,4.000500202178955,4.000500202178955,21593,0.0,0.0,0.0,ADBG,5m
2026-04-09 14:05:00-04:00,4.010000228881836,4.019999980926514,4.010000228881836,4.019899845123291,37100,0.0,0.0,0.0,ADBG,5m
2026-04-09 14:10:00-04:00,4.019999980926514,4.025000095367432,4.019999980926514,4.025000095367432,1065,0.0,0.0,0.0,ADBG,5m
2026-04-09 14:15:00-04:00,4.010000228881836,4.019899845123291,4.005000114440918,4.014999866485596,7291,0.0,0.0,0.0,ADBG,5m
2026-04-09 14:20:00-04:00,4.014999866485596,4.014999866485596,4.0,4.005000114440918,2106,0.0,0.0,0.0,ADBG,5m
2026-04-09 14:25:00-04:00,4.010000228881836,4.019899845123291,4.009300231933594,4.01140022277832,8761,0.0,0.0,0.0,ADBG,5m
2026-04-09 14:30:00-04:00,4.014999866485596,4.014999866485596,4.010000228881836,4.014999866485596,2979,0.0,0.0,0.0,ADBG,5m
2026-04-09 14:35:00-04:00,4.019999980926514,4.019999980926514,4.014999866485596,4.019899845123291,1650,0.0,0.0,0.0,ADBG,5m
2026-04-09 14:40:00-04:00,4.014999866485596,4.014999866485596,4.011499881744385,4.011499881744385,1153,0.0,0.0,0.0,ADBG,5m
2026-04-09 14:45:00-04:00,4.014999866485596,4.039599895477295,4.014999866485596,4.039599895477295,7276,0.0,0.0,0.0,ADBG,5m
2026-04-09 14:50:00-04:00,4.03980016708374,4.03980016708374,4.019999980926514,4.034999847412109,2102,0.0,0.0,0.0,ADBG,5m
2026-04-09 14:55:00-04:00,4.034999847412109,4.034999847412109,4.025000095367432,4.03000020980835,67844,0.0,0.0,0.0,ADBG,5m
2026-04-09 15:00:00-04:00,4.039299964904785,4.039299964904785,4.025000095367432,4.03000020980835,24408,0.0,0.0,0.0,ADBG,5m
2026-04-09 15:05:00-04:00,4.034999847412109,4.059899806976318,4.034999847412109,4.059899806976318,13550,0.0,0.0,0.0,ADBG,5m
2026-04-09 15:10:00-04:00,4.050099849700928,4.070000171661377,4.050099849700928,4.070000171661377,159,0.0,0.0,0.0,ADBG,5m
2026-04-09 15:15:00-04:00,4.065000057220459,4.070000171661377,4.059999942779541,4.069799900054932,6314,0.0,0.0,0.0,ADBG,5m
2026-04-09 15:20:00-04:00,4.059999942779541,4.066400051116943,4.050099849700928,4.059999942779541,7099,0.0,0.0,0.0,ADBG,5m
2026-04-09 15:25:00-04:00,4.06689977645874,4.06689977645874,4.065000057220459,4.065000057220459,415,0.0,0.0,0.0,ADBG,5m
2026-04-09 15:30:00-04:00,4.070000171661377,4.074999809265137,4.065000057220459,4.065000057220459,40941,0.0,0.0,0.0,ADBG,5m
2026-04-09 15:35:00-04:00,4.059999942779541,4.069900035858154,4.051499843597412,4.051499843597412,25215,0.0,0.0,0.0,ADBG,5m
2026-04-09 15:40:00-04:00,4.050000190734863,4.050000190734863,4.045000076293945,4.050000190734863,116864,0.0,0.0,0.0,ADBG,5m
2026-04-09 15:45:00-04:00,4.054999828338623,4.059999942779541,4.054999828338623,4.059999942779541,9488,0.0,0.0,0.0,ADBG,5m
2026-04-09 15:50:00-04:00,4.070000171661377,4.090000152587891,4.070000171661377,4.087699890136719,19423,0.0,0.0,0.0,ADBG,5m
2026-04-09 15:55:00-04:00,4.085000038146973,4.090000152587891,4.085000038146973,4.085000038146973,14169,0.0,0.0,0.0,ADBG,5m
2026-04-10 09:30:00-04:00,4.090000152587891,4.110000133514404,4.03000020980835,4.039999961853027,125028,0.0,0.0,0.0,ADBG,5m
2026-04-10 09:35:00-04:00,4.034999847412109,4.054999828338623,4.019999980926514,4.03000020980835,71312,0.0,0.0,0.0,ADBG,5m
2026-04-10 09:40:00-04:00,4.034999847412109,4.039999961853027,3.9700000286102295,3.970099925994873,34070,0.0,0.0,0.0,ADBG,5m
2026-04-10 09:45:00-04:00,3.9800000190734863,3.9800000190734863,3.940000057220459,3.9500999450683594,63809,0.0,0.0,0.0,ADBG,5m
2026-04-10 09:50:00-04:00,3.950700044631958,3.950700044631958,3.8996999263763428,3.9200000762939453,66406,0.0,0.0,0.0,ADBG,5m
2026-04-10 09:55:00-04:00,3.9298999309539795,3.9600000381469727,3.9149999618530273,3.9600000381469727,45880,0.0,0.0,0.0,ADBG,5m
2026-04-10 10:00:00-04:00,3.9800000190734863,3.984999895095825,3.950000047683716,3.950000047683716,24283,0.0,0.0,0.0,ADBG,5m
2026-04-10 10:05:00-04:00,3.950000047683716,3.9549999237060547,3.944999933242798,3.949899911880493,14453,0.0,0.0,0.0,ADBG,5m
2026-04-10 10:10:00-04:00,3.9700000286102295,3.9700000286102295,3.9600000381469727,3.9600000381469727,8151,0.0,0.0,0.0,ADBG,5m
2026-04-10 10:15:00-04:00,3.9600000381469727,3.9798998832702637,3.9549999237060547,3.960099935531616,53911,0.0,0.0,0.0,ADBG,5m
2026-04-10 10:20:00-04:00,3.9649999141693115,3.9649999141693115,3.9500999450683594,3.9635000228881836,135787,0.0,0.0,0.0,ADBG,5m
2026-04-10 10:25:00-04:00,3.9565000534057617,3.9670000076293945,3.9549999237060547,3.9565999507904053,54920,0.0,0.0,0.0,ADBG,5m
2026-04-10 10:30:00-04:00,3.9649999141693115,3.9693000316619873,3.950000047683716,3.9649999141693115,22977,0.0,0.0,0.0,ADBG,5m
2026-04-10 10:35:00-04:00,3.9549999237060547,3.9700000286102295,3.944999933242798,3.9590001106262207,93998,0.0,0.0,0.0,ADBG,5m
2026-04-10 10:40:00-04:00,3.940000057220459,3.950000047683716,3.9149999618530273,3.9149999618530273,65782,0.0,0.0,0.0,ADBG,5m
2026-04-10 10:45:00-04:00,3.927999973297119,3.927999973297119,3.9000000953674316,3.9100000858306885,47602,0.0,0.0,0.0,ADBG,5m
2026-04-10 10:50:00-04:00,3.9049999713897705,3.9196999073028564,3.9000000953674316,3.9149999618530273,21537,0.0,0.0,0.0,ADBG,5m
2026-04-10 10:55:00-04:00,3.91129994392395,3.924999952316284,3.9100000858306885,3.9149999618530273,5836,0.0,0.0,0.0,ADBG,5m
2026-04-10 11:00:00-04:00,3.9149999618530273,3.9198999404907227,3.9049999713897705,3.9049999713897705,51410,0.0,0.0,0.0,ADBG,5m
2026-04-10 11:05:00-04:00,3.9049999713897705,3.9149999618530273,3.8949999809265137,3.9100000858306885,66891,0.0,0.0,0.0,ADBG,5m
2026-04-10 11:10:00-04:00,3.9100000858306885,3.924999952316284,3.9100000858306885,3.9149999618530273,72978,0.0,0.0,0.0,ADBG,5m
2026-04-10 11:15:00-04:00,3.9149999618530273,3.940000057220459,3.9100000858306885,3.934999942779541,80126,0.0,0.0,0.0,ADBG,5m
2026-04-10 11:20:00-04:00,3.934999942779541,3.940000057220459,3.924999952316284,3.940000057220459,124383,0.0,0.0,0.0,ADBG,5m
2026-04-10 11:25:00-04:00,3.930000066757202,3.930000066757202,3.920099973678589,3.928999900817871,44522,0.0,0.0,0.0,ADBG,5m
2026-04-10 11:30:00-04:00,3.9202001094818115,3.9202001094818115,3.9049999713897705,3.909899950027466,23302,0.0,0.0,0.0,ADBG,5m
2026-04-10 11:35:00-04:00,3.910099983215332,3.9298999309539795,3.910099983215332,3.9200000762939453,72059,0.0,0.0,0.0,ADBG,5m
2026-04-10 11:40:00-04:00,3.924999952316284,3.924999952316284,3.9000000953674316,3.920099973678589,56955,0.0,0.0,0.0,ADBG,5m
2026-04-10 11:45:00-04:00,3.9200000762939453,3.924999952316284,3.9200000762939453,3.924999952316284,1371,0.0,0.0,0.0,ADBG,5m
2026-04-10 11:50:00-04:00,3.9221999645233154,3.9298999309539795,3.9200000762939453,3.929800033569336,17492,0.0,0.0,0.0,ADBG,5m
2026-04-10 11:55:00-04:00,3.929800033569336,3.944999933242798,3.929800033569336,3.934999942779541,94908,0.0,0.0,0.0,ADBG,5m
2026-04-10 12:00:00-04:00,3.934999942779541,3.934999942779541,3.9200000762939453,3.930000066757202,79736,0.0,0.0,0.0,ADBG,5m
2026-04-10 12:05:00-04:00,3.9298999309539795,3.937700033187866,3.9298999309539795,3.934999942779541,20047,0.0,0.0,0.0,ADBG,5m
2026-04-10 12:10:00-04:00,3.934999942779541,3.9593000411987305,3.934999942779541,3.9593000411987305,30674,0.0,0.0,0.0,ADBG,5m
2026-04-10 12:15:00-04:00,3.9549999237060547,3.957900047302246,3.947700023651123,3.950000047683716,59983,0.0,0.0,0.0,ADBG,5m
2026-04-10 12:20:00-04:00,3.9549999237060547,3.9549999237060547,3.944999933242798,3.944999933242798,15854,0.0,0.0,0.0,ADBG,5m
2026-04-10 12:25:00-04:00,3.949899911880493,3.949899911880493,3.9498000144958496,3.9498000144958496,1679,0.0,0.0,0.0,ADBG,5m
2026-04-10 12:30:00-04:00,3.944999933242798,3.944999933242798,3.940000057220459,3.9400999546051025,16856,0.0,0.0,0.0,ADBG,5m
2026-04-10 12:40:00-04:00,3.930000066757202,3.930000066757202,3.919800043106079,3.924999952316284,2238,0.0,0.0,0.0,ADBG,5m
2026-04-10 12:45:00-04:00,3.9149999618530273,3.9149999618530273,3.9100000858306885,3.9100000858306885,2699,0.0,0.0,0.0,ADBG,5m
2026-04-10 12:50:00-04:00,3.9000000953674316,3.9049999713897705,3.9000000953674316,3.9049999713897705,51340,0.0,0.0,0.0,ADBG,5m
2026-04-10 12:55:00-04:00,3.9049999713897705,3.905900001525879,3.9049999713897705,3.9049999713897705,1203,0.0,0.0,0.0,ADBG,5m
2026-04-10 13:00:00-04:00,3.9198999404907227,3.9200000762939453,3.9049999713897705,3.909899950027466,18669,0.0,0.0,0.0,ADBG,5m
2026-04-10 13:05:00-04:00,3.9049999713897705,3.910099983215332,3.9049999713897705,3.9100000858306885,2660,0.0,0.0,0.0,ADBG,5m
2026-04-10 13:10:00-04:00,3.9149999618530273,3.9198999404907227,3.9149999618530273,3.9196999073028564,848,0.0,0.0,0.0,ADBG,5m
2026-04-10 13:15:00-04:00,3.9200000762939453,3.9296000003814697,3.9100000858306885,3.9296000003814697,1509,0.0,0.0,0.0,ADBG,5m
2026-04-10 13:20:00-04:00,3.9200000762939453,3.9200000762939453,3.9105000495910645,3.9149999618530273,1330,0.0,0.0,0.0,ADBG,5m
2026-04-10 13:25:00-04:00,3.9149999618530273,3.9179000854492188,3.911400079727173,3.9149999618530273,3626,0.0,0.0,0.0,ADBG,5m
2026-04-10 13:30:00-04:00,3.9100000858306885,3.9100000858306885,3.884999990463257,3.884999990463257,24864,0.0,0.0,0.0,ADBG,5m
2026-04-10 13:35:00-04:00,3.890000104904175,3.8949999809265137,3.884999990463257,3.8949999809265137,46075,0.0,0.0,0.0,ADBG,5m
2026-04-10 13:40:00-04:00,3.8949999809265137,3.9000000953674316,3.8949999809265137,3.8949999809265137,1685,0.0,0.0,0.0,ADBG,5m
2026-04-10 13:45:00-04:00,3.900099992752075,3.900099992752075,3.8949999809265137,3.8949999809265137,8830,0.0,0.0,0.0,ADBG,5m
2026-04-10 13:50:00-04:00,3.8996999263763428,3.8996999263763428,3.8996999263763428,3.8996999263763428,618,0.0,0.0,0.0,ADBG,5m
2026-04-10 13:55:00-04:00,3.8949999809265137,3.9000000953674316,3.890000104904175,3.8949999809265137,11703,0.0,0.0,0.0,ADBG,5m
2026-04-10 14:00:00-04:00,3.890000104904175,3.890000104904175,3.884999990463257,3.890000104904175,3405,0.0,0.0,0.0,ADBG,5m
2026-04-10 14:05:00-04:00,3.884999990463257,3.884999990463257,3.884999990463257,3.884999990463257,8558,0.0,0.0,0.0,ADBG,5m
2026-04-10 14:10:00-04:00,3.889899969100952,3.890000104904175,3.884999990463257,3.884999990463257,12433,0.0,0.0,0.0,ADBG,5m
2026-04-10 14:15:00-04:00,3.889899969100952,3.8996999263763428,3.884000062942505,3.8996999263763428,10117,0.0,0.0,0.0,ADBG,5m
2026-04-10 14:20:00-04:00,3.89739990234375,3.8998000621795654,3.8949999809265137,3.897900104522705,7421,0.0,0.0,0.0,ADBG,5m
2026-04-10 14:25:00-04:00,3.892199993133545,3.892199993133545,3.892199993133545,3.892199993133545,1700,0.0,0.0,0.0,ADBG,5m
2026-04-10 14:30:00-04:00,3.8949999809265137,3.900099992752075,3.890000104904175,3.8949999809265137,2659,0.0,0.0,0.0,ADBG,5m
2026-04-10 14:35:00-04:00,3.8901000022888184,3.8949999809265137,3.8901000022888184,3.8949999809265137,5222,0.0,0.0,0.0,ADBG,5m
2026-04-10 14:40:00-04:00,3.9000000953674316,3.9000000953674316,3.9000000953674316,3.9000000953674316,99,0.0,0.0,0.0,ADBG,5m
2026-04-10 14:45:00-04:00,3.899899959564209,3.899899959564209,3.884999990463257,3.8901000022888184,15140,0.0,0.0,0.0,ADBG,5m
2026-04-10 14:50:00-04:00,3.899899959564209,3.899899959564209,3.884999990463257,3.884999990463257,9859,0.0,0.0,0.0,ADBG,5m
2026-04-10 14:55:00-04:00,3.8887999057769775,3.890000104904175,3.8801000118255615,3.890000104904175,15878,0.0,0.0,0.0,ADBG,5m
2026-04-10 15:00:00-04:00,3.8973000049591064,3.906899929046631,3.8949999809265137,3.8949999809265137,8435,0.0,0.0,0.0,ADBG,5m
2026-04-10 15:05:00-04:00,3.899899959564209,3.9000000953674316,3.8949999809265137,3.8949999809265137,5466,0.0,0.0,0.0,ADBG,5m
2026-04-10 15:10:00-04:00,3.898699998855591,3.9049999713897705,3.898699998855591,3.9000000953674316,6056,0.0,0.0,0.0,ADBG,5m
2026-04-10 15:15:00-04:00,3.9049999713897705,3.9098000526428223,3.900099992752075,3.901700019836426,4013,0.0,0.0,0.0,ADBG,5m
2026-04-10 15:20:00-04:00,3.9000000953674316,3.9049999713897705,3.9000000953674316,3.9049999713897705,3705,0.0,0.0,0.0,ADBG,5m
2026-04-10 15:25:00-04:00,3.909899950027466,3.9100000858306885,3.9000000953674316,3.9100000858306885,30859,0.0,0.0,0.0,ADBG,5m
2026-04-10 15:30:00-04:00,3.9195001125335693,3.9195001125335693,3.9195001125335693,3.9195001125335693,0,0.0,0.0,0.0,ADBG,5m
2026-04-10 15:35:00-04:00,3.9100000858306885,3.9103000164031982,3.9000000953674316,3.9000000953674316,17651,0.0,0.0,0.0,ADBG,5m
2026-04-10 15:40:00-04:00,3.9000000953674316,3.9049999713897705,3.8949999809265137,3.9049999713897705,27268,0.0,0.0,0.0,ADBG,5m
2026-04-10 15:45:00-04:00,3.9049999713897705,3.9100000858306885,3.900099992752075,3.9100000858306885,7338,0.0,0.0,0.0,ADBG,5m
2026-04-10 15:50:00-04:00,3.9149999618530273,3.919800043106079,3.9100000858306885,3.9100000858306885,51201,0.0,0.0,0.0,ADBG,5m
2026-04-10 15:55:00-04:00,3.9100000858306885,3.9298999309539795,3.9100000858306885,3.9149999618530273,67926,0.0,0.0,0.0,ADBG,5m
2026-04-13 09:30:00-04:00,3.9800000190734863,4.019999980926514,3.9649999141693115,4.005000114440918,225349,0.0,0.0,0.0,ADBG,5m
2026-04-13 09:35:00-04:00,4.0,4.019999980926514,3.9700000286102295,4.019999980926514,56941,0.0,0.0,0.0,ADBG,5m
2026-04-13 09:40:00-04:00,4.03000020980835,4.034999847412109,4.0,4.020100116729736,19219,0.0,0.0,0.0,ADBG,5m
2026-04-13 09:45:00-04:00,4.031799793243408,4.110000133514404,4.031799793243408,4.105000019073486,62957,0.0,0.0,0.0,ADBG,5m
2026-04-13 09:50:00-04:00,4.120100021362305,4.1321001052856445,4.09499979019165,4.099999904632568,48284,0.0,0.0,0.0,ADBG,5m
2026-04-13 09:55:00-04:00,4.102399826049805,4.129899978637695,4.099999904632568,4.120100021362305,16909,0.0,0.0,0.0,ADBG,5m
2026-04-13 10:00:00-04:00,4.118599891662598,4.167699813842773,4.118599891662598,4.164999961853027,87824,0.0,0.0,0.0,ADBG,5m
2026-04-13 10:05:00-04:00,4.164999961853027,4.190000057220459,4.159999847412109,4.170000076293945,57791,0.0,0.0,0.0,ADBG,5m
2026-04-13 10:10:00-04:00,4.150000095367432,4.159999847412109,4.125,4.130000114440918,54781,0.0,0.0,0.0,ADBG,5m
2026-04-13 10:15:00-04:00,4.119999885559082,4.125,4.099999904632568,4.105000019073486,38337,0.0,0.0,0.0,ADBG,5m
2026-04-13 10:20:00-04:00,4.10129976272583,4.121799945831299,4.099999904632568,4.114999771118164,46679,0.0,0.0,0.0,ADBG,5m
2026-04-13 10:25:00-04:00,4.125,4.139999866485596,4.125,4.139999866485596,8638,0.0,0.0,0.0,ADBG,5m
2026-04-13 10:30:00-04:00,4.140900135040283,4.159999847412109,4.140900135040283,4.147200107574463,25185,0.0,0.0,0.0,ADBG,5m
2026-04-13 10:35:00-04:00,4.135000228881836,4.135000228881836,4.105000019073486,4.125,37230,0.0,0.0,0.0,ADBG,5m
2026-04-13 10:40:00-04:00,4.110000133514404,4.119999885559082,4.110000133514404,4.112100124359131,9620,0.0,0.0,0.0,ADBG,5m
2026-04-13 10:45:00-04:00,4.114999771118164,4.114999771118164,4.110000133514404,4.110000133514404,26908,0.0,0.0,0.0,ADBG,5m
2026-04-13 10:50:00-04:00,4.109899997711182,4.139999866485596,4.109899997711182,4.139999866485596,13562,0.0,0.0,0.0,ADBG,5m
2026-04-13 10:55:00-04:00,4.139699935913086,4.179999828338623,4.130099773406982,4.179999828338623,46601,0.0,0.0,0.0,ADBG,5m
2026-04-13 11:00:00-04:00,4.181000232696533,4.181000232696533,4.160299777984619,4.170000076293945,40395,0.0,0.0,0.0,ADBG,5m
2026-04-13 11:05:00-04:00,4.170000076293945,4.179900169372559,4.150000095367432,4.16349983215332,49150,0.0,0.0,0.0,ADBG,5m
2026-04-13 11:10:00-04:00,4.159999847412109,4.179999828338623,4.15500020980835,4.179999828338623,64867,0.0,0.0,0.0,ADBG,5m
2026-04-13 11:15:00-04:00,4.179900169372559,4.189000129699707,4.170000076293945,4.187900066375732,34469,0.0,0.0,0.0,ADBG,5m
2026-04-13 11:20:00-04:00,4.199999809265137,4.204999923706055,4.190000057220459,4.199999809265137,76264,0.0,0.0,0.0,ADBG,5m
2026-04-13 11:25:00-04:00,4.190000057220459,4.224999904632568,4.184999942779541,4.21999979019165,92867,0.0,0.0,0.0,ADBG,5m
2026-04-13 11:30:00-04:00,4.210100173950195,4.239999771118164,4.210100173950195,4.235000133514404,64491,0.0,0.0,0.0,ADBG,5m
2026-04-13 11:35:00-04:00,4.233500003814697,4.269700050354004,4.233500003814697,4.262499809265137,77631,0.0,0.0,0.0,ADBG,5m
2026-04-13 11:40:00-04:00,4.2600998878479,4.269999980926514,4.260000228881836,4.264999866485596,65931,0.0,0.0,0.0,ADBG,5m
2026-04-13 11:45:00-04:00,4.275000095367432,4.277699947357178,4.260200023651123,4.277699947357178,22687,0.0,0.0,0.0,ADBG,5m
2026-04-13 11:50:00-04:00,4.28000020980835,4.289999961853027,4.28000020980835,4.284999847412109,152195,0.0,0.0,0.0,ADBG,5m
2026-04-13 11:55:00-04:00,4.28000020980835,4.284999847412109,4.268400192260742,4.284999847412109,51987,0.0,0.0,0.0,ADBG,5m
2026-04-13 12:00:00-04:00,4.284999847412109,4.300000190734863,4.28000020980835,4.289999961853027,26879,0.0,0.0,0.0,ADBG,5m
2026-04-13 12:05:00-04:00,4.289999961853027,4.300099849700928,4.289899826049805,4.289999961853027,32484,0.0,0.0,0.0,ADBG,5m
2026-04-13 12:10:00-04:00,4.29010009765625,4.320000171661377,4.29010009765625,4.320000171661377,34469,0.0,0.0,0.0,ADBG,5m
2026-04-13 12:15:00-04:00,4.319300174713135,4.324999809265137,4.319300174713135,4.324999809265137,11521,0.0,0.0,0.0,ADBG,5m
2026-04-13 12:20:00-04:00,4.340000152587891,4.34499979019165,4.335000038146973,4.340000152587891,13707,0.0,0.0,0.0,ADBG,5m
2026-04-13 12:25:00-04:00,4.340000152587891,4.359899997711182,4.335000038146973,4.355000019073486,11381,0.0,0.0,0.0,ADBG,5m
2026-04-13 12:30:00-04:00,4.350299835205078,4.359899997711182,4.340099811553955,4.340099811553955,10463,0.0,0.0,0.0,ADBG,5m
2026-04-13 12:35:00-04:00,4.348999977111816,4.349999904632568,4.320000171661377,4.324999809265137,57719,0.0,0.0,0.0,ADBG,5m
2026-04-13 12:40:00-04:00,4.320000171661377,4.320000171661377,4.310100078582764,4.315000057220459,17380,0.0,0.0,0.0,ADBG,5m
2026-04-13 12:45:00-04:00,4.300000190734863,4.320000171661377,4.300000190734863,4.319699764251709,39785,0.0,0.0,0.0,ADBG,5m
2026-04-13 12:50:00-04:00,4.335000038146973,4.346399784088135,4.329999923706055,4.336900234222412,50661,0.0,0.0,0.0,ADBG,5m
2026-04-13 12:55:00-04:00,4.330100059509277,4.355000019073486,4.330100059509277,4.355000019073486,28848,0.0,0.0,0.0,ADBG,5m
2026-04-13 13:00:00-04:00,4.34499979019165,4.349999904632568,4.329999923706055,4.349999904632568,15712,0.0,0.0,0.0,ADBG,5m
2026-04-13 13:05:00-04:00,4.350100040435791,4.360000133514404,4.34499979019165,4.35099983215332,22089,0.0,0.0,0.0,ADBG,5m
2026-04-13 13:10:00-04:00,4.364999771118164,4.364999771118164,4.360099792480469,4.364999771118164,794,0.0,0.0,0.0,ADBG,5m
2026-04-13 13:15:00-04:00,4.360000133514404,4.360000133514404,4.350200176239014,4.359899997711182,6038,0.0,0.0,0.0,ADBG,5m
2026-04-13 13:20:00-04:00,4.360000133514404,4.369999885559082,4.350100040435791,4.362100124359131,4439,0.0,0.0,0.0,ADBG,5m
2026-04-13 13:25:00-04:00,4.364999771118164,4.379899978637695,4.360099792480469,4.379700183868408,35078,0.0,0.0,0.0,ADBG,5m
2026-04-13 13:30:00-04:00,4.375,4.380000114440918,4.371799945831299,4.375,4097,0.0,0.0,0.0,ADBG,5m
2026-04-13 13:35:00-04:00,4.375,4.380000114440918,4.375,4.379899978637695,12959,0.0,0.0,0.0,ADBG,5m
2026-04-13 13:40:00-04:00,4.394999980926514,4.400100231170654,4.389900207519531,4.389900207519531,58735,0.0,0.0,0.0,ADBG,5m
2026-04-13 13:45:00-04:00,4.3892998695373535,4.3892998695373535,4.3607001304626465,4.3607001304626465,6951,0.0,0.0,0.0,ADBG,5m
2026-04-13 13:50:00-04:00,4.364999771118164,4.369900226593018,4.360199928283691,4.364999771118164,11757,0.0,0.0,0.0,ADBG,5m
2026-04-13 13:55:00-04:00,4.369999885559082,4.380000114440918,4.362400054931641,4.380000114440918,5837,0.0,0.0,0.0,ADBG,5m
2026-04-13 14:00:00-04:00,4.3821001052856445,4.385000228881836,4.380000114440918,4.385000228881836,11021,0.0,0.0,0.0,ADBG,5m
2026-04-13 14:05:00-04:00,4.383299827575684,4.394999980926514,4.383299827575684,4.394999980926514,38334,0.0,0.0,0.0,ADBG,5m
2026-04-13 14:10:00-04:00,4.385000228881836,4.389999866485596,4.380000114440918,4.385000228881836,15546,0.0,0.0,0.0,ADBG,5m
2026-04-13 14:15:00-04:00,4.389900207519531,4.389900207519531,4.380000114440918,4.380000114440918,5190,0.0,0.0,0.0,ADBG,5m
2026-04-13 14:20:00-04:00,4.380000114440918,4.386899948120117,4.380000114440918,4.385000228881836,20970,0.0,0.0,0.0,ADBG,5m
2026-04-13 14:25:00-04:00,4.374100208282471,4.380000114440918,4.370100021362305,4.379799842834473,5028,0.0,0.0,0.0,ADBG,5m
2026-04-13 14:30:00-04:00,4.372200012207031,4.372499942779541,4.372200012207031,4.372499942779541,4065,0.0,0.0,0.0,ADBG,5m
2026-04-13 14:35:00-04:00,4.378699779510498,4.378699779510498,4.378699779510498,4.378699779510498,390,0.0,0.0,0.0,ADBG,5m
2026-04-13 14:45:00-04:00,4.375,4.375,4.370100021362305,4.370100021362305,3663,0.0,0.0,0.0,ADBG,5m
2026-04-13 14:50:00-04:00,4.369999885559082,4.375,4.369999885559082,4.375,620,0.0,0.0,0.0,ADBG,5m
2026-04-13 14:55:00-04:00,4.375,4.375,4.360099792480469,4.370100021362305,14378,0.0,0.0,0.0,ADBG,5m
2026-04-13 15:00:00-04:00,4.369999885559082,4.379899978637695,4.369999885559082,4.379899978637695,12638,0.0,0.0,0.0,ADBG,5m
2026-04-13 15:10:00-04:00,4.364999771118164,4.364999771118164,4.364999771118164,4.364999771118164,2699,0.0,0.0,0.0,ADBG,5m
2026-04-13 15:15:00-04:00,4.355000019073486,4.360000133514404,4.355000019073486,4.355000019073486,3171,0.0,0.0,0.0,ADBG,5m
2026-04-13 15:20:00-04:00,4.360000133514404,4.364999771118164,4.355000019073486,4.364999771118164,9594,0.0,0.0,0.0,ADBG,5m
2026-04-13 15:25:00-04:00,4.362199783325195,4.362199783325195,4.362199783325195,4.362199783325195,13183,0.0,0.0,0.0,ADBG,5m
2026-04-13 15:30:00-04:00,4.380000114440918,4.380099773406982,4.380000114440918,4.380099773406982,20305,0.0,0.0,0.0,ADBG,5m
2026-04-13 15:35:00-04:00,4.40500020980835,4.409999847412109,4.40500020980835,4.409900188446045,4719,0.0,0.0,0.0,ADBG,5m
2026-04-13 15:40:00-04:00,4.409999847412109,4.409999847412109,4.389999866485596,4.389999866485596,12876,0.0,0.0,0.0,ADBG,5m
2026-04-13 15:45:00-04:00,4.400000095367432,4.40500020980835,4.393700122833252,4.400000095367432,47525,0.0,0.0,0.0,ADBG,5m
2026-04-13 15:50:00-04:00,4.400000095367432,4.429699897766113,4.400000095367432,4.425000190734863,36880,0.0,0.0,0.0,ADBG,5m
2026-04-13 15:55:00-04:00,4.420100212097168,4.436999797821045,4.420000076293945,4.429999828338623,201669,0.0,0.0,0.0,ADBG,5m
2026-04-14 09:30:00-04:00,4.510000228881836,4.519999980926514,4.440000057220459,4.489999771118164,341024,0.0,0.0,0.0,ADBG,5m
2026-04-14 09:35:00-04:00,4.5,4.565000057220459,4.5,4.550000190734863,62428,0.0,0.0,0.0,ADBG,5m
2026-04-14 09:40:00-04:00,4.539999961853027,4.550000190734863,4.5,4.5,113220,0.0,0.0,0.0,ADBG,5m
2026-04-14 09:45:00-04:00,4.489999771118164,4.490099906921387,4.462699890136719,4.485000133514404,60099,0.0,0.0,0.0,ADBG,5m
2026-04-14 09:50:00-04:00,4.449999809265137,4.46999979019165,4.410999774932861,4.419899940490723,53720,0.0,0.0,0.0,ADBG,5m
2026-04-14 09:55:00-04:00,4.420000076293945,4.420000076293945,4.373700141906738,4.389999866485596,36196,0.0,0.0,0.0,ADBG,5m
2026-04-14 10:00:00-04:00,4.389999866485596,4.434999942779541,4.389999866485596,4.434999942779541,48937,0.0,0.0,0.0,ADBG,5m
2026-04-14 10:05:00-04:00,4.438199996948242,4.465000152587891,4.429999828338623,4.465000152587891,48207,0.0,0.0,0.0,ADBG,5m
2026-04-14 10:10:00-04:00,4.460000038146973,4.460000038146973,4.440199851989746,4.445000171661377,11779,0.0,0.0,0.0,ADBG,5m
2026-04-14 10:15:00-04:00,4.440000057220459,4.445000171661377,4.440000057220459,4.440000057220459,19040,0.0,0.0,0.0,ADBG,5m
2026-04-14 10:20:00-04:00,4.440999984741211,4.446000099182129,4.431700229644775,4.440000057220459,23231,0.0,0.0,0.0,ADBG,5m
2026-04-14 10:25:00-04:00,4.445000171661377,4.448999881744385,4.440100193023682,4.440100193023682,10185,0.0,0.0,0.0,ADBG,5m
2026-04-14 10:30:00-04:00,4.445000171661377,4.448599815368652,4.440000057220459,4.445000171661377,14445,0.0,0.0,0.0,ADBG,5m
2026-04-14 10:35:00-04:00,4.441100120544434,4.449999809265137,4.429999828338623,4.429999828338623,15000,0.0,0.0,0.0,ADBG,5m
2026-04-14 10:40:00-04:00,4.431399822235107,4.440000057220459,4.425000190734863,4.430099964141846,49407,0.0,0.0,0.0,ADBG,5m
2026-04-14 10:45:00-04:00,4.420400142669678,4.434999942779541,4.414999961853027,4.414999961853027,52131,0.0,0.0,0.0,ADBG,5m
2026-04-14 10:50:00-04:00,4.414999961853027,4.415999889373779,4.403200149536133,4.410299777984619,49020,0.0,0.0,0.0,ADBG,5m
2026-04-14 10:55:00-04:00,4.414999961853027,4.415800094604492,4.40500020980835,4.409900188446045,33782,0.0,0.0,0.0,ADBG,5m
2026-04-14 11:00:00-04:00,4.40500020980835,4.419899940490723,4.400000095367432,4.419899940490723,34078,0.0,0.0,0.0,ADBG,5m
2026-04-14 11:05:00-04:00,4.414999961853027,4.414999961853027,4.410099983215332,4.410099983215332,8896,0.0,0.0,0.0,ADBG,5m
2026-04-14 11:10:00-04:00,4.400000095367432,4.400100231170654,4.389999866485596,4.390100002288818,50375,0.0,0.0,0.0,ADBG,5m
2026-04-14 11:15:00-04:00,4.389999866485596,4.390200138092041,4.3831000328063965,4.3831000328063965,14360,0.0,0.0,0.0,ADBG,5m
2026-04-14 11:20:00-04:00,4.380000114440918,4.389999866485596,4.380000114440918,4.389999866485596,8651,0.0,0.0,0.0,ADBG,5m
2026-04-14 11:25:00-04:00,4.389999866485596,4.40500020980835,4.389999866485596,4.40500020980835,47239,0.0,0.0,0.0,ADBG,5m
2026-04-14 11:30:00-04:00,4.40500020980835,4.420100212097168,4.40500020980835,4.420100212097168,60088,0.0,0.0,0.0,ADBG,5m
2026-04-14 11:35:00-04:00,4.417099952697754,4.417099952697754,4.414999961853027,4.414999961853027,387,0.0,0.0,0.0,ADBG,5m
2026-04-14 11:40:00-04:00,4.414999961853027,4.420000076293945,4.409900188446045,4.409900188446045,6063,0.0,0.0,0.0,ADBG,5m
2026-04-14 11:45:00-04:00,4.409999847412109,4.414999961853027,4.40500020980835,4.410299777984619,47836,0.0,0.0,0.0,ADBG,5m
2026-04-14 11:50:00-04:00,4.414999961853027,4.425000190734863,4.414999961853027,4.423500061035156,38388,0.0,0.0,0.0,ADBG,5m
2026-04-14 11:55:00-04:00,4.415800094604492,4.415800094604492,4.415800094604492,4.415800094604492,503,0.0,0.0,0.0,ADBG,5m
2026-04-14 12:00:00-04:00,4.420000076293945,4.427299976348877,4.420000076293945,4.427000045776367,6674,0.0,0.0,0.0,ADBG,5m
2026-04-14 12:05:00-04:00,4.420000076293945,4.425000190734863,4.420000076293945,4.425000190734863,2572,0.0,0.0,0.0,ADBG,5m
2026-04-14 12:10:00-04:00,4.414999961853027,4.425000190734863,4.409999847412109,4.425000190734863,2965,0.0,0.0,0.0,ADBG,5m
2026-04-14 12:15:00-04:00,4.425000190734863,4.425000190734863,4.424300193786621,4.424300193786621,1306,0.0,0.0,0.0,ADBG,5m
2026-04-14 12:20:00-04:00,4.434999942779541,4.440000057220459,4.434999942779541,4.440000057220459,11448,0.0,0.0,0.0,ADBG,5m
2026-04-14 12:25:00-04:00,4.440000057220459,4.440000057220459,4.440000057220459,4.440000057220459,6289,0.0,0.0,0.0,ADBG,5m
2026-04-14 12:30:00-04:00,4.434999942779541,4.445000171661377,4.434999942779541,4.445000171661377,6960,0.0,0.0,0.0,ADBG,5m
2026-04-14 12:35:00-04:00,4.440299987792969,4.440299987792969,4.440000057220459,4.440000057220459,1620,0.0,0.0,0.0,ADBG,5m
2026-04-14 12:40:00-04:00,4.445000171661377,4.445000171661377,4.434999942779541,4.434999942779541,2700,0.0,0.0,0.0,ADBG,5m
2026-04-14 12:45:00-04:00,4.440000057220459,4.440000057220459,4.440000057220459,4.440000057220459,11496,0.0,0.0,0.0,ADBG,5m
2026-04-14 12:50:00-04:00,4.440000057220459,4.445000171661377,4.434800148010254,4.434999942779541,0,0.0,0.0,0.0,ADBG,5m
2026-04-14 12:55:00-04:00,4.434700012207031,4.445000171661377,4.434700012207031,4.445000171661377,3452,0.0,0.0,0.0,ADBG,5m
2026-04-14 13:00:00-04:00,4.440100193023682,4.440100193023682,4.440100193023682,4.440100193023682,1356,0.0,0.0,0.0,ADBG,5m
2026-04-14 13:05:00-04:00,4.435999870300293,4.439899921417236,4.434999942779541,4.434999942779541,3545,0.0,0.0,0.0,ADBG,5m
2026-04-14 13:10:00-04:00,4.440000057220459,4.449999809265137,4.439899921417236,4.449999809265137,7683,0.0,0.0,0.0,ADBG,5m
2026-04-14 13:15:00-04:00,4.449900150299072,4.449999809265137,4.449699878692627,4.449999809265137,3070,0.0,0.0,0.0,ADBG,5m
2026-04-14 13:20:00-04:00,4.448999881744385,4.448999881744385,4.442399978637695,4.442399978637695,0,0.0,0.0,0.0,ADBG,5m
2026-04-14 13:25:00-04:00,4.440299987792969,4.440299987792969,4.440000057220459,4.440100193023682,17244,0.0,0.0,0.0,ADBG,5m
2026-04-14 13:30:00-04:00,4.441400051116943,4.465000152587891,4.441400051116943,4.465000152587891,15742,0.0,0.0,0.0,ADBG,5m
2026-04-14 13:35:00-04:00,4.460299968719482,4.460299968719482,4.449999809265137,4.450099945068359,6899,0.0,0.0,0.0,ADBG,5m
2026-04-14 13:40:00-04:00,4.454999923706055,4.454999923706055,4.454999923706055,4.454999923706055,0,0.0,0.0,0.0,ADBG,5m
2026-04-14 13:45:00-04:00,4.459799766540527,4.465000152587891,4.454999923706055,4.464200019836426,6282,0.0,0.0,0.0,ADBG,5m
2026-04-14 13:50:00-04:00,4.464200019836426,4.464200019836426,4.464200019836426,4.464200019836426,474,0.0,0.0,0.0,ADBG,5m
2026-04-14 13:55:00-04:00,4.460000038146973,4.460000038146973,4.369999885559082,4.380000114440918,267103,0.0,0.0,0.0,ADBG,5m
2026-04-14 14:00:00-04:00,4.364999771118164,4.369999885559082,4.235000133514404,4.255000114440918,856977,0.0,0.0,0.0,ADBG,5m
2026-04-14 14:05:00-04:00,4.257299900054932,4.264999866485596,4.180099964141846,4.217800140380859,483537,0.0,0.0,0.0,ADBG,5m
2026-04-14 14:10:00-04:00,4.215000152587891,4.264999866485596,4.208499908447266,4.235000133514404,310019,0.0,0.0,0.0,ADBG,5m
2026-04-14 14:15:00-04:00,4.235000133514404,4.25,4.235000133514404,4.239999771118164,120951,0.0,0.0,0.0,ADBG,5m
2026-04-14 14:20:00-04:00,4.239999771118164,4.246699810028076,4.21999979019165,4.239999771118164,110111,0.0,0.0,0.0,ADBG,5m
2026-04-14 14:25:00-04:00,4.245200157165527,4.260000228881836,4.245200157165527,4.260000228881836,44153,0.0,0.0,0.0,ADBG,5m
2026-04-14 14:30:00-04:00,4.260000228881836,4.28000020980835,4.260000228881836,4.275000095367432,52274,0.0,0.0,0.0,ADBG,5m
2026-04-14 14:35:00-04:00,4.279799938201904,4.284999847412109,4.2667999267578125,4.2667999267578125,31516,0.0,0.0,0.0,ADBG,5m
2026-04-14 14:40:00-04:00,4.269999980926514,4.275000095367432,4.25,4.260000228881836,57634,0.0,0.0,0.0,ADBG,5m
2026-04-14 14:45:00-04:00,4.25,4.25600004196167,4.25,4.25,14065,0.0,0.0,0.0,ADBG,5m
2026-04-14 14:50:00-04:00,4.249199867248535,4.249199867248535,4.235000133514404,4.241399765014648,4915,0.0,0.0,0.0,ADBG,5m
2026-04-14 14:55:00-04:00,4.248600006103516,4.260000228881836,4.240499973297119,4.260000228881836,5569,0.0,0.0,0.0,ADBG,5m
2026-04-14 15:00:00-04:00,4.2600998878479,4.2600998878479,4.244999885559082,4.244999885559082,43353,0.0,0.0,0.0,ADBG,5m
2026-04-14 15:05:00-04:00,4.244999885559082,4.255000114440918,4.230000019073486,4.230000019073486,18670,0.0,0.0,0.0,ADBG,5m
2026-04-14 15:10:00-04:00,4.2399001121521,4.249899864196777,4.231400012969971,4.249899864196777,14665,0.0,0.0,0.0,ADBG,5m
2026-04-14 15:15:00-04:00,4.257400035858154,4.264999866485596,4.255000114440918,4.264999866485596,2282,0.0,0.0,0.0,ADBG,5m
2026-04-14 15:20:00-04:00,4.255000114440918,4.260000228881836,4.25,4.260000228881836,6009,0.0,0.0,0.0,ADBG,5m
2026-04-14 15:25:00-04:00,4.270100116729736,4.270100116729736,4.264999866485596,4.264999866485596,3025,0.0,0.0,0.0,ADBG,5m
2026-04-14 15:30:00-04:00,4.275000095367432,4.279900074005127,4.264999866485596,4.269999980926514,40771,0.0,0.0,0.0,ADBG,5m
2026-04-14 15:35:00-04:00,4.270100116729736,4.270100116729736,4.270100116729736,4.270100116729736,2454,0.0,0.0,0.0,ADBG,5m
2026-04-14 15:40:00-04:00,4.275000095367432,4.275000095367432,4.261899948120117,4.263500213623047,11008,0.0,0.0,0.0,ADBG,5m
2026-04-14 15:45:00-04:00,4.269999980926514,4.275100231170654,4.269999980926514,4.275100231170654,17369,0.0,0.0,0.0,ADBG,5m
2026-04-14 15:50:00-04:00,4.275000095367432,4.275000095367432,4.25,4.255000114440918,29335,0.0,0.0,0.0,ADBG,5m
2026-04-14 15:55:00-04:00,4.260000228881836,4.269899845123291,4.260000228881836,4.264999866485596,48729,0.0,0.0,0.0,ADBG,5m
2026-04-15 09:30:00-04:00,4.46999979019165,4.519999980926514,4.389999866485596,4.5,223766,0.0,0.0,0.0,ADBG,5m
2026-04-15 09:35:00-04:00,4.500199794769287,4.59499979019165,4.490099906921387,4.550000190734863,154196,0.0,0.0,0.0,ADBG,5m
2026-04-15 09:40:00-04:00,4.550000190734863,4.574999809265137,4.5,4.505000114440918,102458,0.0,0.0,0.0,ADBG,5m
2026-04-15 09:45:00-04:00,4.494999885559082,4.510000228881836,4.489999771118164,4.499800205230713,45673,0.0,0.0,0.0,ADBG,5m
2026-04-15 09:50:00-04:00,4.510000228881836,4.525000095367432,4.500100135803223,4.525000095367432,22170,0.0,0.0,0.0,ADBG,5m
2026-04-15 09:55:00-04:00,4.514999866485596,4.519999980926514,4.505000114440918,4.514999866485596,11672,0.0,0.0,0.0,ADBG,5m
2026-04-15 10:00:00-04:00,4.510000228881836,4.510000228881836,4.485000133514404,4.485000133514404,42915,0.0,0.0,0.0,ADBG,5m
2026-04-15 10:05:00-04:00,4.485000133514404,4.529900074005127,4.485000133514404,4.529900074005127,20747,0.0,0.0,0.0,ADBG,5m
2026-04-15 10:10:00-04:00,4.525000095367432,4.539999961853027,4.519999980926514,4.539999961853027,25704,0.0,0.0,0.0,ADBG,5m
2026-04-15 10:15:00-04:00,4.539999961853027,4.559899806976318,4.534999847412109,4.534999847412109,13383,0.0,0.0,0.0,ADBG,5m
2026-04-15 10:20:00-04:00,4.53849983215332,4.53849983215332,4.505000114440918,4.519899845123291,22347,0.0,0.0,0.0,ADBG,5m
2026-04-15 10:25:00-04:00,4.510000228881836,4.514999866485596,4.5,4.510000228881836,61641,0.0,0.0,0.0,ADBG,5m
2026-04-15 10:30:00-04:00,4.510900020599365,4.529900074005127,4.510000228881836,4.5100998878479,85509,0.0,0.0,0.0,ADBG,5m
2026-04-15 10:35:00-04:00,4.519899845123291,4.519899845123291,4.491499900817871,4.491499900817871,37375,0.0,0.0,0.0,ADBG,5m
2026-04-15 10:40:00-04:00,4.505000114440918,4.510000228881836,4.485000133514404,4.5,80820,0.0,0.0,0.0,ADBG,5m
2026-04-15 10:45:00-04:00,4.480000019073486,4.494999885559082,4.480000019073486,4.494999885559082,5122,0.0,0.0,0.0,ADBG,5m
2026-04-15 10:50:00-04:00,4.494999885559082,4.500100135803223,4.489799976348877,4.500100135803223,69804,0.0,0.0,0.0,ADBG,5m
2026-04-15 10:55:00-04:00,4.510000228881836,4.520100116729736,4.494999885559082,4.520100116729736,35394,0.0,0.0,0.0,ADBG,5m
2026-04-15 11:00:00-04:00,4.525000095367432,4.545000076293945,4.525000095367432,4.539999961853027,57466,0.0,0.0,0.0,ADBG,5m
2026-04-15 11:05:00-04:00,4.545000076293945,4.554999828338623,4.54010009765625,4.545000076293945,59795,0.0,0.0,0.0,ADBG,5m
2026-04-15 11:10:00-04:00,4.550000190734863,4.559299945831299,4.545000076293945,4.554999828338623,45992,0.0,0.0,0.0,ADBG,5m
2026-04-15 11:15:00-04:00,4.550300121307373,4.569900035858154,4.550099849700928,4.559999942779541,68292,0.0,0.0,0.0,ADBG,5m
2026-04-15 11:20:00-04:00,4.569799900054932,4.574999809265137,4.565000057220459,4.571199893951416,20300,0.0,0.0,0.0,ADBG,5m
2026-04-15 11:25:00-04:00,4.579999923706055,4.609899997711182,4.574999809265137,4.605000019073486,120449,0.0,0.0,0.0,ADBG,5m
2026-04-15 11:30:00-04:00,4.6020002365112305,4.605999946594238,4.593900203704834,4.599999904632568,22368,0.0,0.0,0.0,ADBG,5m
2026-04-15 11:35:00-04:00,4.599899768829346,4.610000133514404,4.594399929046631,4.599999904632568,22386,0.0,0.0,0.0,ADBG,5m
2026-04-15 11:40:00-04:00,4.59499979019165,4.59499979019165,4.579999923706055,4.590099811553955,11471,0.0,0.0,0.0,ADBG,5m
2026-04-15 11:45:00-04:00,4.589900016784668,4.590000152587891,4.574999809265137,4.580100059509277,22582,0.0,0.0,0.0,ADBG,5m
2026-04-15 11:50:00-04:00,4.59499979019165,4.609899997711182,4.59499979019165,4.609899997711182,21194,0.0,0.0,0.0,ADBG,5m
2026-04-15 11:55:00-04:00,4.609899997711182,4.617700099945068,4.605000019073486,4.610000133514404,7112,0.0,0.0,0.0,ADBG,5m
2026-04-15 12:00:00-04:00,4.609899997711182,4.609899997711182,4.599999904632568,4.600100040435791,20373,0.0,0.0,0.0,ADBG,5m
2026-04-15 12:05:00-04:00,4.599999904632568,4.599999904632568,4.599999904632568,4.599999904632568,8737,0.0,0.0,0.0,ADBG,5m
2026-04-15 12:10:00-04:00,4.599999904632568,4.605000019073486,4.590000152587891,4.593900203704834,24226,0.0,0.0,0.0,ADBG,5m
2026-04-15 12:15:00-04:00,4.59499979019165,4.59499979019165,4.579999923706055,4.579999923706055,17728,0.0,0.0,0.0,ADBG,5m
2026-04-15 12:20:00-04:00,4.585000038146973,4.585000038146973,4.585000038146973,4.585000038146973,630,0.0,0.0,0.0,ADBG,5m
2026-04-15 12:25:00-04:00,4.579999923706055,4.579999923706055,4.570099830627441,4.574999809265137,7653,0.0,0.0,0.0,ADBG,5m
2026-04-15 12:30:00-04:00,4.574999809265137,4.574999809265137,4.570300102233887,4.570300102233887,1902,0.0,0.0,0.0,ADBG,5m
2026-04-15 12:35:00-04:00,4.574999809265137,4.5792999267578125,4.570000171661377,4.5792999267578125,4284,0.0,0.0,0.0,ADBG,5m
2026-04-15 12:40:00-04:00,4.559999942779541,4.559999942779541,4.542600154876709,4.542600154876709,9823,0.0,0.0,0.0,ADBG,5m
2026-04-15 12:45:00-04:00,4.545000076293945,4.559999942779541,4.54010009765625,4.559999942779541,14443,0.0,0.0,0.0,ADBG,5m
2026-04-15 12:50:00-04:00,4.570000171661377,4.589099884033203,4.570000171661377,4.574999809265137,10421,0.0,0.0,0.0,ADBG,5m
2026-04-15 12:55:00-04:00,4.565000057220459,4.578800201416016,4.559999942779541,4.578800201416016,26153,0.0,0.0,0.0,ADBG,5m
2026-04-15 13:00:00-04:00,4.570000171661377,4.570000171661377,4.565000057220459,4.565000057220459,317,0.0,0.0,0.0,ADBG,5m
2026-04-15 13:05:00-04:00,4.569900035858154,4.569900035858154,4.550099849700928,4.551599979400635,7332,0.0,0.0,0.0,ADBG,5m
2026-04-15 13:10:00-04:00,4.552999973297119,4.558000087738037,4.551499843597412,4.558000087738037,2825,0.0,0.0,0.0,ADBG,5m
2026-04-15 13:15:00-04:00,4.554999828338623,4.554999828338623,4.553500175476074,4.553500175476074,827,0.0,0.0,0.0,ADBG,5m
2026-04-15 13:20:00-04:00,4.554999828338623,4.55649995803833,4.554999828338623,4.554999828338623,5713,0.0,0.0,0.0,ADBG,5m
2026-04-15 13:25:00-04:00,4.559999942779541,4.570000171661377,4.559999942779541,4.565000057220459,15750,0.0,0.0,0.0,ADBG,5m
2026-04-15 13:30:00-04:00,4.574999809265137,4.590000152587891,4.574999809265137,4.585000038146973,9770,0.0,0.0,0.0,ADBG,5m
2026-04-15 13:35:00-04:00,4.589700222015381,4.589700222015381,4.570000171661377,4.570000171661377,2117,0.0,0.0,0.0,ADBG,5m
2026-04-15 13:40:00-04:00,4.579999923706055,4.579999923706055,4.579999923706055,4.579999923706055,44833,0.0,0.0,0.0,ADBG,5m
2026-04-15 13:45:00-04:00,4.573299884796143,4.579899787902832,4.559999942779541,4.559999942779541,6897,0.0,0.0,0.0,ADBG,5m
2026-04-15 13:50:00-04:00,4.569699764251709,4.569699764251709,4.557400226593018,4.559999942779541,23780,0.0,0.0,0.0,ADBG,5m
2026-04-15 14:00:00-04:00,4.559999942779541,4.565100193023682,4.559999942779541,4.565100193023682,9597,0.0,0.0,0.0,ADBG,5m
2026-04-15 14:05:00-04:00,4.579999923706055,4.5854997634887695,4.579999923706055,4.5854997634887695,890,0.0,0.0,0.0,ADBG,5m
2026-04-15 14:10:00-04:00,4.590000152587891,4.59499979019165,4.585000038146973,4.590000152587891,2557,0.0,0.0,0.0,ADBG,5m
2026-04-15 14:15:00-04:00,4.590099811553955,4.590099811553955,4.580100059509277,4.580100059509277,12133,0.0,0.0,0.0,ADBG,5m
2026-04-15 14:20:00-04:00,4.590000152587891,4.590000152587891,4.590000152587891,4.590000152587891,1101,0.0,0.0,0.0,ADBG,5m
2026-04-15 14:25:00-04:00,4.585000038146973,4.585000038146973,4.585000038146973,4.585000038146973,600,0.0,0.0,0.0,ADBG,5m
2026-04-15 14:30:00-04:00,4.590000152587891,4.610000133514404,4.590000152587891,4.605000019073486,21886,0.0,0.0,0.0,ADBG,5m
2026-04-15 14:35:00-04:00,4.605000019073486,4.605000019073486,4.585000038146973,4.585000038146973,5066,0.0,0.0,0.0,ADBG,5m
2026-04-15 14:40:00-04:00,4.590099811553955,4.59499979019165,4.590099811553955,4.59499979019165,9372,0.0,0.0,0.0,ADBG,5m
2026-04-15 14:45:00-04:00,4.599899768829346,4.599999904632568,4.599899768829346,4.599999904632568,6374,0.0,0.0,0.0,ADBG,5m
2026-04-15 14:50:00-04:00,4.603499889373779,4.614999771118164,4.603499889373779,4.614999771118164,1249,0.0,0.0,0.0,ADBG,5m
2026-04-15 14:55:00-04:00,4.619999885559082,4.630099773406982,4.619999885559082,4.629300117492676,13933,0.0,0.0,0.0,ADBG,5m
2026-04-15 15:00:00-04:00,4.629799842834473,4.635000228881836,4.625,4.630000114440918,14062,0.0,0.0,0.0,ADBG,5m
2026-04-15 15:05:00-04:00,4.625,4.630000114440918,4.625,4.629899978637695,6877,0.0,0.0,0.0,ADBG,5m
2026-04-15 15:10:00-04:00,4.625,4.625,4.616000175476074,4.616000175476074,1564,0.0,0.0,0.0,ADBG,5m
2026-04-15 15:15:00-04:00,4.619900226593018,4.619900226593018,4.59499979019165,4.59499979019165,5001,0.0,0.0,0.0,ADBG,5m
2026-04-15 15:20:00-04:00,4.590700149536133,4.609899997711182,4.590700149536133,4.606900215148926,5619,0.0,0.0,0.0,ADBG,5m
2026-04-15 15:25:00-04:00,4.600100040435791,4.605500221252441,4.600100040435791,4.605500221252441,605,0.0,0.0,0.0,ADBG,5m
2026-04-15 15:30:00-04:00,4.610000133514404,4.610000133514404,4.610000133514404,4.610000133514404,21939,0.0,0.0,0.0,ADBG,5m
2026-04-15 15:35:00-04:00,4.61929988861084,4.619999885559082,4.614999771118164,4.614999771118164,10396,0.0,0.0,0.0,ADBG,5m
2026-04-15 15:40:00-04:00,4.617400169372559,4.617400169372559,4.617400169372559,4.617400169372559,1206,0.0,0.0,0.0,ADBG,5m
2026-04-15 15:45:00-04:00,4.610000133514404,4.610000133514404,4.609799861907959,4.610000133514404,6453,0.0,0.0,0.0,ADBG,5m
2026-04-15 15:50:00-04:00,4.605000019073486,4.610000133514404,4.599899768829346,4.599899768829346,37591,0.0,0.0,0.0,ADBG,5m
2026-04-15 15:55:00-04:00,4.585000038146973,4.599899768829346,4.579999923706055,4.590000152587891,23294,0.0,0.0,0.0,ADBG,5m
2026-04-16 09:30:00-04:00,4.920000076293945,4.949999809265137,4.78000020980835,4.840000152587891,726526,0.0,0.0,0.0,ADBG,5m
2026-04-16 09:35:00-04:00,4.840000152587891,4.849999904632568,4.760000228881836,4.760700225830078,107472,0.0,0.0,0.0,ADBG,5m
2026-04-16 09:40:00-04:00,4.764999866485596,4.779900074005127,4.730100154876709,4.769999980926514,134080,0.0,0.0,0.0,ADBG,5m
2026-04-16 09:45:00-04:00,4.769999980926514,4.809899806976318,4.750199794769287,4.769999980926514,94973,0.0,0.0,0.0,ADBG,5m
2026-04-16 09:50:00-04:00,4.769999980926514,4.779900074005127,4.704999923706055,4.704999923706055,66074,0.0,0.0,0.0,ADBG,5m
2026-04-16 09:55:00-04:00,4.710000038146973,4.728499889373779,4.699999809265137,4.710000038146973,48377,0.0,0.0,0.0,ADBG,5m
2026-04-16 10:00:00-04:00,4.704999923706055,4.704999923706055,4.670000076293945,4.681399822235107,75824,0.0,0.0,0.0,ADBG,5m
2026-04-16 10:05:00-04:00,4.670000076293945,4.715000152587891,4.670000076293945,4.69350004196167,34654,0.0,0.0,0.0,ADBG,5m
2026-04-16 10:10:00-04:00,4.704999923706055,4.710000038146973,4.679999828338623,4.684999942779541,41743,0.0,0.0,0.0,ADBG,5m
2026-04-16 10:15:00-04:00,4.690000057220459,4.690000057220459,4.670000076293945,4.675000190734863,36110,0.0,0.0,0.0,ADBG,5m
2026-04-16 10:20:00-04:00,4.684999942779541,4.699900150299072,4.675000190734863,4.675000190734863,26271,0.0,0.0,0.0,ADBG,5m
2026-04-16 10:25:00-04:00,4.664999961853027,4.668900012969971,4.65500020980835,4.668900012969971,62205,0.0,0.0,0.0,ADBG,5m
2026-04-16 10:30:00-04:00,4.664999961853027,4.690000057220459,4.65500020980835,4.669899940490723,65940,0.0,0.0,0.0,ADBG,5m
2026-04-16 10:35:00-04:00,4.679900169372559,4.679999828338623,4.659999847412109,4.664999961853027,57427,0.0,0.0,0.0,ADBG,5m
2026-04-16 10:40:00-04:00,4.65500020980835,4.675000190734863,4.639999866485596,4.660099983215332,64039,0.0,0.0,0.0,ADBG,5m
2026-04-16 10:45:00-04:00,4.664999961853027,4.670000076293945,4.650100231170654,4.670000076293945,61717,0.0,0.0,0.0,ADBG,5m
2026-04-16 10:50:00-04:00,4.6697998046875,4.670100212097168,4.659999847412109,4.659999847412109,37743,0.0,0.0,0.0,ADBG,5m
2026-04-16 10:55:00-04:00,4.664999961853027,4.675000190734863,4.660099983215332,4.675000190734863,53575,0.0,0.0,0.0,ADBG,5m
2026-04-16 11:00:00-04:00,4.690000057220459,4.690000057220459,4.650100231170654,4.65500020980835,50779,0.0,0.0,0.0,ADBG,5m
2026-04-16 11:05:00-04:00,4.650100231170654,4.664999961853027,4.649899959564209,4.660099983215332,33092,0.0,0.0,0.0,ADBG,5m
2026-04-16 11:10:00-04:00,4.668600082397461,4.675000190734863,4.668600082397461,4.670000076293945,23179,0.0,0.0,0.0,ADBG,5m
2026-04-16 11:15:00-04:00,4.684999942779541,4.684999942779541,4.664999961853027,4.675000190734863,47031,0.0,0.0,0.0,ADBG,5m
2026-04-16 11:20:00-04:00,4.675000190734863,4.690000057220459,4.675000190734863,4.690000057220459,37002,0.0,0.0,0.0,ADBG,5m
2026-04-16 11:25:00-04:00,4.690000057220459,4.710000038146973,4.682400226593018,4.699900150299072,52440,0.0,0.0,0.0,ADBG,5m
2026-04-16 11:30:00-04:00,4.695000171661377,4.699999809265137,4.679999828338623,4.684999942779541,52941,0.0,0.0,0.0,ADBG,5m
2026-04-16 11:35:00-04:00,4.689899921417236,4.699999809265137,4.688000202178955,4.699999809265137,47033,0.0,0.0,0.0,ADBG,5m
2026-04-16 11:40:00-04:00,4.695000171661377,4.695000171661377,4.684999942779541,4.690100193023682,53949,0.0,0.0,0.0,ADBG,5m
2026-04-16 11:45:00-04:00,4.689899921417236,4.690000057220459,4.689799785614014,4.689799785614014,10144,0.0,0.0,0.0,ADBG,5m
2026-04-16 11:50:00-04:00,4.684999942779541,4.699999809265137,4.684999942779541,4.689899921417236,6366,0.0,0.0,0.0,ADBG,5m
2026-04-16 11:55:00-04:00,4.695000171661377,4.704999923706055,4.695000171661377,4.704999923706055,20803,0.0,0.0,0.0,ADBG,5m
2026-04-16 12:00:00-04:00,4.719900131225586,4.720600128173828,4.719900131225586,4.720600128173828,4424,0.0,0.0,0.0,ADBG,5m
2026-04-16 12:05:00-04:00,4.71999979019165,4.730000019073486,4.715000152587891,4.724999904632568,37158,0.0,0.0,0.0,ADBG,5m
2026-04-16 12:10:00-04:00,4.730000019073486,4.735000133514404,4.730000019073486,4.735000133514404,13245,0.0,0.0,0.0,ADBG,5m
2026-04-16 12:15:00-04:00,4.729300022125244,4.735000133514404,4.724999904632568,4.724999904632568,5316,0.0,0.0,0.0,ADBG,5m
2026-04-16 12:20:00-04:00,4.730000019073486,4.730000019073486,4.715000152587891,4.715000152587891,27148,0.0,0.0,0.0,ADBG,5m
2026-04-16 12:25:00-04:00,4.710000038146973,4.715000152587891,4.710000038146973,4.710100173950195,23546,0.0,0.0,0.0,ADBG,5m
2026-04-16 12:30:00-04:00,4.704999923706055,4.710000038146973,4.695000171661377,4.695000171661377,48507,0.0,0.0,0.0,ADBG,5m
2026-04-16 12:35:00-04:00,4.700099945068359,4.715000152587891,4.700099945068359,4.715000152587891,38086,0.0,0.0,0.0,ADBG,5m
2026-04-16 12:40:00-04:00,4.715000152587891,4.724999904632568,4.715000152587891,4.71999979019165,54416,0.0,0.0,0.0,ADBG,5m
2026-04-16 12:45:00-04:00,4.719799995422363,4.724999904632568,4.715000152587891,4.724999904632568,40511,0.0,0.0,0.0,ADBG,5m
2026-04-16 12:50:00-04:00,4.715000152587891,4.71999979019165,4.715000152587891,4.71999979019165,7868,0.0,0.0,0.0,ADBG,5m
2026-04-16 12:55:00-04:00,4.710000038146973,4.71999979019165,4.699999809265137,4.699999809265137,20851,0.0,0.0,0.0,ADBG,5m
2026-04-16 13:00:00-04:00,4.710000038146973,4.715000152587891,4.710000038146973,4.715000152587891,3884,0.0,0.0,0.0,ADBG,5m
2026-04-16 13:05:00-04:00,4.710000038146973,4.715000152587891,4.699999809265137,4.710100173950195,39314,0.0,0.0,0.0,ADBG,5m
2026-04-16 13:10:00-04:00,4.715000152587891,4.715000152587891,4.712399959564209,4.715000152587891,9574,0.0,0.0,0.0,ADBG,5m
2026-04-16 13:15:00-04:00,4.699900150299072,4.715000152587891,4.699900150299072,4.710100173950195,3898,0.0,0.0,0.0,ADBG,5m
2026-04-16 13:20:00-04:00,4.719900131225586,4.719900131225586,4.70989990234375,4.710100173950195,20110,0.0,0.0,0.0,ADBG,5m
2026-04-16 13:25:00-04:00,4.710700035095215,4.71999979019165,4.710700035095215,4.71999979019165,4985,0.0,0.0,0.0,ADBG,5m
2026-04-16 13:30:00-04:00,4.720300197601318,4.720300197601318,4.719900131225586,4.719900131225586,49,0.0,0.0,0.0,ADBG,5m
2026-04-16 13:35:00-04:00,4.715000152587891,4.715000152587891,4.704999923706055,4.712699890136719,5403,0.0,0.0,0.0,ADBG,5m
2026-04-16 13:40:00-04:00,4.704999923706055,4.715000152587891,4.704999923706055,4.715000152587891,7093,0.0,0.0,0.0,ADBG,5m
2026-04-16 13:45:00-04:00,4.719799995422363,4.719799995422363,4.719799995422363,4.719799995422363,400,0.0,0.0,0.0,ADBG,5m
2026-04-16 13:50:00-04:00,4.715000152587891,4.715000152587891,4.70989990234375,4.70989990234375,6368,0.0,0.0,0.0,ADBG,5m
2026-04-16 13:55:00-04:00,4.710000038146973,4.715000152587891,4.70989990234375,4.70989990234375,10148,0.0,0.0,0.0,ADBG,5m
2026-04-16 14:00:00-04:00,4.71999979019165,4.71999979019165,4.704999923706055,4.70989990234375,58770,0.0,0.0,0.0,ADBG,5m
2026-04-16 14:05:00-04:00,4.703000068664551,4.70989990234375,4.699999809265137,4.700099945068359,37182,0.0,0.0,0.0,ADBG,5m
2026-04-16 14:10:00-04:00,4.699999809265137,4.699999809265137,4.690000057220459,4.690100193023682,24567,0.0,0.0,0.0,ADBG,5m
2026-04-16 14:15:00-04:00,4.695000171661377,4.699900150299072,4.684999942779541,4.684999942779541,12222,0.0,0.0,0.0,ADBG,5m
2026-04-16 14:20:00-04:00,4.679999828338623,4.689899921417236,4.679999828338623,4.689899921417236,26147,0.0,0.0,0.0,ADBG,5m
2026-04-16 14:25:00-04:00,4.684999942779541,4.684999942779541,4.675000190734863,4.680099964141846,19810,0.0,0.0,0.0,ADBG,5m
2026-04-16 14:30:00-04:00,4.704999923706055,4.704999923706055,4.704999923706055,4.704999923706055,767,0.0,0.0,0.0,ADBG,5m
2026-04-16 14:35:00-04:00,4.700099945068359,4.715000152587891,4.700099945068359,4.712699890136719,2860,0.0,0.0,0.0,ADBG,5m
2026-04-16 14:40:00-04:00,4.719900131225586,4.719900131225586,4.711100101470947,4.715000152587891,700,0.0,0.0,0.0,ADBG,5m
2026-04-16 14:45:00-04:00,4.715000152587891,4.715000152587891,4.715000152587891,4.715000152587891,253,0.0,0.0,0.0,ADBG,5m
2026-04-16 14:55:00-04:00,4.717299938201904,4.71999979019165,4.715000152587891,4.715000152587891,1123,0.0,0.0,0.0,ADBG,5m
2026-04-16 15:00:00-04:00,4.735000133514404,4.744999885559082,4.735000133514404,4.7399001121521,5706,0.0,0.0,0.0,ADBG,5m
2026-04-16 15:05:00-04:00,4.730400085449219,4.730400085449219,4.730100154876709,4.730100154876709,807,0.0,0.0,0.0,ADBG,5m
2026-04-16 15:10:00-04:00,4.735000133514404,4.735000133514404,4.724999904632568,4.72599983215332,7840,0.0,0.0,0.0,ADBG,5m
2026-04-16 15:15:00-04:00,4.720200061798096,4.720200061798096,4.715000152587891,4.715000152587891,6682,0.0,0.0,0.0,ADBG,5m
2026-04-16 15:20:00-04:00,4.715000152587891,4.715000152587891,4.710000038146973,4.710000038146973,9609,0.0,0.0,0.0,ADBG,5m
2026-04-16 15:25:00-04:00,4.718699932098389,4.724999904632568,4.715000152587891,4.715000152587891,14575,0.0,0.0,0.0,ADBG,5m
2026-04-16 15:30:00-04:00,4.715000152587891,4.724999904632568,4.715000152587891,4.71999979019165,2015,0.0,0.0,0.0,ADBG,5m
2026-04-16 15:35:00-04:00,4.71999979019165,4.71999979019165,4.715000152587891,4.71999979019165,15726,0.0,0.0,0.0,ADBG,5m
2026-04-16 15:40:00-04:00,4.724999904632568,4.744999885559082,4.724999904632568,4.744999885559082,15654,0.0,0.0,0.0,ADBG,5m
2026-04-16 15:45:00-04:00,4.735000133514404,4.744999885559082,4.735000133514404,4.744999885559082,11459,0.0,0.0,0.0,ADBG,5m
2026-04-16 15:50:00-04:00,4.744999885559082,4.75,4.735000133514404,4.735000133514404,18513,0.0,0.0,0.0,ADBG,5m
2026-04-16 15:55:00-04:00,4.735000133514404,4.735000133514404,4.715000152587891,4.71999979019165,87554,0.0,0.0,0.0,ADBG,5m
2026-04-17 09:30:00-04:00,4.914999961853027,4.914999961853027,4.77869987487793,4.77869987487793,276464,0.0,0.0,0.0,ADBG,5m
2026-04-17 09:35:00-04:00,4.79010009765625,4.855000019073486,4.784999847412109,4.824999809265137,90210,0.0,0.0,0.0,ADBG,5m
2026-04-17 09:40:00-04:00,4.835000038146973,4.875,4.835000038146973,4.855000019073486,63037,0.0,0.0,0.0,ADBG,5m
2026-04-17 09:45:00-04:00,4.860000133514404,4.864999771118164,4.810200214385986,4.840000152587891,60785,0.0,0.0,0.0,ADBG,5m
2026-04-17 09:50:00-04:00,4.849999904632568,4.861000061035156,4.849999904632568,4.860000133514404,21770,0.0,0.0,0.0,ADBG,5m
2026-04-17 09:55:00-04:00,4.858399868011475,4.858399868011475,4.84499979019165,4.84499979019165,5150,0.0,0.0,0.0,ADBG,5m
2026-04-17 10:00:00-04:00,4.835000038146973,4.839900016784668,4.820000171661377,4.824999809265137,51832,0.0,0.0,0.0,ADBG,5m
2026-04-17 10:05:00-04:00,4.824999809265137,4.840000152587891,4.800099849700928,4.809700012207031,21250,0.0,0.0,0.0,ADBG,5m
2026-04-17 10:10:00-04:00,4.802000045776367,4.810100078582764,4.769999980926514,4.795000076293945,51112,0.0,0.0,0.0,ADBG,5m
2026-04-17 10:15:00-04:00,4.795000076293945,4.795000076293945,4.770100116729736,4.775000095367432,20955,0.0,0.0,0.0,ADBG,5m
2026-04-17 10:20:00-04:00,4.795000076293945,4.797800064086914,4.789999961853027,4.790299892425537,20844,0.0,0.0,0.0,ADBG,5m
2026-04-17 10:25:00-04:00,4.799900054931641,4.800000190734863,4.789700031280518,4.800000190734863,62356,0.0,0.0,0.0,ADBG,5m
2026-04-17 10:30:00-04:00,4.795000076293945,4.815000057220459,4.79010009765625,4.815000057220459,46774,0.0,0.0,0.0,ADBG,5m
2026-04-17 10:35:00-04:00,4.815000057220459,4.829999923706055,4.809999942779541,4.829999923706055,64222,0.0,0.0,0.0,ADBG,5m
2026-04-17 10:40:00-04:00,4.829999923706055,4.84499979019165,4.824999809265137,4.84499979019165,38770,0.0,0.0,0.0,ADBG,5m
2026-04-17 10:45:00-04:00,4.847400188446045,4.849999904632568,4.809999942779541,4.815000057220459,50931,0.0,0.0,0.0,ADBG,5m
2026-04-17 10:50:00-04:00,4.824999809265137,4.839900016784668,4.815000057220459,4.831399917602539,33528,0.0,0.0,0.0,ADBG,5m
2026-04-17 10:55:00-04:00,4.835000038146973,4.847799777984619,4.800000190734863,4.800000190734863,44507,0.0,0.0,0.0,ADBG,5m
2026-04-17 11:00:00-04:00,4.795000076293945,4.804999828338623,4.744999885559082,4.760000228881836,370501,0.0,0.0,0.0,ADBG,5m
2026-04-17 11:05:00-04:00,4.78000020980835,4.78000020980835,4.744999885559082,4.764999866485596,199015,0.0,0.0,0.0,ADBG,5m
2026-04-17 11:10:00-04:00,4.760000228881836,4.769999980926514,4.720099925994873,4.735000133514404,292047,0.0,0.0,0.0,ADBG,5m
2026-04-17 11:15:00-04:00,4.735000133514404,4.755000114440918,4.711400032043457,4.736199855804443,121061,0.0,0.0,0.0,ADBG,5m
2026-04-17 11:20:00-04:00,4.721399784088135,4.744999885559082,4.690299987792969,4.730100154876709,184002,0.0,0.0,0.0,ADBG,5m
2026-04-17 11:25:00-04:00,4.739999771118164,4.739999771118164,4.695000171661377,4.695000171661377,28032,0.0,0.0,0.0,ADBG,5m
2026-04-17 11:30:00-04:00,4.690100193023682,4.710000038146973,4.675000190734863,4.710000038146973,132755,0.0,0.0,0.0,ADBG,5m
2026-04-17 11:35:00-04:00,4.710000038146973,4.730100154876709,4.704999923706055,4.704999923706055,40454,0.0,0.0,0.0,ADBG,5m
2026-04-17 11:40:00-04:00,4.690199851989746,4.704999923706055,4.659999847412109,4.659999847412109,18309,0.0,0.0,0.0,ADBG,5m
2026-04-17 11:45:00-04:00,4.650000095367432,4.65500020980835,4.580999851226807,4.599899768829346,129293,0.0,0.0,0.0,ADBG,5m
2026-04-17 11:50:00-04:00,4.610000133514404,4.635000228881836,4.59499979019165,4.630000114440918,85258,0.0,0.0,0.0,ADBG,5m
2026-04-17 11:55:00-04:00,4.635000228881836,4.656599998474121,4.635000228881836,4.656599998474121,29539,0.0,0.0,0.0,ADBG,5m
2026-04-17 12:00:00-04:00,4.664999961853027,4.669899940490723,4.65500020980835,4.664999961853027,83666,0.0,0.0,0.0,ADBG,5m
2026-04-17 12:05:00-04:00,4.660099983215332,4.670100212097168,4.644999980926514,4.644999980926514,41726,0.0,0.0,0.0,ADBG,5m
2026-04-17 12:10:00-04:00,4.635000228881836,4.635000228881836,4.579999923706055,4.579999923706055,82958,0.0,0.0,0.0,ADBG,5m
2026-04-17 12:15:00-04:00,4.580399990081787,4.59499979019165,4.558000087738037,4.59499979019165,119614,0.0,0.0,0.0,ADBG,5m
2026-04-17 12:20:00-04:00,4.59499979019165,4.625,4.585000038146973,4.625,117223,0.0,0.0,0.0,ADBG,5m
2026-04-17 12:25:00-04:00,4.620100021362305,4.644999980926514,4.620100021362305,4.644999980926514,21967,0.0,0.0,0.0,ADBG,5m
2026-04-17 12:30:00-04:00,4.644999980926514,4.644999980926514,4.619999885559082,4.619999885559082,47521,0.0,0.0,0.0,ADBG,5m
2026-04-17 12:35:00-04:00,4.629700183868408,4.629899978637695,4.605400085449219,4.605400085449219,26757,0.0,0.0,0.0,ADBG,5m
2026-04-17 12:40:00-04:00,4.605000019073486,4.605000019073486,4.574999809265137,4.594299793243408,87411,0.0,0.0,0.0,ADBG,5m
2026-04-17 12:45:00-04:00,4.599999904632568,4.599999904632568,4.585000038146973,4.585000038146973,40461,0.0,0.0,0.0,ADBG,5m
2026-04-17 12:50:00-04:00,4.582600116729736,4.619900226593018,4.582600116729736,4.619900226593018,131284,0.0,0.0,0.0,ADBG,5m
2026-04-17 12:55:00-04:00,4.619699954986572,4.630000114440918,4.614999771118164,4.625,21933,0.0,0.0,0.0,ADBG,5m
2026-04-17 13:00:00-04:00,4.644999980926514,4.650000095367432,4.630000114440918,4.649899959564209,92309,0.0,0.0,0.0,ADBG,5m
2026-04-17 13:05:00-04:00,4.640100002288818,4.645699977874756,4.619999885559082,4.635000228881836,17901,0.0,0.0,0.0,ADBG,5m
2026-04-17 13:10:00-04:00,4.625,4.625,4.625,4.625,17365,0.0,0.0,0.0,ADBG,5m
2026-04-17 13:15:00-04:00,4.610000133514404,4.614999771118164,4.605000019073486,4.609899997711182,42678,0.0,0.0,0.0,ADBG,5m
2026-04-17 13:20:00-04:00,4.599999904632568,4.599999904632568,4.570000171661377,4.570000171661377,27858,0.0,0.0,0.0,ADBG,5m
2026-04-17 13:25:00-04:00,4.572700023651123,4.587500095367432,4.570099830627441,4.580100059509277,29262,0.0,0.0,0.0,ADBG,5m
2026-04-17 13:30:00-04:00,4.579999923706055,4.599800109863281,4.579999923706055,4.59499979019165,32053,0.0,0.0,0.0,ADBG,5m
2026-04-17 13:35:00-04:00,4.590099811553955,4.590099811553955,4.585000038146973,4.589900016784668,28182,0.0,0.0,0.0,ADBG,5m
2026-04-17 13:40:00-04:00,4.599999904632568,4.605000019073486,4.59499979019165,4.59499979019165,62576,0.0,0.0,0.0,ADBG,5m
2026-04-17 13:45:00-04:00,4.605000019073486,4.609899997711182,4.605000019073486,4.609899997711182,6013,0.0,0.0,0.0,ADBG,5m
2026-04-17 13:50:00-04:00,4.606500148773193,4.606500148773193,4.599999904632568,4.605000019073486,2373,0.0,0.0,0.0,ADBG,5m
2026-04-17 13:55:00-04:00,4.605000019073486,4.605000019073486,4.600100040435791,4.600100040435791,4930,0.0,0.0,0.0,ADBG,5m
2026-04-17 14:00:00-04:00,4.605000019073486,4.610000133514404,4.599999904632568,4.599999904632568,15591,0.0,0.0,0.0,ADBG,5m
2026-04-17 14:05:00-04:00,4.59499979019165,4.59499979019165,4.590000152587891,4.590000152587891,4257,0.0,0.0,0.0,ADBG,5m
2026-04-17 14:10:00-04:00,4.590000152587891,4.599999904632568,4.582600116729736,4.585000038146973,20951,0.0,0.0,0.0,ADBG,5m
2026-04-17 14:15:00-04:00,4.585000038146973,4.585000038146973,4.585000038146973,4.585000038146973,926,0.0,0.0,0.0,ADBG,5m
2026-04-17 14:20:00-04:00,4.585000038146973,4.585000038146973,4.570000171661377,4.570000171661377,8163,0.0,0.0,0.0,ADBG,5m
2026-04-17 14:25:00-04:00,4.574999809265137,4.580100059509277,4.574999809265137,4.574999809265137,3355,0.0,0.0,0.0,ADBG,5m
2026-04-17 14:30:00-04:00,4.576700210571289,4.580100059509277,4.570099830627441,4.570099830627441,34039,0.0,0.0,0.0,ADBG,5m
2026-04-17 14:35:00-04:00,4.569699764251709,4.579999923706055,4.565000057220459,4.565000057220459,6874,0.0,0.0,0.0,ADBG,5m
2026-04-17 14:40:00-04:00,4.570000171661377,4.574999809265137,4.565000057220459,4.565000057220459,52126,0.0,0.0,0.0,ADBG,5m
2026-04-17 14:45:00-04:00,4.565000057220459,4.570000171661377,4.554999828338623,4.554999828338623,9085,0.0,0.0,0.0,ADBG,5m
2026-04-17 14:50:00-04:00,4.550000190734863,4.550000190734863,4.539999961853027,4.539999961853027,13062,0.0,0.0,0.0,ADBG,5m
2026-04-17 14:55:00-04:00,4.539999961853027,4.549300193786621,4.539899826049805,4.549300193786621,13711,0.0,0.0,0.0,ADBG,5m
2026-04-17 15:00:00-04:00,4.554999828338623,4.559999942779541,4.554999828338623,4.559999942779541,4241,0.0,0.0,0.0,ADBG,5m
2026-04-17 15:05:00-04:00,4.550000190734863,4.554999828338623,4.549699783325195,4.554999828338623,2902,0.0,0.0,0.0,ADBG,5m
2026-04-17 15:10:00-04:00,4.560100078582764,4.560100078582764,4.560100078582764,4.560100078582764,499,0.0,0.0,0.0,ADBG,5m
2026-04-17 15:15:00-04:00,4.565000057220459,4.585000038146973,4.565000057220459,4.585000038146973,10546,0.0,0.0,0.0,ADBG,5m
2026-04-17 15:20:00-04:00,4.574999809265137,4.579999923706055,4.570000171661377,4.575399875640869,7927,0.0,0.0,0.0,ADBG,5m
2026-04-17 15:25:00-04:00,4.574999809265137,4.574999809265137,4.565000057220459,4.570000171661377,1491,0.0,0.0,0.0,ADBG,5m
2026-04-17 15:30:00-04:00,4.570000171661377,4.570000171661377,4.565000057220459,4.570000171661377,10201,0.0,0.0,0.0,ADBG,5m
2026-04-17 15:35:00-04:00,4.56689977645874,4.574999809265137,4.56689977645874,4.574999809265137,9546,0.0,0.0,0.0,ADBG,5m
2026-04-17 15:40:00-04:00,4.574999809265137,4.574999809265137,4.570000171661377,4.570000171661377,2620,0.0,0.0,0.0,ADBG,5m
2026-04-17 15:45:00-04:00,4.570000171661377,4.570000171661377,4.559999942779541,4.565000057220459,47108,0.0,0.0,0.0,ADBG,5m
2026-04-17 15:50:00-04:00,4.579999923706055,4.579999923706055,4.559999942779541,4.559999942779541,56719,0.0,0.0,0.0,ADBG,5m
2026-04-17 15:55:00-04:00,4.570000171661377,4.574999809265137,4.559999942779541,4.570000171661377,62386,0.0,0.0,0.0,ADBG,5m
