datetime,open,high,low,close,volume,dividends,stock_splits,ticker,interval
2024-10-23 09:30:00-04:00,29.619998931884766,30.0,29.0,29.386001586914062,68911,0.0,0.0,AIFU,1h
2024-10-23 10:30:00-04:00,29.354000091552734,29.799999237060547,29.202001571655273,29.799999237060547,33370,0.0,0.0,AIFU,1h
2024-10-23 11:30:00-04:00,30.280000686645508,30.399999618530273,30.0,30.0,32899,0.0,0.0,AIFU,1h
2024-10-23 12:30:00-04:00,30.04400062561035,30.399999618530273,30.04400062561035,30.200000762939453,6184,0.0,0.0,AIFU,1h
2024-10-23 13:30:00-04:00,30.0,30.399999618530273,30.0,30.399999618530273,13518,0.0,0.0,AIFU,1h
2024-10-23 14:30:00-04:00,30.399999618530273,30.399999618530273,30.399999618530273,30.399999618530273,922,0.0,0.0,AIFU,1h
2024-10-23 15:30:00-04:00,30.018001556396484,30.799999237060547,30.00200080871582,30.200000762939453,13665,0.0,0.0,AIFU,1h
2024-10-24 09:30:00-04:00,31.0,31.121999740600586,30.0,30.200000762939453,14547,0.0,0.0,AIFU,1h
2024-10-24 10:30:00-04:00,30.218000411987305,30.218000411987305,30.020000457763672,30.020000457763672,2380,0.0,0.0,AIFU,1h
2024-10-24 11:30:00-04:00,30.200000762939453,30.200000762939453,29.760000228881836,29.760000228881836,13353,0.0,0.0,AIFU,1h
2024-10-24 12:30:00-04:00,29.658000946044922,30.0,29.416000366210938,29.600000381469727,18971,0.0,0.0,AIFU,1h
2024-10-24 13:30:00-04:00,30.0,30.0,30.0,30.0,653,0.0,0.0,AIFU,1h
2024-10-24 14:30:00-04:00,30.0,30.0,29.8799991607666,30.0,2951,0.0,0.0,AIFU,1h
2024-10-24 15:30:00-04:00,29.8799991607666,30.0,29.799999237060547,29.899999618530273,14730,0.0,0.0,AIFU,1h
2024-10-25 09:30:00-04:00,30.006000518798828,30.006000518798828,29.0,29.30000114440918,19201,0.0,0.0,AIFU,1h
2024-10-25 10:30:00-04:00,29.31999969482422,29.79800033569336,29.200000762939453,29.200000762939453,26718,0.0,0.0,AIFU,1h
2024-10-25 11:30:00-04:00,29.0,29.700000762939453,29.0,29.700000762939453,26030,0.0,0.0,AIFU,1h
2024-10-25 12:30:00-04:00,29.700000762939453,29.719999313354492,29.600000381469727,29.602001190185547,8074,0.0,0.0,AIFU,1h
2024-10-25 13:30:00-04:00,29.400001525878906,29.52199935913086,28.599998474121094,28.599998474121094,24370,0.0,0.0,AIFU,1h
2024-10-25 14:30:00-04:00,28.69999885559082,29.0,28.599998474121094,28.599998474121094,33356,0.0,0.0,AIFU,1h
2024-10-25 15:30:00-04:00,28.52199935913086,28.69999885559082,28.52199935913086,28.599998474121094,3567,0.0,0.0,AIFU,1h
2024-10-28 09:30:00-04:00,28.399999618530273,29.200000762939453,28.399999618530273,29.200000762939453,0,0.0,0.0,AIFU,1h
2024-10-28 10:30:00-04:00,28.80000114440918,28.84000015258789,28.099998474121094,28.229999542236328,67956,0.0,0.0,AIFU,1h
2024-10-28 11:30:00-04:00,28.399999618530273,28.399999618530273,27.200000762939453,27.799999237060547,48185,0.0,0.0,AIFU,1h
2024-10-28 12:30:00-04:00,28.0,28.0,27.799999237060547,28.0,9262,0.0,0.0,AIFU,1h
2024-10-28 13:30:00-04:00,28.099998474121094,28.099998474121094,27.899999618530273,27.899999618530273,3815,0.0,0.0,AIFU,1h
2024-10-28 14:30:00-04:00,27.899999618530273,27.899999618530273,27.399999618530273,27.5,23547,0.0,0.0,AIFU,1h
2024-10-28 15:30:00-04:00,27.586000442504883,27.600000381469727,27.00400161743164,27.200000762939453,37289,0.0,0.0,AIFU,1h
2024-10-29 09:30:00-04:00,28.0,28.0,27.399999618530273,27.399999618530273,5616,0.0,0.0,AIFU,1h
2024-10-29 10:30:00-04:00,27.200000762939453,27.399999618530273,27.200000762939453,27.299999237060547,10935,0.0,0.0,AIFU,1h
2024-10-29 11:30:00-04:00,27.299999237060547,27.600000381469727,27.299999237060547,27.5,4990,0.0,0.0,AIFU,1h
2024-10-29 12:30:00-04:00,27.218000411987305,27.600000381469727,27.200000762939453,27.200000762939453,12612,0.0,0.0,AIFU,1h
2024-10-29 13:30:00-04:00,27.299999237060547,27.399999618530273,27.200000762939453,27.200000762939453,7495,0.0,0.0,AIFU,1h
2024-10-29 14:30:00-04:00,27.200000762939453,27.399999618530273,27.200000762939453,27.299999237060547,6284,0.0,0.0,AIFU,1h
2024-10-29 15:30:00-04:00,27.299999237060547,27.399999618530273,27.299999237060547,27.299999237060547,4432,0.0,0.0,AIFU,1h
2024-10-30 09:30:00-04:00,26.80000114440918,27.399999618530273,26.19999885559082,26.80000114440918,42333,0.0,0.0,AIFU,1h
2024-10-30 10:30:00-04:00,26.700000762939453,27.187999725341797,26.600000381469727,26.700000762939453,27008,0.0,0.0,AIFU,1h
2024-10-30 11:30:00-04:00,26.700000762939453,26.700000762939453,26.0,26.0,42393,0.0,0.0,AIFU,1h
2024-10-30 12:30:00-04:00,26.099998474121094,26.19999885559082,26.0,26.187999725341797,11175,0.0,0.0,AIFU,1h
2024-10-30 13:30:00-04:00,26.185998916625977,26.19999885559082,26.0,26.099998474121094,15825,0.0,0.0,AIFU,1h
2024-10-30 14:30:00-04:00,26.099998474121094,26.14000129699707,26.099998474121094,26.14000129699707,3706,0.0,0.0,AIFU,1h
2024-10-30 15:30:00-04:00,26.0,26.198001861572266,26.0,26.0,5466,0.0,0.0,AIFU,1h
2024-10-31 09:30:00-04:00,26.001998901367188,26.001998901367188,25.0,25.399999618530273,65124,0.0,0.0,AIFU,1h
2024-10-31 10:30:00-04:00,25.399999618530273,25.5,25.095998764038086,25.402000427246094,47786,0.0,0.0,AIFU,1h
2024-10-31 11:30:00-04:00,25.27199935913086,25.599998474121094,25.00400161743164,25.599998474121094,38555,0.0,0.0,AIFU,1h
2024-10-31 12:30:00-04:00,25.399999618530273,25.399999618530273,25.0,25.197999954223633,44335,0.0,0.0,AIFU,1h
2024-10-31 13:30:00-04:00,25.013999938964844,25.200000762939453,25.0,25.100000381469727,24696,0.0,0.0,AIFU,1h
2024-10-31 14:30:00-04:00,25.035999298095703,25.100000381469727,24.5,24.5,78801,0.0,0.0,AIFU,1h
2024-10-31 15:30:00-04:00,24.400001525878906,24.400001525878906,24.0,24.0,46582,0.0,0.0,AIFU,1h
2024-11-01 09:30:00-04:00,25.034000396728516,25.599998474121094,24.402000427246094,24.799999237060547,23243,0.0,0.0,AIFU,1h
2024-11-01 10:30:00-04:00,24.77199935913086,24.77199935913086,23.80000114440918,23.80000114440918,50474,0.0,0.0,AIFU,1h
2024-11-01 11:30:00-04:00,23.80000114440918,23.91400146484375,23.399999618530273,23.5,30454,0.0,0.0,AIFU,1h
2024-11-01 12:30:00-04:00,23.299999237060547,23.599998474121094,23.0,23.299999237060547,28871,0.0,0.0,AIFU,1h
2024-11-01 13:30:00-04:00,23.19999885559082,23.299999237060547,23.0,23.19999885559082,20494,0.0,0.0,AIFU,1h
2024-11-01 14:30:00-04:00,23.19999885559082,23.299999237060547,23.0,23.19999885559082,34085,0.0,0.0,AIFU,1h
2024-11-01 15:30:00-04:00,23.05000114440918,23.399999618530273,23.05000114440918,23.399999618530273,28792,0.0,0.0,AIFU,1h
2024-11-04 09:30:00-05:00,24.0,24.799999237060547,24.0,24.799999237060547,0,0.0,0.0,AIFU,1h
2024-11-04 10:30:00-05:00,25.0,25.200000762939453,25.0,25.0,1683,0.0,0.0,AIFU,1h
2024-11-04 11:30:00-05:00,24.986000061035156,24.986000061035156,24.600000381469727,24.600000381469727,28615,0.0,0.0,AIFU,1h
2024-11-04 12:30:00-05:00,24.73400115966797,24.799999237060547,24.600000381469727,24.700000762939453,9483,0.0,0.0,AIFU,1h
2024-11-04 13:30:00-05:00,24.618000030517578,24.799999237060547,24.600000381469727,24.697999954223633,8607,0.0,0.0,AIFU,1h
2024-11-04 14:30:00-05:00,24.799999237060547,24.799999237060547,24.600000381469727,24.799999237060547,9981,0.0,0.0,AIFU,1h
2024-11-04 15:30:00-05:00,24.700000762939453,25.0,24.600000381469727,25.0,12004,0.0,0.0,AIFU,1h
2024-11-05 09:30:00-05:00,24.799999237060547,24.899999618530273,24.30000114440918,24.899999618530273,14770,0.0,0.0,AIFU,1h
2024-11-05 10:30:00-05:00,24.799999237060547,24.799999237060547,24.400001525878906,24.597999572753906,12888,0.0,0.0,AIFU,1h
2024-11-05 11:30:00-05:00,24.400001525878906,24.400001525878906,24.400001525878906,24.400001525878906,0,0.0,0.0,AIFU,1h
2024-11-05 12:30:00-05:00,24.41400146484375,24.600000381469727,24.41400146484375,24.5,4859,0.0,0.0,AIFU,1h
2024-11-05 13:30:00-05:00,24.540000915527344,24.790000915527344,24.5,24.790000915527344,8239,0.0,0.0,AIFU,1h
2024-11-05 14:30:00-05:00,24.799999237060547,25.0,24.799999237060547,25.0,9287,0.0,0.0,AIFU,1h
2024-11-05 15:30:00-05:00,25.200000762939453,25.211999893188477,25.00200080871582,25.100000381469727,12617,0.0,0.0,AIFU,1h
2024-11-06 09:30:00-05:00,24.82000160217285,24.82000160217285,24.600000381469727,24.700000762939453,10682,0.0,0.0,AIFU,1h
2024-11-06 10:30:00-05:00,24.600000381469727,25.200000762939453,24.214000701904297,25.200000762939453,21523,0.0,0.0,AIFU,1h
2024-11-06 11:30:00-05:00,24.799999237060547,25.200000762939453,24.30000114440918,25.200000762939453,46228,0.0,0.0,AIFU,1h
2024-11-06 12:30:00-05:00,25.0,25.0,24.899999618530273,24.899999618530273,5557,0.0,0.0,AIFU,1h
2024-11-06 13:30:00-05:00,24.920001983642578,24.981998443603516,24.899999618530273,24.981998443603516,2270,0.0,0.0,AIFU,1h
2024-11-06 14:30:00-05:00,24.799999237060547,24.802000045776367,24.600000381469727,24.600000381469727,19369,0.0,0.0,AIFU,1h
2024-11-06 15:30:00-05:00,24.700000762939453,25.200000762939453,24.700000762939453,25.200000762939453,13433,0.0,0.0,AIFU,1h
2024-11-07 09:30:00-05:00,25.399999618530273,26.19999885559082,25.200000762939453,26.19999885559082,14530,0.0,0.0,AIFU,1h
2024-11-07 10:30:00-05:00,26.19999885559082,26.400001525878906,26.0,26.400001525878906,16446,0.0,0.0,AIFU,1h
2024-11-07 11:30:00-05:00,26.600000381469727,26.80000114440918,26.5,26.80000114440918,5239,0.0,0.0,AIFU,1h
2024-11-07 12:30:00-05:00,26.5,26.68000030517578,26.5,26.5,3137,0.0,0.0,AIFU,1h
2024-11-07 13:30:00-05:00,26.400001525878906,26.400001525878906,26.0,26.400001525878906,8091,0.0,0.0,AIFU,1h
2024-11-07 14:30:00-05:00,25.799999237060547,26.19999885559082,25.399999618530273,26.19999885559082,13814,0.0,0.0,AIFU,1h
2024-11-07 15:30:00-05:00,26.30000114440918,26.600000381469727,26.099998474121094,26.600000381469727,14744,0.0,0.0,AIFU,1h
2024-11-08 09:30:00-05:00,25.0,25.74199867248535,25.0,25.74199867248535,3487,0.0,0.0,AIFU,1h
2024-11-08 10:30:00-05:00,25.799999237060547,25.799999237060547,25.69999885559082,25.799999237060547,3244,0.0,0.0,AIFU,1h
2024-11-08 11:30:00-05:00,25.69999885559082,25.69999885559082,24.600000381469727,24.899999618530273,44967,0.0,0.0,AIFU,1h
2024-11-08 12:30:00-05:00,24.899999618530273,25.0,24.700000762939453,24.700000762939453,15635,0.0,0.0,AIFU,1h
2024-11-08 13:30:00-05:00,24.700000762939453,24.79800033569336,24.100000381469727,24.30000114440918,16981,0.0,0.0,AIFU,1h
2024-11-08 14:30:00-05:00,24.211999893188477,24.591999053955078,24.100000381469727,24.5,11107,0.0,0.0,AIFU,1h
2024-11-08 15:30:00-05:00,24.532001495361328,24.799999237060547,24.532001495361328,24.700000762939453,5210,0.0,0.0,AIFU,1h
2024-11-11 09:30:00-05:00,25.399999618530273,25.599998474121094,24.600000381469727,24.899999618530273,27123,0.0,0.0,AIFU,1h
2024-11-11 10:30:00-05:00,24.899999618530273,24.899999618530273,24.799999237060547,24.799999237060547,5912,0.0,0.0,AIFU,1h
2024-11-11 11:30:00-05:00,25.0,25.0,24.602001190185547,24.899999618530273,256,0.0,0.0,AIFU,1h
2024-11-11 12:30:00-05:00,24.899999618530273,24.899999618530273,24.799999237060547,24.799999237060547,3890,0.0,0.0,AIFU,1h
2024-11-11 14:30:00-05:00,24.899999618530273,24.99799919128418,24.600000381469727,24.700000762939453,14037,0.0,0.0,AIFU,1h
2024-11-11 15:30:00-05:00,24.639999389648438,24.700000762939453,24.200000762939453,24.200000762939453,5782,0.0,0.0,AIFU,1h
2024-11-12 09:30:00-05:00,24.400001525878906,24.400001525878906,23.003999710083008,23.599998474121094,32449,0.0,0.0,AIFU,1h
2024-11-12 10:30:00-05:00,23.599998474121094,23.69999885559082,23.599998474121094,23.69999885559082,33177,0.0,0.0,AIFU,1h
2024-11-12 12:30:00-05:00,23.599998474121094,23.599998474121094,23.599998474121094,23.599998474121094,431,0.0,0.0,AIFU,1h
2024-11-12 13:30:00-05:00,23.612001419067383,23.612001419067383,23.599998474121094,23.599998474121094,1902,0.0,0.0,AIFU,1h
2024-11-12 15:30:00-05:00,23.59800148010254,23.59800148010254,23.5,23.5,3093,0.0,0.0,AIFU,1h
2024-11-13 09:30:00-05:00,23.0,23.19999885559082,23.0,23.099998474121094,14061,0.0,0.0,AIFU,1h
2024-11-13 10:30:00-05:00,23.099998474121094,23.099998474121094,22.600000381469727,22.600000381469727,18032,0.0,0.0,AIFU,1h
2024-11-13 11:30:00-05:00,22.700000762939453,22.79599952697754,22.700000762939453,22.700000762939453,10674,0.0,0.0,AIFU,1h
2024-11-13 12:30:00-05:00,22.700000762939453,22.799999237060547,22.700000762939453,22.79800033569336,13220,0.0,0.0,AIFU,1h
2024-11-13 13:30:00-05:00,22.700000762939453,22.799999237060547,22.60999870300293,22.784000396728516,17573,0.0,0.0,AIFU,1h
2024-11-13 14:30:00-05:00,22.781999588012695,22.781999588012695,22.700000762939453,22.700000762939453,2287,0.0,0.0,AIFU,1h
2024-11-13 15:30:00-05:00,22.700000762939453,22.799999237060547,22.600000381469727,22.600000381469727,6540,0.0,0.0,AIFU,1h
2024-11-14 09:30:00-05:00,22.639999389648438,23.399999618530273,22.600000381469727,23.399999618530273,13349,0.0,0.0,AIFU,1h
2024-11-14 10:30:00-05:00,23.399999618530273,23.599998474121094,23.399999618530273,23.399999618530273,12852,0.0,0.0,AIFU,1h
2024-11-14 11:30:00-05:00,23.5,24.0,23.5,23.601999282836914,7674,0.0,0.0,AIFU,1h
2024-11-14 12:30:00-05:00,23.80000114440918,23.80000114440918,23.615999221801758,23.78999900817871,4326,0.0,0.0,AIFU,1h
2024-11-14 13:30:00-05:00,23.80000114440918,23.900001525878906,23.696001052856445,23.696001052856445,5628,0.0,0.0,AIFU,1h
2024-11-14 14:30:00-05:00,23.69999885559082,23.69999885559082,23.5,23.5,5031,0.0,0.0,AIFU,1h
2024-11-14 15:30:00-05:00,23.420000076293945,23.599998474121094,23.399999618530273,23.599998474121094,4886,0.0,0.0,AIFU,1h
2024-11-15 09:30:00-05:00,24.600000381469727,24.600000381469727,23.19999885559082,23.397998809814453,10616,0.0,0.0,AIFU,1h
2024-11-15 10:30:00-05:00,23.099998474121094,23.196001052856445,23.0,23.196001052856445,3145,0.0,0.0,AIFU,1h
2024-11-15 11:30:00-05:00,23.062000274658203,23.062000274658203,22.600000381469727,22.799999237060547,15630,0.0,0.0,AIFU,1h
2024-11-15 12:30:00-05:00,22.899999618530273,23.0,22.600000381469727,22.600000381469727,20496,0.0,0.0,AIFU,1h
2024-11-15 13:30:00-05:00,22.799999237060547,22.899999618530273,22.600000381469727,22.799999237060547,10236,0.0,0.0,AIFU,1h
2024-11-15 14:30:00-05:00,22.799999237060547,22.823999404907227,22.799999237060547,22.823999404907227,475,0.0,0.0,AIFU,1h
2024-11-15 15:30:00-05:00,23.0,23.0,22.600000381469727,22.600000381469727,14905,0.0,0.0,AIFU,1h
2024-11-18 09:30:00-05:00,21.80000114440918,22.799999237060547,21.80000114440918,22.79599952697754,38235,0.0,0.0,AIFU,1h
2024-11-18 10:30:00-05:00,22.911998748779297,22.916000366210938,22.600000381469727,22.700000762939453,9006,0.0,0.0,AIFU,1h
2024-11-18 11:30:00-05:00,23.0,23.0,23.0,23.0,216,0.0,0.0,AIFU,1h
2024-11-18 12:30:00-05:00,22.899999618530273,22.899999618530273,22.899999618530273,22.899999618530273,596,0.0,0.0,AIFU,1h
2024-11-18 13:30:00-05:00,22.899999618530273,23.0,22.61400032043457,22.61400032043457,4389,0.0,0.0,AIFU,1h
2024-11-18 14:30:00-05:00,22.799999237060547,22.799999237060547,22.600000381469727,22.700000762939453,6149,0.0,0.0,AIFU,1h
2024-11-18 15:30:00-05:00,22.799999237060547,22.799999237060547,22.600000381469727,22.700000762939453,7504,0.0,0.0,AIFU,1h
2024-11-19 09:30:00-05:00,22.799999237060547,23.599998474121094,22.700000762939453,23.599998474121094,31302,0.0,0.0,AIFU,1h
2024-11-19 10:30:00-05:00,23.80000114440918,24.0,23.80000114440918,24.0,871,0.0,0.0,AIFU,1h
2024-11-19 11:30:00-05:00,23.599998474121094,23.996000289916992,23.5,23.996000289916992,13186,0.0,0.0,AIFU,1h
2024-11-19 12:30:00-05:00,23.631999969482422,23.80000114440918,23.631999969482422,23.80000114440918,1149,0.0,0.0,AIFU,1h
2024-11-19 13:30:00-05:00,23.599998474121094,23.80000114440918,23.381999969482422,23.79800033569336,5798,0.0,0.0,AIFU,1h
2024-11-19 14:30:00-05:00,23.80000114440918,23.80000114440918,23.649999618530273,23.80000114440918,5043,0.0,0.0,AIFU,1h
2024-11-19 15:30:00-05:00,23.599998474121094,23.80000114440918,23.599998474121094,23.80000114440918,18623,0.0,0.0,AIFU,1h
2024-11-20 09:30:00-05:00,23.80000114440918,25.0,23.599998474121094,24.22800064086914,23486,0.0,0.0,AIFU,1h
2024-11-20 13:30:00-05:00,24.799999237060547,24.799999237060547,24.400001525878906,24.400001525878906,5667,0.0,0.0,AIFU,1h
2024-11-20 14:30:00-05:00,24.400001525878906,24.400001525878906,24.200000762939453,24.400001525878906,3417,0.0,0.0,AIFU,1h
2024-11-20 15:30:00-05:00,24.400001525878906,25.399999618530273,24.400001525878906,25.399999618530273,16175,0.0,0.0,AIFU,1h
2024-11-21 09:30:00-05:00,26.099998474121094,26.099998474121094,25.599998474121094,25.68000030517578,6314,0.0,0.0,AIFU,1h
2024-11-21 10:30:00-05:00,25.599998474121094,25.599998474121094,24.400001525878906,24.400001525878906,13479,0.0,0.0,AIFU,1h
2024-11-21 11:30:00-05:00,24.209999084472656,24.600000381469727,24.209999084472656,24.600000381469727,8270,0.0,0.0,AIFU,1h
2024-11-21 13:30:00-05:00,24.200000762939453,24.600000381469727,24.200000762939453,24.600000381469727,3931,0.0,0.0,AIFU,1h
2024-11-21 14:30:00-05:00,24.600000381469727,25.0,24.600000381469727,25.0,9254,0.0,0.0,AIFU,1h
2024-11-21 15:30:00-05:00,25.0,25.200000762939453,24.979999542236328,25.200000762939453,7321,0.0,0.0,AIFU,1h
2024-11-22 09:30:00-05:00,24.25800132751465,24.600000381469727,24.25800132751465,24.5,2269,0.0,0.0,AIFU,1h
2024-11-22 10:30:00-05:00,24.400001525878906,24.400001525878906,24.30000114440918,24.400001525878906,30861,0.0,0.0,AIFU,1h
2024-11-22 11:30:00-05:00,24.30000114440918,25.0,24.0,24.600000381469727,25970,0.0,0.0,AIFU,1h
2024-11-22 12:30:00-05:00,24.600000381469727,25.100000381469727,24.597999572753906,25.100000381469727,17435,0.0,0.0,AIFU,1h
2024-11-22 13:30:00-05:00,25.200000762939453,25.299999237060547,25.0,25.200000762939453,8953,0.0,0.0,AIFU,1h
2024-11-22 15:30:00-05:00,25.200000762939453,25.399999618530273,25.200000762939453,25.399999618530273,851,0.0,0.0,AIFU,1h
2024-11-25 09:30:00-05:00,25.0,25.597999572753906,24.799999237060547,25.597999572753906,10066,0.0,0.0,AIFU,1h
2024-11-25 10:30:00-05:00,25.571998596191406,25.69999885559082,25.5,25.599998474121094,2771,0.0,0.0,AIFU,1h
2024-11-25 11:30:00-05:00,25.399999618530273,25.799999237060547,25.399999618530273,25.799999237060547,2151,0.0,0.0,AIFU,1h
2024-11-25 12:30:00-05:00,26.156002044677734,26.80000114440918,26.156002044677734,26.700000762939453,17033,0.0,0.0,AIFU,1h
2024-11-25 13:30:00-05:00,26.5,28.220001220703125,26.5,27.799999237060547,100134,0.0,0.0,AIFU,1h
2024-11-25 14:30:00-05:00,27.799999237060547,27.802000045776367,27.200000762939453,27.600000381469727,23344,0.0,0.0,AIFU,1h
2024-11-25 15:30:00-05:00,27.5,27.79800033569336,27.399999618530273,27.600000381469727,8495,0.0,0.0,AIFU,1h
2024-11-26 09:30:00-05:00,26.600000381469727,26.600000381469727,25.82400131225586,26.0,10522,0.0,0.0,AIFU,1h
2024-11-26 10:30:00-05:00,26.400001525878906,26.900001525878906,26.400001525878906,26.900001525878906,7783,0.0,0.0,AIFU,1h
2024-11-26 11:30:00-05:00,27.0,27.0,26.600000381469727,26.700000762939453,4768,0.0,0.0,AIFU,1h
2024-11-26 12:30:00-05:00,26.80000114440918,27.0,26.600000381469727,27.0,7322,0.0,0.0,AIFU,1h
2024-11-26 13:30:00-05:00,26.979999542236328,26.979999542236328,26.600000381469727,26.900001525878906,3476,0.0,0.0,AIFU,1h
2024-11-26 14:30:00-05:00,26.80000114440918,26.80000114440918,26.5,26.5,2437,0.0,0.0,AIFU,1h
2024-11-26 15:30:00-05:00,26.76000213623047,26.900001525878906,26.30000114440918,26.700000762939453,14453,0.0,0.0,AIFU,1h
2024-11-27 10:30:00-05:00,25.799999237060547,26.0,25.799999237060547,26.0,14703,0.0,0.0,AIFU,1h
2024-11-27 11:30:00-05:00,26.0,26.0,26.0,26.0,1123,0.0,0.0,AIFU,1h
2024-11-27 13:30:00-05:00,25.899999618530273,26.0,25.899999618530273,26.0,3972,0.0,0.0,AIFU,1h
2024-11-27 14:30:00-05:00,26.099998474121094,27.0,26.099998474121094,27.0,13812,0.0,0.0,AIFU,1h
2024-11-27 15:30:00-05:00,26.80000114440918,27.600000381469727,26.600000381469727,27.100000381469727,47848,0.0,0.0,AIFU,1h
2024-11-29 09:30:00-05:00,28.0,28.399999618530273,26.400001525878906,28.19999885559082,348948,0.0,0.0,AIFU,1h
2024-11-29 10:30:00-05:00,28.19999885559082,28.80000114440918,26.600000381469727,27.399999618530273,132158,0.0,0.0,AIFU,1h
2024-11-29 11:30:00-05:00,27.520000457763672,27.600000381469727,23.0,23.900001525878906,156802,0.0,0.0,AIFU,1h
2024-12-02 09:30:00-05:00,26.0,26.979999542236328,25.20800018310547,26.400001525878906,62180,0.0,0.0,AIFU,1h
2024-12-02 10:30:00-05:00,26.001998901367188,26.001998901367188,25.0,25.899999618530273,54173,0.0,0.0,AIFU,1h
2024-12-02 11:30:00-05:00,25.916000366210938,25.916000366210938,25.399999618530273,25.69999885559082,27456,0.0,0.0,AIFU,1h
2024-12-02 12:30:00-05:00,25.799999237060547,26.0,25.461999893188477,25.599998474121094,3120,0.0,0.0,AIFU,1h
2024-12-02 13:30:00-05:00,25.799999237060547,26.0,25.599998474121094,25.69999885559082,34587,0.0,0.0,AIFU,1h
2024-12-02 14:30:00-05:00,25.799999237060547,26.30000114440918,25.697998046875,26.0,31460,0.0,0.0,AIFU,1h
2024-12-02 15:30:00-05:00,25.899999618530273,26.0,25.599998474121094,25.599998474121094,3479,0.0,0.0,AIFU,1h
2024-12-03 09:30:00-05:00,24.400001525878906,25.399999618530273,24.400001525878906,25.399999618530273,31651,0.0,0.0,AIFU,1h
2024-12-03 10:30:00-05:00,25.360000610351562,25.399999618530273,25.0,25.399999618530273,12508,0.0,0.0,AIFU,1h
2024-12-03 11:30:00-05:00,25.399999618530273,26.19999885559082,25.399999618530273,25.799999237060547,13902,0.0,0.0,AIFU,1h
2024-12-03 12:30:00-05:00,25.799999237060547,25.998001098632812,25.639999389648438,25.998001098632812,3802,0.0,0.0,AIFU,1h
2024-12-03 13:30:00-05:00,25.599998474121094,25.799999237060547,25.5,25.599998474121094,16505,0.0,0.0,AIFU,1h
2024-12-03 14:30:00-05:00,25.200000762939453,25.36400032043457,25.0,25.200000762939453,5085,0.0,0.0,AIFU,1h
2024-12-03 15:30:00-05:00,25.200000762939453,25.220001220703125,25.0,25.200000762939453,3156,0.0,0.0,AIFU,1h
2024-12-04 09:30:00-05:00,24.953998565673828,24.953998565673828,24.953998565673828,24.953998565673828,534,0.0,0.0,AIFU,1h
2024-12-04 10:30:00-05:00,25.0,25.399999618530273,24.400001525878906,24.600000381469727,23338,0.0,0.0,AIFU,1h
2024-12-04 11:30:00-05:00,24.700000762939453,26.0,24.700000762939453,26.0,44425,0.0,0.0,AIFU,1h
2024-12-04 12:30:00-05:00,25.599998474121094,25.599998474121094,24.700000762939453,24.700000762939453,12497,0.0,0.0,AIFU,1h
2024-12-04 13:30:00-05:00,24.799999237060547,25.0,24.5,25.0,3939,0.0,0.0,AIFU,1h
2024-12-04 14:30:00-05:00,25.200000762939453,25.200000762939453,24.700000762939453,25.0,2357,0.0,0.0,AIFU,1h
2024-12-04 15:30:00-05:00,25.200000762939453,25.399999618530273,24.799999237060547,24.799999237060547,36139,0.0,0.0,AIFU,1h
2024-12-05 09:30:00-05:00,24.600000381469727,24.799999237060547,24.400001525878906,24.799999237060547,14161,0.0,0.0,AIFU,1h
2024-12-05 10:30:00-05:00,24.600000381469727,24.799999237060547,23.0,24.0,74030,0.0,0.0,AIFU,1h
2024-12-05 11:30:00-05:00,24.400001525878906,24.400001525878906,24.400001525878906,24.400001525878906,1373,0.0,0.0,AIFU,1h
2024-12-05 12:30:00-05:00,24.309999465942383,24.600000381469727,24.200000762939453,24.200000762939453,17644,0.0,0.0,AIFU,1h
2024-12-05 13:30:00-05:00,24.400001525878906,24.400001525878906,24.200000762939453,24.30000114440918,2940,0.0,0.0,AIFU,1h
2024-12-05 14:30:00-05:00,24.400001525878906,24.400001525878906,24.200000762939453,24.30000114440918,2525,0.0,0.0,AIFU,1h
2024-12-05 15:30:00-05:00,24.349998474121094,24.400001525878906,24.200000762939453,24.400001525878906,9355,0.0,0.0,AIFU,1h
2024-12-06 09:30:00-05:00,24.700000762939453,25.0,23.80000114440918,24.400001525878906,19619,0.0,0.0,AIFU,1h
2024-12-06 10:30:00-05:00,24.400001525878906,24.400001525878906,23.80000114440918,23.900001525878906,25837,0.0,0.0,AIFU,1h
2024-12-06 11:30:00-05:00,24.0,24.100000381469727,23.900001525878906,24.0,44092,0.0,0.0,AIFU,1h
2024-12-06 12:30:00-05:00,24.001998901367188,24.200000762939453,23.80000114440918,23.900001525878906,40625,0.0,0.0,AIFU,1h
2024-12-06 13:30:00-05:00,23.900001525878906,23.900001525878906,23.80000114440918,23.900001525878906,611,0.0,0.0,AIFU,1h
2024-12-06 14:30:00-05:00,23.900001525878906,23.900001525878906,23.900001525878906,23.900001525878906,2505,0.0,0.0,AIFU,1h
2024-12-06 15:30:00-05:00,23.959999084472656,23.959999084472656,23.19999885559082,23.19999885559082,41927,0.0,0.0,AIFU,1h
2024-12-09 09:30:00-05:00,24.799999237060547,25.79400062561035,23.599998474121094,25.00200080871582,86496,0.0,0.0,AIFU,1h
2024-12-09 10:30:00-05:00,25.200000762939453,25.31800079345703,25.00200080871582,25.31800079345703,0,0.0,0.0,AIFU,1h
2024-12-09 11:30:00-05:00,25.399999618530273,26.0,25.380001068115234,25.69999885559082,19601,0.0,0.0,AIFU,1h
2024-12-09 12:30:00-05:00,25.799999237060547,25.799999237060547,25.399999618530273,25.599998474121094,14011,0.0,0.0,AIFU,1h
2024-12-09 13:30:00-05:00,25.923999786376953,26.5,25.599998474121094,26.19999885559082,17310,0.0,0.0,AIFU,1h
2024-12-09 14:30:00-05:00,26.273998260498047,26.400001525878906,26.0,26.400001525878906,17309,0.0,0.0,AIFU,1h
2024-12-09 15:30:00-05:00,26.400001525878906,27.399999618530273,26.30000114440918,27.0,43482,0.0,0.0,AIFU,1h
2024-12-10 09:30:00-05:00,25.399999618530273,25.799999237060547,24.402000427246094,25.00400161743164,45567,0.0,0.0,AIFU,1h
2024-12-10 10:30:00-05:00,25.0,25.799999237060547,25.0,25.799999237060547,31904,0.0,0.0,AIFU,1h
2024-12-10 11:30:00-05:00,25.783998489379883,26.19999885559082,25.69999885559082,25.799999237060547,9725,0.0,0.0,AIFU,1h
2024-12-10 12:30:00-05:00,25.799999237060547,25.920000076293945,25.799999237060547,25.920000076293945,814,0.0,0.0,AIFU,1h
2024-12-10 13:30:00-05:00,25.790000915527344,25.790000915527344,25.399999618530273,25.399999618530273,10955,0.0,0.0,AIFU,1h
2024-12-10 14:30:00-05:00,25.399999618530273,25.399999618530273,25.200000762939453,25.200000762939453,1423,0.0,0.0,AIFU,1h
2024-12-10 15:30:00-05:00,25.5,25.5,25.399999618530273,25.399999618530273,4938,0.0,0.0,AIFU,1h
2024-12-11 09:30:00-05:00,24.577999114990234,25.399999618530273,24.577999114990234,25.0,15049,0.0,0.0,AIFU,1h
2024-12-11 10:30:00-05:00,25.0,25.200000762939453,24.719999313354492,24.719999313354492,8564,0.0,0.0,AIFU,1h
2024-12-11 11:30:00-05:00,25.200000762939453,25.200000762939453,25.0,25.100000381469727,9393,0.0,0.0,AIFU,1h
2024-12-11 12:30:00-05:00,25.100000381469727,25.200000762939453,25.0,25.0,2254,0.0,0.0,AIFU,1h
2024-12-11 13:30:00-05:00,25.371999740600586,25.380001068115234,25.299999237060547,25.299999237060547,7084,0.0,0.0,AIFU,1h
2024-12-11 14:30:00-05:00,25.20400047302246,25.399999618530273,25.0,25.399999618530273,21400,0.0,0.0,AIFU,1h
2024-12-11 15:30:00-05:00,25.399999618530273,25.799999237060547,25.399999618530273,25.799999237060547,1947,0.0,0.0,AIFU,1h
2024-12-12 09:30:00-05:00,25.799999237060547,25.799999237060547,25.200000762939453,25.200000762939453,4043,0.0,0.0,AIFU,1h
2024-12-12 10:30:00-05:00,25.190000534057617,25.197999954223633,25.18400001525879,25.18600082397461,7238,0.0,0.0,AIFU,1h
2024-12-12 11:30:00-05:00,25.17999839782715,25.599998474121094,24.799999237060547,24.799999237060547,16511,0.0,0.0,AIFU,1h
2024-12-12 12:30:00-05:00,25.399999618530273,25.399999618530273,25.399999618530273,25.399999618530273,1189,0.0,0.0,AIFU,1h
2024-12-12 14:30:00-05:00,25.20199966430664,25.20199966430664,24.799999237060547,25.0,11048,0.0,0.0,AIFU,1h
2024-12-12 15:30:00-05:00,25.0,25.200000762939453,24.799999237060547,24.799999237060547,657,0.0,0.0,AIFU,1h
2024-12-13 09:30:00-05:00,25.399999618530273,25.399999618530273,24.200000762939453,24.763999938964844,17963,0.0,0.0,AIFU,1h
2024-12-13 10:30:00-05:00,24.992000579833984,24.992000579833984,24.41400146484375,24.41400146484375,639,0.0,0.0,AIFU,1h
2024-12-13 11:30:00-05:00,24.93000030517578,24.983999252319336,24.479999542236328,24.809999465942383,3048,0.0,0.0,AIFU,1h
2024-12-13 12:30:00-05:00,24.68000030517578,24.700000762939453,24.68000030517578,24.700000762939453,3242,0.0,0.0,AIFU,1h
2024-12-13 13:30:00-05:00,24.700000762939453,24.700000762939453,24.400001525878906,24.400001525878906,2680,0.0,0.0,AIFU,1h
2024-12-13 14:30:00-05:00,24.5,24.700000762939453,24.5,24.600000381469727,16625,0.0,0.0,AIFU,1h
2024-12-13 15:30:00-05:00,24.600000381469727,24.600000381469727,24.400001525878906,24.400001525878906,1542,0.0,0.0,AIFU,1h
2024-12-16 09:30:00-05:00,23.64000129699707,24.200000762939453,23.399999618530273,24.040000915527344,27338,0.0,0.0,AIFU,1h
2024-12-16 10:30:00-05:00,24.200000762939453,24.200000762939453,24.200000762939453,24.200000762939453,381,0.0,0.0,AIFU,1h
2024-12-16 11:30:00-05:00,24.200000762939453,24.799999237060547,24.189998626708984,24.700000762939453,33383,0.0,0.0,AIFU,1h
2024-12-16 12:30:00-05:00,24.576000213623047,24.576000213623047,24.0,24.0,8478,0.0,0.0,AIFU,1h
2024-12-16 13:30:00-05:00,24.0,24.100000381469727,24.0,24.100000381469727,7839,0.0,0.0,AIFU,1h
2024-12-16 14:30:00-05:00,24.0,24.0,24.0,24.0,1149,0.0,0.0,AIFU,1h
2024-12-16 15:30:00-05:00,23.945999145507812,24.200000762939453,23.945999145507812,24.200000762939453,2703,0.0,0.0,AIFU,1h
2024-12-17 09:30:00-05:00,24.0,24.239999771118164,23.599998474121094,24.0,71184,0.0,0.0,AIFU,1h
2024-12-17 10:30:00-05:00,24.18800163269043,24.400001525878906,23.80000114440918,23.80000114440918,101657,0.0,0.0,AIFU,1h
2024-12-17 11:30:00-05:00,24.200000762939453,24.200000762939453,23.900001525878906,23.900001525878906,12210,0.0,0.0,AIFU,1h
2024-12-17 12:30:00-05:00,24.0,24.166000366210938,23.80000114440918,23.80000114440918,2741,0.0,0.0,AIFU,1h
2024-12-17 13:30:00-05:00,24.0,24.200000762939453,23.399999618530273,24.200000762939453,52415,0.0,0.0,AIFU,1h
2024-12-17 14:30:00-05:00,23.833999633789062,23.833999633789062,23.80000114440918,23.80000114440918,816,0.0,0.0,AIFU,1h
2024-12-17 15:30:00-05:00,23.843997955322266,24.0,23.80000114440918,23.900001525878906,14133,0.0,0.0,AIFU,1h
2024-12-18 09:30:00-05:00,23.19999885559082,24.200000762939453,23.19999885559082,23.416000366210938,42987,0.0,0.0,AIFU,1h
2024-12-18 10:30:00-05:00,23.238000869750977,23.238000869750977,21.700000762939453,22.600000381469727,183017,0.0,0.0,AIFU,1h
2024-12-18 11:30:00-05:00,22.881999969482422,23.0,22.881999969482422,23.0,5690,0.0,0.0,AIFU,1h
2024-12-18 12:30:00-05:00,22.600000381469727,22.600000381469727,22.600000381469727,22.600000381469727,18430,0.0,0.0,AIFU,1h
2024-12-18 13:30:00-05:00,22.700000762939453,22.799999237060547,22.399999618530273,22.5,3367,0.0,0.0,AIFU,1h
2024-12-18 14:30:00-05:00,22.5,22.600000381469727,22.374000549316406,22.600000381469727,11598,0.0,0.0,AIFU,1h
2024-12-18 15:30:00-05:00,22.595998764038086,22.595998764038086,21.80000114440918,22.0,19195,0.0,0.0,AIFU,1h
2024-12-19 09:30:00-05:00,22.600000381469727,22.899999618530273,21.80000114440918,22.0,15700,0.0,0.0,AIFU,1h
2024-12-19 10:30:00-05:00,21.80000114440918,21.80000114440918,21.30000114440918,21.80000114440918,20597,0.0,0.0,AIFU,1h
2024-12-19 11:30:00-05:00,21.998001098632812,21.998001098632812,21.600000381469727,21.600000381469727,4384,0.0,0.0,AIFU,1h
2024-12-19 12:30:00-05:00,21.80000114440918,21.80000114440918,21.600000381469727,21.80000114440918,6045,0.0,0.0,AIFU,1h
2024-12-19 13:30:00-05:00,21.80000114440918,22.0,21.80000114440918,21.900001525878906,3485,0.0,0.0,AIFU,1h
2024-12-19 14:30:00-05:00,21.900001525878906,21.900001525878906,21.80000114440918,21.80000114440918,933,0.0,0.0,AIFU,1h
2024-12-19 15:30:00-05:00,21.600000381469727,21.80000114440918,21.5,21.600000381469727,61840,0.0,0.0,AIFU,1h
2024-12-20 09:30:00-05:00,21.400001525878906,21.400001525878906,21.14200210571289,21.400001525878906,47387,0.0,0.0,AIFU,1h
2024-12-20 10:30:00-05:00,21.600000381469727,22.200000762939453,21.5,22.200000762939453,8270,0.0,0.0,AIFU,1h
2024-12-20 11:30:00-05:00,22.0,22.0,22.0,22.0,4553,0.0,0.0,AIFU,1h
2024-12-20 12:30:00-05:00,21.979999542236328,22.0,21.900001525878906,22.0,6156,0.0,0.0,AIFU,1h
2024-12-20 13:30:00-05:00,22.0,22.399999618530273,22.0,22.0,6752,0.0,0.0,AIFU,1h
2024-12-20 15:30:00-05:00,22.0,22.0,21.600000381469727,21.600000381469727,13757,0.0,0.0,AIFU,1h
2024-12-23 09:30:00-05:00,21.19999885559082,22.00400161743164,19.86400032043457,20.43199920654297,191792,0.0,0.0,AIFU,1h
2024-12-23 10:30:00-05:00,21.0,21.238000869750977,21.0,21.238000869750977,4733,0.0,0.0,AIFU,1h
2024-12-23 11:30:00-05:00,21.19999885559082,21.600000381469727,21.19999885559082,21.600000381469727,14901,0.0,0.0,AIFU,1h
2024-12-23 12:30:00-05:00,21.602001190185547,21.78999900817871,21.600000381469727,21.700000762939453,11022,0.0,0.0,AIFU,1h
2024-12-23 13:30:00-05:00,21.80000114440918,21.90799903869629,21.80000114440918,21.90799903869629,3563,0.0,0.0,AIFU,1h
2024-12-23 14:30:00-05:00,22.200000762939453,22.200000762939453,21.600000381469727,21.80000114440918,41635,0.0,0.0,AIFU,1h
2024-12-23 15:30:00-05:00,21.700000762939453,21.80000114440918,21.19999885559082,21.19999885559082,22062,0.0,0.0,AIFU,1h
2024-12-24 09:30:00-05:00,21.80000114440918,22.0,21.19999885559082,21.702001571655273,9183,0.0,0.0,AIFU,1h
2024-12-24 10:30:00-05:00,21.600000381469727,21.80000114440918,21.400001525878906,21.600000381469727,93785,0.0,0.0,AIFU,1h
2024-12-24 11:30:00-05:00,21.600000381469727,21.600000381469727,21.400001525878906,21.40199851989746,11556,0.0,0.0,AIFU,1h
2024-12-24 12:30:00-05:00,21.600000381469727,21.600000381469727,21.400001525878906,21.400001525878906,72266,0.0,0.0,AIFU,1h
2024-12-26 09:30:00-05:00,21.0,21.98999786376953,21.0,21.779998779296875,235448,0.0,0.0,AIFU,1h
2024-12-26 10:30:00-05:00,21.700000762939453,22.200000762939453,21.400001525878906,21.645999908447266,114860,0.0,0.0,AIFU,1h
2024-12-26 11:30:00-05:00,21.80000114440918,22.0,21.0,21.600000381469727,39129,0.0,0.0,AIFU,1h
2024-12-26 12:30:00-05:00,21.400001525878906,21.79800033569336,21.400001525878906,21.700000762939453,1259,0.0,0.0,AIFU,1h
2024-12-26 13:30:00-05:00,21.79800033569336,22.100000381469727,20.200000762939453,21.0,108890,0.0,0.0,AIFU,1h
2024-12-26 14:30:00-05:00,21.19999885559082,21.87799835205078,21.19999885559082,21.80000114440918,32336,0.0,0.0,AIFU,1h
2024-12-26 15:30:00-05:00,21.80000114440918,22.200000762939453,21.19999885559082,21.19999885559082,66595,0.0,0.0,AIFU,1h
2024-12-27 09:30:00-05:00,23.0,25.0,21.400001525878906,21.600000381469727,857789,0.0,0.0,AIFU,1h
2024-12-27 10:30:00-05:00,21.440000534057617,21.988000869750977,21.400001525878906,21.600000381469727,120081,0.0,0.0,AIFU,1h
2024-12-27 11:30:00-05:00,21.602001190185547,22.0,21.400001525878906,21.579999923706055,19386,0.0,0.0,AIFU,1h
2024-12-27 12:30:00-05:00,21.79599952697754,22.0,21.600000381469727,22.0,16922,0.0,0.0,AIFU,1h
2024-12-27 13:30:00-05:00,21.80000114440918,22.200000762939453,21.80000114440918,22.200000762939453,20687,0.0,0.0,AIFU,1h
2024-12-27 14:30:00-05:00,22.399999618530273,22.399999618530273,22.0,22.38399887084961,23572,0.0,0.0,AIFU,1h
2024-12-27 15:30:00-05:00,22.399999618530273,22.799999237060547,22.374000549316406,22.700000762939453,36459,0.0,0.0,AIFU,1h
2024-12-30 09:30:00-05:00,23.80000114440918,24.400001525878906,22.899999618530273,23.756000518798828,281434,0.0,0.0,AIFU,1h
2024-12-30 10:30:00-05:00,23.69999885559082,23.69999885559082,22.0,22.600000381469727,79030,0.0,0.0,AIFU,1h
2024-12-30 11:30:00-05:00,22.399999618530273,22.600000381469727,22.200000762939453,22.399999618530273,19821,0.0,0.0,AIFU,1h
2024-12-30 12:30:00-05:00,22.68400001525879,22.68400001525879,22.399999618530273,22.399999618530273,7879,0.0,0.0,AIFU,1h
2024-12-30 13:30:00-05:00,22.79800033569336,22.79800033569336,22.190000534057617,22.299999237060547,25962,0.0,0.0,AIFU,1h
2024-12-30 14:30:00-05:00,22.299999237060547,22.600000381469727,22.0,22.030000686645508,23973,0.0,0.0,AIFU,1h
2024-12-30 15:30:00-05:00,22.100000381469727,22.597999572753906,22.100000381469727,22.299999237060547,48053,0.0,0.0,AIFU,1h
2024-12-31 09:30:00-05:00,23.0,23.599998474121094,22.600000381469727,22.799999237060547,237235,0.0,0.0,AIFU,1h
2024-12-31 10:30:00-05:00,22.899999618530273,22.899999618530273,21.600000381469727,21.80000114440918,193386,0.0,0.0,AIFU,1h
2024-12-31 11:30:00-05:00,22.100000381469727,22.200000762939453,21.582000732421875,22.0,39146,0.0,0.0,AIFU,1h
2024-12-31 12:30:00-05:00,22.0,22.200000762939453,21.644001007080078,22.200000762939453,9405,0.0,0.0,AIFU,1h
2024-12-31 13:30:00-05:00,22.167999267578125,22.399999618530273,21.80000114440918,21.80000114440918,15961,0.0,0.0,AIFU,1h
2024-12-31 14:30:00-05:00,21.84000015258789,22.200000762939453,21.61600112915039,22.200000762939453,71717,0.0,0.0,AIFU,1h
2024-12-31 15:30:00-05:00,22.200000762939453,22.399999618530273,21.80000114440918,21.80000114440918,7576,0.0,0.0,AIFU,1h
2025-01-02 09:30:00-05:00,22.399999618530273,22.799999237060547,21.802001953125,22.200000762939453,116957,0.0,0.0,AIFU,1h
2025-01-02 10:30:00-05:00,22.139999389648438,22.200000762939453,21.8799991607666,22.200000762939453,62028,0.0,0.0,AIFU,1h
2025-01-02 11:30:00-05:00,22.0,22.200000762939453,21.600000381469727,22.0,43311,0.0,0.0,AIFU,1h
2025-01-02 12:30:00-05:00,22.200000762939453,22.200000762939453,21.80000114440918,21.970001220703125,7162,0.0,0.0,AIFU,1h
2025-01-02 13:30:00-05:00,21.802001953125,22.200000762939453,21.802001953125,22.200000762939453,6025,0.0,0.0,AIFU,1h
2025-01-02 14:30:00-05:00,22.0,22.200000762939453,22.0,22.200000762939453,14330,0.0,0.0,AIFU,1h
2025-01-02 15:30:00-05:00,22.197999954223633,23.19999885559082,22.197999954223633,23.19999885559082,31943,0.0,0.0,AIFU,1h
2025-01-03 09:30:00-05:00,22.799999237060547,22.799999237060547,21.19999885559082,21.222000122070312,270570,0.0,0.0,AIFU,1h
2025-01-03 10:30:00-05:00,21.20800018310547,21.80000114440918,21.19999885559082,21.75800132751465,23275,0.0,0.0,AIFU,1h
2025-01-03 11:30:00-05:00,21.600000381469727,22.0,21.600000381469727,21.700000762939453,161795,0.0,0.0,AIFU,1h
2025-01-03 12:30:00-05:00,21.700000762939453,21.80000114440918,21.600000381469727,21.700000762939453,9824,0.0,0.0,AIFU,1h
2025-01-03 13:30:00-05:00,21.700000762939453,21.972000122070312,21.700000762939453,21.80000114440918,7773,0.0,0.0,AIFU,1h
2025-01-03 14:30:00-05:00,21.700000762939453,21.80000114440918,21.600000381469727,21.61600112915039,15724,0.0,0.0,AIFU,1h
2025-01-03 15:30:00-05:00,21.700000762939453,21.700000762939453,21.400001525878906,21.5,36128,0.0,0.0,AIFU,1h
2025-01-06 09:30:00-05:00,21.400001525878906,21.775999069213867,20.599998474121094,21.0,129087,0.0,0.0,AIFU,1h
2025-01-06 10:30:00-05:00,21.19999885559082,21.30000114440918,21.0,21.099998474121094,64334,0.0,0.0,AIFU,1h
2025-01-06 11:30:00-05:00,21.196001052856445,21.552000045776367,20.899999618530273,21.19999885559082,12754,0.0,0.0,AIFU,1h
2025-01-06 12:30:00-05:00,21.101999282836914,21.398000717163086,20.808000564575195,21.020000457763672,17943,0.0,0.0,AIFU,1h
2025-01-06 13:30:00-05:00,21.168001174926758,21.240001678466797,20.899999618530273,21.0,18873,0.0,0.0,AIFU,1h
2025-01-06 14:30:00-05:00,21.099998474121094,21.19999885559082,20.69999885559082,20.69999885559082,6780,0.0,0.0,AIFU,1h
2025-01-06 15:30:00-05:00,20.785999298095703,21.0,20.599998474121094,20.799999237060547,27390,0.0,0.0,AIFU,1h
2025-01-07 09:30:00-05:00,20.0,20.799999237060547,19.0,19.3799991607666,366521,0.0,0.0,AIFU,1h
2025-01-07 10:30:00-05:00,19.400001525878906,19.802000045776367,19.0,19.576000213623047,156126,0.0,0.0,AIFU,1h
2025-01-07 11:30:00-05:00,19.579999923706055,20.799999237060547,19.119998931884766,19.119998931884766,99422,0.0,0.0,AIFU,1h
2025-01-07 12:30:00-05:00,19.119998931884766,19.400001525878906,19.119998931884766,19.263999938964844,18794,0.0,0.0,AIFU,1h
2025-01-07 13:30:00-05:00,19.19999885559082,19.3799991607666,19.100000381469727,19.360000610351562,25455,0.0,0.0,AIFU,1h
2025-01-07 14:30:00-05:00,19.260000228881836,19.260000228881836,18.399999618530273,19.00200080871582,88934,0.0,0.0,AIFU,1h
2025-01-07 15:30:00-05:00,19.003999710083008,19.077999114990234,18.440000534057617,18.597999572753906,69743,0.0,0.0,AIFU,1h
2025-01-08 09:30:00-05:00,18.398000717163086,18.398000717163086,15.995999336242676,16.0,307587,0.0,0.0,AIFU,1h
2025-01-08 10:30:00-05:00,16.091999053955078,16.718000411987305,15.0,15.815999984741211,169245,0.0,0.0,AIFU,1h
2025-01-08 11:30:00-05:00,15.631999969482422,15.631999969482422,14.619999885559082,15.039999008178711,240034,0.0,0.0,AIFU,1h
2025-01-08 12:30:00-05:00,15.100000381469727,16.31999969482422,14.600000381469727,14.600000381469727,247283,0.0,0.0,AIFU,1h
2025-01-08 13:30:00-05:00,14.600000381469727,15.598000526428223,14.019999504089355,15.595999717712402,161662,0.0,0.0,AIFU,1h
2025-01-08 14:30:00-05:00,15.595999717712402,16.233999252319336,15.00200080871582,16.200000762939453,214462,0.0,0.0,AIFU,1h
2025-01-08 15:30:00-05:00,16.100000381469727,16.200000762939453,16.0,16.0,88599,0.0,0.0,AIFU,1h
2025-01-10 09:30:00-05:00,15.59999942779541,15.59999942779541,9.800000190734863,9.901999473571777,1518489,0.0,0.0,AIFU,1h
2025-01-10 10:30:00-05:00,9.901999473571777,9.901999473571777,9.10200023651123,9.13800048828125,864002,0.0,0.0,AIFU,1h
2025-01-10 11:30:00-05:00,9.124000549316406,9.124000549316406,8.0,8.199999809265137,1877120,0.0,0.0,AIFU,1h
2025-01-10 12:30:00-05:00,8.199999809265137,8.800000190734863,7.802000045776367,8.098000526428223,1021725,0.0,0.0,AIFU,1h
2025-01-10 13:30:00-05:00,8.100000381469727,8.48799991607666,7.6020002365112305,7.875999927520752,1087292,0.0,0.0,AIFU,1h
2025-01-10 14:30:00-05:00,7.861999988555908,8.199999809265137,7.8460001945495605,7.861999988555908,842445,0.0,0.0,AIFU,1h
2025-01-10 15:30:00-05:00,7.861999988555908,8.450000762939453,7.861999988555908,8.40999984741211,493023,0.0,0.0,AIFU,1h
2025-01-13 09:30:00-05:00,8.600000381469727,8.619999885559082,6.668000221252441,6.794000148773193,1890884,0.0,0.0,AIFU,1h
2025-01-13 10:30:00-05:00,6.76800012588501,6.970000267028809,6.705999851226807,6.869999885559082,368241,0.0,0.0,AIFU,1h
2025-01-13 11:30:00-05:00,6.863999843597412,6.869999885559082,6.701999664306641,6.704000473022461,420863,0.0,0.0,AIFU,1h
2025-01-13 12:30:00-05:00,6.704000473022461,6.946000099182129,6.700000286102295,6.701999664306641,380828,0.0,0.0,AIFU,1h
2025-01-13 13:30:00-05:00,6.701999664306641,6.705999851226807,6.700000286102295,6.701999664306641,363364,0.0,0.0,AIFU,1h
2025-01-13 14:30:00-05:00,6.701999664306641,7.164000511169434,6.700000286102295,6.835999965667725,701658,0.0,0.0,AIFU,1h
2025-01-13 15:30:00-05:00,6.812000274658203,6.835999965667725,6.600000381469727,6.704000473022461,600057,0.0,0.0,AIFU,1h
2025-01-14 09:30:00-05:00,7.039999961853027,7.197999954223633,6.624000072479248,6.940000057220459,363073,0.0,0.0,AIFU,1h
2025-01-14 10:30:00-05:00,7.020000457763672,7.5980000495910645,7.020000457763672,7.105999946594238,1191672,0.0,0.0,AIFU,1h
2025-01-14 11:30:00-05:00,7.107999801635742,7.239999771118164,6.701999664306641,6.849999904632568,236497,0.0,0.0,AIFU,1h
2025-01-14 12:30:00-05:00,6.921999931335449,7.099999904632568,6.800000190734863,7.099999904632568,304103,0.0,0.0,AIFU,1h
2025-01-14 13:30:00-05:00,7.200000286102295,7.368000030517578,6.831999778747559,7.368000030517578,209879,0.0,0.0,AIFU,1h
2025-01-14 14:30:00-05:00,7.351999759674072,7.365999698638916,7.059999465942383,7.239999771118164,100220,0.0,0.0,AIFU,1h
2025-01-14 15:30:00-05:00,7.239999771118164,7.477999687194824,7.182000160217285,7.360000133514404,240782,0.0,0.0,AIFU,1h
2025-01-15 09:30:00-05:00,7.562000274658203,7.562000274658203,6.711999893188477,7.182000160217285,568295,0.0,0.0,AIFU,1h
2025-01-15 10:30:00-05:00,7.179999828338623,7.599999904632568,7.179999828338623,7.447999954223633,354393,0.0,0.0,AIFU,1h
2025-01-15 11:30:00-05:00,7.447999954223633,7.51800012588501,7.01200008392334,7.26800012588501,127077,0.0,0.0,AIFU,1h
2025-01-15 12:30:00-05:00,7.220000267028809,7.516000270843506,7.026000022888184,7.446000099182129,110326,0.0,0.0,AIFU,1h
2025-01-15 13:30:00-05:00,7.595999717712402,7.595999717712402,7.400000095367432,7.400000095367432,193424,0.0,0.0,AIFU,1h
2025-01-15 14:30:00-05:00,7.437999725341797,7.437999725341797,7.288000106811523,7.302000045776367,95732,0.0,0.0,AIFU,1h
2025-01-15 15:30:00-05:00,7.37999963760376,7.6660003662109375,7.218000411987305,7.6660003662109375,179436,0.0,0.0,AIFU,1h
2025-01-16 09:30:00-05:00,7.400000095367432,7.630000114440918,7.228000164031982,7.48199987411499,383078,0.0,0.0,AIFU,1h
2025-01-16 10:30:00-05:00,7.544000148773193,8.194000244140625,7.544000148773193,8.019999504089355,395661,0.0,0.0,AIFU,1h
2025-01-16 11:30:00-05:00,8.067999839782715,8.067999839782715,7.599999904632568,7.6020002365112305,337884,0.0,0.0,AIFU,1h
2025-01-16 12:30:00-05:00,7.692000389099121,7.979999542236328,7.599999904632568,7.703999996185303,79788,0.0,0.0,AIFU,1h
2025-01-16 13:30:00-05:00,7.639999866485596,7.799999713897705,7.4800004959106445,7.6020002365112305,48348,0.0,0.0,AIFU,1h
2025-01-16 14:30:00-05:00,7.6419997215271,7.803999900817871,7.5,7.649999618530273,29363,0.0,0.0,AIFU,1h
2025-01-16 15:30:00-05:00,7.649999618530273,7.7960004806518555,7.599999904632568,7.699999809265137,85118,0.0,0.0,AIFU,1h
2025-01-17 09:30:00-05:00,7.449999809265137,7.993999481201172,7.449999809265137,7.861999988555908,131725,0.0,0.0,AIFU,1h
2025-01-17 10:30:00-05:00,7.909999847412109,7.97599983215332,7.6020002365112305,7.6020002365112305,68143,0.0,0.0,AIFU,1h
2025-01-17 11:30:00-05:00,7.797999858856201,8.0,7.789999961853027,7.802000045776367,96889,0.0,0.0,AIFU,1h
2025-01-17 12:30:00-05:00,7.997999668121338,7.997999668121338,7.799999713897705,7.811999797821045,48951,0.0,0.0,AIFU,1h
2025-01-17 13:30:00-05:00,7.799999713897705,7.835999488830566,7.748000144958496,7.748000144958496,30975,0.0,0.0,AIFU,1h
2025-01-17 14:30:00-05:00,7.748000144958496,7.799999713897705,7.648000240325928,7.697999954223633,46665,0.0,0.0,AIFU,1h
2025-01-17 15:30:00-05:00,7.7960004806518555,7.807999610900879,7.639999866485596,7.639999866485596,32469,0.0,0.0,AIFU,1h
2025-01-21 09:30:00-05:00,7.799999713897705,7.799999713897705,7.5199995040893555,7.599999904632568,118688,0.0,0.0,AIFU,1h
2025-01-21 10:30:00-05:00,7.7220001220703125,7.7220001220703125,7.5199995040893555,7.599999904632568,57579,0.0,0.0,AIFU,1h
2025-01-21 11:30:00-05:00,7.446000099182129,7.5980000495910645,7.2779998779296875,7.550000190734863,62808,0.0,0.0,AIFU,1h
2025-01-21 12:30:00-05:00,7.495999813079834,7.495999813079834,7.350000381469727,7.350000381469727,19982,0.0,0.0,AIFU,1h
2025-01-21 13:30:00-05:00,7.400000095367432,7.495999813079834,7.350000381469727,7.495999813079834,49841,0.0,0.0,AIFU,1h
2025-01-21 14:30:00-05:00,7.447999954223633,7.4800004959106445,7.440000057220459,7.440000057220459,29179,0.0,0.0,AIFU,1h
2025-01-21 15:30:00-05:00,7.4679999351501465,7.495999813079834,7.378000259399414,7.495999813079834,15444,0.0,0.0,AIFU,1h
2025-01-22 09:30:00-05:00,7.271999835968018,7.918000221252441,7.200000286102295,7.802000045776367,203767,0.0,0.0,AIFU,1h
2025-01-22 10:30:00-05:00,7.814000129699707,7.990000247955322,7.699999809265137,7.814000129699707,66494,0.0,0.0,AIFU,1h
2025-01-22 11:30:00-05:00,7.814000129699707,7.814000129699707,7.599999904632568,7.739999771118164,27430,0.0,0.0,AIFU,1h
2025-01-22 12:30:00-05:00,7.677999496459961,7.778000354766846,7.625999927520752,7.708000183105469,10968,0.0,0.0,AIFU,1h
2025-01-22 13:30:00-05:00,7.778000354766846,7.778000354766846,7.778000354766846,7.778000354766846,2755,0.0,0.0,AIFU,1h
2025-01-22 14:30:00-05:00,7.702000141143799,7.778000354766846,7.599999904632568,7.599999904632568,37665,0.0,0.0,AIFU,1h
2025-01-22 15:30:00-05:00,7.421999931335449,7.760000228881836,7.421999931335449,7.699999809265137,14961,0.0,0.0,AIFU,1h
2025-01-23 09:30:00-05:00,7.404000282287598,7.832000255584717,7.220000267028809,7.771999835968018,143950,0.0,0.0,AIFU,1h
2025-01-23 10:30:00-05:00,7.604000091552734,7.751999855041504,7.604000091552734,7.6539998054504395,65399,0.0,0.0,AIFU,1h
2025-01-23 11:30:00-05:00,7.652000427246094,8.399999618530273,7.652000427246094,8.008000373840332,304587,0.0,0.0,AIFU,1h
2025-01-23 12:30:00-05:00,8.191999435424805,8.191999435424805,7.915999889373779,7.922000408172607,93219,0.0,0.0,AIFU,1h
2025-01-23 13:30:00-05:00,8.019999504089355,8.019999504089355,7.799999713897705,7.996000289916992,30128,0.0,0.0,AIFU,1h
2025-01-23 14:30:00-05:00,7.993999481201172,8.191999435424805,7.9579997062683105,8.086000442504883,21160,0.0,0.0,AIFU,1h
2025-01-23 15:30:00-05:00,8.072000503540039,8.073999404907227,7.934000015258789,8.072000503540039,48443,0.0,0.0,AIFU,1h
2025-01-24 09:30:00-05:00,8.019999504089355,8.394000053405762,7.920000076293945,8.118000030517578,225742,0.0,0.0,AIFU,1h
2025-01-24 10:30:00-05:00,8.210000038146973,8.800000190734863,8.173999786376953,8.586000442504883,247636,0.0,0.0,AIFU,1h
2025-01-24 11:30:00-05:00,8.600000381469727,9.039999961853027,8.600000381469727,8.859999656677246,189049,0.0,0.0,AIFU,1h
2025-01-24 12:30:00-05:00,8.880000114440918,8.880000114440918,8.600000381469727,8.600000381469727,121580,0.0,0.0,AIFU,1h
2025-01-24 13:30:00-05:00,8.484000205993652,8.769999504089355,8.472000122070312,8.699999809265137,63000,0.0,0.0,AIFU,1h
2025-01-24 14:30:00-05:00,8.699999809265137,8.767999649047852,8.600000381469727,8.690000534057617,35230,0.0,0.0,AIFU,1h
2025-01-24 15:30:00-05:00,8.656000137329102,8.687999725341797,8.600000381469727,8.600000381469727,11758,0.0,0.0,AIFU,1h
2025-01-27 09:30:00-05:00,8.5600004196167,8.996000289916992,8.0,8.60200023651123,373375,0.0,0.0,AIFU,1h
2025-01-27 10:30:00-05:00,8.673999786376953,8.795999526977539,8.600000381469727,8.600000381469727,43784,0.0,0.0,AIFU,1h
2025-01-27 11:30:00-05:00,8.748000144958496,8.748000144958496,8.539999961853027,8.539999961853027,33675,0.0,0.0,AIFU,1h
2025-01-27 12:30:00-05:00,8.5,8.75,8.199999809265137,8.552000045776367,310185,0.0,0.0,AIFU,1h
2025-01-27 13:30:00-05:00,8.552000045776367,8.597999572753906,8.498000144958496,8.5,31749,0.0,0.0,AIFU,1h
2025-01-27 14:30:00-05:00,8.399999618530273,8.399999618530273,8.270000457763672,8.338000297546387,88769,0.0,0.0,AIFU,1h
2025-01-27 15:30:00-05:00,8.199999809265137,8.595999717712402,8.199999809265137,8.442000389099121,68703,0.0,0.0,AIFU,1h
2025-01-28 09:30:00-05:00,8.34000015258789,8.34000015258789,8.0,8.118000030517578,74376,0.0,0.0,AIFU,1h
2025-01-28 10:30:00-05:00,8.107999801635742,8.118000030517578,7.799999713897705,7.850000381469727,82307,0.0,0.0,AIFU,1h
2025-01-28 11:30:00-05:00,7.992000102996826,8.450000762939453,7.853999614715576,8.210000038146973,63545,0.0,0.0,AIFU,1h
2025-01-28 12:30:00-05:00,8.210000038146973,8.399999618530273,8.121999740600586,8.395999908447266,20516,0.0,0.0,AIFU,1h
2025-01-28 13:30:00-05:00,8.258000373840332,8.399999618530273,8.144000053405762,8.144000053405762,19948,0.0,0.0,AIFU,1h
2025-01-28 14:30:00-05:00,8.260000228881836,8.618000030517578,8.260000228881836,8.618000030517578,85315,0.0,0.0,AIFU,1h
2025-01-28 15:30:00-05:00,8.515999794006348,8.628000259399414,8.333999633789062,8.399999618530273,111488,0.0,0.0,AIFU,1h
2025-01-29 09:30:00-05:00,8.597999572753906,8.597999572753906,8.0,8.041999816894531,36931,0.0,0.0,AIFU,1h
2025-01-29 10:30:00-05:00,8.041999816894531,8.399999618530273,8.041999816894531,8.101999282836914,49486,0.0,0.0,AIFU,1h
2025-01-29 11:30:00-05:00,8.199999809265137,8.402000427246094,8.041999816894531,8.272000312805176,55374,0.0,0.0,AIFU,1h
2025-01-29 12:30:00-05:00,8.044000625610352,8.083999633789062,8.0339994430542,8.03600025177002,16893,0.0,0.0,AIFU,1h
2025-01-29 13:30:00-05:00,8.03600025177002,8.038000106811523,7.861999988555908,7.881999969482422,24520,0.0,0.0,AIFU,1h
2025-01-29 14:30:00-05:00,8.03600025177002,8.232000350952148,7.8979997634887695,8.199999809265137,92176,0.0,0.0,AIFU,1h
2025-01-29 15:30:00-05:00,8.064000129699707,8.331999778747559,8.064000129699707,8.199999809265137,872,0.0,0.0,AIFU,1h
2025-01-30 09:30:00-05:00,7.997999668121338,8.399999618530273,7.929999828338623,8.199999809265137,41276,0.0,0.0,AIFU,1h
2025-01-30 10:30:00-05:00,8.202000617980957,8.202000617980957,7.860000133514404,8.199999809265137,118853,0.0,0.0,AIFU,1h
2025-01-30 11:30:00-05:00,8.199999809265137,8.375999450683594,8.038000106811523,8.197999954223633,9181,0.0,0.0,AIFU,1h
2025-01-30 12:30:00-05:00,8.11400032043457,8.11400032043457,7.734000205993652,7.880000114440918,91783,0.0,0.0,AIFU,1h
2025-01-30 13:30:00-05:00,7.880000114440918,7.880000114440918,7.802000045776367,7.880000114440918,25788,0.0,0.0,AIFU,1h
2025-01-30 14:30:00-05:00,8.121999740600586,8.121999740600586,7.8520002365112305,7.8520002365112305,15682,0.0,0.0,AIFU,1h
2025-01-30 15:30:00-05:00,8.045999526977539,8.045999526977539,7.802000045776367,7.802000045776367,18950,0.0,0.0,AIFU,1h
2025-01-31 09:30:00-05:00,7.920000076293945,7.96999979019165,7.400000095367432,7.599999904632568,142024,0.0,0.0,AIFU,1h
2025-01-31 10:30:00-05:00,7.613999843597412,7.716000080108643,7.613999843597412,7.716000080108643,3013,0.0,0.0,AIFU,1h
2025-01-31 11:30:00-05:00,7.680000305175781,7.810000419616699,7.680000305175781,7.779999732971191,5044,0.0,0.0,AIFU,1h
2025-01-31 12:30:00-05:00,7.73799991607666,7.73799991607666,7.4019999504089355,7.4019999504089355,57321,0.0,0.0,AIFU,1h
2025-01-31 13:30:00-05:00,7.505999565124512,7.5980000495910645,7.400000095367432,7.437999725341797,55050,0.0,0.0,AIFU,1h
2025-01-31 14:30:00-05:00,7.435999870300293,7.599999904632568,7.400000095367432,7.5,10736,0.0,0.0,AIFU,1h
2025-01-31 15:30:00-05:00,7.5,7.581999778747559,7.420000076293945,7.490000247955322,23993,0.0,0.0,AIFU,1h
2025-02-03 09:30:00-05:00,7.200000286102295,8.0,7.107999801635742,7.4079999923706055,162729,0.0,0.0,AIFU,1h
2025-02-03 10:30:00-05:00,7.426000118255615,7.595999717712402,7.426000118255615,7.51200008392334,17268,0.0,0.0,AIFU,1h
2025-02-03 11:30:00-05:00,7.5980000495910645,7.649999618530273,7.5,7.501999855041504,9090,0.0,0.0,AIFU,1h
2025-02-03 12:30:00-05:00,7.562000274658203,7.799999713897705,7.559999942779541,7.799999713897705,24881,0.0,0.0,AIFU,1h
2025-02-03 13:30:00-05:00,7.797999858856201,7.797999858856201,7.7960004806518555,7.797999858856201,3865,0.0,0.0,AIFU,1h
2025-02-03 14:30:00-05:00,7.736000061035156,7.911999702453613,7.599999904632568,7.599999904632568,54536,0.0,0.0,AIFU,1h
2025-02-03 15:30:00-05:00,7.680000305175781,7.803999900817871,7.552000045776367,7.562000274658203,112670,0.0,0.0,AIFU,1h
2025-02-04 09:30:00-05:00,7.940000534057617,7.940000534057617,7.5199995040893555,7.5199995040893555,47134,0.0,0.0,AIFU,1h
2025-02-04 10:30:00-05:00,7.595999717712402,7.62399959564209,7.593999862670898,7.593999862670898,7025,0.0,0.0,AIFU,1h
2025-02-04 11:30:00-05:00,7.62399959564209,7.670000076293945,7.460000038146973,7.4800004959106445,45039,0.0,0.0,AIFU,1h
2025-02-04 12:30:00-05:00,7.4800004959106445,7.590000152587891,7.449999809265137,7.578000068664551,19510,0.0,0.0,AIFU,1h
2025-02-04 13:30:00-05:00,7.667999744415283,7.667999744415283,7.440000057220459,7.565999984741211,78487,0.0,0.0,AIFU,1h
2025-02-04 14:30:00-05:00,7.548000335693359,7.611999988555908,7.5199995040893555,7.5239996910095215,16754,0.0,0.0,AIFU,1h
2025-02-04 15:30:00-05:00,7.5199995040893555,7.5199995040893555,7.460000038146973,7.494000434875488,19038,0.0,0.0,AIFU,1h
2025-02-05 09:30:00-05:00,7.559999942779541,7.96999979019165,7.559999942779541,7.684000015258789,6762,0.0,0.0,AIFU,1h
2025-02-05 10:30:00-05:00,7.595999717712402,7.5980000495910645,7.491999626159668,7.595999717712402,25607,0.0,0.0,AIFU,1h
2025-02-05 11:30:00-05:00,7.595999717712402,7.909999847412109,7.595999717712402,7.839999675750732,20297,0.0,0.0,AIFU,1h
2025-02-05 12:30:00-05:00,7.906000137329102,7.9579997062683105,7.699999809265137,7.797999858856201,19104,0.0,0.0,AIFU,1h
2025-02-05 13:30:00-05:00,7.62000036239624,7.793999671936035,7.491999626159668,7.5980000495910645,114376,0.0,0.0,AIFU,1h
2025-02-05 14:30:00-05:00,7.501999855041504,7.548000335693359,7.501999855041504,7.501999855041504,3816,0.0,0.0,AIFU,1h
2025-02-05 15:30:00-05:00,7.585999965667725,7.599999904632568,7.5,7.537999629974365,60717,0.0,0.0,AIFU,1h
2025-02-06 09:30:00-05:00,7.599999904632568,7.797999858856201,7.46999979019165,7.537999629974365,76071,0.0,0.0,AIFU,1h
2025-02-06 10:30:00-05:00,7.4019999504089355,7.599999904632568,7.4019999504089355,7.501999855041504,3242,0.0,0.0,AIFU,1h
2025-02-06 11:30:00-05:00,7.674000263214111,7.677999496459961,7.4019999504089355,7.437999725341797,84111,0.0,0.0,AIFU,1h
2025-02-06 12:30:00-05:00,7.516000270843506,7.621999740600586,7.420000076293945,7.621999740600586,56828,0.0,0.0,AIFU,1h
2025-02-06 13:30:00-05:00,7.599999904632568,7.674000263214111,7.505999565124512,7.505999565124512,7202,0.0,0.0,AIFU,1h
2025-02-06 14:30:00-05:00,7.5,7.659999847412109,7.5,7.659999847412109,5400,0.0,0.0,AIFU,1h
2025-02-06 15:30:00-05:00,7.501999855041504,7.674000263214111,7.5,7.588000297546387,9925,0.0,0.0,AIFU,1h
2025-02-07 09:30:00-05:00,7.5199995040893555,10.714000701904297,7.5199995040893555,8.90999984741211,3182388,0.0,0.0,AIFU,1h
2025-02-07 10:30:00-05:00,9.0,9.082000732421875,7.720000267028809,8.194000244140625,402475,0.0,0.0,AIFU,1h
2025-02-07 11:30:00-05:00,8.194000244140625,8.197999954223633,8.015999794006348,8.069999694824219,125918,0.0,0.0,AIFU,1h
2025-02-07 12:30:00-05:00,8.072000503540039,8.232000350952148,8.041999816894531,8.104000091552734,39967,0.0,0.0,AIFU,1h
2025-02-07 13:30:00-05:00,8.119999885559082,8.265999794006348,8.104000091552734,8.17199993133545,38846,0.0,0.0,AIFU,1h
2025-02-07 14:30:00-05:00,8.177999496459961,8.305999755859375,7.806000232696533,7.96999979019165,111924,0.0,0.0,AIFU,1h
2025-02-07 15:30:00-05:00,7.96999979019165,8.211999893188477,7.914000034332275,8.073999404907227,72918,0.0,0.0,AIFU,1h
2025-02-10 09:30:00-05:00,7.599999904632568,8.0,7.400000095367432,7.802000045776367,392441,0.0,0.0,AIFU,1h
2025-02-10 10:30:00-05:00,7.785999774932861,7.911999702453613,7.62000036239624,7.789999961853027,122854,0.0,0.0,AIFU,1h
2025-02-10 11:30:00-05:00,7.62399959564209,7.7920002937316895,7.599999904632568,7.7920002937316895,99447,0.0,0.0,AIFU,1h
2025-02-10 12:30:00-05:00,7.616000175476074,7.7920002937316895,7.616000175476074,7.62000036239624,29222,0.0,0.0,AIFU,1h
2025-02-10 13:30:00-05:00,7.607999801635742,7.607999801635742,7.400000095367432,7.4639997482299805,263041,0.0,0.0,AIFU,1h
2025-02-10 14:30:00-05:00,7.526000022888184,7.6620001792907715,7.400000095367432,7.6620001792907715,68780,0.0,0.0,AIFU,1h
2025-02-10 15:30:00-05:00,7.440000057220459,7.72599983215332,7.440000057220459,7.72599983215332,101164,0.0,0.0,AIFU,1h
2025-02-11 09:30:00-05:00,7.421999931335449,7.508000373840332,6.919999599456787,6.980000019073486,294821,0.0,0.0,AIFU,1h
2025-02-11 10:30:00-05:00,6.940000057220459,6.940000057220459,6.426000118255615,6.682000160217285,209606,0.0,0.0,AIFU,1h
2025-02-11 11:30:00-05:00,6.690000534057617,6.863999843597412,6.600000381469727,6.6579999923706055,143496,0.0,0.0,AIFU,1h
2025-02-11 12:30:00-05:00,6.6579999923706055,6.854000091552734,6.645999908447266,6.800000190734863,219526,0.0,0.0,AIFU,1h
2025-02-11 13:30:00-05:00,6.822000026702881,6.8420000076293945,6.176000118255615,6.23199987411499,260824,0.0,0.0,AIFU,1h
2025-02-11 14:30:00-05:00,6.168000221252441,6.182000160217285,5.824000358581543,6.156000137329102,442524,0.0,0.0,AIFU,1h
2025-02-11 15:30:00-05:00,6.182000160217285,6.38800048828125,6.182000160217285,6.354000091552734,266401,0.0,0.0,AIFU,1h
2025-02-12 09:30:00-05:00,6.0,6.420000076293945,6.0,6.086000442504883,227839,0.0,0.0,AIFU,1h
2025-02-12 10:30:00-05:00,6.059999942779541,6.11199951171875,6.0,6.110000133514404,84684,0.0,0.0,AIFU,1h
2025-02-12 11:30:00-05:00,6.097999572753906,6.2139997482299805,6.0879998207092285,6.196000099182129,20036,0.0,0.0,AIFU,1h
2025-02-12 12:30:00-05:00,6.2139997482299805,6.402000427246094,6.176000118255615,6.402000427246094,121270,0.0,0.0,AIFU,1h
2025-02-12 13:30:00-05:00,6.421999931335449,6.440000057220459,6.398000240325928,6.417999744415283,106335,0.0,0.0,AIFU,1h
2025-02-12 14:30:00-05:00,6.402000427246094,6.564000129699707,6.399999618530273,6.399999618530273,80246,0.0,0.0,AIFU,1h
2025-02-12 15:30:00-05:00,6.406000137329102,6.406000137329102,6.203999996185303,6.203999996185303,126021,0.0,0.0,AIFU,1h
2025-02-13 09:30:00-05:00,6.086000442504883,6.323999881744385,6.086000442504883,6.0920000076293945,64371,0.0,0.0,AIFU,1h
2025-02-13 10:30:00-05:00,6.0920000076293945,6.28000020980835,6.0920000076293945,6.28000020980835,1745,0.0,0.0,AIFU,1h
2025-02-13 11:30:00-05:00,6.28000020980835,6.28000020980835,6.140000343322754,6.248000144958496,13212,0.0,0.0,AIFU,1h
2025-02-13 12:30:00-05:00,6.248000144958496,6.276000022888184,6.140000343322754,6.197999954223633,22805,0.0,0.0,AIFU,1h
2025-02-13 13:30:00-05:00,6.199999809265137,6.276000022888184,6.122000217437744,6.245999813079834,79257,0.0,0.0,AIFU,1h
2025-02-13 14:30:00-05:00,6.317999839782715,6.4160003662109375,6.248000144958496,6.37399959564209,51929,0.0,0.0,AIFU,1h
2025-02-13 15:30:00-05:00,6.399999618530273,6.498000144958496,6.302000045776367,6.355999946594238,49810,0.0,0.0,AIFU,1h
2025-02-14 09:30:00-05:00,6.427999496459961,6.831999778747559,6.426000118255615,6.831999778747559,56350,0.0,0.0,AIFU,1h
2025-02-14 10:30:00-05:00,6.831999778747559,6.984000205993652,6.600000381469727,6.732000350952148,104468,0.0,0.0,AIFU,1h
2025-02-14 11:30:00-05:00,6.732000350952148,6.77400016784668,6.442000389099121,6.4639997482299805,69084,0.0,0.0,AIFU,1h
2025-02-14 12:30:00-05:00,6.4679999351501465,6.593999862670898,6.4679999351501465,6.552000045776367,4810,0.0,0.0,AIFU,1h
2025-02-14 13:30:00-05:00,6.543999671936035,6.547999858856201,6.424000263214111,6.547999858856201,15026,0.0,0.0,AIFU,1h
2025-02-14 14:30:00-05:00,6.492000102996826,6.654000282287598,6.430000305175781,6.600000381469727,27755,0.0,0.0,AIFU,1h
2025-02-14 15:30:00-05:00,6.535999774932861,6.605999946594238,6.430000305175781,6.498000144958496,25370,0.0,0.0,AIFU,1h
2025-02-18 09:30:00-05:00,6.819999694824219,7.200000286102295,6.624000072479248,6.791999816894531,252301,0.0,0.0,AIFU,1h
2025-02-18 10:30:00-05:00,6.639999866485596,7.013999938964844,6.621999740600586,7.013999938964844,212969,0.0,0.0,AIFU,1h
2025-02-18 11:30:00-05:00,7.013999938964844,7.058000087738037,6.539999961853027,6.5420002937316895,106672,0.0,0.0,AIFU,1h
2025-02-18 12:30:00-05:00,6.728000164031982,6.760000228881836,6.406000137329102,6.409999847412109,112483,0.0,0.0,AIFU,1h
2025-02-18 13:30:00-05:00,6.498000144958496,6.533999919891357,6.322000026702881,6.430000305175781,111143,0.0,0.0,AIFU,1h
2025-02-18 14:30:00-05:00,6.460000038146973,6.556000232696533,6.375999927520752,6.489999771118164,69640,0.0,0.0,AIFU,1h
2025-02-18 15:30:00-05:00,6.501999855041504,6.628000259399414,6.375999927520752,6.5,152585,0.0,0.0,AIFU,1h
2025-02-19 09:30:00-05:00,6.729999542236328,7.0,6.600000381469727,6.819999694824219,94314,0.0,0.0,AIFU,1h
2025-02-19 10:30:00-05:00,6.819999694824219,6.901999473571777,6.610000133514404,6.661999702453613,123349,0.0,0.0,AIFU,1h
2025-02-19 11:30:00-05:00,6.679999828338623,6.819999694824219,6.679999828338623,6.75,27452,0.0,0.0,AIFU,1h
2025-02-19 12:30:00-05:00,6.75,6.817999839782715,6.650000095367432,6.664000034332275,31519,0.0,0.0,AIFU,1h
2025-02-19 13:30:00-05:00,6.6519999504089355,6.812000274658203,6.48199987411499,6.579999923706055,64062,0.0,0.0,AIFU,1h
2025-02-19 14:30:00-05:00,6.5960001945495605,6.5960001945495605,6.427999496459961,6.427999496459961,13402,0.0,0.0,AIFU,1h
2025-02-19 15:30:00-05:00,6.427999496459961,6.5960001945495605,6.427999496459961,6.5960001945495605,45783,0.0,0.0,AIFU,1h
2025-02-20 09:30:00-05:00,6.600000381469727,6.877999782562256,6.600000381469727,6.789999961853027,107326,0.0,0.0,AIFU,1h
2025-02-20 10:30:00-05:00,6.814000129699707,6.814000129699707,6.600000381469727,6.638000011444092,81732,0.0,0.0,AIFU,1h
2025-02-20 11:30:00-05:00,6.659999847412109,6.758000373840332,6.600000381469727,6.644000053405762,3851,0.0,0.0,AIFU,1h
2025-02-20 12:30:00-05:00,6.687999725341797,6.696000099182129,6.600000381469727,6.600000381469727,22751,0.0,0.0,AIFU,1h
2025-02-20 13:30:00-05:00,6.600000381469727,6.733999729156494,6.600000381469727,6.679999828338623,13675,0.0,0.0,AIFU,1h
2025-02-20 14:30:00-05:00,6.733999729156494,6.800000190734863,6.619999885559082,6.800000190734863,52853,0.0,0.0,AIFU,1h
2025-02-20 15:30:00-05:00,6.639999866485596,6.8379998207092285,6.619999885559082,6.797999858856201,74577,0.0,0.0,AIFU,1h
2025-02-21 09:30:00-05:00,6.831999778747559,6.904000282287598,6.420000076293945,6.693999767303467,188798,0.0,0.0,AIFU,1h
2025-02-21 10:30:00-05:00,6.6020002365112305,6.664000034332275,6.6020002365112305,6.664000034332275,11477,0.0,0.0,AIFU,1h
2025-02-21 11:30:00-05:00,6.715999603271484,6.76800012588501,6.711999893188477,6.711999893188477,54723,0.0,0.0,AIFU,1h
2025-02-21 12:30:00-05:00,6.610000133514404,6.747999668121338,6.607999801635742,6.610000133514404,27429,0.0,0.0,AIFU,1h
2025-02-21 13:30:00-05:00,6.610000133514404,6.901999473571777,6.610000133514404,6.800000190734863,75637,0.0,0.0,AIFU,1h
2025-02-21 14:30:00-05:00,6.746000289916992,6.794000148773193,6.668000221252441,6.668000221252441,16826,0.0,0.0,AIFU,1h
2025-02-21 15:30:00-05:00,6.668000221252441,6.881999969482422,6.668000221252441,6.794000148773193,14295,0.0,0.0,AIFU,1h
2025-02-24 09:30:00-05:00,6.802000045776367,6.898000240325928,6.600000381469727,6.6020002365112305,95049,0.0,0.0,AIFU,1h
2025-02-24 10:30:00-05:00,6.819999694824219,6.819999694824219,6.659999847412109,6.679999828338623,4946,0.0,0.0,AIFU,1h
2025-02-24 11:30:00-05:00,6.791999816894531,6.854000091552734,6.791999816894531,6.8379998207092285,17212,0.0,0.0,AIFU,1h
2025-02-24 12:30:00-05:00,6.851999759674072,7.006000518798828,6.851999759674072,7.006000518798828,50065,0.0,0.0,AIFU,1h
2025-02-24 13:30:00-05:00,6.919999599456787,7.119999885559082,6.919999599456787,6.919999599456787,59147,0.0,0.0,AIFU,1h
2025-02-24 14:30:00-05:00,6.995999813079834,6.995999813079834,6.869999885559082,6.961999893188477,38293,0.0,0.0,AIFU,1h
2025-02-24 15:30:00-05:00,6.961999893188477,6.995999813079834,6.961999893188477,6.97599983215332,24937,0.0,0.0,AIFU,1h
2025-02-25 09:30:00-05:00,7.453999996185303,7.599999904632568,7.099999904632568,7.305999755859375,210084,0.0,0.0,AIFU,1h
2025-02-25 10:30:00-05:00,7.340000152587891,7.4019999504089355,7.257999897003174,7.300000190734863,75528,0.0,0.0,AIFU,1h
2025-02-25 11:30:00-05:00,7.293999671936035,7.293999671936035,7.1020002365112305,7.1539998054504395,64772,0.0,0.0,AIFU,1h
2025-02-25 12:30:00-05:00,7.279999732971191,7.297999858856201,7.271999835968018,7.291999816894531,5710,0.0,0.0,AIFU,1h
2025-02-25 13:30:00-05:00,7.3379998207092285,7.553999900817871,7.3379998207092285,7.411999702453613,46838,0.0,0.0,AIFU,1h
2025-02-25 14:30:00-05:00,7.4679999351501465,7.4679999351501465,7.4079999923706055,7.415999889373779,35042,0.0,0.0,AIFU,1h
2025-02-25 15:30:00-05:00,7.378000259399414,7.508000373840332,7.378000259399414,7.437999725341797,18731,0.0,0.0,AIFU,1h
2025-02-26 09:30:00-05:00,7.590000152587891,7.590000152587891,6.8339996337890625,7.099999904632568,201568,0.0,0.0,AIFU,1h
2025-02-26 10:30:00-05:00,7.1579999923706055,7.400000095367432,7.076000213623047,7.394000053405762,74436,0.0,0.0,AIFU,1h
2025-02-26 11:30:00-05:00,7.494000434875488,7.494000434875488,7.22599983215332,7.293999671936035,32002,0.0,0.0,AIFU,1h
2025-02-26 12:30:00-05:00,7.25600004196167,7.279999732971191,7.200000286102295,7.200000286102295,14771,0.0,0.0,AIFU,1h
2025-02-26 13:30:00-05:00,7.220000267028809,7.220000267028809,7.197999954223633,7.197999954223633,2623,0.0,0.0,AIFU,1h
2025-02-26 14:30:00-05:00,7.128000259399414,7.200000286102295,7.128000259399414,7.200000286102295,4660,0.0,0.0,AIFU,1h
2025-02-26 15:30:00-05:00,7.248000144958496,7.248000144958496,7.1519999504089355,7.1519999504089355,1564,0.0,0.0,AIFU,1h
2025-02-27 09:30:00-05:00,7.121999740600586,7.121999740600586,6.901999473571777,7.0,68804,0.0,0.0,AIFU,1h
2025-02-27 10:30:00-05:00,7.013999938964844,7.149999618530273,6.9639997482299805,7.034000396728516,38130,0.0,0.0,AIFU,1h
2025-02-27 11:30:00-05:00,7.139999866485596,7.288000106811523,7.088000297546387,7.206000328063965,61958,0.0,0.0,AIFU,1h
2025-02-27 12:30:00-05:00,7.235999584197998,7.26800012588501,7.234000205993652,7.26800012588501,1252,0.0,0.0,AIFU,1h
2025-02-27 13:30:00-05:00,7.192000389099121,7.192000389099121,7.192000389099121,7.192000389099121,2632,0.0,0.0,AIFU,1h
2025-02-27 14:30:00-05:00,7.088000297546387,7.197999954223633,7.088000297546387,7.139999866485596,28996,0.0,0.0,AIFU,1h
2025-02-27 15:30:00-05:00,7.146000385284424,7.193999767303467,7.104000091552734,7.193999767303467,16862,0.0,0.0,AIFU,1h
2025-02-28 09:30:00-05:00,7.307999610900879,7.355999946594238,7.107999801635742,7.355999946594238,55645,0.0,0.0,AIFU,1h
2025-02-28 10:30:00-05:00,7.202000141143799,7.309999942779541,7.200000286102295,7.309999942779541,103348,0.0,0.0,AIFU,1h
2025-02-28 11:30:00-05:00,7.309999942779541,7.4800004959106445,7.288000106811523,7.288000106811523,30864,0.0,0.0,AIFU,1h
2025-02-28 12:30:00-05:00,7.283999919891357,7.328000068664551,7.283999919891357,7.283999919891357,3853,0.0,0.0,AIFU,1h
2025-02-28 13:30:00-05:00,7.383999824523926,7.383999824523926,7.383999824523926,7.383999824523926,3340,0.0,0.0,AIFU,1h
2025-02-28 14:30:00-05:00,7.400000095367432,7.579999923706055,7.323999881744385,7.579999923706055,12869,0.0,0.0,AIFU,1h
2025-02-28 15:30:00-05:00,7.599999904632568,7.797999858856201,7.4679999351501465,7.797999858856201,110379,0.0,0.0,AIFU,1h
2025-03-03 09:30:00-05:00,7.670000076293945,8.197999954223633,7.434000015258789,7.434000015258789,121337,0.0,0.0,AIFU,1h
2025-03-03 10:30:00-05:00,7.411999702453613,7.564000129699707,7.411999702453613,7.423999786376953,23315,0.0,0.0,AIFU,1h
2025-03-03 11:30:00-05:00,7.421999931335449,7.5920000076293945,7.300000190734863,7.300000190734863,12250,0.0,0.0,AIFU,1h
2025-03-03 12:30:00-05:00,7.409999847412109,7.409999847412109,7.2039995193481445,7.2860002517700195,3380,0.0,0.0,AIFU,1h
2025-03-03 13:30:00-05:00,7.360000133514404,7.522000312805176,7.360000133514404,7.429999828338623,18214,0.0,0.0,AIFU,1h
2025-03-03 14:30:00-05:00,7.541999816894531,7.541999816894531,7.300000190734863,7.300000190734863,30057,0.0,0.0,AIFU,1h
2025-03-03 15:30:00-05:00,7.216000080108643,7.3379998207092285,7.216000080108643,7.269999980926514,11123,0.0,0.0,AIFU,1h
2025-03-04 09:30:00-05:00,7.200000286102295,7.200000286102295,6.991999626159668,6.99399995803833,57333,0.0,0.0,AIFU,1h
2025-03-04 10:30:00-05:00,6.904000282287598,6.904000282287598,6.723999977111816,6.723999977111816,66538,0.0,0.0,AIFU,1h
2025-03-04 11:30:00-05:00,6.800000190734863,6.995999813079834,6.7860002517700195,6.991999626159668,25948,0.0,0.0,AIFU,1h
2025-03-04 12:30:00-05:00,6.99399995803833,7.400000095367432,6.991999626159668,7.395999908447266,28293,0.0,0.0,AIFU,1h
2025-03-04 13:30:00-05:00,7.355999946594238,7.395999908447266,7.074000358581543,7.232000350952148,12525,0.0,0.0,AIFU,1h
2025-03-04 14:30:00-05:00,7.079999923706055,7.5,7.074000358581543,7.200000286102295,67699,0.0,0.0,AIFU,1h
2025-03-04 15:30:00-05:00,7.279999732971191,7.336000442504883,7.002000331878662,7.131999969482422,5336,0.0,0.0,AIFU,1h
2025-03-05 09:30:00-05:00,7.139999866485596,7.139999866485596,7.020000457763672,7.119999885559082,16262,0.0,0.0,AIFU,1h
2025-03-05 10:30:00-05:00,7.200000286102295,7.200000286102295,7.200000286102295,7.200000286102295,5305,0.0,0.0,AIFU,1h
2025-03-05 11:30:00-05:00,7.400000095367432,7.400000095367432,7.318000316619873,7.318000316619873,14691,0.0,0.0,AIFU,1h
2025-03-05 12:30:00-05:00,7.149999618530273,7.149999618530273,7.1020002365112305,7.1020002365112305,5848,0.0,0.0,AIFU,1h
2025-03-05 13:30:00-05:00,7.200000286102295,7.200000286102295,7.200000286102295,7.200000286102295,605,0.0,0.0,AIFU,1h
2025-03-05 14:30:00-05:00,7.197999954223633,7.200000286102295,7.197999954223633,7.200000286102295,12952,0.0,0.0,AIFU,1h
2025-03-05 15:30:00-05:00,7.202000141143799,7.202000141143799,7.202000141143799,7.202000141143799,506,0.0,0.0,AIFU,1h
2025-03-06 09:30:00-05:00,7.200000286102295,7.220000267028809,7.0420002937316895,7.220000267028809,24716,0.0,0.0,AIFU,1h
2025-03-06 10:30:00-05:00,7.300000190734863,7.300000190734863,7.300000190734863,7.300000190734863,10813,0.0,0.0,AIFU,1h
2025-03-06 11:30:00-05:00,7.350000381469727,7.37999963760376,7.039999961853027,7.039999961853027,33746,0.0,0.0,AIFU,1h
2025-03-06 12:30:00-05:00,7.039999961853027,7.340000152587891,7.039999961853027,7.340000152587891,0,0.0,0.0,AIFU,1h
2025-03-06 14:30:00-05:00,7.446000099182129,7.446000099182129,7.200000286102295,7.200000286102295,10951,0.0,0.0,AIFU,1h
2025-03-06 15:30:00-05:00,7.553999900817871,7.553999900817871,7.553999900817871,7.553999900817871,275,0.0,0.0,AIFU,1h
2025-03-07 09:30:00-05:00,7.534000396728516,7.659999847412109,7.206000328063965,7.659999847412109,41286,0.0,0.0,AIFU,1h
2025-03-07 10:30:00-05:00,7.534000396728516,7.534000396728516,7.406000137329102,7.406000137329102,7963,0.0,0.0,AIFU,1h
2025-03-07 11:30:00-05:00,7.400000095367432,7.406000137329102,7.265999794006348,7.265999794006348,23242,0.0,0.0,AIFU,1h
2025-03-07 13:30:00-05:00,7.4800004959106445,7.4800004959106445,7.4800004959106445,7.4800004959106445,717,0.0,0.0,AIFU,1h
2025-03-07 14:30:00-05:00,7.477999687194824,7.4800004959106445,7.477999687194824,7.4800004959106445,1483,0.0,0.0,AIFU,1h
2025-03-07 15:30:00-05:00,7.477999687194824,7.599999904632568,7.477999687194824,7.5980000495910645,11529,0.0,0.0,AIFU,1h
2025-03-10 09:30:00-04:00,7.570000171661377,7.570000171661377,7.296000003814697,7.460000038146973,15608,0.0,0.0,AIFU,1h
2025-03-10 10:30:00-04:00,7.508000373840332,7.509999752044678,7.4720001220703125,7.4720001220703125,14653,0.0,0.0,AIFU,1h
2025-03-10 11:30:00-04:00,7.548000335693359,7.550000190734863,7.548000335693359,7.550000190734863,3978,0.0,0.0,AIFU,1h
2025-03-10 13:30:00-04:00,7.548000335693359,7.552000045776367,7.420000076293945,7.427999973297119,3658,0.0,0.0,AIFU,1h
2025-03-10 14:30:00-04:00,7.490000247955322,7.490000247955322,7.329999923706055,7.440000057220459,6248,0.0,0.0,AIFU,1h
2025-03-10 15:30:00-04:00,7.539999961853027,7.550000190734863,7.539999961853027,7.550000190734863,40334,0.0,0.0,AIFU,1h
2025-03-11 09:30:00-04:00,7.329999923706055,7.409999847412109,7.329999923706055,7.409999847412109,57620,0.0,0.0,AIFU,1h
2025-03-11 10:30:00-04:00,7.539999961853027,7.559999942779541,7.434000015258789,7.434000015258789,31914,0.0,0.0,AIFU,1h
2025-03-11 11:30:00-04:00,7.559999942779541,7.593999862670898,7.490000247955322,7.593999862670898,44229,0.0,0.0,AIFU,1h
2025-03-11 12:30:00-04:00,7.578000068664551,7.723999977111816,7.559999942779541,7.5920000076293945,17262,0.0,0.0,AIFU,1h
2025-03-11 13:30:00-04:00,7.779999732971191,7.779999732971191,7.779999732971191,7.779999732971191,20201,0.0,0.0,AIFU,1h
2025-03-11 14:30:00-04:00,7.779999732971191,7.779999732971191,7.6419997215271,7.779999732971191,755,0.0,0.0,AIFU,1h
2025-03-11 15:30:00-04:00,7.723999977111816,7.723999977111816,7.723999977111816,7.723999977111816,9003,0.0,0.0,AIFU,1h
2025-03-12 09:30:00-04:00,7.799999713897705,7.817999839782715,7.559999942779541,7.559999942779541,2569,0.0,0.0,AIFU,1h
2025-03-12 10:30:00-04:00,7.663999557495117,8.050000190734863,7.663999557495117,7.961999893188477,106065,0.0,0.0,AIFU,1h
2025-03-12 11:30:00-04:00,7.961999893188477,8.595999717712402,7.961999893188477,8.194000244140625,165758,0.0,0.0,AIFU,1h
2025-03-12 12:30:00-04:00,8.010000228881836,8.019999504089355,7.906000137329102,8.0,29584,0.0,0.0,AIFU,1h
2025-03-12 13:30:00-04:00,8.222000122070312,8.381999969482422,8.180000305175781,8.199999809265137,10324,0.0,0.0,AIFU,1h
2025-03-12 14:30:00-04:00,8.202000617980957,8.32800006866455,8.202000617980957,8.32800006866455,5009,0.0,0.0,AIFU,1h
2025-03-12 15:30:00-04:00,8.180000305175781,8.381999969482422,8.180000305175781,8.371999740600586,25802,0.0,0.0,AIFU,1h
2025-03-13 09:30:00-04:00,8.380000114440918,8.708000183105469,8.220000267028809,8.374000549316406,167721,0.0,0.0,AIFU,1h
2025-03-13 10:30:00-04:00,8.550000190734863,8.998000144958496,8.550000190734863,8.715999603271484,109964,0.0,0.0,AIFU,1h
2025-03-13 11:30:00-04:00,8.718000411987305,8.718000411987305,8.5,8.654000282287598,54781,0.0,0.0,AIFU,1h
2025-03-13 12:30:00-04:00,8.719999313354492,9.0,8.719999313354492,9.0,50197,0.0,0.0,AIFU,1h
2025-03-13 13:30:00-04:00,8.88599967956543,8.899999618530273,7.900000095367432,8.156000137329102,121145,0.0,0.0,AIFU,1h
2025-03-13 14:30:00-04:00,7.964000225067139,8.156000137329102,7.964000225067139,8.112000465393066,57976,0.0,0.0,AIFU,1h
2025-03-13 15:30:00-04:00,8.003999710083008,8.101999282836914,7.964000225067139,7.964000225067139,19287,0.0,0.0,AIFU,1h
2025-03-14 09:30:00-04:00,7.447999954223633,7.639999866485596,6.0,6.300000190734863,670000,0.0,0.0,AIFU,1h
2025-03-14 10:30:00-04:00,6.300000190734863,6.326000213623047,5.980000019073486,6.128000259399414,571359,0.0,0.0,AIFU,1h
2025-03-14 11:30:00-04:00,6.019999980926514,6.970000267028809,6.019999980926514,6.970000267028809,63000,0.0,0.0,AIFU,1h
2025-03-14 12:30:00-04:00,6.740000247955322,7.576000213623047,6.740000247955322,7.504000186920166,607424,0.0,0.0,AIFU,1h
2025-03-14 13:30:00-04:00,7.283999919891357,7.48799991607666,7.283999919891357,7.486000061035156,52147,0.0,0.0,AIFU,1h
2025-03-14 14:30:00-04:00,7.400000095367432,7.5199995040893555,7.400000095367432,7.5,33404,0.0,0.0,AIFU,1h
2025-03-14 15:30:00-04:00,7.5,7.5,7.291999816894531,7.460000038146973,51237,0.0,0.0,AIFU,1h
2025-03-17 09:30:00-04:00,7.156000137329102,7.156000137329102,6.097999572753906,6.402000427246094,573998,0.0,0.0,AIFU,1h
2025-03-17 10:30:00-04:00,6.402000427246094,6.585999488830566,6.399999618530273,6.561999797821045,233534,0.0,0.0,AIFU,1h
2025-03-17 11:30:00-04:00,6.561999797821045,6.672000408172607,6.406000137329102,6.489999771118164,128909,0.0,0.0,AIFU,1h
2025-03-17 12:30:00-04:00,6.486000061035156,6.535999774932861,6.399999618530273,6.399999618530273,72784,0.0,0.0,AIFU,1h
2025-03-17 13:30:00-04:00,6.533999919891357,6.600000381469727,6.399999618530273,6.399999618530273,178115,0.0,0.0,AIFU,1h
2025-03-17 14:30:00-04:00,6.399999618530273,6.588000297546387,5.920000076293945,5.920000076293945,756221,0.0,0.0,AIFU,1h
2025-03-17 15:30:00-04:00,5.899999618530273,6.069999694824219,5.840000152587891,6.003999710083008,678632,0.0,0.0,AIFU,1h
2025-03-18 09:30:00-04:00,6.600000381469727,6.633999824523926,6.019999980926514,6.093999862670898,295906,0.0,0.0,AIFU,1h
2025-03-18 10:30:00-04:00,6.150000095367432,6.241999626159668,6.150000095367432,6.236000061035156,14816,0.0,0.0,AIFU,1h
2025-03-18 11:30:00-04:00,6.236000061035156,6.240000247955322,6.236000061035156,6.23799991607666,32625,0.0,0.0,AIFU,1h
2025-03-18 12:30:00-04:00,6.23799991607666,6.402000427246094,6.23799991607666,6.399999618530273,81801,0.0,0.0,AIFU,1h
2025-03-18 13:30:00-04:00,6.399999618530273,6.409999847412109,6.399999618530273,6.409999847412109,3782,0.0,0.0,AIFU,1h
2025-03-18 14:30:00-04:00,6.399999618530273,6.409999847412109,6.399999618530273,6.399999618530273,8392,0.0,0.0,AIFU,1h
2025-03-18 15:30:00-04:00,6.402000427246094,6.480000019073486,6.402000427246094,6.480000019073486,61201,0.0,0.0,AIFU,1h
2025-03-19 09:30:00-04:00,7.51200008392334,7.51200008392334,6.399999618530273,6.639999866485596,121445,0.0,0.0,AIFU,1h
2025-03-19 10:30:00-04:00,6.639999866485596,6.900000095367432,6.639999866485596,6.650000095367432,131863,0.0,0.0,AIFU,1h
2025-03-19 11:30:00-04:00,6.639999866485596,6.704000473022461,6.501999855041504,6.501999855041504,19630,0.0,0.0,AIFU,1h
2025-03-19 12:30:00-04:00,6.5,6.704000473022461,6.5,6.639999866485596,228294,0.0,0.0,AIFU,1h
2025-03-19 13:30:00-04:00,6.6020002365112305,6.6020002365112305,6.6020002365112305,6.6020002365112305,6061,0.0,0.0,AIFU,1h
2025-03-19 14:30:00-04:00,6.6020002365112305,6.6519999504089355,6.6020002365112305,6.6519999504089355,11880,0.0,0.0,AIFU,1h
2025-03-19 15:30:00-04:00,6.560000419616699,6.600000381469727,6.560000419616699,6.600000381469727,12236,0.0,0.0,AIFU,1h
2025-03-20 09:30:00-04:00,6.600000381469727,6.940000057220459,6.560000419616699,6.926000118255615,51329,0.0,0.0,AIFU,1h
2025-03-20 10:30:00-04:00,6.802000045776367,6.802000045776367,6.445999622344971,6.498000144958496,88680,0.0,0.0,AIFU,1h
2025-03-20 11:30:00-04:00,6.5,6.650000095367432,6.402000427246094,6.402000427246094,67014,0.0,0.0,AIFU,1h
2025-03-20 12:30:00-04:00,6.489999771118164,6.489999771118164,6.4039998054504395,6.4039998054504395,7810,0.0,0.0,AIFU,1h
2025-03-20 13:30:00-04:00,6.48799991607666,6.575999736785889,6.399999618530273,6.399999618530273,101102,0.0,0.0,AIFU,1h
2025-03-20 15:30:00-04:00,6.486000061035156,6.526000022888184,6.406000137329102,6.406000137329102,6500,0.0,0.0,AIFU,1h
2025-03-21 09:30:00-04:00,6.424000263214111,6.77400016784668,6.399999618530273,6.444000244140625,231279,0.0,0.0,AIFU,1h
2025-03-21 10:30:00-04:00,6.440000057220459,6.71999979019165,6.406000137329102,6.420000076293945,33655,0.0,0.0,AIFU,1h
2025-03-21 11:30:00-04:00,6.510000228881836,6.510000228881836,6.420000076293945,6.420000076293945,13082,0.0,0.0,AIFU,1h
2025-03-21 12:30:00-04:00,6.442000389099121,6.458000183105469,6.442000389099121,6.456000328063965,631,0.0,0.0,AIFU,1h
2025-03-21 13:30:00-04:00,6.420000076293945,6.5980000495910645,6.420000076293945,6.5980000495910645,14385,0.0,0.0,AIFU,1h
2025-03-21 14:30:00-04:00,6.561999797821045,6.579999923706055,6.561999797821045,6.574000358581543,2838,0.0,0.0,AIFU,1h
2025-03-21 15:30:00-04:00,6.579999923706055,6.628000259399414,6.579999923706055,6.628000259399414,18423,0.0,0.0,AIFU,1h
2025-03-24 09:30:00-04:00,6.460000038146973,6.796000003814697,6.460000038146973,6.760000228881836,148458,0.0,0.0,AIFU,1h
2025-03-24 10:30:00-04:00,6.765999794006348,6.776000022888184,6.760000228881836,6.761999607086182,15204,0.0,0.0,AIFU,1h
2025-03-24 11:30:00-04:00,6.7779998779296875,6.901999473571777,6.751999855041504,6.805999755859375,62569,0.0,0.0,AIFU,1h
2025-03-24 12:30:00-04:00,6.803999900817871,6.809999942779541,6.803999900817871,6.808000087738037,3510,0.0,0.0,AIFU,1h
2025-03-24 13:30:00-04:00,6.872000217437744,6.8919997215271,6.740000247955322,6.800000190734863,39580,0.0,0.0,AIFU,1h
2025-03-24 14:30:00-04:00,6.819999694824219,7.03000020980835,6.800000190734863,7.0279998779296875,80554,0.0,0.0,AIFU,1h
2025-03-24 15:30:00-04:00,7.03000020980835,7.03000020980835,6.600000381469727,6.754000186920166,97312,0.0,0.0,AIFU,1h
2025-03-25 09:30:00-04:00,6.5,6.5,6.240000247955322,6.438000202178955,87836,0.0,0.0,AIFU,1h
2025-03-25 10:30:00-04:00,6.48799991607666,6.519999980926514,6.48799991607666,6.50600004196167,4683,0.0,0.0,AIFU,1h
2025-03-25 12:30:00-04:00,6.539999961853027,6.73799991607666,6.3520002365112305,6.381999969482422,70430,0.0,0.0,AIFU,1h
2025-03-25 13:30:00-04:00,6.424000263214111,6.519999980926514,6.335999965667725,6.340000152587891,55387,0.0,0.0,AIFU,1h
2025-03-25 14:30:00-04:00,6.296000003814697,6.359999656677246,6.245999813079834,6.328000068664551,17347,0.0,0.0,AIFU,1h
2025-03-25 15:30:00-04:00,6.323999881744385,6.368000030517578,6.26200008392334,6.368000030517578,19839,0.0,0.0,AIFU,1h
2025-03-26 09:30:00-04:00,6.399999618530273,6.552000045776367,5.822000026702881,5.934000015258789,297374,0.0,0.0,AIFU,1h
2025-03-26 10:30:00-04:00,5.961999893188477,6.029999732971191,5.956000328063965,5.971999645233154,130251,0.0,0.0,AIFU,1h
2025-03-26 11:30:00-04:00,6.0,6.019999980926514,6.0,6.019999980926514,9468,0.0,0.0,AIFU,1h
2025-03-26 12:30:00-04:00,6.0279998779296875,6.0279998779296875,5.798000335693359,5.813999652862549,158127,0.0,0.0,AIFU,1h
2025-03-26 13:30:00-04:00,5.730000019073486,5.730000019073486,4.802000045776367,5.343999862670898,620898,0.0,0.0,AIFU,1h
2025-03-26 14:30:00-04:00,5.306000232696533,5.369999885559082,5.12399959564209,5.315999984741211,111211,0.0,0.0,AIFU,1h
2025-03-26 15:30:00-04:00,5.242000102996826,5.242000102996826,5.177999496459961,5.22599983215332,46705,0.0,0.0,AIFU,1h
2025-03-27 09:30:00-04:00,5.239999771118164,5.48799991607666,4.900000095367432,4.9019999504089355,168982,0.0,0.0,AIFU,1h
2025-03-27 10:30:00-04:00,4.940000057220459,4.940000057220459,4.611999988555908,4.791999816894531,210333,0.0,0.0,AIFU,1h
2025-03-27 11:30:00-04:00,4.809999942779541,4.819999694824219,4.799999713897705,4.803999900817871,20970,0.0,0.0,AIFU,1h
2025-03-27 12:30:00-04:00,4.803999900817871,4.840000152587891,4.803999900817871,4.826000213623047,52150,0.0,0.0,AIFU,1h
2025-03-27 13:30:00-04:00,4.826000213623047,4.826000213623047,4.823999881744385,4.826000213623047,13607,0.0,0.0,AIFU,1h
2025-03-27 14:30:00-04:00,4.828000068664551,4.892000198364258,4.828000068664551,4.868000030517578,19975,0.0,0.0,AIFU,1h
2025-03-27 15:30:00-04:00,4.855999946594238,4.855999946594238,4.843999862670898,4.8460001945495605,10019,0.0,0.0,AIFU,1h
2025-03-28 09:30:00-04:00,4.823999881744385,4.977999687194824,4.823999881744385,4.900000095367432,88566,0.0,0.0,AIFU,1h
2025-03-28 10:30:00-04:00,4.9019999504089355,4.9019999504089355,4.6020002365112305,4.6020002365112305,40920,0.0,0.0,AIFU,1h
2025-03-28 11:30:00-04:00,4.604000091552734,4.604000091552734,4.441999912261963,4.441999912261963,29742,0.0,0.0,AIFU,1h
2025-03-28 12:30:00-04:00,4.48199987411499,4.515999794006348,4.441999912261963,4.473999977111816,30800,0.0,0.0,AIFU,1h
2025-03-28 13:30:00-04:00,4.503999710083008,4.503999710083008,4.444000244140625,4.496000289916992,21329,0.0,0.0,AIFU,1h
2025-03-28 14:30:00-04:00,4.584000110626221,4.599999904632568,4.503999710083008,4.5960001945495605,19819,0.0,0.0,AIFU,1h
2025-03-28 15:30:00-04:00,4.5980000495910645,4.599999904632568,4.458000183105469,4.458000183105469,23509,0.0,0.0,AIFU,1h
2025-03-31 09:30:00-04:00,4.599999904632568,4.630000114440918,4.041999816894531,4.223999977111816,210150,0.0,0.0,AIFU,1h
2025-03-31 10:30:00-04:00,4.24399995803833,4.253999710083008,4.203999996185303,4.253999710083008,76761,0.0,0.0,AIFU,1h
2025-03-31 11:30:00-04:00,4.26800012588501,4.26800012588501,4.0,4.085999965667725,114547,0.0,0.0,AIFU,1h
2025-03-31 12:30:00-04:00,4.064000129699707,4.22599983215332,4.061999797821045,4.184000015258789,143772,0.0,0.0,AIFU,1h
2025-03-31 13:30:00-04:00,4.223999977111816,4.223999977111816,4.223999977111816,4.223999977111816,1967,0.0,0.0,AIFU,1h
2025-03-31 14:30:00-04:00,4.2220001220703125,4.230000019073486,4.203999996185303,4.216000080108643,57186,0.0,0.0,AIFU,1h
2025-03-31 15:30:00-04:00,4.208000183105469,4.2179999351501465,4.201999664306641,4.201999664306641,42210,0.0,0.0,AIFU,1h
2025-04-01 09:30:00-04:00,4.203999996185303,4.386000156402588,4.203999996185303,4.386000156402588,41124,0.0,0.0,AIFU,1h
2025-04-01 10:30:00-04:00,4.309999942779541,4.309999942779541,4.234000205993652,4.234000205993652,882,0.0,0.0,AIFU,1h
2025-04-01 11:30:00-04:00,4.23799991607666,4.400000095367432,4.23799991607666,4.400000095367432,15911,0.0,0.0,AIFU,1h
2025-04-01 12:30:00-04:00,4.4019999504089355,4.424000263214111,4.4019999504089355,4.404000282287598,3286,0.0,0.0,AIFU,1h
2025-04-01 13:30:00-04:00,4.426000118255615,4.426000118255615,4.406000137329102,4.406000137329102,1352,0.0,0.0,AIFU,1h
2025-04-01 14:30:00-04:00,4.424000263214111,4.444000244140625,4.404000282287598,4.418000221252441,4396,0.0,0.0,AIFU,1h
2025-04-01 15:30:00-04:00,4.418000221252441,4.446000099182129,4.418000221252441,4.444000244140625,15688,0.0,0.0,AIFU,1h
2025-04-02 09:30:00-04:00,4.400000095367432,4.4019999504089355,4.400000095367432,4.4019999504089355,8334,0.0,0.0,AIFU,1h
2025-04-02 10:30:00-04:00,4.404000282287598,4.406000137329102,4.404000282287598,4.406000137329102,15448,0.0,0.0,AIFU,1h
2025-04-02 11:30:00-04:00,4.579999923706055,4.5980000495910645,4.234000205993652,4.239999771118164,105726,0.0,0.0,AIFU,1h
2025-04-02 12:30:00-04:00,4.3520002365112305,4.48199987411499,4.21999979019165,4.21999979019165,13774,0.0,0.0,AIFU,1h
2025-04-02 14:30:00-04:00,4.369999885559082,4.369999885559082,4.197999954223633,4.199999809265137,19614,0.0,0.0,AIFU,1h
2025-04-02 15:30:00-04:00,4.197999954223633,4.664000034332275,4.196000099182129,4.197999954223633,216092,0.0,0.0,AIFU,1h
2025-04-03 09:30:00-04:00,4.116000175476074,4.199999809265137,3.4000000953674316,3.6660001277923584,96301,0.0,0.0,AIFU,1h
2025-04-03 10:30:00-04:00,3.6680002212524414,3.9759998321533203,3.6680002212524414,3.8980002403259277,33290,0.0,0.0,AIFU,1h
2025-04-03 11:30:00-04:00,3.8540000915527344,3.8999998569488525,3.8540000915527344,3.8919999599456787,28286,0.0,0.0,AIFU,1h
2025-04-03 12:30:00-04:00,3.8999998569488525,3.9019999504089355,3.8999998569488525,3.9019999504089355,6318,0.0,0.0,AIFU,1h
2025-04-03 13:30:00-04:00,3.8999998569488525,3.8999998569488525,3.8980002403259277,3.8980002403259277,1067,0.0,0.0,AIFU,1h
2025-04-03 14:30:00-04:00,3.9820001125335693,3.9820001125335693,3.9160001277923584,3.9160001277923584,2133,0.0,0.0,AIFU,1h
2025-04-03 15:30:00-04:00,3.868000030517578,3.883999824523926,3.868000030517578,3.882000207901001,3127,0.0,0.0,AIFU,1h
2025-04-04 09:30:00-04:00,3.799999952316284,4.199999809265137,3.799999952316284,4.124000072479248,103352,0.0,0.0,AIFU,1h
2025-04-04 10:30:00-04:00,4.0239996910095215,4.026000022888184,3.9600000381469727,4.0239996910095215,14938,0.0,0.0,AIFU,1h
2025-04-04 11:30:00-04:00,4.061999797821045,4.119999885559082,4.059999942779541,4.119999885559082,2020,0.0,0.0,AIFU,1h
2025-04-04 12:30:00-04:00,4.116000175476074,4.116000175476074,4.001999855041504,4.001999855041504,5604,0.0,0.0,AIFU,1h
2025-04-04 13:30:00-04:00,4.004000186920166,4.004000186920166,4.004000186920166,4.004000186920166,230,0.0,0.0,AIFU,1h
2025-04-04 14:30:00-04:00,4.009999752044678,4.113999843597412,4.009999752044678,4.113999843597412,9244,0.0,0.0,AIFU,1h
2025-04-04 15:30:00-04:00,4.009999752044678,4.21999979019165,3.803999900817871,4.0,19219,0.0,0.0,AIFU,1h
2025-04-07 09:30:00-04:00,4.022000312805176,4.199999809265137,4.01200008392334,4.093999862670898,98669,0.0,0.0,AIFU,1h
2025-04-07 10:30:00-04:00,4.019999980926514,4.019999980926514,3.631999969482422,3.797999858856201,307849,0.0,0.0,AIFU,1h
2025-04-07 11:30:00-04:00,3.7960000038146973,3.7960000038146973,3.631999969482422,3.682000160217285,66449,0.0,0.0,AIFU,1h
2025-04-07 12:30:00-04:00,3.680000066757202,3.680000066757202,3.631999969482422,3.6599998474121094,0,0.0,0.0,AIFU,1h
2025-04-07 13:30:00-04:00,3.638000011444092,3.7279999256134033,3.638000011444092,3.696000099182129,22495,0.0,0.0,AIFU,1h
2025-04-07 14:30:00-04:00,3.682000160217285,3.7179999351501465,3.6459999084472656,3.686000108718872,21566,0.0,0.0,AIFU,1h
2025-04-07 15:30:00-04:00,3.6579999923706055,3.6579999923706055,3.6459999084472656,3.6459999084472656,1402,0.0,0.0,AIFU,1h
2025-04-08 09:30:00-04:00,4.059999942779541,4.059999942779541,3.5319998264312744,3.6399998664855957,211966,0.0,0.0,AIFU,1h
2025-04-08 10:30:00-04:00,3.625999927520752,3.702000141143799,3.50600004196167,3.567999839782715,63869,0.0,0.0,AIFU,1h
2025-04-08 11:30:00-04:00,3.559999942779541,3.6039998531341553,3.4079999923706055,3.4140000343322754,23602,0.0,0.0,AIFU,1h
2025-04-08 12:30:00-04:00,3.4119999408721924,3.452000141143799,3.3259999752044678,3.3360002040863037,135398,0.0,0.0,AIFU,1h
2025-04-08 13:30:00-04:00,3.3459999561309814,3.3959999084472656,3.3459999561309814,3.3959999084472656,6986,0.0,0.0,AIFU,1h
2025-04-08 14:30:00-04:00,3.3959999084472656,3.4040000438690186,3.368000030517578,3.4019999504089355,58506,0.0,0.0,AIFU,1h
2025-04-08 15:30:00-04:00,3.3299999237060547,3.3299999237060547,3.305999994277954,3.328000068664551,20503,0.0,0.0,AIFU,1h
2025-04-09 09:30:00-04:00,3.5,3.5980000495910645,3.4000000953674316,3.4019999504089355,67565,0.0,0.0,AIFU,1h
2025-04-09 10:30:00-04:00,3.4000000953674316,3.4019999504089355,3.4000000953674316,3.4000000953674316,2819,0.0,0.0,AIFU,1h
2025-04-09 11:30:00-04:00,3.4000000953674316,3.4000000953674316,3.068000078201294,3.1579999923706055,99827,0.0,0.0,AIFU,1h
2025-04-09 12:30:00-04:00,3.181999921798706,3.2339999675750732,3.1040000915527344,3.2339999675750732,169921,0.0,0.0,AIFU,1h
2025-04-09 13:30:00-04:00,3.2319998741149902,3.366000175476074,3.2080001831054688,3.3520002365112305,98874,0.0,0.0,AIFU,1h
2025-04-09 14:30:00-04:00,3.368000030517578,3.5859999656677246,3.240000009536743,3.3399999141693115,238769,0.0,0.0,AIFU,1h
2025-04-09 15:30:00-04:00,3.3480000495910645,3.3539998531341553,3.26200008392334,3.319999933242798,46666,0.0,0.0,AIFU,1h
2025-04-10 09:30:00-04:00,3.452000141143799,3.6000001430511475,2.892000198364258,3.064000129699707,372521,0.0,0.0,AIFU,1h
2025-04-10 10:30:00-04:00,3.0820000171661377,3.129999876022339,3.0379998683929443,3.129999876022339,7119,0.0,0.0,AIFU,1h
2025-04-10 11:30:00-04:00,3.118000030517578,3.118000030517578,3.118000030517578,3.118000030517578,848,0.0,0.0,AIFU,1h
2025-04-10 12:30:00-04:00,3.129999876022339,3.131999969482422,3.0419998168945312,3.118000030517578,14804,0.0,0.0,AIFU,1h
2025-04-10 13:30:00-04:00,3.118000030517578,3.1519999504089355,3.118000030517578,3.1519999504089355,4146,0.0,0.0,AIFU,1h
2025-04-10 14:30:00-04:00,3.0999999046325684,3.109999895095825,3.068000078201294,3.068000078201294,20506,0.0,0.0,AIFU,1h
2025-04-10 15:30:00-04:00,3.0880000591278076,3.0880000591278076,3.05400013923645,3.05400013923645,24929,0.0,0.0,AIFU,1h
2025-04-11 09:30:00-04:00,3.003999948501587,3.264000177383423,2.878000259399414,3.001999855041504,148115,0.0,0.0,AIFU,1h
2025-04-11 10:30:00-04:00,2.946000099182129,2.9600000381469727,2.8940000534057617,2.9060001373291016,46014,0.0,0.0,AIFU,1h
2025-04-11 11:30:00-04:00,2.9060001373291016,2.935999870300293,2.878000259399414,2.879999876022339,44984,0.0,0.0,AIFU,1h
2025-04-11 12:30:00-04:00,2.9120001792907715,2.9200000762939453,2.878000259399414,2.9200000762939453,25368,0.0,0.0,AIFU,1h
2025-04-11 13:30:00-04:00,2.9100000858306885,2.9240000247955322,2.8999998569488525,2.8999998569488525,8510,0.0,0.0,AIFU,1h
2025-04-11 14:30:00-04:00,2.9120001792907715,2.9260001182556152,2.878000259399414,2.883999824523926,26265,0.0,0.0,AIFU,1h
2025-04-11 15:30:00-04:00,2.878000259399414,2.9240000247955322,2.878000259399414,2.8999998569488525,79148,0.0,0.0,AIFU,1h
2025-04-14 09:30:00-04:00,2.861999988555908,3.24399995803833,2.861999988555908,3.2280001640319824,113415,0.0,0.0,AIFU,1h
2025-04-14 10:30:00-04:00,3.2319998741149902,3.2820000648498535,3.01200008392334,3.01200008392334,94521,0.0,0.0,AIFU,1h
2025-04-14 11:30:00-04:00,3.0959999561309814,3.0959999561309814,3.059999942779541,3.078000068664551,28214,0.0,0.0,AIFU,1h
2025-04-14 12:30:00-04:00,3.078000068664551,3.0880000591278076,3.0299999713897705,3.0880000591278076,15600,0.0,0.0,AIFU,1h
2025-04-14 13:30:00-04:00,3.0920000076293945,3.0920000076293945,3.0419998168945312,3.0419998168945312,33567,0.0,0.0,AIFU,1h
2025-04-14 14:30:00-04:00,3.0219998359680176,3.0219998359680176,3.001999855041504,3.00600004196167,12398,0.0,0.0,AIFU,1h
2025-04-14 15:30:00-04:00,3.0219998359680176,3.0340001583099365,3.01200008392334,3.0320000648498535,31361,0.0,0.0,AIFU,1h
2025-04-15 09:30:00-04:00,3.0999999046325684,3.125999927520752,3.0379998683929443,3.122000217437744,74966,0.0,0.0,AIFU,1h
2025-04-15 10:30:00-04:00,3.120000123977661,3.120000123977661,2.9040000438690186,2.931999921798706,113649,0.0,0.0,AIFU,1h
2025-04-15 11:30:00-04:00,2.883999824523926,2.930000066757202,2.878000259399414,2.878000259399414,74238,0.0,0.0,AIFU,1h
2025-04-15 12:30:00-04:00,2.9019999504089355,2.927999973297119,2.878000259399414,2.9019999504089355,10177,0.0,0.0,AIFU,1h
2025-04-15 13:30:00-04:00,2.878000259399414,2.878000259399414,2.878000259399414,2.878000259399414,4815,0.0,0.0,AIFU,1h
2025-04-15 14:30:00-04:00,2.876000165939331,2.876000165939331,2.8600001335144043,2.869999885559082,19689,0.0,0.0,AIFU,1h
2025-04-15 15:30:00-04:00,2.883999824523926,2.883999824523926,2.8600001335144043,2.8600001335144043,14178,0.0,0.0,AIFU,1h
2025-04-16 09:30:00-04:00,2.869999885559082,3.0,2.625999927520752,2.635999917984009,101084,0.0,0.0,AIFU,1h
2025-04-16 10:30:00-04:00,2.669999837875366,2.8960001468658447,2.6600000858306885,2.6600000858306885,119327,0.0,0.0,AIFU,1h
2025-04-16 11:30:00-04:00,2.759999990463257,2.759999990463257,2.759999990463257,2.759999990463257,17012,0.0,0.0,AIFU,1h
2025-04-16 12:30:00-04:00,2.700000047683716,2.700000047683716,2.6419999599456787,2.6740000247955322,23018,0.0,0.0,AIFU,1h
2025-04-16 13:30:00-04:00,2.671999931335449,2.671999931335449,2.6399998664855957,2.6559998989105225,25551,0.0,0.0,AIFU,1h
2025-04-16 14:30:00-04:00,2.667999744415283,2.667999744415283,2.6559998989105225,2.6559998989105225,5896,0.0,0.0,AIFU,1h
2025-04-16 15:30:00-04:00,2.6440000534057617,2.7160000801086426,2.6440000534057617,2.687999963760376,35521,0.0,0.0,AIFU,1h
2025-04-17 09:30:00-04:00,2.6460001468658447,2.7799999713897705,2.6460001468658447,2.6660001277923584,84418,0.0,0.0,AIFU,1h
2025-04-17 10:30:00-04:00,2.7239999771118164,2.7239999771118164,2.5399999618530273,2.633999824523926,75292,0.0,0.0,AIFU,1h
2025-04-17 11:30:00-04:00,2.5999999046325684,2.6740000247955322,2.425999879837036,2.425999879837036,110032,0.0,0.0,AIFU,1h
2025-04-17 12:30:00-04:00,2.5199999809265137,2.561999797821045,2.440000057220459,2.4600000381469727,198226,0.0,0.0,AIFU,1h
2025-04-17 13:30:00-04:00,2.4760000705718994,2.5299999713897705,2.3999998569488525,2.5299999713897705,31414,0.0,0.0,AIFU,1h
2025-04-17 14:30:00-04:00,2.5220000743865967,2.5220000743865967,2.5220000743865967,2.5220000743865967,9518,0.0,0.0,AIFU,1h
2025-04-17 15:30:00-04:00,2.5440001487731934,2.5880000591278076,2.5099997520446777,2.5380001068115234,111295,0.0,0.0,AIFU,1h
2025-04-21 09:30:00-04:00,2.5999999046325684,2.669999837875366,2.561999797821045,2.561999797821045,125975,0.0,0.0,AIFU,1h
2025-04-21 10:30:00-04:00,2.615999937057495,2.7320001125335693,2.561999797821045,2.569999933242798,124854,0.0,0.0,AIFU,1h
2025-04-21 11:30:00-04:00,2.563999891281128,2.632000207901001,2.56000018119812,2.5999999046325684,52646,0.0,0.0,AIFU,1h
2025-04-21 12:30:00-04:00,2.5999999046325684,2.5999999046325684,2.5,2.5,87213,0.0,0.0,AIFU,1h
2025-04-21 13:30:00-04:00,2.574000120162964,2.5920000076293945,2.3999998569488525,2.4600000381469727,272278,0.0,0.0,AIFU,1h
2025-04-21 14:30:00-04:00,2.4819998741149902,2.4819998741149902,2.4819998741149902,2.4819998741149902,1622,0.0,0.0,AIFU,1h
2025-04-21 15:30:00-04:00,2.440000057220459,2.563999891281128,2.440000057220459,2.563999891281128,27353,0.0,0.0,AIFU,1h
2025-04-22 09:30:00-04:00,2.552000045776367,2.8499999046325684,2.552000045776367,2.5999999046325684,134219,0.0,0.0,AIFU,1h
2025-04-22 10:30:00-04:00,2.6080000400543213,2.6100001335144043,2.4200000762939453,2.6059999465942383,270794,0.0,0.0,AIFU,1h
2025-04-22 11:30:00-04:00,2.6040000915527344,2.669999837875366,2.6040000915527344,2.669999837875366,32775,0.0,0.0,AIFU,1h
2025-04-22 12:30:00-04:00,2.669999837875366,2.682000160217285,2.6399998664855957,2.6579999923706055,9027,0.0,0.0,AIFU,1h
2025-04-22 13:30:00-04:00,2.6399998664855957,2.6399998664855957,2.555999994277954,2.611999988555908,131213,0.0,0.0,AIFU,1h
2025-04-22 14:30:00-04:00,2.621999979019165,2.6399998664855957,2.6100001335144043,2.614000082015991,35570,0.0,0.0,AIFU,1h
2025-04-22 15:30:00-04:00,2.638000011444092,2.638000011444092,2.5799999237060547,2.5999999046325684,22917,0.0,0.0,AIFU,1h
2025-04-23 09:30:00-04:00,2.799999952316284,2.799999952316284,2.5920000076293945,2.6559998989105225,53614,0.0,0.0,AIFU,1h
2025-04-23 10:30:00-04:00,2.6399998664855957,2.685999870300293,2.4639999866485596,2.4800000190734863,221317,0.0,0.0,AIFU,1h
2025-04-23 11:30:00-04:00,2.497999906539917,2.5119998455047607,2.4560000896453857,2.5119998455047607,194193,0.0,0.0,AIFU,1h
2025-04-23 12:30:00-04:00,2.5220000743865967,2.555999994277954,2.5139999389648438,2.555999994277954,38260,0.0,0.0,AIFU,1h
2025-04-23 13:30:00-04:00,2.563999891281128,2.5900001525878906,2.563999891281128,2.5819997787475586,97345,0.0,0.0,AIFU,1h
2025-04-23 14:30:00-04:00,2.5960001945495605,2.6100001335144043,2.5960001945495605,2.6100001335144043,67730,0.0,0.0,AIFU,1h
2025-04-23 15:30:00-04:00,2.6100001335144043,2.621999979019165,2.561999797821045,2.561999797821045,154217,0.0,0.0,AIFU,1h
2025-04-24 09:30:00-04:00,2.434000015258789,2.927999973297119,2.434000015258789,2.927999973297119,625238,0.0,0.0,AIFU,1h
2025-04-24 10:30:00-04:00,2.9260001182556152,2.9260001182556152,2.4600000381469727,2.5320000648498535,762952,0.0,0.0,AIFU,1h
2025-04-24 11:30:00-04:00,2.572000026702881,2.572000026702881,2.380000114440918,2.380000114440918,686106,0.0,0.0,AIFU,1h
2025-04-24 12:30:00-04:00,2.3320000171661377,2.447999954223633,2.3320000171661377,2.4200000762939453,294280,0.0,0.0,AIFU,1h
2025-04-24 13:30:00-04:00,2.4240000247955322,2.450000047683716,2.4160001277923584,2.4179999828338623,324241,0.0,0.0,AIFU,1h
2025-04-24 14:30:00-04:00,2.430000066757202,2.4579999446868896,2.4140000343322754,2.4539999961853027,463816,0.0,0.0,AIFU,1h
2025-04-24 15:30:00-04:00,2.4579999446868896,2.5999999046325684,2.4560000896453857,2.5960001945495605,327907,0.0,0.0,AIFU,1h
2025-04-25 09:30:00-04:00,2.3999998569488525,2.5160000324249268,2.3999998569488525,2.4560000896453857,511733,0.0,0.0,AIFU,1h
2025-04-25 10:30:00-04:00,2.504000186920166,2.504000186920166,2.4099998474121094,2.442000150680542,218220,0.0,0.0,AIFU,1h
2025-04-25 11:30:00-04:00,2.442000150680542,2.508000135421753,2.442000150680542,2.4600000381469727,157706,0.0,0.0,AIFU,1h
2025-04-25 12:30:00-04:00,2.4860000610351562,2.495999813079834,2.4539999961853027,2.4600000381469727,90342,0.0,0.0,AIFU,1h
2025-04-25 13:30:00-04:00,2.442000150680542,2.4560000896453857,2.4200000762939453,2.4240000247955322,176185,0.0,0.0,AIFU,1h
2025-04-25 14:30:00-04:00,2.442000150680542,2.4819998741149902,2.435999870300293,2.4539999961853027,83104,0.0,0.0,AIFU,1h
2025-04-25 15:30:00-04:00,2.4779999256134033,2.495999813079834,2.4519999027252197,2.4600000381469727,67102,0.0,0.0,AIFU,1h
2025-04-28 09:30:00-04:00,2.444000005722046,2.633999824523926,2.202000141143799,2.371999979019165,512664,0.0,0.0,AIFU,1h
2025-04-28 10:30:00-04:00,2.374000072479248,2.378000020980835,2.315999984741211,2.318000078201294,133847,0.0,0.0,AIFU,1h
2025-04-28 11:30:00-04:00,2.3340001106262207,2.3480000495910645,2.318000078201294,2.3420000076293945,77190,0.0,0.0,AIFU,1h
2025-04-28 12:30:00-04:00,2.319999933242798,2.3459999561309814,2.315999984741211,2.322000026702881,42145,0.0,0.0,AIFU,1h
2025-04-28 13:30:00-04:00,2.322000026702881,2.3440001010894775,2.319999933242798,2.3359999656677246,111191,0.0,0.0,AIFU,1h
2025-04-28 14:30:00-04:00,2.3259999752044678,2.3420000076293945,2.318000078201294,2.3379998207092285,119479,0.0,0.0,AIFU,1h
2025-04-28 15:30:00-04:00,2.328000068664551,2.3459999561309814,2.318000078201294,2.319999933242798,187943,0.0,0.0,AIFU,1h
2025-04-29 09:30:00-04:00,2.315999984741211,2.440000057220459,2.200000047683716,2.2100000381469727,152864,0.0,0.0,AIFU,1h
2025-04-29 10:30:00-04:00,2.2660000324249268,2.2880001068115234,2.200000047683716,2.2339999675750732,47757,0.0,0.0,AIFU,1h
2025-04-29 11:30:00-04:00,2.257999897003174,2.257999897003174,2.251999855041504,2.251999855041504,1891,0.0,0.0,AIFU,1h
2025-04-29 12:30:00-04:00,2.25600004196167,2.257999897003174,2.191999912261963,2.2079999446868896,97041,0.0,0.0,AIFU,1h
2025-04-29 13:30:00-04:00,2.2239999771118164,2.2279999256134033,2.202000141143799,2.2279999256134033,51994,0.0,0.0,AIFU,1h
2025-04-29 14:30:00-04:00,2.241999864578247,2.248000144958496,2.200000047683716,2.200000047683716,34958,0.0,0.0,AIFU,1h
2025-04-29 15:30:00-04:00,2.200000047683716,2.251999855041504,2.200000047683716,2.251999855041504,40801,0.0,0.0,AIFU,1h
2025-04-30 09:30:00-04:00,2.200000047683716,2.5799999237060547,2.200000047683716,2.495999813079834,379949,0.0,0.0,AIFU,1h
2025-04-30 10:30:00-04:00,2.450000047683716,2.502000093460083,2.4119999408721924,2.5,168296,0.0,0.0,AIFU,1h
2025-04-30 11:30:00-04:00,2.5,2.502000093460083,2.4539999961853027,2.4719998836517334,122786,0.0,0.0,AIFU,1h
2025-04-30 12:30:00-04:00,2.442000150680542,2.495999813079834,2.442000150680542,2.4619998931884766,59654,0.0,0.0,AIFU,1h
2025-04-30 13:30:00-04:00,2.4839999675750732,2.5199999809265137,2.3999998569488525,2.4700000286102295,173606,0.0,0.0,AIFU,1h
2025-04-30 14:30:00-04:00,2.5180001258850098,2.921999931335449,2.5160000324249268,2.7739999294281006,833381,0.0,0.0,AIFU,1h
2025-04-30 15:30:00-04:00,2.7259998321533203,2.863999843597412,2.702000141143799,2.7300000190734863,447996,0.0,0.0,AIFU,1h
2025-05-01 09:30:00-04:00,2.759999990463257,3.3000001907348633,2.702000141143799,3.136000156402588,1002349,0.0,0.0,AIFU,1h
2025-05-01 10:30:00-04:00,3.1459999084472656,3.179999828338623,3.0320000648498535,3.0340001583099365,211599,0.0,0.0,AIFU,1h
2025-05-01 11:30:00-04:00,3.0219998359680176,3.0399999618530273,2.8259997367858887,2.9519999027252197,120852,0.0,0.0,AIFU,1h
2025-05-01 12:30:00-04:00,2.9679999351501465,3.0399999618530273,2.9679999351501465,3.0320000648498535,45919,0.0,0.0,AIFU,1h
2025-05-01 13:30:00-04:00,3.0239999294281006,3.124000072479248,2.876000165939331,3.059999942779541,176097,0.0,0.0,AIFU,1h
2025-05-01 14:30:00-04:00,3.0920000076293945,3.124000072479248,3.0419998168945312,3.111999988555908,47914,0.0,0.0,AIFU,1h
2025-05-01 15:30:00-04:00,3.0480000972747803,3.185999870300293,3.0480000972747803,3.0999999046325684,106590,0.0,0.0,AIFU,1h
2025-05-02 09:30:00-04:00,3.1999998092651367,3.501999855041504,3.0,3.3980000019073486,379201,0.0,0.0,AIFU,1h
2025-05-02 10:30:00-04:00,3.308000087738037,3.5960001945495605,3.2780001163482666,3.5940001010894775,815591,0.0,0.0,AIFU,1h
2025-05-02 11:30:00-04:00,3.5940001010894775,7.702000141143799,3.559999942779541,4.4019999504089355,51685484,0.0,0.0,AIFU,1h
2025-05-02 12:30:00-04:00,4.4019999504089355,4.4019999504089355,3.0,3.0139999389648438,20128918,0.0,0.0,AIFU,1h
2025-05-02 13:30:00-04:00,3.001999855041504,3.359999895095825,2.739999771118164,3.0500001907348633,2944991,0.0,0.0,AIFU,1h
2025-05-02 14:30:00-04:00,3.055999755859375,3.057999849319458,2.6419999599456787,2.8580000400543213,1000587,0.0,0.0,AIFU,1h
2025-05-02 15:30:00-04:00,2.868000030517578,2.883999824523926,2.680000066757202,2.7300000190734863,441305,0.0,0.0,AIFU,1h
2025-05-05 09:30:00-04:00,2.7799999713897705,2.944000005722046,2.561999797821045,2.6620001792907715,2054415,0.0,0.0,AIFU,1h
2025-05-05 10:30:00-04:00,2.6620001792907715,2.7760000228881836,2.633999824523926,2.671999931335449,168369,0.0,0.0,AIFU,1h
2025-05-05 11:30:00-04:00,2.6660001277923584,2.685999870300293,2.5999999046325684,2.6019999980926514,172297,0.0,0.0,AIFU,1h
2025-05-05 12:30:00-04:00,2.625999927520752,2.6460001468658447,2.5999999046325684,2.630000114440918,98920,0.0,0.0,AIFU,1h
2025-05-05 13:30:00-04:00,2.6600000858306885,2.6600000858306885,2.5999999046325684,2.618000030517578,88280,0.0,0.0,AIFU,1h
2025-05-05 14:30:00-04:00,2.618000030517578,2.667999744415283,2.6059999465942383,2.6660001277923584,79029,0.0,0.0,AIFU,1h
2025-05-05 15:30:00-04:00,2.667999744415283,2.667999744415283,2.4619998931884766,2.5320000648498535,334475,0.0,0.0,AIFU,1h
2025-05-06 09:30:00-04:00,4.736000061035156,4.736000061035156,4.0,4.498000144958496,183687342,0.0,0.0,AIFU,1h
2025-05-06 10:30:00-04:00,4.498000144958496,5.188000202178955,4.0320000648498535,4.973999977111816,43980239,0.0,0.0,AIFU,1h
2025-05-06 11:30:00-04:00,4.973999977111816,5.598000526428223,4.779999732971191,4.98799991607666,97633743,0.0,0.0,AIFU,1h
2025-05-06 12:30:00-04:00,4.991999626159668,5.383999824523926,4.515999794006348,4.679999828338623,49508952,0.0,0.0,AIFU,1h
2025-05-06 13:30:00-04:00,4.682000160217285,4.74399995803833,4.136000156402588,4.345999717712402,16010728,0.0,0.0,AIFU,1h
2025-05-06 14:30:00-04:00,4.3420000076293945,4.548000335693359,4.205999851226807,4.498000144958496,8216297,0.0,0.0,AIFU,1h
2025-05-06 15:30:00-04:00,4.498000144958496,4.765999794006348,4.406000137329102,4.449999809265137,6302530,0.0,0.0,AIFU,1h
2025-05-07 09:30:00-04:00,3.5159997940063477,3.555999994277954,3.1540000438690186,3.2220001220703125,7019551,0.0,0.0,AIFU,1h
2025-05-07 10:30:00-04:00,3.2300000190734863,3.861999988555908,3.2300000190734863,3.562000036239624,1798341,0.0,0.0,AIFU,1h
2025-05-07 11:30:00-04:00,3.564000129699707,3.564000129699707,3.425999879837036,3.44599986076355,354201,0.0,0.0,AIFU,1h
2025-05-07 12:30:00-04:00,3.441999912261963,3.559999942779541,3.3420000076293945,3.549999952316284,399866,0.0,0.0,AIFU,1h
2025-05-07 13:30:00-04:00,3.549999952316284,3.562000036239624,3.3500001430511475,3.492000102996826,280916,0.0,0.0,AIFU,1h
2025-05-07 14:30:00-04:00,3.490000009536743,3.5260000228881836,3.4619998931884766,3.4800000190734863,157183,0.0,0.0,AIFU,1h
2025-05-07 15:30:00-04:00,3.4819998741149902,3.4819998741149902,3.4580001831054688,3.4700000286102295,205536,0.0,0.0,AIFU,1h
2025-05-08 09:30:00-04:00,3.2899999618530273,3.799999952316284,3.25,3.675999879837036,2550415,0.0,0.0,AIFU,1h
2025-05-08 10:30:00-04:00,3.680000066757202,3.7680001258850098,3.490000009536743,3.6019997596740723,681997,0.0,0.0,AIFU,1h
2025-05-08 11:30:00-04:00,3.6019997596740723,3.630000114440918,3.6000001430511475,3.6019997596740723,206919,0.0,0.0,AIFU,1h
2025-05-08 12:30:00-04:00,3.6039998531341553,3.6080000400543213,3.562000036239624,3.5759999752044678,337391,0.0,0.0,AIFU,1h
2025-05-08 13:30:00-04:00,3.5759999752044678,3.5879998207092285,3.562000036239624,3.562000036239624,98045,0.0,0.0,AIFU,1h
2025-05-08 14:30:00-04:00,3.564000129699707,3.564000129699707,3.378000020980835,3.4539999961853027,243251,0.0,0.0,AIFU,1h
2025-05-08 15:30:00-04:00,3.4539999961853027,3.4720001220703125,3.3959999084472656,3.3959999084472656,70798,0.0,0.0,AIFU,1h
2025-05-09 09:30:00-04:00,3.4000000953674316,3.4000000953674316,3.0199999809265137,3.1640000343322754,1600641,0.0,0.0,AIFU,1h
2025-05-09 10:30:00-04:00,3.113999843597412,3.697999954223633,3.113999843597412,3.697999954223633,2486256,0.0,0.0,AIFU,1h
2025-05-09 11:30:00-04:00,3.691999912261963,3.8440001010894775,3.25,3.3399999141693115,1490266,0.0,0.0,AIFU,1h
2025-05-09 12:30:00-04:00,3.381999969482422,3.5920000076293945,3.3320000171661377,3.5339999198913574,331928,0.0,0.0,AIFU,1h
2025-05-09 13:30:00-04:00,3.508000135421753,3.558000087738037,3.2659997940063477,3.4000000953674316,699535,0.0,0.0,AIFU,1h
2025-05-09 14:30:00-04:00,3.4000000953674316,3.440000057220459,3.4000000953674316,3.4060001373291016,77987,0.0,0.0,AIFU,1h
2025-05-09 15:30:00-04:00,3.4179999828338623,3.4200000762939453,3.322000026702881,3.359999895095825,89008,0.0,0.0,AIFU,1h
2025-05-12 09:30:00-04:00,3.4000000953674316,3.7619998455047607,3.4000000953674316,3.634000062942505,1567802,0.0,0.0,AIFU,1h
2025-05-12 10:30:00-04:00,3.625999927520752,3.9860000610351562,3.5280001163482666,3.631999969482422,2173191,0.0,0.0,AIFU,1h
2025-05-12 11:30:00-04:00,3.631999969482422,6.2739996910095215,3.5280001163482666,3.680000066757202,79308808,0.0,0.0,AIFU,1h
2025-05-12 12:30:00-04:00,3.686000108718872,3.7760000228881836,3.443999767303467,3.508000135421753,4225421,0.0,0.0,AIFU,1h
2025-05-12 13:30:00-04:00,3.508000135421753,3.7380001544952393,3.508000135421753,3.6059999465942383,1499302,0.0,0.0,AIFU,1h
2025-05-12 14:30:00-04:00,3.6080000400543213,3.671999931335449,3.549999952316284,3.564000129699707,670187,0.0,0.0,AIFU,1h
2025-05-12 15:30:00-04:00,3.565999984741211,3.6599998474121094,3.565999984741211,3.580000162124634,831032,0.0,0.0,AIFU,1h
2025-05-13 09:30:00-04:00,3.569999933242798,3.7059998512268066,3.371999740600586,3.452000141143799,2169141,0.0,0.0,AIFU,1h
2025-05-13 10:30:00-04:00,3.434000015258789,3.572000026702881,3.4000000953674316,3.5,481154,0.0,0.0,AIFU,1h
2025-05-13 11:30:00-04:00,3.5,3.5440001487731934,3.4140000343322754,3.490000009536743,214838,0.0,0.0,AIFU,1h
2025-05-13 12:30:00-04:00,3.440000057220459,3.4860000610351562,3.434000015258789,3.4800000190734863,77613,0.0,0.0,AIFU,1h
2025-05-13 13:30:00-04:00,3.4599997997283936,3.497999906539917,3.4140000343322754,3.440000057220459,202061,0.0,0.0,AIFU,1h
2025-05-13 14:30:00-04:00,3.425999879837036,3.5399999618530273,3.375999927520752,3.490000009536743,344450,0.0,0.0,AIFU,1h
2025-05-13 15:30:00-04:00,3.5260000228881836,3.5260000228881836,3.447999954223633,3.450000047683716,81234,0.0,0.0,AIFU,1h
2025-05-14 09:30:00-04:00,3.5139999389648438,3.5859999656677246,3.2659997940063477,3.582000255584717,1187367,0.0,0.0,AIFU,1h
2025-05-14 10:30:00-04:00,3.5240001678466797,3.8400001525878906,3.5240001678466797,3.7699999809265137,2013609,0.0,0.0,AIFU,1h
2025-05-14 11:30:00-04:00,3.75600004196167,3.817999839782715,3.565999984741211,3.614000082015991,1052382,0.0,0.0,AIFU,1h
2025-05-14 12:30:00-04:00,3.614000082015991,3.635999917984009,3.440000057220459,3.5899999141693115,489708,0.0,0.0,AIFU,1h
2025-05-14 13:30:00-04:00,3.569999933242798,3.5839998722076416,3.5,3.5159997940063477,193025,0.0,0.0,AIFU,1h
2025-05-14 14:30:00-04:00,3.5159997940063477,3.5179998874664307,3.5,3.503999948501587,86724,0.0,0.0,AIFU,1h
2025-05-14 15:30:00-04:00,3.503999948501587,3.503999948501587,3.4560000896453857,3.4599997997283936,96476,0.0,0.0,AIFU,1h
2025-05-15 09:30:00-04:00,3.2659997940063477,3.2839999198913574,3.0239999294281006,3.2760000228881836,18235897,0.0,0.0,AIFU,1h
2025-05-15 10:30:00-04:00,3.2699999809265137,3.567999839782715,3.2080001831054688,3.5,1715487,0.0,0.0,AIFU,1h
2025-05-15 11:30:00-04:00,3.4660000801086426,3.671999931335449,3.4060001373291016,3.559999942779541,808985,0.0,0.0,AIFU,1h
2025-05-15 12:30:00-04:00,3.547999858856201,3.5879998207092285,3.427999973297119,3.5139999389648438,425788,0.0,0.0,AIFU,1h
2025-05-15 13:30:00-04:00,3.51200008392334,3.5879998207092285,3.510000228881836,3.553999900817871,212239,0.0,0.0,AIFU,1h
2025-05-15 14:30:00-04:00,3.5940001010894775,3.5980000495910645,3.4580001831054688,3.5360000133514404,144397,0.0,0.0,AIFU,1h
2025-05-15 15:30:00-04:00,3.5339999198913574,3.5339999198913574,3.4599997997283936,3.4819998741149902,150099,0.0,0.0,AIFU,1h
2025-05-16 09:30:00-04:00,3.127999782562256,3.51200008392334,3.127999782562256,3.51200008392334,1029010,0.0,0.0,AIFU,1h
2025-05-16 10:30:00-04:00,3.490000009536743,3.819999933242798,3.381999969482422,3.7400002479553223,1201754,0.0,0.0,AIFU,1h
2025-05-16 11:30:00-04:00,3.74399995803833,3.747999906539917,3.5759999752044678,3.578000068664551,257649,0.0,0.0,AIFU,1h
2025-05-16 12:30:00-04:00,3.5759999752044678,3.697999954223633,3.5739998817443848,3.6019997596740723,182596,0.0,0.0,AIFU,1h
2025-05-16 13:30:00-04:00,3.638000011444092,3.673999786376953,3.50600004196167,3.5159997940063477,105363,0.0,0.0,AIFU,1h
2025-05-16 14:30:00-04:00,3.51200008392334,3.5859999656677246,3.497999906539917,3.497999906539917,66730,0.0,0.0,AIFU,1h
2025-05-16 15:30:00-04:00,3.5179998874664307,3.5199999809265137,3.3919999599456787,3.503999948501587,411974,0.0,0.0,AIFU,1h
2025-05-19 09:30:00-04:00,3.4060001373291016,3.631999969482422,3.4000000953674316,3.5440001487731934,606798,0.0,0.0,AIFU,1h
2025-05-19 10:30:00-04:00,3.5220000743865967,3.700000047683716,3.508000135421753,3.614000082015991,182122,0.0,0.0,AIFU,1h
2025-05-19 11:30:00-04:00,3.6080000400543213,3.6579999923706055,3.562000036239624,3.5759999752044678,41207,0.0,0.0,AIFU,1h
2025-05-19 12:30:00-04:00,3.5940001010894775,3.617999792098999,3.569999933242798,3.5980000495910645,44184,0.0,0.0,AIFU,1h
2025-05-19 13:30:00-04:00,3.616000175476074,3.617999792098999,3.562000036239624,3.582000255584717,60181,0.0,0.0,AIFU,1h
2025-05-19 14:30:00-04:00,3.5980000495910645,3.5980000495910645,3.380000114440918,3.558000087738037,161033,0.0,0.0,AIFU,1h
2025-05-19 15:30:00-04:00,3.48799991607666,3.5920000076293945,3.4000000953674316,3.5859999656677246,110986,0.0,0.0,AIFU,1h
2025-05-20 09:30:00-04:00,3.2960000038146973,3.5380001068115234,3.26200008392334,3.510000228881836,521475,0.0,0.0,AIFU,1h
2025-05-20 10:30:00-04:00,3.5159997940063477,3.5980000495910645,3.4839999675750732,3.4839999675750732,137375,0.0,0.0,AIFU,1h
2025-05-20 11:30:00-04:00,3.4839999675750732,3.508000135421753,3.427999973297119,3.490000009536743,160165,0.0,0.0,AIFU,1h
2025-05-20 12:30:00-04:00,3.4739999771118164,3.562000036239624,3.431999921798706,3.431999921798706,124348,0.0,0.0,AIFU,1h
2025-05-20 13:30:00-04:00,3.441999912261963,3.5399999618530273,3.441999912261963,3.4760000705718994,50134,0.0,0.0,AIFU,1h
2025-05-20 14:30:00-04:00,3.4660000801086426,3.5339999198913574,3.4040000438690186,3.4860000610351562,411492,0.0,0.0,AIFU,1h
2025-05-20 15:30:00-04:00,3.4679999351501465,3.497999906539917,3.4040000438690186,3.447999954223633,260283,0.0,0.0,AIFU,1h
2025-05-21 09:30:00-04:00,,,,,0,0.0,0.05,AIFU,1h
2025-05-21 13:30:00-04:00,1.5,1.5099999904632568,1.5,1.5099999904632568,4373,0.0,0.0,AIFU,1h
2025-05-21 14:30:00-04:00,3.450000047683716,3.9700000286102295,2.619999885559082,3.3499999046325684,210246,0.0,0.0,AIFU,1h
2025-05-21 15:30:00-04:00,3.299999952316284,3.299999952316284,2.869999885559082,3.2100000381469727,61171,0.0,0.0,AIFU,1h
2025-05-22 09:30:00-04:00,2.9000000953674316,3.448499917984009,2.9000000953674316,3.184000015258789,87967,0.0,0.0,AIFU,1h
2025-05-22 10:30:00-04:00,3.1500000953674316,3.3499999046325684,3.130000114440918,3.2219998836517334,25936,0.0,0.0,AIFU,1h
2025-05-22 11:30:00-04:00,3.2200000286102295,3.4191999435424805,3.2200000286102295,3.4100000858306885,10536,0.0,0.0,AIFU,1h
2025-05-22 12:30:00-04:00,3.3949999809265137,3.424999952316284,3.2200000286102295,3.25,21080,0.0,0.0,AIFU,1h
2025-05-22 13:30:00-04:00,3.2690000534057617,3.2815001010894775,3.25,3.2507998943328857,4465,0.0,0.0,AIFU,1h
2025-05-22 14:30:00-04:00,3.259700059890747,3.4000000953674316,3.25,3.4000000953674316,21151,0.0,0.0,AIFU,1h
2025-05-22 15:30:00-04:00,3.2950000762939453,3.359999895095825,3.2850000858306885,3.3499999046325684,3416,0.0,0.0,AIFU,1h
2025-05-23 09:30:00-04:00,3.25,3.369999885559082,3.1449999809265137,3.1449999809265137,73813,0.0,0.0,AIFU,1h
2025-05-23 10:30:00-04:00,3.134999990463257,3.325200080871582,3.0,3.0648999214172363,20090,0.0,0.0,AIFU,1h
2025-05-23 11:30:00-04:00,3.255000114440918,3.255000114440918,3.0850000381469727,3.088900089263916,1432,0.0,0.0,AIFU,1h
2025-05-23 12:30:00-04:00,3.0799999237060547,3.0899999141693115,2.989799976348877,3.0048999786376953,5383,0.0,0.0,AIFU,1h
2025-05-23 13:30:00-04:00,2.994999885559082,3.0299999713897705,2.994999885559082,3.0199999809265137,9695,0.0,0.0,AIFU,1h
2025-05-23 14:30:00-04:00,3.026599884033203,3.1041998863220215,3.0185999870300293,3.024600028991699,5288,0.0,0.0,AIFU,1h
2025-05-23 15:30:00-04:00,3.0209999084472656,3.0209999084472656,2.990000009536743,2.990000009536743,4575,0.0,0.0,AIFU,1h
2025-05-27 09:30:00-04:00,2.990000009536743,3.0199999809265137,2.8450000286102295,2.910099983215332,51026,0.0,0.0,AIFU,1h
2025-05-27 10:30:00-04:00,2.859999895095825,2.890000104904175,2.859999895095825,2.871000051498413,16178,0.0,0.0,AIFU,1h
2025-05-27 11:30:00-04:00,2.870500087738037,2.880000114440918,2.75,2.7750000953674316,24587,0.0,0.0,AIFU,1h
2025-05-27 12:30:00-04:00,2.760999917984009,2.7699999809265137,2.714400053024292,2.7200000286102295,9730,0.0,0.0,AIFU,1h
2025-05-27 13:30:00-04:00,2.710099935531616,2.719099998474121,2.6092000007629395,2.620300054550171,15041,0.0,0.0,AIFU,1h
2025-05-27 14:30:00-04:00,2.609999895095825,2.640000104904175,2.5,2.535599946975708,22201,0.0,0.0,AIFU,1h
2025-05-27 15:30:00-04:00,2.5399999618530273,2.609999895095825,2.5230000019073486,2.575000047683716,18642,0.0,0.0,AIFU,1h
2025-05-28 09:30:00-04:00,2.549999952316284,2.569999933242798,2.309999942779541,2.3399999141693115,39533,0.0,0.0,AIFU,1h
2025-05-28 10:30:00-04:00,2.339200019836426,2.339200019836426,2.2200000286102295,2.240000009536743,53234,0.0,0.0,AIFU,1h
2025-05-28 11:30:00-04:00,2.259999990463257,2.2899999618530273,2.25,2.255000114440918,26779,0.0,0.0,AIFU,1h
2025-05-28 12:30:00-04:00,2.244999885559082,2.2699999809265137,2.2000999450683594,2.2200000286102295,19233,0.0,0.0,AIFU,1h
2025-05-28 13:30:00-04:00,2.218600034713745,2.2200000286102295,2.1673998832702637,2.190000057220459,28073,0.0,0.0,AIFU,1h
2025-05-28 14:30:00-04:00,2.1800999641418457,2.2699999809265137,2.174999952316284,2.2149999141693115,20529,0.0,0.0,AIFU,1h
2025-05-28 15:30:00-04:00,2.2428998947143555,2.2476000785827637,2.2100000381469727,2.2100000381469727,10443,0.0,0.0,AIFU,1h
2025-05-29 09:30:00-04:00,2.240000009536743,2.399899959564209,2.240000009536743,2.3499999046325684,50077,0.0,0.0,AIFU,1h
2025-05-29 10:30:00-04:00,2.3994998931884766,2.5399999618530273,2.279900074005127,2.509999990463257,81769,0.0,0.0,AIFU,1h
2025-05-29 11:30:00-04:00,2.474900007247925,2.559999942779541,2.474900007247925,2.5,56628,0.0,0.0,AIFU,1h
2025-05-29 12:30:00-04:00,2.4953999519348145,2.4999001026153564,2.4800000190734863,2.4800000190734863,12157,0.0,0.0,AIFU,1h
2025-05-29 13:30:00-04:00,2.484999895095825,2.490000009536743,2.4800000190734863,2.484999895095825,6148,0.0,0.0,AIFU,1h
2025-05-29 14:30:00-04:00,2.490000009536743,2.490000009536743,2.4700000286102295,2.4700000286102295,8478,0.0,0.0,AIFU,1h
2025-05-29 15:30:00-04:00,2.4749999046325684,2.4800000190734863,2.440000057220459,2.4600000381469727,16336,0.0,0.0,AIFU,1h
2025-05-30 09:30:00-04:00,2.440000057220459,2.440000057220459,2.19569993019104,2.3299999237060547,21088,0.0,0.0,AIFU,1h
2025-05-30 10:30:00-04:00,2.3789000511169434,2.3789000511169434,2.3789000511169434,2.3789000511169434,1070,0.0,0.0,AIFU,1h
2025-05-30 11:30:00-04:00,2.288800001144409,2.4200000762939453,2.288800001144409,2.3399999141693115,29512,0.0,0.0,AIFU,1h
2025-05-30 12:30:00-04:00,2.29010009765625,2.3475000858306885,2.29010009765625,2.299999952316284,5927,0.0,0.0,AIFU,1h
2025-05-30 13:30:00-04:00,2.3450000286102295,2.4000000953674316,2.3394999504089355,2.4000000953674316,12024,0.0,0.0,AIFU,1h
2025-05-30 14:30:00-04:00,2.369999885559082,2.4000000953674316,2.3608999252319336,2.380000114440918,2594,0.0,0.0,AIFU,1h
2025-05-30 15:30:00-04:00,2.369999885559082,2.380000114440918,2.365299940109253,2.380000114440918,13907,0.0,0.0,AIFU,1h
2025-06-02 09:30:00-04:00,2.299999952316284,2.299999952316284,2.1972999572753906,2.240000009536743,21093,0.0,0.0,AIFU,1h
2025-06-02 10:30:00-04:00,2.240000009536743,2.240000009536743,2.160099983215332,2.2300000190734863,21483,0.0,0.0,AIFU,1h
2025-06-02 11:30:00-04:00,2.2149999141693115,2.2799999713897705,2.19320011138916,2.234999895095825,18694,0.0,0.0,AIFU,1h
2025-06-02 12:30:00-04:00,2.259999990463257,2.2899999618530273,2.198499917984009,2.260200023651123,17274,0.0,0.0,AIFU,1h
2025-06-02 13:30:00-04:00,2.2644999027252197,2.2644999027252197,2.2644999027252197,2.2644999027252197,111,0.0,0.0,AIFU,1h
2025-06-02 14:30:00-04:00,2.2699999809265137,2.3399999141693115,2.2699999809265137,2.3203999996185303,6961,0.0,0.0,AIFU,1h
2025-06-02 15:30:00-04:00,2.3399999141693115,2.3399999141693115,2.3301000595092773,2.3301000595092773,2054,0.0,0.0,AIFU,1h
2025-06-03 09:30:00-04:00,2.380000114440918,2.380000114440918,2.240000009536743,2.25,30301,0.0,0.0,AIFU,1h
2025-06-03 10:30:00-04:00,2.2711000442504883,2.359999895095825,2.2711000442504883,2.359999895095825,5670,0.0,0.0,AIFU,1h
2025-06-03 11:30:00-04:00,2.3299999237060547,2.459399938583374,2.325000047683716,2.4200000762939453,17212,0.0,0.0,AIFU,1h
2025-06-03 12:30:00-04:00,2.4200000762939453,2.4800000190734863,2.397599935531616,2.4149999618530273,13716,0.0,0.0,AIFU,1h
2025-06-03 13:30:00-04:00,2.3810999393463135,2.4853999614715576,2.3810999393463135,2.4853999614715576,640,0.0,0.0,AIFU,1h
2025-06-03 14:30:00-04:00,2.4800000190734863,2.484999895095825,2.4800000190734863,2.484999895095825,1284,0.0,0.0,AIFU,1h
2025-06-03 15:30:00-04:00,2.509999990463257,2.5399999618530273,2.4725000858306885,2.4749999046325684,10086,0.0,0.0,AIFU,1h
2025-06-04 09:30:00-04:00,2.490000009536743,2.609999895095825,2.442500114440918,2.51200008392334,16909,0.0,0.0,AIFU,1h
2025-06-04 10:30:00-04:00,2.450000047683716,2.559999942779541,2.450000047683716,2.5399999618530273,29165,0.0,0.0,AIFU,1h
2025-06-04 11:30:00-04:00,2.5199999809265137,2.5492000579833984,2.5067999362945557,2.5067999362945557,6184,0.0,0.0,AIFU,1h
2025-06-04 12:30:00-04:00,2.5225000381469727,2.700000047683716,2.5199999809265137,2.609999895095825,27835,0.0,0.0,AIFU,1h
2025-06-04 13:30:00-04:00,2.6700000762939453,2.6700000762939453,2.6600000858306885,2.6600000858306885,679,0.0,0.0,AIFU,1h
2025-06-04 14:30:00-04:00,2.6600000858306885,2.740000009536743,2.607300043106079,2.740000009536743,5804,0.0,0.0,AIFU,1h
2025-06-04 15:30:00-04:00,2.690000057220459,2.7200000286102295,2.640000104904175,2.684999942779541,35975,0.0,0.0,AIFU,1h
2025-06-05 09:30:00-04:00,2.7699999809265137,2.9000000953674316,2.6821000576019287,2.8694000244140625,52641,0.0,0.0,AIFU,1h
2025-06-05 10:30:00-04:00,2.827699899673462,2.990000009536743,2.799999952316284,2.9200000762939453,27454,0.0,0.0,AIFU,1h
2025-06-05 11:30:00-04:00,2.9516000747680664,3.458400011062622,2.932300090789795,3.25,81450,0.0,0.0,AIFU,1h
2025-06-05 12:30:00-04:00,3.2249999046325684,3.309999942779541,3.1500000953674316,3.231100082397461,29902,0.0,0.0,AIFU,1h
2025-06-05 13:30:00-04:00,3.1709001064300537,3.2200000286102295,3.0799999237060547,3.0999999046325684,10073,0.0,0.0,AIFU,1h
2025-06-05 14:30:00-04:00,3.0999999046325684,3.190000057220459,3.059999942779541,3.1500000953674316,21652,0.0,0.0,AIFU,1h
2025-06-05 15:30:00-04:00,3.200000047683716,3.2200000286102295,3.140000104904175,3.180000066757202,11068,0.0,0.0,AIFU,1h
2025-06-06 09:30:00-04:00,3.180000066757202,3.4186999797821045,3.180000066757202,3.318000078201294,44270,0.0,0.0,AIFU,1h
2025-06-06 10:30:00-04:00,3.390000104904175,3.3949999809265137,3.240000009536743,3.259999990463257,26338,0.0,0.0,AIFU,1h
2025-06-06 11:30:00-04:00,3.240000009536743,3.240000009536743,3.04010009765625,3.0889999866485596,9951,0.0,0.0,AIFU,1h
2025-06-06 12:30:00-04:00,3.0780999660491943,3.0780999660491943,3.0,3.000699996948242,18033,0.0,0.0,AIFU,1h
2025-06-06 13:30:00-04:00,3.009999990463257,3.059999942779541,3.0,3.049999952316284,0,0.0,0.0,AIFU,1h
2025-06-06 14:30:00-04:00,3.190000057220459,3.190000057220459,3.0999999046325684,3.180000066757202,4286,0.0,0.0,AIFU,1h
2025-06-06 15:30:00-04:00,3.100100040435791,3.1798999309539795,3.100100040435791,3.1798999309539795,2947,0.0,0.0,AIFU,1h
2025-06-09 09:30:00-04:00,3.109999895095825,3.2499001026153564,3.109999895095825,3.249000072479248,0,0.0,0.0,AIFU,1h
2025-06-09 10:30:00-04:00,3.156599998474121,3.2495999336242676,3.121000051498413,3.121000051498413,21651,0.0,0.0,AIFU,1h
2025-06-09 11:30:00-04:00,3.1500000953674316,3.299999952316284,3.1500000953674316,3.299999952316284,13826,0.0,0.0,AIFU,1h
2025-06-09 12:30:00-04:00,3.2588999271392822,3.3499999046325684,3.25,3.3299999237060547,5527,0.0,0.0,AIFU,1h
2025-06-09 13:30:00-04:00,3.3499999046325684,3.375,3.3499999046325684,3.375,4865,0.0,0.0,AIFU,1h
2025-06-09 14:30:00-04:00,3.3450000286102295,3.450000047683716,3.3369998931884766,3.430000066757202,26331,0.0,0.0,AIFU,1h
2025-06-09 15:30:00-04:00,3.4054999351501465,3.430000066757202,3.3647000789642334,3.369999885559082,8857,0.0,0.0,AIFU,1h
2025-06-10 09:30:00-04:00,3.309999942779541,3.4800000190734863,3.244999885559082,3.450000047683716,23500,0.0,0.0,AIFU,1h
2025-06-10 10:30:00-04:00,3.4700000286102295,3.5457000732421875,3.4700000286102295,3.531599998474121,10181,0.0,0.0,AIFU,1h
2025-06-10 11:30:00-04:00,3.559999942779541,3.7799999713897705,3.505000114440918,3.572999954223633,39668,0.0,0.0,AIFU,1h
2025-06-10 12:30:00-04:00,3.5799999237060547,3.6326000690460205,3.5,3.5,11985,0.0,0.0,AIFU,1h
2025-06-10 13:30:00-04:00,3.513700008392334,3.513700008392334,3.299999952316284,3.299999952316284,6489,0.0,0.0,AIFU,1h
2025-06-10 14:30:00-04:00,3.309999942779541,3.3447999954223633,3.299999952316284,3.3447999954223633,4616,0.0,0.0,AIFU,1h
2025-06-10 15:30:00-04:00,3.2899999618530273,3.322200059890747,3.2899999618530273,3.322200059890747,0,0.0,0.0,AIFU,1h
2025-06-11 09:30:00-04:00,3.430000066757202,3.430000066757202,3.2300000190734863,3.2300000190734863,22175,0.0,0.0,AIFU,1h
2025-06-11 10:30:00-04:00,3.2300000190734863,3.240000009536743,3.2300000190734863,3.2300000190734863,2355,0.0,0.0,AIFU,1h
2025-06-11 11:30:00-04:00,3.2300000190734863,3.2300000190734863,3.200200080871582,3.200200080871582,7050,0.0,0.0,AIFU,1h
2025-06-11 12:30:00-04:00,3.244999885559082,3.3299999237060547,3.237299919128418,3.2699999809265137,11414,0.0,0.0,AIFU,1h
2025-06-11 13:30:00-04:00,3.2300000190734863,3.2300000190734863,3.1600000858306885,3.1600000858306885,2315,0.0,0.0,AIFU,1h
2025-06-11 14:30:00-04:00,3.197000026702881,3.2555999755859375,3.1949000358581543,3.2249999046325684,18113,0.0,0.0,AIFU,1h
2025-06-11 15:30:00-04:00,3.1700000762939453,3.2100000381469727,3.1700000762939453,3.200000047683716,4286,0.0,0.0,AIFU,1h
2025-06-12 09:30:00-04:00,3.200000047683716,3.2799999713897705,3.138000011444092,3.262200117111206,18211,0.0,0.0,AIFU,1h
2025-06-12 10:30:00-04:00,3.2699999809265137,3.3499999046325684,3.190000057220459,3.259999990463257,9298,0.0,0.0,AIFU,1h
2025-06-12 12:30:00-04:00,3.240000009536743,3.240000009536743,3.2300000190734863,3.2300000190734863,532,0.0,0.0,AIFU,1h
2025-06-12 13:30:00-04:00,3.1700000762939453,3.1700000762939453,3.1700000762939453,3.1700000762939453,1117,0.0,0.0,AIFU,1h
2025-06-12 14:30:00-04:00,3.200000047683716,3.200000047683716,3.200000047683716,3.200000047683716,494,0.0,0.0,AIFU,1h
2025-06-12 15:30:00-04:00,3.1500000953674316,3.1500000953674316,3.109999895095825,3.109999895095825,3818,0.0,0.0,AIFU,1h
2025-06-13 09:30:00-04:00,3.109999895095825,3.1198999881744385,2.8499999046325684,2.9100000858306885,12499,0.0,0.0,AIFU,1h
2025-06-13 10:30:00-04:00,2.940000057220459,2.940000057220459,2.8801000118255615,2.9226999282836914,5303,0.0,0.0,AIFU,1h
2025-06-13 11:30:00-04:00,2.9892001152038574,3.0399999618530273,2.937299966812134,3.0299999713897705,12398,0.0,0.0,AIFU,1h
2025-06-13 12:30:00-04:00,2.9200000762939453,3.0899999141693115,2.9200000762939453,3.0899999141693115,4714,0.0,0.0,AIFU,1h
2025-06-13 13:30:00-04:00,3.0485000610351562,3.0485000610351562,3.0485000610351562,3.0485000610351562,402,0.0,0.0,AIFU,1h
2025-06-13 14:30:00-04:00,3.009999990463257,3.009999990463257,3.009999990463257,3.009999990463257,2011,0.0,0.0,AIFU,1h
2025-06-13 15:30:00-04:00,3.009999990463257,3.059999942779541,2.9997000694274902,3.0199999809265137,5219,0.0,0.0,AIFU,1h
2025-06-16 09:30:00-04:00,3.059999942779541,3.2799999713897705,3.01200008392334,3.2195000648498535,13073,0.0,0.0,AIFU,1h
2025-06-16 10:30:00-04:00,3.2799999713897705,3.5399999618530273,3.220900058746338,3.440000057220459,23974,0.0,0.0,AIFU,1h
2025-06-16 11:30:00-04:00,3.4200000762939453,3.5,3.2184998989105225,3.440000057220459,13903,0.0,0.0,AIFU,1h
2025-06-16 12:30:00-04:00,3.4549999237060547,3.490000009536743,3.259999990463257,3.490000009536743,16131,0.0,0.0,AIFU,1h
2025-06-16 13:30:00-04:00,3.411900043487549,3.444999933242798,3.319999933242798,3.319999933242798,8351,0.0,0.0,AIFU,1h
2025-06-16 14:30:00-04:00,3.4100000858306885,3.5299999713897705,3.375,3.5299999713897705,4716,0.0,0.0,AIFU,1h
2025-06-16 15:30:00-04:00,3.5299999713897705,3.740000009536743,3.4026999473571777,3.4026999473571777,24854,0.0,0.0,AIFU,1h
2025-06-17 09:30:00-04:00,3.500200033187866,3.6600000858306885,3.315000057220459,3.6491000652313232,18470,0.0,0.0,AIFU,1h
2025-06-17 10:30:00-04:00,3.6631999015808105,3.7100000381469727,3.6050000190734863,3.7100000381469727,5671,0.0,0.0,AIFU,1h
2025-06-17 11:30:00-04:00,3.615000009536743,3.7699999809265137,3.5399999618530273,3.5399999618530273,17295,0.0,0.0,AIFU,1h
2025-06-17 12:30:00-04:00,3.5676000118255615,3.6301000118255615,3.559999942779541,3.619999885559082,0,0.0,0.0,AIFU,1h
2025-06-17 13:30:00-04:00,3.640000104904175,3.6500000953674316,3.640000104904175,3.6500000953674316,49958,0.0,0.0,AIFU,1h
2025-06-17 14:30:00-04:00,3.549999952316284,3.549999952316284,3.549999952316284,3.549999952316284,1334,0.0,0.0,AIFU,1h
2025-06-17 15:30:00-04:00,3.5,3.5899999141693115,3.4100000858306885,3.4100000858306885,27355,0.0,0.0,AIFU,1h
2025-06-18 09:30:00-04:00,3.5899999141693115,3.690000057220459,3.4200000762939453,3.680000066757202,26547,0.0,0.0,AIFU,1h
2025-06-18 11:30:00-04:00,3.690000057220459,3.690000057220459,3.609999895095825,3.609999895095825,11333,0.0,0.0,AIFU,1h
2025-06-18 12:30:00-04:00,3.609999895095825,3.6500000953674316,3.5999999046325684,3.6500000953674316,3012,0.0,0.0,AIFU,1h
2025-06-18 13:30:00-04:00,3.630000114440918,3.676500082015991,3.630000114440918,3.6700000762939453,4218,0.0,0.0,AIFU,1h
2025-06-18 14:30:00-04:00,3.619999885559082,3.9700000286102295,3.619999885559082,3.8889999389648438,34097,0.0,0.0,AIFU,1h
2025-06-18 15:30:00-04:00,3.880000114440918,3.9700000286102295,3.8266000747680664,3.9700000286102295,8435,0.0,0.0,AIFU,1h
2025-06-20 09:30:00-04:00,3.9800000190734863,4.869900226593018,3.9600000381469727,4.729000091552734,69393,0.0,0.0,AIFU,1h
2025-06-20 10:30:00-04:00,4.699999809265137,4.71999979019165,4.610000133514404,4.679999828338623,21780,0.0,0.0,AIFU,1h
2025-06-20 11:30:00-04:00,4.61899995803833,4.619999885559082,4.199999809265137,4.315000057220459,25486,0.0,0.0,AIFU,1h
2025-06-20 12:30:00-04:00,4.401199817657471,4.5,4.2291998863220215,4.230000019073486,25733,0.0,0.0,AIFU,1h
2025-06-20 13:30:00-04:00,4.230000019073486,4.355199813842773,4.21999979019165,4.34499979019165,3021,0.0,0.0,AIFU,1h
2025-06-20 14:30:00-04:00,4.320000171661377,4.480000019073486,4.304999828338623,4.480000019073486,4752,0.0,0.0,AIFU,1h
2025-06-20 15:30:00-04:00,4.269999980926514,4.375,4.269999980926514,4.375,902,0.0,0.0,AIFU,1h
2025-06-23 09:30:00-04:00,4.650000095367432,4.710000038146973,3.9600000381469727,3.9600000381469727,46424,0.0,0.0,AIFU,1h
2025-06-23 10:30:00-04:00,3.921799898147583,4.099899768829346,3.802000045776367,3.8357999324798584,8803,0.0,0.0,AIFU,1h
2025-06-23 11:30:00-04:00,3.8975000381469727,3.9800000190734863,3.831700086593628,3.942500114440918,5981,0.0,0.0,AIFU,1h
2025-06-23 12:30:00-04:00,3.9077000617980957,4.099299907684326,3.9000000953674316,3.946700096130371,12752,0.0,0.0,AIFU,1h
2025-06-23 13:30:00-04:00,4.090000152587891,4.190000057220459,4.090000152587891,4.150000095367432,2655,0.0,0.0,AIFU,1h
2025-06-23 14:30:00-04:00,4.170000076293945,4.300000190734863,3.960099935531616,4.28000020980835,5684,0.0,0.0,AIFU,1h
2025-06-23 15:30:00-04:00,4.28000020980835,4.28000020980835,4.170000076293945,4.170000076293945,5927,0.0,0.0,AIFU,1h
2025-06-24 09:30:00-04:00,4.21999979019165,5.298399925231934,4.21999979019165,5.054999828338623,77489,0.0,0.0,AIFU,1h
2025-06-24 10:30:00-04:00,5.139400005340576,5.400000095367432,4.96999979019165,5.349999904632568,43895,0.0,0.0,AIFU,1h
2025-06-24 11:30:00-04:00,5.401100158691406,7.579999923706055,5.28000020980835,5.810100078582764,877684,0.0,0.0,AIFU,1h
2025-06-24 12:30:00-04:00,5.810100078582764,5.810100078582764,5.449999809265137,5.619999885559082,138185,0.0,0.0,AIFU,1h
2025-06-24 13:30:00-04:00,5.53000020980835,6.050000190734863,5.460000038146973,5.900000095367432,143366,0.0,0.0,AIFU,1h
2025-06-24 14:30:00-04:00,5.875699996948242,6.079999923706055,5.560100078582764,6.079999923706055,118428,0.0,0.0,AIFU,1h
2025-06-24 15:30:00-04:00,5.9309000968933105,6.729899883270264,5.880000114440918,6.110000133514404,220745,0.0,0.0,AIFU,1h
2025-06-25 09:30:00-04:00,5.800000190734863,6.429999828338623,4.974999904632568,5.989999771118164,109055,0.0,0.0,AIFU,1h
2025-06-25 10:30:00-04:00,6.022299766540527,6.1508002281188965,5.78000020980835,6.059999942779541,63739,0.0,0.0,AIFU,1h
2025-06-25 11:30:00-04:00,6.059999942779541,6.5,5.989999771118164,6.000100135803223,33848,0.0,0.0,AIFU,1h
2025-06-25 12:30:00-04:00,6.03000020980835,6.03000020980835,5.900000095367432,5.954999923706055,6797,0.0,0.0,AIFU,1h
2025-06-25 13:30:00-04:00,5.954999923706055,6.089900016784668,5.909999847412109,5.980000019073486,13172,0.0,0.0,AIFU,1h
2025-06-25 14:30:00-04:00,5.994999885559082,6.03000020980835,5.900000095367432,6.0,17852,0.0,0.0,AIFU,1h
2025-06-25 15:30:00-04:00,6.0,6.071199893951416,5.960000038146973,5.960000038146973,10476,0.0,0.0,AIFU,1h
2025-06-26 09:30:00-04:00,5.840000152587891,6.210000038146973,5.75,6.159999847412109,18711,0.0,0.0,AIFU,1h
2025-06-26 10:30:00-04:00,6.139400005340576,6.249899864196777,5.854899883270264,5.900000095367432,38301,0.0,0.0,AIFU,1h
2025-06-26 11:30:00-04:00,5.889999866485596,5.994999885559082,5.730000019073486,5.730000019073486,44143,0.0,0.0,AIFU,1h
2025-06-26 12:30:00-04:00,5.820000171661377,5.820000171661377,5.322000026702881,5.520100116729736,27911,0.0,0.0,AIFU,1h
2025-06-26 13:30:00-04:00,5.530300140380859,5.75,5.257800102233887,5.295000076293945,43968,0.0,0.0,AIFU,1h
2025-06-26 14:30:00-04:00,5.300000190734863,5.369999885559082,4.920000076293945,4.960000038146973,77867,0.0,0.0,AIFU,1h
2025-06-26 15:30:00-04:00,5.0,5.0,4.5929999351501465,4.875,49071,0.0,0.0,AIFU,1h
2025-06-27 09:30:00-04:00,4.999899864196777,5.158400058746338,4.639999866485596,5.130000114440918,18286,0.0,0.0,AIFU,1h
2025-06-27 10:30:00-04:00,5.130000114440918,5.776199817657471,5.130000114440918,5.470799922943115,12932,0.0,0.0,AIFU,1h
2025-06-27 11:30:00-04:00,5.460000038146973,5.550000190734863,5.210000038146973,5.510000228881836,10275,0.0,0.0,AIFU,1h
2025-06-27 12:30:00-04:00,5.514999866485596,5.690000057220459,5.514999866485596,5.53000020980835,8360,0.0,0.0,AIFU,1h
2025-06-27 13:30:00-04:00,5.349999904632568,5.375,5.255899906158447,5.375,1994,0.0,0.0,AIFU,1h
2025-06-27 14:30:00-04:00,5.445000171661377,5.738399982452393,5.210000038146973,5.738399982452393,5308,0.0,0.0,AIFU,1h
2025-06-27 15:30:00-04:00,5.611499786376953,5.840000152587891,5.579999923706055,5.840000152587891,15524,0.0,0.0,AIFU,1h
2025-06-30 09:30:00-04:00,5.534999847412109,5.920000076293945,5.45389986038208,5.889999866485596,13721,0.0,0.0,AIFU,1h
2025-06-30 10:30:00-04:00,5.800000190734863,5.909999847412109,5.75,5.880000114440918,4869,0.0,0.0,AIFU,1h
2025-06-30 11:30:00-04:00,5.75,5.869999885559082,5.75,5.869999885559082,2747,0.0,0.0,AIFU,1h
2025-06-30 12:30:00-04:00,5.809800148010254,6.170000076293945,5.809800148010254,6.059999942779541,14754,0.0,0.0,AIFU,1h
2025-06-30 13:30:00-04:00,5.989999771118164,6.050000190734863,5.910099983215332,6.0269999504089355,4206,0.0,0.0,AIFU,1h
2025-06-30 14:30:00-04:00,6.199999809265137,6.210000038146973,5.875,5.875,26575,0.0,0.0,AIFU,1h
2025-06-30 15:30:00-04:00,6.089900016784668,6.150000095367432,5.940000057220459,6.039999961853027,33049,0.0,0.0,AIFU,1h
2025-07-01 09:30:00-04:00,5.880000114440918,6.0,5.792500019073486,5.949999809265137,16913,0.0,0.0,AIFU,1h
2025-07-01 10:30:00-04:00,5.924600124359131,6.190000057220459,5.875,5.875,11821,0.0,0.0,AIFU,1h
2025-07-01 11:30:00-04:00,5.860000133514404,6.0,5.800000190734863,5.812099933624268,5453,0.0,0.0,AIFU,1h
2025-07-01 12:30:00-04:00,5.789999961853027,5.789999961853027,5.665200233459473,5.665200233459473,12841,0.0,0.0,AIFU,1h
2025-07-01 13:30:00-04:00,5.764999866485596,5.869999885559082,5.440000057220459,5.869999885559082,7656,0.0,0.0,AIFU,1h
2025-07-01 14:30:00-04:00,5.57450008392334,6.105000019073486,5.57450008392334,6.079999923706055,18135,0.0,0.0,AIFU,1h
2025-07-01 15:30:00-04:00,6.098899841308594,6.099999904632568,6.023200035095215,6.099999904632568,2502,0.0,0.0,AIFU,1h
2025-07-02 09:30:00-04:00,6.23799991607666,6.3343000411987305,5.880000114440918,6.25,12922,0.0,0.0,AIFU,1h
2025-07-02 10:30:00-04:00,6.34499979019165,6.849999904632568,6.30709981918335,6.6219000816345215,21734,0.0,0.0,AIFU,1h
2025-07-02 11:30:00-04:00,6.574999809265137,6.906599998474121,6.348100185394287,6.739999771118164,18957,0.0,0.0,AIFU,1h
2025-07-02 12:30:00-04:00,6.632699966430664,7.2266998291015625,6.632699966430664,7.148600101470947,26168,0.0,0.0,AIFU,1h
2025-07-02 13:30:00-04:00,7.139999866485596,7.139999866485596,6.71999979019165,6.897600173950195,3838,0.0,0.0,AIFU,1h
2025-07-02 14:30:00-04:00,6.710000038146973,6.722499847412109,6.425000190734863,6.664999961853027,6183,0.0,0.0,AIFU,1h
2025-07-02 15:30:00-04:00,6.690000057220459,6.739999771118164,6.429999828338623,6.739999771118164,5252,0.0,0.0,AIFU,1h
2025-07-03 09:30:00-04:00,6.659999847412109,7.380000114440918,6.546800136566162,7.135000228881836,40421,0.0,0.0,AIFU,1h
2025-07-03 10:30:00-04:00,7.170000076293945,7.170000076293945,6.900100231170654,6.985000133514404,6510,0.0,0.0,AIFU,1h
2025-07-03 11:30:00-04:00,6.920000076293945,7.0,6.699999809265137,6.81879997253418,7309,0.0,0.0,AIFU,1h
2025-07-07 09:30:00-04:00,6.059999942779541,6.130000114440918,5.289999961853027,5.489999771118164,75086,0.0,0.0,AIFU,1h
2025-07-07 10:30:00-04:00,5.4019999504089355,5.435999870300293,5.0100998878479,5.050000190734863,40157,0.0,0.0,AIFU,1h
2025-07-07 11:30:00-04:00,5.119999885559082,5.579999923706055,5.119999885559082,5.429999828338623,10774,0.0,0.0,AIFU,1h
2025-07-07 12:30:00-04:00,5.364999771118164,5.949999809265137,5.364999771118164,5.791399955749512,35936,0.0,0.0,AIFU,1h
2025-07-07 13:30:00-04:00,5.98360013961792,6.289999961853027,5.829999923706055,5.960000038146973,20101,0.0,0.0,AIFU,1h
2025-07-07 14:30:00-04:00,6.079999923706055,6.079999923706055,5.715000152587891,5.800000190734863,12937,0.0,0.0,AIFU,1h
2025-07-07 15:30:00-04:00,5.809999942779541,6.041900157928467,5.655200004577637,6.041900157928467,8054,0.0,0.0,AIFU,1h
2025-07-08 09:30:00-04:00,5.850900173187256,5.960000038146973,5.48199987411499,5.860099792480469,23547,0.0,0.0,AIFU,1h
2025-07-08 10:30:00-04:00,5.860000133514404,5.860000133514404,5.78000020980835,5.78000020980835,4016,0.0,0.0,AIFU,1h
2025-07-08 11:30:00-04:00,5.699999809265137,5.699999809265137,5.159999847412109,5.375999927520752,27686,0.0,0.0,AIFU,1h
2025-07-08 12:30:00-04:00,5.429999828338623,5.52209997177124,5.429999828338623,5.449999809265137,1829,0.0,0.0,AIFU,1h
2025-07-08 13:30:00-04:00,5.449100017547607,5.489999771118164,5.449100017547607,5.489999771118164,5873,0.0,0.0,AIFU,1h
2025-07-08 14:30:00-04:00,5.500500202178955,5.53000020980835,5.369999885559082,5.400000095367432,19831,0.0,0.0,AIFU,1h
2025-07-08 15:30:00-04:00,5.360000133514404,5.369999885559082,5.310100078582764,5.321300029754639,2453,0.0,0.0,AIFU,1h
2025-07-09 09:30:00-04:00,5.360000133514404,5.966899871826172,5.360000133514404,5.627200126647949,26413,0.0,0.0,AIFU,1h
2025-07-09 10:30:00-04:00,5.699999809265137,5.800000190734863,5.66540002822876,5.800000190734863,4022,0.0,0.0,AIFU,1h
2025-07-09 11:30:00-04:00,5.71999979019165,5.71999979019165,5.579999923706055,5.679999828338623,16278,0.0,0.0,AIFU,1h
2025-07-09 12:30:00-04:00,5.769999980926514,5.78000020980835,5.679999828338623,5.684999942779541,3540,0.0,0.0,AIFU,1h
2025-07-09 13:30:00-04:00,5.78000020980835,5.807799816131592,5.699999809265137,5.73799991607666,8462,0.0,0.0,AIFU,1h
2025-07-09 14:30:00-04:00,5.840000152587891,5.929999828338623,5.840000152587891,5.92710018157959,3299,0.0,0.0,AIFU,1h
2025-07-09 15:30:00-04:00,5.809999942779541,5.96999979019165,5.809999942779541,5.96999979019165,10362,0.0,0.0,AIFU,1h
2025-07-10 09:30:00-04:00,5.869999885559082,5.918700218200684,5.739999771118164,5.909999847412109,3808,0.0,0.0,AIFU,1h
2025-07-10 10:30:00-04:00,5.909999847412109,5.989999771118164,5.849999904632568,5.849999904632568,2962,0.0,0.0,AIFU,1h
2025-07-10 11:30:00-04:00,5.925000190734863,6.199999809265137,5.925000190734863,6.199999809265137,12788,0.0,0.0,AIFU,1h
2025-07-10 12:30:00-04:00,6.314599990844727,6.314599990844727,6.012199878692627,6.012199878692627,5428,0.0,0.0,AIFU,1h
2025-07-10 13:30:00-04:00,6.110000133514404,6.110000133514404,6.110000133514404,6.110000133514404,273,0.0,0.0,AIFU,1h
2025-07-10 14:30:00-04:00,6.065000057220459,6.119999885559082,6.065000057220459,6.119999885559082,1055,0.0,0.0,AIFU,1h
2025-07-10 15:30:00-04:00,6.1793999671936035,6.179999828338623,6.1793999671936035,6.179999828338623,483,0.0,0.0,AIFU,1h
2025-07-11 09:30:00-04:00,6.010000228881836,6.099999904632568,6.0,6.099999904632568,6202,0.0,0.0,AIFU,1h
2025-07-11 10:30:00-04:00,6.1479997634887695,6.150000095367432,6.070000171661377,6.099999904632568,6784,0.0,0.0,AIFU,1h
2025-07-11 11:30:00-04:00,6.159999847412109,6.25,6.139999866485596,6.139999866485596,4279,0.0,0.0,AIFU,1h
2025-07-11 12:30:00-04:00,6.199999809265137,6.199999809265137,6.150000095367432,6.150000095367432,840,0.0,0.0,AIFU,1h
2025-07-11 13:30:00-04:00,6.119999885559082,6.119999885559082,5.900000095367432,5.945000171661377,3208,0.0,0.0,AIFU,1h
2025-07-11 15:30:00-04:00,5.945000171661377,5.980000019073486,5.885000228881836,5.885000228881836,2851,0.0,0.0,AIFU,1h
2025-07-14 09:30:00-04:00,5.704999923706055,6.129899978637695,5.70359992980957,6.129899978637695,16894,0.0,0.0,AIFU,1h
2025-07-14 10:30:00-04:00,6.079999923706055,6.130000114440918,6.03000020980835,6.114200115203857,4240,0.0,0.0,AIFU,1h
2025-07-14 11:30:00-04:00,6.058700084686279,6.079999923706055,6.039999961853027,6.050000190734863,1482,0.0,0.0,AIFU,1h
2025-07-14 12:30:00-04:00,6.039999961853027,6.039999961853027,5.989699840545654,5.989699840545654,1157,0.0,0.0,AIFU,1h
2025-07-14 14:30:00-04:00,6.019999980926514,6.099999904632568,6.010000228881836,6.092199802398682,4731,0.0,0.0,AIFU,1h
2025-07-14 15:30:00-04:00,6.150000095367432,6.199999809265137,6.085000038146973,6.190000057220459,2316,0.0,0.0,AIFU,1h
2025-07-15 09:30:00-04:00,5.989999771118164,6.5,5.989999771118164,6.460000038146973,22646,0.0,0.0,AIFU,1h
2025-07-15 10:30:00-04:00,6.460000038146973,6.800000190734863,6.237599849700928,6.800000190734863,19738,0.0,0.0,AIFU,1h
2025-07-15 11:30:00-04:00,6.7322998046875,6.900000095367432,6.570000171661377,6.570000171661377,75365,0.0,0.0,AIFU,1h
2025-07-15 12:30:00-04:00,6.293399810791016,6.912399768829346,6.293399810791016,6.760000228881836,19248,0.0,0.0,AIFU,1h
2025-07-15 13:30:00-04:00,6.920000076293945,7.179999828338623,6.900000095367432,6.900000095367432,13753,0.0,0.0,AIFU,1h
2025-07-15 14:30:00-04:00,6.900000095367432,7.0,6.650000095367432,6.949999809265137,10279,0.0,0.0,AIFU,1h
2025-07-15 15:30:00-04:00,7.0,7.0,6.920000076293945,6.920000076293945,5710,0.0,0.0,AIFU,1h
2025-07-16 09:30:00-04:00,7.110000133514404,7.539999961853027,6.879199981689453,7.092800140380859,63314,0.0,0.0,AIFU,1h
2025-07-16 10:30:00-04:00,7.106500148773193,7.179999828338623,6.860099792480469,7.014699935913086,21628,0.0,0.0,AIFU,1h
2025-07-16 11:30:00-04:00,7.110300064086914,7.170000076293945,6.973899841308594,7.084000110626221,5813,0.0,0.0,AIFU,1h
2025-07-16 12:30:00-04:00,7.150000095367432,7.179999828338623,7.079999923706055,7.179999828338623,4822,0.0,0.0,AIFU,1h
2025-07-16 13:30:00-04:00,7.199999809265137,7.510000228881836,7.1595001220703125,7.440000057220459,4990,0.0,0.0,AIFU,1h
2025-07-16 14:30:00-04:00,7.210000038146973,7.449900150299072,7.210000038146973,7.449900150299072,881,0.0,0.0,AIFU,1h
2025-07-16 15:30:00-04:00,7.400000095367432,7.420000076293945,7.170000076293945,7.420000076293945,2016,0.0,0.0,AIFU,1h
2025-07-17 09:30:00-04:00,7.380000114440918,7.673099994659424,7.079999923706055,7.590000152587891,13577,0.0,0.0,AIFU,1h
2025-07-17 10:30:00-04:00,7.619999885559082,7.769999980926514,7.289999961853027,7.479599952697754,24081,0.0,0.0,AIFU,1h
2025-07-17 11:30:00-04:00,7.309999942779541,7.409999847412109,7.25,7.275000095367432,5587,0.0,0.0,AIFU,1h
2025-07-17 12:30:00-04:00,7.201499938964844,7.20959997177124,7.0,7.039999961853027,8031,0.0,0.0,AIFU,1h
2025-07-17 13:30:00-04:00,7.010000228881836,7.339900016784668,7.010000228881836,7.1529998779296875,3503,0.0,0.0,AIFU,1h
2025-07-17 14:30:00-04:00,7.336599826812744,7.349999904632568,7.245500087738037,7.275000095367432,4187,0.0,0.0,AIFU,1h
2025-07-17 15:30:00-04:00,7.275000095367432,7.489999771118164,7.159999847412109,7.269999980926514,11432,0.0,0.0,AIFU,1h
2025-07-18 09:30:00-04:00,7.052800178527832,7.485499858856201,7.052800178527832,7.35699987411499,8428,0.0,0.0,AIFU,1h
2025-07-18 10:30:00-04:00,7.4730000495910645,7.480000019073486,7.347899913787842,7.480000019073486,7789,0.0,0.0,AIFU,1h
2025-07-18 11:30:00-04:00,7.289999961853027,7.3420000076293945,7.289999961853027,7.3420000076293945,614,0.0,0.0,AIFU,1h
2025-07-18 12:30:00-04:00,7.300000190734863,7.34250020980835,7.243800163269043,7.243800163269043,3050,0.0,0.0,AIFU,1h
2025-07-18 13:30:00-04:00,7.34499979019165,7.34499979019165,7.34499979019165,7.34499979019165,121,0.0,0.0,AIFU,1h
2025-07-18 14:30:00-04:00,7.260000228881836,7.292500019073486,7.170000076293945,7.292500019073486,1579,0.0,0.0,AIFU,1h
2025-07-18 15:30:00-04:00,7.389900207519531,7.389900207519531,7.0929999351501465,7.0929999351501465,4875,0.0,0.0,AIFU,1h
2025-07-21 09:30:00-04:00,7.460000038146973,7.460000038146973,7.119999885559082,7.119999885559082,0,0.0,0.0,AIFU,1h
2025-07-21 10:30:00-04:00,7.122000217437744,7.320000171661377,7.119999885559082,7.320000171661377,8956,0.0,0.0,AIFU,1h
2025-07-21 11:30:00-04:00,7.139999866485596,7.417200088500977,7.130000114440918,7.159999847412109,4959,0.0,0.0,AIFU,1h
2025-07-21 12:30:00-04:00,7.150000095367432,7.284999847412109,7.150000095367432,7.284900188446045,2299,0.0,0.0,AIFU,1h
2025-07-21 13:30:00-04:00,7.170000076293945,7.179999828338623,7.170000076293945,7.179999828338623,2687,0.0,0.0,AIFU,1h
2025-07-21 14:30:00-04:00,7.119999885559082,7.119999885559082,6.619200229644775,6.648900032043457,15706,0.0,0.0,AIFU,1h
2025-07-21 15:30:00-04:00,6.78000020980835,6.78000020980835,6.659999847412109,6.7179999351501465,3990,0.0,0.0,AIFU,1h
2025-07-22 09:30:00-04:00,6.690000057220459,7.179999828338623,6.690000057220459,6.980000019073486,8107,0.0,0.0,AIFU,1h
2025-07-22 10:30:00-04:00,6.93120002746582,7.289999961853027,6.894599914550781,7.289999961853027,19279,0.0,0.0,AIFU,1h
2025-07-22 11:30:00-04:00,7.354899883270264,7.354899883270264,7.179999828338623,7.179999828338623,1630,0.0,0.0,AIFU,1h
2025-07-22 12:30:00-04:00,7.300000190734863,7.400000095367432,7.300000190734863,7.320000171661377,544,0.0,0.0,AIFU,1h
2025-07-22 13:30:00-04:00,7.010000228881836,7.320000171661377,7.010000228881836,7.320000171661377,415,0.0,0.0,AIFU,1h
2025-07-22 14:30:00-04:00,7.204999923706055,7.204999923706055,7.204999923706055,7.204999923706055,83,0.0,0.0,AIFU,1h
2025-07-22 15:30:00-04:00,7.380000114440918,7.380000114440918,7.141499996185303,7.159999847412109,5221,0.0,0.0,AIFU,1h
2025-07-23 09:30:00-04:00,7.300000190734863,7.494999885559082,7.300000190734863,7.404699802398682,8470,0.0,0.0,AIFU,1h
2025-07-23 10:30:00-04:00,7.5,7.779900074005127,7.5,7.619800090789795,8937,0.0,0.0,AIFU,1h
2025-07-23 11:30:00-04:00,7.630000114440918,7.7515997886657715,7.610000133514404,7.610000133514404,2398,0.0,0.0,AIFU,1h
2025-07-23 12:30:00-04:00,7.474999904632568,7.474999904632568,7.474999904632568,7.474999904632568,448,0.0,0.0,AIFU,1h
2025-07-23 13:30:00-04:00,7.460000038146973,7.550000190734863,7.460000038146973,7.550000190734863,3291,0.0,0.0,AIFU,1h
2025-07-23 14:30:00-04:00,7.599999904632568,7.880000114440918,7.46999979019165,7.493000030517578,51364,0.0,0.0,AIFU,1h
2025-07-23 15:30:00-04:00,7.639999866485596,7.789999961853027,7.490099906921387,7.690000057220459,5039,0.0,0.0,AIFU,1h
2025-07-24 09:30:00-04:00,7.619999885559082,7.794899940490723,7.119999885559082,7.380000114440918,33694,0.0,0.0,AIFU,1h
2025-07-24 10:30:00-04:00,7.380000114440918,7.756999969482422,7.380000114440918,7.699999809265137,5498,0.0,0.0,AIFU,1h
2025-07-24 11:30:00-04:00,7.699999809265137,8.039999961853027,7.699999809265137,8.039999961853027,14247,0.0,0.0,AIFU,1h
2025-07-24 12:30:00-04:00,8.180000305175781,8.289999961853027,8.069999694824219,8.23009967803955,5974,0.0,0.0,AIFU,1h
2025-07-24 13:30:00-04:00,8.239999771118164,8.600000381469727,8.239999771118164,8.600000381469727,2092,0.0,0.0,AIFU,1h
2025-07-24 14:30:00-04:00,8.609999656677246,9.03499984741211,8.609999656677246,8.729999542236328,5875,0.0,0.0,AIFU,1h
2025-07-24 15:30:00-04:00,9.113100051879883,9.400699615478516,9.113100051879883,9.400699615478516,2720,0.0,0.0,AIFU,1h
2025-07-25 09:30:00-04:00,9.199999809265137,9.380000114440918,8.720000267028809,9.03499984741211,11469,0.0,0.0,AIFU,1h
2025-07-25 10:30:00-04:00,8.999899864196777,9.109999656677246,8.918000221252441,9.070500373840332,5616,0.0,0.0,AIFU,1h
2025-07-25 11:30:00-04:00,9.260000228881836,9.260000228881836,9.010000228881836,9.100000381469727,23892,0.0,0.0,AIFU,1h
2025-07-25 12:30:00-04:00,9.140000343322754,9.140000343322754,9.06470012664795,9.079999923706055,2159,0.0,0.0,AIFU,1h
2025-07-25 13:30:00-04:00,8.997200012207031,9.00220012664795,8.767200469970703,8.989999771118164,13378,0.0,0.0,AIFU,1h
2025-07-25 14:30:00-04:00,8.699999809265137,8.699999809265137,8.020000457763672,8.149999618530273,16674,0.0,0.0,AIFU,1h
2025-07-25 15:30:00-04:00,8.218799591064453,8.449999809265137,8.15999984741211,8.449999809265137,8713,0.0,0.0,AIFU,1h
2025-07-28 09:30:00-04:00,8.020000457763672,8.720000267028809,8.020000457763672,8.550000190734863,10281,0.0,0.0,AIFU,1h
2025-07-28 10:30:00-04:00,8.423800468444824,9.0,8.423800468444824,8.73009967803955,5967,0.0,0.0,AIFU,1h
2025-07-28 11:30:00-04:00,8.890000343322754,9.100000381469727,8.75,8.75,8864,0.0,0.0,AIFU,1h
2025-07-28 12:30:00-04:00,8.65999984741211,8.65999984741211,8.430100440979004,8.430100440979004,5162,0.0,0.0,AIFU,1h
2025-07-28 13:30:00-04:00,8.425000190734863,8.425000190734863,8.385000228881836,8.385000228881836,2326,0.0,0.0,AIFU,1h
2025-07-28 14:30:00-04:00,8.385000228881836,8.385000228881836,8.0600004196167,8.109999656677246,6444,0.0,0.0,AIFU,1h
2025-07-28 15:30:00-04:00,8.119999885559082,8.305500030517578,7.940000057220459,7.940000057220459,28769,0.0,0.0,AIFU,1h
2025-07-29 09:30:00-04:00,8.0,8.5,8.0,8.154999732971191,7093,0.0,0.0,AIFU,1h
2025-07-29 10:30:00-04:00,8.073200225830078,8.210399627685547,8.0,8.085000038146973,5244,0.0,0.0,AIFU,1h
2025-07-29 11:30:00-04:00,8.109999656677246,8.34689998626709,8.109999656677246,8.34689998626709,869,0.0,0.0,AIFU,1h
2025-07-29 13:30:00-04:00,7.970099925994873,7.970099925994873,7.970099925994873,7.970099925994873,546,0.0,0.0,AIFU,1h
2025-07-29 14:30:00-04:00,8.34000015258789,8.34000015258789,7.949999809265137,8.119999885559082,2296,0.0,0.0,AIFU,1h
2025-07-29 15:30:00-04:00,8.069999694824219,8.109999656677246,7.980000019073486,7.980000019073486,5542,0.0,0.0,AIFU,1h
2025-07-30 09:30:00-04:00,8.050000190734863,8.204999923706055,7.645599842071533,7.739999771118164,5121,0.0,0.0,AIFU,1h
2025-07-30 10:30:00-04:00,7.869999885559082,7.869999885559082,7.869999885559082,7.869999885559082,776,0.0,0.0,AIFU,1h
2025-07-30 11:30:00-04:00,8.0,8.432299613952637,7.929999828338623,8.432299613952637,7403,0.0,0.0,AIFU,1h
2025-07-30 12:30:00-04:00,8.265000343322754,8.265000343322754,8.265000343322754,8.265000343322754,481,0.0,0.0,AIFU,1h
2025-07-30 13:30:00-04:00,8.274999618530273,8.274999618530273,7.900000095367432,7.900000095367432,3811,0.0,0.0,AIFU,1h
2025-07-30 14:30:00-04:00,7.949999809265137,7.949999809265137,7.53000020980835,7.53000020980835,10125,0.0,0.0,AIFU,1h
2025-07-30 15:30:00-04:00,7.579999923706055,7.599999904632568,7.570000171661377,7.570000171661377,2116,0.0,0.0,AIFU,1h
2025-07-31 09:30:00-04:00,7.460000038146973,8.170000076293945,7.260000228881836,7.570000171661377,7582,0.0,0.0,AIFU,1h
2025-07-31 10:30:00-04:00,7.570000171661377,7.570000171661377,7.559999942779541,7.559999942779541,540,0.0,0.0,AIFU,1h
2025-07-31 11:30:00-04:00,7.4695000648498535,7.866600036621094,7.4695000648498535,7.866600036621094,4004,0.0,0.0,AIFU,1h
2025-07-31 12:30:00-04:00,7.820000171661377,7.820000171661377,7.820000171661377,7.820000171661377,1769,0.0,0.0,AIFU,1h
2025-07-31 13:30:00-04:00,7.75,7.946199893951416,7.75,7.946199893951416,1541,0.0,0.0,AIFU,1h
2025-07-31 14:30:00-04:00,7.929999828338623,7.954999923706055,7.710000038146973,7.710000038146973,1978,0.0,0.0,AIFU,1h
2025-07-31 15:30:00-04:00,7.650000095367432,7.650000095367432,7.510000228881836,7.510000228881836,1463,0.0,0.0,AIFU,1h
2025-08-01 09:30:00-04:00,7.650000095367432,8.420000076293945,7.28000020980835,7.409999847412109,2461,0.0,0.0,AIFU,1h
2025-08-01 10:30:00-04:00,7.260000228881836,7.449999809265137,7.260000228881836,7.3520002365112305,2174,0.0,0.0,AIFU,1h
2025-08-01 11:30:00-04:00,7.301499843597412,7.301499843597412,7.119999885559082,7.132400035858154,2356,0.0,0.0,AIFU,1h
2025-08-01 12:30:00-04:00,7.074999809265137,7.074999809265137,6.920000076293945,6.920000076293945,2014,0.0,0.0,AIFU,1h
2025-08-01 13:30:00-04:00,7.049200057983398,7.147900104522705,6.929999828338623,6.929999828338623,3826,0.0,0.0,AIFU,1h
2025-08-01 14:30:00-04:00,6.704999923706055,6.820000171661377,6.704999923706055,6.816800117492676,21292,0.0,0.0,AIFU,1h
2025-08-01 15:30:00-04:00,6.889999866485596,7.039999961853027,6.889999866485596,7.010000228881836,2776,0.0,0.0,AIFU,1h
2025-08-04 09:30:00-04:00,7.010000228881836,7.845099925994873,7.010000228881836,7.239999771118164,3801,0.0,0.0,AIFU,1h
2025-08-04 10:30:00-04:00,7.466800212860107,7.466800212860107,7.466800212860107,7.466800212860107,357,0.0,0.0,AIFU,1h
2025-08-04 11:30:00-04:00,7.5346999168396,7.5346999168396,7.099999904632568,7.170000076293945,3605,0.0,0.0,AIFU,1h
2025-08-04 13:30:00-04:00,7.271200180053711,7.271200180053711,7.271200180053711,7.271200180053711,4104,0.0,0.0,AIFU,1h
2025-08-04 15:30:00-04:00,7.099999904632568,7.099999904632568,7.099999904632568,7.099999904632568,742,0.0,0.0,AIFU,1h
2025-08-05 09:30:00-04:00,7.010000228881836,7.516200065612793,7.010000228881836,7.516200065612793,1067,0.0,0.0,AIFU,1h
2025-08-05 10:30:00-04:00,7.125999927520752,7.125999927520752,7.125999927520752,7.125999927520752,926,0.0,0.0,AIFU,1h
2025-08-05 11:30:00-04:00,7.130000114440918,7.15500020980835,7.130000114440918,7.15500020980835,846,0.0,0.0,AIFU,1h
2025-08-05 12:30:00-04:00,7.15500020980835,7.15500020980835,7.130000114440918,7.130000114440918,538,0.0,0.0,AIFU,1h
2025-08-05 13:30:00-04:00,6.985000133514404,6.992000102996826,6.985000133514404,6.992000102996826,2004,0.0,0.0,AIFU,1h
2025-08-05 14:30:00-04:00,7.039999961853027,7.039999961853027,6.809999942779541,6.894999980926514,4585,0.0,0.0,AIFU,1h
2025-08-05 15:30:00-04:00,6.863800048828125,6.980000019073486,6.71999979019165,6.71999979019165,3141,0.0,0.0,AIFU,1h
2025-08-06 09:30:00-04:00,6.820000171661377,6.889999866485596,6.820000171661377,6.889999866485596,1470,0.0,0.0,AIFU,1h
2025-08-06 10:30:00-04:00,7.025000095367432,7.409999847412109,7.0,7.0,0,0.0,0.0,AIFU,1h
2025-08-06 11:30:00-04:00,7.050000190734863,7.050099849700928,7.0,7.019999980926514,12498,0.0,0.0,AIFU,1h
2025-08-06 12:30:00-04:00,6.833899974822998,6.833899974822998,6.833899974822998,6.833899974822998,1498,0.0,0.0,AIFU,1h
2025-08-06 13:30:00-04:00,7.179999828338623,7.481500148773193,7.179999828338623,7.179999828338623,2142,0.0,0.0,AIFU,1h
2025-08-06 14:30:00-04:00,7.179999828338623,7.179999828338623,7.1479997634887695,7.179999828338623,1523,0.0,0.0,AIFU,1h
2025-08-06 15:30:00-04:00,7.184999942779541,7.184999942779541,7.184999942779541,7.184999942779541,357,0.0,0.0,AIFU,1h
2025-08-07 09:30:00-04:00,7.289999961853027,7.482699871063232,7.010000228881836,7.236000061035156,5364,0.0,0.0,AIFU,1h
2025-08-07 14:30:00-04:00,7.150100231170654,7.315000057220459,7.150100231170654,7.315000057220459,1054,0.0,0.0,AIFU,1h
2025-08-07 15:30:00-04:00,7.456999778747559,7.456999778747559,7.159999847412109,7.329999923706055,1479,0.0,0.0,AIFU,1h
2025-08-08 09:30:00-04:00,7.199999809265137,7.679900169372559,7.199999809265137,7.400000095367432,979,0.0,0.0,AIFU,1h
2025-08-08 11:30:00-04:00,7.400000095367432,7.400000095367432,7.400000095367432,7.400000095367432,418,0.0,0.0,AIFU,1h
2025-08-08 12:30:00-04:00,7.230000019073486,7.230000019073486,7.199999809265137,7.199999809265137,873,0.0,0.0,AIFU,1h
2025-08-08 15:30:00-04:00,6.96999979019165,7.25,6.96999979019165,7.25,341,0.0,0.0,AIFU,1h
2025-08-11 09:30:00-04:00,7.269999980926514,7.441199779510498,6.800000190734863,7.139999866485596,15711,0.0,0.0,AIFU,1h
2025-08-11 10:30:00-04:00,7.162600040435791,7.206399917602539,6.900000095367432,7.001500129699707,4658,0.0,0.0,AIFU,1h
2025-08-11 11:30:00-04:00,7.000100135803223,7.0731000900268555,6.75,7.0731000900268555,11460,0.0,0.0,AIFU,1h
2025-08-11 12:30:00-04:00,6.934999942779541,6.934999942779541,6.934999942779541,6.934999942779541,1770,0.0,0.0,AIFU,1h
2025-08-11 13:30:00-04:00,6.599999904632568,6.824999809265137,6.599999904632568,6.824999809265137,0,0.0,0.0,AIFU,1h
2025-08-11 14:30:00-04:00,6.769999980926514,6.769999980926514,5.909999847412109,5.909999847412109,42448,0.0,0.0,AIFU,1h
2025-08-11 15:30:00-04:00,6.017000198364258,6.050000190734863,5.789999961853027,5.789999961853027,5924,0.0,0.0,AIFU,1h
2025-08-12 09:30:00-04:00,6.429999828338623,6.429999828338623,6.039999961853027,6.039999961853027,15070,0.0,0.0,AIFU,1h
2025-08-12 10:30:00-04:00,6.0100998878479,6.150000095367432,6.0100998878479,6.150000095367432,1724,0.0,0.0,AIFU,1h
2025-08-12 11:30:00-04:00,6.150000095367432,6.150000095367432,6.150000095367432,6.150000095367432,444,0.0,0.0,AIFU,1h
2025-08-12 12:30:00-04:00,6.262499809265137,6.262499809265137,6.262499809265137,6.262499809265137,785,0.0,0.0,AIFU,1h
2025-08-12 13:30:00-04:00,6.2677001953125,6.2677001953125,6.2677001953125,6.2677001953125,713,0.0,0.0,AIFU,1h
2025-08-12 15:30:00-04:00,6.264999866485596,6.264999866485596,6.264999866485596,6.264999866485596,0,0.0,0.0,AIFU,1h
2025-08-13 09:30:00-04:00,5.929999828338623,6.150000095367432,5.34499979019165,5.710000038146973,32581,0.0,0.0,AIFU,1h
2025-08-13 10:30:00-04:00,5.7270002365112305,5.789999961853027,5.480000019073486,5.550000190734863,4300,0.0,0.0,AIFU,1h
2025-08-13 11:30:00-04:00,5.965099811553955,5.965099811553955,5.840000152587891,5.840000152587891,1379,0.0,0.0,AIFU,1h
2025-08-13 12:30:00-04:00,5.513800144195557,5.513800144195557,5.513800144195557,5.513800144195557,980,0.0,0.0,AIFU,1h
2025-08-13 13:30:00-04:00,5.568900108337402,5.699999809265137,5.568900108337402,5.630099773406982,5485,0.0,0.0,AIFU,1h
2025-08-13 14:30:00-04:00,5.730000019073486,5.849999904632568,5.730000019073486,5.849999904632568,2203,0.0,0.0,AIFU,1h
2025-08-13 15:30:00-04:00,5.934999942779541,5.934999942779541,5.820000171661377,5.828999996185303,2854,0.0,0.0,AIFU,1h
2025-08-14 09:30:00-04:00,5.710000038146973,5.820000171661377,5.455999851226807,5.820000171661377,12737,0.0,0.0,AIFU,1h
2025-08-14 10:30:00-04:00,5.71560001373291,5.877399921417236,5.71560001373291,5.877399921417236,0,0.0,0.0,AIFU,1h
2025-08-14 12:30:00-04:00,5.542300224304199,5.65500020980835,5.542300224304199,5.599999904632568,19796,0.0,0.0,AIFU,1h
2025-08-14 14:30:00-04:00,5.53000020980835,5.53000020980835,5.510000228881836,5.510000228881836,3345,0.0,0.0,AIFU,1h
2025-08-14 15:30:00-04:00,5.489999771118164,5.510000228881836,5.489999771118164,5.510000228881836,570,0.0,0.0,AIFU,1h
2025-08-15 09:30:00-04:00,5.880000114440918,5.954999923706055,5.610000133514404,5.614999771118164,6218,0.0,0.0,AIFU,1h
2025-08-15 10:30:00-04:00,5.512700080871582,5.635000228881836,5.5,5.559999942779541,6016,0.0,0.0,AIFU,1h
2025-08-15 11:30:00-04:00,5.309999942779541,5.309999942779541,5.019999980926514,5.019999980926514,5140,0.0,0.0,AIFU,1h
2025-08-15 12:30:00-04:00,5.050000190734863,5.099999904632568,4.71999979019165,4.769899845123291,10526,0.0,0.0,AIFU,1h
2025-08-15 13:30:00-04:00,4.920000076293945,5.127500057220459,4.864500045776367,4.869999885559082,0,0.0,0.0,AIFU,1h
2025-08-15 14:30:00-04:00,5.048600196838379,5.048600196838379,4.869999885559082,4.869999885559082,33663,0.0,0.0,AIFU,1h
2025-08-15 15:30:00-04:00,4.953100204467773,4.953100204467773,4.920000076293945,4.920000076293945,1028,0.0,0.0,AIFU,1h
2025-08-18 09:30:00-04:00,4.840000152587891,4.869999885559082,4.651599884033203,4.739999771118164,10287,0.0,0.0,AIFU,1h
2025-08-18 10:30:00-04:00,4.800000190734863,4.920000076293945,4.775000095367432,4.920000076293945,4225,0.0,0.0,AIFU,1h
2025-08-18 11:30:00-04:00,4.920000076293945,5.185699939727783,4.869999885559082,5.185699939727783,11095,0.0,0.0,AIFU,1h
2025-08-18 12:30:00-04:00,5.265399932861328,5.265399932861328,5.010000228881836,5.010000228881836,6649,0.0,0.0,AIFU,1h
2025-08-18 14:30:00-04:00,5.019999980926514,5.019999980926514,5.019999980926514,5.019999980926514,1288,0.0,0.0,AIFU,1h
2025-08-18 15:30:00-04:00,5.03000020980835,5.039999961853027,4.909999847412109,4.909999847412109,7137,0.0,0.0,AIFU,1h
2025-08-19 09:30:00-04:00,4.949999809265137,5.03000020980835,4.800000190734863,5.03000020980835,10567,0.0,0.0,AIFU,1h
2025-08-19 11:30:00-04:00,5.090000152587891,5.195000171661377,4.909999847412109,5.045000076293945,2870,0.0,0.0,AIFU,1h
2025-08-19 12:30:00-04:00,4.961100101470947,4.99399995803833,4.961100101470947,4.982900142669678,3933,0.0,0.0,AIFU,1h
2025-08-19 13:30:00-04:00,4.849999904632568,4.909999847412109,4.789999961853027,4.885000228881836,1005,0.0,0.0,AIFU,1h
2025-08-19 14:30:00-04:00,4.90500020980835,4.90500020980835,4.90500020980835,4.90500020980835,266,0.0,0.0,AIFU,1h
2025-08-19 15:30:00-04:00,4.90500020980835,4.90500020980835,4.809999942779541,4.875,0,0.0,0.0,AIFU,1h
2025-08-20 09:30:00-04:00,4.929999828338623,4.929999828338623,4.860000133514404,4.860000133514404,0,0.0,0.0,AIFU,1h
2025-08-20 12:30:00-04:00,4.73360013961792,4.829999923706055,4.73360013961792,4.829999923706055,4600,0.0,0.0,AIFU,1h
2025-08-20 13:30:00-04:00,4.840000152587891,4.840000152587891,4.840000152587891,4.840000152587891,832,0.0,0.0,AIFU,1h
2025-08-20 14:30:00-04:00,4.900000095367432,4.920000076293945,4.864999771118164,4.920000076293945,3753,0.0,0.0,AIFU,1h
2025-08-20 15:30:00-04:00,4.920000076293945,4.96999979019165,4.920000076293945,4.96999979019165,1407,0.0,0.0,AIFU,1h
2025-08-21 09:30:00-04:00,5.010000228881836,5.010000228881836,4.71999979019165,4.949999809265137,3614,0.0,0.0,AIFU,1h
2025-08-21 11:30:00-04:00,5.039999961853027,5.039999961853027,4.96999979019165,4.96999979019165,287,0.0,0.0,AIFU,1h
2025-08-21 12:30:00-04:00,5.072400093078613,5.072400093078613,5.010000228881836,5.050000190734863,4259,0.0,0.0,AIFU,1h
2025-08-21 13:30:00-04:00,5.119999885559082,5.590000152587891,5.019999980926514,5.590000152587891,2199,0.0,0.0,AIFU,1h
2025-08-21 14:30:00-04:00,5.28000020980835,5.409999847412109,5.199999809265137,5.199999809265137,1541,0.0,0.0,AIFU,1h
2025-08-21 15:30:00-04:00,5.135000228881836,5.150000095367432,5.125,5.150000095367432,1163,0.0,0.0,AIFU,1h
2025-08-22 09:30:00-04:00,5.199999809265137,5.480000019073486,5.159999847412109,5.159999847412109,14527,0.0,0.0,AIFU,1h
2025-08-22 10:30:00-04:00,5.210000038146973,5.210000038146973,5.210000038146973,5.210000038146973,177,0.0,0.0,AIFU,1h
2025-08-22 11:30:00-04:00,5.170000076293945,5.429999828338623,5.170000076293945,5.389999866485596,10658,0.0,0.0,AIFU,1h
2025-08-22 12:30:00-04:00,5.480000019073486,5.525700092315674,5.354300022125244,5.4390997886657715,5302,0.0,0.0,AIFU,1h
2025-08-22 13:30:00-04:00,5.300000190734863,5.429999828338623,5.230000019073486,5.329999923706055,5730,0.0,0.0,AIFU,1h
2025-08-22 14:30:00-04:00,5.300000190734863,5.45989990234375,5.289999961853027,5.45989990234375,5066,0.0,0.0,AIFU,1h
2025-08-22 15:30:00-04:00,5.639999866485596,5.65500020980835,5.449999809265137,5.449999809265137,1410,0.0,0.0,AIFU,1h
2025-08-25 09:30:00-04:00,5.59499979019165,5.59499979019165,5.309999942779541,5.349999904632568,5469,0.0,0.0,AIFU,1h
2025-08-25 10:30:00-04:00,5.360000133514404,5.389999866485596,4.929999828338623,4.987299919128418,11616,0.0,0.0,AIFU,1h
2025-08-25 11:30:00-04:00,4.989999771118164,5.2967000007629395,4.989999771118164,5.190000057220459,4357,0.0,0.0,AIFU,1h
2025-08-25 12:30:00-04:00,5.099999904632568,5.200200080871582,5.050000190734863,5.200200080871582,3994,0.0,0.0,AIFU,1h
2025-08-25 13:30:00-04:00,5.056000232696533,5.132500171661377,4.960000038146973,5.010000228881836,3713,0.0,0.0,AIFU,1h
2025-08-25 14:30:00-04:00,5.050000190734863,5.15500020980835,4.949999809265137,5.15500020980835,1505,0.0,0.0,AIFU,1h
2025-08-25 15:30:00-04:00,5.050000190734863,5.190800189971924,4.800000190734863,4.800000190734863,8035,0.0,0.0,AIFU,1h
2025-08-26 09:30:00-04:00,4.875,5.090000152587891,4.875,4.895400047302246,6881,0.0,0.0,AIFU,1h
2025-08-26 10:30:00-04:00,4.811999797821045,4.811999797821045,4.811999797821045,4.811999797821045,1642,0.0,0.0,AIFU,1h
2025-08-26 11:30:00-04:00,4.829999923706055,4.864999771118164,4.829999923706055,4.864999771118164,1395,0.0,0.0,AIFU,1h
2025-08-26 12:30:00-04:00,4.880000114440918,4.880000114440918,4.809999942779541,4.809999942779541,2124,0.0,0.0,AIFU,1h
2025-08-26 13:30:00-04:00,4.860000133514404,4.880000114440918,4.860000133514404,4.869999885559082,3337,0.0,0.0,AIFU,1h
2025-08-26 14:30:00-04:00,4.880000114440918,4.880000114440918,4.880000114440918,4.880000114440918,531,0.0,0.0,AIFU,1h
2025-08-26 15:30:00-04:00,4.800000190734863,4.815000057220459,4.730000019073486,4.76800012588501,3586,0.0,0.0,AIFU,1h
2025-08-27 09:30:00-04:00,4.730000019073486,4.786600112915039,4.519999980926514,4.710000038146973,3791,0.0,0.0,AIFU,1h
2025-08-27 10:30:00-04:00,4.550000190734863,4.599999904632568,4.510000228881836,4.510000228881836,3309,0.0,0.0,AIFU,1h
2025-08-27 11:30:00-04:00,4.559999942779541,4.64139986038208,4.360000133514404,4.360000133514404,22176,0.0,0.0,AIFU,1h
2025-08-27 12:30:00-04:00,4.670000076293945,4.696000099182129,4.650000095367432,4.650000095367432,8513,0.0,0.0,AIFU,1h
2025-08-27 13:30:00-04:00,4.610000133514404,4.739999771118164,4.509300231933594,4.509300231933594,10714,0.0,0.0,AIFU,1h
2025-08-27 14:30:00-04:00,4.440000057220459,4.440000057220459,4.440000057220459,4.440000057220459,876,0.0,0.0,AIFU,1h
2025-08-27 15:30:00-04:00,4.449999809265137,4.480000019073486,4.449999809265137,4.480000019073486,0,0.0,0.0,AIFU,1h
2025-08-28 09:30:00-04:00,4.630000114440918,4.630000114440918,4.630000114440918,4.630000114440918,2283,0.0,0.0,AIFU,1h
2025-08-28 11:30:00-04:00,4.809999942779541,4.909999847412109,4.71999979019165,4.75,13166,0.0,0.0,AIFU,1h
2025-08-28 13:30:00-04:00,4.75,4.75,4.75,4.75,240,0.0,0.0,AIFU,1h
2025-08-28 14:30:00-04:00,4.572299957275391,4.572299957275391,4.572299957275391,4.572299957275391,692,0.0,0.0,AIFU,1h
2025-08-29 09:30:00-04:00,4.989999771118164,5.0,4.940000057220459,4.940000057220459,3158,0.0,0.0,AIFU,1h
2025-08-29 10:30:00-04:00,5.050000190734863,5.050000190734863,5.0,5.0,847,0.0,0.0,AIFU,1h
2025-08-29 12:30:00-04:00,4.989999771118164,5.050000190734863,4.989999771118164,5.050000190734863,2324,0.0,0.0,AIFU,1h
2025-08-29 13:30:00-04:00,5.090000152587891,5.090000152587891,5.063600063323975,5.090000152587891,1427,0.0,0.0,AIFU,1h
2025-08-29 15:30:00-04:00,4.929999828338623,5.010000228881836,4.929999828338623,4.96999979019165,1931,0.0,0.0,AIFU,1h
2025-09-02 13:30:00-04:00,4.929999828338623,5.010000228881836,4.929999828338623,4.985000133514404,6802,0.0,0.0,AIFU,1h
2025-09-02 14:30:00-04:00,4.985000133514404,5.099999904632568,4.985000133514404,5.071300029754639,6304,0.0,0.0,AIFU,1h
2025-09-03 10:30:00-04:00,5.179999828338623,5.190000057220459,5.090000152587891,5.170000076293945,2049,0.0,0.0,AIFU,1h
2025-09-03 11:30:00-04:00,5.115200042724609,5.115200042724609,5.115200042724609,5.115200042724609,1561,0.0,0.0,AIFU,1h
2025-09-03 12:30:00-04:00,5.0945000648498535,5.150000095367432,5.0945000648498535,5.150000095367432,2020,0.0,0.0,AIFU,1h
2025-09-03 15:30:00-04:00,5.210000038146973,5.210000038146973,5.210000038146973,5.210000038146973,496,0.0,0.0,AIFU,1h
2025-09-04 09:30:00-04:00,5.349999904632568,5.420000076293945,5.25,5.409999847412109,3748,0.0,0.0,AIFU,1h
2025-09-04 10:30:00-04:00,5.260000228881836,5.260000228881836,5.260000228881836,5.260000228881836,2586,0.0,0.0,AIFU,1h
2025-09-04 11:30:00-04:00,5.5,5.829999923706055,5.438899993896484,5.664999961853027,11710,0.0,0.0,AIFU,1h
2025-09-04 12:30:00-04:00,5.659999847412109,5.771399974822998,5.579999923706055,5.771399974822998,3081,0.0,0.0,AIFU,1h
2025-09-04 13:30:00-04:00,5.829999923706055,5.829999923706055,5.679999828338623,5.804999828338623,2796,0.0,0.0,AIFU,1h
2025-09-04 14:30:00-04:00,5.630000114440918,5.909999847412109,5.630000114440918,5.909999847412109,1528,0.0,0.0,AIFU,1h
2025-09-04 15:30:00-04:00,5.782800197601318,5.880000114440918,5.782800197601318,5.880000114440918,623,0.0,0.0,AIFU,1h
2025-09-05 09:30:00-04:00,5.659999847412109,5.730000019073486,5.619999885559082,5.730000019073486,5668,0.0,0.0,AIFU,1h
2025-09-05 10:30:00-04:00,5.730000019073486,5.739999771118164,5.730000019073486,5.739999771118164,1170,0.0,0.0,AIFU,1h
2025-09-05 11:30:00-04:00,5.768099784851074,5.949999809265137,5.754300117492676,5.754300117492676,3024,0.0,0.0,AIFU,1h
2025-09-05 13:30:00-04:00,5.791299819946289,5.791299819946289,5.750999927520752,5.750999927520752,416,0.0,0.0,AIFU,1h
2025-09-05 14:30:00-04:00,5.994999885559082,5.994999885559082,5.994999885559082,5.994999885559082,2500,0.0,0.0,AIFU,1h
2025-09-05 15:30:00-04:00,6.369699954986572,6.369699954986572,6.369699954986572,6.369699954986572,985,0.0,0.0,AIFU,1h
2025-09-08 09:30:00-04:00,6.329999923706055,6.980000019073486,6.329999923706055,6.800000190734863,8299,0.0,0.0,AIFU,1h
2025-09-08 10:30:00-04:00,6.783599853515625,6.783599853515625,6.699999809265137,6.699999809265137,3964,0.0,0.0,AIFU,1h
2025-09-08 11:30:00-04:00,6.769999980926514,6.960000038146973,6.679999828338623,6.679999828338623,2918,0.0,0.0,AIFU,1h
2025-09-08 12:30:00-04:00,6.400000095367432,6.670000076293945,6.400000095367432,6.670000076293945,2252,0.0,0.0,AIFU,1h
2025-09-08 13:30:00-04:00,6.570000171661377,6.579999923706055,6.489999771118164,6.579999923706055,1926,0.0,0.0,AIFU,1h
2025-09-08 14:30:00-04:00,6.739999771118164,6.739999771118164,6.420000076293945,6.420000076293945,713,0.0,0.0,AIFU,1h
2025-09-08 15:30:00-04:00,6.420000076293945,6.420000076293945,6.420000076293945,6.420000076293945,359,0.0,0.0,AIFU,1h
2025-09-09 09:30:00-04:00,6.400000095367432,6.552499771118164,6.010000228881836,6.360000133514404,11074,0.0,0.0,AIFU,1h
2025-09-09 10:30:00-04:00,6.380000114440918,6.380000114440918,6.190000057220459,6.190000057220459,1666,0.0,0.0,AIFU,1h
2025-09-09 11:30:00-04:00,6.5,6.5,6.5,6.5,470,0.0,0.0,AIFU,1h
2025-09-09 13:30:00-04:00,6.210000038146973,6.300000190734863,6.210000038146973,6.300000190734863,1114,0.0,0.0,AIFU,1h
2025-09-09 14:30:00-04:00,6.110000133514404,6.150000095367432,5.960000038146973,6.150000095367432,4643,0.0,0.0,AIFU,1h
2025-09-09 15:30:00-04:00,6.170000076293945,6.170000076293945,6.170000076293945,6.170000076293945,243,0.0,0.0,AIFU,1h
2025-09-10 09:30:00-04:00,5.949999809265137,6.25,5.7600998878479,5.940000057220459,15839,0.0,0.0,AIFU,1h
2025-09-10 10:30:00-04:00,6.079999923706055,6.079999923706055,6.079999923706055,6.079999923706055,279,0.0,0.0,AIFU,1h
2025-09-10 11:30:00-04:00,6.135000228881836,6.199999809265137,6.135000228881836,6.199999809265137,2353,0.0,0.0,AIFU,1h
2025-09-10 12:30:00-04:00,6.230000019073486,6.289999961853027,6.230000019073486,6.289999961853027,562,0.0,0.0,AIFU,1h
2025-09-10 13:30:00-04:00,6.21999979019165,6.21999979019165,6.21999979019165,6.21999979019165,444,0.0,0.0,AIFU,1h
2025-09-10 14:30:00-04:00,6.196700096130371,6.196700096130371,6.050000190734863,6.110000133514404,1564,0.0,0.0,AIFU,1h
2025-09-10 15:30:00-04:00,6.131400108337402,6.236000061035156,6.131400108337402,6.236000061035156,706,0.0,0.0,AIFU,1h
2025-09-11 09:30:00-04:00,6.0524001121521,6.0524001121521,6.0524001121521,6.0524001121521,773,0.0,0.0,AIFU,1h
2025-09-11 10:30:00-04:00,6.476799964904785,6.476799964904785,6.340000152587891,6.340000152587891,67,0.0,0.0,AIFU,1h
2025-09-11 11:30:00-04:00,6.463600158691406,6.463600158691406,6.355000019073486,6.355000019073486,1890,0.0,0.0,AIFU,1h
2025-09-11 12:30:00-04:00,6.242300033569336,6.355000019073486,6.242300033569336,6.355000019073486,1331,0.0,0.0,AIFU,1h
2025-09-11 13:30:00-04:00,6.300000190734863,6.300000190734863,6.300000190734863,6.300000190734863,709,0.0,0.0,AIFU,1h
2025-09-11 14:30:00-04:00,6.357999801635742,6.357999801635742,6.357999801635742,6.357999801635742,535,0.0,0.0,AIFU,1h
2025-09-11 15:30:00-04:00,6.389999866485596,6.420000076293945,6.275000095367432,6.420000076293945,1065,0.0,0.0,AIFU,1h
2025-09-12 09:30:00-04:00,6.476500034332275,6.559700012207031,6.099999904632568,6.239999771118164,3199,0.0,0.0,AIFU,1h
2025-09-12 11:30:00-04:00,6.289999961853027,6.409999847412109,6.239999771118164,6.289999961853027,17073,0.0,0.0,AIFU,1h
2025-09-12 12:30:00-04:00,6.4878997802734375,6.4878997802734375,6.4878997802734375,6.4878997802734375,435,0.0,0.0,AIFU,1h
2025-09-12 14:30:00-04:00,6.4303998947143555,6.4303998947143555,6.130000114440918,6.264999866485596,4843,0.0,0.0,AIFU,1h
2025-09-12 15:30:00-04:00,6.138500213623047,6.304999828338623,6.138500213623047,6.304999828338623,1041,0.0,0.0,AIFU,1h
2025-09-15 09:30:00-04:00,6.539999961853027,6.539999961853027,6.225599765777588,6.300000190734863,3942,0.0,0.0,AIFU,1h
2025-09-15 10:30:00-04:00,6.269999980926514,6.269999980926514,6.210000038146973,6.210000038146973,5140,0.0,0.0,AIFU,1h
2025-09-15 13:30:00-04:00,6.39870023727417,6.39870023727417,6.39870023727417,6.39870023727417,156,0.0,0.0,AIFU,1h
2025-09-15 14:30:00-04:00,6.170000076293945,6.170000076293945,6.170000076293945,6.170000076293945,673,0.0,0.0,AIFU,1h
2025-09-16 09:30:00-04:00,6.159999847412109,6.21999979019165,6.159999847412109,6.21999979019165,925,0.0,0.0,AIFU,1h
2025-09-16 11:30:00-04:00,6.079999923706055,6.079999923706055,5.980000019073486,5.980000019073486,1855,0.0,0.0,AIFU,1h
2025-09-16 12:30:00-04:00,5.989999771118164,6.078000068664551,5.989999771118164,6.078000068664551,598,0.0,0.0,AIFU,1h
2025-09-16 14:30:00-04:00,6.010000228881836,6.010000228881836,5.701700210571289,5.800000190734863,4733,0.0,0.0,AIFU,1h
2025-09-16 15:30:00-04:00,5.7144999504089355,5.78000020980835,5.650100231170654,5.764999866485596,5370,0.0,0.0,AIFU,1h
2025-09-17 09:30:00-04:00,5.590000152587891,6.176499843597412,5.590000152587891,5.829999923706055,7281,0.0,0.0,AIFU,1h
2025-09-17 10:30:00-04:00,5.829999923706055,5.877500057220459,5.610000133514404,5.610000133514404,1976,0.0,0.0,AIFU,1h
2025-09-17 12:30:00-04:00,6.059999942779541,6.059999942779541,5.849100112915039,5.849999904632568,953,0.0,0.0,AIFU,1h
2025-09-17 13:30:00-04:00,5.849999904632568,6.009699821472168,5.849999904632568,6.009699821472168,763,0.0,0.0,AIFU,1h
2025-09-17 14:30:00-04:00,6.019999980926514,6.019999980926514,5.929999828338623,5.949999809265137,1423,0.0,0.0,AIFU,1h
2025-09-17 15:30:00-04:00,6.002399921417236,6.002399921417236,6.002399921417236,6.002399921417236,567,0.0,0.0,AIFU,1h
2025-09-18 09:30:00-04:00,5.980000019073486,6.320000171661377,5.679999828338623,5.815000057220459,73615,0.0,0.0,AIFU,1h
2025-09-18 11:30:00-04:00,5.861299991607666,5.999899864196777,5.861299991607666,5.980000019073486,2046,0.0,0.0,AIFU,1h
2025-09-18 12:30:00-04:00,5.991300106048584,6.070000171661377,5.991300106048584,6.070000171661377,553,0.0,0.0,AIFU,1h
2025-09-18 13:30:00-04:00,6.170000076293945,6.170000076293945,6.159999847412109,6.170000076293945,564,0.0,0.0,AIFU,1h
2025-09-18 14:30:00-04:00,6.179999828338623,6.212399959564209,6.179999828338623,6.212399959564209,2717,0.0,0.0,AIFU,1h
2025-09-18 15:30:00-04:00,6.21999979019165,6.21999979019165,6.21999979019165,6.21999979019165,242,0.0,0.0,AIFU,1h
2025-09-19 09:30:00-04:00,6.46999979019165,6.545000076293945,6.400000095367432,6.44189977645874,15002,0.0,0.0,AIFU,1h
2025-09-19 10:30:00-04:00,6.639900207519531,6.639900207519531,6.380000114440918,6.380000114440918,1676,0.0,0.0,AIFU,1h
2025-09-19 11:30:00-04:00,6.380000114440918,6.380099773406982,6.179999828338623,6.179999828338623,26592,0.0,0.0,AIFU,1h
2025-09-19 12:30:00-04:00,6.400000095367432,6.400000095367432,6.059999942779541,6.119999885559082,7383,0.0,0.0,AIFU,1h
2025-09-19 13:30:00-04:00,6.050099849700928,6.230000019073486,6.050099849700928,6.230000019073486,484,0.0,0.0,AIFU,1h
2025-09-19 14:30:00-04:00,6.455399990081787,6.455399990081787,6.455399990081787,6.455399990081787,459,0.0,0.0,AIFU,1h
2025-09-19 15:30:00-04:00,6.460000038146973,6.519999980926514,6.289999961853027,6.40500020980835,4179,0.0,0.0,AIFU,1h
2025-09-22 09:30:00-04:00,6.090000152587891,6.090000152587891,6.090000152587891,6.090000152587891,779,0.0,0.0,AIFU,1h
2025-09-22 10:30:00-04:00,6.329999923706055,6.400000095367432,6.284999847412109,6.377200126647949,5136,0.0,0.0,AIFU,1h
2025-09-22 11:30:00-04:00,6.239999771118164,6.239999771118164,5.880000114440918,5.9781999588012695,61592,0.0,0.0,AIFU,1h
2025-09-22 12:30:00-04:00,5.880000114440918,5.880000114440918,5.670599937438965,5.875,6848,0.0,0.0,AIFU,1h
2025-09-22 13:30:00-04:00,5.900000095367432,5.900000095367432,5.710000038146973,5.78000020980835,3307,0.0,0.0,AIFU,1h
2025-09-22 14:30:00-04:00,5.730000019073486,5.78000020980835,5.519999980926514,5.519999980926514,3395,0.0,0.0,AIFU,1h
2025-09-22 15:30:00-04:00,5.699100017547607,5.764999866485596,5.550099849700928,5.630000114440918,4284,0.0,0.0,AIFU,1h
2025-09-23 09:30:00-04:00,5.789999961853027,5.949999809265137,5.789999961853027,5.940000057220459,12989,0.0,0.0,AIFU,1h
2025-09-23 10:30:00-04:00,6.03000020980835,6.178899765014648,6.0,6.178899765014648,3788,0.0,0.0,AIFU,1h
2025-09-23 11:30:00-04:00,6.090000152587891,6.110899925231934,6.090000152587891,6.110899925231934,2604,0.0,0.0,AIFU,1h
2025-09-23 12:30:00-04:00,6.159999847412109,6.28000020980835,6.130000114440918,6.28000020980835,2660,0.0,0.0,AIFU,1h
2025-09-23 13:30:00-04:00,6.42519998550415,6.42519998550415,6.199999809265137,6.21999979019165,15514,0.0,0.0,AIFU,1h
2025-09-23 15:30:00-04:00,6.175000190734863,6.175000190734863,6.0447998046875,6.0447998046875,1460,0.0,0.0,AIFU,1h
2025-09-24 09:30:00-04:00,6.010000228881836,6.230000019073486,5.53000020980835,5.800000190734863,13091,0.0,0.0,AIFU,1h
2025-09-24 10:30:00-04:00,5.610000133514404,5.798099994659424,5.610000133514404,5.699999809265137,1441,0.0,0.0,AIFU,1h
2025-09-24 11:30:00-04:00,5.685100078582764,5.699999809265137,5.659999847412109,5.677499771118164,7476,0.0,0.0,AIFU,1h
2025-09-24 12:30:00-04:00,5.673299789428711,5.75,5.673299789428711,5.75,406,0.0,0.0,AIFU,1h
2025-09-24 13:30:00-04:00,5.675000190734863,5.743299961090088,5.675000190734863,5.743299961090088,883,0.0,0.0,AIFU,1h
2025-09-24 14:30:00-04:00,5.739999771118164,5.75,5.679999828338623,5.739999771118164,2619,0.0,0.0,AIFU,1h
2025-09-24 15:30:00-04:00,5.710000038146973,5.710000038146973,5.710000038146973,5.710000038146973,502,0.0,0.0,AIFU,1h
2025-09-25 09:30:00-04:00,5.730000019073486,5.730000019073486,5.6975998878479,5.6975998878479,5756,0.0,0.0,AIFU,1h
2025-09-25 10:30:00-04:00,5.763000011444092,5.763000011444092,5.763000011444092,5.763000011444092,529,0.0,0.0,AIFU,1h
2025-09-25 12:30:00-04:00,5.820000171661377,5.820000171661377,5.75,5.760000228881836,1941,0.0,0.0,AIFU,1h
2025-09-25 13:30:00-04:00,5.75,5.75,5.599999904632568,5.599999904632568,1170,0.0,0.0,AIFU,1h
2025-09-25 15:30:00-04:00,5.599999904632568,5.599999904632568,5.59499979019165,5.59499979019165,735,0.0,0.0,AIFU,1h
2025-09-26 09:30:00-04:00,5.849999904632568,5.860000133514404,5.5,5.5,7069,0.0,0.0,AIFU,1h
2025-09-26 10:30:00-04:00,5.539999961853027,5.570000171661377,5.539999961853027,5.570000171661377,14278,0.0,0.0,AIFU,1h
2025-09-26 11:30:00-04:00,5.539999961853027,5.539999961853027,5.230000019073486,5.28000020980835,4734,0.0,0.0,AIFU,1h
2025-09-26 14:30:00-04:00,5.400000095367432,5.400000095367432,5.400000095367432,5.400000095367432,1001,0.0,0.0,AIFU,1h
2025-09-26 15:30:00-04:00,5.420000076293945,5.420000076293945,5.28000020980835,5.28000020980835,1645,0.0,0.0,AIFU,1h
2025-09-29 09:30:00-04:00,5.260000228881836,5.54040002822876,5.101200103759766,5.101200103759766,3154,0.0,0.0,AIFU,1h
2025-09-29 10:30:00-04:00,5.079999923706055,5.099999904632568,5.079999923706055,5.099999904632568,930,0.0,0.0,AIFU,1h
2025-09-29 11:30:00-04:00,5.050000190734863,5.050000190734863,5.050000190734863,5.050000190734863,374,0.0,0.0,AIFU,1h
2025-09-29 12:30:00-04:00,5.093299865722656,5.093299865722656,5.093299865722656,5.093299865722656,1000,0.0,0.0,AIFU,1h
2025-09-29 13:30:00-04:00,5.079999923706055,5.159999847412109,5.079999923706055,5.159999847412109,355,0.0,0.0,AIFU,1h
2025-09-29 15:30:00-04:00,5.1219000816345215,5.1219000816345215,5.1219000816345215,5.1219000816345215,150,0.0,0.0,AIFU,1h
2025-09-30 09:30:00-04:00,5.075900077819824,5.075900077819824,5.075900077819824,5.075900077819824,997,0.0,0.0,AIFU,1h
2025-09-30 10:30:00-04:00,5.25600004196167,5.28000020980835,5.170000076293945,5.170000076293945,1908,0.0,0.0,AIFU,1h
2025-09-30 11:30:00-04:00,5.170000076293945,5.170000076293945,5.170000076293945,5.170000076293945,154,0.0,0.0,AIFU,1h
2025-09-30 12:30:00-04:00,5.164999961853027,5.235000133514404,5.164999961853027,5.235000133514404,511,0.0,0.0,AIFU,1h
2025-09-30 15:30:00-04:00,5.119999885559082,5.119999885559082,5.119999885559082,5.119999885559082,105,0.0,0.0,AIFU,1h
2025-10-01 09:30:00-04:00,5.260000228881836,5.289999961853027,5.199999809265137,5.289999961853027,3510,0.0,0.0,AIFU,1h
2025-10-01 11:30:00-04:00,5.300000190734863,5.340000152587891,5.13640022277832,5.13640022277832,1258,0.0,0.0,AIFU,1h
2025-10-01 12:30:00-04:00,5.139999866485596,5.349999904632568,5.139999866485596,5.349999904632568,2844,0.0,0.0,AIFU,1h
2025-10-01 13:30:00-04:00,5.445000171661377,5.460000038146973,5.445000171661377,5.449999809265137,615,0.0,0.0,AIFU,1h
2025-10-01 14:30:00-04:00,5.440000057220459,5.460000038146973,5.440000057220459,5.449999809265137,665,0.0,0.0,AIFU,1h
2025-10-01 15:30:00-04:00,5.429999828338623,5.430099964141846,5.429999828338623,5.429999828338623,8364,0.0,0.0,AIFU,1h
2025-10-02 09:30:00-04:00,5.360000133514404,5.869999885559082,5.360000133514404,5.71999979019165,3566,0.0,0.0,AIFU,1h
2025-10-02 10:30:00-04:00,5.657199859619141,5.659999847412109,5.630000114440918,5.639999866485596,842,0.0,0.0,AIFU,1h
2025-10-02 11:30:00-04:00,5.639999866485596,5.639999866485596,5.639999866485596,5.639999866485596,607,0.0,0.0,AIFU,1h
2025-10-02 14:30:00-04:00,5.53000020980835,5.53000020980835,5.53000020980835,5.53000020980835,1171,0.0,0.0,AIFU,1h
2025-10-03 09:30:00-04:00,5.5625,5.5625,5.559999942779541,5.559999942779541,1573,0.0,0.0,AIFU,1h
2025-10-03 10:30:00-04:00,5.559999942779541,5.659999847412109,5.559999942779541,5.659999847412109,1793,0.0,0.0,AIFU,1h
2025-10-03 11:30:00-04:00,5.650000095367432,5.869999885559082,5.570000171661377,5.809999942779541,4018,0.0,0.0,AIFU,1h
2025-10-03 12:30:00-04:00,5.773799896240234,5.784299850463867,5.773799896240234,5.784299850463867,984,0.0,0.0,AIFU,1h
2025-10-03 14:30:00-04:00,5.664999961853027,5.664999961853027,5.519999980926514,5.532100200653076,2876,0.0,0.0,AIFU,1h
2025-10-06 10:30:00-04:00,5.570000171661377,5.570000171661377,5.4319000244140625,5.489999771118164,9595,0.0,0.0,AIFU,1h
2025-10-06 12:30:00-04:00,5.590000152587891,5.590000152587891,5.590000152587891,5.590000152587891,575,0.0,0.0,AIFU,1h
2025-10-06 13:30:00-04:00,5.599999904632568,5.599999904632568,5.599999904632568,5.599999904632568,180,0.0,0.0,AIFU,1h
2025-10-06 14:30:00-04:00,5.574999809265137,5.619999885559082,5.574999809265137,5.619999885559082,658,0.0,0.0,AIFU,1h
2025-10-06 15:30:00-04:00,5.599999904632568,5.599999904632568,5.599999904632568,5.599999904632568,246,0.0,0.0,AIFU,1h
2025-10-07 09:30:00-04:00,5.71999979019165,5.71999979019165,5.539999961853027,5.539999961853027,1335,0.0,0.0,AIFU,1h
2025-10-07 10:30:00-04:00,5.575300216674805,5.679999828338623,5.575300216674805,5.679999828338623,2706,0.0,0.0,AIFU,1h
2025-10-07 11:30:00-04:00,5.679999828338623,5.679999828338623,5.449999809265137,5.449999809265137,2667,0.0,0.0,AIFU,1h
2025-10-07 12:30:00-04:00,5.389999866485596,5.579999923706055,5.380000114440918,5.380000114440918,17556,0.0,0.0,AIFU,1h
2025-10-07 13:30:00-04:00,5.5,5.5,5.5,5.5,0,0.0,0.0,AIFU,1h
2025-10-07 15:30:00-04:00,5.380000114440918,5.380000114440918,5.380000114440918,5.380000114440918,117,0.0,0.0,AIFU,1h
2025-10-08 09:30:00-04:00,5.369999885559082,5.389999866485596,5.340000152587891,5.340000152587891,4384,0.0,0.0,AIFU,1h
2025-10-08 10:30:00-04:00,5.287499904632568,5.287499904632568,5.25,5.25,444,0.0,0.0,AIFU,1h
2025-10-08 11:30:00-04:00,5.385000228881836,5.385000228881836,5.360000133514404,5.360000133514404,1531,0.0,0.0,AIFU,1h
2025-10-08 13:30:00-04:00,5.480000019073486,5.480000019073486,5.480000019073486,5.480000019073486,139,0.0,0.0,AIFU,1h
2025-10-09 10:30:00-04:00,5.699999809265137,5.699999809265137,5.699999809265137,5.699999809265137,272,0.0,0.0,AIFU,1h
2025-10-09 11:30:00-04:00,5.599999904632568,5.639999866485596,5.400000095367432,5.639999866485596,2972,0.0,0.0,AIFU,1h
2025-10-09 13:30:00-04:00,5.424499988555908,5.610000133514404,5.424499988555908,5.610000133514404,596,0.0,0.0,AIFU,1h
2025-10-09 15:30:00-04:00,5.510000228881836,5.510000228881836,5.510000228881836,5.510000228881836,873,0.0,0.0,AIFU,1h
2025-10-10 10:30:00-04:00,5.5,5.610000133514404,5.199999809265137,5.199999809265137,3884,0.0,0.0,AIFU,1h
2025-10-10 11:30:00-04:00,5.199999809265137,5.53000020980835,5.199999809265137,5.53000020980835,331,0.0,0.0,AIFU,1h
2025-10-10 12:30:00-04:00,5.209099769592285,5.209099769592285,5.209099769592285,5.209099769592285,2457,0.0,0.0,AIFU,1h
2025-10-10 13:30:00-04:00,5.21999979019165,5.21999979019165,5.159999847412109,5.159999847412109,2089,0.0,0.0,AIFU,1h
2025-10-10 15:30:00-04:00,5.03000020980835,5.03000020980835,5.0,5.0,644,0.0,0.0,AIFU,1h
2025-10-13 09:30:00-04:00,5.090000152587891,5.090000152587891,5.0,5.0,1293,0.0,0.0,AIFU,1h
2025-10-13 10:30:00-04:00,4.900000095367432,4.900000095367432,4.900000095367432,4.900000095367432,761,0.0,0.0,AIFU,1h
2025-10-13 12:30:00-04:00,4.579999923706055,4.579999923706055,4.579999923706055,4.579999923706055,3816,0.0,0.0,AIFU,1h
2025-10-13 13:30:00-04:00,4.619999885559082,4.619999885559082,4.400100231170654,4.401000022888184,4280,0.0,0.0,AIFU,1h
2025-10-13 14:30:00-04:00,4.517000198364258,4.517000198364258,4.517000198364258,4.517000198364258,128,0.0,0.0,AIFU,1h
2025-10-13 15:30:00-04:00,4.40500020980835,4.550000190734863,4.40500020980835,4.460000038146973,3655,0.0,0.0,AIFU,1h
2025-10-14 09:30:00-04:00,4.489999771118164,4.670000076293945,4.445000171661377,4.445000171661377,3603,0.0,0.0,AIFU,1h
2025-10-14 10:30:00-04:00,4.423500061035156,4.480599880218506,4.423500061035156,4.46999979019165,908,0.0,0.0,AIFU,1h
2025-10-14 11:30:00-04:00,4.340000152587891,4.340000152587891,4.28000020980835,4.28000020980835,2813,0.0,0.0,AIFU,1h
2025-10-14 12:30:00-04:00,4.480000019073486,4.800000190734863,4.46999979019165,4.800000190734863,6641,0.0,0.0,AIFU,1h
2025-10-14 14:30:00-04:00,4.460000038146973,4.460000038146973,4.460000038146973,4.460000038146973,567,0.0,0.0,AIFU,1h
2025-10-14 15:30:00-04:00,4.21999979019165,4.402500152587891,4.21999979019165,4.402500152587891,525,0.0,0.0,AIFU,1h
2025-10-15 09:30:00-04:00,4.75,4.75,4.512800216674805,4.512800216674805,1475,0.0,0.0,AIFU,1h
2025-10-15 10:30:00-04:00,4.570000171661377,4.570000171661377,4.570000171661377,4.570000171661377,651,0.0,0.0,AIFU,1h
2025-10-15 11:30:00-04:00,4.599999904632568,4.599999904632568,4.329999923706055,4.449999809265137,939,0.0,0.0,AIFU,1h
2025-10-15 14:30:00-04:00,4.542900085449219,4.573599815368652,4.542900085449219,4.573599815368652,343,0.0,0.0,AIFU,1h
2025-10-16 11:30:00-04:00,4.5,4.5,4.5,4.5,521,0.0,0.0,AIFU,1h
2025-10-16 12:30:00-04:00,4.400000095367432,4.400000095367432,4.400000095367432,4.400000095367432,1138,0.0,0.0,AIFU,1h
2025-10-17 09:30:00-04:00,4.454999923706055,4.454999923706055,4.190000057220459,4.190000057220459,69896,0.0,0.0,AIFU,1h
2025-10-17 10:30:00-04:00,4.179999828338623,4.28000020980835,4.05049991607666,4.0746002197265625,2649,0.0,0.0,AIFU,1h
2025-10-17 11:30:00-04:00,4.300000190734863,4.300000190734863,4.300000190734863,4.300000190734863,105,0.0,0.0,AIFU,1h
2025-10-17 12:30:00-04:00,4.210000038146973,4.210000038146973,4.099999904632568,4.150000095367432,4365,0.0,0.0,AIFU,1h
2025-10-17 13:30:00-04:00,4.130499839782715,4.130499839782715,4.130499839782715,4.130499839782715,174,0.0,0.0,AIFU,1h
2025-10-17 14:30:00-04:00,4.242499828338623,4.302700042724609,4.242499828338623,4.302700042724609,474,0.0,0.0,AIFU,1h
2025-10-20 09:30:00-04:00,4.159999847412109,4.159999847412109,4.065199851989746,4.065199851989746,3287,0.0,0.0,AIFU,1h
2025-10-20 11:30:00-04:00,4.2866997718811035,4.300000190734863,4.230000019073486,4.239999771118164,807,0.0,0.0,AIFU,1h
2025-10-20 14:30:00-04:00,4.042799949645996,4.190000057220459,4.042799949645996,4.190000057220459,4990,0.0,0.0,AIFU,1h
2025-10-20 15:30:00-04:00,4.099999904632568,4.099999904632568,4.099999904632568,4.099999904632568,529,0.0,0.0,AIFU,1h
2025-10-21 09:30:00-04:00,4.309999942779541,4.389999866485596,4.309999942779541,4.389999866485596,4045,0.0,0.0,AIFU,1h
2025-10-21 10:30:00-04:00,4.389999866485596,4.510499954223633,4.389999866485596,4.510499954223633,773,0.0,0.0,AIFU,1h
2025-10-21 11:30:00-04:00,4.510000228881836,4.596799850463867,4.510000228881836,4.596799850463867,150,0.0,0.0,AIFU,1h
2025-10-21 12:30:00-04:00,4.590000152587891,4.590000152587891,4.590000152587891,4.590000152587891,1258,0.0,0.0,AIFU,1h
2025-10-21 13:30:00-04:00,4.599999904632568,4.599999904632568,4.574999809265137,4.574999809265137,500,0.0,0.0,AIFU,1h
2025-10-21 14:30:00-04:00,4.56850004196167,4.769999980926514,4.56850004196167,4.71560001373291,4281,0.0,0.0,AIFU,1h
2025-10-21 15:30:00-04:00,4.710000038146973,4.710000038146973,4.610000133514404,4.610000133514404,1223,0.0,0.0,AIFU,1h
2025-10-22 09:30:00-04:00,4.670000076293945,4.670000076293945,4.670000076293945,4.670000076293945,326,0.0,0.0,AIFU,1h
2025-10-22 10:30:00-04:00,4.704999923706055,4.78000020980835,4.619999885559082,4.78000020980835,828,0.0,0.0,AIFU,1h
2025-10-22 11:30:00-04:00,4.789999961853027,4.789999961853027,4.789999961853027,4.789999961853027,380,0.0,0.0,AIFU,1h
2025-10-22 12:30:00-04:00,4.922500133514404,4.922500133514404,4.922500133514404,4.922500133514404,756,0.0,0.0,AIFU,1h
2025-10-22 13:30:00-04:00,4.769999980926514,4.869999885559082,4.769999980926514,4.869999885559082,370,0.0,0.0,AIFU,1h
2025-10-22 14:30:00-04:00,4.760000228881836,4.889999866485596,4.760000228881836,4.889999866485596,2521,0.0,0.0,AIFU,1h
2025-10-22 15:30:00-04:00,4.849999904632568,4.849999904632568,4.849999904632568,4.849999904632568,803,0.0,0.0,AIFU,1h
2025-10-23 10:30:00-04:00,5.380000114440918,5.380000114440918,5.179999828338623,5.179999828338623,690,0.0,0.0,AIFU,1h
2025-10-23 12:30:00-04:00,4.860000133514404,4.860000133514404,4.860000133514404,4.860000133514404,249,0.0,0.0,AIFU,1h
2025-10-23 14:30:00-04:00,4.889999866485596,4.889999866485596,4.889999866485596,4.889999866485596,352,0.0,0.0,AIFU,1h
2025-10-23 15:30:00-04:00,4.960000038146973,4.960000038146973,4.960000038146973,4.960000038146973,130,0.0,0.0,AIFU,1h
2025-10-24 09:30:00-04:00,4.849999904632568,5.150000095367432,4.789999961853027,4.869999885559082,3462,0.0,0.0,AIFU,1h
2025-10-24 10:30:00-04:00,5.010000228881836,5.099999904632568,5.010000228881836,5.034999847412109,435,0.0,0.0,AIFU,1h
2025-10-24 11:30:00-04:00,4.909999847412109,4.909999847412109,4.909999847412109,4.909999847412109,235,0.0,0.0,AIFU,1h
2025-10-24 15:30:00-04:00,4.789999961853027,4.820000171661377,4.789999961853027,4.820000171661377,628,0.0,0.0,AIFU,1h
2025-10-27 09:30:00-04:00,4.980000019073486,5.550000190734863,4.980000019073486,5.099999904632568,1622,0.0,0.0,AIFU,1h
2025-10-27 10:30:00-04:00,5.110899925231934,5.299900054931641,5.110899925231934,5.260000228881836,1936,0.0,0.0,AIFU,1h
2025-10-27 13:30:00-04:00,5.159999847412109,5.164999961853027,5.0,5.0,3294,0.0,0.0,AIFU,1h
2025-10-27 14:30:00-04:00,5.150000095367432,5.150000095367432,5.079999923706055,5.150000095367432,2442,0.0,0.0,AIFU,1h
2025-10-27 15:30:00-04:00,5.079999923706055,5.079999923706055,5.079999923706055,5.079999923706055,244,0.0,0.0,AIFU,1h
2025-10-28 09:30:00-04:00,5.150000095367432,5.396200180053711,5.150000095367432,5.25,2307,0.0,0.0,AIFU,1h
2025-10-28 11:30:00-04:00,5.25,5.25,5.200099945068359,5.200099945068359,479,0.0,0.0,AIFU,1h
2025-10-28 12:30:00-04:00,5.200900077819824,5.200900077819824,5.200900077819824,5.200900077819824,293,0.0,0.0,AIFU,1h
2025-10-28 13:30:00-04:00,5.349999904632568,5.349999904632568,5.199999809265137,5.199999809265137,1024,0.0,0.0,AIFU,1h
2025-10-28 14:30:00-04:00,5.273900032043457,5.273900032043457,5.273900032043457,5.273900032043457,227,0.0,0.0,AIFU,1h
2025-10-28 15:30:00-04:00,5.21999979019165,5.21999979019165,5.199999809265137,5.199999809265137,1118,0.0,0.0,AIFU,1h
2025-10-29 09:30:00-04:00,4.900000095367432,4.949999809265137,4.800000190734863,4.809999942779541,4721,0.0,0.0,AIFU,1h
2025-10-29 10:30:00-04:00,4.809999942779541,5.099999904632568,4.809999942779541,5.0,3660,0.0,0.0,AIFU,1h
2025-10-29 11:30:00-04:00,4.949999809265137,4.989999771118164,4.800000190734863,4.800000190734863,2351,0.0,0.0,AIFU,1h
2025-10-29 12:30:00-04:00,4.821599960327148,4.829999923706055,4.821599960327148,4.829999923706055,905,0.0,0.0,AIFU,1h
2025-10-29 13:30:00-04:00,4.71999979019165,4.71999979019165,4.71999979019165,4.71999979019165,1098,0.0,0.0,AIFU,1h
2025-10-29 15:30:00-04:00,4.699999809265137,4.71999979019165,4.699999809265137,4.71999979019165,898,0.0,0.0,AIFU,1h
2025-10-30 09:30:00-04:00,4.730000019073486,4.730000019073486,4.33519983291626,4.33519983291626,1419,0.0,0.0,AIFU,1h
2025-10-30 11:30:00-04:00,4.510000228881836,4.510000228881836,4.300000190734863,4.300000190734863,3050,0.0,0.0,AIFU,1h
2025-10-30 12:30:00-04:00,4.289999961853027,4.289999961853027,4.21999979019165,4.21999979019165,435,0.0,0.0,AIFU,1h
2025-10-31 09:30:00-04:00,4.480000019073486,4.480000019073486,4.230000019073486,4.373499870300293,2294,0.0,0.0,AIFU,1h
2025-10-31 14:30:00-04:00,4.393799781799316,4.393799781799316,4.393799781799316,4.393799781799316,260,0.0,0.0,AIFU,1h
2025-11-03 09:30:00-05:00,4.494500160217285,4.494500160217285,4.480199813842773,4.480199813842773,480,0.0,0.0,AIFU,1h
2025-11-04 09:30:00-05:00,4.46999979019165,4.5,4.340000152587891,4.5,826,0.0,0.0,AIFU,1h
2025-11-04 15:30:00-05:00,4.299200057983398,4.299200057983398,4.299200057983398,4.299200057983398,101,0.0,0.0,AIFU,1h
2025-11-05 10:30:00-05:00,4.300000190734863,4.300000190734863,4.300000190734863,4.300000190734863,429,0.0,0.0,AIFU,1h
2025-11-05 13:30:00-05:00,4.292699813842773,4.292699813842773,4.292699813842773,4.292699813842773,547,0.0,0.0,AIFU,1h
2025-11-06 09:30:00-05:00,4.315000057220459,4.315000057220459,4.315000057220459,4.315000057220459,302,0.0,0.0,AIFU,1h
2025-11-06 11:30:00-05:00,4.099999904632568,4.099999904632568,4.0,4.054999828338623,371,0.0,0.0,AIFU,1h
2025-11-06 13:30:00-05:00,4.079999923706055,4.195000171661377,4.079999923706055,4.195000171661377,663,0.0,0.0,AIFU,1h
2025-11-06 14:30:00-05:00,4.110000133514404,4.110000133514404,4.110000133514404,4.110000133514404,1055,0.0,0.0,AIFU,1h
2025-11-07 09:30:00-05:00,4.0,4.0,3.75,3.75,2283,0.0,0.0,AIFU,1h
2025-11-07 10:30:00-05:00,3.979599952697754,3.9990999698638916,3.799999952316284,3.799999952316284,1289,0.0,0.0,AIFU,1h
2025-11-07 11:30:00-05:00,3.967900037765503,3.967900037765503,3.818000078201294,3.8889999389648438,1235,0.0,0.0,AIFU,1h
2025-11-07 14:30:00-05:00,3.8949999809265137,3.8949999809265137,3.8949999809265137,3.8949999809265137,258,0.0,0.0,AIFU,1h
2025-11-07 15:30:00-05:00,3.8949999809265137,4.0,3.884500026702881,3.884500026702881,1658,0.0,0.0,AIFU,1h
2025-11-10 09:30:00-05:00,4.03000020980835,4.03000020980835,4.0,4.0,872,0.0,0.0,AIFU,1h
2025-11-10 10:30:00-05:00,4.199999809265137,4.449999809265137,4.199999809265137,4.28000020980835,2432,0.0,0.0,AIFU,1h
2025-11-11 09:30:00-05:00,4.034999847412109,4.034999847412109,4.034999847412109,4.034999847412109,369,0.0,0.0,AIFU,1h
2025-11-12 12:30:00-05:00,3.7899999618530273,3.808000087738037,3.7899999618530273,3.808000087738037,1162,0.0,0.0,AIFU,1h
2025-11-12 13:30:00-05:00,3.849900007247925,3.849900007247925,3.849900007247925,3.849900007247925,609,0.0,0.0,AIFU,1h
2025-11-12 14:30:00-05:00,4.019899845123291,4.019899845123291,4.019899845123291,4.019899845123291,117,0.0,0.0,AIFU,1h
2025-11-12 15:30:00-05:00,4.0,4.0,4.0,4.0,289,0.0,0.0,AIFU,1h
2025-11-13 09:30:00-05:00,4.0,4.0,4.0,4.0,316,0.0,0.0,AIFU,1h
2025-11-14 11:30:00-05:00,3.799999952316284,3.8949999809265137,3.799999952316284,3.8949999809265137,1176,0.0,0.0,AIFU,1h
2025-11-17 10:30:00-05:00,4.065000057220459,4.260000228881836,3.8301000595092773,4.019999980926514,1466,0.0,0.0,AIFU,1h
2025-11-17 14:30:00-05:00,3.8499999046325684,3.8499999046325684,3.8499999046325684,3.8499999046325684,215,0.0,0.0,AIFU,1h
2025-11-18 09:30:00-05:00,3.8299999237060547,3.8299999237060547,3.8299999237060547,3.8299999237060547,470,0.0,0.0,AIFU,1h
2025-11-18 10:30:00-05:00,3.8399999141693115,3.8399999141693115,3.8399999141693115,3.8399999141693115,208,0.0,0.0,AIFU,1h
2025-11-18 15:30:00-05:00,3.9000000953674316,4.400000095367432,3.9000000953674316,4.042099952697754,4339,0.0,0.0,AIFU,1h
2025-11-19 09:30:00-05:00,3.9700000286102295,3.9700000286102295,3.9700000286102295,3.9700000286102295,8251,0.0,0.0,AIFU,1h
2025-11-19 11:30:00-05:00,3.934999942779541,3.9600000381469727,3.819999933242798,3.9000000953674316,4311,0.0,0.0,AIFU,1h
2025-11-19 14:30:00-05:00,3.799999952316284,3.799999952316284,3.7899999618530273,3.7899999618530273,677,0.0,0.0,AIFU,1h
2025-11-20 09:30:00-05:00,3.509999990463257,3.583199977874756,3.430000066757202,3.430000066757202,2727,0.0,0.0,AIFU,1h
2025-11-20 10:30:00-05:00,3.3677000999450684,3.6770999431610107,3.3499999046325684,3.6770999431610107,3500,0.0,0.0,AIFU,1h
2025-11-21 09:30:00-05:00,3.2699999809265137,3.408400058746338,3.2699999809265137,3.3259999752044678,1427,0.0,0.0,AIFU,1h
2025-11-21 10:30:00-05:00,3.375,3.375,3.375,3.375,226,0.0,0.0,AIFU,1h
2025-11-21 11:30:00-05:00,3.375,3.375,3.375,3.375,100,0.0,0.0,AIFU,1h
2025-11-21 12:30:00-05:00,3.367799997329712,3.375,3.367799997329712,3.375,438,0.0,0.0,AIFU,1h
2025-11-21 15:30:00-05:00,3.3299999237060547,3.3299999237060547,3.299999952316284,3.299999952316284,548,0.0,0.0,AIFU,1h
2025-11-24 14:30:00-05:00,3.109999895095825,3.109999895095825,2.799999952316284,2.799999952316284,1924,0.0,0.0,AIFU,1h
2025-11-24 15:30:00-05:00,2.7100000381469727,2.7200000286102295,2.680000066757202,2.680000066757202,1150,0.0,0.0,AIFU,1h
2025-11-25 09:30:00-05:00,2.759999990463257,2.950000047683716,2.759999990463257,2.876199960708618,10474,0.0,0.0,AIFU,1h
2025-11-25 10:30:00-05:00,2.9200000762939453,2.930000066757202,2.9200000762939453,2.930000066757202,4171,0.0,0.0,AIFU,1h
2025-11-25 14:30:00-05:00,2.879699945449829,2.880000114440918,2.869999885559082,2.880000114440918,522,0.0,0.0,AIFU,1h
2025-11-26 09:30:00-05:00,2.940000057220459,2.940000057220459,2.940000057220459,2.940000057220459,171,0.0,0.0,AIFU,1h
2025-11-26 12:30:00-05:00,2.9725000858306885,2.9725000858306885,2.9725000858306885,2.9725000858306885,168,0.0,0.0,AIFU,1h
2025-11-28 09:30:00-05:00,3.0,3.0,3.0,3.0,362,0.0,0.0,AIFU,1h
2025-11-28 10:30:00-05:00,2.950000047683716,2.950000047683716,2.950000047683716,2.950000047683716,296,0.0,0.0,AIFU,1h
2025-12-01 09:30:00-05:00,2.950000047683716,2.950000047683716,2.950000047683716,2.950000047683716,554,0.0,0.0,AIFU,1h
2025-12-01 13:30:00-05:00,2.7899999618530273,2.7899999618530273,2.5999999046325684,2.5999999046325684,1041,0.0,0.0,AIFU,1h
2025-12-01 14:30:00-05:00,2.6500000953674316,2.6500000953674316,2.6500000953674316,2.6500000953674316,124,0.0,0.0,AIFU,1h
2025-12-01 15:30:00-05:00,2.6700000762939453,2.6700000762939453,2.6600000858306885,2.6600000858306885,609,0.0,0.0,AIFU,1h
2025-12-03 10:30:00-05:00,2.75,2.75,2.75,2.75,1876,0.0,0.0,AIFU,1h
2025-12-03 11:30:00-05:00,2.680000066757202,2.680000066757202,2.6700000762939453,2.6700000762939453,3224,0.0,0.0,AIFU,1h
2025-12-03 13:30:00-05:00,2.7081000804901123,2.7081000804901123,2.7081000804901123,2.7081000804901123,393,0.0,0.0,AIFU,1h
2025-12-04 09:30:00-05:00,2.880000114440918,2.880000114440918,2.7725000381469727,2.7725000381469727,1683,0.0,0.0,AIFU,1h
2025-12-04 10:30:00-05:00,2.7699999809265137,2.7799999713897705,2.759999990463257,2.759999990463257,359,0.0,0.0,AIFU,1h
2025-12-04 14:30:00-05:00,2.759999990463257,2.809999942779541,2.759999990463257,2.809999942779541,1183,0.0,0.0,AIFU,1h
2025-12-04 15:30:00-05:00,2.799999952316284,2.809999942779541,2.799999952316284,2.809999942779541,437,0.0,0.0,AIFU,1h
2025-12-05 09:30:00-05:00,2.8299999237060547,2.8299999237060547,2.8299999237060547,2.8299999237060547,267,0.0,0.0,AIFU,1h
2025-12-05 11:30:00-05:00,2.799999952316284,2.799999952316284,2.760200023651123,2.760200023651123,1247,0.0,0.0,AIFU,1h
2025-12-08 15:30:00-05:00,2.890000104904175,2.9000000953674316,2.890000104904175,2.9000000953674316,1347,0.0,0.0,AIFU,1h
2025-12-09 09:30:00-05:00,2.9000000953674316,2.9100000858306885,2.9000000953674316,2.9100000858306885,768,0.0,0.0,AIFU,1h
2025-12-09 10:30:00-05:00,2.9100000858306885,2.9100000858306885,2.9100000858306885,2.9100000858306885,34,0.0,0.0,AIFU,1h
2025-12-09 11:30:00-05:00,2.9100000858306885,2.9800000190734863,2.9100000858306885,2.9800000190734863,2379,0.0,0.0,AIFU,1h
2025-12-09 12:30:00-05:00,2.9800000190734863,2.9800000190734863,2.9800000190734863,2.9800000190734863,20,0.0,0.0,AIFU,1h
2025-12-09 13:30:00-05:00,2.9800000190734863,2.9800000190734863,2.9800000190734863,2.9800000190734863,13,0.0,0.0,AIFU,1h
2025-12-09 14:30:00-05:00,2.9800000190734863,2.9800000190734863,2.9800000190734863,2.9800000190734863,6,0.0,0.0,AIFU,1h
2025-12-09 15:30:00-05:00,2.9800000190734863,3.0,2.9000000953674316,3.0,267,0.0,0.0,AIFU,1h
2025-12-10 10:30:00-05:00,3.069999933242798,3.069999933242798,3.069999933242798,3.069999933242798,299,0.0,0.0,AIFU,1h
2025-12-10 13:30:00-05:00,3.059999942779541,3.059999942779541,3.059999942779541,3.059999942779541,770,0.0,0.0,AIFU,1h
2025-12-10 14:30:00-05:00,3.049499988555908,3.049499988555908,3.049499988555908,3.049499988555908,705,0.0,0.0,AIFU,1h
2025-12-11 09:30:00-05:00,3.0,3.009999990463257,3.0,3.009999990463257,1168,0.0,0.0,AIFU,1h
2025-12-12 10:30:00-05:00,3.059999942779541,3.059999942779541,3.059999942779541,3.059999942779541,319,0.0,0.0,AIFU,1h
2025-12-12 13:30:00-05:00,3.126199960708618,3.127000093460083,3.126199960708618,3.127000093460083,411,0.0,0.0,AIFU,1h
2025-12-12 15:30:00-05:00,3.109999895095825,3.140000104904175,3.109999895095825,3.140000104904175,511,0.0,0.0,AIFU,1h
2025-12-15 09:30:00-05:00,3.140000104904175,3.140000104904175,3.140000104904175,3.140000104904175,928,0.0,0.0,AIFU,1h
2025-12-15 10:30:00-05:00,2.9600000381469727,3.060800075531006,2.9600000381469727,3.060800075531006,1201,0.0,0.0,AIFU,1h
2025-12-15 14:30:00-05:00,2.8201000690460205,2.8201000690460205,2.8201000690460205,2.8201000690460205,266,0.0,0.0,AIFU,1h
2025-12-15 15:30:00-05:00,2.9769999980926514,2.9769999980926514,2.9769999980926514,2.9769999980926514,361,0.0,0.0,AIFU,1h
2025-12-16 09:30:00-05:00,2.9800000190734863,3.1600000858306885,2.9800000190734863,3.1600000858306885,651,0.0,0.0,AIFU,1h
2025-12-16 10:30:00-05:00,3.0999999046325684,3.0999999046325684,3.0999999046325684,3.0999999046325684,435,0.0,0.0,AIFU,1h
2025-12-16 12:30:00-05:00,2.9189999103546143,2.9189999103546143,2.9189999103546143,2.9189999103546143,1233,0.0,0.0,AIFU,1h
2025-12-17 09:30:00-05:00,2.880000114440918,2.880000114440918,2.4100000858306885,2.8629000186920166,1317,0.0,0.0,AIFU,1h
2025-12-17 12:30:00-05:00,2.700000047683716,2.700000047683716,2.700000047683716,2.700000047683716,439,0.0,0.0,AIFU,1h
2025-12-17 14:30:00-05:00,2.420099973678589,2.575000047683716,2.420099973678589,2.444999933242798,2424,0.0,0.0,AIFU,1h
2025-12-17 15:30:00-05:00,2.482599973678589,2.531100034713745,2.482599973678589,2.531100034713745,2004,0.0,0.0,AIFU,1h
2025-12-18 09:30:00-05:00,2.651599884033203,2.880000114440918,2.651599884033203,2.750699996948242,5317,0.0,0.0,AIFU,1h
2025-12-18 10:30:00-05:00,2.869999885559082,2.890000104904175,2.869999885559082,2.880000114440918,833,0.0,0.0,AIFU,1h
2025-12-18 11:30:00-05:00,2.86680006980896,2.86680006980896,2.86680006980896,2.86680006980896,1066,0.0,0.0,AIFU,1h
2025-12-18 12:30:00-05:00,2.7699999809265137,2.825000047683716,2.7699999809265137,2.825000047683716,895,0.0,0.0,AIFU,1h
2025-12-18 14:30:00-05:00,2.8598999977111816,2.8598999977111816,2.8598999977111816,2.8598999977111816,1401,0.0,0.0,AIFU,1h
2025-12-18 15:30:00-05:00,2.775399923324585,2.775399923324585,2.775399923324585,2.775399923324585,1051,0.0,0.0,AIFU,1h
2025-12-19 10:30:00-05:00,2.759999990463257,2.759999990463257,2.759999990463257,2.759999990463257,886,0.0,0.0,AIFU,1h
2025-12-19 14:30:00-05:00,2.8320000171661377,2.8320000171661377,2.8320000171661377,2.8320000171661377,318,0.0,0.0,AIFU,1h
2025-12-19 15:30:00-05:00,2.859999895095825,2.880000114440918,2.690000057220459,2.690000057220459,7778,0.0,0.0,AIFU,1h
2025-12-22 09:30:00-05:00,2.4800000190734863,2.7667999267578125,2.4800000190734863,2.7667999267578125,6448,0.0,0.0,AIFU,1h
2025-12-22 10:30:00-05:00,2.745300054550171,2.750999927520752,2.6549999713897705,2.6600000858306885,2643,0.0,0.0,AIFU,1h
2025-12-22 12:30:00-05:00,2.625,2.700000047683716,2.625,2.700000047683716,1033,0.0,0.0,AIFU,1h
2025-12-22 13:30:00-05:00,2.5299999713897705,2.5299999713897705,2.490000009536743,2.490000009536743,455,0.0,0.0,AIFU,1h
2025-12-22 14:30:00-05:00,2.5450000762939453,2.5450000762939453,2.5450000762939453,2.5450000762939453,648,0.0,0.0,AIFU,1h
2025-12-22 15:30:00-05:00,2.5899999141693115,2.619999885559082,2.5899999141693115,2.619999885559082,1184,0.0,0.0,AIFU,1h
2025-12-23 09:30:00-05:00,2.5899999141693115,2.6963000297546387,2.5899999141693115,2.6963000297546387,495,0.0,0.0,AIFU,1h
2025-12-23 10:30:00-05:00,2.694999933242798,2.694999933242798,2.5299999713897705,2.5399999618530273,4302,0.0,0.0,AIFU,1h
2025-12-23 11:30:00-05:00,2.5339999198913574,2.5339999198913574,2.5,2.5,402,0.0,0.0,AIFU,1h
2025-12-23 12:30:00-05:00,2.5824999809265137,2.5824999809265137,2.5824999809265137,2.5824999809265137,502,0.0,0.0,AIFU,1h
2025-12-23 13:30:00-05:00,2.5250000953674316,2.5250000953674316,2.5250000953674316,2.5250000953674316,613,0.0,0.0,AIFU,1h
2025-12-24 09:30:00-05:00,2.5199999809265137,2.5899999141693115,2.4900999069213867,2.5450000762939453,4323,0.0,0.0,AIFU,1h
2025-12-24 10:30:00-05:00,2.549999952316284,2.7699999809265137,2.5399999618530273,2.700000047683716,12111,0.0,0.0,AIFU,1h
2025-12-24 11:30:00-05:00,2.759999990463257,2.890000104904175,2.609999895095825,2.8499999046325684,23621,0.0,0.0,AIFU,1h
2025-12-26 09:30:00-05:00,2.8499999046325684,2.950000047683716,2.5999999046325684,2.869999885559082,61905,0.0,0.0,AIFU,1h
2025-12-26 10:30:00-05:00,2.859999895095825,2.859999895095825,2.809999942779541,2.809999942779541,1968,0.0,0.0,AIFU,1h
2025-12-26 11:30:00-05:00,2.819999933242798,2.8299999237060547,2.809999942779541,2.815000057220459,1590,0.0,0.0,AIFU,1h
2025-12-26 12:30:00-05:00,2.809999942779541,2.818000078201294,2.809999942779541,2.815000057220459,707,0.0,0.0,AIFU,1h
2025-12-26 14:30:00-05:00,2.819999933242798,2.859999895095825,2.819999933242798,2.859999895095825,806,0.0,0.0,AIFU,1h
2025-12-26 15:30:00-05:00,2.859999895095825,2.859999895095825,2.822999954223633,2.822999954223633,844,0.0,0.0,AIFU,1h
2025-12-29 09:30:00-05:00,2.6988000869750977,2.799999952316284,2.6988000869750977,2.7899999618530273,1970,0.0,0.0,AIFU,1h
2025-12-29 10:30:00-05:00,2.7899999618530273,2.8396999835968018,2.7899999618530273,2.8396999835968018,403,0.0,0.0,AIFU,1h
2025-12-29 12:30:00-05:00,2.7200000286102295,2.9000000953674316,2.7100000381469727,2.9000000953674316,4228,0.0,0.0,AIFU,1h
2025-12-29 13:30:00-05:00,2.924999952316284,2.9800000190734863,2.799999952316284,2.9700000286102295,3085,0.0,0.0,AIFU,1h
2025-12-29 14:30:00-05:00,2.869999885559082,2.887700080871582,2.819999933242798,2.887700080871582,927,0.0,0.0,AIFU,1h
2025-12-30 09:30:00-05:00,2.759999990463257,2.799999952316284,2.690000057220459,2.7200000286102295,2853,0.0,0.0,AIFU,1h
2025-12-30 10:30:00-05:00,2.7899999618530273,2.7899999618530273,2.7100000381469727,2.7100000381469727,511,0.0,0.0,AIFU,1h
2025-12-30 11:30:00-05:00,2.700000047683716,2.7583000659942627,2.680000066757202,2.7583000659942627,1340,0.0,0.0,AIFU,1h
2025-12-30 12:30:00-05:00,2.690000057220459,2.690000057220459,2.6649999618530273,2.6649999618530273,275,0.0,0.0,AIFU,1h
2025-12-30 14:30:00-05:00,2.700000047683716,2.700000047683716,2.690000057220459,2.690000057220459,364,0.0,0.0,AIFU,1h
2025-12-31 09:30:00-05:00,2.6500000953674316,2.6500000953674316,2.6500000953674316,2.6500000953674316,441,0.0,0.0,AIFU,1h
2025-12-31 14:30:00-05:00,2.700000047683716,2.700000047683716,2.700000047683716,2.700000047683716,219,0.0,0.0,AIFU,1h
2025-12-31 15:30:00-05:00,2.690000057220459,2.690000057220459,2.680000066757202,2.680000066757202,553,0.0,0.0,AIFU,1h
2026-01-02 09:30:00-05:00,2.624799966812134,2.7100000381469727,2.624799966812134,2.6600000858306885,1849,0.0,0.0,AIFU,1h
2026-01-02 15:30:00-05:00,2.765000104904175,2.765000104904175,2.7119998931884766,2.7119998931884766,621,0.0,0.0,AIFU,1h
2026-01-05 09:30:00-05:00,2.7899999618530273,2.7899999618530273,2.700000047683716,2.75,1901,0.0,0.0,AIFU,1h
2026-01-05 11:30:00-05:00,2.700000047683716,2.700000047683716,2.700000047683716,2.700000047683716,2402,0.0,0.0,AIFU,1h
2026-01-05 12:30:00-05:00,2.7049999237060547,2.7049999237060547,2.7049999237060547,2.7049999237060547,155,0.0,0.0,AIFU,1h
2026-01-05 13:30:00-05:00,2.744999885559082,2.7899999618530273,2.744999885559082,2.75,1047,0.0,0.0,AIFU,1h
2026-01-05 15:30:00-05:00,2.809999942779541,2.815000057220459,2.765000104904175,2.799999952316284,525,0.0,0.0,AIFU,1h
2026-01-06 10:30:00-05:00,2.7799999713897705,3.0,2.759999990463257,2.7799999713897705,18369,0.0,0.0,AIFU,1h
2026-01-06 11:30:00-05:00,2.9000000953674316,2.9200000762939453,2.890000104904175,2.9200000762939453,1067,0.0,0.0,AIFU,1h
2026-01-06 13:30:00-05:00,2.923099994659424,2.923099994659424,2.923099994659424,2.923099994659424,2494,0.0,0.0,AIFU,1h
2026-01-06 14:30:00-05:00,3.0299999713897705,3.0299999713897705,3.0,3.0,4121,0.0,0.0,AIFU,1h
2026-01-06 15:30:00-05:00,3.119999885559082,3.119999885559082,3.119999885559082,3.119999885559082,569,0.0,0.0,AIFU,1h
2026-01-07 09:30:00-05:00,3.049999952316284,3.200000047683716,2.9200000762939453,3.0420000553131104,7992,0.0,0.0,AIFU,1h
2026-01-07 10:30:00-05:00,3.130000114440918,3.140000104904175,3.130000114440918,3.140000104904175,3384,0.0,0.0,AIFU,1h
2026-01-07 11:30:00-05:00,3.130000114440918,3.130000114440918,3.130000114440918,3.130000114440918,102,0.0,0.0,AIFU,1h
2026-01-07 12:30:00-05:00,3.1500000953674316,3.240000009536743,3.1500000953674316,3.240000009536743,800,0.0,0.0,AIFU,1h
2026-01-07 13:30:00-05:00,3.2899999618530273,3.2899999618530273,3.2899999618530273,3.2899999618530273,240,0.0,0.0,AIFU,1h
2026-01-07 14:30:00-05:00,3.2899999618530273,3.359999895095825,3.2899999618530273,3.359999895095825,1237,0.0,0.0,AIFU,1h
2026-01-07 15:30:00-05:00,3.4000000953674316,3.4000000953674316,3.2699999809265137,3.2699999809265137,666,0.0,0.0,AIFU,1h
2026-01-08 09:30:00-05:00,3.200000047683716,3.2200000286102295,3.200000047683716,3.2200000286102295,1652,0.0,0.0,AIFU,1h
2026-01-08 10:30:00-05:00,3.2200000286102295,3.3499999046325684,3.2100000381469727,3.25,1244,0.0,0.0,AIFU,1h
2026-01-08 11:30:00-05:00,3.3299999237060547,3.380000114440918,3.319999933242798,3.319999933242798,733,0.0,0.0,AIFU,1h
2026-01-08 12:30:00-05:00,3.200000047683716,3.200000047683716,3.200000047683716,3.200000047683716,241,0.0,0.0,AIFU,1h
2026-01-08 13:30:00-05:00,3.1600000858306885,3.1700000762939453,3.0299999713897705,3.1600000858306885,1653,0.0,0.0,AIFU,1h
2026-01-09 09:30:00-05:00,3.1500000953674316,3.1500000953674316,3.0999999046325684,3.0999999046325684,1376,0.0,0.0,AIFU,1h
2026-01-09 10:30:00-05:00,3.0899999141693115,3.125,3.0899999141693115,3.125,1038,0.0,0.0,AIFU,1h
2026-01-09 11:30:00-05:00,3.0799999237060547,3.0799999237060547,3.0799999237060547,3.0799999237060547,208,0.0,0.0,AIFU,1h
2026-01-09 12:30:00-05:00,3.0799999237060547,3.0799999237060547,3.0199999809265137,3.0199999809265137,1070,0.0,0.0,AIFU,1h
2026-01-09 15:30:00-05:00,2.940000057220459,2.940000057220459,2.869999885559082,2.869999885559082,3109,0.0,0.0,AIFU,1h
2026-01-12 09:30:00-05:00,2.7899999618530273,2.9200000762939453,2.7899999618530273,2.8399999141693115,18951,0.0,0.0,AIFU,1h
2026-01-12 10:30:00-05:00,2.809999942779541,2.809999942779541,2.6468000411987305,2.6468000411987305,3290,0.0,0.0,AIFU,1h
2026-01-12 11:30:00-05:00,2.7899999618530273,2.809999942779541,2.7100000381469727,2.7200000286102295,15209,0.0,0.0,AIFU,1h
2026-01-12 12:30:00-05:00,2.75,2.809999942779541,2.75,2.7899999618530273,1820,0.0,0.0,AIFU,1h
2026-01-12 13:30:00-05:00,2.799999952316284,2.8499999046325684,2.799999952316284,2.8499999046325684,1240,0.0,0.0,AIFU,1h
2026-01-12 14:30:00-05:00,2.8499999046325684,2.8499999046325684,2.8499999046325684,2.8499999046325684,359,0.0,0.0,AIFU,1h
2026-01-12 15:30:00-05:00,2.819999933242798,2.819999933242798,2.819999933242798,2.819999933242798,266,0.0,0.0,AIFU,1h
2026-01-13 09:30:00-05:00,2.7799999713897705,2.7799999713897705,2.7799999713897705,2.7799999713897705,245,0.0,0.0,AIFU,1h
2026-01-13 10:30:00-05:00,2.8612000942230225,2.8612000942230225,2.8612000942230225,2.8612000942230225,168,0.0,0.0,AIFU,1h
2026-01-13 11:30:00-05:00,2.875,2.9200000762939453,2.7799999713897705,2.7799999713897705,967,0.0,0.0,AIFU,1h
2026-01-13 12:30:00-05:00,2.799999952316284,2.799999952316284,2.7899999618530273,2.7899999618530273,454,0.0,0.0,AIFU,1h
2026-01-13 14:30:00-05:00,2.819999933242798,2.819999933242798,2.819999933242798,2.819999933242798,375,0.0,0.0,AIFU,1h
2026-01-13 15:30:00-05:00,2.9098000526428223,2.9098000526428223,2.9098000526428223,2.9098000526428223,380,0.0,0.0,AIFU,1h
2026-01-14 11:30:00-05:00,2.799999952316284,2.799999952316284,2.799999952316284,2.799999952316284,576,0.0,0.0,AIFU,1h
2026-01-14 12:30:00-05:00,2.767199993133545,2.767199993133545,2.767199993133545,2.767199993133545,349,0.0,0.0,AIFU,1h
2026-01-14 14:30:00-05:00,2.75,2.75,2.6600000858306885,2.6600000858306885,1550,0.0,0.0,AIFU,1h
2026-01-14 15:30:00-05:00,2.7300000190734863,2.7300000190734863,2.7300000190734863,2.7300000190734863,115,0.0,0.0,AIFU,1h
2026-01-15 09:30:00-05:00,2.7899999618530273,2.9000000953674316,2.7899999618530273,2.7899999618530273,955,0.0,0.0,AIFU,1h
2026-01-15 10:30:00-05:00,2.880000114440918,2.890000104904175,2.880000114440918,2.890000104904175,488,0.0,0.0,AIFU,1h
2026-01-15 11:30:00-05:00,2.869999885559082,3.109999895095825,2.690000057220459,2.690000057220459,9254,0.0,0.0,AIFU,1h
2026-01-15 12:30:00-05:00,2.75,2.799999952316284,2.700000047683716,2.700000047683716,2111,0.0,0.0,AIFU,1h
2026-01-15 13:30:00-05:00,2.735100030899048,2.735100030899048,2.735100030899048,2.735100030899048,303,0.0,0.0,AIFU,1h
2026-01-15 14:30:00-05:00,2.700000047683716,2.700000047683716,2.700000047683716,2.700000047683716,123,0.0,0.0,AIFU,1h
2026-01-15 15:30:00-05:00,2.740000009536743,2.799999952316284,2.680000066757202,2.680000066757202,2937,0.0,0.0,AIFU,1h
2026-01-16 09:30:00-05:00,2.609999895095825,2.809999942779541,2.5399999618530273,2.549999952316284,3672,0.0,0.0,AIFU,1h
2026-01-16 10:30:00-05:00,2.549999952316284,2.5799999237060547,2.5399999618530273,2.569999933242798,1614,0.0,0.0,AIFU,1h
2026-01-16 11:30:00-05:00,2.549999952316284,2.690000057220459,2.549999952316284,2.640000104904175,7238,0.0,0.0,AIFU,1h
2026-01-16 12:30:00-05:00,2.6500000953674316,2.6700000762939453,2.6500000953674316,2.6700000762939453,0,0.0,0.0,AIFU,1h
2026-01-16 13:30:00-05:00,2.690000057220459,2.690000057220459,2.6600000858306885,2.6600000858306885,829,0.0,0.0,AIFU,1h
2026-01-16 14:30:00-05:00,2.5999999046325684,2.5999999046325684,2.5199999809265137,2.5199999809265137,602,0.0,0.0,AIFU,1h
2026-01-16 15:30:00-05:00,2.5199999809265137,2.5199999809265137,2.5199999809265137,2.5199999809265137,123,0.0,0.0,AIFU,1h
2026-01-20 09:30:00-05:00,2.0,2.0399999618530273,1.7999999523162842,1.8700000047683716,14730,0.0,0.0,AIFU,1h
2026-01-20 10:30:00-05:00,1.8686000108718872,1.9600000381469727,1.8000999689102173,1.9600000381469727,6722,0.0,0.0,AIFU,1h
2026-01-20 11:30:00-05:00,2.0299999713897705,2.259999990463257,2.0299999713897705,2.2100000381469727,2750,0.0,0.0,AIFU,1h
2026-01-20 12:30:00-05:00,2.1702001094818115,2.1702001094818115,2.1500000953674316,2.1500000953674316,1097,0.0,0.0,AIFU,1h
2026-01-20 13:30:00-05:00,2.140000104904175,2.1600000858306885,2.069999933242798,2.128999948501587,1437,0.0,0.0,AIFU,1h
2026-01-20 14:30:00-05:00,2.119999885559082,2.1500000953674316,2.0899999141693115,2.0899999141693115,3447,0.0,0.0,AIFU,1h
2026-01-20 15:30:00-05:00,2.1600000858306885,2.1600000858306885,2.009999990463257,2.017199993133545,3574,0.0,0.0,AIFU,1h
2026-01-21 09:30:00-05:00,1.7899999618530273,2.1500000953674316,1.75,2.015000104904175,83686,0.0,0.0,AIFU,1h
2026-01-21 10:30:00-05:00,1.9299999475479126,1.9299999475479126,1.809999942779541,1.809999942779541,5140,0.0,0.0,AIFU,1h
2026-01-21 11:30:00-05:00,1.850000023841858,1.8799999952316284,1.840000033378601,1.840000033378601,2316,0.0,0.0,AIFU,1h
2026-01-21 12:30:00-05:00,1.815000057220459,1.8300000429153442,1.815000057220459,1.8300000429153442,809,0.0,0.0,AIFU,1h
2026-01-21 13:30:00-05:00,1.8200000524520874,1.8200000524520874,1.8200000524520874,1.8200000524520874,344,0.0,0.0,AIFU,1h
2026-01-21 14:30:00-05:00,1.8315000534057617,1.840000033378601,1.7949999570846558,1.840000033378601,4231,0.0,0.0,AIFU,1h
2026-01-21 15:30:00-05:00,1.899999976158142,2.059999942779541,1.861199975013733,2.015000104904175,8335,0.0,0.0,AIFU,1h
2026-01-22 09:30:00-05:00,1.9500000476837158,2.049999952316284,1.9199999570846558,2.049999952316284,12173,0.0,0.0,AIFU,1h
2026-01-22 10:30:00-05:00,2.0799999237060547,2.130000114440918,2.069999933242798,2.069999933242798,1152,0.0,0.0,AIFU,1h
2026-01-22 11:30:00-05:00,2.079699993133545,2.079699993133545,2.079699993133545,2.079699993133545,624,0.0,0.0,AIFU,1h
2026-01-22 12:30:00-05:00,2.049999952316284,2.049999952316284,2.049999952316284,2.049999952316284,703,0.0,0.0,AIFU,1h
2026-01-22 13:30:00-05:00,2.069999933242798,2.0899999141693115,2.069999933242798,2.0899999141693115,716,0.0,0.0,AIFU,1h
2026-01-22 14:30:00-05:00,2.109999895095825,2.109999895095825,2.109999895095825,2.109999895095825,102,0.0,0.0,AIFU,1h
2026-01-22 15:30:00-05:00,2.119999885559082,2.119999885559082,2.0989999771118164,2.109999895095825,3217,0.0,0.0,AIFU,1h
2026-01-23 09:30:00-05:00,2.259999990463257,2.3949999809265137,2.2100000381469727,2.2799999713897705,7764,0.0,0.0,AIFU,1h
2026-01-23 10:30:00-05:00,2.2300000190734863,2.2897000312805176,2.2100000381469727,2.2100000381469727,1603,0.0,0.0,AIFU,1h
2026-01-23 11:30:00-05:00,2.2100000381469727,2.2100000381469727,2.2100000381469727,2.2100000381469727,229,0.0,0.0,AIFU,1h
2026-01-23 12:30:00-05:00,2.2009999752044678,2.2100000381469727,2.2009999752044678,2.2100000381469727,433,0.0,0.0,AIFU,1h
2026-01-23 13:30:00-05:00,2.2100000381469727,2.244999885559082,2.2100000381469727,2.2100000381469727,307,0.0,0.0,AIFU,1h
2026-01-23 14:30:00-05:00,2.2799999713897705,2.2799999713897705,2.2200000286102295,2.2200000286102295,502,0.0,0.0,AIFU,1h
2026-01-23 15:30:00-05:00,2.2799999713897705,2.315000057220459,2.25,2.25,1502,0.0,0.0,AIFU,1h
2026-01-26 09:30:00-05:00,2.309999942779541,2.389899969100952,2.200000047683716,2.200000047683716,1796,0.0,0.0,AIFU,1h
2026-01-26 10:30:00-05:00,2.158900022506714,2.2249999046325684,2.040600061416626,2.2200000286102295,931,0.0,0.0,AIFU,1h
2026-01-26 11:30:00-05:00,2.25,2.25,2.25,2.25,283,0.0,0.0,AIFU,1h
2026-01-26 12:30:00-05:00,2.240000009536743,2.240000009536743,2.190000057220459,2.190000057220459,695,0.0,0.0,AIFU,1h
2026-01-26 13:30:00-05:00,2.2899999618530273,2.2899999618530273,2.2899999618530273,2.2899999618530273,102,0.0,0.0,AIFU,1h
2026-01-26 15:30:00-05:00,2.2107999324798584,2.2300000190734863,2.2107999324798584,2.2300000190734863,411,0.0,0.0,AIFU,1h
2026-01-27 09:30:00-05:00,2.2492001056671143,2.3545000553131104,2.123199939727783,2.209700107574463,4512,0.0,0.0,AIFU,1h
2026-01-27 10:30:00-05:00,2.2100000381469727,2.2904000282287598,2.0201001167297363,2.0201001167297363,5097,0.0,0.0,AIFU,1h
2026-01-27 11:30:00-05:00,2.150099992752075,2.150099992752075,2.150099992752075,2.150099992752075,418,0.0,0.0,AIFU,1h
2026-01-27 15:30:00-05:00,2.1700000762939453,2.1700000762939453,2.150099992752075,2.150099992752075,623,0.0,0.0,AIFU,1h
2026-01-28 09:30:00-05:00,2.109299898147583,2.109299898147583,2.109299898147583,2.109299898147583,746,0.0,0.0,AIFU,1h
2026-01-28 10:30:00-05:00,1.9823999404907227,2.0899999141693115,1.9823999404907227,2.0899999141693115,819,0.0,0.0,AIFU,1h
2026-01-28 14:30:00-05:00,2.2039999961853027,2.2039999961853027,2.1600000858306885,2.1600000858306885,1711,0.0,0.0,AIFU,1h
2026-01-28 15:30:00-05:00,2.119999885559082,2.119999885559082,2.0799999237060547,2.0799999237060547,1317,0.0,0.0,AIFU,1h
2026-01-29 09:30:00-05:00,2.0,2.0,2.0,2.0,3624,0.0,0.0,AIFU,1h
2026-01-29 10:30:00-05:00,2.009999990463257,2.0280001163482666,2.009999990463257,2.0280001163482666,302,0.0,0.0,AIFU,1h
2026-01-29 11:30:00-05:00,2.0299999713897705,2.0299999713897705,2.0299999713897705,2.0299999713897705,222,0.0,0.0,AIFU,1h
2026-01-29 13:30:00-05:00,2.0,2.0199999809265137,1.9900000095367432,2.0199999809265137,814,0.0,0.0,AIFU,1h
2026-01-29 14:30:00-05:00,1.9450000524520874,1.9450000524520874,1.9450000524520874,1.9450000524520874,502,0.0,0.0,AIFU,1h
2026-01-29 15:30:00-05:00,1.9450000524520874,1.9474999904632568,1.9450000524520874,1.9474999904632568,376,0.0,0.0,AIFU,1h
2026-01-30 09:30:00-05:00,1.9600000381469727,1.9600000381469727,1.899999976158142,1.899999976158142,5701,0.0,0.0,AIFU,1h
2026-01-30 10:30:00-05:00,1.909999966621399,1.909999966621399,1.909999966621399,1.909999966621399,1001,0.0,0.0,AIFU,1h
2026-02-02 11:30:00-05:00,1.9600000381469727,1.9600000381469727,1.9600000381469727,1.9600000381469727,0,0.0,0.0,AIFU,1h
2026-02-02 14:30:00-05:00,1.965000033378601,2.0399999618530273,1.965000033378601,2.0399999618530273,386,0.0,0.0,AIFU,1h
2026-02-02 15:30:00-05:00,2.0499000549316406,2.0499000549316406,2.0499000549316406,2.0499000549316406,2447,0.0,0.0,AIFU,1h
2026-02-03 09:30:00-05:00,2.0799999237060547,2.0799999237060547,2.069999933242798,2.069999933242798,922,0.0,0.0,AIFU,1h
2026-02-03 11:30:00-05:00,2.0,2.0,2.0,2.0,275,0.0,0.0,AIFU,1h
2026-02-03 14:30:00-05:00,1.909999966621399,1.909999966621399,1.909999966621399,1.909999966621399,706,0.0,0.0,AIFU,1h
2026-02-03 15:30:00-05:00,1.9550000429153442,2.0,1.9550000429153442,1.9900000095367432,1000,0.0,0.0,AIFU,1h
2026-02-04 10:30:00-05:00,1.899999976158142,1.899999976158142,1.8799999952316284,1.8799999952316284,466,0.0,0.0,AIFU,1h
2026-02-04 12:30:00-05:00,1.8600000143051147,1.9098999500274658,1.8200000524520874,1.8650000095367432,3649,0.0,0.0,AIFU,1h
2026-02-04 13:30:00-05:00,1.9098999500274658,1.9098999500274658,1.9098999500274658,1.9098999500274658,1000,0.0,0.0,AIFU,1h
2026-02-04 14:30:00-05:00,1.8990000486373901,1.8990000486373901,1.8990000486373901,1.8990000486373901,1099,0.0,0.0,AIFU,1h
2026-02-05 09:30:00-05:00,1.840000033378601,1.840000033378601,1.820099949836731,1.820099949836731,408,0.0,0.0,AIFU,1h
2026-02-05 10:30:00-05:00,1.899999976158142,1.899999976158142,1.899999976158142,1.899999976158142,277,0.0,0.0,AIFU,1h
2026-02-05 11:30:00-05:00,1.809999942779541,1.809999942779541,1.7200000286102295,1.7200000286102295,1421,0.0,0.0,AIFU,1h
2026-02-05 13:30:00-05:00,1.7300000190734863,1.7300000190734863,1.7300000190734863,1.7300000190734863,352,0.0,0.0,AIFU,1h
2026-02-06 09:30:00-05:00,1.7400000095367432,1.850000023841858,1.7400000095367432,1.7520999908447266,15600,0.0,0.0,AIFU,1h
2026-02-06 10:30:00-05:00,1.7400000095367432,1.7400000095367432,1.7400000095367432,1.7400000095367432,754,0.0,0.0,AIFU,1h
2026-02-06 11:30:00-05:00,1.8598999977111816,1.8942999839782715,1.809999942779541,1.8899999856948853,1601,0.0,0.0,AIFU,1h
2026-02-06 12:30:00-05:00,1.8438999652862549,1.8438999652862549,1.8438999652862549,1.8438999652862549,1464,0.0,0.0,AIFU,1h
2026-02-06 15:30:00-05:00,1.8300000429153442,1.8300000429153442,1.8200000524520874,1.8200000524520874,310,0.0,0.0,AIFU,1h
2026-02-09 09:30:00-05:00,1.840000033378601,1.840000033378601,1.840000033378601,1.840000033378601,2212,0.0,0.0,AIFU,1h
2026-02-09 11:30:00-05:00,1.7799999713897705,1.7799999713897705,1.7799999713897705,1.7799999713897705,100,0.0,0.0,AIFU,1h
2026-02-09 12:30:00-05:00,1.7799999713897705,1.7799999713897705,1.7400000095367432,1.7400000095367432,885,0.0,0.0,AIFU,1h
2026-02-09 14:30:00-05:00,1.7400000095367432,1.7400000095367432,1.7312999963760376,1.7312999963760376,961,0.0,0.0,AIFU,1h
2026-02-10 09:30:00-05:00,1.7599999904632568,1.7599999904632568,1.75,1.75,1076,0.0,0.0,AIFU,1h
2026-02-10 10:30:00-05:00,1.753999948501587,1.753999948501587,1.753999948501587,1.753999948501587,304,0.0,0.0,AIFU,1h
2026-02-10 15:30:00-05:00,1.7699999809265137,1.7699999809265137,1.7699999809265137,1.7699999809265137,200,0.0,0.0,AIFU,1h
2026-02-11 09:30:00-05:00,1.7699999809265137,1.8106000423431396,1.7599999904632568,1.7599999904632568,625,0.0,0.0,AIFU,1h
2026-02-11 11:30:00-05:00,1.7599999904632568,1.7599999904632568,1.7599999904632568,1.7599999904632568,110,0.0,0.0,AIFU,1h
2026-02-11 13:30:00-05:00,1.7000000476837158,1.7000000476837158,1.7000000476837158,1.7000000476837158,100,0.0,0.0,AIFU,1h
2026-02-11 14:30:00-05:00,1.7100000381469727,1.7100000381469727,1.690000057220459,1.690000057220459,1366,0.0,0.0,AIFU,1h
2026-02-12 15:30:00-05:00,1.6799999475479126,1.6799999475479126,1.6799999475479126,1.6799999475479126,0,0.0,0.0,AIFU,1h
2026-02-13 09:30:00-05:00,1.7200000286102295,1.7407000064849854,1.7000000476837158,1.7407000064849854,643,0.0,0.0,AIFU,1h
2026-02-13 10:30:00-05:00,1.6200000047683716,1.6200000047683716,1.6200000047683716,1.6200000047683716,168,0.0,0.0,AIFU,1h
2026-02-13 12:30:00-05:00,1.725000023841858,1.725000023841858,1.690000057220459,1.690000057220459,4556,0.0,0.0,AIFU,1h
2026-02-13 13:30:00-05:00,1.649999976158142,1.7300000190734863,1.649999976158142,1.7300000190734863,1788,0.0,0.0,AIFU,1h
2026-02-17 09:30:00-05:00,1.7100000381469727,1.7100000381469727,1.7100000381469727,1.7100000381469727,334,0.0,0.0,AIFU,1h
2026-02-17 10:30:00-05:00,1.6399999856948853,1.690000057220459,1.6399999856948853,1.690000057220459,397,0.0,0.0,AIFU,1h
2026-02-17 13:30:00-05:00,1.7200000286102295,1.812999963760376,1.7014000415802002,1.7014000415802002,957,0.0,0.0,AIFU,1h
2026-02-17 15:30:00-05:00,1.8309999704360962,1.8309999704360962,1.8309999704360962,1.8309999704360962,290,0.0,0.0,AIFU,1h
2026-02-18 10:30:00-05:00,1.7050000429153442,1.7050000429153442,1.7050000429153442,1.7050000429153442,378,0.0,0.0,AIFU,1h
2026-02-19 12:30:00-05:00,1.7000000476837158,1.7000000476837158,1.7000000476837158,1.7000000476837158,775,0.0,0.0,AIFU,1h
2026-02-20 10:30:00-05:00,1.809999942779541,1.8200000524520874,1.809999942779541,1.8200000524520874,903,0.0,0.0,AIFU,1h
2026-02-20 15:30:00-05:00,1.7799999713897705,1.7799999713897705,1.7799999713897705,1.7799999713897705,203,0.0,0.0,AIFU,1h
2026-02-23 12:30:00-05:00,1.8006999492645264,1.8006999492645264,1.8006999492645264,1.8006999492645264,356,0.0,0.0,AIFU,1h
2026-02-23 15:30:00-05:00,1.7599999904632568,1.7699999809265137,1.7599999904632568,1.7699999809265137,309,0.0,0.0,AIFU,1h
2026-02-24 12:30:00-05:00,1.7999999523162842,1.7999999523162842,1.7999999523162842,1.7999999523162842,439,0.0,0.0,AIFU,1h
2026-02-25 10:30:00-05:00,1.8600000143051147,1.8700000047683716,1.8600000143051147,1.8700000047683716,3287,0.0,0.0,AIFU,1h
2026-02-25 13:30:00-05:00,1.841599941253662,1.9500000476837158,1.841599941253662,1.9500000476837158,2300,0.0,0.0,AIFU,1h
2026-02-25 14:30:00-05:00,1.9199999570846558,1.9299999475479126,1.9199999570846558,1.9299999475479126,512,0.0,0.0,AIFU,1h
2026-02-25 15:30:00-05:00,1.9800000190734863,1.9800000190734863,1.9700000286102295,1.9700000286102295,350,0.0,0.0,AIFU,1h
2026-02-26 09:30:00-05:00,1.9700000286102295,1.975000023841858,1.9700000286102295,1.975000023841858,944,0.0,0.0,AIFU,1h
2026-02-26 15:30:00-05:00,1.9800000190734863,2.01200008392334,1.9800000190734863,2.01200008392334,632,0.0,0.0,AIFU,1h
2026-02-27 09:30:00-05:00,2.0,2.0,2.0,2.0,385,0.0,0.0,AIFU,1h
2026-02-27 11:30:00-05:00,1.909999966621399,1.909999966621399,1.909999966621399,1.909999966621399,161,0.0,0.0,AIFU,1h
2026-02-27 15:30:00-05:00,1.9299999475479126,1.9299999475479126,1.9299999475479126,1.9299999475479126,139,0.0,0.0,AIFU,1h
2026-03-02 09:30:00-05:00,1.9500000476837158,1.9500000476837158,1.7699999809265137,1.7699999809265137,3220,0.0,0.0,AIFU,1h
2026-03-02 10:30:00-05:00,2.099900007247925,2.099900007247925,1.9450000524520874,2.009999990463257,1089,0.0,0.0,AIFU,1h
2026-03-02 13:30:00-05:00,1.9500000476837158,1.9500000476837158,1.9500000476837158,1.9500000476837158,21682,0.0,0.0,AIFU,1h
2026-03-02 15:30:00-05:00,1.9910000562667847,1.9910000562667847,1.9910000562667847,1.9910000562667847,552,0.0,0.0,AIFU,1h
2026-03-03 10:30:00-05:00,1.809999942779541,1.809999942779541,1.809999942779541,1.809999942779541,29261,0.0,0.0,AIFU,1h
2026-03-03 11:30:00-05:00,1.8200000524520874,1.8200000524520874,1.8200000524520874,1.8200000524520874,881,0.0,0.0,AIFU,1h
2026-03-04 09:30:00-05:00,1.8799999952316284,1.8799999952316284,1.8799999952316284,1.8799999952316284,6691,0.0,0.0,AIFU,1h
2026-03-04 14:30:00-05:00,1.9299999475479126,1.9299999475479126,1.9299999475479126,1.9299999475479126,304,0.0,0.0,AIFU,1h
2026-03-04 15:30:00-05:00,1.9199999570846558,1.9199999570846558,1.9199999570846558,1.9199999570846558,764,0.0,0.0,AIFU,1h
2026-03-05 10:30:00-05:00,1.9199999570846558,1.9199999570846558,1.899999976158142,1.899999976158142,3456,0.0,0.0,AIFU,1h
2026-03-05 11:30:00-05:00,1.9450000524520874,2.0,1.8911000490188599,1.8911000490188599,783,0.0,0.0,AIFU,1h
2026-03-05 12:30:00-05:00,1.8949999809265137,1.8949999809265137,1.8949999809265137,1.8949999809265137,543,0.0,0.0,AIFU,1h
2026-03-05 15:30:00-05:00,1.899999976158142,1.899999976158142,1.8990000486373901,1.8990000486373901,1567,0.0,0.0,AIFU,1h
2026-03-06 09:30:00-05:00,1.8799999952316284,1.8899999856948853,1.8799999952316284,1.8899999856948853,5136,0.0,0.0,AIFU,1h
2026-03-06 15:30:00-05:00,1.899999976158142,1.899999976158142,1.899999976158142,1.899999976158142,330,0.0,0.0,AIFU,1h
2026-03-09 09:30:00-04:00,1.9000999927520752,1.9000999927520752,1.9000999927520752,1.9000999927520752,322,0.0,0.0,AIFU,1h
2026-03-09 10:30:00-04:00,1.899999976158142,1.899999976158142,1.899999976158142,1.899999976158142,329,0.0,0.0,AIFU,1h
2026-03-09 11:30:00-04:00,1.8799999952316284,1.8799999952316284,1.8799999952316284,1.8799999952316284,544,0.0,0.0,AIFU,1h
2026-03-09 14:30:00-04:00,1.8300000429153442,1.8300000429153442,1.8300000429153442,1.8300000429153442,771,0.0,0.0,AIFU,1h
2026-03-09 15:30:00-04:00,1.7999999523162842,1.7999999523162842,1.7999999523162842,1.7999999523162842,558,0.0,0.0,AIFU,1h
2026-03-10 09:30:00-04:00,2.009999990463257,2.009999990463257,1.9500000476837158,2.0,4659,0.0,0.0,AIFU,1h
2026-03-10 11:30:00-04:00,1.9900000095367432,1.999899983406067,1.9900000095367432,1.9900000095367432,2731,0.0,0.0,AIFU,1h
2026-03-10 14:30:00-04:00,1.8799999952316284,1.8799999952316284,1.8700000047683716,1.8700000047683716,634,0.0,0.0,AIFU,1h
2026-03-11 10:30:00-04:00,1.9700000286102295,1.9900000095367432,1.9700000286102295,1.9800000190734863,1114,0.0,0.0,AIFU,1h
2026-03-11 12:30:00-04:00,1.9199999570846558,1.9199999570846558,1.9199999570846558,1.9199999570846558,525,0.0,0.0,AIFU,1h
2026-03-11 14:30:00-04:00,1.9450000524520874,1.9450000524520874,1.9450000524520874,1.9450000524520874,611,0.0,0.0,AIFU,1h
2026-03-11 15:30:00-04:00,1.909999966621399,1.909999966621399,1.909999966621399,1.909999966621399,331,0.0,0.0,AIFU,1h
2026-03-12 09:30:00-04:00,2.0,2.0,1.6201000213623047,1.850000023841858,8443,0.0,0.0,AIFU,1h
2026-03-12 14:30:00-04:00,1.8899999856948853,1.899999976158142,1.8700000047683716,1.8700000047683716,1693,0.0,0.0,AIFU,1h
2026-03-12 15:30:00-04:00,1.9700000286102295,1.9700000286102295,1.9700000286102295,1.9700000286102295,336,0.0,0.0,AIFU,1h
2026-03-13 09:30:00-04:00,1.6399999856948853,1.649999976158142,1.6399999856948853,1.6399999856948853,2546,0.0,0.0,AIFU,1h
2026-03-13 11:30:00-04:00,1.9989999532699585,1.9989999532699585,1.899999976158142,1.899999976158142,926,0.0,0.0,AIFU,1h
2026-03-13 14:30:00-04:00,1.9878000020980835,1.9878000020980835,1.9878000020980835,1.9878000020980835,355,0.0,0.0,AIFU,1h
2026-03-16 09:30:00-04:00,1.9900000095367432,1.9900000095367432,1.899999976158142,1.899999976158142,6744,0.0,0.0,AIFU,1h
2026-03-16 10:30:00-04:00,1.8300000429153442,1.8300000429153442,1.8200000524520874,1.8200000524520874,424,0.0,0.0,AIFU,1h
2026-03-16 15:30:00-04:00,1.8200000524520874,1.8589999675750732,1.8200000524520874,1.8589999675750732,800,0.0,0.0,AIFU,1h
2026-03-17 10:30:00-04:00,1.8600000143051147,1.8899999856948853,1.8300000429153442,1.8899999856948853,2336,0.0,0.0,AIFU,1h
2026-03-17 11:30:00-04:00,1.899999976158142,1.899999976158142,1.8600000143051147,1.8899999856948853,1098,0.0,0.0,AIFU,1h
2026-03-17 12:30:00-04:00,1.9699000120162964,1.9699000120162964,1.9699000120162964,1.9699000120162964,579,0.0,0.0,AIFU,1h
2026-03-18 14:30:00-04:00,1.850000023841858,1.850000023841858,1.8313000202178955,1.8313000202178955,704,0.0,0.0,AIFU,1h
2026-03-18 15:30:00-04:00,1.8300000429153442,1.8300000429153442,1.7999999523162842,1.809999942779541,2592,0.0,0.0,AIFU,1h
2026-03-19 15:30:00-04:00,1.8250000476837158,1.8250000476837158,1.7999999523162842,1.7999999523162842,967,0.0,0.0,AIFU,1h
2026-03-20 09:30:00-04:00,1.7999999523162842,1.7999999523162842,1.7999999523162842,1.7999999523162842,462,0.0,0.0,AIFU,1h
2026-03-20 10:30:00-04:00,1.7898999452590942,1.7898999452590942,1.7898999452590942,1.7898999452590942,314,0.0,0.0,AIFU,1h
2026-03-20 14:30:00-04:00,1.7400000095367432,1.7400000095367432,1.6699999570846558,1.6699999570846558,1518,0.0,0.0,AIFU,1h
2026-03-20 15:30:00-04:00,1.690000057220459,1.690000057220459,1.690000057220459,1.690000057220459,131,0.0,0.0,AIFU,1h
2026-03-23 09:30:00-04:00,1.6500999927520752,1.6899000406265259,1.6200000047683716,1.6899000406265259,3658,0.0,0.0,AIFU,1h
2026-03-23 11:30:00-04:00,1.6294000148773193,1.6294000148773193,1.6294000148773193,1.6294000148773193,1255,0.0,0.0,AIFU,1h
2026-03-23 13:30:00-04:00,1.6771999597549438,1.6771999597549438,1.6771999597549438,1.6771999597549438,1155,0.0,0.0,AIFU,1h
2026-03-23 15:30:00-04:00,1.6202000379562378,1.6202000379562378,1.6200000047683716,1.6200000047683716,1573,0.0,0.0,AIFU,1h
2026-03-24 09:30:00-04:00,1.6200000047683716,1.6200000047683716,1.6200000047683716,1.6200000047683716,1160,0.0,0.0,AIFU,1h
2026-03-24 11:30:00-04:00,1.595900058746338,1.595900058746338,1.595900058746338,1.595900058746338,162,0.0,0.0,AIFU,1h
2026-03-24 12:30:00-04:00,1.6299999952316284,1.6399999856948853,1.600000023841858,1.625,1814,0.0,0.0,AIFU,1h
2026-03-24 14:30:00-04:00,1.6200000047683716,1.6200000047683716,1.6200000047683716,1.6200000047683716,317,0.0,0.0,AIFU,1h
2026-03-24 15:30:00-04:00,1.7999999523162842,1.7999999523162842,1.7999999523162842,1.7999999523162842,202,0.0,0.0,AIFU,1h
2026-03-25 09:30:00-04:00,1.725000023841858,1.725000023841858,1.725000023841858,1.725000023841858,225,0.0,0.0,AIFU,1h
2026-03-25 10:30:00-04:00,1.712499976158142,1.712499976158142,1.712499976158142,1.712499976158142,200,0.0,0.0,AIFU,1h
2026-03-25 11:30:00-04:00,1.6200000047683716,1.6200000047683716,1.600000023841858,1.6200000047683716,1656,0.0,0.0,AIFU,1h
2026-03-25 15:30:00-04:00,1.649999976158142,1.649999976158142,1.649999976158142,1.649999976158142,203,0.0,0.0,AIFU,1h
2026-03-26 10:30:00-04:00,1.5199999809265137,1.59089994430542,1.5199999809265137,1.59089994430542,1906,0.0,0.0,AIFU,1h
2026-03-26 11:30:00-04:00,1.5549999475479126,1.5549999475479126,1.5549999475479126,1.5549999475479126,278,0.0,0.0,AIFU,1h
2026-03-26 14:30:00-04:00,1.5199999809265137,1.590000033378601,1.3600000143051147,1.3600000143051147,11704,0.0,0.0,AIFU,1h
2026-03-26 15:30:00-04:00,1.5199999809265137,1.5199999809265137,1.3600000143051147,1.3600000143051147,6611,0.0,0.0,AIFU,1h
2026-03-27 09:30:00-04:00,1.4299999475479126,1.4299999475479126,1.399999976158142,1.399999976158142,2936,0.0,0.0,AIFU,1h
2026-03-27 10:30:00-04:00,1.3600000143051147,1.3600000143051147,1.3600000143051147,1.3600000143051147,292,0.0,0.0,AIFU,1h
2026-03-27 11:30:00-04:00,1.409999966621399,1.409999966621399,1.3899999856948853,1.3899999856948853,1634,0.0,0.0,AIFU,1h
2026-03-27 12:30:00-04:00,1.4106999635696411,1.4106999635696411,1.4106999635696411,1.4106999635696411,400,0.0,0.0,AIFU,1h
2026-03-27 13:30:00-04:00,1.410599946975708,1.410599946975708,1.410599946975708,1.410599946975708,126,0.0,0.0,AIFU,1h
2026-03-27 15:30:00-04:00,1.4179999828338623,1.4199999570846558,1.3899999856948853,1.4199999570846558,1328,0.0,0.0,AIFU,1h
2026-03-30 09:30:00-04:00,1.4199999570846558,1.4199999570846558,1.4199999570846558,1.4199999570846558,635,0.0,0.0,AIFU,1h
2026-03-30 11:30:00-04:00,1.440000057220459,1.440000057220459,1.440000057220459,1.440000057220459,205,0.0,0.0,AIFU,1h
2026-03-30 13:30:00-04:00,1.4199999570846558,1.4199999570846558,1.340000033378601,1.350000023841858,1313,0.0,0.0,AIFU,1h
2026-03-30 14:30:00-04:00,1.333899974822998,1.4395999908447266,1.333899974822998,1.4395999908447266,966,0.0,0.0,AIFU,1h
2026-03-31 10:30:00-04:00,1.4134000539779663,1.4299999475479126,1.3450000286102295,1.4299999475479126,1934,0.0,0.0,AIFU,1h
2026-03-31 11:30:00-04:00,1.3450000286102295,1.3450000286102295,1.3450000286102295,1.3450000286102295,794,0.0,0.0,AIFU,1h
2026-03-31 12:30:00-04:00,1.3450000286102295,1.3450000286102295,1.3450000286102295,1.3450000286102295,0,0.0,0.0,AIFU,1h
2026-03-31 13:30:00-04:00,1.3300000429153442,1.3300000429153442,1.3300000429153442,1.3300000429153442,138,0.0,0.0,AIFU,1h
2026-03-31 14:30:00-04:00,1.340000033378601,1.3981000185012817,1.340000033378601,1.3981000185012817,754,0.0,0.0,AIFU,1h
2026-03-31 15:30:00-04:00,1.3200000524520874,1.3200000524520874,1.3200000524520874,1.3200000524520874,577,0.0,0.0,AIFU,1h
2026-04-01 09:30:00-04:00,1.4199999570846558,1.4199999570846558,1.3205000162124634,1.409999966621399,2422,0.0,0.0,AIFU,1h
2026-04-01 10:30:00-04:00,1.4450000524520874,1.4700000286102295,1.4450000524520874,1.4700000286102295,816,0.0,0.0,AIFU,1h
2026-04-01 11:30:00-04:00,1.417199969291687,1.4450000524520874,1.409999966621399,1.409999966621399,1661,0.0,0.0,AIFU,1h
2026-04-01 13:30:00-04:00,1.409999966621399,1.409999966621399,1.409999966621399,1.409999966621399,145,0.0,0.0,AIFU,1h
2026-04-01 14:30:00-04:00,1.3799999952316284,1.3799999952316284,1.3799999952316284,1.3799999952316284,267,0.0,0.0,AIFU,1h
2026-04-02 09:30:00-04:00,1.5631999969482422,1.5631999969482422,1.4850000143051147,1.4850000143051147,840,0.0,0.0,AIFU,1h
2026-04-02 11:30:00-04:00,1.440000057220459,1.440000057220459,1.440000057220459,1.440000057220459,456,0.0,0.0,AIFU,1h
2026-04-02 13:30:00-04:00,1.440000057220459,1.4656000137329102,1.4199999570846558,1.4199999570846558,510,0.0,0.0,AIFU,1h
2026-04-02 15:30:00-04:00,1.472000002861023,1.472000002861023,1.472000002861023,1.472000002861023,400,0.0,0.0,AIFU,1h
2026-04-06 09:30:00-04:00,1.3650000095367432,1.3849999904632568,1.3650000095367432,1.3849999904632568,420,0.0,0.0,AIFU,1h
2026-04-06 11:30:00-04:00,1.4600000381469727,1.4600000381469727,1.4600000381469727,1.4600000381469727,1121,0.0,0.0,AIFU,1h
2026-04-06 14:30:00-04:00,1.5342999696731567,1.5342999696731567,1.5342999696731567,1.5342999696731567,517,0.0,0.0,AIFU,1h
2026-04-06 15:30:00-04:00,1.5149999856948853,1.5149999856948853,1.440000057220459,1.440000057220459,738,0.0,0.0,AIFU,1h
2026-04-07 09:30:00-04:00,1.5700000524520874,1.5800000429153442,1.5199999809265137,1.5199999809265137,1354,0.0,0.0,AIFU,1h
2026-04-07 10:30:00-04:00,1.5800000429153442,1.590000033378601,1.524999976158142,1.5759999752044678,2636,0.0,0.0,AIFU,1h
2026-04-07 11:30:00-04:00,1.5800000429153442,1.590000033378601,1.4700000286102295,1.4700000286102295,3497,0.0,0.0,AIFU,1h
2026-04-07 13:30:00-04:00,1.4700000286102295,1.4700000286102295,1.4600000381469727,1.4600000381469727,1326,0.0,0.0,AIFU,1h
2026-04-07 14:30:00-04:00,1.4299999475479126,1.440000057220459,1.4299999475479126,1.440000057220459,300,0.0,0.0,AIFU,1h
2026-04-07 15:30:00-04:00,1.434999942779541,1.434999942779541,1.4079999923706055,1.4079999923706055,1347,0.0,0.0,AIFU,1h
2026-04-08 09:30:00-04:00,1.548799991607666,1.548799991607666,1.2699999809265137,1.5,4213,0.0,0.0,AIFU,1h
2026-04-08 10:30:00-04:00,1.409999966621399,1.4199999570846558,1.2599999904632568,1.3250000476837158,15528,0.0,0.0,AIFU,1h
2026-04-08 11:30:00-04:00,1.25,1.2799999713897705,1.25,1.2699999809265137,807,0.0,0.0,AIFU,1h
2026-04-08 12:30:00-04:00,1.2949999570846558,1.3300000429153442,1.25,1.2599999904632568,3228,0.0,0.0,AIFU,1h
2026-04-08 13:30:00-04:00,1.2599999904632568,1.3300000429153442,1.2300000190734863,1.2999999523162842,9699,0.0,0.0,AIFU,1h
2026-04-08 14:30:00-04:00,1.2999999523162842,1.3600000143051147,1.2400000095367432,1.2799999713897705,3109,0.0,0.0,AIFU,1h
2026-04-08 15:30:00-04:00,1.2999999523162842,1.2999999523162842,1.2940000295639038,1.2940000295639038,742,0.0,0.0,AIFU,1h
2026-04-09 09:30:00-04:00,1.2899999618530273,1.2899999618530273,1.100000023841858,1.1050000190734863,5370,0.0,0.0,AIFU,1h
2026-04-09 10:30:00-04:00,1.100000023841858,1.190000057220459,1.0117000341415405,1.190000057220459,5238,0.0,0.0,AIFU,1h
2026-04-09 11:30:00-04:00,1.1399999856948853,1.1399999856948853,1.1399999856948853,1.1399999856948853,131,0.0,0.0,AIFU,1h
2026-04-09 12:30:00-04:00,1.1893999576568604,1.2400000095367432,1.1799999475479126,1.2400000095367432,1465,0.0,0.0,AIFU,1h
2026-04-09 13:30:00-04:00,1.1799999475479126,1.1799999475479126,1.1799999475479126,1.1799999475479126,1343,0.0,0.0,AIFU,1h
2026-04-09 15:30:00-04:00,1.1380000114440918,1.1380000114440918,1.1380000114440918,1.1380000114440918,475,0.0,0.0,AIFU,1h
2026-04-10 10:30:00-04:00,1.059999942779541,1.059999942779541,0.9998999834060669,1.0199999809265137,25608,0.0,0.0,AIFU,1h
2026-04-10 11:30:00-04:00,1.0399999618530273,1.059999942779541,1.0299999713897705,1.0499999523162842,1332,0.0,0.0,AIFU,1h
2026-04-10 12:30:00-04:00,1.1270999908447266,1.1514999866485596,1.1270999908447266,1.1513999700546265,2115,0.0,0.0,AIFU,1h
2026-04-10 13:30:00-04:00,1.1510000228881836,1.2200000286102295,1.149999976158142,1.2100000381469727,1651,0.0,0.0,AIFU,1h
2026-04-10 15:30:00-04:00,1.2400000095367432,1.2400000095367432,1.2300000190734863,1.2300000190734863,201,0.0,0.0,AIFU,1h
2026-04-13 09:30:00-04:00,1.2300000190734863,1.2899999618530273,1.100000023841858,1.2899999618530273,5843,0.0,0.0,AIFU,1h
2026-04-13 10:30:00-04:00,1.2899999618530273,1.2899999618530273,1.2899999618530273,1.2899999618530273,2678,0.0,0.0,AIFU,1h
2026-04-13 12:30:00-04:00,1.309999942779541,1.309999942779541,1.309999942779541,1.309999942779541,156,0.0,0.0,AIFU,1h
2026-04-13 13:30:00-04:00,1.3300000429153442,1.3899999856948853,1.3300000429153442,1.3899999856948853,402,0.0,0.0,AIFU,1h
2026-04-13 14:30:00-04:00,1.340000033378601,1.3899999856948853,1.2610000371932983,1.3200000524520874,1420,0.0,0.0,AIFU,1h
2026-04-13 15:30:00-04:00,1.3300000429153442,1.3300000429153442,1.3300000429153442,1.3300000429153442,234,0.0,0.0,AIFU,1h
2026-04-14 10:30:00-04:00,1.3700000047683716,1.3700000047683716,1.100000023841858,1.3200000524520874,2496,0.0,0.0,AIFU,1h
2026-04-14 11:30:00-04:00,1.3200000524520874,1.3899999856948853,1.3200000524520874,1.3899999856948853,919,0.0,0.0,AIFU,1h
2026-04-14 13:30:00-04:00,1.3799999952316284,1.3799999952316284,1.3799999952316284,1.3799999952316284,1242,0.0,0.0,AIFU,1h
2026-04-15 10:30:00-04:00,1.313099980354309,1.313099980354309,1.313099980354309,1.313099980354309,498,0.0,0.0,AIFU,1h
2026-04-15 11:30:00-04:00,1.2999999523162842,1.3899999856948853,1.2999999523162842,1.3700000047683716,1639,0.0,0.0,AIFU,1h
2026-04-15 12:30:00-04:00,1.3799999952316284,1.4900000095367432,1.3799999952316284,1.4900000095367432,2146,0.0,0.0,AIFU,1h
2026-04-15 13:30:00-04:00,1.440000057220459,1.4500000476837158,1.440000057220459,1.4500000476837158,2295,0.0,0.0,AIFU,1h
2026-04-15 14:30:00-04:00,1.4299999475479126,1.4500000476837158,1.4010000228881836,1.4500000476837158,1497,0.0,0.0,AIFU,1h
2026-04-15 15:30:00-04:00,1.4500000476837158,1.4600000381469727,1.4299999475479126,1.4299999475479126,1572,0.0,0.0,AIFU,1h
2026-04-16 09:30:00-04:00,1.399999976158142,1.4600000381469727,1.399999976158142,1.4299999475479126,2309,0.0,0.0,AIFU,1h
2026-04-16 10:30:00-04:00,1.4500000476837158,1.4500000476837158,1.4199999570846558,1.4199999570846558,957,0.0,0.0,AIFU,1h
2026-04-17 09:30:00-04:00,1.4600000381469727,1.4600000381469727,1.409999966621399,1.4500000476837158,3989,0.0,0.0,AIFU,1h
2026-04-17 10:30:00-04:00,1.4499000310897827,1.4499000310897827,1.4499000310897827,1.4499000310897827,1099,0.0,0.0,AIFU,1h
2026-04-17 11:30:00-04:00,1.4299999475479126,1.440000057220459,1.4299999475479126,1.440000057220459,229,0.0,0.0,AIFU,1h
2026-04-17 12:30:00-04:00,1.409999966621399,1.410099983215332,1.409999966621399,1.409999966621399,2100,0.0,0.0,AIFU,1h
2026-04-17 13:30:00-04:00,1.4599000215530396,1.4599000215530396,1.4599000215530396,1.4599000215530396,404,0.0,0.0,AIFU,1h
2026-04-17 14:30:00-04:00,1.4299999475479126,1.4299999475479126,1.4299999475479126,1.4299999475479126,999,0.0,0.0,AIFU,1h
2026-04-17 15:30:00-04:00,1.4101999998092651,1.4101999998092651,1.2799999713897705,1.340000033378601,6853,0.0,0.0,AIFU,1h
