date,open,high,low,close,volume,dividends,stock_splits,ticker,interval
1999-01-22 00:00:00-05:00,0.04010933730137804,0.044764770023491385,0.03557308794655476,0.037602849304676056,2714688000,0.0,0.0,NVDA,1d
1999-01-25 00:00:00-05:00,0.04058698959881892,0.04201900718553043,0.037602855739892804,0.041542280465364456,510480000,0.0,0.0,NVDA,1d
1999-01-26 00:00:00-05:00,0.0420189913586242,0.04285509852255427,0.03772202150388292,0.038318850100040436,343200000,0.0,0.0,NVDA,1d
1999-01-27 00:00:00-05:00,0.0384380339071714,0.03939332451031579,0.03628909282181268,0.03819967061281204,244368000,0.0,0.0,NVDA,1d
1999-01-28 00:00:00-05:00,0.038199680839291025,0.0384380441974629,0.037841218796578945,0.038079582154750824,227520000,0.0,0.0,NVDA,1d
1999-01-29 00:00:00-05:00,0.03807958298621902,0.03819968167338157,0.03628910332918167,0.03628910332918167,244032000,0.0,0.0,NVDA,1d
1999-02-01 00:00:00-05:00,0.03628908927201278,0.037244376366421535,0.03628908927201278,0.037006013095378876,154704000,0.0,0.0,NVDA,1d
1999-02-02 00:00:00-05:00,0.036289104776780705,0.03724439227934257,0.03306660396940679,0.03414107486605644,264096000,0.0,0.0,NVDA,1d
1999-02-03 00:00:00-05:00,0.03366341426801234,0.03533470968121038,0.03342413231385723,0.03485706448554993,75120000,0.0,0.0,NVDA,1d
1999-02-04 00:00:00-05:00,0.03533473142964435,0.03772204016467908,0.03485708593999436,0.03676675260066986,181920000,0.0,0.0,NVDA,1d
1999-02-05 00:00:00-05:00,0.03736355194763959,0.038199658940477714,0.036409180348967625,0.03784119710326195,136848000,0.0,0.0,NVDA,1d
1999-02-08 00:00:00-05:00,0.03807957181524481,0.03819967046717537,0.03652837127447128,0.03652837127447128,154080000,0.0,0.0,NVDA,1d
1999-02-09 00:00:00-05:00,0.03724437941204473,0.037482746117868684,0.034617793067260004,0.03509543836116791,86976000,0.0,0.0,NVDA,1d
1999-02-10 00:00:00-05:00,0.03509545415440886,0.036050741756822526,0.03414107843466556,0.034737907350063324,148224000,0.0,0.0,NVDA,1d
1999-02-11 00:00:00-05:00,0.034857061661539776,0.03915403064905733,0.034857061661539776,0.037722013890743256,132240000,0.0,0.0,NVDA,1d
1999-02-12 00:00:00-05:00,0.038199660038835064,0.04010932200366038,0.038199660038835064,0.039870958775281906,109728000,0.0,0.0,NVDA,1d
1999-02-16 00:00:00-05:00,0.04058698171670276,0.042258281052032595,0.03605072905122584,0.040109336376190186,211008000,0.0,0.0,NVDA,1d
1999-02-17 00:00:00-05:00,0.03915404163747538,0.03963168692848767,0.037244379186259384,0.03796038776636124,67728000,0.0,0.0,NVDA,1d
1999-02-18 00:00:00-05:00,0.03915405310363991,0.03963169853452945,0.03748275686736799,0.038557227700948715,70704000,0.0,0.0,NVDA,1d
1999-02-19 00:00:00-05:00,0.038199660038835064,0.040586967173016505,0.037722014869478945,0.039870958775281906,75360000,0.0,0.0,NVDA,1d
1999-02-22 00:00:00-05:00,0.04058698171670276,0.04106462705721534,0.037960391700347776,0.040109336376190186,205248000,0.0,0.0,NVDA,1d
1999-02-23 00:00:00-05:00,0.04106461553802477,0.04285509432035183,0.03867730821806286,0.042018987238407135,138096000,0.0,0.0,NVDA,1d
1999-02-24 00:00:00-05:00,0.048226538501177287,0.05013711595174075,0.044287115563863604,0.045361585915088654,612768000,0.0,0.0,NVDA,1d
1999-02-25 00:00:00-05:00,0.04727219190553667,0.048704213122086476,0.04321266788635689,0.04392959550023079,149136000,0.0,0.0,NVDA,1d
1999-02-26 00:00:00-05:00,0.04440721767350152,0.045839234722378316,0.04154226486298617,0.04189981147646904,172608000,0.0,0.0,NVDA,1d
1999-03-01 00:00:00-05:00,0.042974278676829764,0.04392956911267609,0.040109326081983344,0.04213908687233925,92160000,0.0,0.0,NVDA,1d
1999-03-02 00:00:00-05:00,0.042018995281796714,0.04225827728719931,0.04106462339872591,0.041780631989240646,55248000,0.0,0.0,NVDA,1d
1999-03-03 00:00:00-05:00,0.04201899119942432,0.04201899119942432,0.038677311864068926,0.03891567513346672,61392000,0.0,0.0,NVDA,1d
1999-03-04 00:00:00-05:00,0.04082535263157938,0.04106463470285069,0.037722035409847844,0.038079582154750824,57360000,0.0,0.0,NVDA,1d
1999-03-05 00:00:00-05:00,0.03843802977663263,0.040347692064856215,0.03843802977663263,0.04022851213812828,78768000,0.0,0.0,NVDA,1d
1999-03-08 00:00:00-05:00,0.039154070313018735,0.042019025444486754,0.03843806120852823,0.04082537069916725,75888000,0.0,0.0,NVDA,1d
1999-03-09 00:00:00-05:00,0.04070615463385857,0.04273591542421447,0.04070615463385857,0.04213908687233925,143184000,0.0,0.0,NVDA,1d
1999-03-10 00:00:00-05:00,0.04273592602659896,0.04273592602659896,0.04082534468090889,0.041422173380851746,235344000,0.0,0.0,NVDA,1d
1999-03-11 00:00:00-05:00,0.04070616869627037,0.04142217741416223,0.03963169455528259,0.03963169455528259,54288000,0.0,0.0,NVDA,1d
1999-03-12 00:00:00-05:00,0.039870965636572414,0.039870965636572414,0.03819966661251608,0.03891567513346672,90768000,0.0,0.0,NVDA,1d
1999-03-15 00:00:00-05:00,0.03987096594531245,0.041064619727058965,0.03963168396130451,0.04058697447180748,108816000,0.0,0.0,NVDA,1d
1999-03-16 00:00:00-05:00,0.04082532625087443,0.0413029713716706,0.03891566448019552,0.039274126291275024,79152000,0.0,0.0,NVDA,1d
1999-03-17 00:00:00-05:00,0.03963169876584176,0.04034770755980398,0.03855722792598983,0.0395125187933445,51360000,0.0,0.0,NVDA,1d
1999-03-18 00:00:00-05:00,0.03963168041786675,0.04058697084295794,0.0386773087054578,0.0399901457130909,46320000,0.0,0.0,NVDA,1d
1999-03-19 00:00:00-05:00,0.039870973062398084,0.041302990371007445,0.039870973062398084,0.040109336376190186,105312000,0.0,0.0,NVDA,1d
1999-03-22 00:00:00-05:00,0.04094452076926426,0.041064619409075895,0.03891567513346672,0.03891567513346672,36672000,0.0,0.0,NVDA,1d
1999-03-23 00:00:00-05:00,0.03915404235382773,0.03915404235382773,0.03581236268126952,0.03652837127447128,163968000,0.0,0.0,NVDA,1d
1999-03-24 00:00:00-05:00,0.03628910332918167,0.0365283819903873,0.03485708230739302,0.03628910332918167,60864000,0.0,0.0,NVDA,1d
1999-03-25 00:00:00-05:00,0.0361699237092658,0.038199685654329074,0.03605074030751172,0.03676675260066986,40320000,0.0,0.0,NVDA,1d
1999-03-26 00:00:00-05:00,0.03724437306782101,0.04010932563041234,0.03724437306782101,0.0399901457130909,88272000,0.0,0.0,NVDA,1d
1999-03-29 00:00:00-05:00,0.04118381068110466,0.042139097952855885,0.04046779860700132,0.04118381068110466,65952000,0.0,0.0,NVDA,1d
1999-03-30 00:00:00-05:00,0.04130297449910378,0.04166143633732577,0.037482735371262406,0.037722013890743256,69504000,0.0,0.0,NVDA,1d
1999-03-31 00:00:00-05:00,0.03891567819604895,0.0408253406397895,0.03712519910403131,0.04034769535064697,153600000,0.0,0.0,NVDA,1d
1999-04-01 00:00:00-05:00,0.040347699266070576,0.04058698129027705,0.038438036637012445,0.0391540452837944,30432000,0.0,0.0,NVDA,1d
1999-04-05 00:00:00-04:00,0.03867731505929625,0.03963168692848767,0.03772202447727167,0.03796038776636124,98640000,0.0,0.0,NVDA,1d
1999-04-06 00:00:00-04:00,0.03831885021928524,0.038438030147162024,0.03628908927201278,0.037006013095378876,69696000,0.0,0.0,NVDA,1d
1999-04-07 00:00:00-04:00,0.03724438304604309,0.04034769968998229,0.037006019732251,0.040109336376190186,89280000,0.0,0.0,NVDA,1d
1999-04-08 00:00:00-04:00,0.040347725058338245,0.042019025444486754,0.03987099813101525,0.04082537069916725,130128000,0.0,0.0,NVDA,1d
1999-04-09 00:00:00-04:00,0.04106462705721534,0.04106462705721534,0.039870973062398084,0.040109336376190186,48624000,0.0,0.0,NVDA,1d
1999-04-12 00:00:00-04:00,0.0396316871915978,0.0396316871915978,0.03772202472770378,0.03843803331255913,33312000,0.0,0.0,NVDA,1d
1999-04-13 00:00:00-04:00,0.03915405343612149,0.03915405343612149,0.03628910295484874,0.036885928362607956,36144000,0.0,0.0,NVDA,1d
1999-04-14 00:00:00-04:00,0.036766734515155455,0.037602841681421216,0.03581235930323601,0.03581235930323601,48288000,0.0,0.0,NVDA,1d
1999-04-15 00:00:00-04:00,0.03676675260066986,0.03676675260066986,0.03581237691929434,0.03676675260066986,35856000,0.0,0.0,NVDA,1d
1999-04-16 00:00:00-04:00,0.03652837060615753,0.03855721640956298,0.03652837060615753,0.03796038776636124,38928000,0.0,0.0,NVDA,1d
1999-04-19 00:00:00-04:00,0.038438045036758114,0.038438045036758114,0.035812373187138175,0.03628910332918167,31296000,0.0,0.0,NVDA,1d
1999-04-20 00:00:00-04:00,0.0362890962971586,0.03772202892381532,0.035214622236289246,0.0355730876326561,67680000,0.0,0.0,NVDA,1d
1999-04-21 00:00:00-04:00,0.03557308737218824,0.036289096031448094,0.03533472064145682,0.03616991266608238,37488000,0.0,0.0,NVDA,1d
1999-04-22 00:00:00-04:00,0.03628909197504809,0.03628909197504809,0.03426024617412921,0.034617792814970016,227184000,0.0,0.0,NVDA,1d
1999-04-23 00:00:00-04:00,0.034498602651692765,0.03461778598020518,0.03270812390836393,0.03294740244746208,126048000,0.0,0.0,NVDA,1d
1999-04-26 00:00:00-04:00,0.03294740223863504,0.033424132134374424,0.030559179688445855,0.03127610683441162,123504000,0.0,0.0,NVDA,1d
1999-04-27 00:00:00-04:00,0.031992121786870206,0.03485707140131014,0.031514476496443324,0.034617792814970016,226944000,0.0,0.0,NVDA,1d
1999-04-28 00:00:00-04:00,0.03485707955263765,0.03485707955263765,0.03330496338164061,0.03437943756580353,120096000,0.0,0.0,NVDA,1d
1999-04-29 00:00:00-04:00,0.0344986175304278,0.034617800910342215,0.033663428819140584,0.03437943756580353,48144000,0.0,0.0,NVDA,1d
1999-04-30 00:00:00-04:00,0.034737884572441584,0.036289084775170184,0.034498602618286474,0.03485706448554993,99312000,0.0,0.0,NVDA,1d
1999-05-03 00:00:00-04:00,0.035214618298790516,0.035214618298790516,0.03414106307090147,0.03509543836116791,33840000,0.0,0.0,NVDA,1d
1999-05-04 00:00:00-04:00,0.035095434870651754,0.035095434870651754,0.03246976408455994,0.033185772597789764,96048000,0.0,0.0,NVDA,1d
1999-05-05 00:00:00-04:00,0.0334241429467069,0.03390178829431534,0.03151448026921517,0.03390178829431534,144576000,0.0,0.0,NVDA,1d
1999-05-06 00:00:00-04:00,0.03366342139429964,0.034379429983038945,0.03223048550397677,0.03324536606669426,35616000,0.0,0.0,NVDA,1d
1999-05-07 00:00:00-04:00,0.03223049233491096,0.03366342852893048,0.03223049233491096,0.033424146473407745,25008000,0.0,0.0,NVDA,1d
1999-05-10 00:00:00-04:00,0.03318578313092397,0.03414107051164687,0.03318578313092397,0.033424146473407745,19680000,0.0,0.0,NVDA,1d
1999-05-11 00:00:00-04:00,0.034857074896988846,0.03628909561433852,0.034141066245958855,0.0352146215736866,171744000,0.0,0.0,NVDA,1d
1999-05-12 00:00:00-04:00,0.03557309452593255,0.036409202016344226,0.03509544908605997,0.03628910332918167,168480000,0.0,0.0,NVDA,1d
1999-05-13 00:00:00-04:00,0.03628910332918167,0.037244390793636416,0.036169919939848194,0.03628910332918167,69936000,0.0,0.0,NVDA,1d
1999-05-14 00:00:00-04:00,0.03628910046125367,0.03628910046125367,0.03390179216367927,0.03437943756580353,28464000,0.0,0.0,NVDA,1d
1999-05-17 00:00:00-04:00,0.033901784665797935,0.03605072572827339,0.033782601312242685,0.03605072572827339,35760000,0.0,0.0,NVDA,1d
1999-05-18 00:00:00-04:00,0.03640918045117032,0.03819965904770639,0.03533470681850291,0.037722013890743256,151536000,0.0,0.0,NVDA,1d
1999-05-19 00:00:00-04:00,0.03939332409083121,0.0408253412674453,0.035453900493521595,0.03605072572827339,451728000,0.0,0.0,NVDA,1d
1999-05-20 00:00:00-04:00,0.03628908863028392,0.03628908863028392,0.031872935497099346,0.033185772597789764,178176000,0.0,0.0,NVDA,1d
1999-05-21 00:00:00-04:00,0.0327081313732724,0.0327081313732724,0.03151447746686516,0.032469768077135086,303504000,0.0,0.0,NVDA,1d
1999-05-24 00:00:00-04:00,0.03270814544803692,0.033424154357417676,0.03187295313165652,0.032349683344364166,162624000,0.0,0.0,NVDA,1d
1999-05-25 00:00:00-04:00,0.03246976762559691,0.032947409508800145,0.03223048561992682,0.03258894756436348,130080000,0.0,0.0,NVDA,1d
1999-05-26 00:00:00-04:00,0.032469768077135086,0.034141063873387854,0.032469768077135086,0.032469768077135086,104736000,0.0,0.0,NVDA,1d
1999-05-27 00:00:00-04:00,0.032708141864902125,0.032708141864902125,0.032230496406555176,0.032230496406555176,82320000,0.0,0.0,NVDA,1d
1999-05-28 00:00:00-04:00,0.03270813091841945,0.03270813091841945,0.03223048561992682,0.03258894756436348,88656000,0.0,0.0,NVDA,1d
1999-06-01 00:00:00-04:00,0.032469767485091096,0.03270813077688217,0.03199212218866537,0.03270813077688217,98544000,0.0,0.0,NVDA,1d
1999-06-02 00:00:00-04:00,0.032708127006494614,0.032708127006494614,0.031514473259449005,0.031514473259449005,130128000,0.0,0.0,NVDA,1d
1999-06-03 00:00:00-04:00,0.032349683344364166,0.032588962041037284,0.031992136538656166,0.032349683344364166,41568000,0.0,0.0,NVDA,1d
1999-06-04 00:00:00-04:00,0.03258894756436348,0.03270813091841945,0.03234966897398279,0.03258894756436348,78912000,0.0,0.0,NVDA,1d
1999-06-07 00:00:00-04:00,0.0327677138649758,0.033424132346223066,0.03270812390836393,0.03294740244746208,125136000,0.0,0.0,NVDA,1d
1999-06-08 00:00:00-04:00,0.03306660370626397,0.034379441380641695,0.03294742031312464,0.03378261253237724,153312000,0.0,0.0,NVDA,1d
1999-06-09 00:00:00-04:00,0.03390179216367927,0.03509544631246647,0.03390179216367927,0.03437943756580353,95184000,0.0,0.0,NVDA,1d
1999-06-10 00:00:00-04:00,0.03437943709005687,0.03461780043129706,0.0341410703335266,0.03449861705303192,36096000,0.0,0.0,NVDA,1d
1999-06-11 00:00:00-04:00,0.03449862135849051,0.034617804751629844,0.032588958251138854,0.03378261253237724,61008000,0.0,0.0,NVDA,1d
1999-06-14 00:00:00-04:00,0.03384219189417824,0.03390178527967965,0.032230486068137436,0.032469768077135086,51648000,0.0,0.0,NVDA,1d
1999-06-15 00:00:00-04:00,0.032469768077135086,0.0327081313732724,0.03199212277200012,0.032469768077135086,49296000,0.0,0.0,NVDA,1d
1999-06-16 00:00:00-04:00,0.03294741637315009,0.034379437269420755,0.03246977439043369,0.033424146473407745,64416000,0.0,0.0,NVDA,1d
1999-06-17 00:00:00-04:00,0.033185776678407365,0.03366342198354233,0.032469768077135086,0.032469768077135086,74928000,0.0,0.0,NVDA,1d
1999-06-18 00:00:00-04:00,0.03270812370105349,0.03270812370105349,0.03127610683441162,0.03127610683441162,158736000,0.0,0.0,NVDA,1d
1999-06-21 00:00:00-04:00,0.032230478712240954,0.03294740244746208,0.031365034318882476,0.03294740244746208,83472000,0.0,0.0,NVDA,1d
1999-06-22 00:00:00-04:00,0.03294742414471003,0.03294742414471003,0.03163367101969249,0.032349683344364166,193056000,0.0,0.0,NVDA,1d
1999-06-23 00:00:00-04:00,0.031992115470504796,0.03294740244746208,0.03163365018760557,0.03294740244746208,210912000,0.0,0.0,NVDA,1d
1999-06-24 00:00:00-04:00,0.033185787323249075,0.033185787323249075,0.031992133033959216,0.032230496406555176,115200000,0.0,0.0,NVDA,1d
1999-06-25 00:00:00-04:00,0.03199212218866537,0.03306659271976767,0.03199212218866537,0.03270813077688217,73536000,0.0,0.0,NVDA,1d
1999-06-28 00:00:00-04:00,0.033782597769961335,0.033782597769961335,0.03246976408455994,0.033185772597789764,109152000,0.0,0.0,NVDA,1d
1999-06-29 00:00:00-04:00,0.03366342201257543,0.034020965249445055,0.03318577670702852,0.03354423865675926,92688000,0.0,0.0,NVDA,1d
1999-06-30 00:00:00-04:00,0.03461779349075603,0.03652837127447128,0.033901784897554264,0.03652837127447128,269232000,0.0,0.0,NVDA,1d
1999-07-01 00:00:00-04:00,0.03652837056138822,0.03652837056138822,0.03270813036609452,0.034617792814970016,88992000,0.0,0.0,NVDA,1d
1999-07-02 00:00:00-04:00,0.03509544241100001,0.037125203758478165,0.03437943374393383,0.037125203758478165,224880000,0.0,0.0,NVDA,1d
1999-07-06 00:00:00-04:00,0.037482757474331066,0.037482757474331066,0.036766748672953445,0.037244390696287155,198096000,0.0,0.0,NVDA,1d
1999-07-07 00:00:00-04:00,0.03748274657641305,0.03748274657641305,0.03652837127447128,0.03652837127447128,63120000,0.0,0.0,NVDA,1d
1999-07-08 00:00:00-04:00,0.03676673017034686,0.037960380394361844,0.0355730765310432,0.037363555282354355,186048000,0.0,0.0,NVDA,1d
1999-07-09 00:00:00-04:00,0.03724438687087939,0.04082534922308039,0.03724438687087939,0.04052739590406418,211728000,0.0,0.0,NVDA,1d
1999-07-12 00:00:00-04:00,0.04297430109707635,0.04416795540828281,0.04130300131875293,0.04237747564911842,401040000,0.0,0.0,NVDA,1d
1999-07-13 00:00:00-04:00,0.04285510968974182,0.04309347643744541,0.04058698488745678,0.04249664768576622,138864000,0.0,0.0,NVDA,1d
1999-07-14 00:00:00-04:00,0.04249667108531576,0.043451962366973775,0.040587007235505755,0.04082537069916725,137952000,0.0,0.0,NVDA,1d
1999-07-15 00:00:00-04:00,0.04118380336211611,0.0424966370811414,0.04106462001800537,0.04106462001800537,137040000,0.0,0.0,NVDA,1d
1999-07-16 00:00:00-04:00,0.04178062813354506,0.04225827338742457,0.04106461960910666,0.04189981147646904,103872000,0.0,0.0,NVDA,1d
1999-07-19 00:00:00-04:00,0.042019025444486754,0.04213912418217759,0.040587007235505755,0.04082537069916725,43632000,0.0,0.0,NVDA,1d
1999-07-20 00:00:00-04:00,0.04082534503049486,0.04082534503049486,0.03867731906758083,0.040109336376190186,178752000,0.0,0.0,NVDA,1d
1999-07-21 00:00:00-04:00,0.039631683654417355,0.039631683654417355,0.03772202136096323,0.03891567513346672,112080000,0.0,0.0,NVDA,1d
1999-07-22 00:00:00-04:00,0.038677319756930624,0.038677319756930624,0.036766741776117585,0.037125203758478165,213264000,0.0,0.0,NVDA,1d
1999-07-23 00:00:00-04:00,0.03700602039181305,0.03819967440790492,0.03700602039181305,0.037125203758478165,80256000,0.0,0.0,NVDA,1d
1999-07-26 00:00:00-04:00,0.03807958288668673,0.03807958288668673,0.037244390696287155,0.037244390696287155,60528000,0.0,0.0,NVDA,1d
1999-07-27 00:00:00-04:00,0.037244371953310595,0.03748273861139811,0.03676673017034686,0.037363555282354355,98592000,0.0,0.0,NVDA,1d
1999-07-28 00:00:00-04:00,0.037244379186259384,0.038438033057373526,0.037125199249359274,0.03796038776636124,244224000,0.0,0.0,NVDA,1d
1999-07-29 00:00:00-04:00,0.03724437625052039,0.038438030027546345,0.0370060129802195,0.038318850100040436,388800000,0.0,0.0,NVDA,1d
1999-07-30 00:00:00-04:00,0.038318853374867796,0.03939332390092577,0.0381996700218871,0.03843803331255913,452304000,0.0,0.0,NVDA,1d
1999-08-02 00:00:00-04:00,0.038438034008546,0.03891567931137791,0.038199670713557995,0.038796499371528625,313344000,0.0,0.0,NVDA,1d
1999-08-03 00:00:00-04:00,0.03879648741450666,0.03879648741450666,0.037482735266046174,0.03784119710326195,255216000,0.0,0.0,NVDA,1d
1999-08-04 00:00:00-04:00,0.03807956032478675,0.038199658940477714,0.03772201378485536,0.03784119710326195,89952000,0.0,0.0,NVDA,1d
1999-08-05 00:00:00-04:00,0.03784120808068448,0.03843803331255913,0.037244379433520464,0.03843803331255913,240576000,0.0,0.0,NVDA,1d
1999-08-06 00:00:00-04:00,0.038318853374867796,0.03855721666553982,0.0381996700218871,0.03843803331255913,183984000,0.0,0.0,NVDA,1d
1999-08-09 00:00:00-04:00,0.03855721666553982,0.03891567860674245,0.0381996700218871,0.03843803331255913,31056000,0.0,0.0,NVDA,1d
1999-08-10 00:00:00-04:00,0.038677318661218915,0.04082534460156479,0.038438036637012445,0.0391540452837944,212064000,0.0,0.0,NVDA,1d
1999-08-11 00:00:00-04:00,0.0398709695102525,0.04225827728719931,0.03939332421229383,0.041780631989240646,197712000,0.0,0.0,NVDA,1d
1999-08-12 00:00:00-04:00,0.04201899472329101,0.04488394776011627,0.041780631433903204,0.04380947723984718,239616000,0.0,0.0,NVDA,1d
1999-08-13 00:00:00-04:00,0.04345192773425576,0.04428711961254557,0.042974282474126865,0.043332744389772415,84672000,0.0,0.0,NVDA,1d
1999-08-16 00:00:00-04:00,0.04369029852322495,0.04369029852322495,0.0402285198904319,0.04166145250201225,223440000,0.0,0.0,NVDA,1d
1999-08-17 00:00:00-04:00,0.041780631989240646,0.042496640579755385,0.04070616145468997,0.041780631989240646,193536000,0.0,0.0,NVDA,1d
1999-08-18 00:00:00-04:00,0.0413029871711135,0.04321264967228688,0.04046779521697331,0.04273592308163643,279888000,0.0,0.0,NVDA,1d
1999-08-19 00:00:00-04:00,0.04572005513767503,0.054195730923003595,0.044167939320816564,0.05180750787258148,1966992000,0.0,0.0,NVDA,1d
1999-08-20 00:00:00-04:00,0.051927603635180584,0.05228514684288187,0.049420197371473226,0.051330775022506714,353088000,0.0,0.0,NVDA,1d
1999-08-23 00:00:00-04:00,0.05061386208094409,0.05061386208094409,0.04655525451018924,0.048226553946733475,507984000,0.0,0.0,NVDA,1d
1999-08-24 00:00:00-04:00,0.04751053849486992,0.048465825682652244,0.04512323070004396,0.04798818379640579,398064000,0.0,0.0,NVDA,1d
1999-08-25 00:00:00-04:00,0.04810735538386123,0.048585000602471604,0.0458392313376268,0.04774889349937439,350352000,0.0,0.0,NVDA,1d
1999-08-26 00:00:00-04:00,0.04774891263844542,0.04846583669478189,0.04631689512131639,0.047032903879880905,275376000,0.0,0.0,NVDA,1d
1999-08-27 00:00:00-04:00,0.04798818363153868,0.05156914189618554,0.04774890162516612,0.04965947940945625,552384000,0.0,0.0,NVDA,1d
1999-08-30 00:00:00-04:00,0.050494685792550266,0.05144997666543576,0.04739136852534175,0.049479804933071136,158640000,0.0,0.0,NVDA,1d
1999-08-31 00:00:00-04:00,0.049659475912743264,0.0539564458835307,0.04870418879550831,0.05371808260679245,786864000,0.0,0.0,NVDA,1d
1999-09-01 00:00:00-04:00,0.053718093326862525,0.053718093326862525,0.050375494508759194,0.051210686564445496,565344000,0.0,0.0,NVDA,1d
1999-09-02 00:00:00-04:00,0.04953938378585029,0.050853136411439265,0.04846582847887807,0.05061385780572891,341088000,0.0,0.0,NVDA,1d
1999-09-03 00:00:00-04:00,0.05156913411246521,0.05228514259780983,0.050613847072153564,0.050972308963537216,258864000,0.0,0.0,NVDA,1d
1999-09-07 00:00:00-04:00,0.051807516571376014,0.051807516571376014,0.05049467912178465,0.050733961164951324,124416000,0.0,0.0,NVDA,1d
1999-09-08 00:00:00-04:00,0.050853136411439265,0.0512106830812244,0.05061385780572891,0.05061385780572891,170064000,0.0,0.0,NVDA,1d
1999-09-09 00:00:00-04:00,0.051091507349830326,0.05144996934680508,0.04894256254807649,0.049897853285074234,209472000,0.0,0.0,NVDA,1d
1999-09-10 00:00:00-04:00,0.05073395646503729,0.05133078174053278,0.05037549108234574,0.05061385780572891,167424000,0.0,0.0,NVDA,1d
1999-09-13 00:00:00-04:00,0.05085313249608032,0.05085313249608032,0.048465824747326226,0.048942554742097855,174432000,0.0,0.0,NVDA,1d
1999-09-14 00:00:00-04:00,0.04894254775943888,0.04894254775943888,0.047272164128604716,0.047510530799627304,250368000,0.0,0.0,NVDA,1d
1999-09-15 00:00:00-04:00,0.04691370267608144,0.04846581828324943,0.0465552407840882,0.0478689931333065,212736000,0.0,0.0,NVDA,1d
1999-09-16 00:00:00-04:00,0.047272159578738635,0.047748889459610505,0.046077590692220304,0.046674419194459915,158112000,0.0,0.0,NVDA,1d
1999-09-17 00:00:00-04:00,0.04637647012506727,0.04679452541679693,0.04488394439365771,0.04655524343252182,171648000,0.0,0.0,NVDA,1d
1999-09-20 00:00:00-04:00,0.04572005125677256,0.04631687985197457,0.04488394409418106,0.04488394409418106,229104000,0.0,0.0,NVDA,1d
1999-09-21 00:00:00-04:00,0.04392957254580348,0.04416793581704703,0.03999014928857876,0.04058697447180748,737328000,0.0,0.0,NVDA,1d
1999-09-22 00:00:00-04:00,0.04058698959881892,0.041780643825447446,0.03819968114556189,0.041542280465364456,375984000,0.0,0.0,NVDA,1d
1999-09-23 00:00:00-04:00,0.04166146010373464,0.04178064349046575,0.037722035409847844,0.038079582154750824,379584000,0.0,0.0,NVDA,1d
1999-09-24 00:00:00-04:00,0.0381996697214663,0.03915404158948803,0.031992121786870206,0.034617792814970016,684912000,0.0,0.0,NVDA,1d
1999-09-27 00:00:00-04:00,0.03688593258713317,0.037482761478537234,0.034617807253852516,0.03676675260066986,432000000,0.0,0.0,NVDA,1d
1999-09-28 00:00:00-04:00,0.036826331095445815,0.04058698171670276,0.036766741120820214,0.040109336376190186,413184000,0.0,0.0,NVDA,1d
1999-09-29 00:00:00-04:00,0.04094453648997987,0.04249665276763012,0.03628910295484874,0.036885928362607956,594048000,0.0,0.0,NVDA,1d
1999-09-30 00:00:00-04:00,0.038199685654329074,0.03939334002184644,0.03628910711101987,0.03676675260066986,342528000,0.0,0.0,NVDA,1d
1999-10-01 00:00:00-04:00,0.036169909329090116,0.03748274657641305,0.03461779349075603,0.03652837127447128,347760000,0.0,0.0,NVDA,1d
1999-10-04 00:00:00-04:00,0.03772203613491126,0.03784121952393322,0.036766748672953445,0.037244390696287155,177600000,0.0,0.0,NVDA,1d
1999-10-05 00:00:00-04:00,0.03724440646320873,0.041064652876334755,0.03724440646320873,0.04082537069916725,478080000,0.0,0.0,NVDA,1d
1999-10-06 00:00:00-04:00,0.040944531509740346,0.04774890931792889,0.0405869848042083,0.04572006314992905,1508736000,0.0,0.0,NVDA,1d
1999-10-07 00:00:00-04:00,0.047629718631016366,0.047629718631016366,0.04249664107345401,0.04273592308163643,487296000,0.0,0.0,NVDA,1d
1999-10-08 00:00:00-04:00,0.04273591852662971,0.046197696509370396,0.04106461949891692,0.04488394409418106,398928000,0.0,0.0,NVDA,1d
1999-10-11 00:00:00-04:00,0.045242409844174665,0.04536159319689466,0.042496640150900836,0.04369029402732849,544464000,0.0,0.0,NVDA,1d
1999-10-12 00:00:00-04:00,0.04392956483857709,0.04440721001002807,0.04297427449567512,0.04309345781803131,322992000,0.0,0.0,NVDA,1d
1999-10-13 00:00:00-04:00,0.04261582000090744,0.04261582000090744,0.04106461960910666,0.04189981147646904,280368000,0.0,0.0,NVDA,1d
1999-10-14 00:00:00-04:00,0.042018991822505763,0.042018991822505763,0.04058697475936973,0.04106462001800537,192336000,0.0,0.0,NVDA,1d
1999-10-15 00:00:00-04:00,0.03903489028883391,0.041064652876334755,0.03891570684935724,0.04082537069916725,210720000,0.0,0.0,NVDA,1d
1999-10-18 00:00:00-04:00,0.04094452531596859,0.04094452531596859,0.03843803415028369,0.038677316159009933,215184000,0.0,0.0,NVDA,1d
1999-10-19 00:00:00-04:00,0.0398709737730225,0.0398709737730225,0.036409195091411994,0.037125203758478165,308928000,0.0,0.0,NVDA,1d
1999-10-20 00:00:00-04:00,0.03772202472770378,0.03891567860674245,0.03712519949582913,0.03843803331255913,348720000,0.0,0.0,NVDA,1d
1999-10-21 00:00:00-04:00,0.038318849849904704,0.04022851213812828,0.03724437600739855,0.04022851213812828,382128000,0.0,0.0,NVDA,1d
1999-10-22 00:00:00-04:00,0.04010933662877228,0.04237746468343876,0.04010933662877228,0.04118381068110466,286752000,0.0,0.0,NVDA,1d
1999-10-25 00:00:00-04:00,0.04094452796485349,0.04154227196126547,0.0391540452837944,0.0391540452837944,213840000,0.0,0.0,NVDA,1d
1999-10-26 00:00:00-04:00,0.0408253519188273,0.044407233220566944,0.040586988564816906,0.04297429695725441,481248000,0.0,0.0,NVDA,1d
1999-10-27 00:00:00-04:00,0.04321264561270942,0.04345192759841269,0.04034769277366646,0.04106462001800537,214128000,0.0,0.0,NVDA,1d
1999-10-28 00:00:00-04:00,0.041302989937059005,0.042018998583840964,0.03891568197250666,0.0391540452837944,222768000,0.0,0.0,NVDA,1d
1999-10-29 00:00:00-04:00,0.039631680750174585,0.04297427855333888,0.039393317498244255,0.04225827008485794,330528000,0.0,0.0,NVDA,1d
1999-11-01 00:00:00-05:00,0.041542264751514756,0.04655524312189385,0.041542264751514756,0.04488394409418106,782544000,0.0,0.0,NVDA,1d
1999-11-02 00:00:00-05:00,0.04572004800350327,0.04798817546502653,0.04536158611901643,0.04774889349937439,837504000,0.0,0.0,NVDA,1d
1999-11-03 00:00:00-05:00,0.049659474990420775,0.0537180816090897,0.049301013076830116,0.05240432918071747,2011680000,0.0,0.0,NVDA,1d
1999-11-04 00:00:00-05:00,0.05300207718002987,0.05717986405043504,0.05300207718002987,0.055746931582689285,1260336000,0.0,0.0,NVDA,1d
1999-11-05 00:00:00-05:00,0.05729905529005918,0.05777669723485717,0.05133078507137643,0.05395645648241043,616368000,0.0,0.0,NVDA,1d
1999-11-08 00:00:00-05:00,0.05228516096565894,0.05706069620860218,0.050613864852874044,0.055508580058813095,470016000,0.0,0.0,NVDA,1d
1999-11-09 00:00:00-05:00,0.05538939211923049,0.055627755440883074,0.05252443869460617,0.05467246472835541,272352000,0.0,0.0,NVDA,1d
1999-11-10 00:00:00-05:00,0.05485216558607401,0.05491175557222447,0.05312127594136003,0.054195746779441833,144048000,0.0,0.0,NVDA,1d
1999-11-11 00:00:00-05:00,0.054195731027619896,0.060880005590713805,0.05300207714887863,0.05801505595445633,562704000,0.0,0.0,NVDA,1d
1999-11-12 00:00:00-05:00,0.060522462694775084,0.061119284480810165,0.05706068117255262,0.061119284480810165,501504000,0.0,0.0,NVDA,1d
1999-11-15 00:00:00-05:00,0.061536398464226816,0.06338738889733408,0.0589703218737108,0.059925612062215805,362208000,0.0,0.0,NVDA,1d
1999-11-16 00:00:00-05:00,0.0613576484272641,0.06684918729883707,0.06111928174417719,0.06565553694963455,723792000,0.0,0.0,NVDA,1d
1999-11-17 00:00:00-05:00,0.06684917230834755,0.0716237862956378,0.06589388202587147,0.06816200911998749,786384000,0.0,0.0,NVDA,1d
1999-11-18 00:00:00-05:00,0.06959405531456858,0.07019179932111412,0.06780357601844514,0.06840039789676666,235968000,0.0,0.0,NVDA,1d
1999-11-19 00:00:00-05:00,0.07663772115875146,0.0847549365475057,0.07639843911025164,0.08188997954130173,2165184000,0.0,0.0,NVDA,1d
1999-11-22 00:00:00-05:00,0.08397932385123105,0.08403891382619555,0.07687607451891798,0.08177079260349274,540192000,0.0,0.0,NVDA,1d
1999-11-23 00:00:00-05:00,0.07341432556245092,0.07675692560361157,0.07257913661645884,0.07592173665761948,553248000,0.0,0.0,NVDA,1d
1999-11-24 00:00:00-05:00,0.075563267146403,0.07639845601073368,0.06792369203635805,0.07353350520133972,406848000,0.0,0.0,NVDA,1d
1999-11-26 00:00:00-05:00,0.07281746054264199,0.07353347596642257,0.07066851946547614,0.07305674254894257,71760000,0.0,0.0,NVDA,1d
1999-11-29 00:00:00-05:00,0.0728174374141091,0.07377272771018875,0.06875883855518454,0.07043013721704483,298608000,0.0,0.0,NVDA,1d
1999-11-30 00:00:00-05:00,0.07066851064607874,0.07186216780535322,0.06613226234912872,0.06613226234912872,314688000,0.0,0.0,NVDA,1d
1999-12-01 00:00:00-05:00,0.06613229139193559,0.07043018172794287,0.06613229139193559,0.06947489082813263,223536000,0.0,0.0,NVDA,1d
1999-12-02 00:00:00-05:00,0.0697141436716965,0.0755632365714042,0.0697141436716965,0.07460794597864151,309888000,0.0,0.0,NVDA,1d
1999-12-03 00:00:00-05:00,0.0753239542291377,0.07663770675886343,0.07186217594459007,0.07281745970249176,342768000,0.0,0.0,NVDA,1d
1999-12-06 00:00:00-05:00,0.07305675739991996,0.075204783616176,0.07305675739991996,0.07484724372625351,178608000,0.0,0.0,NVDA,1d
1999-12-07 00:00:00-05:00,0.07544405729522562,0.07556324407588105,0.06947487539748035,0.07233982533216476,186384000,0.0,0.0,NVDA,1d
1999-12-08 00:00:00-05:00,0.07210145902674958,0.07627925318510137,0.07186218382754114,0.07556324452161789,201696000,0.0,0.0,NVDA,1d
1999-12-09 00:00:00-05:00,0.07544405771185227,0.07735372380002563,0.07066852637552322,0.07329511642456055,214944000,0.0,0.0,NVDA,1d
1999-12-10 00:00:00-05:00,0.0746079375685789,0.07496639947102404,0.07114615965873668,0.07245898991823196,98304000,0.0,0.0,NVDA,1d
1999-12-13 00:00:00-05:00,0.071623802353909,0.07413028980904522,0.07066851185725392,0.07222063094377518,183840000,0.0,0.0,NVDA,1d
1999-12-14 00:00:00-05:00,0.07233981811437648,0.07413029723270151,0.07031097228910334,0.07102698087692261,273888000,0.0,0.0,NVDA,1d
1999-12-15 00:00:00-05:00,0.07054935464714279,0.07090781666935263,0.0670875755806956,0.06875887513160706,205968000,0.0,0.0,NVDA,1d
1999-12-16 00:00:00-05:00,0.06911732915236918,0.07019179979685462,0.06804285850788373,0.06828121840953827,132576000,0.0,0.0,NVDA,1d
1999-12-17 00:00:00-05:00,0.07019180673690176,0.07293666171255894,0.0698333447207476,0.07186219096183777,262080000,0.0,0.0,NVDA,1d
1999-12-20 00:00:00-05:00,0.07198226474675945,0.07923402997580523,0.06947486197722991,0.07783135026693344,402432000,0.0,0.0,NVDA,1d
1999-12-21 00:00:00-05:00,0.07783135086961895,0.0812931288715922,0.07496640146616353,0.08117394894361496,388368000,0.0,0.0,NVDA,1d
1999-12-22 00:00:00-05:00,0.08141232296989923,0.08403890592362237,0.07830900660013078,0.0830836221575737,251184000,0.0,0.0,NVDA,1d
1999-12-23 00:00:00-05:00,0.08320278146649118,0.08881349946010526,0.08284523490839887,0.08857513964176178,280224000,0.0,0.0,NVDA,1d
1999-12-27 00:00:00-05:00,0.09048481285304077,0.09060399961204664,0.08427726535212798,0.08523255586624146,202416000,0.0,0.0,NVDA,1d
1999-12-28 00:00:00-05:00,0.0852325774169462,0.08833589430332407,0.08475493545440878,0.08499329537153244,179184000,0.0,0.0,NVDA,1d
1999-12-29 00:00:00-05:00,0.08481452532414079,0.08881353615114736,0.08475493534493685,0.08785825222730637,132144000,0.0,0.0,NVDA,1d
1999-12-30 00:00:00-05:00,0.0878582159309154,0.08917196814610555,0.08642619227330728,0.08857513964176178,139776000,0.0,0.0,NVDA,1d
1999-12-31 00:00:00-05:00,0.08839546154091994,0.0897688039265086,0.08809750489059137,0.08964870870113373,127344000,0.0,0.0,NVDA,1d
2000-01-03 00:00:00-05:00,0.090246467901033,0.0909624765484881,0.08427727927112148,0.08941035717725754,300912000,0.0,0.0,NVDA,1d
2000-01-04 00:00:00-05:00,0.08785826006696211,0.0880975353028376,0.08260599445969162,0.087023064494133,300480000,0.0,0.0,NVDA,1d
2000-01-05 00:00:00-05:00,0.08451656216400437,0.08594857947362931,0.08296444277682498,0.08415810018777847,188352000,0.0,0.0,NVDA,1d
2000-01-06 00:00:00-05:00,0.08415811623525749,0.08415811623525749,0.07544407121247952,0.0786665752530098,120480000,0.0,0.0,NVDA,1d
2000-01-07 00:00:00-05:00,0.07830899253861333,0.08081547980598051,0.07711533544830168,0.0799802914261818,71184000,0.0,0.0,NVDA,1d
2000-01-10 00:00:00-05:00,0.08021865788822764,0.08594856348679636,0.07878664084496453,0.08260596543550491,239856000,0.0,0.0,NVDA,1d
2000-01-11 00:00:00-05:00,0.0821283461104326,0.08308363687629505,0.07926338911056519,0.07926338911056519,148128000,0.0,0.0,NVDA,1d
2000-01-12 00:00:00-05:00,0.07926336713968479,0.07938346919452918,0.07616005108034975,0.07723452150821686,123552000,0.0,0.0,NVDA,1d
2000-01-13 00:00:00-05:00,0.07711534153476493,0.08117394809271176,0.07616005103427577,0.08045702427625656,132192000,0.0,0.0,NVDA,1d
2000-01-14 00:00:00-05:00,0.0816516042004055,0.08726140823436654,0.0814123221970964,0.08391880989074707,604560000,0.0,0.0,NVDA,1d
2000-01-18 00:00:00-05:00,0.0849932743213181,0.08785823058101094,0.08117394967062821,0.0875006839632988,261648000,0.0,0.0,NVDA,1d
2000-01-19 00:00:00-05:00,0.08785824465827503,0.08785824465827503,0.08594857861166089,0.0866645872592926,164688000,0.0,0.0,NVDA,1d
2000-01-20 00:00:00-05:00,0.08738151150971349,0.09215612746115881,0.08571021218412303,0.08642622083425522,179568000,0.0,0.0,NVDA,1d
2000-01-21 00:00:00-05:00,0.08618696838326052,0.08654543045173732,0.08332201089848965,0.08547095954418182,544272000,0.0,0.0,NVDA,1d
2000-01-24 00:00:00-05:00,0.08821670845465322,0.08821670845465322,0.08117396435503893,0.08165161311626434,256944000,0.0,0.0,NVDA,1d
2000-01-25 00:00:00-05:00,0.0820091214252091,0.082845231844886,0.07830898428795538,0.08093465119600296,237120000,0.0,0.0,NVDA,1d
2000-01-26 00:00:00-05:00,0.08093466543136218,0.08308361309832336,0.07616005039453255,0.07759206742048264,232464000,0.0,0.0,NVDA,1d
2000-01-27 00:00:00-05:00,0.07818893585436434,0.07818893585436434,0.07066854756136424,0.07353350520133972,458208000,0.0,0.0,NVDA,1d
2000-01-28 00:00:00-05:00,0.07257907779091696,0.07305671952484817,0.06852047209139156,0.07138542085886002,194448000,0.0,0.0,NVDA,1d
2000-01-31 00:00:00-05:00,0.07174298282778506,0.07329510192615389,0.06684918780640701,0.07078861445188522,182400000,0.0,0.0,NVDA,1d
2000-02-01 00:00:00-05:00,0.07090779297854788,0.07305673379831684,0.06828120350095039,0.07245898991823196,92976000,0.0,0.0,NVDA,1d
2000-02-02 00:00:00-05:00,0.07281748171394847,0.07592172112373703,0.07245901966434631,0.07448878139257431,149040000,0.0,0.0,NVDA,1d
2000-02-03 00:00:00-05:00,0.07687604432400504,0.07842816310927869,0.07520474563561316,0.0756823942065239,108240000,0.0,0.0,NVDA,1d
2000-02-04 00:00:00-05:00,0.07806975406376904,0.07806975406376904,0.07592172747980616,0.07747292518615723,123696000,0.0,0.0,NVDA,1d
2000-02-07 00:00:00-05:00,0.07783137365834114,0.07783137365834114,0.0725791151535519,0.07269829511642456,217488000,0.0,0.0,NVDA,1d
2000-02-08 00:00:00-05:00,0.07448877377267578,0.07878666356751902,0.07257911434193721,0.07616007328033447,468816000,0.0,0.0,NVDA,1d
2000-02-09 00:00:00-05:00,0.07902502981714549,0.08033786730349775,0.07795055908293283,0.07806973904371262,589056000,0.0,0.0,NVDA,1d
2000-02-10 00:00:00-05:00,0.08284527483204394,0.0954987405746628,0.08284527483204394,0.09406580775976181,970080000,0.0,0.0,NVDA,1d
2000-02-11 00:00:00-05:00,0.09872122233482791,0.09884132441116916,0.08857516859710998,0.09549872577190399,423792000,0.0,0.0,NVDA,1d
2000-02-14 00:00:00-05:00,0.09573709087640786,0.11077786237001419,0.09478180022054317,0.11077786237001419,650112000,0.0,0.0,NVDA,1d
2000-02-15 00:00:00-05:00,0.11101713724092534,0.11113631717936238,0.10194463273319286,0.10648088157176971,450480000,0.0,0.0,NVDA,1d
2000-02-16 00:00:00-05:00,0.10767453807242996,0.11507574334141546,0.10648088077951438,0.11137467622756958,1019568000,0.0,0.0,NVDA,1d
2000-02-17 00:00:00-05:00,0.11125549672075753,0.11603102754730024,0.10958419754304255,0.11531410366296768,535776000,0.0,0.0,NVDA,1d
2000-02-18 00:00:00-05:00,0.11364279904036098,0.13035578318617388,0.11280761055558487,0.12868449091911316,960864000,0.0,0.0,NVDA,1d
2000-02-22 00:00:00-05:00,0.12462587480145533,0.12629625164542146,0.12032797955356818,0.12510259449481964,542496000,0.0,0.0,NVDA,1d
2000-02-23 00:00:00-05:00,0.12367060764724348,0.1271323863585005,0.12211849505078858,0.12581954896450043,511392000,0.0,0.0,NVDA,1d
2000-02-24 00:00:00-05:00,0.12653556491612214,0.12737075349958743,0.11937271899130401,0.12462589889764786,244320000,0.0,0.0,NVDA,1d
2000-02-25 00:00:00-05:00,0.12474510188284406,0.12474510188284406,0.11173317391662521,0.11686624586582184,278736000,0.0,0.0,NVDA,1d
2000-02-28 00:00:00-05:00,0.11626937327618578,0.11746303042848387,0.11412043931034423,0.11603101342916489,517872000,0.0,0.0,NVDA,1d
2000-02-29 00:00:00-05:00,0.11531412450431386,0.12367061507262377,0.11531412450431386,0.1222376823425293,306048000,0.0,0.0,NVDA,1d
2000-03-01 00:00:00-05:00,0.12223767593166324,0.12223767593166324,0.11674705111150308,0.1186567172408104,383568000,0.0,0.0,NVDA,1d
2000-03-02 00:00:00-05:00,0.11961200984128391,0.11961200984128391,0.11030115044740438,0.1106586903333664,191040000,0.0,0.0,NVDA,1d
2000-03-03 00:00:00-05:00,0.11077786975618963,0.11364281978661203,0.109823494334306,0.11244916915893555,273696000,0.0,0.0,NVDA,1d
2000-03-06 00:00:00-05:00,0.11316607094425317,0.12176093301094795,0.11077784802905308,0.11173313856124878,432096000,0.0,0.0,NVDA,1d
2000-03-07 00:00:00-05:00,0.14324767291689328,0.16664494127795335,0.13704012257362785,0.15912455320358276,1952208000,0.0,0.0,NVDA,1d
2000-03-08 00:00:00-05:00,0.15903467236522423,0.1618702781110088,0.14754551487556303,0.16043734550476074,668736000,0.0,0.0,NVDA,1d
2000-03-09 00:00:00-05:00,0.1623470502331196,0.20627663425200293,0.161870316661419,0.19156406819820404,952944000,0.0,0.0,NVDA,1d
2000-03-10 00:00:00-05:00,0.20150196994862038,0.2769451048937609,0.2000690373366696,0.2253759652376175,2161200000,0.0,0.0,NVDA,1d
2000-03-13 00:00:00-05:00,0.20436694659781937,0.28649528415998393,0.20245636510605364,0.2850632667541504,2415168000,0.0,0.0,NVDA,1d
2000-03-14 00:00:00-05:00,0.2835112050477468,0.2835112050477468,0.20627664614366745,0.21033525466918945,1567776000,0.0,0.0,NVDA,1d
2000-03-15 00:00:00-05:00,0.22540630335734485,0.2312260683434559,0.19481685422091885,0.20174041390419006,995616000,0.0,0.0,NVDA,1d
2000-03-16 00:00:00-05:00,0.20818629606562777,0.21534914370672545,0.17691108813454304,0.17986497282981873,750384000,0.0,0.0,NVDA,1d
2000-03-17 00:00:00-05:00,0.1757174112785015,0.20436693856896065,0.1756871518109243,0.19075818359851837,557616000,0.0,0.0,NVDA,1d
2000-03-20 00:00:00-05:00,0.19827850824940083,0.20460523500250513,0.184550577584919,0.1906389445066452,365280000,0.0,0.0,NVDA,1d
2000-03-21 00:00:00-05:00,0.19099655216934244,0.19266784479772944,0.1661672712881267,0.1812080442905426,536640000,0.0,0.0,NVDA,1d
2000-03-22 00:00:00-05:00,0.1826409553087874,0.18813157969636518,0.17953671667570906,0.1825217753648758,230592000,0.0,0.0,NVDA,1d
2000-03-23 00:00:00-05:00,0.1808504167886698,0.1957720037301971,0.18049196176336574,0.18574421107769012,309408000,0.0,0.0,NVDA,1d
2000-03-24 00:00:00-05:00,0.18455063641017688,0.19290712656660317,0.171897165209537,0.1779855340719223,231600000,0.0,0.0,NVDA,1d
2000-03-27 00:00:00-05:00,0.17762701064502545,0.18335692258718583,0.16473519716145915,0.1662863940000534,388944000,0.0,0.0,NVDA,1d
2000-03-28 00:00:00-05:00,0.16055656629699533,0.1623470528676265,0.15088723663184694,0.1538722962141037,393312000,0.0,0.0,NVDA,1d
2000-03-29 00:00:00-05:00,0.1544690506009144,0.15805002233247703,0.13751771337125698,0.14372526109218597,469440000,0.0,0.0,NVDA,1d
2000-03-30 00:00:00-05:00,0.13942739301798682,0.1561403873410227,0.1346527767616804,0.14288917183876038,361920000,0.0,0.0,NVDA,1d
2000-03-31 00:00:00-05:00,0.15264835073389224,0.16783856308837536,0.149932840047512,0.1613623946905136,962976000,0.0,0.0,NVDA,1d
2000-04-03 00:00:00-04:00,0.1599000926069995,0.16043733128982743,0.14456045690559188,0.14873915910720825,329952000,0.0,0.0,NVDA,1d
2000-04-04 00:00:00-04:00,0.15661709743520902,0.15924367355051317,0.10886818928005582,0.14324761927127838,513792000,0.0,0.0,NVDA,1d
2000-04-05 00:00:00-04:00,0.14468055237656974,0.1862219058634433,0.13727934702469344,0.17512056231498718,639600000,0.0,0.0,NVDA,1d
2000-04-06 00:00:00-04:00,0.18323776125907898,0.1925486180859238,0.17452371937536346,0.18323776125907898,404592000,0.0,0.0,NVDA,1d
2000-04-07 00:00:00-04:00,0.19242948227171877,0.20054669741203973,0.1843122671313978,0.19589126110076904,318576000,0.0,0.0,NVDA,1d
2000-04-10 00:00:00-04:00,0.19923386368365822,0.2108128578686626,0.17488130251148876,0.17858237028121948,395280000,0.0,0.0,NVDA,1d
2000-04-11 00:00:00-04:00,0.1661370207893283,0.1814473293011778,0.1527977991640316,0.16795775294303894,457584000,0.0,0.0,NVDA,1d
2000-04-12 00:00:00-04:00,0.16819703073674955,0.1718971694846066,0.14993283899303725,0.1505296677350998,313440000,0.0,0.0,NVDA,1d
2000-04-13 00:00:00-04:00,0.15172327961060886,0.15709472349697942,0.14157631881791372,0.14408279955387115,313296000,0.0,0.0,NVDA,1d
2000-04-14 00:00:00-04:00,0.13489114169845706,0.14527739279346588,0.12510262094139263,0.13140001893043518,421920000,0.0,0.0,NVDA,1d
2000-04-17 00:00:00-04:00,0.120328026624898,0.14324765724924104,0.120328026624898,0.1381145715713501,294096000,0.0,0.0,NVDA,1d
2000-04-18 00:00:00-04:00,0.15202126558934387,0.17141950996273866,0.1475455147836303,0.1625862866640091,477504000,0.0,0.0,NVDA,1d
2000-04-19 00:00:00-04:00,0.16771933987082105,0.16998746065220224,0.15279775074884355,0.1548265963792801,278352000,0.0,0.0,NVDA,1d
2000-04-20 00:00:00-04:00,0.1590053527498284,0.16198949673590865,0.15184251920777767,0.1539914608001709,153936000,0.0,0.0,NVDA,1d
2000-04-24 00:00:00-04:00,0.1451572483012073,0.15160406985700606,0.13871132838157713,0.1463509052991867,205968000,0.0,0.0,NVDA,1d
2000-04-25 00:00:00-04:00,0.15291693822291424,0.1671225195269603,0.1525584831275383,0.1623469889163971,249696000,0.0,0.0,NVDA,1d
2000-04-26 00:00:00-04:00,0.1736876613899482,0.17762707547759268,0.16043736069930306,0.16067573428153992,254112000,0.0,0.0,NVDA,1d
2000-04-27 00:00:00-04:00,0.14993279661127407,0.17547807867312984,0.149096692894576,0.1738067865371704,280992000,0.0,0.0,NVDA,1d
2000-04-28 00:00:00-04:00,0.1765525560294822,0.18335693182369428,0.1702258288860321,0.1702258288860321,179040000,0.0,0.0,NVDA,1d
2000-05-01 00:00:00-04:00,0.176671796999308,0.18049204490569495,0.17153871156863545,0.17571742832660675,119424000,0.0,0.0,NVDA,1d
2000-05-02 00:00:00-04:00,0.17571741418252912,0.1859835705563567,0.16401831147662102,0.16891303658485413,234000000,0.0,0.0,NVDA,1d
2000-05-03 00:00:00-04:00,0.16783853667224308,0.1733300761182908,0.1527977661113095,0.1661672443151474,329184000,0.0,0.0,NVDA,1d
2000-05-04 00:00:00-04:00,0.16580879076222077,0.17523975810174555,0.16437677344866147,0.16819702088832855,241200000,0.0,0.0,NVDA,1d
2000-05-05 00:00:00-04:00,0.16748007445900243,0.18001436462414777,0.16521195336071978,0.17595575749874115,170592000,0.0,0.0,NVDA,1d
2000-05-08 00:00:00-04:00,0.17141955550589785,0.17762710573678397,0.16927061367574808,0.1695099025964737,185136000,0.0,0.0,NVDA,1d
2000-05-09 00:00:00-04:00,0.17237479222410426,0.17380680940513374,0.16234699710551181,0.16712252795696259,176832000,0.0,0.0,NVDA,1d
2000-05-10 00:00:00-04:00,0.16545119462408145,0.1655703745331977,0.14921585549398875,0.1506487876176834,274080000,0.0,0.0,NVDA,1d
2000-05-11 00:00:00-04:00,0.15279775061762912,0.1598404864703599,0.15076798969146984,0.15709471702575684,245904000,0.0,0.0,NVDA,1d
2000-05-12 00:00:00-04:00,0.16139265965767538,0.16998751028846862,0.15232014656066895,0.15232014656066895,187824000,0.0,0.0,NVDA,1d
2000-05-15 00:00:00-04:00,0.15160413627468328,0.1654512657009825,0.14420292959196893,0.16282467544078827,282096000,0.0,0.0,NVDA,1d
2000-05-16 00:00:00-04:00,0.1699874695917353,0.18466978433490172,0.16807688849009617,0.17953670024871826,366432000,0.0,0.0,NVDA,1d
2000-05-17 00:00:00-04:00,0.18908692067774682,0.2189301122452946,0.1889677406977991,0.21105125546455383,1290624000,0.0,0.0,NVDA,1d
2000-05-18 00:00:00-04:00,0.2122448623060774,0.21570664098781647,0.19541360400055605,0.19672644138336182,509904000,0.0,0.0,NVDA,1d
2000-05-19 00:00:00-04:00,0.19099649101582125,0.2015019195359574,0.18956447405978127,0.19505509734153748,521184000,0.0,0.0,NVDA,1d
2000-05-22 00:00:00-04:00,0.19290706828302923,0.20770947635173798,0.1758365396055534,0.20770947635173798,517152000,0.0,0.0,NVDA,1d
2000-05-23 00:00:00-04:00,0.20245636255322141,0.22525679684448416,0.19911467899545926,0.206038236618042,778560000,0.0,0.0,NVDA,1d
2000-05-24 00:00:00-04:00,0.20579895359831682,0.209141552326912,0.17619504440035047,0.20341163873672485,739632000,0.0,0.0,NVDA,1d
2000-05-25 00:00:00-04:00,0.20639569854264295,0.2186916109869281,0.19804011357956192,0.20054660737514496,569184000,0.0,0.0,NVDA,1d
2000-05-26 00:00:00-04:00,0.2015615850687027,0.2071118000152166,0.18908688350148592,0.2015615850687027,183456000,0.0,0.0,NVDA,1d
2000-05-30 00:00:00-04:00,0.20699256032830365,0.21510977366641387,0.20603819192973155,0.2098575234413147,303648000,0.0,0.0,NVDA,1d
2000-05-31 00:00:00-04:00,0.20914147249739826,0.22155656514476318,0.20914147249739826,0.2179746925830841,469536000,0.0,0.0,NVDA,1d
2000-06-01 00:00:00-04:00,0.22442159704150944,0.22645044306650566,0.21845240832115018,0.22406312823295593,418992000,0.0,0.0,NVDA,1d
2000-06-02 00:00:00-04:00,0.2287185500777406,0.254025490108073,0.2287185500777406,0.25128063559532166,592176000,0.0,0.0,NVDA,1d
2000-06-05 00:00:00-04:00,0.25092216874096407,0.2693055247422112,0.24089438687998863,0.2566814124584198,491904000,0.0,0.0,NVDA,1d
2000-06-06 00:00:00-04:00,0.2576073873587856,0.2671566196516582,0.24256568598360265,0.24387945234775543,375888000,0.0,0.0,NVDA,1d
2000-06-07 00:00:00-04:00,0.2420889119775806,0.24411775760811355,0.229434528338917,0.23301640152931213,332352000,0.0,0.0,NVDA,1d
2000-06-08 00:00:00-04:00,0.23898471071021035,0.23922397222329456,0.2253759437134349,0.23480691015720367,460704000,0.0,0.0,NVDA,1d
2000-06-09 00:00:00-04:00,0.23922400740282465,0.25211585240910644,0.235642133337111,0.24149121344089508,467280000,0.0,0.0,NVDA,1d
2000-06-12 00:00:00-04:00,0.24256571587109882,0.2445954911647217,0.22967389686324305,0.23504532873630524,380016000,0.0,0.0,NVDA,1d
2000-06-13 00:00:00-04:00,0.22848023076579674,0.2425657068487082,0.22728657321122137,0.24244652688503265,447840000,0.0,0.0,NVDA,1d
2000-06-14 00:00:00-04:00,0.24698278295275505,0.24829559307308308,0.23901499355213698,0.24220815300941467,275088000,0.0,0.0,NVDA,1d
2000-06-15 00:00:00-04:00,0.2414912357408021,0.2485349029302597,0.22848023689950148,0.2485349029302597,338592000,0.0,0.0,NVDA,1d
2000-06-16 00:00:00-04:00,0.2476391951157658,0.28649527529742713,0.24757957781661924,0.28601762652397156,987840000,0.0,0.0,NVDA,1d
2000-06-19 00:00:00-04:00,0.2853016232901474,0.32708225792820916,0.27813877679154364,0.3039233684539795,1052160000,0.0,0.0,NVDA,1d
2000-06-20 00:00:00-04:00,0.30917650974227934,0.31275745439884106,0.2960454048389615,0.2998647093772888,610272000,0.0,0.0,NVDA,1d
2000-06-21 00:00:00-04:00,0.2952093336634858,0.33615478090681555,0.2952093336634858,0.3303047716617584,614880000,0.0,0.0,NVDA,1d
2000-06-22 00:00:00-04:00,0.32887281232565957,0.33567719140830415,0.30917661287964837,0.31227990984916687,614352000,0.0,0.0,NVDA,1d
2000-06-23 00:00:00-04:00,0.30392343554929846,0.3077436703720981,0.2826751091921858,0.2827951908111572,607392000,0.0,0.0,NVDA,1d
2000-06-26 00:00:00-04:00,0.2884048979479764,0.31872572713375447,0.28386865604466954,0.3169352412223816,618288000,0.0,0.0,NVDA,1d
2000-06-27 00:00:00-04:00,0.3141895079766432,0.3194426882485872,0.2638140099805415,0.2721705138683319,604608000,0.0,2.0,NVDA,1d
2000-06-28 00:00:00-04:00,0.27790039926801813,0.28840492866123224,0.25402550261239903,0.2616659700870514,586608000,0.0,0.0,NVDA,1d
2000-06-29 00:00:00-04:00,0.257129817097995,0.257129817097995,0.21964613926764087,0.2239440232515335,1184880000,0.0,0.0,NVDA,1d
2000-06-30 00:00:00-04:00,0.2344483698178423,0.24686346206288085,0.22298857470537053,0.2428048700094223,1209192000,0.0,0.0,NVDA,1d
2000-07-03 00:00:00-04:00,0.24447623478236566,0.25211579949742186,0.2311058421632781,0.23349405825138092,232680000,0.0,0.0,NVDA,1d
2000-07-05 00:00:00-04:00,0.2325388263496257,0.2330164751661727,0.20150199477258768,0.20842556655406952,777936000,0.0,0.0,NVDA,1d
2000-07-06 00:00:00-04:00,0.2086638809481062,0.22871854218736512,0.20364999022919203,0.22107897698879242,603936000,0.0,0.0,NVDA,1d
2000-07-07 00:00:00-04:00,0.22919617575709525,0.23301640892218448,0.21773636423700915,0.2222726196050644,346560000,0.0,0.0,NVDA,1d
2000-07-10 00:00:00-04:00,0.21845244219128812,0.2392240325449729,0.21630441588333246,0.23373249173164368,351264000,0.0,0.0,NVDA,1d
2000-07-11 00:00:00-04:00,0.23062913113141137,0.2645309047215383,0.2280025277602936,0.252593457698822,755304000,0.0,0.0,NVDA,1d
2000-07-12 00:00:00-04:00,0.2630978670503335,0.272886383317447,0.2547422963847369,0.25975528359413147,388152000,0.0,0.0,NVDA,1d
2000-07-13 00:00:00-04:00,0.2652469196039866,0.285539940683329,0.2647692708925367,0.28410792350769043,458736000,0.0,0.0,NVDA,1d
2000-07-14 00:00:00-04:00,0.2898378239790234,0.2953284617861533,0.2750354406246362,0.28195899724960327,280200000,0.0,0.0,NVDA,1d
2000-07-17 00:00:00-04:00,0.28625688695329876,0.28649524683693195,0.27790038396736083,0.27885568141937256,105552000,0.0,0.0,NVDA,1d
2000-07-18 00:00:00-04:00,0.2635756070194954,0.28649523096082424,0.2635756070194954,0.2733641266822815,183672000,0.0,0.0,NVDA,1d
2000-07-19 00:00:00-04:00,0.2635756524899713,0.26548531865887526,0.2504445459461295,0.2559360861778259,189504000,0.0,0.0,NVDA,1d
2000-07-20 00:00:00-04:00,0.25569691201263745,0.2693056734432847,0.254980902997954,0.2628597617149353,142992000,0.0,0.0,NVDA,1d
2000-07-21 00:00:00-04:00,0.26357569652689666,0.27121526411542324,0.2597554619142935,0.26620230078697205,251928000,0.0,0.0,NVDA,1d
2000-07-24 00:00:00-04:00,0.26644052024635767,0.2683501857273678,0.23301637434609207,0.24352090060710907,281112000,0.0,0.0,NVDA,1d
2000-07-25 00:00:00-04:00,0.2473412715275355,0.24925093807650037,0.23397087345233092,0.23444852232933044,335304000,0.0,0.0,NVDA,1d
2000-07-26 00:00:00-04:00,0.23444844957975447,0.23444844957975447,0.21057446939733196,0.21702037751674652,380064000,0.0,0.0,NVDA,1d
2000-07-27 00:00:00-04:00,0.2100968287739224,0.212961778637255,0.19863701565943354,0.2015019655227661,331560000,0.0,0.0,NVDA,1d
2000-07-28 00:00:00-04:00,0.20245631775777875,0.2213173202823601,0.19099650633924312,0.2062765508890152,512664000,0.0,0.0,NVDA,1d
2000-07-31 00:00:00-04:00,0.2177363927162146,0.22967385447843824,0.20627657969722257,0.2291962057352066,371232000,0.0,0.0,NVDA,1d
2000-08-01 00:00:00-04:00,0.22919615989165446,0.23110582552383888,0.22298861271113246,0.22465990483760834,350616000,0.0,0.0,NVDA,1d
2000-08-02 00:00:00-04:00,0.22155664004213627,0.23289635781739904,0.21797476626960233,0.2291962057352066,345432000,0.0,0.0,NVDA,1d
2000-08-03 00:00:00-04:00,0.20627666881330722,0.24447637169932174,0.20627666881330722,0.23922409117221832,368664000,0.0,0.0,NVDA,1d
2000-08-04 00:00:00-04:00,0.24495384643675194,0.24829550146658202,0.23970066800888437,0.24352090060710907,194784000,0.0,0.0,NVDA,1d
2000-08-07 00:00:00-04:00,0.2451921877055266,0.2647691945524733,0.24423689055806455,0.2626202404499054,246936000,0.0,0.0,NVDA,1d
2000-08-08 00:00:00-04:00,0.25689050555229187,0.27121527240256765,0.2559361367586515,0.25689050555229187,128112000,0.0,0.0,NVDA,1d
2000-08-09 00:00:00-04:00,0.2602330521091958,0.26190433094669247,0.24566992902835774,0.2492508739233017,136248000,0.0,0.0,NVDA,1d
2000-08-10 00:00:00-04:00,0.24352092445393206,0.25784568471592806,0.23874632312690558,0.25211578607559204,156432000,0.0,0.0,NVDA,1d
2000-08-11 00:00:00-04:00,0.25259363169822635,0.25450329885534984,0.2344485969925682,0.24614769220352173,131928000,0.0,0.0,NVDA,1d
2000-08-14 00:00:00-04:00,0.24925091169044467,0.2516382268636845,0.2406560470137421,0.2485349029302597,108576000,0.0,0.0,NVDA,1d
2000-08-15 00:00:00-04:00,0.24972857664910528,0.27694516263542657,0.24901256784266684,0.2719917893409729,443328000,0.0,0.0,NVDA,1d
2000-08-16 00:00:00-04:00,0.28673360672056514,0.28673360672056514,0.2704991784334346,0.27885568141937256,266232000,0.0,0.0,NVDA,1d
2000-08-17 00:00:00-04:00,0.2750354395109057,0.285539940683329,0.27408014208800585,0.28410792350769043,129816000,0.0,0.0,NVDA,1d
2000-08-18 00:00:00-04:00,0.282914373535809,0.2974775281645342,0.28243675196548196,0.2941349148750305,204720000,0.0,0.0,NVDA,1d
2000-08-21 00:00:00-04:00,0.3048787673250466,0.31013104823160564,0.29795520677610743,0.2986712157726288,464472000,0.0,0.0,NVDA,1d
2000-08-22 00:00:00-04:00,0.2831525594371317,0.289360105386142,0.26787340681601624,0.2704990804195404,658872000,0.0,0.0,NVDA,1d
2000-08-23 00:00:00-04:00,0.26620221827137214,0.28673359932306736,0.2607106788244072,0.2862568795681,352800000,0.0,0.0,NVDA,1d
2000-08-24 00:00:00-04:00,0.2845856234251379,0.2967614601214153,0.2793333718938793,0.29389649629592896,332616000,0.0,0.0,NVDA,1d
2000-08-25 00:00:00-04:00,0.2907931206711254,0.29699976705329334,0.2850632213647373,0.28649523854255676,153048000,0.0,0.0,NVDA,1d
2000-08-28 00:00:00-04:00,0.2879282701186921,0.301775387442625,0.28458565710027883,0.29795512557029724,189264000,0.0,0.0,NVDA,1d
2000-08-29 00:00:00-04:00,0.2991486713078675,0.2998646798413715,0.29413478097837115,0.2972390055656433,149376000,0.0,0.0,NVDA,1d
2000-08-30 00:00:00-04:00,0.29389645006814225,0.3039233300784296,0.2907931268115283,0.2998647093772888,178080000,0.0,0.0,NVDA,1d
2000-08-31 00:00:00-04:00,0.30440096532742966,0.31514475510262563,0.29843267896013315,0.30320730805397034,388896000,0.0,0.0,NVDA,1d
2000-09-01 00:00:00-04:00,0.30941494001271874,0.31227987671699464,0.3003424264243238,0.3036850392818451,204144000,0.0,0.0,NVDA,1d
2000-09-05 00:00:00-04:00,0.3108476667404797,0.31108605385120847,0.3020135458795126,0.30416247248649597,246144000,0.0,0.0,NVDA,1d
2000-09-06 00:00:00-04:00,0.3053562274068584,0.3053562274068584,0.2807653253815056,0.28315263986587524,230136000,0.0,0.0,NVDA,1d
2000-09-07 00:00:00-04:00,0.2874505283737387,0.2989103266837977,0.2755130540418053,0.29843267798423767,239760000,0.0,0.0,NVDA,1d
2000-09-08 00:00:00-04:00,0.29509008602317965,0.3017752824109267,0.2798100274556674,0.2807653248310089,222648000,0.0,0.0,NVDA,1d
2000-09-11 00:00:00-04:00,0.27718432030054485,0.2788556260302238,0.25880096819956244,0.2693054676055908,285888000,0.0,0.0,NVDA,1d
2000-09-12 00:00:00-04:00,0.2695439087212983,0.2836302838790175,0.2635756220338281,0.26763424277305603,125976000,0.0,0.0,NVDA,1d
2000-09-13 00:00:00-04:00,0.26691826435189914,0.2719321557893952,0.2611883369003522,0.26751509308815,239976000,0.0,0.0,NVDA,1d
2000-09-14 00:00:00-04:00,0.26882790066813933,0.2807653483819489,0.26166595662832015,0.2650085687637329,216336000,0.0,0.0,NVDA,1d
2000-09-15 00:00:00-04:00,0.26357556367970475,0.2745577388061877,0.2616658981542515,0.270797997713089,242592000,0.0,0.0,NVDA,1d
2000-09-18 00:00:00-04:00,0.2714545542218244,0.27312586076578094,0.2521158954365896,0.25498083233833313,163488000,0.0,0.0,NVDA,1d
2000-09-19 00:00:00-04:00,0.2432827375521492,0.2635757707296187,0.24065613255262333,0.2628597617149353,301104000,0.0,0.0,NVDA,1d
2000-09-20 00:00:00-04:00,0.25569675931016567,0.2607106773371606,0.25020614885323794,0.2542647421360016,227568000,0.0,0.0,NVDA,1d
2000-09-21 00:00:00-04:00,0.25617451712345574,0.27097693402918716,0.2559361571458165,0.26518744230270386,346824000,0.0,0.0,NVDA,1d
2000-09-22 00:00:00-04:00,0.23898476977277577,0.2731258414877698,0.2387464098371808,0.26978322863578796,387264000,0.0,0.0,NVDA,1d
2000-09-25 00:00:00-04:00,0.2781387280675211,0.2931804271241785,0.2759907023604975,0.2891218066215515,467568000,0.0,0.0,NVDA,1d
2000-09-26 00:00:00-04:00,0.29222513208829637,0.2993879773900151,0.2788556678490762,0.2960453927516937,337344000,0.0,0.0,NVDA,1d
2000-09-27 00:00:00-04:00,0.2936581881469974,0.32612705529806024,0.2936581881469974,0.31227990984916687,676128000,0.0,0.0,NVDA,1d
2000-09-28 00:00:00-04:00,0.30941479205739847,0.32373955069596033,0.3017752286148446,0.3218298852443695,333816000,0.0,0.0,NVDA,1d
2000-09-29 00:00:00-04:00,0.3127574026584625,0.32469487558295224,0.30750515282224017,0.3127574026584625,373872000,0.0,0.0,NVDA,1d
2000-10-02 00:00:00-04:00,0.31705445075520794,0.32946954767214787,0.29747743684652356,0.3053562641143799,340584000,0.0,0.0,NVDA,1d
2000-10-03 00:00:00-04:00,0.3070275172738846,0.3094148316333493,0.286495209415636,0.2888825237751007,300264000,0.0,0.0,NVDA,1d
2000-10-04 00:00:00-04:00,0.2812429721696372,0.29031545567124134,0.2774227116452608,0.2855399250984192,419568000,0.0,0.0,NVDA,1d
2000-10-05 00:00:00-04:00,0.28768890417257686,0.28768890417257686,0.2728864931047244,0.27885568141937256,525048000,0.0,0.0,NVDA,1d
2000-10-06 00:00:00-04:00,0.27957174637082716,0.2814814127009643,0.2576074141849712,0.26142674684524536,1027176000,0.0,0.0,NVDA,1d
2000-10-09 00:00:00-04:00,0.25474249110429553,0.27121528523919386,0.23683584863581728,0.2671566903591156,665256000,0.0,0.0,NVDA,1d
2000-10-10 00:00:00-04:00,0.2559359628671046,0.2688278016515453,0.24447616810198583,0.246863454580307,415944000,0.0,0.0,NVDA,1d
2000-10-11 00:00:00-04:00,0.23182274651881216,0.26262029342560944,0.22251097449341156,0.24901247024536133,535776000,0.0,0.0,NVDA,1d
2000-10-12 00:00:00-04:00,0.2545032564816133,0.2693056471559388,0.23683587374661422,0.23922409117221832,401616000,0.0,0.0,NVDA,1d
2000-10-13 00:00:00-04:00,0.24089443334090202,0.2559361090334285,0.23832834822724477,0.2487732619047165,578976000,0.0,0.0,NVDA,1d
2000-10-16 00:00:00-04:00,0.24877321803535254,0.24877321803535254,0.23731341874633996,0.24304331839084625,339216000,0.0,0.0,NVDA,1d
2000-10-17 00:00:00-04:00,0.2420889586574299,0.24304332721403518,0.22275030416961042,0.2253759652376175,463248000,0.0,0.0,NVDA,1d
2000-10-18 00:00:00-04:00,0.21081282876849372,0.23468773785146582,0.20078503334816755,0.221794992685318,416952000,0.0,0.0,NVDA,1d
2000-10-19 00:00:00-04:00,0.23611974108601405,0.24638590944368938,0.23253876927913977,0.24328258633613586,294888000,0.0,0.0,NVDA,1d
2000-10-20 00:00:00-04:00,0.23755269352150613,0.2721704765506419,0.23588138750863946,0.2659629285335541,387360000,0.0,0.0,NVDA,1d
2000-10-23 00:00:00-04:00,0.2681119307981089,0.2697832097849993,0.2516382112284625,0.2599947154521942,182112000,0.0,0.0,NVDA,1d
2000-10-24 00:00:00-04:00,0.2588010197102047,0.2630979730062052,0.2506838055633476,0.25163817405700684,193968000,0.0,0.0,NVDA,1d
2000-10-25 00:00:00-04:00,0.24471463447370104,0.24829557941186348,0.2280025562772902,0.2296738624572754,385512000,0.0,0.0,NVDA,1d
2000-10-26 00:00:00-04:00,0.231105829189011,0.24829552506011446,0.21487140330613186,0.23946233093738556,265776000,0.0,0.0,NVDA,1d
2000-10-27 00:00:00-04:00,0.23970074822279586,0.24561034710740645,0.225375970908729,0.23397082090377808,210960000,0.0,0.0,NVDA,1d
2000-10-30 00:00:00-05:00,0.23015145741459497,0.235344117343727,0.21725870073195508,0.21749798953533173,192120000,0.0,0.0,NVDA,1d
2000-10-31 00:00:00-05:00,0.22609288156085872,0.24113365300278086,0.21916932452718096,0.2373730093240738,299256000,0.0,0.0,NVDA,1d
2000-11-01 00:00:00-05:00,0.2315835344571883,0.24065601960471183,0.22346631953141444,0.2373134344816208,304536000,0.0,0.0,NVDA,1d
2000-11-02 00:00:00-05:00,0.24566989274031467,0.2616659323982319,0.24161127236849406,0.25545838475227356,192888000,0.0,0.0,NVDA,1d
2000-11-03 00:00:00-05:00,0.25211584988986596,0.27694511640388136,0.25020618373848663,0.2721705138683319,268632000,0.0,0.0,NVDA,1d
2000-11-06 00:00:00-05:00,0.2786164134242779,0.30559463406494675,0.2769451072375728,0.2931804656982422,635040000,0.0,0.0,NVDA,1d
2000-11-07 00:00:00-05:00,0.2884048968002842,0.2884048968002842,0.2635756070194954,0.2733641266822815,258240000,0.0,0.0,NVDA,1d
2000-11-08 00:00:00-05:00,0.2764683357381376,0.2764683357381376,0.26118827765816005,0.2652468979358673,187080000,0.0,0.0,NVDA,1d
2000-11-09 00:00:00-05:00,0.2492508613521764,0.26166595785177077,0.22585360088173914,0.2375527024269104,564528000,0.0,0.0,NVDA,1d
2000-11-10 00:00:00-05:00,0.24566987432020734,0.25784567987811124,0.2186916464602264,0.22465990483760834,805248000,0.0,0.0,NVDA,1d
2000-11-13 00:00:00-05:00,0.21343945457913288,0.2502061997232306,0.20627660769820186,0.22561527788639069,530040000,0.0,0.0,NVDA,1d
2000-11-14 00:00:00-05:00,0.24065592322316395,0.2688278179352199,0.23874628518097607,0.2669181525707245,470736000,0.0,0.0,NVDA,1d
2000-11-15 00:00:00-05:00,0.26214358216645395,0.2704991554847808,0.2513997927430255,0.26339682936668396,423864000,0.0,0.0,NVDA,1d
2000-11-16 00:00:00-05:00,0.2559359628671046,0.2626202283948744,0.24447616810198583,0.246863454580307,235536000,0.0,0.0,NVDA,1d
2000-11-17 00:00:00-05:00,0.24877322702914373,0.2614267114694532,0.23397081498121128,0.24208895862102509,178776000,0.0,0.0,NVDA,1d
2000-11-20 00:00:00-05:00,0.2331355891603366,0.2332547690910202,0.220839687515352,0.22346627712249756,298752000,0.0,0.0,NVDA,1d
2000-11-21 00:00:00-05:00,0.23301640068843996,0.23492606638533653,0.2077094914196804,0.21916928887367249,382512000,0.0,0.0,NVDA,1d
2000-11-22 00:00:00-05:00,0.21009677687817438,0.21678105715056542,0.19863696659435923,0.20770947635173798,409752000,0.0,0.0,NVDA,1d
2000-11-24 00:00:00-05:00,0.21009682013205655,0.22776418099371495,0.21009682013205655,0.21964605152606964,165072000,0.0,0.0,NVDA,1d
2000-11-27 00:00:00-05:00,0.23540373812694546,0.23683575530035053,0.203471205974938,0.21224483847618103,363864000,0.0,0.0,NVDA,1d
2000-11-28 00:00:00-05:00,0.21546829870343967,0.21773642013921224,0.1917134810920594,0.19642850756645203,382344000,0.0,0.0,NVDA,1d
2000-11-29 00:00:00-05:00,0.19935304204999013,0.19959141562658755,0.16950986970981957,0.18431226909160614,636408000,0.0,0.0,NVDA,1d
2000-11-30 00:00:00-05:00,0.16855462620482067,0.16855462620482067,0.13895071958047983,0.15470750629901886,981624000,0.0,0.0,NVDA,1d
2000-12-01 00:00:00-05:00,0.16425757085206164,0.18622189702923478,0.1633022734688662,0.16998746991157532,784080000,0.0,0.0,NVDA,1d
2000-12-04 00:00:00-05:00,0.17106199117650325,0.17667179644651673,0.15948208119051202,0.17261318862438202,474264000,0.0,0.0,NVDA,1d
2000-12-05 00:00:00-05:00,0.1847899261328342,0.19147420894990283,0.16760021099363875,0.18383464217185974,997224000,0.0,0.0,NVDA,1d
2000-12-06 00:00:00-05:00,0.18025364073141437,0.1852666300495271,0.1566171048406204,0.15757238864898682,950928000,0.0,0.0,NVDA,1d
2000-12-07 00:00:00-05:00,0.14993288844875916,0.16306399941967967,0.1418156706180023,0.15470750629901886,785184000,0.0,0.0,NVDA,1d
2000-12-08 00:00:00-05:00,0.1707034598368319,0.19099649151885986,0.15476699795292106,0.19004212319850922,853392000,0.0,0.0,NVDA,1d
2000-12-11 00:00:00-05:00,0.18383457612497053,0.19386144073589875,0.17905996130865914,0.19004212319850922,757632000,0.0,0.0,NVDA,1d
2000-12-12 00:00:00-05:00,0.1852665995677575,0.18860918388006787,0.17858231891827273,0.18478986620903015,409512000,0.0,0.0,NVDA,1d
2000-12-13 00:00:00-05:00,0.18407294863837675,0.18717717320699434,0.1671225136458536,0.1704651117324829,675072000,0.0,0.0,NVDA,1d
2000-12-14 00:00:00-05:00,0.16927059329741762,0.17070352611096845,0.1547074680566181,0.15876607596874237,569016000,0.0,0.0,NVDA,1d
2000-12-15 00:00:00-05:00,0.14873917513756138,0.1580500473761216,0.1422923512322933,0.1430092751979828,1094424000,0.0,0.0,NVDA,1d
2000-12-18 00:00:00-05:00,0.14897750430970494,0.1527977510213788,0.14563490626446277,0.14772427082061768,658872000,0.0,0.0,NVDA,1d
2000-12-19 00:00:00-05:00,0.14993283167852892,0.16330229757917153,0.1336974868663323,0.13656243681907654,946200000,0.0,0.0,NVDA,1d
2000-12-20 00:00:00-05:00,0.12963885925882945,0.14849987588138927,0.11507573820472616,0.12176093459129333,1105392000,0.0,0.0,NVDA,1d
2000-12-21 00:00:00-05:00,0.12008963491807904,0.13656242262173018,0.10504794909554319,0.10648088157176971,845256000,0.0,0.0,NVDA,1d
2000-12-22 00:00:00-05:00,0.11507574399771404,0.1461125687575236,0.11507574399771404,0.13393674790859222,949080000,0.0,0.0,NVDA,1d
2000-12-26 00:00:00-05:00,0.1356081006807998,0.1370401183507763,0.11985040086267781,0.12844525277614594,343824000,0.0,0.0,NVDA,1d
2000-12-27 00:00:00-05:00,0.1270132259226776,0.14229237412302123,0.12176097390312417,0.13704010844230652,339456000,0.0,0.0,NVDA,1d
2000-12-28 00:00:00-05:00,0.13154946096242873,0.14133796825305833,0.12940051967202984,0.1377560943365097,419232000,0.0,0.0,NVDA,1d
2000-12-29 00:00:00-05:00,0.1375176696440534,0.1420539099894411,0.12223761588388933,0.12516215443611145,495168000,0.0,0.0,NVDA,1d
2001-01-02 00:00:00-05:00,0.12605788336394036,0.12772917539351653,0.11388206485082163,0.11435970664024353,290808000,0.0,0.0,NVDA,1d
2001-01-03 00:00:00-05:00,0.11077784969452394,0.15064881714465964,0.10791289335236019,0.14945515990257263,910368000,0.0,0.0,NVDA,1d
2001-01-04 00:00:00-05:00,0.14682858391526016,0.1704651333801705,0.1427699767840195,0.166644886136055,815448000,0.0,0.0,NVDA,1d
2001-01-05 00:00:00-05:00,0.1652119550973057,0.16592887902153441,0.1384730110221322,0.1416955143213272,432768000,0.0,0.0,NVDA,1d
2001-01-08 00:00:00-05:00,0.13775611362725423,0.16139266785861364,0.13775611362725423,0.15518511831760406,573768000,0.0,0.0,NVDA,1d
2001-01-09 00:00:00-05:00,0.1573340654147297,0.16139267350644054,0.1496935691183741,0.15828843414783478,302904000,0.0,0.0,NVDA,1d
2001-01-10 00:00:00-05:00,0.15017115546858478,0.1699874541320815,0.14659019771317866,0.16927053034305573,392928000,0.0,0.0,NVDA,1d
2001-01-11 00:00:00-05:00,0.16521201375095929,0.19051986485529157,0.1623470629297381,0.18335703015327454,447648000,0.0,0.0,NVDA,1d
2001-01-12 00:00:00-05:00,0.18646025654486295,0.19768170843747096,0.17762703444459307,0.17953670024871826,669000000,0.0,0.0,NVDA,1d
2001-01-16 00:00:00-05:00,0.18049201478940322,0.18049201478940322,0.16258628006188916,0.16545124351978302,414984000,0.0,0.0,NVDA,1d
2001-01-17 00:00:00-05:00,0.17810471378641454,0.1833569787094992,0.17070350752585228,0.17141951620578766,592584000,0.0,0.0,NVDA,1d
2001-01-18 00:00:00-05:00,0.17141953909179225,0.20914158411076111,0.1676002199774966,0.20430737733840942,948168000,0.0,0.0,NVDA,1d
2001-01-19 00:00:00-05:00,0.21009682172524966,0.2177363872256773,0.1957720592280188,0.19887538254261017,1018704000,0.0,0.0,NVDA,1d
2001-01-22 00:00:00-05:00,0.19290709387992747,0.20054665876331657,0.18550588886350508,0.19099651277065277,377712000,0.0,0.0,NVDA,1d
2001-01-23 00:00:00-05:00,0.18860922660405063,0.21391616851952175,0.18765485803411938,0.2100372463464737,433632000,0.0,0.0,NVDA,1d
2001-01-24 00:00:00-05:00,0.20985753121105064,0.21200647220387628,0.19696570218798912,0.20914152264595032,451728000,0.0,0.0,NVDA,1d
2001-01-25 00:00:00-05:00,0.2019796473132525,0.20245638084083445,0.1838346476703646,0.18813161551952362,440016000,0.0,0.0,NVDA,1d
2001-01-26 00:00:00-05:00,0.17762707729085883,0.1963689186241256,0.17631425345492419,0.19410079717636108,259248000,0.0,0.0,NVDA,1d
2001-01-29 00:00:00-05:00,0.18813154180632796,0.19529437247876788,0.18144726140834885,0.19505509734153748,354168000,0.0,0.0,NVDA,1d
2001-01-30 00:00:00-05:00,0.19815938063566155,0.2035308115639108,0.1943391332767043,0.19935302436351776,243720000,0.0,0.0,NVDA,1d
2001-01-31 00:00:00-05:00,0.1995914130646174,0.20723189470115813,0.19290713063182433,0.1972040981054306,358344000,0.0,0.0,NVDA,1d
2001-02-01 00:00:00-05:00,0.19720411366778273,0.19959142881536435,0.18860924908345533,0.19821900129318237,371856000,0.0,0.0,NVDA,1d
2001-02-02 00:00:00-05:00,0.19839771896986763,0.2029339608163609,0.1776270362134381,0.1790599822998047,320520000,0.0,0.0,NVDA,1d
2001-02-05 00:00:00-05:00,0.17882071435451508,0.18001437175320312,0.1683161986460208,0.17882071435451508,367584000,0.0,0.0,NVDA,1d
2001-02-06 00:00:00-05:00,0.1754781458213066,0.18335700184907774,0.17506101593135392,0.17977604269981384,250440000,0.0,0.0,NVDA,1d
2001-02-07 00:00:00-05:00,0.17858236255931503,0.18001437991918579,0.1618702839054193,0.17141951620578766,720384000,0.0,0.0,NVDA,1d
2001-02-08 00:00:00-05:00,0.17237477746323113,0.18216328290762857,0.16974818790580298,0.1704651117324829,384288000,0.0,0.0,NVDA,1d
2001-02-09 00:00:00-05:00,0.1690321704987195,0.17022582763757343,0.16306389846560548,0.16927053034305573,259608000,0.0,0.0,NVDA,1d
2001-02-12 00:00:00-05:00,0.16736090379851085,0.1692705698749483,0.15661711272572865,0.16473524272441864,354336000,0.0,0.0,NVDA,1d
2001-02-13 00:00:00-05:00,0.16783852134383392,0.17762702673975375,0.16592885562254336,0.1697481870651245,467736000,0.0,0.0,NVDA,1d
2001-02-14 00:00:00-05:00,0.16760020374340767,0.18717721947099114,0.16043735712738524,0.1821633279323578,690888000,0.0,0.0,NVDA,1d
2001-02-15 00:00:00-05:00,0.20723187770449353,0.2191693258355595,0.20579894513235583,0.21558745205402374,1108512000,0.0,0.0,NVDA,1d
2001-02-16 00:00:00-05:00,0.20460528075513054,0.23301643201865738,0.2043669208704518,0.22728653252124786,1081176000,0.0,0.0,NVDA,1d
2001-02-20 00:00:00-05:00,0.2215566336712373,0.22633124938755433,0.2043669214676216,0.20460528135299683,701304000,0.0,0.0,NVDA,1d
2001-02-21 00:00:00-05:00,0.19696574315048132,0.22251103297923358,0.1948168017107455,0.21391618251800537,646512000,0.0,0.0,NVDA,1d
2001-02-22 00:00:00-05:00,0.21272246645954673,0.22919616779500507,0.2062765455510421,0.22298862040042877,815304000,0.0,0.0,NVDA,1d
2001-02-23 00:00:00-05:00,0.22179496881272576,0.22537592678517526,0.20054665187816942,0.20758938789367676,1034664000,0.0,0.0,NVDA,1d
2001-02-26 00:00:00-05:00,0.20150194994137224,0.20723186288612316,0.1941007583123206,0.20293396711349487,751824000,0.0,0.0,NVDA,1d
2001-02-27 00:00:00-05:00,0.19792010094172113,0.20579895591853525,0.18956452615426483,0.19075818359851837,533832000,0.0,0.0,NVDA,1d
2001-02-28 00:00:00-05:00,0.1893251949503938,0.2005466317131174,0.16712249819339586,0.1707034558057785,784056000,0.0,0.0,NVDA,1d
2001-03-01 00:00:00-05:00,0.16855456471454092,0.18717721097488446,0.15279778374422276,0.18419216573238373,915288000,0.0,0.0,NVDA,1d
2001-03-02 00:00:00-05:00,0.1709418675184842,0.18311859059871313,0.16425758576636937,0.1664661169052124,1413504000,0.0,0.0,NVDA,1d
2001-03-05 00:00:00-05:00,0.1599596174940312,0.17237472217493274,0.1590052494140833,0.16807682812213898,742296000,0.0,0.0,NVDA,1d
2001-03-06 00:00:00-05:00,0.1766717873569916,0.19028054290502266,0.17368765728086322,0.18431226909160614,834408000,0.0,0.0,NVDA,1d
2001-03-07 00:00:00-05:00,0.18837086086299062,0.1995913988410029,0.18502826223595395,0.19911466538906097,938280000,0.0,0.0,NVDA,1d
2001-03-08 00:00:00-05:00,0.19338474366798508,0.20794786495768308,0.19338474366798508,0.2057989239692688,829344000,0.0,0.0,NVDA,1d
2001-03-09 00:00:00-05:00,0.19505514259280576,0.19601042642967453,0.17333008896814212,0.19123581051826477,1216776000,0.0,0.0,NVDA,1d
2001-03-12 00:00:00-05:00,0.18478991788134494,0.19338478189773337,0.1761950538649565,0.18431226909160614,762144000,0.0,0.0,NVDA,1d
2001-03-13 00:00:00-05:00,0.18669953982896934,0.2091415139895165,0.18574424247592114,0.2062765508890152,1082352000,0.0,0.0,NVDA,1d
2001-03-14 00:00:00-05:00,0.1969656549589901,0.21869161627380304,0.1969656549589901,0.2179746925830841,1351128000,0.0,0.0,NVDA,1d
2001-03-15 00:00:00-05:00,0.23134512238532415,0.2434613384041288,0.22298862047839926,0.22871851921081543,1875984000,0.0,0.0,NVDA,1d
2001-03-16 00:00:00-05:00,0.22513761401642388,0.23397082403514166,0.2184524163908082,0.22776420414447784,1225200000,0.0,0.0,NVDA,1d
2001-03-19 00:00:00-05:00,0.22656960160848216,0.24256565592661097,0.2142150108080495,0.2408943772315979,943896000,0.0,0.0,NVDA,1d
2001-03-20 00:00:00-05:00,0.23802940456931296,0.2530711034903566,0.21582670472522353,0.21845237910747528,1990560000,0.0,0.0,NVDA,1d
2001-03-21 00:00:00-05:00,0.21893007794214123,0.24113368450773648,0.21773642041161906,0.23468777537345886,1877352000,0.0,0.0,NVDA,1d
2001-03-22 00:00:00-05:00,0.23683576337405066,0.25927866886434575,0.23492609742484036,0.2583233714103699,1697760000,0.0,0.0,NVDA,1d
2001-03-23 00:00:00-05:00,0.26309800370803316,0.26787353524624663,0.24304333954552912,0.2559360861778259,1509672000,0.0,0.0,NVDA,1d
2001-03-26 00:00:00-05:00,0.2559361120013144,0.2712152461672419,0.2559361120013144,0.26978322863578796,1542960000,0.0,0.0,NVDA,1d
2001-03-27 00:00:00-05:00,0.2645309582607484,0.27384183111911664,0.24877324740679868,0.2599947154521942,1702152000,0.0,0.0,NVDA,1d
2001-03-28 00:00:00-05:00,0.2528317956491531,0.2669181961216205,0.2521157871404491,0.26017341017723083,1433280000,0.0,0.0,NVDA,1d
2001-03-29 00:00:00-05:00,0.25790529744221097,0.27312576639869585,0.25259345702742353,0.26405325531959534,1632960000,0.0,0.0,NVDA,1d
2001-03-30 00:00:00-05:00,0.2621434939199411,0.26715648103331724,0.24638581936382054,0.24799750745296478,1423176000,0.0,0.0,NVDA,1d
2001-04-02 00:00:00-04:00,0.24734119539104432,0.25330948211879906,0.23444845016148017,0.2375527024269104,1265160000,0.0,0.0,NVDA,1d
2001-04-03 00:00:00-04:00,0.23397074997921644,0.25187740949750576,0.23373239014602262,0.2454305738210678,1991616000,0.0,0.0,NVDA,1d
2001-04-04 00:00:00-04:00,0.23611974763963325,0.2365973963522114,0.2055605578697405,0.22012369334697723,3362472000,0.0,0.0,NVDA,1d
2001-04-05 00:00:00-04:00,0.23468775926815272,0.2442369915346994,0.22824093527855352,0.24041765928268433,1724760000,0.0,0.0,NVDA,1d
2001-04-06 00:00:00-04:00,0.23731337646798023,0.2521157853436571,0.2332547563361045,0.23946233093738556,1547664000,0.0,0.0,NVDA,1d
2001-04-09 00:00:00-04:00,0.24409396121657645,0.25001454307785587,0.2240392859223107,0.22782102227210999,1097160000,0.0,0.0,NVDA,1d
2001-04-10 00:00:00-04:00,0.23328325420132215,0.25669976513600934,0.23114438115760327,0.24932697415351868,1186416000,0.0,0.0,NVDA,1d
2001-04-11 00:00:00-04:00,0.26468307232861876,0.27427172863224836,0.2570820049744681,0.26437777280807495,1426872000,0.0,0.0,NVDA,1d
2001-04-12 00:00:00-04:00,0.2594885770328996,0.27981001112195136,0.25452233697761817,0.268350213766098,1440264000,0.0,0.0,NVDA,1d
2001-04-16 00:00:00-04:00,0.2635755613847409,0.2691147771485731,0.25700498307724046,0.2618180811405182,764112000,0.0,0.0,NVDA,1d
2001-04-17 00:00:00-04:00,0.2579602653597332,0.2767543540925367,0.2578456755876768,0.2746530771255493,1112448000,0.0,0.0,NVDA,1d
2001-04-18 00:00:00-04:00,0.286227549439976,0.32240295222586957,0.286227549439976,0.29512861371040344,2301864000,0.0,0.0,NVDA,1d
2001-04-19 00:00:00-04:00,0.2968090472411734,0.3255731872329399,0.29547238498824546,0.32049235701560974,1632264000,0.0,0.0,NVDA,1d
2001-04-20 00:00:00-04:00,0.3166346155097715,0.3437558722280097,0.3082689577674286,0.332181453704834,1773840000,0.0,0.0,NVDA,1d
2001-04-23 00:00:00-04:00,0.32496182262814777,0.32526802393109605,0.3113246488322932,0.31464797258377075,1239000000,0.0,0.0,NVDA,1d
2001-04-24 00:00:00-04:00,0.3137696019095688,0.3372622320165167,0.287450560038158,0.2923782765865326,1828320000,0.0,0.0,NVDA,1d
2001-04-25 00:00:00-04:00,0.2931419035214229,0.3162522077776847,0.2920344209328443,0.30582377314567566,1423728000,0.0,0.0,NVDA,1d
2001-04-26 00:00:00-04:00,0.3124704114668002,0.3124704114668002,0.2788555864466336,0.2817205488681793,1486008000,0.0,0.0,NVDA,1d
2001-04-27 00:00:00-04:00,0.2926074110934406,0.3030358462229355,0.28691510769311296,0.3017752766609192,915672000,0.0,0.0,NVDA,1d
2001-04-30 00:00:00-04:00,0.3099878405915719,0.3359631109939208,0.30341726094647065,0.31820040941238403,1583280000,0.0,0.0,NVDA,1d
2001-05-01 00:00:00-04:00,0.31934639032522016,0.34876050205789966,0.31418946725091607,0.3479198217391968,1867368000,0.0,0.0,NVDA,1d
2001-05-02 00:00:00-04:00,0.3569731702862075,0.3569731702862075,0.33539022919369427,0.3399365544319153,1547784000,0.0,0.0,NVDA,1d
2001-05-03 00:00:00-04:00,0.32966017379115764,0.3399740188334714,0.32759742117608226,0.33844664692878723,960504000,0.0,0.0,NVDA,1d
2001-05-04 00:00:00-04:00,0.3285142213454008,0.34849278959364977,0.3269868766361002,0.3431066870689392,953520000,0.0,0.0,NVDA,1d
2001-05-07 00:00:00-04:00,0.3418076288502016,0.3609840144211393,0.3377966856420324,0.3585013449192047,975600000,0.0,0.0,NVDA,1d
2001-05-08 00:00:00-04:00,0.3638103539270759,0.3639634681401901,0.3295079341410093,0.332563579082489,1620144000,0.0,0.0,NVDA,1d
2001-05-09 00:00:00-04:00,0.32198220470524586,0.3289726749711268,0.31476252749527034,0.316978394985199,1319040000,0.0,0.0,NVDA,1d
2001-05-10 00:00:00-04:00,0.32614621336695815,0.33000404274828493,0.3025390199490368,0.30632075667381287,998904000,0.0,0.0,NVDA,1d
2001-05-11 00:00:00-04:00,0.3055570618205657,0.30750522502880956,0.2923782785620716,0.2984895706176758,921216000,0.0,0.0,NVDA,1d
2001-05-14 00:00:00-04:00,0.2993687460316019,0.3046017621525108,0.28859653990149087,0.30104923248291016,702432000,0.0,0.0,NVDA,1d
2001-05-15 00:00:00-04:00,0.30368495986493577,0.3246949182516698,0.3002469930031553,0.3118599057197571,1242600000,0.0,0.0,NVDA,1d
2001-05-16 00:00:00-04:00,0.3047164159775156,0.32851432332897756,0.30276825237372723,0.3265661597251892,957096000,0.0,0.0,NVDA,1d
2001-05-17 00:00:00-04:00,0.32763595205941104,0.3418846213815809,0.3225936461192015,0.3323344886302948,919056000,0.0,0.0,NVDA,1d
2001-05-18 00:00:00-04:00,0.33122688541668266,0.3399739301765837,0.32316650483155923,0.3296600878238678,575832000,0.0,0.0,NVDA,1d
2001-05-21 00:00:00-04:00,0.32893501529664876,0.35143381950258795,0.3223259118141542,0.3445579409599304,1064688000,0.0,0.0,NVDA,1d
2001-05-22 00:00:00-04:00,0.34960029638214607,0.35830974924516035,0.3361547385327918,0.35487180948257446,1049976000,0.0,0.0,NVDA,1d
2001-05-23 00:00:00-04:00,0.3688152008982428,0.38199398342196095,0.34761453174456347,0.35185468196868896,2244912000,0.0,0.0,NVDA,1d
2001-05-24 00:00:00-04:00,0.34952422079299716,0.36610244697198785,0.3390197185456167,0.35704919695854187,1680576000,0.0,0.0,NVDA,1d
2001-05-25 00:00:00-04:00,0.34986796535364945,0.3550633852816235,0.3437942696499331,0.35028785467147827,947952000,0.0,0.0,NVDA,1d
2001-05-29 00:00:00-04:00,0.34830221125834554,0.3483783039272908,0.33118860116120113,0.3359256088733673,920568000,0.0,0.0,NVDA,1d
2001-05-30 00:00:00-04:00,0.32801812656939394,0.3446724377159681,0.32622214948039757,0.3296600878238678,3308904000,0.0,0.0,NVDA,1d
2001-05-31 00:00:00-04:00,0.3322959425354767,0.33424410544641875,0.3199578688708529,0.3270244300365448,1262928000,0.0,0.0,NVDA,1d
2001-06-01 00:00:00-04:00,0.3292789003407966,0.34791988097906734,0.32736830515291715,0.3451310098171234,1022472000,0.0,0.0,NVDA,1d
2001-06-04 00:00:00-04:00,0.34536018331988433,0.3471937567103549,0.3352379478248749,0.33978337049484253,621552000,0.0,0.0,NVDA,1d
2001-06-05 00:00:00-04:00,0.33940111470564666,0.3611747635918789,0.33882813832565123,0.3576222062110901,987168000,0.0,0.0,NVDA,1d
2001-06-06 00:00:00-04:00,0.3589597595274039,0.3638489789439203,0.35372584175407157,0.3591504693031311,698976000,0.0,0.0,NVDA,1d
2001-06-07 00:00:00-04:00,0.35598026891744117,0.38046573989638294,0.3533445120140516,0.37943437695503235,1141152000,0.0,0.0,NVDA,1d
2001-06-08 00:00:00-04:00,0.3782883788912045,0.3788613552400048,0.36564407420249795,0.36957889795303345,712680000,0.0,0.0,NVDA,1d
2001-06-11 00:00:00-04:00,0.3701133130997832,0.3705341040286478,0.3530381794996391,0.358768105506897,581928000,0.0,0.0,NVDA,1d
2001-06-12 00:00:00-04:00,0.3512431411522753,0.37607240229853384,0.3504794551841265,0.37072479724884033,1102728000,0.0,0.0,NVDA,1d
2001-06-13 00:00:00-04:00,0.3734366473885471,0.3790904809409296,0.35506337549613204,0.35827213525772095,938712000,0.0,0.0,NVDA,1d
2001-06-14 00:00:00-04:00,0.35364975713602975,0.363619807607816,0.34856892619185825,0.357507586479187,946152000,0.0,0.0,NVDA,1d
2001-06-15 00:00:00-04:00,0.3533444835437759,0.36938820329290245,0.3467738759098293,0.3630852997303009,1094544000,0.0,0.0,NVDA,1d
2001-06-18 00:00:00-04:00,0.3621684044318125,0.3680504876678725,0.34474950365461804,0.3487219214439392,856656000,0.0,0.0,NVDA,1d
2001-06-19 00:00:00-04:00,0.3552924811432795,0.363581112266207,0.3225935287688001,0.3296600878238678,1513128000,0.0,0.0,NVDA,1d
2001-06-20 00:00:00-04:00,0.32358657387813083,0.34761458746829815,0.3168638076529083,0.3438328504562378,1759200000,0.0,0.0,NVDA,1d
2001-06-21 00:00:00-04:00,0.34245761470914726,0.35640005510506306,0.333289748744073,0.3503263592720032,1484568000,0.0,0.0,NVDA,1d
2001-06-22 00:00:00-04:00,0.34856893383299653,0.35788988819895357,0.34417662520765824,0.34876054525375366,761184000,0.0,0.0,NVDA,1d
2001-06-25 00:00:00-04:00,0.35265683548789195,0.35410808750381,0.3379112559926209,0.34807291626930237,640032000,0.0,0.0,NVDA,1d
2001-06-26 00:00:00-04:00,0.34035636791033086,0.35983805409030084,0.33901970552870353,0.35811907052993774,757920000,0.0,0.0,NVDA,1d
2001-06-27 00:00:00-04:00,0.35640006873075714,0.35716375476805956,0.34096785123316525,0.3470415472984314,895752000,0.0,0.0,NVDA,1d
2001-06-28 00:00:00-04:00,0.35170155196977293,0.35620937872226693,0.34761451618756845,0.35112854838371277,909336000,0.0,0.0,NVDA,1d
2001-06-29 00:00:00-04:00,0.352389193701732,0.35983807740881935,0.34841674716268334,0.354298859834671,730920000,0.0,0.0,NVDA,1d
2001-07-02 00:00:00-04:00,0.34028026519428695,0.34314520128040576,0.33348047845081114,0.3385988771915436,1040016000,0.0,0.0,NVDA,1d
2001-07-03 00:00:00-04:00,0.3362693121948057,0.34646854119783826,0.33455035605714234,0.34291601181030273,406296000,0.0,0.0,NVDA,1d
2001-07-05 00:00:00-04:00,0.3388281534124212,0.34092940387458287,0.31762747996219637,0.31804829835891724,1020096000,0.0,0.0,NVDA,1d
2001-07-06 00:00:00-04:00,0.313272744103548,0.31571781848636365,0.30215671301069097,0.3082689344882965,802824000,0.0,0.0,NVDA,1d
2001-07-09 00:00:00-04:00,0.30425803308592714,0.3116308254522645,0.29528087388769986,0.298184335231781,1014072000,0.0,0.0,NVDA,1d
2001-07-10 00:00:00-04:00,0.302156572633009,0.3061675146121534,0.2969996784567456,0.30062922835350037,1221744000,0.0,0.0,NVDA,1d
2001-07-11 00:00:00-04:00,0.29948330250435456,0.3048694044786671,0.29077385113143855,0.3000562787055969,904632000,0.0,0.0,NVDA,1d
2001-07-12 00:00:00-04:00,0.31418935954500765,0.3180096190018112,0.3065497969121073,0.3157937526702881,981552000,0.0,0.0,NVDA,1d
2001-07-13 00:00:00-04:00,0.3134642332804312,0.31690217209513555,0.3027295986336456,0.309261679649353,690144000,0.0,0.0,NVDA,1d
2001-07-16 00:00:00-04:00,0.30578618701599664,0.3094148360418566,0.28286659179403983,0.28439393639564514,1191696000,0.0,0.0,NVDA,1d
2001-07-17 00:00:00-04:00,0.27961935642050084,0.3030734598480957,0.2769450755713279,0.3002855181694031,1169904000,0.0,0.0,NVDA,1d
2001-07-18 00:00:00-04:00,0.2931419574108309,0.3012399096198532,0.2837449110013997,0.289894700050354,840984000,0.0,0.0,NVDA,1d
2001-07-19 00:00:00-04:00,0.29409713117096575,0.30681752342363666,0.2895893055545329,0.29455554485321045,840024000,0.0,0.0,NVDA,1d
2001-07-20 00:00:00-04:00,0.287221333501412,0.2937534160793407,0.27694508277444385,0.2860753536224365,742464000,0.0,0.0,NVDA,1d
2001-07-23 00:00:00-04:00,0.28649529777372956,0.28687759168532495,0.258647951332866,0.2589917480945587,1547976000,0.0,0.0,NVDA,1d
2001-07-24 00:00:00-04:00,0.2624681433619773,0.27675440880504215,0.2569289535597482,0.27652522921562195,1365312000,0.0,0.0,NVDA,1d
2001-07-25 00:00:00-04:00,0.2760282275292951,0.2765636354642343,0.2646454264172885,0.27385085821151733,1245888000,0.0,0.0,NVDA,1d
2001-07-26 00:00:00-04:00,0.2712536845697333,0.30368494241655064,0.26987849790403323,0.3017752766609192,1714152000,0.0,0.0,NVDA,1d
2001-07-27 00:00:00-04:00,0.3012024398415869,0.31273836399826227,0.29222527905057466,0.3094150125980377,1094688000,0.0,0.0,NVDA,1d
2001-07-30 00:00:00-04:00,0.309797211978297,0.31105778185302885,0.29871877627057297,0.3020421266555786,582288000,0.0,0.0,NVDA,1d
2001-07-31 00:00:00-04:00,0.3024629982969529,0.3103702703343245,0.2914615549492252,0.309032678604126,1187760000,0.0,0.0,NVDA,1d
2001-08-01 00:00:00-04:00,0.3151062968029975,0.3295080544559022,0.3129289266518794,0.327903687953949,1204944000,0.0,0.0,NVDA,1d
2001-08-02 00:00:00-04:00,0.33206681805345734,0.3368799175768855,0.3208361978541557,0.33569636940956116,1097928000,0.0,0.0,NVDA,1d
2001-08-03 00:00:00-04:00,0.33233450185870644,0.3382174883482012,0.326070095834415,0.3330605924129486,820344000,0.0,0.0,NVDA,1d
2001-08-06 00:00:00-04:00,0.3306915697095062,0.34654460403021,0.32713904062761723,0.3431451618671417,1292568000,0.0,0.0,NVDA,1d
2001-08-07 00:00:00-04:00,0.3430681206226455,0.3447495082020803,0.33405337063733087,0.3380643129348755,1088616000,0.0,0.0,NVDA,1d
2001-08-08 00:00:00-04:00,0.3351233082475336,0.3437942629275115,0.3279797255213749,0.3294695019721985,1125696000,0.0,0.0,NVDA,1d
2001-08-09 00:00:00-04:00,0.327941266220847,0.33439725635733425,0.31781903106144493,0.3237011432647705,1643616000,0.0,0.0,NVDA,1d
2001-08-10 00:00:00-04:00,0.323548882896474,0.3277505080887733,0.3136164573345922,0.3233197033405304,1036488000,0.0,0.0,NVDA,1d
2001-08-13 00:00:00-04:00,0.32885810756582134,0.34054711606462795,0.3239688873235519,0.3368799686431885,1514784000,0.0,0.0,NVDA,1d
2001-08-14 00:00:00-04:00,0.3307686366469252,0.3329074822335268,0.32377813998270116,0.32794126868247986,2321160000,0.0,0.0,NVDA,1d
2001-08-15 00:00:00-04:00,0.3353525364633267,0.3392864580160879,0.3254200826277519,0.3283235430717468,1816392000,0.0,0.0,NVDA,1d
2001-08-16 00:00:00-04:00,0.32228846541466794,0.34264843376544135,0.32098939813910005,0.3421515226364136,1026096000,0.0,0.0,NVDA,1d
2001-08-17 00:00:00-04:00,0.3334804994762347,0.3378352124377269,0.31728363828926187,0.3199964165687561,1668840000,0.0,0.0,NVDA,1d
2001-08-20 00:00:00-04:00,0.3179711771123912,0.3212184340128293,0.3080396529472693,0.3177804946899414,1183320000,0.0,0.0,NVDA,1d
2001-08-21 00:00:00-04:00,0.31858270716208137,0.326986887482584,0.31059934514524,0.31109532713890076,1186656000,0.0,0.0,NVDA,1d
2001-08-22 00:00:00-04:00,0.316596100698268,0.3242365689522894,0.3065499567988497,0.3238927721977234,1498104000,0.0,0.0,NVDA,1d
2001-08-23 00:00:00-04:00,0.32278437766232276,0.3269484084152379,0.3151448112809163,0.3167106807231903,1013592000,0.0,0.0,NVDA,1d
2001-08-24 00:00:00-04:00,0.3201110054603394,0.33229599409368654,0.31823893490169514,0.32576391100883484,1110936000,0.0,0.0,NVDA,1d
2001-08-27 00:00:00-04:00,0.31846811851819834,0.3413492190563846,0.3172460459851522,0.3370330035686493,1279608000,0.0,0.0,NVDA,1d
2001-08-28 00:00:00-04:00,0.3361163081447862,0.34360368992255874,0.3300426106256912,0.3326398432254791,1178760000,0.0,0.0,NVDA,1d
2001-08-29 00:00:00-04:00,0.33355669988493303,0.3356579507285334,0.31915583927732133,0.3219446837902069,1435800000,0.0,0.0,NVDA,1d
2001-08-30 00:00:00-04:00,0.31590845527952854,0.3231666284372271,0.3084595723584544,0.320913165807724,1431312000,0.0,0.0,NVDA,1d
2001-08-31 00:00:00-04:00,0.31877351443277874,0.32652860154030533,0.31457188710654765,0.323586642742157,887904000,0.0,0.0,NVDA,1d
2001-09-04 00:00:00-04:00,0.32270807820094727,0.32270807820094727,0.29883319514747375,0.30108755826950073,1856136000,0.0,0.0,NVDA,1d
2001-09-05 00:00:00-04:00,0.3008199937901648,0.3097971500441308,0.28859650942008414,0.30750519037246704,2395584000,0.0,0.0,NVDA,1d
2001-09-06 00:00:00-04:00,0.3014315599414599,0.3109431973757675,0.29356188467398264,0.29493704438209534,1950768000,0.0,0.0,NVDA,1d
2001-09-07 00:00:00-04:00,0.2903154058021041,0.30253891498043106,0.28878713245652976,0.2980310618877411,1970256000,0.0,0.0,NVDA,1d
2001-09-10 00:00:00-04:00,0.29550999152252183,0.3000563154777959,0.28340109662861784,0.2893986999988556,1872360000,0.0,2.0,NVDA,1d
2001-09-17 00:00:00-04:00,0.27136838660581697,0.27801508847643597,0.25838028251805994,0.25967937707901,1138596000,0.0,0.0,NVDA,1d
2001-09-18 00:00:00-04:00,0.2647216321845519,0.266631298351046,0.238134884624536,0.24401789903640747,894372000,0.0,0.0,NVDA,1d
2001-09-19 00:00:00-04:00,0.24539295935483033,0.24821939747018038,0.20673491268588975,0.2410382479429245,1561908000,0.0,0.0,NVDA,1d
2001-09-20 00:00:00-04:00,0.22812631980454437,0.23645438060938584,0.21391616031987595,0.22063985466957092,1470696000,0.0,0.0,NVDA,1d
2001-09-21 00:00:00-04:00,0.2036023549117005,0.21605596433196744,0.19871313490501102,0.2060474157333374,1226304000,0.0,0.0,NVDA,1d
2001-09-24 00:00:00-04:00,0.22239641877294325,0.23255805289011988,0.21254097219958457,0.2291962057352066,1507500000,0.0,0.0,NVDA,1d
2001-09-25 00:00:00-04:00,0.22988375863596833,0.23981528244982184,0.2195699273709385,0.22025752067565918,941724000,0.0,0.0,NVDA,1d
2001-09-26 00:00:00-04:00,0.22308400951663035,0.2238486109302444,0.21009683736290247,0.212311789393425,430812000,0.0,0.0,NVDA,1d
2001-09-27 00:00:00-04:00,0.21154801623813416,0.21391608156552167,0.19489280239661916,0.20054660737514496,907296000,0.0,0.0,NVDA,1d
2001-09-28 00:00:00-04:00,0.2062765578370091,0.22010442191459303,0.19749101313920586,0.20986761152744293,1044876000,0.0,0.0,NVDA,1d
2001-10-01 00:00:00-04:00,0.20971457744282318,0.21315251797602652,0.18870461298315355,0.19206646084785461,972804000,0.0,0.0,NVDA,1d
2001-10-02 00:00:00-04:00,0.19176111448755706,0.19940067938775644,0.17311920892247712,0.1824401617050171,1123032000,0.0,0.0,NVDA,1d
2001-10-03 00:00:00-04:00,0.18152338046946367,0.22988378207820495,0.18152338046946367,0.21834787726402283,1798824000,0.0,0.0,NVDA,1d
2001-10-04 00:00:00-04:00,0.22995988511721632,0.2582280177900009,0.22201502008697777,0.24669119715690613,1980576000,0.0,0.0,NVDA,1d
2001-10-05 00:00:00-04:00,0.24294783589216676,0.25738720819852023,0.23370390866454302,0.2513520121574402,1078212000,0.0,0.0,NVDA,1d
2001-10-08 00:00:00-04:00,0.24141973287610377,0.26655523047531604,0.24141973287610377,0.25700509548187256,765900000,0.0,0.0,NVDA,1d
2001-10-09 00:00:00-04:00,0.2576925721210892,0.26281189908997293,0.2385171177713078,0.24585138261318207,917556000,0.0,0.0,NVDA,1d
2001-10-10 00:00:00-04:00,0.24149671736969863,0.26357563613747786,0.23989235089359137,0.2616659700870514,968124000,0.0,0.0,NVDA,1d
2001-10-11 00:00:00-04:00,0.27564684661690864,0.2907738153753133,0.2741946659220836,0.29000920057296753,918000000,0.0,0.0,NVDA,1d
2001-10-12 00:00:00-04:00,0.2826750913166814,0.3094149574341979,0.2816821980840373,0.308880478143692,1253100000,0.0,0.0,NVDA,1d
2001-10-15 00:00:00-04:00,0.29986469638702185,0.31705442124681416,0.29146144534850654,0.30750519037246704,908568000,0.0,0.0,NVDA,1d
2001-10-16 00:00:00-04:00,0.3071228726521458,0.34089079170187997,0.3007814732462286,0.33844664692878723,1383852000,0.0,0.0,NVDA,1d
2001-10-17 00:00:00-04:00,0.3459331119802645,0.3460862262252194,0.3170544101950215,0.318582683801651,1695540000,0.0,0.0,NVDA,1d
2001-10-18 00:00:00-04:00,0.3185827644967927,0.3351609922577117,0.3178190783182137,0.3320292532444,1020864000,0.0,0.0,NVDA,1d
2001-10-19 00:00:00-04:00,0.32729215341974216,0.34379428523103017,0.32316662046692013,0.33890506625175476,1059264000,0.0,0.0,NVDA,1d
2001-10-22 00:00:00-04:00,0.3363839291972554,0.351433852744384,0.3288965219459031,0.3469269275665283,970824000,0.0,0.0,NVDA,1d
2001-10-23 00:00:00-04:00,0.35135764241685125,0.3576220187757756,0.33309803600986504,0.34081462025642395,953028000,0.0,0.0,NVDA,1d
2001-10-24 00:00:00-04:00,0.3346263746934935,0.35670528681179026,0.33080611478439353,0.3558655083179474,1212144000,0.0,0.0,NVDA,1d
2001-10-25 00:00:00-04:00,0.34761457254497974,0.38306298667526273,0.34226606462116216,0.376722514629364,1152396000,0.0,0.0,NVDA,1d
2001-10-26 00:00:00-04:00,0.37412418400896097,0.3853548004887482,0.3476144406112586,0.34982940554618835,1097124000,0.0,0.0,NVDA,1d
2001-10-29 00:00:00-05:00,0.3510524214861989,0.3571637123313148,0.3210277414217579,0.32140910625457764,1004796000,0.0,0.0,NVDA,1d
2001-10-30 00:00:00-05:00,0.315527085047281,0.3356963652346581,0.30826891138414897,0.3208746910095215,1153380000,0.0,0.0,NVDA,1d
2001-10-31 00:00:00-05:00,0.3328689061601598,0.34188455811391555,0.32278426882364447,0.32744520902633667,989292000,0.0,0.0,NVDA,1d
2001-11-01 00:00:00-05:00,0.3316468193065373,0.3580804701118543,0.3266044871986056,0.35540711879730225,1093776000,0.0,0.0,NVDA,1d
2001-11-02 00:00:00-05:00,0.35380283549947394,0.36472722611008623,0.3407386431225003,0.36037251353263855,1087248000,0.0,0.0,NVDA,1d
2001-11-05 00:00:00-05:00,0.36663789805243446,0.37664551779981376,0.3593796961481234,0.36167165637016296,933456000,0.0,0.0,NVDA,1d
2001-11-06 00:00:00-05:00,0.3609840089070085,0.38818225315650856,0.3590743430306895,0.38650086522102356,1415376000,0.0,0.0,NVDA,1d
2001-11-07 00:00:00-05:00,0.3835213592172217,0.40170488112685393,0.3813064208448414,0.3868071138858795,1419144000,0.0,0.0,NVDA,1d
2001-11-08 00:00:00-05:00,0.39162014114205146,0.39681463164090536,0.3686235255035048,0.3800833225250244,1915188000,0.0,0.0,NVDA,1d
2001-11-09 00:00:00-05:00,0.3968917414002174,0.4067471744924296,0.3895574751417051,0.40644097328186035,2270484000,0.0,0.0,NVDA,1d
2001-11-12 00:00:00-05:00,0.40491363231543315,0.4277562662428821,0.39253703143530444,0.4173663258552551,1458636000,0.0,0.0,NVDA,1d
2001-11-13 00:00:00-05:00,0.4186653939082154,0.41874148656313404,0.4079692529575715,0.413928359746933,1446516000,0.0,0.0,NVDA,1d
2001-11-14 00:00:00-05:00,0.4169839846924065,0.42095733254931395,0.39116182743281525,0.4023924469947815,1150224000,0.0,0.0,NVDA,1d
2001-11-15 00:00:00-05:00,0.39780856600490144,0.4100320805712314,0.39276625900618084,0.4045313596725464,874944000,0.0,0.0,NVDA,1d
2001-11-16 00:00:00-05:00,0.404913665041166,0.40919138433299385,0.3955927096490382,0.40101733803749084,496128000,0.0,0.0,NVDA,1d
2001-11-19 00:00:00-05:00,0.40498973358238005,0.40873297339477466,0.3705342115160362,0.3922308385372162,1943052000,0.0,0.0,NVDA,1d
2001-11-20 00:00:00-05:00,0.394141285909469,0.40101716374719987,0.3768745697238371,0.3812292814254761,937884000,0.0,0.0,NVDA,1d
2001-11-21 00:00:00-05:00,0.37481175835455094,0.3863485753686598,0.36518553565839806,0.37634003162384033,728412000,0.0,0.0,NVDA,1d
2001-11-23 00:00:00-05:00,0.3777913528351427,0.3819939067084426,0.3712977685784971,0.38161158561706543,254016000,0.0,0.0,NVDA,1d
2001-11-26 00:00:00-05:00,0.38802922843280346,0.4094205840691872,0.3869593409798264,0.4088861048221588,1215780000,0.0,0.0,NVDA,1d
2001-11-27 00:00:00-05:00,0.4086567817922912,0.4224846592610964,0.40109330970084617,0.4132407009601593,1183992000,0.0,0.0,NVDA,1d
2001-11-28 00:00:00-05:00,0.4079692666914316,0.4147690541043834,0.39146713266453964,0.3923839330673218,740844000,0.0,0.0,NVDA,1d
2001-11-29 00:00:00-05:00,0.42088029662343923,0.42302007107884254,0.40796921843280803,0.40957358479499817,5135472000,0.0,0.0,NVDA,1d
2001-11-30 00:00:00-05:00,0.4094204925504628,0.42042190468354756,0.4033852936952079,0.41744235157966614,1034028000,0.0,0.0,NVDA,1d
2001-12-03 00:00:00-05:00,0.4086568926049495,0.4137752922559501,0.4037676725810992,0.41110196709632874,851496000,0.0,0.0,NVDA,1d
2001-12-04 00:00:00-05:00,0.413164778972777,0.4446407800967192,0.413164778972777,0.4441823661327362,1384644000,0.0,0.0,NVDA,1d
2001-12-05 00:00:00-05:00,0.44769611339431786,0.4809295471646991,0.4473147486298204,0.48001277446746826,1707036000,0.0,0.0,NVDA,1d
2001-12-06 00:00:00-05:00,0.47626974256507143,0.4774918151823113,0.46045520268233375,0.47244948148727417,1138944000,0.0,0.0,NVDA,1d
2001-12-07 00:00:00-05:00,0.46893533568818985,0.47321395493104534,0.4498359474742554,0.4580100178718567,807036000,0.0,0.0,NVDA,1d
2001-12-10 00:00:00-05:00,0.4557181527482349,0.47306093853629416,0.45189882076177534,0.46259403228759766,695868000,0.0,0.0,NVDA,1d
2001-12-11 00:00:00-05:00,0.4706929663218884,0.4900976055897508,0.46603205181649476,0.4791732132434845,792252000,0.0,0.0,NVDA,1d
2001-12-12 00:00:00-05:00,0.4828404726645816,0.49430027585222686,0.4735195157996487,0.4940710961818695,1004628000,0.0,0.0,NVDA,1d
2001-12-13 00:00:00-05:00,0.48436764814429806,0.4905559338818924,0.4779501281850164,0.47986072301864624,881400000,0.0,0.0,NVDA,1d
2001-12-14 00:00:00-05:00,0.47978371127155417,0.5038493146147863,0.4775687459309913,0.5014812350273132,754680000,0.0,0.0,NVDA,1d
2001-12-17 00:00:00-05:00,0.49766083436625225,0.5267687625397391,0.49766083436625225,0.5195115208625793,1080960000,0.0,0.0,NVDA,1d
2001-12-18 00:00:00-05:00,0.5081279651763126,0.5153091440106373,0.5018635593171469,0.5061413049697876,886968000,0.0,0.0,NVDA,1d
2001-12-19 00:00:00-05:00,0.4978143482602456,0.507975084928037,0.49040398642957156,0.4923136532306671,854652000,0.0,0.0,NVDA,1d
2001-12-20 00:00:00-05:00,0.49430015927548754,0.5032388200471348,0.47115137868929446,0.4729079306125641,951228000,0.0,0.0,NVDA,1d
2001-12-21 00:00:00-05:00,0.48322171552401827,0.4965921109428391,0.4776449569772376,0.49338337779045105,723972000,0.0,0.0,NVDA,1d
2001-12-24 00:00:00-05:00,0.49315436122125117,0.5082042645694204,0.49292512688840834,0.5056831240653992,265308000,0.0,0.0,NVDA,1d
2001-12-26 00:00:00-05:00,0.5082038885762573,0.5266927303954028,0.5081278232710759,0.5180593729019165,642156000,0.0,0.0,NVDA,1d
2001-12-27 00:00:00-05:00,0.522567281615788,0.5324227133793771,0.5218036229487361,0.5300546884536743,730152000,0.0,0.0,NVDA,1d
2001-12-28 00:00:00-05:00,0.5331865585672826,0.5367014658009235,0.5121774974321327,0.5172958970069885,757680000,0.0,0.0,NVDA,1d
2001-12-31 00:00:00-05:00,0.5211159900121952,0.5240955427360748,0.5099614377257116,0.5111074447631836,737580000,0.0,0.0,NVDA,1d
2002-01-02 00:00:00-05:00,0.5133233577927646,0.5229496106374063,0.5004113779296827,0.5141631364822388,1298904000,0.0,0.0,NVDA,1d
2002-01-03 00:00:00-05:00,0.5152332158170215,0.5500710936419084,0.5149279707943485,0.5478551983833313,1414752000,0.0,0.0,NVDA,1d
2002-01-04 00:00:00-05:00,0.5551131426488699,0.5551131426488699,0.5225672936578685,0.5318882465362549,936288000,0.0,0.0,NVDA,1d
2002-01-07 00:00:00-05:00,0.5340272069577182,0.5347909204514777,0.5104200119391498,0.5176011919975281,973068000,0.0,0.0,NVDA,1d
2002-01-08 00:00:00-05:00,0.5165323474677137,0.5361662257263646,0.5147748661566272,0.5237135291099548,774360000,0.0,0.0,NVDA,1d
2002-01-09 00:00:00-05:00,0.5309715356870548,0.5405207402956504,0.5091978890748098,0.5165321826934814,1141188000,0.0,0.0,NVDA,1d
2002-01-10 00:00:00-05:00,0.5137818909138098,0.5208099571195424,0.49964783524041834,0.5041556358337402,992508000,0.0,0.0,NVDA,1d
2002-01-11 00:00:00-05:00,0.5075164192650677,0.5076694788547824,0.47986066615054457,0.4818464517593384,1380852000,0.0,0.0,NVDA,1d
2002-01-14 00:00:00-05:00,0.4807774529637659,0.4841384252588454,0.4565587639808655,0.4565587639808655,1369560000,0.0,0.0,NVDA,1d
2002-01-15 00:00:00-05:00,0.47558226765221334,0.4994947658898817,0.47504778834402633,0.49918946623802185,1838808000,0.0,0.0,NVDA,1d
2002-01-16 00:00:00-05:00,0.49238955467601675,0.4955982874652644,0.47787408250743685,0.47970762848854065,1115388000,0.0,0.0,NVDA,1d
2002-01-17 00:00:00-05:00,0.4955983221791505,0.49659208952575523,0.4776449363773088,0.49651509523391724,1121544000,0.0,0.0,NVDA,1d
2002-01-18 00:00:00-05:00,0.477798000637393,0.4908622217119418,0.477491826740052,0.48742425441741943,803676000,0.0,0.0,NVDA,1d
2002-01-22 00:00:00-05:00,0.49200815538635767,0.4933063479614649,0.4696991009545882,0.4751998484134674,1085028000,0.0,0.0,NVDA,1d
2002-01-23 00:00:00-05:00,0.47947853774332727,0.4875764911892276,0.4700053972344785,0.4841385781764984,889164000,0.0,0.0,NVDA,1d
2002-01-24 00:00:00-05:00,0.48895154975571353,0.5065235680514519,0.4786377041387204,0.5014812350273132,1137684000,0.0,0.0,NVDA,1d
2002-01-25 00:00:00-05:00,0.4942999814215963,0.5126357102447724,0.488187816805647,0.5001820921897888,817752000,0.0,0.0,NVDA,1d
2002-01-28 00:00:00-05:00,0.5099615511376743,0.5195117394112923,0.5049192720563737,0.5194346904754639,924288000,0.0,0.0,NVDA,1d
2002-01-29 00:00:00-05:00,0.5206576777615644,0.5221850499219917,0.48589593110210616,0.49399393796920776,1381932000,0.0,0.0,NVDA,1d
2002-01-30 00:00:00-05:00,0.49659194037078763,0.5003352060878388,0.4847498502594352,0.49995291233062744,1218456000,0.0,0.0,NVDA,1d
2002-01-31 00:00:00-05:00,0.5064476293998018,0.5103439566860422,0.48551375682202663,0.5022451281547546,973980000,0.0,0.0,NVDA,1d
2002-02-01 00:00:00-05:00,0.5014053886452161,0.5067529688949081,0.4870420966182465,0.48994553089141846,688272000,0.0,0.0,NVDA,1d
2002-02-04 00:00:00-05:00,0.4888756130542379,0.5007938294092816,0.4661091225562682,0.46687278151512146,1104864000,0.0,0.0,NVDA,1d
2002-02-05 00:00:00-05:00,0.4637400142262548,0.4677893998971195,0.44410611665500144,0.4622887074947357,1474620000,0.0,0.0,NVDA,1d
2002-02-06 00:00:00-05:00,0.47451209423703083,0.4819994448365014,0.46526813782106347,0.47382450103759766,1242528000,0.0,0.0,NVDA,1d
2002-02-07 00:00:00-05:00,0.47443600219819354,0.47443600219819354,0.45625344240915466,0.45846840739250183,964476000,0.0,0.0,NVDA,1d
2002-02-08 00:00:00-05:00,0.46152500090708454,0.4641222599075214,0.4234784352281519,0.4409734308719635,1871292000,0.0,0.0,NVDA,1d
2002-02-11 00:00:00-05:00,0.4402858444885008,0.46603193292950384,0.4386814782892079,0.4653443396091461,1249224000,0.0,0.0,NVDA,1d
2002-02-12 00:00:00-05:00,0.4583163231015766,0.4839863230832159,0.4530448098832402,0.4751998484134674,1216500000,0.0,0.0,NVDA,1d
2002-02-13 00:00:00-05:00,0.48131204313531634,0.48941005053723663,0.46450466412771124,0.4690885841846466,1230432000,0.0,0.0,NVDA,1d
2002-02-14 00:00:00-05:00,0.4730609527040698,0.4847499865223063,0.46710190064052665,0.47489455342292786,1225692000,0.0,0.0,NVDA,1d
2002-02-15 00:00:00-05:00,0.4530447738612429,0.4557181257661922,0.43356308899753193,0.43814700841903687,3988548000,0.0,0.0,NVDA,1d
2002-02-19 00:00:00-05:00,0.4194290414057928,0.42378375397405266,0.4057533483192263,0.409115195274353,1972524000,0.0,0.0,NVDA,1d
2002-02-20 00:00:00-05:00,0.4018569212051649,0.43509035633519844,0.4010932353641724,0.4305064380168915,1838736000,0.0,0.0,NVDA,1d
2002-02-21 00:00:00-05:00,0.42462433303819175,0.42477651828793994,0.4005587357816052,0.4010932147502899,1531044000,0.0,0.0,NVDA,1d
2002-02-22 00:00:00-05:00,0.39307144003651656,0.39765535907469896,0.376264010119641,0.38138243556022644,2585616000,0.0,0.0,NVDA,1d
2002-02-25 00:00:00-05:00,0.38313998930112536,0.4142336613614437,0.3830629676870248,0.4112541079521179,1599564000,0.0,0.0,NVDA,1d
2002-02-26 00:00:00-05:00,0.42026976992364795,0.4274509495037142,0.40911524219559686,0.42019274830818176,1902672000,0.0,0.0,NVDA,1d
2002-02-27 00:00:00-05:00,0.42974284312468153,0.43157641630451493,0.4049135535355136,0.40605953335762024,1723224000,0.0,0.0,NVDA,1d
2002-02-28 00:00:00-05:00,0.4033853488299843,0.4106435501448109,0.3862717138963454,0.3897096812725067,1585440000,0.0,0.0,NVDA,1d
2002-03-01 00:00:00-05:00,0.3934538826872884,0.4278333158024553,0.3923079024941936,0.427374929189682,1311396000,0.0,0.0,NVDA,1d
2002-03-04 00:00:00-05:00,0.4286730094723861,0.45610046330501336,0.4245474761332177,0.45121124386787415,1484724000,0.0,0.0,NVDA,1d
2002-03-05 00:00:00-05:00,0.4442582455852673,0.4621355346083313,0.4438768807600023,0.45006516575813293,1379448000,0.0,0.0,NVDA,1d
2002-03-06 00:00:00-05:00,0.4366186499821215,0.44104948161298035,0.4265340128189252,0.4359310567378998,1446060000,0.0,0.0,NVDA,1d
2002-03-07 00:00:00-05:00,0.44211947014473285,0.44357072227646915,0.4203458247964566,0.4324171245098114,1346532000,0.0,0.0,NVDA,1d
2002-03-08 00:00:00-05:00,0.44066822304981207,0.45449610279057645,0.438528448400082,0.4453282356262207,1270356000,0.0,0.0,NVDA,1d
2002-03-11 00:00:00-05:00,0.440439025290927,0.44532821726844857,0.43279853065754764,0.4401327967643738,810540000,0.0,0.0,NVDA,1d
2002-03-12 00:00:00-05:00,0.42668722676433996,0.4289791865658661,0.41408144785594597,0.4170610010623932,1255032000,0.0,0.0,NVDA,1d
2002-03-13 00:00:00-05:00,0.4131645859257761,0.4161441386878759,0.40796916634271885,0.4094974398612976,1031616000,0.0,0.0,NVDA,1d
2002-03-14 00:00:00-05:00,0.40644098641439563,0.40644098641439563,0.3859664334760978,0.3868071138858795,1139460000,0.0,0.0,NVDA,1d
2002-03-15 00:00:00-05:00,0.38955751471280703,0.40361457519539395,0.3821462260888422,0.4031561613082886,1248288000,0.0,0.0,NVDA,1d
2002-03-18 00:00:00-05:00,0.41049045563413306,0.41935302393632984,0.39857224101579586,0.4031561613082886,1236996000,0.0,0.0,NVDA,1d
2002-03-19 00:00:00-05:00,0.406059564643175,0.40682325070463,0.3922307841088643,0.3945997655391693,846072000,0.0,0.0,NVDA,1d
2002-03-20 00:00:00-05:00,0.3881051466208271,0.3888697614354598,0.3541080249759214,0.35540711879730225,2292588000,0.0,0.0,NVDA,1d
2002-03-21 00:00:00-05:00,0.36144245528334396,0.37855606326857283,0.3518922937239644,0.3742774426937103,1721712000,0.0,0.0,NVDA,1d
2002-03-22 00:00:00-05:00,0.3810002707717097,0.3810002707717097,0.368242276492955,0.37106871604919434,1249140000,0.0,0.0,NVDA,1d
2002-03-25 00:00:00-05:00,0.36931107095576104,0.369769457312789,0.35143375713090236,0.3518921434879303,884160000,0.0,0.0,NVDA,1d
2002-03-26 00:00:00-05:00,0.34822512707509046,0.3680129863741101,0.3462393684902144,0.35907435417175293,1123512000,0.0,0.0,NVDA,1d
2002-03-27 00:00:00-05:00,0.35357357245118015,0.3607547500824639,0.34150227492859886,0.34761446714401245,1068012000,0.0,0.0,NVDA,1d
2002-03-28 00:00:00-05:00,0.3499825709991056,0.35219843806759676,0.31988179514652526,0.33890506625175476,3124080000,0.0,0.0,NVDA,1d
2002-04-01 00:00:00-05:00,0.32011097543896816,0.33592551390635333,0.30987324934249133,0.33332735300064087,2365344000,0.0,0.0,NVDA,1d
2002-04-02 00:00:00-05:00,0.3233199351627901,0.3414264445357987,0.3227084340517635,0.3246181011199951,1438008000,0.0,0.0,NVDA,1d
2002-04-03 00:00:00-05:00,0.3260700393179333,0.3349316758663165,0.3193463463229358,0.33073005080223083,1094640000,0.0,0.0,NVDA,1d
2002-04-04 00:00:00-05:00,0.3282088997720688,0.34035628973411935,0.32370107372849477,0.32912567257881165,1130964000,0.0,0.0,NVDA,1d
2002-04-05 00:00:00-05:00,0.33126456765643475,0.3366130742375978,0.31827737094857406,0.3216383159160614,1026900000,0.0,0.0,NVDA,1d
2002-04-08 00:00:00-04:00,0.3067405211947986,0.3324104845523834,0.30666442856922344,0.3324104845523834,1151316000,0.0,0.0,NVDA,1d
2002-04-09 00:00:00-04:00,0.3356963912130871,0.3384467378797269,0.31063698800963924,0.3114015758037567,1380768000,0.0,0.0,NVDA,1d
2002-04-10 00:00:00-04:00,0.3139226362387912,0.31629068820413697,0.27197974769727506,0.2942117750644684,3689724000,0.0,0.0,NVDA,1d
2002-04-11 00:00:00-04:00,0.2918428555524611,0.29558699646936254,0.2780910966735449,0.2812998294830322,1437288000,0.0,0.0,NVDA,1d
2002-04-12 00:00:00-04:00,0.28756508478165166,0.28985704417762925,0.27144434741458096,0.2802308201789856,1376880000,0.0,0.0,NVDA,1d
2002-04-15 00:00:00-04:00,0.28565465426339254,0.296350770443347,0.28496706065100275,0.29153764247894287,1157208000,0.0,0.0,NVDA,1d
2002-04-16 00:00:00-04:00,0.30460168869450965,0.30773435555782147,0.29826028965471035,0.30421939492225647,854856000,0.0,0.0,NVDA,1d
2002-04-17 00:00:00-04:00,0.30781054496765137,0.31231837247142386,0.2981842907671136,0.30781054496765137,944484000,0.0,0.0,NVDA,1d
2002-04-18 00:00:00-04:00,0.3046778441381297,0.3079635985860149,0.2960454129163465,0.30269208550453186,693156000,0.0,0.0,NVDA,1d
2002-04-19 00:00:00-04:00,0.2924543468601542,0.2960454007235881,0.281682114228572,0.28206440806388855,1125672000,0.0,0.0,NVDA,1d
2002-04-22 00:00:00-04:00,0.2789317207569529,0.2891694452006238,0.27885562812180387,0.2834395468235016,808176000,0.0,0.0,NVDA,1d
2002-04-23 00:00:00-04:00,0.2856546048950778,0.28894035972069915,0.26945867157409553,0.27197983860969543,773508000,0.0,0.0,NVDA,1d
2002-04-24 00:00:00-04:00,0.27511155527507725,0.27916099592674515,0.24745582370541108,0.24814338982105255,1582956000,0.0,0.0,NVDA,1d
2002-04-25 00:00:00-04:00,0.24714956751160824,0.26273492595329245,0.247073474866357,0.2577696144580841,1168296000,0.0,0.0,NVDA,1d
2002-04-26 00:00:00-04:00,0.26059612615558403,0.2609014257807156,0.23202268779277802,0.23202268779277802,1191120000,0.0,0.0,NVDA,1d
2002-04-29 00:00:00-04:00,0.2594499912188645,0.2745769310803397,0.25074054182353955,0.27068060636520386,3930852000,0.0,0.0,NVDA,1d
2002-04-30 00:00:00-04:00,0.2770981719813036,0.2807653181914477,0.26013765491227864,0.26594364643096924,1776504000,0.0,0.0,NVDA,1d
2002-05-01 00:00:00-04:00,0.26158900019054265,0.27450098213846646,0.2547901141015813,0.2707568407058716,1718904000,0.0,0.0,NVDA,1d
2002-05-02 00:00:00-04:00,0.272056019328611,0.27877878751685303,0.25975550709005135,0.259832501411438,1125084000,0.0,0.0,NVDA,1d
2002-05-03 00:00:00-04:00,0.26013766731187116,0.26212435475385487,0.24890704858443755,0.2502061426639557,852756000,0.0,0.0,NVDA,1d
2002-05-06 00:00:00-04:00,0.2437116040127706,0.2551714284814633,0.23866929873282522,0.24065595865249634,1102044000,0.0,0.0,NVDA,1d
2002-05-07 00:00:00-04:00,0.24600360375099523,0.25112293146611525,0.2346208263358344,0.24669119715690613,1412448000,0.0,0.0,NVDA,1d
2002-05-08 00:00:00-04:00,0.26349957940221846,0.2793141213655461,0.2551715173533427,0.2750355005264282,1688688000,0.0,0.0,NVDA,1d
2002-05-09 00:00:00-04:00,0.2741947701474306,0.27984857758683684,0.26281196424714587,0.26327037811279297,1230840000,0.0,0.0,NVDA,1d
2002-05-10 00:00:00-04:00,0.2686941056541406,0.26968790046367613,0.24065604834882767,0.24355950951576233,1321548000,0.0,0.0,NVDA,1d
2002-05-13 00:00:00-04:00,0.2460805768355412,0.2591447670047831,0.24401782434687702,0.25830405950546265,800892000,0.0,0.0,NVDA,1d
2002-05-14 00:00:00-04:00,0.2748062709256609,0.2868775719368656,0.27006923657359944,0.2839741110801697,1526112000,0.0,0.0,NVDA,1d
2002-05-15 00:00:00-04:00,0.2796193174256581,0.29489934716247496,0.2757229646240033,0.2895508408546448,1504548000,0.0,0.0,NVDA,1d
2002-05-16 00:00:00-04:00,0.28962785561264737,0.2960453751137244,0.28374486984135405,0.2900862693786621,985560000,0.0,0.0,NVDA,1d
2002-05-17 00:00:00-04:00,0.29795493631394493,0.30009380838123256,0.2905445805267401,0.29925402998924255,934404000,0.0,0.0,NVDA,1d
2002-05-20 00:00:00-04:00,0.29673289103121575,0.30444854696094226,0.29535773193222975,0.3024628162384033,953412000,0.0,0.0,NVDA,1d
2002-05-21 00:00:00-04:00,0.30635931953814644,0.31056094655232735,0.27908497334784815,0.27939024567604065,1382604000,0.0,0.0,NVDA,1d
2002-05-22 00:00:00-04:00,0.281605899422065,0.2923781273807378,0.28114751313755415,0.29069674015045166,1547988000,0.0,0.0,NVDA,1d
2002-05-23 00:00:00-04:00,0.29153755877010795,0.2921490595338472,0.2643393129914962,0.2729726731777191,2556780000,0.0,0.0,NVDA,1d
2002-05-24 00:00:00-04:00,0.26777712968097617,0.26915231587890215,0.26143666120241194,0.26762494444847107,737784000,0.0,0.0,NVDA,1d
2002-05-28 00:00:00-04:00,0.26999317087656227,0.270146285166659,0.2516574887365824,0.25700509548187256,1367088000,0.0,0.0,NVDA,1d
2002-05-29 00:00:00-04:00,0.25287956101983683,0.2677773027281672,0.2489832067151855,0.2667083442211151,1311012000,0.0,0.0,NVDA,1d
2002-05-30 00:00:00-04:00,0.26128371454576543,0.26915248845852197,0.256165314792391,0.2628119885921478,1066080000,0.0,0.0,NVDA,1d
2002-05-31 00:00:00-04:00,0.2643393512144297,0.26548533129763374,0.2551715105487972,0.25562989711761475,674112000,0.0,0.0,NVDA,1d
2002-06-03 00:00:00-04:00,0.24944158383630138,0.2505875637986947,0.23752337036955734,0.24057991802692413,901248000,0.0,0.0,NVDA,1d
2002-06-04 00:00:00-04:00,0.2390516359840716,0.2540254949571813,0.23866934213091764,0.25272732973098755,1095432000,0.0,0.0,NVDA,1d
2002-06-05 00:00:00-04:00,0.25326187022464697,0.2533379628946648,0.24027376675042342,0.2490602433681488,1114308000,0.0,0.0,NVDA,1d
2002-06-06 00:00:00-04:00,0.24646214813519515,0.2524982520409954,0.2463860554446634,0.24913640320301056,739356000,0.0,0.0,NVDA,1d
2002-06-07 00:00:00-04:00,0.22889087401032487,0.24982382189391614,0.22881386607568832,0.24676817655563354,1371300000,0.0,0.0,NVDA,1d
2002-06-10 00:00:00-04:00,0.25005304428111147,0.2570050436699932,0.24409396518035348,0.2447054386138916,749148000,0.0,0.0,NVDA,1d
2002-06-11 00:00:00-04:00,0.24875399801800005,0.24982388535897862,0.2330925446084881,0.23370404541492462,859308000,0.0,0.0,NVDA,1d
2002-06-12 00:00:00-04:00,0.2281263084783613,0.23225184153127976,0.20375541766270786,0.21353475749492645,2267544000,0.0,0.0,NVDA,1d
2002-06-13 00:00:00-04:00,0.21513909695566602,0.21911151500242138,0.20459607306691244,0.21131885051727295,1265892000,0.0,0.0,NVDA,1d
2002-06-14 00:00:00-04:00,0.20352622295044764,0.21689568764154318,0.19665033002477042,0.2152913212776184,1116444000,0.0,0.0,NVDA,1d
2002-06-17 00:00:00-04:00,0.2201044954150032,0.22293186405215365,0.2134578075400562,0.21720196306705475,1054140000,0.0,0.0,NVDA,1d
2002-06-18 00:00:00-04:00,0.2145276570301915,0.22232033738162862,0.2120065037759966,0.2160559445619583,1008300000,0.0,0.0,NVDA,1d
2002-06-19 00:00:00-04:00,0.20551283380579136,0.20551283380579136,0.18060654270801127,0.18221092224121094,2593620000,0.0,0.0,NVDA,1d
2002-06-20 00:00:00-04:00,0.1825932849519335,0.1875585970169085,0.17816155042363024,0.18053051829338074,1425048000,0.0,0.0,NVDA,1d
2002-06-21 00:00:00-04:00,0.17961374876750844,0.1865657355017616,0.16945211347227307,0.17311924695968628,1484364000,0.0,0.0,NVDA,1d
2002-06-24 00:00:00-04:00,0.16868840790410655,0.1817525873807458,0.1634929873826988,0.17632797360420227,1379592000,0.0,0.0,NVDA,1d
2002-06-25 00:00:00-04:00,0.1795367276726937,0.1795367276726937,0.16066654140853812,0.16173642873764038,1172232000,0.0,0.0,NVDA,1d
2002-06-26 00:00:00-04:00,0.1434007104051027,0.15875686139118328,0.13942736299710148,0.15333224833011627,2067828000,0.0,0.0,NVDA,1d
2002-06-27 00:00:00-04:00,0.15898597063758632,0.16020804242023115,0.12834979115148967,0.13048864901065826,3182808000,0.0,0.0,NVDA,1d
2002-06-28 00:00:00-04:00,0.12834984221113963,0.1366769991536598,0.1255233902548824,0.13125330209732056,1991184000,0.0,0.0,NVDA,1d
2002-07-01 00:00:00-04:00,0.13064184201598528,0.1344620895286548,0.12819678142240676,0.13094712793827057,1164372000,0.0,0.0,NVDA,1d
2002-07-02 00:00:00-04:00,0.12941978992121358,0.12987817652626768,0.11933516165957224,0.12269609421491623,1368180000,0.0,0.0,NVDA,1d
2002-07-03 00:00:00-04:00,0.12193231142160438,0.13354521825893384,0.12185621881362017,0.1333160251379013,1073304000,0.0,0.0,NVDA,1d
2002-07-05 00:00:00-04:00,0.14286541322533539,0.1451573743562337,0.13873987772525212,0.1450812816619873,739524000,0.0,0.0,NVDA,1d
2002-07-08 00:00:00-04:00,0.14340078069298495,0.15463140449081264,0.1432476800355068,0.14943598210811615,1587180000,0.0,0.0,NVDA,1d
2002-07-09 00:00:00-04:00,0.14981826607118,0.15172793264336923,0.13889294268307575,0.1421016901731491,1075080000,0.0,0.0,NVDA,1d
2002-07-10 00:00:00-04:00,0.1455395843190902,0.14668556422229892,0.137212425436787,0.13820530474185944,926988000,0.0,0.0,NVDA,1d
2002-07-11 00:00:00-04:00,0.13744168318614994,0.15279782776609271,0.13621868122153127,0.15226241946220398,1143948000,0.0,0.0,NVDA,1d
2002-07-12 00:00:00-04:00,0.16043731726980565,0.16104881795177908,0.1489775059660003,0.15211015939712524,1344900000,0.0,0.0,NVDA,1d
2002-07-15 00:00:00-04:00,0.15249162041940365,0.16731328506775733,0.14561572506781068,0.16723719239234924,1495272000,0.0,0.0,NVDA,1d
2002-07-16 00:00:00-04:00,0.16311160060765523,0.178390731238334,0.16005503951123246,0.16272929310798645,1773432000,0.0,0.0,NVDA,1d
2002-07-17 00:00:00-04:00,0.15921521783790626,0.162346955439945,0.1425599896222723,0.14890138804912567,1922364000,0.0,0.0,NVDA,1d
2002-07-18 00:00:00-04:00,0.1464564556082931,0.15508982067592658,0.14469897393335446,0.1450812816619873,1243188000,0.0,0.0,NVDA,1d
2002-07-19 00:00:00-04:00,0.14065041830260794,0.14622721878649675,0.13751776361200738,0.13851062953472137,845772000,0.0,0.0,NVDA,1d
2002-07-22 00:00:00-04:00,0.1379000074855195,0.14179634703221555,0.12644019573612172,0.13209308683872223,1290744000,0.0,0.0,NVDA,1d
2002-07-23 00:00:00-04:00,0.13285771782808484,0.13369749665357386,0.11773077004130923,0.1222376823425293,1409652000,0.0,0.0,NVDA,1d
2002-07-24 00:00:00-04:00,0.12055718218341378,0.13201697894817108,0.12048108954819492,0.1300303190946579,1175100000,0.0,0.0,NVDA,1d
2002-07-25 00:00:00-04:00,0.12498803996763802,0.1253703338598108,0.11085488040166072,0.11505649983882904,1796448000,0.0,0.0,NVDA,1d
2002-07-26 00:00:00-04:00,0.11841837110559275,0.12116871797270638,0.10925051633917204,0.11238225549459457,1221900000,0.0,0.0,NVDA,1d
2002-07-29 00:00:00-04:00,0.11704316315017038,0.11765374862505344,0.1117716568203072,0.11551488935947418,1227720000,0.0,0.0,NVDA,1d
2002-07-30 00:00:00-04:00,0.11498038818654333,0.12972503931545565,0.11459809435751939,0.1239190474152565,1818012000,0.0,0.0,NVDA,1d
2002-07-31 00:00:00-04:00,0.09030330990812017,0.09213688339713076,0.08358053042918655,0.0845734030008316,4837140000,0.0,0.0,NVDA,1d
2002-08-01 00:00:00-04:00,0.08526099430126462,0.08526099430126462,0.07639843350240635,0.07647544145584106,1725708000,0.0,0.0,NVDA,1d
2002-08-02 00:00:00-04:00,0.07891958398617609,0.07945498523515974,0.06952253831215532,0.07143311947584152,1795260000,0.0,0.0,NVDA,1d
2002-08-05 00:00:00-04:00,0.07036323206597207,0.07051633265613828,0.06486251925411415,0.06570321321487427,1330716000,0.0,0.0,NVDA,1d
2002-08-06 00:00:00-04:00,0.06875885571205866,0.0717384018002149,0.06768896856471784,0.06914114952087402,1168800000,0.0,0.0,NVDA,1d
2002-08-07 00:00:00-04:00,0.07219675771711263,0.07288434386920115,0.06493857526296806,0.06753674149513245,892980000,0.0,0.0,NVDA,1d
2002-08-08 00:00:00-04:00,0.068224376773918,0.07318968178472307,0.06646689610807018,0.07196760922670364,755424000,0.0,0.0,NVDA,1d
2002-08-09 00:00:00-04:00,0.07005791588163587,0.07257907479115212,0.06883492850395875,0.07028711587190628,581304000,0.0,0.0,NVDA,1d
2002-08-12 00:00:00-04:00,0.06952251481361724,0.07296045319248598,0.06768894904433584,0.07028711587190628,592800000,0.0,0.0,NVDA,1d
2002-08-13 00:00:00-04:00,0.07074553503498472,0.07418348184050033,0.06875886780451683,0.06883496046066284,654420000,0.0,0.0,NVDA,1d
2002-08-14 00:00:00-04:00,0.07013402632631854,0.07410645831610198,0.06952253248207493,0.07349587976932526,632688000,0.0,0.0,NVDA,1d
2002-08-15 00:00:00-04:00,0.07624625654268805,0.08014259028844709,0.07548165504935803,0.07861430943012238,1140120000,0.0,0.0,NVDA,1d
2002-08-16 00:00:00-04:00,0.07441266986619494,0.08442029469690797,0.07212071004431211,0.08166994154453278,1657428000,0.0,0.0,NVDA,1d
2002-08-19 00:00:00-04:00,0.08518489392081056,0.10275599118770878,0.08503178649490041,0.09664469957351685,2243928000,0.0,0.0,NVDA,1d
2002-08-20 00:00:00-04:00,0.09740838157388394,0.09931804058894025,0.09114398962432373,0.092366062104702,1429488000,0.0,0.0,NVDA,1d
2002-08-21 00:00:00-04:00,0.09656771770685056,0.0984782994452913,0.09206080490728125,0.09725530445575714,1194876000,0.0,0.0,NVDA,1d
2002-08-22 00:00:00-04:00,0.09435276344575572,0.09817208942173694,0.09335896861234316,0.09397046267986298,1358496000,0.0,0.0,NVDA,1d
2002-08-23 00:00:00-04:00,0.09129617612265123,0.09190767001969087,0.08724765797374107,0.08778213709592819,919932000,0.0,0.0,NVDA,1d
2002-08-26 00:00:00-04:00,0.08946259299944931,0.09007408678213877,0.08434418177403286,0.08846971392631531,698568000,0.0,0.0,NVDA,1d
2002-08-27 00:00:00-04:00,0.08999800657054913,0.09045639985413119,0.08289292092089463,0.08342740684747696,686712000,0.0,0.0,NVDA,1d
2002-08-28 00:00:00-04:00,0.08296900922798077,0.08312211663405941,0.07792669703324319,0.07823198288679123,700356000,0.0,0.0,NVDA,1d
2002-08-29 00:00:00-04:00,0.07723911902900844,0.08281591773393909,0.07662761829624692,0.07922578603029251,815520000,0.0,0.0,NVDA,1d
2002-08-30 00:00:00-04:00,0.07846119845606683,0.08174695302946533,0.07563475253062615,0.07716303318738937,1065888000,0.0,0.0,NVDA,1d
2002-09-03 00:00:00-04:00,0.07349589350863811,0.07387727207819038,0.07120392674787557,0.07242600619792938,847284000,0.0,0.0,NVDA,1d
2002-09-04 00:00:00-04:00,0.07265519580506569,0.07456485494144714,0.06883495540413173,0.07196760922670364,930552000,0.0,0.0,NVDA,1d
2002-09-05 00:00:00-04:00,0.07127999331377327,0.07158528594778493,0.06875884104554554,0.06921722739934921,714312000,0.0,0.0,NVDA,1d
2002-09-06 00:00:00-04:00,0.07212072288171192,0.07273130162246116,0.06967565519486164,0.0707455426454544,746460000,0.0,0.0,NVDA,1d
2002-09-09 00:00:00-04:00,0.07021012523585092,0.07288438560267439,0.0680712661209213,0.07066851854324341,578040000,0.0,0.0,NVDA,1d
2002-09-10 00:00:00-04:00,0.07028714370011754,0.0844202948737016,0.07021012892099515,0.0807531550526619,2317632000,0.0,0.0,NVDA,1d
2002-09-11 00:00:00-04:00,0.08327430968011691,0.09091479003670998,0.08327430968011691,0.0847264975309372,1657536000,0.0,0.0,NVDA,1d
2002-09-12 00:00:00-04:00,0.08266371717363812,0.08717062783419838,0.0811354369338972,0.08205222338438034,1294932000,0.0,0.0,NVDA,1d
2002-09-13 00:00:00-04:00,0.08121154838411425,0.08510788145559058,0.0802186690702629,0.0807531550526619,796872000,0.0,0.0,NVDA,1d
2002-09-16 00:00:00-04:00,0.07953110423207753,0.07983639021692562,0.0737251035964919,0.07563477009534836,925464000,0.0,0.0,NVDA,1d
2002-09-17 00:00:00-04:00,0.07899661635842525,0.0809062759845142,0.074030394776505,0.07448878139257431,884052000,0.0,0.0,NVDA,1d
2002-09-18 00:00:00-04:00,0.07334278607165501,0.0747940587824954,0.07021013209154969,0.07242600619792938,811692000,0.0,0.0,NVDA,1d
2002-09-19 00:00:00-04:00,0.070821636506907,0.07334279690070496,0.06959956370699374,0.06998094916343689,618492000,0.0,0.0,NVDA,1d
2002-09-20 00:00:00-04:00,0.07051635399151447,0.07196762698753235,0.06883497239185532,0.07036325335502625,687312000,0.0,0.0,NVDA,1d
2002-09-23 00:00:00-04:00,0.06921728892204614,0.06990488272506233,0.06684923509937997,0.06730762869119644,521676000,0.0,0.0,NVDA,1d
2002-09-24 00:00:00-04:00,0.06654297913904612,0.07105081229726017,0.06532090675769182,0.06784206628799438,624444000,0.0,0.0,NVDA,1d
2002-09-25 00:00:00-04:00,0.0718144833242577,0.0729604629369353,0.06898803825673332,0.0715852901339531,896616000,0.0,0.0,NVDA,1d
2002-09-26 00:00:00-04:00,0.07296046298506642,0.07372506414597843,0.06669607907537671,0.0677659660577774,739560000,0.0,0.0,NVDA,1d
2002-09-27 00:00:00-04:00,0.06761291494665894,0.06937039662445456,0.0653209538120348,0.06539704650640488,650688000,0.0,0.0,NVDA,1d
2002-09-30 00:00:00-04:00,0.06516785312517565,0.06822441605714248,0.06379267234605138,0.06539704650640488,584124000,0.0,0.0,NVDA,1d
2002-10-01 00:00:00-04:00,0.06593238765128735,0.06952251828145063,0.06356342069582153,0.06891193985939026,888360000,0.0,0.0,NVDA,1d
2002-10-02 00:00:00-04:00,0.06944645443338812,0.07296048706447021,0.06883496046066284,0.06883496046066284,749100000,0.0,0.0,NVDA,1d
2002-10-03 00:00:00-04:00,0.06799518615052964,0.06914116621737026,0.06532092528513513,0.0654740259051323,590568000,0.0,0.0,NVDA,1d
2002-10-04 00:00:00-04:00,0.0653209178859309,0.06738368450481684,0.06111929199563944,0.06218826398253441,529788000,0.0,0.0,NVDA,1d
2002-10-07 00:00:00-04:00,0.06134851030371453,0.06257058325625606,0.058674248946911235,0.05913263559341431,493068000,0.0,0.0,NVDA,1d
2002-10-08 00:00:00-04:00,0.06111928809625166,0.06127147339158147,0.05500708469735934,0.057375140488147736,714252000,0.0,0.0,NVDA,1d
2002-10-09 00:00:00-04:00,0.056535368832760495,0.06020251214492854,0.05531237753029408,0.05630617216229439,573132000,0.0,0.0,NVDA,1d
2002-10-10 00:00:00-04:00,0.05577078460973891,0.06104229908316943,0.05577078460973891,0.05920873209834099,538032000,0.0,0.0,NVDA,1d
2002-10-11 00:00:00-04:00,0.06150071104708161,0.06837660126316288,0.06111932544754842,0.06730762869119644,994140000,0.0,0.0,NVDA,1d
2002-10-14 00:00:00-04:00,0.06532090902328491,0.06730758272010226,0.0639457360176619,0.06532090902328491,611484000,0.0,0.0,NVDA,1d
2002-10-15 00:00:00-04:00,0.07257907455353113,0.075176326075364,0.07112688719033801,0.07212068140506744,852768000,0.0,0.0,NVDA,1d
2002-10-16 00:00:00-04:00,0.06723058023964917,0.06784207414991954,0.06493861365986889,0.0660845935344696,578124000,0.0,0.0,NVDA,1d
2002-10-17 00:00:00-04:00,0.07181451714089823,0.07448877820573639,0.0700579582279251,0.07112693041563034,585792000,0.0,0.0,NVDA,1d
2002-10-18 00:00:00-04:00,0.0707455645643087,0.07257913878074203,0.06807130275814834,0.07181453704833984,498372000,0.0,0.0,NVDA,1d
2002-10-21 00:00:00-04:00,0.07082162693569256,0.08090626031741258,0.06921725359838664,0.07830901443958282,930624000,0.0,0.0,NVDA,1d
2002-10-22 00:00:00-04:00,0.07471797779095837,0.08556629200722765,0.07464188512469809,0.08090627193450928,1272168000,0.0,0.0,NVDA,1d
2002-10-23 00:00:00-04:00,0.08212832503390873,0.08533707113228478,0.0809823452602856,0.08419109135866165,925428000,0.0,0.0,NVDA,1d
2002-10-24 00:00:00-04:00,0.0858724770063631,0.08678926360723686,0.07869038315212644,0.07991337776184082,1055172000,0.0,0.0,NVDA,1d
2002-10-25 00:00:00-04:00,0.08021867115791528,0.08518489845160905,0.0791487838676773,0.08480259776115417,745956000,0.0,0.0,NVDA,1d
2002-10-28 00:00:00-05:00,0.08869892695715158,0.08938651352610624,0.08472650130945462,0.08526098728179932,1070544000,0.0,0.0,NVDA,1d
2002-10-29 00:00:00-05:00,0.08541409684295796,0.08602467552890057,0.07723912931528512,0.0815177634358406,772728000,0.0,0.0,NVDA,1d
2002-10-30 00:00:00-05:00,0.08411500502139638,0.08862283181208025,0.08380971230377375,0.08587247878313065,1139496000,0.0,0.0,NVDA,1d
2002-10-31 00:00:00-05:00,0.0864830590824001,0.09152537192918014,0.08625386583823783,0.09091479331254959,1255476000,0.0,0.0,NVDA,1d
2002-11-01 00:00:00-05:00,0.08953962969647399,0.10902131025084678,0.08938652225433474,0.1077222228050232,2128836000,0.0,0.0,NVDA,1d
2002-11-04 00:00:00-05:00,0.11421582420256428,0.12613403286003966,0.11391053823633764,0.11948734521865845,2688132000,0.0,0.0,NVDA,1d
2002-11-05 00:00:00-05:00,0.11918201630388489,0.12116869016295939,0.10963187663499815,0.11475119739770889,2034540000,0.0,0.0,NVDA,1d
2002-11-06 00:00:00-05:00,0.11864755938517497,0.12376597263925823,0.11398662423535473,0.12361285835504532,1646016000,0.0,0.0,NVDA,1d
2002-11-07 00:00:00-05:00,0.12040409092131385,0.12040409092131385,0.11047256570951797,0.11116015911102295,1660560000,0.0,0.0,NVDA,1d
2002-11-08 00:00:00-05:00,0.09397042100499764,0.0995472255751233,0.08411499045535989,0.08678925037384033,3798900000,0.0,0.0,NVDA,1d
2002-11-11 00:00:00-05:00,0.08266375408731327,0.08388582691416348,0.07807982661851255,0.08006558567285538,1378452000,0.0,0.0,NVDA,1d
2002-11-12 00:00:00-05:00,0.08197616146632208,0.09015021416093426,0.08128856795553985,0.08717066049575806,1381188000,0.0,0.0,NVDA,1d
2002-11-13 00:00:00-05:00,0.08510786397279409,0.09244214210827133,0.08342739842225379,0.08992098271846771,1802112000,0.0,0.0,NVDA,1d
2002-11-14 00:00:00-05:00,0.09588013589382172,0.09771370292882427,0.09297758974875206,0.09588013589382172,1138728000,0.0,0.0,NVDA,1d
2002-11-15 00:00:00-05:00,0.10084629978396799,0.10627091193141056,0.09970032019128745,0.10290906578302383,2054328000,0.0,0.0,NVDA,1d
2002-11-18 00:00:00-05:00,0.11116015425250374,0.11154244807962595,0.10642312745164015,0.10672932863235474,1982472000,0.0,0.0,NVDA,1d
2002-11-19 00:00:00-05:00,0.10611783847969951,0.11368131118773789,0.10497185859430931,0.10825669765472412,1971948000,0.0,0.0,NVDA,1d
2002-11-20 00:00:00-05:00,0.11154247172390121,0.11459811807944699,0.11009028355979766,0.11368133127689362,1292796000,0.0,0.0,NVDA,1d
2002-11-21 00:00:00-05:00,0.11826524314283457,0.12896138439696878,0.11803604987393117,0.12330756336450577,2053920000,0.0,0.0,NVDA,1d
2002-11-22 00:00:00-05:00,0.11582018035161577,0.12254388860681616,0.11459810771173783,0.12009881436824799,1251900000,0.0,0.0,NVDA,1d
2002-11-25 00:00:00-05:00,0.1256755871967268,0.12750916024956002,0.12078638236986654,0.12445351481437683,1230084000,0.0,0.0,NVDA,1d
2002-11-26 00:00:00-05:00,0.1250650725129342,0.12750921839213342,0.12071034477262224,0.12109172344207764,1084332000,0.0,0.0,NVDA,1d
2002-11-27 00:00:00-05:00,0.12621093329232108,0.1326284221668381,0.12460655424311712,0.13048864901065826,1088556000,0.0,0.0,NVDA,1d
2002-11-29 00:00:00-05:00,0.1339267498759255,0.135837332258224,0.12987822232423765,0.13087110221385956,519396000,0.0,0.0,NVDA,1d
2002-12-02 00:00:00-05:00,0.13782298200456125,0.13958046229547777,0.1292666316674486,0.12987811863422394,1167504000,0.0,0.0,NVDA,1d
2002-12-03 00:00:00-05:00,0.12743310375200492,0.12773838969452225,0.12109170256934042,0.12132089585065842,1046220000,0.0,0.0,NVDA,1d
2002-12-04 00:00:00-05:00,0.11276452754225628,0.11459809393039878,0.10642312758439204,0.10680542141199112,2206548000,0.0,0.0,NVDA,1d
2002-12-05 00:00:00-05:00,0.11368131519472621,0.11444500126643223,0.1052010555472357,0.10779830813407898,1594872000,0.0,0.0,NVDA,1d
2002-12-06 00:00:00-05:00,0.10313825467467479,0.1100141387750249,0.10145778931912591,0.10795137286186218,1159224000,0.0,0.0,NVDA,1d
2002-12-09 00:00:00-05:00,0.10443736206853943,0.10611782775343266,0.09847826316850189,0.09931803494691849,969792000,0.0,0.0,NVDA,1d
2002-12-10 00:00:00-05:00,0.10183922932571549,0.10963190398341735,0.10054106382991844,0.107646144926548,1389888000,0.0,0.0,NVDA,1d
2002-12-11 00:00:00-05:00,0.10688152363862442,0.110014177575095,0.10329139848459082,0.10703463107347488,1364208000,0.0,0.0,NVDA,1d
2002-12-12 00:00:00-05:00,0.11100703390592667,0.11230612102057905,0.10504793530755004,0.10527712851762772,1302552000,0.0,0.0,NVDA,1d
2002-12-13 00:00:00-05:00,0.10336749766730675,0.10336749766730675,0.1003879441468985,0.10115163028240204,707724000,0.0,0.0,NVDA,1d
2002-12-16 00:00:00-05:00,0.1046665790953116,0.107722225296987,0.10199231831543432,0.10711073130369186,1056972000,0.0,0.0,NVDA,1d
2002-12-17 00:00:00-05:00,0.1090213277148768,0.1126884615818698,0.1061178664326763,0.10695856064558029,1077744000,0.0,0.0,NVDA,1d
2002-12-18 00:00:00-05:00,0.10359670320766577,0.10374981067031908,0.09855438914974593,0.09878358244895935,1126836000,0.0,0.0,NVDA,1d
2002-12-19 00:00:00-05:00,0.09702608494606618,0.10214541257094845,0.09565090498906356,0.09664469957351685,1100604000,0.0,0.0,NVDA,1d
2002-12-20 00:00:00-05:00,0.09970036284105471,0.10077025026175622,0.09312976145958612,0.09794288873672485,804576000,0.0,0.0,NVDA,1d
2002-12-23 00:00:00-05:00,0.09771364933483684,0.10099940293807001,0.09740836351102551,0.09863043576478958,498648000,0.0,0.0,NVDA,1d
2002-12-24 00:00:00-05:00,0.0991658594127322,0.10115161798649516,0.09610929830806444,0.09664469957351685,300336000,0.0,0.0,NVDA,1d
2002-12-26 00:00:00-05:00,0.09824907385470467,0.09970034647653972,0.09404653282162896,0.09488722681999207,719760000,0.0,0.0,NVDA,1d
2002-12-27 00:00:00-05:00,0.09748448080457667,0.09771367405475823,0.09045640919987781,0.09129618108272552,702528000,0.0,0.0,NVDA,1d
2002-12-30 00:00:00-05:00,0.09167850241318158,0.09267138194957183,0.08602468739962554,0.08808745443820953,784740000,0.0,0.0,NVDA,1d
2002-12-31 00:00:00-05:00,0.0871706451911006,0.09015019833315298,0.08549017935012365,0.08793524652719498,825396000,0.0,0.0,NVDA,1d
2003-01-02 00:00:00-05:00,0.0916784951871738,0.09511643542678504,0.08854584089330876,0.09404654800891876,1302540000,0.0,0.0,NVDA,1d
2003-01-03 00:00:00-05:00,0.09435275608297468,0.09740840241710594,0.09244217453098416,0.09404654800891876,1037496000,0.0,0.0,NVDA,1d
2003-01-06 00:00:00-05:00,0.0963384864459737,0.1032143648872901,0.09626238697594423,0.1016870066523552,1033428000,0.0,0.0,NVDA,1d
2003-01-07 00:00:00-05:00,0.10367277750038525,0.10604175219048946,0.10023483763802338,0.10138081759214401,1498272000,0.0,0.0,NVDA,1d
2003-01-08 00:00:00-05:00,0.09878356131596223,0.10168702190093505,0.09060859450160176,0.09129618108272552,1852524000,0.0,0.0,NVDA,1d
2003-01-09 00:00:00-05:00,0.09412354723223285,0.09511642659820763,0.09198377259511126,0.09290055930614471,1436076000,0.0,0.0,NVDA,1d
2003-01-10 00:00:00-05:00,0.09167849865346954,0.09588012522633158,0.09045642586538935,0.0945049449801445,924492000,0.0,0.0,NVDA,1d
2003-01-13 00:00:00-05:00,0.09809596404055423,0.0989366579599254,0.09328284483624921,0.09374123811721802,849120000,0.0,0.0,NVDA,1d
2003-01-14 00:00:00-05:00,0.09404652918920871,0.09534561646143594,0.09160238419455902,0.09442882984876633,868524000,0.0,0.0,NVDA,1d
2003-01-15 00:00:00-05:00,0.09450489835552563,0.0952694994793337,0.09152534604072571,0.09152534604072571,904584000,0.0,0.0,NVDA,1d
2003-01-16 00:00:00-05:00,0.09015019971261523,0.0912961796061467,0.08411500751827294,0.0853370800614357,2039976000,0.0,0.0,NVDA,1d
2003-01-17 00:00:00-05:00,0.0830450957855557,0.08419108226599006,0.08105934444499746,0.08212831616401672,1058832000,0.0,0.0,NVDA,1d
2003-01-21 00:00:00-05:00,0.08365663361448468,0.08541410783636148,0.07983638554259605,0.08006558567285538,967356000,0.0,0.0,NVDA,1d
2003-01-22 00:00:00-05:00,0.07983638677383502,0.08220536192514853,0.0796071934706216,0.08014259487390518,550992000,0.0,0.0,NVDA,1d
2003-01-23 00:00:00-05:00,0.0822814778390184,0.08365665853854416,0.08014261751505539,0.08235757052898407,918456000,0.0,0.0,NVDA,1d
2003-01-24 00:00:00-05:00,0.08166994836405603,0.08205224907568359,0.07632234221194448,0.0776975154876709,897108000,0.0,0.0,NVDA,1d
2003-01-27 00:00:00-05:00,0.07601703342114355,0.07998946545963859,0.07464186043547716,0.07655151933431625,889116000,0.0,0.0,NVDA,1d
2003-01-28 00:00:00-05:00,0.07555865360664547,0.08075315897632819,0.07303750040702739,0.07930188626050949,1785480000,0.0,0.0,NVDA,1d
2003-01-29 00:00:00-05:00,0.07716304553977907,0.08151777281909502,0.07716304553977907,0.08090627193450928,1022040000,0.0,0.0,NVDA,1d
2003-01-30 00:00:00-05:00,0.08251061855460758,0.08319820499338934,0.07678071334988577,0.07762140035629272,743064000,0.0,0.0,NVDA,1d
2003-01-31 00:00:00-05:00,0.07532940765160336,0.08098230242076995,0.07464182151727715,0.07884344458580017,949656000,0.0,0.0,NVDA,1d
2003-02-03 00:00:00-05:00,0.08029476739907883,0.08189914075732226,0.07869039404083539,0.08037178218364716,755556000,0.0,0.0,NVDA,1d
2003-02-04 00:00:00-05:00,0.07983638353619067,0.08021868428922586,0.07563476376620633,0.07678074389696121,627720000,0.0,0.0,NVDA,1d
2003-02-05 00:00:00-05:00,0.07846121519505757,0.08060099026443873,0.07716304964942823,0.07746833562850952,581508000,0.0,0.0,NVDA,1d
2003-02-06 00:00:00-05:00,0.08281590045168355,0.0829690010120235,0.07678070969630016,0.07807978987693787,1226184000,0.0,0.0,NVDA,1d
2003-02-07 00:00:00-05:00,0.07960718730777708,0.07998948804671983,0.0744126813964743,0.0745648667216301,915156000,0.0,0.0,NVDA,1d
2003-02-10 00:00:00-05:00,0.07448875169424608,0.07601703206284327,0.07128000567758866,0.07548163086175919,982632000,0.0,0.0,NVDA,1d
2003-02-11 00:00:00-05:00,0.07609312921966754,0.07830900303093018,0.0737250769504862,0.07410646229982376,850716000,0.0,0.0,NVDA,1d
2003-02-12 00:00:00-05:00,0.07410648744657432,0.07723914207247495,0.07349590865978557,0.07448878139257431,641400000,0.0,0.0,NVDA,1d
2003-02-13 00:00:00-05:00,0.07578782372886374,0.07616920214890999,0.07372505786810213,0.07540552318096161,889164000,0.0,0.0,NVDA,1d
2003-02-14 00:00:00-05:00,0.08571940080772457,0.09206080251126021,0.08365663378411071,0.09198378771543503,3548844000,0.0,0.0,NVDA,1d
2003-02-18 00:00:00-05:00,0.09549874548239488,0.099088878226949,0.09435276529069034,0.09725530445575714,1740516000,0.0,0.0,NVDA,1d
2003-02-19 00:00:00-05:00,0.09664470328250754,0.09878356253368602,0.09557481600811484,0.09817206859588623,1141212000,0.0,0.0,NVDA,1d
2003-02-20 00:00:00-05:00,0.09855436928067915,0.10115162186845053,0.09779068320870023,0.09817206859588623,978132000,0.0,0.0,NVDA,1d
2003-02-21 00:00:00-05:00,0.09809596231583786,0.09847826294751864,0.09473410882553528,0.09824906289577484,913260000,0.0,0.0,NVDA,1d
2003-02-24 00:00:00-05:00,0.0974084065960141,0.10306221457591548,0.09687392051301587,0.09947116672992706,1137012000,0.0,0.0,NVDA,1d
2003-02-25 00:00:00-05:00,0.09626240034973522,0.09931804620274216,0.09473411977443896,0.09885965287685394,1239204000,0.0,0.0,NVDA,1d
2003-02-26 00:00:00-05:00,0.09756150303884387,0.09916587651677845,0.0938173547251767,0.09404654800891876,746892000,0.0,0.0,NVDA,1d
2003-02-27 00:00:00-05:00,0.09496334291469513,0.09649162386113722,0.09343597726606087,0.09603323042392731,675312000,0.0,0.0,NVDA,1d
2003-02-28 00:00:00-05:00,0.0930536582285121,0.09664470552209294,0.0903033049757988,0.09641551226377487,1653336000,0.0,0.0,NVDA,1d
2003-03-03 00:00:00-05:00,0.09756147948353298,0.09931803786137117,0.09358813201487146,0.09481112658977509,702036000,0.0,0.0,NVDA,1d
2003-03-04 00:00:00-05:00,0.09511643542678504,0.0960332222229134,0.0931297612127904,0.09404654800891876,538392000,0.0,0.0,NVDA,1d
2003-03-05 00:00:00-05:00,0.09312974394232691,0.09610929706191022,0.09290055070108764,0.09557481110095978,522156000,0.0,0.0,NVDA,1d
2003-03-06 00:00:00-05:00,0.09481115687959045,0.0957279437472599,0.09358816191397022,0.09397046267986298,548064000,0.0,0.0,NVDA,1d
2003-03-07 00:00:00-05:00,0.09251917121229178,0.09572792460758223,0.09167848401123047,0.09542171657085419,581148000,0.0,0.0,NVDA,1d
2003-03-10 00:00:00-05:00,0.09442884731188782,0.09488724070299523,0.09259528057803813,0.09274838119745255,344796000,0.0,0.0,NVDA,1d
2003-03-11 00:00:00-05:00,0.09343595057725906,0.0949633157896207,0.09236606337362668,0.09343595057725906,417144000,0.0,0.0,NVDA,1d
2003-03-12 00:00:00-05:00,0.09419966350566833,0.09626242372724193,0.09335896929975078,0.09603323042392731,493920000,0.0,0.0,NVDA,1d
2003-03-13 00:00:00-05:00,0.0988596538382365,0.10619393346261385,0.09840126050789054,0.10558335483074188,1362732000,0.0,0.0,NVDA,1d
2003-03-14 00:00:00-05:00,0.10596474558080587,0.10695854024019998,0.10176311957465776,0.10252679884433746,1094220000,0.0,0.0,NVDA,1d
2003-03-17 00:00:00-05:00,0.10084632695119793,0.11054865896979608,0.10061713370314977,0.10848589241504669,1307808000,0.0,0.0,NVDA,1d
2003-03-18 00:00:00-05:00,0.10810453835706936,0.10932661118547443,0.10543027727191377,0.107646144926548,932280000,0.0,0.0,NVDA,1d
2003-03-19 00:00:00-05:00,0.10787534929871291,0.10894432160425757,0.10436040048971709,0.10818064212799072,712992000,0.0,0.0,NVDA,1d
2003-03-20 00:00:00-05:00,0.1081806122411339,0.11146545152125033,0.10535416631194829,0.1091734915971756,780060000,0.0,0.0,NVDA,1d
2003-03-21 00:00:00-05:00,0.11291767072140496,0.11329904939530355,0.10329142818417242,0.10818064212799072,1681800000,0.0,0.0,NVDA,1d
2003-03-24 00:00:00-05:00,0.10374977620919734,0.10695852231586368,0.10313827552065039,0.10413115471601486,839016000,0.0,0.0,NVDA,1d
2003-03-25 00:00:00-05:00,0.1044373858215046,0.10871510471208023,0.10405508510201647,0.10711073130369186,672828000,0.0,0.0,NVDA,1d
2003-03-26 00:00:00-05:00,0.10947969198377822,0.1119238440283655,0.10863900477301411,0.11009027063846588,1107840000,0.0,0.0,NVDA,1d
2003-03-27 00:00:00-05:00,0.10863902694299211,0.11093098731750792,0.10665235254283023,0.10695856064558029,1392732000,0.0,0.0,NVDA,1d
2003-03-28 00:00:00-05:00,0.1069585104747935,0.1073398889393897,0.10092239743651911,0.10260377824306488,1290684000,0.0,0.0,NVDA,1d
2003-03-31 00:00:00-05:00,0.09947113558381307,0.10069321482604207,0.09794286201142695,0.09840124845504761,680508000,0.0,0.0,NVDA,1d
2003-04-01 00:00:00-05:00,0.10046403816042998,0.10237461964091013,0.0982490860433255,0.10130473226308823,533808000,0.0,0.0,NVDA,1d
2003-04-02 00:00:00-05:00,0.10474267822824529,0.1068054451423287,0.10336750483924315,0.10504797101020813,771900000,0.0,0.0,NVDA,1d
2003-04-03 00:00:00-05:00,0.10695854836924197,0.10695854836924197,0.10420818803880315,0.10642314702272415,702780000,0.0,0.0,NVDA,1d
2003-04-04 00:00:00-05:00,0.10672933858436578,0.10688152389137158,0.10183921073716337,0.10229760408401489,513840000,0.0,0.0,NVDA,1d
2003-04-07 00:00:00-04:00,0.10917346825859818,0.11001415529598238,0.1023745910610414,0.10336747020483017,671256000,0.0,0.0,NVDA,1d
2003-04-08 00:00:00-04:00,0.10428426417016626,0.10481874326867074,0.10168701187060276,0.1023745983839035,475032000,0.0,0.0,NVDA,1d
2003-04-09 00:00:00-04:00,0.1027559862562116,0.10550633920764216,0.10168701437175283,0.10183919966220856,694260000,0.0,0.0,NVDA,1d
2003-04-10 00:00:00-04:00,0.10321437018391674,0.10336747759871301,0.10138080387158864,0.1023745983839035,364104000,0.0,0.0,NVDA,1d
2003-04-11 00:00:00-04:00,0.10352058431613535,0.10436036299648072,0.1002348300110972,0.10122862458229065,374184000,0.0,0.0,NVDA,1d
2003-04-14 00:00:00-04:00,0.09970034918822578,0.10329139639791828,0.09939505645289685,0.1029851883649826,445776000,0.0,0.0,NVDA,1d
2003-04-15 00:00:00-04:00,0.10229758313967179,0.10374977083403669,0.09977642366345864,0.10245068371295929,490212000,0.0,0.0,NVDA,1d
2003-04-16 00:00:00-04:00,0.10481873578530704,0.10504793582709618,0.10160998984488226,0.10245068371295929,671988000,0.0,0.0,NVDA,1d
2003-04-17 00:00:00-04:00,0.10321437753540902,0.10451346484176076,0.1010755251998098,0.10428427159786224,520740000,0.0,0.0,NVDA,1d
2003-04-21 00:00:00-04:00,0.10443740013526448,0.10726384661993421,0.10344360528627582,0.10695856064558029,597144000,0.0,0.0,NVDA,1d
2003-04-22 00:00:00-04:00,0.1064231031597497,0.10840976968249043,0.10466653828821482,0.10833367705345154,787392000,0.0,0.0,NVDA,1d
2003-04-23 00:00:00-04:00,0.10818060976055914,0.11146544896535442,0.10733991573215462,0.11077786237001419,606204000,0.0,0.0,NVDA,1d
2003-04-24 00:00:00-04:00,0.11085487535215163,0.11085487535215163,0.10604175530512738,0.10749302804470062,660912000,0.0,0.0,NVDA,1d
2003-04-25 00:00:00-04:00,0.10688154190939028,0.10871511560589903,0.1025268146260527,0.10352060943841934,884652000,0.0,0.0,NVDA,1d
2003-04-28 00:00:00-04:00,0.10474266822532043,0.10856291573727098,0.10352059557759083,0.10665233433246613,674988000,0.0,0.0,NVDA,1d
2003-04-29 00:00:00-04:00,0.10909740526396312,0.11146545797941994,0.10825671116757277,0.10993809252977371,670344000,0.0,0.0,NVDA,1d
2003-04-30 00:00:00-04:00,0.10932658750854604,0.11230614074636082,0.10886819417729922,0.10947968810796738,466620000,0.0,0.0,NVDA,1d
2003-05-01 00:00:00-04:00,0.10871509191941969,0.11123625178752714,0.10810451329566223,0.11016727983951569,733368000,0.0,0.0,NVDA,1d
2003-05-02 00:00:00-04:00,0.11161854998164573,0.12223766901136933,0.11100705603647375,0.12147398293018341,1691088000,0.0,0.0,NVDA,1d
2003-05-05 00:00:00-04:00,0.12261995542269975,0.1301834271891916,0.1204040749156984,0.12445351481437683,1576164000,0.0,0.0,NVDA,1d
2003-05-06 00:00:00-04:00,0.12384207362960663,0.12781540869774058,0.12262000079506022,0.1246066614985466,1143864000,0.0,0.0,NVDA,1d
2003-05-07 00:00:00-04:00,0.12277306477001088,0.12567559617469096,0.12048110512081531,0.12261996418237686,897372000,0.0,0.0,NVDA,1d
2003-05-08 00:00:00-04:00,0.1210917137749044,0.1275862161786747,0.11956435496209929,0.12269609421491623,1957452000,0.0,0.0,NVDA,1d
2003-05-09 00:00:00-04:00,0.14385917208127347,0.16448683071253095,0.13980973029782426,0.16326384246349335,9230856000,0.0,0.0,NVDA,1d
2003-05-12 00:00:00-04:00,0.16364605557031983,0.16731320157073742,0.1573816643030476,0.15867984294891357,3007860000,0.0,0.0,NVDA,1d
2003-05-13 00:00:00-04:00,0.15325616704933676,0.15814538651891125,0.15233939400002522,0.15570032596588135,1824108000,0.0,0.0,NVDA,1d
2003-05-14 00:00:00-04:00,0.1562357201924894,0.1581453862652619,0.15356146638142087,0.15554814040660858,965580000,0.0,0.0,NVDA,1d
2003-05-15 00:00:00-04:00,0.15784013305204533,0.16120106570887568,0.15699943882363115,0.16089577972888947,1105656000,0.0,0.0,NVDA,1d
2003-05-16 00:00:00-04:00,0.15890905073073042,0.16525045051438228,0.15867985749997604,0.1624239981174469,1028916000,0.0,0.0,NVDA,1d
2003-05-19 00:00:00-04:00,0.16028424162315086,0.16181251542534084,0.15134559533920763,0.15325616300106049,1220484000,0.0,0.0,NVDA,1d
2003-05-20 00:00:00-04:00,0.1534853181070259,0.15547106245382303,0.1527977249091545,0.15432508289813995,884124000,0.0,0.0,NVDA,1d
2003-05-21 00:00:00-04:00,0.15440212660743294,0.1598258240595719,0.15356143273739448,0.15974973142147064,905472000,0.0,0.0,NVDA,1d
2003-05-22 00:00:00-04:00,0.15997899479324476,0.16173646228101804,0.1562357544809576,0.16028428077697754,888816000,0.0,0.0,NVDA,1d
2003-05-23 00:00:00-04:00,0.16043736058717895,0.16349300690478916,0.15875690128690606,0.15944448113441467,867612000,0.0,0.0,NVDA,1d
2003-05-27 00:00:00-04:00,0.15776301485374947,0.17418903390391965,0.15470737031190174,0.17357754707336426,1677408000,0.0,0.0,NVDA,1d
2003-05-28 00:00:00-04:00,0.1730431542984279,0.17495282053397287,0.16884152792560467,0.17311924695968628,1235556000,0.0,0.0,NVDA,1d
2003-05-29 00:00:00-04:00,0.1730431622172641,0.19084437856702294,0.1726608682980362,0.18496136367321014,2297736000,0.0,0.0,NVDA,1d
2003-05-30 00:00:00-04:00,0.20245636485221064,0.20345015957550064,0.19749105242655926,0.1999351978302002,2142312000,0.0,0.0,NVDA,1d
2003-06-02 00:00:00-04:00,0.2051305845042354,0.20535979140327085,0.18763558720020782,0.18885765969753265,1566144000,0.0,0.0,NVDA,1d
2003-06-03 00:00:00-04:00,0.1867188304634492,0.19848393039721104,0.18442687039562922,0.19275403022766113,1596804000,0.0,0.0,NVDA,1d
2003-06-04 00:00:00-04:00,0.19214250512893916,0.19749102603036947,0.1891629519527086,0.19733792543411255,1175604000,0.0,0.0,NVDA,1d
2003-06-05 00:00:00-04:00,0.19474071476507265,0.20367936223930705,0.1921425396661026,0.2029917687177658,1204404000,0.0,0.0,NVDA,1d
2003-06-06 00:00:00-04:00,0.21093652191135015,0.21200640876944035,0.1952750892317109,0.19680337607860565,1378836000,0.0,0.0,NVDA,1d
2003-06-09 00:00:00-04:00,0.19558042887248983,0.20062274817086803,0.1914548961430128,0.19443444907665253,720588000,0.0,0.0,NVDA,1d
2003-06-10 00:00:00-04:00,0.19443442805983824,0.19741398067141203,0.19229556928314892,0.19726179540157318,563304000,0.0,0.0,NVDA,1d
2003-06-11 00:00:00-04:00,0.1960388080847016,0.19917146126811097,0.19252476276757677,0.19741398096084595,943836000,0.0,0.0,NVDA,1d
2003-06-12 00:00:00-04:00,0.19878917503306565,0.2009289493384514,0.19382387733649145,0.19443444907665253,1046688000,0.0,0.0,NVDA,1d
2003-06-13 00:00:00-04:00,0.18603121446127066,0.19137882009339427,0.17800935519487313,0.17930752038955688,1826808000,0.0,0.0,NVDA,1d
2003-06-16 00:00:00-04:00,0.1814473473065309,0.18541978094441222,0.16945213678662788,0.18312782049179077,1904868000,0.0,0.0,NVDA,1d
2003-06-17 00:00:00-04:00,0.18732937565180727,0.18870454866413536,0.18182865628018152,0.18748247623443604,999852000,0.0,0.0,NVDA,1d
2003-06-18 00:00:00-04:00,0.18564894861635461,0.19840784364602917,0.18412066098563112,0.19466368854045868,1122072000,0.0,0.0,NVDA,1d
2003-06-19 00:00:00-04:00,0.19550435090723664,0.19649723019382473,0.18182867131244684,0.18282246589660645,1190532000,0.0,0.0,NVDA,1d
2003-06-20 00:00:00-04:00,0.1848081930419616,0.18488520097529468,0.17800932285333732,0.1809118539094925,937848000,0.0,0.0,NVDA,1d
2003-06-23 00:00:00-04:00,0.18075977018460967,0.1816765571814663,0.17090433387543644,0.17449446022510529,734784000,0.0,0.0,NVDA,1d
2003-06-24 00:00:00-04:00,0.17342544172206312,0.17724477405048653,0.1685353203896963,0.17411303520202637,1008816000,0.0,0.0,NVDA,1d
2003-06-25 00:00:00-04:00,0.17457139952385314,0.18167647149125127,0.17388380618523278,0.17525897920131683,1060620000,0.0,0.0,NVDA,1d
2003-06-26 00:00:00-04:00,0.17579348842114617,0.1778562549690427,0.1702927685193168,0.1754881888628006,960540000,0.0,0.0,NVDA,1d
2003-06-27 00:00:00-04:00,0.17755096826702044,0.1791553484365154,0.17151486714722136,0.1723555475473404,709104000,0.0,0.0,NVDA,1d
2003-06-30 00:00:00-04:00,0.17464755010993613,0.17808549062133977,0.17266087573888148,0.17502984404563904,544128000,0.0,0.0,NVDA,1d
2003-07-01 00:00:00-04:00,0.17281387919845814,0.18244011541419558,0.17120949966525847,0.18221092224121094,977016000,0.0,0.0,NVDA,1d
2003-07-02 00:00:00-04:00,0.18389150431777085,0.18626048654560787,0.17915539778022718,0.18167655169963837,846828000,0.0,0.0,NVDA,1d
2003-07-03 00:00:00-04:00,0.17747402344525068,0.18427382675326057,0.17709264473488232,0.17961379885673523,420912000,0.0,0.0,NVDA,1d
2003-07-07 00:00:00-04:00,0.1820578348298396,0.1923716513087243,0.1819817421991167,0.19137877225875854,832200000,0.0,0.0,NVDA,1d
2003-07-08 00:00:00-04:00,0.18610732470508223,0.1917611457269929,0.18564893816813097,0.1892399787902832,602856000,0.0,0.0,NVDA,1d
2003-07-09 00:00:00-04:00,0.18916293057813152,0.19672640245628836,0.188857644717691,0.19359466433525085,755352000,0.0,0.0,NVDA,1d
2003-07-10 00:00:00-04:00,0.18755862923634165,0.19000369018009552,0.1823641230194557,0.18564896285533905,644568000,0.0,0.0,NVDA,1d
2003-07-11 00:00:00-04:00,0.18786478524955647,0.18901076512945422,0.18503741739481122,0.18664179742336273,495000000,0.0,0.0,NVDA,1d
2003-07-14 00:00:00-04:00,0.19137887601366718,0.19252485624371846,0.1842738013195817,0.1851905882358551,694344000,0.0,0.0,NVDA,1d
2003-07-15 00:00:00-04:00,0.18794084887147733,0.18878154272905887,0.17739782467582493,0.17915530502796173,1143456000,0.0,0.0,NVDA,1d
2003-07-16 00:00:00-04:00,0.1825162254677874,0.18335691927592446,0.17266079513797647,0.17693942785263062,880476000,0.0,0.0,NVDA,1d
2003-07-17 00:00:00-04:00,0.17159178789165339,0.1738067387740232,0.1657848693258461,0.16807682812213898,853764000,0.0,0.0,NVDA,1d
2003-07-18 00:00:00-04:00,0.16479205039171657,0.16532654315879436,0.15638788420896152,0.1624239981174469,1280832000,0.0,0.0,NVDA,1d
2003-07-21 00:00:00-04:00,0.16334071187869606,0.16387519074632775,0.15615862135730563,0.15997886657714844,985140000,0.0,0.0,NVDA,1d
2003-07-22 00:00:00-04:00,0.16448678113250145,0.16570885371529237,0.16173642110214526,0.16265320777893066,582444000,0.0,0.0,NVDA,1d
2003-07-23 00:00:00-04:00,0.16250007168888295,0.1657849101617786,0.15761086712785763,0.1647920310497284,605328000,0.0,0.0,NVDA,1d
2003-07-24 00:00:00-04:00,0.16777159277605927,0.16899366515819597,0.15699937499956715,0.15837454795837402,1116828000,0.0,0.0,NVDA,1d
2003-07-25 00:00:00-04:00,0.15867991198262715,0.16181255296668043,0.15279781193838662,0.16089577972888947,1002084000,0.0,0.0,NVDA,1d
2003-07-28 00:00:00-04:00,0.16219482878873873,0.1625762073645196,0.15524192727145578,0.15592952072620392,703752000,0.0,0.0,NVDA,1d
2003-07-29 00:00:00-04:00,0.14179633582697188,0.15401981894303418,0.14026804866270134,0.14569266140460968,2794788000,0.0,0.0,NVDA,1d
2003-07-30 00:00:00-04:00,0.14515728489780552,0.14683865918112413,0.1431715263639233,0.14408831298351288,788724000,0.0,0.0,NVDA,1d
2003-07-31 00:00:00-04:00,0.14744927196451132,0.14958904678508048,0.14431753299056888,0.14584489166736603,897600000,0.0,0.0,NVDA,1d
2003-08-01 00:00:00-04:00,0.14592186276290645,0.15188095434046225,0.14446966829150695,0.15065796673297882,767556000,0.0,0.0,NVDA,1d
2003-08-04 00:00:00-04:00,0.15050581761219825,0.1590621700938261,0.14958903091980025,0.15631181001663208,1428852000,0.0,0.0,NVDA,1d
2003-08-05 00:00:00-04:00,0.1603612628886629,0.16402840993816453,0.1545543547433675,0.15585343539714813,1063488000,0.0,0.0,NVDA,1d
2003-08-06 00:00:00-04:00,0.15379065661658764,0.15585342325595003,0.1457687833165876,0.14951202273368835,1025868000,0.0,0.0,NVDA,1d
2003-08-07 00:00:00-04:00,0.14913064305239,0.15126950232900277,0.14546349631603872,0.14744925498962402,1040340000,0.0,0.0,NVDA,1d
2003-08-08 00:00:00-04:00,0.12644024222959083,0.12697473519036032,0.11658480678528882,0.1184183806180954,3767580000,0.0,0.0,NVDA,1d
2003-08-11 00:00:00-04:00,0.12032800067593069,0.12644020777840023,0.1195643282705908,0.12483584135770798,1675752000,0.0,0.0,NVDA,1d
2003-08-12 00:00:00-04:00,0.12644017494100407,0.1276622471928455,0.12437740889214434,0.12735696136951447,764160000,0.0,0.0,NVDA,1d
2003-08-13 00:00:00-04:00,0.1278914602727211,0.1302595122602095,0.12468271444728206,0.12819674611091614,693552000,0.0,0.0,NVDA,1d
2003-08-14 00:00:00-04:00,0.12391909824254993,0.12575267222017317,0.12239081027483555,0.12376599758863449,1527696000,0.0,0.0,NVDA,1d
2003-08-15 00:00:00-04:00,0.1230022255678485,0.12414820509025927,0.1222376244676672,0.12338360399007797,217716000,0.0,0.0,NVDA,1d
2003-08-18 00:00:00-04:00,0.125370299853108,0.12705077230930328,0.123154433033557,0.12705077230930328,717684000,0.0,0.0,NVDA,1d
2003-08-19 00:00:00-04:00,0.12987810056381952,0.13751767703654594,0.12980109264281406,0.13675399124622345,1403976000,0.0,0.0,NVDA,1d
2003-08-20 00:00:00-04:00,0.13484349846839905,0.13736465228579592,0.13186394435437226,0.13484349846839905,870348000,0.0,0.0,NVDA,1d
2003-08-21 00:00:00-04:00,0.1381292508786713,0.13980972406201386,0.13598947577194662,0.13851062953472137,644748000,0.0,0.0,NVDA,1d
2003-08-22 00:00:00-04:00,0.14683866900077153,0.1488244276674488,0.13942738126468707,0.13950440287590027,1002396000,0.0,0.0,NVDA,1d
2003-08-25 00:00:00-04:00,0.14217776466740334,0.14217776466740334,0.1375177515059819,0.13873982429504395,434028000,0.0,0.0,NVDA,1d
2003-08-26 00:00:00-04:00,0.13698322767108856,0.13904599416107216,0.1327806867457984,0.13652484118938446,768984000,0.0,0.0,NVDA,1d
2003-08-27 00:00:00-04:00,0.13744165938731448,0.1421016725672576,0.135989464340963,0.1406504064798355,567816000,0.0,0.0,NVDA,1d
2003-08-28 00:00:00-04:00,0.14202550407741724,0.14278918987661432,0.13537882014740493,0.13698318600654602,828312000,0.0,0.0,NVDA,1d
2003-08-29 00:00:00-04:00,0.13675399312336753,0.1394273305830964,0.13621858519690414,0.13881675899028778,532884000,0.0,0.0,NVDA,1d
2003-09-02 00:00:00-04:00,0.14126092313366875,0.14248391074690328,0.1369061976161154,0.13759379088878632,711456000,0.0,0.0,NVDA,1d
2003-09-03 00:00:00-04:00,0.1396565814469773,0.1400388752859742,0.13423288323431315,0.13492046296596527,849972000,0.0,0.0,NVDA,1d
2003-09-04 00:00:00-04:00,0.1354549499790403,0.13942736858767082,0.13446207073597624,0.1362186223268509,740064000,0.0,0.0,NVDA,1d
2003-09-05 00:00:00-04:00,0.13644790807603238,0.14592196704255492,0.1348435271878641,0.14271321892738342,1198740000,0.0,0.0,NVDA,1d
2003-09-08 00:00:00-04:00,0.14500509495698968,0.1509641873016502,0.14324761442147355,0.1492828130722046,1508712000,0.0,0.0,NVDA,1d
2003-09-09 00:00:00-04:00,0.1451572907249523,0.16402839097610514,0.14317153211135442,0.1584506630897522,2489436000,0.0,0.0,NVDA,1d
2003-09-10 00:00:00-04:00,0.15394376527492745,0.15806929876949552,0.14638029175527248,0.1476023644208908,1380624000,0.0,0.0,NVDA,1d
2003-09-11 00:00:00-04:00,0.14958900064340333,0.15394372630504055,0.1398096622398578,0.14569266140460968,2612736000,0.0,0.0,NVDA,1d
2003-09-12 00:00:00-04:00,0.1444697263417711,0.15104032119381716,0.1428653596166302,0.14783157408237457,1162404000,0.0,0.0,NVDA,1d
2003-09-15 00:00:00-04:00,0.14905362029249838,0.14981822166528552,0.1448520080855082,0.1453864872455597,596028000,0.0,0.0,NVDA,1d
2003-09-16 00:00:00-04:00,0.14569277312108736,0.1503528018665822,0.14569277312108736,0.14989440143108368,620736000,0.0,0.0,NVDA,1d
2003-09-17 00:00:00-04:00,0.15081110562806666,0.1545543451032925,0.14958903300740944,0.1516517996788025,902784000,0.0,0.0,NVDA,1d
2003-09-18 00:00:00-04:00,0.15081109954363064,0.15287386613180193,0.14913064046875435,0.15279777348041534,603492000,0.0,0.0,NVDA,1d
2003-09-19 00:00:00-04:00,0.15455431344163098,0.1555481078953321,0.15019958772993613,0.1515747606754303,648096000,0.0,0.0,NVDA,1d
2003-09-22 00:00:00-04:00,0.14859525052780942,0.14890145176600703,0.14439362418623483,0.14561569690704346,735504000,0.0,0.0,NVDA,1d
2003-09-23 00:00:00-04:00,0.1458448706611253,0.14783154457489806,0.1439352183566072,0.1469908505678177,628932000,0.0,0.0,NVDA,1d
2003-09-24 00:00:00-04:00,0.14385914594621174,0.1451573113365585,0.13560807852822498,0.13583727180957794,1600668000,0.0,0.0,NVDA,1d
2003-09-25 00:00:00-04:00,0.13690624325133352,0.13935130399540874,0.1333161177426343,0.13392668962478638,736776000,0.0,0.0,NVDA,1d
2003-09-26 00:00:00-04:00,0.13354523208938032,0.13392661046587825,0.12705073415590823,0.12880820035934448,895908000,0.0,0.0,NVDA,1d
2003-09-29 00:00:00-04:00,0.12231468109939986,0.1266694077509773,0.11994571318890916,0.12185629457235336,1944996000,0.0,0.0,NVDA,1d
2003-09-30 00:00:00-04:00,0.12078640749506857,0.1261340135280894,0.12032800730592878,0.12200848013162613,1020888000,0.0,0.0,NVDA,1d
2003-10-01 00:00:00-04:00,0.12223765960342876,0.12445352666018594,0.1219323737184375,0.12300226092338562,877224000,0.0,0.0,NVDA,1d
2003-10-02 00:00:00-04:00,0.12223774698779505,0.12666948426943514,0.12185636818330574,0.12491201609373093,857628000,0.0,0.0,NVDA,1d
2003-10-03 00:00:00-04:00,0.12834984667871727,0.13140549193635517,0.1261339799616228,0.12819674611091614,862812000,0.0,0.0,NVDA,1d
2003-10-06 00:00:00-04:00,0.1284259692378231,0.12972504978446234,0.12613400935149327,0.12720389664173126,377028000,0.0,0.0,NVDA,1d
2003-10-07 00:00:00-04:00,0.12720386101878398,0.12834984064102173,0.12544638079035916,0.12834984064102173,510588000,0.0,0.0,NVDA,1d
2003-10-08 00:00:00-04:00,0.12834991897686893,0.12949589929853322,0.12307840403274793,0.12384209036827087,739440000,0.0,0.0,NVDA,1d
2003-10-09 00:00:00-04:00,0.12567567071314167,0.13048879976005295,0.1246066981971144,0.12559957802295685,852408000,0.0,0.0,NVDA,1d
2003-10-10 00:00:00-04:00,0.12758620231601875,0.12873218236530076,0.12605792837146088,0.1278153955936432,413976000,0.0,0.0,NVDA,1d
2003-10-13 00:00:00-04:00,0.1292666853865179,0.13178783896056626,0.12827380587696618,0.1291135847568512,434904000,0.0,0.0,NVDA,1d
2003-10-14 00:00:00-04:00,0.12773837207185829,0.13186390521106756,0.12697469967206046,0.13148252665996552,623556000,0.0,0.0,NVDA,1d
2003-10-15 00:00:00-04:00,0.13300985519038752,0.13545492871964726,0.12896134457164143,0.12980110943317413,703488000,0.0,0.0,NVDA,1d
2003-10-16 00:00:00-04:00,0.1299542527381299,0.13186391890708454,0.12796759227404098,0.1314055323600769,446088000,0.0,0.0,NVDA,1d
2003-10-17 00:00:00-04:00,0.13064187483814635,0.1331630287212902,0.12712784132372296,0.12728002667427063,459696000,0.0,0.0,NVDA,1d
2003-10-20 00:00:00-04:00,0.12735695426249616,0.13025949864903816,0.12659235313963768,0.1301073133945465,467388000,0.0,0.0,NVDA,1d
2003-10-21 00:00:00-04:00,0.13247543232780085,0.13660096628782228,0.13064185864308892,0.13407979905605316,758724000,0.0,0.0,NVDA,1d
2003-10-22 00:00:00-04:00,0.13201698506186066,0.1350726304618851,0.1311002122071487,0.13178779184818268,620952000,0.0,0.0,NVDA,1d
2003-10-23 00:00:00-04:00,0.1298781143463422,0.13369744533937392,0.12964892115354276,0.13117629289627075,451524000,0.0,0.0,NVDA,1d
2003-10-24 00:00:00-04:00,0.12987809519396554,0.1318638530294641,0.12865510781998313,0.13071787357330322,447084000,0.0,0.0,NVDA,1d
2003-10-27 00:00:00-05:00,0.1314055323600769,0.13293380627715817,0.1304887456049021,0.1314055323600769,254460000,0.0,0.0,NVDA,1d
2003-10-28 00:00:00-05:00,0.13316300321291813,0.14042119113416723,0.13255151603419452,0.13965660333633423,956064000,0.0,0.0,NVDA,1d
2003-10-29 00:00:00-05:00,0.13553106965516665,0.14133797791455557,0.13545497699446893,0.13965660333633423,494004000,0.0,0.0,NVDA,1d
2003-10-30 00:00:00-05:00,0.14324766203767153,0.14332375470787853,0.1368301674341196,0.13705936074256897,581256000,0.0,0.0,NVDA,1d
2003-10-31 00:00:00-05:00,0.138281349163859,0.13942732866738541,0.1329337453594412,0.13507260382175446,598152000,0.0,0.0,NVDA,1d
2003-11-03 00:00:00-05:00,0.13438504505158091,0.14019195138620733,0.13377445971179655,0.13759379088878632,773724000,0.0,0.0,NVDA,1d
2003-11-04 00:00:00-05:00,0.14057334820410683,0.14095565568734975,0.1371354087144537,0.13805219531059265,700896000,0.0,0.0,NVDA,1d
2003-11-05 00:00:00-05:00,0.13522570467431508,0.1399627369050966,0.1330098382859533,0.1385875642299652,882024000,0.0,0.0,NVDA,1d
2003-11-06 00:00:00-05:00,0.14065033168558433,0.14133791120045547,0.13629559311896663,0.13881675899028778,1175280000,0.0,0.0,NVDA,1d
2003-11-07 00:00:00-05:00,0.16547965093186537,0.1685352966922608,0.16196561869005363,0.1661672443151474,4292820000,0.0,0.0,NVDA,1d
2003-11-10 00:00:00-05:00,0.1667017341298527,0.16899369400616387,0.1647159754591518,0.16570885479450226,1210056000,0.0,0.0,NVDA,1d
2003-11-11 00:00:00-05:00,0.16196564175683928,0.16479208101790416,0.158679886990228,0.1615833342075348,799140000,0.0,0.0,NVDA,1d
2003-11-12 00:00:00-05:00,0.16104879010697382,0.1642575356243653,0.16028418897762373,0.16372212767601013,617664000,0.0,0.0,NVDA,1d
2003-11-13 00:00:00-05:00,0.16372215873956014,0.16609113990765764,0.16280537218048133,0.16379916667938232,580332000,0.0,0.0,NVDA,1d
2003-11-14 00:00:00-05:00,0.16425759597663017,0.16425759597663017,0.1536375612120498,0.15409594774246216,888420000,0.0,0.0,NVDA,1d
2003-11-17 00:00:00-05:00,0.15119341909411183,0.15432514424143348,0.14974122419662123,0.15249158442020416,599880000,0.0,0.0,NVDA,1d
2003-11-18 00:00:00-05:00,0.15623570890182237,0.15814537483658925,0.14974120811690353,0.15027661621570587,991428000,0.0,0.0,NVDA,1d
2003-11-19 00:00:00-05:00,0.15134558336237197,0.15508972410043648,0.15081109057807887,0.15447823703289032,567552000,0.0,0.0,NVDA,1d
2003-11-20 00:00:00-05:00,0.15203313035574065,0.15539497654084847,0.14974117114534477,0.15035267174243927,738852000,0.0,0.0,NVDA,1d
2003-11-21 00:00:00-05:00,0.15218624302730588,0.15241544989551273,0.14806072431691586,0.1509641706943512,543240000,0.0,0.0,NVDA,1d
2003-11-24 00:00:00-05:00,0.1524154901017398,0.1604373500927392,0.15134560275964098,0.16005505621433258,940644000,0.0,0.0,NVDA,1d
2003-11-25 00:00:00-05:00,0.16074265615221692,0.16418061024017236,0.15890909612128967,0.16280542314052582,822804000,0.0,0.0,NVDA,1d
2003-11-26 00:00:00-05:00,0.1654796255505576,0.16601410459771213,0.15990282767542804,0.16295847296714783,430032000,0.0,0.0,NVDA,1d
2003-11-28 00:00:00-05:00,0.16288241166839185,0.16334079816769068,0.16081964509923097,0.16219481825828552,206136000,0.0,0.0,NVDA,1d
2003-12-01 00:00:00-05:00,0.16402846855406508,0.16570892840207066,0.1621178863896653,0.1644868552684784,526980000,0.0,0.0,NVDA,1d
2003-12-02 00:00:00-05:00,0.16349296551507958,0.1671600980902382,0.16280537218048133,0.16379916667938232,574740000,0.0,0.0,NVDA,1d
2003-12-03 00:00:00-05:00,0.16425756846030032,0.16960517362586014,0.16173640198189956,0.16211779415607452,710028000,0.0,0.0,NVDA,1d
2003-12-04 00:00:00-05:00,0.16265321244101033,0.1655557578587588,0.157457791798547,0.16127803921699524,521952000,0.0,0.0,NVDA,1d
2003-12-05 00:00:00-05:00,0.15745778845108924,0.16196562921629043,0.15478353471419184,0.1560826152563095,559848000,0.0,0.0,NVDA,1d
2003-12-08 00:00:00-05:00,0.15608263874858505,0.15883299921326466,0.1547074653468255,0.15722861886024475,340980000,0.0,0.0,NVDA,1d
2003-12-09 00:00:00-05:00,0.15692327470535006,0.15845063286886335,0.14897749587366643,0.14905358850955963,598128000,0.0,0.0,NVDA,1d
2003-12-10 00:00:00-05:00,0.14905363048632322,0.15317916398449977,0.14897753782900064,0.1523393988609314,568656000,0.0,0.0,NVDA,1d
2003-12-11 00:00:00-05:00,0.152262375829685,0.1619656376310192,0.15195708990555862,0.16005505621433258,694872000,0.0,0.0,NVDA,1d
2003-12-12 00:00:00-05:00,0.16219477928236806,0.1632637509866171,0.15661706637705494,0.15921522676944733,700692000,0.0,0.0,NVDA,1d
2003-12-15 00:00:00-05:00,0.16387528926793848,0.16410449619546044,0.15554814339452802,0.15600652992725372,622752000,0.0,0.0,NVDA,1d
2003-12-16 00:00:00-05:00,0.1550897077932352,0.1591382323542191,0.15233936190247435,0.15814535319805145,601728000,0.0,0.0,NVDA,1d
2003-12-17 00:00:00-05:00,0.15684627126253411,0.1573816656213617,0.1524915455964275,0.15508970618247986,499116000,0.0,0.0,NVDA,1d
2003-12-18 00:00:00-05:00,0.15539502587552378,0.160208152674346,0.1552419252685949,0.15860377252101898,436728000,0.0,0.0,NVDA,1d
2003-12-19 00:00:00-05:00,0.16257623181207037,0.165021306417429,0.15921529930852288,0.16097186505794525,916956000,0.0,0.0,NVDA,1d
2003-12-22 00:00:00-05:00,0.15860378519415347,0.16158333881615525,0.15699941857378938,0.16120104491710663,371184000,0.0,0.0,NVDA,1d
2003-12-23 00:00:00-05:00,0.160590429029064,0.1693759876157608,0.16051342108517738,0.1677716076374054,722760000,0.0,0.0,NVDA,1d
2003-12-24 00:00:00-05:00,0.1676955434463966,0.1682300363177489,0.16609117685696234,0.16654956340789795,210852000,0.0,0.0,NVDA,1d
2003-12-26 00:00:00-05:00,0.16784771695452402,0.17472361036286224,0.1671601235153426,0.173730731010437,363960000,0.0,0.0,NVDA,1d
2003-12-29 00:00:00-05:00,0.1770155965858864,0.1816765250615617,0.17617581771409485,0.18106503784656525,756624000,0.0,0.0,NVDA,1d
2003-12-30 00:00:00-05:00,0.17915529337446193,0.18488519151627572,0.1790021928130445,0.18144725263118744,550884000,0.0,0.0,NVDA,1d
2003-12-31 00:00:00-05:00,0.18137027045673304,0.18221096437901024,0.17434219276335233,0.17724473774433136,497268000,0.0,0.0,NVDA,1d
2004-01-02 00:00:00-05:00,0.18007212828113028,0.18251627345981825,0.17632797360420227,0.17632797360420227,436416000,0.0,0.0,NVDA,1d
2004-01-05 00:00:00-05:00,0.17900221205473446,0.18328084520264773,0.1773978322058723,0.18205785751342773,575292000,0.0,0.0,NVDA,1d
2004-01-06 00:00:00-05:00,0.18152337875571523,0.1919903115647844,0.18068268479770355,0.18946915864944458,1093344000,0.0,0.0,NVDA,1d
2004-01-07 00:00:00-05:00,0.18732938876527228,0.19206640882803425,0.1860312099409745,0.19114962220191956,673032000,0.0,0.0,NVDA,1d
2004-01-08 00:00:00-05:00,0.1935176654008643,0.19443445198347156,0.19000363331767273,0.19183720648288727,433752000,0.0,0.0,NVDA,1d
2004-01-09 00:00:00-05:00,0.19053813189862484,0.19695562451156595,0.1890107598589595,0.1945875585079193,766584000,0.0,0.0,NVDA,1d
2004-01-12 00:00:00-05:00,0.1952750892317109,0.19741394765064055,0.1934415165987987,0.19680337607860565,541980000,0.0,0.0,NVDA,1d
2004-01-13 00:00:00-05:00,0.19580963646254476,0.19772021768114023,0.18457903090731523,0.18664179742336273,865800000,0.0,0.0,NVDA,1d
2004-01-14 00:00:00-05:00,0.18755855850664524,0.19023281174087203,0.18351003397241478,0.18526659905910492,544872000,0.0,0.0,NVDA,1d
2004-01-15 00:00:00-05:00,0.1838914004830646,0.18710014623283616,0.18060656209989048,0.1855727881193161,609204000,0.0,0.0,NVDA,1d
2004-01-16 00:00:00-05:00,0.1874824835790349,0.19000363647726168,0.18572500302887707,0.1883992701768875,451728000,0.0,0.0,NVDA,1d
2004-01-20 00:00:00-05:00,0.1906911971474118,0.1939760354916874,0.18855233843868735,0.19367074966430664,487764000,0.0,0.0,NVDA,1d
2004-01-21 00:00:00-05:00,0.19206640334789848,0.19283008935887713,0.18442683832898218,0.184732124209404,494460000,0.0,0.0,NVDA,1d
2004-01-22 00:00:00-05:00,0.1857250376684671,0.18870459125191552,0.17823857185940742,0.18045352399349213,605724000,0.0,0.0,NVDA,1d
2004-01-23 00:00:00-05:00,0.17953670626701032,0.18312776006343326,0.17602267407590808,0.17640496790409088,482472000,0.0,0.0,NVDA,1d
2004-01-26 00:00:00-05:00,0.17755102217115684,0.18412070283218201,0.17617584850920331,0.18335703015327454,393684000,0.0,0.0,NVDA,1d
2004-01-27 00:00:00-05:00,0.17968976245564885,0.1825932221612543,0.17151480494780713,0.17288997769355774,934104000,0.0,0.0,NVDA,1d
2004-01-28 00:00:00-05:00,0.17510591538969153,0.17785627566057907,0.17151487468175444,0.17243164777755737,615204000,0.0,0.0,NVDA,1d
2004-01-29 00:00:00-05:00,0.17296701702797015,0.1738067956395506,0.1615832982776045,0.16738930344581604,929700000,0.0,0.0,NVDA,1d
2004-01-30 00:00:00-05:00,0.16700791693616543,0.17380680152701197,0.16601412241268504,0.16998746991157532,466464000,0.0,0.0,NVDA,1d
2004-02-02 00:00:00-05:00,0.17136272286867868,0.1760988292358307,0.16960524166988852,0.17273789644241333,560844000,0.0,0.0,NVDA,1d
2004-02-03 00:00:00-05:00,0.17227939373649742,0.17525894609276974,0.16983433403482637,0.17212629318237305,418032000,0.0,0.0,NVDA,1d
2004-02-04 00:00:00-05:00,0.16968130956534985,0.1710564829382711,0.16723716406505593,0.16746635735034943,436800000,0.0,0.0,NVDA,1d
2004-02-05 00:00:00-05:00,0.16838310363937428,0.17189713571929366,0.1673132164716827,0.16998746991157532,331980000,0.0,0.0,NVDA,1d
2004-02-06 00:00:00-05:00,0.17220245226712264,0.17632798578929368,0.1712856655220669,0.1738838404417038,471132000,0.0,0.0,NVDA,1d
2004-02-09 00:00:00-05:00,0.17518196545839487,0.17800933299833985,0.17258472009530373,0.17266081273555756,373992000,0.0,0.0,NVDA,1d
2004-02-10 00:00:00-05:00,0.1731962199070861,0.17915532598830552,0.17311921196367416,0.17900222539901733,509700000,0.0,0.0,NVDA,1d
2004-02-11 00:00:00-05:00,0.18129416716323368,0.1858780860583143,0.1806826665028684,0.18526659905910492,737808000,0.0,0.0,NVDA,1d
2004-02-12 00:00:00-05:00,0.184273742805782,0.18526662207875522,0.17686337081785067,0.17968980967998505,974892000,0.0,0.0,NVDA,1d
2004-02-13 00:00:00-05:00,0.17495279978919384,0.18251627280984803,0.17342542763648813,0.17800936102867126,1747500000,0.0,0.0,NVDA,1d
2004-02-17 00:00:00-05:00,0.1786969554678426,0.1805305289753055,0.17625189479943593,0.17999513447284698,575976000,0.0,0.0,NVDA,1d
2004-02-18 00:00:00-05:00,0.1805305289753055,0.18144731572903697,0.1787730481263278,0.17999513447284698,320244000,0.0,0.0,NVDA,1d
2004-02-19 00:00:00-05:00,0.18221099419992381,0.18541974087236693,0.17953672670975881,0.17991903424263,631032000,0.0,0.0,NVDA,1d
2004-02-20 00:00:00-05:00,0.1796137177344103,0.1848852306038187,0.17861992315999264,0.18442684412002563,618120000,0.0,0.0,NVDA,1d
2004-02-23 00:00:00-05:00,0.18412063925124333,0.18442685411656926,0.17556428689991674,0.17800936102867126,853332000,0.0,0.0,NVDA,1d
2004-02-24 00:00:00-05:00,0.17495280412813158,0.17716867139636305,0.16899369740108316,0.170904278755188,708384000,0.0,0.0,NVDA,1d
2004-02-25 00:00:00-05:00,0.1719732804962959,0.1751820276745697,0.1700636141096723,0.17189718782901764,652512000,0.0,0.0,NVDA,1d
2004-02-26 00:00:00-05:00,0.17441832001945376,0.17472361961001406,0.17090428730598284,0.1730431467294693,344976000,0.0,0.0,NVDA,1d
2004-02-27 00:00:00-05:00,0.1734254093472835,0.1735776082968628,0.16738930911589386,0.16998746991157532,595548000,0.0,0.0,NVDA,1d
2004-03-01 00:00:00-05:00,0.1695291182920162,0.17281395781686948,0.16929992501476443,0.17250867187976837,506628000,0.0,0.0,NVDA,1d
2004-03-02 00:00:00-05:00,0.1727378097693409,0.17395988208475624,0.16861227745700536,0.1692998707294464,813348000,0.0,0.0,NVDA,1d
2004-03-03 00:00:00-05:00,0.1688415190785375,0.1688415190785375,0.16433369170144344,0.16708403825759888,552492000,0.0,0.0,NVDA,1d
2004-03-04 00:00:00-05:00,0.16876448069058841,0.17105644029446596,0.16738930766049323,0.17075115442276,413352000,0.0,0.0,NVDA,1d
2004-03-05 00:00:00-05:00,0.16693089130820565,0.17342539097296203,0.16632031962417473,0.16952906548976898,354888000,0.0,0.0,NVDA,1d
2004-03-08 00:00:00-05:00,0.1696051936168745,0.17189715347745527,0.16234700651839323,0.16364608705043793,465168000,0.0,0.0,NVDA,1d
2004-03-09 00:00:00-05:00,0.1650212649871255,0.16517436558061477,0.15974975212790635,0.16250009834766388,371232000,0.0,0.0,NVDA,1d
2004-03-10 00:00:00-05:00,0.16357008154369362,0.16532664788278614,0.15898615938035326,0.16013213992118835,481692000,0.0,0.0,NVDA,1d
2004-03-11 00:00:00-05:00,0.15799232527614912,0.16364613389392402,0.15799232527614912,0.15890911221504211,526872000,0.0,0.0,NVDA,1d
2004-03-12 00:00:00-05:00,0.16104878671557174,0.16425753216539268,0.15929130661020532,0.16227085888385773,377952000,0.0,0.0,NVDA,1d
2004-03-15 00:00:00-05:00,0.16127803998872475,0.16196563343460188,0.15761090682008402,0.15860377252101898,421224000,0.0,0.0,NVDA,1d
2004-03-16 00:00:00-05:00,0.16059044786662616,0.1661672608119401,0.15952056054342809,0.1654035747051239,597504000,0.0,0.0,NVDA,1d
2004-03-17 00:00:00-05:00,0.16807692886242065,0.17105648254791753,0.16738934900810923,0.16945211589336395,524592000,0.0,0.0,NVDA,1d
2004-03-18 00:00:00-05:00,0.16853532970705046,0.1734254513097641,0.16807692947467945,0.17136269807815552,528048000,0.0,0.0,NVDA,1d
2004-03-19 00:00:00-05:00,0.1704458580521511,0.172202409489304,0.1683830918034895,0.1693759709596634,452964000,0.0,0.0,NVDA,1d
2004-03-22 00:00:00-05:00,0.16677866349051673,0.16937592171209842,0.16425751154682497,0.16807682812213898,576708000,0.0,0.0,NVDA,1d
2004-03-23 00:00:00-05:00,0.17036882175897367,0.17220238082725553,0.16685477684979613,0.16876444220542908,576036000,0.0,0.0,NVDA,1d
2004-03-24 00:00:00-05:00,0.1684592146489708,0.17915534159942884,0.16807690713004764,0.17632797360420227,787344000,0.0,0.0,NVDA,1d
2004-03-25 00:00:00-05:00,0.17831461722211364,0.18748246881765424,0.17800933136642902,0.18656568229198456,997128000,0.0,0.0,NVDA,1d
2004-03-26 00:00:00-05:00,0.18603123724460602,0.18893378284474022,0.18351008389863152,0.18603123724460602,551604000,0.0,0.0,NVDA,1d
2004-03-29 00:00:00-05:00,0.1887045628313362,0.19657423664695767,0.1883231842923756,0.19405308365821838,985764000,0.0,0.0,NVDA,1d
2004-03-30 00:00:00-05:00,0.19275398122477666,0.20077583942278948,0.19260086698694484,0.19985905289649963,724956000,0.0,0.0,NVDA,1d
2004-03-31 00:00:00-05:00,0.20085196167194674,0.2038315149063447,0.1997829897088539,0.20169265568256378,604752000,0.0,0.0,NVDA,1d
2004-04-01 00:00:00-05:00,0.2019217674823605,0.20604729896413387,0.1930592176660846,0.19810153543949127,1319508000,0.0,0.0,NVDA,1d
2004-04-02 00:00:00-05:00,0.20245637333642857,0.20375545404989867,0.19634508061236464,0.20092900097370148,649740000,0.0,0.0,NVDA,1d
2004-04-05 00:00:00-04:00,0.19985911580481602,0.20895087762870354,0.19985911580481602,0.20811018347740173,576744000,0.0,0.0,NVDA,1d
2004-04-06 00:00:00-04:00,0.2039845763899281,0.2054358555852016,0.1986369717071238,0.19970594346523285,624096000,0.0,0.0,NVDA,1d
2004-04-07 00:00:00-04:00,0.20123423784529376,0.20131033048426955,0.1951220317290731,0.1986369788646698,447864000,0.0,0.0,NVDA,1d
2004-04-08 00:00:00-04:00,0.20306787016878025,0.20627661730623437,0.20153959609694388,0.20428994297981262,447096000,0.0,0.0,NVDA,1d
2004-04-12 00:00:00-04:00,0.20589427997005233,0.2068110666247744,0.19924759379976487,0.20047058165073395,443784000,0.0,0.0,NVDA,1d
2004-04-13 00:00:00-04:00,0.2023041314135888,0.20245631669641065,0.19481675211031807,0.19580961763858795,442704000,0.0,0.0,NVDA,1d
2004-04-14 00:00:00-04:00,0.19481670290405936,0.20047050768327704,0.19260082290453429,0.19680337607860565,512016000,0.0,0.0,NVDA,1d
2004-04-15 00:00:00-04:00,0.19412925473182238,0.19496994905393755,0.18564899204778076,0.18648968636989594,828084000,0.0,0.0,NVDA,1d
2004-04-16 00:00:00-04:00,0.18572499918768476,0.18580200712917117,0.1799951001460591,0.18037739396095276,654864000,0.0,0.0,NVDA,1d
2004-04-19 00:00:00-04:00,0.1802243514737783,0.1814473396178402,0.17693951157534074,0.18014825880527496,522804000,0.0,0.0,NVDA,1d
2004-04-20 00:00:00-04:00,0.18060662487154772,0.18259329902928376,0.17243165026105553,0.17250867187976837,513804000,0.0,0.0,NVDA,1d
2004-04-21 00:00:00-04:00,0.17319628307993748,0.17877308370966916,0.17143881554230953,0.17273789644241333,688812000,0.0,0.0,NVDA,1d
2004-04-22 00:00:00-04:00,0.171133471520308,0.17663419171144204,0.16754243104128022,0.173730731010437,695520000,0.0,0.0,NVDA,1d
2004-04-23 00:00:00-04:00,0.1758695822558874,0.1805305098251397,0.17533508944665416,0.17755095660686493,443928000,0.0,0.0,NVDA,1d
2004-04-26 00:00:00-04:00,0.17793240124919155,0.1786969891689896,0.17013971920340226,0.1705981194972992,429912000,0.0,0.0,NVDA,1d
2004-04-27 00:00:00-04:00,0.1725847597088479,0.17716867977021503,0.1685353188468732,0.1691468060016632,494568000,0.0,0.0,NVDA,1d
2004-04-28 00:00:00-04:00,0.16922295404551682,0.17182112981396847,0.16716018661053253,0.16845928132534027,468768000,0.0,0.0,NVDA,1d
2004-04-29 00:00:00-04:00,0.16746631291569758,0.16861229269925693,0.16158329975459276,0.16379916667938232,645048000,0.0,0.0,NVDA,1d
2004-04-30 00:00:00-04:00,0.1628824528426328,0.16387531874289735,0.15615874332676152,0.1567702442407608,512928000,0.0,0.0,NVDA,1d
2004-05-03 00:00:00-04:00,0.15845064977861278,0.16005502970780872,0.1520331573841429,0.15478351712226868,610668000,0.0,0.0,NVDA,1d
2004-05-04 00:00:00-04:00,0.15699937224870247,0.1666256101139967,0.15661707846245554,0.1646389365196228,772380000,0.0,0.0,NVDA,1d
2004-05-05 00:00:00-04:00,0.164792077127433,0.16746634466941487,0.163416903858643,0.1660141497850418,464280000,0.0,0.0,NVDA,1d
2004-05-06 00:00:00-04:00,0.16433365792970067,0.16868838379965223,0.16081962596881422,0.16738930344581604,711348000,0.0,0.0,NVDA,1d
2004-05-07 00:00:00-04:00,0.17227942663998955,0.17548817279162124,0.16777160011234996,0.16868838667869568,956772000,0.0,0.0,NVDA,1d
2004-05-10 00:00:00-04:00,0.16418056051969482,0.1659380273522433,0.1585276558230632,0.16211779415607452,669072000,0.0,0.0,NVDA,1d
2004-05-11 00:00:00-04:00,0.1641805924383986,0.16769554044800097,0.16349299896312974,0.1660911738872528,399936000,0.0,0.0,NVDA,1d
2004-05-12 00:00:00-04:00,0.16517435334857886,0.1654035465730594,0.1580692677615855,0.16379916667938232,482328000,0.0,0.0,NVDA,1d
2004-05-13 00:00:00-04:00,0.16242407907263715,0.16731330030555475,0.16196569238265995,0.1643337458372116,347952000,0.0,0.0,NVDA,1d
2004-05-14 00:00:00-04:00,0.1650213395333412,0.16792478765818242,0.16349305147843154,0.1643337458372116,459000000,0.0,0.0,NVDA,1d
2004-05-17 00:00:00-04:00,0.16196563566352626,0.16410449502407704,0.15929136815901795,0.16173642873764038,308340000,0.0,0.0,NVDA,1d
2004-05-18 00:00:00-04:00,0.16318776545110483,0.16624341260178607,0.16257626443731338,0.1643337458372116,204420000,0.0,0.0,NVDA,1d
2004-05-19 00:00:00-04:00,0.16800077701917948,0.1703688426785224,0.1631115724543116,0.1639513373374939,498276000,0.0,0.0,NVDA,1d
2004-05-20 00:00:00-04:00,0.16364610098999793,0.16639646125366864,0.1607426401115316,0.1615833342075348,421488000,0.0,0.0,NVDA,1d
2004-05-21 00:00:00-04:00,0.16349304211086713,0.16372223544272377,0.15974981513969355,0.16196568310260773,282096000,0.0,0.0,NVDA,1d
2004-05-24 00:00:00-04:00,0.16165937327014793,0.16326375297400236,0.15952051453824023,0.16143018007278442,301620000,0.0,0.0,NVDA,1d
2004-05-25 00:00:00-04:00,0.16211787835716102,0.16922295404551682,0.15883303784913488,0.16845928132534027,681264000,0.0,0.0,NVDA,1d
2004-05-26 00:00:00-04:00,0.16845924735111595,0.17418914814761877,0.16746636782416502,0.17189718782901764,524568000,0.0,0.0,NVDA,1d
2004-05-27 00:00:00-04:00,0.17472362150054344,0.17732178279276464,0.17220245450360663,0.17243164777755737,556548000,0.0,0.0,NVDA,1d
2004-05-28 00:00:00-04:00,0.1745713862163409,0.1801481841594908,0.17319619964393015,0.17915530502796173,637980000,0.0,0.0,NVDA,1d
2004-06-01 00:00:00-04:00,0.17609876500428387,0.18083578494149025,0.1758695717691194,0.17900222539901733,318420000,0.0,0.0,NVDA,1d
2004-06-02 00:00:00-04:00,0.1833569548874663,0.18419764885888273,0.17747394134381386,0.17762704193592072,643800000,0.0,0.0,NVDA,1d
2004-06-03 00:00:00-04:00,0.17770315101047185,0.17808545853846158,0.16853531129835544,0.16907070577144623,700824000,0.0,0.0,NVDA,1d
2004-06-04 00:00:00-04:00,0.17250863058319904,0.17289000908885185,0.16723711816254877,0.16738930344581604,649608000,0.0,0.0,NVDA,1d
2004-06-07 00:00:00-04:00,0.17013968908945215,0.17334843593414884,0.16800082962555368,0.1714387834072113,571956000,0.0,0.0,NVDA,1d
2004-06-08 00:00:00-04:00,0.1704458428516979,0.17075112867737371,0.16586191067393866,0.16838307678699493,615000000,0.0,0.0,NVDA,1d
2004-06-09 00:00:00-04:00,0.16937601362657193,0.16960520689834602,0.15997896653339877,0.16051344573497772,498336000,0.0,0.0,NVDA,1d
2004-06-10 00:00:00-04:00,0.16311165458120516,0.16341694057449133,0.157457832302268,0.15890911221504211,564516000,0.0,0.0,NVDA,1d
2004-06-14 00:00:00-04:00,0.15806920379192077,0.15806920379192077,0.15272068554777632,0.15394367277622223,424752000,0.0,0.0,NVDA,1d
2004-06-15 00:00:00-04:00,0.15654103920453127,0.15860379247941794,0.15478355822311732,0.1562357395887375,394584000,0.0,0.0,NVDA,1d
2004-06-16 00:00:00-04:00,0.15577732668808617,0.1567702060073671,0.1531791519870572,0.1537906527519226,252576000,0.0,0.0,NVDA,1d
2004-06-17 00:00:00-04:00,0.15279780251886307,0.15654104255445264,0.14997043402793309,0.1507350355386734,482376000,0.0,0.0,NVDA,1d
2004-06-18 00:00:00-04:00,0.15157475604269463,0.1551657957024394,0.14897749714512104,0.1509641706943512,534336000,0.0,0.0,NVDA,1d
2004-06-21 00:00:00-04:00,0.15119340935090064,0.15356146187814929,0.14729706936720274,0.14828994870185852,266568000,0.0,0.0,NVDA,1d
2004-06-22 00:00:00-04:00,0.14913065234171446,0.1531791642302304,0.1481368576454007,0.15249158442020416,430308000,0.0,0.0,NVDA,1d
2004-06-23 00:00:00-04:00,0.15203314551195762,0.1557002915430932,0.1516517670241571,0.15508970618247986,264660000,0.0,0.0,NVDA,1d
2004-06-24 00:00:00-04:00,0.15921524316244334,0.1597497359001773,0.15256855786853032,0.15371453762054443,590652000,0.0,0.0,NVDA,1d
2004-06-25 00:00:00-04:00,0.15478359898327607,0.1565410804274989,0.15295002485479603,0.15470750629901886,329124000,0.0,0.0,NVDA,1d
2004-06-28 00:00:00-04:00,0.15692328078863615,0.15745775985543944,0.15279774829236975,0.15340833365917206,299376000,0.0,0.0,NVDA,1d
2004-06-29 00:00:00-04:00,0.15432510365812874,0.15890903615865073,0.15371453196378573,0.15867984294891357,363852000,0.0,0.0,NVDA,1d
2004-06-30 00:00:00-04:00,0.1544782577772965,0.1588329845312998,0.1544782577772965,0.15638791024684906,329268000,0.0,0.0,NVDA,1d
2004-07-01 00:00:00-04:00,0.1581453893228519,0.15837458258924345,0.14897753571675937,0.14920674264431,505620000,0.0,0.0,NVDA,1d
2004-07-02 00:00:00-04:00,0.15081112339299052,0.15088721605641042,0.14599800970021443,0.14714398980140686,294948000,0.0,0.0,NVDA,1d
2004-07-06 00:00:00-04:00,0.14538652454590267,0.14691479872480157,0.13690626268418157,0.13851062953472137,575388000,0.0,0.0,NVDA,1d
2004-07-07 00:00:00-04:00,0.14026814634450654,0.14317160846041532,0.13851066474491575,0.13919825851917267,344136000,0.0,0.0,NVDA,1d
2004-07-08 00:00:00-04:00,0.1379000161199311,0.14019197588108706,0.13469126972208123,0.13492046296596527,430056000,0.0,0.0,NVDA,1d
2004-07-09 00:00:00-04:00,0.1347673927869985,0.1349204934166652,0.126592417521642,0.1291135847568512,1114500000,0.0,0.0,NVDA,1d
2004-07-12 00:00:00-04:00,0.1255234226950826,0.12911356145793745,0.12445353541487322,0.1261340081691742,676044000,0.0,0.0,NVDA,1d
2004-07-13 00:00:00-04:00,0.12766231064912098,0.12987817835975451,0.12452965605427574,0.125904843211174,567108000,0.0,0.0,NVDA,1d
2004-07-14 00:00:00-04:00,0.12147395904088629,0.12483581920820358,0.11788291932402832,0.12032797932624817,901608000,0.0,0.0,NVDA,1d
2004-07-15 00:00:00-04:00,0.12155011223304035,0.12284919302179904,0.11872365899303523,0.11948734521865845,611352000,0.0,0.0,NVDA,1d
2004-07-16 00:00:00-04:00,0.12315446614999666,0.1233075667660458,0.11597328633069992,0.11597328633069992,464700000,0.0,0.0,NVDA,1d
2004-07-19 00:00:00-04:00,0.11627859710087998,0.11857055739572034,0.11467421669779515,0.11727239191532135,461088000,0.0,0.0,NVDA,1d
2004-07-20 00:00:00-04:00,0.11719537256511232,0.12009883380274743,0.11604939239544415,0.11964044719934464,341544000,0.0,0.0,NVDA,1d
2004-07-21 00:00:00-04:00,0.12147400393398008,0.12162711822466588,0.11200087003686608,0.11238225549459457,613416000,0.0,0.0,NVDA,1d
2004-07-22 00:00:00-04:00,0.11368131017097843,0.11536178284128006,0.11001417047218118,0.11475119739770889,521460000,0.0,0.0,NVDA,1d
2004-07-23 00:00:00-04:00,0.11551488870947978,0.115667989310856,0.11093096216906008,0.11169464141130447,371496000,0.0,0.0,NVDA,1d
2004-07-26 00:00:00-04:00,0.11314679769068564,0.11413967673876071,0.10749299228834996,0.1085628792643547,503208000,0.0,0.0,NVDA,1d
2004-07-27 00:00:00-04:00,0.10909739193876528,0.11245923895486128,0.10573553809209035,0.11215303093194962,789888000,0.0,0.0,NVDA,1d
2004-07-28 00:00:00-04:00,0.11192384627952996,0.11230614698108783,0.10619393956671497,0.10932659357786179,505116000,0.0,0.0,NVDA,1d
2004-07-29 00:00:00-04:00,0.11085483463829353,0.1193350984605794,0.11031943352015783,0.11650773137807846,747360000,0.0,0.0,NVDA,1d
2004-07-30 00:00:00-04:00,0.11505646265768447,0.11994568083390622,0.11482726945598544,0.1178068220615387,403956000,0.0,0.0,NVDA,1d
2004-08-02 00:00:00-04:00,0.1178829498603675,0.11979353129835763,0.11589719106258858,0.11933514475822449,420984000,0.0,0.0,NVDA,1d
2004-08-03 00:00:00-04:00,0.11986961225560357,0.11994570490564016,0.11223004680350927,0.1131468266248703,741540000,0.0,0.0,NVDA,1d
2004-08-04 00:00:00-04:00,0.11192385541742278,0.11543881041710188,0.11177167009472407,0.11436892300844193,507816000,0.0,0.0,NVDA,1d
2004-08-05 00:00:00-04:00,0.11559097822924122,0.11612637267074666,0.10925049329229883,0.11123625189065933,859920000,0.0,0.0,NVDA,1d
2004-08-06 00:00:00-04:00,0.07723913039176375,0.07792671704246623,0.07105083004370215,0.07204370945692062,5088948000,0.0,0.0,NVDA,1d
2004-08-09 00:00:00-04:00,0.07387727828125465,0.0769338398636196,0.07265520555916956,0.0752524584531784,1579212000,0.0,0.0,NVDA,1d
2004-08-10 00:00:00-04:00,0.07945500068790334,0.08197616093989457,0.0781559131670879,0.08121155947446823,2051916000,0.0,0.0,NVDA,1d
2004-08-11 00:00:00-04:00,0.08014252425303603,0.08014252425303603,0.07830895895130795,0.07884344458580017,963816000,0.0,0.0,NVDA,1d
2004-08-12 00:00:00-04:00,0.0790727056641534,0.07930189896243647,0.07685683802583249,0.07700993865728378,654384000,0.0,0.0,NVDA,1d
2004-08-13 00:00:00-04:00,0.07884349952548059,0.08075315875931283,0.07815590608145129,0.08021867275238037,815700000,0.0,0.0,NVDA,1d
2004-08-16 00:00:00-04:00,0.07930188825042606,0.08144074763521272,0.07884350171577827,0.07945499569177628,531732000,0.0,0.0,NVDA,1d
2004-08-17 00:00:00-04:00,0.08121155778328208,0.08426811932473285,0.08044787846206063,0.08380972594022751,744912000,0.0,0.0,NVDA,1d
2004-08-18 00:00:00-04:00,0.08419110874607345,0.08938652276992798,0.08350351527543302,0.08938652276992798,872424000,0.0,0.0,NVDA,1d
2004-08-19 00:00:00-04:00,0.08885201967005739,0.09045639261897973,0.08770603313747473,0.08908121287822723,724404000,0.0,0.0,NVDA,1d
2004-08-20 00:00:00-04:00,0.08862283099388127,0.095650902211404,0.088316622981532,0.09435273706912994,1199040000,0.0,0.0,NVDA,1d
2004-08-23 00:00:00-04:00,0.095880110965368,0.09740839161176905,0.09534562496458926,0.09641551226377487,800028000,0.0,0.0,NVDA,1d
2004-08-24 00:00:00-04:00,0.09779070281281207,0.09824909624129916,0.09099091454430172,0.09282448142766953,939420000,0.0,0.0,NVDA,1d
2004-08-25 00:00:00-04:00,0.09488721142614265,0.09748446352142694,0.09312973106482182,0.09679687023162842,721308000,0.0,0.0,NVDA,1d
2004-08-26 00:00:00-04:00,0.09664469454042474,0.09763757377559874,0.09588010007058013,0.09702607989311218,612720000,0.0,0.0,NVDA,1d
2004-08-27 00:00:00-04:00,0.09710309435148864,0.1002348328545186,0.09702608640388007,0.09885965287685394,565128000,0.0,0.0,NVDA,1d
2004-08-30 00:00:00-04:00,0.09847827157264999,0.09901275753360043,0.09549871845306666,0.09557481110095978,628056000,0.0,0.0,NVDA,1d
2004-08-31 00:00:00-04:00,0.09595710070094923,0.09641549396114753,0.09221295351336799,0.09519249945878983,587064000,0.0,0.0,NVDA,1d
2004-09-01 00:00:00-04:00,0.09397043424514907,0.09840125294791922,0.09274836177770006,0.09702607989311218,591744000,0.0,0.0,NVDA,1d
2004-09-02 00:00:00-04:00,0.09748448928221916,0.1017631234015267,0.09656770254060729,0.10099943727254868,770088000,0.0,0.0,NVDA,1d
2004-09-03 00:00:00-04:00,0.09794288873672485,0.09992955612540412,0.09710310989810486,0.09794288873672485,715056000,0.0,0.0,NVDA,1d
2004-09-07 00:00:00-04:00,0.09855438338712592,0.10061715028175575,0.09481115033737932,0.0961093157529831,727332000,0.0,0.0,NVDA,1d
2004-09-08 00:00:00-04:00,0.0961863088854435,0.09702608759996369,0.09389434905832739,0.09412354230880737,834984000,0.0,0.0,NVDA,1d
2004-09-09 00:00:00-04:00,0.0964155284408991,0.10520107567390481,0.09595713501677192,0.10352060943841934,1299324000,0.0,0.0,NVDA,1d
2004-09-10 00:00:00-04:00,0.10176312127522046,0.10802751406181794,0.10145782852342736,0.10749302804470062,1039344000,0.0,0.0,NVDA,1d
2004-09-13 00:00:00-04:00,0.10733992101014342,0.1116946477123889,0.10718773569778983,0.10955578833818436,967752000,0.0,0.0,NVDA,1d
2004-09-14 00:00:00-04:00,0.10856289729044961,0.11077784894346235,0.1077222033639393,0.1100141629576683,683556000,0.0,0.0,NVDA,1d
2004-09-15 00:00:00-04:00,0.10665230509711539,0.10695851306364472,0.102526772793821,0.1039019525051117,1163904000,0.0,0.0,NVDA,1d
2004-09-16 00:00:00-04:00,0.1056594488836648,0.10886819540808937,0.10527714819900849,0.10779830813407898,810024000,0.0,0.0,NVDA,1d
2004-09-17 00:00:00-04:00,0.108639029280207,0.11284065617832668,0.10772224237844501,0.1122300773859024,1003800000,0.0,0.0,NVDA,1d
2004-09-20 00:00:00-04:00,0.11001417893669942,0.11528569906298022,0.10863900571295607,0.11207694560289383,794628000,0.0,0.0,NVDA,1d
2004-09-21 00:00:00-04:00,0.11459811328730081,0.11597328660304516,0.11322293314097663,0.11505649983882904,503904000,0.0,0.0,NVDA,1d
2004-09-22 00:00:00-04:00,0.11200083497655816,0.11475118781329241,0.1091734742002796,0.10970887541770935,625920000,0.0,0.0,NVDA,1d
2004-09-23 00:00:00-04:00,0.11100706296850993,0.11131327102431622,0.10779831620387806,0.1107017770409584,578664000,0.0,0.0,NVDA,1d
2004-09-24 00:00:00-04:00,0.11116013517883078,0.11131323574291796,0.10573551593731113,0.10733988881111145,476316000,0.0,0.0,NVDA,1d
2004-09-27 00:00:00-04:00,0.1065001702005992,0.10772224309137078,0.10352061616544395,0.10543028265237808,406020000,0.0,0.0,NVDA,1d
2004-09-28 00:00:00-04:00,0.1052010795506377,0.10787534069703819,0.10374981338902588,0.10695856064558029,474840000,0.0,0.0,NVDA,1d
2004-09-29 00:00:00-04:00,0.10688152764718396,0.11261143443830782,0.10550635438888516,0.10955578833818436,537228000,0.0,0.0,NVDA,1d
2004-09-30 00:00:00-04:00,0.11077784886571772,0.11345210909921875,0.10871508250057792,0.11093094944953918,619680000,0.0,0.0,NVDA,1d
2004-10-01 00:00:00-04:00,0.11146544878525258,0.11612637647081192,0.11093096279326103,0.11551488935947418,590412000,0.0,0.0,NVDA,1d
2004-10-04 00:00:00-04:00,0.11650776391100645,0.12032799741278119,0.11627857066585989,0.11879972368478775,673932000,0.0,0.0,NVDA,1d
2004-10-05 00:00:00-04:00,0.11589713554646106,0.11895278023457762,0.1150564418652017,0.11612632870674133,633180000,0.0,0.0,NVDA,1d
2004-10-06 00:00:00-04:00,0.11589719180683733,0.11711926448364106,0.11322293105343087,0.11658478528261185,498504000,0.0,0.0,NVDA,1d
2004-10-07 00:00:00-04:00,0.11872365802648278,0.12139791224933742,0.11666089102889426,0.11727239191532135,798072000,0.0,0.0,NVDA,1d
2004-10-08 00:00:00-04:00,0.11604939341712689,0.11650779368572659,0.10986109908032171,0.11085489392280579,693420000,0.0,0.0,NVDA,1d
2004-10-11 00:00:00-04:00,0.11100704222917557,0.11322290918086111,0.109021290632835,0.11100704222917557,373848000,0.0,0.0,NVDA,1d
2004-10-12 00:00:00-04:00,0.10726381970517149,0.11024337290887364,0.10550634588179698,0.10940267890691757,827232000,0.0,0.0,NVDA,1d
2004-10-13 00:00:00-04:00,0.1126884125138354,0.11413968487409888,0.10779828579136677,0.10871507227420807,672816000,0.0,0.0,NVDA,1d
2004-10-14 00:00:00-04:00,0.10970891754742135,0.10970891754742135,0.1046665963849403,0.10543028265237808,513264000,0.0,0.0,NVDA,1d
2004-10-15 00:00:00-04:00,0.10565945283411451,0.10581256027157031,0.09992954616038678,0.10252679884433746,1280484000,0.0,0.0,NVDA,1d
2004-10-18 00:00:00-04:00,0.10191620520891664,0.10543024408375166,0.10107551811048457,0.10436035692691803,573972000,0.0,0.0,NVDA,1d
2004-10-19 00:00:00-04:00,0.1067293491397776,0.10779832124620659,0.10290910821309394,0.10367278754711151,618480000,0.0,0.0,NVDA,1d
2004-10-20 00:00:00-04:00,0.10336746055799972,0.10535413395760969,0.10275596678886345,0.10489574074745178,540204000,0.0,0.0,NVDA,1d
2004-10-21 00:00:00-04:00,0.10596473054150533,0.10863899079816378,0.10512495190581606,0.10726381093263626,1013964000,0.0,0.0,NVDA,1d
2004-10-22 00:00:00-04:00,0.10825668958124657,0.10848588280900046,0.10115161072335671,0.10145781189203262,686460000,0.0,0.0,NVDA,1d
2004-10-25 00:00:00-04:00,0.10061713578763269,0.10413116821478281,0.1003879357042572,0.10191621631383896,529164000,0.0,0.0,NVDA,1d
2004-10-26 00:00:00-04:00,0.11192384970999893,0.11604937638554012,0.10825670957462256,0.1107017770409584,2455776000,0.0,0.0,NVDA,1d
2004-10-27 00:00:00-04:00,0.10871513165945398,0.115820213706155,0.10871513165945398,0.11375744640827179,1074036000,0.0,0.0,NVDA,1d
2004-10-28 00:00:00-04:00,0.11223001949776103,0.11459807137091776,0.11146541833192292,0.11253530532121658,561552000,0.0,0.0,NVDA,1d
2004-10-29 00:00:00-04:00,0.11146543179758729,0.1129937121859482,0.10955576607759682,0.11054864525794983,742860000,0.0,0.0,NVDA,1d
2004-11-01 00:00:00-05:00,0.11207694526901567,0.11299373196916637,0.11062567939533091,0.11291763931512833,653892000,0.0,0.0,NVDA,1d
2004-11-02 00:00:00-05:00,0.11261140679947525,0.11689003979541568,0.11169462029856826,0.11452198773622513,1095756000,0.0,0.0,NVDA,1d
2004-11-03 00:00:00-05:00,0.11918202254702927,0.11956433006539652,0.11498039666355495,0.11559098213911057,910356000,0.0,0.0,NVDA,1d
2004-11-04 00:00:00-05:00,0.11643169325712745,0.11918204004077461,0.11398662559490906,0.1177307739853859,995544000,0.0,0.0,NVDA,1d
2004-11-05 00:00:00-05:00,0.1359893808750658,0.14340066530948561,0.13323903571878423,0.1347673088312149,3849012000,0.0,0.0,NVDA,1d
2004-11-08 00:00:00-05:00,0.1333160909043375,0.13805219552193576,0.132704590186413,0.1362186223268509,718620000,0.0,0.0,NVDA,1d
2004-11-09 00:00:00-05:00,0.13415588062763867,0.13736462747995118,0.1340797879680903,0.1353788822889328,615936000,0.0,0.0,NVDA,1d
2004-11-10 00:00:00-05:00,0.13522576801097622,0.13667704765091546,0.13461428084148885,0.1353788822889328,645912000,0.0,0.0,NVDA,1d
2004-11-11 00:00:00-05:00,0.13621862211831479,0.13805219531059265,0.13530183552217584,0.13805219531059265,507000000,0.0,0.0,NVDA,1d
2004-11-12 00:00:00-05:00,0.14019198633426522,0.14057336490412847,0.13690623174507696,0.13828140497207642,647076000,0.0,0.0,NVDA,1d
2004-11-15 00:00:00-05:00,0.13690620371950823,0.14133793736751854,0.13606642513844733,0.14034414291381836,536472000,0.0,0.0,NVDA,1d
2004-11-16 00:00:00-05:00,0.1408025248914651,0.14233079821556194,0.13728847984914716,0.13988573849201202,472728000,0.0,0.0,NVDA,1d
2004-11-17 00:00:00-05:00,0.14210165429236365,0.14599799442546735,0.14072648104703958,0.1422547549009323,602772000,0.0,0.0,NVDA,1d
2004-11-18 00:00:00-05:00,0.14347681225088285,0.145310385490062,0.1404972591525061,0.14408831298351288,532524000,0.0,0.0,NVDA,1d
2004-11-19 00:00:00-05:00,0.15508973942730014,0.15684630488388931,0.14370601876960842,0.14485201239585876,2126052000,0.0,0.0,NVDA,1d
2004-11-22 00:00:00-05:00,0.1453865215431787,0.14897756278514862,0.14401134803380916,0.14897756278514862,733788000,0.0,0.0,NVDA,1d
2004-11-23 00:00:00-05:00,0.14775544381899003,0.15119339701162987,0.14653245603129042,0.14958901703357697,676896000,0.0,0.0,NVDA,1d
2004-11-24 00:00:00-05:00,0.14943592097441,0.15264466736665064,0.14905361347492366,0.15019960701465607,428580000,0.0,0.0,NVDA,1d
2004-11-26 00:00:00-05:00,0.15088722063490467,0.1531030882411075,0.14958905516748117,0.15172791481018066,350760000,0.0,0.0,NVDA,1d
2004-11-29 00:00:00-05:00,0.15287385623048286,0.1539437434297684,0.14744924288513964,0.14874832332134247,704388000,0.0,0.0,NVDA,1d
2004-11-30 00:00:00-05:00,0.14935985754997338,0.14951204287702674,0.1453104163789537,0.1461511105298996,576540000,0.0,0.0,NVDA,1d
2004-12-01 00:00:00-05:00,0.1474492588038177,0.14981822669506073,0.1463802867866682,0.14981822669506073,514572000,0.0,0.0,NVDA,1d
2004-12-02 00:00:00-05:00,0.14836604533380313,0.15294996520616597,0.14722006536571242,0.15180398523807526,758652000,0.0,0.0,NVDA,1d
2004-12-03 00:00:00-05:00,0.15547108780293398,0.1604373142271624,0.15493660873077877,0.15837454795837402,1347312000,0.0,0.0,NVDA,1d
2004-12-06 00:00:00-05:00,0.15913823393573032,0.16723711373308717,0.15631178171686227,0.16593801975250244,970500000,0.0,0.0,NVDA,1d
2004-12-07 00:00:00-05:00,0.1756403490057286,0.19069121343839426,0.17220240980536794,0.17426517605781555,2927052000,0.0,0.0,NVDA,1d
2004-12-08 00:00:00-05:00,0.17671028112312545,0.17953672015957814,0.1749528004122293,0.17632797360420227,872724000,0.0,0.0,NVDA,1d
2004-12-09 00:00:00-05:00,0.17319628240918447,0.17655721518958564,0.16983443433091733,0.17472365498542786,869964000,0.0,0.0,NVDA,1d
2004-12-10 00:00:00-05:00,0.17877304105110517,0.17999512734925835,0.17701557393284148,0.17808546125888824,652848000,0.0,0.0,NVDA,1d
2004-12-13 00:00:00-05:00,0.17541116307973742,0.1777031226418772,0.17235551754232917,0.1731962114572525,738024000,0.0,0.0,NVDA,1d
2004-12-14 00:00:00-05:00,0.17334838780458786,0.1768633485673949,0.17304310195418035,0.17671024799346924,512988000,0.0,0.0,NVDA,1d
2004-12-15 00:00:00-05:00,0.17846774171513877,0.17884913392264612,0.1757173954307121,0.17831464111804962,432768000,0.0,0.0,NVDA,1d
2004-12-16 00:00:00-05:00,0.1835100870409969,0.18992758081442265,0.18037743281464816,0.1806827187538147,1524036000,0.0,0.0,NVDA,1d
2004-12-17 00:00:00-05:00,0.18404453142209434,0.18480821743547116,0.17411300670267796,0.1761757731437683,1214244000,0.0,0.0,NVDA,1d
2004-12-20 00:00:00-05:00,0.1782385232847064,0.18098888284168857,0.17334838953882148,0.17426517605781555,898728000,0.0,0.0,NVDA,1d
2004-12-21 00:00:00-05:00,0.1742651937510492,0.17678636034954717,0.16998747553383073,0.17556427419185638,899400000,0.0,0.0,NVDA,1d
2004-12-22 00:00:00-05:00,0.1790783835817804,0.1799190778453861,0.17541123583246282,0.17579354345798492,421824000,0.0,0.0,NVDA,1d
2004-12-23 00:00:00-05:00,0.17480062237036512,0.17823856232372676,0.17395992830623871,0.17625188827514648,366972000,0.0,0.0,NVDA,1d
2004-12-27 00:00:00-05:00,0.1786969903439822,0.17946067663210388,0.17380686805276788,0.17472365498542786,308208000,0.0,0.0,NVDA,1d
2004-12-28 00:00:00-05:00,0.17510586682297288,0.17648103974642398,0.17311919324486696,0.1738067865371704,291612000,0.0,0.0,NVDA,1d
2004-12-29 00:00:00-05:00,0.1732723277134187,0.17747395360450532,0.17281394120298327,0.175335094332695,294732000,0.0,0.0,NVDA,1d
2004-12-30 00:00:00-05:00,0.17541118245017054,0.1768633772163986,0.17388382399212596,0.1746475100517273,259812000,0.0,0.0,NVDA,1d
2004-12-31 00:00:00-05:00,0.1771686815531674,0.18091190756541892,0.1764810880725789,0.17999513447284698,575964000,0.0,0.0,NVDA,1d
2005-01-03 00:00:00-05:00,0.18626046729332218,0.18885771362064482,0.17938457256565668,0.18014825880527496,1066716000,0.0,0.0,NVDA,1d
2005-01-04 00:00:00-05:00,0.181447350902685,0.18175263689349302,0.16891764717550325,0.17166800796985626,790224000,0.0,0.0,NVDA,1d
2005-01-05 00:00:00-05:00,0.16983434298269628,0.17533504795884852,0.1689175565431451,0.1732722818851471,724812000,0.0,0.0,NVDA,1d
2005-01-06 00:00:00-05:00,0.17632804449851955,0.1783908119464129,0.1703689491632885,0.17159193754196167,563568000,0.0,0.0,NVDA,1d
2005-01-07 00:00:00-05:00,0.17197321486512618,0.17327229516100057,0.16578491616988403,0.16830608248710632,763092000,0.0,0.0,NVDA,1d
2005-01-10 00:00:00-05:00,0.1688414872620606,0.17036885922802222,0.16769550746941764,0.16868838667869568,579552000,0.0,0.0,NVDA,1d
2005-01-11 00:00:00-05:00,0.16708404827477608,0.16800083506884503,0.16097185398367395,0.16349300742149353,1093380000,0.0,0.0,NVDA,1d
2005-01-12 00:00:00-05:00,0.1649451481407359,0.16555573354172276,0.15814536201254265,0.16211779415607452,1057800000,0.0,0.0,NVDA,1d
2005-01-13 00:00:00-05:00,0.16250008631367158,0.16807688464931703,0.15890904638084213,0.16379916667938232,898764000,0.0,0.0,NVDA,1d
2005-01-14 00:00:00-05:00,0.16685489995441377,0.16723720762321664,0.16272936509996386,0.1643337458372116,573912000,0.0,0.0,NVDA,1d
2005-01-18 00:00:00-05:00,0.16250009513262237,0.1673132214137074,0.1621178013052432,0.1669309139251709,464556000,0.0,0.0,NVDA,1d
2005-01-19 00:00:00-05:00,0.16769548608323892,0.1680768645467637,0.1624239742448936,0.16311156749725342,336492000,0.0,0.0,NVDA,1d
2005-01-20 00:00:00-05:00,0.15982587390637779,0.1674663558405574,0.15982587390637779,0.16349300742149353,640080000,0.0,0.0,NVDA,1d
2005-01-21 00:00:00-05:00,0.16372215873956014,0.16700791280557986,0.16318767964826986,0.16379916667938232,596352000,0.0,0.0,NVDA,1d
2005-01-24 00:00:00-05:00,0.16288244041558886,0.1652504933030232,0.15631183203868487,0.15722861886024475,463704000,0.0,0.0,NVDA,1d
2005-01-25 00:00:00-05:00,0.15791610109769727,0.1621947325746844,0.15699931492225777,0.15997886657714844,439704000,0.0,0.0,NVDA,1d
2005-01-26 00:00:00-05:00,0.16051343625176506,0.16425759097929457,0.1578400977818117,0.16204172372817993,429120000,0.0,0.0,NVDA,1d
2005-01-27 00:00:00-05:00,0.16234704054350935,0.175793530280404,0.16135416100688302,0.17502984404563904,1002912000,0.0,0.0,NVDA,1d
2005-01-28 00:00:00-05:00,0.17571737622901712,0.17640495589440883,0.1709803429069311,0.1748005896806717,671052000,0.0,0.0,NVDA,1d
2005-01-31 00:00:00-05:00,0.17625187949976928,0.17839073875319525,0.17266083911621094,0.17510589957237244,562968000,0.0,0.0,NVDA,1d
2005-02-01 00:00:00-05:00,0.17495274306011763,0.1791552828696621,0.17388377142382744,0.17839068174362183,507180000,0.0,0.0,NVDA,1d
2005-02-02 00:00:00-05:00,0.1854197243528459,0.18977445061596215,0.18014821145625926,0.18832318484783173,2035404000,0.0,0.0,NVDA,1d
2005-02-03 00:00:00-05:00,0.18633651733398438,0.18763559784936149,0.1837392579396704,0.18633651733398438,690120000,0.0,0.0,NVDA,1d
2005-02-04 00:00:00-05:00,0.18641261117587185,0.19756712450101574,0.18633651852429,0.1970326453447342,806448000,0.0,0.0,NVDA,1d
2005-02-07 00:00:00-05:00,0.19726186357799663,0.2009289970634688,0.1929071365872409,0.19466368854045868,521628000,0.0,0.0,NVDA,1d
2005-02-08 00:00:00-05:00,0.19344160178965344,0.1997059945608708,0.19283011465107144,0.19657425582408905,455772000,0.0,0.0,NVDA,1d
2005-02-09 00:00:00-05:00,0.19710874077009471,0.1977202278841675,0.18870457367719948,0.18969836831092834,783756000,0.0,0.0,NVDA,1d
2005-02-10 00:00:00-05:00,0.19069121486012025,0.19512203325151176,0.19000362155045925,0.19412915408611298,602376000,0.0,0.0,NVDA,1d
2005-02-11 00:00:00-05:00,0.19290711763702248,0.20123427689898504,0.19221952419928465,0.19978299736976624,556512000,0.0,0.0,NVDA,1d
2005-02-14 00:00:00-05:00,0.19970589461936877,0.20047049564552916,0.1948166912058082,0.1955803632736206,432900000,0.0,0.0,NVDA,1d
2005-02-15 00:00:00-05:00,0.19687953894291918,0.20360231768151013,0.19657423938682483,0.19733792543411255,748500000,0.0,0.0,NVDA,1d
2005-02-16 00:00:00-05:00,0.19672635927137685,0.19955372620879078,0.1931362354990372,0.19665026664733887,466464000,0.0,0.0,NVDA,1d
2005-02-17 00:00:00-05:00,0.19932464845346728,0.19940074112156486,0.19336554063201186,0.19489291310310364,1017408000,0.0,0.0,NVDA,1d
2005-02-18 00:00:00-05:00,0.20986764318676893,0.21620812862611935,0.20406072163603625,0.2159789353609085,3132120000,0.0,0.0,NVDA,1d
2005-02-22 00:00:00-05:00,0.21452771966530298,0.223771668632328,0.21261805299685924,0.21872934699058533,1420800000,0.0,0.0,NVDA,1d
2005-02-23 00:00:00-05:00,0.21521524436192105,0.21788949815020003,0.20811015767358879,0.21162419021129608,1107840000,0.0,0.0,NVDA,1d
2005-02-24 00:00:00-05:00,0.20872170141241148,0.2175072490440092,0.20872170141241148,0.21720196306705475,695496000,0.0,0.0,NVDA,1d
2005-02-25 00:00:00-05:00,0.21750722745177947,0.22147966059377774,0.21513917462303683,0.22033368051052094,525132000,0.0,0.0,NVDA,1d
2005-02-28 00:00:00-05:00,0.21926474642481972,0.22155670698893792,0.21735416453573958,0.22147969901561737,758064000,0.0,0.0,NVDA,1d
2005-03-01 00:00:00-05:00,0.22247343718634371,0.22614057042109104,0.2187292823367641,0.22094514966011047,737148000,0.0,0.0,NVDA,1d
2005-03-02 00:00:00-05:00,0.2185000463165107,0.2197230340205593,0.21315244128988065,0.21445152163505554,947460000,0.0,0.0,NVDA,1d
2005-03-03 00:00:00-05:00,0.21391615613394405,0.215291329305897,0.20841543612381566,0.2115480899810791,761292000,0.0,0.0,NVDA,1d
2005-03-04 00:00:00-05:00,0.212159614686919,0.213993188230534,0.20887385985848173,0.2106313407421112,593124000,0.0,0.0,NVDA,1d
2005-03-07 00:00:00-05:00,0.2115480766173943,0.2172018968707658,0.2100968108857201,0.21277014911174774,511176000,0.0,0.0,NVDA,1d
2005-03-08 00:00:00-05:00,0.21223569134774128,0.21269407786851016,0.20062277744963794,0.20199795067310333,1332384000,0.0,0.0,NVDA,1d
2005-03-09 00:00:00-05:00,0.20069978948730618,0.20444302902854525,0.1961158695416644,0.19672644138336182,910140000,0.0,0.0,NVDA,1d
2005-03-10 00:00:00-05:00,0.19733785981665294,0.19909533987001696,0.19351761391650005,0.19665026664733887,689280000,0.0,0.0,NVDA,1d
2005-03-11 00:00:00-05:00,0.19840784095700056,0.19871312689545564,0.19046205958852022,0.192219540476799,732180000,0.0,0.0,NVDA,1d
2005-03-14 00:00:00-05:00,0.1961919693655307,0.19848392942209062,0.19481679606382665,0.1976432353258133,572148000,0.0,0.0,NVDA,1d
2005-03-15 00:00:00-05:00,0.19863696196376815,0.20054662747761334,0.19351763544077405,0.19367074966430664,378108000,0.0,0.0,NVDA,1d
2005-03-16 00:00:00-05:00,0.19290708924950073,0.19596273480223836,0.19030891484953244,0.19038592278957367,535356000,0.0,0.0,NVDA,1d
2005-03-17 00:00:00-05:00,0.1909965234067881,0.19168411679813713,0.18801697025915257,0.1884753704071045,442584000,0.0,0.0,NVDA,1d
2005-03-18 00:00:00-05:00,0.1886285169831684,0.18924000421381015,0.181218143111348,0.1846560835838318,639012000,0.0,0.0,NVDA,1d
2005-03-21 00:00:00-05:00,0.18457902034596219,0.19145489923192055,0.18343304053163578,0.19099651277065277,654456000,0.0,0.0,NVDA,1d
2005-03-22 00:00:00-05:00,0.19114961655395532,0.1929070971063627,0.18687098310009417,0.18755857646465302,622992000,0.0,0.0,NVDA,1d
2005-03-23 00:00:00-05:00,0.18732942208474274,0.1929071371178102,0.18694802981872305,0.19160805642604828,728784000,0.0,0.0,NVDA,1d
2005-03-24 00:00:00-05:00,0.19214247138378357,0.19733789077650782,0.19183718554246315,0.19199028611183167,865356000,0.0,0.0,NVDA,1d
2005-03-28 00:00:00-05:00,0.1920664361736632,0.19481679644359223,0.1880169952580763,0.1898505687713623,511188000,0.0,0.0,NVDA,1d
2005-03-29 00:00:00-05:00,0.18962139624924326,0.19176117122698957,0.18480826866541916,0.18564896285533905,587400000,0.0,0.0,NVDA,1d
2005-03-30 00:00:00-05:00,0.18572505552239332,0.18832323075920723,0.17930756118473523,0.18564896285533905,858708000,0.0,0.0,NVDA,1d
2005-03-31 00:00:00-05:00,0.18457901327153428,0.18587809362233212,0.1806826738554668,0.1815233677625656,518316000,0.0,0.0,NVDA,1d
2005-04-01 00:00:00-05:00,0.18373924253428586,0.18480821441155215,0.17869692313177454,0.17976589500904083,510756000,0.0,0.0,NVDA,1d
2005-04-04 00:00:00-04:00,0.1787730677788114,0.17930756070349882,0.17472364009209165,0.17869697511196136,421428000,0.0,0.0,NVDA,1d
2005-04-05 00:00:00-04:00,0.1787730205035432,0.18251625959857457,0.1744943869887788,0.17556427419185638,430128000,0.0,0.0,NVDA,1d
2005-04-06 00:00:00-04:00,0.17884909641179927,0.18182863531815605,0.17762701046183088,0.17823851108551025,567468000,0.0,0.0,NVDA,1d
2005-04-07 00:00:00-04:00,0.17915531558030193,0.1833569408596746,0.17609875477385079,0.1815233677625656,506352000,0.0,0.0,NVDA,1d
2005-04-08 00:00:00-04:00,0.1822870429939251,0.1863364827518723,0.17877299758708004,0.17915530502796173,621540000,0.0,0.0,NVDA,1d
2005-04-11 00:00:00-04:00,0.18045351623749717,0.18106501704339695,0.17510591013262594,0.17564038932323456,328380000,0.0,0.0,NVDA,1d
2005-04-12 00:00:00-04:00,0.17510595761596753,0.1780855118793164,0.17120961637457577,0.17778022587299347,512232000,0.0,0.0,NVDA,1d
2005-04-13 00:00:00-04:00,0.17800934543345953,0.1784677319019399,0.16922287163881655,0.17036886513233185,498408000,0.0,0.0,NVDA,1d
2005-04-14 00:00:00-04:00,0.17075122247836722,0.17235558937606463,0.16838316928711494,0.16899374127388,352080000,0.0,0.0,NVDA,1d
2005-04-15 00:00:00-04:00,0.1668547922670391,0.1680768645467637,0.16158328042869377,0.16311156749725342,630156000,0.0,0.0,NVDA,1d
2005-04-18 00:00:00-04:00,0.16211786845856427,0.16563281739580302,0.1612010814699747,0.16196568310260773,473100000,0.0,0.0,NVDA,1d
2005-04-19 00:00:00-04:00,0.1646389745768811,0.16884151594933017,0.16387528846414506,0.167618528008461,365460000,0.0,0.0,NVDA,1d
2005-04-20 00:00:00-04:00,0.17044587843983391,0.17151485036273412,0.1623469977541746,0.16250009834766388,564672000,0.0,0.0,NVDA,1d
2005-04-21 00:00:00-04:00,0.16578491190912223,0.17212631101530793,0.164333646374069,0.1715148240327835,538152000,0.0,0.0,NVDA,1d
2005-04-22 00:00:00-04:00,0.17044589866597237,0.1715918786703865,0.16792473172733385,0.1699104905128479,336276000,0.0,0.0,NVDA,1d
2005-04-25 00:00:00-04:00,0.17136266975781952,0.1738838228051395,0.17052197575579825,0.17258474230766296,318168000,0.0,0.0,NVDA,1d
2005-04-26 00:00:00-04:00,0.17266082153446521,0.17625186155235434,0.1683060955215595,0.17182104289531708,353148000,0.0,0.0,NVDA,1d
2005-04-27 00:00:00-04:00,0.16731318659569563,0.16792467353274285,0.16181246808740038,0.16525042057037354,609348000,0.0,0.0,NVDA,1d
2005-04-28 00:00:00-04:00,0.1647159829879144,0.16800082234971792,0.16311161646562833,0.16578495502471924,372948000,0.0,0.0,NVDA,1d
2005-04-29 00:00:00-04:00,0.16738934206333225,0.16868842271687254,0.15982586835158413,0.1675424426794052,478356000,0.0,0.0,NVDA,1d
2005-05-02 00:00:00-04:00,0.16952908845875303,0.17143875432287822,0.16440976099674756,0.1669309139251709,334908000,0.0,0.0,NVDA,1d
2005-05-03 00:00:00-04:00,0.16708403712913603,0.170139683252571,0.1653265699812264,0.1660141497850418,439512000,0.0,0.0,NVDA,1d
2005-05-04 00:00:00-04:00,0.16677870360851638,0.17250861563870973,0.16624330927100842,0.17128561437129974,468816000,0.0,0.0,NVDA,1d
2005-05-05 00:00:00-04:00,0.17227944392476452,0.17678636926823982,0.1713626709275958,0.1746475100517273,619272000,0.0,0.0,NVDA,1d
2005-05-06 00:00:00-04:00,0.1767103017442247,0.17709259564660096,0.17266086068710712,0.17701558768749237,355728000,0.0,0.0,NVDA,1d
2005-05-09 00:00:00-04:00,0.1777801997619234,0.1815234261402572,0.1767103122889007,0.18030135333538055,745332000,0.0,0.0,NVDA,1d
2005-05-10 00:00:00-04:00,0.1780093146450936,0.17808540727750205,0.17128560844385413,0.1732722818851471,735120000,0.0,0.0,NVDA,1d
2005-05-11 00:00:00-04:00,0.1741890984523171,0.17495278446176424,0.17006356559136507,0.17036886513233185,555420000,0.0,0.0,NVDA,1d
2005-05-12 00:00:00-04:00,0.17036889389549198,0.17640499525369122,0.17021669491750044,0.17411303520202637,835584000,0.0,0.0,NVDA,1d
2005-05-13 00:00:00-04:00,0.18985053727826703,0.1945875572296725,0.18182866473420767,0.19351767003536224,2650320000,0.0,0.0,NVDA,1d
2005-05-16 00:00:00-04:00,0.1912257160787592,0.19550434968654004,0.19114962343037706,0.19420526921749115,664104000,0.0,0.0,NVDA,1d
2005-05-17 00:00:00-04:00,0.19305927714170687,0.1972618178355111,0.19290709185456048,0.1963450312614441,639804000,0.0,0.0,NVDA,1d
2005-05-18 00:00:00-04:00,0.19588666265023827,0.1982547151141298,0.19382389608595896,0.1977963149547577,550056000,0.0,0.0,NVDA,1d
2005-05-19 00:00:00-04:00,0.19825467479696296,0.19909536863307997,0.1951990295459898,0.19741398096084595,452880000,0.0,0.0,NVDA,1d
2005-05-20 00:00:00-04:00,0.1971848594564271,0.2010050936364004,0.19489289927575867,0.20092900097370148,517008000,0.0,0.0,NVDA,1d
2005-05-23 00:00:00-04:00,0.20230414259870774,0.20765174794100177,0.20169264188000896,0.20558898150920868,703668000,0.0,0.0,NVDA,1d
2005-05-24 00:00:00-04:00,0.204596088693599,0.2092561003624679,0.20360229421766562,0.2084924280643463,522192000,0.0,0.0,NVDA,1d
2005-05-25 00:00:00-04:00,0.20803399812175385,0.20910296978743895,0.20383145819664672,0.20581813156604767,535272000,0.0,0.0,NVDA,1d
2005-05-26 00:00:00-04:00,0.20765177115357453,0.21322857035366347,0.20726946362652562,0.21162419021129608,788784000,0.0,0.0,NVDA,1d
2005-05-27 00:00:00-04:00,0.21223568065967988,0.21223568065967988,0.20803405488546695,0.21024900674819946,322740000,0.0,0.0,NVDA,1d
2005-05-31 00:00:00-04:00,0.20933227026610138,0.21108975134998648,0.20360236936586254,0.20704030990600586,763176000,0.0,0.0,NVDA,1d
2005-06-01 00:00:00-04:00,0.2056650928801206,0.21277016575994523,0.20322094770017168,0.20895084738731384,796632000,0.0,0.0,NVDA,1d
2005-06-02 00:00:00-04:00,0.20818623193531044,0.21674349904060364,0.20818623193531044,0.21674349904060364,684348000,0.0,0.0,NVDA,1d
2005-06-03 00:00:00-04:00,0.21597892196907023,0.21796558223809165,0.21391615538775705,0.21620811522006989,559620000,0.0,0.0,NVDA,1d
2005-06-06 00:00:00-04:00,0.21231178892922103,0.21651433031019227,0.2121596036171905,0.21414536237716675,512892000,0.0,0.0,NVDA,1d
2005-06-07 00:00:00-04:00,0.21269407310739918,0.21620811923338898,0.20818624601023147,0.20895084738731384,974136000,0.0,0.0,NVDA,1d
2005-06-08 00:00:00-04:00,0.2094853901379061,0.21238885166845883,0.20528377663194813,0.2074987292289734,618720000,0.0,0.0,NVDA,1d
2005-06-09 00:00:00-04:00,0.20589428231350396,0.21628512316880238,0.2056650890625043,0.21620811522006989,619908000,0.0,0.0,NVDA,1d
2005-06-10 00:00:00-04:00,0.21597890270122552,0.21620809593177845,0.2123117563677508,0.21376393735408783,465096000,0.0,0.0,NVDA,1d
2005-06-13 00:00:00-04:00,0.21391617259232287,0.22453620755275502,0.21330558707779088,0.21850009262561798,1409916000,0.0,0.0,NVDA,1d
2005-06-14 00:00:00-04:00,0.21857706715750894,0.22216719194801438,0.19871308884951255,0.20558898150920868,2408412000,0.0,0.0,NVDA,1d
2005-06-15 00:00:00-04:00,0.20428991888940434,0.2058942990995191,0.19687955963518608,0.20497751235961914,1669788000,0.0,0.0,NVDA,1d
2005-06-16 00:00:00-04:00,0.2049014356346452,0.20742258911953598,0.2019218819135813,0.2060474157333374,489240000,0.0,0.0,NVDA,1d
2005-06-17 00:00:00-04:00,0.20856853453970509,0.20895082836286014,0.20505448873366044,0.20558898150920868,456348000,0.0,0.0,NVDA,1d
2005-06-20 00:00:00-04:00,0.20558902810012158,0.21009685580843399,0.20222718048460286,0.20872168242931366,606060000,0.0,0.0,NVDA,1d
2005-06-21 00:00:00-04:00,0.21009687027191737,0.21170125070897336,0.20811019589875238,0.21070745587348938,428172000,0.0,0.0,NVDA,1d
2005-06-22 00:00:00-04:00,0.21292330574493254,0.21437457176547384,0.20788098521444037,0.21047823131084442,700668000,0.0,0.0,NVDA,1d
2005-06-23 00:00:00-04:00,0.21009680468177006,0.21636119651798616,0.20933220338709183,0.21376393735408783,836976000,0.0,0.0,NVDA,1d
2005-06-24 00:00:00-04:00,0.2133816731876286,0.21345776584254722,0.20581819990030603,0.2069641798734665,475632000,0.0,0.0,NVDA,1d
2005-06-27 00:00:00-04:00,0.20566506502736595,0.2073464391977596,0.2034501134026369,0.20528368651866913,354588000,0.0,0.0,NVDA,1d
2005-06-28 00:00:00-04:00,0.20612344578262948,0.2079570188480181,0.20383148628147185,0.20658184587955475,262308000,0.0,0.0,NVDA,1d
2005-06-29 00:00:00-04:00,0.20665886128164943,0.20704023979358785,0.20299171501841543,0.2046721875667572,283572000,0.0,0.0,NVDA,1d
2005-06-30 00:00:00-04:00,0.20604736361851572,0.20795702942113636,0.20253333154797673,0.20413769781589508,593232000,0.0,0.0,NVDA,1d
2005-07-01 00:00:00-04:00,0.2034501402173913,0.20535980622735872,0.20092897343526778,0.20505450665950775,315168000,0.0,0.0,NVDA,1d
2005-07-05 00:00:00-04:00,0.20581820252140562,0.20910304187523782,0.2038315284671033,0.20826326310634613,388440000,0.0,0.0,NVDA,1d
2005-07-06 00:00:00-04:00,0.20895078981054313,0.21475678055038,0.20658182263829755,0.21384000778198242,703632000,0.0,0.0,NVDA,1d
2005-07-07 00:00:00-04:00,0.21047821594147031,0.21391616957917511,0.20979063614285662,0.212311789393425,465900000,0.0,0.0,NVDA,1d
2005-07-08 00:00:00-04:00,0.21361086917513786,0.2156736358853739,0.21086052266892916,0.21498605608940125,408132000,0.0,0.0,NVDA,1d
2005-07-11 00:00:00-04:00,0.2168956885949383,0.22041064984993572,0.21597891561789875,0.21819478273391724,399492000,0.0,0.0,NVDA,1d
2005-07-12 00:00:00-04:00,0.2180416969186758,0.21865319774348124,0.21254099003313934,0.2169727385044098,564252000,0.0,0.0,NVDA,1d
2005-07-13 00:00:00-04:00,0.21788950574098834,0.21850009125168096,0.2136108716612838,0.21727801859378815,594780000,0.0,0.0,NVDA,1d
2005-07-14 00:00:00-04:00,0.21956996354583463,0.22384859733226478,0.20734646458943473,0.2076517641544342,1871496000,0.0,0.0,NVDA,1d
2005-07-15 00:00:00-04:00,0.2070402833633473,0.20765178418878993,0.20184577770306655,0.20543591678142548,1223352000,0.0,0.0,NVDA,1d
2005-07-18 00:00:00-04:00,0.2048252989828761,0.20490139162978824,0.1982547057525912,0.20031747221946716,1044900000,0.0,0.0,NVDA,1d
2005-07-19 00:00:00-04:00,0.20153953572926953,0.20352620946061759,0.20001217741270838,0.203067809343338,517896000,0.0,0.0,NVDA,1d
2005-07-20 00:00:00-04:00,0.2006998020104208,0.20696419518041193,0.1979494553358853,0.2061235010623932,526500000,0.0,0.0,NVDA,1d
2005-07-21 00:00:00-04:00,0.20345015862883467,0.204366945390649,0.19840783826943573,0.20260946452617645,594528000,0.0,0.0,NVDA,1d
2005-07-22 00:00:00-04:00,0.20360231768151013,0.2065057782084009,0.19588665965003477,0.19733792543411255,699264000,0.0,0.0,NVDA,1d
2005-07-25 00:00:00-04:00,0.19504598895985992,0.20459613671705035,0.1942052948652092,0.1984839290380478,974952000,0.0,0.0,NVDA,1d
2005-07-26 00:00:00-04:00,0.19764323682593357,0.2029147504604962,0.19687956434128648,0.20260946452617645,759492000,0.0,0.0,NVDA,1d
2005-07-27 00:00:00-04:00,0.202914693812892,0.2076517269155358,0.19947675466172596,0.20673494040966034,807828000,0.0,0.0,NVDA,1d
2005-07-28 00:00:00-04:00,0.2063526596918992,0.20933221280663225,0.2035262208314207,0.20833933353424072,411240000,0.0,0.0,NVDA,1d
2005-07-29 00:00:00-04:00,0.20749862634226923,0.2097144931384666,0.20505446797117602,0.20673494040966034,351660000,0.0,0.0,NVDA,1d
2005-08-01 00:00:00-04:00,0.20795703041814914,0.2107843981111446,0.20658185737317514,0.20986761152744293,389040000,0.0,0.0,NVDA,1d
2005-08-02 00:00:00-04:00,0.21009681811390074,0.21338165717946767,0.20979061692190895,0.21269406378269196,422652000,0.0,0.0,NVDA,1d
2005-08-03 00:00:00-04:00,0.21269406378269196,0.21468073766265117,0.21078441151067645,0.21269406378269196,518256000,0.0,0.0,NVDA,1d
2005-08-04 00:00:00-04:00,0.2110897321590881,0.2120065189520103,0.21001984474496335,0.21047823131084442,356424000,0.0,0.0,NVDA,1d
2005-08-05 00:00:00-04:00,0.21017292765922851,0.21628513508889577,0.20872166176095547,0.21582673490047455,684096000,0.0,0.0,NVDA,1d
2005-08-08 00:00:00-04:00,0.21727805770404468,0.2213274992446608,0.21506218995972576,0.21659046411514282,725544000,0.0,0.0,NVDA,1d
2005-08-09 00:00:00-04:00,0.21689570967414323,0.21743111782232288,0.21368696295918652,0.2160559445619583,291900000,0.0,0.0,NVDA,1d
2005-08-10 00:00:00-04:00,0.21697272136874352,0.21804167969858734,0.21063132088506512,0.21284718811511993,440556000,0.0,0.0,NVDA,1d
2005-08-11 00:00:00-04:00,0.2128471951509518,0.21620812713591916,0.21078442845595363,0.21582673490047455,701556000,0.0,0.0,NVDA,1d
2005-08-12 00:00:00-04:00,0.22850861687016463,0.23080057678747745,0.22071595041906927,0.22881391644477844,2295420000,0.0,0.0,NVDA,1d
2005-08-15 00:00:00-04:00,0.229578447325399,0.23698883173760976,0.2266750010025103,0.23462077975273132,882804000,0.0,0.0,NVDA,1d
2005-08-16 00:00:00-04:00,0.23240500019912866,0.23446775345860715,0.22896704622395686,0.2306475192308426,637488000,0.0,0.0,NVDA,1d
2005-08-17 00:00:00-04:00,0.22965462609006287,0.2334748876401483,0.22950153912617213,0.2306475192308426,607572000,0.0,0.0,NVDA,1d
2005-08-18 00:00:00-04:00,0.2288909221832306,0.230036888469648,0.22369550161313745,0.22468838095664978,822732000,0.0,0.0,NVDA,1d
2005-08-19 00:00:00-04:00,0.22507075190411588,0.22575834557262384,0.22239649723169183,0.22308407723903656,422232000,0.0,0.0,NVDA,1d
2005-08-22 00:00:00-04:00,0.2227026395803916,0.2262927650086211,0.21865319864310975,0.22125044465065002,547224000,0.0,0.0,NVDA,1d
2005-08-23 00:00:00-04:00,0.22102120476108555,0.22384857240627354,0.22025753243771698,0.22270259261131287,254460000,0.0,0.0,NVDA,1d
2005-08-24 00:00:00-04:00,0.22125047222840305,0.22759187402941553,0.22018151367649863,0.2228548526763916,514620000,0.0,0.0,NVDA,1d
2005-08-25 00:00:00-04:00,0.22384860678741123,0.22560517225301535,0.22193802541697497,0.22438308596611023,296484000,0.0,0.0,NVDA,1d
2005-08-26 00:00:00-04:00,0.22461229655601686,0.22461229655601686,0.21880629029043733,0.22094514966011047,323436000,0.0,0.0,NVDA,1d
2005-08-29 00:00:00-04:00,0.2188823649018995,0.22155663219734845,0.21712489791600567,0.22132743895053864,343392000,0.0,0.0,NVDA,1d
2005-08-30 00:00:00-04:00,0.2209451322112435,0.22980769916822025,0.22063984631363312,0.2292722910642624,948852000,0.0,0.0,NVDA,1d
2005-08-31 00:00:00-04:00,0.2287378371280649,0.23729417651051735,0.2280502436483154,0.23439164459705353,906804000,0.0,0.0,NVDA,1d
2005-09-01 00:00:00-04:00,0.23370396954870715,0.23660650044911424,0.23248099565516064,0.23446765542030334,556884000,0.0,0.0,NVDA,1d
2005-09-02 00:00:00-04:00,0.23492614003601114,0.23492614003601114,0.2298838330399253,0.2306475192308426,469800000,0.0,0.0,NVDA,1d
2005-09-06 00:00:00-04:00,0.2314881694112207,0.23378012932045517,0.22797413689368162,0.23255805671215057,423096000,0.0,0.0,NVDA,1d
2005-09-07 00:00:00-04:00,0.2322518612550921,0.24057992235371012,0.2316412894152099,0.2399684488773346,588012000,0.0,0.0,NVDA,1d
2005-09-08 00:00:00-04:00,0.2385171675486489,0.24577443962965204,0.2385171675486489,0.24279488623142242,646116000,0.0,0.0,NVDA,1d
2005-09-09 00:00:00-04:00,0.24539298888931224,0.2464619743174747,0.24141964177389943,0.24592746794223785,454236000,0.0,0.0,NVDA,1d
2005-09-12 00:00:00-04:00,0.24615675103269022,0.24692043719127238,0.24218433164581957,0.24508686363697052,556584000,0.0,0.0,NVDA,1d
2005-09-13 00:00:00-04:00,0.24394093896335595,0.25372028247049905,0.24394093896335595,0.25249820947647095,854724000,0.0,0.0,NVDA,1d
2005-09-14 00:00:00-04:00,0.250587618802842,0.253949466773746,0.24829563105264518,0.24944163858890533,503448000,0.0,0.0,NVDA,1d
2005-09-15 00:00:00-04:00,0.2532618771070062,0.2566998178021115,0.2517336029191742,0.25387337803840637,759756000,0.0,0.0,NVDA,1d
2005-09-16 00:00:00-04:00,0.2560121493269149,0.25738733613170806,0.2519627088846834,0.25402548909187317,519828000,0.0,0.0,NVDA,1d
2005-09-19 00:00:00-04:00,0.2537203285683439,0.25456100936750914,0.2490603137786782,0.2504355013370514,428316000,0.0,0.0,NVDA,1d
2005-09-20 00:00:00-04:00,0.2523449600287813,0.2581509785012497,0.2520396878446839,0.25532451272010803,522192000,0.0,0.0,NVDA,1d
2005-09-21 00:00:00-04:00,0.2543317416048086,0.25937404870261477,0.25089380122144234,0.2531087398529053,625656000,0.0,0.0,NVDA,1d
2005-09-22 00:00:00-04:00,0.25372022098263985,0.25372022098263985,0.2418020067233355,0.24630986154079437,739152000,0.0,0.0,NVDA,1d
2005-09-23 00:00:00-04:00,0.24577446451672239,0.2520397731629335,0.2437116839603093,0.2498999983072281,314640000,0.0,0.0,NVDA,1d
2005-09-26 00:00:00-04:00,0.25181053604061693,0.2537202020838613,0.24730270888125047,0.25196272134780884,406776000,0.0,0.0,NVDA,1d
2005-09-27 00:00:00-04:00,0.2530325946446183,0.25524846177487737,0.25089374912247997,0.25280341506004333,404160000,0.0,0.0,NVDA,1d
2005-09-28 00:00:00-04:00,0.25356715231577137,0.2550193611703571,0.250664619846971,0.2543317675590515,353556000,0.0,0.0,NVDA,1d
2005-09-29 00:00:00-04:00,0.2544077528169613,0.2597553578223117,0.25234497285398333,0.2596031725406647,513372000,0.0,0.0,NVDA,1d
2005-09-30 00:00:00-04:00,0.2597554051188031,0.26426323234230287,0.25922092594077023,0.26189517974853516,458832000,0.0,0.0,NVDA,1d
2005-10-03 00:00:00-04:00,0.2649508728678255,0.27098607336546254,0.262811999494518,0.269076406955719,549888000,0.0,0.0,NVDA,1d
2005-10-04 00:00:00-04:00,0.27022230790842944,0.27465311300679474,0.26495079519279874,0.2655622959136963,514476000,0.0,0.0,NVDA,1d
2005-10-05 00:00:00-04:00,0.2658675106988197,0.2658675106988197,0.25517140065005556,0.25677576661109924,599184000,0.0,0.0,NVDA,1d
2005-10-06 00:00:00-04:00,0.25647049069479044,0.26044293615180814,0.24814333332600436,0.25585901737213135,685512000,0.0,0.0,NVDA,1d
2005-10-07 00:00:00-04:00,0.25631738409547056,0.2589155444263381,0.25058748606104236,0.2525741457939148,551952000,0.0,0.0,NVDA,1d
2005-10-10 00:00:00-04:00,0.25387341709949257,0.2543318037982361,0.24608073393154023,0.24615682661533356,459216000,0.0,0.0,NVDA,1d
2005-10-11 00:00:00-04:00,0.2470734336183229,0.2492123059895056,0.240273648433374,0.24310101568698883,540048000,0.0,0.0,NVDA,1d
2005-10-12 00:00:00-04:00,0.242413458367697,0.24974775098452115,0.2421072571973743,0.24600358307361603,657660000,0.0,0.0,NVDA,1d
2005-10-13 00:00:00-04:00,0.2454691246702287,0.2458514185166123,0.23530839248265545,0.2447054386138916,509304000,0.0,0.0,NVDA,1d
2005-10-14 00:00:00-04:00,0.24646201763603634,0.24951856513424497,0.24065599814987532,0.2447054386138916,311256000,0.0,0.0,NVDA,1d
2005-10-17 00:00:00-04:00,0.24485766363615113,0.249518605612138,0.24485766363615113,0.24707353115081787,243912000,0.0,0.0,NVDA,1d
2005-10-18 00:00:00-04:00,0.2479903071866056,0.2484486937124382,0.2414196995890109,0.2430240660905838,299832000,0.0,0.0,NVDA,1d
2005-10-19 00:00:00-04:00,0.23989226587467932,0.24134351756990147,0.23309245387082528,0.2409612238407135,635952000,0.0,0.0,NVDA,1d
2005-10-20 00:00:00-04:00,0.2413436064301358,0.24768500709041819,0.24027371911171871,0.24264270067214966,359520000,0.0,0.0,NVDA,1d
2005-10-21 00:00:00-04:00,0.24676824563722866,0.2475319317765207,0.24233651084543428,0.24401789903640747,298368000,0.0,0.0,NVDA,1d
2005-10-24 00:00:00-04:00,0.2461568225205788,0.2506646513938904,0.2439409544251868,0.2506646513938904,291012000,0.0,0.0,NVDA,1d
2005-10-25 00:00:00-04:00,0.24898315601373414,0.2530325964612442,0.24791419772435835,0.25226891040802,334680000,0.0,0.0,NVDA,1d
2005-10-26 00:00:00-04:00,0.25234505599615187,0.25287956257528715,0.24501078857447925,0.2453930824995041,415344000,0.0,0.0,NVDA,1d
2005-10-27 00:00:00-04:00,0.24585147424651918,0.24661516047596957,0.23951007253958495,0.24027375876903534,227784000,0.0,0.0,NVDA,1d
2005-10-28 00:00:00-04:00,0.24088527126995463,0.2481434465276711,0.23492616320893828,0.24768505990505219,464640000,0.0,0.0,NVDA,1d
2005-10-31 00:00:00-05:00,0.24867784271279553,0.2580748872539705,0.24867784271279553,0.2563174068927765,432420000,0.0,0.0,NVDA,1d
2005-11-01 00:00:00-05:00,0.2563173975145051,0.2582279647168037,0.25119897248779705,0.2531856596469879,400488000,0.0,0.0,NVDA,1d
2005-11-02 00:00:00-05:00,0.25326183486819587,0.26815957539568536,0.2521158548276197,0.2678543031215668,523668000,0.0,0.0,NVDA,1d
2005-11-03 00:00:00-05:00,0.26968784295800924,0.271215187741283,0.26258275666517017,0.2647216022014618,465072000,0.0,0.0,NVDA,1d
2005-11-04 00:00:00-05:00,0.2648746428195157,0.2654852144440405,0.25746335739244075,0.260213702917099,570276000,0.0,0.0,NVDA,1d
2005-11-07 00:00:00-05:00,0.2615888801278165,0.2625056528296458,0.25799875626038893,0.25906771421432495,370824000,0.0,0.0,NVDA,1d
2005-11-08 00:00:00-05:00,0.2600614985996943,0.260290705427579,0.2531086000492564,0.2542545795440674,538968000,0.0,0.0,NVDA,1d
2005-11-09 00:00:00-05:00,0.25479004955403495,0.26739585439142527,0.2518865893186187,0.26571446657180786,818880000,0.0,0.0,NVDA,1d
2005-11-10 00:00:00-05:00,0.2749593073672734,0.28091838538746655,0.2508937064516593,0.25585901737213135,2503620000,0.0,0.0,NVDA,1d
2005-11-11 00:00:00-05:00,0.25807490203793354,0.26311720758109103,0.25692892226347447,0.2600615620613098,545928000,0.0,0.0,NVDA,1d
2005-11-14 00:00:00-05:00,0.26013766894758933,0.2673958691176958,0.25616525031964527,0.2655622959136963,493668000,0.0,0.0,NVDA,1d
2005-11-15 00:00:00-05:00,0.267166710421819,0.2696878774474603,0.265333136887018,0.2661729156970978,496200000,0.0,0.0,NVDA,1d
2005-11-16 00:00:00-05:00,0.2664791384168577,0.26793041817517294,0.26006164418877936,0.2652561366558075,455280000,0.0,0.0,NVDA,1d
2005-11-17 00:00:00-05:00,0.2674720185879769,0.2772513600841772,0.2643393506307559,0.2770221531391144,703260000,0.0,0.0,NVDA,1d
2005-11-18 00:00:00-05:00,0.2779389357915071,0.2802309233536537,0.27106305507203104,0.27648675441741943,465768000,0.0,0.0,NVDA,1d
2005-11-21 00:00:00-05:00,0.27679297988803064,0.28183531471465395,0.27495943339361156,0.2813769280910492,454704000,0.0,0.0,NVDA,1d
2005-11-22 00:00:00-05:00,0.28282818974454954,0.291613737836683,0.2806123219041377,0.2888633906841278,731700000,0.0,0.0,NVDA,1d
2005-11-23 00:00:00-05:00,0.28916948145369326,0.29222512709249315,0.28649522799701566,0.2880235016345978,411948000,0.0,0.0,NVDA,1d
2005-11-25 00:00:00-05:00,0.2893988228703181,0.29130848957771016,0.28741213452375614,0.29085010290145874,116676000,0.0,0.0,NVDA,1d
2005-11-28 00:00:00-05:00,0.2916136381228622,0.29413480475531073,0.2842032798020526,0.2893986999988556,424524000,0.0,0.0,NVDA,1d
2005-11-29 00:00:00-05:00,0.27228498268982987,0.28000156711992447,0.26983993678763624,0.2710629105567932,1043136000,0.0,0.0,NVDA,1d
2005-11-30 00:00:00-05:00,0.2691525811721023,0.2775567388672333,0.26907648848084814,0.27618157863616943,575448000,0.0,0.0,NVDA,1d
2005-12-01 00:00:00-05:00,0.27847331661017394,0.28076527581500593,0.2754937641794306,0.2794661819934845,562032000,0.0,0.0,NVDA,1d
2005-12-02 00:00:00-05:00,0.2807653232383133,0.2814529165803642,0.275799082921303,0.2795432507991791,334476000,0.0,0.0,NVDA,1d
2005-12-05 00:00:00-05:00,0.2801538640247877,0.2801538640247877,0.27343107117604415,0.27434787154197693,387708000,0.0,0.0,NVDA,1d
2005-12-06 00:00:00-05:00,0.2748062667790742,0.27923709983698297,0.2744239728995642,0.275493860244751,375252000,0.0,0.0,NVDA,1d
2005-12-07 00:00:00-05:00,0.27656378044921426,0.27824423984407587,0.2712152447243151,0.2759522795677185,352668000,0.0,0.0,NVDA,1d
2005-12-08 00:00:00-05:00,0.27450085573049215,0.2780910069147474,0.2706045307702037,0.27373626828193665,386664000,0.0,0.0,NVDA,1d
2005-12-09 00:00:00-05:00,0.2745770081618823,0.2780149748430846,0.27075677499544837,0.2776326537132263,262896000,0.0,0.0,NVDA,1d
2005-12-12 00:00:00-05:00,0.2783972197296604,0.2822935448539289,0.2779388060378454,0.2816820442676544,281136000,0.0,0.0,NVDA,1d
2005-12-13 00:00:00-05:00,0.2822165825793711,0.2877943237402697,0.28015382982191145,0.2853492498397827,443412000,0.0,0.0,NVDA,1d
2005-12-14 00:00:00-05:00,0.28321031907795646,0.28458550551599543,0.27931399393325756,0.2826749384403229,287472000,0.0,0.0,NVDA,1d
2005-12-15 00:00:00-05:00,0.2824458091889509,0.28458558369958853,0.2761814305118548,0.2790848910808563,332724000,0.0,0.0,NVDA,1d
2005-12-16 00:00:00-05:00,0.2800777893117095,0.28275204328175946,0.27740353534165957,0.2815290689468384,1065600000,0.0,0.0,NVDA,1d
2005-12-19 00:00:00-05:00,0.2821404209719079,0.2842032005474857,0.27618134372784514,0.27686890959739685,292296000,0.0,0.0,NVDA,1d
2005-12-20 00:00:00-05:00,0.27656374896215574,0.2807653751115798,0.27304878732298865,0.2767159342765808,304356000,0.0,0.0,NVDA,1d
2005-12-21 00:00:00-05:00,0.2780151529332521,0.28030711397402275,0.27366041056238943,0.27618157863616943,289380000,0.0,0.0,NVDA,1d
2005-12-22 00:00:00-05:00,0.2759522057880988,0.2848908648694122,0.2758761131425675,0.284585565328598,318336000,0.0,0.0,NVDA,1d
2005-12-23 00:00:00-05:00,0.2853491948431817,0.28718276767548345,0.2834395293804137,0.28680047392845154,214536000,0.0,0.0,NVDA,1d
2005-12-27 00:00:00-05:00,0.2864952237692919,0.29169064368023795,0.28557845085646966,0.2885579764842987,367968000,0.0,0.0,NVDA,1d
2005-12-28 00:00:00-05:00,0.28855800686269134,0.2921490608930955,0.2867244608440175,0.29123228788375854,264420000,0.0,0.0,NVDA,1d
2005-12-29 00:00:00-05:00,0.2910791660037981,0.2919959663114573,0.28351569324660963,0.284737765789032,310464000,0.0,0.0,NVDA,1d
2005-12-30 00:00:00-05:00,0.2831333424523043,0.28321033672282475,0.2781680316730453,0.2793140113353729,229608000,0.0,0.0,NVDA,1d
2006-01-03 00:00:00-05:00,0.28091846842825474,0.29413484798789186,0.2800016953302415,0.2919960021972656,472812000,0.0,0.0,NVDA,1d
2006-01-04 00:00:00-05:00,0.29421179045656953,0.30062928238318054,0.29115521610904077,0.3001708686351776,510072000,0.0,0.0,NVDA,1d
2006-01-05 00:00:00-05:00,0.30024705765820364,0.3075052594500522,0.299712578422469,0.30696985125541687,646092000,0.0,0.0,NVDA,1d
2006-01-06 00:00:00-05:00,0.31048479351483077,0.31315814580560114,0.29833739983025453,0.3120121657848358,623388000,0.0,0.0,NVDA,1d
2006-01-09 00:00:00-05:00,0.31186001778877614,0.3224030470941063,0.3111724514916532,0.32072168588638306,560484000,0.0,0.0,NVDA,1d
2006-01-10 00:00:00-05:00,0.3191941798494215,0.3207985460758209,0.3151447398219238,0.3207985460758209,339660000,0.0,0.0,NVDA,1d
2006-01-11 00:00:00-05:00,0.32110377612728813,0.334244029944519,0.32056929715367904,0.3324104845523834,626304000,0.0,0.0,NVDA,1d
2006-01-12 00:00:00-05:00,0.3323345483611672,0.33745294786902946,0.325305553655499,0.3276745080947876,495504000,0.0,0.0,NVDA,1d
2006-01-13 00:00:00-05:00,0.3269098923151251,0.32958414613002257,0.3201870994257668,0.32477104663848877,421296000,0.0,0.0,NVDA,1d
2006-01-17 00:00:00-05:00,0.32034009332577706,0.32469483197874827,0.31606144729909535,0.32454171776771545,329232000,0.0,0.0,NVDA,1d
2006-01-18 00:00:00-05:00,0.314686350592901,0.3272921280525258,0.31170679772889076,0.3262222409248352,459948000,0.0,0.0,NVDA,1d
2006-01-19 00:00:00-05:00,0.33057706016044736,0.3488366482273531,0.32996648828731323,0.3443288207054138,914760000,0.0,0.0,NVDA,1d
2006-01-20 00:00:00-05:00,0.3448640930448255,0.34883651082985445,0.3346263693281862,0.3347024619579315,461604000,0.0,0.0,NVDA,1d
2006-01-23 00:00:00-05:00,0.3373007419156596,0.3394395876445047,0.3327168219133629,0.33661314845085144,334884000,0.0,0.0,NVDA,1d
2006-01-24 00:00:00-05:00,0.3373768389199805,0.34532260636965345,0.33646006583663457,0.3382936120033264,388896000,0.0,0.0,NVDA,1d
2006-01-25 00:00:00-05:00,0.3399740172177269,0.34218988406065004,0.3312645657199887,0.335314005613327,400236000,0.0,0.0,NVDA,1d
2006-01-26 00:00:00-05:00,0.340203255452467,0.3470791624080915,0.3380644098387588,0.3467738628387451,448836000,0.0,0.0,NVDA,1d
2006-01-27 00:00:00-05:00,0.3512817492356065,0.35724085685258994,0.3483782880926014,0.35334452986717224,385044000,0.0,0.0,NVDA,1d
2006-01-30 00:00:00-05:00,0.3548719190310679,0.355254213001517,0.34776683039946554,0.3493712246417999,315780000,0.0,0.0,NVDA,1d
2006-01-31 00:00:00-05:00,0.3476145544406055,0.3495242205216332,0.34081476724022197,0.34348902106285095,384456000,0.0,0.0,NVDA,1d
2006-02-01 00:00:00-05:00,0.3373007373436429,0.3450934176353108,0.33600164308837427,0.3437182307243347,450852000,0.0,0.0,NVDA,1d
2006-02-02 00:00:00-05:00,0.3468499393641691,0.3470791462702155,0.3327167885327032,0.3332512676715851,473736000,0.0,0.0,NVDA,1d
2006-02-03 00:00:00-05:00,0.331112408667238,0.34043243267054035,0.33004252147433094,0.3363068997859955,504252000,0.0,0.0,NVDA,1d
2006-02-06 00:00:00-05:00,0.33539006824207585,0.3461622713811872,0.3339387891140292,0.3457808792591095,363468000,0.0,0.0,NVDA,1d
2006-02-07 00:00:00-05:00,0.34646851905963244,0.34646851905963244,0.33332733328622305,0.33348044753074646,399408000,0.0,0.0,NVDA,1d
2006-02-08 00:00:00-05:00,0.33447332745221997,0.3431066870689392,0.33447332745221997,0.3431066870689392,393072000,0.0,0.0,NVDA,1d
2006-02-09 00:00:00-05:00,0.34417662775297314,0.3495242339674601,0.33516097290904007,0.33730074763298035,437100000,0.0,0.0,NVDA,1d
2006-02-10 00:00:00-05:00,0.338522700500391,0.3400509738650074,0.32752129073757924,0.3353900611400604,414996000,0.0,0.0,NVDA,1d
2006-02-13 00:00:00-05:00,0.33432117364001734,0.3389050934392566,0.3320292137403977,0.33653613924980164,280740000,0.0,0.0,NVDA,1d
2006-02-14 00:00:00-05:00,0.3365361200744069,0.3383696660317758,0.3327167882169729,0.33714759349823,342348000,0.0,0.0,NVDA,1d
2006-02-15 00:00:00-05:00,0.3364599523761637,0.3445579024104982,0.33561924491172046,0.34364110231399536,493296000,0.0,0.0,NVDA,1d
2006-02-16 00:00:00-05:00,0.35005872551179024,0.3613663681167374,0.3476906727302685,0.3606017529964447,1305888000,0.0,0.0,NVDA,1d
2006-02-17 00:00:00-05:00,0.38711242237027677,0.3874947162558146,0.36060174031095393,0.36266452074050903,2356956000,0.0,0.0,NVDA,1d
2006-02-21 00:00:00-05:00,0.36190082100322435,0.3625123217987235,0.3518161808120826,0.35494884848594666,684060000,0.0,0.0,NVDA,1d
2006-02-22 00:00:00-05:00,0.34990653126457955,0.3571638037043159,0.3415023771571398,0.3543373644351959,939756000,0.0,0.0,NVDA,1d
2006-02-23 00:00:00-05:00,0.35326742599183514,0.3556364073293229,0.34791982049829817,0.34891268610954285,385128000,0.0,0.0,NVDA,1d
2006-02-24 00:00:00-05:00,0.3504410244230924,0.35464265049823956,0.3470030844607456,0.34883663058280945,416412000,0.0,0.0,NVDA,1d
2006-02-27 00:00:00-05:00,0.3515109099839589,0.3651856754720961,0.3478437631136681,0.3629707098007202,666468000,0.0,0.0,NVDA,1d
2006-02-28 00:00:00-05:00,0.36136628277367483,0.3644219283342586,0.35655315672775084,0.3600671887397766,563316000,0.0,0.0,NVDA,1d
2006-03-01 00:00:00-05:00,0.3613663092110846,0.37588175373122823,0.3590743494638826,0.3737429082393646,703932000,0.0,0.0,NVDA,1d
2006-03-02 00:00:00-05:00,0.3733606422659302,0.3795489563559079,0.3694643155842431,0.3742774426937103,545460000,0.0,0.0,NVDA,1d
2006-03-03 00:00:00-05:00,0.37083957744711415,0.38207020052952567,0.3701519838180155,0.37557658553123474,595800000,0.0,0.0,NVDA,1d
2006-03-06 00:00:00-05:00,0.3829107689221725,0.3854319357158588,0.3729783143749822,0.37481188774108887,529020000,0.0,0.0,NVDA,1d
2006-03-07 00:00:00-05:00,0.3748889802135745,0.3777915124554474,0.36098410405895254,0.3683944642543793,606204000,0.0,0.0,NVDA,1d
2006-03-08 00:00:00-05:00,0.36847135180361273,0.3703810174884259,0.35342050097044775,0.36656075716018677,670800000,0.0,0.0,NVDA,1d
2006-03-09 00:00:00-05:00,0.3709925232996246,0.3771808362850116,0.3682421771518496,0.3684713840484619,536700000,0.0,0.0,NVDA,1d
2006-03-10 00:00:00-05:00,0.3680891028264756,0.3727491426539501,0.3587681761796843,0.36205393075942993,521580000,0.0,0.0,NVDA,1d
2006-03-13 00:00:00-05:00,0.3657210229136835,0.36816516796493187,0.36297067667314276,0.3664086163043976,372132000,0.0,0.0,NVDA,1d
2006-03-14 00:00:00-05:00,0.3667139567894898,0.37809766418243684,0.36533876985456487,0.37656939029693604,627792000,0.0,0.0,NVDA,1d
2006-03-15 00:00:00-05:00,0.3773330853863255,0.38314000716514124,0.37588180575988756,0.38260459899902344,510600000,0.0,0.0,NVDA,1d
2006-03-16 00:00:00-05:00,0.3832921677629494,0.38375055428181254,0.3683183083285846,0.36961740255355835,568416000,0.0,0.0,NVDA,1d
2006-03-17 00:00:00-05:00,0.3678599153225271,0.37358981501306304,0.36235919522622245,0.37259694933891296,618588000,0.0,0.0,NVDA,1d
2006-03-20 00:00:00-05:00,0.3758818272159198,0.37595791987910376,0.36938824054149055,0.3697696328163147,293772000,0.0,0.0,NVDA,1d
2006-03-21 00:00:00-05:00,0.38802915811538696,0.3949811575472601,0.3778684531872956,0.38802915811538696,1235472000,0.0,0.0,NVDA,1d
2006-03-22 00:00:00-05:00,0.37817369241710697,0.3800072655772159,0.3683943532326161,0.3768746256828308,1158576000,0.0,0.0,NVDA,1d
2006-03-23 00:00:00-05:00,0.37817372311327097,0.38543192369878104,0.3738951030618136,0.3839036226272583,661992000,0.0,0.0,NVDA,1d
2006-03-24 00:00:00-05:00,0.3848964484952174,0.39757924682402573,0.38428587680450776,0.39689165353775024,687936000,0.0,0.0,NVDA,1d
2006-03-27 00:00:00-05:00,0.3971969914121786,0.40789310355235114,0.39589789735112096,0.4075869023799896,651444000,0.0,0.0,NVDA,1d
2006-03-28 00:00:00-05:00,0.4057534220677745,0.4192760033576181,0.4049136432342378,0.4138523042201996,795204000,0.0,0.0,NVDA,1d
2006-03-29 00:00:00-05:00,0.41560884716028396,0.4368480162371471,0.41217090700703035,0.4360843300819397,987096000,0.0,0.0,NVDA,1d
2006-03-30 00:00:00-05:00,0.43654259134032264,0.44143180974058216,0.4286729185616903,0.43906375765800476,1063308000,0.0,0.0,NVDA,1d
2006-03-31 00:00:00-05:00,0.4387577536327422,0.44486994877575764,0.43478530629656903,0.4374595880508423,835560000,0.0,0.0,NVDA,1d
2006-04-03 00:00:00-04:00,0.43975136770137424,0.4484608193859248,0.4342506484321415,0.4423485994338989,968916000,0.0,0.0,NVDA,1d
2006-04-04 00:00:00-04:00,0.4429602517520823,0.4637401345768545,0.4425018651533083,0.46305254101753235,1200612000,0.0,0.0,NVDA,1d
2006-04-05 00:00:00-04:00,0.46221268689280515,0.46908856672224514,0.4523572263504933,0.4667966067790985,1112976000,0.0,0.0,NVDA,1d
2006-04-06 00:00:00-04:00,0.46557355182749566,0.471227358382481,0.45915603193551263,0.467713326215744,789312000,0.0,0.0,NVDA,1d
2006-04-07 00:00:00-04:00,0.4657266993672896,0.4698522052290932,0.45732251873722735,0.46649035811424255,682674000,0.0,2.0,NVDA,1d
2006-04-10 00:00:00-04:00,0.46542140534876,0.4681717790524935,0.45487837901062633,0.4583924114704132,634230000,0.0,0.0,NVDA,1d
2006-04-11 00:00:00-04:00,0.4599206458191884,0.4599206458191884,0.44448747345106365,0.4472378194332123,702072000,0.0,0.0,NVDA,1d
2006-04-12 00:00:00-04:00,0.45014128056205943,0.46771329826294694,0.4476962067768805,0.46526822447776794,598308000,0.0,0.0,NVDA,1d
2006-04-13 00:00:00-04:00,0.45533665097780923,0.460531141228961,0.45044653125983836,0.45228010416030884,738360000,0.0,0.0,NVDA,1d
2006-04-17 00:00:00-04:00,0.45151653117106577,0.4648099311927758,0.4498360447532269,0.45350319147109985,443868000,0.0,0.0,NVDA,1d
2006-04-18 00:00:00-04:00,0.44540434045336863,0.4455574547271413,0.43073577991186324,0.4428071081638336,1165488000,0.0,0.0,NVDA,1d
2006-04-19 00:00:00-04:00,0.44005672495530695,0.4504466648191196,0.433944531144245,0.44555744528770447,517476000,0.0,0.0,NVDA,1d
2006-04-20 00:00:00-04:00,0.441584954031595,0.45289163778768965,0.4342506614527067,0.4449458718299866,552684000,0.0,0.0,NVDA,1d
2006-04-21 00:00:00-04:00,0.44632105287141194,0.4481546259929322,0.423707631000743,0.42890214920043945,770016000,0.0,0.0,NVDA,1d
2006-04-24 00:00:00-04:00,0.4316525527923989,0.4463211123986388,0.4240129870811924,0.44204339385032654,676848000,0.0,0.0,NVDA,1d
2006-04-25 00:00:00-04:00,0.43700095434715436,0.4428069726074038,0.42936048885130884,0.4417370855808258,719766000,0.0,0.0,NVDA,1d
2006-04-26 00:00:00-04:00,0.44341854952790616,0.450141342158786,0.43394450889654235,0.43868154287338257,330528000,0.0,0.0,NVDA,1d
2006-04-27 00:00:00-04:00,0.43700117639320285,0.449836166044186,0.4275271331618047,0.4457106590270996,462966000,0.0,0.0,NVDA,1d
2006-04-28 00:00:00-04:00,0.44601580802067625,0.45212802882793446,0.4421955743880317,0.44647419452667236,284736000,0.0,0.0,NVDA,1d
2006-05-01 00:00:00-04:00,0.4495297173962534,0.4808535153264911,0.4495297173962534,0.4721440374851227,902472000,0.0,0.0,NVDA,1d
2006-05-02 00:00:00-04:00,0.47565823846548994,0.48131204591162563,0.4634347794443127,0.4715327322483063,539700000,0.0,0.0,NVDA,1d
2006-05-03 00:00:00-04:00,0.46618519455968094,0.4797838979754596,0.4657268352438829,0.47458937764167786,378114000,0.0,0.0,NVDA,1d
2006-05-04 00:00:00-04:00,0.4652683256198082,0.4767281258282492,0.4628232513031084,0.4715327322483063,511128000,0.0,0.0,NVDA,1d
2006-05-05 00:00:00-04:00,0.47397785281221466,0.4796316608100066,0.46740721699258,0.47795024514198303,338184000,0.0,0.0,NVDA,1d
2006-05-08 00:00:00-04:00,0.4767279562141772,0.4871179200078726,0.47138037922066817,0.4758111834526062,503622000,0.0,0.0,NVDA,1d
2006-05-09 00:00:00-04:00,0.47519996505539625,0.4776450398136269,0.46068448872669293,0.4612959623336792,561648000,0.0,0.0,NVDA,1d
2006-05-10 00:00:00-04:00,0.45579518617946063,0.46114281972393706,0.44647423173120165,0.45105817914009094,753264000,0.0,0.0,NVDA,1d
2006-05-11 00:00:00-04:00,0.4556420629766887,0.4599207104537834,0.43150036446240286,0.43501439690589905,1201110000,0.0,0.0,NVDA,1d
2006-05-12 00:00:00-04:00,0.42462446084870586,0.42676330632566634,0.3933006559984376,0.4023154079914093,1568172000,0.0,0.0,NVDA,1d
2006-05-15 00:00:00-04:00,0.4015517532284942,0.41163639322459156,0.39803772071023197,0.40812236070632935,553380000,0.0,0.0,NVDA,1d
2006-05-16 00:00:00-04:00,0.4104141645328238,0.4105663497823528,0.3948288376095611,0.3974260687828064,497532000,0.0,0.0,NVDA,1d
2006-05-17 00:00:00-04:00,0.39605099287579765,0.3983429523948888,0.3743534427628533,0.38138243556022644,841074000,0.0,0.0,NVDA,1d
2006-05-18 00:00:00-04:00,0.3844380703686732,0.3881051891040364,0.3636582226698957,0.3641166090965271,686730000,0.0,0.0,NVDA,1d
2006-05-19 00:00:00-04:00,0.36747757636385875,0.3804656479472017,0.3638104300830574,0.3717561960220337,932808000,0.0,0.0,NVDA,1d
2006-05-22 00:00:00-04:00,0.3697697073035966,0.37053429528043236,0.3566294170224549,0.3667140603065491,734886000,0.0,0.0,NVDA,1d
2006-05-23 00:00:00-04:00,0.3743534817453437,0.38306293428929283,0.361213196619604,0.36274147033691406,532314000,0.0,0.0,NVDA,1d
2006-05-24 00:00:00-04:00,0.36595019407447626,0.3783267919315201,0.357699128836447,0.36747756600379944,579522000,0.0,0.0,NVDA,1d
2006-05-25 00:00:00-04:00,0.3743535665180672,0.3798542602534011,0.3635052386934727,0.36549192667007446,423666000,0.0,0.0,NVDA,1d
2006-05-26 00:00:00-04:00,0.3668671145897812,0.3693112877081819,0.3624353790279937,0.36625564098358154,294642000,0.0,0.0,NVDA,1d
2006-05-30 00:00:00-04:00,0.36686704841673706,0.3670192337327423,0.3508233281422467,0.35097551345825195,448788000,0.0,0.0,NVDA,1d
2006-05-31 00:00:00-04:00,0.3557124951052495,0.35907434200793803,0.34898970293626097,0.35112854838371277,598422000,0.0,0.0,NVDA,1d
2006-06-01 00:00:00-04:00,0.35510098968339804,0.369464248418808,0.34960027008365924,0.369464248418808,537126000,0.0,0.0,NVDA,1d
2006-06-02 00:00:00-04:00,0.37542331946033464,0.3772568924891722,0.360449463038852,0.3641166090965271,673710000,0.0,0.0,NVDA,1d
2006-06-05 00:00:00-04:00,0.3621300312239988,0.36885279687814276,0.34776674325122786,0.34883663058280945,581052000,0.0,0.0,NVDA,1d
2006-06-06 00:00:00-04:00,0.3532674425871726,0.353573643787754,0.3300425446363306,0.33951565623283386,824130000,0.0,0.0,NVDA,1d
2006-06-07 00:00:00-04:00,0.3431827111431277,0.3437942117443439,0.33080611493018336,0.3334043025970459,565380000,0.0,0.0,NVDA,1d
2006-06-08 00:00:00-04:00,0.3295841339614566,0.33386278143787795,0.314151915707957,0.32729217410087585,730572000,0.0,0.0,NVDA,1d
2006-06-09 00:00:00-04:00,0.33157077492696313,0.33722365217224304,0.32347189494356143,0.3262222409248352,433824000,0.0,0.0,NVDA,1d
2006-06-12 00:00:00-04:00,0.3205694194076807,0.3248471380671233,0.30635924594321456,0.30819281935691833,463230000,0.0,0.0,NVDA,1d
2006-06-13 00:00:00-04:00,0.3080397501642247,0.3143041574220263,0.3005523684681147,0.30345582962036133,532548000,0.0,0.0,NVDA,1d
2006-06-14 00:00:00-04:00,0.30528930245610264,0.3132350681174085,0.3020805427419555,0.3123182952404022,480492000,0.0,0.0,NVDA,1d
2006-06-15 00:00:00-04:00,0.3237781765706423,0.3407386977611675,0.3211800152263955,0.33966881036758423,837336000,0.0,0.0,NVDA,1d
2006-06-16 00:00:00-04:00,0.3373768131281313,0.33829358614139154,0.32775055987731505,0.3309593200683594,503448000,0.0,0.0,NVDA,1d
2006-06-19 00:00:00-04:00,0.33462651947898986,0.3363069788299749,0.3202632299920514,0.32102784514427185,388044000,0.0,0.0,NVDA,1d
2006-06-20 00:00:00-04:00,0.31216511948360226,0.323166528451242,0.3109430473264233,0.3159853518009186,535818000,0.0,0.0,NVDA,1d
2006-06-21 00:00:00-04:00,0.3146102444523955,0.3245417681459759,0.3146102444523955,0.3194994628429413,441174000,0.0,0.0,NVDA,1d
2006-06-22 00:00:00-04:00,0.3230135955016215,0.32393036863486757,0.3080397345071101,0.31017860770225525,532338000,0.0,0.0,NVDA,1d
2006-06-23 00:00:00-04:00,0.30956798631179394,0.3167491658699652,0.30666455283745053,0.31033167243003845,335202000,0.0,0.0,NVDA,1d
2006-06-26 00:00:00-04:00,0.30987331527072104,0.31323516291985304,0.30590089571710644,0.307428240776062,281736000,0.0,0.0,NVDA,1d
2006-06-27 00:00:00-04:00,0.3092618480136749,0.3095680492969391,0.2935243260940032,0.2976498603820801,608514000,0.0,0.0,NVDA,1d
2006-06-28 00:00:00-04:00,0.2999416546971554,0.31904101405183766,0.2921489770645383,0.3141518235206604,833376000,0.0,0.0,NVDA,1d
2006-06-29 00:00:00-04:00,0.30559458026273656,0.32836201786994934,0.3045256220849276,0.32836201786994934,687666000,0.0,0.0,NVDA,1d
2006-06-30 00:00:00-04:00,0.33157089015868235,0.336765382766058,0.32286143542256796,0.3253055810928345,468240000,0.0,0.0,NVDA,1d
2006-07-03 00:00:00-04:00,0.3327928572882588,0.3330981294991766,0.32775052429578727,0.3300425112247467,174696000,0.0,0.0,NVDA,1d
2006-07-05 00:00:00-04:00,0.32484717697603444,0.3277506107288633,0.3152209222316742,0.3152209222316742,459708000,0.0,0.0,NVDA,1d
2006-07-06 00:00:00-04:00,0.31522083003792306,0.3182773771831201,0.30223366039797683,0.3054423928260803,470634000,0.0,0.0,NVDA,1d
2006-07-07 00:00:00-04:00,0.30758126570319133,0.3081927663889293,0.29260740871220564,0.29596835374832153,541230000,0.0,0.0,NVDA,1d
2006-07-10 00:00:00-04:00,0.2967329916456844,0.2988718646314744,0.2805361578603895,0.2831334173679352,449922000,0.0,0.0,NVDA,1d
2006-07-11 00:00:00-04:00,0.2822165864645808,0.2936764122023562,0.2780910808928666,0.2926074266433716,600582000,0.0,0.0,NVDA,1d
2006-07-12 00:00:00-04:00,0.2915375344156282,0.2948993812360564,0.27824416301869437,0.278549462556839,461034000,0.0,0.0,NVDA,1d
2006-07-13 00:00:00-04:00,0.27427172530555866,0.281147603756347,0.26999307853289495,0.27136826515197754,540582000,0.0,0.0,NVDA,1d
2006-07-14 00:00:00-04:00,0.2764106500591692,0.277938924033266,0.2623535895973289,0.2699931561946869,572148000,0.0,0.0,NVDA,1d
2006-07-17 00:00:00-04:00,0.26877109303413993,0.2751885871271824,0.2673959332928372,0.2721320390701294,502806000,0.0,0.0,NVDA,1d
2006-07-18 00:00:00-04:00,0.28145296483074284,0.28985711865413144,0.2713683245038859,0.2869536578655243,979332000,0.0,0.0,NVDA,1d
2006-07-19 00:00:00-04:00,0.2857315722523857,0.3031504782760425,0.28359179767699255,0.29948335886001587,1055550000,0.0,0.0,NVDA,1d
2006-07-20 00:00:00-04:00,0.3048310711053899,0.3101786788152334,0.293065968024559,0.2935243546962738,505602000,0.0,0.0,NVDA,1d
2006-07-21 00:00:00-04:00,0.2835918187266044,0.28481482036934747,0.26938164455250985,0.2715214192867279,633918000,0.0,0.0,NVDA,1d
2006-07-24 00:00:00-04:00,0.2816061390032734,0.3057478463005782,0.2800778646611588,0.2988719642162323,983178000,0.0,0.0,NVDA,1d
2006-07-25 00:00:00-04:00,0.3025391301079838,0.3126237468311316,0.2981082954532955,0.3094150125980377,574104000,0.0,0.0,NVDA,1d
2006-07-26 00:00:00-04:00,0.3094150125980377,0.3130821608549978,0.30024714195563756,0.3094150125980377,495318000,0.0,0.0,NVDA,1d
2006-07-27 00:00:00-04:00,0.3133871885122096,0.32622217006670773,0.3081926988383755,0.31384557485580444,694338000,0.0,0.0,NVDA,1d
2006-07-28 00:00:00-04:00,0.32194453341655904,0.3470030295491318,0.32011096026233155,0.3463915288448334,815298000,0.0,0.0,NVDA,1d
2006-07-31 00:00:00-04:00,0.34272444511273586,0.3462394067753181,0.3373768389199805,0.3382936120033264,594762000,0.0,0.0,NVDA,1d
2006-08-01 00:00:00-04:00,0.3341679202008981,0.33477942072720274,0.3185825939099671,0.32469481229782104,600966000,0.0,0.0,NVDA,1d
2006-08-02 00:00:00-04:00,0.33187608056336837,0.351281673273283,0.33111242184148415,0.34960028529167175,756774000,0.0,0.0,NVDA,1d
2006-08-03 00:00:00-04:00,0.34837831886266307,0.3810772936563581,0.3434890982806772,0.37160325050354004,890568000,0.0,0.0,NVDA,1d
2006-08-04 00:00:00-04:00,0.3813824284391094,0.38199392910714675,0.35708761973913417,0.36656075716018677,818232000,0.0,0.0,NVDA,1d
2006-08-07 00:00:00-04:00,0.3601432767474444,0.36686697011399744,0.355254058121704,0.36228305101394653,436146000,0.0,0.0,NVDA,1d
2006-08-08 00:00:00-04:00,0.3651855681467715,0.3797019114060853,0.3642687680374806,0.3719092607498169,619806000,0.0,0.0,NVDA,1d
2006-08-09 00:00:00-04:00,0.37924357550648824,0.389633513649205,0.3690058499725895,0.3717561960220337,584706000,0.0,0.0,NVDA,1d
2006-08-10 00:00:00-04:00,0.36763067975109376,0.37129782619612867,0.3613663013854627,0.36915895342826843,1072140000,0.0,0.0,NVDA,1d
2006-08-11 00:00:00-04:00,0.34226605706361346,0.36686704543567006,0.34104398439593464,0.3575460910797119,1603272000,0.0,0.0,NVDA,1d
2006-08-14 00:00:00-04:00,0.3619768210541573,0.3656439669713763,0.3537257564015699,0.3557124435901642,809412000,0.0,0.0,NVDA,1d
2006-08-15 00:00:00-04:00,0.36488030401168414,0.3919254590382568,0.36136627210341904,0.3899387717247009,902172000,0.0,0.0,NVDA,1d
2006-08-16 00:00:00-04:00,0.3920785848661462,0.4195821290601272,0.3819939729421282,0.4179007411003113,1029246000,0.0,0.0,NVDA,1d
2006-08-17 00:00:00-04:00,0.4127063041064922,0.42355463081350747,0.40720558361551307,0.4113311171531677,814224000,0.0,0.0,NVDA,1d
2006-08-18 00:00:00-04:00,0.4117893987347848,0.42019262110440214,0.3974261149639861,0.4180537760257721,665898000,0.0,0.0,NVDA,1d
2006-08-21 00:00:00-04:00,0.4117895544655512,0.41255321332142636,0.4017049133190515,0.40262168645858765,500220000,0.0,0.0,NVDA,1d
2006-08-22 00:00:00-04:00,0.4013987586081626,0.41316476207299946,0.40109345896434173,0.4020102322101593,473928000,0.0,0.0,NVDA,1d
2006-08-23 00:00:00-04:00,0.40506576590004784,0.4091912989998467,0.3928422808593439,0.4017048478126526,485412000,0.0,0.0,NVDA,1d
2006-08-24 00:00:00-04:00,0.4027737493172579,0.40796916893330587,0.39635625732482566,0.4058303236961365,260802000,0.0,0.0,NVDA,1d
2006-08-25 00:00:00-04:00,0.4027738120674135,0.41178949341293,0.39880139316747865,0.4046073853969574,238314000,0.0,0.0,NVDA,1d
2006-08-28 00:00:00-04:00,0.4113310759595299,0.4304304678291046,0.4105664882648655,0.4185122549533844,764562000,0.0,0.0,NVDA,1d
2006-08-29 00:00:00-04:00,0.4224848233380992,0.43944534723942025,0.41942917658493806,0.4374595880508423,727962000,0.0,0.0,NVDA,1d
2006-08-30 00:00:00-04:00,0.4399036145357347,0.45105814155358304,0.4388346288978318,0.44647419452667236,681564000,0.0,0.0,NVDA,1d
2006-08-31 00:00:00-04:00,0.44540433262088586,0.4473910203427004,0.43516753431306177,0.4447937607765198,511278000,0.0,0.0,NVDA,1d
2006-09-01 00:00:00-04:00,0.43822326488509306,0.4417373257342795,0.42447150147982066,0.42615196108818054,605742000,0.0,0.0,NVDA,1d
2006-09-05 00:00:00-04:00,0.42752704876889885,0.43715327544577803,0.4212626694846813,0.4354728162288666,549354000,0.0,0.0,NVDA,1d
2006-09-06 00:00:00-04:00,0.42783330009144205,0.42844387202083817,0.4125532368767543,0.4136231243610382,493572000,0.0,0.0,NVDA,1d
2006-09-07 00:00:00-04:00,0.40689934541000267,0.4311941578844132,0.40246854000628246,0.42187410593032837,742836000,0.0,0.0,NVDA,1d
2006-09-08 00:00:00-04:00,0.4285969101703981,0.43043048355073593,0.4139283504500126,0.4232493042945862,447978000,0.0,0.0,NVDA,1d
2006-09-11 00:00:00-04:00,0.41377515500101475,0.4347090184777247,0.40903905083414593,0.42981889843940735,598266000,0.0,0.0,NVDA,1d
2006-09-12 00:00:00-04:00,0.42783321251173584,0.44387695866398386,0.4267633252464635,0.44112658500671387,498432000,0.0,0.0,NVDA,1d
2006-09-13 00:00:00-04:00,0.4421955623957456,0.45044662856917367,0.4408203755927356,0.4446406364440918,476286000,0.0,0.0,NVDA,1d
2006-09-14 00:00:00-04:00,0.4425019054603784,0.4507529742791816,0.437153369155327,0.44296029210090637,428814000,0.0,0.0,NVDA,1d
2006-09-15 00:00:00-04:00,0.44448758166525126,0.45380853633130463,0.4423487085247883,0.4516696631908417,649764000,0.0,0.0,NVDA,1d
2006-09-18 00:00:00-04:00,0.4528917317463253,0.4695469531050784,0.4515165720942231,0.46878236532211304,793896000,0.0,0.0,NVDA,1d
2006-09-19 00:00:00-04:00,0.4657266293009355,0.46908847591001235,0.4527385309363632,0.4565587639808655,708054000,0.0,0.0,NVDA,1d
2006-09-20 00:00:00-04:00,0.4625178029044423,0.47382453984475315,0.4616010301116511,0.47321394085884094,511884000,0.0,0.0,NVDA,1d
2006-09-21 00:00:00-04:00,0.4727556364799951,0.47749174090371904,0.4649629302281461,0.469393789768219,539106000,0.0,0.0,NVDA,1d
2006-09-22 00:00:00-04:00,0.4680186639552957,0.47092209727287104,0.45029445846550886,0.4554889500141144,653334000,0.0,0.0,NVDA,1d
2006-09-25 00:00:00-04:00,0.4623646440967704,0.47382443815886227,0.44983583755947787,0.47183865308761597,684486000,0.0,0.0,NVDA,1d
2006-09-26 00:00:00-04:00,0.47138044006982166,0.47260251247170576,0.455947267814441,0.461906373500824,516120000,0.0,0.0,NVDA,1d
2006-09-27 00:00:00-04:00,0.46053123474121094,0.47519982092347524,0.4561004294766312,0.46053123474121094,578142000,0.0,0.0,NVDA,1d
2006-09-28 00:00:00-04:00,0.4425018376317714,0.45365543725465424,0.4405151770668864,0.45182186365127563,647346000,0.0,0.0,NVDA,1d
2006-09-29 00:00:00-04:00,0.45487851914951954,0.45839255269190926,0.4496830970322848,0.45212817192077637,373890000,0.0,0.0,NVDA,1d
2006-10-02 00:00:00-04:00,0.44998821694559965,0.45289165000304976,0.43700101929539215,0.44066816568374634,647442000,0.0,0.0,NVDA,1d
2006-10-03 00:00:00-04:00,0.4324171245098114,0.43577806991189394,0.42279089884700793,0.4324171245098114,907692000,0.0,0.0,NVDA,1d
2006-10-04 00:00:00-04:00,0.43302774684376294,0.4750476676894825,0.43180564691001533,0.47489455342292786,1460382000,0.0,0.0,NVDA,1d
2006-10-05 00:00:00-04:00,0.4730608964410459,0.4777979299743992,0.4602259115140946,0.46144798398017883,662682000,0.0,0.0,NVDA,1d
2006-10-06 00:00:00-04:00,0.462212751571485,0.47749188557285704,0.4608375644842363,0.4726026654243469,593610000,0.0,0.0,NVDA,1d
2006-10-09 00:00:00-04:00,0.47153266609416994,0.509273908828996,0.47015747933316265,0.503009557723999,932304000,0.0,0.0,NVDA,1d
2006-10-10 00:00:00-04:00,0.5004114311735641,0.5023980915902108,0.4858959577134606,0.4915498197078705,624648000,0.0,0.0,NVDA,1d
2006-10-11 00:00:00-04:00,0.4889516783540307,0.5030096682714571,0.48146519845160757,0.4943001866340637,481944000,0.0,0.0,NVDA,1d
2006-10-12 00:00:00-04:00,0.4970505031184325,0.5065236425306708,0.48910473592056714,0.49628591537475586,414720000,0.0,0.0,NVDA,1d
2006-10-13 00:00:00-04:00,0.49460534513524745,0.5189001275054586,0.4865073939980607,0.5159966945648193,584190000,0.0,0.0,NVDA,1d
2006-10-16 00:00:00-04:00,0.5176785281472347,0.5260817864918959,0.5059124910584448,0.5150803923606873,478968000,0.0,0.0,NVDA,1d
2006-10-17 00:00:00-04:00,0.5066768370510418,0.5101908702000008,0.49048000050990503,0.49536916613578796,526506000,0.0,0.0,NVDA,1d
2006-10-18 00:00:00-04:00,0.502703556663138,0.5080520661876301,0.4787149903543062,0.4822290241718292,822750000,0.0,0.0,NVDA,1d
2006-10-19 00:00:00-04:00,0.48039525480128836,0.4950638422334939,0.47657504831860537,0.4913966953754425,473040000,0.0,0.0,NVDA,1d
2006-10-20 00:00:00-04:00,0.4952170322151369,0.49552233187522904,0.47871494897698147,0.4857430160045624,359478000,0.0,0.0,NVDA,1d
2006-10-23 00:00:00-04:00,0.48467391517043734,0.4964390155005581,0.48131206761440126,0.48253414034843445,280248000,0.0,0.0,NVDA,1d
2006-10-24 00:00:00-04:00,0.48345105950010847,0.5020929727477583,0.48207587222423304,0.4965922236442566,519288000,0.0,0.0,NVDA,1d
2006-10-25 00:00:00-04:00,0.5013280657036483,0.5088154717731579,0.492924815773936,0.5011758804321289,389436000,0.0,0.0,NVDA,1d
2006-10-26 00:00:00-04:00,0.5023981862559963,0.5187472089409549,0.5023981862559963,0.5170667767524719,366690000,0.0,0.0,NVDA,1d
2006-10-27 00:00:00-04:00,0.5170666414564765,0.5285264406303651,0.48895159535314625,0.4947585165500641,566988000,0.0,0.0,NVDA,1d
2006-10-30 00:00:00-05:00,0.49811921429694184,0.5095790084003877,0.4927716382496523,0.5007174015045166,479592000,0.0,0.0,NVDA,1d
2006-10-31 00:00:00-05:00,0.5117188028938892,0.5328048467636108,0.509120670224768,0.5328048467636108,996174000,0.0,0.0,NVDA,1d
2006-11-01 00:00:00-05:00,0.5257760898037714,0.5306653092492719,0.48436769671833224,0.49170199036598206,1176540000,0.0,0.0,NVDA,1d
2006-11-02 00:00:00-05:00,0.49399372533285,0.5046898067117576,0.4816171036082427,0.4883407950401306,862944000,0.0,0.0,NVDA,1d
2006-11-03 00:00:00-05:00,0.4938418410700357,0.49873106126874467,0.4858960180857379,0.4981195330619812,548070000,0.0,0.0,NVDA,1d
2006-11-06 00:00:00-05:00,0.49949465705855906,0.5201222970391104,0.49323025054990993,0.5132464170455933,739602000,0.0,0.0,NVDA,1d
2006-11-07 00:00:00-05:00,0.5170666817656555,0.5265398214068876,0.5141631936185318,0.5210391283035278,553254000,0.0,0.0,NVDA,1d
2006-11-08 00:00:00-05:00,0.5173719942635658,0.5350970756386609,0.5161499215691964,0.528679609298706,648324000,0.0,0.0,NVDA,1d
2006-11-09 00:00:00-05:00,0.5395279572875123,0.5531266039672695,0.5346387373596106,0.5392226576805115,1207758000,0.0,0.0,NVDA,1d
2006-11-10 00:00:00-05:00,0.5346386885834956,0.5372359481139939,0.5129411070561155,0.52623450756073,1317192000,0.0,0.0,NVDA,1d
2006-11-13 00:00:00-05:00,0.5273044584203727,0.5515992477610853,0.5271513441329462,0.5500710010528564,852282000,0.0,0.0,NVDA,1d
2006-11-14 00:00:00-05:00,0.5480843842909817,0.5566416821516623,0.5363192814231459,0.5555717945098877,628530000,0.0,0.0,NVDA,1d
2006-11-15 00:00:00-05:00,0.5538911187001551,0.5615307116705144,0.5433480924241622,0.5464037656784058,491892000,0.0,0.0,NVDA,1d
2006-11-16 00:00:00-05:00,0.5486957877118418,0.5554185537850604,0.5439587531962056,0.553432822227478,457182000,0.0,0.0,NVDA,1d
2006-11-17 00:00:00-05:00,0.5496125526511526,0.5564884329021446,0.5462507051851351,0.5549601316452026,361608000,0.0,0.0,NVDA,1d
2006-11-20 00:00:00-05:00,0.5480841254998082,0.5632110695062735,0.5439586201546932,0.56015545129776,608634000,0.0,0.0,NVDA,1d
2006-11-21 00:00:00-05:00,0.5618358653539707,0.5627526381302228,0.5476256960658942,0.5514459013938904,387384000,0.0,0.0,NVDA,1d
2006-11-22 00:00:00-05:00,0.5534329182154432,0.5615308726927698,0.5505294294325839,0.5609193444252014,240258000,0.0,0.0,NVDA,1d
2006-11-24 00:00:00-05:00,0.5581690575659284,0.566267941480708,0.5531267222765668,0.5650449395179749,144336000,0.0,0.0,NVDA,1d
2006-11-27 00:00:00-05:00,0.5616838331813373,0.5691702573409254,0.5357076320525455,0.5395278930664062,585294000,0.0,0.0,NVDA,1d
2006-11-28 00:00:00-05:00,0.5376943084942829,0.5545017416177936,0.5292901274531239,0.5496125221252441,480966000,0.0,0.0,NVDA,1d
2006-11-29 00:00:00-05:00,0.554654850060498,0.5644341632570374,0.5525159497512762,0.5577104687690735,579792000,0.0,0.0,NVDA,1d
2006-11-30 00:00:00-05:00,0.557710477016855,0.5697818049688381,0.5509877113882681,0.5651978850364685,583632000,0.0,0.0,NVDA,1d
2006-12-01 00:00:00-05:00,0.5589335403148281,0.5596971991867074,0.5381527840552162,0.543042004108429,785010000,0.0,0.0,NVDA,1d
2006-12-04 00:00:00-05:00,0.5500711026102376,0.5720739357857166,0.5480843869872052,0.5650449395179749,621570000,0.0,0.0,NVDA,1d
2006-12-05 00:00:00-05:00,0.5590854984271817,0.5624473447257202,0.5529742080840581,0.559238612651825,663354000,0.0,0.0,NVDA,1d
2006-12-06 00:00:00-05:00,0.5610723367571775,0.5610723367571775,0.5508346093378138,0.5584750771522522,478242000,0.0,0.0,NVDA,1d
2006-12-07 00:00:00-05:00,0.5584749655363935,0.5615306383918779,0.5401392890647,0.5450285077095032,486894000,0.0,0.0,NVDA,1d
2006-12-08 00:00:00-05:00,0.5410561635139141,0.5506824173262215,0.5332635104797129,0.5431950092315674,564858000,0.0,0.0,NVDA,1d
2006-12-11 00:00:00-05:00,0.5433479674441481,0.5590855089497747,0.5421249661856761,0.5525158047676086,515484000,0.0,0.0,NVDA,1d
2006-12-12 00:00:00-05:00,0.5483903667335047,0.550223912564041,0.5395278278253111,0.5468620657920837,568116000,0.0,0.0,NVDA,1d
2006-12-13 00:00:00-05:00,0.5512930968053122,0.5577105638519702,0.5512930968053122,0.5532797574996948,491952000,0.0,0.0,NVDA,1d
2006-12-14 00:00:00-05:00,0.557710523835591,0.5700871524076924,0.5572521645906573,0.5630590319633484,715380000,0.0,0.0,NVDA,1d
2006-12-15 00:00:00-05:00,0.5667260713288726,0.5729904770851135,0.5632111101388375,0.5729904770851135,746094000,0.0,0.0,NVDA,1d
2006-12-18 00:00:00-05:00,0.5736019623930394,0.5897979207264397,0.5732957885239357,0.5829220414161682,688356000,0.0,0.0,NVDA,1d
2006-12-19 00:00:00-05:00,0.5754356887237678,0.5943819701341017,0.5746711008757375,0.5913262963294983,545622000,0.0,0.0,NVDA,1d
2006-12-20 00:00:00-05:00,0.5882706355481355,0.5952987011948655,0.5841450745656855,0.584603488445282,306594000,0.0,0.0,NVDA,1d
2006-12-21 00:00:00-05:00,0.5878122415147025,0.5894927281656982,0.5729905929680195,0.579561173915863,367920000,0.0,0.0,NVDA,1d
2006-12-22 00:00:00-05:00,0.5786443560666528,0.5806301421746505,0.5630589952185417,0.5658093690872192,370170000,0.0,0.0,NVDA,1d
2006-12-26 00:00:00-05:00,0.5688652122543513,0.5739074929916927,0.5633644628759377,0.5656564235687256,228192000,0.0,0.0,NVDA,1d
2006-12-27 00:00:00-05:00,0.5681013271616607,0.5751293924787849,0.5681013271616607,0.5731436610221863,264954000,0.0,0.0,NVDA,1d
2006-12-28 00:00:00-05:00,0.5737542911613059,0.5743658193829598,0.5664200508498317,0.5690181851387024,213912000,0.0,0.0,NVDA,1d
2006-12-29 00:00:00-05:00,0.569018081926667,0.5809362954073999,0.5648925759150629,0.5655031204223633,386094000,0.0,0.0,NVDA,1d
2007-01-03 00:00:00-05:00,0.5664198398292795,0.5732957182972805,0.5315819790889325,0.551292896270752,1154820000,0.0,0.0,NVDA,1d
2007-01-04 00:00:00-05:00,0.5493072165510847,0.5512930025917938,0.5352492284276695,0.5486957430839539,797298000,0.0,0.0,NVDA,1d
2007-01-05 00:00:00-05:00,0.5357073640908485,0.5378471376022237,0.5106488774812586,0.5143160223960876,1243344000,0.0,0.0,NVDA,1d
2007-01-08 00:00:00-05:00,0.5161497817700897,0.5280679381226373,0.507287188838336,0.5181364417076111,657270000,0.0,0.0,NVDA,1d
2007-01-09 00:00:00-05:00,0.5189001373331921,0.5224141693970678,0.5074403392664856,0.5080518126487732,764166000,0.0,0.0,NVDA,1d
2007-01-10 00:00:00-05:00,0.5027034293061122,0.5378474744143278,0.49506388991906153,0.5331104397773743,1108746000,0.0,0.0,NVDA,1d
2007-01-11 00:00:00-05:00,0.533110238365194,0.537235797910962,0.5224141003815568,0.5311235785484314,924504000,0.0,0.0,NVDA,1d
2007-01-12 00:00:00-05:00,0.5231788728875928,0.5404446646517884,0.5207337987417573,0.5383058190345764,698190000,0.0,0.0,NVDA,1d
2007-01-16 00:00:00-05:00,0.542431390976214,0.5427366905832148,0.5331104360514667,0.5392226576805115,711864000,0.0,0.0,NVDA,1d
2007-01-17 00:00:00-05:00,0.5317350273328089,0.5349438139353296,0.5259290366903159,0.527914822101593,707934000,0.0,0.0,NVDA,1d
2007-01-18 00:00:00-05:00,0.5233310235121565,0.5233310235121565,0.47764488852896403,0.48421546816825867,1501638000,0.0,0.0,NVDA,1d
2007-01-19 00:00:00-05:00,0.47902017560093163,0.49720279971006814,0.4756583275667362,0.4871181845664978,942606000,0.0,0.0,NVDA,1d
2007-01-22 00:00:00-05:00,0.4917021055085432,0.4996478744847841,0.4852845834028908,0.4871181845664978,730644000,0.0,0.0,NVDA,1d
2007-01-23 00:00:00-05:00,0.48482602623024296,0.4950638072978512,0.47581130131285043,0.48727110028266907,630354000,0.0,0.0,NVDA,1d
2007-01-24 00:00:00-05:00,0.4935357677775546,0.5089689500421996,0.49124380676899315,0.5023983120918274,685722000,0.0,0.0,NVDA,1d
2007-01-25 00:00:00-05:00,0.5069818741604366,0.5088154744522573,0.48238179428641825,0.4848259389400482,616284000,0.0,0.0,NVDA,1d
2007-01-26 00:00:00-05:00,0.48895159912911157,0.49368863309643807,0.4721441667674424,0.4808536469936371,829584000,0.0,0.0,NVDA,1d
2007-01-29 00:00:00-05:00,0.4787147983548261,0.47902004327422637,0.4570172179016406,0.46114277839660645,1258284000,0.0,0.0,NVDA,1d
2007-01-30 00:00:00-05:00,0.46419838259643503,0.4730609221093266,0.4600728768739282,0.4700053036212921,636174000,0.0,0.0,NVDA,1d
2007-01-31 00:00:00-05:00,0.467713287359108,0.4727556200950005,0.4619063670356717,0.46832388639450073,467976000,0.0,0.0,NVDA,1d
2007-02-01 00:00:00-05:00,0.46389315613523036,0.4767281437809539,0.4629763830129586,0.4742830693721771,650898000,0.0,0.0,NVDA,1d
2007-02-02 00:00:00-05:00,0.47688120735659517,0.4889516059185437,0.47290788672842266,0.4866596460342407,586590000,0.0,0.0,NVDA,1d
2007-02-05 00:00:00-05:00,0.48895140862710884,0.49873077231756846,0.48818775017494737,0.4946052134037018,579906000,0.0,0.0,NVDA,1d
2007-02-06 00:00:00-05:00,0.5057598287410381,0.5185948128881408,0.4982724768783848,0.5121773481369019,775386000,0.0,0.0,NVDA,1d
2007-02-07 00:00:00-05:00,0.5163029993163318,0.5334157334733307,0.5132464513572058,0.532193660736084,761058000,0.0,0.0,NVDA,1d
2007-02-08 00:00:00-05:00,0.52409577483458,0.5328052026689652,0.5195118539439252,0.5253178477287292,726276000,0.0,0.0,NVDA,1d
2007-02-09 00:00:00-05:00,0.5279150616305278,0.532346796790469,0.4968974510162753,0.4988841116428375,937956000,0.0,0.0,NVDA,1d
2007-02-12 00:00:00-05:00,0.5025511962151864,0.5207338162593662,0.4972026885540658,0.5098854899406433,789360000,0.0,0.0,NVDA,1d
2007-02-13 00:00:00-05:00,0.5181363345481449,0.5236370251612702,0.5129408887396144,0.5195115208625793,849732000,0.0,0.0,NVDA,1d
2007-02-14 00:00:00-05:00,0.524095504163405,0.5271511219778715,0.5114127066336935,0.5126357078552246,1081848000,0.0,0.0,NVDA,1d
2007-02-15 00:00:00-05:00,0.512329552832221,0.5182886586954081,0.5074403341209922,0.5156913995742798,488682000,0.0,0.0,NVDA,1d
2007-02-16 00:00:00-05:00,0.513552482690612,0.5141630270229908,0.49842554057422184,0.49995291233062744,915060000,0.0,0.0,NVDA,1d
2007-02-20 00:00:00-05:00,0.5007176686940394,0.5071351349585699,0.497202707011481,0.5043848156929016,625578000,0.0,0.0,NVDA,1d
2007-02-21 00:00:00-05:00,0.5002591867709195,0.5056068195888797,0.49185500655281833,0.4968973398208618,655332000,0.0,0.0,NVDA,1d
2007-02-22 00:00:00-05:00,0.5046900159492106,0.5127880226879006,0.49888402369590873,0.5001060962677002,655452000,0.0,0.0,NVDA,1d
2007-02-23 00:00:00-05:00,0.5048432192082426,0.5051485188264789,0.4987310519988998,0.4988841116428375,403050000,0.0,0.0,NVDA,1d
2007-02-26 00:00:00-05:00,0.5002593467677825,0.504078679784886,0.4904800312985452,0.4912436902523041,494070000,0.0,0.0,NVDA,1d
2007-02-27 00:00:00-05:00,0.48589590034841146,0.4973557536532156,0.4756581742020594,0.47642281651496887,714630000,0.0,0.0,NVDA,1d
2007-02-28 00:00:00-05:00,0.4750477858203423,0.48390939915125003,0.469240862975912,0.4736725986003876,780048000,0.0,0.0,NVDA,1d
2007-03-01 00:00:00-05:00,0.46343480998280795,0.4765750976022629,0.4573225882677086,0.46786561608314514,837228000,0.0,0.0,NVDA,1d
2007-03-02 00:00:00-05:00,0.46373999488401946,0.46939380130420066,0.4539615299870113,0.4548783302307129,682728000,0.0,0.0,NVDA,1d
2007-03-05 00:00:00-05:00,0.44693266831902506,0.4557952093513287,0.43791791464038865,0.43944528698921204,663558000,0.0,0.0,NVDA,1d
2007-03-06 00:00:00-05:00,0.44907154694503026,0.4704638323989528,0.4472379732190069,0.46542149782180786,805974000,0.0,0.0,NVDA,1d
2007-03-07 00:00:00-05:00,0.46312932897423126,0.465268174044112,0.45029434599324786,0.45228010416030884,811656000,0.0,0.0,NVDA,1d
2007-03-08 00:00:00-05:00,0.46175430192134514,0.4761166616344609,0.46144807336533866,0.4709221422672272,770622000,0.0,0.0,NVDA,1d
2007-03-09 00:00:00-05:00,0.47749183336386875,0.48284034115249225,0.46083751409623236,0.4661850929260254,555306000,0.0,0.0,NVDA,1d
2007-03-12 00:00:00-04:00,0.4608374666664854,0.4701574910745987,0.460225938595804,0.46343472599983215,428010000,0.0,0.0,NVDA,1d
2007-03-13 00:00:00-04:00,0.4586976963340768,0.46144801530500734,0.4435707234154309,0.4438769519329071,617070000,0.0,0.0,NVDA,1d
2007-03-14 00:00:00-04:00,0.4450989319289095,0.44769616342335444,0.4284436887293204,0.4417370855808258,971610000,0.0,0.0,NVDA,1d
2007-03-15 00:00:00-04:00,0.4406682215856516,0.4446406680185629,0.4305835813995264,0.43730637431144714,655752000,0.0,0.0,NVDA,1d
2007-03-16 00:00:00-04:00,0.43761176208225366,0.4383763499782971,0.4301252815561214,0.43318092823028564,525648000,0.0,0.0,NVDA,1d
2007-03-19 00:00:00-04:00,0.4354728682738577,0.44234874919657924,0.43394459418993264,0.43531978130340576,461508000,0.0,0.0,NVDA,1d
2007-03-20 00:00:00-04:00,0.43394461448965926,0.4438770713671887,0.4315004687339251,0.43318092823028564,656490000,0.0,0.0,NVDA,1d
2007-03-21 00:00:00-04:00,0.4507528134787904,0.465115143493786,0.4421955464204154,0.4579339921474457,1268376000,0.0,0.0,NVDA,1d
2007-03-22 00:00:00-04:00,0.45839236878426026,0.4707689400092698,0.4562535233755125,0.46801862120628357,810954000,0.0,0.0,NVDA,1d
2007-03-23 00:00:00-04:00,0.46450462750846944,0.4727556938894075,0.45946229398549815,0.46282321214675903,524640000,0.0,0.0,NVDA,1d
2007-03-26 00:00:00-04:00,0.46312957069984717,0.46756037737735157,0.45533688863611654,0.46374017000198364,447336000,0.0,0.0,NVDA,1d
2007-03-27 00:00:00-04:00,0.4626711186670288,0.46358789185916105,0.4545722633043703,0.4550306499004364,469020000,0.0,0.0,NVDA,1d
2007-03-28 00:00:00-04:00,0.45121125094925396,0.45503058313552835,0.44555744368893296,0.44632112979888916,459504000,0.0,0.0,NVDA,1d
2007-03-29 00:00:00-04:00,0.4530447308047099,0.45365530251856545,0.43134718093943925,0.4385283589363098,719016000,0.0,0.0,NVDA,1d
2007-03-30 00:00:00-04:00,0.444487491191955,0.4476962237454802,0.4374594270121341,0.43975138664245605,581244000,0.0,0.0,NVDA,1d
2007-04-02 00:00:00-04:00,0.4386815261777745,0.44234864541614816,0.43211091910087457,0.4392930269241333,400830000,0.0,0.0,NVDA,1d
2007-04-03 00:00:00-04:00,0.4392930274840322,0.44418221926262313,0.43348610644420965,0.4376116394996643,473724000,0.0,0.0,NVDA,1d
2007-04-04 00:00:00-04:00,0.43700106166505964,0.4405151214667796,0.435472787863332,0.436694860458374,361692000,0.0,0.0,NVDA,1d
2007-04-05 00:00:00-04:00,0.43852830765230005,0.4726024511879488,0.43852830765230005,0.4721440374851227,1332900000,0.0,0.0,NVDA,1d
2007-04-09 00:00:00-04:00,0.4721441565054674,0.4774917894885189,0.46267101773547686,0.46358779072761536,640950000,0.0,0.0,NVDA,1d
2007-04-10 00:00:00-04:00,0.46297645703480944,0.4683240916319352,0.45793414941149824,0.4588509500026703,794220000,0.0,0.0,NVDA,1d
2007-04-11 00:00:00-04:00,0.45976762720156644,0.46435154723262867,0.4490714859279317,0.4505997598171234,810150000,0.0,0.0,NVDA,1d
2007-04-12 00:00:00-04:00,0.4481546662828865,0.4648099127951826,0.44525210739356647,0.46343472599983215,743640000,0.0,0.0,NVDA,1d
2007-04-13 00:00:00-04:00,0.4619064883276963,0.46817182405220087,0.45625360971664636,0.46725499629974365,638694000,0.0,0.0,NVDA,1d
2007-04-16 00:00:00-04:00,0.4660319072904683,0.4695468133313278,0.45885072960495,0.4648098349571228,671838000,0.0,0.0,NVDA,1d
2007-04-17 00:00:00-04:00,0.4765749880263431,0.48742418727285186,0.46694873557237027,0.4692406952381134,1059108000,0.0,0.0,NVDA,1d
2007-04-18 00:00:00-04:00,0.4684769546301915,0.4791730936486784,0.46603193550153527,0.47504758834838867,683802000,0.0,0.0,NVDA,1d
2007-04-19 00:00:00-04:00,0.471227331482924,0.4843676154152205,0.46985214482424104,0.4816172420978546,568056000,0.0,0.0,NVDA,1d
2007-04-20 00:00:00-04:00,0.48864628708797364,0.4889515866461568,0.4808536347174234,0.48727110028266907,590052000,0.0,0.0,NVDA,1d
2007-04-23 00:00:00-04:00,0.4849791008677837,0.485895873781546,0.47795010780167174,0.4793252944946289,595272000,0.0,0.0,NVDA,1d
2007-04-24 00:00:00-04:00,0.4874240607158144,0.5017864140633728,0.4842153289458297,0.4973556101322174,1028088000,0.0,0.0,NVDA,1d
2007-04-25 00:00:00-04:00,0.49659204126412076,0.5086624390476205,0.4943000815276317,0.5059120655059814,509640000,0.0,0.0,NVDA,1d
2007-04-26 00:00:00-04:00,0.5059120140214552,0.5159966795514377,0.5013280950149632,0.5121773481369019,500070000,0.0,0.0,NVDA,1d
2007-04-27 00:00:00-04:00,0.5104958129787915,0.5161496171619427,0.4972024196222439,0.505301296710968,554058000,0.0,0.0,NVDA,1d
2007-04-30 00:00:00-04:00,0.5121774517240555,0.5185949177732176,0.5023980837356682,0.5025511980056763,563388000,0.0,0.0,NVDA,1d
2007-05-01 00:00:00-04:00,0.5117190138474406,0.5150799866700552,0.5037732469923248,0.5078988075256348,544554000,0.0,0.0,NVDA,1d
2007-05-02 00:00:00-04:00,0.5104960801652536,0.512635854775771,0.49934245446164477,0.5019397139549255,659658000,0.0,0.0,NVDA,1d
2007-05-03 00:00:00-04:00,0.5066766356593577,0.5147745862317095,0.5057598081796326,0.5114127397537231,500250000,0.0,0.0,NVDA,1d
2007-05-04 00:00:00-04:00,0.5141635639791895,0.5176785281472347,0.5092743408430738,0.5150803923606873,405246000,0.0,0.0,NVDA,1d
2007-05-07 00:00:00-04:00,0.5225673822812185,0.5283733750543517,0.5042317019135174,0.5048431754112244,557100000,0.0,0.0,NVDA,1d
2007-05-08 00:00:00-04:00,0.5017866415105346,0.5098855235131164,0.4920082018719542,0.5086625218391418,737100000,0.0,0.0,NVDA,1d
2007-05-09 00:00:00-04:00,0.5049953329197572,0.5138579276684699,0.4991893404663349,0.5109544396400452,417870000,0.0,0.0,NVDA,1d
2007-05-10 00:00:00-04:00,0.5130941473794226,0.5198169119956318,0.4970504300321437,0.5014812350273132,802584000,0.0,0.0,NVDA,1d
2007-05-11 00:00:00-04:00,0.5285263814119989,0.5421250246358259,0.5204284302463907,0.5369305610656738,1530630000,0.0,0.0,NVDA,1d
2007-05-14 00:00:00-04:00,0.5347908449499785,0.5398331237832725,0.5265397786427496,0.5315820574760437,731568000,0.0,0.0,NVDA,1d
2007-05-15 00:00:00-04:00,0.5331102171787445,0.536318949157076,0.5256228662431346,0.5268458127975464,621360000,0.0,0.0,NVDA,1d
2007-05-16 00:00:00-04:00,0.5273044520397105,0.5335688591003418,0.5172198380895502,0.5335688591003418,523104000,0.0,0.0,NVDA,1d
2007-05-17 00:00:00-04:00,0.5320402969519256,0.5347906697012602,0.5216503884828109,0.5247060060501099,443664000,0.0,0.0,NVDA,1d
2007-05-18 00:00:00-04:00,0.5286795964043041,0.5366244348398937,0.5242478616891927,0.535097062587738,604266000,0.0,0.0,NVDA,1d
2007-05-21 00:00:00-04:00,0.5335687635616517,0.5500708959032113,0.5309715042146723,0.5367774963378906,645768000,0.0,0.0,NVDA,1d
2007-05-22 00:00:00-04:00,0.5372359382633295,0.5445701771863904,0.5285264578211115,0.5396809577941895,401736000,0.0,0.0,NVDA,1d
2007-05-23 00:00:00-04:00,0.5399863836498953,0.5431951173444242,0.5237895462306267,0.5253178477287292,448248000,0.0,0.0,NVDA,1d
2007-05-24 00:00:00-04:00,0.5277627028821327,0.5292900201410893,0.5042315799708939,0.5063704252243042,607800000,0.0,0.0,NVDA,1d
2007-05-25 00:00:00-04:00,0.5100374043316522,0.5169132805552291,0.5085100329281984,0.5143160223960876,308976000,0.0,0.0,NVDA,1d
2007-05-29 00:00:00-04:00,0.5121774559163653,0.5214974811710152,0.5106491547248455,0.5198169946670532,316242000,0.0,0.0,NVDA,1d
2007-05-30 00:00:00-04:00,0.5137048344026235,0.5210391283035278,0.5072873135781728,0.5210391283035278,331650000,0.0,0.0,NVDA,1d
2007-05-31 00:00:00-04:00,0.5248594521407673,0.5324990473358459,0.5224143773079375,0.5292902588844299,481572000,0.0,0.0,NVDA,1d
2007-06-01 00:00:00-04:00,0.5352492157172305,0.543194982633867,0.5320404828184567,0.5329572558403015,429084000,0.0,0.0,NVDA,1d
2007-06-04 00:00:00-04:00,0.5280682453363668,0.5389165755582618,0.5259293988776578,0.5358609557151794,322002000,0.0,0.0,NVDA,1d
2007-06-05 00:00:00-04:00,0.5373889580551624,0.5526680885605743,0.5364721850883077,0.5517513155937195,698586000,0.0,0.0,NVDA,1d
2007-06-06 00:00:00-04:00,0.547932018063527,0.5647394506478094,0.5456400581806926,0.5558769106864929,950736000,0.0,0.0,NVDA,1d
2007-06-07 00:00:00-04:00,0.5532793045528481,0.5615303658899237,0.5497652742776514,0.549917459487915,791862000,0.0,0.0,NVDA,1d
2007-06-08 00:00:00-04:00,0.545333916225872,0.5592387906014092,0.5386110958035125,0.5584750771522522,533268000,0.0,0.0,NVDA,1d
2007-06-11 00:00:00-04:00,0.5584749605878335,0.5638225929548949,0.5554184134454127,0.5604607462882996,434634000,0.0,0.0,NVDA,1d
2007-06-12 00:00:00-04:00,0.5575582100675027,0.5653508618825966,0.5543494775135968,0.5546547770500183,526770000,0.0,0.0,NVDA,1d
2007-06-13 00:00:00-04:00,0.5607670424536844,0.5681013364351464,0.5535849884328263,0.5679482221603394,587232000,0.0,0.0,NVDA,1d
2007-06-14 00:00:00-04:00,0.565350749665168,0.5801715173637455,0.5645861621824934,0.5780326724052429,508548000,0.0,0.0,NVDA,1d
2007-06-15 00:00:00-04:00,0.5846034026638299,0.6088981871801337,0.5844502884068086,0.6043142676353455,1081998000,0.0,0.0,NVDA,1d
2007-06-18 00:00:00-04:00,0.6104257351932146,0.6125655102839954,0.5997305209306659,0.6046197414398193,685662000,0.0,0.0,NVDA,1d
2007-06-19 00:00:00-04:00,0.6007992229363067,0.6098148754755971,0.5966737177767559,0.6084397435188293,491952000,0.0,0.0,NVDA,1d
2007-06-20 00:00:00-04:00,0.6111902872792316,0.6142459611208368,0.604925005634187,0.6090505123138428,822792000,0.0,0.0,NVDA,1d
2007-06-21 00:00:00-04:00,0.6208163181165727,0.6620716432325429,0.6160792849384499,0.6567230820655823,1297326000,0.0,0.0,NVDA,1d
2007-06-22 00:00:00-04:00,0.6570293967032124,0.6703227961629609,0.6470969699370607,0.6665025353431702,882618000,0.0,0.0,NVDA,1d
2007-06-25 00:00:00-04:00,0.6478615317818033,0.6637521352895589,0.6419024256854008,0.6489304900169373,819702000,0.0,0.0,NVDA,1d
2007-06-26 00:00:00-04:00,0.647250328559367,0.6490839300101754,0.6173017234414575,0.6188300251960754,868482000,0.0,0.0,NVDA,1d
2007-06-27 00:00:00-04:00,0.6188298580441566,0.6362487665762091,0.615774184319449,0.635485053062439,613140000,0.0,0.0,NVDA,1d
2007-06-28 00:00:00-04:00,0.637318507218055,0.6484721317756219,0.63105317261121,0.6415961980819702,597534000,0.0,0.0,NVDA,1d
2007-06-29 00:00:00-04:00,0.6458750423907823,0.6460281020374521,0.6309011532228412,0.6312064528465271,516570000,0.0,0.0,NVDA,1d
2007-07-02 00:00:00-04:00,0.6402212639066979,0.6577932334651228,0.6382354774672724,0.6574879884719849,563850000,0.0,0.0,NVDA,1d
2007-07-03 00:00:00-04:00,0.6570293278230741,0.6637520921749516,0.6516808211600402,0.6585566997528076,238770000,0.0,0.0,NVDA,1d
2007-07-05 00:00:00-04:00,0.6587098180620011,0.6677245420004775,0.6555010309831911,0.6655856966972351,373290000,0.0,0.0,NVDA,1d
2007-07-06 00:00:00-04:00,0.664669006909629,0.6713917721435539,0.6634469343427006,0.6687945127487183,282720000,0.0,0.0,NVDA,1d
2007-07-09 00:00:00-04:00,0.6712397396798178,0.6914090235774436,0.6710866253839753,0.6882002353668213,536784000,0.0,0.0,NVDA,1d
2007-07-10 00:00:00-04:00,0.6846851970748816,0.6990484300322019,0.6773509034867029,0.694922924041748,552654000,0.0,0.0,NVDA,1d
2007-07-11 00:00:00-04:00,0.6947697913100823,0.6995068252822347,0.682240979074627,0.6918672323226929,582612000,0.0,0.0,NVDA,1d
2007-07-12 00:00:00-04:00,0.6967563195431354,0.7059241572248152,0.6918671011938702,0.7051604986190796,438732000,0.0,0.0,NVDA,1d
2007-07-13 00:00:00-04:00,0.7031737980865422,0.7115779220323788,0.7001181255922821,0.700881838798523,372630000,0.0,0.0,NVDA,1d
2007-07-16 00:00:00-04:00,0.7014933442779933,0.7164671729701698,0.7013402300463057,0.7135637402534485,541710000,0.0,0.0,NVDA,1d
2007-07-17 00:00:00-04:00,0.7164672739346124,0.7308305602858912,0.7098966943339654,0.7105081677436829,643812000,0.0,0.0,NVDA,1d
2007-07-18 00:00:00-04:00,0.7002705156008148,0.7024102902483269,0.6837683820443972,0.6975201964378357,550656000,0.0,0.0,NVDA,1d
2007-07-19 00:00:00-04:00,0.7074525625968753,0.7109665948843175,0.6918672034478205,0.6967564225196838,407376000,0.0,0.0,NVDA,1d
2007-07-20 00:00:00-04:00,0.7013401709168581,0.7037852443355761,0.6857548702151175,0.6891167163848877,505650000,0.0,0.0,NVDA,1d
2007-07-23 00:00:00-04:00,0.6866720496899544,0.7102031835437239,0.685143748117058,0.6959930062294006,360474000,0.0,0.0,NVDA,1d
2007-07-24 00:00:00-04:00,0.6932423667931834,0.6990483586434788,0.6733783883509754,0.6776570081710815,457560000,0.0,0.0,NVDA,1d
2007-07-25 00:00:00-04:00,0.6778092294248731,0.6874354824564451,0.6588629518798966,0.6744483113288879,437196000,0.0,0.0,NVDA,1d
2007-07-26 00:00:00-04:00,0.6672663296247964,0.6872834271665296,0.6582516029655375,0.6778093576431274,710268000,0.0,0.0,NVDA,1d
2007-07-27 00:00:00-04:00,0.676128625869751,0.7072992822014778,0.6758233263879166,0.676128625869751,615480000,0.0,0.0,NVDA,1d
2007-07-30 00:00:00-04:00,0.6785739148841136,0.6961450067348257,0.6784208006152995,0.695076048374176,538158000,0.0,0.0,NVDA,1d
2007-07-31 00:00:00-04:00,0.7225795365858427,0.7323579751172754,0.6982847512465736,0.6992015242576599,711492000,0.0,0.0,NVDA,1d
2007-08-01 00:00:00-04:00,0.6891170440063689,0.7060775392203911,0.6616134658866696,0.6940062642097473,705828000,0.0,0.0,NVDA,1d
2007-08-02 00:00:00-04:00,0.7019520749363418,0.702562619576964,0.6816296760826732,0.6909506320953369,468606000,0.0,0.0,NVDA,1d
2007-08-03 00:00:00-04:00,0.6886584640111686,0.6937007972900918,0.6496950938400801,0.6500003933906555,623412000,0.0,0.0,NVDA,1d
2007-08-06 00:00:00-04:00,0.6555010676383972,0.6603902865269856,0.6371653902524538,0.6555010676383972,524724000,0.0,0.0,NVDA,1d
2007-08-07 00:00:00-04:00,0.6555010851940798,0.676740250864993,0.6467916600603518,0.6658910512924194,565764000,0.0,0.0,NVDA,1d
2007-08-08 00:00:00-04:00,0.6779622048108119,0.7173839818543603,0.6727668128355403,0.6966031789779663,660744000,0.0,0.0,NVDA,1d
2007-08-09 00:00:00-04:00,0.7013405148242678,0.7242601727070997,0.6852967925575367,0.7048545479774475,1251834000,0.0,0.0,NVDA,1d
2007-08-10 00:00:00-04:00,0.6470969046615354,0.6767401933986982,0.6324283198898246,0.6721562743186951,1141014000,0.0,0.0,NVDA,1d
2007-08-13 00:00:00-04:00,0.6775038464067491,0.6820877650788897,0.6509170525347887,0.6648219227790833,700410000,0.0,0.0,NVDA,1d
2007-08-14 00:00:00-04:00,0.6694059098236391,0.7013402842071146,0.6674192497818431,0.6906441450119019,1092174000,0.0,0.0,NVDA,1d
2007-08-15 00:00:00-04:00,0.686977009414977,0.6967563204400635,0.6605433287640381,0.6614601016044617,695142000,0.0,0.0,NVDA,1d
2007-08-16 00:00:00-04:00,0.6548897980022448,0.6596268330730072,0.618829905408968,0.6504589915275574,780030000,0.0,0.0,NVDA,1d
2007-08-17 00:00:00-04:00,0.6684893563873098,0.6894222989194146,0.6477085991900275,0.6888108253479004,728712000,0.0,0.0,NVDA,1d
2007-08-20 00:00:00-04:00,0.6892689172644835,0.696756268305966,0.6776568810967543,0.6860601305961609,519684000,0.0,0.0,NVDA,1d
2007-08-21 00:00:00-04:00,0.6901858066781466,0.7286907614038093,0.6799489552604329,0.7231900691986084,715338000,0.0,0.0,NVDA,1d
2007-08-22 00:00:00-04:00,0.7415257570311513,0.743970830953839,0.726551926515055,0.739692211151123,566154000,0.0,0.0,NVDA,1d
2007-08-23 00:00:00-04:00,0.7432074369017257,0.7519169201850294,0.7302193866222609,0.7334281206130981,667986000,0.0,0.0,NVDA,1d
2007-08-24 00:00:00-04:00,0.7312890112384279,0.7386232499159457,0.7259404492267842,0.7372480630874634,361644000,0.0,0.0,NVDA,1d
2007-08-27 00:00:00-04:00,0.7372481161492682,0.7616951430101196,0.7338862688095601,0.7539024353027344,635946000,0.0,0.0,NVDA,1d
2007-08-28 00:00:00-04:00,0.7563473442972756,0.7594030170697765,0.7062294802434292,0.7079108953475952,560022000,0.0,0.0,NVDA,1d
2007-08-29 00:00:00-04:00,0.7227315606906661,0.7490130004524826,0.7212041888889426,0.748096227645874,538560000,0.0,0.0,NVDA,1d
2007-08-30 00:00:00-04:00,0.7409150096499595,0.7623063557538456,0.7406088358551945,0.7438175678253174,465660000,0.0,0.0,NVDA,1d
2007-08-31 00:00:00-04:00,0.7594032317826016,0.7846147933747957,0.7552776707352766,0.7817122340202332,720834000,0.0,0.0,NVDA,1d
2007-09-04 00:00:00-04:00,0.7852260892784975,0.809215571040873,0.7730025786786976,0.8058537244796753,683268000,0.0,0.0,NVDA,1d
2007-09-05 00:00:00-04:00,0.8023399935140798,0.8251064824827719,0.7991312599862286,0.799741804599762,656274000,0.0,0.0,NVDA,1d
2007-09-06 00:00:00-04:00,0.8096739712702202,0.8170082086547134,0.799894605578534,0.8032564520835876,425496000,0.0,0.0,NVDA,1d
2007-09-07 00:00:00-04:00,0.7809476481415347,0.7890465302885188,0.758944819768756,0.7739195823669434,602304000,0.0,0.0,NVDA,1d
2007-09-10 00:00:00-04:00,0.7907269027920156,0.8044786617097054,0.769640850593705,0.7760583162307739,872112000,0.0,0.0,NVDA,1d
2007-09-11 00:00:00-04:00,0.7854553399813551,0.7985195046610409,0.7772042742245459,0.7925603985786438,405424000,0.0,1.5,NVDA,1d
2007-09-12 00:00:00-04:00,0.8010408281250986,0.8049372096478171,0.75359725741862,0.7613899111747742,554452000,0.0,0.0,NVDA,1d
2007-09-13 00:00:00-04:00,0.7758292661453963,0.7767460392973455,0.7561183974775978,0.7616190910339355,452864000,0.0,0.0,NVDA,1d
2007-09-14 00:00:00-04:00,0.7540555634873396,0.7549723365743477,0.7368658358662278,0.7391577959060669,487308000,0.0,0.0,NVDA,1d
2007-09-17 00:00:00-04:00,0.7403037317179154,0.748096384171491,0.7295315260359788,0.7375533580780029,374828000,0.0,0.0,NVDA,1d
2007-09-18 00:00:00-04:00,0.7453458124880846,0.8136462247073797,0.7441998056450977,0.8021864295005798,844740000,0.0,0.0,NVDA,1d
2007-09-19 00:00:00-04:00,0.8095209681157443,0.8251062725103971,0.7797254368119125,0.7875181436538696,521360000,0.0,0.0,NVDA,1d
2007-09-20 00:00:00-04:00,0.7879765222596835,0.796456768053635,0.7742247634622544,0.7829341888427734,324172000,0.0,0.0,NVDA,1d
2007-09-21 00:00:00-04:00,0.7907269544897382,0.8021867543370546,0.7829342468778542,0.7904977202415466,457532000,0.0,0.0,NVDA,1d
2007-09-24 00:00:00-04:00,0.795310910928182,0.8228144318239713,0.7895809834192399,0.8106670379638672,456360000,0.0,0.0,NVDA,1d
2007-09-25 00:00:00-04:00,0.8058539001740612,0.8244187595092934,0.8035619402075646,0.8209808468818665,360748000,0.0,0.0,NVDA,1d
2007-09-26 00:00:00-04:00,0.8251062668595658,0.8422959921367714,0.8230435413562202,0.8404624462127686,518032000,0.0,0.0,NVDA,1d
2007-09-27 00:00:00-04:00,0.8484842960112979,0.8526098563951365,0.834044943957126,0.842983603477478,378280000,0.0,0.0,NVDA,1d
2007-09-28 00:00:00-04:00,0.8480259623696945,0.8510055156328342,0.8287734559548484,0.8306070566177368,404292000,0.0,0.0,NVDA,1d
2007-10-01 00:00:00-04:00,0.8377118571058488,0.8697993396755671,0.8367950843797691,0.8656737804412842,398200000,0.0,0.0,NVDA,1d
2007-10-02 00:00:00-04:00,0.8636112937943639,0.865215714915055,0.844817255277912,0.8574230074882507,284960000,0.0,0.0,NVDA,1d
2007-10-03 00:00:00-04:00,0.8422960800347491,0.8422960800347491,0.8074582666861453,0.8209808468818665,467196000,0.0,0.0,NVDA,1d
2007-10-04 00:00:00-04:00,0.8200640432847409,0.8294610624040384,0.7964567963998672,0.8246479630470276,378976000,0.0,0.0,NVDA,1d
2007-10-05 00:00:00-04:00,0.8377121781457001,0.8510055790244963,0.8287735176904375,0.8464216589927673,344840000,0.0,0.0,NVDA,1d
2007-10-08 00:00:00-04:00,0.8523805740324909,0.8615484120316276,0.8422959085177407,0.860173225402832,252484000,0.0,0.0,NVDA,1d
2007-10-09 00:00:00-04:00,0.8601732254427781,0.8640695511281297,0.8324404772428644,0.8450462818145752,403008000,0.0,0.0,NVDA,1d
2007-10-10 00:00:00-04:00,0.8507759796160594,0.8507759796160594,0.825564430262423,0.8459628820419312,389136000,0.0,0.0,NVDA,1d
2007-10-11 00:00:00-04:00,0.8381705337330185,0.8487135600019198,0.7992071615276094,0.8083750009536743,529104000,0.0,0.0,NVDA,1d
2007-10-12 00:00:00-04:00,0.8173137518957015,0.8280859589576721,0.8047079439573414,0.8280859589576721,409952000,0.0,0.0,NVDA,1d
2007-10-15 00:00:00-04:00,0.8308362006023426,0.8448171933097406,0.8269398744970572,0.8340449333190918,355900000,0.0,0.0,NVDA,1d
2007-10-16 00:00:00-04:00,0.8331282185265823,0.8565062314354118,0.830148665183073,0.841608464717865,276360000,0.0,0.0,NVDA,1d
2007-10-17 00:00:00-04:00,0.8743835742350701,0.9087629737334927,0.8734668011773727,0.9062418341636658,717944000,0.0,0.0,NVDA,1d
2007-10-18 00:00:00-04:00,0.9032621561219015,0.909221262141726,0.8805717391900908,0.9055541157722473,340620000,0.0,0.0,NVDA,1d
2007-10-19 00:00:00-04:00,0.9034912509589238,0.9039496647038516,0.856735234761218,0.8569644689559937,505768000,0.0,0.0,NVDA,1d
2007-10-22 00:00:00-04:00,0.8514639107800851,0.8993659446047788,0.8445880309542477,0.8975323438644409,537656000,0.0,0.0,NVDA,1d
2007-10-23 00:00:00-04:00,0.9092214127703893,0.9092214127703893,0.8773631519593094,0.9018871188163757,294292000,0.0,0.0,NVDA,1d
2007-10-24 00:00:00-04:00,0.8824054985104393,0.8824054985104393,0.828544406375757,0.8714041113853455,565500000,0.0,0.0,NVDA,1d
2007-10-25 00:00:00-04:00,0.8445881469637783,0.8526100351847635,0.7698701770197958,0.7953109741210938,806192000,0.0,0.0,NVDA,1d
2007-10-26 00:00:00-04:00,0.8205222973141209,0.8260230440395833,0.7769750651535132,0.7884348630905151,616580000,0.0,0.0,NVDA,1d
2007-10-29 00:00:00-04:00,0.7613897967937949,0.7735371895013204,0.7462628508074701,0.7698700428009033,813896000,0.0,0.0,NVDA,1d
2007-10-30 00:00:00-04:00,0.776058370266433,0.8143341510992513,0.7632233834539839,0.7980612516403198,525212000,0.0,0.0,NVDA,1d
2007-10-31 00:00:00-04:00,0.8028740947175964,0.8113543384670806,0.7778917225317747,0.8108959794044495,455188000,0.0,0.0,NVDA,1d
2007-11-01 00:00:00-04:00,0.7982901762235715,0.8271688736648524,0.7872887390511403,0.8108959794044495,587236000,0.0,0.0,NVDA,1d
2007-11-02 00:00:00-04:00,0.8221268417334788,0.8480260507931109,0.8106670413128906,0.8420669436454773,491844000,0.0,0.0,NVDA,1d
2007-11-05 00:00:00-05:00,0.8349618291334654,0.8622362251724959,0.829690315475531,0.8420669436454773,436636000,0.0,0.0,NVDA,1d
2007-11-06 00:00:00-05:00,0.8500887372134837,0.8755294749391871,0.8461923563213809,0.8686535954475403,554620000,0.0,0.0,NVDA,1d
2007-11-07 00:00:00-05:00,0.8681952743768269,0.8716331869512378,0.8205224203774413,0.8273983001708984,546768000,0.0,0.0,NVDA,1d
2007-11-08 00:00:00-05:00,0.8193764902566489,0.8342742575409567,0.7519927680682279,0.775600016117096,996824000,0.0,0.0,NVDA,1d
2007-11-09 00:00:00-05:00,0.7918728260440914,0.7976027527031764,0.7483255910846413,0.7645984888076782,871056000,0.0,0.0,NVDA,1d
2007-11-12 00:00:00-05:00,0.7643693116169065,0.7698700040684737,0.6882761716842651,0.6882761716842651,715732000,0.0,0.0,NVDA,1d
2007-11-13 00:00:00-05:00,0.6995068962875893,0.7497008385964465,0.6882762754656232,0.7490132451057434,726696000,0.0,0.0,NVDA,1d
2007-11-14 00:00:00-05:00,0.7680365455770036,0.7753707847992503,0.7334279112831534,0.7373242378234863,666720000,0.0,0.0,NVDA,1d
2007-11-15 00:00:00-05:00,0.7325110623611049,0.7393869416575878,0.7105081830388024,0.727468729019165,496436000,0.0,0.0,NVDA,1d
2007-11-16 00:00:00-05:00,0.7334278398224083,0.7458044117028192,0.7274687334667642,0.7437416315078735,423592000,0.0,0.0,NVDA,1d
2007-11-19 00:00:00-05:00,0.7331986370273605,0.7368657837607181,0.689651399349746,0.6935477256774902,568412000,0.0,0.0,NVDA,1d
2007-11-20 00:00:00-05:00,0.7066118496192431,0.7077578568124945,0.6671901202011882,0.6882761716842651,622628000,0.0,0.0,NVDA,1d
2007-11-21 00:00:00-05:00,0.6738367619487182,0.697214771164986,0.6717739819648818,0.6809418201446533,648452000,0.0,0.0,NVDA,1d
2007-11-23 00:00:00-05:00,0.6857553031143976,0.6956107393600762,0.6770458198697898,0.692631185054779,141976000,0.0,0.0,NVDA,1d
2007-11-26 00:00:00-05:00,0.6921725850020835,0.7063827590501766,0.6752120917039527,0.6765872240066528,385896000,0.0,0.0,NVDA,1d
2007-11-27 00:00:00-05:00,0.6862132332298737,0.707757693549375,0.6809417215751187,0.7056949138641357,458856000,0.0,0.0,NVDA,1d
2007-11-28 00:00:00-05:00,0.7279270473600222,0.7629940326373942,0.7244890808403661,0.7529094219207764,574548000,0.0,0.0,NVDA,1d
2007-11-29 00:00:00-05:00,0.7517635213753024,0.7815590532849835,0.748554788598762,0.7590978145599365,489084000,0.0,0.0,NVDA,1d
2007-11-30 00:00:00-05:00,0.7838509665683432,0.7838509665683432,0.7205928145544328,0.7228847742080688,652656000,0.0,0.0,NVDA,1d
2007-12-03 00:00:00-05:00,0.7334281206130981,0.7469507048826578,0.7221974970005155,0.7334281206130981,490688000,0.0,0.0,NVDA,1d
2007-12-04 00:00:00-05:00,0.7366364296028735,0.7391575684775858,0.7185299344658698,0.7327401041984558,371712000,0.0,0.0,NVDA,1d
2007-12-05 00:00:00-05:00,0.760702150495857,0.7849969342221803,0.7513051321279883,0.7707867622375488,666704000,0.0,0.0,NVDA,1d
2007-12-06 00:00:00-05:00,0.7689532787078294,0.7888933242321762,0.7620773990565154,0.786372184753418,371152000,0.0,0.0,NVDA,1d
2007-12-07 00:00:00-05:00,0.7895807799387619,0.790497552803435,0.7684947308281567,0.7765166163444519,320292000,0.0,0.0,NVDA,1d
2007-12-10 00:00:00-05:00,0.7790378206975946,0.794164765489123,0.7767458610214428,0.7849969267845154,336360000,0.0,0.0,NVDA,1d
2007-12-11 00:00:00-05:00,0.8017281224993078,0.8163967060312647,0.7840800409973321,0.7859135866165161,582436000,0.0,0.0,NVDA,1d
2007-12-12 00:00:00-05:00,0.8191471821217108,0.827169068700015,0.7971443572335019,0.8129588961601257,617504000,0.0,0.0,NVDA,1d
2007-12-13 00:00:00-05:00,0.8031034721555775,0.8083749851872132,0.7673488881623516,0.790726900100708,500364000,0.0,0.0,NVDA,1d
2007-12-14 00:00:00-05:00,0.7870596760921857,0.8125004657533236,0.7817881635788251,0.8037909865379333,354016000,0.0,0.0,NVDA,1d
2007-12-17 00:00:00-05:00,0.7953107181493979,0.8028741900268613,0.7609312707184047,0.7627648711204529,507408000,0.0,0.0,NVDA,1d
2007-12-18 00:00:00-05:00,0.7744538242174555,0.7907267745487516,0.7666611730235348,0.7822465300559998,396896000,0.0,0.0,NVDA,1d
2007-12-19 00:00:00-05:00,0.779496446026689,0.7969153552214293,0.7762877125382315,0.7895810604095459,253536000,0.0,0.0,NVDA,1d
2007-12-20 00:00:00-05:00,0.8021866973413379,0.8079166241802003,0.7854553852885594,0.8060830235481262,279940000,0.0,0.0,NVDA,1d
2007-12-21 00:00:00-05:00,0.8157091556513671,0.8228142136050522,0.7985194323280735,0.8058537244796753,433408000,0.0,0.0,NVDA,1d
2007-12-24 00:00:00-05:00,0.8118130010924651,0.8239603942907273,0.8058538942941273,0.8200640678405762,104008000,0.0,0.0,NVDA,1d
2007-12-26 00:00:00-05:00,0.821668574150382,0.8310655951499939,0.8136466856389086,0.8310655951499939,215340000,0.0,0.0,NVDA,1d
2007-12-27 00:00:00-05:00,0.8296903318760991,0.834274306779585,0.803332817710054,0.8053955435752869,241368000,0.0,0.0,NVDA,1d
2007-12-28 00:00:00-05:00,0.8040201778959347,0.8136464301581808,0.7904975997439914,0.7973735332489014,262064000,0.0,0.0,NVDA,1d
2007-12-31 00:00:00-05:00,0.7909560514664954,0.8053954032301787,0.7794962528163207,0.7797254323959351,276236000,0.0,0.0,NVDA,1d
2008-01-02 00:00:00-05:00,0.7820175171828906,0.7849970707728766,0.7462629287476974,0.7565767765045166,483964000,0.0,0.0,NVDA,1d
2008-01-03 00:00:00-05:00,0.7609311136911628,0.7760580543244645,0.7478669525927515,0.7506173253059387,475308000,0.0,0.0,NVDA,1d
2008-01-04 00:00:00-05:00,0.7281564981354904,0.7318236455741811,0.6830048306788683,0.6875887513160706,736092000,0.0,0.0,NVDA,1d
2008-01-07 00:00:00-05:00,0.6921726070421376,0.6979025346236167,0.6039320610841226,0.616537868976593,1006800000,0.0,0.0,NVDA,1d
2008-01-08 00:00:00-05:00,0.6199757023542662,0.6713156458123678,0.6055363500872541,0.6296019554138184,1106956000,0.0,0.0,NVDA,1d
2008-01-09 00:00:00-05:00,0.6380820418664678,0.6623768753569232,0.6286850253863303,0.6621476411819458,741036000,0.0,0.0,NVDA,1d
2008-01-10 00:00:00-05:00,0.6440413937622256,0.6587099822220498,0.6355611467964996,0.6483961343765259,554432000,0.0,0.0,NVDA,1d
2008-01-11 00:00:00-05:00,0.6330400884089172,0.6463334369336354,0.6153919440656593,0.6199758648872375,572612000,0.0,0.0,NVDA,1d
2008-01-14 00:00:00-05:00,0.6291435486129783,0.6621478139598627,0.6190589362657115,0.6612310409545898,539188000,0.0,0.0,NVDA,1d
2008-01-15 00:00:00-05:00,0.6360195271593899,0.6435830006089419,0.6018692521886905,0.6126415133476257,725692000,0.0,0.0,NVDA,1d
2008-01-16 00:00:00-05:00,0.5741365565604214,0.5812416162015787,0.5308184413117595,0.5434242486953735,1464472000,0.0,0.0,NVDA,1d
2008-01-17 00:00:00-05:00,0.551904417979415,0.566572949067525,0.532651912866352,0.534027099609375,1133900000,0.0,0.0,NVDA,1d
2008-01-18 00:00:00-05:00,0.5356315581012463,0.5723029740990018,0.5161499247047224,0.5693234205245972,920428000,0.0,0.0,NVDA,1d
2008-01-22 00:00:00-05:00,0.5150038225673236,0.5541963710523651,0.5117950899683357,0.5409029722213745,709092000,0.0,0.0,NVDA,1d
2008-01-23 00:00:00-05:00,0.5189001693938452,0.5670313788924645,0.5138578907197298,0.5507584810256958,929880000,0.0,0.0,NVDA,1d
2008-01-24 00:00:00-05:00,0.5615307672494626,0.5931598492080109,0.5562592535897046,0.5929306149482727,597092000,0.0,0.0,NVDA,1d
2008-01-25 00:00:00-05:00,0.6156211738127093,0.6293729361759113,0.5690943177080987,0.5718446373939514,688012000,0.0,0.0,NVDA,1d
2008-01-28 00:00:00-05:00,0.5697821603830777,0.575512036550359,0.5528216023380775,0.564969003200531,577608000,0.0,0.0,NVDA,1d
2008-01-29 00:00:00-05:00,0.5750533273467827,0.5846795812131249,0.560155560011329,0.5823875665664673,414484000,0.0,0.0,NVDA,1d
2008-01-30 00:00:00-05:00,0.5729906893713587,0.5860548591655803,0.5608432928768867,0.5773454308509827,530476000,0.0,0.0,NVDA,1d
2008-01-31 00:00:00-05:00,0.5647396386275267,0.5741367155263106,0.5461747191457894,0.5635936856269836,588708000,0.0,0.0,NVDA,1d
2008-02-01 00:00:00-05:00,0.5624475395398968,0.6188298231206024,0.5576344397619473,0.6156210899353027,593104000,0.0,0.0,NVDA,1d
2008-02-04 00:00:00-05:00,0.6289145303331852,0.6323524982905543,0.5931599367997822,0.596368670463562,565128000,0.0,0.0,NVDA,1d
2008-02-05 00:00:00-05:00,0.5844502839271267,0.5846795181538511,0.558780312815215,0.5590094923973083,494928000,0.0,0.0,NVDA,1d
2008-02-06 00:00:00-05:00,0.5649687676972932,0.5805541314792029,0.5468622638242729,0.5571761131286621,557380000,0.0,0.0,NVDA,1d
2008-02-07 00:00:00-05:00,0.5411323136037899,0.57849126897032,0.5294432787574173,0.562676727771759,664128000,0.0,0.0,NVDA,1d
2008-02-08 00:00:00-05:00,0.5574054079451675,0.5771162827345195,0.550071165807155,0.572761595249176,393932000,0.0,0.0,NVDA,1d
2008-02-11 00:00:00-05:00,0.5775745283013796,0.5869716035589996,0.570698647565011,0.5745949745178223,503732000,0.0,0.0,NVDA,1d
2008-02-12 00:00:00-05:00,0.5833044962482341,0.6041613195191348,0.5800957079687794,0.5959102511405945,609688000,0.0,0.0,NVDA,1d
2008-02-13 00:00:00-05:00,0.6004939952612512,0.6211216874605936,0.5940765298798597,0.6192880868911743,742312000,0.0,0.0,NVDA,1d
2008-02-14 00:00:00-05:00,0.6011812968116097,0.6016397103925935,0.5168371869666663,0.5182123184204102,2184296000,0.0,0.0,NVDA,1d
2008-02-15 00:00:00-05:00,0.5161499522343471,0.5301308931025255,0.5021689567215271,0.510420024394989,817364000,0.0,0.0,NVDA,1d
2008-02-19 00:00:00-05:00,0.5198169240517035,0.5207337516370856,0.4985016936172079,0.502856433391571,558608000,0.0,0.0,NVDA,1d
2008-02-20 00:00:00-05:00,0.4881880777092357,0.5065237616869784,0.4861252968683451,0.49918946623802185,759016000,0.0,0.0,NVDA,1d
2008-02-21 00:00:00-05:00,0.5042315600573192,0.506752699005211,0.4849790573718575,0.4879586100578308,644272000,0.0,0.0,NVDA,1d
2008-02-22 00:00:00-05:00,0.49185494719687894,0.512482636939353,0.48818785578407126,0.5115658640861511,723052000,0.0,0.0,NVDA,1d
2008-02-25 00:00:00-05:00,0.5111075046504913,0.5170666107964886,0.4978141056102463,0.5113366842269897,671784000,0.0,0.0,NVDA,1d
2008-02-26 00:00:00-05:00,0.5083571070281071,0.5234840512516965,0.5005644553506904,0.5156913995742798,565420000,0.0,0.0,NVDA,1d
2008-02-27 00:00:00-05:00,0.5131704991616174,0.5278390364336009,0.5099617105269455,0.5237135291099548,537816000,0.0,0.0,NVDA,1d
2008-02-28 00:00:00-05:00,0.5191294533005394,0.5200462263613278,0.5040024518966675,0.5040024518966675,503608000,0.0,0.0,NVDA,1d
2008-02-29 00:00:00-05:00,0.49575136408059334,0.5023980087408749,0.4881878918547446,0.4902506172657013,540576000,0.0,0.0,NVDA,1d
2008-03-03 00:00:00-05:00,0.48956304172977494,0.4930010086141952,0.47810324318942354,0.4845207631587982,449028000,0.0,0.0,NVDA,1d
2008-03-04 00:00:00-05:00,0.4813119948831645,0.48222882251834837,0.46091353628138265,0.47970762848854065,778888000,0.0,0.0,NVDA,1d
2008-03-05 00:00:00-05:00,0.484291445492998,0.49666806949978043,0.4792491677908093,0.48520827293395996,644656000,0.0,0.0,NVDA,1d
2008-03-06 00:00:00-05:00,0.4792493481688467,0.4824580814860431,0.4540377315903694,0.45472532510757446,1075284000,0.0,0.0,NVDA,1d
2008-03-07 00:00:00-05:00,0.4464742384424648,0.4657267468111684,0.43547282460486225,0.44807863235473633,767500000,0.0,0.0,NVDA,1d
2008-03-10 00:00:00-04:00,0.44257786248464276,0.44807858245198556,0.4217210171711443,0.4224086105823517,776100000,0.0,0.0,NVDA,1d
2008-03-11 00:00:00-04:00,0.4354727651684793,0.4407442780922457,0.41805386002620326,0.4363895654678345,857940000,0.0,0.0,NVDA,1d
2008-03-12 00:00:00-04:00,0.4405151249667292,0.4444114513366362,0.42080423155337576,0.424471378326416,743320000,0.0,0.0,NVDA,1d
2008-03-13 00:00:00-04:00,0.41782462388668945,0.4579339716109773,0.4153034847150704,0.4515164792537689,1220528000,0.0,0.0,NVDA,1d
2008-03-14 00:00:00-04:00,0.4538085244520243,0.4542669109949291,0.41667872267499306,0.4198874831199646,1154972000,0.0,0.0,NVDA,1d
2008-03-17 00:00:00-04:00,0.4015516961547205,0.4235545464118111,0.3967385700995151,0.4093443751335144,800952000,0.0,0.0,NVDA,1d
2008-03-18 00:00:00-04:00,0.41897064791042704,0.43547278066281764,0.40705246217328,0.4347851872444153,1075256000,0.0,0.0,NVDA,1d
2008-03-19 00:00:00-04:00,0.4247004262636485,0.43065950338622716,0.40476036071777344,0.40476036071777344,880476000,0.0,0.0,NVDA,1d
2008-03-20 00:00:00-04:00,0.40957361163738826,0.42538815135851743,0.402239345413625,0.424471378326416,633460000,0.0,0.0,NVDA,1d
2008-03-24 00:00:00-04:00,0.43386836809557583,0.46160109021750995,0.43226400183812896,0.45907995104789734,887440000,0.0,0.0,NVDA,1d
2008-03-25 00:00:00-04:00,0.4611428426951132,0.47443618975050134,0.45678810200255476,0.465726763010025,735388000,0.0,0.0,NVDA,1d
2008-03-26 00:00:00-04:00,0.4595385111333033,0.46274724466978756,0.4457867218163528,0.45082902908325195,721652000,0.0,0.0,NVDA,1d
2008-03-27 00:00:00-04:00,0.44395309983504927,0.4565588802934035,0.43707719226271846,0.4444114863872528,601308000,0.0,0.0,NVDA,1d
2008-03-28 00:00:00-04:00,0.45243333877267067,0.4627471862897729,0.44784941868610034,0.45105817914009094,561788000,0.0,0.0,NVDA,1d
2008-03-31 00:00:00-04:00,0.45587120667832703,0.46435147935400584,0.4478493477965987,0.45357924699783325,569992000,0.0,0.0,NVDA,1d
2008-04-01 00:00:00-04:00,0.467101801630254,0.4824579243419424,0.460455102891966,0.4813119173049927,676872000,0.0,0.0,NVDA,1d
2008-04-02 00:00:00-04:00,0.4826871092218081,0.4826871092218081,0.46297624698344036,0.46664339303970337,616536000,0.0,0.0,NVDA,1d
2008-04-03 00:00:00-04:00,0.46274711846177946,0.46343471183844354,0.44441141348076807,0.4579339921474457,841984000,0.0,0.0,NVDA,1d
2008-04-04 00:00:00-04:00,0.4487661505594433,0.45105813771454945,0.4292844919807304,0.43043047189712524,1535528000,0.0,0.0,NVDA,1d
2008-04-07 00:00:00-04:00,0.44097351753977915,0.44739101081958854,0.43730637071636874,0.4407443106174469,729496000,0.0,0.0,NVDA,1d
2008-04-08 00:00:00-04:00,0.43547280683613976,0.4524333271127418,0.43547280683613976,0.4382231533527374,639476000,0.0,0.0,NVDA,1d
2008-04-09 00:00:00-04:00,0.44326540799637354,0.4515164733946154,0.43913987529725257,0.4469325542449951,675232000,0.0,0.0,NVDA,1d
2008-04-10 00:00:00-04:00,0.4517456910803886,0.4700814238708028,0.44211946551831566,0.45564204454421997,1092184000,0.0,0.0,NVDA,1d
2008-04-11 00:00:00-04:00,0.4469326524066442,0.44968299903602366,0.4219502438385234,0.42470061779022217,1106280000,0.0,0.0,NVDA,1d
2008-04-14 00:00:00-04:00,0.4230962032566649,0.4240130036366544,0.4079692565488597,0.4104904234409332,780004000,0.0,0.0,NVDA,1d
2008-04-15 00:00:00-04:00,0.4125531546368523,0.41690789473600004,0.40361452216974986,0.4153035283088684,439916000,0.0,0.0,NVDA,1d
2008-04-16 00:00:00-04:00,0.43111792557831746,0.43730620965665185,0.4235544551171054,0.43180549144744873,646836000,0.0,0.0,NVDA,1d
2008-04-17 00:00:00-04:00,0.41186558115482974,0.42745091328671064,0.41163637424550015,0.42584654688835144,596968000,0.0,0.0,NVDA,1d
2008-04-18 00:00:00-04:00,0.4389106092479875,0.44280696185780744,0.42997197904003387,0.4359310567378998,573540000,0.0,0.0,NVDA,1d
2008-04-21 00:00:00-04:00,0.4324932100168801,0.4583923880278596,0.4324932100168801,0.4554128348827362,679892000,0.0,0.0,NVDA,1d
2008-04-22 00:00:00-04:00,0.44716173380908814,0.4519748598451148,0.43730630217294175,0.4469325542449951,587668000,0.0,0.0,NVDA,1d
2008-04-23 00:00:00-04:00,0.4531208566607592,0.47351931403652975,0.4471617506133848,0.4684769809246063,1020496000,0.0,0.0,NVDA,1d
2008-04-24 00:00:00-04:00,0.4712273579314884,0.4735193176097254,0.45037051393060573,0.4572463929653168,655764000,0.0,0.0,NVDA,1d
2008-04-25 00:00:00-04:00,0.46160129227849056,0.4629764795710262,0.4471619349961688,0.4618305265903473,552208000,0.0,0.0,NVDA,1d
2008-04-28 00:00:00-04:00,0.4597675599930182,0.4666434390344996,0.4517456737889753,0.45357924699783325,535700000,0.0,0.0,NVDA,1d
2008-04-29 00:00:00-04:00,0.44853707027816164,0.468706354059083,0.44853707027816164,0.4629764258861542,573408000,0.0,0.0,NVDA,1d
2008-04-30 00:00:00-04:00,0.46847694450702754,0.4760404162646434,0.46526821216006914,0.4709981381893158,1068320000,0.0,0.0,NVDA,1d
2008-05-01 00:00:00-04:00,0.47672806136794293,0.4939177866786319,0.4744361016361598,0.49277183413505554,1014624000,0.0,0.0,NVDA,1d
2008-05-02 00:00:00-04:00,0.506294387089435,0.5161498188972473,0.4987309148963552,0.5161498188972473,1131016000,0.0,0.0,NVDA,1d
2008-05-05 00:00:00-04:00,0.5127120532410462,0.515004013754697,0.5021690239493231,0.5033150315284729,943392000,0.0,0.0,NVDA,1d
2008-05-06 00:00:00-04:00,0.50193999533862,0.5175253096636264,0.4941472835314514,0.5163793563842773,729036000,0.0,0.0,NVDA,1d
2008-05-07 00:00:00-04:00,0.5177542720014444,0.5246301519988723,0.500106130827873,0.504460871219635,715632000,0.0,0.0,NVDA,1d
2008-05-08 00:00:00-04:00,0.5083573066564475,0.5099616735350789,0.48154137438630507,0.5030857920646667,1360000000,0.0,0.0,NVDA,1d
2008-05-09 00:00:00-04:00,0.5044611362689203,0.5370070072145499,0.503544362716508,0.5163793563842773,2030352000,0.0,0.0,NVDA,1d
2008-05-12 00:00:00-04:00,0.5230258237574994,0.5230258237574994,0.4966682545152597,0.5017105340957642,1006652000,0.0,0.0,NVDA,1d
2008-05-13 00:00:00-04:00,0.5042316820563045,0.5042316820563045,0.48772954851739114,0.4913966953754425,854108000,0.0,0.0,NVDA,1d
2008-05-14 00:00:00-04:00,0.4975849438391242,0.5189001752658476,0.4913966578951892,0.505836009979248,751148000,0.0,0.0,NVDA,1d
2008-05-15 00:00:00-04:00,0.5046899538982259,0.5473204672684648,0.5023979943392641,0.5450285077095032,1165464000,0.0,0.0,NVDA,1d
2008-05-16 00:00:00-04:00,0.5541964578107827,0.5606139786580381,0.5415906503696781,0.5594679713249207,1091556000,0.0,0.0,NVDA,1d
2008-05-19 00:00:00-04:00,0.559697183669916,0.5800956454486139,0.543882642202523,0.5477790236473083,1158532000,0.0,0.0,NVDA,1d
2008-05-20 00:00:00-04:00,0.5328812655759397,0.5390695526509164,0.5273805720253651,0.5335688591003418,771404000,0.0,0.0,NVDA,1d
2008-05-21 00:00:00-04:00,0.5349438308501508,0.5555714643462774,0.5280678983734892,0.5292139053344727,1066660000,0.0,0.0,NVDA,1d
2008-05-22 00:00:00-04:00,0.5367775369521647,0.5464037906538657,0.5282972905541921,0.5420490503311157,693108000,0.0,0.0,NVDA,1d
2008-05-23 00:00:00-04:00,0.5411322429540035,0.5454869830005573,0.5218797367716776,0.5296724438667297,802672000,0.0,0.0,NVDA,1d
2008-05-27 00:00:00-04:00,0.5305893170508459,0.5360900107224537,0.5205046482341483,0.5354024171829224,832856000,0.0,0.0,NVDA,1d
2008-05-28 00:00:00-04:00,0.550070743601833,0.5514458753790289,0.5342562090402226,0.5404444932937622,751736000,0.0,0.0,NVDA,1d
2008-05-29 00:00:00-04:00,0.5406736010558318,0.5415903736671575,0.5292138068027381,0.5390692353248596,693460000,0.0,0.0,NVDA,1d
2008-05-30 00:00:00-04:00,0.5544255715014809,0.5679481504145388,0.5528212051415765,0.566114604473114,830244000,0.0,0.0,NVDA,1d
2008-06-02 00:00:00-04:00,0.5661148001512816,0.5727615021144897,0.5599265121541962,0.5684067606925964,734660000,0.0,0.0,NVDA,1d
2008-06-03 00:00:00-04:00,0.5702402798351324,0.571157107723272,0.5425075750127591,0.5491542220115662,840696000,0.0,0.0,NVDA,1d
2008-06-04 00:00:00-04:00,0.5370068750794332,0.5567177475072652,0.5340273207837387,0.5555717945098877,831724000,0.0,0.0,NVDA,1d
2008-06-05 00:00:00-04:00,0.5748239937323569,0.5810123338482817,0.5631350161359762,0.569552481174469,827860000,0.0,0.0,NVDA,1d
2008-06-06 00:00:00-04:00,0.5626765181756828,0.5633641114190266,0.548237169354698,0.5514459013938904,784876000,0.0,0.0,NVDA,1d
2008-06-09 00:00:00-04:00,0.5482372826261339,0.5558007552209892,0.5319643848904976,0.5429657697677612,637916000,0.0,0.0,NVDA,1d
2008-06-10 00:00:00-04:00,0.5282971674928328,0.5289847607859749,0.5074402984383121,0.5108782649040222,1225208000,0.0,0.0,NVDA,1d
2008-06-11 00:00:00-04:00,0.5108782209395298,0.5232547898617534,0.48635420798024814,0.48704180121421814,999428000,0.0,0.0,NVDA,1d
2008-06-12 00:00:00-04:00,0.49804335370062414,0.5076695519171811,0.4858959068492255,0.4900214672088623,825992000,0.0,0.0,NVDA,1d
2008-06-13 00:00:00-04:00,0.49070916846121004,0.496439041805082,0.4739778530514606,0.48841720819473267,705748000,0.0,0.0,NVDA,1d
2008-06-16 00:00:00-04:00,0.48314567266733355,0.4877295929967778,0.4778741588240086,0.48177048563957214,630496000,0.0,0.0,NVDA,1d
2008-06-17 00:00:00-04:00,0.48864621432115407,0.4888753938730326,0.46893535209938547,0.4700813591480255,687912000,0.0,0.0,NVDA,1d
2008-06-18 00:00:00-04:00,0.46526815446247866,0.48131186885232474,0.44876602637507557,0.4563295245170593,1065272000,0.0,0.0,NVDA,1d
2008-06-19 00:00:00-04:00,0.45885076901482397,0.4652682340101194,0.44418218392050235,0.45518359541893005,784928000,0.0,0.0,NVDA,1d
2008-06-20 00:00:00-04:00,0.4450989959309811,0.45793398090591675,0.4448697890369481,0.45289164781570435,741008000,0.0,0.0,NVDA,1d
2008-06-23 00:00:00-04:00,0.4563296000235243,0.45678798647461927,0.4395982623188961,0.443494588136673,776616000,0.0,0.0,NVDA,1d
2008-06-24 00:00:00-04:00,0.4409735315593602,0.4687062858943245,0.4409735315593602,0.45816323161125183,1078928000,0.0,0.0,NVDA,1d
2008-06-25 00:00:00-04:00,0.4652682786946994,0.46870624573281094,0.45335009314440533,0.4606843590736389,900976000,0.0,0.0,NVDA,1d
2008-06-26 00:00:00-04:00,0.4469326556467903,0.45037059578901856,0.43707719445228577,0.43707719445228577,845532000,0.0,0.0,NVDA,1d
2008-06-27 00:00:00-04:00,0.43891074588258683,0.4444114662264464,0.42882613290232147,0.44189029932022095,584140000,0.0,0.0,NVDA,1d
2008-06-30 00:00:00-04:00,0.43684792280462253,0.4407442486805044,0.42607569077052465,0.42905524373054504,653940000,0.0,0.0,NVDA,1d
2008-07-01 00:00:00-04:00,0.4240131202347186,0.43020140838149434,0.41622043781235335,0.4297430217266083,881464000,0.0,0.0,NVDA,1d
2008-07-02 00:00:00-04:00,0.4276800791257199,0.4304304251619781,0.41255310762051645,0.4132407009601593,763196000,0.0,0.0,NVDA,1d
2008-07-03 00:00:00-04:00,0.29749667877820163,0.30093461868679827,0.2842033056671645,0.2862660586833954,2987520000,0.0,0.0,NVDA,1d
2008-07-07 00:00:00-04:00,0.29062075984691693,0.2924543330158549,0.2695347093876013,0.27732738852500916,2202692000,0.0,0.0,NVDA,1d
2008-07-08 00:00:00-04:00,0.27916091691366496,0.28603679470248533,0.270451438927721,0.2757229506969452,1805288000,0.0,0.0,NVDA,1d
2008-07-09 00:00:00-04:00,0.2764105065854422,0.2805360381656611,0.2709098160266876,0.2709098160266876,1413168000,0.0,0.0,NVDA,1d
2008-07-10 00:00:00-04:00,0.2722849989572915,0.2754937581674179,0.2651799146484408,0.2702222466468811,1056992000,0.0,0.0,NVDA,1d
2008-07-11 00:00:00-04:00,0.2647215955847749,0.27411864143754644,0.2594500827240083,0.26747196912765503,807760000,0.0,0.0,NVDA,1d
2008-07-14 00:00:00-04:00,0.2695346828906952,0.27159743542652304,0.2534909397314215,0.25532451272010803,882316000,0.0,0.0,NVDA,1d
2008-07-15 00:00:00-04:00,0.25303257643836125,0.26334642202697106,0.2452399246771964,0.25807490944862366,1122484000,0.0,0.0,NVDA,1d
2008-07-16 00:00:00-04:00,0.2589917212855138,0.2663259876903501,0.25188663448320237,0.25945010781288147,1034392000,0.0,0.0,NVDA,1d
2008-07-17 00:00:00-04:00,0.26357567994432957,0.26357567994432957,0.2502823047628921,0.26036694645881653,862080000,0.0,0.0,NVDA,1d
2008-07-18 00:00:00-04:00,0.2585333189063293,0.26655517827152053,0.2511990256288729,0.26495081186294556,899720000,0.0,0.0,NVDA,1d
2008-07-21 00:00:00-04:00,0.2690763870117312,0.2729727138472643,0.2642632597122182,0.26655521988868713,571636000,0.0,0.0,NVDA,1d
2008-07-22 00:00:00-04:00,0.26403406950096986,0.2651800496618402,0.2557830287360965,0.26082533597946167,555924000,0.0,0.0,NVDA,1d
2008-07-23 00:00:00-04:00,0.2626588513879659,0.2713683041414443,0.26151287148151653,0.2686179578304291,594876000,0.0,0.0,NVDA,1d
2008-07-24 00:00:00-04:00,0.26586758033955127,0.268388747026086,0.252115821661687,0.25280341506004333,705628000,0.0,0.0,NVDA,1d
2008-07-25 00:00:00-04:00,0.2553245587668631,0.2658675848614695,0.2500530457195599,0.26495081186294556,1039600000,0.0,0.0,NVDA,1d
2008-07-28 00:00:00-04:00,0.2615128664230021,0.2729726652658257,0.26036688653871976,0.26426321268081665,734808000,0.0,0.0,NVDA,1d
2008-07-29 00:00:00-04:00,0.2647215901145256,0.2736602492995457,0.2617420370528523,0.2670135498046875,764636000,0.0,0.0,NVDA,1d
2008-07-30 00:00:00-04:00,0.27228509358576714,0.2727435074338915,0.2571581469779265,0.263117253780365,588492000,0.0,0.0,NVDA,1d
2008-07-31 00:00:00-04:00,0.2624296841639552,0.26793040494015413,0.2594501304921375,0.2622005045413971,487236000,0.0,0.0,NVDA,1d
2008-08-01 00:00:00-04:00,0.25532454910614644,0.2562413493922976,0.24523993721468976,0.2484486699104309,881060000,0.0,0.0,NVDA,1d
2008-08-04 00:00:00-04:00,0.24844872868480344,0.2498239157781943,0.24180202749650984,0.24248962104320526,522052000,0.0,0.0,NVDA,1d
2008-08-05 00:00:00-04:00,0.24707342789217512,0.2564704716205597,0.2443230822933801,0.2564704716205597,685844000,0.0,0.0,NVDA,1d
2008-08-06 00:00:00-04:00,0.25715820785503196,0.26563848354042024,0.24890713914796606,0.26334652304649353,814864000,0.0,0.0,NVDA,1d
2008-08-07 00:00:00-04:00,0.26105450138369335,0.2727435080927448,0.25624137454530327,0.2592209279537201,819232000,0.0,0.0,NVDA,1d
2008-08-08 00:00:00-04:00,0.26128362390012966,0.2635755833562641,0.25119898589975115,0.25211578607559204,853764000,0.0,0.0,NVDA,1d
2008-08-11 00:00:00-04:00,0.25394934151806037,0.263575565102712,0.25303254140571113,0.25738728046417236,1196436000,0.0,0.0,NVDA,1d
2008-08-12 00:00:00-04:00,0.2594501851133557,0.2601377787704275,0.2500531355521352,0.2537202835083008,1410868000,0.0,0.0,NVDA,1d
2008-08-13 00:00:00-04:00,0.2738895334470672,0.2851201281674841,0.26724283207753025,0.28099459409713745,2095260000,0.0,0.0,NVDA,1d
2008-08-14 00:00:00-04:00,0.27893184876367383,0.30918574793677284,0.27893184876367383,0.29795512557029724,1635304000,0.0,0.0,NVDA,1d
2008-08-15 00:00:00-04:00,0.303226481914712,0.3066644480491203,0.2949754178367501,0.297038197517395,777652000,0.0,0.0,NVDA,1d
2008-08-18 00:00:00-04:00,0.2991010858172623,0.3057477869349673,0.2958923523965229,0.3029974400997162,893968000,0.0,0.0,NVDA,1d
2008-08-19 00:00:00-04:00,0.2968090724016754,0.30941487883968155,0.2968090724016754,0.3075813055038452,1014140000,0.0,0.0,NVDA,1d
2008-08-20 00:00:00-04:00,0.3121652806345865,0.3236250818663602,0.30987332038823173,0.3227083086967468,1143692000,0.0,0.0,NVDA,1d
2008-08-21 00:00:00-04:00,0.3169783571860858,0.31949952398120024,0.3057477373887689,0.312165230512619,1021560000,0.0,0.0,NVDA,1d
2008-08-22 00:00:00-04:00,0.3144572477104545,0.3181243951131953,0.30528940652592457,0.31193608045578003,459264000,0.0,0.0,NVDA,1d
2008-08-25 00:00:00-04:00,0.3101025296207012,0.3174367969984707,0.3064353822706556,0.3073521554470062,471600000,0.0,0.0,NVDA,1d
2008-08-26 00:00:00-04:00,0.3089565242002533,0.3091857038144213,0.2968091030128139,0.3000178635120392,613112000,0.0,0.0,NVDA,1d
2008-08-27 00:00:00-04:00,0.2931420289881953,0.3059770183415248,0.29039165461082217,0.30230987071990967,454620000,0.0,0.0,NVDA,1d
2008-08-28 00:00:00-04:00,0.3027682188494265,0.3059769794409731,0.29818429856634854,0.30116385221481323,365192000,0.0,0.0,NVDA,1d
2008-08-29 00:00:00-04:00,0.2970382911038401,0.29795506414698636,0.28878722442625376,0.28970402479171753,516004000,0.0,0.0,NVDA,1d
2008-09-02 00:00:00-04:00,0.2945170327710886,0.29703819884011184,0.2784733182431821,0.2823696434497833,693928000,0.0,0.0,NVDA,1d
2008-09-03 00:00:00-04:00,0.2784734405669607,0.2796194206794864,0.264721651894331,0.26724281907081604,714856000,0.0,0.0,NVDA,1d
2008-09-04 00:00:00-04:00,0.2642631769985553,0.2670135228850031,0.26197121753946345,0.26357558369636536,716128000,0.0,0.0,NVDA,1d
2008-09-05 00:00:00-04:00,0.26128365597849,0.26815953519105984,0.26105447639812684,0.26747196912765503,791100000,0.0,0.0,NVDA,1d
2008-09-08 00:00:00-04:00,0.26999304740829133,0.26999304740829133,0.25211576003265995,0.2564704716205597,1314840000,0.0,0.0,NVDA,1d
2008-09-09 00:00:00-04:00,0.25555371928812787,0.2711390486901132,0.24684426809387333,0.24776104092597961,1098296000,0.0,0.0,NVDA,1d
2008-09-10 00:00:00-04:00,0.25074059643706154,0.25578292903735506,0.24638588445205706,0.24799025058746338,644284000,0.0,0.0,NVDA,1d
2008-09-11 00:00:00-04:00,0.23378005951766728,0.2411143508951756,0.22827935464569063,0.23607201874256134,1066976000,0.0,0.0,NVDA,1d
2008-09-12 00:00:00-04:00,0.23400935233489034,0.2356137189172354,0.2202575782725118,0.23355096578598022,1209200000,0.0,0.0,NVDA,1d
2008-09-15 00:00:00-04:00,0.22529982921577402,0.2287377821266856,0.21040207880567788,0.2131524384021759,863984000,0.0,0.0,NVDA,1d
2008-09-16 00:00:00-04:00,0.2055890153896954,0.221403556085915,0.20169267511838987,0.21979917585849762,1240840000,0.0,0.0,NVDA,1d
2008-09-17 00:00:00-04:00,0.21475683941871448,0.23423851198819,0.21269407280207275,0.2291962057352066,1392580000,0.0,0.0,NVDA,1d
2008-09-18 00:00:00-04:00,0.2319466154325742,0.2617421292187303,0.23148822879759548,0.24959473311901093,1611060000,0.0,0.0,NVDA,1d
2008-09-19 00:00:00-04:00,0.261512815952301,0.2635755684169819,0.2498238124596155,0.261512815952301,1107344000,0.0,0.0,NVDA,1d
2008-09-22 00:00:00-04:00,0.2594501416969316,0.26701361601439644,0.2546370142251845,0.2560122013092041,700072000,0.0,0.0,NVDA,1d
2008-09-23 00:00:00-04:00,0.25394931639306134,0.26334635951164237,0.247761005044465,0.2486778050661087,821468000,0.0,0.0,NVDA,1d
2008-09-24 00:00:00-04:00,0.24546910160720853,0.2628880054208985,0.24409394224653624,0.2578456997871399,866036000,0.0,0.0,NVDA,1d
2008-09-25 00:00:00-04:00,0.2578458546656824,0.2690764797963878,0.25349111243536926,0.2628881633281708,588328000,0.0,0.0,NVDA,1d
2008-09-26 00:00:00-04:00,0.2564706466189556,0.26976405194866426,0.25165754536750357,0.2679304778575897,646852000,0.0,0.0,NVDA,1d
2008-09-29 00:00:00-04:00,0.26082533808496866,0.26403407163237924,0.22919625260283455,0.2314882129430771,975240000,0.0,0.0,NVDA,1d
2008-09-30 00:00:00-04:00,0.2351553040655123,0.2477610829160905,0.23263413736647032,0.2454691231250763,659044000,0.0,0.0,NVDA,1d
2008-10-01 00:00:00-04:00,0.24180202868717707,0.24615676962281038,0.23423855428092705,0.23859329521656036,557208000,0.0,0.0,NVDA,1d
2008-10-02 00:00:00-04:00,0.24019755274112536,0.24019755274112536,0.21269401449917608,0.21384000778198242,787728000,0.0,0.0,NVDA,1d
2008-10-03 00:00:00-04:00,0.21727801329306948,0.22346631334483127,0.20558900663790572,0.2069641798734665,915828000,0.0,0.0,NVDA,1d
2008-10-06 00:00:00-04:00,0.1971087475834925,0.19756713411048768,0.16754243407985273,0.17991903424263,1677440000,0.0,0.0,NVDA,1d
2008-10-07 00:00:00-04:00,0.18633648922767063,0.18679487566030087,0.1645628467934556,0.16593801975250244,1059984000,0.0,0.0,NVDA,1d
2008-10-08 00:00:00-04:00,0.1599789262336669,0.17923140211373756,0.15837454641308304,0.1693759709596634,1219456000,0.0,0.0,NVDA,1d
2008-10-09 00:00:00-04:00,0.17556429245594485,0.17808545931672176,0.156770212767278,0.15860377252101898,909636000,0.0,0.0,NVDA,1d
2008-10-10 00:00:00-04:00,0.1448520091201511,0.16800081482043705,0.14393522243657844,0.1560826152563095,1200252000,0.0,0.0,NVDA,1d
2008-10-13 00:00:00-04:00,0.16937593010996937,0.18473206300319922,0.16731316435880086,0.18450286984443665,916536000,0.0,0.0,NVDA,1d
2008-10-14 00:00:00-04:00,0.1913788055853368,0.1925247853936619,0.17533507460762804,0.18037739396095276,1209012000,0.0,0.0,NVDA,1d
2008-10-15 00:00:00-04:00,0.1792314767244573,0.18014826362340994,0.16089577972888947,0.16089577972888947,854064000,0.0,0.0,NVDA,1d
2008-10-16 00:00:00-04:00,0.16570883491039357,0.1773978398058937,0.15814536276167662,0.17648105323314667,1019820000,0.0,0.0,NVDA,1d
2008-10-17 00:00:00-04:00,0.17143876801051852,0.1854197341738589,0.16823002145399518,0.175335094332695,839416000,0.0,0.0,NVDA,1d
2008-10-20 00:00:00-04:00,0.18129421249143132,0.1826693857715529,0.17441831876850494,0.17877304553985596,595764000,0.0,0.0,NVDA,1d
2008-10-21 00:00:00-04:00,0.17533507384227903,0.17716864699205837,0.16410446903748369,0.16502125561237335,659116000,0.0,0.0,NVDA,1d
2008-10-22 00:00:00-04:00,0.1627293544800037,0.16960525000907695,0.15447829897074386,0.15883302688598633,600996000,0.0,0.0,NVDA,1d
2008-10-23 00:00:00-04:00,0.1583746660455601,0.16227100827204916,0.14347690462343482,0.14989440143108368,832192000,0.0,0.0,NVDA,1d
2008-10-24 00:00:00-04:00,0.1375177515973763,0.15929138763128384,0.1368301580579832,0.1514987200498581,798336000,0.0,0.0,NVDA,1d
2008-10-27 00:00:00-04:00,0.1505818800012294,0.16914676239230197,0.14576875424878488,0.15974973142147064,698936000,0.0,0.0,NVDA,1d
2008-10-28 00:00:00-04:00,0.16823001331144144,0.18404453841223817,0.1652504601543501,0.1838153451681137,849920000,0.0,0.0,NVDA,1d
2008-10-29 00:00:00-04:00,0.18266936736323833,0.2016926527426986,0.18175258071515907,0.18977445363998413,977284000,0.0,0.0,NVDA,1d
2008-10-30 00:00:00-04:00,0.20054667492751613,0.20169265483420928,0.18564892247934697,0.1977963149547577,657176000,0.0,0.0,NVDA,1d
2008-10-31 00:00:00-04:00,0.19160800855972784,0.20467218630431497,0.1911496084490727,0.2007758468389511,608672000,0.0,0.0,NVDA,1d
2008-11-03 00:00:00-05:00,0.20513055884643133,0.20879770483842186,0.19023280899157022,0.19344155490398407,723924000,0.0,0.0,NVDA,1d
2008-11-04 00:00:00-05:00,0.20008823360264497,0.20581813156604767,0.19481672201185274,0.20581813156604767,619560000,0.0,0.0,NVDA,1d
2008-11-05 00:00:00-05:00,0.19825467901409782,0.2039845775042111,0.19504593312740326,0.19504593312740326,787620000,0.0,0.0,NVDA,1d
2008-11-06 00:00:00-05:00,0.1835861560633871,0.1904620355091011,0.17418910989198486,0.1746475100517273,797936000,0.0,0.0,NVDA,1d
2008-11-07 00:00:00-05:00,0.1989422663702098,0.20788092475566858,0.18564889589189756,0.19985905289649963,1132068000,0.0,0.0,NVDA,1d
2008-11-10 00:00:00-05:00,0.20742251142045853,0.20856850475102973,0.18266933143545688,0.1870240569114685,576396000,0.0,0.0,NVDA,1d
2008-11-11 00:00:00-05:00,0.1842737659826608,0.18564893926278234,0.1769394857200803,0.17877304553985596,576484000,0.0,0.0,NVDA,1d
2008-11-12 00:00:00-05:00,0.17327233338483738,0.17739786675842387,0.1661672602735797,0.16823002696037292,646092000,0.0,0.0,NVDA,1d
2008-11-13 00:00:00-05:00,0.16043732193515747,0.18221096541165835,0.15722857576967744,0.18198177218437195,797228000,0.0,0.0,NVDA,1d
2008-11-14 00:00:00-05:00,0.17464758297333638,0.17556435635329076,0.16364615214108202,0.1643337458372116,741024000,0.0,0.0,NVDA,1d
2008-11-17 00:00:00-05:00,0.16272933986563307,0.16708406738978687,0.15929139924043192,0.16089577972888947,388224000,0.0,0.0,NVDA,1d
2008-11-18 00:00:00-05:00,0.16410450103142707,0.1650212877850542,0.15035272704933922,0.15562424063682556,564488000,0.0,0.0,NVDA,1d
2008-11-19 00:00:00-05:00,0.15424902811938107,0.15814536776144966,0.14210163638404547,0.14278922975063324,500220000,0.0,0.0,NVDA,1d
2008-11-20 00:00:00-05:00,0.14164323557563363,0.14874832145922515,0.1336213767558497,0.13522574305534363,847036000,0.0,0.0,NVDA,1d
2008-11-21 00:00:00-05:00,0.1395804377446843,0.14622712135314941,0.13178776101364664,0.14622712135314941,599064000,0.0,0.0,NVDA,1d
2008-11-24 00:00:00-05:00,0.15516584191007668,0.15768700892189896,0.14668558143455368,0.15585343539714813,600308000,0.0,0.0,NVDA,1d
2008-11-25 00:00:00-05:00,0.16272931904934262,0.16318771927076134,0.15562424539837166,0.16020816564559937,528256000,0.0,0.0,NVDA,1d
2008-11-26 00:00:00-05:00,0.1574577950837696,0.1748767154830797,0.1565410220227377,0.17441831529140472,600792000,0.0,0.0,NVDA,1d
2008-11-28 00:00:00-05:00,0.17166798889225293,0.17418914242769373,0.1689176284035497,0.17120958864688873,175248000,0.0,0.0,NVDA,1d
2008-12-01 00:00:00-05:00,0.1643337174941767,0.16593808429355164,0.15631184251381772,0.15654104948043823,547112000,0.0,0.0,NVDA,1d
2008-12-02 00:00:00-05:00,0.1595205088728546,0.16731318659569563,0.1574577428475325,0.16525042057037354,479988000,0.0,0.0,NVDA,1d
2008-12-03 00:00:00-05:00,0.15883297789705603,0.1739599242697779,0.15745779101869317,0.173730731010437,584632000,0.0,0.0,NVDA,1d
2008-12-04 00:00:00-05:00,0.17029271567783327,0.17877297248529964,0.15837452024437737,0.16227085888385773,466292000,0.0,0.0,NVDA,1d
2008-12-05 00:00:00-05:00,0.15722857509110919,0.16937598001874415,0.15447822905322872,0.16868838667869568,438484000,0.0,0.0,NVDA,1d
2008-12-08 00:00:00-05:00,0.17189713460720957,0.1753350740206761,0.1592913430966754,0.1631876826286316,707992000,0.0,0.0,NVDA,1d
2008-12-09 00:00:00-05:00,0.1611249208165163,0.18541971795056567,0.15929134761288616,0.17900222539901733,829760000,0.0,0.0,NVDA,1d
2008-12-10 00:00:00-05:00,0.1824401913442637,0.20054669178543444,0.17946063787193753,0.19596277177333832,961124000,0.0,0.0,NVDA,1d
2008-12-11 00:00:00-05:00,0.19481678759238577,0.2016926674630738,0.185419740840185,0.187711700797081,582700000,0.0,0.0,NVDA,1d
2008-12-12 00:00:00-05:00,0.18221096479336946,0.198254695566329,0.17854381852460344,0.19710871577262878,679268000,0.0,0.0,NVDA,1d
2008-12-15 00:00:00-05:00,0.19825468965757667,0.19940066941712228,0.1845029188818732,0.19069121778011322,476996000,0.0,0.0,NVDA,1d
2008-12-16 00:00:00-05:00,0.19252478831279565,0.20398460023096188,0.19069122878836844,0.20352621376514435,521940000,0.0,0.0,NVDA,1d
2008-12-17 00:00:00-05:00,0.1998590710058881,0.21659039588911483,0.19710872483896366,0.21361084282398224,674180000,0.0,0.0,NVDA,1d
2008-12-18 00:00:00-05:00,0.21223569764365088,0.2129232911063602,0.19137883710677922,0.193900004029274,550808000,0.0,0.0,NVDA,1d
2008-12-19 00:00:00-05:00,0.1964210926062528,0.20398456356065647,0.19458751975028987,0.19527511298656464,593120000,0.0,0.0,NVDA,1d
2008-12-22 00:00:00-05:00,0.19825471080416368,0.1987130972924126,0.17671027263330874,0.1838153451681137,522464000,0.0,0.0,NVDA,1d
2008-12-23 00:00:00-05:00,0.18496129030161026,0.1888576293643603,0.17854379870481915,0.18129415810108185,377452000,0.0,0.0,NVDA,1d
2008-12-24 00:00:00-05:00,0.17762700743724114,0.1819817464455486,0.17327228209008852,0.17693942785263062,146616000,0.0,0.0,NVDA,1d
2008-12-26 00:00:00-05:00,0.17693941832114432,0.179231377468691,0.16731318170475587,0.17212629318237305,226156000,0.0,0.0,NVDA,1d
2008-12-29 00:00:00-05:00,0.1744182956010719,0.17762704193592072,0.16318769025967972,0.17762704193592072,460168000,0.0,0.0,NVDA,1d
2008-12-30 00:00:00-05:00,0.17991901903452454,0.18656570508108059,0.17579348599565311,0.1838153451681137,409860000,0.0,0.0,NVDA,1d
2008-12-31 00:00:00-05:00,0.18152342330996504,0.18954529781869756,0.17831467623870415,0.18496136367321014,441580000,0.0,0.0,NVDA,1d
2009-01-02 00:00:00-05:00,0.18496135637627473,0.2010050910996356,0.1842737765274479,0.19962991774082184,497124000,0.0,0.0,NVDA,1d
2009-01-05 00:00:00-05:00,0.1973379130270234,0.20788093827318546,0.1959627399787457,0.20329701900482178,705736000,0.0,0.0,NVDA,1d
2009-01-06 00:00:00-05:00,0.20925611989451834,0.21613201273992066,0.20467220043835516,0.21017290651798248,657904000,0.0,0.0,NVDA,1d
2009-01-07 00:00:00-05:00,0.2053598463604632,0.2053598463604632,0.19046207699417547,0.1975671648979187,870096000,0.0,0.0,NVDA,1d
2009-01-08 00:00:00-05:00,0.19504594224512387,0.19504594224512387,0.18060657824943044,0.1925247758626938,1014496000,0.0,0.0,NVDA,1d
2009-01-09 00:00:00-05:00,0.19252487535855486,0.19252487535855486,0.18129426525678868,0.18175265192985535,761352000,0.0,0.0,NVDA,1d
2009-01-12 00:00:00-05:00,0.18175259540777333,0.18266938212996428,0.17189716205124886,0.17441831529140472,645532000,0.0,0.0,NVDA,1d
2009-01-13 00:00:00-05:00,0.1684592147092129,0.18198179436211784,0.16525046815268957,0.175335094332695,1824424000,0.0,0.0,NVDA,1d
2009-01-14 00:00:00-05:00,0.16914680926739561,0.1712095760670687,0.16502128932920906,0.1675424426794052,974908000,0.0,0.0,NVDA,1d
2009-01-15 00:00:00-05:00,0.16845924521864675,0.17625191293547804,0.1650213047842648,0.17350156605243683,998204000,0.0,0.0,NVDA,1d
2009-01-16 00:00:00-05:00,0.17831469261235622,0.18473218734416103,0.17258479148080258,0.18312782049179077,831324000,0.0,0.0,NVDA,1d
2009-01-20 00:00:00-05:00,0.18266932152984502,0.18335691475867058,0.16387523411272248,0.16525042057037354,705788000,0.0,0.0,NVDA,1d
2009-01-21 00:00:00-05:00,0.16845917015394693,0.17441826151929735,0.16227087193284262,0.1732722818851471,648472000,0.0,0.0,NVDA,1d
2009-01-22 00:00:00-05:00,0.16777163981642387,0.1746475338606563,0.1638752994026535,0.17006359994411469,547656000,0.0,0.0,NVDA,1d
2009-01-23 00:00:00-05:00,0.1652504371124253,0.1819817601790801,0.1650212439002587,0.17671024799346924,633616000,0.0,0.0,NVDA,1d
2009-01-26 00:00:00-05:00,0.17762705152213973,0.18794088446261517,0.17464751192703193,0.18266937136650085,581748000,0.0,0.0,NVDA,1d
2009-01-27 00:00:00-05:00,0.18564889016273778,0.19481674148155836,0.18496129687395063,0.19344155490398407,725300000,0.0,0.0,NVDA,1d
2009-01-28 00:00:00-05:00,0.20031745138652007,0.2046721771056666,0.19389995941502455,0.20146343111991882,723752000,0.0,0.0,NVDA,1d
2009-01-29 00:00:00-05:00,0.1948167733738411,0.19710873316346025,0.18885766699190487,0.18977445363998413,413128000,0.0,0.0,NVDA,1d
2009-01-30 00:00:00-05:00,0.1883992198787179,0.1934415243289945,0.17991896318905728,0.18221092224121094,506760000,0.0,0.0,NVDA,1d
2009-02-02 00:00:00-05:00,0.1794606652316144,0.1941292279000089,0.1785438783571946,0.19206646084785461,577992000,0.0,0.0,NVDA,1d
2009-02-03 00:00:00-05:00,0.19252484958312904,0.19596280381550532,0.18725333524280172,0.19435842335224152,396948000,0.0,0.0,NVDA,1d
2009-02-04 00:00:00-05:00,0.19481674749363975,0.20971449780824825,0.19481674749363975,0.19985905289649963,779232000,0.0,0.0,NVDA,1d
2009-02-05 00:00:00-05:00,0.19458755138330494,0.21681958147723995,0.1925247850003029,0.21452762186527252,919192000,0.0,0.0,NVDA,1d
2009-02-06 00:00:00-05:00,0.21521523160868344,0.22759181718840224,0.21154808502124237,0.2262166440486908,1157880000,0.0,0.0,NVDA,1d
2009-02-09 00:00:00-05:00,0.22529986386263515,0.22850861038808265,0.21704881112659755,0.22323709726333618,716128000,0.0,0.0,NVDA,1d
2009-02-10 00:00:00-05:00,0.2230078884934816,0.22598744155861417,0.20948530991243824,0.21361084282398224,1129664000,0.0,0.0,NVDA,1d
2009-02-11 00:00:00-05:00,0.1966503397524199,0.20375542627281495,0.18014822050457266,0.18679490685462952,1983400000,0.0,0.0,NVDA,1d
2009-02-12 00:00:00-05:00,0.1826693458021377,0.1918371975396588,0.18014819306336866,0.19069121778011322,1024020000,0.0,0.0,NVDA,1d
2009-02-13 00:00:00-05:00,0.18633651839797621,0.19275401142637155,0.18496133156249273,0.19046203792095184,764304000,0.0,0.0,NVDA,1d
2009-02-17 00:00:00-05:00,0.1833570003023723,0.1877117275739024,0.17877306607352939,0.17946065962314606,779576000,0.0,0.0,NVDA,1d
2009-02-18 00:00:00-05:00,0.17946057951007102,0.19023279623199038,0.17923138631623334,0.18427370488643646,646252000,0.0,0.0,NVDA,1d
2009-02-19 00:00:00-05:00,0.18794090806572705,0.18954528835180662,0.17006359994411469,0.17006359994411469,743988000,0.0,0.0,NVDA,1d
2009-02-20 00:00:00-05:00,0.16777162863196907,0.1771686754579776,0.16616726211400418,0.17441831529140472,770056000,0.0,0.0,NVDA,1d
2009-02-23 00:00:00-05:00,0.17739783545514573,0.1783146220054082,0.16525044440176978,0.16639642417430878,679548000,0.0,0.0,NVDA,1d
2009-02-24 00:00:00-05:00,0.1673131952410123,0.18152335130214828,0.16708398837879065,0.18129415810108185,659524000,0.0,0.0,NVDA,1d
2009-02-25 00:00:00-05:00,0.18083586250166944,0.1888577384622518,0.17464757419229698,0.18335703015327454,702360000,0.0,0.0,NVDA,1d
2009-02-26 00:00:00-05:00,0.18977443442522196,0.19573352654263898,0.18702407475945956,0.1893160343170166,1117556000,0.0,0.0,NVDA,1d
2009-02-27 00:00:00-05:00,0.18450294065939685,0.19412917997249216,0.18312776751785692,0.18977445363998413,755444000,0.0,0.0,NVDA,1d
2009-03-02 00:00:00-05:00,0.18519054425022824,0.18908687064249982,0.17304313757125558,0.173730731010437,700064000,0.0,0.0,NVDA,1d
2009-03-03 00:00:00-05:00,0.17693949983158247,0.1874825276960603,0.17120958566197123,0.1806066334247589,1041372000,0.0,0.0,NVDA,1d
2009-03-04 00:00:00-05:00,0.1854197438542153,0.19940071074747115,0.18381536366161325,0.193900004029274,1108668000,0.0,0.0,NVDA,1d
2009-03-05 00:00:00-05:00,0.19114960742752488,0.19894227265545017,0.18839926142291902,0.1893160343170166,955252000,0.0,0.0,NVDA,1d
2009-03-06 00:00:00-05:00,0.18931605764820855,0.1991715040859021,0.18679490455642178,0.1922956109046936,974756000,0.0,0.0,NVDA,1d
2009-03-09 00:00:00-04:00,0.19092046648296226,0.2053598347750634,0.18977448639038477,0.19023287296295166,682768000,0.0,0.0,NVDA,1d
2009-03-10 00:00:00-04:00,0.19710873532648285,0.21108970112550984,0.19527516201020315,0.20742255449295044,1254800000,0.0,0.0,NVDA,1d
2009-03-11 00:00:00-04:00,0.2074225259914274,0.2715974466314858,0.20398458674167205,0.2131524384021759,864916000,0.0,0.0,NVDA,1d
2009-03-12 00:00:00-04:00,0.2124648547948631,0.2280501992314365,0.2097145087338634,0.22575823962688446,1604604000,0.0,0.0,NVDA,1d
2009-03-13 00:00:00-04:00,0.22254952892246274,0.22782104231766936,0.2188823820417143,0.224612295627594,1195156000,0.0,0.0,NVDA,1d
2009-03-16 00:00:00-04:00,0.2269041684809768,0.22713336165773848,0.2140691866484771,0.21590274572372437,699344000,0.0,0.0,NVDA,1d
2009-03-17 00:00:00-04:00,0.21659042306453763,0.22713344990327333,0.2138400765525295,0.22667506337165833,1005384000,0.0,0.0,NVDA,1d
2009-03-18 00:00:00-04:00,0.22323707571008072,0.24042680026497898,0.223007882479211,0.23378010094165802,1359560000,0.0,0.0,NVDA,1d
2009-03-19 00:00:00-04:00,0.23538449153887386,0.23538449153887386,0.22942541227593982,0.23102977871894836,822648000,0.0,0.0,NVDA,1d
2009-03-20 00:00:00-04:00,0.2344677416125269,0.23469694855080908,0.2124649001244211,0.2184240072965622,1093672000,0.0,0.0,NVDA,1d
2009-03-23 00:00:00-04:00,0.22529984505239875,0.234696904252343,0.22025753926278965,0.23423849046230316,816048000,0.0,0.0,NVDA,1d
2009-03-24 00:00:00-04:00,0.22850861779860726,0.23057139812596045,0.22300791124247507,0.22415389120578766,1114868000,0.0,0.0,NVDA,1d
2009-03-25 00:00:00-04:00,0.2310297686798536,0.23836403447370363,0.21911155602724214,0.22782102227210999,1243852000,0.0,0.0,NVDA,1d
2009-03-26 00:00:00-04:00,0.2314880894439396,0.242489498672305,0.22896693714694238,0.24203111231327057,1333664000,0.0,0.0,NVDA,1d
2009-03-27 00:00:00-04:00,0.2395100322929387,0.24546913906547757,0.23607209238316265,0.23973923921585083,731892000,0.0,0.0,NVDA,1d
2009-03-30 00:00:00-04:00,0.2305713996672181,0.23355095305621118,0.22117433931515432,0.22438308596611023,780052000,0.0,0.0,NVDA,1d
2009-03-31 00:00:00-04:00,0.22782105261393232,0.23148818599925605,0.22438309884256424,0.2259874790906906,805272000,0.0,0.0,NVDA,1d
2009-04-01 00:00:00-04:00,0.22323708996578143,0.23378011587062597,0.21475683059280465,0.23171736299991608,887920000,0.0,0.0,NVDA,1d
2009-04-02 00:00:00-04:00,0.2404268677254406,0.2468443619573952,0.2369889273142851,0.24248962104320526,1002860000,0.0,0.0,NVDA,1d
2009-04-03 00:00:00-04:00,0.24271879464657747,0.2601377012650919,0.2385932612556327,0.25945010781288147,1003208000,0.0,0.0,NVDA,1d
2009-04-06 00:00:00-04:00,0.2550954588875808,0.26242972713444573,0.2516575180853949,0.26013776659965515,887288000,0.0,0.0,NVDA,1d
2009-04-07 00:00:00-04:00,0.25509551161833255,0.25784585936414023,0.24959478880438674,0.2511991560459137,607804000,0.0,0.0,NVDA,1d
2009-04-08 00:00:00-04:00,0.25394934471128744,0.26220040921463145,0.2518865649242963,0.261512815952301,731652000,0.0,0.0,NVDA,1d
2009-04-09 00:00:00-04:00,0.26815959823471036,0.27686905274933277,0.26609684491491736,0.2759522795677185,904412000,0.0,0.0,NVDA,1d
2009-04-13 00:00:00-04:00,0.2725142694544647,0.2727434763524068,0.2610544710036555,0.2670135498046875,767628000,0.0,0.0,NVDA,1d
2009-04-14 00:00:00-04:00,0.26334644479629876,0.2750354507710087,0.2622004648898494,0.2686179578304291,711960000,0.0,0.0,NVDA,1d
2009-04-15 00:00:00-04:00,0.2592208831211239,0.2622004360142231,0.25005301755685216,0.26105445623397827,1045368000,0.0,0.0,NVDA,1d
2009-04-16 00:00:00-04:00,0.26586763492681814,0.2709099693351669,0.2557830207547633,0.2677012085914612,1038772000,0.0,0.0,NVDA,1d
2009-04-17 00:00:00-04:00,0.2677010451174739,0.27205578332703234,0.2612835548712804,0.2695346176624298,695764000,0.0,0.0,NVDA,1d
2009-04-20 00:00:00-04:00,0.2592209110079642,0.26151287081502156,0.2518866177675276,0.2532618045806885,590660000,0.0,0.0,NVDA,1d
2009-04-21 00:00:00-04:00,0.24982380020185105,0.2631171691061863,0.2461566545308934,0.2525741457939148,932184000,0.0,0.0,NVDA,1d
2009-04-22 00:00:00-04:00,0.25028233083559065,0.27068079598862177,0.24615679640850263,0.26013776659965515,916404000,0.0,0.0,NVDA,1d
2009-04-23 00:00:00-04:00,0.26265890245220347,0.2649508627106885,0.24799034040450657,0.2560122013092041,753952000,0.0,0.0,NVDA,1d
2009-04-24 00:00:00-04:00,0.25853335467631006,0.26380486845296575,0.25234504045196815,0.26197129487991333,759508000,0.0,0.0,NVDA,1d
2009-04-27 00:00:00-04:00,0.25853325067864374,0.26586751469825004,0.2509697798087367,0.2525741457939148,787024000,0.0,0.0,NVDA,1d
2009-04-28 00:00:00-04:00,0.2493654783731541,0.25853331760138376,0.2470734912437806,0.2532618045806885,634392000,0.0,0.0,NVDA,1d
2009-04-29 00:00:00-04:00,0.25440773926539606,0.25555371896523654,0.2463858813665124,0.24936543405056,859668000,0.0,0.0,NVDA,1d
2009-04-30 00:00:00-04:00,0.25417859357670725,0.27045152016022317,0.2521158405494189,0.263117253780365,1110276000,0.0,0.0,NVDA,1d
2009-05-01 00:00:00-04:00,0.26242963584725165,0.2736602549545048,0.2622004562668885,0.26747196912765503,840548000,0.0,0.0,NVDA,1d
2009-05-04 00:00:00-04:00,0.27205585269638133,0.2839740362940604,0.2683887066714132,0.28191128373146057,927704000,0.0,0.0,NVDA,1d
2009-05-05 00:00:00-04:00,0.27572299879957957,0.27755657199427874,0.26472158695369874,0.27045148611068726,837076000,0.0,0.0,NVDA,1d
2009-05-06 00:00:00-04:00,0.27343105772739873,0.2759522244568139,0.25967929881564233,0.26495081186294556,935088000,0.0,0.0,NVDA,1d
2009-05-07 00:00:00-04:00,0.2709098691463069,0.2709098691463069,0.24248952883833358,0.24592746794223785,1289196000,0.0,0.0,NVDA,1d
2009-05-08 00:00:00-04:00,0.2406560066431666,0.2406560066431666,0.208797747829792,0.21200649440288544,2930564000,0.0,0.0,NVDA,1d
2009-05-11 00:00:00-04:00,0.20856852796428524,0.22140351261917582,0.20673495482468465,0.2161320000886917,1038596000,0.0,0.0,NVDA,1d
2009-05-12 00:00:00-04:00,0.2209450731183543,0.2209450731183543,0.20169259956793598,0.20581813156604767,1201384000,0.0,0.0,NVDA,1d
2009-05-13 00:00:00-04:00,0.20444298713711334,0.2055889668887066,0.19092040967492574,0.1925247758626938,1305608000,0.0,0.0,NVDA,1d
2009-05-14 00:00:00-04:00,0.19229556051091357,0.19940064508190386,0.19092038769951872,0.19527511298656464,1017864000,0.0,0.0,NVDA,1d
2009-05-15 00:00:00-04:00,0.19665032576228433,0.2071933513349488,0.19435836605712378,0.20031747221946716,780308000,0.0,0.0,NVDA,1d
2009-05-18 00:00:00-04:00,0.2053597965047051,0.21384005580611415,0.20490139635640425,0.21246486902236938,938320000,0.0,0.0,NVDA,1d
2009-05-19 00:00:00-04:00,0.21384011708185868,0.21911161783918023,0.21040216279851104,0.21659046411514282,859768000,0.0,0.0,NVDA,1d
2009-05-20 00:00:00-04:00,0.2204867641474595,0.2349261175486204,0.2195699774192469,0.2230079174041748,1309436000,0.0,0.0,NVDA,1d
2009-05-21 00:00:00-04:00,0.22025756074263558,0.22461228725533586,0.2154444340563488,0.22163273394107819,965600000,0.0,0.0,NVDA,1d
2009-05-22 00:00:00-04:00,0.22163267177998275,0.22827935631295115,0.21750713968058039,0.22507061064243317,718260000,0.0,0.0,NVDA,1d
2009-05-26 00:00:00-04:00,0.22300787952682144,0.239051610392655,0.22071591992615333,0.23721803724765778,865540000,0.0,0.0,NVDA,1d
2009-05-27 00:00:00-04:00,0.23607209009275912,0.244781543244155,0.23378013017514535,0.2376764565706253,814152000,0.0,0.0,NVDA,1d
2009-05-28 00:00:00-04:00,0.24134362938826642,0.24294799603910786,0.2305714220785365,0.24088524281978607,995288000,0.0,0.0,NVDA,1d
2009-05-29 00:00:00-04:00,0.24111439026399753,0.24157277671935923,0.23080054474563477,0.23905161023139954,834232000,0.0,0.0,NVDA,1d
2009-06-01 00:00:00-04:00,0.24180195859821296,0.2521158042152061,0.24088518567872258,0.2507406175136566,1022764000,0.0,0.0,NVDA,1d
2009-06-02 00:00:00-04:00,0.2507405573007693,0.2562412754637096,0.24409388692481207,0.2486778050661087,907984000,0.0,0.0,NVDA,1d
2009-06-03 00:00:00-04:00,0.2454691631492303,0.24638596360851137,0.2349261354625804,0.24088524281978607,735688000,0.0,0.0,NVDA,1d
2009-06-04 00:00:00-04:00,0.24157287137874853,0.25005311975398964,0.24134366440009702,0.24959473311901093,673180000,0.0,0.0,NVDA,1d
2009-06-05 00:00:00-04:00,0.2541785053789835,0.2541785053789835,0.24523987559927013,0.24821940064430237,559992000,0.0,0.0,NVDA,1d
2009-06-08 00:00:00-04:00,0.2463858606066766,0.25028218579337785,0.2406559352679515,0.24684424698352814,473948000,0.0,0.0,NVDA,1d
2009-06-09 00:00:00-04:00,0.2502823047628921,0.263117293349588,0.2484487310616038,0.26036694645881653,725032000,0.0,0.0,NVDA,1d
2009-06-10 00:00:00-04:00,0.2617420510694167,0.2702223242349949,0.25601215153716994,0.2686179578304291,833320000,0.0,0.0,NVDA,1d
2009-06-11 00:00:00-04:00,0.2693055248643083,0.2796193713809699,0.2635756253118942,0.26517999172210693,835156000,0.0,0.0,NVDA,1d
2009-06-12 00:00:00-04:00,0.26128377458480856,0.26472171575170145,0.25532466563326317,0.26380494236946106,595000000,0.0,0.0,NVDA,1d
2009-06-15 00:00:00-04:00,0.2589917212855138,0.2624296612242481,0.254866187894569,0.25945010781288147,445164000,0.0,0.0,NVDA,1d
2009-06-16 00:00:00-04:00,0.259450051186337,0.2626588108222152,0.2486778471938651,0.2523449659347534,594912000,0.0,0.0,NVDA,1d
2009-06-17 00:00:00-04:00,0.25624142794174254,0.26105455578310816,0.24638599260895605,0.25853338837623596,799016000,0.0,0.0,NVDA,1d
2009-06-18 00:00:00-04:00,0.2576164872740893,0.26242961323713027,0.25074060865392384,0.25349095463752747,566376000,0.0,0.0,NVDA,1d
2009-06-19 00:00:00-04:00,0.25601223378915394,0.26265893577541205,0.2528034999491155,0.25624144077301025,747564000,0.0,0.0,NVDA,1d
2009-06-22 00:00:00-04:00,0.2571581455025553,0.2571581455025553,0.24088521901240062,0.24180199205875397,574864000,0.0,0.0,NVDA,1d
2009-06-23 00:00:00-04:00,0.24409392511872227,0.2445523115401152,0.23125891406353918,0.24065595865249634,589764000,0.0,0.0,NVDA,1d
2009-06-24 00:00:00-04:00,0.24363547325283658,0.2544077027427295,0.24363547325283658,0.2486778050661087,515096000,0.0,0.0,NVDA,1d
2009-06-25 00:00:00-04:00,0.2463860701483938,0.2622006185167428,0.24386490194809216,0.2617422044277191,870444000,0.0,0.0,NVDA,1d
2009-06-26 00:00:00-04:00,0.26059607208017566,0.2660967920438829,0.25830411225921,0.26517999172210693,513956000,0.0,0.0,NVDA,1d
2009-06-29 00:00:00-04:00,0.26586758513285985,0.2699931182750613,0.26242964540141145,0.26517999172210693,510056000,0.0,0.0,NVDA,1d
2009-06-30 00:00:00-04:00,0.26426328967602086,0.2679304373031032,0.2539494677124658,0.25876256823539734,589844000,0.0,0.0,NVDA,1d
2009-07-01 00:00:00-04:00,0.2603669111884916,0.2633464646341727,0.2555537842899052,0.2599084973335266,696420000,0.0,0.0,NVDA,1d
2009-07-02 00:00:00-04:00,0.25142839966244923,0.25463713461242404,0.2463860901743455,0.24982403218746185,552312000,0.0,0.0,NVDA,1d
2009-07-06 00:00:00-04:00,0.2495946722420282,0.24982387916477536,0.23767645870552853,0.24180199205875397,752456000,0.0,0.0,NVDA,1d
2009-07-07 00:00:00-04:00,0.242718800892256,0.24409398783206343,0.23057140733168582,0.23125897347927094,1072996000,0.0,0.0,NVDA,1d
2009-07-08 00:00:00-04:00,0.2326341359819392,0.2333217293796144,0.22254951022926409,0.23171736299991608,1205860000,0.0,0.0,NVDA,1d
2009-07-09 00:00:00-04:00,0.2356136679415139,0.24065597353324578,0.23492607460575196,0.23675964772701263,714564000,0.0,0.0,NVDA,1d
2009-07-10 00:00:00-04:00,0.23675968353250673,0.23928085037080887,0.23171737717821989,0.2376764565706253,520008000,0.0,0.0,NVDA,1d
2009-07-13 00:00:00-04:00,0.2424895764351217,0.2424895764351217,0.22805022390004978,0.24042682349681854,556012000,0.0,0.0,NVDA,1d
2009-07-14 00:00:00-04:00,0.24226039034658273,0.2463859234348715,0.23951001673951297,0.2454691231250763,452568000,0.0,0.0,NVDA,1d
2009-07-15 00:00:00-04:00,0.2544077426664313,0.2605960276638356,0.25211578323611034,0.2555537223815918,1022808000,0.0,0.0,NVDA,1d
2009-07-16 00:00:00-04:00,0.25830416887789964,0.2697639978169683,0.2569290090772834,0.26884719729423523,952076000,0.0,0.0,NVDA,1d
2009-07-17 00:00:00-04:00,0.2688471972581135,0.27755665195013507,0.26609685033492836,0.2766398787498474,850356000,0.0,0.0,NVDA,1d
2009-07-20 00:00:00-04:00,0.2789317458702785,0.28305727853770657,0.2752645996498284,0.28007772564888,782756000,0.0,0.0,NVDA,1d
2009-07-21 00:00:00-04:00,0.27939017792649573,0.2805361578921735,0.2679303782697177,0.27434787154197693,941296000,0.0,0.0,NVDA,1d
2009-07-22 00:00:00-04:00,0.26884714444734703,0.2837449109430075,0.267013571084626,0.28122374415397644,600908000,0.0,0.0,NVDA,1d
2009-07-23 00:00:00-04:00,0.2816821957824129,0.29887192612475905,0.27870264179447757,0.29795512557029724,1046120000,0.0,0.0,NVDA,1d
2009-07-24 00:00:00-04:00,0.2887871334394331,0.2979549702716979,0.2869535606085183,0.297038197517395,650592000,0.0,0.0,NVDA,1d
2009-07-27 00:00:00-04:00,0.2942879518489363,0.3027681983335361,0.2915375780076017,0.29841348528862,677484000,0.0,0.0,NVDA,1d
2009-07-28 00:00:00-04:00,0.29635079652304147,0.3020806982599964,0.29382962882985064,0.2988719642162323,563180000,0.0,0.0,NVDA,1d
2009-07-29 00:00:00-04:00,0.2954339182338885,0.29726749160288146,0.28993319812690954,0.2929127514362335,373972000,0.0,0.0,NVDA,1d
2009-07-30 00:00:00-04:00,0.2979550753973874,0.3018514292836742,0.2926835618944571,0.2952047288417816,468444000,0.0,0.0,NVDA,1d
2009-07-31 00:00:00-04:00,0.2952047375025723,0.30047625116015964,0.2883288572506721,0.29635071754455566,541560000,0.0,0.0,NVDA,1d
2009-08-03 00:00:00-04:00,0.30345577603903784,0.3078105161801825,0.29772587637093967,0.30437254905700684,471900000,0.0,0.0,NVDA,1d
2009-08-04 00:00:00-04:00,0.29910099457891737,0.3117067994296352,0.29864260813325616,0.3064352869987488,695380000,0.0,0.0,NVDA,1d
2009-08-05 00:00:00-04:00,0.3046018083712555,0.30941493584935464,0.3009346610239113,0.30712297558784485,610768000,0.0,0.0,NVDA,1d
2009-08-06 00:00:00-04:00,0.30826881434364684,0.31376950551967336,0.2988717706521,0.30070534348487854,957588000,0.0,0.0,NVDA,1d
2009-08-07 00:00:00-04:00,0.31697837459965866,0.3261462146167141,0.3098732876575133,0.31422802805900574,1401872000,0.0,0.0,NVDA,1d
2009-08-10 00:00:00-04:00,0.3165199970420448,0.3211039171806053,0.302080615818796,0.3039141893386841,693312000,0.0,0.0,NVDA,1d
2009-08-11 00:00:00-04:00,0.3018514108495919,0.3064353306031009,0.29520471081361366,0.2968090772628784,481884000,0.0,0.0,NVDA,1d
2009-08-12 00:00:00-04:00,0.2970383107263181,0.31101927815295105,0.29680910378923125,0.30781054496765137,634940000,0.0,0.0,NVDA,1d
2009-08-13 00:00:00-04:00,0.3101025145302052,0.31812437506103125,0.30460179377281804,0.316978394985199,564028000,0.0,0.0,NVDA,1d
2009-08-14 00:00:00-04:00,0.31651996527017867,0.31697835177355865,0.3034557723287926,0.3075813055038452,427148000,0.0,0.0,NVDA,1d
2009-08-17 00:00:00-04:00,0.2981843094613825,0.29910108262256707,0.29153760841467086,0.29474636912345886,465032000,0.0,0.0,NVDA,1d
2009-08-18 00:00:00-04:00,0.2947463027875008,0.3089564748439502,0.2945170958876297,0.3055185079574585,636200000,0.0,0.0,NVDA,1d
2009-08-19 00:00:00-04:00,0.3009345324058456,0.30391408493682526,0.29795497987486597,0.30208051204681396,552996000,0.0,0.0,NVDA,1d
2009-08-20 00:00:00-04:00,0.3007054735646136,0.3153740352498865,0.3000178800395925,0.31399884819984436,819840000,0.0,0.0,NVDA,1d
2009-08-21 00:00:00-04:00,0.3165199664333984,0.3197286992911669,0.31010247339554503,0.3192703127861023,607324000,0.0,0.0,NVDA,1d
2009-08-24 00:00:00-04:00,0.3174367593317999,0.32087469931865514,0.30849809897258534,0.31033167243003845,461456000,0.0,0.0,NVDA,1d
2009-08-25 00:00:00-04:00,0.31193609145009676,0.3162908325596263,0.3066646044410538,0.31308209896087646,444088000,0.0,0.0,NVDA,1d
2009-08-26 00:00:00-04:00,0.31239438382405227,0.3174366892267295,0.31124840408152055,0.31674909591674805,434308000,0.0,0.0,NVDA,1d
2009-08-27 00:00:00-04:00,0.31812434726967115,0.32247906024847783,0.3146864073425129,0.32110390067100525,551072000,0.0,0.0,NVDA,1d
2009-08-28 00:00:00-04:00,0.32981333308590427,0.3444818922405242,0.32935494658907905,0.3376060128211975,883992000,0.0,0.0,NVDA,1d
2009-08-31 00:00:00-04:00,0.3337096212377236,0.3353140147771285,0.3284381088195816,0.33279284834861755,431796000,0.0,0.0,NVDA,1d
2009-09-01 00:00:00-04:00,0.3325637343474114,0.34196078203567193,0.31972874638134624,0.3215623199939728,736856000,0.0,0.0,NVDA,1d
2009-09-02 00:00:00-04:00,0.3220205934448737,0.3293548853189378,0.3201870204763577,0.32614612579345703,404656000,0.0,0.0,NVDA,1d
2009-09-03 00:00:00-04:00,0.3261462744238094,0.33439734288112694,0.3252295011829179,0.33393895626068115,534020000,0.0,0.0,NVDA,1d
2009-09-04 00:00:00-04:00,0.3325638013243005,0.34860755317418335,0.3325638013243005,0.3463155925273895,513048000,0.0,0.0,NVDA,1d
2009-09-08 00:00:00-04:00,0.3488365968891309,0.35594168305397034,0.34608625064936943,0.35594168305397034,549712000,0.0,0.0,NVDA,1d
2009-09-09 00:00:00-04:00,0.35525407703109996,0.3664846958173938,0.35021177121711566,0.36579710245132446,571684000,0.0,0.0,NVDA,1d
2009-09-10 00:00:00-04:00,0.3669430552868148,0.3779444936897839,0.36281752271627954,0.37748607993125916,607952000,0.0,0.0,NVDA,1d
2009-09-11 00:00:00-04:00,0.3765692800245763,0.37794446655679964,0.3712977680808009,0.374048113822937,712732000,0.0,0.0,NVDA,1d
2009-09-14 00:00:00-04:00,0.36854749339639414,0.37152704657580987,0.36465113991129583,0.3678598999977112,490516000,0.0,0.0,NVDA,1d
2009-09-15 00:00:00-04:00,0.3712978682072856,0.380007321507954,0.3678599282719416,0.375423401594162,546136000,0.0,0.0,NVDA,1d
2009-09-16 00:00:00-04:00,0.3745065820923948,0.37519417550881257,0.3598380500462925,0.3653387427330017,707064000,0.0,0.0,NVDA,1d
2009-09-17 00:00:00-04:00,0.36442196581295183,0.36442196581295183,0.3431067067444591,0.3492950201034546,923096000,0.0,0.0,NVDA,1d
2009-09-18 00:00:00-04:00,0.3527329843979903,0.3552541239769871,0.3460862840773956,0.34883663058280945,604740000,0.0,0.0,NVDA,1d
2009-09-21 00:00:00-04:00,0.344711144714936,0.3531914196497298,0.3417316181944105,0.34723231196403503,588776000,0.0,0.0,NVDA,1d
2009-09-22 00:00:00-04:00,0.3497533949950008,0.3518161478313333,0.34516947551664834,0.3479198217391968,361388000,0.0,0.0,NVDA,1d
2009-09-23 00:00:00-04:00,0.3499826515612605,0.3529622053420655,0.3419607907095739,0.34241917729377747,478936000,0.0,0.0,NVDA,1d
2009-09-24 00:00:00-04:00,0.3481490698521303,0.3481490698521303,0.33668924247744453,0.3378352224826813,552876000,0.0,0.0,NVDA,1d
2009-09-25 00:00:00-04:00,0.3360016078039403,0.3376060014723701,0.3298133219990324,0.3323344886302948,377556000,0.0,0.0,NVDA,1d
2009-09-28 00:00:00-04:00,0.33348052621159696,0.3483782670310776,0.33348052621159696,0.339898020029068,467708000,0.0,0.0,NVDA,1d
2009-09-29 00:00:00-04:00,0.34196069283322833,0.34608622555488855,0.3330220340492456,0.33370962738990784,470928000,0.0,0.0,NVDA,1d
2009-09-30 00:00:00-04:00,0.34058559091185914,0.34860747878620446,0.33302211692691425,0.3444819450378418,875956000,0.0,0.0,NVDA,1d
2009-10-01 00:00:00-04:00,0.3433357328139763,0.3433357328139763,0.31972852636457383,0.3199577331542969,999960000,0.0,0.0,NVDA,1d
2009-10-02 00:00:00-04:00,0.31674907203840774,0.3243125432334024,0.31491549912411965,0.31743666529655457,612476000,0.0,0.0,NVDA,1d
2009-10-05 00:00:00-04:00,0.3208747130138927,0.3220206930584226,0.3103316856752896,0.3158324062824249,754276000,0.0,0.0,NVDA,1d
2009-10-06 00:00:00-04:00,0.3197287137712148,0.32660459362553135,0.31743675381977593,0.32110390067100525,761272000,0.0,0.0,NVDA,1d
2009-10-07 00:00:00-04:00,0.3188118906897536,0.3222498300774104,0.31514474441399415,0.318582683801651,459608000,0.0,0.0,NVDA,1d
2009-10-08 00:00:00-04:00,0.32041627444741105,0.3213330474052876,0.3091856554406911,0.3206454813480377,1241524000,0.0,0.0,NVDA,1d
2009-10-09 00:00:00-04:00,0.31881193985203615,0.32522943316306563,0.3183535533274593,0.32477104663848877,618540000,0.0,0.0,NVDA,1d
2009-10-12 00:00:00-04:00,0.3192703272453906,0.32729218707542657,0.3190411203213196,0.32110390067100525,499008000,0.0,0.0,NVDA,1d
2009-10-13 00:00:00-04:00,0.3229372848091876,0.32660440218864384,0.3169781814994062,0.3199577331542969,602124000,0.0,0.0,NVDA,1d
2009-10-14 00:00:00-04:00,0.3323344466345855,0.3323344466345855,0.317895069377252,0.3194994628429413,1101948000,0.0,0.0,NVDA,1d
2009-10-15 00:00:00-04:00,0.31904115626183577,0.3220207099988215,0.30803974179113813,0.31010252237319946,1092196000,0.0,0.0,NVDA,1d
2009-10-16 00:00:00-04:00,0.3062061735204556,0.30712297401375355,0.29749671910689257,0.3029974400997162,1018832000,0.0,0.0,NVDA,1d
2009-10-19 00:00:00-04:00,0.30551857359511936,0.31652001535081464,0.30299743376646987,0.31399884819984436,695588000,0.0,0.0,NVDA,1d
2009-10-20 00:00:00-04:00,0.31927033460392257,0.3215622946081864,0.3117068611253881,0.31422802805900574,660180000,0.0,0.0,NVDA,1d
2009-10-21 00:00:00-04:00,0.3130819889245525,0.3178950876310575,0.3050601031024176,0.30666449666023254,503956000,0.0,0.0,NVDA,1d
2009-10-22 00:00:00-04:00,0.30506023577558466,0.31033175054684026,0.299788721004329,0.3087273836135864,379328000,0.0,0.0,NVDA,1d
2009-10-23 00:00:00-04:00,0.3128528317518636,0.3128528317518636,0.2995594586610488,0.3013930320739746,429528000,0.0,0.0,NVDA,1d
2009-10-26 00:00:00-04:00,0.3036849596675529,0.30826887905052786,0.2958922803231066,0.29749664664268494,481652000,0.0,0.0,NVDA,1d
2009-10-27 00:00:00-04:00,0.29612149750061423,0.3004762101366822,0.28443249173933516,0.28741201758384705,591836000,0.0,0.0,NVDA,1d
2009-10-28 00:00:00-04:00,0.28099455332552803,0.28741204680131355,0.2741186733133975,0.275493860244751,773632000,0.0,0.0,NVDA,1d
2009-10-29 00:00:00-04:00,0.2798485475557231,0.2890164140500604,0.27732740817680673,0.2876412272453308,637100000,0.0,0.0,NVDA,1d
2009-10-30 00:00:00-04:00,0.2862661171057321,0.2874120973091405,0.27274356163444174,0.27411872148513794,604144000,0.0,0.0,NVDA,1d
2009-11-02 00:00:00-05:00,0.27366032486542924,0.2825989865186838,0.2688471972581135,0.2766398787498474,593136000,0.0,0.0,NVDA,1d
2009-11-03 00:00:00-05:00,0.26770117718053155,0.2766398375009712,0.2649508306674417,0.2752646505832672,876472000,0.0,0.0,NVDA,1d
2009-11-04 00:00:00-05:00,0.27732748538090807,0.2803070394057445,0.2734311307902555,0.2745771110057831,916840000,0.0,0.0,NVDA,1d
2009-11-05 00:00:00-05:00,0.2777858043447433,0.2839740905368996,0.27686900400222436,0.28122374415397644,955156000,0.0,0.0,NVDA,1d
2009-11-06 00:00:00-05:00,0.29887174735026656,0.30781040396728465,0.2952046019706222,0.30162209272384644,1641112000,0.0,0.0,NVDA,1d
2009-11-09 00:00:00-05:00,0.30574773814873973,0.3128528247182194,0.305518531231408,0.3084980845451355,818124000,0.0,0.0,NVDA,1d
2009-11-10 00:00:00-05:00,0.3096439124879169,0.3096439124879169,0.29703813931361805,0.30093446373939514,781472000,0.0,0.0,NVDA,1d
2009-11-11 00:00:00-05:00,0.3059770713530108,0.3167492817896296,0.30551865732914457,0.3094150125980377,871512000,0.0,0.0,NVDA,1d
2009-11-12 00:00:00-05:00,0.31216523128854123,0.3174367444863181,0.3075813115204426,0.3084980845451355,505864000,0.0,0.0,NVDA,1d
2009-11-13 00:00:00-05:00,0.30826892232948455,0.3123944558178231,0.30689373539259884,0.3107900619506836,388524000,0.0,0.0,NVDA,1d
2009-11-16 00:00:00-05:00,0.3135404108807878,0.31881192395638375,0.31193601714128566,0.31514477729797363,402820000,0.0,0.0,NVDA,1d
2009-11-17 00:00:00-05:00,0.31537401105191437,0.31537401105191437,0.30872731058312564,0.3146864175796509,350124000,0.0,0.0,NVDA,1d
2009-11-18 00:00:00-05:00,0.3117069163065084,0.3128528965115118,0.30460182810655734,0.3098733425140381,455516000,0.0,0.0,NVDA,1d
2009-11-19 00:00:00-05:00,0.30322654587140363,0.30322654587140363,0.29199595431204084,0.29749664664268494,833840000,0.0,0.0,NVDA,1d
2009-11-20 00:00:00-05:00,0.2906208410333114,0.29703833525619655,0.28993324748758764,0.29566314816474915,426748000,0.0,0.0,NVDA,1d
2009-11-23 00:00:00-05:00,0.30001790632609393,0.305518600363572,0.29657996572208933,0.29795512557029724,390924000,0.0,0.0,NVDA,1d
2009-11-24 00:00:00-05:00,0.296579864540435,0.2986426172701765,0.2913083519482675,0.2961214780807495,418504000,0.0,0.0,NVDA,1d
2009-11-25 00:00:00-05:00,0.29955944418907166,0.30368497733826716,0.29749666395331575,0.29955944418907166,441760000,0.0,0.0,NVDA,1d
2009-11-27 00:00:00-05:00,0.28878725024989593,0.29657993110273845,0.2871828836197672,0.2931419909000397,279932000,0.0,0.0,NVDA,1d
2009-11-30 00:00:00-05:00,0.29428789912341075,0.2995594116117507,0.2910791393241844,0.2993302047252655,509836000,0.0,0.0,NVDA,1d
2009-12-01 00:00:00-05:00,0.3009346470153938,0.3087273279351703,0.29933028037148457,0.3052893877029419,461936000,0.0,0.0,NVDA,1d
2009-12-02 00:00:00-05:00,0.30597699035867193,0.31514483125194953,0.3041434167155522,0.3144572377204895,602292000,0.0,0.0,NVDA,1d
2009-12-03 00:00:00-05:00,0.31812437506103125,0.32385427544019274,0.3165200084193301,0.316978394985199,660036000,0.0,0.0,NVDA,1d
2009-12-04 00:00:00-05:00,0.322937458317626,0.32820897141282834,0.31789512481297894,0.3268337845802307,824564000,0.0,0.0,NVDA,1d
2009-12-07 00:00:00-05:00,0.36327598640380887,0.3770277453141066,0.3460862604436205,0.36877667903900146,2732184000,0.0,0.0,NVDA,1d
2009-12-08 00:00:00-05:00,0.3628175226739186,0.3644219161839429,0.34883655877604597,0.350899338722229,1075512000,0.0,0.0,NVDA,1d
2009-12-09 00:00:00-05:00,0.3545664936516784,0.3623591452266228,0.35112852698942276,0.35960879921913147,671588000,0.0,0.0,NVDA,1d
2009-12-10 00:00:00-05:00,0.3621300055929258,0.36442196540560184,0.35204536602376146,0.3531913459300995,417012000,0.0,0.0,NVDA,1d
2009-12-11 00:00:00-05:00,0.35617089365081983,0.3566292801418131,0.3476906206170234,0.3486074209213257,416744000,0.0,0.0,NVDA,1d
2009-12-14 00:00:00-05:00,0.3536497491000028,0.36029644926349313,0.34975342269923526,0.3591504693031311,405488000,0.0,0.0,NVDA,1d
2009-12-15 00:00:00-05:00,0.35662932910863593,0.36465118943056113,0.3557125560007723,0.35869210958480835,446152000,0.0,0.0,NVDA,1d
2009-12-16 00:00:00-05:00,0.37152704998250086,0.3916963017023527,0.3694642697675374,0.3875707685947418,1683400000,0.0,0.0,NVDA,1d
2009-12-17 00:00:00-05:00,0.3887167338039624,0.4006349461804564,0.38000728142203016,0.38573718070983887,1016132000,0.0,0.0,NVDA,1d
2009-12-18 00:00:00-05:00,0.3889460005570522,0.39032116020435265,0.3809241129973632,0.38550806045532227,812828000,0.0,0.0,NVDA,1d
2009-12-21 00:00:00-05:00,0.38780003472292884,0.4008642021233997,0.38734164815704425,0.3992598354816437,427792000,0.0,0.0,NVDA,1d
2009-12-22 00:00:00-05:00,0.39925971052456205,0.4139282672982627,0.3988013241021396,0.40980273485183716,793044000,0.0,0.0,NVDA,1d
2009-12-23 00:00:00-05:00,0.41369922383872654,0.41667877774487566,0.40842770959282,0.41553279757499695,442196000,0.0,0.0,NVDA,1d
2009-12-24 00:00:00-05:00,0.4166786221285745,0.4173662154381718,0.4130115033479091,0.4146158695220947,136812000,0.0,0.0,NVDA,1d
2009-12-28 00:00:00-05:00,0.41392834292102926,0.4175954896150028,0.4038437031737603,0.40796923637390137,465760000,0.0,0.0,NVDA,1d
2009-12-29 00:00:00-05:00,0.4065940581453359,0.4141575307771634,0.4056772578528722,0.4130115509033203,475848000,0.0,0.0,NVDA,1d
2009-12-30 00:00:00-05:00,0.41690781461848414,0.4304303914995299,0.41392826192792753,0.4279092252254486,704008000,0.0,0.0,NVDA,1d
2009-12-31 00:00:00-05:00,0.4288261177278405,0.4343268105547339,0.4276801377787113,0.42813852429389954,700340000,0.0,0.0,NVDA,1d
2010-01-04 00:00:00-05:00,0.4242421358195636,0.4267633024298297,0.4150742969783269,0.4237837493419647,800204000,0.0,0.0,NVDA,1d
2010-01-05 00:00:00-05:00,0.42217943186850676,0.434556032129923,0.42217943186850676,0.4299721121788025,728648000,0.0,0.0,NVDA,1d
2010-01-06 00:00:00-05:00,0.42974301432304657,0.433639341805941,0.42561747985549514,0.4327225685119629,649168000,0.0,0.0,NVDA,1d
2010-01-07 00:00:00-05:00,0.4304304217456434,0.43226399486270023,0.421033376597173,0.4242421090602875,547792000,0.0,0.0,NVDA,1d
2010-01-08 00:00:00-05:00,0.42080423724140675,0.42813853088662523,0.4182830977078908,0.4251589775085449,478168000,0.0,0.0,NVDA,1d
2010-01-11 00:00:00-05:00,0.4274509204981572,0.4292844938367799,0.41324074761556867,0.4191998541355133,556612000,0.0,0.0,NVDA,1d
2010-01-12 00:00:00-05:00,0.4130115461327837,0.41461591247316953,0.3962802073811532,0.40498965978622437,627432000,0.0,0.0,NVDA,1d
2010-01-13 00:00:00-05:00,0.4077400769456008,0.41186561034975844,0.391925536783383,0.4104904234409332,508868000,0.0,0.0,NVDA,1d
2010-01-14 00:00:00-05:00,0.4054480375821406,0.4084275630972656,0.3971969723895923,0.4040728509426117,608524000,0.0,0.0,NVDA,1d
2010-01-15 00:00:00-05:00,0.4010932923836758,0.4045312316111441,0.38688312171895695,0.39215463399887085,818192000,0.0,0.0,NVDA,1d
2010-01-19 00:00:00-05:00,0.3891749938375218,0.4020099750009864,0.38802901435229487,0.3994888365268707,545328000,0.0,0.0,NVDA,1d
2010-01-20 00:00:00-05:00,0.3944467265326063,0.399489060958213,0.38917521247458564,0.39788466691970825,719728000,0.0,0.0,NVDA,1d
2010-01-21 00:00:00-05:00,0.39765543470897213,0.4047605214984712,0.38711240798693836,0.3907795548439026,608632000,0.0,0.0,NVDA,1d
2010-01-22 00:00:00-05:00,0.38619559221607236,0.3933006787223312,0.37496499981308706,0.37725695967674255,1067916000,0.0,0.0,NVDA,1d
2010-01-25 00:00:00-05:00,0.383445206074255,0.3910086783043188,0.3806948599875902,0.38367441296577454,643676000,0.0,0.0,NVDA,1d
2010-01-26 00:00:00-05:00,0.381840864961541,0.3843620316451297,0.37129783905857183,0.3715270459651947,714636000,0.0,0.0,NVDA,1d
2010-01-27 00:00:00-05:00,0.3712977685784971,0.3829867721511321,0.3671722362986076,0.38161158561706543,812504000,0.0,0.0,NVDA,1d
2010-01-28 00:00:00-05:00,0.3845912181792336,0.3859664049991898,0.36350516599225746,0.36877667903900146,687764000,0.0,0.0,NVDA,1d
2010-01-29 00:00:00-05:00,0.3729022710654714,0.37702780485453036,0.34723229518791365,0.3527330160140991,774700000,0.0,0.0,NVDA,1d
2010-02-01 00:00:00-05:00,0.3541081711948956,0.3804657402535337,0.35112861753415214,0.3797781467437744,949832000,0.0,0.0,NVDA,1d
2010-02-02 00:00:00-05:00,0.3784029003616505,0.3884875391091735,0.3772569205486806,0.38367441296577454,849812000,0.0,0.0,NVDA,1d
2010-02-03 00:00:00-05:00,0.38023643843508564,0.3884875032559086,0.3784028654390904,0.38688310980796814,562296000,0.0,0.0,NVDA,1d
2010-02-04 00:00:00-05:00,0.38344511007975857,0.38344511007975857,0.3602963127240839,0.3644218444824219,783480000,0.0,0.0,NVDA,1d
2010-02-05 00:00:00-05:00,0.3639635443282228,0.37267299625339084,0.3575460246756637,0.3717561960220337,604856000,0.0,0.0,NVDA,1d
2010-02-08 00:00:00-05:00,0.3706103294546248,0.3800073775937484,0.3637344485691164,0.37106871604919434,445160000,0.0,0.0,NVDA,1d
2010-02-09 00:00:00-05:00,0.37702770887574444,0.3788612820177058,0.3644219310929409,0.36808905005455017,930144000,0.0,0.0,NVDA,1d
2010-02-10 00:00:00-05:00,0.3703811807117254,0.3786322220691557,0.36786001324782147,0.3751942813396454,535828000,0.0,0.0,NVDA,1d
2010-02-11 00:00:00-05:00,0.3811533125588915,0.39650946657404473,0.3784029659951824,0.3923839330673218,695980000,0.0,0.0,NVDA,1d
2010-02-12 00:00:00-05:00,0.38963362616188313,0.4056773479592106,0.3852788852806442,0.3976554870605469,780212000,0.0,0.0,NVDA,1d
2010-02-16 00:00:00-05:00,0.402926906966059,0.40659405344892524,0.3981137806225864,0.40498965978622437,457024000,0.0,0.0,NVDA,1d
2010-02-17 00:00:00-05:00,0.41003208493963716,0.4102612645697401,0.39719709669495135,0.4088861048221588,876560000,0.0,0.0,NVDA,1d
2010-02-18 00:00:00-05:00,0.3864247469665161,0.38848752695873406,0.3715270098638536,0.38207003474235535,1515508000,0.0,0.0,NVDA,1d
2010-02-19 00:00:00-05:00,0.380465653459454,0.3845911862545485,0.3781736938313252,0.380007266998291,510548000,0.0,0.0,NVDA,1d
2010-02-22 00:00:00-05:00,0.3816117287390567,0.3873416565651145,0.3781737884368145,0.3806949555873871,458084000,0.0,0.0,NVDA,1d
2010-02-23 00:00:00-05:00,0.381840864961541,0.383445231340954,0.3676306924865002,0.3715270459651947,489764000,0.0,0.0,NVDA,1d
2010-02-24 00:00:00-05:00,0.3747358663990436,0.3829869344555069,0.3735898862424416,0.37931978702545166,445868000,0.0,0.0,NVDA,1d
2010-02-25 00:00:00-05:00,0.3706103364762234,0.37679865124828255,0.3612132881590629,0.3758818507194519,576972000,0.0,0.0,NVDA,1d
2010-02-26 00:00:00-05:00,0.37404827262043955,0.37679864685252307,0.3690059653988232,0.3712979257106781,393396000,0.0,0.0,NVDA,1d
2010-03-01 00:00:00-05:00,0.37152692418560845,0.3880290237062194,0.36854737198773124,0.38619545102119446,555868000,0.0,0.0,NVDA,1d
2010-03-02 00:00:00-05:00,0.38963362712712074,0.3944467272848496,0.3832161329278274,0.3859664797782898,538648000,0.0,0.0,NVDA,1d
2010-03-03 00:00:00-05:00,0.38825831128501626,0.39032106390822474,0.3779444935243489,0.3811532258987427,399300000,0.0,0.0,NVDA,1d
2010-03-04 00:00:00-05:00,0.38275753821922964,0.38573709061745176,0.37702764026969043,0.3818407654762268,557396000,0.0,0.0,NVDA,1d
2010-03-05 00:00:00-05:00,0.3790905391300152,0.39628023838393756,0.3790905391300152,0.39352989196777344,632832000,0.0,0.0,NVDA,1d
2010-03-08 00:00:00-05:00,0.39375911497227106,0.39490509496934717,0.38619561420478676,0.387800008058548,439312000,0.0,0.0,NVDA,1d
2010-03-09 00:00:00-05:00,0.3916962677567516,0.40613561872087317,0.39146706086751404,0.40223929286003113,830832000,0.0,0.0,NVDA,1d
2010-03-10 00:00:00-05:00,0.4010934081055949,0.40751090197954876,0.40086420116204224,0.4031561613082886,418520000,0.0,0.0,NVDA,1d
2010-03-11 00:00:00-05:00,0.3999472066856457,0.40132239294123834,0.3923837369244962,0.39398810267448425,540660000,0.0,0.0,NVDA,1d
2010-03-12 00:00:00-05:00,0.3983430032701755,0.39948898317608256,0.39330066982633166,0.395363450050354,520352000,0.0,0.0,NVDA,1d
2010-03-15 00:00:00-04:00,0.3949049264638462,0.3988012513268837,0.3896334152621805,0.39330053329467773,358904000,0.0,0.0,NVDA,1d
2010-03-16 00:00:00-04:00,0.3930714627278119,0.4093443871816905,0.392842255833746,0.4070524275302887,664988000,0.0,0.0,NVDA,1d
2010-03-17 00:00:00-04:00,0.40934441635937796,0.42034582893474,0.40934441635937796,0.4148451089859009,651168000,0.0,0.0,NVDA,1d
2010-03-18 00:00:00-04:00,0.4155327103075285,0.4155327103075285,0.39650943801822097,0.4001765847206116,740964000,0.0,0.0,NVDA,1d
2010-03-19 00:00:00-04:00,0.40613565570141696,0.407281635607324,0.39032111660651014,0.395363450050354,584612000,0.0,0.0,NVDA,1d
2010-03-22 00:00:00-04:00,0.390321135993444,0.403385329427525,0.390321135993444,0.40178096294403076,435336000,0.0,0.0,NVDA,1d
2010-03-23 00:00:00-04:00,0.40476052057134587,0.412094786946157,0.4020101467737637,0.4100320339202881,493612000,0.0,0.0,NVDA,1d
2010-03-24 00:00:00-04:00,0.40659404514649067,0.40774002498369666,0.39559260592253537,0.3962801992893219,436252000,0.0,0.0,NVDA,1d
2010-03-25 00:00:00-04:00,0.4020099868589244,0.4045311527297121,0.39650929609650554,0.3974260687828064,495184000,0.0,0.0,NVDA,1d
2010-03-26 00:00:00-04:00,0.4008640073398949,0.4049895390728625,0.3942173370584465,0.3974260687828064,344676000,0.0,0.0,NVDA,1d
2010-03-29 00:00:00-04:00,0.39994736562742383,0.4033853053103608,0.39444664574133514,0.4024685323238373,394456000,0.0,0.0,NVDA,1d
2010-03-30 00:00:00-04:00,0.4070524037800493,0.40911515641703006,0.3971969723895923,0.4040728509426117,324104000,0.0,0.0,NVDA,1d
2010-03-31 00:00:00-04:00,0.40246853295281054,0.4043021062510389,0.39673860614997836,0.39880138635635376,389840000,0.0,0.0,NVDA,1d
2010-04-01 00:00:00-04:00,0.4006349572206862,0.4052188767772515,0.3905503178028532,0.3946758508682251,339664000,0.0,0.0,NVDA,1d
2010-04-05 00:00:00-04:00,0.39719700488119347,0.4013225378149454,0.39673859108230947,0.4006349444389343,413636000,0.0,0.0,NVDA,1d
2010-04-06 00:00:00-04:00,0.39559265435606056,0.39650945473146054,0.3839036476565152,0.3907795548439026,809260000,0.0,0.0,NVDA,1d
2010-04-07 00:00:00-04:00,0.38825822892355233,0.3999472308349716,0.3850494699075222,0.39330053329467773,817468000,0.0,0.0,NVDA,1d
2010-04-08 00:00:00-04:00,0.3907794626703248,0.3937590153735282,0.3848203572639181,0.38688310980796814,1037600000,0.0,0.0,NVDA,1d
2010-04-09 00:00:00-04:00,0.38596623941307034,0.3907793638956883,0.3839034600681036,0.38940417766571045,817572000,0.0,0.0,NVDA,1d
2010-04-12 00:00:00-04:00,0.38986265084978,0.3981137154238009,0.38917505758155985,0.3965093493461609,546460000,0.0,0.0,NVDA,1d
2010-04-13 00:00:00-04:00,0.39811366309504603,0.40613551975114986,0.3965092972282867,0.40476036071777344,648696000,0.0,0.0,NVDA,1d
2010-04-14 00:00:00-04:00,0.4134698808758402,0.41553263343789715,0.4033852429709876,0.40980273485183716,900720000,0.0,0.0,NVDA,1d
2010-04-15 00:00:00-04:00,0.41117803426661664,0.415303567845068,0.4070525006881653,0.4127824008464813,957596000,0.0,0.0,NVDA,1d
2010-04-16 00:00:00-04:00,0.3960511892118616,0.39765555620610227,0.3822993979577705,0.3910088539123535,1917736000,0.0,0.0,NVDA,1d
2010-04-19 00:00:00-04:00,0.3880291371678961,0.3903210968637812,0.37611095221375673,0.3891751170158386,1094492000,0.0,0.0,NVDA,1d
2010-04-20 00:00:00-04:00,0.3919254124456788,0.396050944541018,0.38550792111096327,0.3905502259731293,678188000,0.0,0.0,NVDA,1d
2010-04-21 00:00:00-04:00,0.39261316769400967,0.3930715542665766,0.37588182555559324,0.3804657459259033,895908000,0.0,0.0,NVDA,1d
2010-04-22 00:00:00-04:00,0.37427735586449795,0.38321601451948323,0.36900584342524706,0.38207003474235535,656932000,0.0,0.0,NVDA,1d
2010-04-23 00:00:00-04:00,0.38092404589121875,0.38184084615022856,0.37015184093463294,0.376798540353775,752916000,0.0,0.0,NVDA,1d
2010-04-26 00:00:00-04:00,0.3772570125956145,0.38504966629621334,0.3765694190756039,0.3804657459259033,491092000,0.0,0.0,NVDA,1d
2010-04-27 00:00:00-04:00,0.3777152560849094,0.38161158145923196,0.3685474188171809,0.369693398475647,606704000,0.0,0.0,NVDA,1d
2010-04-28 00:00:00-04:00,0.3694643758942749,0.37565269099441084,0.3628176741665832,0.3703811764717102,672164000,0.0,0.0,NVDA,1d
2010-04-29 00:00:00-04:00,0.37152697544161173,0.38206999934329466,0.3660262566276556,0.38161158561706543,987128000,0.0,0.0,NVDA,1d
2010-04-30 00:00:00-04:00,0.3770277060216361,0.37771529935995574,0.3598380091752123,0.3600671887397766,1068048000,0.0,0.0,NVDA,1d
2010-05-03 00:00:00-04:00,0.36190082242537897,0.36396360278550666,0.35067020221308737,0.3561709225177765,1078972000,0.0,0.0,NVDA,1d
2010-05-04 00:00:00-04:00,0.3506700886492444,0.35135768187994454,0.33302198079128065,0.3380643129348755,1311376000,0.0,0.0,NVDA,1d
2010-05-05 00:00:00-04:00,0.33118850876559647,0.34081473416459934,0.3282089556529178,0.3323344886302948,1330840000,0.0,0.0,NVDA,1d
2010-05-06 00:00:00-04:00,0.3300425330547743,0.33691841232950326,0.2988718420914282,0.3254585862159729,1002888000,0.0,0.0,NVDA,1d
2010-05-07 00:00:00-04:00,0.32843797453952284,0.32843797453952284,0.30849791279187844,0.3199577331542969,1153712000,0.0,0.0,NVDA,1d
2010-05-10 00:00:00-04:00,0.33921034679289264,0.34333587951455286,0.33004250844356475,0.33370962738990784,979156000,0.0,0.0,NVDA,1d
2010-05-11 00:00:00-04:00,0.3305008976816131,0.3366891831550938,0.3275213447285109,0.3300425112247467,829124000,0.0,0.0,NVDA,1d
2010-05-12 00:00:00-04:00,0.3323345205471594,0.3382936000225018,0.33027174019920724,0.33646005392074585,901236000,0.0,0.0,NVDA,1d
2010-05-13 00:00:00-04:00,0.3350848315597459,0.35044098345417835,0.33256366495317236,0.33577242493629456,1252000000,0.0,0.0,NVDA,1d
2010-05-14 00:00:00-04:00,0.3130819392961675,0.3139987120504704,0.2887871334394331,0.297038197517395,2493068000,0.0,0.0,NVDA,1d
2010-05-17 00:00:00-04:00,0.29749673874210303,0.3013930932817219,0.28832889713796106,0.29772594571113586,856060000,0.0,0.0,NVDA,1d
2010-05-18 00:00:00-04:00,0.3002470089784894,0.30208058229489354,0.2862660431785133,0.2878704369068146,674112000,0.0,0.0,NVDA,1d
2010-05-19 00:00:00-04:00,0.2864951385779939,0.29291262902640564,0.28443238647636054,0.29245424270629883,826520000,0.0,0.0,NVDA,1d
2010-05-20 00:00:00-04:00,0.2839740658717902,0.2924543385225152,0.27526461364707894,0.2855784595012665,1129136000,0.0,0.0,NVDA,1d
2010-05-21 00:00:00-04:00,0.2773273537996247,0.2997885608314413,0.2773273537996247,0.2917667031288147,1069600000,0.0,0.0,NVDA,1d
2010-05-24 00:00:00-04:00,0.29085001265994587,0.2942879526486382,0.28236973882998345,0.28328651189804077,664564000,0.0,0.0,NVDA,1d
2010-05-25 00:00:00-04:00,0.2743479639777934,0.292225262930213,0.27159758927563127,0.29085010290145874,966652000,0.0,0.0,NVDA,1d
2010-05-26 00:00:00-04:00,0.30253899883633656,0.3082688984251786,0.2913083792488165,0.2922251522541046,995028000,0.0,0.0,NVDA,1d
2010-05-27 00:00:00-04:00,0.29955957556449475,0.3094150125980377,0.2988719818510237,0.3094150125980377,713560000,0.0,0.0,NVDA,1d
2010-05-28 00:00:00-04:00,0.30895653308943777,0.30895653308943777,0.29657993193173526,0.30116385221481323,545116000,0.0,0.0,NVDA,1d
2010-06-01 00:00:00-04:00,0.29703837138758427,0.30047631221206816,0.2880997088505313,0.2883289158344269,527492000,0.0,0.0,NVDA,1d
2010-06-02 00:00:00-04:00,0.28878729535170805,0.2919960564354189,0.28695372149277676,0.29153764247894287,649088000,0.0,0.0,NVDA,1d
2010-06-03 00:00:00-04:00,0.285578354084462,0.2917666374548145,0.28466155415999594,0.291079044342041,586360000,0.0,0.0,NVDA,1d
2010-06-04 00:00:00-04:00,0.28259890113983804,0.28764120686268196,0.2757229949257422,0.27732738852500916,671456000,0.0,0.0,NVDA,1d
2010-06-07 00:00:00-04:00,0.278473347502774,0.2803069205345099,0.26242960396681947,0.26357558369636536,577248000,0.0,0.0,NVDA,1d
2010-06-08 00:00:00-04:00,0.2624297287915558,0.2624297287915558,0.24959473878675215,0.25624144077301025,967636000,0.0,0.0,NVDA,1d
2010-06-09 00:00:00-04:00,0.2576165210728055,0.2644924279173876,0.24913627512647463,0.2500530481338501,697152000,0.0,0.0,NVDA,1d
2010-06-10 00:00:00-04:00,0.2550954588875808,0.26128374686705047,0.25440786526267867,0.26013776659965515,611768000,0.0,0.0,NVDA,1d
2010-06-11 00:00:00-04:00,0.2573873763295445,0.26724281044357273,0.256699782819762,0.266096830368042,442104000,0.0,0.0,NVDA,1d
2010-06-14 00:00:00-04:00,0.2699931742376775,0.2704515608324191,0.2596793529055432,0.26036694645881653,375080000,0.0,0.0,NVDA,1d
2010-06-15 00:00:00-04:00,0.26334644998509066,0.27457704236064756,0.2628880361556257,0.2732018828392029,528632000,0.0,0.0,NVDA,1d
2010-06-16 00:00:00-04:00,0.27136831299008335,0.27388947979540734,0.26609679978406225,0.2697639465332031,366480000,0.0,0.0,NVDA,1d
2010-06-17 00:00:00-04:00,0.27916095275492403,0.28076531898050355,0.2695347007568208,0.28007772564888,859068000,0.0,0.0,NVDA,1d
2010-06-18 00:00:00-04:00,0.2816820768590332,0.2853492228840014,0.2796193242964334,0.28191128373146057,932832000,0.0,0.0,NVDA,1d
2010-06-21 00:00:00-04:00,0.2878704578027055,0.2885580239392393,0.2727435109972341,0.2752646505832672,579836000,0.0,0.0,NVDA,1d
2010-06-22 00:00:00-04:00,0.27870257077470195,0.28214051050264105,0.26357562504284343,0.26495081186294556,818164000,0.0,0.0,NVDA,1d
2010-06-23 00:00:00-04:00,0.267472091165403,0.2706808253330377,0.2599085877938475,0.2679304778575897,614060000,0.0,0.0,NVDA,1d
2010-06-24 00:00:00-04:00,0.2663261041854912,0.26770129169144025,0.25372031889616725,0.25463709235191345,725028000,0.0,0.0,NVDA,1d
2010-06-25 00:00:00-04:00,0.2564705432145289,0.2566997501293739,0.24982387055182417,0.2539494037628174,507220000,0.0,0.0,NVDA,1d
2010-06-28 00:00:00-04:00,0.2557829801441872,0.258074940030517,0.24982387351080287,0.2544077932834625,372008000,0.0,0.0,NVDA,1d
2010-06-29 00:00:00-04:00,0.24890708208106696,0.2491362890068391,0.23859326222304506,0.24019762873649597,660808000,0.0,0.0,NVDA,1d
2010-06-30 00:00:00-04:00,0.2406559826828109,0.2431771492356864,0.23400931060314178,0.23400931060314178,623072000,0.0,0.0,NVDA,1d
2010-07-01 00:00:00-04:00,0.23469685973849538,0.23950995772020695,0.2275917615470834,0.2379055917263031,737008000,0.0,0.0,NVDA,1d
2010-07-02 00:00:00-04:00,0.23882250361561588,0.23928089021099638,0.22690428820179143,0.23492614924907684,737096000,0.0,0.0,NVDA,1d
2010-07-06 00:00:00-04:00,0.23400928358958908,0.2415727550527896,0.23034213763097333,0.2324049174785614,712020000,0.0,0.0,NVDA,1d
2010-07-07 00:00:00-04:00,0.23332173106849777,0.24501073694663913,0.2328633445741682,0.24363555014133453,608412000,0.0,0.0,NVDA,1d
2010-07-08 00:00:00-04:00,0.24523999413464712,0.24546917376764088,0.23332177890468225,0.23630133271217346,783272000,0.0,0.0,NVDA,1d
2010-07-09 00:00:00-04:00,0.23744724413665003,0.23882243082597635,0.23423848430232652,0.23721803724765778,571516000,0.0,0.0,NVDA,1d
2010-07-12 00:00:00-04:00,0.23721804266319668,0.2445523354106228,0.236988863091286,0.2415727823972702,565396000,0.0,0.0,NVDA,1d
2010-07-13 00:00:00-04:00,0.24546910191876584,0.2518865942436555,0.24409394255634817,0.2502822279930115,723316000,0.0,0.0,NVDA,1d
2010-07-14 00:00:00-04:00,0.26128366078026316,0.26311723406844156,0.24913626848368656,0.25280341506004333,1355664000,0.0,0.0,NVDA,1d
2010-07-15 00:00:00-04:00,0.2530326140815062,0.2532618210060036,0.24271879428084425,0.24569834768772125,953088000,0.0,0.0,NVDA,1d
2010-07-16 00:00:00-04:00,0.24569833212522504,0.24638592553284736,0.2294254065415338,0.23034217953681946,1288604000,0.0,0.0,NVDA,1d
2010-07-19 00:00:00-04:00,0.2335509528427175,0.24065601226286404,0.23194655902696787,0.23973923921585083,798440000,0.0,0.0,NVDA,1d
2010-07-20 00:00:00-04:00,0.23355095445803364,0.24707350726775212,0.23148817410451053,0.24569834768772125,1160988000,0.0,0.0,NVDA,1d
2010-07-21 00:00:00-04:00,0.24799030352220475,0.24821948312057568,0.2353844966530115,0.2376764565706253,624940000,0.0,0.0,NVDA,1d
2010-07-22 00:00:00-04:00,0.24019759567654925,0.24409394894448722,0.23882243627814254,0.2415727823972702,462612000,0.0,0.0,NVDA,1d
2010-07-23 00:00:00-04:00,0.2413436031026645,0.2415728100231011,0.23515531679636742,0.23744727671146393,817604000,0.0,0.0,NVDA,1d
2010-07-26 00:00:00-04:00,0.23675968565917516,0.242718792427425,0.2330925388291264,0.24180199205875397,683548000,0.0,0.0,NVDA,1d
2010-07-27 00:00:00-04:00,0.24248958567920814,0.24294797220271475,0.2367596858295814,0.23973923921585083,683472000,0.0,0.0,NVDA,1d
2010-07-28 00:00:00-04:00,0.23584292941417848,0.23996846306130531,0.23148818882797587,0.2321757823228836,1320808000,0.0,0.0,NVDA,1d
2010-07-29 00:00:00-04:00,0.21544442716343354,0.22002834678569017,0.20788095432224682,0.2092561274766922,2664476000,0.0,0.0,NVDA,1d
2010-07-30 00:00:00-04:00,0.20765178714902677,0.21429847416818146,0.2044430402782804,0.2106313407421112,984288000,0.0,0.0,NVDA,1d
2010-08-02 00:00:00-04:00,0.2142984562179907,0.2152152429130058,0.20948532948445114,0.21040211617946625,917020000,0.0,0.0,NVDA,1d
2010-08-03 00:00:00-04:00,0.20879770666113287,0.2090268998723441,0.2032970012862841,0.20490136742591858,955444000,0.0,0.0,NVDA,1d
2010-08-04 00:00:00-04:00,0.20673496374551384,0.21429843619629202,0.20581817713615325,0.21361084282398224,855496000,0.0,0.0,NVDA,1d
2010-08-05 00:00:00-04:00,0.21429851702220573,0.2168196709029705,0.2104021758781488,0.21636128425598145,800504000,0.0,0.0,NVDA,1d
2010-08-06 00:00:00-04:00,0.21544441262896408,0.22117431177023023,0.21361083943929607,0.21888235211372375,739904000,0.0,0.0,NVDA,1d
2010-08-09 00:00:00-04:00,0.22117434292581487,0.22140354985267832,0.21567363624311436,0.22094514966011047,466456000,0.0,0.0,NVDA,1d
2010-08-10 00:00:00-04:00,0.2172780213511274,0.21773640789292795,0.2108605277989636,0.21177731454372406,772560000,0.0,0.0,NVDA,1d
2010-08-11 00:00:00-04:00,0.2074225397080646,0.2074225397080646,0.20283862040526096,0.20352621376514435,796148000,0.0,0.0,NVDA,1d
2010-08-12 00:00:00-04:00,0.19985916871169476,0.20994381268361684,0.19825480160684952,0.20535989105701447,1343584000,0.0,0.0,NVDA,1d
2010-08-13 00:00:00-04:00,0.21200648945042533,0.21819478919565258,0.21154808928717247,0.21521523594856262,1797392000,0.0,0.0,NVDA,1d
2010-08-16 00:00:00-04:00,0.21223571517035672,0.2165904422510969,0.20696420128401438,0.20971456170082092,814008000,0.0,0.0,NVDA,1d
2010-08-17 00:00:00-04:00,0.21177728929165476,0.21636120880771662,0.20971452277719538,0.21246486902236938,481224000,0.0,0.0,NVDA,1d
2010-08-18 00:00:00-04:00,0.21177728326641843,0.21544441604270342,0.21040209652179884,0.21361084282398224,352920000,0.0,0.0,NVDA,1d
2010-08-19 00:00:00-04:00,0.21590279858398972,0.22713341726763697,0.21475681875845312,0.22644582390785217,1615100000,0.0,0.0,NVDA,1d
2010-08-20 00:00:00-04:00,0.22484144425912753,0.23400929597993145,0.2246122510398676,0.2285085767507553,1305308000,0.0,0.0,NVDA,1d
2010-08-23 00:00:00-04:00,0.22919614274183553,0.23492604084591956,0.22438301740548122,0.22507061064243317,748620000,0.0,0.0,NVDA,1d
2010-08-24 00:00:00-04:00,0.21773640250306736,0.22507068261843838,0.21727801597261373,0.22277872264385223,641332000,0.0,0.0,NVDA,1d
2010-08-25 00:00:00-04:00,0.22025758874102905,0.22919623615889398,0.21911159499196717,0.22736266255378723,757532000,0.0,0.0,NVDA,1d
2010-08-26 00:00:00-04:00,0.23034219555231467,0.23286336244811895,0.224612295627594,0.224612295627594,657596000,0.0,0.0,NVDA,1d
2010-08-27 00:00:00-04:00,0.22598747919972856,0.23378014618552623,0.22025757901328316,0.23194657266139984,1060416000,0.0,0.0,NVDA,1d
2010-08-30 00:00:00-04:00,0.22919621651474079,0.23102978996269397,0.22094514966011047,0.22094514966011047,602804000,0.0,0.0,NVDA,1d
2010-08-31 00:00:00-04:00,0.2177363330311362,0.22461222442220086,0.21315241454452954,0.21384000778198242,931488000,0.0,0.0,NVDA,1d
2010-09-01 00:00:00-04:00,0.21704882581190002,0.21979917235627877,0.21429846560636204,0.2154444456100464,851440000,0.0,0.0,NVDA,1d
2010-09-02 00:00:00-04:00,0.21613202490454667,0.2200283511971205,0.2140692583009424,0.21934077143669128,596292000,0.0,0.0,NVDA,1d
2010-09-03 00:00:00-04:00,0.2246122833858471,0.22759182298761652,0.221861923375185,0.2269042432308197,566484000,0.0,0.0,NVDA,1d
2010-09-07 00:00:00-04:00,0.22621663622822388,0.2342384952039036,0.22575824975121947,0.22896699607372284,899820000,0.0,0.0,NVDA,1d
2010-09-08 00:00:00-04:00,0.2294254810470472,0.23813493661990545,0.22690431350779283,0.23653054237365723,1224156000,0.0,0.0,NVDA,1d
2010-09-09 00:00:00-04:00,0.23950998158277254,0.23973918845715594,0.230342143764427,0.23332169651985168,697748000,0.0,0.0,NVDA,1d
2010-09-10 00:00:00-04:00,0.23492614773747122,0.2356137412872787,0.22873786043384756,0.23080061376094818,609292000,0.0,0.0,NVDA,1d
2010-09-13 00:00:00-04:00,0.23492615753194154,0.24684437336597023,0.23492615753194154,0.24386481940746307,1015792000,0.0,0.0,NVDA,1d
2010-09-14 00:00:00-04:00,0.24180196196918088,0.24478151498253345,0.23951000231618877,0.2415727823972702,698536000,0.0,0.0,NVDA,1d
2010-09-15 00:00:00-04:00,0.23928076683675617,0.24226031915394172,0.23607200767889952,0.24203111231327057,555572000,0.0,0.0,NVDA,1d
2010-09-16 00:00:00-04:00,0.2388224420172937,0.2443231343877364,0.2388224420172937,0.2422603815793991,365280000,0.0,0.0,NVDA,1d
2010-09-17 00:00:00-04:00,0.24455236584244938,0.2447815454428789,0.24111442593514779,0.24180199205875397,416884000,0.0,0.0,NVDA,1d
2010-09-20 00:00:00-04:00,0.24180197653052718,0.2463859234348715,0.23951001673951297,0.2454691231250763,443168000,0.0,0.0,NVDA,1d
2010-09-21 00:00:00-04:00,0.24409403237171515,0.2628881024852841,0.24409403237171515,0.25876256823539734,1779624000,0.0,0.0,NVDA,1d
2010-09-22 00:00:00-04:00,0.2578456964559049,0.26334641579446794,0.25624133022802476,0.26105445623397827,999996000,0.0,0.0,NVDA,1d
2010-09-23 00:00:00-04:00,0.2640339318907055,0.27457695480478683,0.2617419727634972,0.2663258910179138,1240872000,0.0,0.0,NVDA,1d
2010-09-24 00:00:00-04:00,0.27228513935358845,0.2819113946251714,0.2702223859795763,0.28099459409713745,1086976000,0.0,0.0,NVDA,1d
2010-09-27 00:00:00-04:00,0.2830573613227721,0.28328654095213207,0.27136835323345687,0.2750355005264282,999504000,0.0,0.0,NVDA,1d
2010-09-28 00:00:00-04:00,0.27526464458559213,0.2782441979608179,0.2695347447572031,0.27434787154197693,723192000,0.0,0.0,NVDA,1d
2010-09-29 00:00:00-04:00,0.2718267172549141,0.28030699125082087,0.2693055502849442,0.2722851037979126,974904000,0.0,0.0,NVDA,1d
2010-09-30 00:00:00-04:00,0.27572306946724345,0.27893183021094914,0.2654092483412377,0.2677012085914612,787632000,0.0,0.0,NVDA,1d
2010-10-01 00:00:00-04:00,0.2715975692736081,0.27205598323842606,0.25807501304727354,0.26013776659965515,999120000,0.0,0.0,NVDA,1d
2010-10-04 00:00:00-04:00,0.25761640071868896,0.2619711387750522,0.25234489008325117,0.25761640071868896,749500000,0.0,0.0,NVDA,1d
2010-10-05 00:00:00-04:00,0.2631172546764586,0.2635756412038262,0.258762514360671,0.25945010781288147,753588000,0.0,0.0,NVDA,1d
2010-10-06 00:00:00-04:00,0.25945013250137217,0.26059611258999826,0.2445523913492327,0.24707353115081787,1057604000,0.0,0.0,NVDA,1d
2010-10-07 00:00:00-04:00,0.2482194540508566,0.24844866094470183,0.23790563562947653,0.24523992836475372,761488000,0.0,0.0,NVDA,1d
2010-10-08 00:00:00-04:00,0.24432311065782678,0.2509698095590581,0.2408851714296316,0.24890702962875366,706932000,0.0,0.0,NVDA,1d
2010-10-11 00:00:00-04:00,0.25005300032855654,0.2521157801842625,0.24661506122469115,0.24776104092597961,442680000,0.0,0.0,NVDA,1d
2010-10-12 00:00:00-04:00,0.24569826815260093,0.2537201254008004,0.24363548846682137,0.2525741457939148,605208000,0.0,0.0,NVDA,1d
2010-10-13 00:00:00-04:00,0.2566997642826812,0.263575644239337,0.2539494177644825,0.2599084973335266,968732000,0.0,0.0,NVDA,1d
2010-10-14 00:00:00-04:00,0.26013764407925255,0.2605960305058535,0.2546369249931053,0.25578293204307556,599172000,0.0,0.0,NVDA,1d
2010-10-15 00:00:00-04:00,0.25990854845357014,0.2628881024852841,0.25578304152600695,0.25876256823539734,639940000,0.0,0.0,NVDA,1d
2010-10-18 00:00:00-04:00,0.25899175935226987,0.26151292660683145,0.25440783876021017,0.26036694645881653,448156000,0.0,0.0,NVDA,1d
2010-10-19 00:00:00-04:00,0.2546370339855106,0.2605961420489385,0.25257428052172903,0.25876256823539734,866136000,0.0,0.0,NVDA,1d
2010-10-20 00:00:00-04:00,0.25899177520796135,0.265867656516998,0.2544078543352702,0.25876256823539734,763532000,0.0,0.0,NVDA,1d
2010-10-21 00:00:00-04:00,0.2589916798935799,0.25945006634768847,0.2502822279762634,0.25417855381965637,1014428000,0.0,0.0,NVDA,1d
2010-10-22 00:00:00-04:00,0.2557829551977224,0.2725142662005917,0.2530325817445164,0.27045148611068726,1322676000,0.0,0.0,NVDA,1d
2010-10-25 00:00:00-04:00,0.27251428667518335,0.27503545342260477,0.2699931199277619,0.2729726731777191,673136000,0.0,0.0,NVDA,1d
2010-10-26 00:00:00-04:00,0.2697638752497862,0.2761813667038422,0.2674719159677883,0.27205583453178406,675248000,0.0,0.0,NVDA,1d
2010-10-27 00:00:00-04:00,0.26953478532945346,0.27686905274933277,0.2688471917820819,0.2759522795677185,496796000,0.0,0.0,NVDA,1d
2010-10-28 00:00:00-04:00,0.2796195201973254,0.28053629368470134,0.27366041056238943,0.27618157863616943,704448000,0.0,0.0,NVDA,1d
2010-10-29 00:00:00-04:00,0.2757230398517643,0.2784734137144712,0.27274351370436245,0.275493860244751,554664000,0.0,0.0,NVDA,1d
2010-11-01 00:00:00-04:00,0.2773274666624616,0.28168218025861197,0.2736603192913611,0.2759522795677185,473920000,0.0,0.0,NVDA,1d
2010-11-02 00:00:00-04:00,0.2770981259279719,0.286265962607337,0.2754937599735447,0.2816820442676544,581036000,0.0,0.0,NVDA,1d
2010-11-03 00:00:00-04:00,0.28351569451017067,0.28557847471986036,0.2761814286277889,0.2837449014186859,671748000,0.0,0.0,NVDA,1d
2010-11-04 00:00:00-04:00,0.28649534088761314,0.2894748950557875,0.2837449937025002,0.2842033803462982,700016000,0.0,0.0,NVDA,1d
2010-11-05 00:00:00-04:00,0.2862659633339837,0.29153747490246135,0.2848908042219734,0.28901633620262146,735116000,0.0,0.0,NVDA,1d
2010-11-08 00:00:00-05:00,0.2887873757165029,0.29268370417456363,0.2864954145856046,0.2901625633239746,605156000,0.0,0.0,NVDA,1d
2010-11-09 00:00:00-05:00,0.2901623700652081,0.29245432966957735,0.286953610225703,0.2885579764842987,633964000,0.0,0.0,NVDA,1d
2010-11-10 00:00:00-05:00,0.2906208152279266,0.2919960021972656,0.2864952816422286,0.2919960021972656,521016000,0.0,0.0,NVDA,1d
2010-11-11 00:00:00-05:00,0.28511998374615416,0.29382943407812045,0.2812236586119954,0.28901633620262146,1089980000,0.0,0.0,NVDA,1d
2010-11-12 00:00:00-05:00,0.30001786268537145,0.3135404434875166,0.2986426757148756,0.3039141893386841,2142560000,0.0,0.0,NVDA,1d
2010-11-15 00:00:00-05:00,0.30528934709665945,0.30964405988267063,0.2995594474717413,0.3002470135688782,733548000,0.0,0.0,NVDA,1d
2010-11-16 00:00:00-05:00,0.29520482019177563,0.29933035496297455,0.2908501057413767,0.2913084924221039,739356000,0.0,0.0,NVDA,1d
2010-11-17 00:00:00-05:00,0.29107914505726784,0.29955941751186127,0.2883287989768412,0.2961214780807495,551764000,0.0,0.0,NVDA,1d
2010-11-18 00:00:00-05:00,0.3000178738823943,0.3082689413686706,0.3000178738823943,0.3052893877029419,993120000,0.0,0.0,NVDA,1d
2010-11-19 00:00:00-05:00,0.30460175114678184,0.31629075721343725,0.30414336464505964,0.31514477729797363,716484000,0.0,0.0,NVDA,1d
2010-11-22 00:00:00-05:00,0.3130818200083969,0.3172073231532049,0.3103314481487936,0.3153737783432007,462668000,0.0,0.0,NVDA,1d
2010-11-23 00:00:00-05:00,0.31170690204630824,0.3149156355445932,0.3057477943239824,0.30803975462913513,457832000,0.0,0.0,NVDA,1d
2010-11-24 00:00:00-05:00,0.31124851280934435,0.31674920656611827,0.3110193058518447,0.31560322642326355,397784000,0.0,0.0,NVDA,1d
2010-11-26 00:00:00-05:00,0.3153740178437979,0.31720756404622946,0.31170687079429626,0.31170687079429626,143104000,0.0,0.0,NVDA,1d
2010-11-29 00:00:00-05:00,0.3103316507240999,0.31629075721343725,0.30895649121893337,0.31514477729797363,468192000,0.0,0.0,NVDA,1d
2010-11-30 00:00:00-05:00,0.31033171371295165,0.3135404745209303,0.30620617971544883,0.31193608045578003,720936000,0.0,0.0,NVDA,1d
2010-12-01 00:00:00-05:00,0.31812438136721344,0.32775060873056144,0.31766599479225793,0.32568785548210144,626536000,0.0,0.0,NVDA,1d
2010-12-02 00:00:00-05:00,0.3256877366504817,0.3316468419176042,0.3254585297854728,0.3295840620994568,529316000,0.0,0.0,NVDA,1d
2010-12-03 00:00:00-05:00,0.3279798550586611,0.3389812707901001,0.32729226145251045,0.3389812707901001,606044000,0.0,0.0,NVDA,1d
2010-12-06 00:00:00-05:00,0.3401270496269436,0.34081464282595003,0.33118842000678406,0.332563579082489,438424000,0.0,0.0,NVDA,1d
2010-12-07 00:00:00-05:00,0.34035646182778734,0.3513578776828751,0.3396688682139085,0.3433360159397125,1026812000,0.0,0.0,NVDA,1d
2010-12-08 00:00:00-05:00,0.3428776515571988,0.349982713168864,0.3403564839167952,0.3463155925273895,613252000,0.0,0.0,NVDA,1d
2010-12-09 00:00:00-05:00,0.33806436089475483,0.3428774868701661,0.33325123491934355,0.34058550000190735,942408000,0.0,0.0,NVDA,1d
2010-12-10 00:00:00-05:00,0.34058551745783205,0.3458570301481491,0.33966874452139184,0.34264829754829407,451900000,0.0,0.0,NVDA,1d
2010-12-13 00:00:00-05:00,0.3440235985221052,0.3447111647916121,0.3330221556974662,0.33393895626068115,609108000,0.0,0.0,NVDA,1d
2010-12-14 00:00:00-05:00,0.34035636286553567,0.3465446489464858,0.3339388698724955,0.33439725637435913,755160000,0.0,0.0,NVDA,1d
2010-12-15 00:00:00-05:00,0.3350848842804934,0.3392104178665634,0.32660461017266973,0.32706302404403687,624176000,0.0,0.0,NVDA,1d
2010-12-16 00:00:00-05:00,0.3305008167767939,0.3323343894777245,0.32660446454145126,0.32752126455307007,631872000,0.0,0.0,NVDA,1d
2010-12-17 00:00:00-05:00,0.3277505184885423,0.33118848515990895,0.32385419269074434,0.3293549120426178,593156000,0.0,0.0,NVDA,1d
2010-12-20 00:00:00-05:00,0.330501030197078,0.3321053971005434,0.32775065570848055,0.3279798626899719,344088000,0.0,0.0,NVDA,1d
2010-12-21 00:00:00-05:00,0.3311883980747285,0.34081462025642395,0.33095919124946904,0.34081462025642395,466952000,0.0,0.0,NVDA,1d
2010-12-22 00:00:00-05:00,0.3401272043447789,0.34494033160492205,0.33691847105289696,0.3444819450378418,477988000,0.0,0.0,NVDA,1d
2010-12-23 00:00:00-05:00,0.3444818348599029,0.3444818348599029,0.34058548198011696,0.3419606685638428,273784000,0.0,0.0,NVDA,1d
2010-12-27 00:00:00-05:00,0.34104402874017836,0.3463155429374254,0.3348557140220976,0.3437943756580353,255500000,0.0,0.0,NVDA,1d
2010-12-28 00:00:00-05:00,0.34379436436870936,0.3460863246120484,0.34035642400370086,0.34241917729377747,194260000,0.0,0.0,NVDA,1d
2010-12-29 00:00:00-05:00,0.3421899976628363,0.3449403444903789,0.3392104438820313,0.34241917729377747,177660000,0.0,0.0,NVDA,1d
2010-12-30 00:00:00-05:00,0.34196065093484324,0.3456277967541864,0.34081467128158727,0.3435650169849396,174488000,0.0,0.0,NVDA,1d
2010-12-31 00:00:00-05:00,0.3437942680611367,0.35342052024440207,0.3433358816053416,0.35296210646629333,391252000,0.0,0.0,NVDA,1d
2011-01-03 00:00:00-05:00,0.3557124382032397,0.3660262552016257,0.35525402447879645,0.3625883162021637,817448000,0.0,0.0,NVDA,1d
2011-01-04 00:00:00-05:00,0.3632759602914062,0.36488032658448855,0.3534205283163081,0.3614423871040344,651384000,0.0,0.0,NVDA,1d
2011-01-05 00:00:00-05:00,0.36808906595584423,0.38963353081286745,0.364421946835817,0.3891751170158386,1428216000,0.0,0.0,NVDA,1d
2011-01-06 00:00:00-05:00,0.3992598133049943,0.4432654949543662,0.3981138332927756,0.443036288022995,3493312000,0.0,0.0,NVDA,1d
2011-01-07 00:00:00-05:00,0.43799392982071916,0.45678802166427485,0.4281384974125336,0.4554128348827362,2579984000,0.0,0.0,NVDA,1d
2011-01-10 00:00:00-05:00,0.44716158661448024,0.47374831985950416,0.44372364838394984,0.4728315472602844,1750348000,0.0,0.0,NVDA,1d
2011-01-11 00:00:00-05:00,0.47924915488558056,0.4838330733884729,0.4554127349548452,0.46549734473228455,2711088000,0.0,0.0,NVDA,1d
2011-01-12 00:00:00-05:00,0.46572667792224476,0.5356314772754366,0.4641223115696057,0.5351731181144714,3431896000,0.0,0.0,NVDA,1d
2011-01-13 00:00:00-05:00,0.5294431385791373,0.5464036826677966,0.5129410082502999,0.5360898375511169,2695192000,0.0,0.0,NVDA,1d
2011-01-14 00:00:00-05:00,0.5269222086586164,0.5496126332059368,0.5237134750001218,0.5406739711761475,1595352000,0.0,0.0,NVDA,1d
2011-01-18 00:00:00-05:00,0.5333396995147789,0.5370068472769011,0.5150040153488176,0.5280681848526001,1813348000,0.0,0.0,NVDA,1d
2011-01-19 00:00:00-05:00,0.5282973092335914,0.5409030621524977,0.512482768537572,0.5136287212371826,1197896000,0.0,0.0,NVDA,1d
2011-01-20 00:00:00-05:00,0.5085863293916741,0.5170665742130504,0.49941843660019564,0.5140870213508606,1111408000,0.0,0.0,NVDA,1d
2011-01-21 00:00:00-05:00,0.5195880363537854,0.526922333289074,0.5083574112480808,0.5092741847038269,739244000,0.0,0.0,NVDA,1d
2011-01-24 00:00:00-05:00,0.5326517079529828,0.574136255281501,0.526692658766737,0.5668019652366638,2056900000,0.0,0.0,NVDA,1d
2011-01-25 00:00:00-05:00,0.5642809322112757,0.5702400377309182,0.545716076995119,0.5493832230567932,1086856000,0.0,0.0,NVDA,1d
2011-01-26 00:00:00-05:00,0.5551131948570687,0.5729905146518612,0.5512168685377346,0.5624474883079529,1074660000,0.0,0.0,NVDA,1d
2011-01-27 00:00:00-05:00,0.5704695450891806,0.5718446777067252,0.5500710797523599,0.560843288898468,657396000,0.0,0.0,NVDA,1d
2011-01-28 00:00:00-05:00,0.5622183490632958,0.5716153688228808,0.5317352204579545,0.5445702075958252,1094796000,0.0,0.0,NVDA,1d
2011-01-31 00:00:00-05:00,0.5454871232688835,0.5558009177772363,0.5365484612889037,0.5482374429702759,750160000,0.0,0.0,NVDA,1d
2011-02-01 00:00:00-05:00,0.5530506339388983,0.564968796040402,0.5493834861212625,0.560843288898468,654104000,0.0,0.0,NVDA,1d
2011-02-02 00:00:00-05:00,0.557634452788603,0.5998065629907532,0.557634452788603,0.5862839818000793,1606616000,0.0,0.0,NVDA,1d
2011-02-03 00:00:00-05:00,0.5872006672721422,0.5872006672721422,0.5626766483068163,0.5752824544906616,1030776000,0.0,0.0,NVDA,1d
2011-02-04 00:00:00-05:00,0.5833046765031309,0.5929308803822799,0.5810127153921911,0.5883469581604004,872900000,0.0,0.0,NVDA,1d
2011-02-07 00:00:00-05:00,0.5803246972529662,0.5828458362381091,0.5617597875780097,0.5638225674629211,934236000,0.0,0.0,NVDA,1d
2011-02-08 00:00:00-05:00,0.5645103938989106,0.5681775414383992,0.5445702893988126,0.5470914840698242,1076584000,0.0,0.0,NVDA,1d
2011-02-09 00:00:00-05:00,0.5491539215630149,0.5546546673037425,0.5239423706149435,0.5337978005409241,1277520000,0.0,0.0,NVDA,1d
2011-02-10 00:00:00-05:00,0.5218796249191778,0.5319642896702764,0.5179832995290528,0.523025631904602,1042352000,0.0,0.0,NVDA,1d
2011-02-11 00:00:00-05:00,0.5211920276129456,0.5548838786272385,0.5127117836361629,0.5379233360290527,1359276000,0.0,0.0,NVDA,1d
2011-02-14 00:00:00-05:00,0.5443409757695137,0.5615307017227407,0.5276096636376307,0.5296724438667297,1287828000,0.0,0.0,NVDA,1d
2011-02-15 00:00:00-05:00,0.530589053541827,0.532422598973546,0.5145452851135144,0.5168372988700867,886980000,0.0,0.0,NVDA,1d
2011-02-16 00:00:00-05:00,0.5237135580994291,0.5434244317644072,0.5218799566860268,0.5358609557151794,1318364000,0.0,0.0,NVDA,1d
2011-02-17 00:00:00-05:00,0.5207338716414663,0.5961394333379616,0.5182126771675939,0.5885759592056274,3470096000,0.0,0.0,NVDA,1d
2011-02-18 00:00:00-05:00,0.5853672789545875,0.5947643557653257,0.578262217412765,0.5874300599098206,1394412000,0.0,0.0,NVDA,1d
2011-02-22 00:00:00-05:00,0.5681771020612496,0.5697814676232325,0.5301305235749281,0.531964123249054,1396648000,0.0,0.0,NVDA,1d
2011-02-23 00:00:00-05:00,0.5319645266964339,0.5370068066740391,0.49918943361877505,0.5067529082298279,1491604000,0.0,0.0,NVDA,1d
2011-02-24 00:00:00-05:00,0.5092740840032054,0.5280681820307449,0.5056069909053285,0.5191295742988586,1246120000,0.0,0.0,NVDA,1d
2011-02-25 00:00:00-05:00,0.5331103565430411,0.5386110491788172,0.5257760632655847,0.5299016237258911,775652000,0.0,0.0,NVDA,1d
2011-02-28 00:00:00-05:00,0.5386112115079468,0.5388404458101398,0.5074405376513444,0.51935875415802,903696000,0.0,0.0,NVDA,1d
2011-03-01 00:00:00-05:00,0.5202754386079541,0.526922139343804,0.4962098300457001,0.4962098300457001,988448000,0.0,0.0,NVDA,1d
2011-03-02 00:00:00-05:00,0.4955223539020491,0.5049194308630032,0.46412249831215974,0.4755823016166687,1718140000,0.0,0.0,NVDA,1d
2011-03-03 00:00:00-05:00,0.48658355676197895,0.4893339306545419,0.4638931360822471,0.4783324897289276,1593704000,0.0,0.0,NVDA,1d
2011-03-04 00:00:00-05:00,0.4787907359111757,0.48360383389288725,0.4705396717678,0.4758111834526062,959760000,0.0,0.0,NVDA,1d
2011-03-07 00:00:00-05:00,0.47924930734151266,0.4808536738634346,0.4572464532769793,0.46916463971138,1019140000,0.0,0.0,NVDA,1d
2011-03-08 00:00:00-05:00,0.4742069936343322,0.4767281333264516,0.43822317123368304,0.44807863235473633,1947184000,0.0,0.0,NVDA,1d
2011-03-09 00:00:00-05:00,0.44670340237316497,0.4510581424950083,0.4347851892584921,0.43868154287338257,1318976000,0.0,0.0,NVDA,1d
2011-03-10 00:00:00-05:00,0.4285970819222438,0.43180581613193425,0.4102613680935062,0.41071978211402893,1722736000,0.0,0.0,NVDA,1d
2011-03-11 00:00:00-05:00,0.41415756392953373,0.4251589770635286,0.404760517282882,0.4136991500854492,1486832000,0.0,0.0,NVDA,1d
2011-03-14 00:00:00-04:00,0.4169078794863927,0.42745090531730184,0.4102611797852315,0.417137086391449,1003360000,0.0,0.0,NVDA,1d
2011-03-15 00:00:00-04:00,0.3967384767393626,0.4116362378515767,0.3898625996055593,0.40476036071777344,1256280000,0.0,0.0,NVDA,1d
2011-03-16 00:00:00-04:00,0.40109336950187113,0.42057505619224644,0.3965094496505634,0.40178096294403076,1476520000,0.0,0.0,NVDA,1d
2011-03-17 00:00:00-04:00,0.4125531076221091,0.41324070096175464,0.39421743095056594,0.4093443751335144,1238516000,0.0,0.0,NVDA,1d
2011-03-18 00:00:00-04:00,0.4157618525488117,0.4171370391788714,0.4033852548452122,0.40384364128112793,886960000,0.0,0.0,NVDA,1d
2011-03-21 00:00:00-04:00,0.4125531197647274,0.4166786526017135,0.40292689469330256,0.4070524275302887,751832000,0.0,0.0,NVDA,1d
2011-03-22 00:00:00-04:00,0.40590648157900805,0.4098028078470914,0.3981138017205249,0.3999473750591278,718332000,0.0,0.0,NVDA,1d
2011-03-23 00:00:00-04:00,0.3992598153042509,0.4093444558556646,0.39055036170331325,0.4081984758377075,782396000,0.0,0.0,NVDA,1d
2011-03-24 00:00:00-04:00,0.41690791090991447,0.44578664433021564,0.4159911378652207,0.4407443106174469,1780592000,0.0,0.0,NVDA,1d
2011-03-25 00:00:00-04:00,0.44464058623559455,0.44578656600126104,0.4263048826626183,0.4269924759864807,1196392000,0.0,0.0,NVDA,1d
2011-03-28 00:00:00-04:00,0.4370771807836578,0.450141374773427,0.4331808542087787,0.4428071081638336,1204284000,0.0,0.0,NVDA,1d
2011-03-29 00:00:00-04:00,0.4428071119217243,0.444411478487076,0.4334100648181629,0.43936917185783386,715764000,0.0,0.0,NVDA,1d
2011-03-30 00:00:00-04:00,0.44280707255886503,0.44464064589441016,0.4173662800963614,0.4228670001029968,1176320000,0.0,0.0,NVDA,1d
2011-03-31 00:00:00-04:00,0.4235545937880729,0.4281385134686883,0.4153035274340386,0.4230961799621582,655112000,0.0,0.0,NVDA,1d
2011-04-01 00:00:00-04:00,0.42859688519795214,0.4290552716857492,0.4114071596658818,0.417137086391449,850072000,0.0,0.0,NVDA,1d
2011-04-04 00:00:00-04:00,0.41713705760262776,0.418283037404188,0.3992597399115118,0.40223929286003113,924328000,0.0,0.0,NVDA,1d
2011-04-05 00:00:00-04:00,0.4081983744779344,0.4114071068025261,0.40201006205973144,0.40292686223983765,821076000,0.0,0.0,NVDA,1d
2011-04-06 00:00:00-04:00,0.405906484366649,0.40636487087386863,0.3967386176106725,0.4001765847206116,856984000,0.0,0.0,NVDA,1d
2011-04-07 00:00:00-04:00,0.4010933500972774,0.417366275711075,0.3994889836914013,0.4148451089859009,1021208000,0.0,0.0,NVDA,1d
2011-04-08 00:00:00-04:00,0.4180538305149505,0.4180538305149505,0.4010933130584709,0.40223929286003113,746552000,0.0,0.0,NVDA,1d
2011-04-11 00:00:00-04:00,0.4038437382324713,0.40590651867277544,0.3926131449059852,0.3969678580760956,546208000,0.0,0.0,NVDA,1d
2011-04-12 00:00:00-04:00,0.3930714223193175,0.4008640734040586,0.3857371303309596,0.3981137275695801,840756000,0.0,0.0,NVDA,1d
2011-04-13 00:00:00-04:00,0.4022393013334192,0.4095735667534422,0.39719699556479804,0.4070524275302887,749588000,0.0,0.0,NVDA,1d
2011-04-14 00:00:00-04:00,0.4033852660831035,0.4244713159457871,0.40109330651736075,0.4242421090602875,1254704000,0.0,0.0,NVDA,1d
2011-04-15 00:00:00-04:00,0.4210335018456046,0.4340976971145064,0.41897072122941525,0.4288261830806732,969720000,0.0,0.0,NVDA,1d
2011-04-18 00:00:00-04:00,0.4187414020573665,0.4214917479734436,0.40796917062573684,0.4146158695220947,743584000,0.0,0.0,NVDA,1d
2011-04-19 00:00:00-04:00,0.4148450968436169,0.4164494905248496,0.4017809317462687,0.4130115509033203,659860000,0.0,0.0,NVDA,1d
2011-04-20 00:00:00-04:00,0.42813844396621076,0.43432672906599396,0.4187413992175055,0.4256172776222229,650516000,0.0,0.0,NVDA,1d
2011-04-21 00:00:00-04:00,0.43020127808284314,0.4329516518237819,0.42355460529431455,0.424471378326416,421300000,0.0,0.0,NVDA,1d
2011-04-25 00:00:00-04:00,0.42630494443707545,0.43822313026256954,0.4260757375218034,0.43111807107925415,619612000,0.0,0.0,NVDA,1d
2011-04-26 00:00:00-04:00,0.4347851275151494,0.4467033389373306,0.4304304153340305,0.4423485994338989,676000000,0.0,0.0,NVDA,1d
2011-04-27 00:00:00-04:00,0.44464058628781383,0.44464058628781383,0.4331807613074905,0.4423485994338989,450004000,0.0,0.0,NVDA,1d
2011-04-28 00:00:00-04:00,0.4423486375464922,0.4561004232432664,0.4373063316069869,0.4471617639064789,684000000,0.0,0.0,NVDA,1d
2011-04-29 00:00:00-04:00,0.4501413450038463,0.46847702397638,0.4494537515779129,0.4583924114704132,836000000,0.0,0.0,NVDA,1d
2011-05-02 00:00:00-04:00,0.46801864714937585,0.4682478267345047,0.44991214845303673,0.4522041082382202,613824000,0.0,0.0,NVDA,1d
2011-05-03 00:00:00-04:00,0.4469326357589478,0.44830779536125487,0.42515898850474426,0.430659681558609,808000000,0.0,0.0,NVDA,1d
2011-05-04 00:00:00-04:00,0.43203484484664484,0.43684797149718946,0.41942906557574083,0.42745092511177063,639356000,0.0,0.0,NVDA,1d
2011-05-05 00:00:00-04:00,0.4240128698457558,0.4327223204347703,0.41828297173749746,0.42768001556396484,544000000,0.0,0.0,NVDA,1d
2011-05-06 00:00:00-04:00,0.436618794243493,0.4469326416699545,0.4331808542087787,0.4428071081638336,841080000,0.0,0.0,NVDA,1d
2011-05-09 00:00:00-04:00,0.4441822831271042,0.454954517465821,0.4430363030759488,0.45266255736351013,706328000,0.0,0.0,NVDA,1d
2011-05-10 00:00:00-04:00,0.45632968018229136,0.45678806671390637,0.44876617946021224,0.45335012674331665,690976000,0.0,0.0,NVDA,1d
2011-05-11 00:00:00-04:00,0.45564204178709783,0.4602259339734905,0.44922454901044334,0.4554128348827362,616000000,0.0,0.0,NVDA,1d
2011-05-12 00:00:00-04:00,0.45380857640358285,0.4703107124158561,0.45266259625397065,0.4698522984981537,1224000000,0.0,0.0,NVDA,1d
2011-05-13 00:00:00-04:00,0.44005669357138033,0.44120267347694453,0.4153035221467312,0.4185122549533844,2025192000,0.0,0.0,NVDA,1d
2011-05-16 00:00:00-04:00,0.4173662953036534,0.418283095665989,0.40544810917182983,0.40567728877067566,728188000,0.0,0.0,NVDA,1d
2011-05-17 00:00:00-04:00,0.4043020578233041,0.4045312373816838,0.3923838464735537,0.4040728509426117,1420364000,0.0,0.0,NVDA,1d
2011-05-18 00:00:00-04:00,0.40567720234995736,0.41690781997048676,0.40430204308287787,0.4134698808193207,658844000,0.0,0.0,NVDA,1d
2011-05-19 00:00:00-04:00,0.41667871667084644,0.41690792360015555,0.4013225901097365,0.4075108766555786,650884000,0.0,0.0,NVDA,1d
2011-05-20 00:00:00-04:00,0.40659401132885437,0.415532642386683,0.4047604382773656,0.4146158695220947,575820000,0.0,0.0,NVDA,1d
2011-05-23 00:00:00-04:00,0.408656819700995,0.41713709280606703,0.40338530670447653,0.41415753960609436,588000000,0.0,0.0,NVDA,1d
2011-05-24 00:00:00-04:00,0.4162202148318624,0.43249313727991207,0.415074235147417,0.4157618284225464,720372000,0.0,0.0,NVDA,1d
2011-05-25 00:00:00-04:00,0.4136991457184345,0.4235546061051364,0.4095736124214459,0.4208042323589325,545312000,0.0,0.0,NVDA,1d
2011-05-26 00:00:00-04:00,0.42080425370498825,0.4350144277068209,0.4196582736933771,0.4313472807407379,706436000,0.0,0.0,NVDA,1d
2011-05-27 00:00:00-04:00,0.43318076947382084,0.44762012025958753,0.43272238302332144,0.4469325542449951,658824000,0.0,0.0,NVDA,1d
2011-05-31 00:00:00-04:00,0.45564192324060565,0.4595382756671276,0.4446405138175312,0.45930904150009155,1200716000,0.0,0.0,NVDA,1d
2011-06-01 00:00:00-04:00,0.4572464286446628,0.45793402206625033,0.4377647425371603,0.43868154287338257,762208000,0.0,0.0,NVDA,1d
2011-06-02 00:00:00-04:00,0.43936902893432006,0.4425777610212466,0.43134714407238367,0.4366186559200287,607592000,0.0,0.0,NVDA,1d
2011-06-03 00:00:00-04:00,0.43157645322914984,0.4354727794932096,0.42103342703480784,0.4230961799621582,549300000,0.0,0.0,NVDA,1d
2011-06-06 00:00:00-04:00,0.4224086058025855,0.42630493199225006,0.4136991257889324,0.41415753960609436,435988000,0.0,0.0,NVDA,1d
2011-06-07 00:00:00-04:00,0.41736629966641436,0.4196582596127353,0.4120947863254127,0.413928359746933,433956000,0.0,0.0,NVDA,1d
2011-06-08 00:00:00-04:00,0.41186563962765554,0.41438677937662893,0.39948903853537915,0.40269777178764343,569288000,0.0,0.0,NVDA,1d
2011-06-09 00:00:00-04:00,0.4024684668529565,0.40338523969034557,0.38367437778567853,0.3981137275695801,741632000,0.0,0.0,NVDA,1d
2011-06-10 00:00:00-04:00,0.3988014265975221,0.4013225935522747,0.3891751726410623,0.3923839330673218,493548000,0.0,0.0,NVDA,1d
2011-06-13 00:00:00-04:00,0.3923840326118673,0.39742634047824504,0.38688331076664334,0.3896336853504181,574760000,0.0,0.0,NVDA,1d
2011-06-14 00:00:00-04:00,0.39307152952098107,0.4015517762077214,0.3912379560238245,0.3928423225879669,534576000,0.0,0.0,NVDA,1d
2011-06-15 00:00:00-04:00,0.3875707747950808,0.38986273463349613,0.37634015519345554,0.38436204195022583,935916000,0.0,0.0,NVDA,1d
2011-06-16 00:00:00-04:00,0.3845912981840874,0.3905504058804568,0.36556802226971635,0.37106871604919434,1024908000,0.0,0.0,NVDA,1d
2011-06-17 00:00:00-04:00,0.37542348175630286,0.3756526887298609,0.35089948312318475,0.36235928535461426,1467884000,0.0,0.0,NVDA,1d
2011-06-20 00:00:00-04:00,0.3591504306350142,0.36671390302354206,0.35525407733143216,0.35800445079803467,745960000,0.0,0.0,NVDA,1d
2011-06-21 00:00:00-04:00,0.3593796099052015,0.36854747591560183,0.3559416703971693,0.36579710245132446,704276000,0.0,0.0,NVDA,1d
2011-06-22 00:00:00-04:00,0.36327595442914634,0.3680890532307236,0.3600671945724477,0.3607547879219055,651720000,0.0,0.0,NVDA,1d
2011-06-23 00:00:00-04:00,0.3561708936016709,0.3740481853264677,0.3529621335205293,0.3715270459651947,744024000,0.0,0.0,NVDA,1d
2011-06-24 00:00:00-04:00,0.36969344682022987,0.37290217935461467,0.3584628283052553,0.3607547879219055,529052000,0.0,0.0,NVDA,1d
2011-06-27 00:00:00-04:00,0.3607548187763937,0.36304677858906975,0.3405855396380651,0.3531913459300995,1142152000,0.0,0.0,NVDA,1d
2011-06-28 00:00:00-04:00,0.3531913310562277,0.35937961682538383,0.350670164439531,0.35525408387184143,692200000,0.0,0.0,NVDA,1d
2011-06-29 00:00:00-04:00,0.35754602806520686,0.3644219342374715,0.345169457064221,0.3607547879219055,960544000,0.0,0.0,NVDA,1d
2011-06-30 00:00:00-04:00,0.3616715960603179,0.3692350689962805,0.3561709033736086,0.3653387427330017,652300000,0.0,0.0,NVDA,1d
2011-07-01 00:00:00-04:00,0.36533869187601786,0.37152700444001713,0.3580044268739333,0.3701518177986145,540804000,0.0,0.0,NVDA,1d
2011-07-05 00:00:00-04:00,0.3696934433566879,0.37313138274945434,0.3607547845421071,0.3639635443687439,535296000,0.0,0.0,NVDA,1d
2011-07-06 00:00:00-04:00,0.36373438914457934,0.36442198258526004,0.35479572906036483,0.3591504693031311,529580000,0.0,0.0,NVDA,1d
2011-07-07 00:00:00-04:00,0.36098402187829615,0.3628175678512406,0.35410811519049096,0.36052560806274414,986136000,0.0,0.0,NVDA,1d
2011-07-08 00:00:00-04:00,0.35548324886734195,0.35800441518683884,0.3506701231018704,0.35364967584609985,619516000,0.0,0.0,NVDA,1d
2011-07-11 00:00:00-04:00,0.34700305577219853,0.34837821525005486,0.34035635600112113,0.34127312898635864,714388000,0.0,0.0,NVDA,1d
2011-07-12 00:00:00-04:00,0.339668757114957,0.34287751715609444,0.33095930460660583,0.33668920397758484,867604000,0.0,0.0,NVDA,1d
2011-07-13 00:00:00-04:00,0.34127311759033124,0.3435650772992062,0.33279287213195696,0.33600160479545593,634368000,0.0,0.0,NVDA,1d
2011-07-14 00:00:00-04:00,0.33737687066681,0.33943962395960076,0.3211039419887628,0.3227083086967468,1088996000,0.0,0.0,NVDA,1d
2011-07-15 00:00:00-04:00,0.3245418553774847,0.3266046084987883,0.316519995182141,0.3231666684150696,827736000,0.0,0.0,NVDA,1d
2011-07-18 00:00:00-04:00,0.3206454457685935,0.32247899148089276,0.31216517389880566,0.3162907063961029,818200000,0.0,0.0,NVDA,1d
2011-07-19 00:00:00-04:00,0.3172074675116723,0.3266045118898035,0.3172074675116723,0.32591694593429565,602224000,0.0,0.0,NVDA,1d
2011-07-20 00:00:00-04:00,0.32706307388088535,0.3288966203564673,0.3208747588976646,0.32179155945777893,662956000,0.0,0.0,NVDA,1d
2011-07-21 00:00:00-04:00,0.3222499972599398,0.3392105234315156,0.31743686869125515,0.33691856265068054,1143420000,0.0,0.0,NVDA,1d
2011-07-22 00:00:00-04:00,0.3398980485808778,0.34494035581733584,0.33554330758214235,0.3437943756580353,737192000,0.0,0.0,NVDA,1d
2011-07-25 00:00:00-04:00,0.33852281893532227,0.3398980058826599,0.3334805123322822,0.3382936120033264,566920000,0.0,0.0,NVDA,1d
2011-07-26 00:00:00-04:00,0.3286673245318338,0.3369183900446838,0.3252293851218652,0.3300425112247467,698276000,0.0,0.0,NVDA,1d
2011-07-27 00:00:00-04:00,0.3254587089600074,0.3270631032537138,0.31674925312952246,0.31766605377197266,652212000,0.0,0.0,NVDA,1d
2011-07-28 00:00:00-04:00,0.3165200084193301,0.3236250684960982,0.3114776742278118,0.316978394985199,648176000,0.0,0.0,NVDA,1d
2011-07-29 00:00:00-04:00,0.3137696343794764,0.319957948646827,0.31216526773777525,0.316978394985199,677656000,0.0,0.0,NVDA,1d
2011-08-01 00:00:00-04:00,0.3243127006197029,0.33485572950157266,0.32156235357470486,0.33393895626068115,1019620000,0.0,0.0,NVDA,1d
2011-08-02 00:00:00-04:00,0.33164682074802,0.35250366052931015,0.33050084114074707,0.33050084114074707,1356432000,0.0,0.0,NVDA,1d
2011-08-03 00:00:00-04:00,0.3311885316999657,0.340585550847834,0.3279797714632189,0.3394395709037781,765236000,0.0,0.0,NVDA,1d
2011-08-04 00:00:00-04:00,0.3332513389624491,0.3332513389624491,0.30712297558784485,0.30712297558784485,979732000,0.0,0.0,NVDA,1d
2011-08-05 00:00:00-04:00,0.31422801057745636,0.3181243369034757,0.2887872176942376,0.2968090772628784,1270588000,0.0,0.0,NVDA,1d
2011-08-08 00:00:00-04:00,0.2823696917703182,0.29245433044983654,0.2715974597431918,0.27343103289604187,1084180000,0.0,0.0,NVDA,1d
2011-08-09 00:00:00-04:00,0.2787026030401563,0.2968091040968851,0.2750354832992012,0.29635071754455566,1329832000,0.0,0.0,NVDA,1d
2011-08-10 00:00:00-04:00,0.2876413401681481,0.2958924095911152,0.28122384476387663,0.2828282117843628,1140052000,0.0,0.0,NVDA,1d
2011-08-11 00:00:00-04:00,0.28282815877292955,0.3114776893852271,0.28282815877292955,0.3073521554470062,1078792000,0.0,0.0,NVDA,1d
2011-08-12 00:00:00-04:00,0.3401271834208303,0.3405855699597115,0.29039160187773244,0.2952047288417816,3195784000,0.0,0.0,NVDA,1d
2011-08-15 00:00:00-04:00,0.29818422168759495,0.3071228803283971,0.2965798554666242,0.3064352869987488,864152000,0.0,0.0,NVDA,1d
2011-08-16 00:00:00-04:00,0.3029974600979821,0.30712299428431067,0.2922252243552568,0.29772594571113586,716868000,0.0,0.0,NVDA,1d
2011-08-17 00:00:00-04:00,0.2986426569901657,0.30368499068428645,0.28970402420934704,0.2936003506183624,553328000,0.0,0.0,NVDA,1d
2011-08-18 00:00:00-04:00,0.2803070334671291,0.2830573804616614,0.27045157103560263,0.2736603319644928,802564000,0.0,0.0,NVDA,1d
2011-08-19 00:00:00-04:00,0.26907640425549906,0.28397414635726936,0.2670136235710914,0.26884719729423523,761332000,0.0,0.0,NVDA,1d
2011-08-22 00:00:00-04:00,0.2764106789590251,0.27961943988791527,0.27068077800278156,0.2736603319644928,611876000,0.0,0.0,NVDA,1d
2011-08-23 00:00:00-04:00,0.2803069898943553,0.30345579708810466,0.27984857603125635,0.3032265901565552,938312000,0.0,0.0,NVDA,1d
2011-08-24 00:00:00-04:00,0.3025391122568141,0.3034558856057963,0.2910792814605776,0.2988719642162323,687500000,0.0,0.0,NVDA,1d
2011-08-25 00:00:00-04:00,0.29291281967265714,0.2981843340906853,0.2855785518104249,0.2860369384288788,690968000,0.0,0.0,NVDA,1d
2011-08-26 00:00:00-04:00,0.28489095931180686,0.30116388924661847,0.27984862452254794,0.298184335231781,732660000,0.0,0.0,NVDA,1d
2011-08-29 00:00:00-04:00,0.3066644911010811,0.3073520571021797,0.29955940562968475,0.306206077337265,601528000,0.0,0.0,NVDA,1d
2011-08-30 00:00:00-04:00,0.30414343992004,0.31606162852612957,0.302080659168281,0.3135404884815216,684760000,0.0,0.0,NVDA,1d
2011-08-31 00:00:00-04:00,0.31583244338571553,0.31904117695842643,0.3025390678430284,0.3050602078437805,705808000,0.0,0.0,NVDA,1d
2011-09-01 00:00:00-04:00,0.309185675707136,0.31583237571552,0.304143369463673,0.30437254905700684,762312000,0.0,0.0,NVDA,1d
2011-09-02 00:00:00-04:00,0.2974966374598059,0.3016221702416028,0.29382949113769447,0.2961214780807495,471356000,0.0,0.0,NVDA,1d
2011-09-06 00:00:00-04:00,0.2864951834651826,0.3027681052958569,0.28374483779132054,0.30208051204681396,696248000,0.0,0.0,NVDA,1d
2011-09-07 00:00:00-04:00,0.3266046941280365,0.33554335708263605,0.3176660584957631,0.3266046941280365,1606620000,0.0,0.0,NVDA,1d
2011-09-08 00:00:00-04:00,0.3233958303439955,0.3311885098426762,0.31972868383610864,0.32500019669532776,880164000,0.0,0.0,NVDA,1d
2011-09-09 00:00:00-04:00,0.32224982697088617,0.3309592788001195,0.3153739482618567,0.31812429428100586,869828000,0.0,0.0,NVDA,1d
2011-09-12 00:00:00-04:00,0.31376964059933454,0.32843820225415504,0.31376964059933454,0.32568785548210144,916480000,0.0,0.0,NVDA,1d
2011-09-13 00:00:00-04:00,0.32843805032931056,0.3346263618568189,0.32339574569256624,0.33302196860313416,853836000,0.0,0.0,NVDA,1d
2011-09-14 00:00:00-04:00,0.3417315531464714,0.3545665392622429,0.3415023462320654,0.3502117991447449,1547192000,0.0,0.0,NVDA,1d
2011-09-15 00:00:00-04:00,0.3580044573890797,0.3598380306264669,0.3520453511981501,0.35525408387184143,752908000,0.0,0.0,NVDA,1d
2011-09-16 00:00:00-04:00,0.35594173101437315,0.36900592522759135,0.3525037909208566,0.3543373644351959,1391588000,0.0,0.0,NVDA,1d
2011-09-19 00:00:00-04:00,0.34837829188523334,0.35089945913270887,0.3380644705820875,0.34700313210487366,968204000,0.0,0.0,NVDA,1d
2011-09-20 00:00:00-04:00,0.35135768187994454,0.35273286834134476,0.33645994694478126,0.3380643129348755,792436000,0.0,0.0,NVDA,1d
2011-09-21 00:00:00-04:00,0.33989792471487357,0.3458570029782288,0.33141765276858237,0.3316468596458435,715252000,0.0,0.0,NVDA,1d
2011-09-22 00:00:00-04:00,0.3185827027793514,0.31904108926054864,0.3036849645453928,0.30964404344558716,1314632000,0.0,0.0,NVDA,1d
2011-09-23 00:00:00-04:00,0.30781048815938394,0.32500018559885513,0.3059769149680442,0.31606152653694153,1011440000,0.0,0.0,NVDA,1d
2011-09-26 00:00:00-04:00,0.3199578555892243,0.3208746284543248,0.3025389525738168,0.31674909591674805,972124000,0.0,0.0,NVDA,1d
2011-09-27 00:00:00-04:00,0.32477104562436865,0.32752139208555947,0.3146864055035787,0.31720754504203796,781388000,0.0,0.0,NVDA,1d
2011-09-28 00:00:00-04:00,0.31789512478031856,0.3259170115398921,0.30253899932203265,0.3075813055038452,1236532000,0.0,0.0,NVDA,1d
2011-09-29 00:00:00-04:00,0.3130820578007891,0.3183535714391227,0.2922251828616228,0.3000178635120392,866416000,0.0,0.0,NVDA,1d
2011-09-30 00:00:00-04:00,0.29520475516220046,0.29680912185248914,0.2862660939066134,0.2867245078086853,677784000,0.0,0.0,NVDA,1d
2011-10-03 00:00:00-04:00,0.2830572009761306,0.29199585719329524,0.27068060636520386,0.27068060636520386,949896000,0.0,0.0,NVDA,1d
2011-10-04 00:00:00-04:00,0.2640340636400318,0.29566314816474915,0.26288808350459947,0.29566314816474915,1361548000,0.0,0.0,NVDA,1d
2011-10-05 00:00:00-04:00,0.2949754592477131,0.30895645063091054,0.28901638086354425,0.306206077337265,856708000,0.0,0.0,NVDA,1d
2011-10-06 00:00:00-04:00,0.3078105941625258,0.3192703964020083,0.30735218021508753,0.3183536231517792,773192000,0.0,0.0,NVDA,1d
2011-10-07 00:00:00-04:00,0.31972870750251725,0.3291257540481023,0.3130820347025884,0.32431262731552124,806976000,0.0,0.0,NVDA,1d
2011-10-10 00:00:00-04:00,0.329813283621408,0.3387519419193268,0.3291256903181355,0.3387519419193268,534376000,0.0,0.0,NVDA,1d
2011-10-11 00:00:00-04:00,0.3360016584598566,0.3415023790330913,0.3339389053213431,0.3350848853588104,816080000,0.0,0.0,NVDA,1d
2011-10-12 00:00:00-04:00,0.3415024370417018,0.34173164401705675,0.33462655564894045,0.33485573530197144,612064000,0.0,0.0,NVDA,1d
2011-10-13 00:00:00-04:00,0.33325131000377245,0.355024957918363,0.3323345369077624,0.3543373644351959,854832000,0.0,0.0,NVDA,1d
2011-10-14 00:00:00-04:00,0.3605256972527065,0.3641928447504378,0.3515870627951801,0.3602965176105499,702452000,0.0,0.0,NVDA,1d
2011-10-17 00:00:00-04:00,0.3561709660761329,0.3561709660761329,0.34058560363464196,0.34241917729377747,611780000,0.0,0.0,NVDA,1d
2011-10-18 00:00:00-04:00,0.340585465157637,0.35571243486452253,0.33852271270624495,0.3547956347465515,590916000,0.0,0.0,NVDA,1d
2011-10-19 00:00:00-04:00,0.35525408462144764,0.36144239772597647,0.34677383911824244,0.347690612077713,557568000,0.0,0.0,NVDA,1d
2011-10-20 00:00:00-04:00,0.33829364129280065,0.33966882835920204,0.31720758532702553,0.33027178049087524,990308000,0.0,0.0,NVDA,1d
2011-10-21 00:00:00-04:00,0.3343972058679396,0.33989792502643923,0.3263753476688175,0.3318760395050049,628428000,0.0,0.0,NVDA,1d
2011-10-24 00:00:00-04:00,0.33325117699206047,0.3495240978685651,0.33256358378333484,0.3442525863647461,535256000,0.0,0.0,NVDA,1d
2011-10-25 00:00:00-04:00,0.33943953833977286,0.34218991179950464,0.3305009065625878,0.33118849992752075,577996000,0.0,0.0,NVDA,1d
2011-10-26 00:00:00-04:00,0.3376060523701662,0.3394395985722585,0.3254586311862296,0.3350848853588104,503116000,0.0,0.0,NVDA,1d
2011-10-27 00:00:00-04:00,0.3474614766826697,0.3529621697835985,0.3396687962469822,0.34952422976493835,577732000,0.0,0.0,NVDA,1d
2011-10-28 00:00:00-04:00,0.3465446775164208,0.3607548515019277,0.34562790443711267,0.3575460910797119,490156000,0.0,0.0,NVDA,1d
2011-10-31 00:00:00-04:00,0.34608627070360615,0.3481490509946932,0.3392103910446167,0.3392103910446167,519984000,0.0,0.0,NVDA,1d
2011-11-01 00:00:00-04:00,0.32683383962704965,0.3277506127883108,0.31904115846704545,0.3222499191761017,790824000,0.0,0.0,NVDA,1d
2011-11-02 00:00:00-04:00,0.3254585474244518,0.327062940921846,0.31010242433898877,0.31674909591674805,961608000,0.0,0.0,NVDA,1d
2011-11-03 00:00:00-04:00,0.32018706614224085,0.3364600183128432,0.3117068206909802,0.33577242493629456,749372000,0.0,0.0,NVDA,1d
2011-11-04 00:00:00-04:00,0.332792930044422,0.3408147904214446,0.3275214163322004,0.33966881036758423,654840000,0.0,0.0,NVDA,1d
2011-11-07 00:00:00-05:00,0.33714762901507556,0.34287755636357764,0.33004256937599896,0.3378352224826813,613536000,0.0,0.0,NVDA,1d
2011-11-08 00:00:00-05:00,0.3421898753947302,0.34769056708435936,0.33668915638278957,0.3456278145313263,549728000,0.0,0.0,NVDA,1d
2011-11-09 00:00:00-05:00,0.3376059375785297,0.3419606493113033,0.32683370703121917,0.32820889353752136,532244000,0.0,0.0,NVDA,1d
2011-11-10 00:00:00-05:00,0.3362307786125686,0.33966871783761243,0.3233957945768135,0.3316468596458435,990484000,0.0,0.0,NVDA,1d
2011-11-11 00:00:00-05:00,0.3410440554416661,0.3460863630729034,0.32247913715623594,0.3433360159397125,1751560000,0.0,0.0,NVDA,1d
2011-11-14 00:00:00-05:00,0.3433359036413097,0.3467738432638971,0.3357724310071543,0.33668920397758484,500292000,0.0,0.0,NVDA,1d
2011-11-15 00:00:00-05:00,0.3334804763769591,0.34356508849573275,0.33256367607014237,0.34104394912719727,505660000,0.0,0.0,NVDA,1d
2011-11-16 00:00:00-05:00,0.33462649037648917,0.343565123514574,0.33302209650660647,0.33416807651519775,512420000,0.0,0.0,NVDA,1d
2011-11-17 00:00:00-05:00,0.3334805406743168,0.33439731383557797,0.3162908116609409,0.3222499191761017,657504000,0.0,0.0,NVDA,1d
2011-11-18 00:00:00-05:00,0.3240834393950715,0.3240834393950715,0.31583237301464334,0.3192703127861023,501352000,0.0,0.0,NVDA,1d
2011-11-21 00:00:00-05:00,0.31422795651702007,0.3385227379598196,0.3094148306749691,0.335314005613327,1330788000,0.0,0.0,NVDA,1d
2011-11-22 00:00:00-05:00,0.338981115807187,0.34746138753530653,0.33714754280320675,0.3456278145313263,1287480000,0.0,0.0,NVDA,1d
2011-11-23 00:00:00-05:00,0.341960732839066,0.34448189960900677,0.33073011315388595,0.3309593200683594,825340000,0.0,0.0,NVDA,1d
2011-11-25 00:00:00-05:00,0.32660465993966653,0.33416813477957374,0.3208747588976646,0.32179155945777893,406620000,0.0,0.0,NVDA,1d
2011-11-28 00:00:00-05:00,0.33233454614856,0.3449403268419667,0.33233454614856,0.339898020029068,690616000,0.0,0.0,NVDA,1d
2011-11-29 00:00:00-05:00,0.3394395315622196,0.34608623086077167,0.3362307990196869,0.3417315185070038,623440000,0.0,0.0,NVDA,1d
2011-11-30 00:00:00-05:00,0.35204531570953956,0.3591504010423049,0.34906576291443436,0.35823360085487366,730324000,0.0,0.0,NVDA,1d
2011-12-01 00:00:00-05:00,0.35525402447879645,0.3635050890064294,0.3536496584101763,0.3625883162021637,529760000,0.0,0.0,NVDA,1d
2011-12-02 00:00:00-05:00,0.36648480510593917,0.36785999224816907,0.35685857707729784,0.3602965176105499,546464000,0.0,0.0,NVDA,1d
2011-12-05 00:00:00-05:00,0.3662554586261733,0.3667138450240037,0.35181608217718846,0.3547956347465515,644696000,0.0,0.0,NVDA,1d
2011-12-06 00:00:00-05:00,0.3568584048184255,0.3575459707353234,0.34608617448956663,0.34975332021713257,573832000,0.0,0.0,NVDA,1d
2011-12-07 00:00:00-05:00,0.3474614324990029,0.3502117786997296,0.3403563464350035,0.347690612077713,510016000,0.0,0.0,NVDA,1d
2011-12-08 00:00:00-05:00,0.3442526766117402,0.3499825759827192,0.33554322410338905,0.33668920397758484,491488000,0.0,0.0,NVDA,1d
2011-12-09 00:00:00-05:00,0.3341680162552609,0.34425265490571033,0.3295840970475058,0.34150230884552,555840000,0.0,0.0,NVDA,1d
2011-12-12 00:00:00-05:00,0.33416794817159,0.33554313458266033,0.3268336843979339,0.33302196860313416,573208000,0.0,0.0,NVDA,1d
2011-12-13 00:00:00-05:00,0.33737687960464896,0.341502413621846,0.3217915440520834,0.3238542973995209,516596000,0.0,0.0,NVDA,1d
2011-12-14 00:00:00-05:00,0.3211039149681136,0.32293748847536785,0.30781054119341905,0.3112484812736511,636020000,0.0,0.0,NVDA,1d
2011-12-15 00:00:00-05:00,0.31651997146162514,0.31858272442834273,0.3078105184377743,0.3084980845451355,435148000,0.0,0.0,NVDA,1d
2011-12-16 00:00:00-05:00,0.311019230211494,0.3169783364340035,0.3082688840019954,0.30964404344558716,619116000,0.0,0.0,NVDA,1d
2011-12-19 00:00:00-05:00,0.31101913568274336,0.3146862810623878,0.3004761132079959,0.30162209272384644,463276000,0.0,0.0,NVDA,1d
2011-12-20 00:00:00-05:00,0.30849804520446944,0.31972866359753666,0.30849804520446944,0.318582683801651,445208000,0.0,0.0,NVDA,1d
2011-12-21 00:00:00-05:00,0.3167491979438089,0.32018713827878803,0.30826895058199133,0.3144572377204895,548424000,0.0,0.0,NVDA,1d
2011-12-22 00:00:00-05:00,0.31537407979909077,0.32889663597128793,0.31537407979909077,0.3279798626899719,576560000,0.0,0.0,NVDA,1d
2011-12-23 00:00:00-05:00,0.32958414613002257,0.33004255997691717,0.322020672846392,0.32477104663848877,248948000,0.0,0.0,NVDA,1d
2011-12-27 00:00:00-05:00,0.32339589928883866,0.3272922262076802,0.32133311869251946,0.3222499191761017,195712000,0.0,0.0,NVDA,1d
2011-12-28 00:00:00-05:00,0.32224988807392924,0.3229374815396721,0.313998821129652,0.31422802805900574,233960000,0.0,0.0,NVDA,1d
2011-12-29 00:00:00-05:00,0.3174366272375778,0.3208745657938111,0.3128527091626002,0.320186972618103,211112000,0.0,0.0,NVDA,1d
2011-12-30 00:00:00-05:00,0.3190412137521592,0.32247915468611443,0.31720763978958466,0.31766605377197266,186956000,0.0,0.0,NVDA,1d
2012-01-03 00:00:00-05:00,0.32775064014806693,0.330042627887191,0.321103965868274,0.32179155945777893,468044000,0.0,0.0,NVDA,1d
2012-01-04 00:00:00-05:00,0.32202064657860846,0.3268337729998449,0.31904109342842946,0.3254585862159729,347372000,0.0,0.0,NVDA,1d
2012-01-05 00:00:00-05:00,0.3238542213734118,0.3387519871944012,0.32247903458306953,0.33714759349823,563548000,0.0,0.0,NVDA,1d
2012-01-06 00:00:00-05:00,0.336918414234434,0.33714759381816484,0.3293549415250054,0.3332512676715851,533252000,0.0,0.0,NVDA,1d
2012-01-09 00:00:00-05:00,0.3334804745776315,0.3396687604954129,0.3309593079003834,0.3332512676715851,508244000,0.0,0.0,NVDA,1d
2012-01-10 00:00:00-05:00,0.338293531528765,0.33852273840623626,0.3295840800195414,0.3318760395050049,546328000,0.0,0.0,NVDA,1d
2012-01-11 00:00:00-05:00,0.32889661598856484,0.3318761699553006,0.32385430860303205,0.3252294957637787,484272000,0.0,0.0,NVDA,1d
2012-01-12 00:00:00-05:00,0.3259170423398998,0.32614622195208964,0.3160615813131233,0.3231666684150696,652364000,0.0,0.0,NVDA,1d
2012-01-13 00:00:00-05:00,0.32087470418538483,0.32156229765764827,0.31308205102591524,0.3146864175796509,504300000,0.0,0.0,NVDA,1d
2012-01-17 00:00:00-05:00,0.31949959809392614,0.31949959809392614,0.30941495589650136,0.3098733425140381,627176000,0.0,0.0,NVDA,1d
2012-01-18 00:00:00-05:00,0.31583241104397103,0.3229374983561019,0.31422804442190533,0.32041633129119873,632676000,0.0,0.0,NVDA,1d
2012-01-19 00:00:00-05:00,0.3231665646181656,0.32935487663910906,0.3197286256386682,0.3288964629173279,608312000,0.0,0.0,NVDA,1d
2012-01-20 00:00:00-05:00,0.3284380848565499,0.33233443765675275,0.324770966245368,0.32591694593429565,546272000,0.0,0.0,NVDA,1d
2012-01-23 00:00:00-05:00,0.3261462800733423,0.3350849422773264,0.32202074577322065,0.33485573530197144,562792000,0.0,0.0,NVDA,1d
2012-01-24 00:00:00-05:00,0.33256374278295536,0.34379436436870936,0.33233456315201426,0.34241917729377747,730920000,0.0,0.0,NVDA,1d
2012-01-25 00:00:00-05:00,0.33325123462760886,0.3412730930313965,0.3236249826852133,0.34035632014274597,1274152000,0.0,0.0,NVDA,1d
2012-01-26 00:00:00-05:00,0.34539865959565247,0.34929501306085037,0.3353140475408611,0.33714759349823,799672000,0.0,0.0,NVDA,1d
2012-01-27 00:00:00-05:00,0.33508481920845173,0.34356506434712886,0.33233447312595027,0.3417315185070038,449996000,0.0,0.0,NVDA,1d
2012-01-30 00:00:00-05:00,0.33577245121512195,0.34081475750058415,0.3307301176073428,0.3392103910446167,399076000,0.0,0.0,NVDA,1d
2012-01-31 00:00:00-05:00,0.34012703851693576,0.340356245349887,0.33256356821953653,0.33852267265319824,357900000,0.0,0.0,NVDA,1d
2012-02-01 00:00:00-05:00,0.34241908759855744,0.34608623395623506,0.337605988741709,0.3421899080276489,428020000,0.0,0.0,NVDA,1d
2012-02-02 00:00:00-05:00,0.34402354967701027,0.35640012328341447,0.34058558220598734,0.35502496361732483,696236000,0.0,0.0,NVDA,1d
2012-02-03 00:00:00-05:00,0.36029635686918904,0.3655678687994928,0.35960876360483457,0.3625883162021637,495232000,0.0,0.0,NVDA,1d
2012-02-06 00:00:00-05:00,0.3607548415392504,0.36121322806624556,0.35662930815165794,0.35983806848526,278868000,0.0,0.0,NVDA,1d
2012-02-07 00:00:00-05:00,0.3602964014630382,0.36281754064796523,0.35433729553082205,0.3607547879219055,410296000,0.0,0.0,NVDA,1d
2012-02-08 00:00:00-05:00,0.36075480140730926,0.3809240522522427,0.3589212281809854,0.3738189935684204,847612000,0.0,0.0,NVDA,1d
2012-02-09 00:00:00-05:00,0.3784029403614385,0.3804656933139058,0.372902220284331,0.37358981370925903,561944000,0.0,0.0,NVDA,1d
2012-02-10 00:00:00-05:00,0.3699225352786678,0.3712977216388828,0.36235906494209935,0.3644218444824219,440268000,0.0,0.0,NVDA,1d
2012-02-13 00:00:00-05:00,0.37358975707980846,0.3749649437212111,0.36258834591552525,0.3701518177986145,610668000,0.0,0.0,NVDA,1d
2012-02-14 00:00:00-05:00,0.37015186245634485,0.3754233754546306,0.36694310234671546,0.3722146153450012,453756000,0.0,0.0,NVDA,1d
2012-02-15 00:00:00-05:00,0.3756526005803738,0.38734160704245496,0.36969349388944667,0.3706102669239044,1110856000,0.0,0.0,NVDA,1d
2012-02-16 00:00:00-05:00,0.345169491749106,0.38000730328077187,0.3437943049120025,0.3770277500152588,1888588000,0.0,0.0,NVDA,1d
2012-02-17 00:00:00-05:00,0.37725690942140094,0.37977804854218467,0.35983800584910824,0.363275945186615,1020360000,0.0,0.0,NVDA,1d
2012-02-21 00:00:00-05:00,0.36304675299215783,0.3740481647818025,0.36235915963237114,0.36510953307151794,518176000,0.0,0.0,NVDA,1d
2012-02-22 00:00:00-05:00,0.36327590946651817,0.3722145399361952,0.36212992980003084,0.3625883162021637,492432000,0.0,0.0,NVDA,1d
2012-02-23 00:00:00-05:00,0.36327595437216426,0.36671389379660035,0.35754602800912355,0.3646511137485504,323968000,0.0,0.0,NVDA,1d
2012-02-24 00:00:00-05:00,0.3657970724810998,0.36625548623579723,0.36029638064785285,0.3619007468223572,366668000,0.0,0.0,NVDA,1d
2012-02-27 00:00:00-05:00,0.3573168306276866,0.35892119681464546,0.34952415192739555,0.3545664846897125,745268000,0.0,0.0,NVDA,1d
2012-02-28 00:00:00-05:00,0.3545665481177609,0.35869208142389064,0.347690641059333,0.3513577878475189,699884000,0.0,0.0,NVDA,1d
2012-02-29 00:00:00-05:00,0.3525038260979462,0.35846293378364097,0.34700313232832175,0.34723231196403503,689196000,0.0,0.0,NVDA,1d
2012-03-01 00:00:00-05:00,0.3486074566888897,0.35364976325179426,0.3472322697524982,0.34952422976493835,449944000,0.0,0.0,NVDA,1d
2012-03-02 00:00:00-05:00,0.3483782431417954,0.35754608301742646,0.3483782431417954,0.35250377655029297,684076000,0.0,0.0,NVDA,1d
2012-03-05 00:00:00-05:00,0.34998254506921017,0.3506701383974565,0.33806436089475483,0.34058550000190735,514848000,0.0,0.0,NVDA,1d
2012-03-06 00:00:00-05:00,0.3366891800173429,0.3394395260552234,0.3314176675067225,0.33737677335739136,471400000,0.0,0.0,NVDA,1d
2012-03-07 00:00:00-05:00,0.3392103913083571,0.340814757765572,0.33462647153213343,0.3394395709037781,441984000,0.0,0.0,NVDA,1d
2012-03-08 00:00:00-05:00,0.3403563204407006,0.344023466643139,0.33852274733948134,0.34058550000190735,430852000,0.0,0.0,NVDA,1d
2012-03-09 00:00:00-05:00,0.34150238391822474,0.3440235509656454,0.3378352368169437,0.33966881036758423,367836000,0.0,0.0,NVDA,1d
2012-03-12 00:00:00-04:00,0.3410439562794893,0.3433359161111239,0.33348048337063185,0.33439725637435913,299948000,0.0,0.0,NVDA,1d
2012-03-13 00:00:00-04:00,0.3357725370578289,0.3408148446323939,0.3341681428693693,0.3389812707901001,553288000,0.0,0.0,NVDA,1d
2012-03-14 00:00:00-04:00,0.33898113675550484,0.3396687300897782,0.32820893225959996,0.3293549120426178,735708000,0.0,0.0,NVDA,1d
2012-03-15 00:00:00-04:00,0.330271749950451,0.3360016499934076,0.32912576994185966,0.33416807651519775,382380000,0.0,0.0,NVDA,1d
2012-03-16 00:00:00-04:00,0.3343971995580519,0.3360015657031404,0.3325636265398172,0.3346264064311981,428340000,0.0,0.0,NVDA,1d
2012-03-19 00:00:00-04:00,0.33646001554343447,0.33806438186063253,0.3339388489576127,0.3355432152748108,405400000,0.0,0.0,NVDA,1d
2012-03-20 00:00:00-04:00,0.3337096302019916,0.3337096302019916,0.32706295827164455,0.3300425112247467,449616000,0.0,0.0,NVDA,1d
2012-03-21 00:00:00-04:00,0.330042550056608,0.33439726289267235,0.32637540332558335,0.3314177095890045,467840000,0.0,0.0,NVDA,1d
2012-03-22 00:00:00-04:00,0.32889653980504874,0.33370966643045685,0.3279797667917885,0.3309593200683594,425372000,0.0,0.0,NVDA,1d
2012-03-23 00:00:00-04:00,0.3300425081527775,0.3343972204359461,0.32775052124515147,0.33348044753074646,315456000,0.0,0.0,NVDA,1d
2012-03-26 00:00:00-04:00,0.3366891800173429,0.3389811396026289,0.33348044752686795,0.33737677335739136,288600000,0.0,0.0,NVDA,1d
2012-03-27 00:00:00-04:00,0.3387520372534238,0.34379434402594544,0.33806444375664363,0.33966881036758423,419968000,0.0,0.0,NVDA,1d
2012-03-28 00:00:00-04:00,0.34402352214728427,0.35204538185232703,0.34150235531105816,0.347461462020874,892448000,0.0,0.0,NVDA,1d
2012-03-29 00:00:00-04:00,0.34700302792723,0.3518161266969776,0.34264828829100463,0.34906578063964844,372700000,0.0,0.0,NVDA,1d
2012-03-30 00:00:00-04:00,0.35204533355470313,0.35502488650084174,0.3470030278963297,0.35296210646629333,527240000,0.0,0.0,NVDA,1d
2012-04-02 00:00:00-04:00,0.35204538128559343,0.3550249346357048,0.34631548150550134,0.3513577878475189,407776000,0.0,0.0,NVDA,1d
2012-04-03 00:00:00-04:00,0.3538788793880815,0.35433726580849867,0.3437942415273461,0.3456278145313263,430476000,0.0,0.0,NVDA,1d
2012-04-04 00:00:00-04:00,0.3403563443501992,0.34471105686448267,0.3337096448066485,0.33577242493629456,495896000,0.0,0.0,NVDA,1d
2012-04-05 00:00:00-04:00,0.33623077847737853,0.3403563110102348,0.33416799854979434,0.335314005613327,369424000,0.0,0.0,NVDA,1d
2012-04-09 00:00:00-04:00,0.3300425470550991,0.33210529999609306,0.3245418270085874,0.3309593200683594,365504000,0.0,0.0,NVDA,1d
2012-04-10 00:00:00-04:00,0.32958402228803857,0.3341679404560246,0.32293735187338185,0.32454171776771545,470360000,0.0,0.0,NVDA,1d
2012-04-11 00:00:00-04:00,0.328896671358248,0.3357725809972163,0.32775069097214127,0.3286674916744232,372960000,0.0,0.0,NVDA,1d
2012-04-12 00:00:00-04:00,0.3291257602244509,0.3382936000225018,0.32775057332581614,0.33646005392074585,384868000,0.0,0.0,NVDA,1d
2012-04-13 00:00:00-04:00,0.3334803745886727,0.3353139473203286,0.32431251093039315,0.32454171776771545,311324000,0.0,0.0,NVDA,1d
2012-04-16 00:00:00-04:00,0.32683376711949175,0.32775054007736826,0.3153739685344602,0.3206454813480377,463468000,0.0,0.0,NVDA,1d
2012-04-17 00:00:00-04:00,0.32156222780726046,0.32545855354062764,0.3201870411614543,0.32133302092552185,460696000,0.0,0.0,NVDA,1d
2012-04-18 00:00:00-04:00,0.31927030120949096,0.3208746675802015,0.31399878828660016,0.3178951144218445,400764000,0.0,0.0,NVDA,1d
2012-04-19 00:00:00-04:00,0.31376966521609223,0.32568788103390117,0.31147770483917864,0.31308209896087646,667188000,0.0,0.0,NVDA,1d
2012-04-20 00:00:00-04:00,0.3149156267709029,0.31583242726081473,0.30620617238950754,0.3068937659263611,509592000,0.0,0.0,NVDA,1d
2012-04-23 00:00:00-04:00,0.30162222360266494,0.30460177710121467,0.295892323537115,0.3032265901565552,706244000,0.0,0.0,NVDA,1d
2012-04-24 00:00:00-04:00,0.30414334662563103,0.30666451321920724,0.29222513435306874,0.2938295006752014,730440000,0.0,0.0,NVDA,1d
2012-04-25 00:00:00-04:00,0.2981844354908383,0.302080764056161,0.29268371223185385,0.29978880286216736,727112000,0.0,0.0,NVDA,1d
2012-04-26 00:00:00-04:00,0.29955947696138396,0.302539030524122,0.2974966964999564,0.3000178635120392,539208000,0.0,0.0,NVDA,1d
2012-04-27 00:00:00-04:00,0.29955942675841246,0.3013929999760654,0.29428791400352833,0.29749664664268494,475356000,0.0,0.0,NVDA,1d
2012-04-30 00:00:00-04:00,0.29589237213682373,0.2995595197100246,0.2938295913810271,0.29795512557029724,262268000,0.0,0.0,NVDA,1d
2012-05-01 00:00:00-04:00,0.2963507100778952,0.3064353505866544,0.2963507100778952,0.3032265901565552,408680000,0.0,0.0,NVDA,1d
2012-05-02 00:00:00-04:00,0.3020806030326016,0.30322658301873573,0.29291276314352854,0.2945171296596527,684008000,0.0,0.0,NVDA,1d
2012-05-03 00:00:00-04:00,0.2952047452936981,0.29703831887372756,0.2876412713525267,0.28947484493255615,419536000,0.0,0.0,NVDA,1d
2012-05-04 00:00:00-04:00,0.2876412954666744,0.2892456622378307,0.28099459409713745,0.28099459409713745,545092000,0.0,0.0,NVDA,1d
2012-05-07 00:00:00-04:00,0.2860369059094027,0.29085003316177355,0.2835157388110523,0.28580769896507263,604440000,0.0,0.0,NVDA,1d
2012-05-08 00:00:00-04:00,0.28328647250520245,0.2874120053824145,0.2782441666874163,0.2855784595012665,462312000,0.0,0.0,NVDA,1d
2012-05-09 00:00:00-04:00,0.2805361933539246,0.2890164680297608,0.2777858465530982,0.2867245078086853,520608000,0.0,0.0,NVDA,1d
2012-05-10 00:00:00-04:00,0.2894748373688229,0.28993322392127296,0.280077790093159,0.2846617102622986,597092000,0.0,0.0,NVDA,1d
2012-05-11 00:00:00-04:00,0.3082689210380908,0.3135404345109779,0.30162222063407884,0.30276820063591003,1435140000,0.0,0.0,NVDA,1d
2012-05-14 00:00:00-04:00,0.3002468706472454,0.305518381257322,0.29405858746250485,0.30093446373939514,437472000,0.0,0.0,NVDA,1d
2012-05-15 00:00:00-04:00,0.30093467955823255,0.30758138111936867,0.29657996572208933,0.29795512557029724,599940000,0.0,0.0,NVDA,1d
2012-05-16 00:00:00-04:00,0.2984134958503159,0.30185143595134434,0.2910792017769332,0.2919960021972656,470484000,0.0,0.0,NVDA,1d
2012-05-17 00:00:00-04:00,0.29314202521370186,0.295892372233338,0.2899332642555237,0.2899332642555237,335364000,0.0,0.0,NVDA,1d
2012-05-18 00:00:00-04:00,0.29062069146765973,0.2919958778513783,0.27549375053598585,0.27686890959739685,567288000,0.0,0.0,NVDA,1d
2012-05-21 00:00:00-04:00,0.2773273327738794,0.2830572306984826,0.2754937599735447,0.2816820442676544,416260000,0.0,0.0,NVDA,1d
2012-05-22 00:00:00-04:00,0.28145301795109673,0.2819114045701229,0.274118722757384,0.2782442569732666,410140000,0.0,0.0,NVDA,1d
2012-05-23 00:00:00-04:00,0.27526472339658775,0.2855785733629621,0.27113918887450306,0.2851201593875885,496000000,0.0,0.0,NVDA,1d
2012-05-24 00:00:00-04:00,0.286724465025134,0.2871828515364868,0.27549384522424675,0.2775565981864929,520420000,0.0,0.0,NVDA,1d
2012-05-25 00:00:00-04:00,0.27732749872235346,0.28649534088761314,0.27732749872235346,0.2842033803462982,391752000,0.0,0.0,NVDA,1d
2012-05-29 00:00:00-04:00,0.28878729535170805,0.29337121633787416,0.28764131510516655,0.29153764247894287,310000000,0.0,0.0,NVDA,1d
2012-05-30 00:00:00-04:00,0.28832885350264326,0.29039160662247154,0.2830573399135811,0.28809964656829834,379792000,0.0,0.0,NVDA,1d
2012-05-31 00:00:00-04:00,0.2880996531439339,0.28924563319717655,0.281223772824478,0.28489091992378235,358192000,0.0,0.0,NVDA,1d
2012-06-01 00:00:00-04:00,0.27893185221818195,0.2816821992709834,0.2741187243840367,0.2745771110057831,440984000,0.0,0.0,NVDA,1d
2012-06-04 00:00:00-04:00,0.2759522852255469,0.27755665198742696,0.26655523697088596,0.26884719729423523,432856000,0.0,0.0,NVDA,1d
2012-06-05 00:00:00-04:00,0.26747203745768205,0.2773274723112243,0.26747203745768205,0.2766398787498474,365224000,0.0,0.0,NVDA,1d
2012-06-06 00:00:00-04:00,0.2787025975268634,0.2846617045562216,0.27663984442102646,0.2839741110801697,368968000,0.0,0.0,NVDA,1d
2012-06-07 00:00:00-04:00,0.28809958432015376,0.28970397786927743,0.27228504696993017,0.2725142538547516,526780000,0.0,0.0,NVDA,1d
2012-06-08 00:00:00-04:00,0.27343115564667464,0.2787026705817763,0.2729727689832584,0.27778589725494385,370308000,0.0,0.0,NVDA,1d
2012-06-11 00:00:00-04:00,0.28672452226096284,0.291766829537021,0.280307027854015,0.28099459409713745,839080000,0.0,0.0,NVDA,1d
2012-06-12 00:00:00-04:00,0.2842033406365738,0.2894748546095117,0.28374495405682293,0.2867245078086853,496128000,0.0,0.0,NVDA,1d
2012-06-13 00:00:00-04:00,0.2864952421499756,0.28718283553986307,0.27778578963013717,0.2791609764099121,494276000,0.0,0.0,NVDA,1d
2012-06-14 00:00:00-04:00,0.27870250320322926,0.2809944624661694,0.27297260504587895,0.2757229506969452,589884000,0.0,0.0,NVDA,1d
2012-06-15 00:00:00-04:00,0.27778571914338596,0.28191125111356197,0.27526455312763715,0.2816820442676544,385288000,0.0,0.0,NVDA,1d
2012-06-18 00:00:00-04:00,0.2796194592636684,0.28649534088761314,0.27732749872235346,0.2842033803462982,304424000,0.0,0.0,NVDA,1d
2012-06-19 00:00:00-04:00,0.29589235525852253,0.3078105705304245,0.29451716816643486,0.30345582962036133,960476000,0.0,0.0,NVDA,1d
2012-06-20 00:00:00-04:00,0.30643536094090157,0.313998834747456,0.3046017873935066,0.3082689344882965,972720000,0.0,0.0,NVDA,1d
2012-06-21 00:00:00-04:00,0.30803974081712276,0.30803974081712276,0.2936003860776341,0.2942879796028137,516376000,0.0,0.0,NVDA,1d
2012-06-22 00:00:00-04:00,0.29795512557029724,0.301393093496625,0.2938295913810271,0.29795512557029724,865360000,0.0,0.0,NVDA,1d
2012-06-25 00:00:00-04:00,0.2981842286805005,0.2991010015933227,0.2874119966821141,0.2885579764842987,494616000,0.0,0.0,NVDA,1d
2012-06-26 00:00:00-04:00,0.29016233705275146,0.2938294556091373,0.2860368047697957,0.2917667031288147,437152000,0.0,0.0,NVDA,1d
2012-06-27 00:00:00-04:00,0.29199601164865735,0.3032266054132703,0.29199601164865735,0.30116385221481323,506064000,0.0,0.0,NVDA,1d
2012-06-28 00:00:00-04:00,0.298413522486576,0.305289403302371,0.29589235525852253,0.30345582962036133,545896000,0.0,0.0,NVDA,1d
2012-06-29 00:00:00-04:00,0.310560810771539,0.3174366892267295,0.3103316038941078,0.31674909591674805,616508000,0.0,0.0,NVDA,1d
2012-07-02 00:00:00-04:00,0.318353575337809,0.3185827549547836,0.3057477674453385,0.3082689344882965,581684000,0.0,0.0,NVDA,1d
2012-07-03 00:00:00-04:00,0.3082688482767018,0.3169782996993711,0.3080396414015084,0.3162907063961029,219284000,0.0,0.0,NVDA,1d
2012-07-05 00:00:00-04:00,0.31422807914933326,0.31560323898208764,0.3082689712404288,0.31308209896087646,280076000,0.0,0.0,NVDA,1d
2012-07-06 00:00:00-04:00,0.3107900956128676,0.3117068961108644,0.3036850351955802,0.30712297558784485,382760000,0.0,0.0,NVDA,1d
2012-07-09 00:00:00-04:00,0.305289400349479,0.30666458742826525,0.30047627289604856,0.3029974400997162,306336000,0.0,0.0,NVDA,1d
2012-07-10 00:00:00-04:00,0.29978860681148256,0.30872726601590433,0.2915375409800648,0.2938295006752014,512028000,0.0,0.0,NVDA,1d
2012-07-11 00:00:00-04:00,0.2947462341417692,0.2984133797517472,0.2876411497683026,0.28901633620262146,485216000,0.0,0.0,NVDA,1d
2012-07-12 00:00:00-04:00,0.2858077472607537,0.28626613390455175,0.2816822128219219,0.2842033803462982,472160000,0.0,0.0,NVDA,1d
2012-07-13 00:00:00-04:00,0.2844324971844253,0.28924559640238057,0.28259892386802116,0.2878704369068146,324260000,0.0,0.0,NVDA,1d
2012-07-16 00:00:00-04:00,0.28603681054010943,0.29107911573330414,0.2832864374144477,0.2887871563434601,334460000,0.0,0.0,NVDA,1d
2012-07-17 00:00:00-04:00,0.2897040354566855,0.29130840200241226,0.27870259460002567,0.28351572155952454,447476000,0.0,0.0,NVDA,1d
2012-07-18 00:00:00-04:00,0.2828280739231033,0.30345573742580606,0.281452914571132,0.2993302047252655,616008000,0.0,0.0,NVDA,1d
2012-07-19 00:00:00-04:00,0.30139309747566767,0.30620619799142357,0.2993303166926378,0.30230987071990967,403036000,0.0,0.0,NVDA,1d
2012-07-20 00:00:00-04:00,0.30047623039508986,0.3025390107214986,0.2903915903291658,0.2936003506183624,451000000,0.0,0.0,NVDA,1d
2012-07-23 00:00:00-04:00,0.2858076412871729,0.29955942675841246,0.2825989086480163,0.29749664664268494,451584000,0.0,0.0,NVDA,1d
2012-07-24 00:00:00-04:00,0.29795509953323696,0.299788673159609,0.2908500392992365,0.2942879796028137,351164000,0.0,0.0,NVDA,1d
2012-07-25 00:00:00-04:00,0.29337116289942056,0.30299741707477723,0.29199600324745484,0.3000178635120392,415044000,0.0,0.0,NVDA,1d
2012-07-26 00:00:00-04:00,0.30551853810016055,0.30895650532584484,0.2991010448160792,0.3013930320739746,338440000,0.0,0.0,NVDA,1d
2012-07-27 00:00:00-04:00,0.30253898143101804,0.3098732470183261,0.3002469944050247,0.30895647406578064,376516000,0.0,0.0,NVDA,1d
2012-07-30 00:00:00-04:00,0.3089564748439502,0.3128528008855543,0.30299736867045113,0.3055185079574585,363552000,0.0,0.0,NVDA,1d
2012-07-31 00:00:00-04:00,0.30551854551951385,0.3146864128067794,0.30506015898573013,0.31033167243003845,387788000,0.0,0.0,NVDA,1d
2012-08-01 00:00:00-04:00,0.31216527994580995,0.3151448337239612,0.305518578852654,0.3068937659263611,335912000,0.0,0.0,NVDA,1d
2012-08-02 00:00:00-04:00,0.3052894077274163,0.3126236752394405,0.30024707319822275,0.30803975462913513,367912000,0.0,0.0,NVDA,1d
2012-08-03 00:00:00-04:00,0.31285287102863013,0.3176659984265293,0.3055185764561512,0.3144572377204895,326548000,0.0,0.0,NVDA,1d
2012-08-06 00:00:00-04:00,0.31743675381977593,0.32270826717254886,0.31697836729395173,0.32110390067100525,360324000,0.0,0.0,NVDA,1d
2012-08-07 00:00:00-04:00,0.3250002207519353,0.32775056717527423,0.3224790539258562,0.32431262731552124,407340000,0.0,0.0,NVDA,1d
2012-08-08 00:00:00-04:00,0.3240833732803209,0.32958406486355796,0.3231665731349074,0.32614612579345703,517064000,0.0,0.0,NVDA,1d
2012-08-09 00:00:00-04:00,0.32660456763178075,0.33783518689340114,0.32614618114243854,0.33714759349823,822300000,0.0,0.0,NVDA,1d
2012-08-10 00:00:00-04:00,0.3460862991829605,0.3488366458084182,0.3307301448230431,0.3350848853588104,1278744000,0.0,0.0,NVDA,1d
2012-08-13 00:00:00-04:00,0.33554324455845136,0.3396687778215161,0.3341680576966575,0.3394395709037781,447244000,0.0,0.0,NVDA,1d
2012-08-14 00:00:00-04:00,0.3405855424553093,0.3410439562794893,0.3330220695464518,0.33439725637435913,388828000,0.0,0.0,NVDA,1d
2012-08-15 00:00:00-04:00,0.3355431856106713,0.338293531528765,0.3302716733296429,0.3318760395050049,594404000,0.0,0.0,NVDA,1d
2012-08-16 00:00:00-04:00,0.3348555889748865,0.339897921650677,0.3337096092435363,0.3387519419193268,371008000,0.0,0.0,NVDA,1d
2012-08-17 00:00:00-04:00,0.33875197801979556,0.33875197801979556,0.33279287185279355,0.33577242493629456,309864000,0.0,0.0,NVDA,1d
2012-08-20 00:00:00-04:00,0.33462644508281836,0.33623081141322203,0.3307300917231475,0.33577242493629456,314392000,0.0,0.0,NVDA,1d
2012-08-21 00:00:00-04:00,0.33691851611319423,0.33898126960209307,0.3314177946055908,0.33485573530197144,340248000,0.0,0.0,NVDA,1d
2012-08-22 00:00:00-04:00,0.33279286911356915,0.33691840201658896,0.33164688926952557,0.3355432152748108,313556000,0.0,0.0,NVDA,1d
2012-08-23 00:00:00-04:00,0.33485574426681614,0.3350849512483075,0.3266046754456732,0.3279798626899719,379040000,0.0,0.0,NVDA,1d
2012-08-24 00:00:00-04:00,0.32797970765538625,0.3362307725762866,0.3272921143582593,0.3346264064311981,347724000,0.0,0.0,NVDA,1d
2012-08-27 00:00:00-04:00,0.3343971816779098,0.33531398179916194,0.32866728337874757,0.3288964629173279,340944000,0.0,0.0,NVDA,1d
2012-08-28 00:00:00-04:00,0.3263752850302768,0.33072999628796834,0.32568769185213947,0.32752126455307007,310764000,0.0,0.0,NVDA,1d
2012-08-29 00:00:00-04:00,0.3272920934258832,0.33027164597466463,0.3266045001727321,0.32820889353752136,250412000,0.0,0.0,NVDA,1d
2012-08-30 00:00:00-04:00,0.3275214910256606,0.3286674713408694,0.32041640214243555,0.3220207691192627,307488000,0.0,0.0,NVDA,1d
2012-08-31 00:00:00-04:00,0.3243126667517523,0.3266046269369553,0.3183535866636168,0.3215623199939728,485064000,0.0,0.0,NVDA,1d
2012-09-04 00:00:00-04:00,0.3162907622245045,0.3174367421581241,0.3013930230874492,0.30437254905700684,694452000,0.0,0.0,NVDA,1d
2012-09-05 00:00:00-04:00,0.3055185673250317,0.3098733080125798,0.30208062709280326,0.3052893877029419,480256000,0.0,0.0,NVDA,1d
2012-09-06 00:00:00-04:00,0.3075813305701261,0.32293748460217525,0.3073521236385987,0.3146864175796509,657296000,0.0,0.0,NVDA,1d
2012-09-07 00:00:00-04:00,0.3066645890000072,0.30918572889427504,0.2968091270887294,0.30712297558784485,781064000,0.0,0.0,NVDA,1d
2012-09-10 00:00:00-04:00,0.3064353293309123,0.31079004214974015,0.3036849829546885,0.30437254905700684,371108000,0.0,0.0,NVDA,1d
2012-09-11 00:00:00-04:00,0.3041434275748399,0.3128528821988846,0.3029974474222636,0.30803975462913513,382808000,0.0,0.0,NVDA,1d
2012-09-12 00:00:00-04:00,0.31056091775422245,0.3130820849852142,0.3075813639327744,0.3114776909351349,322608000,0.0,0.0,NVDA,1d
2012-09-13 00:00:00-04:00,0.3142280820654413,0.315374062264533,0.30758138051731526,0.3135404884815216,433836000,0.0,0.0,NVDA,1d
2012-09-14 00:00:00-04:00,0.3133112186118244,0.3227082652867373,0.3133112186118244,0.31720754504203796,339468000,0.0,0.0,NVDA,1d
2012-09-17 00:00:00-04:00,0.3178951309986645,0.3178951309986645,0.3050601447190615,0.3084980845451355,493348000,0.0,0.0,NVDA,1d
2012-09-18 00:00:00-04:00,0.3050600152984612,0.314227878267543,0.30483083580067505,0.3105607330799103,359952000,0.0,0.0,NVDA,1d
2012-09-19 00:00:00-04:00,0.311248474588999,0.3185827411381797,0.30758132765324947,0.31422802805900574,451936000,0.0,0.0,NVDA,1d
2012-09-20 00:00:00-04:00,0.3135404745209303,0.3151448412637587,0.30941494052342744,0.31193608045578003,320596000,0.0,0.0,NVDA,1d
2012-09-21 00:00:00-04:00,0.3123944461673359,0.3151447926338251,0.31124846619610563,0.31331121921539307,340136000,0.0,0.0,NVDA,1d
2012-09-24 00:00:00-04:00,0.3082689712404288,0.3135404855717946,0.3078105846295106,0.31308209896087646,357832000,0.0,0.0,NVDA,1d
2012-09-25 00:00:00-04:00,0.3172075900432223,0.3185827771300697,0.3068937688588309,0.3073521554470062,481544000,0.0,0.0,NVDA,1d
2012-09-26 00:00:00-04:00,0.30620604421876196,0.30643525107587954,0.2984133935891012,0.30208051204681396,436812000,0.0,0.0,NVDA,1d
2012-09-27 00:00:00-04:00,0.3027681826144027,0.30483096288830813,0.30024701583151275,0.30437254905700684,558888000,0.0,0.0,NVDA,1d
2012-09-28 00:00:00-04:00,0.30299734187298544,0.3101024272728275,0.2991009888536648,0.3057476878166199,485508000,0.0,0.0,NVDA,1d
2012-10-01 00:00:00-04:00,0.30712283473844887,0.3089564075712274,0.29955936387968063,0.30070534348487854,504236000,0.0,0.0,NVDA,1d
2012-10-02 00:00:00-04:00,0.30276828432754027,0.30276828432754027,0.29841357004577296,0.3018515110015869,295492000,0.0,0.0,NVDA,1d
2012-10-03 00:00:00-04:00,0.3025391122568141,0.3034558856057963,0.29726759719435025,0.2988719642162323,430872000,0.0,0.0,NVDA,1d
2012-10-04 00:00:00-04:00,0.29955945118168087,0.3139988038797643,0.2979550574089806,0.312165230512619,502608000,0.0,0.0,NVDA,1d
2012-10-05 00:00:00-04:00,0.3130819431526029,0.3162906751544961,0.3036848993548583,0.3048308789730072,483068000,0.0,0.0,NVDA,1d
2012-10-08 00:00:00-04:00,0.3036850849758196,0.3050602449647496,0.2995595503643776,0.3018515110015869,240596000,0.0,0.0,NVDA,1d
2012-10-09 00:00:00-04:00,0.30139298472384896,0.3023097576251241,0.29451707867503213,0.2954338788986206,366360000,0.0,0.0,NVDA,1d
2012-10-10 00:00:00-04:00,0.2940586806725457,0.2954338672927487,0.28924555482414754,0.2903915345668793,326568000,0.0,0.0,NVDA,1d
2012-10-11 00:00:00-04:00,0.2931419822309418,0.29405875532895503,0.28970404212991335,0.2919960021972656,320516000,0.0,0.0,NVDA,1d
2012-10-12 00:00:00-04:00,0.2899332314969835,0.2922251916414403,0.2876412713525267,0.28947484493255615,260696000,0.0,0.0,NVDA,1d
2012-10-15 00:00:00-04:00,0.28993323031746215,0.29337117052016093,0.2864952901147634,0.2931419909000397,249580000,0.0,0.0,NVDA,1d
2012-10-16 00:00:00-04:00,0.29566298831250104,0.30253889272991097,0.29291264293892116,0.30162209272384644,367696000,0.0,0.0,NVDA,1d
2012-10-17 00:00:00-04:00,0.29795501805098085,0.3007053913995501,0.29497546513823975,0.2993302047252655,391752000,0.0,0.0,NVDA,1d
2012-10-18 00:00:00-04:00,0.2986426960419748,0.2986426960419748,0.29360038901081764,0.29474636912345886,254772000,0.0,0.0,NVDA,1d
2012-10-19 00:00:00-04:00,0.2903915844382735,0.2924543647228366,0.2759522317355996,0.2775565981864929,709412000,0.0,0.0,NVDA,1d
2012-10-22 00:00:00-04:00,0.2787025844826255,0.2803069782924285,0.2720559116106213,0.27434787154197693,480840000,0.0,0.0,NVDA,1d
2012-10-23 00:00:00-04:00,0.2718267088193111,0.2844325159556457,0.2711391153649921,0.28259894251823425,573948000,0.0,0.0,NVDA,1d
2012-10-24 00:00:00-04:00,0.2844325168808785,0.28557849686769865,0.2761814500468459,0.27893179655075073,332916000,0.0,0.0,NVDA,1d
2012-10-25 00:00:00-04:00,0.281223729257259,0.2842032823985611,0.2780149965342048,0.2791609764099121,307356000,0.0,0.0,NVDA,1d
2012-10-26 00:00:00-04:00,0.2796195201973254,0.28122388746139865,0.27618157863616943,0.27618157863616943,389376000,0.0,0.0,NVDA,1d
2012-10-31 00:00:00-04:00,0.27732748538090807,0.27961944581196324,0.27388954473432536,0.2745771110057831,347112000,0.0,0.0,NVDA,1d
2012-11-01 00:00:00-04:00,0.27595222137207714,0.28787043415355773,0.2757230144638502,0.2876412272453308,473220000,0.0,0.0,NVDA,1d
2012-11-02 00:00:00-04:00,0.2906207989610084,0.29107918548435774,0.28443251258999797,0.2862660586833954,256700000,0.0,0.0,NVDA,1d
2012-11-05 00:00:00-05:00,0.2855784984367859,0.29955946528173666,0.2855784984367859,0.29841348528862,444840000,0.0,0.0,NVDA,1d
2012-11-06 00:00:00-05:00,0.2991011084721971,0.2991011084721971,0.29314202776484555,0.298184335231781,350804000,0.0,0.0,NVDA,1d
2012-11-07 00:00:00-05:00,0.29589221372959873,0.29772578653458776,0.2876411497683026,0.28901633620262146,324620000,0.0,0.0,NVDA,1d
2012-11-08 00:00:00-05:00,0.2922252003196307,0.299788674485414,0.28993324010710975,0.2906208336353302,839024000,0.0,0.0,NVDA,1d
2012-11-09 00:00:00-05:00,0.29222523533292505,0.2956631760636272,0.27847347241011644,0.27939024567604065,846280000,0.0,0.0,NVDA,1d
2012-11-12 00:00:00-05:00,0.27984855549864407,0.280994535427673,0.2704515091516801,0.2732018828392029,643624000,0.0,0.0,NVDA,1d
2012-11-13 00:00:00-05:00,0.27182673842667265,0.2780150528672572,0.270909965269271,0.27113914489746094,492120000,0.0,0.0,NVDA,1d
2012-11-14 00:00:00-05:00,0.2727434885240261,0.27549383481049605,0.2642632154341296,0.2644924223423004,619300000,0.0,0.0,NVDA,1d
2012-11-15 00:00:00-05:00,0.26609679755429677,0.27297267715958146,0.2638048376858685,0.26563841104507446,466688000,0.0,0.0,NVDA,1d
2012-11-16 00:00:00-05:00,0.26563846358404614,0.26655523678381354,0.25555382177499353,0.26082533597946167,624552000,0.0,0.0,NVDA,1d
2012-11-19 00:00:00-05:00,0.26563845820265886,0.2690763986156231,0.2624296974238326,0.2681595981121063,404092000,0.0,0.0,NVDA,1d
2012-11-20 00:00:00-05:00,0.26712161520976474,0.26827498896720275,0.2622774344290852,0.26504555344581604,336976000,0.001875,0.0,NVDA,1d
2012-11-21 00:00:00-05:00,0.26504533694467225,0.27334960471576103,0.2648146513821794,0.2726576030254364,422312000,0.0,0.0,NVDA,1d
2012-11-23 00:00:00-05:00,0.27381105265393296,0.2777325158263749,0.27242699388785474,0.27450308203697205,276932000,0.0,0.0,NVDA,1d
2012-11-26 00:00:00-05:00,0.27496452187206977,0.2800393599566534,0.2745031779550338,0.27934733033180237,364600000,0.0,0.0,NVDA,1d
2012-11-27 00:00:00-05:00,0.27819387420457414,0.2846527696214557,0.2758871278055869,0.2805006206035614,451404000,0.0,0.0,NVDA,1d
2012-11-28 00:00:00-05:00,0.2793473190793753,0.28419149875960914,0.27588719859309213,0.28280743956565857,398332000,0.0,0.0,NVDA,1d
2012-11-29 00:00:00-05:00,0.28326882015946536,0.2846528518997575,0.27680992287565326,0.27773261070251465,488688000,0.0,0.0,NVDA,1d
2012-11-30 00:00:00-05:00,0.2775019228025769,0.2795780116444927,0.27450317363968835,0.27611789107322693,460504000,0.0,0.0,NVDA,1d
2012-12-03 00:00:00-05:00,0.2795778957346268,0.2795778957346268,0.27035091136998923,0.27104291319847107,391380000,0.0,0.0,NVDA,1d
2012-12-04 00:00:00-05:00,0.2715043028326455,0.2795779146993644,0.2698895584604342,0.27911657094955444,528068000,0.0,0.0,NVDA,1d
2012-12-05 00:00:00-05:00,0.2768099065667152,0.2786552821117132,0.2719657270146144,0.2758871912956238,633024000,0.0,0.0,NVDA,1d
2012-12-06 00:00:00-05:00,0.2751951577976914,0.278193934263494,0.2742724700383331,0.2763485312461853,412896000,0.0,0.0,NVDA,1d
2012-12-07 00:00:00-05:00,0.27657922087429426,0.27796328003163523,0.2726577565932849,0.2758871912956238,338288000,0.0,0.0,NVDA,1d
2012-12-10 00:00:00-05:00,0.27588712404593546,0.2871901977460921,0.27519509463595265,0.2851141095161438,513644000,0.0,0.0,NVDA,1d
2012-12-11 00:00:00-05:00,0.28603696801151146,0.2954946438609885,0.28534493825447177,0.29180383682250977,816724000,0.0,0.0,NVDA,1d
2012-12-12 00:00:00-05:00,0.2927264698172099,0.2943411871294103,0.28765160469516304,0.2888049781322479,399404000,0.0,0.0,NVDA,1d
2012-12-13 00:00:00-05:00,0.2883435888522096,0.2945717989320049,0.286267527991807,0.2890356183052063,377556000,0.0,0.0,NVDA,1d
2012-12-14 00:00:00-05:00,0.29018906935008615,0.2934185043316513,0.2881129804345701,0.29041972756385803,338660000,0.0,0.0,NVDA,1d
2012-12-17 00:00:00-05:00,0.2897276596004011,0.2913423767243343,0.28488348073001285,0.28926628828048706,445232000,0.0,0.0,NVDA,1d
2012-12-18 00:00:00-05:00,0.2892663164708166,0.292957122398283,0.28834362873824565,0.28972768783569336,416436000,0.0,0.0,NVDA,1d
2012-12-19 00:00:00-05:00,0.29180383682250977,0.29526395810910877,0.2906504630603101,0.29180383682250977,458544000,0.0,0.0,NVDA,1d
2012-12-20 00:00:00-05:00,0.29295707903191803,0.2931877646802081,0.28834358605481497,0.29157304763793945,334332000,0.0,0.0,NVDA,1d
2012-12-21 00:00:00-05:00,0.2876515596590855,0.2876515596590855,0.2816540077258124,0.2848834693431854,462172000,0.0,0.0,NVDA,1d
2012-12-24 00:00:00-05:00,0.28465283079619824,0.2855755460532456,0.28165405433333046,0.2825767695903778,127376000,0.0,0.0,NVDA,1d
2012-12-26 00:00:00-05:00,0.28188466644931465,0.28649815903463677,0.28119263706179937,0.2823460102081299,196740000,0.0,0.0,NVDA,1d
2012-12-27 00:00:00-05:00,0.28280736700254866,0.28326873828121507,0.2772711866444137,0.2805006206035614,299804000,0.0,0.0,NVDA,1d
2012-12-28 00:00:00-05:00,0.2779631978257375,0.2834993778206253,0.2775018265773432,0.27911657094955444,220600000,0.0,0.0,NVDA,1d
2012-12-31 00:00:00-05:00,0.2781939455839476,0.28396081306108634,0.2775019159869723,0.28280743956565857,326460000,0.0,0.0,NVDA,1d
2013-01-02 00:00:00-05:00,0.2897276886061407,0.29364915272788217,0.2885743151880643,0.2934184670448303,478836000,0.0,0.0,NVDA,1d
2013-01-03 00:00:00-05:00,0.2934183917915786,0.2968785111583882,0.29018895804865674,0.2936490774154663,298888000,0.0,0.0,NVDA,1d
2013-01-04 00:00:00-05:00,0.29411052836297014,0.3042602320374908,0.2931878405282839,0.30333754420280457,524968000,0.0,0.0,NVDA,1d
2013-01-07 00:00:00-05:00,0.3031068015317713,0.3040294891930562,0.2924957559340484,0.29457181692123413,610732000,0.0,0.0,NVDA,1d
2013-01-08 00:00:00-05:00,0.29526383391911026,0.2961865490399294,0.2860368477024468,0.28811290860176086,466424000,0.0,0.0,NVDA,1d
2013-01-09 00:00:00-05:00,0.29041955011031045,0.2918036085416271,0.27980853629833563,0.28165391087532043,695020000,0.0,0.0,NVDA,1d
2013-01-10 00:00:00-05:00,0.2841915208961823,0.2855755801979416,0.2805007144238877,0.28211545944213867,506368000,0.0,0.0,NVDA,1d
2013-01-11 00:00:00-05:00,0.2832686548780492,0.28349931295088326,0.2788858215112652,0.28165391087532043,513172000,0.0,0.0,NVDA,1d
2013-01-14 00:00:00-05:00,0.28349936100498063,0.28349936100498063,0.2781938394504004,0.28142330050468445,305684000,0.0,0.0,NVDA,1d
2013-01-15 00:00:00-05:00,0.2800393372808026,0.2800393372808026,0.27473381391801227,0.2763485312461853,375888000,0.0,0.0,NVDA,1d
2013-01-16 00:00:00-05:00,0.2758871841480986,0.2811927074489965,0.2758871841480986,0.27888596057891846,337376000,0.0,0.0,NVDA,1d
2013-01-17 00:00:00-05:00,0.2798086788164199,0.28373014303774297,0.27911664924828244,0.2825767695903778,580736000,0.0,0.0,NVDA,1d
2013-01-18 00:00:00-05:00,0.2825766630965511,0.2825766630965511,0.27727114173842915,0.2807312607765198,397088000,0.0,0.0,NVDA,1d
2013-01-22 00:00:00-05:00,0.2805007038736893,0.2830381366652783,0.27796329858069463,0.27934733033180237,308224000,0.0,0.0,NVDA,1d
2013-01-23 00:00:00-05:00,0.2802701037019006,0.28050076195888535,0.276809982359729,0.27980875968933105,421808000,0.0,0.0,NVDA,1d
2013-01-24 00:00:00-05:00,0.27888600252169427,0.2823461233471927,0.2775019431920565,0.28119274973869324,396980000,0.0,0.0,NVDA,1d
2013-01-25 00:00:00-05:00,0.2816539106556276,0.2864980876628794,0.28026987972396855,0.2862674295902252,393920000,0.0,0.0,NVDA,1d
2013-01-28 00:00:00-05:00,0.28765145802646314,0.2927263205609219,0.2869594288173481,0.2908809185028076,422492000,0.0,0.0,NVDA,1d
2013-01-29 00:00:00-05:00,0.28972775497581105,0.29041975718630486,0.2834995150925852,0.2846528887748718,388872000,0.0,0.0,NVDA,1d
2013-01-30 00:00:00-05:00,0.2848834590436233,0.2888049224742557,0.2832687420426084,0.28419142961502075,287592000,0.0,0.0,NVDA,1d
2013-01-31 00:00:00-05:00,0.28419149875960914,0.28742096104596276,0.28096206397184875,0.28280743956565857,470544000,0.0,0.0,NVDA,1d
2013-02-01 00:00:00-05:00,0.2851141534243537,0.2862675542843418,0.2828074067015575,0.28534483909606934,288816000,0.0,0.0,NVDA,1d
2013-02-04 00:00:00-05:00,0.2837300820612953,0.2894969480587634,0.2802699624628144,0.2805006206035614,511744000,0.0,0.0,NVDA,1d
2013-02-05 00:00:00-05:00,0.2818847506673449,0.2885743334138436,0.28096206287404524,0.28695958852767944,367296000,0.0,0.0,NVDA,1d
2013-02-06 00:00:00-05:00,0.2800393940457254,0.28695963613944503,0.2784246763902437,0.2846528887748718,530688000,0.0,0.0,NVDA,1d
2013-02-07 00:00:00-05:00,0.2837300456942988,0.28603679179761976,0.2807312702602651,0.2834993600845337,440000000,0.0,0.0,NVDA,1d
2013-02-08 00:00:00-05:00,0.28534483909606934,0.2876515858188655,0.2834994362181144,0.28534483909606934,307232000,0.0,0.0,NVDA,1d
2013-02-11 00:00:00-05:00,0.28765156323880353,0.2915730543586,0.28488347288845556,0.2885742783546448,408308000,0.0,0.0,NVDA,1d
2013-02-12 00:00:00-05:00,0.2860368889865497,0.2899583531949045,0.28557554510884775,0.2867289185523987,277804000,0.0,0.0,NVDA,1d
2013-02-13 00:00:00-05:00,0.2869595563023087,0.2922650792644579,0.2844221514063869,0.28534483909606934,856396000,0.0,0.0,NVDA,1d
2013-02-14 00:00:00-05:00,0.2814233168196889,0.293879763039354,0.27796319745287934,0.2936490774154663,882096000,0.0,0.0,NVDA,1d
2013-02-15 00:00:00-05:00,0.29295704804238754,0.29503313616162385,0.2871901824310382,0.2936490774154663,733860000,0.0,0.0,NVDA,1d
2013-02-19 00:00:00-05:00,0.2938798376294452,0.2941104958132923,0.28788228487196016,0.28972768783569336,433552000,0.0,0.0,NVDA,1d
2013-02-20 00:00:00-05:00,0.29065034608284923,0.29526383927486455,0.28465279393379395,0.2855755090713501,713012000,0.0,0.0,NVDA,1d
2013-02-21 00:00:00-05:00,0.2851140768571418,0.2883435379009407,0.28280733075382086,0.2834993600845337,580408000,0.0,0.0,NVDA,1d
2013-02-22 00:00:00-05:00,0.28534485782099334,0.2890356638191016,0.2837301405087929,0.2888049781322479,370148000,0.0,0.0,NVDA,1d
2013-02-25 00:00:00-05:00,0.289496895000343,0.29180364097655437,0.28326868636428837,0.28373003005981445,644444000,0.0,0.0,NVDA,1d
2013-02-26 00:00:00-05:00,0.2843103252176971,0.2887200210261694,0.2833819492751356,0.28709539771080017,487504000,0.001875,0.0,NVDA,1d
2013-02-27 00:00:00-05:00,0.2870953694595249,0.29452226560001926,0.28639909448794254,0.2924334406852722,476980000,0.0,0.0,NVDA,1d
2013-02-28 00:00:00-05:00,0.291505174627177,0.29823577002501317,0.2903447252367021,0.29382607340812683,591392000,0.0,0.0,NVDA,1d
2013-03-01 00:00:00-05:00,0.2917372414158248,0.2959148646620714,0.2891842694139429,0.2949865162372589,389396000,0.0,0.0,NVDA,1d
2013-03-04 00:00:00-05:00,0.29289769729536935,0.29661114641180747,0.29057679851441953,0.29382607340812683,353680000,0.0,0.0,NVDA,1d
2013-03-05 00:00:00-05:00,0.29545061862201916,0.29753941590368277,0.29405806865605105,0.2970752418041229,366168000,0.0,0.0,NVDA,1d
2013-03-06 00:00:00-05:00,0.29893208846729835,0.30171716187415676,0.29545073979190034,0.2968432903289795,342928000,0.0,0.0,NVDA,1d
2013-03-07 00:00:00-05:00,0.29846773760096784,0.30148491020145085,0.29452221696985165,0.29614683985710144,314824000,0.0,0.0,NVDA,1d
2013-03-08 00:00:00-05:00,0.2968431359338838,0.29893193298577014,0.29545058612110253,0.2975393831729889,246464000,0.0,0.0,NVDA,1d
2013-03-11 00:00:00-04:00,0.2945222531410182,0.2959147753579878,0.2922013274448284,0.2947543263435364,299748000,0.0,0.0,NVDA,1d
2013-03-12 00:00:00-04:00,0.2942902376071455,0.29661113630904407,0.2915051646983262,0.29568278789520264,310856000,0.0,0.0,NVDA,1d
2013-03-13 00:00:00-04:00,0.29568278789520264,0.3007887595059205,0.29289768731908844,0.29568278789520264,485840000,0.0,0.0,NVDA,1d
2013-03-14 00:00:00-04:00,0.29753945215736916,0.2984678281368953,0.29405810448555275,0.29591482877731323,383304000,0.0,0.0,NVDA,1d
2013-03-15 00:00:00-04:00,0.2959147841371334,0.2959147841371334,0.29220133611380417,0.2933618128299713,355776000,0.0,0.0,NVDA,1d
2013-03-18 00:00:00-04:00,0.29150506891466116,0.2940580400475092,0.28918417097537064,0.29127296805381775,298312000,0.0,0.0,NVDA,1d
2013-03-19 00:00:00-04:00,0.291505168432553,0.29289769107115354,0.2873275451821605,0.2894163429737091,355480000,0.0,0.0,NVDA,1d
2013-03-20 00:00:00-04:00,0.29220142608625077,0.2938260773887625,0.2896484539929968,0.29289770126342773,340588000,0.0,0.0,NVDA,1d
2013-03-21 00:00:00-04:00,0.2912730138690476,0.2917371879964599,0.28779166641251996,0.28825584053993225,339032000,0.0,0.0,NVDA,1d
2013-03-22 00:00:00-04:00,0.2891842394937612,0.2908088629027405,0.2880237902491628,0.2896484136581421,232476000,0.0,0.0,NVDA,1d
2013-03-25 00:00:00-04:00,0.2912728657507553,0.2915049665300785,0.28593479683180695,0.28802362084388733,362076000,0.0,0.0,NVDA,1d
2013-03-26 00:00:00-04:00,0.2887200050239926,0.290344655916607,0.28755955591057614,0.29011255502700806,232540000,0.0,0.0,NVDA,1d
2013-03-27 00:00:00-04:00,0.28895223401450637,0.2952186564715844,0.2882559587043196,0.29359403252601624,254944000,0.0,0.0,NVDA,1d
2013-03-28 00:00:00-04:00,0.29289755767384945,0.2980035546917949,0.29080876083362284,0.2977714538574219,349276000,0.0,0.0,NVDA,1d
2013-04-01 00:00:00-04:00,0.29707510856107394,0.29707510856107394,0.28593479683180695,0.28802362084388733,442828000,0.0,0.0,NVDA,1d
2013-04-02 00:00:00-04:00,0.28825582916795944,0.2889521041652543,0.28314985863327913,0.285006582736969,371524000,0.0,0.0,NVDA,1d
2013-04-03 00:00:00-04:00,0.28454252048106377,0.28616717216046783,0.2794365474427582,0.2815253734588623,353156000,0.0,0.0,NVDA,1d
2013-04-04 00:00:00-04:00,0.280596921654163,0.2852387191073992,0.2796685732304338,0.28431037068367004,294676000,0.0,0.0,NVDA,1d
2013-04-05 00:00:00-04:00,0.28013275055452747,0.2891842722892761,0.2794364753953475,0.2891842722892761,551352000,0.0,0.0,NVDA,1d
2013-04-08 00:00:00-04:00,0.289416289280191,0.289416289280191,0.28314986940081804,0.2884879410266876,326660000,0.0,0.0,NVDA,1d
2013-04-09 00:00:00-04:00,0.28871998935123544,0.29521850956706247,0.2866311921273889,0.29312971234321594,380584000,0.0,0.0,NVDA,1d
2013-04-10 00:00:00-04:00,0.29336175934259556,0.29823562785888524,0.2926654845067591,0.2977714538574219,384688000,0.0,0.0,NVDA,1d
2013-04-11 00:00:00-04:00,0.29359389785028617,0.2982356942325375,0.28547075418134626,0.2963789701461792,969220000,0.0,0.0,NVDA,1d
2013-04-12 00:00:00-04:00,0.29777148249330343,0.30705507408448013,0.2952184837388157,0.3038058280944824,770548000,0.0,0.0,NVDA,1d
2013-04-15 00:00:00-04:00,0.30287745389893633,0.30380582966321895,0.2956826869789946,0.2975393831729889,430420000,0.0,0.0,NVDA,1d
2013-04-16 00:00:00-04:00,0.3003246157336044,0.3028775879640316,0.29869996434379886,0.3007887899875641,468844000,0.0,0.0,NVDA,1d
2013-04-17 00:00:00-04:00,0.2984679141773719,0.3012529875842303,0.29498656550197394,0.2968432903289795,532948000,0.0,0.0,NVDA,1d
2013-04-18 00:00:00-04:00,0.2975394787421807,0.29939620319983734,0.29104095697402954,0.29104095697402954,402548000,0.0,0.0,NVDA,1d
2013-04-19 00:00:00-04:00,0.2908088208328663,0.2926655448890791,0.2870953727204406,0.2917371690273285,303028000,0.0,0.0,NVDA,1d
2013-04-22 00:00:00-04:00,0.29150524154983865,0.2947544895222,0.2891843422360656,0.2922014892101288,245568000,0.0,0.0,NVDA,1d
2013-04-23 00:00:00-04:00,0.29475435986019877,0.3028775038850456,0.29429018573509413,0.2998603582382202,376948000,0.0,0.0,NVDA,1d
2013-04-24 00:00:00-04:00,0.3007887095524756,0.31262530203331573,0.3005566086539139,0.31007230281829834,556556000,0.0,0.0,NVDA,1d
2013-04-25 00:00:00-04:00,0.3116969110286397,0.31332153409390556,0.30891181129699935,0.3126252591609955,353224000,0.0,0.0,NVDA,1d
2013-04-26 00:00:00-04:00,0.3121610318818487,0.3126252058689005,0.309608033452141,0.31123265624046326,324332000,0.0,0.0,NVDA,1d
2013-04-29 00:00:00-04:00,0.3116968988160367,0.31610659377288003,0.31030434900477805,0.31494614481925964,269712000,0.0,0.0,NVDA,1d
2013-04-30 00:00:00-04:00,0.3156425132669522,0.3195880353450775,0.31355368793103156,0.3195880353450775,276712000,0.0,0.0,NVDA,1d
2013-05-01 00:00:00-04:00,0.3195879612434949,0.3216767860950881,0.3156424400802018,0.31680288910865784,341316000,0.0,0.0,NVDA,1d
2013-05-02 00:00:00-04:00,0.3165707989213761,0.3214446960723166,0.3147140748797183,0.32051634788513184,323480000,0.0,0.0,NVDA,1d
2013-05-03 00:00:00-04:00,0.3226051960873335,0.3242298195051195,0.3207484717524528,0.3219089210033417,293864000,0.0,0.0,NVDA,1d
2013-05-06 00:00:00-04:00,0.32190892701208756,0.32376565138162594,0.3191238542914266,0.32098057866096497,217116000,0.0,0.0,NVDA,1d
2013-05-07 00:00:00-04:00,0.32098051114455706,0.3216767860950881,0.3137857161012147,0.31680288910865784,448068000,0.0,0.0,NVDA,1d
2013-05-08 00:00:00-04:00,0.3172670913212376,0.324461887002601,0.31610664218987505,0.322605162858963,334032000,0.0,0.0,NVDA,1d
2013-05-09 00:00:00-04:00,0.3168028875580452,0.3242297557703551,0.3163387134823922,0.322837233543396,566800000,0.0,0.0,NVDA,1d
2013-05-10 00:00:00-04:00,0.32956783832685194,0.3388514585008071,0.32956783832685194,0.33745890855789185,861136000,0.0,0.0,NVDA,1d
2013-05-13 00:00:00-04:00,0.3351379576991047,0.3365305074229099,0.329103612452327,0.3304961621761322,289812000,0.0,0.0,NVDA,1d
2013-05-14 00:00:00-04:00,0.3344418366613854,0.3381552858546518,0.33119258936774953,0.3353702127933502,454140000,0.0,0.0,NVDA,1d
2013-05-15 00:00:00-04:00,0.33374558757637823,0.34233293604888015,0.33374558757637823,0.3411724865436554,313172000,0.0,0.0,NVDA,1d
2013-05-16 00:00:00-04:00,0.3407082921777863,0.34418964048810746,0.3383873656369419,0.3395478427410126,308368000,0.0,0.0,NVDA,1d
2013-05-17 00:00:00-04:00,0.341172345835875,0.347438765046205,0.33861934691038004,0.34511786699295044,312116000,0.0,0.0,NVDA,1d
2013-05-20 00:00:00-04:00,0.3437253798630683,0.34581420509281796,0.342564930624527,0.3444216549396515,236380000,0.0,0.0,NVDA,1d
2013-05-21 00:00:00-04:00,0.34640445647110935,0.34943695603678515,0.34243889295037827,0.34803733229637146,357784000,0.001875,0.0,NVDA,1d
2013-05-22 00:00:00-04:00,0.3494369333673068,0.3494369333673068,0.3345077164001296,0.33590734004974365,480404000,0.0,0.0,NVDA,1d
2013-05-23 00:00:00-04:00,0.3319417547921117,0.3424388767324071,0.3310086908812465,0.3412725329399109,393884000,0.0,0.0,NVDA,1d
2013-05-24 00:00:00-04:00,0.3394064478740852,0.34220566799647745,0.3354408559088747,0.33917316794395447,283304000,0.0,0.0,NVDA,1d
2013-05-28 00:00:00-04:00,0.34173900299624166,0.3426720667381012,0.33567400525068114,0.33893975615501404,279300000,0.0,0.0,NVDA,1d
2013-05-29 00:00:00-04:00,0.3368403911590576,0.338939798745964,0.335440767562568,0.3368403911590576,335052000,0.0,0.0,NVDA,1d
2013-05-30 00:00:00-04:00,0.336373877888295,0.3447715643173995,0.3354407861696003,0.3412725329399109,284504000,0.0,0.0,NVDA,1d
2013-05-31 00:00:00-04:00,0.3394063948215293,0.3443050223180532,0.33754023909568787,0.33754023909568787,577508000,0.0,0.0,NVDA,1d
2013-06-03 00:00:00-04:00,0.33800677751782093,0.34057274516574076,0.33007562248377964,0.3370737135410309,444468000,0.0,0.0,NVDA,1d
2013-06-04 00:00:00-04:00,0.3391731149278625,0.34523811408488936,0.33544080347617966,0.33754023909568787,363676000,0.0,0.0,NVDA,1d
2013-06-05 00:00:00-04:00,0.33707366476006695,0.3396396042288152,0.3293757629303401,0.33030885457992554,464520000,0.0,0.0,NVDA,1d
2013-06-06 00:00:00-04:00,0.3303089603672519,0.3349743366858665,0.3300756804281866,0.3324083685874939,341044000,0.0,0.0,NVDA,1d
2013-06-07 00:00:00-04:00,0.33474099798339285,0.33917312139272426,0.3333414020182077,0.3370737135410309,274584000,0.0,0.0,NVDA,1d
2013-06-10 00:00:00-04:00,0.3361405793608128,0.338939798745964,0.33427442383476935,0.3368403911590576,224148000,0.0,0.0,NVDA,1d
2013-06-11 00:00:00-04:00,0.3324082449443025,0.33707364733540174,0.33054211735725403,0.33054211735725403,296336000,0.0,0.0,NVDA,1d
2013-06-12 00:00:00-04:00,0.33217508783480937,0.3349743078232196,0.32587680810109404,0.32774296402931213,312588000,0.0,0.0,NVDA,1d
2013-06-13 00:00:00-04:00,0.32657652688335337,0.3368403676565345,0.32634327483876524,0.3352074921131134,236256000,0.0,0.0,NVDA,1d
2013-06-14 00:00:00-04:00,0.3363738700762919,0.33684040202088966,0.3324082790276387,0.3347409665584564,236012000,0.0,0.0,NVDA,1d
2013-06-17 00:00:00-04:00,0.3373069527904775,0.34103926417121644,0.33544079710010805,0.33800676465034485,255336000,0.0,0.0,NVDA,1d
2013-06-18 00:00:00-04:00,0.3396396234356662,0.3433719346294178,0.3331080927505155,0.33590734004974365,486772000,0.0,0.0,NVDA,1d
2013-06-19 00:00:00-04:00,0.33893976926201647,0.36110032597029984,0.3377734256356766,0.346171110868454,1159588000,0.0,0.0,NVDA,1d
2013-06-20 00:00:00-04:00,0.3433719215962957,0.3438384535258496,0.3345077037034603,0.3368403911590576,628696000,0.0,0.0,NVDA,1d
2013-06-21 00:00:00-04:00,0.3387065531042066,0.3398728968541096,0.33077539892016916,0.33637386560440063,714228000,0.0,0.0,NVDA,1d
2013-06-24 00:00:00-04:00,0.3314753290615568,0.3356741736216745,0.3244772640639734,0.32937589287757874,580772000,0.0,0.0,NVDA,1d
2013-06-25 00:00:00-04:00,0.3328748046921889,0.3335745886335101,0.3282094023004828,0.33170846104621887,457360000,0.0,0.0,NVDA,1d
2013-06-26 00:00:00-04:00,0.3354407071832068,0.3359072668366078,0.32844264607606655,0.3298422694206238,579752000,0.0,0.0,NVDA,1d
2013-06-27 00:00:00-04:00,0.3307752960610221,0.3312418278543431,0.3233107039444266,0.32680973410606384,808036000,0.0,0.0,NVDA,1d
2013-06-28 00:00:00-04:00,0.32680980010978844,0.3307753628656465,0.3226109575062459,0.3275096118450165,431536000,0.0,0.0,NVDA,1d
2013-07-01 00:00:00-04:00,0.32984233981174094,0.33054215163336526,0.3268098404565881,0.3289092481136322,199524000,0.0,0.0,NVDA,1d
2013-07-02 00:00:00-04:00,0.327043052215512,0.33357458206591295,0.3256434565525996,0.3286759555339813,256392000,0.0,0.0,NVDA,1d
2013-07-03 00:00:00-04:00,0.32587678446453894,0.33357465973019873,0.32587678446453894,0.32960909605026245,140388000,0.0,0.0,NVDA,1d
2013-07-05 00:00:00-04:00,0.33054208143343644,0.33287476847155306,0.3284426464144377,0.33217495679855347,184684000,0.0,0.0,NVDA,1d
2013-07-08 00:00:00-04:00,0.3331080566933587,0.3347409322359391,0.3286759619623795,0.33054211735725403,262084000,0.0,0.0,NVDA,1d
2013-07-09 00:00:00-04:00,0.33124186529861305,0.33427436400972926,0.3303088016064956,0.33217495679855347,157364000,0.0,0.0,NVDA,1d
2013-07-10 00:00:00-04:00,0.33217512134393246,0.3375403097508507,0.3312420293817781,0.3366072177886963,208468000,0.0,0.0,NVDA,1d
2013-07-11 00:00:00-04:00,0.33847328559165635,0.34173906489534345,0.33777347375459277,0.3412725329399109,239832000,0.0,0.0,NVDA,1d
2013-07-12 00:00:00-04:00,0.34057273177712993,0.344771575123283,0.33940638794807804,0.3415057957172394,216360000,0.0,0.0,NVDA,1d
2013-07-15 00:00:00-04:00,0.34220563119986924,0.34220563119986924,0.33544081983967156,0.3408060073852539,201332000,0.0,0.0,NVDA,1d
2013-07-16 00:00:00-04:00,0.342205726483332,0.34453841495198106,0.3405728501168456,0.3426722586154938,162560000,0.0,0.0,NVDA,1d
2013-07-17 00:00:00-04:00,0.34267216320213023,0.3438385071116989,0.3398729433807319,0.3408060073852539,166100000,0.0,0.0,NVDA,1d
2013-07-18 00:00:00-04:00,0.34033943501047614,0.34150577878168814,0.3349742481013352,0.3394063711166382,344488000,0.0,0.0,NVDA,1d
2013-07-19 00:00:00-04:00,0.3373068627208455,0.3389397380859625,0.32867592624137854,0.33217495679855347,480532000,0.0,0.0,NVDA,1d
2013-07-22 00:00:00-04:00,0.3347410633173839,0.3377735635455752,0.33054224679448185,0.3319418430328369,292384000,0.0,0.0,NVDA,1d
2013-07-23 00:00:00-04:00,0.3361406637584267,0.3361406637584267,0.3298424116085253,0.33147528767585754,246792000,0.0,0.0,NVDA,1d
2013-07-24 00:00:00-04:00,0.33450778769109446,0.3354408517844743,0.3310087556291676,0.33147528767585754,284252000,0.0,0.0,NVDA,1d
2013-07-25 00:00:00-04:00,0.3312419183875351,0.33707366472531736,0.3289092309755532,0.3326415419578552,243320000,0.0,0.0,NVDA,1d
2013-07-26 00:00:00-04:00,0.32867596631912216,0.33334134096423695,0.32867596631912216,0.3312419056892395,227360000,0.0,0.0,NVDA,1d
2013-07-29 00:00:00-04:00,0.33054211735725403,0.3347409322359391,0.3296090257559038,0.33054211735725403,179540000,0.0,0.0,NVDA,1d
2013-07-30 00:00:00-04:00,0.3317085957032747,0.3405728165726412,0.33147531575625033,0.3361406922340393,266076000,0.0,0.0,NVDA,1d
2013-07-31 00:00:00-04:00,0.3345077037034603,0.3401061424737627,0.33427442383476935,0.3368403911590576,270160000,0.0,0.0,NVDA,1d
2013-08-01 00:00:00-04:00,0.3380067642300836,0.3422056075762366,0.334041200772873,0.3415057957172394,277648000,0.0,0.0,NVDA,1d
2013-08-02 00:00:00-04:00,0.34080600673016814,0.34500485035811096,0.33847331891551463,0.34430503845214844,209628000,0.0,0.0,NVDA,1d
2013-08-05 00:00:00-04:00,0.3433719993947505,0.3471043112924745,0.3415058434458885,0.34593796730041504,185188000,0.0,0.0,NVDA,1d
2013-08-06 00:00:00-04:00,0.34617119493083626,0.3468710068381439,0.34010619547794624,0.3408060073852539,206608000,0.0,0.0,NVDA,1d
2013-08-07 00:00:00-04:00,0.3389399002583356,0.34407183644392497,0.3387066481276137,0.3405728042125702,244380000,0.0,0.0,NVDA,1d
2013-08-08 00:00:00-04:00,0.34243889999872495,0.34453830784472633,0.3384733085885402,0.3429054319858551,345696000,0.0,0.0,NVDA,1d
2013-08-09 00:00:00-04:00,0.3293757980583649,0.3431386719429881,0.32914254597696274,0.33800676465034485,906224000,0.0,0.0,NVDA,1d
2013-08-12 00:00:00-04:00,0.3242438395905157,0.3401061187433768,0.30581559329240293,0.3352074921131134,257568000,0.0,0.0,NVDA,1d
2013-08-13 00:00:00-04:00,0.3356740537928931,0.33777346141958714,0.33357461835837066,0.33637386560440063,197468000,0.0,0.0,NVDA,1d
2013-08-14 00:00:00-04:00,0.3356741223248376,0.352702750111588,0.3354408424040987,0.3506033420562744,828508000,0.0,0.0,NVDA,1d
2013-08-15 00:00:00-04:00,0.3468710295836122,0.35573524943915646,0.34547140567721896,0.3529360294342041,723616000,0.0,0.0,NVDA,1d
2013-08-16 00:00:00-04:00,0.3522362593957278,0.35923432414476775,0.35153644735925627,0.3543356955051422,660456000,0.0,0.0,NVDA,1d
2013-08-19 00:00:00-04:00,0.35223615193539115,0.3534024957044025,0.34850384075142304,0.34873712062835693,393432000,0.0,0.0,NVDA,1d
2013-08-20 00:00:00-04:00,0.3486199225197378,0.3528399366293131,0.34815103827379357,0.35049548745155334,234192000,0.001875,0.0,NVDA,1d
2013-08-21 00:00:00-04:00,0.3483854805539495,0.3528399509411985,0.34744771202402336,0.3488543927669525,261540000,0.0,0.0,NVDA,1d
2013-08-22 00:00:00-04:00,0.34861992130035063,0.3540121599799452,0.34861992130035063,0.35072994232177734,129016000,0.0,0.0,NVDA,1d
2013-08-23 00:00:00-04:00,0.3511988265660815,0.3540121599799452,0.35002660198130175,0.35072994232177734,245120000,0.0,0.0,NVDA,1d
2013-08-26 00:00:00-04:00,0.3509643630933554,0.352371043744741,0.350026594624457,0.35143324732780457,300152000,0.0,0.0,NVDA,1d
2013-08-27 00:00:00-04:00,0.3481510978037674,0.350495547382402,0.34580664822513274,0.3469788730144501,277464000,0.0,0.0,NVDA,1d
2013-08-28 00:00:00-04:00,0.34768221347764916,0.3502610912453212,0.34557219208805184,0.3469788730144501,318824000,0.0,0.0,NVDA,1d
2013-08-29 00:00:00-04:00,0.34580659434838973,0.34955772426899573,0.34486879789421865,0.3462754786014557,276216000,0.0,0.0,NVDA,1d
2013-08-30 00:00:00-04:00,0.3465098494369117,0.34744761771228855,0.3441654008004373,0.3458065092563629,378120000,0.0,0.0,NVDA,1d
2013-09-03 00:00:00-04:00,0.3467443640873509,0.35096437827602683,0.34393103061091335,0.3460410237312317,284680000,0.0,0.0,NVDA,1d
2013-09-04 00:00:00-04:00,0.3460409384280136,0.351433175898291,0.34557205428886606,0.34932318329811096,222080000,0.0,0.0,NVDA,1d
2013-09-05 00:00:00-04:00,0.34791661299820076,0.3516677431941388,0.3476821848284804,0.35026106238365173,174904000,0.0,0.0,NVDA,1d
2013-09-06 00:00:00-04:00,0.3504955016683432,0.3523710666762354,0.3462754873875957,0.3488543927669525,226756000,0.0,0.0,NVDA,1d
2013-09-09 00:00:00-04:00,0.3516677659186553,0.3547155559062958,0.35072999728309345,0.3547155559062958,246408000,0.0,0.0,NVDA,1d
2013-09-10 00:00:00-04:00,0.35729439794136214,0.3624521804144276,0.35565326119935387,0.3622177243232727,292132000,0.0,0.0,NVDA,1d
2013-09-11 00:00:00-04:00,0.36174881996937647,0.36925107909261873,0.35916991490225736,0.3683132827281952,396164000,0.0,0.0,NVDA,1d
2013-09-12 00:00:00-04:00,0.3664377209959083,0.3727677556773103,0.3664377209959083,0.3680788576602936,303808000,0.0,0.0,NVDA,1d
2013-09-13 00:00:00-04:00,0.3692512112508045,0.3720645454549187,0.3666723052606728,0.37042343616485596,159696000,0.0,0.0,NVDA,1d
2013-09-16 00:00:00-04:00,0.3734711032469286,0.3760499804377178,0.36925108935977496,0.370657742023468,231412000,0.0,0.0,NVDA,1d
2013-09-17 00:00:00-04:00,0.3720644724906385,0.3748778061430395,0.370423363522408,0.371830016374588,168608000,0.0,0.0,NVDA,1d
2013-09-18 00:00:00-04:00,0.37206447555488203,0.3760500339242777,0.3701889104551543,0.37511226534843445,268168000,0.0,0.0,NVDA,1d
2013-09-19 00:00:00-04:00,0.3767532985602631,0.3774566388247154,0.3718299446571325,0.37347108125686646,227572000,0.0,0.0,NVDA,1d
2013-09-20 00:00:00-04:00,0.37440887602132183,0.3767533251026396,0.3694855217713396,0.3701888620853424,356036000,0.0,0.0,NVDA,1d
2013-09-23 00:00:00-04:00,0.3699544957817484,0.37300228591673296,0.36456225599647474,0.3666722774505615,271244000,0.0,0.0,NVDA,1d
2013-09-24 00:00:00-04:00,0.3669066331560394,0.36948551029657656,0.3647966122795598,0.3680788576602936,229732000,0.0,0.0,NVDA,1d
2013-09-25 00:00:00-04:00,0.3673755725228218,0.371361130846037,0.36573443561205005,0.36854779720306396,233156000,0.0,0.0,NVDA,1d
2013-09-26 00:00:00-04:00,0.3694855457853724,0.37018888614508755,0.3652655315751209,0.36737555265426636,148816000,0.0,0.0,NVDA,1d
2013-09-27 00:00:00-04:00,0.3645622375823702,0.3676100275634104,0.3631555846320737,0.3652655780315399,151920000,0.0,0.0,NVDA,1d
2013-09-30 00:00:00-04:00,0.3615145094227958,0.3673756338016514,0.35940448787758045,0.3647967278957367,226640000,0.0,0.0,NVDA,1d
2013-10-01 00:00:00-04:00,0.36526558368324274,0.3669067207393795,0.3624522497910765,0.3645622432231903,226976000,0.0,0.0,NVDA,1d
2013-10-02 00:00:00-04:00,0.360811055228987,0.36573438138723324,0.360811055228987,0.36432772874832153,162036000,0.0,0.0,NVDA,1d
2013-10-03 00:00:00-04:00,0.3645621274445217,0.36784437256636715,0.35893546144712163,0.3605765700340271,436768000,0.0,0.0,NVDA,1d
2013-10-04 00:00:00-04:00,0.36010764659423783,0.3685476726181062,0.35916985039823496,0.365499883890152,246228000,0.0,0.0,NVDA,1d
2013-10-07 00:00:00-04:00,0.36409320357016345,0.3680787884941205,0.36221763912618915,0.365499883890152,169952000,0.0,0.0,NVDA,1d
2013-10-08 00:00:00-04:00,0.36456214223881633,0.36971995221844905,0.3596388162783064,0.3624521493911743,290712000,0.0,0.0,NVDA,1d
2013-10-09 00:00:00-04:00,0.36479658389967895,0.36503103996150466,0.35494990441958785,0.35682544112205505,275860000,0.0,0.0,NVDA,1d
2013-10-10 00:00:00-04:00,0.35940440380779487,0.3617488530109372,0.3568254985051227,0.3608110845088959,223484000,0.0,0.0,NVDA,1d
2013-10-11 00:00:00-04:00,0.35518441472289397,0.35963888529210253,0.3540121900385824,0.3577633202075958,213704000,0.0,0.0,NVDA,1d
2013-10-14 00:00:00-04:00,0.3568255669870382,0.3631556034088135,0.3568255669870382,0.3631556034088135,166628000,0.0,0.0,NVDA,1d
2013-10-15 00:00:00-04:00,0.36315546946267396,0.36526546219298717,0.36104544878432676,0.3612799048423767,208820000,0.0,0.0,NVDA,1d
2013-10-16 00:00:00-04:00,0.36338989002073513,0.3671410191833739,0.36292100586241366,0.365734338760376,210072000,0.0,0.0,NVDA,1d
2013-10-17 00:00:00-04:00,0.36292108906005355,0.36737555945535383,0.36292108906005355,0.36643776297569275,213324000,0.0,0.0,NVDA,1d
2013-10-18 00:00:00-04:00,0.36573438783044926,0.37182996655056416,0.3643277351667562,0.370657742023468,255068000,0.0,0.0,NVDA,1d
2013-10-21 00:00:00-04:00,0.3751123255572624,0.3753467537648304,0.3704234260293541,0.3715956509113312,195008000,0.0,0.0,NVDA,1d
2013-10-22 00:00:00-04:00,0.3715955769771415,0.3718300051380667,0.3664377661642251,0.3697200119495392,179452000,0.0,0.0,NVDA,1d
2013-10-23 00:00:00-04:00,0.36901660330939756,0.36901660330939756,0.362217684835519,0.36338990926742554,252216000,0.0,0.0,NVDA,1d
2013-10-24 00:00:00-04:00,0.36432775831360936,0.3666722075167517,0.3601077441583454,0.3608110845088959,236436000,0.0,0.0,NVDA,1d
2013-10-25 00:00:00-04:00,0.36268673997669065,0.3629211681866877,0.3561222749799918,0.357294499874115,330492000,0.0,0.0,NVDA,1d
2013-10-28 00:00:00-04:00,0.35682556345760646,0.35846670055697133,0.3516677798614366,0.356591135263443,394024000,0.0,0.0,NVDA,1d
2013-10-29 00:00:00-04:00,0.3561222465403779,0.35776335567148354,0.3528400003301228,0.3570600152015686,387952000,0.0,0.0,NVDA,1d
2013-10-30 00:00:00-04:00,0.35823212159694,0.3598732301856161,0.353777652058494,0.35682544112205505,204032000,0.0,0.0,NVDA,1d
2013-10-31 00:00:00-04:00,0.3572943306526406,0.3598732074294782,0.3554187661207378,0.35612210631370544,293368000,0.0,0.0,NVDA,1d
2013-11-01 00:00:00-04:00,0.35799774837563353,0.3594044291760238,0.35518441472289397,0.3577633202075958,206136000,0.0,0.0,NVDA,1d
2013-11-04 00:00:00-05:00,0.3589354185731803,0.3589354185731803,0.3467442637882924,0.34744760394096375,410264000,0.0,0.0,NVDA,1d
2013-11-05 00:00:00-05:00,0.3453377638990145,0.3486199821298856,0.34158663339398165,0.3469788730144501,422368000,0.0,0.0,NVDA,1d
2013-11-06 00:00:00-05:00,0.346978734654341,0.3495576393417009,0.3434620616886861,0.34932318329811096,198044000,0.0,0.0,NVDA,1d
2013-11-07 00:00:00-05:00,0.34815105780291344,0.3490888263474049,0.3404143694927181,0.3411177098751068,553076000,0.0,0.0,NVDA,1d
2013-11-08 00:00:00-05:00,0.35166779810788196,0.3659689527715078,0.3502611170777384,0.3647967278957367,734532000,0.0,0.0,NVDA,1d
2013-11-11 00:00:00-05:00,0.36339002121471026,0.3687822608522404,0.3626867086973293,0.36784449219703674,297624000,0.0,0.0,NVDA,1d
2013-11-12 00:00:00-05:00,0.36948556576804137,0.37159558696130185,0.36432778276458394,0.36854779720306396,316032000,0.0,0.0,NVDA,1d
2013-11-13 00:00:00-05:00,0.3676100338459629,0.3786289691925049,0.3669067213328163,0.3786289691925049,332792000,0.0,0.0,NVDA,1d
2013-11-14 00:00:00-05:00,0.3774566413416055,0.38261442340192203,0.37722218526921286,0.38026997447013855,307980000,0.0,0.0,NVDA,1d
2013-11-15 00:00:00-05:00,0.3816767248040781,0.3821456090865706,0.3753466891722865,0.3790978193283081,450332000,0.0,0.0,NVDA,1d
2013-11-18 00:00:00-05:00,0.37089226337528974,0.3741744814495273,0.3690166982122788,0.3699544668197632,316948000,0.0,0.0,NVDA,1d
2013-11-19 00:00:00-05:00,0.36818656443689585,0.37148655759323485,0.36347227244247055,0.3639436960220337,206716000,0.002125,0.0,NVDA,1d
2013-11-20 00:00:00-05:00,0.3641794357577524,0.36512231112500393,0.3578151464512546,0.35852229595184326,204776000,0.0,0.0,NVDA,1d
2013-11-21 00:00:00-05:00,0.3589937475218476,0.36205804352992166,0.35734375062500845,0.3613508939743042,213568000,0.0,0.0,NVDA,1d
2013-11-22 00:00:00-05:00,0.36182219907541213,0.36182219907541213,0.357107907715377,0.35781505703926086,158668000,0.0,0.0,NVDA,1d
2013-11-25 00:00:00-05:00,0.3578152306717627,0.3660652445552048,0.3578152306717627,0.365593820810318,248208000,0.0,0.0,NVDA,1d
2013-11-26 00:00:00-05:00,0.3696008832754044,0.3726651790904474,0.36724373697143303,0.36865803599357605,753176000,0.0,0.0,NVDA,1d
2013-11-27 00:00:00-05:00,0.3684222211042225,0.37125081846505503,0.36606507536979116,0.37007224559783936,181272000,0.0,0.0,NVDA,1d
2013-11-29 00:00:00-05:00,0.37007229446060796,0.3710151416391126,0.36535797426989286,0.36771512031555176,116964000,0.0,0.0,NVDA,1d
2013-12-02 00:00:00-05:00,0.3663009381180556,0.373843801668122,0.36559378851349217,0.3712509572505951,373872000,0.0,0.0,NVDA,1d
2013-12-03 00:00:00-05:00,0.37125088713266474,0.3762008772308985,0.3686580151054479,0.37101516127586365,290560000,0.0,0.0,NVDA,1d
2013-12-04 00:00:00-05:00,0.3700723212774388,0.376908034065432,0.36912944593121255,0.3762008845806122,493176000,0.0,0.0,NVDA,1d
2013-12-05 00:00:00-05:00,0.37690795698793284,0.37690795698793284,0.3696007939714382,0.37007224559783936,271812000,0.0,0.0,NVDA,1d
2013-12-06 00:00:00-05:00,0.37455082248697913,0.37455082248697913,0.3637079405436392,0.36465081572532654,281000000,0.0,0.0,NVDA,1d
2013-12-09 00:00:00-05:00,0.36465088749107816,0.3658294606255926,0.3578151464512546,0.35852229595184326,385220000,0.0,0.0,NVDA,1d
2013-12-10 00:00:00-05:00,0.3585222532824435,0.3684222608142386,0.3580508297046241,0.36677226424217224,524268000,0.0,0.0,NVDA,1d
2013-12-11 00:00:00-05:00,0.3674793847798341,0.3679508083206062,0.36252936735324065,0.36323651671409607,414156000,0.0,0.0,NVDA,1d
2013-12-12 00:00:00-05:00,0.3620580669847713,0.36394378988877796,0.35545805087045007,0.35616520047187805,258724000,0.0,0.0,NVDA,1d
2013-12-13 00:00:00-05:00,0.3568723203226156,0.3594651645124936,0.3535722984908596,0.35404372215270996,184588000,0.0,0.0,NVDA,1d
2013-12-16 00:00:00-05:00,0.3542793481664872,0.3575793409686155,0.35404362235230924,0.35451504588127136,237620000,0.0,0.0,NVDA,1d
2013-12-17 00:00:00-05:00,0.35427947756787137,0.3571080478741794,0.3512151813612861,0.35616520047187805,274104000,0.0,0.0,NVDA,1d
2013-12-18 00:00:00-05:00,0.3568723165925095,0.3618223071393027,0.3523937216032379,0.36111515760421753,426232000,0.0,0.0,NVDA,1d
2013-12-19 00:00:00-05:00,0.3606435856521439,0.3630007310669116,0.3582864402373761,0.36252930760383606,258544000,0.0,0.0,NVDA,1d
2013-12-20 00:00:00-05:00,0.36323652501033915,0.3700722648555423,0.3622936498078654,0.3698365390300751,382080000,0.0,0.0,NVDA,1d
2013-12-23 00:00:00-05:00,0.3719581067562103,0.37502240320705793,0.36889383840476897,0.3719581067562103,168568000,0.0,0.0,NVDA,1d
2013-12-24 00:00:00-05:00,0.3740794763714451,0.3740794763714451,0.36912945791638474,0.37290090322494507,79600000,0.0,0.0,NVDA,1d
2013-12-26 00:00:00-05:00,0.3743152341789342,0.375493807425996,0.3684223398442227,0.36936521530151367,168920000,0.0,0.0,NVDA,1d
2013-12-27 00:00:00-05:00,0.37125087666063833,0.3721937238624498,0.3691294283074654,0.3714865744113922,210976000,0.0,0.0,NVDA,1d
2013-12-30 00:00:00-05:00,0.37172221066978495,0.376672227534747,0.3712507871825008,0.3764365017414093,248180000,0.0,0.0,NVDA,1d
2013-12-31 00:00:00-05:00,0.3771437599683773,0.37950090618510346,0.3747866137516511,0.37761518359184265,235776000,0.0,0.0,NVDA,1d
2014-01-02 00:00:00-05:00,0.3752579985170241,0.37667229734036844,0.37054370657173835,0.3738436996936798,260092000,0.0,0.0,NVDA,1d
2014-01-03 00:00:00-05:00,0.3745509319687049,0.37525808153682255,0.3681866420544519,0.36936521530151367,259332000,0.0,0.0,NVDA,1d
2014-01-06 00:00:00-05:00,0.3731364821563519,0.3771436520577502,0.36960076384292384,0.374315083026886,409492000,0.0,0.0,NVDA,1d
2014-01-07 00:00:00-05:00,0.37808663522296626,0.38185808068886656,0.37549379105213604,0.3804437816143036,333288000,0.0,0.0,NVDA,1d
2014-01-08 00:00:00-05:00,0.38185805966083647,0.3875152275481599,0.38044376066415564,0.3856295049190521,308192000,0.0,0.0,NVDA,1d
2014-01-09 00:00:00-05:00,0.3797366682071433,0.38044381781170666,0.37007238394279085,0.3712509572505951,292172000,0.0,0.0,NVDA,1d
2014-01-10 00:00:00-05:00,0.37242944965780134,0.3750222935121004,0.3674794316005243,0.370779424905777,218492000,0.0,0.0,NVDA,1d
2014-01-13 00:00:00-05:00,0.3707793881722768,0.3731365340423318,0.3613508046920567,0.36205795407295227,243332000,0.0,0.0,NVDA,1d
2014-01-14 00:00:00-05:00,0.36394358620500894,0.3740793165545283,0.3622935620253241,0.3733721673488617,241828000,0.0,0.0,NVDA,1d
2014-01-15 00:00:00-05:00,0.37502221222214466,0.3787936564101321,0.3733722159271721,0.3773793578147888,175044000,0.0,0.0,NVDA,1d
2014-01-16 00:00:00-05:00,0.37737940711030316,0.379265129450621,0.3757294105997984,0.3785579800605774,220652000,0.0,0.0,NVDA,1d
2014-01-17 00:00:00-05:00,0.37855797095238813,0.38303656491531146,0.3745508286377477,0.37690797448158264,340400000,0.0,0.0,NVDA,1d
2014-01-21 00:00:00-05:00,0.377379517207171,0.38067953929032605,0.37431524912200365,0.37832239270210266,246076000,0.0,0.0,NVDA,1d
2014-01-22 00:00:00-05:00,0.3790294034172297,0.379500826942258,0.37337223681870946,0.37785083055496216,337940000,0.0,0.0,NVDA,1d
2014-01-23 00:00:00-05:00,0.376672227534747,0.3806793693257494,0.37360793271831294,0.3764365017414093,185028000,0.0,0.0,NVDA,1d
2014-01-24 00:00:00-05:00,0.3733722786298345,0.37478657746268956,0.36677226424217224,0.36677226424217224,246696000,0.0,0.0,NVDA,1d
2014-01-27 00:00:00-05:00,0.36677234507249795,0.3719580617701481,0.36229374984771606,0.3644151985645294,233812000,0.0,0.0,NVDA,1d
2014-01-28 00:00:00-05:00,0.36370801752086923,0.3681866123581216,0.36229371849870523,0.3679508864879608,167996000,0.0,0.0,NVDA,1d
2014-01-29 00:00:00-05:00,0.36653661918193997,0.3686580678987533,0.36417947267397144,0.3644151985645294,162944000,0.0,0.0,NVDA,1d
2014-01-30 00:00:00-05:00,0.3665365180977274,0.3712508379129423,0.3653579451687725,0.3705436885356903,202896000,0.0,0.0,NVDA,1d
2014-01-31 00:00:00-05:00,0.365357926029583,0.3721936655190701,0.36512222831577607,0.37007224559783936,335348000,0.0,0.0,NVDA,1d
2014-02-03 00:00:00-05:00,0.37266515043840176,0.37313657404307093,0.363707989552094,0.3651222884654999,431728000,0.0,0.0,NVDA,1d
2014-02-04 00:00:00-05:00,0.3648866795114145,0.36795097607256366,0.3630009563892145,0.36724382638931274,280692000,0.0,0.0,NVDA,1d
2014-02-05 00:00:00-05:00,0.36465084544107684,0.3658294184396832,0.3611150983458611,0.3639436960220337,214676000,0.0,0.0,NVDA,1d
2014-02-06 00:00:00-05:00,0.3644151670265474,0.3696008832754044,0.3639437433856332,0.36865803599357605,168380000,0.0,0.0,NVDA,1d
2014-02-07 00:00:00-05:00,0.36960090062104156,0.3745509193314497,0.36630090688037065,0.37407949566841125,157248000,0.0,0.0,NVDA,1d
2014-02-10 00:00:00-05:00,0.3736081208282438,0.3802081372714733,0.3733723949162192,0.37525811791419983,324372000,0.0,0.0,NVDA,1d
2014-02-11 00:00:00-05:00,0.37737938713815294,0.3839794009302733,0.37549369299702784,0.3830365538597107,235384000,0.0,0.0,NVDA,1d
2014-02-12 00:00:00-05:00,0.38421507545860917,0.39953654905543806,0.38421507545860917,0.3967079520225525,744528000,0.0,0.0,NVDA,1d
2014-02-13 00:00:00-05:00,0.40660812233758936,0.411558140712344,0.3995366835733113,0.4092009663581848,902836000,0.0,0.0,NVDA,1d
2014-02-14 00:00:00-05:00,0.40542958317415,0.42310818156582963,0.40519385728916674,0.4221653342247009,817536000,0.0,0.0,NVDA,1d
2014-02-18 00:00:00-05:00,0.42240090043475187,0.42381517091182597,0.4183937305012298,0.4219294488430023,428988000,0.0,0.0,NVDA,1d
2014-02-19 00:00:00-05:00,0.4219295959187731,0.43135820954950754,0.4200438731926262,0.42758676409721375,450340000,0.0,0.0,NVDA,1d
2014-02-20 00:00:00-05:00,0.4285295855313099,0.4436153383300418,0.4278224641386847,0.4426724910736084,398088000,0.0,0.0,NVDA,1d
2014-02-21 00:00:00-05:00,0.44196529212511987,0.4476224593288752,0.4365438507587947,0.4393724203109741,451052000,0.0,0.0,NVDA,1d
2014-02-24 00:00:00-05:00,0.43842960161960803,0.4490367592033653,0.4344224588189572,0.44573676586151123,403112000,0.0,0.0,NVDA,1d
2014-02-25 00:00:00-05:00,0.44514478059230966,0.4470390175447907,0.43898851755331453,0.4437240958213806,242184000,0.002125,0.0,NVDA,1d
2014-02-26 00:00:00-05:00,0.44277699706268264,0.449406812367146,0.44159310248068107,0.4430137872695923,360884000,0.0,0.0,NVDA,1d
2014-02-27 00:00:00-05:00,0.4430137270451315,0.44751251455465096,0.43685746476511267,0.4380413591861725,388848000,0.0,0.0,NVDA,1d
2014-02-28 00:00:00-05:00,0.43567373688785754,0.4399357640781602,0.42880712968506984,0.43520018458366394,321692000,0.0,0.0,NVDA,1d
2014-03-03 00:00:00-05:00,0.42549213063052244,0.43306905031204224,0.4217036566766259,0.43306905031204224,375948000,0.0,0.0,NVDA,1d
2014-03-04 00:00:00-05:00,0.435200100401162,0.44040923119222875,0.4344897579691359,0.43756788969039917,260344000,0.0,0.0,NVDA,1d
2014-03-05 00:00:00-05:00,0.4370943047876453,0.441593121327016,0.43520009595662035,0.4413563311100006,241472000,0.0,0.0,NVDA,1d
2014-03-06 00:00:00-05:00,0.4420667635601714,0.4444345533074195,0.43448984201423346,0.43520018458366394,290144000,0.0,0.0,NVDA,1d
2014-03-07 00:00:00-05:00,0.4370943256520368,0.43780466811071617,0.4314116424351539,0.4347265362739563,268452000,0.0,0.0,NVDA,1d
2014-03-10 00:00:00-04:00,0.43330579954836457,0.4352000363462058,0.42643919468447383,0.42833343148231506,300888000,0.0,0.0,NVDA,1d
2014-03-11 00:00:00-04:00,0.43046449391397373,0.4363839953677083,0.42904383727514833,0.43259552121162415,297220000,0.0,0.0,NVDA,1d
2014-03-12 00:00:00-04:00,0.4304645852291004,0.4363840879385484,0.42880713801906983,0.4337795078754425,239428000,0.0,0.0,NVDA,1d
2014-03-13 00:00:00-04:00,0.4347265591655158,0.4363840343984711,0.4179152424053939,0.42004626989364624,385172000,0.0,0.0,NVDA,1d
2014-03-14 00:00:00-04:00,0.41578418124274724,0.4257288900285549,0.41578418124274724,0.421940416097641,460048000,0.0,0.0,NVDA,1d
2014-03-17 00:00:00-04:00,0.42312431067276746,0.42620244221335085,0.42146686391284505,0.421940416097641,299656000,0.0,0.0,NVDA,1d
2014-03-18 00:00:00-04:00,0.42359789103035217,0.43472649438988115,0.4217036540651343,0.43188515305519104,293904000,0.0,0.0,NVDA,1d
2014-03-19 00:00:00-04:00,0.435200038362345,0.44774932545162555,0.43401611566022263,0.4394620358943939,366168000,0.0,0.0,NVDA,1d
2014-03-20 00:00:00-04:00,0.43709429552354123,0.4434873489847122,0.4352000867326635,0.43969887495040894,191800000,0.0,0.0,NVDA,1d
2014-03-21 00:00:00-04:00,0.44348732297413923,0.4470390065881392,0.43662071771797584,0.43898850679397583,566116000,0.0,0.0,NVDA,1d
2014-03-24 00:00:00-04:00,0.43922537061148054,0.44277705482078505,0.4304645269808411,0.43685758113861084,306096000,0.0,0.0,NVDA,1d
2014-03-25 00:00:00-04:00,0.4415931600843502,0.44206671233366873,0.4335426589408271,0.43685758113861084,304424000,0.0,0.0,NVDA,1d
2014-03-26 00:00:00-04:00,0.4408826651651265,0.44916992545490786,0.42312422203218475,0.42691269516944885,557756000,0.0,0.0,NVDA,1d
2014-03-27 00:00:00-04:00,0.42596577632155663,0.4295174608481092,0.4164945893578035,0.4212301969528198,540728000,0.0,0.0,NVDA,1d
2014-03-28 00:00:00-04:00,0.42051975819935183,0.4264392310560667,0.4193358636280089,0.4238346517086029,398820000,0.0,0.0,NVDA,1d
2014-03-31 00:00:00-04:00,0.4245450430024517,0.42833351735767455,0.4217037013491727,0.4240714907646179,273404000,0.0,0.0,NVDA,1d
2014-04-01 00:00:00-04:00,0.4375679040848291,0.4468022713261219,0.4323587448961247,0.44159314036369324,656272000,0.0,0.0,NVDA,1d
2014-04-02 00:00:00-04:00,0.44159315846131786,0.442540262956474,0.43685757953298365,0.43875181674957275,239948000,0.0,0.0,NVDA,1d
2014-04-03 00:00:00-04:00,0.4396989017097913,0.4541424280900246,0.439462111483384,0.44348737597465515,599548000,0.0,0.0,NVDA,1d
2014-04-04 00:00:00-04:00,0.44585523292946533,0.4484598129097225,0.42786001978253235,0.42975425720214844,368032000,0.0,0.0,NVDA,1d
2014-04-07 00:00:00-04:00,0.42999092011502116,0.4394620768034944,0.4276231309429029,0.4311748147010803,428576000,0.0,0.0,NVDA,1d
2014-04-08 00:00:00-04:00,0.4311749072968905,0.4477494632874163,0.4304645647474526,0.44656556844711304,470692000,0.0,0.0,NVDA,1d
2014-04-09 00:00:00-04:00,0.44869655963342275,0.45248503434336856,0.4425402952863306,0.44609197974205017,421968000,0.0,0.0,NVDA,1d
2014-04-10 00:00:00-04:00,0.44419779126846287,0.4503540276755398,0.433779499444803,0.43520018458366394,372748000,0.0,0.0,NVDA,1d
2014-04-11 00:00:00-04:00,0.4318850808940506,0.4385148950514396,0.4233610300879406,0.4290437400341034,353112000,0.0,0.0,NVDA,1d
2014-04-14 00:00:00-04:00,0.4318852703955729,0.43543695508547314,0.4290439282889088,0.4337795078754425,290184000,0.0,0.0,NVDA,1d
2014-04-15 00:00:00-04:00,0.4342530014279434,0.43922537061148054,0.4299909747315226,0.43685758113861084,304636000,0.0,0.0,NVDA,1d
2014-04-16 00:00:00-04:00,0.4389884741848597,0.43946202631962866,0.43235865961928377,0.43780457973480225,235136000,0.0,0.0,NVDA,1d
2014-04-17 00:00:00-04:00,0.4361471426525179,0.4434872996933058,0.435200038362345,0.4394620358943939,153532000,0.0,0.0,NVDA,1d
2014-04-21 00:00:00-04:00,0.4396988655042239,0.4441976818515938,0.4368575241526748,0.4430137872695923,117004000,0.0,0.0,NVDA,1d
2014-04-22 00:00:00-04:00,0.4437241563544208,0.4496436582233174,0.4413563668973729,0.4468022882938385,255120000,0.0,0.0,NVDA,1d
2014-04-23 00:00:00-04:00,0.4475126194338507,0.4531953309225015,0.4468022769694848,0.45201143622398376,261580000,0.0,0.0,NVDA,1d
2014-04-24 00:00:00-04:00,0.4550895229183282,0.46077220561670396,0.4550895229183282,0.45603662729263306,391492000,0.0,0.0,NVDA,1d
2014-04-25 00:00:00-04:00,0.4550895607693784,0.4593515872607813,0.4425402432953014,0.44348737597465515,313600000,0.0,0.0,NVDA,1d
2014-04-28 00:00:00-04:00,0.44703906155334505,0.44940685092047405,0.4361472191740414,0.44159314036369324,226788000,0.0,0.0,NVDA,1d
2014-04-29 00:00:00-04:00,0.4432506304961549,0.4441977632711255,0.43756794675144534,0.4425402879714966,171300000,0.0,0.0,NVDA,1d
2014-04-30 00:00:00-04:00,0.44182989682621693,0.4423034490181987,0.4363839760527431,0.43733108043670654,305740000,0.0,0.0,NVDA,1d
2014-05-01 00:00:00-04:00,0.44396090118243164,0.44490800557787047,0.43614719112810235,0.43969887495040894,198104000,0.0,0.0,NVDA,1d
2014-05-02 00:00:00-04:00,0.4418300039341837,0.4418300039341837,0.4337795018138057,0.43638408184051514,156376000,0.0,0.0,NVDA,1d
2014-05-05 00:00:00-04:00,0.435910422351068,0.4444344752342655,0.4354368701300627,0.44111958146095276,239260000,0.0,0.0,NVDA,1d
2014-05-06 00:00:00-04:00,0.4453815627068229,0.449170008316703,0.4309380379610476,0.4321219325065613,416188000,0.0,0.0,NVDA,1d
2014-05-07 00:00:00-04:00,0.4321219689986823,0.43614720514809996,0.4278599426296564,0.43259552121162415,293900000,0.0,0.0,NVDA,1d
2014-05-08 00:00:00-04:00,0.43093799265981364,0.4449079355378116,0.42880696576614424,0.4380413591861725,432728000,0.0,0.0,NVDA,1d
2014-05-09 00:00:00-04:00,0.4247817626881653,0.4288069983806692,0.4193358422918264,0.4273863136768341,539532000,0.0,0.0,NVDA,1d
2014-05-12 00:00:00-04:00,0.42833349961329276,0.4408827886405338,0.4280967093910471,0.43993568420410156,299856000,0.0,0.0,NVDA,1d
2014-05-13 00:00:00-04:00,0.434016135588561,0.44111953099610146,0.43141158455785916,0.4328322410583496,221104000,0.0,0.0,NVDA,1d
2014-05-14 00:00:00-04:00,0.43306902704047145,0.43472647372138346,0.42833344896571035,0.4285702109336853,214320000,0.0,0.0,NVDA,1d
2014-05-15 00:00:00-04:00,0.4276231908196579,0.4299909803233194,0.4219404790751039,0.4262025058269501,325896000,0.0,0.0,NVDA,1d
2014-05-16 00:00:00-04:00,0.42288762822821585,0.4283335499432955,0.42288762822821585,0.4252554178237915,283960000,0.0,0.0,NVDA,1d
2014-05-19 00:00:00-04:00,0.4297541406880847,0.4413562958699758,0.42785990378203026,0.43898850679397583,360076000,0.0,0.0,NVDA,1d
2014-05-20 00:00:00-04:00,0.4391074918355186,0.44029683929896685,0.43173355457590784,0.43387436866760254,256200000,0.002125,0.0,NVDA,1d
2014-05-21 00:00:00-04:00,0.435539449445174,0.4393453726707204,0.4312577929055043,0.43387436866760254,216712000,0.0,0.0,NVDA,1d
2014-05-22 00:00:00-04:00,0.4329229672924105,0.43815609124909816,0.4329229672924105,0.4357773959636688,130364000,0.0,0.0,NVDA,1d
2014-05-23 00:00:00-04:00,0.4381559541622898,0.4419618767707233,0.4355393788244573,0.4398210346698761,182656000,0.0,0.0,NVDA,1d
2014-05-27 00:00:00-04:00,0.4424376056997805,0.44767072796821594,0.4410103776464457,0.44767072796821594,209680000,0.0,0.0,NVDA,1d
2014-05-28 00:00:00-04:00,0.44933599787161077,0.4543312411361796,0.44505434053320486,0.4514768123626709,224676000,0.0,0.0,NVDA,1d
2014-05-29 00:00:00-04:00,0.4512388098184095,0.45504473272777785,0.4498116099946049,0.450763076543808,171884000,0.0,0.0,NVDA,1d
2014-05-30 00:00:00-04:00,0.4507630802512312,0.45314177500008107,0.44838438550238124,0.45195242762565613,239128000,0.0,0.0,NVDA,1d
2014-06-02 00:00:00-04:00,0.4533798021692223,0.45623423111800093,0.446719449051214,0.4505253732204437,181500000,0.0,0.0,NVDA,1d
2014-06-03 00:00:00-04:00,0.451476744466294,0.4519524777976202,0.4426755502334922,0.44862231612205505,243212000,0.0,0.0,NVDA,1d
2014-06-04 00:00:00-04:00,0.44743291036866306,0.45242815223172894,0.4471950295558267,0.44909799098968506,161236000,0.0,0.0,NVDA,1d
2014-06-05 00:00:00-04:00,0.4498116707604375,0.4524282183023589,0.4471950948622343,0.45100101828575134,188696000,0.0,0.0,NVDA,1d
2014-06-06 00:00:00-04:00,0.4531418670173158,0.4567099098651351,0.45147678602625685,0.45266613364219666,161052000,0.0,0.0,NVDA,1d
2014-06-09 00:00:00-04:00,0.4521903716221833,0.457423495129559,0.44909806234537153,0.45314183831214905,247456000,0.0,0.0,NVDA,1d
2014-06-10 00:00:00-04:00,0.45147667583291673,0.457661293268818,0.44957371444061806,0.4555204510688782,217608000,0.0,0.0,NVDA,1d
2014-06-11 00:00:00-04:00,0.4538553903776044,0.46265658365822476,0.4538553903776044,0.4614672362804413,266228000,0.0,0.0,NVDA,1d
2014-06-12 00:00:00-04:00,0.46146730406633946,0.4664625467730248,0.4574234997028501,0.46432173252105713,337148000,0.0,0.0,NVDA,1d
2014-06-13 00:00:00-04:00,0.4690790637101749,0.46931694453325484,0.4602778702441194,0.46479740738868713,227852000,0.0,0.0,NVDA,1d
2014-06-16 00:00:00-04:00,0.46265667768982893,0.46646257305848965,0.4593264873414313,0.46337026357650757,198620000,0.0,0.0,NVDA,1d
2014-06-17 00:00:00-04:00,0.4638459160079042,0.468365424554543,0.4614672213294044,0.46646246314048767,157608000,0.0,0.0,NVDA,1d
2014-06-18 00:00:00-04:00,0.4652731443519401,0.4681276008263207,0.46099148799664835,0.4659867584705353,215536000,0.0,0.0,NVDA,1d
2014-06-19 00:00:00-04:00,0.4574233826356543,0.45980207713185955,0.4519523796231271,0.4552825689315796,474592000,0.0,0.0,NVDA,1d
2014-06-20 00:00:00-04:00,0.4564721107519976,0.45813719193783103,0.44671944781795037,0.45028749108314514,353148000,0.0,0.0,NVDA,1d
2014-06-23 00:00:00-04:00,0.44434061896404287,0.4452920855400509,0.43910746772716264,0.44505423307418823,414200000,0.0,0.0,NVDA,1d
2014-06-24 00:00:00-04:00,0.4443406870860974,0.44790872982756363,0.4362531065250041,0.4381560683250427,275780000,0.0,0.0,NVDA,1d
2014-06-25 00:00:00-04:00,0.4393453398021646,0.44291338192557483,0.43530156440022194,0.44267550110816956,215420000,0.0,0.0,NVDA,1d
2014-06-26 00:00:00-04:00,0.442675572943252,0.44291345379925934,0.43530163503870023,0.436728835105896,256908000,0.0,0.0,NVDA,1d
2014-06-27 00:00:00-04:00,0.43625313404463273,0.4398211770111775,0.43363655785998595,0.43720462918281555,302820000,0.0,0.0,NVDA,1d
2014-06-30 00:00:00-04:00,0.43553941202103,0.44219976291529905,0.43553941202103,0.44101041555404663,180512000,0.0,0.0,NVDA,1d
2014-07-01 00:00:00-04:00,0.44053466885019366,0.4486222476739101,0.4391074407176916,0.4460056722164154,321180000,0.0,0.0,NVDA,1d
2014-07-02 00:00:00-04:00,0.44434067606925964,0.44624363782211685,0.4417241001145457,0.44434067606925964,179284000,0.0,0.0,NVDA,1d
2014-07-03 00:00:00-04:00,0.44029688321518895,0.44957381136915536,0.44029688321518895,0.44838446378707886,136892000,0.0,0.0,NVDA,1d
2014-07-07 00:00:00-04:00,0.4490980974963931,0.44933597836564465,0.44410282609238666,0.4448164403438568,127496000,0.0,0.0,NVDA,1d
2014-07-08 00:00:00-04:00,0.4436269924209796,0.44552995387594263,0.43696664150674774,0.4412482976913452,221940000,0.0,0.0,NVDA,1d
2014-07-09 00:00:00-04:00,0.445054145212869,0.4564718836523014,0.44172395614171994,0.45456892251968384,387668000,0.0,0.0,NVDA,1d
2014-07-10 00:00:00-04:00,0.4460056920553813,0.4540932712388448,0.44243764992169166,0.4521903097629547,266308000,0.0,0.0,NVDA,1d
2014-07-11 00:00:00-04:00,0.4526661049671662,0.4545690667033797,0.4510010240815851,0.45314183831214905,191188000,0.0,0.0,NVDA,1d
2014-07-14 00:00:00-04:00,0.4550447882106727,0.46004005909374934,0.4533797073684076,0.4588507115840912,272636000,0.0,0.0,NVDA,1d
2014-07-15 00:00:00-04:00,0.45956433175035455,0.46194302680067084,0.45647202251368707,0.4607536792755127,395440000,0.0,0.0,NVDA,1d
2014-07-16 00:00:00-04:00,0.4626564886124764,0.4662245300128269,0.4576612193094767,0.4602777659893036,319728000,0.0,0.0,NVDA,1d
2014-07-17 00:00:00-04:00,0.4550448471384663,0.46384604253470635,0.4550448471384663,0.45908862352371216,324832000,0.0,0.0,NVDA,1d
2014-07-18 00:00:00-04:00,0.4495738119080503,0.45314185465855666,0.4379181885759596,0.4386318027973175,567816000,0.0,0.0,NVDA,1d
2014-07-21 00:00:00-04:00,0.43696664150674774,0.44434060651112545,0.43696664150674774,0.4412482976913452,243364000,0.0,0.0,NVDA,1d
2014-07-22 00:00:00-04:00,0.4445784526595801,0.4469571473554492,0.4383938634640871,0.4393453299999237,298816000,0.0,0.0,NVDA,1d
2014-07-23 00:00:00-04:00,0.43958324107965824,0.43982109355185606,0.42959269998408445,0.4300684332847595,297352000,0.0,0.0,NVDA,1d
2014-07-24 00:00:00-04:00,0.432447100716907,0.43363644807130125,0.4276897112993298,0.4307820200920105,254576000,0.0,0.0,NVDA,1d
2014-07-25 00:00:00-04:00,0.42935485872694945,0.4303063537722733,0.4224566543406917,0.423170268535614,266132000,0.0,0.0,NVDA,1d
2014-07-28 00:00:00-04:00,0.4250731356365264,0.4250731356365264,0.41436900945051897,0.4215050935745239,330352000,0.0,0.0,NVDA,1d
2014-07-29 00:00:00-04:00,0.42174303886249115,0.42864127158404114,0.4215051580128135,0.42293238639831543,217972000,0.0,0.0,NVDA,1d
2014-07-30 00:00:00-04:00,0.42554892439392716,0.4312577807145869,0.42435957696409976,0.4300684332847595,246184000,0.0,0.0,NVDA,1d
2014-07-31 00:00:00-04:00,0.4248351450731036,0.4281653052392187,0.4155582217138942,0.416271835565567,401880000,0.0,0.0,NVDA,1d
2014-08-01 00:00:00-04:00,0.41627191085544424,0.423170141527586,0.4148446828939601,0.4207914471626282,219884000,0.0,0.0,NVDA,1d
2014-08-04 00:00:00-04:00,0.42031586062952886,0.4238839036627444,0.41769931275227534,0.41984012722969055,241724000,0.0,0.0,NVDA,1d
2014-08-05 00:00:00-04:00,0.41865069170370633,0.4262625379290171,0.41508264941919676,0.420077919960022,298136000,0.0,0.0,NVDA,1d
2014-08-06 00:00:00-04:00,0.4172234622817736,0.4248353084858187,0.4141311816621945,0.4196021854877472,223456000,0.0,0.0,NVDA,1d
2014-08-07 00:00:00-04:00,0.4231702444191798,0.4269761393147312,0.41246608881793767,0.4153205454349518,407696000,0.0,0.0,NVDA,1d
2014-08-08 00:00:00-04:00,0.4333986029133712,0.454331122374506,0.4333986029133712,0.45195242762565613,894348000,0.0,0.0,NVDA,1d
2014-08-11 00:00:00-04:00,0.45242824341687465,0.4543312052342675,0.44838446727759185,0.449573814868927,344624000,0.0,0.0,NVDA,1d
2014-08-12 00:00:00-04:00,0.44933596236442996,0.45195251005159726,0.44457854364280613,0.449573814868927,296152000,0.0,0.0,NVDA,1d
2014-08-13 00:00:00-04:00,0.45028734828706457,0.45599623271473494,0.4474329202513685,0.4521903097629547,256596000,0.0,0.0,NVDA,1d
2014-08-14 00:00:00-04:00,0.4538554042916179,0.4538554042916179,0.44529209156653693,0.44719505310058594,255992000,0.0,0.0,NVDA,1d
2014-08-15 00:00:00-04:00,0.4486222996376785,0.455520503579142,0.4443406431005066,0.45290395617485046,369796000,0.0,0.0,NVDA,1d
2014-08-18 00:00:00-04:00,0.45480696626321687,0.45956438527421106,0.4502874564837572,0.45908862352371216,284076000,0.0,0.0,NVDA,1d
2014-08-19 00:00:00-04:00,0.4592080340058339,0.46518107750212273,0.45753555904149856,0.4627918601036072,248260000,0.002125,0.0,NVDA,1d
2014-08-20 00:00:00-04:00,0.4611193063711721,0.4632696187515519,0.458730089380781,0.45992469787597656,221468000,0.0,0.0,NVDA,1d
2014-08-21 00:00:00-04:00,0.4587302113652202,0.46111942899094627,0.4549074802530909,0.45562422275543213,272796000,0.0,0.0,NVDA,1d
2014-08-22 00:00:00-04:00,0.45514628773604227,0.45968581734459657,0.4522792328937375,0.4558630585670471,251224000,0.0,0.0,NVDA,1d
2014-08-25 00:00:00-04:00,0.4577743531522929,0.46088034052344773,0.4556240410576276,0.4565797448158264,153380000,0.0,0.0,NVDA,1d
2014-08-26 00:00:00-04:00,0.4577744846195586,0.4656589076008899,0.4561020381645411,0.464703232049942,269636000,0.0,0.0,NVDA,1d
2014-08-27 00:00:00-04:00,0.461836094320277,0.46541991993899057,0.4587301064210491,0.45944687724113464,182972000,0.0,0.0,NVDA,1d
2014-08-28 00:00:00-04:00,0.45849127561322167,0.46422538613359393,0.45705773374226916,0.4632697105407715,179704000,0.0,0.0,NVDA,1d
2014-08-29 00:00:00-04:00,0.4649421366968202,0.4656589076008899,0.45992476885005007,0.464703232049942,207932000,0.0,0.0,NVDA,1d
2014-09-02 00:00:00-04:00,0.46589773893356323,0.46589773893356323,0.46159714293051773,0.46589773893356323,192636000,0.0,0.0,NVDA,1d
2014-09-03 00:00:00-04:00,0.46828692442303627,0.47187074943871754,0.4651809370464373,0.47019830346107483,259456000,0.0,0.0,NVDA,1d
2014-09-04 00:00:00-04:00,0.46948159621040486,0.4814277096921943,0.46924266311771806,0.4785606265068054,491832000,0.0,0.0,NVDA,1d
2014-09-05 00:00:00-04:00,0.47808292975526157,0.4802332429063798,0.4740212651121139,0.4771272540092468,253792000,0.0,0.0,NVDA,1d
2014-09-08 00:00:00-04:00,0.4766492694387833,0.47760494489067157,0.4709151312823097,0.4728265106678009,319288000,0.0,0.0,NVDA,1d
2014-09-09 00:00:00-04:00,0.47067625844164296,0.4737822465925773,0.4663756616543275,0.4668534994125366,198588000,0.0,0.0,NVDA,1d
2014-09-10 00:00:00-04:00,0.4694816202759903,0.47019839110907913,0.4642253198211487,0.4685259163379669,172376000,0.0,0.0,NVDA,1d
2014-09-11 00:00:00-04:00,0.4651810132046205,0.4668534594560716,0.45873010433490125,0.46374747157096863,250720000,0.0,0.0,NVDA,1d
2014-09-12 00:00:00-04:00,0.466614561552886,0.466614561552886,0.45634092168802026,0.45681875944137573,262536000,0.0,0.0,NVDA,1d
2014-09-15 00:00:00-04:00,0.4582523429657901,0.4589691139020353,0.44869547310043734,0.4506068527698517,294152000,0.0,0.0,NVDA,1d
2014-09-16 00:00:00-04:00,0.4494121582460562,0.45968579708646573,0.44797861664722194,0.45729658007621765,219936000,0.0,0.0,NVDA,1d
2014-09-17 00:00:00-04:00,0.4561019921131161,0.46183610180328033,0.4539516796180185,0.4575355052947998,173584000,0.0,0.0,NVDA,1d
2014-09-18 00:00:00-04:00,0.4604026134063774,0.46494211478198877,0.45896907166580736,0.4644642770290375,219604000,0.0,0.0,NVDA,1d
2014-09-19 00:00:00-04:00,0.46589779323768576,0.4663756309644508,0.45514628773604227,0.4558630585670471,601316000,0.0,0.0,NVDA,1d
2014-09-22 00:00:00-04:00,0.46518097270211267,0.46518097270211267,0.4508456430588889,0.4513235092163086,221464000,0.0,0.0,NVDA,1d
2014-09-23 00:00:00-04:00,0.44893439018739023,0.45442959620845397,0.44726194361099336,0.4494122564792633,196144000,0.0,0.0,NVDA,1d
2014-09-24 00:00:00-04:00,0.44917320051106197,0.453473796589924,0.4486953628315688,0.45204025506973267,159592000,0.0,0.0,NVDA,1d
2014-09-25 00:00:00-04:00,0.45156258551821854,0.4527571944025899,0.44128894341628017,0.44224461913108826,298440000,0.0,0.0,NVDA,1d
2014-09-26 00:00:00-04:00,0.4436780385214237,0.44654509335491627,0.44176665913852375,0.4432002007961273,241188000,0.0,0.0,NVDA,1d
2014-09-29 00:00:00-04:00,0.43961642955660296,0.44558947306653274,0.4353158325331099,0.44248348474502563,208540000,0.0,0.0,NVDA,1d
2014-09-30 00:00:00-04:00,0.44057216445665653,0.4439170863617034,0.4355547958399473,0.4408110976219177,277204000,0.0,0.0,NVDA,1d
2014-10-01 00:00:00-04:00,0.44152784180153337,0.44463380187082824,0.4353158646995033,0.43651047348976135,350976000,0.0,0.0,NVDA,1d
2014-10-02 00:00:00-04:00,0.4357936207024391,0.43794390472851663,0.4245642773968578,0.43459901213645935,288996000,0.0,0.0,NVDA,1d
2014-10-03 00:00:00-04:00,0.43722715796935935,0.44320020073908123,0.4355546832084656,0.4355546832084656,239140000,0.0,0.0,NVDA,1d
2014-10-06 00:00:00-04:00,0.4372271318399159,0.44081095728757347,0.4300594524628879,0.4329265356063843,199032000,0.0,0.0,NVDA,1d
2014-10-07 00:00:00-04:00,0.43101522614255283,0.4353158230725829,0.4279092378885468,0.4283870756626129,301896000,0.0,0.0,NVDA,1d
2014-10-08 00:00:00-04:00,0.42790922812516347,0.43842180132334563,0.42456430681958496,0.4362714886665344,260172000,0.0,0.0,NVDA,1d
2014-10-09 00:00:00-04:00,0.43436007593713155,0.43483794214549204,0.4243253697507105,0.4279091954231262,306956000,0.0,0.0,NVDA,1d
2014-10-10 00:00:00-04:00,0.4245642386711055,0.4259977802122096,0.402344515674266,0.40258342027664185,691376000,0.0,0.0,NVDA,1d
2014-10-13 00:00:00-04:00,0.40521150153128394,0.4133348547499061,0.400672001557427,0.40114983916282654,397628000,0.0,0.0,NVDA,1d
2014-10-14 00:00:00-04:00,0.40664516374423026,0.4216972379211156,0.4042559465250966,0.4104679226875305,376620000,0.0,0.0,NVDA,1d
2014-10-15 00:00:00-04:00,0.4044948692096422,0.4188302016459126,0.4018667472403378,0.41667988896369934,404428000,0.0,0.0,NVDA,1d
2014-10-16 00:00:00-04:00,0.40927326606957976,0.42169718845538645,0.40831756220500226,0.4169187545776367,351116000,0.0,0.0,NVDA,1d
2014-10-17 00:00:00-04:00,0.4219361770228509,0.4267146115289227,0.4145295921457532,0.41620203852653503,290716000,0.0,0.0,NVDA,1d
2014-10-20 00:00:00-04:00,0.4162020904783675,0.4236086762799817,0.4133350351131916,0.41978591680526733,200336000,0.0,0.0,NVDA,1d
2014-10-21 00:00:00-04:00,0.4228919272125253,0.4381829374213204,0.4216973183750439,0.4377050995826721,351092000,0.0,0.0,NVDA,1d
2014-10-22 00:00:00-04:00,0.4369882131615447,0.43842175478056766,0.4274313449859619,0.4274313449859619,239512000,0.0,0.0,NVDA,1d
2014-10-23 00:00:00-04:00,0.43483795046803975,0.4400942225251752,0.4317319624628231,0.4369882345199585,214476000,0.0,0.0,NVDA,1d
2014-10-24 00:00:00-04:00,0.43961640436072336,0.4441559057754088,0.4369882539742951,0.441527783870697,210156000,0.0,0.0,NVDA,1d
2014-10-27 00:00:00-04:00,0.44128881176978024,0.4434390957274811,0.4365103776578104,0.4417666494846344,145092000,0.0,0.0,NVDA,1d
2014-10-28 00:00:00-04:00,0.44057220391108065,0.45275722679616365,0.44009436601948854,0.45227938890457153,192580000,0.0,0.0,NVDA,1d
2014-10-29 00:00:00-04:00,0.4503679320995702,0.45299608277799364,0.4453505638886599,0.4494122564792633,168340000,0.0,0.0,NVDA,1d
2014-10-30 00:00:00-04:00,0.44821762884398625,0.4501289800041361,0.44081104341239097,0.44654515385627747,170260000,0.0,0.0,NVDA,1d
2014-10-31 00:00:00-04:00,0.45681876408156163,0.4670924325324995,0.4544295468087993,0.4668534994125366,256316000,0.0,0.0,NVDA,1d
2014-11-03 00:00:00-05:00,0.4776049673888941,0.4792774422310547,0.4723486951924755,0.47473791241645813,308732000,0.0,0.0,NVDA,1d
2014-11-04 00:00:00-05:00,0.47784394988874984,0.4826223848305623,0.4699595265384155,0.48094993829727173,360196000,0.0,0.0,NVDA,1d
2014-11-05 00:00:00-05:00,0.4838170220477343,0.4840559267057936,0.4773661120909124,0.48094993829727173,335652000,0.0,0.0,NVDA,1d
2014-11-06 00:00:00-05:00,0.48190562801233733,0.4838170362231275,0.4744990422428343,0.4831002652645111,394088000,0.0,0.0,NVDA,1d
2014-11-07 00:00:00-05:00,0.48859538347767456,0.4943294931524335,0.46804807644493024,0.4728265106678009,450800000,0.0,0.0,NVDA,1d
2014-11-10 00:00:00-05:00,0.4723486894241389,0.4814277489424582,0.4711540808267362,0.47832176089286804,293388000,0.0,0.0,NVDA,1d
2014-11-11 00:00:00-05:00,0.47545470012789454,0.4780828220783742,0.46852595284379284,0.4725876450538635,212992000,0.0,0.0,NVDA,1d
2014-11-12 00:00:00-05:00,0.47091516028072444,0.4721097689100048,0.46303073763113123,0.4694816470146179,204584000,0.0,0.0,NVDA,1d
2014-11-13 00:00:00-05:00,0.4711541182912363,0.4718708892030161,0.463269695225094,0.46709245443344116,225328000,0.0,0.0,NVDA,1d
2014-11-14 00:00:00-05:00,0.46757023871898606,0.4728265106678009,0.4630307091182302,0.4728265106678009,160248000,0.0,0.0,NVDA,1d
2014-11-17 00:00:00-05:00,0.47067609429359436,0.47569346020927805,0.46757010722587145,0.47067609429359436,158732000,0.0,0.0,NVDA,1d
2014-11-18 00:00:00-05:00,0.4709152268362353,0.48310027645143777,0.46972061803811826,0.48190563917160034,207772000,0.0,0.0,NVDA,1d
2014-11-19 00:00:00-05:00,0.48226552834151876,0.48370513700840695,0.4750675422115867,0.4801061153411865,240300000,0.002125,0.0,NVDA,1d
2014-11-20 00:00:00-05:00,0.47674698036233254,0.48850370607622007,0.47530737195581596,0.4880238175392151,220968000,0.0,0.0,NVDA,1d
2014-11-21 00:00:00-05:00,0.49234266516138353,0.4930624693973944,0.48658428847779744,0.4906631410121918,198976000,0.0,0.0,NVDA,1d
2014-11-24 00:00:00-05:00,0.491862844185649,0.4959416972804873,0.48994340409555176,0.4937823414802551,136004000,0.0,0.0,NVDA,1d
2014-11-25 00:00:00-05:00,0.4928225688387453,0.4971413948886098,0.49186284878472303,0.4935423731803894,190240000,0.0,0.0,NVDA,1d
2014-11-26 00:00:00-05:00,0.49066334833716274,0.5024200795536969,0.4904233753540936,0.5019401907920837,219264000,0.0,0.0,NVDA,1d
2014-11-28 00:00:00-05:00,0.5036193842954808,0.5060187121158631,0.4990606442754083,0.5031394958496094,124832000,0.0,0.0,NVDA,1d
2014-12-01 00:00:00-05:00,0.5009803276248831,0.503859487760029,0.49306253714534143,0.4937823414802551,190060000,0.0,0.0,NVDA,1d
2014-12-02 00:00:00-05:00,0.49330243425610326,0.496661482889379,0.4887436927083681,0.49450212717056274,245952000,0.0,0.0,NVDA,1d
2014-12-03 00:00:00-05:00,0.4969013632267312,0.5074583957665636,0.49546175487936855,0.5072184801101685,284424000,0.0,0.0,NVDA,1d
2014-12-04 00:00:00-05:00,0.5064987946980402,0.5084182348082545,0.4993008084779718,0.5026598572731018,185332000,0.0,0.0,NVDA,1d
2014-12-05 00:00:00-05:00,0.5028997580601275,0.5081783040133189,0.5026598423545986,0.505539059638977,165680000,0.0,0.0,NVDA,1d
2014-12-08 00:00:00-05:00,0.5048189425905505,0.5098575125123909,0.49498166109930253,0.4990605115890503,226944000,0.0,0.0,NVDA,1d
2014-12-09 00:00:00-05:00,0.495941542501964,0.4985808433077837,0.488503642968497,0.49738115072250366,239448000,0.0,0.0,NVDA,1d
2014-12-10 00:00:00-05:00,0.4959415906548508,0.49786108753677205,0.4858644465416262,0.48634427785873413,204364000,0.0,0.0,NVDA,1d
2014-12-11 00:00:00-05:00,0.4892236515551399,0.49258270067068977,0.4851447980284701,0.4861045181751251,135652000,0.0,0.0,NVDA,1d
2014-12-12 00:00:00-05:00,0.4796261356838805,0.4839449320050297,0.47050868313973154,0.47098857164382935,323964000,0.0,0.0,NVDA,1d
2014-12-15 00:00:00-05:00,0.4765070408928726,0.48514466281671487,0.46810939184219885,0.4695490002632141,254696000,0.0,0.0,NVDA,1d
2014-12-16 00:00:00-05:00,0.4690692181298047,0.4765071199328029,0.46403061642272986,0.46427053213119507,185308000,0.0,0.0,NVDA,1d
2014-12-17 00:00:00-05:00,0.4736279996302227,0.4839451202431286,0.45827227658242414,0.4832253158092499,345596000,0.0,0.0,NVDA,1d
2014-12-18 00:00:00-05:00,0.4892236174270823,0.4949819951098247,0.4805860223007132,0.4851447641849518,226156000,0.0,0.0,NVDA,1d
2014-12-19 00:00:00-05:00,0.4885036873658618,0.4918627353827454,0.48394494665466475,0.4899432957172394,325528000,0.0,0.0,NVDA,1d
2014-12-22 00:00:00-05:00,0.4894635381622353,0.49858102202415466,0.4877840137044105,0.49858102202415466,148976000,0.0,0.0,NVDA,1d
2014-12-23 00:00:00-05:00,0.5024198611475403,0.5048191895035476,0.49498190320076735,0.4954617917537689,109280000,0.0,0.0,NVDA,1d
2014-12-24 00:00:00-05:00,0.49666150625934397,0.49738131060098806,0.49306254175563297,0.4935423731803894,45644000,0.0,0.0,NVDA,1d
2014-12-26 00:00:00-05:00,0.4935422126906481,0.49666134475532525,0.4923425773143442,0.49402210116386414,52636000,0.0,0.0,NVDA,1d
2014-12-29 00:00:00-05:00,0.49258251133910425,0.4966613632980052,0.4901831832924276,0.4933023154735565,82944000,0.0,0.0,NVDA,1d
2014-12-30 00:00:00-05:00,0.48994347517720255,0.4923428042401764,0.4880239776041132,0.48874378204345703,112120000,0.0,0.0,NVDA,1d
2014-12-31 00:00:00-05:00,0.4894635211305982,0.4921028227906371,0.47962626184495344,0.48106589913368225,166300000,0.0,0.0,NVDA,1d
2015-01-02 00:00:00-05:00,0.48298537731170654,0.4865843993115429,0.47530750184839843,0.48298537731170654,113680000,0.0,0.0,NVDA,1d
2015-01-05 00:00:00-05:00,0.4829852918885845,0.4844249004339029,0.4726681735864747,0.4748275578022003,197952000,0.0,0.0,NVDA,1d
2015-01-06 00:00:00-05:00,0.47554738151213843,0.47602724151277415,0.45995174557683316,0.46043160557746887,197764000,0.0,0.0,NVDA,1d
2015-01-07 00:00:00-05:00,0.46379062571938356,0.46786950698008156,0.4577923045739469,0.4592319130897522,321808000,0.0,0.0,NVDA,1d
2015-01-08 00:00:00-05:00,0.46451051266102755,0.47938637463144285,0.464270568331599,0.47650715708732605,283780000,0.0,0.0,NVDA,1d
2015-01-09 00:00:00-05:00,0.478186540809225,0.48202547710674437,0.47170833223188025,0.478426456451416,209540000,0.0,0.0,NVDA,1d
2015-01-12 00:00:00-05:00,0.479626218001289,0.4798661622945191,0.46810943536903493,0.47242823243141174,190732000,0.0,0.0,NVDA,1d
2015-01-13 00:00:00-05:00,0.4760272138984762,0.48562452776346315,0.46834936852693687,0.47170841693878174,236720000,0.0,0.0,NVDA,1d
2015-01-14 00:00:00-05:00,0.4666698244988174,0.4750674737739837,0.4654701603166508,0.47362786531448364,155260000,0.0,0.0,NVDA,1d
2015-01-15 00:00:00-05:00,0.4769870617902853,0.4798662508289911,0.47002899062763426,0.47026893496513367,188932000,0.0,0.0,NVDA,1d
2015-01-16 00:00:00-05:00,0.46954896639173177,0.47938622315379836,0.46810935807456433,0.4789063632488251,181512000,0.0,0.0,NVDA,1d
2015-01-20 00:00:00-05:00,0.48226549378738115,0.4849047380179028,0.4743477038913116,0.48034605383872986,140308000,0.0,0.0,NVDA,1d
2015-01-21 00:00:00-05:00,0.47770684151778375,0.4882639055839061,0.4743477639776401,0.4870642125606537,144780000,0.0,0.0,NVDA,1d
2015-01-22 00:00:00-05:00,0.48802383380699593,0.4969014002082734,0.4829852614207306,0.4954617917537689,159712000,0.0,0.0,NVDA,1d
2015-01-23 00:00:00-05:00,0.49594161584474855,0.49786111282416506,0.49186276341967533,0.49690139293670654,120416000,0.0,0.0,NVDA,1d
2015-01-26 00:00:00-05:00,0.4947419762611389,0.4971413045625131,0.49162284374890264,0.4947419762611389,133240000,0.0,0.0,NVDA,1d
2015-01-27 00:00:00-05:00,0.487064064270429,0.4875439527745268,0.47002882323788103,0.47098857164382935,357948000,0.0,0.0,NVDA,1d
2015-01-28 00:00:00-05:00,0.47674702930709867,0.47866649784543136,0.4630708338478856,0.46331077814102173,272728000,0.0,0.0,NVDA,1d
2015-01-29 00:00:00-05:00,0.463550609932575,0.4772267734703945,0.46139119762518555,0.4745875298976898,235340000,0.0,0.0,NVDA,1d
2015-01-30 00:00:00-05:00,0.4712284856815546,0.47674694603957507,0.4599516493165328,0.46067142486572266,298200000,0.0,0.0,NVDA,1d
2015-02-02 00:00:00-05:00,0.4635507367636866,0.4726681911509215,0.4544332823764516,0.4707487225532532,259604000,0.0,0.0,NVDA,1d
2015-02-03 00:00:00-05:00,0.4741077317179005,0.48298526966852684,0.4717084033209205,0.4825053811073303,183468000,0.0,0.0,NVDA,1d
2015-02-04 00:00:00-05:00,0.48106582952142735,0.4892235346249798,0.4796261924410201,0.483705073595047,181516000,0.0,0.0,NVDA,1d
2015-02-05 00:00:00-05:00,0.48418493644952193,0.4918628106961649,0.4837051050619224,0.4916228950023651,140448000,0.0,0.0,NVDA,1d
2015-02-06 00:00:00-05:00,0.4911430025793055,0.49690143682162397,0.48730406548592803,0.4894634783267975,210524000,0.0,0.0,NVDA,1d
2015-02-09 00:00:00-05:00,0.48658418405444853,0.4904230628833297,0.48346505210261603,0.48898351192474365,273944000,0.0,0.0,NVDA,1d
2015-02-10 00:00:00-05:00,0.4894635206007218,0.5028997729857513,0.48730410757334847,0.5026598572731018,226204000,0.0,0.0,NVDA,1d
2015-02-11 00:00:00-05:00,0.5038595223447996,0.5038595223447996,0.4959417313217831,0.49930083751678467,320832000,0.0,0.0,NVDA,1d
2015-02-12 00:00:00-05:00,0.5278525881469952,0.5398492261766918,0.5247334565388259,0.5350505709648132,676904000,0.0,0.0,NVDA,1d
2015-02-13 00:00:00-05:00,0.5338512283402075,0.5360106417617505,0.5256935205759605,0.5352908372879028,310084000,0.0,0.0,NVDA,1d
2015-02-17 00:00:00-05:00,0.534331013336978,0.5396095593857194,0.5309719645807374,0.5369702577590942,203340000,0.0,0.0,NVDA,1d
2015-02-18 00:00:00-05:00,0.5362504978527134,0.5372102751807347,0.5297723155133941,0.5307320356369019,170948000,0.0,0.0,NVDA,1d
2015-02-19 00:00:00-05:00,0.5374500929366894,0.5384098128852463,0.5297722189392288,0.5321715474128723,169432000,0.0,0.0,NVDA,1d
2015-02-20 00:00:00-05:00,0.5316916761178015,0.536250359832275,0.5278527394073248,0.5360104441642761,157752000,0.0,0.0,NVDA,1d
2015-02-23 00:00:00-05:00,0.5357707029382325,0.5357707029382325,0.5290525472064045,0.53169184923172,125008000,0.0,0.0,NVDA,1d
2015-02-24 00:00:00-05:00,0.5337389653712983,0.5373517870903015,0.5289218314627834,0.5373517870903015,149356000,0.002125,0.0,NVDA,1d
2015-02-25 00:00:00-05:00,0.5351838373923448,0.5375924607712925,0.5308484416446713,0.533257007598877,123820000,0.0,0.0,NVDA,1d
2015-02-26 00:00:00-05:00,0.5337390643638905,0.5378336232030695,0.530367024062705,0.534702479839325,152864000,0.0,0.0,NVDA,1d
2015-02-27 00:00:00-05:00,0.5332572971100118,0.5344616094533198,0.5294035780061086,0.5313304662704468,157492000,0.0,0.0,NVDA,1d
2015-03-02 00:00:00-05:00,0.5298852741257012,0.5472269800618815,0.5291626982596296,0.5443366765975952,301512000,0.0,0.0,NVDA,1d
2015-03-03 00:00:00-05:00,0.5402422024470751,0.5428916094187937,0.5325347636250859,0.5342207551002502,160344000,0.0,0.0,NVDA,1d
2015-03-04 00:00:00-05:00,0.5322939168971221,0.541446450127581,0.5301261889906541,0.5402421951293945,226840000,0.0,0.0,NVDA,1d
2015-03-05 00:00:00-05:00,0.5402420760215951,0.5515623346627314,0.538796924402564,0.5505989193916321,323056000,0.0,0.0,NVDA,1d
2015-03-06 00:00:00-05:00,0.5474676419055742,0.5501170476050051,0.5426505093112904,0.5431322455406189,257392000,0.0,0.0,NVDA,1d
2015-03-09 00:00:00-04:00,0.5433733435624142,0.5486722149080336,0.5421690311282735,0.5445775985717773,222388000,0.0,0.0,NVDA,1d
2015-03-10 00:00:00-04:00,0.5469861302087996,0.5575838722062954,0.5460227147794201,0.553970992565155,527212000,0.0,0.0,NVDA,1d
2015-03-11 00:00:00-04:00,0.5539708299658673,0.5611965297025159,0.5496354330937809,0.551080584526062,262120000,0.0,0.0,NVDA,1d
2015-03-12 00:00:00-04:00,0.5457818736839088,0.5498764323153907,0.535665868143041,0.5460227131843567,406972000,0.0,0.0,NVDA,1d
2015-03-13 00:00:00-04:00,0.5433735544667999,0.5481906912235255,0.5359069522965155,0.5467455387115479,359288000,0.0,0.0,NVDA,1d
2015-03-16 00:00:00-04:00,0.5510807351404382,0.5566204455283876,0.5474678555723091,0.553248405456543,236956000,0.0,0.0,NVDA,1d
2015-03-17 00:00:00-04:00,0.552044037389182,0.5602331528319255,0.5481903191147259,0.5599923133850098,299900000,0.0,0.0,NVDA,1d
2015-03-18 00:00:00-04:00,0.5599923707791551,0.5628826167126506,0.5457818083089774,0.5508397817611694,413844000,0.0,0.0,NVDA,1d
2015-03-19 00:00:00-04:00,0.5527666019434823,0.5611965566621654,0.5486720443051563,0.5592697262763977,310756000,0.0,0.0,NVDA,1d
2015-03-20 00:00:00-04:00,0.5638461910001982,0.5686633258483815,0.5585473196972857,0.5652912855148315,462084000,0.0,0.0,NVDA,1d
2015-03-23 00:00:00-04:00,0.5484311950804621,0.5556568957919253,0.5467452039902638,0.5469860434532166,426012000,0.0,0.0,NVDA,1d
2015-03-24 00:00:00-04:00,0.5453000377407041,0.5491537561684326,0.537110921972258,0.5395194888114929,330480000,0.0,0.0,NVDA,1d
2015-03-25 00:00:00-04:00,0.5392789170138559,0.5392789170138559,0.5050771705267905,0.506763219833374,542552000,0.0,0.0,NVDA,1d
2015-03-26 00:00:00-04:00,0.49640609113628115,0.5072446124575452,0.49279321241268703,0.5050768852233887,311920000,0.0,0.0,NVDA,1d
2015-03-27 00:00:00-04:00,0.5079670263891387,0.5168787145021697,0.49977791379064984,0.5149518847465515,318288000,0.0,0.0,NVDA,1d
2015-03-30 00:00:00-04:00,0.5173606643490677,0.5197692312508186,0.5106166425693065,0.517119824886322,253252000,0.0,0.0,NVDA,1d
2015-03-31 00:00:00-04:00,0.515674528477912,0.5161562072681657,0.5036316973503407,0.5041133761405945,357276000,0.0,0.0,NVDA,1d
2015-04-01 00:00:00-04:00,0.5060403943061829,0.5077263853571264,0.49736954216935647,0.5060403943061829,330768000,0.0,0.0,NVDA,1d
2015-04-02 00:00:00-04:00,0.5089306375919638,0.5103757891785293,0.502909249214291,0.5072446465492249,192204000,0.0,0.0,NVDA,1d
2015-04-06 00:00:00-04:00,0.5050769851916143,0.5236230039355513,0.49977817191457846,0.5219370126724243,515864000,0.0,0.0,NVDA,1d
2015-04-07 00:00:00-04:00,0.5219369248357728,0.532293767584009,0.5190466217712377,0.5265132188796997,413964000,0.0,0.0,NVDA,1d
2015-04-08 00:00:00-04:00,0.5269946786079807,0.5322935462143541,0.5219367077733085,0.5303666591644287,366432000,0.0,0.0,NVDA,1d
2015-04-09 00:00:00-04:00,0.5262723507906435,0.5443366310824357,0.5260315113303472,0.5426506400108337,379432000,0.0,0.0,NVDA,1d
2015-04-10 00:00:00-04:00,0.5431324410879219,0.5484312543945481,0.5412055529016089,0.5481904149055481,258728000,0.0,0.0,NVDA,1d
2015-04-13 00:00:00-04:00,0.5469859056762457,0.5501170476050051,0.5407236218187268,0.5431322455406189,236724000,0.0,0.0,NVDA,1d
2015-04-14 00:00:00-04:00,0.5409649053755677,0.5431326338201055,0.53325746474485,0.5385563373565674,220276000,0.0,0.0,NVDA,1d
2015-04-15 00:00:00-04:00,0.5400013490156808,0.5491538821342921,0.5373518846874495,0.545059323310852,243560000,0.0,0.0,NVDA,1d
2015-04-16 00:00:00-04:00,0.5419283281334975,0.5465046246564449,0.5378337681905205,0.5416874885559082,155284000,0.0,0.0,NVDA,1d
2015-04-17 00:00:00-04:00,0.530367024062705,0.5400013510913795,0.5301261845500405,0.534702479839325,293636000,0.0,0.0,NVDA,1d
2015-04-20 00:00:00-04:00,0.5371107868227413,0.5404827680642489,0.5310893425274072,0.5320528149604797,231624000,0.0,0.0,NVDA,1d
2015-04-21 00:00:00-04:00,0.5385561680559753,0.5385561680559753,0.5286810020850784,0.5313304662704468,230456000,0.0,0.0,NVDA,1d
2015-04-22 00:00:00-04:00,0.5344615412000521,0.5380743629190553,0.526272367615764,0.5373517870903015,207420000,0.0,0.0,NVDA,1d
2015-04-23 00:00:00-04:00,0.5274767639455503,0.5402421765818618,0.5214553168870146,0.5351841449737549,259380000,0.0,0.0,NVDA,1d
2015-04-24 00:00:00-04:00,0.534943337263485,0.5351841767842136,0.5245864913500391,0.5306079387664795,240960000,0.0,0.0,NVDA,1d
2015-04-27 00:00:00-04:00,0.5322939124383504,0.5440959099305585,0.527717617149066,0.534702479839325,248456000,0.0,0.0,NVDA,1d
2015-04-28 00:00:00-04:00,0.5337389653712983,0.539278675108567,0.5286809345700215,0.5373517870903015,234484000,0.0,0.0,NVDA,1d
2015-04-29 00:00:00-04:00,0.533497846966875,0.5387967150360243,0.5310892810126692,0.533257007598877,195156000,0.0,0.0,NVDA,1d
2015-04-30 00:00:00-04:00,0.530607921000146,0.537351886752964,0.5294036085872704,0.534702479839325,218844000,0.0,0.0,NVDA,1d
2015-05-01 00:00:00-04:00,0.5390377440826375,0.5496354839501086,0.5366291772808963,0.547949492931366,256968000,0.0,0.0,NVDA,1d
2015-05-04 00:00:00-04:00,0.547467902473893,0.5510807823515375,0.5428916071038025,0.5445775985717773,200720000,0.0,0.0,NVDA,1d
2015-05-05 00:00:00-04:00,0.542650776174582,0.543373352161546,0.528199371284859,0.5306079387664795,292928000,0.0,0.0,NVDA,1d
2015-05-06 00:00:00-04:00,0.5334979915257035,0.5385560215973998,0.5253088765473959,0.5322937369346619,316484000,0.0,0.0,NVDA,1d
2015-05-07 00:00:00-04:00,0.5301263274597452,0.5433734804486169,0.5284403355670365,0.5416874885559082,534564000,0.0,0.0,NVDA,1d
2015-05-08 00:00:00-04:00,0.506040385968518,0.5260314962178795,0.49351581559670893,0.5017049312591553,1146552000,0.0,0.0,NVDA,1d
2015-05-11 00:00:00-04:00,0.4947200756993071,0.5019458336272759,0.49086641470407444,0.49688780307769775,544144000,0.0,0.0,NVDA,1d
2015-05-12 00:00:00-04:00,0.4932749761433318,0.5057994890903784,0.49303407926519227,0.5017049312591553,388800000,0.0,0.0,NVDA,1d
2015-05-13 00:00:00-04:00,0.5053180346133533,0.5091717547027738,0.4997783227519594,0.5045954585075378,308524000,0.0,0.0,NVDA,1d
2015-05-14 00:00:00-04:00,0.5060404564124789,0.515433885498959,0.5048361441284207,0.5127844214439392,293052000,0.0,0.0,NVDA,1d
2015-05-15 00:00:00-04:00,0.5149522939140384,0.517360861734716,0.5098943187180514,0.5130254626274109,215824000,0.0,0.0,NVDA,1d
2015-05-18 00:00:00-04:00,0.5118210794465148,0.5154339593918633,0.5094125119578752,0.512302815914154,324972000,0.0,0.0,NVDA,1d
2015-05-19 00:00:00-04:00,0.5129801012993211,0.5146739539181975,0.5081406707354078,0.5091086030006409,253808000,0.00245,0.0,NVDA,1d
2015-05-20 00:00:00-04:00,0.5093505572216677,0.5153998742718409,0.5086246368680243,0.5091086030006409,196824000,0.0,0.0,NVDA,1d
2015-05-21 00:00:00-04:00,0.5093505339695482,0.5115282949310622,0.5049950120465203,0.5054789781570435,239692000,0.0,0.0,NVDA,1d
2015-05-22 00:00:00-04:00,0.5066890394217436,0.5086247891506486,0.5035434028443377,0.5047532320022583,212592000,0.0,0.0,NVDA,1d
2015-05-26 00:00:00-04:00,0.5023333980655112,0.5057209881410973,0.49773592142546336,0.5016074776649475,259732000,0.0,0.0,NVDA,1d
2015-05-27 00:00:00-04:00,0.5049950528960737,0.5308860592469283,0.5033012579080702,0.5284663438796997,432332000,0.0,0.0,NVDA,1d
2015-05-28 00:00:00-04:00,0.5284664460616123,0.5374193888824027,0.52749857126569,0.5357255935668945,327656000,0.0,0.0,NVDA,1d
2015-05-29 00:00:00-04:00,0.5357254933355299,0.5391130833327464,0.5347576187206916,0.5354835391044617,335168000,0.0,0.0,NVDA,1d
2015-06-01 00:00:00-04:00,0.5388710854999885,0.5468561513847976,0.535483495776872,0.5415327548980713,372660000,0.0,0.0,NVDA,1d
2015-06-02 00:00:00-04:00,0.5381455021677628,0.5410491852862165,0.5304023856456175,0.5308863520622253,224304000,0.0,0.0,NVDA,1d
2015-06-03 00:00:00-04:00,0.5323378594424458,0.5364513694842379,0.5241107816683012,0.5250787138938904,250788000,0.0,0.0,NVDA,1d
2015-06-04 00:00:00-04:00,0.5219331354791937,0.5362094739268162,0.5219331354791937,0.5345156788825989,323712000,0.0,0.0,NVDA,1d
2015-06-05 00:00:00-04:00,0.5328218111692028,0.5410488896119945,0.5272564600272696,0.5386291742324829,313320000,0.0,0.0,NVDA,1d
2015-06-08 00:00:00-04:00,0.5369353624632633,0.5405649065738695,0.5202393095590098,0.5262885689735413,342812000,0.0,0.0,NVDA,1d
2015-06-09 00:00:00-04:00,0.5267727504383094,0.5328220123255846,0.5258048754592157,0.5289505124092102,256888000,0.0,0.0,NVDA,1d
2015-06-10 00:00:00-04:00,0.5226592440082368,0.5260468353159996,0.5166099243667284,0.5195136070251465,529460000,0.0,0.0,NVDA,1d
2015-06-11 00:00:00-04:00,0.5195133632042751,0.5287082578228878,0.5195133632042751,0.5250787138938904,283052000,0.0,0.0,NVDA,1d
2015-06-12 00:00:00-04:00,0.5216911996576233,0.5248368359673737,0.5095926206549586,0.5108025074005127,323728000,0.0,0.0,NVDA,1d
2015-06-15 00:00:00-04:00,0.5081406753351511,0.5122542432732206,0.5042691770014255,0.5098345279693604,306548000,0.0,0.0,NVDA,1d
2015-06-16 00:00:00-04:00,0.5088667102838257,0.5168517783537274,0.5037853243086433,0.5161258578300476,256892000,0.0,0.0,NVDA,1d
2015-06-17 00:00:00-04:00,0.515883743229332,0.5250786952113445,0.5146739145262326,0.5221750140190125,233544000,0.0,0.0,NVDA,1d
2015-06-18 00:00:00-04:00,0.5265308850751416,0.5342739439066901,0.5250790435159147,0.5308863520622253,299404000,0.0,0.0,NVDA,1d
2015-06-19 00:00:00-04:00,0.5308861834419573,0.5352416490456564,0.5243529561911193,0.5291923880577087,355656000,0.0,0.0,NVDA,1d
2015-06-22 00:00:00-04:00,0.5301601296339271,0.5330638111002541,0.5190294276004255,0.5270144939422607,514236000,0.0,0.0,NVDA,1d
2015-06-23 00:00:00-04:00,0.527982446918862,0.5320959578131443,0.5093506419186754,0.5134641528129578,414064000,0.0,0.0,NVDA,1d
2015-06-24 00:00:00-04:00,0.5127380823083841,0.5153998091656969,0.5059629034509823,0.5083826184272766,253368000,0.0,0.0,NVDA,1d
2015-06-25 00:00:00-04:00,0.5083829779140552,0.5154001736144612,0.5083829779140552,0.512254536151886,350460000,0.0,0.0,NVDA,1d
2015-06-26 00:00:00-04:00,0.5081408050616689,0.5086247713222213,0.49967182818134065,0.5018495321273804,421296000,0.0,0.0,NVDA,1d
2015-06-29 00:00:00-04:00,0.49604217800227796,0.5011236213349626,0.48612136097989583,0.48684728145599365,391724000,0.0,0.0,NVDA,1d
2015-06-30 00:00:00-04:00,0.4897508928799678,0.491928654251389,0.4832176664562755,0.4866052567958832,315916000,0.0,0.0,NVDA,1d
2015-07-01 00:00:00-04:00,0.4987040156838397,0.5057211523501615,0.48926710510288723,0.4936225712299347,302892000,0.0,0.0,NVDA,1d
2015-07-02 00:00:00-04:00,0.4933804617236401,0.4972520180024455,0.49096074626070757,0.49410638213157654,145764000,0.0,0.0,NVDA,1d
2015-07-06 00:00:00-04:00,0.4899928839644803,0.4967680643552405,0.4844275324903978,0.48805707693099976,214776000,0.0,0.0,NVDA,1d
2015-07-07 00:00:00-04:00,0.4851536485005231,0.48708939862380946,0.4636181255033544,0.47886234521865845,594252000,0.0,0.0,NVDA,1d
2015-07-08 00:00:00-04:00,0.4762006060452429,0.4791042596588157,0.47160312804890175,0.47547468543052673,332492000,0.0,0.0,NVDA,1d
2015-07-09 00:00:00-04:00,0.4829758128523641,0.4851535746776283,0.4667636916970216,0.46966734528541565,357588000,0.0,0.0,NVDA,1d
2015-07-10 00:00:00-04:00,0.4757166337729895,0.48224989037821486,0.47450677571206507,0.4778943955898285,216708000,0.0,0.0,NVDA,1d
2015-07-13 00:00:00-04:00,0.48273373650667484,0.48370161123418864,0.4778943051785335,0.48103994131088257,212472000,0.0,0.0,NVDA,1d
2015-07-14 00:00:00-04:00,0.48176584275395673,0.4822497800986027,0.47499063339305847,0.4812818765640259,249216000,0.0,0.0,NVDA,1d
2015-07-15 00:00:00-04:00,0.48007212856137593,0.4832177652888378,0.47353890080144206,0.4778943955898285,265732000,0.0,0.0,NVDA,1d
2015-07-16 00:00:00-04:00,0.48079798285075254,0.4885410964488983,0.47910418756814094,0.4885410964488983,282848000,0.0,0.0,NVDA,1d
2015-07-17 00:00:00-04:00,0.4868471936391695,0.4873311020755662,0.47934603596939823,0.4856373071670532,220372000,0.0,0.0,NVDA,1d
2015-07-20 00:00:00-04:00,0.4856374540858932,0.4875732614888023,0.4754746527150044,0.4766845107078552,188412000,0.0,0.0,NVDA,1d
2015-07-21 00:00:00-04:00,0.47571670800037413,0.48563755718604873,0.47571670800037413,0.47886234521865845,149720000,0.0,0.0,NVDA,1d
2015-07-22 00:00:00-04:00,0.47547468130749543,0.47547468130749543,0.4638600381086275,0.46966734528541565,356472000,0.0,0.0,NVDA,1d
2015-07-23 00:00:00-04:00,0.4706352531261414,0.4824918507337687,0.46966734935808924,0.47547468543052673,169916000,0.0,0.0,NVDA,1d
2015-07-24 00:00:00-04:00,0.4788621324320081,0.4793460697477878,0.4679734130231897,0.4699091911315918,188844000,0.0,0.0,NVDA,1d
2015-07-27 00:00:00-04:00,0.465795764180995,0.4725709747718951,0.46192423587568787,0.4672476053237915,192420000,0.0,0.0,NVDA,1d
2015-07-28 00:00:00-04:00,0.4684572879100574,0.4805558634186513,0.4636178577066199,0.4774102568626404,198308000,0.0,0.0,NVDA,1d
2015-07-29 00:00:00-04:00,0.4764424766103797,0.48708924311585133,0.47450669825981334,0.48321768641471863,232680000,0.0,0.0,NVDA,1d
2015-07-30 00:00:00-04:00,0.48200791569401763,0.4892670930323579,0.48200791569401763,0.48442766070365906,190180000,0.0,0.0,NVDA,1d
2015-07-31 00:00:00-04:00,0.4863633299487436,0.48660528421790167,0.47983010315687963,0.48273375630378723,218340000,0.0,0.0,NVDA,1d
2015-08-03 00:00:00-04:00,0.4866051654734798,0.49144459581914035,0.48031392333128925,0.4909606873989105,397132000,0.0,0.0,NVDA,1d
2015-08-04 00:00:00-04:00,0.48926698247087524,0.4943483679605742,0.4873311753624868,0.49289652705192566,260100000,0.0,0.0,NVDA,1d
2015-08-05 00:00:00-04:00,0.5049952278525965,0.5054791941699392,0.4970101586052437,0.4979780912399292,234628000,0.0,0.0,NVDA,1d
2015-08-06 00:00:00-04:00,0.49676796665553563,0.50039756807287,0.48660514037755676,0.49483221769332886,655676000,0.0,0.0,NVDA,1d
2015-08-07 00:00:00-04:00,0.5434690000983695,0.565488408753064,0.529434606079732,0.5560515522956848,1405248000,0.0,0.0,NVDA,1d
2015-08-10 00:00:00-04:00,0.5521796537628106,0.5795224463838715,0.5487920056994856,0.575408935546875,662304000,0.0,0.0,NVDA,1d
2015-08-11 00:00:00-04:00,0.5669401201825677,0.5780708279985847,0.5669401201825677,0.5725054740905762,435008000,0.0,0.0,NVDA,1d
2015-08-12 00:00:00-04:00,0.5633102899529407,0.5780705363500388,0.5633102899529407,0.5739570260047913,384048000,0.0,0.0,NVDA,1d
2015-08-13 00:00:00-04:00,0.5746830772631291,0.5758929640646341,0.5676658838099023,0.5691177248954773,276884000,0.0,0.0,NVDA,1d
2015-08-14 00:00:00-04:00,0.5686339605638308,0.5729894853672418,0.5652463686215767,0.5696018934249878,214652000,0.0,0.0,NVDA,1d
2015-08-17 00:00:00-04:00,0.5686337000852444,0.5686337000852444,0.5589548374321364,0.5659720301628113,273880000,0.0,0.0,NVDA,1d
2015-08-18 00:00:00-04:00,0.564222302570922,0.5681101471153599,0.556446613482046,0.560820460319519,287084000,0.00245,0.0,NVDA,1d
2015-08-19 00:00:00-04:00,0.5600915149242249,0.5664092553952672,0.5525587976241588,0.55863356590271,249248000,0.0,0.0,NVDA,1d
2015-08-20 00:00:00-04:00,0.5523160239020777,0.5549888927798069,0.5357926922761853,0.5384656190872192,426932000,0.0,0.0,NVDA,1d
2015-08-21 00:00:00-04:00,0.5345780112715138,0.5435686268987475,0.5212135450580601,0.5216995477676392,382664000,0.0,0.0,NVDA,1d
2015-08-24 00:00:00-04:00,0.4925405877481299,0.5304470510972599,0.4859798715325698,0.5032321810722351,682284000,0.0,0.0,NVDA,1d
2015-08-25 00:00:00-04:00,0.5253440233873223,0.5272879750270304,0.49278342723846436,0.49278342723846436,622684000,0.0,0.0,NVDA,1d
2015-08-26 00:00:00-04:00,0.508820779376608,0.5304468731611626,0.5049329338295775,0.5299608707427979,614976000,0.0,0.0,NVDA,1d
2015-08-27 00:00:00-04:00,0.5355497587054199,0.5501291393467712,0.532390887106463,0.549886167049408,463764000,0.0,0.0,NVDA,1d
2015-08-28 00:00:00-04:00,0.5498861134615628,0.5557178535631232,0.5459982674160881,0.5523160099983215,320944000,0.0,0.0,NVDA,1d
2015-08-31 00:00:00-04:00,0.5496430652354718,0.5535309107437046,0.5440542981798799,0.5462411642074585,219352000,0.0,0.0,NVDA,1d
2015-09-01 00:00:00-04:00,0.5304469769982594,0.5394375889982366,0.5199984153910844,0.5238862037658691,353408000,0.0,0.0,NVDA,1d
2015-09-02 00:00:00-04:00,0.5382225315668488,0.5399234532109621,0.5292319209051217,0.5396804809570312,344044000,0.0,0.0,NVDA,1d
2015-09-03 00:00:00-04:00,0.5476992453055336,0.5503721723230988,0.5401665826499165,0.5411385297775269,262556000,0.0,0.0,NVDA,1d
2015-09-04 00:00:00-04:00,0.5319047843871298,0.5404094504592728,0.5282599688799956,0.5285029411315918,287972000,0.0,0.0,NVDA,1d
2015-09-08 00:00:00-04:00,0.5413815599468165,0.5532880728493851,0.5391946931592563,0.5511011481285095,238448000,0.0,0.0,NVDA,1d
2015-09-09 00:00:00-04:00,0.55280173769565,0.5574184982673079,0.538951282180853,0.5401662588119507,289392000,0.0,0.0,NVDA,1d
2015-09-10 00:00:00-04:00,0.5370075880345725,0.5554748109625226,0.5345776918054552,0.5486710667610168,357076000,0.0,0.0,NVDA,1d
2015-09-11 00:00:00-04:00,0.5425964315174523,0.5540169396082446,0.5404095072234801,0.5503721237182617,301584000,0.0,0.0,NVDA,1d
2015-09-14 00:00:00-04:00,0.5530448391813675,0.5547457605160554,0.5484280195967646,0.5513439178466797,192460000,0.0,0.0,NVDA,1d
2015-09-15 00:00:00-04:00,0.5515869646774135,0.5603346026772881,0.5498860431126178,0.557418704032898,327976000,0.0,0.0,NVDA,1d
2015-09-16 00:00:00-04:00,0.5564467438617487,0.5644654070093356,0.5523159261695517,0.5613065361976624,173508000,0.0,0.0,NVDA,1d
2015-09-17 00:00:00-04:00,0.5710264720747128,0.5761292977191799,0.5651947292715092,0.566409707069397,268712000,0.0,0.0,NVDA,1d
2015-09-18 00:00:00-04:00,0.5586335272883336,0.5707830050723447,0.5552316850954664,0.5659232139587402,326412000,0.0,0.0,NVDA,1d
2015-09-21 00:00:00-04:00,0.5666523465046212,0.5729700883014959,0.5637364478496648,0.5717551112174988,281840000,0.0,0.0,NVDA,1d
2015-09-22 00:00:00-04:00,0.5593627733185291,0.5632506196836126,0.5532880025105912,0.5562039017677307,228356000,0.0,0.0,NVDA,1d
2015-09-23 00:00:00-04:00,0.5566896503665343,0.5622784166862618,0.554502784626897,0.5588765740394592,161632000,0.0,0.0,NVDA,1d
2015-09-24 00:00:00-04:00,0.5554749589705271,0.5754001365317315,0.5467273186282103,0.569568395614624,382440000,0.0,0.0,NVDA,1d
2015-09-25 00:00:00-04:00,0.5766148977940646,0.5848765912542436,0.5681102900261832,0.5736990571022034,369692000,0.0,0.0,NVDA,1d
2015-09-28 00:00:00-04:00,0.5736992413416836,0.5773440578603414,0.5625217036000557,0.5661665201187134,395584000,0.0,0.0,NVDA,1d
2015-09-29 00:00:00-04:00,0.5722411140905093,0.5771009065637508,0.564222450716331,0.5761289596557617,380736000,0.0,0.0,NVDA,1d
2015-09-30 00:00:00-04:00,0.5814747192184593,0.5996989706681457,0.5780728759416186,0.5989699959754944,556380000,0.0,0.0,NVDA,1d
2015-10-01 00:00:00-04:00,0.5989701607189366,0.6006710828251862,0.5702973413660113,0.5873066782951355,489296000,0.0,0.0,NVDA,1d
2015-10-02 00:00:00-04:00,0.5841476555937073,0.6026148796081543,0.5780728856968644,0.6026148796081543,386144000,0.0,0.0,NVDA,1d
2015-10-05 00:00:00-04:00,0.6065025998053173,0.6252127922027761,0.6033437293823751,0.6176801323890686,482024000,0.0,0.0,NVDA,1d
2015-10-06 00:00:00-04:00,0.611119662264819,0.6283719124122689,0.6086897654299678,0.6256990432739258,453216000,0.0,0.0,NVDA,1d
2015-10-07 00:00:00-04:00,0.6271569608127322,0.6385774695577735,0.6169513714561833,0.632259726524353,310152000,0.0,0.0,NVDA,1d
2015-10-08 00:00:00-04:00,0.6295868080157406,0.6376054723224905,0.618895216984539,0.6359045505523682,460068000,0.0,0.0,NVDA,1d
2015-10-09 00:00:00-04:00,0.6325026430537394,0.638577413260569,0.6215681377880692,0.6334746479988098,423248000,0.0,0.0,NVDA,1d
2015-10-12 00:00:00-04:00,0.6342036281768149,0.6439232730655825,0.6295868649262872,0.6402783989906311,227588000,0.0,0.0,NVDA,1d
2015-10-13 00:00:00-04:00,0.6351755779075304,0.6453811085620743,0.6329886536529984,0.6414933204650879,298444000,0.0,0.0,NVDA,1d
2015-10-14 00:00:00-04:00,0.6422223280392753,0.6752689950000906,0.6414934111180602,0.6648204326629639,612148000,0.0,0.0,NVDA,1d
2015-10-15 00:00:00-04:00,0.6660354274131769,0.6801288656159065,0.6592317385796646,0.666521430015564,526048000,0.0,0.0,NVDA,1d
2015-10-16 00:00:00-04:00,0.6687083661876795,0.683287749307182,0.667007386017084,0.6769700050354004,448396000,0.0,0.0,NVDA,1d
2015-10-19 00:00:00-04:00,0.679156806537039,0.6823156780992257,0.6679792699221184,0.6757549047470093,294712000,0.0,0.0,NVDA,1d
2015-10-20 00:00:00-04:00,0.6728392753879243,0.6779420427806125,0.6677364500619096,0.6747831702232361,264824000,0.0,0.0,NVDA,1d
2015-10-21 00:00:00-04:00,0.6789138741411416,0.6830447513433464,0.664820494161012,0.6660354137420654,386280000,0.0,0.0,NVDA,1d
2015-10-22 00:00:00-04:00,0.6738109513565413,0.6922781765856695,0.6728390043304405,0.6900912523269653,306884000,0.0,0.0,NVDA,1d
2015-10-23 00:00:00-04:00,0.6961661182126134,0.6993249899311571,0.6857175558974254,0.6947081685066223,381776000,0.0,0.0,NVDA,1d
2015-10-26 00:00:00-04:00,0.6951939956790255,0.6968949172624929,0.6852313804901928,0.6915491223335266,247436000,0.0,0.0,NVDA,1d
2015-10-27 00:00:00-04:00,0.6881472076865127,0.6954368956870106,0.6876612053131633,0.6910631060600281,208268000,0.0,0.0,NVDA,1d
2015-10-28 00:00:00-04:00,0.6954371965036956,0.6966521739959717,0.6852316057151759,0.6966521739959717,217036000,0.0,0.0,NVDA,1d
2015-10-29 00:00:00-04:00,0.6854746754367613,0.6925213367377065,0.6713812369682334,0.6725961565971375,327168000,0.0,0.0,NVDA,1d
2015-10-30 00:00:00-04:00,0.6798858490340444,0.6942222586382875,0.6747830248076868,0.6893624067306519,301160000,0.0,0.0,NVDA,1d
2015-11-02 00:00:00-05:00,0.6915491015342465,0.6981098154255257,0.687418283822452,0.6973808407783508,190088000,0.0,0.0,NVDA,1d
2015-11-03 00:00:00-05:00,0.6932503086419245,0.6971381557173065,0.6847456974770124,0.692521333694458,376768000,0.0,0.0,NVDA,1d
2015-11-04 00:00:00-05:00,0.6905772202992131,0.6956799853812398,0.6779417357913755,0.681100606918335,442264000,0.0,0.0,NVDA,1d
2015-11-05 00:00:00-05:00,0.6845024175237268,0.6864463693189933,0.6713809891221924,0.6733248829841614,478800000,0.0,0.0,NVDA,1d
2015-11-06 00:00:00-05:00,0.739904346092843,0.7761098280597131,0.7245959895010339,0.7666332125663757,1172272000,0.0,0.0,NVDA,1d
2015-11-09 00:00:00-05:00,0.7591004589327841,0.765418201842124,0.752539685803873,0.7632312774658203,492568000,0.0,0.0,NVDA,1d
2015-11-10 00:00:00-05:00,0.753268685004279,0.757399561604475,0.7326145916698397,0.748651921749115,552260000,0.0,0.0,NVDA,1d
2015-11-11 00:00:00-05:00,0.7491377884879528,0.754483583936619,0.738689227792811,0.7413621544837952,619896000,0.0,0.0,NVDA,1d
2015-11-12 00:00:00-05:00,0.7396611311403268,0.7464648756673123,0.7355303131465457,0.7386891841888428,291080000,0.0,0.0,NVDA,1d
2015-11-13 00:00:00-05:00,0.7394184251728154,0.7425772973527184,0.720465192093398,0.7241100668907166,292940000,0.0,0.0,NVDA,1d
2015-11-16 00:00:00-05:00,0.7335864192435776,0.739175186631234,0.7277546216680761,0.7386891841888428,344280000,0.0,0.0,NVDA,1d
2015-11-17 00:00:00-05:00,0.7406331360251095,0.7450069262734369,0.7355303131465457,0.7386891841888428,257048000,0.0,0.0,NVDA,1d
2015-11-18 00:00:00-05:00,0.7417382023382073,0.7578364886457889,0.7336890882610647,0.7568607926368713,350216000,0.002875,0.0,NVDA,1d
2015-11-19 00:00:00-05:00,0.7595437007861541,0.766617117283833,0.753445863774187,0.7590558528900146,254072000,0.0,0.0,NVDA,1d
2015-11-20 00:00:00-05:00,0.7646658728083066,0.7700319672688647,0.7600315211447921,0.7656415104866028,239744000,0.0,0.0,NVDA,1d
2015-11-23 00:00:00-05:00,0.7719832964986064,0.7719832964986064,0.7514946712114355,0.7541776895523071,242552000,0.0,0.0,NVDA,1d
2015-11-24 00:00:00-05:00,0.7541776458020063,0.7668611102290599,0.7507628848111184,0.7602754831314087,195428000,0.0,0.0,NVDA,1d
2015-11-25 00:00:00-05:00,0.7588119653488675,0.7678367153650016,0.756616737024959,0.7592997550964355,138300000,0.0,0.0,NVDA,1d
2015-11-27 00:00:00-05:00,0.7607632639418358,0.7680806337589863,0.7568606550753649,0.7656415104866028,86996000,0.0,0.0,NVDA,1d
2015-11-30 00:00:00-05:00,0.76637332998154,0.7771055199767233,0.7656415871112643,0.7736907005310059,327244000,0.0,0.0,NVDA,1d
2015-12-01 00:00:00-05:00,0.7805201295717737,0.7995453241947333,0.7797883868437153,0.7988135814666748,409496000,0.0,0.0,NVDA,1d
2015-12-02 00:00:00-05:00,0.8000332175675977,0.8083262253557039,0.7910084669566249,0.792715847492218,294240000,0.0,0.0,NVDA,1d
2015-12-03 00:00:00-05:00,0.7990575853966978,0.8073505932423196,0.7871058634113671,0.791008472442627,246656000,0.0,0.0,NVDA,1d
2015-12-04 00:00:00-05:00,0.7910087114701633,0.8246686591137151,0.7910087114701633,0.8232051730155945,458756000,0.0,0.0,NVDA,1d
2015-12-07 00:00:00-05:00,0.8229610206524589,0.8229610206524589,0.8051554143854386,0.8075945377349854,333588000,0.0,0.0,NVDA,1d
2015-12-08 00:00:00-05:00,0.7975941401397115,0.8219853751289141,0.7924719982379663,0.818570613861084,314488000,0.0,0.0,NVDA,1d
2015-12-09 00:00:00-05:00,0.8183265938167319,0.8232048400685794,0.7895449060388622,0.7978379130363464,372676000,0.0,0.0,NVDA,1d
2015-12-10 00:00:00-05:00,0.8002772463106248,0.8088142085697579,0.7975942276135476,0.8044238090515137,236596000,0.0,0.0,NVDA,1d
2015-12-11 00:00:00-05:00,0.7963747339484812,0.8019847247023152,0.7907647431946473,0.7924721240997314,227320000,0.0,0.0,NVDA,1d
2015-12-14 00:00:00-05:00,0.7932039280002234,0.7988139191849133,0.7849108596272222,0.7944234609603882,275892000,0.0,0.0,NVDA,1d
2015-12-15 00:00:00-05:00,0.8034478065510868,0.8097895375554268,0.7990574087075382,0.8041795492172241,307296000,0.0,0.0,NVDA,1d
2015-12-16 00:00:00-05:00,0.8058870848596142,0.8117410273180612,0.7988136679778022,0.8090579509735107,236356000,0.0,0.0,NVDA,1d
2015-12-17 00:00:00-05:00,0.8102776927889068,0.8185707019469832,0.7963746931642971,0.7968624830245972,254160000,0.0,0.0,NVDA,1d
2015-12-18 00:00:00-05:00,0.791252320521768,0.7993014329996336,0.7829593131667805,0.7839349508285522,395896000,0.0,0.0,NVDA,1d
2015-12-21 00:00:00-05:00,0.7924720233694861,0.803204155474423,0.7853985475523101,0.8024724125862122,284216000,0.0,0.0,NVDA,1d
2015-12-22 00:00:00-05:00,0.8049116192791326,0.8112533528629567,0.7983259907584841,0.8032042384147644,130012000,0.0,0.0,NVDA,1d
2015-12-23 00:00:00-05:00,0.8044235727104145,0.8095457136690215,0.8029600872498752,0.8063748478889465,122524000,0.0,0.0,NVDA,1d
2015-12-24 00:00:00-05:00,0.8039358094756565,0.8110092845107554,0.8027162187457177,0.8090579509735107,52448000,0.0,0.0,NVDA,1d
2015-12-28 00:00:00-05:00,0.8005212023739103,0.8083263635635376,0.789301221375942,0.8083263635635376,142024000,0.0,0.0,NVDA,1d
2015-12-29 00:00:00-05:00,0.8088142118584182,0.8239368025330555,0.8066189830137214,0.8214976787567139,203660000,0.0,0.0,NVDA,1d
2015-12-30 00:00:00-05:00,0.820765890239695,0.827839366244357,0.8141802622245353,0.8144241571426392,180344000,0.0,0.0,NVDA,1d
2015-12-31 00:00:00-05:00,0.8132044088865727,0.8168630643017057,0.803935706615448,0.803935706615448,148528000,0.0,0.0,NVDA,1d
2016-01-04 00:00:00-05:00,0.7875937835861441,0.79466720131621,0.7814959455117632,0.7895450592041016,358076000,0.0,0.0,NVDA,1d
2016-01-05 00:00:00-05:00,0.8044236194889668,0.8156435978011876,0.7927157932771035,0.8022283911705017,490272000,0.0,0.0,NVDA,1d
2016-01-06 00:00:00-05:00,0.7890570347327572,0.7927157483896916,0.7600314529497736,0.7690562605857849,449344000,0.0,0.0,NVDA,1d
2016-01-07 00:00:00-05:00,0.7497875162737977,0.7549097181494177,0.7288110350967574,0.738567590713501,645304000,0.0,0.0,NVDA,1d
2016-01-08 00:00:00-05:00,0.7480798045862175,0.7488115473880758,0.7212494484134649,0.7227129340171814,398472000,0.0,0.0,NVDA,1d
2016-01-11 00:00:00-05:00,0.723444655298082,0.729054644509919,0.7110050861898292,0.7239324450492859,409372000,0.0,0.0,NVDA,1d
2016-01-12 00:00:00-05:00,0.7368600732783023,0.7468605228264869,0.7310061870508929,0.7361283302307129,469356000,0.0,0.0,NVDA,1d
2016-01-13 00:00:00-05:00,0.741737898085983,0.746616201669658,0.7129562733079176,0.7136880159378052,481672000,0.0,0.0,NVDA,1d
2016-01-14 00:00:00-05:00,0.6990535942315054,0.7073466624077048,0.6785649641298498,0.6992975473403931,600236000,0.0,0.0,NVDA,1d
2016-01-15 00:00:00-05:00,0.6712474622368033,0.6792965757470983,0.6497831401582524,0.6612470149993896,841452000,0.0,0.0,NVDA,1d
2016-01-19 00:00:00-05:00,0.674906110277184,0.6939313085806847,0.6639300253861963,0.6666131019592285,457140000,0.0,0.0,NVDA,1d
2016-01-20 00:00:00-05:00,0.6539296326291868,0.678808715591986,0.6451487763980053,0.6702717542648315,481180000,0.0,0.0,NVDA,1d
2016-01-21 00:00:00-05:00,0.6775891926830854,0.6885652195152658,0.663686136193942,0.678076982498169,481456000,0.0,0.0,NVDA,1d
2016-01-22 00:00:00-05:00,0.6910044289085596,0.6985657535147802,0.6895409429748847,0.6939314007759094,257996000,0.0,0.0,NVDA,1d
2016-01-25 00:00:00-05:00,0.6936876018578105,0.7017367174538761,0.6917362676250418,0.6931997537612915,270728000,0.0,0.0,NVDA,1d
2016-01-26 00:00:00-05:00,0.6946629201114987,0.7029559268615087,0.6875894458114169,0.7000289559364319,227944000,0.0,0.0,NVDA,1d
2016-01-27 00:00:00-05:00,0.6990534126460448,0.7012486411359822,0.6785647878664953,0.6917360424995422,231700000,0.0,0.0,NVDA,1d
2016-01-28 00:00:00-05:00,0.6973460914357943,0.6997852150255235,0.6707596268617579,0.6841748356819153,276776000,0.0,0.0,NVDA,1d
2016-01-29 00:00:00-05:00,0.6900286097884043,0.7158833273156915,0.6873455917168148,0.7144198417663574,310504000,0.0,0.0,NVDA,1d
2016-02-01 00:00:00-05:00,0.7136881063936958,0.7183223994326575,0.7075902697561904,0.7146637439727783,289884000,0.0,0.0,NVDA,1d
2016-02-02 00:00:00-05:00,0.7073464847973719,0.711005140825682,0.6795404314770852,0.6844186782836914,341908000,0.0,0.0,NVDA,1d
2016-02-03 00:00:00-05:00,0.6897847021924457,0.6939312057368926,0.6719790973616123,0.6878333687782288,326772000,0.0,0.0,NVDA,1d
2016-02-04 00:00:00-05:00,0.6888091345425815,0.7036878292497837,0.6812478688082945,0.688077449798584,348140000,0.0,0.0,NVDA,1d
2016-02-05 00:00:00-05:00,0.6834432166190227,0.6910044836711801,0.6427097929523138,0.6446610689163208,600428000,0.0,0.0,NVDA,1d
2016-02-08 00:00:00-05:00,0.6349047208743285,0.6380755886703885,0.6061230156957276,0.6151478290557861,608852000,0.0,0.0,NVDA,1d
2016-02-09 00:00:00-05:00,0.607830190282038,0.6475879097548757,0.6049032187759965,0.6217331886291504,425372000,0.0,0.0,NVDA,1d
2016-02-10 00:00:00-05:00,0.62563575082068,0.6436852520070304,0.6168548951168834,0.6202696561813354,335800000,0.0,0.0,NVDA,1d
2016-02-11 00:00:00-05:00,0.6044154599716531,0.6234406612609691,0.6044154599716531,0.6170989274978638,340144000,0.0,0.0,NVDA,1d
2016-02-12 00:00:00-05:00,0.6268551585122817,0.6288064916983472,0.60368346219321,0.6275869011878967,340816000,0.0,0.0,NVDA,1d
2016-02-16 00:00:00-05:00,0.6366118514744207,0.6592957652915341,0.6346605758240406,0.6583200693130493,485352000,0.0,0.0,NVDA,1d
2016-02-17 00:00:00-05:00,0.6666131187833287,0.6810039653268742,0.6639300421425806,0.6746622323989868,771468000,0.0,0.0,NVDA,1d
2016-02-18 00:00:00-05:00,0.7300304422424492,0.7556412707015546,0.7292986993019064,0.7327134609222412,1068660000,0.0,0.0,NVDA,1d
2016-02-19 00:00:00-05:00,0.7288107445678208,0.7490555327028183,0.7232007549473506,0.742469847202301,525628000,0.0,0.0,NVDA,1d
2016-02-22 00:00:00-05:00,0.7532022734078365,0.7773496200400141,0.7517387872810427,0.7688126564025879,449668000,0.0,0.0,NVDA,1d
2016-02-23 00:00:00-05:00,0.7627145827806538,0.7780810649164194,0.7590558688658121,0.7707636952400208,369380000,0.0,0.0,NVDA,1d
2016-02-24 00:00:00-05:00,0.7675928204800571,0.7773493132706855,0.7463723963224845,0.7761297225952148,336852000,0.0,0.0,NVDA,1d
2016-02-25 00:00:00-05:00,0.7790568674061527,0.781739886075844,0.763934276947362,0.7778372764587402,349616000,0.0,0.0,NVDA,1d
2016-02-26 00:00:00-05:00,0.7814960086062904,0.7834472843817852,0.764909931901391,0.772715151309967,361964000,0.0,0.0,NVDA,1d
2016-02-29 00:00:00-05:00,0.7738166729850388,0.7838534960960689,0.7672070520714179,0.7676966190338135,323344000,0.002875,0.0,NVDA,1d
2016-03-01 00:00:00-05:00,0.7696551038817887,0.8017240762710571,0.7684310696788387,0.8017240762710571,348700000,0.0,0.0,NVDA,1d
2016-03-02 00:00:00-05:00,0.7973176336878633,0.8093129005551298,0.7958488159710284,0.80637526512146,233812000,0.0,0.0,NVDA,1d
2016-03-03 00:00:00-05:00,0.8053961698524436,0.8088233726947507,0.7885048808029955,0.7992761731147766,302004000,0.0,0.0,NVDA,1d
2016-03-04 00:00:00-05:00,0.8053960372348657,0.8061304460608844,0.7907079774448152,0.796828031539917,175304000,0.0,0.0,NVDA,1d
2016-03-07 00:00:00-05:00,0.7924213607382267,0.7978070045267355,0.7814052897415504,0.7916869521141052,239968000,0.0,0.0,NVDA,1d
2016-03-08 00:00:00-05:00,0.7836088100484704,0.7882600469605218,0.7747959616128033,0.777243971824646,274940000,0.0,0.0,NVDA,1d
2016-03-09 00:00:00-05:00,0.784098229162041,0.7853222047633841,0.7667173203747839,0.7767542004585266,222788000,0.0,0.0,NVDA,1d
2016-03-10 00:00:00-05:00,0.7814057310471918,0.7858121852805036,0.7598632604571509,0.7755305171012878,286084000,0.0,0.0,NVDA,1d
2016-03-11 00:00:00-05:00,0.7870356770107622,0.7889941193640846,0.7777332655191935,0.7887492775917053,277400000,0.0,0.0,NVDA,1d
2016-03-14 00:00:00-04:00,0.7850774581125846,0.7938903046428888,0.7814054144061434,0.7907078862190247,190312000,0.0,0.0,NVDA,1d
2016-03-15 00:00:00-04:00,0.7865462431436427,0.7916870457554053,0.7728373778137906,0.7867910265922546,226216000,0.0,0.0,NVDA,1d
2016-03-16 00:00:00-04:00,0.780915887830473,0.8129848571844936,0.7772438439343358,0.8102920055389404,363644000,0.0,0.0,NVDA,1d
2016-03-17 00:00:00-04:00,0.8073544778090249,0.8112712470491839,0.7924215762115647,0.8034376502037048,353680000,0.0,0.0,NVDA,1d
2016-03-18 00:00:00-04:00,0.8129847231278342,0.838444009270713,0.8078438625209414,0.8276727795600891,545512000,0.0,0.0,NVDA,1d
2016-03-21 00:00:00-04:00,0.8203289997574914,0.8303658238493573,0.8115161515563861,0.8301210403442383,337780000,0.0,0.0,NVDA,1d
2016-03-22 00:00:00-04:00,0.827428048671267,0.8345272355420558,0.8183703607675746,0.828652024269104,242012000,0.0,0.0,NVDA,1d
2016-03-23 00:00:00-04:00,0.8323240006027413,0.848970440926496,0.8286519573753558,0.8428504467010498,429008000,0.0,0.0,NVDA,1d
2016-03-24 00:00:00-04:00,0.8352617595864944,0.8455434245077988,0.8325689662072888,0.8440746068954468,244956000,0.0,0.0,NVDA,1d
2016-03-28 00:00:00-04:00,0.8426058330153722,0.8563147008335653,0.8416266406780362,0.8526427149772644,265388000,0.0,0.0,NVDA,1d
2016-03-29 00:00:00-04:00,0.8489708672138762,0.868310168403461,0.8470124820860194,0.8663517832756042,261812000,0.0,0.0,NVDA,1d
2016-03-30 00:00:00-04:00,0.8695339736862536,0.88740445213697,0.869044348350759,0.8754091858863831,376700000,0.0,0.0,NVDA,1d
2016-03-31 00:00:00-04:00,0.8793259009309067,0.8812842852919114,0.8653722518545758,0.8722266554832458,379884000,0.0,0.0,NVDA,1d
2016-04-01 00:00:00-04:00,0.8668410412474857,0.8854459851532265,0.8602314208415808,0.8849563598632812,348292000,0.0,0.0,NVDA,1d
2016-04-04 00:00:00-04:00,0.8923003433253546,0.8969515790635922,0.8729610500228264,0.8763882517814636,393940000,0.0,0.0,NVDA,1d
2016-04-05 00:00:00-04:00,0.868554650377133,0.8832427078446512,0.8651273902759237,0.875164270401001,339568000,0.0,0.0,NVDA,1d
2016-04-06 00:00:00-04:00,0.8641482038112216,0.8768778770463344,0.8477465453676126,0.8763882517814636,453376000,0.0,0.0,NVDA,1d
2016-04-07 00:00:00-04:00,0.8707578723059922,0.8785915267886782,0.8636586849440361,0.8673306703567505,378104000,0.0,0.0,NVDA,1d
2016-04-08 00:00:00-04:00,0.874429921436307,0.8800603496867352,0.8643930406254625,0.8729611039161682,255936000,0.0,0.0,NVDA,1d
2016-04-11 00:00:00-04:00,0.8781018397834276,0.8927899554974695,0.8754090467790099,0.8783466815948486,387524000,0.0,0.0,NVDA,1d
2016-04-12 00:00:00-04:00,0.8812843848643158,0.8825084190021071,0.8602314879616509,0.8773676156997681,292764000,0.0,0.0,NVDA,1d
2016-04-13 00:00:00-04:00,0.8812842610863937,0.8996443620184336,0.8812842610863937,0.8993995785713196,350716000,0.0,0.0,NVDA,1d
2016-04-14 00:00:00-04:00,0.8969518188584493,0.9057646674261179,0.8932797743031007,0.9018478393554688,416564000,0.0,0.0,NVDA,1d
2016-04-15 00:00:00-04:00,0.9016028427477281,0.9170253095047799,0.8986652077977547,0.9089468717575073,436972000,0.0,0.0,NVDA,1d
2016-04-18 00:00:00-04:00,0.9072333577636382,0.9072333577636382,0.8962172840107413,0.9050301313400269,307320000,0.0,0.0,NVDA,1d
2016-04-19 00:00:00-04:00,0.9084571761235171,0.9101707769232432,0.8832426726394546,0.8888731002807617,309152000,0.0,0.0,NVDA,1d
2016-04-20 00:00:00-04:00,0.8874044665905908,0.8976861318821511,0.8864252742688141,0.8923004865646362,200172000,0.0,0.0,NVDA,1d
2016-04-21 00:00:00-04:00,0.8925452175946128,0.8967068868565958,0.8874044144335633,0.8913212418556213,178280000,0.0,0.0,NVDA,1d
2016-04-22 00:00:00-04:00,0.8942591117401135,0.9003791087717751,0.8849566368753515,0.8878942728042603,223540000,0.0,0.0,NVDA,1d
2016-04-25 00:00:00-04:00,0.8881388754232138,0.8971965065386818,0.8856908654361911,0.8923004865646362,191972000,0.0,0.0,NVDA,1d
2016-04-26 00:00:00-04:00,0.8976860518585295,0.9079677162335377,0.8891179884851632,0.893034815788269,214536000,0.0,0.0,NVDA,1d
2016-04-27 00:00:00-04:00,0.8908316683288572,0.9138430088842628,0.889118067175555,0.9133533835411072,352396000,0.0,0.0,NVDA,1d
2016-04-28 00:00:00-04:00,0.907722739825137,0.9131083838640947,0.8839770544247814,0.8861802220344543,381224000,0.0,0.0,NVDA,1d
2016-04-29 00:00:00-04:00,0.8825086692352742,0.8844670543728433,0.8602317318782471,0.8697789907455444,321904000,0.0,0.0,NVDA,1d
2016-05-02 00:00:00-04:00,0.8781019375009924,0.8866700010905648,0.87394032662554,0.8812843561172485,256076000,0.0,0.0,NVDA,1d
2016-05-03 00:00:00-04:00,0.8712475031218962,0.8749194885578915,0.8631690651245193,0.8707578778266907,224024000,0.0,0.0,NVDA,1d
2016-05-04 00:00:00-04:00,0.8602317368636815,0.8609661458858203,0.8421164699580619,0.850929319858551,525764000,0.0,0.0,NVDA,1d
2016-05-05 00:00:00-04:00,0.8580284252397252,0.8661068647724413,0.8497051438302953,0.8560699820518494,246884000,0.0,0.0,NVDA,1d
2016-05-06 00:00:00-04:00,0.8546011017206459,0.8670859937386816,0.8528875005348691,0.86488276720047,183240000,0.0,0.0,NVDA,1d
2016-05-09 00:00:00-04:00,0.8670859283283787,0.8707579139165649,0.8565594801490017,0.8636587262153625,333336000,0.0,0.0,NVDA,1d
2016-05-10 00:00:00-04:00,0.8690443728698851,0.8817740483002869,0.8607211504877743,0.8803052306175232,269676000,0.0,0.0,NVDA,1d
2016-05-11 00:00:00-04:00,0.8829980352225774,0.8925452329191382,0.8781019570870731,0.8827531933784485,328176000,0.0,0.0,NVDA,1d
2016-05-12 00:00:00-04:00,0.8891179801021354,0.8930348073683114,0.8550906271271425,0.8707578778266907,670540000,0.0,0.0,NVDA,1d
2016-05-13 00:00:00-04:00,0.9593757248290442,1.0036847334221963,0.9547245480768363,1.0031951665878296,2110256000,0.0,0.0,NVDA,1d
2016-05-16 00:00:00-04:00,0.9956064034589315,1.0477491289939058,0.9924239852346884,1.0328161716461182,973032000,0.0,0.0,NVDA,1d
2016-05-17 00:00:00-04:00,1.0281648780565977,1.0423633675434067,1.0149456390183016,1.0350193977355957,628392000,0.0,0.0,NVDA,1d
2016-05-18 00:00:00-04:00,1.028165336623465,1.0734536764684057,1.028165336623465,1.0614583492279053,541072000,0.0,0.0,NVDA,1d
2016-05-19 00:00:00-04:00,1.0572967489273888,1.0736985311427183,1.055828047597709,1.0661096572875977,398880000,0.0,0.0,NVDA,1d
2016-05-20 00:00:00-04:00,1.0727191120531743,1.0896104587308253,1.071005510706785,1.085204005241394,391084000,0.0,0.0,NVDA,1d
2016-05-23 00:00:00-04:00,1.0898556331197475,1.0940171878547877,1.0803083721670617,1.0869179964065552,413636000,0.0,0.0,NVDA,1d
2016-05-24 00:00:00-04:00,1.0902308352032888,1.116738092323368,1.0872855714084522,1.1133018732070923,415788000,0.002875,0.0,NVDA,1d
2016-05-25 00:00:00-04:00,1.116738060909685,1.12140125858131,1.0998028530824846,1.1086386442184448,458076000,0.0,0.0,NVDA,1d
2016-05-26 00:00:00-04:00,1.1106017989435057,1.1285186782307706,1.107411117000565,1.1204192638397217,309964000,0.0,0.0,NVDA,1d
2016-05-27 00:00:00-04:00,1.1216465906518225,1.128273374281229,1.1179649531650437,1.126555323600769,277416000,0.0,0.0,NVDA,1d
2016-05-31 00:00:00-04:00,1.13146403360464,1.149135495269171,1.130727659308847,1.1466810703277588,412524000,0.0,0.0,NVDA,1d
2016-06-01 00:00:00-04:00,1.1412813235472872,1.1599344586890814,1.1378452227852043,1.1488898992538452,387132000,0.0,0.0,NVDA,1d
2016-06-02 00:00:00-04:00,1.1550257495107288,1.1668068003954915,1.1437356537684358,1.156989336013794,329208000,0.0,0.0,NVDA,1d
2016-06-03 00:00:00-04:00,1.1457000303590894,1.1471725457017408,1.1206653969982117,1.1407911777496338,461076000,0.0,0.0,NVDA,1d
2016-06-06 00:00:00-04:00,1.1437356449312188,1.15257143302652,1.1290094484724562,1.1348999738693237,322512000,0.0,0.0,NVDA,1d
2016-06-07 00:00:00-04:00,1.1417725944440325,1.148153960287778,1.1366184413471876,1.1371092796325684,193400000,0.0,0.0,NVDA,1d
2016-06-08 00:00:00-04:00,1.137354799048819,1.141527275942764,1.1241012279074616,1.1334278583526611,234616000,0.0,0.0,NVDA,1d
2016-06-09 00:00:00-04:00,1.1295013007639667,1.1645987108698788,1.127046874221274,1.1628806591033936,472168000,0.0,0.0,NVDA,1d
2016-06-10 00:00:00-04:00,1.1491356799911303,1.1594439855218932,1.1324458919935658,1.1339185237884521,400024000,0.0,0.0,NVDA,1d
2016-06-13 00:00:00-04:00,1.1351456655256815,1.1707340114392035,1.1351456655256815,1.1483992338180542,475588000,0.0,0.0,NVDA,1d
2016-06-14 00:00:00-04:00,1.145699686270285,1.1560079927738702,1.1329369541991114,1.1506084203720093,298344000,0.0,0.0,NVDA,1d
2016-06-15 00:00:00-04:00,1.1601801512150653,1.1724519245867888,1.14741742264441,1.1623890399932861,301036000,0.0,0.0,NVDA,1d
2016-06-16 00:00:00-04:00,1.1537992924849547,1.169016335584172,1.1425091904973186,1.1670528650283813,246456000,0.0,0.0,NVDA,1d
2016-06-17 00:00:00-04:00,1.1685250075793219,1.1687704266667784,1.1420177565658136,1.1466810703277588,471000000,0.0,0.0,NVDA,1d
2016-06-20 00:00:00-04:00,1.1650890701964116,1.1822695790696138,1.1643526957970234,1.1672979593276978,293768000,0.0,0.0,NVDA,1d
2016-06-21 00:00:00-04:00,1.1722069273116078,1.1753976106024087,1.1584624004306716,1.1601805686950684,212508000,0.0,0.0,NVDA,1d
2016-06-22 00:00:00-04:00,1.1626345047187734,1.1702430817499974,1.1572349335859122,1.1591984033584595,202620000,0.0,0.0,NVDA,1d
2016-06-23 00:00:00-04:00,1.1702433222827855,1.1913508900013419,1.1695069478208346,1.1901236772537231,297880000,0.0,0.0,NVDA,1d
2016-06-24 00:00:00-04:00,1.1412816755197244,1.162389241734547,1.1118292738758007,1.1223829984664917,1017684000,0.0,0.0,NVDA,1d
2016-06-27 00:00:00-04:00,1.1130562965254442,1.1216466675501116,1.093912201602037,1.1103565692901611,449088000,0.0,0.0,NVDA,1d
2016-06-28 00:00:00-04:00,1.1314640565497156,1.1326911520118834,1.1110927504432035,1.126555323600769,381920000,0.0,0.0,NVDA,1d
2016-06-29 00:00:00-04:00,1.136373127715617,1.1537991758325634,1.1334278636629698,1.1449633836746216,318932000,0.0,0.0,NVDA,1d
2016-06-30 00:00:00-04:00,1.14692661741468,1.160916560261823,1.1376001058833538,1.1537989377975464,430940000,0.0,0.0,NVDA,1d
2016-07-01 00:00:00-04:00,1.1474179616604503,1.1623895860424616,1.1412820135754287,1.1452089548110962,218488000,0.0,0.0,NVDA,1d
2016-07-05 00:00:00-04:00,1.1388269035444385,1.1641069382953784,1.1297458135035399,1.1621434688568115,371084000,0.0,0.0,NVDA,1d
2016-07-06 00:00:00-04:00,1.15404456633026,1.1763793483023106,1.148154038371293,1.1695070266723633,273104000,0.0,0.0,NVDA,1d
2016-07-07 00:00:00-04:00,1.1773608414726116,1.204113515245039,1.171961269707274,1.1999410390853882,395400000,0.0,0.0,NVDA,1d
2016-07-08 00:00:00-04:00,1.2127041734703086,1.2539376424211168,1.2080408575155457,1.248047113418579,481932000,0.0,0.0,NVDA,1d
2016-07-11 00:00:00-04:00,1.2659637007559814,1.2860894749936664,1.264491068856462,1.2767629623413086,448776000,0.0,0.0,NVDA,1d
2016-07-12 00:00:00-04:00,1.2909979304577464,1.3076875974940547,1.2747989845263232,1.295906662940979,436760000,0.0,0.0,NVDA,1d
2016-07-13 00:00:00-04:00,1.2983615000212039,1.3057246602647958,1.2934527655366297,1.295416235923767,324604000,0.0,0.0,NVDA,1d
2016-07-14 00:00:00-04:00,1.3022885560356894,1.3204508619002582,1.2914892933711124,1.3086698055267334,316892000,0.0,0.0,NVDA,1d
2016-07-15 00:00:00-04:00,1.2919801076962558,1.2993432677928578,1.2723451701499293,1.2934527397155762,428616000,0.0,0.0,NVDA,1d
2016-07-18 00:00:00-04:00,1.309405854794877,1.3113693246915614,1.2951704932354082,1.3000792264938354,252992000,0.0,0.0,NVDA,1d
2016-07-19 00:00:00-04:00,1.2993432411130301,1.3187327590969153,1.2968888154534073,1.3135786056518555,382652000,0.0,0.0,NVDA,1d
2016-07-20 00:00:00-04:00,1.3179963165707886,1.337876788880746,1.3125967442451014,1.330759048461914,296460000,0.0,0.0,NVDA,1d
2016-07-21 00:00:00-04:00,1.3278133275278325,1.331985802684089,1.3017970344086385,1.3062149286270142,361308000,0.0,0.0,NVDA,1d
2016-07-22 00:00:00-04:00,1.3108785187279164,1.3418035507202148,1.3013064710834628,1.3418035507202148,315768000,0.0,0.0,NVDA,1d
2016-07-25 00:00:00-04:00,1.349903210960541,1.3697835671893395,1.3440126830260273,1.3665928840637207,312528000,0.0,0.0,NVDA,1d
2016-07-26 00:00:00-04:00,1.3786190502268219,1.3970267703479469,1.3766555803663632,1.3899091482162476,514508000,0.0,0.0,NVDA,1d
2016-07-27 00:00:00-04:00,1.401935763569236,1.4043901891251682,1.3675746250203493,1.3759194612503052,446676000,0.0,0.0,NVDA,1d
2016-07-28 00:00:00-04:00,1.3791100650927626,1.389172951820886,1.3746921695657408,1.3788646459579468,221916000,0.0,0.0,NVDA,1d
2016-07-29 00:00:00-04:00,1.3840191006362745,1.4051266722671485,1.359230007113618,1.4014451503753662,409588000,0.0,0.0,NVDA,1d
2016-08-01 00:00:00-04:00,1.4073355258906408,1.4124896793849842,1.3832826925502468,1.3923637866973877,301120000,0.0,0.0,NVDA,1d
2016-08-02 00:00:00-04:00,1.3989903117844997,1.3997266861657405,1.362174869658673,1.3754284381866455,282748000,0.0,0.0,NVDA,1d
2016-08-03 00:00:00-04:00,1.3737102882053471,1.3818097036138695,1.366101710993272,1.3791098594665527,299828000,0.0,0.0,NVDA,1d
2016-08-04 00:00:00-04:00,1.3857366353168958,1.4110166748240203,1.383036908218467,1.4046353101730347,272712000,0.0,0.0,NVDA,1d
2016-08-05 00:00:00-04:00,1.4208347323094377,1.4291795702418753,1.4139625266043097,1.4284433126449585,371588000,0.0,0.0,NVDA,1d
2016-08-08 00:00:00-04:00,1.4480778903291844,1.4515139923212617,1.426479367759775,1.4416965246200562,305064000,0.0,0.0,NVDA,1d
2016-08-09 00:00:00-04:00,1.4488140476546676,1.4593678890727781,1.4416964250247,1.4453779458999634,372344000,0.0,0.0,NVDA,1d
2016-08-10 00:00:00-04:00,1.458140849868444,1.4603497392496407,1.4313881729770734,1.4360514879226685,375740000,0.0,0.0,NVDA,1d
2016-08-11 00:00:00-04:00,1.4436601898725256,1.4713945457285602,1.4407149257574052,1.4652585983276367,681064000,0.0,0.0,NVDA,1d
2016-08-12 00:00:00-04:00,1.5192541755526305,1.5555787727388348,1.488083729949594,1.5472339391708374,1425744000,0.0,0.0,NVDA,1d
2016-08-15 00:00:00-04:00,1.5489521483379165,1.5585241952727482,1.5248993214529623,1.5457614660263062,573304000,0.0,0.0,NVDA,1d
2016-08-16 00:00:00-04:00,1.5435529894888143,1.546007298135411,1.5317720505115422,1.5364353656768799,287652000,0.0,0.0,NVDA,1d
2016-08-17 00:00:00-04:00,1.5364349660690246,1.539871067500647,1.4888201501544212,1.5008465051651,595212000,0.0,0.0,NVDA,1d
2016-08-18 00:00:00-04:00,1.4986377846140941,1.5266175544387681,1.49274725747903,1.5241632461547852,331684000,0.0,0.0,NVDA,1d
2016-08-19 00:00:00-04:00,1.523427042780556,1.5396258771871771,1.5168002575263433,1.5280903577804565,291560000,0.0,0.0,NVDA,1d
2016-08-22 00:00:00-04:00,1.5327534609765245,1.536680517975942,1.5145911588253524,1.5344715118408203,244748000,0.0,0.0,NVDA,1d
2016-08-23 00:00:00-04:00,1.5500856293926244,1.556970497585266,1.5424630297512756,1.546889066696167,339764000,0.002875,0.0,NVDA,1d
2016-08-24 00:00:00-04:00,1.552298594243971,1.5530362083902245,1.5159069329659607,1.5230376720428467,298448000,0.0,0.0,NVDA,1d
2016-08-25 00:00:00-04:00,1.5235297920310267,1.5242674063031463,1.494023110661911,1.5129565000534058,406032000,0.0,0.0,NVDA,1d
2016-08-26 00:00:00-04:00,1.516890816140136,1.5338571171312698,1.5048421781979378,1.525251030921936,300024000,0.0,0.0,NVDA,1d
2016-08-29 00:00:00-04:00,1.5313978136833446,1.5375449492247466,1.5218081274699524,1.5242669582366943,274652000,0.0,0.0,NVDA,1d
2016-08-30 00:00:00-04:00,1.5223001791026571,1.530414521603057,1.5112351452840906,1.5154153108596802,285544000,0.0,0.0,NVDA,1d
2016-08-31 00:00:00-04:00,1.5183658777538227,1.5225459257377554,1.5038584110025968,1.508284330368042,388544000,0.0,0.0,NVDA,1d
2016-09-01 00:00:00-04:00,1.5095135248831504,1.5584454382126605,1.5082840509542417,1.5527900457382202,428492000,0.0,0.0,NVDA,1d
2016-09-02 00:00:00-04:00,1.5559870862310063,1.557708303361296,1.5200872806573953,1.5375453233718872,323148000,0.0,0.0,NVDA,1d
2016-09-06 00:00:00-04:00,1.5429549081337186,1.5520527362823486,1.5350864369990123,1.5520527362823486,306812000,0.0,0.0,NVDA,1d
2016-09-07 00:00:00-04:00,1.547134958857589,1.5547575586012283,1.5203330999269487,1.5291850566864014,397988000,0.0,0.0,NVDA,1d
2016-09-08 00:00:00-04:00,1.5277098018519255,1.5427091308278624,1.5102517586981734,1.5402501821517944,315808000,0.0,0.0,NVDA,1d
2016-09-09 00:00:00-04:00,1.523283650696419,1.53188973525855,1.4507463172467168,1.463532567024231,697760000,0.0,0.0,NVDA,1d
2016-09-12 00:00:00-04:00,1.4441072638830377,1.4967274891955367,1.4094368211265575,1.493776798248291,598260000,0.0,0.0,NVDA,1d
2016-09-13 00:00:00-04:00,1.4900885436780977,1.5073008299541724,1.4637784301303711,1.4721386432647705,471768000,0.0,0.0,NVDA,1d
2016-09-14 00:00:00-04:00,1.47558091656266,1.4900883815925325,1.463286528202031,1.485170602798462,319048000,0.0,0.0,NVDA,1d
2016-09-15 00:00:00-04:00,1.4876295351131876,1.5432004466243598,1.4841869844695001,1.541479229927063,515212000,0.0,0.0,NVDA,1d
2016-09-16 00:00:00-04:00,1.5468891401034732,1.555249354341144,1.5274638916030436,1.5451679229736328,902444000,0.0,0.0,NVDA,1d
2016-09-19 00:00:00-04:00,1.5613966259734657,1.6046731606100675,1.5542658859633487,1.5655767917633057,417128000,0.0,0.0,NVDA,1d
2016-09-20 00:00:00-04:00,1.583525958425131,1.583525958425131,1.542708391409063,1.5513144731521606,331112000,0.0,0.0,NVDA,1d
2016-09-21 00:00:00-04:00,1.5559865850149726,1.597787759998323,1.5557407136825776,1.5948370695114136,336212000,0.0,0.0,NVDA,1d
2016-09-22 00:00:00-04:00,1.6041813311404325,1.6090991109074535,1.5896738632403529,1.5987716913223267,308732000,0.0,0.0,NVDA,1d
2016-09-23 00:00:00-04:00,1.600738970531262,1.6054107618627012,1.5899198076473735,1.5970505475997925,276132000,0.0,0.0,NVDA,1d
2016-09-26 00:00:00-04:00,1.5788547144221534,1.588444402637627,1.562134286520408,1.5820512771606445,230040000,0.0,0.0,NVDA,1d
2016-09-27 00:00:00-04:00,1.5759040692955573,1.6386058516393285,1.5751664550646398,1.636146903038025,402752000,0.0,0.0,NVDA,1d
2016-09-28 00:00:00-04:00,1.638605567643468,1.6432774753769326,1.621147410797175,1.6420480012893677,319788000,0.0,0.0,NVDA,1d
2016-09-29 00:00:00-04:00,1.639343181702375,1.662456849001382,1.62409810166393,1.6572930812835693,336684000,0.0,0.0,NVDA,1d
2016-09-30 00:00:00-04:00,1.666391051500874,1.7013073657397828,1.6565554931446667,1.6848328113555908,429932000,0.0,0.0,NVDA,1d
2016-10-03 00:00:00-04:00,1.6848326439331236,1.709175666033127,1.680160736590809,1.683111310005188,242596000,0.0,0.0,NVDA,1d
2016-10-04 00:00:00-04:00,1.6855704664393856,1.7138476680885062,1.6668828347589109,1.679423213005066,281624000,0.0,0.0,NVDA,1d
2016-10-05 00:00:00-04:00,1.6936847616642243,1.7108970473581522,1.6725382995397948,1.6777019500732422,305440000,0.0,0.0,NVDA,1d
2016-10-06 00:00:00-04:00,1.6575392024952602,1.6678665042588137,1.6292618824654979,1.655817985534668,360212000,0.0,0.0,NVDA,1d
2016-10-07 00:00:00-04:00,1.6668829358055983,1.6713089726165085,1.6390974752271505,1.643769383430481,286260000,0.0,0.0,NVDA,1d
2016-10-10 00:00:00-04:00,1.652375360668448,1.661227433713073,1.6344254604519162,1.6499165296554565,287876000,0.0,0.0,NVDA,1d
2016-10-11 00:00:00-04:00,1.6445070145069878,1.6469658455302651,1.6135248759703007,1.6260652542114258,388540000,0.0,0.0,NVDA,1d
2016-10-12 00:00:00-04:00,1.619426083594454,1.6420478893676986,1.605902221300332,1.6334418058395386,419920000,0.0,0.0,NVDA,1d
2016-10-13 00:00:00-04:00,1.6142627574976405,1.6179510630001672,1.566314316968322,1.6068860292434692,390116000,0.0,0.0,NVDA,1d
2016-10-14 00:00:00-04:00,1.626557502153015,1.6376225383171814,1.6130336342018914,1.622623324394226,330636000,0.0,0.0,NVDA,1d
2016-10-17 00:00:00-04:00,1.6223766896090916,1.6376217678129898,1.6110657873129453,1.6132787466049194,195328000,0.0,0.0,NVDA,1d
2016-10-18 00:00:00-04:00,1.6356549678696313,1.6472117435388243,1.6290159715756078,1.6378679275512695,269372000,0.0,0.0,NVDA,1d
2016-10-19 00:00:00-04:00,1.626802920297212,1.6420480003271343,1.6184425903059523,1.634425401687622,199060000,0.0,0.0,NVDA,1d
2016-10-20 00:00:00-04:00,1.6536047728365804,1.670817058278978,1.6302453514674926,1.665407419204712,312084000,0.0,0.0,NVDA,1d
2016-10-21 00:00:00-04:00,1.659505894836143,1.6636859419219079,1.644998431202139,1.6607353687286377,279508000,0.0,0.0,NVDA,1d
2016-10-24 00:00:00-04:00,1.672046445022447,1.7406494773430898,1.6718004564190192,1.7386823892593384,339836000,0.0,0.0,NVDA,1d
2016-10-25 00:00:00-04:00,1.7357315982816726,1.7777786459209797,1.7273713864716558,1.7672053575515747,397460000,0.0,0.0,NVDA,1d
2016-10-26 00:00:00-04:00,1.7524527344325371,1.7937621848474758,1.750731517102676,1.7743369340896606,333792000,0.0,0.0,NVDA,1d
2016-10-27 00:00:00-04:00,1.7878604889378613,1.7913029229961683,1.7308142210804152,1.7379449605941772,388664000,0.0,0.0,NVDA,1d
2016-10-28 00:00:00-04:00,1.7463049566840527,1.7728609384689868,1.7317974917925179,1.7349940538406372,290856000,0.0,0.0,NVDA,1d
2016-10-31 00:00:00-04:00,1.7406494520428224,1.7613041697447378,1.7396658493906954,1.749747395515442,252388000,0.0,0.0,NVDA,1d
2016-11-01 00:00:00-04:00,1.7561405013807383,1.765730187455213,1.6791771414367391,1.6978647708892822,473224000,0.0,0.0,NVDA,1d
2016-11-02 00:00:00-04:00,1.7108970049578907,1.7340105547247597,1.6877833379419205,1.6907340288162231,295848000,0.0,0.0,NVDA,1d
2016-11-03 00:00:00-04:00,1.6986026541266301,1.700077999698752,1.6386056974404062,1.6710630655288696,309664000,0.0,0.0,NVDA,1d
2016-11-04 00:00:00-04:00,1.6599978096474863,1.6899963425903755,1.6371301322213223,1.6614731550216675,328780000,0.0,0.0,NVDA,1d
2016-11-07 00:00:00-05:00,1.7101595623721082,1.7635175267363237,1.7089300880920375,1.7524524927139282,487580000,0.0,0.0,NVDA,1d
2016-11-08 00:00:00-05:00,1.7590910930897254,1.7647466031535413,1.7335187138744572,1.749747395515442,429884000,0.0,0.0,NVDA,1d
2016-11-09 00:00:00-05:00,1.7022909306748353,1.7433545001151585,1.6897506693973128,1.720240831375122,456532000,0.0,0.0,NVDA,1d
2016-11-10 00:00:00-05:00,1.7578622237223824,1.758108095141311,1.6415566006319595,1.666391372680664,869280000,0.0,0.0,NVDA,1d
2016-11-11 00:00:00-05:00,1.9550647343476006,2.1827580049192545,1.9302298535828928,2.1630868911743164,2175344000,0.0,0.0,NVDA,1d
2016-11-14 00:00:00-05:00,2.166038125381929,2.168497073841809,2.0561257556054975,2.056617498397827,1348796000,0.0,0.0,NVDA,1d
2016-11-15 00:00:00-05:00,2.072600352622779,2.1503013477004838,2.063748278190341,2.119319438934326,626092000,0.0,0.0,NVDA,1d
2016-11-16 00:00:00-05:00,2.147596764966273,2.2759507961711947,2.123253734789657,2.2530832290649414,987984000,0.0,0.0,NVDA,1d
2016-11-17 00:00:00-05:00,2.2698030334904797,2.33078358647386,2.228985339094854,2.2717702388763428,832988000,0.0,0.0,NVDA,1d
2016-11-18 00:00:00-05:00,2.2717712953625226,2.319473644547129,2.2572638230774085,2.2956225872039795,576060000,0.0,0.0,NVDA,1d
2016-11-21 00:00:00-05:00,2.3135712448271484,2.319964368727947,2.2720158222228664,2.2862775325775146,436436000,0.0,0.0,NVDA,1d
2016-11-22 00:00:00-05:00,2.294146409610084,2.3049654546499023,2.271524599437203,2.3027524948120117,330368000,0.0,0.0,NVDA,1d
2016-11-23 00:00:00-05:00,2.307923664099433,2.3456010060383714,2.2845293865244765,2.314080238342285,443236000,0.0035,0.0,NVDA,1d
2016-11-25 00:00:00-05:00,2.325161421277871,2.3419068774947953,2.300289241543977,2.318758726119995,195564000,0.0,0.0,NVDA,1d
2016-11-28 00:00:00-05:00,2.311617553802891,2.333041914991285,2.3049685007482155,2.3175277709960938,278736000,0.0,0.0,NVDA,1d
2016-11-29 00:00:00-05:00,2.314818777991895,2.3256542544322825,2.278619108770835,2.29634952545166,444568000,0.0,0.0,NVDA,1d
2016-11-30 00:00:00-05:00,2.3049691542866495,2.3187597432639944,2.268030638629718,2.270493268966675,440500000,0.0,0.0,NVDA,1d
2016-12-01 00:00:00-05:00,2.2680298576918516,2.269753651364306,2.0875232964642416,2.1581990718841553,1035524000,0.0,0.0,NVDA,1d
2016-12-02 00:00:00-05:00,2.1239696786565108,2.186765332120447,2.096142618315924,2.1781463623046875,478292000,0.0,0.0,NVDA,1d
2016-12-05 00:00:00-05:00,2.2160699077549735,2.2805893574605784,2.191690434479725,2.2626125812530518,602284000,0.0,0.0,NVDA,1d
2016-12-06 00:00:00-05:00,2.270739157533535,2.3081703832873472,2.2549786537871577,2.299797534942627,498796000,0.0,0.0,NVDA,1d
2016-12-07 00:00:00-05:00,2.2862533576644997,2.3468325029073456,2.2680302252812816,2.3411686420440674,480804000,0.0,0.0,NVDA,1d
2016-12-08 00:00:00-05:00,2.344123518674057,2.3793382301578827,2.2914245124757384,2.302013397216797,381544000,0.0,0.0,NVDA,1d
2016-12-09 00:00:00-05:00,2.319744576472415,2.321468370645537,2.2338007550778145,2.2611353397369385,382312000,0.0,0.0,NVDA,1d
2016-12-12 00:00:00-05:00,2.212621413929081,2.215084042912233,2.15573599957394,2.206218719482422,601332000,0.0,0.0,NVDA,1d
2016-12-13 00:00:00-05:00,2.2185328811474396,2.2727095750947526,2.2175479229381994,2.245128631591797,387796000,0.0,0.0,NVDA,1d
2016-12-14 00:00:00-05:00,2.278865308855373,2.39140509142128,2.254978317277027,2.375152111053467,983980000,0.0,0.0,NVDA,1d
2016-12-15 00:00:00-05:00,2.3862334088059267,2.4610958470627207,2.378845754711902,2.4308061599731445,746548000,0.0,0.0,NVDA,1d
2016-12-16 00:00:00-05:00,2.458387250353563,2.4798116150181424,2.406673193796165,2.472670316696167,1089528000,0.0,0.0,NVDA,1d
2016-12-19 00:00:00-05:00,2.4551853455889003,2.522906009116954,2.437947174899609,2.5027129650115967,744656000,0.0,0.0,NVDA,1d
2016-12-20 00:00:00-05:00,2.5753589112696167,2.6135287273494283,2.564030957005395,2.589888095855713,848056000,0.0,0.0,NVDA,1d
2016-12-21 00:00:00-05:00,2.6014619504802305,2.6090959600155568,2.5539343346643277,2.6061408519744873,576136000,0.0,0.0,NVDA,1d
2016-12-22 00:00:00-05:00,2.6305208785420247,2.6810036131722526,2.6233793463479653,2.637662410736084,718612000,0.0,0.0,NVDA,1d
2016-12-23 00:00:00-05:00,2.619685245180619,2.704890442897134,2.616976493580703,2.7034127712249756,647692000,0.0,0.0,NVDA,1d
2016-12-27 00:00:00-05:00,2.7595596566550897,2.8900759727649925,2.7388738967485207,2.8890910148620605,1194272000,0.0,0.0,NVDA,1d
2016-12-28 00:00:00-05:00,2.945238332383251,2.953364824205012,2.6765716231925087,2.690361976623535,2295764000,0.0,0.0,NVDA,1d
2016-12-29 00:00:00-05:00,2.5832397049668114,2.7455234063549687,2.531525648873178,2.7440457344055176,2175368000,0.0,0.0,NVDA,1d
2016-12-30 00:00:00-05:00,2.742076006888747,2.756112717127443,2.617716000708166,2.6285512447357178,1212932000,0.0,0.0,NVDA,1d
2017-01-03 00:00:00-05:00,2.5709267239234537,2.619439547633631,2.447305565436346,2.512071371078491,1501996000,0.0,0.0,NVDA,1d
2017-01-04 00:00:00-05:00,2.546301853704682,2.5980159231941164,2.5002516468401983,2.57068133354187,1199220000,0.0,0.0,NVDA,1d
2017-01-05 00:00:00-05:00,2.574128227404968,2.6058953557767706,2.4884305356087104,2.505422353744507,984296000,0.0,0.0,NVDA,1d
2017-01-06 00:00:00-05:00,2.5327569134700934,2.5672330284627556,2.492124458408783,2.5389134883880615,822856000,0.0,0.0,NVDA,1d
2017-01-09 00:00:00-05:00,2.548763234186285,2.659578975922804,2.548763234186285,2.64184832572937,916248000,0.0,0.0,NVDA,1d
2017-01-10 00:00:00-05:00,2.654900429494152,2.6888838279758356,2.601216227653637,2.6219019889831543,880920000,0.0,0.0,NVDA,1d
2017-01-11 00:00:00-05:00,2.610327327753603,2.615252351356171,2.564769626471295,2.589641571044922,525664000,0.0,0.0,NVDA,1d
2017-01-12 00:00:00-05:00,2.5667400005849386,2.578314077136613,2.5024666873413106,2.547285556793213,625616000,0.0,0.0,NVDA,1d
2017-01-13 00:00:00-05:00,2.551225219550327,2.5857013217189704,2.5379273514629497,2.547039031982422,457820000,0.0,0.0,NVDA,1d
2017-01-17 00:00:00-05:00,2.5364508920435815,2.5413759171939216,2.476610345173752,2.489908218383789,580612000,0.0,0.0,NVDA,1d
2017-01-18 00:00:00-05:00,2.4684830153522106,2.5421138894450626,2.440655963386849,2.5352187156677246,654424000,0.0,0.0,NVDA,1d
2017-01-19 00:00:00-05:00,2.538173888409382,2.6216550464339834,2.535957616045764,2.589641571044922,644872000,0.0,0.0,NVDA,1d
2017-01-20 00:00:00-05:00,2.612298148907688,2.6300288036621366,2.5394060834042795,2.5613229274749756,492024000,0.0,0.0,NVDA,1d
2017-01-23 00:00:00-05:00,2.5561513923336907,2.6078654466671503,2.553688762401308,2.587918519973755,369904000,0.0,0.0,NVDA,1d
2017-01-24 00:00:00-05:00,2.5980147641027447,2.6492363315789857,2.5832392216194906,2.6430797576904297,428052000,0.0,0.0,NVDA,1d
2017-01-25 00:00:00-05:00,2.685436509305752,2.691593084362673,2.618454663601592,2.6544082164764404,522760000,0.0,0.0,NVDA,1d
2017-01-26 00:00:00-05:00,2.6571169166419533,2.7075996568750793,2.6275660614944636,2.700212001800537,458800000,0.0,0.0,NVDA,1d
2017-01-27 00:00:00-05:00,2.707107629153663,2.7553741043958935,2.68051187857206,2.7524189949035645,471996000,0.0,0.0,NVDA,1d
2017-01-30 00:00:00-05:00,2.7314875674027315,2.7337038411837447,2.6573641651523094,2.709324359893799,496004000,0.0,0.0,NVDA,1d
2017-01-31 00:00:00-05:00,2.6829743486286928,2.7100625766987254,2.6645048566929908,2.688638210296631,362756000,0.0,0.0,NVDA,1d
2017-02-01 00:00:00-05:00,2.723113350411337,2.8102884642903248,2.705382934209325,2.8061022758483887,590004000,0.0,0.0,NVDA,1d
2017-02-02 00:00:00-05:00,2.7900960011526825,2.8501829069081888,2.7595601866535437,2.8415637016296387,483240000,0.0,0.0,NVDA,1d
2017-02-03 00:00:00-05:00,2.843041501829086,2.8541231028376357,2.8048716732714944,2.8166918754577637,372744000,0.0,0.0,NVDA,1d
2017-02-06 00:00:00-05:00,2.807333007973216,2.889336730514887,2.807333007973216,2.8888442516326904,506768000,0.0,0.0,NVDA,1d
2017-02-07 00:00:00-05:00,2.9230751996135895,2.9777443704131943,2.9033746271442804,2.933664321899414,746224000,0.0,0.0,NVDA,1d
2017-02-08 00:00:00-05:00,2.915686525487914,2.9380958425203483,2.8659423977516845,2.9208579063415527,449580000,0.0,0.0,NVDA,1d
2017-02-09 00:00:00-05:00,2.927014570661201,2.931939830031249,2.8467348626333453,2.8659427165985107,842568000,0.0,0.0,NVDA,1d
2017-02-10 00:00:00-05:00,2.9533642917420075,2.972326024291052,2.7728577100279783,2.797976016998291,1651092000,0.0,0.0,NVDA,1d
2017-02-13 00:00:00-05:00,2.7923122515689043,2.806841440131201,2.66450466360983,2.6689374446868896,1180724000,0.0,0.0,NVDA,1d
2017-02-14 00:00:00-05:00,2.6593330230722554,2.712524746884733,2.6174692555237455,2.6787874698638916,850632000,0.0,0.0,NVDA,1d
2017-02-15 00:00:00-05:00,2.6817433747905266,2.7039063452050245,2.653669950143037,2.6842057704925537,373020000,0.0,0.0,NVDA,1d
2017-02-16 00:00:00-05:00,2.6938089497143736,2.6950402645393887,2.601954930441998,2.6411099433898926,647176000,0.0,0.0,NVDA,1d
2017-02-17 00:00:00-05:00,2.627565855492,2.6450501511821183,2.580530706971194,2.6406173706054688,563740000,0.0,0.0,NVDA,1d
2017-02-21 00:00:00-05:00,2.6652438922568127,2.7391211609821022,2.6649975352748316,2.7351810932159424,551952000,0.0,0.0,NVDA,1d
2017-02-22 00:00:00-05:00,2.7472627138961396,2.7566323310841465,2.7120033155000636,2.7309892177581787,433772000,0.0035,0.0,NVDA,1d
2017-02-23 00:00:00-05:00,2.601294413906689,2.623238920420828,2.457791783955978,2.4777636528015137,1592888000,0.0,0.0,NVDA,1d
2017-02-24 00:00:00-05:00,2.3934373828219475,2.5149955088823335,2.3596575198585454,2.501680850982666,1029904000,0.0,0.0,NVDA,1d
2017-02-27 00:00:00-05:00,2.519926109269733,2.58945821358181,2.5041457185052396,2.5744175910949707,715400000,0.0,0.0,NVDA,1d
2017-02-28 00:00:00-05:00,2.584034237825653,2.593897190094921,2.484913966005899,2.502173662185669,625360000,0.0,0.0,NVDA,1d
2017-03-01 00:00:00-05:00,2.559131290329917,2.5734323852145216,2.4930510989016903,2.5344746112823486,504804000,0.0,0.0,NVDA,1d
2017-03-02 00:00:00-05:00,2.521652231364291,2.535706653763431,2.4383121331146795,2.4410243034362793,754332000,0.0,0.0,NVDA,1d
2017-03-03 00:00:00-05:00,2.4304221822791034,2.4353534226811244,2.372478520321904,2.4269702434539795,864692000,0.0,0.0,NVDA,1d
2017-03-06 00:00:00-05:00,2.3907244212734886,2.4188332648489874,2.346588753996947,2.408230781555176,883568000,0.0,0.0,NVDA,1d
2017-03-07 00:00:00-05:00,2.408231298256555,2.454092944619974,2.3954097424865046,2.4346139430999756,603400000,0.0,0.0,NVDA,1d
2017-03-08 00:00:00-05:00,2.482940818426341,2.497735008645193,2.427956234666433,2.430175304412842,638712000,0.0,0.0,NVDA,1d
2017-03-09 00:00:00-05:00,2.4141485310955493,2.452119855685064,2.4015734103598665,2.4296822547912598,478060000,0.0,0.0,NVDA,1d
2017-03-10 00:00:00-05:00,2.4560658168803324,2.4679009374677485,2.425737894173412,2.443983793258667,499740000,0.0,0.0,NVDA,1d
2017-03-13 00:00:00-04:00,2.454339285762394,2.5211592265030816,2.453599517411828,2.511296510696411,774136000,0.0,0.0,NVDA,1d
2017-03-14 00:00:00-04:00,2.5241188417871245,2.5334882248139032,2.477270750924404,2.5095713138580322,522016000,0.0,0.0,NVDA,1d
2017-03-15 00:00:00-04:00,2.521159843850617,2.5394057432306347,2.4735719874064266,2.5285568237304688,615036000,0.0,0.0,NVDA,1d
2017-03-16 00:00:00-04:00,2.539158989438443,2.5601172924028957,2.5251045648417083,2.559623956680298,523100000,0.0,0.0,NVDA,1d
2017-03-17 00:00:00-04:00,2.577130108199134,2.6165812079943196,2.559623745860428,2.6153483390808105,1119688000,0.0,0.0,NVDA,1d
2017-03-20 00:00:00-04:00,2.6328549928603797,2.7026337820983057,2.616827930356366,2.698688507080078,748568000,0.0,0.0,NVDA,1d
2017-03-21 00:00:00-04:00,2.681428680560783,2.7112634987437345,2.603513147490268,2.611403226852417,913484000,0.0,0.0,NVDA,1d
2017-03-22 00:00:00-04:00,2.6003076773585425,2.6693469308961015,2.5963626376224385,2.6646621227264404,616764000,0.0,0.0,NVDA,1d
2017-03-23 00:00:00-04:00,2.656771655042277,2.6767437555776104,2.6308821128165722,2.640498161315918,533940000,0.0,0.0,NVDA,1d
2017-03-24 00:00:00-04:00,2.686852652159417,2.6947427297451623,2.6239777586915873,2.649867296218872,439500000,0.0,0.0,NVDA,1d
2017-03-27 00:00:00-04:00,2.603266536955835,2.6730453243443573,2.5539529519922666,2.669100284576416,506644000,0.0,0.0,NVDA,1d
2017-03-28 00:00:00-04:00,2.6703331366689587,2.6848806617769374,2.644936693481473,2.655292510986328,432444000,0.0,0.0,NVDA,1d
2017-03-29 00:00:00-04:00,2.662689059501374,2.675017512457791,2.6444431654599048,2.6466622352600098,349992000,0.0,0.0,NVDA,1d
2017-03-30 00:00:00-04:00,2.6538125986215553,2.7122493586452805,2.648141590096882,2.6974551677703857,525532000,0.0,0.0,NVDA,1d
2017-03-31 00:00:00-04:00,2.6878394701553074,2.709537541216124,2.672798844641756,2.6858668327331543,440808000,0.0,0.0,NVDA,1d
2017-04-03 00:00:00-04:00,2.6863604868320623,2.7036201845250614,2.648635349502623,2.6723060607910156,445232000,0.0,0.0,NVDA,1d
2017-04-04 00:00:00-04:00,2.549514946425728,2.574664958387696,2.474065145685556,2.4849140644073486,1271280000,0.0,0.0,NVDA,1d
2017-04-05 00:00:00-04:00,2.466173982692195,2.524117633918473,2.453352430817463,2.4664206504821777,747048000,0.0,0.0,NVDA,1d
2017-04-06 00:00:00-04:00,2.4715992210515987,2.4965025632599533,2.426477109590859,2.4844207763671875,635120000,0.0,0.0,NVDA,1d
2017-04-07 00:00:00-04:00,2.490831805138948,2.508338170321131,2.4587779136184533,2.47381854057312,429068000,0.0,0.0,NVDA,1d
2017-04-10 00:00:00-04:00,2.4745578481846477,2.4812150579841505,2.4065050377418977,2.4106967449188232,756332000,0.0,0.0,NVDA,1d
2017-04-11 00:00:00-04:00,2.3806149794791525,2.4385586344415864,2.3756837396724144,2.4193263053894043,618148000,0.0,0.0,NVDA,1d
2017-04-12 00:00:00-04:00,2.4193267976618027,2.4336276546714446,2.3941767876076034,2.3993546962738037,414092000,0.0,0.0,NVDA,1d
2017-04-13 00:00:00-04:00,2.375190942720995,2.396888776876378,2.3544790744781494,2.3544790744781494,506892000,0.0,0.0,NVDA,1d
2017-04-17 00:00:00-04:00,2.367300967814718,2.4469424757415257,2.3621230587989563,2.4466960430145264,497292000,0.0,0.0,NVDA,1d
2017-04-18 00:00:00-04:00,2.4323947979450384,2.454339536855147,2.406505254483518,2.4481751918792725,370116000,0.0,0.0,NVDA,1d
2017-04-19 00:00:00-04:00,2.465682364086586,2.4898459459093187,2.4511348343761425,2.457792282104492,380828000,0.0,0.0,NVDA,1d
2017-04-20 00:00:00-04:00,2.472338449526173,2.501433492915335,2.4511334837715757,2.496748685836792,404016000,0.0,0.0,NVDA,1d
2017-04-21 00:00:00-04:00,2.486392768833292,2.509816805481031,2.4745576517473378,2.5071046352386475,341896000,0.0,0.0,NVDA,1d
2017-04-24 00:00:00-04:00,2.5386654409499294,2.551486995457035,2.517707374887696,2.538419008255005,371820000,0.0,0.0,NVDA,1d
2017-04-25 00:00:00-04:00,2.552966667190996,2.597102341923252,2.5315152643133234,2.582554817199707,388440000,0.0,0.0,NVDA,1d
2017-04-26 00:00:00-04:00,2.5961162911606848,2.598581794111588,2.5628295322933545,2.5648021697998047,327004000,0.0,0.0,NVDA,1d
2017-04-27 00:00:00-04:00,2.5721993487676835,2.613129522681103,2.5541998825262846,2.6047463417053223,319700000,0.0,0.0,NVDA,1d
2017-04-28 00:00:00-04:00,2.5978415465991236,2.6047454232550895,2.566034098246857,2.5717053413391113,348248000,0.0,0.0,NVDA,1d
2017-05-01 00:00:00-04:00,2.5825550267057733,2.6345810200816477,2.5754044801179,2.6294028759002686,307732000,0.0,0.0,NVDA,1d
2017-05-02 00:00:00-04:00,2.6025267537982772,2.603759622697216,2.528802698574202,2.5514869689941406,629972000,0.0,0.0,NVDA,1d
2017-05-03 00:00:00-04:00,2.544583178232684,2.5800890042400897,2.5297892212312605,2.5704729557037354,336904000,0.0,0.0,NVDA,1d
2017-05-04 00:00:00-04:00,2.5766376004505864,2.587733188079145,2.5527204553466154,2.560610771179199,209788000,0.0,0.0,NVDA,1d
2017-05-05 00:00:00-04:00,2.549020750633995,2.5680064090263692,2.5334867949855107,2.5608558654785156,228428000,0.0,0.0,NVDA,1d
2017-05-08 00:00:00-04:00,2.5726919422869488,2.5741712438808233,2.522638593602529,2.5339808464050293,365240000,0.0,0.0,NVDA,1d
2017-05-09 00:00:00-04:00,2.5396513046072693,2.587238905171983,2.531267891955839,2.5381717681884766,847672000,0.0,0.0,NVDA,1d
2017-05-10 00:00:00-04:00,2.8180274779709,3.0036933665282106,2.811370267447119,2.9906251430511475,2129096000,0.0,0.0,NVDA,1d
2017-05-11 00:00:00-04:00,2.9600513262851287,3.215989149155749,2.9565993864679063,3.1190876960754395,1939792000,0.0,0.0,NVDA,1d
2017-05-12 00:00:00-04:00,3.1222924392301095,3.195523161194782,3.101334137547888,3.153359889984131,962620000,0.0,0.0,NVDA,1d
2017-05-15 00:00:00-04:00,3.194537445028288,3.314122928576423,3.1900990691427547,3.311657190322876,1087540000,0.0,0.0,NVDA,1d
2017-05-16 00:00:00-04:00,3.362696873510335,3.3888333237292874,3.2882335037002997,3.3732993602752686,1120700000,0.0,0.0,NVDA,1d
2017-05-17 00:00:00-04:00,3.3064783557774926,3.3252175850271906,3.144976307697512,3.149168014526367,1271368000,0.0,0.0,NVDA,1d
2017-05-18 00:00:00-04:00,3.1930572441645997,3.2899586681001636,3.1326480803865255,3.2810821533203125,1156032000,0.0,0.0,NVDA,1d
2017-05-19 00:00:00-04:00,3.382282160943465,3.411654548042013,3.3376063788292822,3.356858968734741,1018372000,0.0035,0.0,NVDA,1d
2017-05-22 00:00:00-04:00,3.400547139244241,3.4427545816658585,3.3896865602427098,3.428438663482666,836608000,0.0,0.0,NVDA,1d
2017-05-23 00:00:00-04:00,3.4481841307939436,3.4504055374875837,3.3496998057649607,3.3822810649871826,681248000,0.0,0.0,NVDA,1d
2017-05-24 00:00:00-04:00,3.4792850262876858,3.4820002887222214,3.4081985847960987,3.4202933311462402,815996000,0.0,0.0,NVDA,1d
2017-05-25 00:00:00-04:00,3.4555895136385217,3.4563300611327223,3.36771882204517,3.4126415252685547,608228000,0.0,0.0,NVDA,1d
2017-05-26 00:00:00-04:00,3.40449649070399,3.58591487043915,3.384256662203558,3.5010061264038086,779140000,0.0,0.0,NVDA,1d
2017-05-30 00:00:00-04:00,3.546915935616526,3.6108443011170004,3.5308722300280797,3.5757949352264404,989652000,0.0,0.0,NVDA,1d
2017-05-31 00:00:00-04:00,3.620718165254976,3.6283698635890906,3.5061900887219775,3.562960624694824,887316000,0.0,0.0,NVDA,1d
2017-06-01 00:00:00-04:00,3.578756040446115,3.5797435154434676,3.5177896401209057,3.5632059574127197,503340000,0.0,0.0,NVDA,1d
2017-06-02 00:00:00-04:00,3.560244968267455,3.5864087080128746,3.5395115186028017,3.5454354286193848,487456000,0.0,0.0,NVDA,1d
2017-06-05 00:00:00-04:00,3.529144389520595,3.6661336748438966,3.5175434984808684,3.6532986164093018,817376000,0.0,0.0,NVDA,1d
2017-06-06 00:00:00-04:00,3.6486087714552715,3.694765642068078,3.6234325105695175,3.63676118850708,758728000,0.0,0.0,NVDA,1d
2017-06-07 00:00:00-04:00,3.661197919173917,3.6994561739316425,3.6456478308247897,3.680697202682495,612612000,0.0,0.0,NVDA,1d
2017-06-08 00:00:00-04:00,3.787820244289543,3.9492457333152466,3.7466000371435957,3.9477648735046387,1161744000,0.0,0.0,NVDA,1d
2017-06-09 00:00:00-04:00,4.06624150169554,4.159048621071574,3.5234668329465664,3.6925439834594727,3692928000,0.0,0.0,NVDA,1d
2017-06-12 00:00:00-04:00,3.6007248659357423,3.7443786246800377,3.5076707992498215,3.7016773223876953,1697532000,0.0,0.0,NVDA,1d
2017-06-13 00:00:00-04:00,3.8110207140533654,3.8201535036109675,3.595046412536324,3.7369725704193115,1672504000,0.0,0.0,NVDA,1d
2017-06-14 00:00:00-04:00,3.7399354205405553,3.802629618386425,3.665393403885584,3.7448718547821045,1184640000,0.0,0.0,NVDA,1d
2017-06-15 00:00:00-04:00,3.6273815800058506,3.791275139323659,3.6160273819205333,3.760915517807007,963824000,0.0,0.0,NVDA,1d
2017-06-16 00:00:00-04:00,3.770541959111869,3.8184266186768197,3.7083413813624295,3.742403507232666,924960000,0.0,0.0,NVDA,1d
2017-06-19 00:00:00-04:00,3.786585636907503,3.8882788646785142,3.7828833701143374,3.8830955028533936,778176000,0.0,0.0,NVDA,1d
2017-06-20 00:00:00-04:00,3.925303421513276,3.9921937488743495,3.873222869302896,3.8774187564849854,1095444000,0.0,0.0,NVDA,1d
2017-06-21 00:00:00-04:00,3.9050632534128074,3.9398659277608994,3.8431093662056073,3.9361634254455566,682652000,0.0,0.0,NVDA,1d
2017-06-22 00:00:00-04:00,3.9443095730110125,3.9576384899963566,3.885070935848364,3.909013271331787,469132000,0.0,0.0,NVDA,1d
2017-06-23 00:00:00-04:00,3.9166638952168724,3.9324609078713944,3.781895785484872,3.796952486038208,1088588000,0.0,0.0,NVDA,1d
2017-06-26 00:00:00-04:00,3.829780624247379,3.8653238455509142,3.661197309544893,3.7554855346679688,1063960000,0.0,0.0,NVDA,1d
2017-06-27 00:00:00-04:00,3.737960018977722,3.7465989538585602,3.612324718724984,3.618001699447632,999492000,0.0,0.0,NVDA,1d
2017-06-28 00:00:00-04:00,3.6856329778163,3.7503018861432103,3.597515361124412,3.745612144470215,994948000,0.0,0.0,NVDA,1d
2017-06-29 00:00:00-04:00,3.7172275679626057,3.7201892875184126,3.556295702427886,3.6204710006713867,1064424000,0.0,0.0,NVDA,1d
2017-06-30 00:00:00-04:00,3.6377482314377665,3.651323836270244,3.5419791563358323,3.568142890930176,731060000,0.0,0.0,NVDA,1d
2017-07-03 00:00:00-04:00,3.580237749869711,3.5950472880457967,3.4205400645331614,3.439052104949951,709072000,0.0,0.0,NVDA,1d
2017-07-05 00:00:00-04:00,3.502486964323459,3.5597511101273605,3.483481303402643,3.530872344970703,820188000,0.0,0.0,NVDA,1d
2017-07-06 00:00:00-04:00,3.5017464412152846,3.5883829668595095,3.4496656606181246,3.541485548019409,746284000,0.0,0.0,NVDA,1d
2017-07-07 00:00:00-04:00,3.598254663917582,3.6407090165178135,3.5752995833438836,3.622443675994873,654972000,0.0,0.0,NVDA,1d
2017-07-10 00:00:00-04:00,3.696000047370384,3.801148618044155,3.6698363096762208,3.793743848800659,958492000,0.0,0.0,NVDA,1d
2017-07-11 00:00:00-04:00,3.797445762277314,3.855203518364601,3.7554850174150967,3.8475518226623535,757956000,0.0,0.0,NVDA,1d
2017-07-12 00:00:00-04:00,3.907285989519967,4.0232949434684695,3.8643379837861196,4.011200428009033,1145208000,0.0,0.0,NVDA,1d
2017-07-13 00:00:00-04:00,4.023293909876163,4.104747084443648,3.91839225820737,3.9647958278656006,1369132000,0.0,0.0,NVDA,1d
2017-07-14 00:00:00-04:00,3.981085703303223,4.072905585227561,3.974174554706052,4.071424961090088,941948000,0.0,0.0,NVDA,1d
2017-07-17 00:00:00-04:00,4.105486515687816,4.134365510432065,3.992439341908543,4.0541462898254395,930792000,0.0,0.0,NVDA,1d
2017-07-18 00:00:00-04:00,3.9931801703744516,4.1109173290578065,3.9813323526820366,4.0963544845581055,776640000,0.0,0.0,NVDA,1d
2017-07-19 00:00:00-04:00,4.105487706024676,4.131898374015307,4.063033565890428,4.075128078460693,687044000,0.0,0.0,NVDA,1d
2017-07-20 00:00:00-04:00,4.095614168938374,4.134612727697865,4.045755031548285,4.134366035461426,699596000,0.0,0.0,NVDA,1d
2017-07-21 00:00:00-04:00,4.1138793512517235,4.178795190334689,4.0995631979194975,4.149175643920898,648332000,0.0,0.0,NVDA,1d
2017-07-24 00:00:00-04:00,4.156333356237292,4.165959530887735,4.090430286914548,4.101043701171875,652524000,0.0,0.0,NVDA,1d
2017-07-25 00:00:00-04:00,4.078090421728044,4.09561546257163,4.037610755190661,4.081299304962158,496556000,0.0,0.0,NVDA,1d
2017-07-26 00:00:00-04:00,4.138809489255288,4.194345852172963,4.093639851310675,4.128442764282227,640404000,0.0,0.0,NVDA,1d
2017-07-27 00:00:00-04:00,4.1533720110262715,4.164973138035688,3.889019367982898,3.9921934604644775,782856000,0.0,0.0,NVDA,1d
2017-07-28 00:00:00-04:00,3.956403035116838,4.0820385899293905,3.9314737016528074,4.057602405548096,513348000,0.0,0.0,NVDA,1d
2017-07-31 00:00:00-04:00,4.071179620635079,4.10721647467782,3.964550154094064,4.011200428009033,559672000,0.0,0.0,NVDA,1d
2017-08-01 00:00:00-04:00,4.00182007623196,4.061799255902856,3.973928783156321,4.0600714683532715,431384000,0.0,0.0,NVDA,1d
2017-08-02 00:00:00-04:00,4.09117138139096,4.095120340346558,3.980592527260087,4.057602405548096,478444000,0.0,0.0,NVDA,1d
2017-08-03 00:00:00-04:00,4.057108733815611,4.112891776800878,4.040077554861996,4.109189510345459,442420000,0.0,0.0,NVDA,1d
2017-08-04 00:00:00-04:00,4.131899171486256,4.197802272650651,4.1091912371964145,4.127209663391113,589096000,0.0,0.0,NVDA,1d
2017-08-07 00:00:00-04:00,4.1563341107517875,4.2545712958766355,4.146707463567134,4.254077911376953,717412000,0.0,0.0,NVDA,1d
2017-08-08 00:00:00-04:00,4.292089347434649,4.308626673564978,4.164232611368347,4.2034783363342285,755336000,0.0,0.0,NVDA,1d
2017-08-09 00:00:00-04:00,4.157321041930439,4.250622021198831,4.138562075026808,4.2481536865234375,530784000,0.0,0.0,NVDA,1d
2017-08-10 00:00:00-04:00,4.249386659538741,4.261728330130652,4.056120758856715,4.0662407875061035,1328088000,0.0,0.0,NVDA,1d
2017-08-11 00:00:00-04:00,3.8786523342931205,3.924562277189722,3.7742443180808567,3.8495266437530518,1497196000,0.0,0.0,NVDA,1d
2017-08-14 00:00:00-04:00,3.9410997295706225,4.160282714729137,3.929498839197511,4.156580448150635,1279020000,0.0,0.0,NVDA,1d
2017-08-15 00:00:00-04:00,4.161764452996445,4.187927956892457,4.087222429939349,4.1215314865112305,764532000,0.0,0.0,NVDA,1d
2017-08-16 00:00:00-04:00,4.136587992313732,4.160036467798705,4.044027551649774,4.076361656188965,596632000,0.0,0.0,NVDA,1d
2017-08-17 00:00:00-04:00,4.0679688508905265,4.084999557128065,3.9833068209415914,3.985527992248535,525444000,0.0,0.0,NVDA,1d
2017-08-18 00:00:00-04:00,4.0398306270772775,4.056861805037799,3.9403588213355816,3.9862687587738037,601204000,0.0,0.0,NVDA,1d
2017-08-21 00:00:00-04:00,4.0107052521167,4.022059214711739,3.8843293916788144,3.928264617919922,623672000,0.0,0.0,NVDA,1d
2017-08-22 00:00:00-04:00,3.9648277876467257,4.021648062326939,3.9455582478750277,4.015718936920166,450456000,0.0035,0.0,NVDA,1d
2017-08-23 00:00:00-04:00,3.982368228983516,4.107125828784974,3.973721214786184,4.096008777618408,579520000,0.0,0.0,NVDA,1d
2017-08-24 00:00:00-04:00,4.128123955977943,4.132571152882596,4.054504894440306,4.080938339233398,469700000,0.0,0.0,NVDA,1d
2017-08-25 00:00:00-04:00,4.10514953904964,4.115278481011402,4.040423451236307,4.046846866607666,357200000,0.0,0.0,NVDA,1d
2017-08-28 00:00:00-04:00,4.0658691744902455,4.078715533758807,4.010283920808854,4.075503826141357,389496000,0.0,0.0,NVDA,1d
2017-08-29 00:00:00-04:00,4.016707187645477,4.090573632910378,4.008554464179501,4.068833351135254,324096000,0.0,0.0,NVDA,1d
2017-08-30 00:00:00-04:00,4.088597083762428,4.104161331711971,4.0582107298063805,4.093044281005859,384400000,0.0,0.0,NVDA,1d
2017-08-31 00:00:00-04:00,4.113301683903051,4.189885549037243,4.105890630916627,4.1859331130981445,612684000,0.0,0.0,NVDA,1d
2017-09-01 00:00:00-04:00,4.198532594072303,4.246706323647156,4.189885580188464,4.211131572723389,445432000,0.0,0.0,NVDA,1d
2017-09-05 00:00:00-04:00,4.159746848757631,4.164687865766663,4.040671448768647,4.098726749420166,695364000,0.0,0.0,NVDA,1d
2017-09-06 00:00:00-04:00,4.131585065667104,4.145419539603522,4.06142411538833,4.096257209777832,397672000,0.0,0.0,NVDA,1d
2017-09-07 00:00:00-04:00,4.11305559863064,4.14764177603428,4.075010803486636,4.115279197692871,352868000,0.0,0.0,NVDA,1d
2017-09-08 00:00:00-04:00,4.103665994352666,4.118488567777649,4.019670626275912,4.043880939483643,498856000,0.0,0.0,NVDA,1d
2017-09-11 00:00:00-04:00,4.08958627981217,4.185686843489904,4.084150972763203,4.175063610076904,567444000,0.0,0.0,NVDA,1d
2017-09-12 00:00:00-04:00,4.19976726883674,4.19976726883674,4.124912717795177,4.1901326179504395,411488000,0.0,0.0,NVDA,1d
2017-09-13 00:00:00-04:00,4.164933700701559,4.237812033577525,4.132571131404988,4.2089080810546875,580960000,0.0,0.0,NVDA,1d
2017-09-14 00:00:00-04:00,4.169875148316432,4.2630113726283625,4.145417918940865,4.184945106506348,513712000,0.0,0.0,NVDA,1d
2017-09-15 00:00:00-04:00,4.270421838742263,4.449529647827148,4.265233913757522,4.449529647827148,1364792000,0.0,0.0,NVDA,1d
2017-09-18 00:00:00-04:00,4.5737940842629525,4.723503673862385,4.566876849929093,4.633331775665283,1684460000,0.0,0.0,NVDA,1d
2017-09-19 00:00:00-04:00,4.582933535780131,4.690151106835826,4.560946349731899,4.628389835357666,874280000,0.0,0.0,NVDA,1d
2017-09-20 00:00:00-04:00,4.632095486642812,4.679528004950503,4.550817534312642,4.591085910797119,724920000,0.0,0.0,NVDA,1d
2017-09-21 00:00:00-04:00,4.487326945148827,4.513513947327477,4.387767803154719,4.465587139129639,1075600000,0.0,0.0,NVDA,1d
2017-09-22 00:00:00-04:00,4.45422382704277,4.503879950540513,4.412226136438774,4.422107696533203,491232000,0.0,0.0,NVDA,1d
2017-09-25 00:00:00-04:00,4.391225842214965,4.392461331386137,4.203718920841406,4.224470615386963,874580000,0.0,0.0,NVDA,1d
2017-09-26 00:00:00-04:00,4.359111610909414,4.414202571612205,4.20841392463787,4.248188018798828,1125620000,0.0,0.0,NVDA,1d
2017-09-27 00:00:00-04:00,4.338606435399583,4.354664500025269,4.267704324354901,4.3413238525390625,713720000,0.0,0.0,NVDA,1d
2017-09-28 00:00:00-04:00,4.3484875273895565,4.352440433568011,4.292655378125177,4.340088367462158,435244000,0.0,0.0,NVDA,1d
2017-09-29 00:00:00-04:00,4.4240836597563025,4.440141251175702,4.378874269277567,4.4164252281188965,619092000,0.0,0.0,NVDA,1d
2017-10-02 00:00:00-04:00,4.466575894961104,4.495727227601511,4.3726989536586816,4.422107696533203,503480000,0.0,0.0,NVDA,1d
2017-10-03 00:00:00-04:00,4.428284343413596,4.4611416779382544,4.387027846566556,4.431249141693115,390332000,0.0,0.0,NVDA,1d
2017-10-04 00:00:00-04:00,4.437425417656295,4.4905401681053965,4.400862554496504,4.468306064605713,427848000,0.0,0.0,NVDA,1d
2017-10-05 00:00:00-04:00,4.492763302297276,4.496221919319482,4.435942559673739,4.465835094451904,437364000,0.0,0.0,NVDA,1d
2017-10-06 00:00:00-04:00,4.438165414403777,4.492268259269332,4.4221073504058905,4.4789276123046875,318800000,0.0,0.0,NVDA,1d
2017-10-09 00:00:00-04:00,4.515739028331445,4.613075085567811,4.49696354042594,4.579970836639404,563492000,0.0,0.0,NVDA,1d
2017-10-10 00:00:00-04:00,4.729185493034331,4.766736463553364,4.626167704766562,4.667424201965332,974876000,0.0,0.0,NVDA,1d
2017-10-11 00:00:00-04:00,4.6839758735281745,4.718562515356337,4.638025742724005,4.717080116271973,529508000,0.0,0.0,NVDA,1d
2017-10-12 00:00:00-04:00,4.72053862634883,4.770194753738508,4.692128490948991,4.719303607940674,528292000,0.0,0.0,NVDA,1d
2017-10-13 00:00:00-04:00,4.781559209630894,4.817380872798987,4.734620966032641,4.807251930236816,628728000,0.0,0.0,NVDA,1d
2017-10-16 00:00:00-04:00,4.837144327544128,4.892729584089704,4.7739006369322174,4.889764785766602,576640000,0.0,0.0,NVDA,1d
2017-10-17 00:00:00-04:00,4.869012350868152,4.913727458847176,4.85073115835991,4.885317325592041,478596000,0.0,0.0,NVDA,1d
2017-10-18 00:00:00-04:00,4.894211560199537,4.894952288515025,4.7758769133917385,4.881117820739746,567316000,0.0,0.0,NVDA,1d
2017-10-19 00:00:00-04:00,4.80354553818605,4.891493355125341,4.754383704636298,4.886552810668945,570772000,0.0,0.0,NVDA,1d
2017-10-20 00:00:00-04:00,4.9035971994414025,4.9307718332614225,4.855423021122015,4.864316940307617,451620000,0.0,0.0,NVDA,1d
2017-10-23 00:00:00-04:00,4.8860588926733035,4.912492810132891,4.837143964821431,4.8574018478393555,428696000,0.0,0.0,NVDA,1d
2017-10-24 00:00:00-04:00,4.8665419878409555,4.9100220787988045,4.840602361645024,4.908292770385742,407244000,0.0,0.0,NVDA,1d
2017-10-25 00:00:00-04:00,4.8687651990597445,4.921633027369346,4.722761633282788,4.784275531768799,828160000,0.0,0.0,NVDA,1d
2017-10-26 00:00:00-04:00,4.811945867944246,4.846037750039556,4.787982456853327,4.8344268798828125,322744000,0.0,0.0,NVDA,1d
2017-10-27 00:00:00-04:00,4.886552300267171,4.987099555270756,4.8606122063749,4.986852645874023,572192000,0.0,0.0,NVDA,1d
2017-10-30 00:00:00-04:00,4.986853108517952,5.0913528083685415,4.971041952838556,5.035768032073975,504056000,0.0,0.0,NVDA,1d
2017-10-31 00:00:00-04:00,5.067637940148318,5.135822180449626,5.061955723789338,5.1091413497924805,411908000,0.0,0.0,NVDA,1d
2017-11-01 00:00:00-04:00,5.171890594772702,5.187207463440395,5.0545440426778105,5.118775844573975,502576000,0.0,0.0,NVDA,1d
2017-11-02 00:00:00-04:00,5.089130313991004,5.133845426967288,5.03107455147644,5.087647914886475,342308000,0.0,0.0,NVDA,1d
2017-11-03 00:00:00-04:00,5.118774098589684,5.15558385848999,5.072823979461197,5.15558385848999,353640000,0.0,0.0,NVDA,1d
2017-11-06 00:00:00-05:00,5.1187757516075,5.187454278695054,5.106423681590806,5.178807735443115,389944000,0.0,0.0,NVDA,1d
2017-11-07 00:00:00-05:00,5.201535282518944,5.25959103879726,5.189430123935168,5.238097667694092,427700000,0.0,0.0,NVDA,1d
2017-11-08 00:00:00-05:00,5.233650711538345,5.237356708738341,5.119763273617123,5.167195796966553,522988000,0.0,0.0,NVDA,1d
2017-11-09 00:00:00-05:00,5.071094503097845,5.097281032992229,4.9500424694778555,5.072329521179199,978564000,0.0,0.0,NVDA,1d
2017-11-10 00:00:00-05:00,5.264038186200222,5.402136428571253,5.228216526426406,5.339633941650391,1253256000,0.0,0.0,NVDA,1d
2017-11-13 00:00:00-05:00,5.339634394653039,5.365079734338347,5.2376047128434555,5.2529215812683105,582376000,0.0,0.0,NVDA,1d
2017-11-14 00:00:00-05:00,5.262061699276421,5.306529903297552,5.218334694815808,5.291213035583496,529292000,0.0,0.0,NVDA,1d
2017-11-15 00:00:00-05:00,5.236121283370766,5.237356772852946,5.133597802805067,5.187453269958496,501948000,0.0,0.0,NVDA,1d
2017-11-16 00:00:00-05:00,5.261568089272967,5.291707535790293,5.218829192129079,5.227722644805908,441768000,0.0,0.0,NVDA,1d
2017-11-17 00:00:00-05:00,5.284790824425731,5.320118200368911,5.2064776376200745,5.2215471267700195,515664000,0.0,0.0,NVDA,1d
2017-11-20 00:00:00-05:00,5.23711161647805,5.300849612955418,5.2003018362151945,5.2887444496154785,396100000,0.0,0.0,NVDA,1d
2017-11-21 00:00:00-05:00,5.328516997821582,5.349021790880776,5.296648244513089,5.3374104499816895,399176000,0.0,0.0,NVDA,1d
2017-11-22 00:00:00-05:00,5.364604845726202,5.364604845726202,5.2807981754865265,5.3134307861328125,356640000,0.00375,0.0,NVDA,1d
2017-11-24 00:00:00-05:00,5.32974560458883,5.364603349134628,5.30527091766763,5.363614082336426,180752000,0.0,0.0,NVDA,1d
2017-11-27 00:00:00-05:00,5.372267580222662,5.3735034565377005,5.290685597573749,5.2938995361328125,422896000,0.0,0.0,NVDA,1d
2017-11-28 00:00:00-05:00,5.2990910396431685,5.308485302788841,5.148041586444104,5.209104061126709,512752000,0.0,0.0,NVDA,1d
2017-11-29 00:00:00-05:00,5.191797993629946,5.19451729822459,4.7275249478788295,4.855830669403076,1396788000,0.0,0.0,NVDA,1d
2017-11-30 00:00:00-05:00,4.924557859108737,5.010589185635246,4.8615177930239115,4.961887359619141,823768000,0.0,0.0,NVDA,1d
2017-12-01 00:00:00-05:00,4.92727737025233,4.9475493264088515,4.758181096220914,4.886981010437012,811548000,0.0,0.0,NVDA,1d
2017-12-04 00:00:00-05:00,4.945572177331344,4.951752974930178,4.561150426033752,4.614549160003662,1240844000,0.0,0.0,NVDA,1d
2017-12-05 00:00:00-05:00,4.509233430866469,4.763866851278657,4.464240178847123,4.641247272491455,981488000,0.0,0.0,NVDA,1d
2017-12-06 00:00:00-05:00,4.590815973655082,4.700580294958526,4.569555219121906,4.678825378417969,467032000,0.0,0.0,NVDA,1d
2017-12-07 00:00:00-05:00,4.745572811181132,4.78611672278776,4.700084922634661,4.746314525604248,542600000,0.0,0.0,NVDA,1d
2017-12-08 00:00:00-05:00,4.796250374550258,4.815286446639896,4.72554658060032,4.733952045440674,466876000,0.0,0.0,NVDA,1d
2017-12-11 00:00:00-05:00,4.74804383316323,4.8152870893325845,4.732222167904817,4.812320232391357,372748000,0.0,0.0,NVDA,1d
2017-12-12 00:00:00-05:00,4.768811509804254,4.792049851211702,4.694399118191513,4.717884540557861,455016000,0.0,0.0,NVDA,1d
2017-12-13 00:00:00-05:00,4.758922621300222,4.760158497625401,4.595264964273584,4.602681636810303,554280000,0.0,0.0,NVDA,1d
2017-12-14 00:00:00-05:00,4.596252459598583,4.680800805100079,4.56361986411276,4.609849452972412,438164000,0.0,0.0,NVDA,1d
2017-12-15 00:00:00-05:00,4.653856737296197,4.75595730843523,4.588838594151709,4.735685348510742,670036000,0.0,0.0,NVDA,1d
2017-12-18 00:00:00-05:00,4.776229500312513,4.895388109615978,4.746563742158926,4.892421722412109,477704000,0.0,0.0,NVDA,1d
2017-12-19 00:00:00-05:00,4.8830251640102915,4.888216692827193,4.819737551408394,4.848167419433594,373100000,0.0,0.0,NVDA,1d
2017-12-20 00:00:00-05:00,4.887476295538861,4.896623007902866,4.809602870771989,4.865226745605469,288820000,0.0,0.0,NVDA,1d
2017-12-21 00:00:00-05:00,4.868685299060954,4.893654141953032,4.834322196033683,4.8427276611328125,300904000,0.0,0.0,NVDA,1d
2017-12-22 00:00:00-05:00,4.805894281653527,4.836796378809041,4.728020864793629,4.827402114868164,466276000,0.0,0.0,NVDA,1d
2017-12-26 00:00:00-05:00,4.77202466887576,4.888711001828573,4.742111371280177,4.881047248840332,355080000,0.0,0.0,NVDA,1d
2017-12-27 00:00:00-05:00,4.8676994244313505,4.943594793677546,4.85311362795969,4.874373912811279,329488000,0.0,0.0,NVDA,1d
2017-12-28 00:00:00-05:00,4.898105098898695,4.9290071907499975,4.873877964509658,4.880058288574219,240248000,0.0,0.0,NVDA,1d
2017-12-29 00:00:00-05:00,4.906263778853108,4.906263778853108,4.783644199371338,4.783644199371338,279964000,0.0,0.0,NVDA,1d
2018-01-02 00:00:00-05:00,4.840010981992647,4.931976052111329,4.808367634479755,4.928267478942871,355616000,0.0,0.0,NVDA,1d
2018-01-03 00:00:00-05:00,5.04569409396009,5.283022431580959,5.037041544979342,5.252614498138428,914704000,0.0,0.0,NVDA,1d
2018-01-04 00:00:00-05:00,5.333950243496966,5.390562918784544,5.258054403212259,5.280303955078125,583268000,0.0,0.0,NVDA,1d
2018-01-05 00:00:00-05:00,5.295135151461175,5.362377941770757,5.218250546808225,5.325048446655273,580124000,0.0,0.0,NVDA,1d
2018-01-08 00:00:00-05:00,5.448657465829834,5.562376945946601,5.40366374138329,5.4882121086120605,881216000,0.0,0.0,NVDA,1d
2018-01-09 00:00:00-05:00,5.493651661986156,5.53320631155976,5.405148098200573,5.486729621887207,497000000,0.0,0.0,NVDA,1d
2018-01-10 00:00:00-05:00,5.394270219595857,5.533206121859528,5.339882696178926,5.529745101928711,582664000,0.0,0.0,NVDA,1d
2018-01-11 00:00:00-05:00,5.562377939225992,5.593774672411092,5.518125921264661,5.5396342277526855,406032000,0.0,0.0,NVDA,1d
2018-01-12 00:00:00-05:00,5.527767235721763,5.562130352331942,5.471896286108399,5.512439727783203,359916000,0.0,0.0,NVDA,1d
2018-01-16 00:00:00-05:00,5.538891922709509,5.624428619904985,5.356940364207161,5.441488265991211,702348000,0.0,0.0,NVDA,1d
2018-01-17 00:00:00-05:00,5.456074898668032,5.565344588663192,5.3621327187295424,5.555456161499023,538408000,0.0,0.0,NVDA,1d
2018-01-18 00:00:00-05:00,5.536172317788228,5.602920961181686,5.505023139482716,5.5485334396362305,408632000,0.0,0.0,NVDA,1d
2018-01-19 00:00:00-05:00,5.638768681320893,5.71293354173676,5.611822231680203,5.688706398010254,609380000,0.0,0.0,NVDA,1d
2018-01-22 00:00:00-05:00,5.696615141601372,5.778938361040246,5.639013690393766,5.777207851409912,550944000,0.0,0.0,NVDA,1d
2018-01-23 00:00:00-05:00,5.830607924745259,5.929000387141968,5.812066947907038,5.906256675720215,475228000,0.0,0.0,NVDA,1d
2018-01-24 00:00:00-05:00,5.909469539169948,5.945316084199526,5.773747584445746,5.829371452331543,579972000,0.0,0.0,NVDA,1d
2018-01-25 00:00:00-05:00,5.883758025758446,5.92702123672238,5.828134638349595,5.842967510223389,409884000,0.0,0.0,NVDA,1d
2018-01-26 00:00:00-05:00,5.886726834272848,6.015773852558797,5.87387154864693,6.01552677154541,516356000,0.0,0.0,NVDA,1d
2018-01-29 00:00:00-05:00,6.00093935199318,6.13369490720129,5.948282347142214,6.102545261383057,455116000,0.0,0.0,NVDA,1d
2018-01-30 00:00:00-05:00,5.96064269155992,6.091914811329977,5.89389406017952,6.000444412231445,570832000,0.0,0.0,NVDA,1d
2018-01-31 00:00:00-05:00,6.075845962626409,6.162371919159621,6.0432133592736355,6.076587677001953,478576000,0.0,0.0,NVDA,1d
2018-02-01 00:00:00-05:00,5.896615351489693,6.103783353799303,5.885243494828093,5.945564270019531,519224000,0.0,0.0,NVDA,1d
2018-02-02 00:00:00-05:00,5.859038250068228,5.883018309442739,5.714910812825561,5.773006439208984,718464000,0.0,0.0,NVDA,1d
2018-02-05 00:00:00-05:00,5.611820677836954,5.765836520410501,5.067943613617772,5.283022403717041,1165204000,0.0,0.0,NVDA,1d
2018-02-06 00:00:00-05:00,5.05311255660563,5.579684240735255,5.043223656251143,5.576717853546143,1114800000,0.0,0.0,NVDA,1d
2018-02-07 00:00:00-05:00,5.675601822535591,5.808851532722298,5.604403376761869,5.656318664550781,802932000,0.0,0.0,NVDA,1d
2018-02-08 00:00:00-05:00,5.781906606178712,5.815033378045082,5.377212450372198,5.37746000289917,1144000000,0.0,0.0,NVDA,1d
2018-02-09 00:00:00-05:00,5.889938639059941,5.905760305698723,5.37745838142469,5.737405776977539,1674604000,0.0,0.0,NVDA,1d
2018-02-12 00:00:00-05:00,5.818493642838531,5.821460500548078,5.563118960693679,5.637283802032471,1093172000,0.0,0.0,NVDA,1d
2018-02-13 00:00:00-05:00,5.60094261425498,5.797232864642064,5.56855709237193,5.751003265380859,625524000,0.0,0.0,NVDA,1d
2018-02-14 00:00:00-05:00,5.71070765807039,5.997232001447178,5.699582884214901,5.9683074951171875,744988000,0.0,0.0,NVDA,1d
2018-02-15 00:00:00-05:00,6.051620049105671,6.140123614163556,5.970780238771598,6.093894004821777,698900000,0.0,0.0,NVDA,1d
2018-02-16 00:00:00-05:00,6.066699239078996,6.180418717140692,6.018986210426803,6.028133392333984,637656000,0.0,0.0,NVDA,1d
2018-02-20 00:00:00-05:00,6.0506302700600525,6.226648576040035,6.046921698036113,6.157675266265869,686240000,0.0,0.0,NVDA,1d
2018-02-21 00:00:00-05:00,6.222198995329635,6.229121034663457,5.966823839825248,5.970531940460205,892292000,0.0,0.0,NVDA,1d
2018-02-22 00:00:00-05:00,6.004422258275409,6.076159433249199,5.924521625586391,5.990074634552002,534364000,0.00375,0.0,NVDA,1d
2018-02-23 00:00:00-05:00,6.049939146392691,6.083581447601318,5.9992282241088875,6.083581447601318,415300000,0.0,0.0,NVDA,1d
2018-02-26 00:00:00-05:00,6.129840004557426,6.134292585903034,6.037323319109484,6.099660873413086,469312000,0.0,0.0,NVDA,1d
2018-02-27 00:00:00-05:00,6.072942654144722,6.157296327600096,6.063790259578754,6.086795806884766,455436000,0.0,0.0,NVDA,1d
2018-02-28 00:00:00-05:00,6.097681742160122,6.137260977998317,5.974738687757787,5.98636531829834,523116000,0.0,0.0,NVDA,1d
2018-03-01 00:00:00-05:00,5.984137927134577,6.038064781515423,5.643014183931714,5.7441887855529785,1040120000,0.0,0.0,NVDA,1d
2018-03-02 00:00:00-05:00,5.636582230098282,5.8577316352340345,5.487912648839647,5.85129976272583,913428000,0.0,0.0,NVDA,1d
2018-03-05 00:00:00-05:00,5.801084357975447,5.86886390141917,5.677646370047795,5.82928466796875,620776000,0.0,0.0,NVDA,1d
2018-03-06 00:00:00-05:00,5.914626823388165,6.0096172590815,5.871584422286672,5.990322113037109,636808000,0.0,0.0,NVDA,1d
2018-03-07 00:00:00-05:00,5.88741476867348,6.034600444574324,5.886178124393155,5.982405185699463,581208000,0.0,0.0,NVDA,1d
2018-03-08 00:00:00-05:00,6.009864767289169,6.009864767289169,5.92180066928841,5.966080188751221,411912000,0.0,0.0,NVDA,1d
2018-03-09 00:00:00-05:00,6.013574493359089,6.08160126127383,5.997495756531961,6.0687384605407715,505524000,0.0,0.0,NVDA,1d
2018-03-12 00:00:00-04:00,6.110049266529086,6.258471133876668,6.1018858090413,6.178323268890381,605060000,0.0,0.0,NVDA,1d
2018-03-13 00:00:00-04:00,6.221119641023295,6.295578295506325,6.086302723596643,6.127613544464111,619772000,0.0,0.0,NVDA,1d
2018-03-14 00:00:00-04:00,6.170654039390379,6.197864932110579,6.0907534181582,6.153090953826904,505496000,0.0,0.0,NVDA,1d
2018-03-15 00:00:00-04:00,6.166696342928952,6.249070251987616,6.125880004227634,6.167932987213135,401952000,0.0,0.0,NVDA,1d
2018-03-16 00:00:00-04:00,6.184260227745709,6.215181528884437,6.146659819872974,6.196134090423584,399456000,0.0,0.0,NVDA,1d
2018-03-19 00:00:00-04:00,6.139239063752758,6.1681810734862195,5.862678936377799,5.961627006530762,713772000,0.0,0.0,NVDA,1d
2018-03-20 00:00:00-04:00,5.964595036483192,6.212707614865484,5.964595036483192,6.17387056350708,554696000,0.0,0.0,NVDA,1d
2018-03-21 00:00:00-04:00,6.167438456214533,6.233734106697758,6.118211895102395,6.148638725280762,438688000,0.0,0.0,NVDA,1d
2018-03-22 00:00:00-04:00,6.085311601035697,6.131817165746001,5.945299966079538,5.98265266418457,551196000,0.0,0.0,NVDA,1d
2018-03-23 00:00:00-04:00,5.996258088521984,5.998731848995828,5.751856404293622,5.762988090515137,735620000,0.0,0.0,NVDA,1d
2018-03-26 00:00:00-04:00,5.887415644090622,6.0489484936768525,5.835468083804829,6.0477118492126465,611424000,0.0,0.0,NVDA,1d
2018-03-27 00:00:00-04:00,6.128602015284877,6.184260453732798,5.438438793995544,5.578697681427002,1409000000,0.0,0.0,NVDA,1d
2018-03-28 00:00:00-04:00,5.544312918280471,5.67442952116933,5.367937981675976,5.475543975830078,945904000,0.0,0.0,NVDA,1d
2018-03-29 00:00:00-04:00,5.543817060428423,5.825571890254185,5.459463864345087,5.728850364685059,916628000,0.0,0.0,NVDA,1d
2018-04-02 00:00:00-04:00,5.658351059091432,5.804546877522229,5.380306574265453,5.468122959136963,922092000,0.0,0.0,NVDA,1d
2018-04-03 00:00:00-04:00,5.6350979338523794,5.698177178832927,5.475543911142948,5.57449197769165,667432000,0.0,0.0,NVDA,1d
2018-04-04 00:00:00-04:00,5.3187112502757286,5.606898015277474,5.293726879443016,5.596508502960205,789168000,0.0,0.0,NVDA,1d
2018-04-05 00:00:00-04:00,5.65488837491038,5.6679988835895365,5.404796940860994,5.476286888122559,701240000,0.0,0.0,NVDA,1d
2018-04-06 00:00:00-04:00,5.373627006394629,5.481727937384405,5.270720831073199,5.299910545349121,662988000,0.0,0.0,NVDA,1d
2018-04-09 00:00:00-04:00,5.362989640990333,5.490880170011937,5.308567858193844,5.3286051750183105,499524000,0.0,0.0,NVDA,1d
2018-04-10 00:00:00-04:00,5.558907126058944,5.664781522547766,5.501764346437484,5.637818336486816,761676000,0.0,0.0,NVDA,1d
2018-04-11 00:00:00-04:00,5.622977224644422,5.664288039378789,5.5638556151568945,5.596508502960205,460244000,0.0,0.0,NVDA,1d
2018-04-12 00:00:00-04:00,5.689518813970573,5.821119755928088,5.645239303998829,5.803308963775635,593920000,0.0,0.0,NVDA,1d
2018-04-13 00:00:00-04:00,5.866883361640991,5.875294053120208,5.678387337811307,5.726624488830566,503036000,0.0,0.0,NVDA,1d
2018-04-16 00:00:00-04:00,5.733304783081678,5.759773507364102,5.632130173502592,5.726378440856934,350792000,0.0,0.0,NVDA,1d
2018-04-17 00:00:00-04:00,5.77857151841472,5.897309173001503,5.722913095382948,5.876035213470459,447224000,0.0,0.0,NVDA,1d
2018-04-18 00:00:00-04:00,5.8255719099722665,5.9183357968942545,5.758040094709692,5.847093105316162,391364000,0.0,0.0,NVDA,1d
2018-04-19 00:00:00-04:00,5.732808357753259,5.766203415613488,5.610360284087309,5.665771007537842,471996000,0.0,0.0,NVDA,1d
2018-04-20 00:00:00-04:00,5.657115475391481,5.741468712373064,5.626441871284749,5.6576104164123535,386200000,0.0,0.0,NVDA,1d
2018-04-23 00:00:00-04:00,5.675419994369608,5.726625382941391,5.512155547665155,5.5381293296813965,427508000,0.0,0.0,NVDA,1d
2018-04-24 00:00:00-04:00,5.563853495318577,5.659832830417658,5.406526047828456,5.471831798553467,414596000,0.0,0.0,NVDA,1d
2018-04-25 00:00:00-04:00,5.4421492172352615,5.4812339774552985,5.202200080694767,5.359527587890625,588492000,0.0,0.0,NVDA,1d
2018-04-26 00:00:00-04:00,5.52130650324398,5.579438690338107,5.455258566337518,5.571275234222412,375824000,0.0,0.0,NVDA,1d
2018-04-27 00:00:00-04:00,5.677150164373744,5.696939775045615,5.5564332090002555,5.598733425140381,400848000,0.0,0.0,NVDA,1d
2018-04-30 00:00:00-04:00,5.615060537009952,5.664782040029214,5.544065542045836,5.563360214233398,327844000,0.0,0.0,NVDA,1d
2018-05-01 00:00:00-04:00,5.555197837942924,5.621493025296712,5.4965706959447616,5.618772029876709,253788000,0.0,0.0,NVDA,1d
2018-05-02 00:00:00-04:00,5.615308995721774,5.6598352771562865,5.572018887024208,5.598240375518799,268248000,0.0,0.0,NVDA,1d
2018-05-03 00:00:00-04:00,5.630150507860985,5.789704533270901,5.584881583817898,5.763483047485352,443144000,0.0,0.0,NVDA,1d
2018-05-04 00:00:00-04:00,5.734788457312451,5.916853097428764,5.717472603794044,5.913637161254883,400660000,0.0,0.0,NVDA,1d
2018-05-07 00:00:00-04:00,6.018274968649216,6.208750302230885,6.008379925533564,6.151607513427734,687616000,0.0,0.0,NVDA,1d
2018-05-08 00:00:00-04:00,6.151854521820691,6.196876211427336,6.102875192570566,6.194155216217041,506616000,0.0,0.0,NVDA,1d
2018-05-09 00:00:00-04:00,6.214191537651338,6.3294660393741395,6.186980644211815,6.327239513397217,596760000,0.0,0.0,NVDA,1d
2018-05-10 00:00:00-04:00,6.3801783217513455,6.443999751623154,6.362367525570258,6.434847354888916,994080000,0.0,0.0,NVDA,1d
2018-05-11 00:00:00-04:00,6.253028900048545,6.426435602156817,6.19761817238412,6.296318531036377,1214456000,0.0,0.0,NVDA,1d
2018-05-14 00:00:00-04:00,6.334413265589218,6.394277039642068,6.293102458349417,6.316849708557129,523140000,0.0,0.0,NVDA,1d
2018-05-15 00:00:00-04:00,6.253276301798969,6.255997768809494,5.973995186275982,6.074427604675293,963528000,0.0,0.0,NVDA,1d
2018-05-16 00:00:00-04:00,6.035837390320338,6.147648722979636,5.998979160881268,6.085558891296387,553828000,0.0,0.0,NVDA,1d
2018-05-17 00:00:00-04:00,6.087292133703992,6.221366875594708,6.071212921949886,6.127613544464111,519784000,0.0,0.0,NVDA,1d
2018-05-18 00:00:00-04:00,6.179559611319847,6.242886084353783,6.078879497959994,6.083827018737793,483716000,0.0,0.0,NVDA,1d
2018-05-21 00:00:00-04:00,6.1812933904285785,6.185003796418142,5.949012255954496,6.041776180267334,640624000,0.0,0.0,NVDA,1d
2018-05-22 00:00:00-04:00,6.0551318792638185,6.080363478781658,5.943072852387113,6.003678798675537,518264000,0.0,0.0,NVDA,1d
2018-05-23 00:00:00-04:00,5.947491988069215,6.128431809099097,5.946749353691373,6.127193927764893,442956000,0.00375,0.0,NVDA,1d
2018-05-24 00:00:00-04:00,6.123481658641981,6.173233916435809,6.070264088250113,6.13090705871582,437372000,0.0,0.0,NVDA,1d
2018-05-25 00:00:00-04:00,6.14352986232995,6.186598875093425,6.1078867204997245,6.170262336730957,292112000,0.0,0.0,NVDA,1d
2018-05-29 00:00:00-04:00,6.152193915246618,6.221253248895542,6.106402219022261,6.153183937072754,352684000,0.0,0.0,NVDA,1d
2018-05-30 00:00:00-04:00,6.186847644038906,6.270757778986238,6.162095209402943,6.262094497680664,390996000,0.0,0.0,NVDA,1d
2018-05-31 00:00:00-04:00,6.230163334903064,6.316796610120592,6.219520011125515,6.2422919273376465,493868000,0.0,0.0,NVDA,1d
2018-06-01 00:00:00-04:00,6.287093721264597,6.382885525601006,6.278430440783705,6.376697063446045,421968000,0.0,0.0,NVDA,1d
2018-06-04 00:00:00-04:00,6.410855486269727,6.577686192519927,6.378677654405407,6.555656909942627,642024000,0.0,0.0,NVDA,1d
2018-06-05 00:00:00-04:00,6.558874487191297,6.598726050744188,6.514072814720706,6.561102390289307,391712000,0.0,0.0,NVDA,1d
2018-06-06 00:00:00-04:00,6.471004526033939,6.566301097087873,6.454667984485077,6.563083171844482,371356000,0.0,0.0,NVDA,1d
2018-06-07 00:00:00-04:00,6.559368745253394,6.571249949091458,6.41704263080351,6.507389068603516,369448000,0.0,0.0,NVDA,1d
2018-06-08 00:00:00-04:00,6.434619400893491,6.534618704203673,6.415807566626795,6.492044925689697,360456000,0.0,0.0,NVDA,1d
2018-06-11 00:00:00-04:00,6.479420527359931,6.521004280311896,6.438084161857407,6.450955390930176,265372000,0.0,0.0,NVDA,1d
2018-06-12 00:00:00-04:00,6.477440471285103,6.511598351668126,6.4271929644497385,6.499469757080078,319160000,0.0,0.0,NVDA,1d
2018-06-13 00:00:00-04:00,6.5009524076649265,6.575951848367418,6.485853281316737,6.495011806488037,338208000,0.0,0.0,NVDA,1d
2018-06-14 00:00:00-04:00,6.5400634433694975,6.663329895441756,6.525211699562496,6.60664701461792,430016000,0.0,0.0,NVDA,1d
2018-06-15 00:00:00-04:00,6.5494684190134045,6.620755179009608,6.518527996462253,6.565804958343506,432260000,0.0,0.0,NVDA,1d
2018-06-18 00:00:00-04:00,6.521746259408911,6.579171773510116,6.494519007189314,6.56159782409668,356268000,0.0,0.0,NVDA,1d
2018-06-19 00:00:00-04:00,6.4583794905920655,6.52570616024331,6.3123411376602325,6.439815521240234,594932000,0.0,0.0,NVDA,1d
2018-06-20 00:00:00-04:00,6.480904249470554,6.545755154255158,6.442537958858666,6.492785453796387,369780000,0.0,0.0,NVDA,1d
2018-06-21 00:00:00-04:00,6.524717446791154,6.543034032415994,6.356401447084333,6.36407470703125,359516000,0.0,0.0,NVDA,1d
2018-06-22 00:00:00-04:00,6.384865913156691,6.398232387826539,6.19625330380635,6.211599349975586,434160000,0.0,0.0,NVDA,1d
2018-06-25 00:00:00-04:00,6.105165039036301,6.10887773905209,5.830166519708088,5.9187798500061035,665816000,0.0,0.0,NVDA,1d
2018-06-26 00:00:00-04:00,6.032144468757382,6.080411448241831,5.938332715310094,5.9898176193237305,478884000,0.0,0.0,NVDA,1d
2018-06-27 00:00:00-04:00,6.033383571629185,6.099719763619654,5.829176554205577,5.834622383117676,453892000,0.0,0.0,NVDA,1d
2018-06-28 00:00:00-04:00,5.824720560383284,5.973729942128947,5.817047300973255,5.961848735809326,338012000,0.0,0.0,NVDA,1d
2018-06-29 00:00:00-04:00,6.026947145172465,6.039570513021553,5.8625912545835215,5.863829135894775,392300000,0.0,0.0,NVDA,1d
2018-07-02 00:00:00-04:00,5.794274805229378,5.999719188362645,5.773730319704715,5.996006488800049,357572000,0.0,0.0,NVDA,1d
2018-07-03 00:00:00-04:00,6.030660254118838,6.036600857321169,5.853928371104711,5.862344264984131,222732000,0.0,0.0,NVDA,1d
2018-07-05 00:00:00-04:00,5.917542419390895,6.013086382124095,5.878681343643111,6.00813627243042,306216000,0.0,0.0,NVDA,1d
2018-07-06 00:00:00-04:00,5.983629881731467,6.130411341829184,5.962342762423046,6.121995449066162,296352000,0.0,0.0,NVDA,1d
2018-07-09 00:00:00-04:00,6.196252369748297,6.205905671047215,6.090807273391409,6.169519424438477,303880000,0.0,0.0,NVDA,1d
2018-07-10 00:00:00-04:00,6.181897553593382,6.29056013180557,6.141551209403484,6.26853084564209,360016000,0.0,0.0,NVDA,1d
2018-07-11 00:00:00-04:00,6.175709161682702,6.2103622874078965,6.116303128848898,6.126946926116943,367508000,0.0,0.0,NVDA,1d
2018-07-12 00:00:00-04:00,6.17224512626254,6.266551219658852,6.162343961370361,6.218531608581543,345508000,0.0,0.0,NVDA,1d
2018-07-13 00:00:00-04:00,6.23709316795455,6.23709316795455,6.129172786758629,6.1712517738342285,246988000,0.0,0.0,NVDA,1d
2018-07-16 00:00:00-04:00,6.143529891967773,6.196500066231124,6.131153912466004,6.143529891967773,197036000,0.0,0.0,NVDA,1d
2018-07-17 00:00:00-04:00,6.094273554163843,6.294519983644975,6.068778485957057,6.279420852661133,362136000,0.0,0.0,NVDA,1d
2018-07-18 00:00:00-04:00,6.2719951808340175,6.285856429863127,6.1791739121311835,6.23016357421875,277640000,0.0,0.0,NVDA,1d
2018-07-19 00:00:00-04:00,6.2113524050045354,6.271995848071747,6.196253745183028,6.238332271575928,235752000,0.0,0.0,NVDA,1d
2018-07-20 00:00:00-04:00,6.235855497735724,6.274716558872414,6.199221867095346,6.210113048553467,222352000,0.0,0.0,NVDA,1d
2018-07-23 00:00:00-04:00,6.183628582142008,6.185361238084589,6.021748000978052,6.173480033874512,301584000,0.0,0.0,NVDA,1d
2018-07-24 00:00:00-04:00,6.221499832106269,6.308133104225714,6.13857925938327,6.156153678894043,354620000,0.0,0.0,NVDA,1d
2018-07-25 00:00:00-04:00,6.1655601902637835,6.246995502268984,6.107639430235458,6.234371662139893,319112000,0.0,0.0,NVDA,1d
2018-07-26 00:00:00-04:00,6.214322686613513,6.344767151704547,6.197490899059358,6.307886123657227,325124000,0.0,0.0,NVDA,1d
2018-07-27 00:00:00-04:00,6.344518963231708,6.3514495873228665,6.184123643197227,6.238083839416504,295420000,0.0,0.0,NVDA,1d
2018-07-30 00:00:00-04:00,6.252193951620231,6.258134554954722,6.0078879968154,6.042788982391357,340340000,0.0,0.0,NVDA,1d
2018-07-31 00:00:00-04:00,6.032393114086684,6.135610331028359,5.993532040582283,6.060858249664307,283988000,0.0,0.0,NVDA,1d
2018-08-01 00:00:00-04:00,6.092293063786336,6.147490670835771,6.036847597216381,6.100708484649658,283556000,0.0,0.0,NVDA,1d
2018-08-02 00:00:00-04:00,6.029422864046929,6.207392170845186,5.970512546317374,6.203432083129883,269668000,0.0,0.0,NVDA,1d
2018-08-03 00:00:00-04:00,6.227936503287816,6.263827511955669,6.2111051866950175,6.240065097808838,214288000,0.0,0.0,NVDA,1d
2018-08-06 00:00:00-04:00,6.227440029312622,6.291300909766768,6.180905707732599,6.287835597991943,207508000,0.0,0.0,NVDA,1d
2018-08-07 00:00:00-04:00,6.336599067965504,6.3786780644087235,6.309866590145665,6.360113620758057,258132000,0.0,0.0,NVDA,1d
2018-08-08 00:00:00-04:00,6.3613517330951685,6.441549169466476,6.326450747725566,6.3964996337890625,262100000,0.0,0.0,NVDA,1d
2018-08-09 00:00:00-04:00,6.414322417427719,6.417045095996287,6.340312960558331,6.347986221313477,204280000,0.0,0.0,NVDA,1d
2018-08-10 00:00:00-04:00,6.266055003162194,6.339074425046387,6.25491643127771,6.3066487312316895,256396000,0.0,0.0,NVDA,1d
2018-08-13 00:00:00-04:00,6.315312379776696,6.460361210142722,6.313579723429743,6.339569568634033,375208000,0.0,0.0,NVDA,1d
2018-08-14 00:00:00-04:00,6.445012741390804,6.485111684803322,6.36184478977495,6.471002578735352,466220000,0.0,0.0,NVDA,1d
2018-08-15 00:00:00-04:00,6.491797070865575,6.525708038910021,6.334124855172921,6.412837505340576,591136000,0.0,0.0,NVDA,1d
2018-08-16 00:00:00-04:00,6.48263766555961,6.485112956093847,6.312093783023849,6.372241973876953,801260000,0.0,0.0,NVDA,1d
2018-08-17 00:00:00-04:00,6.260855446171797,6.261598080390827,6.0328860975747745,6.059866428375244,1143188000,0.0,0.0,NVDA,1d
2018-08-20 00:00:00-04:00,6.019273912852223,6.267292074334021,5.9088782218015945,6.13461971282959,854388000,0.0,0.0,NVDA,1d
2018-08-21 00:00:00-04:00,6.150956356944079,6.274718052367044,6.13115450456094,6.270262718200684,673988000,0.0,0.0,NVDA,1d
2018-08-22 00:00:00-04:00,6.237589696961754,6.510360298730616,6.234124384564874,6.5054097175598145,749856000,0.0,0.0,NVDA,1d
2018-08-23 00:00:00-04:00,6.466795529194882,6.6702598671362034,6.452934280689882,6.604913711547852,720684000,0.0,0.0,NVDA,1d
2018-08-24 00:00:00-04:00,6.6133292759323945,6.75268486050205,6.608873942293307,6.738080978393555,531512000,0.0,0.0,NVDA,1d
2018-08-27 00:00:00-04:00,6.767783210557326,6.903426089630164,6.736348017002678,6.829169273376465,505776000,0.0,0.0,NVDA,1d
2018-08-28 00:00:00-04:00,6.823229880257018,6.846002270466962,6.6714978243394505,6.791546821594238,475384000,0.0,0.0,NVDA,1d
2018-08-29 00:00:00-04:00,6.783871061982928,6.922064835901557,6.7630678099110755,6.8970513343811035,420108000,0.00375,0.0,NVDA,1d
2018-08-30 00:00:00-04:00,6.865844143444432,6.9770432588958675,6.843307293074484,6.880208492279053,346608000,0.0,0.0,NVDA,1d
2018-08-31 00:00:00-04:00,6.860148825277337,6.964165538297042,6.850242246717524,6.951287269592285,306592000,0.0,0.0,NVDA,1d
2018-09-04 00:00:00-04:00,6.938160430564915,7.063723421933758,6.909679728124105,7.0260796546936035,391720000,0.0,0.0,NVDA,1d
2018-09-05 00:00:00-04:00,7.008495893087813,7.043911012372252,6.814331307691543,6.895315647125244,393156000,0.0,0.0,NVDA,1d
2018-09-06 00:00:00-04:00,6.87896937821182,6.881446022457157,6.721210965993721,6.754149436950684,322796000,0.0,0.0,NVDA,1d
2018-09-07 00:00:00-04:00,6.662020326910382,6.858414008008677,6.617194153311839,6.732851028442383,295420000,0.0,0.0,NVDA,1d
2018-09-10 00:00:00-04:00,6.755387947853774,6.8336481104452025,6.711552336999258,6.803928852081299,220140000,0.0,0.0,NVDA,1d
2018-09-11 00:00:00-04:00,6.757617257802112,6.8452884880842015,6.736814011098898,6.756131649017334,243112000,0.0,0.0,NVDA,1d
2018-09-12 00:00:00-04:00,6.716258018283195,6.735823178153974,6.48667832841631,6.642208099365234,419092000,0.0,0.0,NVDA,1d
2018-09-13 00:00:00-04:00,6.708085383515175,6.810616002102062,6.690749345634735,6.719973087310791,305536000,0.0,0.0,NVDA,1d
2018-09-14 00:00:00-04:00,6.81036854958199,6.912156128684418,6.773467351839708,6.846031188964844,386936000,0.0,0.0,NVDA,1d
2018-09-17 00:00:00-04:00,6.820523378015662,6.869559807635637,6.7648000551812215,6.784117221832275,205528000,0.0,0.0,NVDA,1d
2018-09-18 00:00:00-04:00,6.788079092553697,6.890857232948218,6.705361156903817,6.712047576904297,299520000,0.0,0.0,NVDA,1d
2018-09-19 00:00:00-04:00,6.693474096148274,6.753655188534426,6.643447104654831,6.735823631286621,224860000,0.0,0.0,NVDA,1d
2018-09-20 00:00:00-04:00,6.613727540408757,6.656077073612248,6.540668183187939,6.594657897949219,430584000,0.0,0.0,NVDA,1d
2018-09-21 00:00:00-04:00,6.606545839657025,6.652115059487093,6.491384467825127,6.524570465087891,435128000,0.0,0.0,NVDA,1d
2018-09-24 00:00:00-04:00,6.493613929739359,6.583761817348175,6.406438204867244,6.580294609069824,293912000,0.0,0.0,NVDA,1d
2018-09-25 00:00:00-04:00,6.646418875734119,6.672422935138691,6.560728768700022,6.647409439086914,280388000,0.0,0.0,NVDA,1d
2018-09-26 00:00:00-04:00,6.652361013955058,6.6927294125016354,6.59465658027281,6.610506534576416,268548000,0.0,0.0,NVDA,1d
2018-09-27 00:00:00-04:00,6.645676363057031,6.666975130134879,6.59094407258687,6.622396469116211,214428000,0.0,0.0,NVDA,1d
2018-09-28 00:00:00-04:00,6.754396161017846,6.981994197588167,6.726410511446204,6.959704875946045,709396000,0.0,0.0,NVDA,1d
2018-10-01 00:00:00-04:00,7.037471375725969,7.233121549404895,6.998836575370029,7.166254043579102,622060000,0.0,0.0,NVDA,1d
2018-10-02 00:00:00-04:00,7.138764355828868,7.250458043535909,7.072639413985583,7.094928741455078,383964000,0.0,0.0,NVDA,1d
2018-10-03 00:00:00-04:00,7.165263818045466,7.172693751697925,6.997103762678176,7.101120471954346,320552000,0.0,0.0,NVDA,1d
2018-10-04 00:00:00-04:00,7.064961362814658,7.0892318148323685,6.839839457760228,6.916861534118652,391220000,0.0,0.0,NVDA,1d
2018-10-05 00:00:00-04:00,6.892098472012302,6.954260709287381,6.6258650108842465,6.683321952819824,426636000,0.0,0.0,NVDA,1d
2018-10-08 00:00:00-04:00,6.600106515241961,6.715515410614468,6.441109526399067,6.582027435302734,408612000,0.0,0.0,NVDA,1d
2018-10-09 00:00:00-04:00,6.561470320900456,6.656075949020978,6.50847165076076,6.576330184936523,273500000,0.0,0.0,NVDA,1d
2018-10-10 00:00:00-04:00,6.470331219335129,6.516148420069756,6.082497689372918,6.084726810455322,684940000,0.0,0.0,NVDA,1d
2018-10-11 00:00:00-04:00,5.997553592552421,6.131042063384925,5.801655841634425,5.823202133178711,725436000,0.0,0.0,NVDA,1d
2018-10-12 00:00:00-04:00,6.080271106089191,6.180077568316361,5.935142945429617,6.105779647827148,608236000,0.0,0.0,NVDA,1d
2018-10-15 00:00:00-04:00,6.092407124194154,6.092407124194154,5.828402823351936,5.82939338684082,449760000,0.0,0.0,NVDA,1d
2018-10-16 00:00:00-04:00,5.942077083590885,6.099340464715147,5.89279313402045,6.08819580078125,408712000,0.0,0.0,NVDA,1d
2018-10-17 00:00:00-04:00,6.150358484141825,6.188498245039542,5.970558238792122,6.019594669342041,329668000,0.0,0.0,NVDA,1d
2018-10-18 00:00:00-04:00,6.088939702583537,6.127326516385146,5.871742722705684,5.93217134475708,524020000,0.0,0.0,NVDA,1d
2018-10-19 00:00:00-04:00,5.98739933813214,6.006964028245726,5.639191028881573,5.675596714019775,613608000,0.0,0.0,NVDA,1d
2018-10-22 00:00:00-04:00,5.727852601163914,5.827906586779276,5.623588366961172,5.7263665199279785,368844000,0.0,0.0,NVDA,1d
2018-10-23 00:00:00-04:00,5.459141890450927,5.552261920968703,5.367012895548835,5.47474479675293,626436000,0.0,0.0,NVDA,1d
2018-10-24 00:00:00-04:00,5.436358037810588,5.4829178213294165,4.924694992215334,4.938563823699951,884288000,0.0,0.0,NVDA,1d
2018-10-25 00:00:00-04:00,4.840986500866575,5.19464312196533,4.79665536662568,5.147340297698975,951720000,0.0,0.0,NVDA,1d
2018-10-26 00:00:00-04:00,4.91132125169537,5.0730424094284645,4.7827865641589655,4.910826206207275,664784000,0.0,0.0,NVDA,1d
2018-10-29 00:00:00-04:00,5.0519922586061154,5.055459466934435,4.35904280426076,4.597043037414551,758016000,0.0,0.0,NVDA,1d
2018-10-30 00:00:00-04:00,4.6200755210153766,5.037380506219546,4.597043148404719,5.0274739265441895,807192000,0.0,0.0,NVDA,1d
2018-10-31 00:00:00-04:00,5.192166977113558,5.264978822018619,5.0524871402980365,5.221390724182129,745772000,0.0,0.0,NVDA,1d
2018-11-01 00:00:00-04:00,5.257795649835205,5.411096774570711,5.131242095891826,5.40168571472168,566528000,0.0,0.0,NVDA,1d
2018-11-02 00:00:00-04:00,5.392275011504151,5.498025326155822,5.206035401165426,5.322682857513428,452960000,0.0,0.0,NVDA,1d
2018-11-05 00:00:00-05:00,5.309557746409725,5.332838116080226,5.083940713615259,5.24467134475708,379332000,0.0,0.0,NVDA,1d
2018-11-06 00:00:00-05:00,5.2367451270706376,5.3209491518387795,5.189937348354956,5.227086544036865,299012000,0.0,0.0,NVDA,1d
2018-11-07 00:00:00-05:00,5.293705767827161,5.384348677369721,5.230057476796495,5.29469633102417,483812000,0.0,0.0,NVDA,1d
2018-11-08 00:00:00-05:00,5.2355064165961185,5.236249457172779,5.048028729178163,5.101523399353027,511352000,0.0,0.0,NVDA,1d
2018-11-09 00:00:00-05:00,5.01261355260578,5.183993285196276,4.978932038542104,5.093597888946533,413240000,0.0,0.0,NVDA,1d
2018-11-12 00:00:00-05:00,5.00221209676428,5.0242539023239985,4.672330415819614,4.694124698638916,617116000,0.0,0.0,NVDA,1d
2018-11-13 00:00:00-05:00,4.7919490852994775,5.0574389010701895,4.785757239038522,4.936086177825928,644712000,0.0,0.0,NVDA,1d
2018-11-14 00:00:00-05:00,5.109200524907613,5.123564874254562,4.775604583769926,4.8835835456848145,526580000,0.0,0.0,NVDA,1d
2018-11-15 00:00:00-05:00,4.877640223132298,5.084435576631756,4.841729582049803,5.012366771697998,840708000,0.0,0.0,NVDA,1d
2018-11-16 00:00:00-05:00,4.0447630894876525,4.226544435945658,4.002413085887733,4.072253227233887,1963520000,0.0,0.0,NVDA,1d
2018-11-19 00:00:00-05:00,4.006871437548716,4.007614005727063,3.581888851770885,3.583622455596924,1697820000,0.0,0.0,NVDA,1d
2018-11-20 00:00:00-05:00,3.3201135112430618,3.820384104822775,3.301539150693231,3.6920969486236572,1692032000,0.0,0.0,NVDA,1d
2018-11-21 00:00:00-05:00,3.8293000694747925,3.8461408270095885,3.5566277914460134,3.5838701725006104,1025496000,0.0,0.0,NVDA,1d
2018-11-23 00:00:00-05:00,3.5491985126740127,3.704728074520094,3.5363202431252327,3.591052770614624,411968000,0.0,0.0,NVDA,1d
2018-11-26 00:00:00-05:00,3.712157034177006,3.8008188163816756,3.62968662616641,3.790417194366455,814832000,0.0,0.0,NVDA,1d
2018-11-27 00:00:00-05:00,3.7644137879820803,3.888490949404143,3.7285033840811654,3.8072588443756104,738060000,0.0,0.0,NVDA,1d
2018-11-28 00:00:00-05:00,3.9248965589560467,3.969475218562402,3.7923991386658646,3.9642744064331055,804524000,0.0,0.0,NVDA,1d
2018-11-29 00:00:00-05:00,3.9665055230203015,4.003691417729756,3.87081365671528,3.9010581970214844,549172000,0.004,0.0,NVDA,1d
2018-11-30 00:00:00-05:00,3.9107268337841234,4.062197793651984,3.8604017729293556,4.051537990570068,729564000,0.0,0.0,NVDA,1d
2018-12-03 00:00:00-05:00,4.278869708125251,4.330434347231408,4.148470541542888,4.215405464172363,890804000,0.0,0.0,NVDA,1d
2018-12-04 00:00:00-05:00,4.170780791345507,4.1757390371853464,3.8797384749366923,3.8948609828948975,812112000,0.0,0.0,NVDA,1d
2018-12-06 00:00:00-05:00,3.754297394656939,3.9290715208765,3.738679347649496,3.9241135120391846,692308000,0.0,0.0,NVDA,1d
2018-12-07 00:00:00-05:00,3.928326846848915,3.9384911054748337,3.6100149969597095,3.659348249435425,681676000,0.0,0.0,NVDA,1d
2018-12-10 00:00:00-05:00,3.6144780911958607,3.7895002264165343,3.610759407205173,3.76470947265625,629472000,0.0,0.0,NVDA,1d
2018-12-11 00:00:00-05:00,3.8564347832301142,3.864615698659635,3.59464548948545,3.6737277507781982,671912000,0.0,0.0,NVDA,1d
2018-12-12 00:00:00-05:00,3.6794296411597522,3.787516883141969,3.5901833531322156,3.69132924079895,654136000,0.0,0.0,NVDA,1d
2018-12-13 00:00:00-05:00,3.7381834295596765,3.8023911901487404,3.6551347159699845,3.6910810470581055,471384000,0.0,0.0,NVDA,1d
2018-12-14 00:00:00-05:00,3.649433064720698,3.7332255710317366,3.607041152502089,3.6305923461914062,471820000,0.0,0.0,NVDA,1d
2018-12-17 00:00:00-05:00,3.60059486080339,3.6727355229603433,3.501432096554277,3.5594422817230225,662868000,0.0,0.0,NVDA,1d
2018-12-18 00:00:00-05:00,3.603322051940638,3.7267795629854747,3.5760524136350282,3.6427392959594727,564372000,0.0,0.0,NVDA,1d
2018-12-19 00:00:00-05:00,3.6090241135172154,3.6625720761072693,3.382189588551147,3.4337542057037354,745364000,0.0,0.0,NVDA,1d
2018-12-20 00:00:00-05:00,3.4253262254348598,3.515316317159038,3.289473300158945,3.3492188453674316,749588000,0.0,0.0,NVDA,1d
2018-12-21 00:00:00-05:00,3.3757440972289046,3.408715767879333,3.184608130322889,3.212125778198242,863740000,0.0,0.0,NVDA,1d
2018-12-24 00:00:00-05:00,3.135769857443384,3.222289233991228,3.0864363672243975,3.1503963470458984,463840000,0.0,0.0,NVDA,1d
2018-12-26 00:00:00-05:00,3.196507376880517,3.3006281568249354,3.0854452431294224,3.2996366024017334,695100000,0.0,0.0,NVDA,1d
2018-12-27 00:00:00-05:00,3.2473290063579268,3.281788013493679,3.1032951700862834,3.25179123878479,637044000,0.0,0.0,NVDA,1d
2018-12-28 00:00:00-05:00,3.272366238155125,3.4059879881994837,3.230470114769229,3.3132708072662354,628728000,0.0,0.0,NVDA,1d
2018-12-31 00:00:00-05:00,3.35665481188456,3.389130463425832,3.2788121199157003,3.3095526695251465,465140000,0.0,0.0,NVDA,1d
2019-01-02 00:00:00-05:00,3.2386518561693443,3.43301049259578,3.2240253629792917,3.376983642578125,508752000,0.0,0.0,NVDA,1d
2019-01-03 00:00:00-05:00,3.316742024101778,3.3507052459793867,3.165519097139286,3.1729562282562256,705552000,0.0,0.0,NVDA,1d
2019-01-04 00:00:00-05:00,3.2460891404180807,3.4144177052192304,3.215348820802107,3.3762402534484863,585620000,0.0,0.0,NVDA,1d
2019-01-07 00:00:00-05:00,3.43350611455478,3.591918398829612,3.382189272611675,3.5549802780151367,709160000,0.0,0.0,NVDA,1d
2019-01-08 00:00:00-05:00,3.636541012721377,3.638772364537884,3.393840483441208,3.466477155685425,786016000,0.0,0.0,NVDA,1d
2019-01-09 00:00:00-05:00,3.5177941511133715,3.5820021461537053,3.4672213296042775,3.5346519947052,617260000,0.0,0.0,NVDA,1d
2019-01-10 00:00:00-05:00,3.5153156888004435,3.6090242121554184,3.4548263701592545,3.6003475189208984,523156000,0.0,0.0,NVDA,1d
2019-01-11 00:00:00-05:00,3.578035177313761,3.7124007198557143,3.5502697644699204,3.6895933151245117,874764000,0.0,0.0,NVDA,1d
2019-01-14 00:00:00-05:00,3.6372860071160105,3.754793742407091,3.613734811399455,3.7295072078704834,730168000,0.0,0.0,NVDA,1d
2019-01-15 00:00:00-05:00,3.7622297965606477,3.8016470372282334,3.697030487852223,3.7153756618499756,617012000,0.0,0.0,NVDA,1d
2019-01-16 00:00:00-05:00,3.7426449589014434,3.7756163840452683,3.6843870087593555,3.689840793609619,470104000,0.0,0.0,NVDA,1d
2019-01-17 00:00:00-05:00,3.6568709503815646,3.8011525601496507,3.6296010686452704,3.761239528656006,493436000,0.0,0.0,NVDA,1d
2019-01-18 00:00:00-05:00,3.8110677598638243,3.916428100042887,3.7595031475952823,3.890397787094116,651336000,0.0,0.0,NVDA,1d
2019-01-22 00:00:00-05:00,3.860153781735895,3.871805375180775,3.657861995278282,3.6881065368652344,661552000,0.0,0.0,NVDA,1d
2019-01-23 00:00:00-05:00,3.743389738594542,3.8321402518400047,3.669761495731134,3.7009975910186768,591020000,0.0,0.0,NVDA,1d
2019-01-24 00:00:00-05:00,3.7855336976932055,3.930558824150552,3.780823459299669,3.9129576683044434,708972000,0.0,0.0,NVDA,1d
2019-01-25 00:00:00-05:00,3.8534606634931157,3.988321791967237,3.750827426026488,3.970224618911743,1154572000,0.0,0.0,NVDA,1d
2019-01-28 00:00:00-05:00,3.385164483654863,3.511348896826582,3.2475764843949433,3.421358823776245,2511528000,0.0,0.0,NVDA,1d
2019-01-29 00:00:00-05:00,3.3752481748667558,3.4235901208092536,3.2478242024071347,3.262450695037842,1153932000,0.0,0.0,NVDA,1d
2019-01-30 00:00:00-05:00,3.3385577900313033,3.420366939461349,3.258979756236235,3.4059884548187256,974228000,0.0,0.0,NVDA,1d
2019-01-31 00:00:00-05:00,3.402765179927424,3.599355124088106,3.380949330300744,3.5636565685272217,842852000,0.0,0.0,NVDA,1d
2019-02-01 00:00:00-05:00,3.5822503437925555,3.6390209782231056,3.5346524162744193,3.587952136993408,625048000,0.0,0.0,NVDA,1d
2019-02-04 00:00:00-05:00,3.603817555380121,3.7354559715584528,3.5817539341611235,3.698270082473755,528592000,0.0,0.0,NVDA,1d
2019-02-05 00:00:00-05:00,3.71016946739173,3.754048939727334,3.6764542547714907,3.7173588275909424,542424000,0.0,0.0,NVDA,1d
2019-02-06 00:00:00-05:00,3.7505792209881337,3.8574271512138747,3.7451254341672997,3.79297137260437,702464000,0.0,0.0,NVDA,1d
2019-02-07 00:00:00-05:00,3.7466121817433264,3.748843297496793,3.611751081428504,3.6546387672424316,637120000,0.0,0.0,NVDA,1d
2019-02-08 00:00:00-05:00,3.587455532528874,3.6838911631290676,3.573077049419915,3.673231363296509,461604000,0.0,0.0,NVDA,1d
2019-02-11 00:00:00-05:00,3.6291047779467327,3.683396290434083,3.5822503974162645,3.6305923461914062,495180000,0.0,0.0,NVDA,1d
2019-02-12 00:00:00-05:00,3.669017642850428,3.7632221770531866,3.6546389204194045,3.7476038932800293,591060000,0.0,0.0,NVDA,1d
2019-02-13 00:00:00-05:00,3.77710475493226,3.8631283704339263,3.7634698170633993,3.7899959087371826,605372000,0.0,0.0,NVDA,1d
2019-02-14 00:00:00-05:00,3.789003828006253,3.8591613801251006,3.7458679046212144,3.830899953842163,827264000,0.0,0.0,NVDA,1d
2019-02-15 00:00:00-05:00,4.039637849368373,4.062445020815011,3.8777548785081706,3.900562286376953,1516748000,0.0,0.0,NVDA,1d
2019-02-19 00:00:00-05:00,3.8899018579278906,3.963778096574503,3.87081313588739,3.8832082748413086,551892000,0.0,0.0,NVDA,1d
2019-02-20 00:00:00-05:00,3.9124622246012457,3.9977420689240257,3.9013066440673807,3.9305593967437744,540988000,0.0,0.0,NVDA,1d
2019-02-21 00:00:00-05:00,3.9432023168388324,3.9677448275400224,3.8470144373521085,3.8616409301757812,448548000,0.0,0.0,NVDA,1d
2019-02-22 00:00:00-05:00,3.9134530552089353,3.965265435947853,3.8998181186262215,3.9464244842529297,401740000,0.0,0.0,NVDA,1d
2019-02-25 00:00:00-05:00,4.029969689522631,4.097400123693652,3.9253528882636495,3.9340298175811768,656020000,0.0,0.0,NVDA,1d
2019-02-26 00:00:00-05:00,3.9293193180145027,3.985346162492454,3.861144867868001,3.8946123123168945,488464000,0.0,0.0,NVDA,1d
2019-02-27 00:00:00-05:00,3.880233372464804,3.906759223526521,3.7956971020218964,3.8527157306671143,500256000,0.0,0.0,NVDA,1d
2019-02-28 00:00:00-05:00,3.8465129280491475,3.8688475571108065,3.8058144494620954,3.82814884185791,324944000,0.004,0.0,NVDA,1d
2019-03-01 00:00:00-05:00,3.878028098652697,3.9246824932375457,3.8197101054216365,3.882495164871216,357188000,0.0,0.0,NVDA,1d
2019-03-04 00:00:00-05:00,3.9209605496575777,3.943791460804945,3.8341037350030662,3.8906848430633545,409992000,0.0,0.0,NVDA,1d
2019-03-05 00:00:00-05:00,3.8750510759260504,3.922450032520482,3.820703610930234,3.884233236312866,362924000,0.0,0.0,NVDA,1d
2019-03-06 00:00:00-05:00,3.8752993861415765,3.8837367593047767,3.770574997278908,3.7733047008514404,403524000,0.0,0.0,NVDA,1d
2019-03-07 00:00:00-05:00,3.7497283340528416,3.7594067804524047,3.65790840777878,3.704066514968872,450104000,0.0,0.0,NVDA,1d
2019-03-08 00:00:00-05:00,3.614728229201856,3.7489839821745186,3.5933861841948604,3.7383129596710205,422416000,0.0,0.0,NVDA,1d
2019-03-11 00:00:00-04:00,3.7618891876975735,4.021714639938068,3.7147382584791555,3.9988839626312256,859728000,0.0,0.0,NVDA,1d
2019-03-12 00:00:00-04:00,4.026680093109913,4.079538482527345,3.9504942526984723,4.033132553100586,579576000,0.0,0.0,NVDA,1d
2019-03-13 00:00:00-04:00,4.070603890178178,4.2137933735432505,4.063158854960471,4.184510231018066,768900000,0.0,0.0,NVDA,1d
2019-03-14 00:00:00-04:00,4.193689768928577,4.205601628488493,4.100877042633319,4.108570098876953,519384000,0.0,0.0,NVDA,1d
2019-03-15 00:00:00-04:00,4.151751733403672,4.256724382835705,4.148277479222248,4.214040756225586,661484000,0.0,0.0,NVDA,1d
2019-03-18 00:00:00-04:00,4.245558770603955,4.299410205323072,4.165650419084534,4.192700386047363,486992000,0.0,0.0,NVDA,1d
2019-03-19 00:00:00-04:00,4.287247683533354,4.404876735512573,4.270372939225768,4.360455513000488,854972000,0.0,0.0,NVDA,1d
2019-03-20 00:00:00-04:00,4.389491139608577,4.442846028768086,4.2932041240092795,4.32794713973999,719148000,0.0,0.0,NVDA,1d
2019-03-21 00:00:00-04:00,4.351025431653785,4.590997897810116,4.346062077083609,4.564692497253418,824312000,0.0,0.0,NVDA,1d
2019-03-22 00:00:00-04:00,4.537394860626463,4.5860344086584925,4.39097921842378,4.404876232147217,747644000,0.0,0.0,NVDA,1d
2019-03-25 00:00:00-04:00,4.364177832270975,4.428451521700274,4.2463007662543,4.312560081481934,525212000,0.0,0.0,NVDA,1d
2019-03-26 00:00:00-04:00,4.454260896302469,4.510345483093209,4.332909563202776,4.389242649078369,703508000,0.0,0.0,NVDA,1d
2019-03-27 00:00:00-04:00,4.414803686265147,4.461209590640525,4.310575592412955,4.38006067276001,474372000,0.0,0.0,NVDA,1d
2019-03-28 00:00:00-04:00,4.4061171395403385,4.464435374742539,4.345565726024359,4.398672580718994,480264000,0.0,0.0,NVDA,1d
2019-03-29 00:00:00-04:00,4.465427173289132,4.480317235001554,4.415050503823399,4.455996990203857,456896000,0.0,0.0,NVDA,1d
2019-04-01 00:00:00-04:00,4.547817833471747,4.553773764393231,4.476099110012129,4.523498058319092,483824000,0.0,0.0,NVDA,1d
2019-04-02 00:00:00-04:00,4.5475710087734535,4.5857878083922925,4.504638878986136,4.5413665771484375,440920000,0.0,0.0,NVDA,1d
2019-04-03 00:00:00-04:00,4.590997378937661,4.739894685893829,4.586034024928441,4.6808319091796875,783504000,0.0,0.0,NVDA,1d
2019-04-04 00:00:00-04:00,4.665446386163067,4.714334435344545,4.609113778357138,4.67189884185791,457376000,0.0,0.0,NVDA,1d
2019-04-05 00:00:00-04:00,4.715079386959449,4.75602635620326,4.678599721268177,4.738654613494873,481744000,0.0,0.0,NVDA,1d
2019-04-08 00:00:00-04:00,4.70813030212942,4.784564351350331,4.684058553705899,4.759500026702881,424192000,0.0,0.0,NVDA,1d
2019-04-09 00:00:00-04:00,4.7259980061346845,4.737165316776078,4.654527312696067,4.696714878082275,439972000,0.0,0.0,NVDA,1d
2019-04-10 00:00:00-04:00,4.695971111140945,4.793002196387266,4.691504280805379,4.76719331741333,444772000,0.0,0.0,NVDA,1d
2019-04-11 00:00:00-04:00,4.769675547460373,4.801192335882871,4.703912740277553,4.753296852111816,374600000,0.0,0.0,NVDA,1d
2019-04-12 00:00:00-04:00,4.792010313968014,4.795981093358877,4.706642580383663,4.715328216552734,471708000,0.0,0.0,NVDA,1d
2019-04-15 00:00:00-04:00,4.707634350608777,4.712597705664351,4.543847420427578,4.583553314208984,440092000,0.0,0.0,NVDA,1d
2019-04-16 00:00:00-04:00,4.622764052340222,4.689519439447485,4.590006659955849,4.670659065246582,394964000,0.0,0.0,NVDA,1d
2019-04-17 00:00:00-04:00,4.705649823535029,4.72649534954194,4.625493474723939,4.647828102111816,351004000,0.0,0.0,NVDA,1d
2019-04-18 00:00:00-04:00,4.654528304832472,4.688526295440458,4.595465511369635,4.623259544372559,380988000,0.0,0.0,NVDA,1d
2019-04-22 00:00:00-04:00,4.599683567259181,4.692744336178638,4.568167259490763,4.677110195159912,279936000,0.0,0.0,NVDA,1d
2019-04-23 00:00:00-04:00,4.6902635940141915,4.762975380866028,4.6805853819298555,4.731706619262695,346856000,0.0,0.0,NVDA,1d
2019-04-24 00:00:00-04:00,4.742130202885796,4.784814311088317,4.681330742944193,4.744115829467773,318204000,0.0,0.0,NVDA,1d
2019-04-25 00:00:00-04:00,4.703911504137331,4.7262461258643835,4.558736936243019,4.638396739959717,499296000,0.0,0.0,NVDA,1d
2019-04-26 00:00:00-04:00,4.484537203505553,4.489004507650223,4.30064927615956,4.419518947601318,868988000,0.0,0.0,NVDA,1d
2019-04-29 00:00:00-04:00,4.427460004612761,4.478085191279062,4.355244741377716,4.450291156768799,391920000,0.0,0.0,NVDA,1d
2019-04-30 00:00:00-04:00,4.418029665796931,4.517294409433283,4.398921267730033,4.491734027862549,362920000,0.0,0.0,NVDA,1d
2019-05-01 00:00:00-04:00,4.544095720899642,4.586283290364905,4.478332452616644,4.478580951690674,354280000,0.0,0.0,NVDA,1d
2019-05-02 00:00:00-04:00,4.4882588817007285,4.587771631336801,4.445078738633551,4.546080589294434,394684000,0.0,0.0,NVDA,1d
2019-05-03 00:00:00-04:00,4.554518494249588,4.564444730621852,4.480069591465539,4.541614055633545,336824000,0.0,0.0,NVDA,1d
2019-05-06 00:00:00-04:00,4.355243543778582,4.475354257024306,4.3180193330336785,4.463194370269775,422176000,0.0,0.0,NVDA,1d
2019-05-07 00:00:00-04:00,4.414803865661272,4.414803865661272,4.247790693614883,4.295934200286865,555220000,0.0,0.0,NVDA,1d
2019-05-08 00:00:00-04:00,4.268388759410136,4.396192102920152,4.256476894047728,4.316035747528076,419168000,0.0,0.0,NVDA,1d
2019-05-09 00:00:00-04:00,4.2470449525351395,4.256723161645196,4.104600098630432,4.223469257354736,660248000,0.0,0.0,NVDA,1d
2019-05-10 00:00:00-04:00,4.192698426677271,4.258213200204973,4.069857989647031,4.189472198486328,569500000,0.0,0.0,NVDA,1d
2019-05-13 00:00:00-04:00,4.057449576711923,4.0805287493998685,3.9162453109093414,3.9321277141571045,656912000,0.0,0.0,NVDA,1d
2019-05-14 00:00:00-04:00,3.9718332513000205,4.056456882018139,3.933120175554626,4.0212178230285645,524880000,0.0,0.0,NVDA,1d
2019-05-15 00:00:00-04:00,3.9656294366424154,3.9966496928239077,3.9063188639694753,3.960170030593872,502320000,0.0,0.0,NVDA,1d
2019-05-16 00:00:00-04:00,3.954710918214644,4.017992277710945,3.912275319453882,3.9753081798553467,781088000,0.0,0.0,NVDA,1d
2019-05-17 00:00:00-04:00,3.933368765828099,4.062661177030915,3.845023085268538,3.8844807147979736,1022068000,0.0,0.0,NVDA,1d
2019-05-20 00:00:00-04:00,3.78571231163381,3.84080432009012,3.7410430644171724,3.765859365463257,572064000,0.0,0.0,NVDA,1d
2019-05-21 00:00:00-04:00,3.8266599030888346,3.863884126361755,3.787946578352127,3.848001718521118,361848000,0.0,0.0,NVDA,1d
2019-05-22 00:00:00-04:00,3.80928750932358,3.8353444106125454,3.7661071295699413,3.777026414871216,325868000,0.0,0.0,NVDA,1d
2019-05-23 00:00:00-04:00,3.714738135070043,3.714738135070043,3.5961167386598394,3.655923843383789,591844000,0.0,0.0,NVDA,1d
2019-05-24 00:00:00-04:00,3.6747845106970285,3.7100235803334662,3.5953727094499404,3.6020731925964355,357584000,0.0,0.0,NVDA,1d
2019-05-28 00:00:00-04:00,3.6196920056439863,3.6524493907931337,3.554921549251234,3.5569069385528564,428356000,0.0,0.0,NVDA,1d
2019-05-29 00:00:00-04:00,3.509260699325482,3.544251509234777,3.4479647163638942,3.4827075004577637,559800000,0.0,0.0,NVDA,1d
2019-05-30 00:00:00-04:00,3.4859362848892492,3.521712423887185,3.417862226175406,3.456122875213623,394300000,0.004,0.0,NVDA,1d
2019-05-31 00:00:00-04:00,3.4071792396318887,3.4745079022361622,3.3637012589005266,3.3654403686523438,389720000,0.0,0.0,NVDA,1d
2019-06-03 00:00:00-04:00,3.376620553494657,3.415378061068025,3.2943853005049557,3.323701858520508,478644000,0.0,0.0,NVDA,1d
2019-06-04 00:00:00-04:00,3.3878004059898132,3.557985559569591,3.3656888343946365,3.5527682304382324,641836000,0.0,0.0,NVDA,1d
2019-06-05 00:00:00-04:00,3.6265570737774966,3.6320229495986722,3.473763229037582,3.5100362300872803,511616000,0.0,0.0,NVDA,1d
2019-06-06 00:00:00-04:00,3.514259416547438,3.5967432137193844,3.511774906305069,3.5721471309661865,408140000,0.0,0.0,NVDA,1d
2019-06-07 00:00:00-04:00,3.5781097579801444,3.649164948157457,3.558979313986619,3.614879608154297,348856000,0.0,0.0,NVDA,1d
2019-06-10 00:00:00-04:00,3.6710285868738093,3.756245446359762,3.6710285868738093,3.6876745223999023,402780000,0.0,0.0,NVDA,1d
2019-06-11 00:00:00-04:00,3.7475491318653398,3.785312926813548,3.7058104998942736,3.7453131675720215,383872000,0.0,0.0,NVDA,1d
2019-06-12 00:00:00-04:00,3.701835441283549,3.708046716894873,3.6171156795941504,3.6322708129882812,358892000,0.0,0.0,NVDA,1d
2019-06-13 00:00:00-04:00,3.6543822132026853,3.7018352667303276,3.6367425703957896,3.68345046043396,308080000,0.0,0.0,NVDA,1d
2019-06-14 00:00:00-04:00,3.590283338427657,3.614630873410024,3.5487930158718743,3.593513011932373,394428000,0.0,0.0,NVDA,1d
2019-06-17 00:00:00-04:00,3.591773977139895,3.6402209762075755,3.5689170055443293,3.6032025814056396,276040000,0.0,0.0,NVDA,1d
2019-06-18 00:00:00-04:00,3.6645682398321213,3.853635036866555,3.6536367279446753,3.798231840133667,581920000,0.0,0.0,NVDA,1d
2019-06-19 00:00:00-04:00,3.8335114834756485,3.84493985103334,3.7781080445919204,3.804194927215576,331644000,0.0,0.0,NVDA,1d
2019-06-20 00:00:00-04:00,3.8948774228662537,3.9087903005945064,3.814132738561449,3.828542470932007,350168000,0.0,0.0,NVDA,1d
2019-06-21 00:00:00-04:00,3.8136361587022307,3.862828325873782,3.7639468999166295,3.770406484603882,434428000,0.0,0.0,NVDA,1d
2019-06-24 00:00:00-04:00,3.7917731000533736,3.8223319153064,3.7445683490329396,3.792766809463501,282948000,0.0,0.0,NVDA,1d
2019-06-25 00:00:00-04:00,3.797734763359048,3.8727652522698492,3.7607163734691134,3.763449192047119,311868000,0.0,0.0,NVDA,1d
2019-06-26 00:00:00-04:00,3.8909025161456934,4.017858241684351,3.8779833471463765,3.956740379333496,584072000,0.0,0.0,NVDA,1d
2019-06-27 00:00:00-04:00,4.042454023040567,4.074503399227054,4.006429335736305,4.055373191833496,445440000,0.0,0.0,NVDA,1d
2019-06-28 00:00:00-04:00,4.099348524838968,4.108541166361156,4.033510654715419,4.080218315124512,397668000,0.0,0.0,NVDA,1d
2019-07-01 00:00:00-04:00,4.287420420704294,4.321705992505331,4.090900102637731,4.128415584564209,709756000,0.0,0.0,NVDA,1d
2019-07-02 00:00:00-04:00,4.111771059053881,4.13288916384382,4.017362018344923,4.030529499053955,400228000,0.0,0.0,NVDA,1d
2019-07-03 00:00:00-04:00,4.053882630539049,4.05959705175763,3.9835728354097175,4.043447971343994,246636000,0.0,0.0,NVDA,1d
2019-07-05 00:00:00-04:00,3.985063587903578,3.9895355169510505,3.917486138960805,3.980839967727661,396552000,0.0,0.0,NVDA,1d
2019-07-08 00:00:00-04:00,3.9212126041796265,3.9400945021535914,3.8757472058921416,3.905808925628662,329788000,0.0,0.0,NVDA,1d
2019-07-09 00:00:00-04:00,3.8635732502768936,3.936367787172201,3.8509026274936953,3.9082934856414795,342860000,0.0,0.0,NVDA,1d
2019-07-10 00:00:00-04:00,3.9517712790813873,4.034006524260164,3.9378584018696428,3.9766159057617188,452076000,0.0,0.0,NVDA,1d
2019-07-11 00:00:00-04:00,4.049658964227611,4.1718942189385295,4.0123922569733725,4.1311492919921875,682560000,0.0,0.0,NVDA,1d
2019-07-12 00:00:00-04:00,4.158974394153869,4.235247380361121,4.158974394153869,4.164191722869873,506392000,0.0,0.0,NVDA,1d
2019-07-15 00:00:00-04:00,4.185309889697396,4.201458493777884,4.127422181326354,4.155744552612305,289840000,0.0,0.0,NVDA,1d
2019-07-16 00:00:00-04:00,4.1408384684179715,4.178105174932756,4.095372830579117,4.15102481842041,341444000,0.0,0.0,NVDA,1d
2019-07-17 00:00:00-04:00,4.152764151204527,4.223322730665828,4.123447591701021,4.216366291046143,348204000,0.0,0.0,NVDA,1d
2019-07-18 00:00:00-04:00,4.226800584373942,4.290899336423999,4.170154889058343,4.2280426025390625,442192000,0.0,0.0,NVDA,1d
2019-07-19 00:00:00-04:00,4.266303829378748,4.272763177319047,4.178850769267074,4.184813499450684,344896000,0.0,0.0,NVDA,1d
2019-07-22 00:00:00-04:00,4.206178484559437,4.269283510925495,4.198724955887512,4.256364345550537,315940000,0.0,0.0,NVDA,1d
2019-07-23 00:00:00-04:00,4.29562130799339,4.366179428168072,4.279968841741618,4.364192008972168,428176000,0.0,0.0,NVDA,1d
2019-07-24 00:00:00-04:00,4.407421486524873,4.4444398940635494,4.331397252238146,4.438725471496582,366236000,0.0,0.0,NVDA,1d
2019-07-25 00:00:00-04:00,4.397234455657635,4.409905317375322,4.2841918312657095,4.3075456619262695,392700000,0.0,0.0,NVDA,1d
2019-07-26 00:00:00-04:00,4.3346269667553345,4.396241224292371,4.3346269667553345,4.349533557891846,274160000,0.0,0.0,NVDA,1d
2019-07-29 00:00:00-04:00,4.342328567564652,4.35947135966412,4.25512427974664,4.343322277069092,248160000,0.0,0.0,NVDA,1d
2019-07-30 00:00:00-04:00,4.296862168200312,4.371147271681989,4.28245219823454,4.358973503112793,197772000,0.0,0.0,NVDA,1d
2019-07-31 00:00:00-04:00,4.327421126674234,4.32841530996409,4.149534346321979,4.191770076751709,359416000,0.0,0.0,NVDA,1d
2019-08-01 00:00:00-04:00,4.2022042883899395,4.2926384699864295,4.045186844171994,4.097360610961914,421212000,0.0,0.0,NVDA,1d
2019-08-02 00:00:00-04:00,4.004689693450928,4.074006239767578,3.9572368815028436,4.004689693450928,428348000,0.0,0.0,NVDA,1d
2019-08-05 00:00:00-04:00,3.8210893307733085,3.822331585896889,3.6993511718936496,3.746307373046875,589156000,0.0,0.0,NVDA,1d
2019-08-06 00:00:00-04:00,3.821088904182659,3.866554299337405,3.7373628610752765,3.785064220428467,361272000,0.0,0.0,NVDA,1d
2019-08-07 00:00:00-04:00,3.724195661318012,3.835250855534776,3.706804563003239,3.8233253955841064,372560000,0.0,0.0,NVDA,1d
2019-08-08 00:00:00-04:00,3.880964225315059,3.9331377494324142,3.8235733724795593,3.9318954944610596,309300000,0.0,0.0,NVDA,1d
2019-08-09 00:00:00-04:00,3.890902147437868,3.8943803666899335,3.780095512116531,3.8305299282073975,341816000,0.0,0.0,NVDA,1d
2019-08-12 00:00:00-04:00,3.7783565982699034,3.830530126690227,3.7408413480102225,3.762704610824585,279200000,0.0,0.0,NVDA,1d
2019-08-13 00:00:00-04:00,3.7612139363125627,3.922951856155256,3.7222081208155413,3.8769893646240234,351956000,0.0,0.0,NVDA,1d
2019-08-14 00:00:00-04:00,3.7887910460613194,3.7999711041685047,3.684692540793524,3.7284188270568848,419880000,0.0,0.0,NVDA,1d
2019-08-15 00:00:00-04:00,3.7473017615381745,3.7671773732458775,3.6618365838078555,3.69612193107605,477200000,0.0,0.0,NVDA,1d
2019-08-16 00:00:00-04:00,3.9589767298029845,4.013385990031329,3.897610556277459,3.9641940593719482,1007960000,0.0,0.0,NVDA,1d
2019-08-19 00:00:00-04:00,4.07748526485149,4.258850257406835,4.061336184347496,4.242949485778809,815112000,0.0,0.0,NVDA,1d
2019-08-20 00:00:00-04:00,4.2374834827110455,4.237980574292115,4.149533813251325,4.170651912689209,463188000,0.0,0.0,NVDA,1d
2019-08-21 00:00:00-04:00,4.236739261364875,4.309285272335275,4.215124538202379,4.2541303634643555,427244000,0.0,0.0,NVDA,1d
2019-08-22 00:00:00-04:00,4.26381986451658,4.306303907872529,4.22108703837855,4.260341644287109,303488000,0.0,0.0,NVDA,1d
2019-08-23 00:00:00-04:00,4.183819691538798,4.238229188545008,4.015870488711359,4.035746097564697,568056000,0.0,0.0,NVDA,1d
2019-08-26 00:00:00-04:00,4.114504257871748,4.138603490733002,4.0722685231366,4.110528945922852,318208000,0.0,0.0,NVDA,1d
2019-08-27 00:00:00-04:00,4.148788387342444,4.1515212063418945,3.9905289293806834,4.019845485687256,290968000,0.0,0.0,NVDA,1d
2019-08-28 00:00:00-04:00,3.99348385731186,4.062122404377937,3.9541904082343726,4.009399890899658,255612000,0.004,0.0,NVDA,1d
2019-08-29 00:00:00-04:00,4.100918946723606,4.185474015673862,4.097437284155335,4.153144359588623,357976000,0.0,0.0,NVDA,1d
2019-08-30 00:00:00-04:00,4.199400652267596,4.24913909537312,4.147672823226955,4.16582727432251,290616000,0.0,0.0,NVDA,1d
2019-09-03 00:00:00-04:00,4.092962493005367,4.126038300045992,4.0598866859647424,4.082766056060791,296140000,0.0,0.0,NVDA,1d
2019-09-04 00:00:00-04:00,4.143446941442162,4.204376538749595,4.143446941442162,4.196915626525879,227728000,0.0,0.0,NVDA,1d
2019-09-05 00:00:00-04:00,4.2991259394861,4.4761940885888105,4.297385108269852,4.469976902008057,695676000,0.0,0.0,NVDA,1d
2019-09-06 00:00:00-04:00,4.446599880651899,4.5035502065782005,4.404819927731002,4.442869663238525,376976000,0.0,0.0,NVDA,1d
2019-09-09 00:00:00-04:00,4.473955952854855,4.575422227704875,4.472463676193276,4.488877296447754,417524000,0.0,0.0,NVDA,1d
2019-09-10 00:00:00-04:00,4.456050782002219,4.582137270607853,4.446351930803564,4.555527687072754,352812000,0.0,0.0,NVDA,1d
2019-09-11 00:00:00-04:00,4.570199346218008,4.6323721593145075,4.541102325489207,4.584125995635986,361512000,0.0,0.0,NVDA,1d
2019-09-12 00:00:00-04:00,4.630631583854863,4.68534349163841,4.5746759541097894,4.582633972167969,327840000,0.0,0.0,NVDA,1d
2019-09-13 00:00:00-04:00,4.515985040709674,4.553040083077539,4.480919384377101,4.524689197540283,324592000,0.0,0.0,NVDA,1d
2019-09-16 00:00:00-04:00,4.449584034270801,4.516233204088188,4.439139046979034,4.481665134429932,231832000,0.0,0.0,NVDA,1d
2019-09-17 00:00:00-04:00,4.488379448135824,4.507280034934073,4.441874119348141,4.503052234649658,223048000,0.0,0.0,NVDA,1d
2019-09-18 00:00:00-04:00,4.496089306245021,4.511756786968211,4.38940054559531,4.475944995880127,258152000,0.0,0.0,NVDA,1d
2019-09-19 00:00:00-04:00,4.481912963716712,4.5003164401635996,4.38964844989743,4.4003424644470215,245476000,0.0,0.0,NVDA,1d
2019-09-20 00:00:00-04:00,4.399348989262219,4.422974490707629,4.284453641507711,4.294649600982666,350244000,0.0,0.0,NVDA,1d
2019-09-23 00:00:00-04:00,4.2948986692139135,4.393628951438278,4.2911679773319555,4.348118305206299,249712000,0.0,0.0,NVDA,1d
2019-09-24 00:00:00-04:00,4.379453262443288,4.409047393511585,4.255107631817105,4.290670394897461,317268000,0.0,0.0,NVDA,1d
2019-09-25 00:00:00-04:00,4.290173473504312,4.452071752433489,4.245408963674291,4.432425022125244,308432000,0.0,0.0,NVDA,1d
2019-09-26 00:00:00-04:00,4.422726044144418,4.4314302014339715,4.359309498930814,4.4102911949157715,234564000,0.0,0.0,NVDA,1d
2019-09-27 00:00:00-04:00,4.36851199092475,4.419245140949062,4.210841490855269,4.271522521972656,362056000,0.0,0.0,NVDA,1d
2019-09-30 00:00:00-04:00,4.297385955837763,4.339165913267927,4.266050513424115,4.328969478607178,186184000,0.0,0.0,NVDA,1d
2019-10-01 00:00:00-04:00,4.352098730286756,4.501313638764811,4.322504587941591,4.3272294998168945,366008000,0.0,0.0,NVDA,1d
2019-10-02 00:00:00-04:00,4.305343649411506,4.317280914728532,4.230985007369558,4.303354263305664,293372000,0.0,0.0,NVDA,1d
2019-10-03 00:00:00-04:00,4.307831874958276,4.515240378693501,4.2774915934654745,4.509023189544678,450588000,0.0,0.0,NVDA,1d
2019-10-04 00:00:00-04:00,4.511259292060045,4.554780547043525,4.446102398420786,4.525434970855713,265524000,0.0,0.0,NVDA,1d
2019-10-07 00:00:00-04:00,4.590343182077452,4.6838509563644015,4.581639026191215,4.584125995635986,480984000,0.0,0.0,NVDA,1d
2019-10-08 00:00:00-04:00,4.492359210475812,4.492359210475812,4.389401127543962,4.40755558013916,444436000,0.0,0.0,NVDA,1d
2019-10-09 00:00:00-04:00,4.484401243568398,4.543589986950533,4.455553247428991,4.494100093841553,292412000,0.0,0.0,NVDA,1d
2019-10-10 00:00:00-04:00,4.491861559963687,4.602777648271692,4.486639066326071,4.551795959472656,309124000,0.0,0.0,NVDA,1d
2019-10-11 00:00:00-04:00,4.635853636089938,4.70871998797519,4.616953048539034,4.62540864944458,446404000,0.0,0.0,NVDA,1d
2019-10-14 00:00:00-04:00,4.616705067845868,4.659728746039414,4.585618655483492,4.638838768005371,200040000,0.0,0.0,NVDA,1d
2019-10-15 00:00:00-04:00,4.72911467863522,4.956169897238139,4.715187550054449,4.883551597595215,664124000,0.0,0.0,NVDA,1d
2019-10-16 00:00:00-04:00,4.84947975864148,4.954427694538078,4.81839334993224,4.829833030700684,428944000,0.0,0.0,NVDA,1d
2019-10-17 00:00:00-04:00,4.874347518371989,4.919360563965253,4.777357629740315,4.831821441650391,263436000,0.0,0.0,NVDA,1d
2019-10-18 00:00:00-04:00,4.8323200037831615,4.864898689154544,4.662961309729431,4.7373199462890625,307440000,0.0,0.0,NVDA,1d
2019-10-21 00:00:00-04:00,4.798745697236115,4.888026134243323,4.779845111256999,4.87459659576416,261868000,0.0,0.0,NVDA,1d
2019-10-22 00:00:00-04:00,4.931547978763792,5.036744471881838,4.856940785781004,4.864650249481201,328720000,0.0,0.0,NVDA,1d
2019-10-23 00:00:00-04:00,4.782581809503783,4.865893153302689,4.750749263949336,4.851717948913574,279916000,0.0,0.0,NVDA,1d
2019-10-24 00:00:00-04:00,4.893000695631441,4.929309599382195,4.858930206909556,4.8957366943359375,232020000,0.0,0.0,NVDA,1d
2019-10-25 00:00:00-04:00,4.976311981057411,5.107620931006642,4.968602518136838,5.08673095703125,423092000,0.0,0.0,NVDA,1d
2019-10-28 00:00:00-04:00,5.13050150217579,5.195161299515052,5.10115592008878,5.142687797546387,330792000,0.0,0.0,NVDA,1d
2019-10-29 00:00:00-04:00,5.12875963673601,5.13522585233698,5.027045287413625,5.046442985534668,211236000,0.0,0.0,NVDA,1d
2019-10-30 00:00:00-04:00,5.073303008397525,5.079023087307369,4.9802923148940925,5.048433780670166,205960000,0.0,0.0,NVDA,1d
2019-10-31 00:00:00-04:00,5.02754120703125,5.0484311767847965,4.9193606677069415,4.999190330505371,209732000,0.0,0.0,NVDA,1d
2019-11-01 00:00:00-04:00,4.963877977109576,5.070566754236402,4.938760198276227,5.03823709487915,283640000,0.0,0.0,NVDA,1d
2019-11-04 00:00:00-05:00,5.119310007634223,5.247386345303355,5.09618208940901,5.234951496124268,376716000,0.0,0.0,NVDA,1d
2019-11-05 00:00:00-05:00,5.23470281570408,5.260815286841443,5.16482053032148,5.212818145751953,300868000,0.0,0.0,NVDA,1d
2019-11-06 00:00:00-05:00,5.1886948568814235,5.214309743320998,5.0760374547211295,5.163577079772949,269012000,0.0,0.0,NVDA,1d
2019-11-07 00:00:00-05:00,5.2501214716749915,5.264794260554901,5.136469377936064,5.181233882904053,280340000,0.0,0.0,NVDA,1d
2019-11-08 00:00:00-05:00,5.164322344682457,5.198890410986019,5.126769725533212,5.167306423187256,189100000,0.0,0.0,NVDA,1d
2019-11-11 00:00:00-05:00,5.166561612502861,5.200383549285411,5.080265701882329,5.177255630493164,243436000,0.0,0.0,NVDA,1d
2019-11-12 00:00:00-05:00,5.215553670203346,5.268773779861292,5.180488013003898,5.212818145751953,283504000,0.0,0.0,NVDA,1d
2019-11-13 00:00:00-05:00,5.181482498429327,5.209087245194441,5.120553401550179,5.186954021453857,300188000,0.0,0.0,NVDA,1d
2019-11-14 00:00:00-05:00,5.195906181842262,5.219532154092562,5.135971784320938,5.217293739318848,518080000,0.0,0.0,NVDA,1d
2019-11-15 00:00:00-05:00,5.215055813173268,5.266783643386142,4.989741486152525,5.078027248382568,1053628000,0.0,0.0,NVDA,1d
2019-11-18 00:00:00-05:00,5.070566972330775,5.305828732957794,5.067582892988016,5.279219150543213,574588000,0.0,0.0,NVDA,1d
2019-11-19 00:00:00-05:00,5.248131088766924,5.2717565844161856,5.114335182944443,5.1725287437438965,414564000,0.0,0.0,NVDA,1d
2019-11-20 00:00:00-05:00,5.14965058310742,5.335671461810984,5.13696717967048,5.251862525939941,472588000,0.0,0.0,NVDA,1d
2019-11-21 00:00:00-05:00,5.2473849930734895,5.303091585149256,5.20535602005856,5.226992130279541,288388000,0.0,0.0,NVDA,1d
2019-11-22 00:00:00-05:00,5.249624306108858,5.296129646099661,5.221024864399534,5.244650840759277,224100000,0.0,0.0,NVDA,1d
2019-11-25 00:00:00-05:00,5.372726417443207,5.506273797518019,5.359794459543421,5.501299858093262,506476000,0.0,0.0,NVDA,1d
2019-11-26 00:00:00-05:00,5.48364325693913,5.48836864233391,5.3901354599461735,5.396601676940918,385244000,0.0,0.0,NVDA,1d
2019-11-27 00:00:00-05:00,5.442143689358788,5.4764880478189735,5.40506131401427,5.431441783905029,215784000,0.004,0.0,NVDA,1d
2019-11-29 00:00:00-05:00,5.400583575086742,5.428954908526938,5.370220438087533,5.394112586975098,141556000,0.0,0.0,NVDA,1d
2019-12-02 00:00:00-05:00,5.387143919511813,5.400583371427015,5.192523927668455,5.207705020904541,372036000,0.0,0.0,NVDA,1d
2019-12-03 00:00:00-05:00,5.024035587533009,5.172115920627536,4.986704462979626,5.1681342124938965,465232000,0.0,0.0,NVDA,1d
2019-12-04 00:00:00-05:00,5.251754005692972,5.274152767797512,5.183313554680586,5.2119340896606445,273424000,0.0,0.0,NVDA,1d
2019-12-05 00:00:00-05:00,5.233835149737358,5.2495141875952624,5.164398800335575,5.195010662078857,184884000,0.0,0.0,NVDA,1d
2019-12-06 00:00:00-05:00,5.264198012481317,5.313226456044387,5.254242796153633,5.280374526977539,232236000,0.0,0.0,NVDA,1d
2019-12-09 00:00:00-05:00,5.257478288929215,5.335127267398112,5.248767711987913,5.280374526977539,211880000,0.0,0.0,NVDA,1d
2019-12-10 00:00:00-05:00,5.310488984126515,5.377187801107265,5.257727566372665,5.3254218101501465,256388000,0.0,0.0,NVDA,1d
2019-12-11 00:00:00-05:00,5.33587445887139,5.414518871445258,5.3333856545549585,5.409043312072754,233796000,0.0,0.0,NVDA,1d
2019-12-12 00:00:00-05:00,5.380174119493013,5.594704023157455,5.371214803568274,5.576536178588867,404348000,0.0,0.0,NVDA,1d
2019-12-13 00:00:00-05:00,5.57952346947821,5.698734503784872,5.520539797455136,5.574545860290527,454704000,0.0,0.0,NVDA,1d
2019-12-16 00:00:00-05:00,5.622081765896798,5.675838623922071,5.5939586970581,5.6034159660339355,320976000,0.0,0.0,NVDA,1d
2019-12-17 00:00:00-05:00,5.622081272026224,5.7042099297644295,5.612624003881161,5.681562423706055,321196000,0.0,0.0,NVDA,1d
2019-12-18 00:00:00-05:00,5.716403733951459,5.772400644067879,5.707941894255487,5.711924076080322,343548000,0.0,0.0,NVDA,1d
2019-12-19 00:00:00-05:00,5.74651863616392,5.873444829336286,5.741541026700463,5.8600053787231445,445360000,0.0,0.0,NVDA,1d
2019-12-20 00:00:00-05:00,5.92645578545252,5.98270145077082,5.907292508617542,5.9573163986206055,603044000,0.0,0.0,NVDA,1d
2019-12-23 00:00:00-05:00,5.985936088138887,6.018040861898894,5.932925924459894,5.94362735748291,355060000,0.0,0.0,NVDA,1d
2019-12-24 00:00:00-05:00,5.928196959593819,5.955822074319842,5.893852119730991,5.938649654388428,138864000,0.0,0.0,NVDA,1d
2019-12-26 00:00:00-05:00,5.942132700760111,5.980957191406503,5.9232181688023156,5.952834606170654,182852000,0.0,0.0,NVDA,1d
2019-12-27 00:00:00-05:00,5.968017387348438,5.98145683875349,5.868716303748757,5.895097255706787,254644000,0.0,0.0,NVDA,1d
2019-12-30 00:00:00-05:00,5.873195624374401,5.878421971488268,5.750500361530669,5.781858444213867,258056000,0.0,0.0,NVDA,1d
2019-12-31 00:00:00-05:00,5.746517815671809,5.865480101531699,5.727354544133707,5.856022834777832,231004000,0.0,0.0,NVDA,1d
2020-01-02 00:00:00-05:00,5.941884868219942,5.970754146575928,5.891363512424235,5.970754146575928,237536000,0.0,0.0,NVDA,1d
2020-01-03 00:00:00-05:00,5.8510460365310895,5.918989028814216,5.826158464010726,5.875186920166016,205384000,0.0,0.0,NVDA,1d
2020-01-06 00:00:00-05:00,5.781858699107725,5.905051443474641,5.7557269623863725,5.899825096130371,262636000,0.0,0.0,NVDA,1d
2020-01-07 00:00:00-05:00,5.928196075296092,6.017044442487873,5.883149809298522,5.971251487731934,314856000,0.0,0.0,NVDA,1d
2020-01-08 00:00:00-05:00,5.967021135605146,6.023764739731018,5.926952474390596,5.982451438903809,277108000,0.0,0.0,NVDA,1d
2020-01-09 00:00:00-05:00,6.068811482955992,6.1205774820472,5.994397977935121,6.048154830932617,255112000,0.0,0.0,NVDA,1d
2020-01-10 00:00:00-05:00,6.155419686593314,6.185782344219764,6.06632256758394,6.080508232116699,316296000,0.0,0.0,NVDA,1d
2020-01-13 00:00:00-05:00,6.163632128120506,6.296282128119939,6.140984150343223,6.271145820617676,319840000,0.0,0.0,NVDA,1d
2020-01-14 00:00:00-05:00,6.228339569543208,6.2537250915044345,6.140984569750498,6.154175281524658,359088000,0.0,0.0,NVDA,1d
2020-01-15 00:00:00-05:00,6.166867794798315,6.189266562204564,6.085734566138518,6.111617565155029,263104000,0.0,0.0,NVDA,1d
2020-01-16 00:00:00-05:00,6.165125624680976,6.201212580149905,6.141731430548025,6.195239543914795,284192000,0.0,0.0,NVDA,1d
2020-01-17 00:00:00-05:00,6.214401667413449,6.221868079998157,6.1564139062757155,6.203948974609375,253792000,0.0,0.0,NVDA,1d
2020-01-21 00:00:00-05:00,6.167365874333107,6.20419951976106,6.136505265317551,6.1706013679504395,217916000,0.0,0.0,NVDA,1d
2020-01-22 00:00:00-05:00,6.215896411562279,6.311215307199664,6.196981875274955,6.224606990814209,239240000,0.0,0.0,NVDA,1d
2020-01-23 00:00:00-05:00,6.264675623846474,6.301508791795194,6.175827247965222,6.293046951293945,244516000,0.0,0.0,NVDA,1d
2020-01-24 00:00:00-05:00,6.4085256847471355,6.458300831398263,6.179560864595715,6.233815670013428,373512000,0.0,0.0,NVDA,1d
2020-01-27 00:00:00-05:00,5.929192314169117,6.02899133900115,5.779618620640297,5.977972030639648,470536000,0.0,0.0,NVDA,1d
2020-01-28 00:00:00-05:00,6.043922549302255,6.203700169229386,5.990663184429591,6.171346664428711,310976000,0.0,0.0,NVDA,1d
2020-01-29 00:00:00-05:00,6.15691349496701,6.1930004533573255,6.071051388818257,6.1108717918396,258848000,0.0,0.0,NVDA,1d
2020-01-30 00:00:00-05:00,6.013062069994138,6.131028921567064,5.958061063241171,6.117589473724365,290504000,0.0,0.0,NVDA,1d
2020-01-31 00:00:00-05:00,6.071797721586541,6.083743794323115,5.842335433644446,5.884146213531494,370420000,0.0,0.0,NVDA,1d
2020-02-03 00:00:00-05:00,5.865978512587702,6.000619860257822,5.859756738000507,5.981207847595215,255564000,0.0,0.0,NVDA,1d
2020-02-04 00:00:00-05:00,6.123066221076983,6.169605872146606,6.073042338363258,6.150442123413086,271544000,0.0,0.0,NVDA,1d
2020-02-05 00:00:00-05:00,6.271394128032699,6.281598083029912,6.157409456942696,6.240782737731934,208220000,0.0,0.0,NVDA,1d
2020-02-06 00:00:00-05:00,6.275128796942113,6.327641010284424,6.193995566539658,6.327641010284424,218284000,0.0,0.0,NVDA,1d
2020-02-07 00:00:00-05:00,6.287572013355755,6.309722042005786,6.236054755001405,6.261440277099609,189752000,0.0,0.0,NVDA,1d
2020-02-10 00:00:00-05:00,6.284087069479362,6.545405351799179,6.27910946084505,6.54465913772583,529608000,0.0,0.0,NVDA,1d
2020-02-11 00:00:00-05:00,6.652920487059736,6.781837531508206,6.590950532170923,6.6671061515808105,638556000,0.0,0.0,NVDA,1d
2020-02-12 00:00:00-05:00,6.7198677162340585,6.789304086608207,6.681043216849115,6.782833099365234,374644000,0.0,0.0,NVDA,1d
2020-02-13 00:00:00-05:00,6.72484422185108,6.8062261770159695,6.697467848977049,6.739029884338379,528016000,0.0,0.0,NVDA,1d
2020-02-14 00:00:00-05:00,7.149175191200964,7.341057578240448,7.117817113076775,7.2121405601501465,1041924000,0.0,0.0,NVDA,1d
2020-02-18 00:00:00-05:00,7.108859159403147,7.399296462852883,7.089447146414117,7.3808794021606445,620164000,0.0,0.0,NVDA,1d
2020-02-19 00:00:00-05:00,7.503325584326226,7.849759318235343,7.503325584326226,7.832088947296143,694332000,0.0,0.0,NVDA,1d
2020-02-20 00:00:00-05:00,7.784055495050813,7.872405915479174,7.375403114951804,7.682763576507568,810052000,0.0,0.0,NVDA,1d
2020-02-21 00:00:00-05:00,7.570521784732128,7.595658094730664,7.2337940614080205,7.318660259246826,768180000,0.0,0.0,NVDA,1d
2020-02-24 00:00:00-05:00,6.724345781914618,7.0150317449623065,6.669842252847712,6.801248073577881,856916000,0.0,0.0,NVDA,1d
2020-02-25 00:00:00-05:00,6.876408676352782,6.938378621692745,6.4199725063465785,6.521762371063232,1055496000,0.0,0.0,NVDA,1d
2020-02-26 00:00:00-05:00,6.522010883834573,6.855254315100791,6.520517981060398,6.661131858825684,747732000,0.0,0.0,NVDA,1d
2020-02-27 00:00:00-05:00,6.3476124078584535,6.64893125360864,6.197949244815988,6.290337085723877,906416000,0.004,0.0,NVDA,1d
2020-02-28 00:00:00-05:00,6.037828474875231,6.784899546723663,6.021144028196548,6.7253828048706055,1133252000,0.0,0.0,NVDA,1d
2020-03-02 00:00:00-05:00,6.89546430619151,6.912646997105689,6.499516704618739,6.88375997543335,890744000,0.0,0.0,NVDA,1d
2020-03-03 00:00:00-05:00,6.939541411420156,6.999307023640766,6.535874048383483,6.621289253234863,652792000,0.0,0.0,NVDA,1d
2020-03-04 00:00:00-05:00,6.728618217428023,7.094433875085668,6.653910847652948,7.084970951080322,597408000,0.0,0.0,NVDA,1d
2020-03-05 00:00:00-05:00,6.885503641255886,7.052349501241793,6.760991819623863,6.805567264556885,540328000,0.0,0.0,NVDA,1d
2020-03-06 00:00:00-05:00,6.6260193871475765,6.683544058488482,6.424808193310589,6.625023365020752,515412000,0.0,0.0,NVDA,1d
2020-03-09 00:00:00-04:00,5.974076456092532,6.459672694457818,5.931244648976201,6.112035751342773,614160000,0.0,0.0,NVDA,1d
2020-03-10 00:00:00-04:00,6.38845186990878,6.501508712768555,6.125732346102121,6.501508712768555,580648000,0.0,0.0,NVDA,1d
2020-03-11 00:00:00-04:00,6.361557585907616,6.389946359754205,6.040566234422032,6.137685298919678,499964000,0.0,0.0,NVDA,1d
2020-03-12 00:00:00-04:00,5.614486920815418,5.879946119674955,5.3739301811778155,5.386630535125732,816540000,0.0,0.0,NVDA,1d
2020-03-13 00:00:00-04:00,5.739993709567148,6.001966544495136,5.468807313151768,5.99748420715332,634836000,0.0,0.0,NVDA,1d
2020-03-16 00:00:00-04:00,5.289510107058595,5.630423762094132,4.8310577571051,4.8908233642578125,726972000,0.0,0.0,NVDA,1d
2020-03-17 00:00:00-04:00,5.003134146835945,5.499936546857381,4.756351898864725,5.410536766052246,833632000,0.0,0.0,NVDA,1d
2020-03-18 00:00:00-04:00,4.982962115786236,5.228001143281701,4.499358442377343,5.05069637298584,874268000,0.0,0.0,NVDA,1d
2020-03-19 00:00:00-04:00,5.0292817693992715,5.3970900221953935,4.815868874213177,5.303457260131836,765512000,0.0,0.0,NVDA,1d
2020-03-20 00:00:00-04:00,5.453616029298726,5.73551069990463,5.108220558015284,5.123660087585449,804636000,0.0,0.0,NVDA,1d
2020-03-23 00:00:00-04:00,5.122665029285088,5.390863877993336,4.943617068293397,5.296483516693115,643876000,0.0,0.0,NVDA,1d
2020-03-24 00:00:00-04:00,5.702640156905498,6.29183025625637,5.678983086676754,6.205169677734375,1101644000,0.0,0.0,NVDA,1d
2020-03-25 00:00:00-04:00,6.320219057670394,6.519936005707331,6.067709130537337,6.116518020629883,793432000,0.0,0.0,NVDA,1d
2020-03-26 00:00:00-04:00,6.323706480486076,6.529898321725795,6.225591384455228,6.405884742736816,696108000,0.0,0.0,NVDA,1d
2020-03-27 00:00:00-04:00,6.225591175797797,6.552310269100053,6.192720061989183,6.293574810028076,638828000,0.0,0.0,NVDA,1d
2020-03-30 00:00:00-04:00,6.35906683290393,6.623032205750341,6.314989641822439,6.613818168640137,602252000,0.0,0.0,NVDA,1d
2020-03-31 00:00:00-04:00,6.653910565095111,6.858110320495774,6.418583333995227,6.564262390136719,949960000,0.0,0.0,NVDA,1d
2020-04-01 00:00:00-04:00,6.366288693106729,6.512714411716045,6.008441698800573,6.053016662597656,656912000,0.0,0.0,NVDA,1d
2020-04-02 00:00:00-04:00,6.08215214884335,6.375004040795711,6.034090873043499,6.3618059158325195,675764000,0.0,0.0,NVDA,1d
2020-04-03 00:00:00-04:00,6.324202556919287,6.365789447485393,5.936473056264143,6.073934078216553,663212000,0.0,0.0,NVDA,1d
2020-04-06 00:00:00-04:00,6.356078940367916,6.720649696082763,6.2985542597634785,6.683794021606445,727884000,0.0,0.0,NVDA,1d
2020-04-07 00:00:00-04:00,6.905425598520726,6.929083148905279,6.4073783058763185,6.4504594802856445,784520000,0.0,0.0,NVDA,1d
2020-04-08 00:00:00-04:00,6.559531142622338,6.672587985050832,6.489555470489437,6.647685527801514,542444000,0.0,0.0,NVDA,1d
2020-04-09 00:00:00-04:00,6.77344171497517,6.796351649251592,6.485072167404843,6.548075199127197,525564000,0.0,0.0,NVDA,1d
2020-04-13 00:00:00-04:00,6.488311394390533,6.7286192589957325,6.399908111031606,6.719903469085693,398408000,0.0,0.0,NVDA,1d
2020-04-14 00:00:00-04:00,6.8481491312848295,7.105141388817027,6.820507495955721,7.071025371551514,530948000,0.0,0.0,NVDA,1d
2020-04-15 00:00:00-04:00,6.9029347084421175,7.076504300320507,6.857612606318215,6.993579387664795,366148000,0.0,0.0,NVDA,1d
2020-04-16 00:00:00-04:00,7.148970722910891,7.445806762036778,7.135772595346985,7.33872652053833,745620000,0.0,0.0,NVDA,1d
2020-04-17 00:00:00-04:00,7.42090366109645,7.4423198025387185,7.145483789087821,7.279458522796631,539120000,0.0,0.0,NVDA,1d
2020-04-20 00:00:00-04:00,7.152954622799317,7.308843270603872,7.1038968447451385,7.148222923278809,449388000,0.0,0.0,NVDA,1d
2020-04-21 00:00:00-04:00,7.030187705425032,7.09144712767492,6.651671599383998,6.711437225341797,735160000,0.0,0.0,NVDA,1d
2020-04-22 00:00:00-04:00,6.903681973130234,7.168643384661599,6.858110983321336,7.1258111000061035,483356000,0.0,0.0,NVDA,1d
2020-04-23 00:00:00-04:00,7.167896158666759,7.2998783766301765,7.047368434745223,7.072519779205322,424160000,0.0,0.0,NVDA,1d
2020-04-24 00:00:00-04:00,7.062311391721849,7.213468370944685,6.98760400617556,7.2114763259887695,352328000,0.0,0.0,NVDA,1d
2020-04-27 00:00:00-04:00,7.345948667480106,7.557867748351384,7.321295094747298,7.397994518280029,479388000,0.0,0.0,NVDA,1d
2020-04-28 00:00:00-04:00,7.545415682520919,7.57529872664852,7.250073931686254,7.255552291870117,442904000,0.0,0.0,NVDA,1d
2020-04-29 00:00:00-04:00,7.390274070522347,7.485152200070191,7.315068924983544,7.432359218597412,379160000,0.0,0.0,NVDA,1d
2020-04-30 00:00:00-04:00,7.378319681469513,7.432358038462716,7.264516196423109,7.278461456298828,375916000,0.0,0.0,NVDA,1d
2020-05-01 00:00:00-04:00,7.080986271988057,7.194291996413237,6.993579026001482,7.041889667510986,342096000,0.0,0.0,NVDA,1d
2020-05-04 00:00:00-04:00,6.994574835078078,7.267504872616787,6.994574835078078,7.253808498382568,317556000,0.0,0.0,NVDA,1d
2020-05-05 00:00:00-04:00,7.357900981818073,7.477432203170718,7.253808818035892,7.314819812774658,368896000,0.0,0.0,NVDA,1d
2020-05-06 00:00:00-04:00,7.394258543064645,7.520513510750665,7.356406846446579,7.415674209594727,323464000,0.0,0.0,NVDA,1d
2020-05-07 00:00:00-04:00,7.554878755504124,7.655235248420218,7.503580043298903,7.591983318328857,373732000,0.0,0.0,NVDA,1d
2020-05-08 00:00:00-04:00,7.663702298727556,7.788214116659685,7.629835164045799,7.781988620758057,339216000,0.0,0.0,NVDA,1d
2020-05-11 00:00:00-04:00,7.777008568160704,8.080817728764211,7.7483709050665075,8.034001350402832,469060000,0.0,0.0,NVDA,1d
2020-05-12 00:00:00-04:00,8.091773941626728,8.14058236175115,7.762315680862196,7.772027492523193,493060000,0.0,0.0,NVDA,1d
2020-05-13 00:00:00-04:00,7.886578477433536,8.046949472924325,7.565088875981364,7.749615669250488,625852000,0.0,0.0,NVDA,1d
2020-05-14 00:00:00-04:00,7.811123830529549,8.004615284650143,7.65747611657853,7.999136924743652,602312000,0.0,0.0,NVDA,1d
2020-05-15 00:00:00-04:00,7.858936085271432,8.467300485063323,7.843247666290746,8.457589149475098,987660000,0.0,0.0,NVDA,1d
2020-05-18 00:00:00-04:00,8.726285957195563,8.88167683840197,8.646598471953777,8.716075897216797,774460000,0.0,0.0,NVDA,1d
2020-05-19 00:00:00-04:00,8.755918935665225,9.05200780138796,8.728526186700774,8.771109580993652,717320000,0.0,0.0,NVDA,1d
2020-05-20 00:00:00-04:00,8.955886844050895,9.007683809546332,8.854036071033905,8.934968948364258,587536000,0.0,0.0,NVDA,1d
2020-05-21 00:00:00-04:00,9.01615118571963,9.017146733214183,8.703377331498277,8.74098014831543,761068000,0.0,0.0,NVDA,1d
2020-05-22 00:00:00-04:00,8.790783051898014,9.057488103343827,8.679220949290434,8.990998268127441,1038764000,0.0,0.0,NVDA,1d
2020-05-26 00:00:00-04:00,9.120986082397753,9.14588900952472,8.638129582307922,8.683700561523438,770780000,0.0,0.0,NVDA,1d
2020-05-27 00:00:00-04:00,8.59131672321985,8.599036016310325,7.965520111033462,8.49195671081543,1175892000,0.0,0.0,NVDA,1d
2020-05-28 00:00:00-04:00,8.379396544831723,8.726286884278077,8.346525429928509,8.453855514526367,734896000,0.0,0.0,NVDA,1d
2020-05-29 00:00:00-04:00,8.521089170178403,8.840835571289062,8.451860639795001,8.840835571289062,745256000,0.0,0.0,NVDA,1d
2020-06-01 00:00:00-04:00,8.79875319671636,8.80622360267872,8.655564399421785,8.771858215332031,389876000,0.0,0.0,NVDA,1d
2020-06-02 00:00:00-04:00,8.761895905306496,8.802735191457245,8.624185501823682,8.79078197479248,391320000,0.0,0.0,NVDA,1d
2020-06-03 00:00:00-04:00,8.787792164687426,8.831619981427835,8.666019097514953,8.735247611999512,365440000,0.0,0.0,NVDA,1d
2020-06-04 00:00:00-04:00,8.697879144021291,8.912386326144187,8.647553504406243,8.736247062683105,424280000,0.004,0.0,NVDA,1d
2020-06-05 00:00:00-04:00,8.764149807557894,8.965950355172382,8.677948158898555,8.889216423034668,481748000,0.0,0.0,NVDA,1d
2020-06-08 00:00:00-04:00,8.846615376117425,8.859072050015294,8.655776508944166,8.774615287780762,387736000,0.0,0.0,NVDA,1d
2020-06-09 00:00:00-04:00,8.769629699287476,9.078310297164291,8.721048020934704,9.014780044555664,468488000,0.0,0.0,NVDA,1d
2020-06-10 00:00:00-04:00,9.136111384081739,9.467214393281685,9.12190980978842,9.334424018859863,632180000,0.0,0.0,NVDA,1d
2020-06-11 00:00:00-04:00,9.118423392635822,9.229289397995633,8.755680170871136,8.765894889831543,583652000,0.0,0.0,NVDA,1d
2020-06-12 00:00:00-04:00,9.130881046214606,9.15554539189167,8.673215446649964,8.901674270629883,570908000,0.0,0.0,NVDA,1d
2020-06-15 00:00:00-04:00,8.784829388857338,9.150562516844673,8.713575356427903,9.142091751098633,400004000,0.0,0.0,NVDA,1d
2020-06-16 00:00:00-04:00,9.193164514152052,9.23477038751409,8.808246985074005,9.037203788757324,535716000,0.0,0.0,NVDA,1d
2020-06-17 00:00:00-04:00,9.082299582724236,9.26690962968148,9.038948800827344,9.204127311706543,408304000,0.0,0.0,NVDA,1d
2020-06-18 00:00:00-04:00,9.195159372769865,9.250467881789225,9.083047401732872,9.186190605163574,254408000,0.0,0.0,NVDA,1d
2020-06-19 00:00:00-04:00,9.210607376486328,9.412408005152296,9.195409794102758,9.229291915893555,524160000,0.0,0.0,NVDA,1d
2020-06-22 00:00:00-04:00,9.267907600251794,9.498359408949637,9.241249346955792,9.493874549865723,398468000,0.0,0.0,NVDA,1d
2020-06-23 00:00:00-04:00,9.518039245168492,9.609223760973583,9.375035085564633,9.417387962341309,375108000,0.0,0.0,NVDA,1d
2020-06-24 00:00:00-04:00,9.443548049476501,9.523521851780817,9.112942971120358,9.203629493713379,449372000,0.0,0.0,NVDA,1d
2020-06-25 00:00:00-04:00,9.323462311698346,9.4721972631526,9.150561019377776,9.45724868774414,376072000,0.0,0.0,NVDA,1d
2020-06-26 00:00:00-04:00,9.467217092844338,9.467217092844338,9.093511154968905,9.123407363891602,592084000,0.0,0.0,NVDA,1d
2020-06-29 00:00:00-04:00,9.138105831903935,9.172735896063203,8.869286133575109,9.168251037597656,342248000,0.0,0.0,NVDA,1d
2020-06-30 00:00:00-04:00,9.281856485536037,9.493373744022515,9.234520755425343,9.464972496032715,367892000,0.0,0.0,NVDA,1d
2020-07-01 00:00:00-04:00,9.487896412589489,9.542706926011183,9.380518290650997,9.497114181518555,326648000,0.0,0.0,NVDA,1d
2020-07-02 00:00:00-04:00,9.605736929256501,9.703897268706609,9.545196562472253,9.579079627990723,364056000,0.0,0.0,NVDA,1d
2020-07-06 00:00:00-04:00,9.708131608857562,9.874555120077645,9.678982404276315,9.80529499053955,315892000,0.0,0.0,NVDA,1d
2020-07-07 00:00:00-04:00,9.911923788313404,10.035246440241414,9.816753382402391,9.83768081665039,357800000,0.0,0.0,NVDA,1d
2020-07-08 00:00:00-04:00,9.959262104406426,10.18971484215439,9.931109851071897,10.180745124816895,365480000,0.0,0.0,NVDA,1d
2020-07-09 00:00:00-04:00,10.344427021104382,10.533521899501254,10.198183016858287,10.472732543945312,494548000,0.0,0.0,NVDA,1d
2020-07-10 00:00:00-04:00,10.552210604364225,10.618480839614758,10.342935226873866,10.44308853149414,497676000,0.0,0.0,NVDA,1d
2020-07-13 00:00:00-04:00,10.558435344150633,10.755004019606048,9.990401852728793,10.017558097839355,457076000,0.0,0.0,NVDA,1d
2020-07-14 00:00:00-04:00,10.040232450582947,10.366851638295143,9.751731237272898,10.341190338134766,542676000,0.0,0.0,NVDA,1d
2020-07-15 00:00:00-04:00,10.378311468876817,10.396996003532037,10.02104815021368,10.191956520080566,403984000,0.0,0.0,NVDA,1d
2020-07-16 00:00:00-04:00,9.980439491512932,10.171527353998105,9.861351715438127,10.099776268005371,344964000,0.0,0.0,NVDA,1d
2020-07-17 00:00:00-04:00,10.190211440074396,10.213131830331509,10.052937148532017,10.16629409790039,266284000,0.0,0.0,NVDA,1d
2020-07-20 00:00:00-04:00,10.238793197768803,10.494906250453667,10.121698390673775,10.47447681427002,284852000,0.0,0.0,NVDA,1d
2020-07-21 00:00:00-04:00,10.476719249769989,10.523557935067851,10.251250340995028,10.292856216430664,277036000,0.0,0.0,NVDA,1d
2020-07-22 00:00:00-04:00,10.33172304210224,10.565911737188781,10.255985098028882,10.402727127075195,367292000,0.0,0.0,NVDA,1d
2020-07-23 00:00:00-04:00,10.413937722405896,10.510603105060774,9.996632984171347,10.094793319702148,411660000,0.0,0.0,NVDA,1d
2020-07-24 00:00:00-04:00,9.840922467199292,10.32898230288005,9.743261080131965,10.159319877624512,473292000,0.0,0.0,NVDA,1d
2020-07-27 00:00:00-04:00,10.196943038000185,10.40571950328939,10.182492455529992,10.385540008544922,292132000,0.0,0.0,NVDA,1d
2020-07-28 00:00:00-04:00,10.338450010177334,10.346172824798396,10.1740194451191,10.18024730682373,271636000,0.0,0.0,NVDA,1d
2020-07-29 00:00:00-04:00,10.354890347644337,10.479956960079575,10.311291523626386,10.42938232421875,284508000,0.0,0.0,NVDA,1d
2020-07-30 00:00:00-04:00,10.339197927038796,10.586342272548213,10.259723067690757,10.577373504638672,308880000,0.0,0.0,NVDA,1d
2020-07-31 00:00:00-04:00,10.526794782802703,10.729344229172773,10.396994311073172,10.578117370605469,386080000,0.0,0.0,NVDA,1d
2020-08-03 00:00:00-04:00,10.695463227056676,11.06044937073828,10.678272694361175,10.972254753112793,412720000,0.0,0.0,NVDA,1d
2020-08-04 00:00:00-04:00,11.011865830271953,11.18900203704834,10.868362731603609,11.18900203704834,310336000,0.0,0.0,NVDA,1d
2020-08-05 00:00:00-04:00,11.205198944403296,11.332507541797073,11.127717043617789,11.247800827026367,249924000,0.0,0.0,NVDA,1d
2020-08-06 00:00:00-04:00,11.310582577201503,11.31880434287186,11.140173154557944,11.296381950378418,244316000,0.0,0.0,NVDA,1d
2020-08-07 00:00:00-04:00,11.27345951412212,11.465046292456627,10.99940894476079,11.160849571228027,342516000,0.0,0.0,NVDA,1d
2020-08-10 00:00:00-04:00,11.295132145430838,11.368876153540386,10.81903024561199,11.126465797424316,427796000,0.0,0.0,NVDA,1d
2020-08-11 00:00:00-04:00,11.035536173478329,11.098319449331218,10.758495619381051,10.812559127807617,354512000,0.0,0.0,NVDA,1d
2020-08-12 00:00:00-04:00,10.952821324520649,11.427427485593178,10.920433215644131,11.40077018737793,464412000,0.0,0.0,NVDA,1d
2020-08-13 00:00:00-04:00,11.50615721615584,11.681301477453934,11.316564275592059,11.403512954711914,374460000,0.0,0.0,NVDA,1d
2020-08-14 00:00:00-04:00,11.490209613163513,11.664356876470226,11.401019002979302,11.524092674255371,366436000,0.0,0.0,NVDA,1d
2020-08-17 00:00:00-04:00,11.810352048276599,12.36692500157999,11.7764699343852,12.294425964355469,621300000,0.0,0.0,NVDA,1d
2020-08-18 00:00:00-04:00,12.407036978701228,12.452878719522852,12.044542712246516,12.218440055847168,503448000,0.0,0.0,NVDA,1d
2020-08-19 00:00:00-04:00,12.254068665678458,12.272504204266287,12.05625299868771,12.096613883972168,622624000,0.0,0.0,NVDA,1d
2020-08-20 00:00:00-04:00,11.933673579265218,12.332292763174173,11.837755214448215,12.099100112915039,921388000,0.0,0.0,NVDA,1d
2020-08-21 00:00:00-04:00,12.159643368535798,12.76454905109329,12.153165555775876,12.639731407165527,999868000,0.0,0.0,NVDA,1d
2020-08-24 00:00:00-04:00,12.839290026426893,12.867941232553465,12.464338144000836,12.67635440826416,490564000,0.0,0.0,NVDA,1d
2020-08-25 00:00:00-04:00,12.587159668378531,12.717209139608553,12.530356221656858,12.705998420715332,289076000,0.0,0.0,NVDA,1d
2020-08-26 00:00:00-04:00,12.755080235422875,12.82409136442748,12.633999509151844,12.728920936584473,321244000,0.0,0.0,NVDA,1d
2020-08-27 00:00:00-04:00,12.73739094301535,12.805655066718726,12.523132755342244,12.584670066833496,317604000,0.0,0.0,NVDA,1d
2020-08-28 00:00:00-04:00,12.631259609222237,13.10262689195199,12.598871498450452,13.102377891540527,537160000,0.0,0.0,NVDA,1d
2020-08-31 00:00:00-04:00,13.13725649731869,13.5281529158447,12.992757381915121,13.32834529876709,500840000,0.0,0.0,NVDA,1d
2020-09-01 00:00:00-04:00,13.43749844258289,13.949628715914594,13.394135646999624,13.777423858642578,511316000,0.004,0.0,NVDA,1d
2020-09-02 00:00:00-04:00,14.657391497757109,14.680319697982243,13.856175532405885,14.301268577575684,874012000,0.0,0.0,NVDA,1d
2020-09-03 00:00:00-04:00,13.785150980513366,13.840725107880663,12.838146289033148,12.974465370178223,945128000,0.0,0.0,NVDA,1d
2020-09-04 00:00:00-04:00,12.743445322871539,13.133462408954491,11.667847643821455,12.582704544067383,1463684000,0.0,0.0,NVDA,1d
2020-09-08 00:00:00-04:00,11.69750413983094,12.510433341431117,11.667349913206706,11.875441551208496,795728000,0.0,0.0,NVDA,1d
2020-09-09 00:00:00-04:00,12.360905048543636,12.76886502863657,12.193185421465744,12.674912452697754,736200000,0.0,0.0,NVDA,1d
2020-09-10 00:00:00-04:00,12.948297711708706,13.024058312072276,12.128639734136724,12.272933959960938,698684000,0.0,0.0,NVDA,1d
2020-09-11 00:00:00-04:00,12.446137258689868,12.612610574725382,11.858246276405783,12.12614917755127,636928000,0.0,0.0,NVDA,1d
2020-09-14 00:00:00-04:00,13.039757599396154,13.27301908186381,12.591425657125022,12.8316650390625,1201744000,0.0,0.0,NVDA,1d
2020-09-15 00:00:00-04:00,13.238130162189842,13.256821236776068,12.787306500721442,12.950041770935059,727556000,0.0,0.0,NVDA,1d
2020-09-16 00:00:00-04:00,12.916397348697215,13.051470091595386,12.474296072141467,12.475043296813965,556384000,0.0,0.0,NVDA,1d
2020-09-17 00:00:00-04:00,12.093999936822648,12.55005801210448,11.99680748160983,12.424205780029297,792512000,0.0,0.0,NVDA,1d
2020-09-18 00:00:00-04:00,12.554044480221386,12.592672005177674,11.950952377889003,12.150819778442383,698460000,0.0,0.0,NVDA,1d
2020-09-21 00:00:00-04:00,11.887405237931358,12.483021397443737,11.866969684042157,12.477787971496582,721044000,0.0,0.0,NVDA,1d
2020-09-22 00:00:00-04:00,12.535352186225024,12.608121979437849,12.117175425465769,12.597904205322266,646452000,0.0,0.0,NVDA,1d
2020-09-23 00:00:00-04:00,12.53585102033723,12.68687406505385,12.04116641481339,12.085525512695312,647012000,0.0,0.0,NVDA,1d
2020-09-24 00:00:00-04:00,12.034189790419692,12.529871698718129,11.976123011187333,12.309069633483887,731240000,0.0,0.0,NVDA,1d
2020-09-25 00:00:00-04:00,12.408256652197235,12.842881933702188,12.207142912715822,12.833162307739258,588016000,0.0,0.0,NVDA,1d
2020-09-28 00:00:00-04:00,12.999135631045021,13.010599730507748,12.709800926062767,12.993902206420898,573808000,0.0,0.0,NVDA,1d
2020-09-29 00:00:00-04:00,12.896712211256771,13.400369297212727,12.892476036043018,13.184053421020508,621460000,0.0,0.0,NVDA,1d
2020-09-30 00:00:00-04:00,13.116018379126281,13.579552517363965,13.108791403649274,13.487842559814453,689184000,0.0,0.0,NVDA,1d
2020-10-01 00:00:00-04:00,13.714624981038467,13.71935930583392,13.418311387565605,13.571577072143555,525004000,0.0,0.0,NVDA,1d
2020-10-02 00:00:00-04:00,13.18330571184835,13.476876636179565,13.009853546705289,13.021068572998047,552496000,0.0,0.0,NVDA,1d
2020-10-05 00:00:00-04:00,13.194269071030487,13.601231779612217,13.181060496314407,13.5994873046875,479820000,0.0,0.0,NVDA,1d
2020-10-06 00:00:00-04:00,13.786398799962601,14.097415447530537,13.62191902493489,13.693193435668945,784420000,0.0,0.0,NVDA,1d
2020-10-07 00:00:00-04:00,13.955613915301411,14.074737334108889,13.819792968638426,13.919976234436035,418084000,0.0,0.0,NVDA,1d
2020-10-08 00:00:00-04:00,14.030623394171375,14.040093944013766,13.714623411586466,13.79511833190918,378900000,0.0,0.0,NVDA,1d
2020-10-09 00:00:00-04:00,13.72359556957293,13.780665094461844,13.617680744942344,13.719358444213867,346892000,0.0,0.0,NVDA,1d
2020-10-12 00:00:00-04:00,13.945394372067542,14.301767332906016,13.868637469979598,14.181148529052734,434744000,0.0,0.0,NVDA,1d
2020-10-13 00:00:00-04:00,14.251428121601737,14.303264228622615,13.9745537592613,14.203330039978027,344604000,0.0,0.0,NVDA,1d
2020-10-14 00:00:00-04:00,14.245441890555247,14.297527055585501,13.915984303457796,14.05080795288086,276100000,0.0,0.0,NVDA,1d
2020-10-15 00:00:00-04:00,13.767209481431077,13.961594409547011,13.72434482502913,13.925957679748535,267224000,0.0,0.0,NVDA,1d
2020-10-16 00:00:00-04:00,13.99249684204658,14.07697982965037,13.749016580868137,13.767956733703613,242392000,0.0,0.0,NVDA,1d
2020-10-19 00:00:00-04:00,13.859168359537124,13.939414220058843,13.364482718053416,13.455196380615234,298068000,0.0,0.0,NVDA,1d
2020-10-20 00:00:00-04:00,13.540671331298878,13.756239916495703,13.464412595526133,13.602476119995117,229212000,0.0,0.0,NVDA,1d
2020-10-21 00:00:00-04:00,13.58204420681316,13.748019370402716,13.43500919480444,13.482110023498535,219596000,0.0,0.0,NVDA,1d
2020-10-22 00:00:00-04:00,13.479866110525936,13.568834334002846,13.19003228924796,13.318875312805176,290480000,0.0,0.0,NVDA,1d
2020-10-23 00:00:00-04:00,13.407595303610165,13.550394135898697,13.249346221187796,13.547403335571289,233484000,0.0,0.0,NVDA,1d
2020-10-26 00:00:00-04:00,13.384667711577912,13.649579792696025,12.997392352414028,13.099818229675293,336896000,0.0,0.0,NVDA,1d
2020-10-27 00:00:00-04:00,13.264047645682204,13.399619486373137,13.149908603860732,13.354512214660645,250520000,0.0,0.0,NVDA,1d
2020-10-28 00:00:00-04:00,13.156387540997912,13.218192332927055,12.569244869673387,12.587187767028809,376520000,0.0,0.0,NVDA,1d
2020-10-29 00:00:00-04:00,12.798022516795879,13.151155583949004,12.709801518732187,12.982937812805176,320080000,0.0,0.0,NVDA,1d
2020-10-30 00:00:00-04:00,12.809485711152558,12.895712202598007,12.26121961191501,12.494482040405273,416820000,0.0,0.0,NVDA,1d
2020-11-02 00:00:00-05:00,12.617844058143817,12.796279626218718,12.355922756739838,12.54108715057373,299652000,0.0,0.0,NVDA,1d
2020-11-03 00:00:00-05:00,12.668434244784235,13.063683847406413,12.5630175556223,12.978453636169434,272900000,0.0,0.0,NVDA,1d
2020-11-04 00:00:00-05:00,13.347037197678778,13.783906056536338,13.294952018751445,13.750760078430176,410228000,0.0,0.0,NVDA,1d
2020-11-05 00:00:00-05:00,14.117850049572407,14.293792964075415,13.946890534905274,14.115357398986816,319028000,0.0,0.0,NVDA,1d
2020-11-06 00:00:00-05:00,14.065263882570674,14.542753759132953,13.851191618571832,14.516088485717773,383348000,0.0,0.0,NVDA,1d
2020-11-09 00:00:00-05:00,14.506618224863628,14.645179920761693,13.567837827664581,13.587774276733398,582976000,0.0,0.0,NVDA,1d
2020-11-10 00:00:00-05:00,13.563602104010792,13.563602104010792,12.588436707125263,12.729740142822266,644068000,0.0,0.0,NVDA,1d
2020-11-11 00:00:00-05:00,13.01259161746571,13.392639918036112,12.907424037981004,13.375693321228027,404744000,0.0,0.0,NVDA,1d
2020-11-12 00:00:00-05:00,13.436506698187713,13.722601616075027,13.274020459438379,13.414326667785645,365812000,0.0,0.0,NVDA,1d
2020-11-13 00:00:00-05:00,13.58428594217903,13.625655192905109,13.018076883230666,13.255077362060547,346312000,0.0,0.0,NVDA,1d
2020-11-16 00:00:00-05:00,13.13096916459676,13.60646550624664,13.114521665227775,13.472639083862305,413776000,0.0,0.0,NVDA,1d
2020-11-17 00:00:00-05:00,13.50977173125303,13.553383607027966,13.261806251274743,13.379932403564453,312028000,0.0,0.0,NVDA,1d
2020-11-18 00:00:00-05:00,13.422795610021868,13.562852697914124,13.143429609551601,13.3864107131958,510924000,0.0,0.0,NVDA,1d
2020-11-19 00:00:00-05:00,13.171093089061117,13.44497661001742,13.058698515613026,13.397875785827637,565936000,0.0,0.0,NVDA,1d
2020-11-20 00:00:00-05:00,13.411583145369244,13.451955146489949,13.023808681876831,13.046487808227539,341088000,0.0,0.0,NVDA,1d
2020-11-23 00:00:00-05:00,13.129725162390375,13.340308505174802,12.974465923751294,13.098573684692383,361356000,0.0,0.0,NVDA,1d
2020-11-24 00:00:00-05:00,13.101064907711441,13.120503208532503,12.844377045037543,12.916897773742676,346500000,0.0,0.0,NVDA,1d
2020-11-25 00:00:00-05:00,12.991411800755374,13.227664107698024,12.978951400504695,13.193023681640625,259916000,0.0,0.0,NVDA,1d
2020-11-27 00:00:00-05:00,13.332831332124405,13.365229132389386,13.128975881494377,13.219439506530762,167276000,0.0,0.0,NVDA,1d
2020-11-30 00:00:00-05:00,13.22318099291649,13.370216021216454,12.931353561550191,13.35925006866455,286952000,0.0,0.0,NVDA,1d
2020-12-01 00:00:00-05:00,13.449715608904196,13.486100518447449,13.186546989138023,13.347787857055664,296948000,0.0,0.0,NVDA,1d
2020-12-02 00:00:00-05:00,13.30840718978679,13.630388754424763,13.192523677475606,13.501795768737793,283360000,0.0,0.0,NVDA,1d
2020-12-03 00:00:00-05:00,13.548662227713455,13.620955227906979,13.290901954891696,13.357709884643555,199520000,0.004,0.0,NVDA,1d
2020-12-04 00:00:00-05:00,13.410059870301074,13.521241908096885,13.350481049154592,13.51949691772461,202244000,0.0,0.0,NVDA,1d
2020-12-07 00:00:00-05:00,13.562373622565351,13.692002161308737,13.46141332691698,13.56785774230957,223244000,0.0,0.0,NVDA,1d
2020-12-08 00:00:00-05:00,13.546168949470523,13.55987972282517,13.243536292742638,13.311841011047363,271920000,0.0,0.0,NVDA,1d
2020-12-09 00:00:00-05:00,13.262483420440846,13.375658648592895,12.831468887287063,12.893790245056152,401300000,0.0,0.0,NVDA,1d
2020-12-10 00:00:00-05:00,12.832216697833104,13.031395694916,12.812771704768545,12.935171127319336,207764000,0.0,0.0,NVDA,1d
2020-12-11 00:00:00-05:00,12.930185195475408,12.982785004370417,12.786347593211344,12.976054191589355,209264000,0.0,0.0,NVDA,1d
2020-12-14 00:00:00-05:00,13.050591101752886,13.350481252818426,13.040121159359513,13.270709991455078,270156000,0.0,0.0,NVDA,1d
2020-12-15 00:00:00-05:00,13.401333301891295,13.425514015697209,13.14905717380978,13.322310447692871,193016000,0.0,0.0,NVDA,1d
2020-12-16 00:00:00-05:00,13.38413382690294,13.39884214592736,13.174734036543057,13.204648971557617,223116000,0.0,0.0,NVDA,1d
2020-12-17 00:00:00-05:00,13.328543256876912,13.341257437063334,13.14083174724949,13.303116798400879,231384000,0.0,0.0,NVDA,1d
2020-12-18 00:00:00-05:00,13.340757656203472,13.366683361556884,13.033140123420997,13.234064102172852,342064000,0.0,0.0,NVDA,1d
2020-12-21 00:00:00-05:00,13.037378091812114,13.331784111169432,12.930434433910992,13.29414176940918,302332000,0.0,0.0,NVDA,1d
2020-12-22 00:00:00-05:00,13.281181451452612,13.299129654478302,13.016689375128038,13.2402982711792,185580000,0.0,0.0,NVDA,1d
2020-12-23 00:00:00-05:00,13.218110529291765,13.237056275687273,12.96782849920963,12.972065925598145,179144000,0.0,0.0,NVDA,1d
2020-12-24 00:00:00-05:00,12.999987250858249,13.09496514213458,12.901769477771508,12.956611633300781,97884000,0.0,0.0,NVDA,1d
2020-12-28 00:00:00-05:00,13.02516265137732,13.02516265137732,12.726768366040222,12.863126754760742,212564000,0.0,0.0,NVDA,1d
2020-12-29 00:00:00-05:00,12.888059322824821,13.035137791970207,12.805545510600044,12.906256675720215,170372000,0.0,0.0,NVDA,1d
2020-12-30 00:00:00-05:00,12.953120278145812,13.175981710757751,12.859888338350087,13.108176231384277,225396000,0.0,0.0,NVDA,1d
2020-12-31 00:00:00-05:00,13.098951077067488,13.11340929563424,12.87808381553672,13.017683982849121,192424000,0.0,0.0,NVDA,1d
2021-01-04 00:00:00-05:00,13.066794130908479,13.613477268003745,12.925448959611947,13.076017379760742,560640000,0.0,0.0,NVDA,1d
2021-01-05 00:00:00-05:00,13.062303732753552,13.40507111817657,13.049590505947688,13.366432189941406,322760000,0.0,0.0,NVDA,1d
2021-01-06 00:00:00-05:00,13.184707458538943,13.207143187349473,12.550027288519626,12.578445434570312,580424000,0.0,0.0,NVDA,1d
2021-01-07 00:00:00-05:00,12.930434635384632,13.339512676724356,12.849666782088335,13.305858612060547,461480000,0.0,0.0,NVDA,1d
2021-01-08 00:00:00-05:00,13.324306483553258,13.382638612575214,13.004722188085635,13.238801002502441,292528000,0.0,0.0,NVDA,1d
2021-01-11 00:00:00-05:00,13.380396507064923,13.921097286354001,13.324307660487984,13.58256721496582,518344000,0.0,0.0,NVDA,1d
2021-01-12 00:00:00-05:00,13.713191537825285,13.71518662773532,13.30685695821669,13.446207046508789,291476000,0.0,0.0,NVDA,1d
2021-01-13 00:00:00-05:00,13.45144283836418,13.586057211439117,13.3467434043827,13.493073463439941,210028000,0.0,0.0,NVDA,1d
2021-01-14 00:00:00-05:00,13.536200407073654,13.560879424388261,13.142828168347837,13.162521362304688,283120000,0.0,0.0,NVDA,1d
2021-01-15 00:00:00-05:00,13.190191844917592,13.287163872887445,12.81177708254526,12.822745323181152,277780000,0.0,0.0,NVDA,1d
2021-01-19 00:00:00-05:00,12.97904584526776,13.056573821043251,12.807288385767938,12.988020896911621,226188000,0.0,0.0,NVDA,1d
2021-01-20 00:00:00-05:00,13.074273353645776,13.392112675663085,13.019431202517943,13.327548027038574,258572000,0.0,0.0,NVDA,1d
2021-01-21 00:00:00-05:00,13.380146684400248,13.959237226928826,13.215120034647857,13.827863693237305,337780000,0.0,0.0,NVDA,1d
2021-01-22 00:00:00-05:00,13.700727061039379,13.802186604239331,13.588299278392899,13.67330551147461,246820000,0.0,0.0,NVDA,1d
2021-01-25 00:00:00-05:00,13.742358087685238,13.788974533130535,13.198666607439788,13.614225387573242,251112000,0.0,0.0,NVDA,1d
2021-01-26 00:00:00-05:00,13.541682883107807,13.605749231505072,13.349234689420664,13.396848678588867,163980000,0.0,0.0,NVDA,1d
2021-01-27 00:00:00-05:00,13.192183617318866,13.194926152460098,12.757180837312008,12.880826950073242,371272000,0.0,0.0,NVDA,1d
2021-01-28 00:00:00-05:00,12.959102719549616,13.301621023796079,12.923454516478738,13.01369571685791,228316000,0.0,0.0,NVDA,1d
2021-01-29 00:00:00-05:00,13.037628651929008,13.296636595811426,12.874596137407885,12.952622413635254,271552000,0.0,0.0,NVDA,1d
2021-02-01 00:00:00-05:00,13.015940401973044,13.232818458698954,12.865870277184177,13.199165344238281,217204000,0.0,0.0,NVDA,1d
2021-02-02 00:00:00-05:00,13.360452226804785,13.533206267613787,13.247525202589054,13.518000602722168,220440000,0.0,0.0,NVDA,1d
2021-02-03 00:00:00-05:00,13.597023775479286,13.891929046731677,13.477866134624353,13.491826057434082,245408000,0.0,0.0,NVDA,1d
2021-02-04 00:00:00-05:00,13.492325175349118,13.634417798850047,13.299627828583862,13.625194549560547,201340000,0.0,0.0,NVDA,1d
2021-02-05 00:00:00-05:00,13.685770399260598,13.697985331998837,13.507032031988212,13.552152633666992,169152000,0.0,0.0,NVDA,1d
2021-02-08 00:00:00-05:00,13.68801261621437,14.432378862406338,13.68801261621437,14.397479057312012,434624000,0.0,0.0,NVDA,1d
2021-02-09 00:00:00-05:00,14.299759600879625,14.54156676786031,14.18184770115254,14.222481727600098,287560000,0.0,0.0,NVDA,1d
2021-02-10 00:00:00-05:00,14.421911341669587,14.862398307109832,14.300509448878522,14.722050666809082,485352000,0.0,0.0,NVDA,1d
2021-02-11 00:00:00-05:00,14.937432968957507,15.22859817563987,14.882340720231461,15.207159042358398,450828000,0.0,0.0,NVDA,1d
2021-02-12 00:00:00-05:00,15.006983766434686,15.247544255487185,14.732769210253142,14.918487548828125,374756000,0.0,0.0,NVDA,1d
2021-02-16 00:00:00-05:00,15.021193700381346,15.328563093363668,14.907270064514945,15.286433219909668,321960000,0.0,0.0,NVDA,1d
2021-02-17 00:00:00-05:00,15.127637657234107,15.179988324043537,14.737755421903262,14.863395690917969,274756000,0.0,0.0,NVDA,1d
2021-02-18 00:00:00-05:00,14.686899869828187,14.830737473228302,14.533339769901213,14.786614418029785,233868000,0.0,0.0,NVDA,1d
2021-02-19 00:00:00-05:00,14.981554292445454,15.133618542959208,14.804312733125371,14.883834838867188,271724000,0.0,0.0,NVDA,1d
2021-02-22 00:00:00-05:00,14.732519345236469,15.089995130190827,14.284054911103434,14.314717292785645,325884000,0.0,0.0,NVDA,1d
2021-02-23 00:00:00-05:00,14.035018027091663,14.19805147445636,13.351228116185384,14.101577758789062,391780000,0.0,0.0,NVDA,1d
2021-02-24 00:00:00-05:00,14.082384712334376,14.46528699059649,13.71668224012593,14.457558631896973,448320000,0.0,0.0,NVDA,1d
2021-02-25 00:00:00-05:00,14.005354056686674,14.3336633080336,13.178474888234955,13.269463539123535,824436000,0.0,0.0,NVDA,1d
2021-02-26 00:00:00-05:00,13.713191139209655,13.814899830880389,13.322810633589587,13.675300598144531,500932000,0.0,0.0,NVDA,1d
2021-03-01 00:00:00-05:00,13.83534082862855,13.885198102885361,13.514510804567648,13.802186012268066,353184000,0.0,0.0,NVDA,1d
2021-03-02 00:00:00-05:00,13.860269716548428,13.880711304669166,13.357710571906427,13.367931365966797,264116000,0.0,0.0,NVDA,1d
2021-03-03 00:00:00-05:00,13.387873897050037,13.413051207077928,12.762166962212012,12.768150329589844,377592000,0.0,0.0,NVDA,1d
2021-03-04 00:00:00-05:00,12.764161819483274,12.937914367477056,12.049211189236068,12.334892272949219,573344000,0.0,0.0,NVDA,1d
2021-03-05 00:00:00-05:00,12.514128448535434,12.514128448535434,11.645866892554002,12.425881385803223,542840000,0.0,0.0,NVDA,1d
2021-03-08 00:00:00-05:00,12.414415664202755,12.435604699983601,11.533440753468302,11.560114860534668,543112000,0.0,0.0,NVDA,1d
2021-03-09 00:00:00-05:00,12.099751648732017,12.585028259142307,12.02893006065592,12.488771438598633,521824000,0.004,0.0,NVDA,1d
2021-03-10 00:00:00-05:00,12.808218669435043,12.947367629501878,12.426182115532276,12.436904907226562,384376000,0.0,0.0,NVDA,1d
2021-03-11 00:00:00-05:00,12.917443914087112,13.013452477307373,12.70248579612191,12.960834503173828,299916000,0.0,0.0,NVDA,1d
2021-03-12 00:00:00-05:00,12.616450011981625,12.856345807578716,12.55834698640387,12.823678016662598,243964000,0.0,0.0,NVDA,1d
2021-03-15 00:00:00-04:00,12.832406735192682,13.17354692311485,12.735152011430825,13.158085823059082,221988000,0.0,0.0,NVDA,1d
2021-03-16 00:00:00-04:00,13.322919832651639,13.478527766958353,13.083772684178307,13.257834434509277,272128000,0.0,0.0,NVDA,1d
2021-03-17 00:00:00-04:00,13.006966431737487,13.419426670272632,12.956842713654673,13.307708740234375,243864000,0.0,0.0,NVDA,1d
2021-03-18 00:00:00-04:00,13.103473263809228,13.15085349936061,12.685027598463575,12.690513610839844,293896000,0.0,0.0,NVDA,1d
2021-03-19 00:00:00-04:00,12.717942655930011,12.889011658699225,12.580788562640967,12.813451766967773,299208000,0.0,0.0,NVDA,1d
2021-03-22 00:00:00-04:00,12.880284356409868,13.360822652046854,12.874298924417953,13.153096199035645,297804000,0.0,0.0,NVDA,1d
2021-03-23 00:00:00-04:00,13.220926519947097,13.310949633938653,12.988512512674987,13.037888526916504,222048000,0.0,0.0,NVDA,1d
2021-03-24 00:00:00-04:00,13.118187112663936,13.1261673732416,12.604980921274594,12.611214637756348,245840000,0.0,0.0,NVDA,1d
2021-03-25 00:00:00-04:00,12.46807693347633,12.682785817128236,12.241148899201454,12.50373649597168,295144000,0.0,0.0,NVDA,1d
2021-03-26 00:00:00-04:00,12.522938363387846,12.8239299645423,12.34239363011212,12.80697250366211,363968000,0.0,0.0,NVDA,1d
2021-03-29 00:00:00-04:00,12.788018639128039,13.029660048696257,12.668071206371831,12.91569709777832,273520000,0.0,0.0,NVDA,1d
2021-03-30 00:00:00-04:00,12.809713771579235,12.942629001970921,12.673058121314657,12.839388847351074,200204000,0.0,0.0,NVDA,1d
2021-03-31 00:00:00-04:00,12.982777790954895,13.436633799038589,12.949860763887894,13.314691543579102,314776000,0.0,0.0,NVDA,1d
2021-04-01 00:00:00-04:00,13.538128259715098,13.835129204542868,13.477280798414757,13.777026176452637,308276000,0.0,0.0,NVDA,1d
2021-04-05 00:00:00-04:00,13.832636208536442,13.978767529559853,13.698473850909528,13.9523344039917,255672000,0.0,0.0,NVDA,1d
2021-04-06 00:00:00-04:00,13.964552432362328,14.018915037379223,13.738871566976432,13.82664966583252,191744000,0.0,0.0,NVDA,1d
2021-04-07 00:00:00-04:00,13.845854400891223,14.207692524266065,13.677030348601601,14.10794448852539,251284000,0.0,0.0,NVDA,1d
2021-04-08 00:00:00-04:00,14.21691644922942,14.435116472853124,14.213175078323518,14.281004905700684,244416000,0.0,0.0,NVDA,1d
2021-04-09 00:00:00-04:00,14.178262107853303,14.371774585631124,14.139360605246697,14.363794326782227,195172000,0.0,0.0,NVDA,1d
2021-04-12 00:00:00-04:00,14.253822754507906,15.313900647385516,14.103700845388609,15.170761108398438,869324000,0.0,0.0,NVDA,1d
2021-04-13 00:00:00-04:00,15.193207722114034,15.660530051339101,15.08772349362151,15.640081405639648,676212000,0.0,0.0,NVDA,1d
2021-04-14 00:00:00-04:00,15.585717781764965,15.680977681236898,15.189217083345795,15.238593101501465,385500000,0.0,0.0,NVDA,1d
2021-04-15 00:00:00-04:00,15.623122755169474,16.17348576432492,15.592200556342737,16.0966796875,598480000,0.0,0.0,NVDA,1d
2021-04-16 00:00:00-04:00,16.012639621052436,16.125107153595632,15.825361792350446,15.872493743896484,335208000,0.0,0.0,NVDA,1d
2021-04-19 00:00:00-04:00,15.497441617862325,15.7677602395464,15.194704433980464,15.32313060760498,404420000,0.0,0.0,NVDA,1d
2021-04-20 00:00:00-04:00,15.284725469092292,15.458038566239265,14.925381656950178,15.133108139038086,334132000,0.0,0.0,NVDA,1d
2021-04-21 00:00:00-04:00,15.08073838157039,15.323876121299216,15.064280344960931,15.321881294250488,216776000,0.0,0.0,NVDA,1d
2021-04-22 00:00:00-04:00,15.336344329965497,15.399685082246794,14.746331191725861,14.81291389465332,277788000,0.0,0.0,NVDA,1d
2021-04-23 00:00:00-04:00,14.896705203918978,15.2964478790434,14.862791235395903,15.226873397827148,227500000,0.0,0.0,NVDA,1d
2021-04-26 00:00:00-04:00,15.146826138366272,15.440086710805838,15.086976556604712,15.439088821411133,197796000,0.0,0.0,NVDA,1d
2021-04-27 00:00:00-04:00,15.539334614946952,15.63110332965213,15.31589778572029,15.343079566955566,164572000,0.0,0.0,NVDA,1d
2021-04-28 00:00:00-04:00,15.325873065531082,15.493201692864114,15.177247490188085,15.238343238830566,209416000,0.0,0.0,NVDA,1d
2021-04-29 00:00:00-04:00,15.36128198854834,15.397690199904106,15.033608086346442,15.286221504211426,173196000,0.0,0.0,NVDA,1d
2021-04-30 00:00:00-04:00,15.13635161976732,15.326372008336463,14.959297133568592,14.971765518188477,201912000,0.0,0.0,NVDA,1d
2021-05-03 00:00:00-04:00,15.086974247402853,15.20841803404415,14.750323136442555,14.79944896697998,203912000,0.0,0.0,NVDA,1d
2021-05-04 00:00:00-04:00,14.600449582589548,14.600698817066128,13.975026104461781,14.315168380737305,405324000,0.0,0.0,NVDA,1d
2021-05-05 00:00:00-04:00,14.672019599835691,14.776257644037008,14.351328061036348,14.422149658203125,292024000,0.0,0.0,NVDA,1d
2021-05-06 00:00:00-04:00,14.458806188006658,14.534615323972524,14.18225390445764,14.486486434936523,193380000,0.0,0.0,NVDA,1d
2021-05-07 00:00:00-04:00,14.771021408101264,14.933112300510395,14.63486422135409,14.77501106262207,229328000,0.0,0.0,NVDA,1d
2021-05-10 00:00:00-04:00,14.750073658170713,14.768776709960429,14.214174766121413,14.22988510131836,268904000,0.0,0.0,NVDA,1d
2021-05-11 00:00:00-04:00,13.790243752058554,14.318661830890395,13.715432492355607,14.270283699035645,285584000,0.0,0.0,NVDA,1d
2021-05-12 00:00:00-04:00,13.974278753404459,14.22439889185973,13.674784499511132,13.723910331726074,303408000,0.0,0.0,NVDA,1d
2021-05-13 00:00:00-04:00,13.998467009467184,14.045349728476552,13.425162054864115,13.63089370727539,285404000,0.0,0.0,NVDA,1d
2021-05-14 00:00:00-04:00,13.85507926247416,14.291977805422704,13.713934538144024,14.207191467285156,258616000,0.0,0.0,NVDA,1d
2021-05-17 00:00:00-04:00,14.121408850962863,14.133628001156678,13.818672627064075,14.129887580871582,216980000,0.0,0.0,NVDA,1d
2021-05-18 00:00:00-04:00,14.231131212096818,14.36803609551161,13.968791939261795,13.980512619018555,186256000,0.0,0.0,NVDA,1d
2021-05-19 00:00:00-04:00,13.532391695784717,14.04410243148695,13.509200522328285,14.030386924743652,344000000,0.0,0.0,NVDA,1d
2021-05-20 00:00:00-04:00,14.266541704450896,14.646833580285021,14.234622566942482,14.575762748718262,321592000,0.0,0.0,NVDA,1d
2021-05-21 00:00:00-04:00,15.125627113969413,15.183731096129877,14.832117340430838,14.954059600830078,672992000,0.0,0.0,NVDA,1d
2021-05-24 00:00:00-04:00,15.174256423810533,15.705418021198524,15.137848205171483,15.572752952575684,554816000,0.0,0.0,NVDA,1d
2021-05-25 00:00:00-04:00,15.726361521757942,15.778729299964287,15.443574568167058,15.60840892791748,435408000,0.0,0.0,NVDA,1d
2021-05-26 00:00:00-04:00,15.69469137749072,15.754041525206162,15.547063711617795,15.660527229309082,370440000,0.0,0.0,NVDA,1d
2021-05-27 00:00:00-04:00,15.660280028278496,15.710403750659239,15.421132862507694,15.44906234741211,581476000,0.0,0.0,NVDA,1d
2021-05-28 00:00:00-04:00,15.462027659013474,16.236575125057893,15.462027659013474,16.203657150268555,644536000,0.0,0.0,NVDA,1d
2021-06-01 00:00:00-04:00,16.229096888512235,16.34704949574134,15.86326820041709,16.223609924316406,472804000,0.0,0.0,NVDA,1d
2021-06-02 00:00:00-04:00,16.211390186002433,16.876214600887355,16.194681963051526,16.736066818237305,594168000,0.0,0.0,NVDA,1d
2021-06-03 00:00:00-04:00,16.65876682044273,17.215613878178374,16.54131266131784,16.92708969116211,580008000,0.0,0.0,NVDA,1d
2021-06-04 00:00:00-04:00,17.069478766631683,17.616599909816845,17.052523208969372,17.534059524536133,617120000,0.0,0.0,NVDA,1d
2021-06-07 00:00:00-04:00,17.527070892104806,17.76771339539244,17.149522583386645,17.57469940185547,575756000,0.0,0.0,NVDA,1d
2021-06-08 00:00:00-04:00,17.483181755642672,17.577194510142903,17.207625490251473,17.413108825683594,323848000,0.0,0.0,NVDA,1d
2021-06-09 00:00:00-04:00,17.475719983872768,17.53483445076462,17.216313965511866,17.318578720092773,381656000,0.004,0.0,NVDA,1d
2021-06-10 00:00:00-04:00,17.310348253638647,17.45202392117329,17.136746130755657,17.385175704956055,287772000,0.0,0.0,NVDA,1d
2021-06-11 00:00:00-04:00,17.439550960234815,17.898251342387297,17.403883229039902,17.78451156616211,416308000,0.0,0.0,NVDA,1d
2021-06-14 00:00:00-04:00,17.865076259269316,17.998270294606797,17.622382309836595,17.977567672729492,321376000,0.0,0.0,NVDA,1d
2021-06-15 00:00:00-04:00,17.874054743695652,17.975073024219547,17.687481873167364,17.74784278869629,243032000,0.0,0.0,NVDA,1d
2021-06-16 00:00:00-04:00,17.75009034027756,17.91371508228744,17.54431057593765,17.76954460144043,307124000,0.0,0.0,NVDA,1d
2021-06-17 00:00:00-04:00,17.73387852672111,18.79195408152908,17.715670721948143,18.61461067199707,809656000,0.0,0.0,NVDA,1d
2021-06-18 00:00:00-04:00,18.74106585941373,19.330714616540423,18.54152223766029,18.596147537231445,968856000,0.0,0.0,NVDA,1d
2021-06-21 00:00:00-04:00,18.39311488047978,18.494135068349298,17.78201553321056,18.385133743286133,672384000,0.0,0.0,NVDA,1d
2021-06-22 00:00:00-04:00,18.429282365618864,18.92040773197676,18.343977066903633,18.843582153320312,580144000,0.0,0.0,NVDA,1d
2021-06-23 00:00:00-04:00,18.964312184695025,19.108981280825326,18.864540328639993,19.01369857788086,332356000,0.0,0.0,NVDA,1d
2021-06-24 00:00:00-04:00,19.183806109567367,19.375616025449478,19.044623366172903,19.161605834960938,320924000,0.0,0.0,NVDA,1d
2021-06-25 00:00:00-04:00,19.236436935503985,19.30128891794506,18.851319416019447,18.987506866455078,278364000,0.0,0.0,NVDA,1d
2021-06-28 00:00:00-04:00,19.31699836660214,20.03285915279017,19.274845251778927,19.93932342529297,495436000,0.0,0.0,NVDA,1d
2021-06-29 00:00:00-04:00,19.837058731492426,20.052813964606784,19.612073999620787,19.980979919433594,367632000,0.0,0.0,NVDA,1d
2021-06-30 00:00:00-04:00,19.95354060100911,20.116417450244846,19.818350342257432,19.956783294677734,326568000,0.0,0.0,NVDA,1d
2021-07-01 00:00:00-04:00,20.079000961506793,20.409243781711908,19.973242343945905,20.165802001953125,480136000,0.0,0.0,NVDA,1d
2021-07-02 00:00:00-04:00,20.39353374130317,20.458385715167392,20.241382131269432,20.440176010131836,342764000,0.0,0.0,NVDA,1d
2021-07-06 00:00:00-04:00,20.690102132517197,20.794363107269312,20.303738226115755,20.65119171142578,446708000,0.0,0.0,NVDA,1d
2021-07-07 00:00:00-04:00,20.805839022549197,20.827289518235947,20.285531292892728,20.3251895904541,418428000,0.0,0.0,NVDA,1d
2021-07-08 00:00:00-04:00,19.81111987540912,20.086986749821186,19.655725557948074,19.857263565063477,503300000,0.0,0.0,NVDA,1d
2021-07-09 00:00:00-04:00,19.91687611559388,20.03435717009147,19.709102017056413,20.004425048828125,296624000,0.0,0.0,NVDA,1d
2021-07-12 00:00:00-04:00,20.193741842138916,20.485822176822126,20.141611349333026,20.465620040893555,321984000,0.0,0.0,NVDA,1d
2021-07-13 00:00:00-04:00,20.35387740282785,20.41448952793503,20.068033125156855,20.20372200012207,290708000,0.0,0.0,NVDA,1d
2021-07-14 00:00:00-04:00,20.311224805292404,20.37108714983475,19.707607915100564,19.796154022216797,380100000,0.0,0.0,NVDA,1d
2021-07-15 00:00:00-04:00,19.766471657258307,19.801640805909646,18.815399378990502,18.922903060913086,550564000,0.0,0.0,NVDA,1d
2021-07-16 00:00:00-04:00,18.987003411331106,19.113213454930996,18.03169146133854,18.119489669799805,688224000,0.0,0.0,NVDA,1d
2021-07-19 00:00:00-04:00,17.8743037047261,18.998477447310524,17.824666134451522,18.736827850341797,749060000,0.0,0.0,NVDA,1d
2021-07-20 00:00:00-04:00,18.687192164183777,18.794945132479892,18.122485771322793,18.569461822509766,434687000,0.0,4.0,NVDA,1d
2021-07-21 00:00:00-04:00,18.83884558672833,19.482371910572084,18.69916616251025,19.365638732910156,371017000,0.0,0.0,NVDA,1d
2021-07-22 00:00:00-04:00,19.597107853695302,19.841546833620864,19.23194323043398,19.549217224121094,323826000,0.0,0.0,NVDA,1d
2021-07-23 00:00:00-04:00,19.611079366488564,19.654979435423797,19.206007080146577,19.513303756713867,195672000,0.0,0.0,NVDA,1d
2021-07-26 00:00:00-04:00,19.266865977371694,19.397565194519427,18.87077204812226,19.24990463256836,203943000,0.0,0.0,NVDA,1d
2021-07-27 00:00:00-04:00,19.220971495871236,19.577155964444557,18.69816886887377,19.16410255432129,248863000,0.0,0.0,NVDA,1d
2021-07-28 00:00:00-04:00,19.274847933928527,19.601100261911586,18.951589008448458,19.45842742919922,202191000,0.0,0.0,NVDA,1d
2021-07-29 00:00:00-04:00,19.4743887933179,19.80762698019667,19.283825335460097,19.617063522338867,190781000,0.0,0.0,NVDA,1d
2021-07-30 00:00:00-04:00,19.37362109560357,19.585136481217972,19.218976552723575,19.454437255859375,183497000,0.0,0.0,NVDA,1d
2021-08-02 00:00:00-04:00,19.654977627712686,19.915380808627756,19.316751690978577,19.704862594604492,217444000,0.0,0.0,NVDA,1d
2021-08-03 00:00:00-04:00,19.69488880322697,20.17578765961947,19.17607668002386,19.769718170166016,301811000,0.0,0.0,NVDA,1d
2021-08-04 00:00:00-04:00,19.94430985832058,20.27156118889958,19.782679477126937,20.2276611328125,231309000,0.0,0.0,NVDA,1d
2021-08-05 00:00:00-04:00,20.45314818824978,20.685615479502886,20.295508346135612,20.589834213256836,211435000,0.0,0.0,NVDA,1d
2021-08-06 00:00:00-04:00,20.47709211719844,20.522986511252395,20.163808690158564,20.3194522857666,178497000,0.0,0.0,NVDA,1d
2021-08-09 00:00:00-04:00,20.399269221353503,20.461127792585444,20.096962239032255,20.248615264892578,146443000,0.0,0.0,NVDA,1d
2021-08-10 00:00:00-04:00,20.27555363193905,20.383306595035517,19.78966527712816,19.89043617248535,179238000,0.0,0.0,NVDA,1d
2021-08-11 00:00:00-04:00,19.997190075674563,20.00317688001312,19.38559215044887,19.653976440429688,185925000,0.0,0.0,NVDA,1d
2021-08-12 00:00:00-04:00,19.824588657900602,19.983223761879053,19.57516002402308,19.859508514404297,151652000,0.0,0.0,NVDA,1d
2021-08-13 00:00:00-04:00,19.859510585376018,20.16780442422177,19.8056331423008,20.141862869262695,183063000,0.0,0.0,NVDA,1d
2021-08-16 00:00:00-04:00,20.08898224870646,20.240635283225057,19.408539829296206,19.90440559387207,210876000,0.0,0.0,NVDA,1d
2021-08-17 00:00:00-04:00,19.640005053543888,19.72481175683157,19.22296121557907,19.413524627685547,204585000,0.0,0.0,NVDA,1d
2021-08-18 00:00:00-04:00,19.45543055388039,19.58912505820869,18.95657336019115,18.996482849121094,285913000,0.0,0.0,NVDA,1d
2021-08-19 00:00:00-04:00,19.449444360898706,20.448157848964946,18.719117056246247,19.752750396728516,766555000,0.0,0.0,NVDA,1d
2021-08-20 00:00:00-04:00,19.945313428755227,20.8173166087668,19.887447316911796,20.768428802490234,675741000,0.0,0.0,NVDA,1d
2021-08-23 00:00:00-04:00,20.92307217475191,21.946726358583017,20.902120260869,21.90781593322754,575807000,0.0,0.0,NVDA,1d
2021-08-24 00:00:00-04:00,21.70328507988881,21.90881365504365,21.48578289478911,21.743192672729492,297299000,0.0,0.0,NVDA,1d
2021-08-25 00:00:00-04:00,21.687321379149566,22.418645969756334,21.672356269378028,22.162233352661133,347701000,0.0,0.0,NVDA,1d
2021-08-26 00:00:00-04:00,22.14926114072246,22.288940552177326,21.74019837604241,22.017562866210938,237940000,0.0,0.0,NVDA,1d
2021-08-27 00:00:00-04:00,22.1333018816298,22.670072471614386,22.116340534614615,22.58426856994629,304722000,0.0,0.0,NVDA,1d
2021-08-30 00:00:00-04:00,22.777820284558313,22.990332802808872,22.499458629372022,22.636144638061523,262580000,0.0,0.0,NVDA,1d
2021-08-31 00:00:00-04:00,22.647121666172822,22.647121666172822,22.07333584482094,22.33777618408203,259850000,0.004,0.0,NVDA,1d
2021-09-01 00:00:00-04:00,22.43756739580158,22.649120064789688,22.309837159244136,22.393659591674805,201767000,0.0,0.0,NVDA,1d
2021-09-02 00:00:00-04:00,22.47049726134416,22.545339807951134,22.24796811279879,22.3487548828125,187834000,0.0,0.0,NVDA,1d
2021-09-03 00:00:00-04:00,22.277900633836495,22.937505389884567,22.153164352355493,22.79480743408203,280532000,0.0,0.0,NVDA,1d
2021-09-07 00:00:00-04:00,22.78483174949806,22.850692500855242,22.474487011995723,22.614192962646484,198107000,0.0,0.0,NVDA,1d
2021-09-08 00:00:00-04:00,22.465510489496793,22.562305994875448,21.93063995060258,22.29187774658203,254434000,0.0,0.0,NVDA,1d
2021-09-09 00:00:00-04:00,22.264930118963175,22.490453174173346,22.08431220635336,22.13021469116211,196856000,0.0,0.0,NVDA,1d
2021-09-10 00:00:00-04:00,22.30085711920523,22.578270564497437,22.223022541074023,22.430583953857422,248376000,0.0,0.0,NVDA,1d
2021-09-13 00:00:00-04:00,22.63614575794394,22.91555575401909,21.811888077680894,22.105268478393555,297500000,0.0,0.0,NVDA,1d
2021-09-14 00:00:00-04:00,22.22800922879762,22.36272466695094,22.039408757377963,22.195079803466797,199755000,0.0,0.0,NVDA,1d
2021-09-15 00:00:00-04:00,22.261933127656608,22.31981132430622,21.91965636808884,22.293865203857422,166538000,0.0,0.0,NVDA,1d
2021-09-16 00:00:00-04:00,22.136204252125346,22.23000581669266,21.88074378110906,22.195079803466797,156033000,0.0,0.0,NVDA,1d
2021-09-17 00:00:00-04:00,22.252957549515017,22.27391315880688,21.783949696322043,21.853801727294922,294503000,0.0,0.0,NVDA,1d
2021-09-20 00:00:00-04:00,21.10139179807724,21.38778701785786,20.61841355645307,21.068462371826172,349440000,0.0,0.0,NVDA,1d
2021-09-21 00:00:00-04:00,21.371816366272604,21.379798910059613,20.905802540354845,21.2011775970459,204688000,0.0,0.0,NVDA,1d
2021-09-22 00:00:00-04:00,21.32092472783552,21.91367146665539,21.151283289924628,21.894712448120117,268726000,0.0,0.0,NVDA,1d
2021-09-23 00:00:00-04:00,22.093292745342225,22.48745990832766,21.843820146489403,22.434572219848633,248555000,0.0,0.0,NVDA,1d
2021-09-24 00:00:00-04:00,22.02344353743368,22.102277360773,21.814884783571202,22.034420013427734,217655000,0.0,0.0,NVDA,1d
2021-09-27 00:00:00-04:00,21.664199253926697,21.753012198242896,21.280013132238278,21.61430549621582,245215000,0.0,0.0,NVDA,1d
2021-09-28 00:00:00-04:00,21.169249364639114,21.373816837113832,20.607435394582403,20.65533447265625,343069000,0.0,0.0,NVDA,1d
2021-09-29 00:00:00-04:00,20.895826640226495,20.972663870201263,20.423822978492204,20.473718643188477,218394000,0.0,0.0,NVDA,1d
2021-09-30 00:00:00-04:00,20.72418878114169,21.02156047404019,20.64435762025099,20.672298431396484,221009000,0.0,0.0,NVDA,1d
2021-10-01 00:00:00-04:00,20.706226639761606,20.814995951669495,20.16037968568149,20.698244094848633,240978000,0.0,0.0,NVDA,1d
2021-10-04 00:00:00-04:00,20.46074911310151,20.49866906348852,19.513751502545517,19.690378189086914,345635000,0.0,0.0,NVDA,1d
2021-10-05 00:00:00-04:00,19.907913464807024,20.604440891158657,19.81211532017334,20.407855987548828,279282000,0.0,0.0,NVDA,1d
2021-10-06 00:00:00-04:00,20.077559368646227,20.676292195822512,20.03764283172768,20.656335830688477,297202000,0.0,0.0,NVDA,1d
2021-10-07 00:00:00-04:00,21.047506715120413,21.277022990094792,20.927760913966573,21.03054428100586,256919000,0.0,0.0,NVDA,1d
2021-10-08 00:00:00-04:00,21.056486855696548,21.16126489932197,20.73117434597139,20.78705596923828,151258000,0.0,0.0,NVDA,1d
2021-10-11 00:00:00-04:00,20.53159470850479,21.01856416379945,20.467728645028984,20.65134048461914,163388000,0.0,0.0,NVDA,1d
2021-10-12 00:00:00-04:00,20.78405635189665,21.01257330069928,20.48469005107398,20.62738800048828,162134000,0.0,0.0,NVDA,1d
2021-10-13 00:00:00-04:00,20.873871281370185,20.94571989479939,20.669303819377614,20.894826889038086,180652000,0.0,0.0,NVDA,1d
2021-10-14 00:00:00-04:00,21.243090758622078,21.709104627354822,21.07744058821198,21.700124740600586,243589000,0.0,0.0,NVDA,1d
2021-10-15 00:00:00-04:00,21.763987571571747,21.88473259084707,21.616300990357516,21.81587791442871,226994000,0.0,0.0,NVDA,1d
2021-10-18 00:00:00-04:00,21.703115825760744,22.24397216428214,21.59833590187193,22.17511749267578,189494000,0.0,0.0,NVDA,1d
2021-10-19 00:00:00-04:00,22.229002928659522,22.331786266925064,21.990508735518052,22.24297523498535,161473000,0.0,0.0,NVDA,1d
2021-10-20 00:00:00-04:00,22.257945210436517,22.38567543781395,21.935626663665868,22.056371688842773,146276000,0.0,0.0,NVDA,1d
2021-10-21 00:00:00-04:00,22.05038840066262,22.66309354022548,22.036417993365024,22.644132614135742,187590000,0.0,0.0,NVDA,1d
2021-10-22 00:00:00-04:00,22.774859868013625,23.081211527419978,22.513413367162247,22.678064346313477,249384000,0.0,0.0,NVDA,1d
2021-10-25 00:00:00-04:00,22.924538524453713,23.305732673219815,22.72196763172872,23.11713218688965,230235000,0.0,0.0,NVDA,1d
2021-10-26 00:00:00-04:00,23.93839486421811,25.20571622107296,23.873531450575534,24.664857864379883,485898000,0.0,0.0,NVDA,1d
2021-10-27 00:00:00-04:00,24.422371980713933,25.0370717258524,24.230775672972076,24.3994197845459,245990000,0.0,0.0,NVDA,1d
2021-10-28 00:00:00-04:00,24.825520850776506,24.897369471375516,24.471270169615977,24.88838768005371,234204000,0.0,0.0,NVDA,1d
2021-10-29 00:00:00-04:00,24.948259341695557,25.65476598423701,24.947261999373193,25.513065338134766,292503000,0.0,0.0,NVDA,1d
2021-11-01 00:00:00-04:00,25.59489414765004,25.83937625950011,25.173783464529546,25.772518157958984,265740000,0.0,0.0,NVDA,1d
2021-11-02 00:00:00-04:00,25.767527357616604,26.62172056643218,25.74557250420256,26.345304489135742,294112000,0.0,0.0,NVDA,1d
2021-11-03 00:00:00-04:00,26.613737804003005,26.727497632609634,26.17965600054016,26.541889190673828,239910000,0.0,0.0,NVDA,1d
2021-11-04 00:00:00-04:00,27.171554373799115,31.298828229080787,27.060788492431058,29.738128662109375,1153631000,0.0,0.0,NVDA,1d
2021-11-05 00:00:00-04:00,30.123317473930538,31.333757862133087,29.347956214634998,29.68923568725586,851260000,0.0,0.0,NVDA,1d
2021-11-08 00:00:00-05:00,30.08539670658741,31.034390654499887,29.843906660251005,30.739015579223633,503101000,0.0,0.0,NVDA,1d
2021-11-09 00:00:00-05:00,32.21390301112386,32.24184382365619,29.900792011768303,30.592329025268555,646746000,0.0,0.0,NVDA,1d
2021-11-10 00:00:00-05:00,29.294074848774112,30.784922760075833,28.717293111078096,29.3968563079834,636206000,0.0,0.0,NVDA,1d
2021-11-11 00:00:00-05:00,30.40372606119835,30.52546843492164,29.714183788640867,30.325889587402344,332172000,0.0,0.0,NVDA,1d
2021-11-12 00:00:00-05:00,29.946692061105622,30.615278725972825,29.567492631483955,30.325889587402344,413054000,0.0,0.0,NVDA,1d
2021-11-15 00:00:00-05:00,30.48754907870644,30.57935405607118,29.18530173672682,29.961660385131836,384909000,0.0,0.0,NVDA,1d
2021-11-16 00:00:00-05:00,29.696224316711493,30.325891839785264,29.643334719095915,30.139286041259766,264484000,0.0,0.0,NVDA,1d
2021-11-17 00:00:00-05:00,30.353834961540993,30.444644511844263,28.7392479710532,29.199275970458984,428508000,0.0,0.0,NVDA,1d
2021-11-18 00:00:00-05:00,32.29872646752571,32.6908952299722,31.254931441520434,31.608184814453125,781711000,0.0,0.0,NVDA,1d
2021-11-19 00:00:00-05:00,32.17498143367427,33.018200072194944,31.837695120260975,32.9154167175293,533867000,0.0,0.0,NVDA,1d
2021-11-22 00:00:00-05:00,33.446295929767324,34.573913319516286,31.832708231716126,31.88858985900879,754335000,0.0,0.0,NVDA,1d
2021-11-23 00:00:00-05:00,31.46847982919522,32.291740333182865,30.814860802857893,31.679035186767578,532163000,0.0,0.0,NVDA,1d
2021-11-24 00:00:00-05:00,31.39463157257882,32.78568994748824,30.862755024040684,32.605072021484375,435162000,0.0,0.0,NVDA,1d
2021-11-26 00:00:00-05:00,32.53122653243234,32.640995088921485,31.283865396835044,31.436542510986328,283069000,0.0,0.0,NVDA,1d
2021-11-29 00:00:00-05:00,32.29772758864819,33.34151875834948,31.968421870569852,33.30559539794922,454964000,0.0,0.0,NVDA,1d
2021-11-30 00:00:00-05:00,33.099027131565556,33.2826408933307,31.796781690175454,32.6070671081543,622066000,0.0,0.0,NVDA,1d
2021-12-01 00:00:00-05:00,33.15298499754876,33.222845580609224,31.31763707417919,31.372528076171875,484368000,0.004,0.0,NVDA,1d
2021-12-02 00:00:00-05:00,31.15196289598715,32.41345063590255,30.96333745214234,32.06214904785156,472890000,0.0,0.0,NVDA,1d
2021-12-03 00:00:00-05:00,31.936405556758363,32.06515080587632,30.070121019469727,30.632003784179688,544325000,0.0,0.0,NVDA,1d
2021-12-06 00:00:00-05:00,29.82061499149107,30.18089759304379,27.982276767077416,29.977304458618164,658938000,0.0,0.0,NVDA,1d
2021-12-07 00:00:00-05:00,30.895483996800152,32.3845197220602,30.590090410052074,32.3625602722168,593053000,0.0,0.0,NVDA,1d
2021-12-08 00:00:00-05:00,31.935407148072855,32.22582919300085,31.358554819452596,31.76275062561035,475551000,0.0,0.0,NVDA,1d
2021-12-09 00:00:00-05:00,31.67092845038367,32.14099491923516,30.367524347573724,30.429401397705078,488507000,0.0,0.0,NVDA,1d
2021-12-10 00:00:00-05:00,31.088094881745874,31.242787533822337,29.801656967245915,30.13798713684082,488825000,0.0,0.0,NVDA,1d
2021-12-13 00:00:00-05:00,30.18888146399585,30.23379210383315,28.060119419977152,28.105030059814453,598344000,0.0,0.0,NVDA,1d
2021-12-14 00:00:00-05:00,27.643949113929793,28.62100349476861,27.195842071505684,28.280681610107422,667035000,0.0,0.0,NVDA,1d
2021-12-15 00:00:00-05:00,28.343554547974055,30.439381173412364,27.78267125027296,30.398462295532227,698297000,0.0,0.0,NVDA,1d
2021-12-16 00:00:00-05:00,31.090091873375695,31.098075396246916,28.03717102685846,28.330585479736328,707366000,0.0,0.0,NVDA,1d
2021-12-17 00:00:00-05:00,27.929384771071867,28.864522903312924,27.704831542890716,27.745750427246094,713758000,0.0,0.0,NVDA,1d
2021-12-20 00:00:00-05:00,27.250735034271646,28.088066423723266,27.091053166532397,27.663911819458008,461847000,0.0,0.0,NVDA,1d
2021-12-21 00:00:00-05:00,28.31761616162615,29.06213401097257,27.34654821544957,29.017223358154297,524385000,0.0,0.0,NVDA,1d
2021-12-22 00:00:00-05:00,28.83358636542172,29.49626637276533,28.39246340115357,29.34157371520996,395184000,0.0,0.0,NVDA,1d
2021-12-23 00:00:00-05:00,29.695862140217667,29.999258803639915,29.37250667280015,29.581090927124023,343022000,0.0,0.0,NVDA,1d
2021-12-27 00:00:00-05:00,29.60105129762086,31.025215214480056,29.58109059029503,30.88349723815918,403686000,0.0,0.0,NVDA,1d
2021-12-28 00:00:00-05:00,31.24976807539833,31.267731950374376,29.952350666603206,30.261735916137695,420591000,0.0,0.0,NVDA,1d
2021-12-29 00:00:00-05:00,30.212838350656018,30.487291454884854,29.307639364299206,29.941377639770508,343139000,0.0,0.0,NVDA,1d
2021-12-30 00:00:00-05:00,29.767724800283915,30.396473874297598,29.481296400919582,29.527204513549805,308864000,0.0,0.0,NVDA,1d
2021-12-31 00:00:00-05:00,29.61502448239811,29.97031785211934,29.27270576326338,29.35254669189453,266530000,0.0,0.0,NVDA,1d
2022-01-03 00:00:00-05:00,29.75575031363,30.649969635421968,29.72580924621189,30.061141967773438,391547000,0.0,0.0,NVDA,1d
2022-01-04 00:00:00-05:00,30.216828510864207,30.40744890598463,28.29266068276136,29.23179054260254,527154000,0.0,0.0,NVDA,1d
2022-01-05 00:00:00-05:00,28.891465241719928,29.357538070443287,27.478280983281813,27.54913902282715,498064000,0.0,0.0,NVDA,1d
2022-01-06 00:00:00-05:00,27.585070703215145,28.38148518105102,27.011214536934588,28.12200164794922,454186000,0.0,0.0,NVDA,1d
2022-01-07 00:00:00-05:00,28.085068507368252,28.365510136940298,27.003221496385386,27.19284439086914,409939000,0.0,0.0,NVDA,1d
2022-01-10 00:00:00-05:00,26.528174103666952,27.41440984015935,25.593035959641192,27.34554672241211,594681000,0.0,0.0,NVDA,1d
2022-01-11 00:00:00-05:00,27.268700993300914,28.009226996384303,26.785663592042308,27.76171875,404089000,0.0,0.0,NVDA,1d
2022-01-12 00:00:00-05:00,28.011223129932247,28.538173737078317,27.553135645796164,27.943359375,383413000,0.0,0.0,NVDA,1d
2022-01-13 00:00:00-05:00,28.322595930958233,28.42339502410445,26.445333934971337,26.52218246459961,540171000,0.0,0.0,NVDA,1d
2022-01-14 00:00:00-05:00,26.24773202314796,27.142950637215478,26.1579107320568,26.888456344604492,395832000,0.0,0.0,NVDA,1d
2022-01-18 00:00:00-05:00,26.207807523404064,26.585056493540822,25.718781644651294,25.851516723632812,424270000,0.0,0.0,NVDA,1d
2022-01-19 00:00:00-05:00,26.02717118789245,26.490247833386153,25.00221181655367,25.017181396484375,488315000,0.0,0.0,NVDA,1d
2022-01-20 00:00:00-05:00,25.25371283114106,25.52816592790516,24.030147591877117,24.102005004882812,435181000,0.0,0.0,NVDA,1d
2022-01-21 00:00:00-05:00,23.460282170555125,24.77366673764392,23.216767613789905,23.327547073364258,718958000,0.0,0.0,NVDA,1d
2022-01-24 00:00:00-05:00,22.28561931721603,23.333531693411643,20.846485838339415,23.32554817199707,913982000,0.0,0.0,NVDA,1d
2022-01-25 00:00:00-05:00,22.501193412508638,22.897405710454315,21.9562789612793,22.279634475708008,664616000,0.0,0.0,NVDA,1d
2022-01-26 00:00:00-05:00,23.1938159816246,24.009191831407684,22.255683467670956,22.72674560546875,755959000,0.0,0.0,NVDA,1d
2022-01-27 00:00:00-05:00,23.52116377527102,23.94731523787376,21.63192420739024,21.900390625,573353000,0.0,0.0,NVDA,1d
2022-01-28 00:00:00-05:00,21.968249899217838,22.812569129559332,21.25367335760815,22.794605255126953,543774000,0.0,0.0,NVDA,1d
2022-01-31 00:00:00-05:00,23.13593032920082,24.460294791256842,23.006189511786687,24.437339782714844,564680000,0.0,0.0,NVDA,1d
2022-02-01 00:00:00-05:00,25.05411045530758,25.09502934074459,23.842522359091557,24.58903694152832,518925000,0.0,0.0,NVDA,1d
2022-02-02 00:00:00-05:00,25.742736472228845,25.765689573177465,24.5042017643659,25.19183349609375,543419000,0.0,0.0,NVDA,1d
2022-02-03 00:00:00-05:00,24.40939059418106,25.027159831286212,23.73273860269154,23.90040397644043,410178000,0.0,0.0,NVDA,1d
2022-02-04 00:00:00-05:00,23.924353784526822,24.586036123662737,23.585029410428525,24.27066421508789,354829000,0.0,0.0,NVDA,1d
2022-02-07 00:00:00-05:00,24.323564396360993,25.13195412147848,24.153902167281217,24.678857803344727,376868000,0.0,0.0,NVDA,1d
2022-02-08 00:00:00-05:00,24.310589623943148,25.1798589396147,23.93234311537428,25.058101654052734,410359000,0.0,0.0,NVDA,1d
2022-02-09 00:00:00-05:00,25.571080056956752,26.671888658006182,25.30261555051223,26.651927947998047,524282000,0.0,0.0,NVDA,1d
2022-02-10 00:00:00-05:00,25.94333997182691,26.871490147981913,25.549124513702214,25.77267837524414,513200000,0.0,0.0,NVDA,1d
2022-02-11 00:00:00-05:00,25.864493128365556,26.100024146681793,23.72575262390276,23.90140151977539,605472000,0.0,0.0,NVDA,1d
2022-02-14 00:00:00-05:00,23.88643449693495,24.825564374214455,23.70778938191042,24.218772888183594,440424000,0.0,0.0,NVDA,1d
2022-02-15 00:00:00-05:00,24.899415754979135,26.4922445340871,24.734744665885565,26.442344665527344,699869000,0.0,0.0,NVDA,1d
2022-02-16 00:00:00-05:00,26.20681300824524,26.52917102458829,25.50121738608982,26.458311080932617,732676000,0.0,0.0,NVDA,1d
2022-02-17 00:00:00-05:00,25.579061218859415,25.73375385180885,24.116974561523147,24.458293914794922,810595000,0.0,0.0,NVDA,1d
2022-02-18 00:00:00-05:00,24.61897260173139,24.9363413812796,23.054090050944854,23.595012664794922,761255000,0.0,0.0,NVDA,1d
2022-02-22 00:00:00-05:00,22.9892251171742,24.016179637148703,22.954294820818493,23.34351921081543,633422000,0.0,0.0,NVDA,1d
2022-02-23 00:00:00-05:00,23.7546930729614,24.10699211767521,22.25667689007346,22.342504501342773,566511000,0.0,0.0,NVDA,1d
2022-02-24 00:00:00-05:00,20.973235364784678,23.752700460531262,20.848483782736597,23.700803756713867,735801000,0.0,0.0,NVDA,1d
2022-02-25 00:00:00-05:00,23.67385918065925,24.168871850041366,23.334534721068575,24.108991622924805,528866000,0.0,0.0,NVDA,1d
2022-02-28 00:00:00-05:00,23.944319699810443,24.615982537692595,23.659886251331425,24.336538314819336,477319000,0.0,0.0,NVDA,1d
2022-03-01 00:00:00-05:00,24.242721132949434,24.32855064649455,23.08602429102147,23.43033790588379,412056000,0.0,0.0,NVDA,1d
2022-03-02 00:00:00-05:00,23.712827876260754,24.364641033795944,23.372447983953073,24.175983428955078,389642000,0.004,0.0,NVDA,1d
2022-03-03 00:00:00-05:00,24.21790863660906,24.281793413023205,23.426350459230303,23.67090606689453,365095000,0.0,0.0,NVDA,1d
2022-03-04 00:00:00-05:00,23.341505344158694,23.636966955127175,22.441144110309114,22.894319534301758,431415000,0.0,0.0,NVDA,1d
2022-03-07 00:00:00-05:00,22.775531944141846,22.991140894785616,21.2912348972877,21.313194274902344,450821000,0.0,0.0,NVDA,1d
2022-03-08 00:00:00-05:00,21.270273834836342,22.33233933851528,20.61247108080546,21.47490119934082,557467000,0.0,0.0,NVDA,1d
2022-03-09 00:00:00-05:00,22.34631612059236,23.17780252535281,22.206571146307404,22.972177505493164,492742000,0.0,0.0,NVDA,1d
2022-03-10 00:00:00-05:00,22.490051297255544,22.746584183582087,21.842230651130887,22.6168212890625,428066000,0.0,0.0,NVDA,1d
2022-03-11 00:00:00-05:00,22.98015477986276,23.102932312803407,22.005928916238634,22.059831619262695,367209000,0.0,0.0,NVDA,1d
2022-03-14 00:00:00-04:00,21.829256910095523,22.221542360192014,21.1205481082041,21.291236877441406,385354000,0.0,0.0,NVDA,1d
2022-03-15 00:00:00-04:00,21.478895723800314,22.996133936687787,21.283252760840114,22.931251525878906,491996000,0.0,0.0,NVDA,1d
2022-03-16 00:00:00-04:00,23.457292552284873,24.552299054127236,23.12988952261609,24.45148277282715,671422000,0.0,0.0,NVDA,1d
2022-03-17 00:00:00-04:00,24.07616897857947,24.796855148357576,23.86255716757979,24.72099494934082,471941000,0.0,0.0,NVDA,1d
2022-03-18 00:00:00-04:00,24.753929194458188,26.520712789888094,24.579248007289475,26.404922485351562,730719000,0.0,0.0,NVDA,1d
2022-03-21 00:00:00-04:00,26.45882662219231,27.10265486766904,25.919807094663252,26.685413360595703,591727000,0.0,0.0,NVDA,1d
2022-03-22 00:00:00-04:00,26.678427854459326,27.188500789536455,26.02461941553547,26.475797653198242,547007000,0.0,0.0,NVDA,1d
2022-03-23 00:00:00-04:00,26.078522194510693,26.563639075959117,25.528524804569468,25.587417602539062,502120000,0.0,0.0,NVDA,1d
2022-03-24 00:00:00-04:00,26.11845066352887,28.26853567485179,25.859920549926873,28.098844528198242,877379000,0.0,0.0,NVDA,1d
2022-03-25 00:00:00-04:00,27.835321724179195,28.306464068102645,27.221439608204165,27.641674041748047,579016000,0.0,0.0,NVDA,1d
2022-03-28 00:00:00-04:00,27.705560928979263,28.198662689661013,27.15655927410769,28.1677188873291,425494000,0.0,0.0,NVDA,1d
2022-03-29 00:00:00-04:00,28.642846751658237,28.89339001275391,27.929146106396296,28.603918075561523,488984000,0.0,0.0,NVDA,1d
2022-03-30 00:00:00-04:00,28.252561491091658,28.44421198896582,27.45301662520504,27.639677047729492,463487000,0.0,0.0,NVDA,1d
2022-03-31 00:00:00-04:00,27.731510949600096,28.19666368490603,27.220442282936776,27.236412048339844,523440000,0.0,0.0,NVDA,1d
2022-04-01 00:00:00-04:00,27.325253149263812,27.44603355303061,26.219266845372278,26.6634578704834,517235000,0.0,0.0,NVDA,1d
2022-04-04 00:00:00-04:00,26.679428397203534,27.507919979186674,26.564637612794822,27.310279846191406,397120000,0.0,0.0,NVDA,1d
2022-04-05 00:00:00-04:00,27.204472540950196,27.269354953173288,25.773078453703725,25.88387680053711,436615000,0.0,0.0,NVDA,1d
2022-04-06 00:00:00-04:00,24.888688841537608,25.25402295327637,23.95938093983907,24.362646102905273,703833000,0.0,0.0,NVDA,1d
2022-04-07 00:00:00-04:00,24.396585485641776,24.677074985912075,23.435336116546427,24.16400909423828,557992000,0.0,0.0,NVDA,1d
2022-04-08 00:00:00-04:00,23.873532530332007,23.879522143654725,23.020086883249657,23.076982498168945,524781000,0.0,0.0,NVDA,1d
2022-04-11 00:00:00-04:00,22.173629781756052,22.279436135946174,21.62063574834751,21.877168655395508,575207000,0.0,0.0,NVDA,1d
2022-04-12 00:00:00-04:00,22.496045694848974,22.683703781053012,21.243325254974113,21.464921951293945,662258000,0.0,0.0,NVDA,1d
2022-04-13 00:00:00-04:00,21.68851577144071,22.45911222680707,21.416011160562284,22.16265106201172,516943000,0.0,0.0,NVDA,1d
2022-04-14 00:00:00-04:00,22.464101591348445,22.73560855917908,21.12454130662309,21.21936798095703,569097000,0.0,0.0,NVDA,1d
2022-04-18 00:00:00-04:00,21.161473248993577,22.047858038582817,21.040692857198728,21.7434139251709,525701000,0.0,0.0,NVDA,1d
2022-04-19 00:00:00-04:00,21.680527560297847,22.332340741600348,21.27526524698662,22.15765953063965,512781000,0.0,0.0,NVDA,1d
2022-04-20 00:00:00-04:00,22.476079663374364,22.628801491972297,21.161473633865274,21.442960739135742,468974000,0.0,0.0,NVDA,1d
2022-04-21 00:00:00-04:00,21.66954608901935,22.351305380675164,19.963652360371036,20.146320343017578,656209000,0.0,0.0,NVDA,1d
2022-04-22 00:00:00-04:00,20.266106166595836,20.448774194089733,19.46456583016338,19.479537963867188,624713000,0.0,0.0,NVDA,1d
2022-04-25 00:00:00-04:00,19.167104604165587,19.908754409123173,19.061298239164504,19.865833282470703,641566000,0.0,0.0,NVDA,1d
2022-04-26 00:00:00-04:00,19.68217287908572,19.7520453847266,18.63607675607739,18.753862380981445,653143000,0.0,0.0,NVDA,1d
2022-04-27 00:00:00-04:00,18.56420258895358,19.13216882446557,18.25676363846258,18.38153648376465,499460000,0.0,0.0,NVDA,1d
2022-04-28 00:00:00-04:00,18.932530442416695,20.000587537213033,18.45639800746317,19.746049880981445,570327000,0.0,0.0,NVDA,1d
2022-04-29 00:00:00-04:00,19.36673991620479,20.091420341877647,18.48334805551463,18.513294219970703,500435000,0.0,0.0,NVDA,1d
2022-05-02 00:00:00-04:00,18.507309101832607,19.53843105498724,18.35758205094727,19.497507095336914,572049000,0.0,0.0,NVDA,1d
2022-05-03 00:00:00-04:00,19.364743170731728,19.788971942411177,19.098228203230406,19.566375732421875,475751000,0.0,0.0,NVDA,1d
2022-05-04 00:00:00-04:00,19.886794272202142,20.36292670436252,18.716923264105464,20.297046661376953,648855000,0.0,0.0,NVDA,1d
2022-05-05 00:00:00-04:00,19.830896979302434,19.88879023761166,18.46638060148286,18.809755325317383,626331000,0.0,0.0,NVDA,1d
2022-05-06 00:00:00-04:00,18.70195175204548,19.47654062399215,17.95730714361305,18.641061782836914,633297000,0.0,0.0,NVDA,1d
2022-05-09 00:00:00-04:00,18.001226735376935,18.221823872571708,16.796419517005482,16.91919708251953,644455000,0.0,0.0,NVDA,1d
2022-05-10 00:00:00-04:00,17.656853560798723,18.164929349233372,16.994060667065273,17.563024520874023,761474000,0.0,0.0,NVDA,1d
2022-05-11 00:00:00-04:00,17.315475166719338,17.720737474100222,16.537891524903785,16.599777221679688,670167000,0.0,0.0,NVDA,1d
2022-05-12 00:00:00-04:00,16.18952766493069,16.75749395581578,15.538712965856375,16.145606994628906,708728000,0.0,0.0,NVDA,1d
2022-05-13 00:00:00-04:00,16.757491408122753,17.895419085973305,16.56284608468857,17.6738224029541,670437000,0.0,0.0,NVDA,1d
2022-05-16 00:00:00-04:00,17.477181558942796,17.75567386028926,17.074914055272394,17.23262596130371,521446000,0.0,0.0,NVDA,1d
2022-05-17 00:00:00-04:00,18.041155115290533,18.337616286711448,17.601956059390577,18.14396858215332,585830000,0.0,0.0,NVDA,1d
2022-05-18 00:00:00-04:00,17.672823297029897,18.08507282771539,16.8333521055283,16.907217025756836,545161000,0.0,0.0,NVDA,1d
2022-05-19 00:00:00-04:00,16.906219819291394,17.654856806883604,16.703587720835515,17.092880249023438,621310000,0.0,0.0,NVDA,1d
2022-05-20 00:00:00-04:00,17.30050299605302,17.378360361940025,15.726368287812404,16.66366195678711,739105000,0.0,0.0,NVDA,1d
2022-05-23 00:00:00-04:00,16.244423998494888,16.884259799237338,16.149597335733432,16.867290496826172,639889000,0.0,0.0,NVDA,1d
2022-05-24 00:00:00-04:00,16.479997280187,16.566839072025044,15.751323384344335,16.124643325805664,588550000,0.0,0.0,NVDA,1d
2022-05-25 00:00:00-04:00,15.990886566703573,17.079903445712347,15.97092245670094,16.944150924682617,781132000,0.0,0.0,NVDA,1d
2022-05-26 00:00:00-04:00,16.006857468643506,18.059120906414734,15.992882971425454,17.818559646606445,996575000,0.0,0.0,NVDA,1d
2022-05-27 00:00:00-04:00,18.152953076810967,18.846689812592366,18.067108915002834,18.776817321777344,738379000,0.0,0.0,NVDA,1d
2022-05-31 00:00:00-04:00,18.945504221241023,19.165105599325045,18.31665005645975,18.638065338134766,664100000,0.0,0.0,NVDA,1d
2022-06-01 00:00:00-04:00,18.68997007377349,19.01837068481213,18.089063020279156,18.28670310974121,544514000,0.0,0.0,NVDA,1d
2022-06-02 00:00:00-04:00,18.258757824402238,19.583345936482782,18.164928787379736,19.556394577026367,648656000,0.0,0.0,NVDA,1d
2022-06-03 00:00:00-04:00,19.047325348696557,19.29687105430401,18.488341597340362,18.68598175048828,598779000,0.0,0.0,NVDA,1d
2022-06-06 00:00:00-04:00,19.104220743979752,19.3018608947112,18.5302648665471,18.751861572265625,422406000,0.0,0.0,NVDA,1d
2022-06-07 00:00:00-04:00,18.43842998315099,18.965470299087695,18.154945715304475,18.891605377197266,388914000,0.0,0.0,NVDA,1d
2022-06-08 00:00:00-04:00,18.768808089598153,19.149196711366987,18.505232141600775,18.618051528930664,363252000,0.004,0.0,NVDA,1d
2022-06-09 00:00:00-04:00,18.451313643542257,18.90258723082813,18.012019911507146,18.01900863647461,395574000,0.0,0.0,NVDA,1d
2022-06-10 00:00:00-04:00,17.571731259755435,17.668575580223607,16.841904493178646,16.94673728942871,465248000,0.0,0.0,NVDA,1d
2022-06-13 00:00:00-04:00,15.974297907810348,16.285796991229645,15.580930768510546,15.621865272521973,604153000,0.0,0.0,NVDA,1d
2022-06-14 00:00:00-04:00,15.705730306415653,16.040192214090787,15.387242491326816,15.810562133789062,469680000,0.0,0.0,NVDA,1d
2022-06-15 00:00:00-04:00,16.06914487895743,16.84090387526414,15.900416682083067,16.500452041625977,563936000,0.0,0.0,NVDA,1d
2022-06-16 00:00:00-04:00,15.834524897841815,15.916393918477562,15.376262521633423,15.57594108581543,545749000,0.0,0.0,NVDA,1d
2022-06-17 00:00:00-04:00,15.622864496998716,15.969307235334867,15.303378815321718,15.8544921875,630334000,0.0,0.0,NVDA,1d
2022-06-21 00:00:00-04:00,16.44853713036233,16.980680030237714,16.380645564342693,16.539390563964844,483089000,0.0,0.0,NVDA,1d
2022-06-22 00:00:00-04:00,16.19993184780488,16.635232211852653,16.154006221663142,16.333717346191406,437135000,0.0,0.0,NVDA,1d
2022-06-23 00:00:00-04:00,16.49246289970144,16.558356861748027,15.827533351841502,16.198936462402344,463680000,0.0,0.0,NVDA,1d
2022-06-24 00:00:00-04:00,16.473492185505755,17.112463394239207,16.283796893806354,17.098485946655273,472153000,0.0,0.0,NVDA,1d
2022-06-27 00:00:00-04:00,17.284194868332495,17.302165607517388,16.599295854163095,16.84190559387207,427968000,0.0,0.0,NVDA,1d
2022-06-28 00:00:00-04:00,16.872854081714543,17.17436904148227,15.919388121687373,15.956329345703125,461149000,0.0,0.0,NVDA,1d
2022-06-29 00:00:00-04:00,15.788597926333088,15.794587854289764,15.145632337338009,15.517034530639648,482352000,0.0,0.0,NVDA,1d
2022-06-30 00:00:00-04:00,15.336325419135894,15.541994845285537,14.838127375234018,15.134650230407715,686070000,0.0,0.0,NVDA,1d
2022-07-01 00:00:00-04:00,14.875065447941074,15.038801545913467,14.36887995608299,14.499669075012207,577610000,0.0,0.0,NVDA,1d
2022-07-05 00:00:00-04:00,14.152231139263709,14.946952066314836,14.032424007393097,14.939963340759277,651397000,0.0,0.0,NVDA,1d
2022-07-06 00:00:00-04:00,14.985888603236944,15.29439224990289,14.765242940869179,15.105695724487305,529066000,0.0,0.0,NVDA,1d
2022-07-07 00:00:00-04:00,15.431172487703748,15.91938634734984,15.36427972508815,15.832526206970215,492903000,0.0,0.0,NVDA,1d
2022-07-08 00:00:00-04:00,15.40521452102006,16.011239824701722,15.36428001522436,15.812559127807617,467972000,0.0,0.0,NVDA,1d
2022-07-11 00:00:00-04:00,15.501062497958458,15.502061295488557,15.013846396776485,15.127663612365723,437321000,0.0,0.0,NVDA,1d
2022-07-12 00:00:00-04:00,15.243474689136713,15.406212969174792,14.85310295738434,15.05777359008789,458483000,0.0,0.0,NVDA,1d
2022-07-13 00:00:00-04:00,14.56656344936429,15.350302309232742,14.44176424359817,15.139640808105469,521918000,0.0,0.0,NVDA,1d
2022-07-14 00:00:00-04:00,15.083732275086524,15.448145758029392,14.70434254342208,15.347308158874512,456235000,0.0,0.0,NVDA,1d
2022-07-15 00:00:00-04:00,15.633847697054403,15.75664931750774,15.420190739657972,15.736681938171387,385935000,0.0,0.0,NVDA,1d
2022-07-18 00:00:00-04:00,16.275813524039364,16.8698570674019,15.976296187145689,16.075136184692383,670517000,0.0,0.0,NVDA,1d
2022-07-19 00:00:00-04:00,16.45951683745517,17.082514988008967,16.146022071859953,16.964704513549805,702366000,0.0,0.0,NVDA,1d
2022-07-20 00:00:00-04:00,16.919779281556753,17.90419557403467,16.774013886344825,17.778396606445312,760538000,0.0,0.0,NVDA,1d
2022-07-21 00:00:00-04:00,17.856271659241287,18.11485450174296,17.516817646879083,18.021005630493164,557049000,0.0,0.0,NVDA,1d
2022-07-22 00:00:00-04:00,17.86426095207546,17.938141503435737,17.109474677408237,17.291183471679688,536671000,0.0,0.0,NVDA,1d
2022-07-25 00:00:00-04:00,16.991663382388573,17.09649617987304,16.62225873846163,16.99665641784668,480748000,0.0,0.0,NVDA,1d
2022-07-26 00:00:00-04:00,16.861874051522257,16.891826553239582,16.451534870706404,16.506446838378906,397865000,0.0,0.0,NVDA,1d
2022-07-27 00:00:00-04:00,17.00464126060537,17.9071904085924,16.885832927058424,17.761425018310547,569776000,0.0,0.0,NVDA,1d
2022-07-28 00:00:00-04:00,17.946128040860202,18.11086201941648,17.41198753684129,17.95511245727539,474646000,0.0,0.0,NVDA,1d
2022-07-29 00:00:00-04:00,17.784387118127725,18.214694569102246,17.663581188162542,18.133825302124023,435460000,0.0,0.0,NVDA,1d
2022-08-01 00:00:00-04:00,18.152795986600218,18.81573095811725,17.961104933200836,18.411380767822266,476469000,0.0,0.0,NVDA,1d
2022-08-02 00:00:00-04:00,18.09289023442921,18.907579472181585,18.062937738115096,18.496240615844727,489527000,0.0,0.0,NVDA,1d
2022-08-03 00:00:00-04:00,18.154789221455992,18.93753019924968,18.107863838709722,18.86264991760254,418146000,0.0,0.0,NVDA,1d
2022-08-04 00:00:00-04:00,18.818720371263073,19.243036855177056,18.729862647284317,19.184131622314453,409652000,0.0,0.0,NVDA,1d
2022-08-05 00:00:00-04:00,18.7797827890261,19.19811032548753,18.636015011697438,18.95849609375,386068000,0.0,0.0,NVDA,1d
2022-08-08 00:00:00-04:00,17.473886632127186,18.2097022715193,17.214304052200333,17.76441764831543,981859000,0.0,0.0,NVDA,1d
2022-08-09 00:00:00-04:00,17.224285475006486,17.418971902884152,16.697133828709614,17.058551788330078,668263000,0.0,0.0,NVDA,1d
2022-08-10 00:00:00-04:00,17.669574713467647,18.088900216176043,17.289186130000665,18.067934036254883,597422000,0.0,0.0,NVDA,1d
2022-08-11 00:00:00-04:00,18.101873035698606,18.676947904001043,17.847281627232015,17.913175582885742,509327000,0.0,0.0,NVDA,1d
2022-08-12 00:00:00-04:00,18.13082396419464,18.687928044218946,17.92415579946251,18.67894172668457,478094000,0.0,0.0,NVDA,1d
2022-08-15 00:00:00-04:00,18.670962786172225,19.133218463446653,18.58310478628588,19.00143051147461,457666000,0.0,0.0,NVDA,1d
2022-08-16 00:00:00-04:00,18.889607370873275,19.11125087643797,18.47127981939262,18.84867286682129,451240000,0.0,0.0,NVDA,1d
2022-08-17 00:00:00-04:00,18.49324928823037,18.657983276915708,18.115856168463772,18.30554962158203,446799000,0.0,0.0,NVDA,1d
2022-08-18 00:00:00-04:00,18.271601730397578,18.83469489391409,18.15379125601455,18.742843627929688,415447000,0.0,0.0,NVDA,1d
2022-08-19 00:00:00-04:00,18.3764380856611,18.490255309098075,17.741459891222686,17.82033348083496,441588000,0.0,0.0,NVDA,1d
2022-08-22 00:00:00-04:00,17.461902487750006,17.529794039492458,16.938744114151103,17.006635665893555,409593000,0.0,0.0,NVDA,1d
2022-08-23 00:00:00-04:00,16.96171318318317,17.43694848107864,16.942742694855127,17.153404235839844,369986000,0.0,0.0,NVDA,1d
2022-08-24 00:00:00-04:00,16.98467604437704,17.378044243797792,16.86786528424407,17.194339752197266,522661000,0.0,0.0,NVDA,1d
2022-08-25 00:00:00-04:00,16.816940979132873,17.918169715102525,16.805958969898168,17.88422393798828,770691000,0.0,0.0,NVDA,1d
2022-08-26 00:00:00-04:00,17.828319968876528,17.895211795555795,16.21092103601704,16.233884811401367,769127000,0.0,0.0,NVDA,1d
2022-08-29 00:00:00-04:00,15.994266622399852,16.31175468886111,15.741672771666877,15.775617599487305,496132000,0.0,0.0,NVDA,1d
2022-08-30 00:00:00-04:00,15.934363667656111,16.013236290955273,15.157613482274343,15.443154335021973,530181000,0.0,0.0,NVDA,1d
2022-08-31 00:00:00-04:00,15.359287767857783,15.515037314685223,14.93497027531041,15.069753646850586,573710000,0.0,0.0,NVDA,1d
2022-09-01 00:00:00-04:00,14.186176179149008,14.356901987282448,13.248685287003793,13.914613723754883,1178865000,0.0,0.0,NVDA,1d
2022-09-02 00:00:00-04:00,14.0773535409068,14.148238650507881,13.569170298819083,13.625081062316895,743157000,0.0,0.0,NVDA,1d
2022-09-06 00:00:00-04:00,13.708944300191542,13.756867534549574,13.329554567237018,13.443371772766113,535751000,0.0,0.0,NVDA,1d
2022-09-07 00:00:00-04:00,13.545236934215922,13.819877351748058,13.328521120783083,13.696039199829102,512657000,0.004,0.0,NVDA,1d
2022-09-08 00:00:00-04:00,13.441373984164738,13.989655763301307,13.35149264648823,13.971678733825684,624873000,0.0,0.0,NVDA,1d
2022-09-09 00:00:00-04:00,14.138459061636421,14.455044295388618,14.107500475650557,14.368158340454102,486612000,0.0,0.0,NVDA,1d
2022-09-12 00:00:00-04:00,14.350181361214242,14.527947731810595,14.179404839818012,14.486002922058105,484159000,0.0,0.0,NVDA,1d
2022-09-13 00:00:00-04:00,13.78392363062557,13.903766352893664,13.081844277875383,13.113801956176758,714956000,0.0,0.0,NVDA,1d
2022-09-14 00:00:00-04:00,13.236642819504809,13.27259592683206,12.896089775229148,13.110808372497559,588507000,0.0,0.0,NVDA,1d
2022-09-15 00:00:00-04:00,12.997956185221906,13.21567015624059,12.77325045930142,12.912068367004395,523625000,0.0,0.0,NVDA,1d
2022-09-16 00:00:00-04:00,12.72531334171146,13.19469811993345,12.600477035450059,13.180716514587402,670751000,0.0,0.0,NVDA,1d
2022-09-19 00:00:00-04:00,12.994958979609367,13.445368542937578,12.99296174366855,13.364474296569824,569685000,0.0,0.0,NVDA,1d
2022-09-20 00:00:00-04:00,13.19769329297533,13.46534195963584,13.039900223317943,13.158743858337402,524818000,0.0,0.0,NVDA,1d
2022-09-21 00:00:00-04:00,13.195696747526322,14.012625346801554,13.092830994775037,13.243633270263672,807679000,0.0,0.0,NVDA,1d
2022-09-22 00:00:00-04:00,13.052884170953144,13.1317811906846,12.411725641921524,12.544550895690918,759162000,0.0,0.0,NVDA,1d
2022-09-23 00:00:00-04:00,12.403734995875771,12.594484849369591,12.240948352013458,12.499608993530273,663309000,0.0,0.0,NVDA,1d
2022-09-26 00:00:00-04:00,12.474640670046318,12.642420860837374,12.198003031202267,12.211984634399414,547343000,0.0,0.0,NVDA,1d
2022-09-27 00:00:00-04:00,12.490619571943231,12.719319742448128,12.241946090666989,12.396742820739746,553854000,0.0,0.0,NVDA,1d
2022-09-28 00:00:00-04:00,12.393747031367376,12.806206250600736,12.337820615857858,12.719320297241211,542414000,0.0,0.0,NVDA,1d
2022-09-29 00:00:00-04:00,12.431697751600325,12.483629696855662,11.930355327743255,12.203996658325195,532763000,0.0,0.0,NVDA,1d
2022-09-30 00:00:00-04:00,12.071169294217576,12.616454666511402,12.059184927057526,12.123101234436035,565638000,0.0,0.0,NVDA,1d
2022-10-03 00:00:00-04:00,12.330831119191432,12.661397986074181,12.089147450998603,12.495615005493164,547478000,0.0,0.0,NVDA,1d
2022-10-04 00:00:00-04:00,12.862132554319986,13.20268651528483,12.862132554319986,13.149755477905273,584182000,0.0,0.0,NVDA,1d
2022-10-05 00:00:00-04:00,12.894092749837501,13.303555685075708,12.604472555223252,13.191701889038086,507131000,0.0,0.0,NVDA,1d
2022-10-06 00:00:00-04:00,13.20268765696208,13.638116551801618,13.085840298412162,13.112805366516113,644157000,0.0,0.0,NVDA,1d
2022-10-07 00:00:00-04:00,12.48862450071268,12.653408390945094,12.006257199525558,12.060186386108398,672478000,0.0,0.0,NVDA,1d
2022-10-10 00:00:00-04:00,12.021237445104713,12.10812341333351,11.393061400016952,11.654718399047852,698699000,0.0,0.0,NVDA,1d
2022-10-11 00:00:00-04:00,11.54586060414577,11.830487240884722,11.26822477034636,11.570828437805176,667482000,0.0,0.0,NVDA,1d
2022-10-12 00:00:00-04:00,11.563835628802222,11.719630502652882,11.330141889388276,11.484938621520996,492590000,0.0,0.0,NVDA,1d
2022-10-13 00:00:00-04:00,10.956631792924158,12.062182385586972,10.798838721715281,11.944336891174316,850103000,0.0,0.0,NVDA,1d
2022-10-14 00:00:00-04:00,12.041208353128903,12.095137526899817,11.189325892966313,11.212295532226562,713432000,0.0,0.0,NVDA,1d
2022-10-17 00:00:00-04:00,11.502915474188297,11.932352643403792,11.501917332402892,11.872430801391602,580774000,0.0,0.0,NVDA,1d
2022-10-18 00:00:00-04:00,12.327834421594872,12.475640367724393,11.602785343462813,11.95132827758789,659362000,0.0,0.0,NVDA,1d
2022-10-19 00:00:00-04:00,11.863443550233667,12.333827422065536,11.818502403849406,12.035218238830566,523131000,0.0,0.0,NVDA,1d
2022-10-20 00:00:00-04:00,12.097134823090324,12.752275759292546,12.08914492779996,12.17802906036377,652398000,0.0,0.0,NVDA,1d
2022-10-21 00:00:00-04:00,12.082156494590066,12.481633241323104,11.87143332263106,12.449674606323242,609494000,0.0,0.0,NVDA,1d
2022-10-24 00:00:00-04:00,12.49161907984014,12.693354192196825,12.048200327410264,12.582499504089355,517457000,0.0,0.0,NVDA,1d
2022-10-25 00:00:00-04:00,12.677376368924335,13.282582706939756,12.647414970734918,13.243633270263672,505482000,0.0,0.0,NVDA,1d
2022-10-26 00:00:00-04:00,12.852146223274735,13.370465602720852,12.691356829552692,12.879110336303711,532953000,0.0,0.0,NVDA,1d
2022-10-27 00:00:00-04:00,13.61214975532052,13.819877533588544,13.104814677814026,13.158743858337402,583113000,0.0,0.0,NVDA,1d
2022-10-28 00:00:00-04:00,13.08683553166444,13.831858656855891,13.043891635188231,13.815878868103027,521040000,0.0,0.0,NVDA,1d
2022-10-31 00:00:00-04:00,13.759956486013305,13.819878330285551,13.2795864472885,13.479324340820312,486341000,0.0,0.0,NVDA,1d
2022-11-01 00:00:00-04:00,13.792911480150275,13.906762493344775,13.501294098029572,13.525262832641602,432817000,0.0,0.0,NVDA,1d
2022-11-02 00:00:00-04:00,13.83186195195651,14.191390140892414,13.1936988689507,13.201687812805176,672628000,0.0,0.0,NVDA,1d
2022-11-03 00:00:00-04:00,13.025918106836965,13.762951481566452,12.939032155387688,13.403422355651855,500065000,0.0,0.0,NVDA,1d
2022-11-04 00:00:00-04:00,13.967684215423516,14.21036601692471,13.679062174776115,14.13746166229248,612576000,0.0,0.0,NVDA,1d
2022-11-07 00:00:00-05:00,14.20936513239746,14.393124160979102,13.935724777761447,14.282269477844238,410061000,0.0,0.0,NVDA,1d
2022-11-08 00:00:00-05:00,14.781614983674388,14.871497264348415,14.197381111718515,14.582876205444336,595292000,0.0,0.0,NVDA,1d
2022-11-09 00:00:00-05:00,14.143452570833958,14.192389137520287,13.740980477958338,13.75795841217041,454414000,0.0,0.0,NVDA,1d
2022-11-10 00:00:00-05:00,14.780617338263776,15.752342620008893,14.527948421204893,15.72937297821045,700819000,0.0,0.0,NVDA,1d
2022-11-11 00:00:00-05:00,15.786299758724766,16.367537366980358,15.461725560041561,16.305618286132812,655487000,0.0,0.0,NVDA,1d
2022-11-14 00:00:00-05:00,16.196759933471668,16.518338717650273,15.901147120330615,16.273658752441406,527852000,0.0,0.0,NVDA,1d
2022-11-15 00:00:00-05:00,16.700102908154662,16.975740560635188,16.360547980780158,16.644176483154297,545876000,0.0,0.0,NVDA,1d
2022-11-16 00:00:00-05:00,16.140833788396282,16.34057071172928,15.852211772174623,15.88916301727295,649547000,0.0,0.0,NVDA,1d
2022-11-17 00:00:00-05:00,15.694418730732606,16.244697698362444,15.514654166070915,15.656468391418457,710894000,0.0,0.0,NVDA,1d
2022-11-18 00:00:00-05:00,15.945090404179322,15.981044462160867,15.10019861437429,15.38882064819336,492072000,0.0,0.0,NVDA,1d
2022-11-21 00:00:00-05:00,15.12716430732762,15.45673207416043,15.060251659699267,15.296941757202148,404739000,0.0,0.0,NVDA,1d
2022-11-22 00:00:00-05:00,15.30792800033822,16.036972558111696,15.102197430405885,16.016998291015625,472866000,0.0,0.0,NVDA,1d
2022-11-23 00:00:00-05:00,16.076914044674023,16.50535298403366,16.026980297757902,16.49736213684082,427241000,0.0,0.0,NVDA,1d
2022-11-25 00:00:00-05:00,16.2966271152818,16.46540447528635,16.150818440742185,16.248689651489258,167934000,0.0,0.0,NVDA,1d
2022-11-28 00:00:00-05:00,16.005011300506297,16.33557910048079,15.704406802903588,15.806272506713867,303741000,0.0,0.0,NVDA,1d
2022-11-29 00:00:00-05:00,15.806272346937764,15.9111353323506,15.499675191959904,15.618518829345703,298384000,0.0,0.0,NVDA,1d
2022-11-30 00:00:00-05:00,15.680454279692341,16.91215540251176,15.58056025532418,16.905162811279297,565298000,0.004,0.0,NVDA,1d
2022-12-01 00:00:00-05:00,16.98108321190143,17.246801683339985,16.617466556173586,17.116939544677734,470977000,0.0,0.0,NVDA,1d
2022-12-02 00:00:00-05:00,16.641439305658572,16.915150636132893,16.42766419266872,16.85820960998535,371389000,0.0,0.0,NVDA,1d
2022-12-05 00:00:00-05:00,16.661420572590046,16.977087481695534,16.45463802657284,16.592493057250977,352255000,0.0,0.0,NVDA,1d
2022-12-06 00:00:00-05:00,16.51257690097359,16.55553084429332,15.802325903042705,15.970149040222168,352694000,0.0,0.0,NVDA,1d
2022-12-07 00:00:00-05:00,15.75537271529558,16.168936767313863,15.650482915932596,16.10300636291504,372388000,0.0,0.0,NVDA,1d
2022-12-08 00:00:00-05:00,16.255848218840367,17.160893389958503,15.94217810718751,17.150903701782227,515456000,0.0,0.0,NVDA,1d
2022-12-09 00:00:00-05:00,17.141910790847255,17.564465224613613,16.957106340396344,16.983078002929688,465338000,0.0,0.0,NVDA,1d
2022-12-12 00:00:00-05:00,17.019039641707874,17.519510920881718,16.77929288691793,17.51651382446289,457328000,0.0,0.0,NVDA,1d
2022-12-13 00:00:00-05:00,18.511461773166324,18.770189471040492,17.69232665405481,18.052946090698242,656589000,0.0,0.0,NVDA,1d
2022-12-14 00:00:00-05:00,17.9680385827717,18.232760529632582,17.401636847702704,17.65536880493164,496888000,0.0,0.0,NVDA,1d
2022-12-15 00:00:00-05:00,17.127921595408722,17.301737920767152,16.682392700233958,16.934125900268555,478542000,0.0,0.0,NVDA,1d
2022-12-16 00:00:00-05:00,16.846225910038616,17.023039400348072,16.39270394689365,16.55353355407715,478232000,0.0,0.0,NVDA,1d
2022-12-19 00:00:00-05:00,16.55453352352838,16.591493275422224,16.127983538157395,16.236867904663086,354039000,0.0,0.0,NVDA,1d
2022-12-20 00:00:00-05:00,16.047066889019305,16.292807881891594,15.835291407365762,16.068044662475586,403260000,0.0,0.0,NVDA,1d
2022-12-21 00:00:00-05:00,16.097015130166447,16.60947488301715,16.085026742432447,16.483606338500977,325025000,0.0,0.0,NVDA,1d
2022-12-22 00:00:00-05:00,16.077035434762546,16.120989680017022,14.866313091281313,15.322831153869629,565045000,0.0,0.0,NVDA,1d
2022-12-23 00:00:00-05:00,15.17998128298212,15.322830189395079,14.867311505326436,15.189970970153809,349326000,0.0,0.0,NVDA,1d
2022-12-27 00:00:00-05:00,15.05810983428577,15.084082448789612,14.04118237491811,14.106114387512207,464902000,0.0,0.0,NVDA,1d
2022-12-28 00:00:00-05:00,13.912320585471353,14.246967523902235,13.869365687694097,14.02120590209961,351066000,0.0,0.0,NVDA,1d
2022-12-29 00:00:00-05:00,14.386817165566422,14.667520106754143,14.212001468208248,14.587604522705078,354923000,0.0,0.0,NVDA,1d
2022-12-30 00:00:00-05:00,14.318889147477543,14.613578243254633,14.217995786415349,14.598594665527344,310490000,0.0,0.0,NVDA,1d
2023-01-03 00:00:00-05:00,14.835344825073602,14.980192432307444,14.081140585137454,14.299909591674805,401277000,0.0,0.0,NVDA,1d
2023-01-04 00:00:00-05:00,14.551645434254098,14.837343262850888,14.225988854764774,14.733452796936035,431324000,0.0,0.0,NVDA,1d
2023-01-05 00:00:00-05:00,14.475725368544696,14.548648374304229,14.133086509590795,14.249963760375977,389168000,0.0,0.0,NVDA,1d
2023-01-06 00:00:00-05:00,14.458743594966384,14.994178873357656,14.019207798039817,14.843338012695312,405044000,0.0,0.0,NVDA,1d
2023-01-09 00:00:00-05:00,15.267888310654865,16.03907384357529,15.125038456294371,15.611525535583496,504231000,0.0,0.0,NVDA,1d
2023-01-10 00:00:00-05:00,15.490652443025239,15.945172704430046,15.455689492558554,15.892229080200195,384101000,0.0,0.0,NVDA,1d
2023-01-11 00:00:00-05:00,15.823303178294324,16.011104732768004,15.546594737725535,15.984132766723633,353285000,0.0,0.0,NVDA,1d
2023-01-12 00:00:00-05:00,16.083027207439695,16.619459833672344,15.475667427433098,16.493593215942383,551409000,0.0,0.0,NVDA,1d
2023-01-13 00:00:00-05:00,16.260843564073028,16.90416582170696,16.147963697731562,16.881189346313477,447287000,0.0,0.0,NVDA,1d
2023-01-17 00:00:00-05:00,16.881185193204846,17.709311731541334,16.881185193204846,17.683338165283203,511102000,0.0,0.0,NVDA,1d
2023-01-18 00:00:00-05:00,17.648373995471697,17.85415619050999,17.263779661511762,17.358680725097656,439624000,0.0,0.0,NVDA,1d
2023-01-19 00:00:00-05:00,17.018042058487556,17.17887355641003,16.713365152180454,16.74732780456543,452932000,0.0,0.0,NVDA,1d
2023-01-20 00:00:00-05:00,16.993067946601407,17.837178429750637,16.80726509622476,17.8201961517334,564967000,0.0,0.0,NVDA,1d
2023-01-23 00:00:00-05:00,18.044958004082773,19.2247147792948,17.799218927189443,19.17276954650879,655163000,0.0,0.0,NVDA,1d
2023-01-24 00:00:00-05:00,18.80715382585874,19.474450850170054,18.800161235154988,19.244691848754883,496204000,0.0,0.0,NVDA,1d
2023-01-25 00:00:00-05:00,18.893061849004603,19.349580807071824,18.560412717739826,19.302629470825195,449537000,0.0,0.0,NVDA,1d
2023-01-26 00:00:00-05:00,19.68023455547867,20.144744578930933,19.25768007940009,19.7811279296875,489535000,0.0,0.0,NVDA,1d
2023-01-27 00:00:00-05:00,19.441482734234384,20.606253883767415,19.384543617188243,20.343530654907227,542142000,0.0,0.0,NVDA,1d
2023-01-30 00:00:00-05:00,19.928969317759073,20.11876764644554,19.129811540746857,19.141799926757812,488611000,0.0,0.0,NVDA,1d
2023-01-31 00:00:00-05:00,19.14979328260832,19.66624851924581,18.930025867048208,19.516407012939453,498017000,0.0,0.0,NVDA,1d
2023-02-01 00:00:00-05:00,19.670244043953495,21.169661317208572,19.59032844677635,20.92092514038086,660477000,0.0,0.0,NVDA,1d
2023-02-02 00:00:00-05:00,20.977861172359162,21.925860113730366,20.6781782034606,21.686113357543945,564276000,0.0,0.0,NVDA,1d
2023-02-03 00:00:00-05:00,20.97786002176547,21.72207541802909,20.767082033794136,21.077754974365234,429366000,0.0,0.0,NVDA,1d
2023-02-06 00:00:00-05:00,20.7840660402103,21.54726056931194,20.76408666695872,21.066768646240234,452197000,0.0,0.0,NVDA,1d
2023-02-07 00:00:00-05:00,21.35945743743857,22.235533645141338,21.127701678917113,22.14962387084961,664150000,0.0,0.0,NVDA,1d
2023-02-08 00:00:00-05:00,22.363398373809797,22.853881881192613,21.98479821168747,22.181591033935547,559651000,0.0,0.0,NVDA,1d
2023-02-09 00:00:00-05:00,22.58216918763524,22.99573229825379,22.09668147789324,22.313451766967773,523876000,0.0,0.0,NVDA,1d
2023-02-10 00:00:00-05:00,21.667131548302695,22.054721040539977,20.78905861698195,21.242578506469727,550737000,0.0,0.0,NVDA,1d
2023-02-13 00:00:00-05:00,21.515297242953466,22.024759888693577,20.939904182007883,21.765033721923828,474919000,0.0,0.0,NVDA,1d
2023-02-14 00:00:00-05:00,21.55525189893666,23.024701862590533,21.343475492983863,22.94678497314453,675474000,0.0,0.0,NVDA,1d
2023-02-15 00:00:00-05:00,22.52523196197497,22.830909178097187,22.082700019847906,22.740005493164062,420575000,0.0,0.0,NVDA,1d
2023-02-16 00:00:00-05:00,22.109666050196253,22.526226251527607,21.903883847439104,21.978805541992188,412026000,0.0,0.0,NVDA,1d
2023-02-17 00:00:00-05:00,21.608201443264356,21.717085810366772,20.95289273010995,21.36545753479004,465888000,0.0,0.0,NVDA,1d
2023-02-21 00:00:00-05:00,20.977862013234812,21.47134072519899,20.596264744241374,20.63322639465332,410015000,0.0,0.0,NVDA,1d
2023-02-22 00:00:00-05:00,20.685172986353002,21.081753858938534,20.399473261638228,20.73212242126465,513184000,0.0,0.0,NVDA,1d
2023-02-23 00:00:00-05:00,23.415292346798566,23.862820062689913,23.0007288852004,23.639055252075195,1117995000,0.0,0.0,NVDA,1d
2023-02-24 00:00:00-05:00,23.200517108251855,23.44925516678763,22.922810291543012,23.261451721191406,589716000,0.0,0.0,NVDA,1d
2023-02-27 00:00:00-05:00,23.6450473658971,23.854825071141974,23.429275467548678,23.476224899291992,452994000,0.0,0.0,NVDA,1d
2023-02-28 00:00:00-05:00,23.347360182285275,23.799883635514494,23.181534819315353,23.191524505615234,455963000,0.0,0.0,NVDA,1d
2023-03-01 00:00:00-05:00,23.167552933250114,23.231486553591107,22.48427391696802,22.674074172973633,460026000,0.0,0.0,NVDA,1d
2023-03-02 00:00:00-05:00,22.464297239112163,23.355355313247546,22.40835460483908,23.289424896240234,389415000,0.0,0.0,NVDA,1d
2023-03-03 00:00:00-05:00,23.29541595223961,23.874804445027564,23.105615715106577,23.86481475830078,412393000,0.0,0.0,NVDA,1d
2023-03-06 00:00:00-05:00,23.865817563448918,24.22243969976959,23.462242179784383,23.529172897338867,437429000,0.0,0.0,NVDA,1d
2023-03-07 00:00:00-05:00,23.579126969767078,24.10366224367853,23.220443334628193,23.26740264892578,515154000,0.004,0.0,NVDA,1d
2023-03-08 00:00:00-05:00,23.46622622618509,24.178596857110083,23.403282221510484,24.15961265563965,513573000,0.0,0.0,NVDA,1d
2023-03-09 00:00:00-05:00,24.153620465460254,24.43237497116827,23.362321040860543,23.41527557373047,501257000,0.0,0.0,NVDA,1d
2023-03-10 00:00:00-05:00,23.388296345871805,23.60610394776299,22.705899859992172,22.94468879699707,474866000,0.0,0.0,NVDA,1d
2023-03-13 00:00:00-04:00,22.731876826184696,23.2773934204727,22.27727934666776,22.94568634033203,421890000,0.0,0.0,NVDA,1d
2023-03-14 00:00:00-04:00,23.475219568886814,24.197579694405405,23.439250204223796,24.041717529296875,474910000,0.0,0.0,NVDA,1d
2023-03-15 00:00:00-04:00,23.739983668370748,24.264518937841256,23.33933927282555,24.206571578979492,524486000,0.0,0.0,NVDA,1d
2023-03-16 00:00:00-04:00,24.00574890060099,25.565367136764166,23.872865210794142,25.518409729003906,583253000,0.0,0.0,NVDA,1d
2023-03-17 00:00:00-04:00,25.95902028263856,26.375651279421106,25.645296921004547,25.702247619628906,848547000,0.0,0.0,NVDA,1d
2023-03-20 00:00:00-04:00,25.592342695819287,26.000981321988803,25.107771080019624,25.877090454101562,432747000,0.0,0.0,NVDA,1d
2023-03-21 00:00:00-04:00,26.156846636843376,26.36865903671038,25.358553488198883,26.17582893371582,547408000,0.0,0.0,NVDA,1d
2023-03-22 00:00:00-04:00,26.401626474238157,27.564598386349715,26.21379303359335,26.444589614868164,797295000,0.0,0.0,NVDA,1d
2023-03-23 00:00:00-04:00,27.091019134511235,27.474680300568725,26.666395768826245,27.16695213317871,564889000,0.0,0.0,NVDA,1d
2023-03-24 00:00:00-04:00,27.007089867354004,27.142969248408896,26.3316872285577,26.755311965942383,454920000,0.0,0.0,NVDA,1d
2023-03-27 00:00:00-04:00,26.81326313262677,26.97611906928059,26.34168048471256,26.50753402709961,361026000,0.0,0.0,NVDA,1d
2023-03-28 00:00:00-04:00,26.423606568217767,26.48954817207098,25.82713452804624,26.386638641357422,356104000,0.0,0.0,NVDA,1d
2023-03-29 00:00:00-04:00,26.801274739572264,27.054049321086534,26.57347575940691,26.960132598876953,393694000,0.0,0.0,NVDA,1d
2023-03-30 00:00:00-04:00,27.204914890179356,27.474676521126977,27.078026419046342,27.35877799987793,364516000,0.0,0.0,NVDA,1d
2023-03-31 00:00:00-04:00,27.115994254760153,27.809380660660256,27.08102536446216,27.752431869506836,433933000,0.0,0.0,NVDA,1d
2023-04-03 00:00:00-04:00,27.48466960367856,27.97523454624746,27.311822283407086,27.940265655517578,398716000,0.0,0.0,NVDA,1d
2023-04-04 00:00:00-04:00,27.941263393705515,27.97523371673916,27.282845889494656,27.4287166595459,368592000,0.0,0.0,NVDA,1d
2023-04-05 00:00:00-04:00,26.80526946048249,26.97411869458037,26.371653330557585,26.857223510742188,515015000,0.0,0.0,NVDA,1d
2023-04-06 00:00:00-04:00,26.56048222709689,27.056043732756507,26.40362152801034,27.01308250427246,397654000,0.0,0.0,NVDA,1d
2023-04-10 00:00:00-04:00,26.7992755400983,27.59657006024275,26.645412420852104,27.554607391357422,395279000,0.0,0.0,NVDA,1d
2023-04-11 00:00:00-04:00,27.699479353630412,27.765420962103274,27.102006799330113,27.144969940185547,314378000,0.0,0.0,NVDA,1d
2023-04-12 00:00:00-04:00,27.345795224515363,27.443708127929558,26.424609743141254,26.471569061279297,446259000,0.0,0.0,NVDA,1d
2023-04-13 00:00:00-04:00,26.710354492654048,26.863219050562652,26.305713912619126,26.439594268798828,353615000,0.0,0.0,NVDA,1d
2023-04-14 00:00:00-04:00,26.48055798084649,26.859222480822282,26.196808771126577,26.734333038330078,395660000,0.0,0.0,NVDA,1d
2023-04-17 00:00:00-04:00,26.541505126599592,26.982115069024893,26.409621904454085,26.978118896484375,321471000,0.0,0.0,NVDA,1d
2023-04-18 00:00:00-04:00,27.508648184223265,28.08513749604695,27.332803260522113,27.642528533935547,604812000,0.0,0.0,NVDA,1d
2023-04-19 00:00:00-04:00,27.336802094498506,27.975236904297546,27.20791647127858,27.90629768371582,358660000,0.0,0.0,NVDA,1d
2023-04-20 00:00:00-04:00,27.64652455149464,28.00520817494305,26.976118523026464,27.080026626586914,427713000,0.0,0.0,NVDA,1d
2023-04-21 00:00:00-04:00,26.928162455219432,27.158959050915872,26.6983663319222,27.095014572143555,345103000,0.0,0.0,NVDA,1d
2023-04-24 00:00:00-04:00,26.989107985798988,27.341794498427166,26.647409518060194,27.018081665039062,339282000,0.0,0.0,NVDA,1d
2023-04-25 00:00:00-04:00,27.05405218790828,27.222903354703707,26.201807819523317,26.217792510986328,378527000,0.0,0.0,NVDA,1d
2023-04-26 00:00:00-04:00,26.978118263771744,27.305827272348722,26.68138006807285,26.932157516479492,406337000,0.0,0.0,NVDA,1d
2023-04-27 00:00:00-04:00,27.338799421481617,27.47068264242289,26.601451283130864,27.201919555664062,377161000,0.0,0.0,NVDA,1d
2023-04-28 00:00:00-04:00,27.200920093090993,27.733447698531908,27.047055069952613,27.724456787109375,292216000,0.0,0.0,NVDA,1d
2023-05-01 00:00:00-04:00,27.81537661530885,29.03229974718171,27.755430216862095,28.884429931640625,570329000,0.0,0.0,NVDA,1d
2023-05-02 00:00:00-04:00,28.654638468485437,28.810500654281608,28.058166275963206,28.1850528717041,402730000,0.0,0.0,NVDA,1d
2023-05-03 00:00:00-04:00,27.815377004737694,28.341911325325526,27.44770245263645,27.77741050720215,383387000,0.0,0.0,NVDA,1d
2023-05-04 00:00:00-04:00,27.626548269901345,27.8343645258105,27.215912403930833,27.537628173828125,321850000,0.0,0.0,NVDA,1d
2023-05-05 00:00:00-04:00,27.801387848122303,28.72956508673925,27.7064725625765,28.654632568359375,361494000,0.0,0.0,NVDA,1d
2023-05-08 00:00:00-04:00,28.49677215933893,29.194154745050692,28.32492531170623,29.125215530395508,344979000,0.0,0.0,NVDA,1d
2023-05-09 00:00:00-04:00,28.873435737151034,28.947369681224068,28.424833522945992,28.545724868774414,314869000,0.0,0.0,NVDA,1d
2023-05-10 00:00:00-04:00,28.97934600141485,29.087252189450044,28.435828416964906,28.859453201293945,369350000,0.0,0.0,NVDA,1d
2023-05-11 00:00:00-04:00,28.87044439298813,28.924397489324303,28.22101963171673,28.552724838256836,322149000,0.0,0.0,NVDA,1d
2023-05-12 00:00:00-04:00,28.503765785473174,28.75454513594309,28.02119319112188,28.31493377685547,274222000,0.0,0.0,NVDA,1d
2023-05-15 00:00:00-04:00,28.482784946357548,28.943377647743457,28.127100823911366,28.927391052246094,293926000,0.0,0.0,NVDA,1d
2023-05-16 00:00:00-04:00,28.815489784527685,29.84358087051638,28.806498873165175,29.18716049194336,449405000,0.0,0.0,NVDA,1d
2023-05-17 00:00:00-04:00,29.557833570142268,30.17228939441913,29.403970448812785,30.151308059692383,432535000,0.0,0.0,NVDA,1d
2023-05-18 00:00:00-04:00,30.38310060111177,31.7998455736638,30.293180058398384,31.649978637695312,748725000,0.0,0.0,NVDA,1d
2023-05-19 00:00:00-04:00,31.508105976511025,31.552067683944458,30.888655428377344,31.236347198486328,473908000,0.0,0.0,NVDA,1d
2023-05-22 00:00:00-04:00,30.8736696538163,31.492123586083498,30.652866345174697,31.148427963256836,372000000,0.0,0.0,NVDA,1d
2023-05-23 00:00:00-04:00,30.972582484687077,31.260327873842513,30.603909359902882,30.660858154296875,356253000,0.0,0.0,NVDA,1d
2023-05-24 00:00:00-04:00,30.183279227752074,30.579929358273947,29.77963722467679,30.510990142822266,721419000,0.0,0.0,NVDA,1d
2023-05-25 00:00:00-04:00,38.488926318360186,39.44508061098546,36.60259571255149,37.946407318115234,1543911000,0.0,0.0,NVDA,1d
2023-05-26 00:00:00-04:00,37.85649409999652,39.135361004641894,37.51679460203459,38.91156005859375,714397000,0.0,0.0,NVDA,1d
2023-05-30 00:00:00-04:00,40.55910031587385,41.90091111611417,39.91367170883157,40.07552719116211,923401000,0.0,0.0,NVDA,1d
2023-05-31 00:00:00-04:00,39.45307354763965,40.259358998541856,37.78854668617227,37.800537109375,1002580000,0.0,0.0,NVDA,1d
2023-06-01 00:00:00-04:00,38.45495978773049,40.01458010495206,38.30609329724924,39.73482894897461,635873000,0.0,0.0,NVDA,1d
2023-06-02 00:00:00-04:00,40.061532803064914,40.46417621230153,39.02345037446548,39.292213439941406,482731000,0.0,0.0,NVDA,1d
2023-06-05 00:00:00-04:00,38.87458325572637,39.53000121935848,38.67276227118168,39.1363525390625,396094000,0.0,0.0,NVDA,1d
2023-06-06 00:00:00-04:00,38.79566268178252,39.12536886577813,38.114262787053896,38.619815826416016,388729000,0.0,0.0,NVDA,1d
2023-06-07 00:00:00-04:00,38.884594133191015,39.468137450666795,37.326810358624385,37.445716857910156,511998000,0.004,0.0,NVDA,1d
2023-06-08 00:00:00-04:00,37.694534053593046,38.833643027365426,37.47570715034152,38.47991943359375,417772000,0.0,0.0,NVDA,1d
2023-06-09 00:00:00-04:00,39.00650530356787,39.67997860030122,38.53687503234718,38.739715576171875,427717000,0.0,0.0,NVDA,1d
2023-06-12 00:00:00-04:00,39.16938300880245,39.499123275212575,38.58783685686491,39.4511604309082,388701000,0.0,0.0,NVDA,1d
2023-06-13 00:00:00-04:00,40.154614126267326,41.06890039349555,39.70896332197463,40.989959716796875,613208000,0.0,0.0,NVDA,1d
2023-06-14 00:00:00-04:00,40.79211402973289,42.966413063285984,40.52032331528582,42.963417053222656,740465000,0.0,0.0,NVDA,1d
2023-06-15 00:00:00-04:00,42.5687310811785,43.255194841743766,42.11408458461737,42.61968994140625,568622000,0.0,0.0,NVDA,1d
2023-06-16 00:00:00-04:00,43.41605669949975,43.68684489706271,42.627671619358104,42.65864944458008,655709000,0.0,0.0,NVDA,1d
2023-06-20 00:00:00-04:00,42.9644234306128,43.955649344990384,42.640675134967545,43.77378845214844,451153000,0.0,0.0,NVDA,1d
2023-06-21 00:00:00-04:00,43.467020523272616,43.58093370313804,42.04713285457767,43.011375427246094,551603000,0.0,0.0,NVDA,1d
2023-06-22 00:00:00-04:00,42.21999763880809,43.39208183010409,42.20101528373677,42.991397857666016,417737000,0.0,0.0,NVDA,1d
2023-06-23 00:00:00-04:00,42.43083108618956,42.77555900672088,41.98218049927132,42.176029205322266,358140000,0.0,0.0,NVDA,1d
2023-06-26 00:00:00-04:00,42.42783558135576,42.730600334546075,40.06867951218722,40.60026550292969,594322000,0.0,0.0,NVDA,1d
2023-06-27 00:00:00-04:00,40.76713004512084,41.907237605323324,40.416406298926006,41.84328842163086,462175000,0.0,0.0,NVDA,1d
2023-06-28 00:00:00-04:00,40.628248412856465,41.81232441738964,40.48636100844834,41.08489227294922,582639000,0.0,0.0,NVDA,1d
2023-06-29 00:00:00-04:00,41.52553281178783,41.56749981768069,40.568281035412234,40.79010772705078,380514000,0.0,0.0,NVDA,1d
2023-06-30 00:00:00-04:00,41.647443251980995,42.51676261089797,41.468582218513255,42.26895523071289,501148000,0.0,0.0,NVDA,1d
2023-07-03 00:00:00-04:00,42.48379023030001,42.86449316721701,42.169037634447896,42.3798713684082,198209000,0.0,0.0,NVDA,1d
2023-07-05 00:00:00-04:00,42.102089932908285,43.143275924330226,42.05212974638505,42.28395080566406,323618000,0.0,0.0,NVDA,1d
2023-07-06 00:00:00-04:00,41.81131756799603,42.14605498586675,41.31370545626282,42.07011413574219,303582000,0.0,0.0,NVDA,1d
2023-07-07 00:00:00-04:00,42.28894446417988,43.18024990252509,42.14705707601412,42.46980285644531,355881000,0.0,0.0,NVDA,1d
2023-07-10 00:00:00-04:00,42.623685218893456,42.77756426984942,41.616469261927726,42.147056579589844,353908000,0.0,0.0,NVDA,1d
2023-07-11 00:00:00-04:00,42.44781661195004,42.724600671080424,42.03414233997435,42.37187576293945,298244000,0.0,0.0,NVDA,1d
2023-07-12 00:00:00-04:00,42.99938563817074,43.90068146612332,42.74358509464824,43.867706298828125,481277000,0.0,0.0,NVDA,1d
2023-07-13 00:00:00-04:00,44.48323328046501,46.11895201895111,44.45725261049975,45.94109344482422,478204000,0.0,0.0,NVDA,1d
2023-07-14 00:00:00-04:00,46.546611323884825,48.05043674269067,45.024802222527654,45.4334831237793,772075000,0.0,0.0,NVDA,1d
2023-07-17 00:00:00-04:00,46.252842790646994,46.45967801263674,45.22664460524396,46.424705505371094,510488000,0.0,0.0,NVDA,1d
2023-07-18 00:00:00-04:00,46.664525451589654,47.858591818877,45.698281650417556,47.456905364990234,569164000,0.0,0.0,NVDA,1d
2023-07-19 00:00:00-04:00,47.42692856470666,47.78065216165784,46.70549236660369,47.04022979736328,427502000,0.0,0.0,NVDA,1d
2023-07-20 00:00:00-04:00,46.47067610405814,47.05022493000669,45.02680501298147,45.48444747924805,537865000,0.0,0.0,NVDA,1d
2023-07-21 00:00:00-04:00,45.7522321711593,45.83017417101583,44.06555098011311,44.27438735961914,963769000,0.0,0.0,NVDA,1d
2023-07-24 00:00:00-04:00,44.6960587806985,45.07376568294936,44.005600454709025,44.577152252197266,382516000,0.0,0.0,NVDA,1d
2023-07-25 00:00:00-04:00,44.90589571026622,46.14692227530892,44.887908215993086,45.64331817626953,348081000,0.0,0.0,NVDA,1d
2023-07-26 00:00:00-04:00,45.98505592696078,46.01703242805517,44.5951435044959,45.416500091552734,364237000,0.0,0.0,NVDA,1d
2023-07-27 00:00:00-04:00,46.48266314205839,47.35797831429428,45.71426283263286,45.8641471862793,455976000,0.0,0.0,NVDA,1d
2023-07-28 00:00:00-04:00,46.63154903236518,46.99026979268205,46.344774445154044,46.71348571777344,331194000,0.0,0.0,NVDA,1d
2023-07-31 00:00:00-04:00,46.717486882574775,47.09319267881654,46.469679472055226,46.6925048828125,251055000,0.0,0.0,NVDA,1d
2023-08-01 00:00:00-04:00,46.42370462471362,46.86336333707945,45.99104422518508,46.47066879272461,237858000,0.0,0.0,NVDA,1d
2023-08-02 00:00:00-04:00,45.79520091213266,45.80419275361582,43.35310977121058,44.23442077636719,530142000,0.0,0.0,NVDA,1d
2023-08-03 00:00:00-04:00,43.76577925606382,45.08275032434069,43.76577925606382,44.480220794677734,324176000,0.0,0.0,NVDA,1d
2023-08-04 00:00:00-04:00,44.94986170170467,45.60634618505477,44.35832507301121,44.64509963989258,362666000,0.0,0.0,NVDA,1d
2023-08-07 00:00:00-04:00,45.0757624027515,45.504428150828545,44.528190127809225,45.38152313232422,322154000,0.0,0.0,NVDA,1d
2023-08-08 00:00:00-04:00,44.81796378324031,45.206659855456344,44.02158547433781,44.629112243652344,353843000,0.0,0.0,NVDA,1d
2023-08-09 00:00:00-04:00,44.23941340389369,44.277385732589195,42.101085685540646,42.52075958251953,586449000,0.0,0.0,NVDA,1d
2023-08-10 00:00:00-04:00,42.12707017302428,43.53996721168232,41.80232325660613,42.35489273071289,492705000,0.0,0.0,NVDA,1d
2023-08-11 00:00:00-04:00,41.7183935825012,41.98518717020068,40.60726249812491,40.82309341430664,533085000,0.0,0.0,NVDA,1d
2023-08-14 00:00:00-04:00,40.45437607089752,43.765786651430616,40.27951352736408,43.71882247924805,690286000,0.0,0.0,NVDA,1d
2023-08-15 00:00:00-04:00,44.52519626774696,45.23264344321466,43.67585790214367,43.905677795410156,676512000,0.0,0.0,NVDA,1d
2023-08-16 00:00:00-04:00,44.4852267558164,44.640104468597144,43.37209465339346,43.45203399658203,527451000,0.0,0.0,NVDA,1d
2023-08-17 00:00:00-04:00,43.93565682241001,44.027584017095954,42.96741192711898,43.31014633178711,452395000,0.0,0.0,NVDA,1d
2023-08-18 00:00:00-04:00,42.601699627262846,43.543963920277655,41.62746264434339,43.26518249511719,583768000,0.0,0.0,NVDA,1d
2023-08-21 00:00:00-04:00,44.45924519865085,47.028236135596124,44.187458298338946,46.93031311035156,692573000,0.0,0.0,NVDA,1d
2023-08-22 00:00:00-04:00,48.09740413737571,48.14936547616456,45.29759440317979,45.63233184814453,755293000,0.0,0.0,NVDA,1d
2023-08-23 00:00:00-04:00,45.830177068585726,47.1631347697341,45.172690060210584,47.079200744628906,779046000,0.0,0.0,NVDA,1d
2023-08-24 00:00:00-04:00,50.17677640386691,50.22673658703904,47.12216498787686,47.12615966796875,1156044000,0.0,0.0,NVDA,1d
2023-08-25 00:00:00-04:00,46.975282602767756,47.76766250313572,44.98883254303396,45.982059478759766,925341000,0.0,0.0,NVDA,1d
2023-08-28 00:00:00-04:00,46.44569122659898,46.94330333520207,44.852938347469795,46.79841613769531,685192000,0.0,0.0,NVDA,1d
2023-08-29 00:00:00-04:00,46.62954606851407,49.04266044648469,46.35475936686293,48.74589157104492,701397000,0.0,0.0,NVDA,1d
2023-08-30 00:00:00-04:00,49.005687906612565,49.88799757012422,48.38717195801793,49.22551727294922,735206000,0.0,0.0,NVDA,1d
2023-08-31 00:00:00-04:00,49.341437842045146,49.705151991202584,48.91976651789359,49.31645584106445,528570000,0.0,0.0,NVDA,1d
2023-09-01 00:00:00-04:00,49.72313090360501,49.76109942188399,48.10439357486219,48.471107482910156,463830000,0.0,0.0,NVDA,1d
2023-09-05 00:00:00-04:00,48.185331532444785,48.81284315295678,47.82261611647607,48.51007843017578,382653000,0.0,0.0,NVDA,1d
2023-09-06 00:00:00-04:00,48.40715496062999,48.515077394105326,46.54745522657099,47.02811813354492,468670000,0.004,0.0,NVDA,1d
2023-09-07 00:00:00-04:00,45.4931913383561,46.311619313403384,45.120450870903866,46.20869064331055,433330000,0.0,0.0,NVDA,1d
2023-09-08 00:00:00-04:00,45.909901542782364,46.57343525598355,45.23936893896436,45.540157318115234,473069000,0.0,0.0,NVDA,1d
2023-09-11 00:00:00-04:00,46.11575443664463,46.130743345970416,44.28103874415618,45.14643478393555,473966000,0.0,0.0,NVDA,1d
2023-09-12 00:00:00-04:00,44.70673059385498,45.64107847418229,44.49987453878437,44.83863830566406,349256000,0.0,0.0,NVDA,1d
2023-09-13 00:00:00-04:00,44.568836579722586,45.897909142211645,44.471904231366715,45.45322036743164,398355000,0.0,0.0,NVDA,1d
2023-09-14 00:00:00-04:00,45.91789786927569,45.95487076893904,45.0994698183301,45.549156188964844,370097000,0.0,0.0,NVDA,1d
2023-09-15 00:00:00-04:00,45.30931088292171,45.567129987886304,43.777381347712456,43.869319915771484,506831000,0.0,0.0,NVDA,1d
2023-09-18 00:00:00-04:00,42.718136085882634,44.211091815039076,41.970657562850405,43.93528366088867,500271000,0.0,0.0,NVDA,1d
2023-09-19 00:00:00-04:00,43.80237069955783,43.93527718281478,42.971950102234956,43.48958969116211,373064000,0.0,0.0,NVDA,1d
2023-09-20 00:00:00-04:00,43.5695331686225,43.872322851544475,42.19349643912847,42.2094841003418,367108000,0.0,0.0,NVDA,1d
2023-09-21 00:00:00-04:00,41.55394487986268,42.07058192849427,40.95136557382746,40.988338470458984,450736000,0.0,0.0,NVDA,1d
2023-09-22 00:00:00-04:00,41.54294952811981,42.08557317870962,41.202188203522006,41.58092498779297,479236000,0.0,0.0,NVDA,1d
2023-09-25 00:00:00-04:00,41.561937649909076,42.50627702068914,41.14822547100166,42.19249725341797,419091000,0.0,0.0,NVDA,1d
2023-09-26 00:00:00-04:00,41.97164730902177,42.79007519984935,41.62588843808872,41.881710052490234,402282000,0.0,0.0,NVDA,1d
2023-09-27 00:00:00-04:00,42.30042372625329,42.84204482057062,41.59991333679484,42.438323974609375,444935000,0.0,0.0,NVDA,1d
2023-09-28 00:00:00-04:00,42.43032920794071,43.41564027932202,42.085572876608914,43.05889129638672,424663000,0.0,0.0,NVDA,1d
2023-09-29 00:00:00-04:00,43.796371119268684,44.11315092531868,43.27673406437453,43.46860122680664,397830000,0.0,0.0,NVDA,1d
2023-10-02 00:00:00-04:00,43.9992285379224,45.14342881532186,43.83034792394179,44.75070571899414,433298000,0.0,0.0,NVDA,1d
2023-10-03 00:00:00-04:00,44.77668570728605,45.098463094837925,43.2157769974795,43.48658752441406,470850000,0.0,0.0,NVDA,1d
2023-10-04 00:00:00-04:00,43.71143633979229,44.11215712134903,43.26175000991843,44.01022720336914,361821000,0.0,0.0,NVDA,1d
2023-10-05 00:00:00-04:00,44.01921794767318,44.868626271295504,43.85733240049327,44.65677261352539,393483000,0.0,0.0,NVDA,1d
2023-10-06 00:00:00-04:00,44.16212229169967,45.757007806644154,43.99523916079719,45.73002624511719,434436000,0.0,0.0,NVDA,1d
2023-10-09 00:00:00-04:00,44.810664938003,45.573132266606365,44.33699712951298,45.241363525390625,409675000,0.0,0.0,NVDA,1d
2023-10-10 00:00:00-04:00,45.27834086872442,46.22667525132618,45.05649586993077,45.76599884033203,368582000,0.0,0.0,NVDA,1d
2023-10-11 00:00:00-04:00,46.16372195389678,46.82626072787499,46.01782405573412,46.77329635620117,378137000,0.0,0.0,NVDA,1d
2023-10-12 00:00:00-04:00,46.7443190351458,47.575738478859215,46.29763274064661,46.912200927734375,481325000,0.0,0.0,NVDA,1d
2023-10-13 00:00:00-04:00,46.92718276252737,47.08307579073531,45.24835646569822,45.429229736328125,474115000,0.0,0.0,NVDA,1d
2023-10-16 00:00:00-04:00,45.0315095868921,46.192696327999904,44.880614130194836,46.06278991699219,375099000,0.0,0.0,NVDA,1d
2023-10-17 00:00:00-04:00,43.96925217503642,44.72272688542817,42.45031391518229,43.90729522705078,812333000,0.0,0.0,NVDA,1d
2023-10-18 00:00:00-04:00,42.5612359572998,43.18879926057118,41.79577241593963,42.16651153564453,627294000,0.0,0.0,NVDA,1d
2023-10-19 00:00:00-04:00,42.781093510182195,43.266754056698915,41.85274164589192,42.071590423583984,501233000,0.0,0.0,NVDA,1d
2023-10-20 00:00:00-04:00,41.860728698935155,42.4403252529677,41.049295810508625,41.35808181762695,477266000,0.0,0.0,NVDA,1d
2023-10-23 00:00:00-04:00,41.20019083203981,43.217781037891605,40.91638888400306,42.944969177246094,478530000,0.0,0.0,NVDA,1d
2023-10-24 00:00:00-04:00,43.04689542430625,43.66646107168209,42.6611674055464,43.632484436035156,401463000,0.0,0.0,NVDA,1d
2023-10-25 00:00:00-04:00,43.367669662136635,43.619496263453854,41.52595915637694,41.74980163574219,398379000,0.0,0.0,NVDA,1d
2023-10-26 00:00:00-04:00,41.823750469367184,42.22646869925816,39.852129784028584,40.29781723022461,541001000,0.0,0.0,NVDA,1d
2023-10-27 00:00:00-04:00,41.1012595868594,41.177206691835266,39.987037067133414,40.47169876098633,416784000,0.0,0.0,NVDA,1d
2023-10-30 00:00:00-04:00,41.05829449956598,41.73681712722262,40.45271510334961,41.132240295410156,388028000,0.0,0.0,NVDA,1d
2023-10-31 00:00:00-04:00,40.42173178283688,40.850432824810134,39.20258317497881,40.75149917602539,517969000,0.0,0.0,NVDA,1d
2023-11-01 00:00:00-04:00,40.8554341335007,42.35138985981638,40.840445223590976,42.29542922973633,437593000,0.0,0.0,NVDA,1d
2023-11-02 00:00:00-04:00,43.297724168934685,43.85333542629518,42.864029312260996,43.47560119628906,409172000,0.0,0.0,NVDA,1d
2023-11-03 00:00:00-04:00,43.989240387189966,45.27733731815709,43.69244703893823,44.97355270385742,424610000,0.0,0.0,NVDA,1d
2023-11-06 00:00:00-05:00,45.25335828782106,45.90290564428218,44.86762640814462,45.719032287597656,400733000,0.0,0.0,NVDA,1d
2023-11-07 00:00:00-05:00,45.687054558944546,46.18570260804149,45.12644574728523,45.922889709472656,343165000,0.0,0.0,NVDA,1d
2023-11-08 00:00:00-05:00,46.067786497149605,46.834252666745705,45.93587876150922,46.54145812988281,346719000,0.0,0.0,NVDA,1d
2023-11-09 00:00:00-05:00,47.43383140399592,48.19629874432979,46.71733335440422,46.91719436645508,540496000,0.0,0.0,NVDA,1d
2023-11-10 00:00:00-05:00,47.466808147596865,48.43812905946533,47.24996072733801,48.30122375488281,421245000,0.0,0.0,NVDA,1d
2023-11-13 00:00:00-05:00,48.28623183718149,49.081676995363466,48.06538560948801,48.586021423339844,384136000,0.0,0.0,NVDA,1d
2023-11-14 00:00:00-05:00,49.64528123020025,49.799172935741794,49.00572910678886,49.62129592895508,416954000,0.0,0.0,NVDA,1d
2023-11-15 00:00:00-05:00,49.9001052683663,49.92508551038347,48.166317129461184,48.85383605957031,475497000,0.0,0.0,NVDA,1d
2023-11-16 00:00:00-05:00,48.64498792594149,49.490397480832705,48.296232754650504,49.44542694091797,339756000,0.0,0.0,NVDA,1d
2023-11-17 00:00:00-05:00,49.489397461523026,49.68226341163358,48.9727603803161,49.26355743408203,325205000,0.0,0.0,NVDA,1d
2023-11-20 00:00:00-05:00,49.27753819263548,50.51267446523686,49.14662922458695,50.37377166748047,414120000,0.0,0.0,NVDA,1d
2023-11-21 00:00:00-05:00,50.090971605091276,50.48169721701578,49.187603987551,49.90909957885742,565747000,0.0,0.0,NVDA,1d
2023-11-22 00:00:00-05:00,49.817157195485564,50.29981749899062,47.6566657610322,48.681949615478516,899420000,0.0,0.0,NVDA,1d
2023-11-24 00:00:00-05:00,48.43613388773008,48.8868189750065,47.711638178100976,47.742618560791016,294645000,0.0,0.0,NVDA,1d
2023-11-27 00:00:00-05:00,47.76660139816942,48.49609089003982,47.61870599505968,48.20829391479492,395662000,0.0,0.0,NVDA,1d
2023-11-28 00:00:00-05:00,48.20229716306376,48.28923817471284,47.439829789625705,47.7875862121582,401491000,0.0,0.0,NVDA,1d
2023-11-29 00:00:00-05:00,48.345196613263326,48.727928411184934,47.826558260033494,48.106361389160156,382005000,0.0,0.0,NVDA,1d
2023-11-30 00:00:00-05:00,47.9904336848112,48.07637592654199,46.38955596541378,46.73731231689453,526247000,0.0,0.0,NVDA,1d
2023-12-01 00:00:00-05:00,46.49248873071015,47.16701626199501,46.15472368293033,46.73231887817383,369317000,0.0,0.0,NVDA,1d
2023-12-04 00:00:00-05:00,46.04480030339198,46.04480030339198,44.97854459860675,45.47819519042969,437543000,0.0,0.0,NVDA,1d
2023-12-05 00:00:00-05:00,45.43822537417424,46.571531508809755,45.243344800588865,46.53755569458008,371718000,0.004,0.0,NVDA,1d
2023-12-06 00:00:00-05:00,47.18615659482553,47.358052404807324,45.3842566412969,45.47520065307617,380590000,0.0,0.0,NVDA,1d
2023-12-07 00:00:00-05:00,45.67208285394523,46.60051618631754,45.57614082890342,46.567535400390625,350823000,0.0,0.0,NVDA,1d
2023-12-08 00:00:00-05:00,46.566531807194686,47.71183151295026,46.5215573196364,47.47697448730469,359224000,0.0,0.0,NVDA,1d
2023-12-11 00:00:00-05:00,47.461988967358906,47.50196163403656,45.802004370558734,46.598514556884766,509728000,0.0,0.0,NVDA,1d
2023-12-12 00:00:00-05:00,46.017875514105,47.6368849146668,46.017875514105,47.627891540527344,372387000,0.0,0.0,NVDA,1d
2023-12-13 00:00:00-05:00,47.59990881517736,48.56431952524785,47.578921733918634,48.05862808227539,447792000,0.0,0.0,NVDA,1d
2023-12-14 00:00:00-05:00,48.36043775200682,48.6402654789673,47.39303060139569,48.32046127319336,391232000,0.0,0.0,NVDA,1d
2023-12-15 00:00:00-05:00,48.16456014183968,49.37382007835511,48.09060403450958,48.86013412475586,479948000,0.0,0.0,NVDA,1d
2023-12-18 00:00:00-05:00,49.36982501987744,50.402191134156865,49.11997773498407,50.046409606933594,412587000,0.0,0.0,NVDA,1d
2023-12-19 00:00:00-05:00,49.39380199579273,49.66963433728467,48.86512588284418,49.573692321777344,464444000,0.0,0.0,NVDA,1d
2023-12-20 00:00:00-05:00,49.624663268494515,49.9684548790202,48.0686152726536,48.081607818603516,397894000,0.0,0.0,NVDA,1d
2023-12-21 00:00:00-05:00,48.78117626784754,49.065003134313834,48.389413683730325,48.96006774902344,300425000,0.0,0.0,NVDA,1d
2023-12-22 00:00:00-05:00,49.16494577989552,49.352830653569725,48.43738988482299,48.8001708984375,252507000,0.0,0.0,NVDA,1d
2023-12-26 00:00:00-05:00,48.93807912022649,49.569692938536456,48.93008458769596,49.2488899230957,244200000,0.0,0.0,NVDA,1d
2023-12-27 00:00:00-05:00,49.480758467753716,49.64965395545636,49.05501618312312,49.38681411743164,233648000,0.0,0.0,NVDA,1d
2023-12-28 00:00:00-05:00,49.61267326878179,49.85352335128604,49.38181158719183,49.49174499511719,246587000,0.0,0.0,NVDA,1d
2023-12-29 00:00:00-05:00,49.782567581126976,49.96645709185245,48.721216111915,49.49174499511719,389293000,0.0,0.0,NVDA,1d
2024-01-02 00:00:00-05:00,49.213911661432995,49.26487918925224,47.565920930034586,48.13856887817383,411254000,0.0,0.0,NVDA,1d
2024-01-03 00:00:00-05:00,47.45599156277329,48.15456203597886,47.2910914479061,47.539939880371094,320896000,0.0,0.0,NVDA,1d
2024-01-04 00:00:00-05:00,47.73781584044559,48.47036973426666,47.478975200634494,47.96867752075195,306535000,0.0,0.0,NVDA,1d
2024-01-05 00:00:00-05:00,48.43239101183954,49.51672715055194,48.27648428603865,49.06700134277344,415039000,0.0,0.0,NVDA,1d
2024-01-08 00:00:00-05:00,49.48175412771333,52.24306669740862,49.44877334196531,52.22107696533203,642510000,0.0,0.0,NVDA,1d
2024-01-09 00:00:00-05:00,52.36898559320254,54.29180987549374,51.65841764369207,53.1075325012207,773100000,0.0,0.0,NVDA,1d
2024-01-10 00:00:00-05:00,53.58324641272958,54.566642620850935,53.45632128428564,54.316795349121094,533796000,0.0,0.0,NVDA,1d
2024-01-11 00:00:00-05:00,54.965399369459846,55.312187494704844,53.527279337957886,54.78850555419922,596759000,0.0,0.0,NVDA,1d
2024-01-12 00:00:00-05:00,54.58663334731275,54.93642183109273,54.29681339629927,54.676578521728516,352994000,0.0,0.0,NVDA,1d
2024-01-16 00:00:00-05:00,54.98438817814625,56.80027560728274,54.86646024002656,56.34755325317383,449580000,0.0,0.0,NVDA,1d
2024-01-17 00:00:00-05:00,56.312579806380306,56.43650460830921,54.706563019184806,56.018760681152344,474394000,0.0,0.0,NVDA,1d
2024-01-18 00:00:00-05:00,57.225023275703855,57.56481575240513,56.07272766296372,57.07211685180664,491650000,0.0,0.0,NVDA,1d
2024-01-19 00:00:00-05:00,57.95357335479518,59.46365188180549,57.19004013784853,59.45465850830078,543501000,0.0,0.0,NVDA,1d
2024-01-22 00:00:00-05:00,60.01231668308295,60.29414590763177,59.03391464914335,59.617557525634766,452955000,0.0,0.0,NVDA,1d
2024-01-23 00:00:00-05:00,59.53360568004521,59.87339811111822,58.549206851243994,59.836421966552734,294654000,0.0,0.0,NVDA,1d
2024-01-24 00:00:00-05:00,60.26715642389318,62.810599654408506,59.901378913458146,61.32450866699219,560271000,0.0,0.0,NVDA,1d
2024-01-25 00:00:00-05:00,62.311914954127865,62.68069286197914,60.81283115751821,61.57936477661133,482777000,0.0,0.0,NVDA,1d
2024-01-26 00:00:00-05:00,60.92275379769683,61.74525282231352,60.53599302202027,60.993709564208984,390309000,0.0,0.0,NVDA,1d
2024-01-29 00:00:00-05:00,61.19458949954275,62.45082152019551,60.86979110422985,62.42683792114258,348733000,0.0,0.0,NVDA,1d
2024-01-30 00:00:00-05:00,62.861575397836866,63.45421163481392,62.221963176710254,62.73564910888672,410735000,0.0,0.0,NVDA,1d
2024-01-31 00:00:00-05:00,61.40246556305648,62.230961514394274,60.66291975637589,61.48941421508789,453795000,0.0,0.0,NVDA,1d
2024-02-01 00:00:00-05:00,62.06205926012063,63.15239614325578,61.612337231861346,62.988494873046875,369146000,0.0,0.0,NVDA,1d
2024-02-02 00:00:00-05:00,63.934921410632114,66.55931680667902,63.65109449153059,66.11959075927734,476578000,0.0,0.0,NVDA,1d
2024-02-05 00:00:00-05:00,68.1833239064927,69.45455008972388,67.16395031831868,69.2896499633789,680078000,0.0,0.0,NVDA,1d
2024-02-06 00:00:00-05:00,69.58745829595591,69.71138308978904,66.25949848302591,68.18132019042969,683111000,0.0,0.0,NVDA,1d
2024-02-07 00:00:00-05:00,68.27725642617484,70.17709586585252,67.55869397580136,70.05616760253906,495575000,0.0,0.0,NVDA,1d
2024-02-08 00:00:00-05:00,70.03119148834118,70.7507528828607,69.41257394689296,69.59845733642578,414422000,0.0,0.0,NVDA,1d
2024-02-09 00:00:00-05:00,70.48992214211897,72.14091368127717,70.1691190330097,72.08895111083984,436637000,0.0,0.0,NVDA,1d
2024-02-12 00:00:00-05:00,72.55564739281085,74.56542046599529,71.2064736279646,72.20386505126953,613710000,0.0,0.0,NVDA,1d
2024-02-13 00:00:00-05:00,70.35700477469595,73.40513741451034,69.57748237910234,72.08394622802734,602580000,0.0,0.0,NVDA,1d
2024-02-14 00:00:00-05:00,73.15730185072407,74.19066701109121,71.89407378756496,73.85487365722656,504917000,0.0,0.0,NVDA,1d
2024-02-15 00:00:00-05:00,73.82388341395547,73.9298138493264,72.35577892403286,72.61361694335938,420122000,0.0,0.0,NVDA,1d
2024-02-16 00:00:00-05:00,74.05472502125532,74.35654245789623,72.45670295069786,72.56863403320312,495327000,0.0,0.0,NVDA,1d
2024-02-20 00:00:00-05:00,71.90303947909813,71.91203666406658,67.69261615478561,69.4095687866211,704833000,0.0,0.0,NVDA,1d
2024-02-21 00:00:00-05:00,67.96445653317794,68.84592156210476,66.2075347659216,67.4307861328125,673755000,0.0,0.0,NVDA,1d
2024-02-22 00:00:00-05:00,74.97917375100998,78.52700071768926,74.17466516688725,78.49002838134766,865100000,0.0,0.0,NVDA,1d
2024-02-23 00:00:00-05:00,80.74065432651751,82.34367088132632,77.52261988480991,78.76885986328125,829388000,0.0,0.0,NVDA,1d
2024-02-26 00:00:00-05:00,79.6513162598183,80.59674521460998,78.45704646976243,79.04369354248047,503973000,0.0,0.0,NVDA,1d
2024-02-27 00:00:00-05:00,79.33250852556469,79.43145470230726,77.11486980989693,78.65292358398438,391705000,0.0,0.0,NVDA,1d
2024-02-28 00:00:00-05:00,77.57258181183745,78.88477556464643,77.07788148076835,77.61555480957031,393110000,0.0,0.0,NVDA,1d
2024-02-29 00:00:00-05:00,79.04569580641504,79.94114467845763,78.30214690396402,79.06368255615234,507289000,0.0,0.0,NVDA,1d
2024-03-01 00:00:00-05:00,79.95112232187887,82.24972013852617,79.38646508056598,82.22872924804688,479135000,0.0,0.0,NVDA,1d
2024-03-04 00:00:00-05:00,84.07859536447201,87.6414196546175,83.6678509917937,85.18492126464844,615616000,0.0,0.0,NVDA,1d
2024-03-05 00:00:00-05:00,85.22191083370436,86.04844794548417,83.36995895717057,85.91551971435547,520639000,0.004,0.0,NVDA,1d
2024-03-06 00:00:00-05:00,87.97235961581464,89.67339555623481,86.98091470216241,88.64997100830078,582520000,0.0,0.0,NVDA,1d
2024-03-07 00:00:00-05:00,90.10714445366249,92.71467403344542,89.55145830366479,92.61672973632812,608119000,0.0,0.0,NVDA,1d
2024-03-08 00:00:00-05:00,95.08433828640496,97.34506345152579,86.45720334881955,87.47863006591797,1142269000,0.0,0.0,NVDA,1d
2024-03-11 00:00:00-04:00,86.38024574570308,88.74690616090122,84.11852182933525,85.72561645507812,678364000,0.0,0.0,NVDA,1d
2024-03-12 00:00:00-04:00,87.9993412781643,91.90813084085208,86.10141029804566,91.86116027832031,668075000,0.0,0.0,NVDA,1d
2024-03-13 00:00:00-04:00,91.0036442134583,91.45238847114443,88.38511917925783,90.83673858642578,635713000,0.0,0.0,NVDA,1d
2024-03-14 00:00:00-04:00,89.52646826118793,90.59486542464842,86.55114274535384,87.8943862915039,602318000,0.0,0.0,NVDA,1d
2024-03-15 00:00:00-04:00,86.8809817189237,89.4955039098344,86.20836469105882,87.78746795654297,642086000,0.0,0.0,NVDA,1d
2024-03-18 00:00:00-04:00,90.33702946254044,92.35289034072188,87.03589066625348,88.40512084960938,668976000,0.0,0.0,NVDA,1d
2024-03-19 00:00:00-04:00,86.65110342037197,90.49293740706634,84.96206166270107,89.34758758544922,672171000,0.0,0.0,NVDA,1d
2024-03-20 00:00:00-04:00,89.74634940187569,90.35901024319512,88.17323967680368,90.32102966308594,479063000,0.0,0.0,NVDA,1d
2024-03-21 00:00:00-04:00,92.2479404308415,92.59574371140432,90.3540050520513,91.3834228515625,480372000,0.0,0.0,NVDA,1d
2024-03-22 00:00:00-04:00,91.0895899885777,94.72453954495887,90.78276394753543,94.2358169555664,586719000,0.0,0.0,NVDA,1d
2024-03-25 00:00:00-04:00,93.88800396946667,96.71140716240863,93.45724736719572,94.94840240478516,552136000,0.0,0.0,NVDA,1d
2024-03-26 00:00:00-04:00,95.79694219210086,96.32064875325118,92.44983185631351,92.50879669189453,513648000,0.0,0.0,NVDA,1d
2024-03-27 00:00:00-04:00,93.05948982143728,93.1874159899472,89.07274096879794,90.19910430908203,586067000,0.0,0.0,NVDA,1d
2024-03-28 00:00:00-04:00,89.9492440435148,91.24851395195789,89.1426999482675,90.30504608154297,435212000,0.0,0.0,NVDA,1d
2024-04-01 00:00:00-04:00,90.24807533872301,92.1729839586744,89.15369169415271,90.3120346069336,452441000,0.0,0.0,NVDA,1d
2024-04-02 00:00:00-04:00,88.39809605770056,90.04317111245476,87.57056790887991,89.40153503417969,433064000,0.0,0.0,NVDA,1d
2024-04-03 00:00:00-04:00,88.43409336471458,90.32302673450899,88.35014110939444,88.913818359375,370067000,0.0,0.0,NVDA,1d
2024-04-04 00:00:00-04:00,90.35499714995936,90.58287298050408,85.83154944356146,85.85653686523438,434965000,0.0,0.0,NVDA,1d
2024-04-05 00:00:00-04:00,86.81701209960936,88.43110686367916,85.87754736667624,87.9583740234375,399678000,0.0,0.0,NVDA,1d
2024-04-08 00:00:00-04:00,88.64995673788222,88.77988827828314,86.68307229452097,87.08384704589844,283220000,0.0,0.0,NVDA,1d
2024-04-09 00:00:00-04:00,87.39268218376482,87.58557412064634,82.97517698832382,85.30585479736328,501700000,0.0,0.0,NVDA,1d
2024-04-10 00:00:00-04:00,83.87867062101493,87.35071040768491,83.66179013581636,86.98991394042969,431929000,0.0,0.0,NVDA,1d
2024-04-11 00:00:00-04:00,87.37069146521046,90.687819723934,86.87697442257391,90.56488800048828,431637000,0.0,0.0,NVDA,1d
2024-04-12 00:00:00-04:00,89.64841591771264,90.1241530507074,87.48064030544892,88.13626861572266,426805000,0.0,0.0,NVDA,1d
2024-04-15 00:00:00-04:00,89.04773715751944,90.56188189803133,85.88052615088108,85.95248413085938,443077000,0.0,0.0,NVDA,1d
2024-04-16 00:00:00-04:00,86.38425134878223,88.06829858635284,86.01546379198004,87.3656997680664,370453000,0.0,0.0,NVDA,1d
2024-04-17 00:00:00-04:00,88.29016660250515,88.72492641813315,83.90264346955806,83.98760223388672,495400000,0.0,0.0,NVDA,1d
2024-04-18 00:00:00-04:00,84.92207255324703,86.14138561304675,82.35552028108327,84.62323760986328,447260000,0.0,0.0,NVDA,1d
2024-04-19 00:00:00-04:00,83.10310538210794,84.27643922651326,75.56336143765269,76.15702056884766,875198000,0.0,0.0,NVDA,1d
2024-04-22 00:00:00-04:00,78.05994814693265,80.02783946358336,76.35691439393003,79.47315216064453,596341000,0.0,0.0,NVDA,1d
2024-04-23 00:00:00-04:00,80.7234441336971,82.72231614993429,80.21873169463018,82.37651062011719,438559000,0.0,0.0,NVDA,1d
2024-04-24 00:00:00-04:00,83.90264184401371,84.03457116657118,79.13833255489368,79.6320571899414,512208000,0.0,0.0,NVDA,1d
2024-04-25 00:00:00-04:00,78.82351858715127,83.27600801866915,78.17888569012331,82.58540344238281,424641000,0.0,0.0,NVDA,1d
2024-04-26 00:00:00-04:00,83.77074038243197,88.28119623524096,83.33998364388893,87.68553161621094,551011000,0.0,0.0,NVDA,1d
2024-04-29 00:00:00-04:00,87.54560070216142,87.94237235498613,85.21791179771557,87.70751190185547,388971000,0.0,0.0,NVDA,1d
2024-04-30 00:00:00-04:00,87.19080401105087,88.76891600613489,86.25133925368692,86.35327911376953,363709000,0.0,0.0,NVDA,1d
2024-05-01 00:00:00-04:00,85.02901046138126,85.95148630832341,81.20916027802339,82.99415588378906,559863000,0.0,0.0,NVDA,1d
2024-05-02 00:00:00-04:00,84.4013606664833,86.18835408667036,83.15306466582874,85.76859283447266,377898000,0.0,0.0,NVDA,1d
2024-05-03 00:00:00-04:00,87.73947860212795,89.23063371341577,86.9909005732954,88.7389144897461,398341000,0.0,0.0,NVDA,1d
2024-05-06 00:00:00-04:00,89.3395790876885,92.16798466023728,89.00476895897276,92.08802795410156,376203000,0.0,0.0,NVDA,1d
2024-05-07 00:00:00-04:00,91.04661392300342,91.72922732116892,88.96079315014337,90.50292205810547,437342000,0.0,0.0,NVDA,1d
2024-05-08 00:00:00-04:00,89.43253836914545,91.14257199813075,89.36957035953105,90.36101531982422,325721000,0.0,0.0,NVDA,1d
2024-05-09 00:00:00-04:00,90.47792997859051,91.02062292863653,88.18122980671515,88.69693756103516,378013000,0.0,0.0,NVDA,1d
2024-05-10 00:00:00-04:00,90.25406212026445,91.3494445724532,89.17666725781999,89.82730102539062,335325000,0.0,0.0,NVDA,1d
2024-05-13 00:00:00-04:00,90.42696502755186,90.94667600491073,88.47906681215352,90.34801483154297,289680000,0.0,0.0,NVDA,1d
2024-05-14 00:00:00-04:00,89.54846112262796,91.59930565354625,88.88383529778994,91.30447387695312,296507000,0.0,0.0,NVDA,1d
2024-05-15 00:00:00-04:00,92.41984207783547,94.80849340867992,91.54733338803841,94.57662200927734,417735000,0.0,0.0,NVDA,1d
2024-05-16 00:00:00-04:00,94.85646254209573,95.76494633629416,94.04991095901028,94.30577087402344,323952000,0.0,0.0,NVDA,1d
2024-05-17 00:00:00-04:00,94.31578286476113,94.68656820618962,91.75422475858959,92.42684173583984,359691000,0.0,0.0,NVDA,1d
2024-05-20 00:00:00-04:00,93.69712933361367,95.14630855060346,93.38730659931326,94.72654724121094,318764000,0.0,0.0,NVDA,1d
2024-05-21 00:00:00-04:00,93.54620449229954,95.3461911389766,93.12744211033531,95.33219909667969,328946000,0.0,0.0,NVDA,1d
2024-05-22 00:00:00-04:00,95.4051618418388,95.96584245517248,93.19640917175742,94.89644622802734,548648000,0.0,0.0,NVDA,1d
2024-05-23 00:00:00-04:00,101.9704583406549,106.26003756449907,101.46274160839002,103.74046325683594,835065000,0.0,0.0,NVDA,1d
2024-05-24 00:00:00-04:00,104.3900933466901,106.4149517573109,102.9419130131948,106.4089584350586,429494000,0.0,0.0,NVDA,1d
2024-05-28 00:00:00-04:00,110.18182631936331,114.87417806167193,109.82102986026253,113.83676147460938,652728000,0.0,0.0,NVDA,1d
2024-05-29 00:00:00-04:00,112.98623828974068,115.42685462015827,110.83844833840384,114.7602310180664,557442000,0.0,0.0,NVDA,1d
2024-05-30 00:00:00-04:00,114.58534422223099,115.75368367922725,109.60115714782083,110.43768310546875,484553000,0.0,0.0,NVDA,1d
2024-05-31 00:00:00-04:00,112.45652422078095,112.65341931534381,106.879677688503,109.57115936279297,613263000,0.0,0.0,NVDA,1d
2024-06-03 00:00:00-04:00,113.55692243893306,114.93514251708984,111.93983111247248,114.93514251708984,438392000,0.0,0.0,NVDA,1d
2024-06-04 00:00:00-04:00,115.65073625073813,116.53423270815343,113.98067349692546,116.37132263183594,403324000,0.0,0.0,NVDA,1d
2024-06-05 00:00:00-04:00,118.30424338003813,122.37993877462908,117.40175277551737,122.3709487915039,528402000,0.0,0.0,NVDA,1d
2024-06-06 00:00:00-04:00,123.97803133753258,125.51616477932996,118.25326519915947,120.92975616455078,664696000,0.0,0.0,NVDA,1d
2024-06-07 00:00:00-04:00,119.70243576783463,121.62335628683404,117.95542832157363,120.81980895996094,412386000,0.0,0.0,NVDA,1d
2024-06-10 00:00:00-04:00,120.3021010809677,123.0305567964374,116.94399587339676,121.72129821777344,313434100,0.0,10.0,NVDA,1d
2024-06-11 00:00:00-04:00,121.71131653242202,122.81079255068147,118.68277788836801,120.85173797607422,222551200,0.01,0.0,NVDA,1d
2024-06-12 00:00:00-04:00,123.00068806264866,126.81884668595569,122.51092635625676,125.13965606689453,299595000,0.0,0.0,NVDA,1d
2024-06-13 00:00:00-04:00,129.32763594350715,129.7374419918796,127.09871503024357,129.5475311279297,260704500,0.0,0.0,NVDA,1d
2024-06-14 00:00:00-04:00,129.89737910282292,132.7759808624214,128.2581700274141,131.8164520263672,309320400,0.0,0.0,NVDA,1d
2024-06-17 00:00:00-04:00,132.9259111616535,133.66554475885698,129.5175509456389,130.9168701171875,288504400,0.0,0.0,NVDA,1d
2024-06-18 00:00:00-04:00,131.07678620278367,136.26428691629846,130.62700616579136,135.5146484375,294335100,0.0,0.0,NVDA,1d
2024-06-20 00:00:00-04:00,139.73263779444994,140.69216665961412,129.45759262565218,130.71697998046875,517768400,0.0,0.0,NVDA,1d
2024-06-21 00:00:00-04:00,127.05873301556977,130.56704338903992,124.24009251378381,126.50899505615234,649445800,0.0,0.0,NVDA,1d
2024-06-24 00:00:00-04:00,123.18059459700767,124.40000776140424,117.98310411428992,118.05307006835938,476060900,0.0,0.0,NVDA,1d
2024-06-25 00:00:00-04:00,121.14160018633311,126.43904958277636,119.26250875597422,126.02924346923828,414192600,0.0,0.0,NVDA,1d
2024-06-26 00:00:00-04:00,126.06921428451571,128.0582531537486,122.54091663746888,126.3390884399414,362975900,0.0,0.0,NVDA,1d
2024-06-27 00:00:00-04:00,124.04018440835473,126.34907621355548,122.86075284303976,123.93023681640625,252571700,0.0,0.0,NVDA,1d
2024-06-28 00:00:00-04:00,124.5199608102888,127.6484495693471,122.69084094404647,123.48046112060547,315516700,0.0,0.0,NVDA,1d
2024-07-01 00:00:00-04:00,123.41050281013469,124.7798377464592,118.77273936918628,124.24010467529297,284885500,0.0,0.0,NVDA,1d
2024-07-02 00:00:00-04:00,121.07162680437523,123.35053451744282,120.97167651778796,122.61088562011719,218374000,0.0,0.0,NVDA,1d
2024-07-03 00:00:00-04:00,121.60136576540062,128.21817016601562,121.30150730962696,128.21817016601562,215749000,0.0,0.0,NVDA,1d
2024-07-05 00:00:00-04:00,127.31861187118912,128.78791231292527,125.61943416430904,125.76936340332031,214176700,0.0,0.0,NVDA,1d
2024-07-08 00:00:00-04:00,127.42855719345991,130.70698288369695,126.97877711018438,128.13821411132812,237677300,0.0,0.0,NVDA,1d
2024-07-09 00:00:00-04:00,130.28719371816868,133.7555228326683,128.58800070420872,131.3166961669922,285366600,0.0,0.0,NVDA,1d
2024-07-10 00:00:00-04:00,133.965420342518,135.03491211498738,132.35619546389498,134.84500122070312,248978600,0.0,0.0,NVDA,1d
2024-07-11 00:00:00-04:00,135.6845824191085,136.0843835595481,126.98877797734232,127.33860778808594,374782700,0.0,0.0,NVDA,1d
2024-07-12 00:00:00-04:00,128.19818043978003,131.85642018701742,127.15868837162228,129.17771911621094,252680500,0.0,0.0,NVDA,1d
2024-07-15 00:00:00-04:00,130.49707086610906,131.3266726567918,127.11870268784229,128.3780975341797,208326200,0.0,0.0,NVDA,1d
2024-07-16 00:00:00-04:00,128.37810993499286,128.97781165688778,124.51996937686796,126.29911041259766,214769500,0.0,0.0,NVDA,1d
2024-07-17 00:00:00-04:00,121.29151734126509,121.7912763806817,116.66375138152577,117.93313598632812,390086200,0.0,0.0,NVDA,1d
2024-07-18 00:00:00-04:00,121.79127496540796,122.34101295266511,116.50382347473696,121.0316390991211,320979500,0.0,0.0,NVDA,1d
2024-07-19 00:00:00-04:00,120.29199311286656,121.54139064753637,117.31343366061544,117.87316131591797,217223800,0.0,0.0,NVDA,1d
2024-07-22 00:00:00-04:00,120.29199609290939,124.01020446831424,119.80223438238662,123.48046112060547,258068900,0.0,0.0,NVDA,1d
2024-07-23 00:00:00-04:00,122.72081753548798,124.62990055585173,122.04114499757274,122.5309066772461,173911000,0.0,0.0,NVDA,1d
2024-07-24 00:00:00-04:00,119.11255773987328,119.89218055655165,113.38532389383315,114.19493103027344,327776900,0.0,0.0,NVDA,1d
2024-07-25 00:00:00-04:00,112.98553468596138,116.57380125064698,106.2487843652558,112.22589874267578,460067000,0.0,0.0,NVDA,1d
2024-07-26 00:00:00-04:00,116.13401264402222,116.14400233469152,111.52623350707361,113.0055160522461,293399100,0.0,0.0,NVDA,1d
2024-07-29 00:00:00-04:00,113.63521076393421,116.22395888086476,111.24636320886141,111.53621673583984,248152100,0.0,0.0,NVDA,1d
2024-07-30 00:00:00-04:00,111.46624662712419,111.93602131829121,102.49057904635741,103.68000793457031,486833300,0.0,0.0,NVDA,1d
2024-07-31 00:00:00-04:00,112.84559062727486,118.28296369436077,110.82655987338046,116.9636001586914,473174200,0.0,0.0,NVDA,1d
2024-08-01 00:00:00-04:00,117.47335365334001,120.10209097077005,106.75851907796755,109.15736389160156,523462300,0.0,0.0,NVDA,1d
2024-08-02 00:00:00-04:00,103.70999693537759,108.66760564065457,101.32114936142939,107.21829986572266,482027500,0.0,0.0,NVDA,1d
2024-08-05 00:00:00-04:00,92.0156323292122,103.36016867781126,90.6462974352404,100.4015884399414,552842400,0.0,0.0,NVDA,1d
2024-08-06 00:00:00-04:00,103.78996196090817,107.65809998114993,100.50155392872522,104.19976806640625,409012100,0.0,0.0,NVDA,1d
2024-08-07 00:00:00-04:00,107.75803154331864,108.74755983917498,98.64243239882663,98.8623275756836,411440400,0.0,0.0,NVDA,1d
2024-08-08 00:00:00-04:00,101.95084088326249,105.44915405082541,97.47299667346623,104.9194107055664,391910000,0.0,0.0,NVDA,1d
2024-08-09 00:00:00-04:00,105.58909444979487,106.54863093775165,103.3801603016259,104.69952392578125,290844200,0.0,0.0,NVDA,1d
2024-08-12 00:00:00-04:00,106.26876479464013,111.01647580125626,106.20879614847053,108.96746063232422,325559900,0.0,0.0,NVDA,1d
2024-08-13 00:00:00-04:00,112.38580888904526,116.1739831093698,111.52622277964618,116.08402252197266,312646700,0.0,0.0,NVDA,1d
2024-08-14 00:00:00-04:00,118.47287425328174,118.54284021234767,114.01502462748074,118.0230941772461,339246400,0.0,0.0,NVDA,1d
2024-08-15 00:00:00-04:00,118.70277375276062,123.180610648127,117.41339446628129,122.80079650878906,318086700,0.0,0.0,NVDA,1d
2024-08-16 00:00:00-04:00,121.88123896431732,124.93976189528415,121.12160307679298,124.51996612548828,302589900,0.0,0.0,NVDA,1d
2024-08-19 00:00:00-04:00,124.22011749326396,129.93736267089844,123.36053125322975,129.93736267089844,318333600,0.0,0.0,NVDA,1d
2024-08-20 00:00:00-04:00,128.3381146113763,129.81741234204915,125.82932973595075,127.18867492675781,300087400,0.0,0.0,NVDA,1d
2024-08-21 00:00:00-04:00,127.25863301570179,129.28766098618868,126.59895509298427,128.4380645751953,257883600,0.0,0.0,NVDA,1d
2024-08-22 00:00:00-04:00,129.95734653679833,130.68699047324503,123.04067554756361,123.68036651611328,376189100,0.0,0.0,NVDA,1d
2024-08-23 00:00:00-04:00,125.79934477343178,129.53754784197983,125.15965381933411,129.30764770507812,323230300,0.0,0.0,NVDA,1d
2024-08-26 00:00:00-04:00,129.50756494551362,131.19673768949764,124.31006635411407,126.39905548095703,331964700,0.0,0.0,NVDA,1d
2024-08-27 00:00:00-04:00,124.98974063480068,129.1377346219971,123.82029866993177,128.23817443847656,303134600,0.0,0.0,NVDA,1d
2024-08-28 00:00:00-04:00,128.05824614963967,128.26815164825356,122.58089157173563,125.5494613647461,448101100,0.0,0.0,NVDA,1d
2024-08-29 00:00:00-04:00,121.30151255769351,124.37003270157089,116.65375204642187,117.5333251953125,453023300,0.0,0.0,NVDA,1d
2024-08-30 00:00:00-04:00,119.47239604079388,121.69132742002542,117.16351169383461,119.3124771118164,333751600,0.0,0.0,NVDA,1d
2024-09-03 00:00:00-04:00,115.95410239434622,116.15400297350318,107.2383029304614,107.94795989990234,477155100,0.0,0.0,NVDA,1d
2024-09-04 00:00:00-04:00,105.3592035946603,113.21540862229497,104.06982436712501,106.1588134765625,372470300,0.0,0.0,NVDA,1d
2024-09-05 00:00:00-04:00,104.93940145906154,109.5971593888533,104.70951657024186,107.15833282470703,306850700,0.0,0.0,NVDA,1d
2024-09-06 00:00:00-04:00,107.98792932713482,108.09787692095124,100.90134249947533,102.78044128417969,413638100,0.0,0.0,NVDA,1d
2024-09-09 00:00:00-04:00,104.82945579489092,106.4986568208146,103.64003443897201,106.41869354248047,273912000,0.0,0.0,NVDA,1d
2024-09-10 00:00:00-04:00,107.7580285866342,109.34726610485653,104.89940661736314,108.04788970947266,268283700,0.0,0.0,NVDA,1d
2024-09-11 00:00:00-04:00,109.33728046789619,117.13352442144715,107.36822866067497,116.8536605834961,441422400,0.0,0.0,NVDA,1d
2024-09-12 00:00:00-04:00,116.79368208487448,120.7421209186122,115.33426173002456,119.0927734375,366052700,0.01,0.0,NVDA,1d
2024-09-13 00:00:00-04:00,119.03279143615939,119.91243980632909,117.55337484057826,119.05278015136719,238358300,0.0,0.0,NVDA,1d
2024-09-16 00:00:00-04:00,116.74370178435876,118.13315013570288,114.31466480568342,116.73370361328125,248772300,0.0,0.0,NVDA,1d
2024-09-17 00:00:00-04:00,118.12315326201993,118.75290839853001,114.78448096424103,115.54417419433594,231925900,0.0,0.0,NVDA,1d
2024-09-18 00:00:00-04:00,115.84405559100924,117.65333558843457,113.17511592459984,113.32505798339844,310318900,0.0,0.0,NVDA,1d
2024-09-19 00:00:00-04:00,117.30347459042382,119.6125639674696,117.2035157611041,117.82327270507812,293506400,0.0,0.0,NVDA,1d
2024-09-20 00:00:00-04:00,117.01358731596827,118.57297401582413,115.34425124357021,115.95401000976562,382462400,0.0,0.0,NVDA,1d
2024-09-23 00:00:00-04:00,116.50379891378353,116.94361929782039,114.81446644323901,116.21391296386719,206228500,0.0,0.0,NVDA,1d
2024-09-24 00:00:00-04:00,116.47380837806097,121.75172180406905,115.33426088161053,120.82209014892578,354966800,0.0,0.0,NVDA,1d
2024-09-25 00:00:00-04:00,121.97162190060216,124.89047006468225,121.5617884105282,123.4610366821289,284692900,0.0,0.0,NVDA,1d
2024-09-26 00:00:00-04:00,126.74973749484685,127.61938773200264,121.75171957511898,123.99082946777344,302582900,0.0,0.0,NVDA,1d
2024-09-27 00:00:00-04:00,123.92085618310571,123.98082995705606,119.21272426875333,121.35187530517578,271009200,0.0,0.0,NVDA,1d
2024-09-30 00:00:00-04:00,118.26309688166123,121.45183473616015,118.1031642748816,121.39186096191406,226553700,0.0,0.0,NVDA,1d
2024-10-01 00:00:00-04:00,121.72171877480598,122.39145893750027,115.74409392230913,116.95361328125,302094500,0.0,0.0,NVDA,1d
2024-10-02 00:00:00-04:00,116.39384623986545,119.33267565347262,115.09435850244638,118.80288696289062,221845900,0.0,0.0,NVDA,1d
2024-10-03 00:00:00-04:00,120.87206480654892,124.31070361178112,120.29229289145833,122.80130004882812,277118000,0.0,0.0,NVDA,1d
2024-10-04 00:00:00-04:00,124.89047211115172,124.99043094258552,121.78170440742984,124.87047576904297,243678100,0.0,0.0,NVDA,1d
2024-10-07 00:00:00-04:00,124.94045138468705,130.58821322989388,124.9004663256647,127.66937255859375,346250200,0.0,0.0,NVDA,1d
2024-10-08 00:00:00-04:00,130.20834865989482,133.42707320550807,129.36868536610157,132.83731079101562,285722500,0.0,0.0,NVDA,1d
2024-10-09 00:00:00-04:00,134.0568400839603,134.46668122269037,131.32792651292905,132.597412109375,246191600,0.0,0.0,NVDA,1d
2024-10-10 00:00:00-04:00,131.8577168886846,134.94648840712318,130.94807393580103,134.75656127929688,242311300,0.0,0.0,NVDA,1d
2024-10-11 00:00:00-04:00,133.9568713960576,135.72617401836632,133.60701929174726,134.74656677246094,170209500,0.0,0.0,NVDA,1d
2024-10-14 00:00:00-04:00,136.4159022137037,139.54466630986312,136.24597143489578,138.01527404785156,232347700,0.0,0.0,NVDA,1d
2024-10-15 00:00:00-04:00,137.8153397242487,138.5150744275185,128.68896947491228,131.54783630371094,377831000,0.0,0.0,NVDA,1d
2024-10-16 00:00:00-04:00,133.92688301499192,136.56583584893667,131.527840530584,135.66619873046875,264879700,0.0,0.0,NVDA,1d
2024-10-17 00:00:00-04:00,139.28475003463748,140.83413853249198,136.81572813387166,136.87570190429688,306435900,0.0,0.0,NVDA,1d
2024-10-18 00:00:00-04:00,138.61502982502418,138.8449343829922,137.22558142668973,137.94529724121094,176090200,0.0,0.0,NVDA,1d
2024-10-21 00:00:00-04:00,138.07524085271365,143.6530303955078,137.94528751258602,143.6530303955078,264554500,0.0,0.0,NVDA,1d
2024-10-22 00:00:00-04:00,142.85337309657714,144.36276924192205,141.72381599778205,143.53309631347656,226311600,0.0,0.0,NVDA,1d
2024-10-23 00:00:00-04:00,141.97369118156848,142.37352650102258,137.40551088320953,139.50466918945312,285930000,0.0,0.0,NVDA,1d
2024-10-24 00:00:00-04:00,140.76418072009866,141.293969386979,138.40511570705533,140.35433959960938,172354900,0.0,0.0,NVDA,1d
2024-10-25 00:00:00-04:00,140.8741279131319,144.0728716327459,140.74418981710016,141.48388671875,205122100,0.0,0.0,NVDA,1d
2024-10-28 00:00:00-04:00,142.9433224828564,143.08326638426843,139.99449475491215,140.4643096923828,173586700,0.0,0.0,NVDA,1d
2024-10-29 00:00:00-04:00,140.23437413304583,142.20359433012132,138.8449258203989,141.19400024414062,157593600,0.0,0.0,NVDA,1d
2024-10-30 00:00:00-04:00,139.48467718743143,140.27437255912164,136.75576367804047,139.28475952148438,179418100,0.0,0.0,NVDA,1d
2024-10-31 00:00:00-04:00,137.54547571977304,137.55546626582213,132.05764589588958,132.70738220214844,270039600,0.0,0.0,NVDA,1d
2024-11-01 00:00:00-04:00,134.64660922766117,137.25557537634637,134.5166711244238,135.34632873535156,207127800,0.0,0.0,NVDA,1d
2024-11-04 00:00:00-05:00,137.15560698724303,138.90491316378314,135.5162578090522,135.99606323242188,187528200,0.0,0.0,NVDA,1d
2024-11-05 00:00:00-05:00,137.39550649112996,140.31434706066804,137.27555894461494,139.8545379638672,160537400,0.0,0.0,NVDA,1d
2024-11-06 00:00:00-05:00,142.90334822985668,146.4319479858603,141.90374455387283,145.5522918701172,242043900,0.0,0.0,NVDA,1d
2024-11-07 00:00:00-05:00,146.33198051831096,148.8709671267726,146.1120664908763,148.8209991455078,207323300,0.0,0.0,NVDA,1d
2024-11-08 00:00:00-05:00,148.71100419118065,149.71060760531262,146.20198985995728,147.5714569091797,175665800,0.0,0.0,NVDA,1d
2024-11-11 00:00:00-05:00,148.62105018654825,148.7909962143961,143.51309063046196,145.20240783691406,182325600,0.0,0.0,NVDA,1d
2024-11-12 00:00:00-05:00,146.72179022487757,149.59064718789998,145.952091313065,148.23118591308594,198634700,0.0,0.0,NVDA,1d
2024-11-13 00:00:00-05:00,149.01091396688446,149.27080540839845,145.84215717514013,146.21202087402344,191903300,0.0,0.0,NVDA,1d
2024-11-14 00:00:00-05:00,147.5814687564354,148.94093020600926,145.49230097997514,146.70181274414062,194463300,0.0,0.0,NVDA,1d
2024-11-15 00:00:00-05:00,144.81255966940228,145.18242335032573,140.02446543358045,141.9237060546875,250132900,0.0,0.0,NVDA,1d
2024-11-18 00:00:00-05:00,139.44468522690033,141.49387540802257,137.09561095173166,140.09442138671875,221205300,0.0,0.0,NVDA,1d
2024-11-19 00:00:00-05:00,141.26398946372595,147.07168399645053,140.9341184421503,146.95172119140625,227834900,0.0,0.0,NVDA,1d
2024-11-20 00:00:00-05:00,147.3515703217148,147.5015047606034,142.67341754276418,145.83216857910156,309871700,0.0,0.0,NVDA,1d
2024-11-21 00:00:00-05:00,149.290807835149,152.8293979645091,140.64422730754492,146.6118621826172,400946600,0.0,0.0,NVDA,1d
2024-11-22 00:00:00-05:00,145.8721561256333,147.1016796207282,141.0440838257902,141.89373779296875,236406200,0.0,0.0,NVDA,1d
2024-11-25 00:00:00-05:00,141.933730079164,141.99370385870768,135.766177287977,135.96609497070312,344941900,0.0,0.0,NVDA,1d
2024-11-26 00:00:00-05:00,137.6453968958927,139.24476857370792,135.61620304064866,136.86570739746094,190287700,0.0,0.0,NVDA,1d
2024-11-27 00:00:00-05:00,134.95646019838466,137.1655905980091,131.74774157257602,135.2863311767578,226370900,0.0,0.0,NVDA,1d
2024-11-29 00:00:00-05:00,136.7257870913165,139.29477581313424,135.99608069190262,138.19520568847656,141863200,0.0,0.0,NVDA,1d
2024-12-02 00:00:00-05:00,138.77496038075373,140.39431322408433,137.76536630294407,138.57504272460938,171682800,0.0,0.0,NVDA,1d
2024-12-03 00:00:00-05:00,138.2051993772479,140.48429454860658,137.8953246767264,140.20440673828125,164414000,0.0,0.0,NVDA,1d
2024-12-04 00:00:00-05:00,141.94370396224937,145.73219470186731,140.23437518220274,145.08245849609375,231224300,0.0,0.0,NVDA,1d
2024-12-05 00:00:00-05:00,145.06248362625453,146.49200804389403,143.9028598130552,145.0124969482422,172621200,0.01,0.0,NVDA,1d
2024-12-06 00:00:00-05:00,144.5526526293818,145.65228325014007,141.26372149336697,142.3933563232422,188505600,0.0,0.0,NVDA,1d
2024-12-09 00:00:00-05:00,138.92447761551347,139.90415231737651,137.08508402113657,138.7645263671875,189308600,0.0,0.0,NVDA,1d
2024-12-10 00:00:00-05:00,138.96445323342698,141.77354545828368,133.74616214517607,135.0257568359375,210020900,0.0,0.0,NVDA,1d
2024-12-11 00:00:00-05:00,137.31500040642362,140.12407738797447,135.16571086465208,139.2643585205078,184905200,0.0,0.0,NVDA,1d
2024-12-12 00:00:00-05:00,137.03510407678786,138.39465924672223,135.75552453494274,137.29501342773438,159211400,0.0,0.0,NVDA,1d
2024-12-13 00:00:00-05:00,138.89449032268433,139.55427778956917,132.4965775973186,134.20602416992188,231514900,0.0,0.0,NVDA,1d
2024-12-16 00:00:00-05:00,134.13603509853905,134.35596424649526,130.37727237183418,131.95675659179688,237951100,0.0,0.0,NVDA,1d
2024-12-17 00:00:00-05:00,129.04771280436398,131.54689392732612,126.81844751374322,130.3472900390625,259410300,0.0,0.0,NVDA,1d
2024-12-18 00:00:00-05:00,133.8161583001621,136.6552244722092,128.23798405143236,128.86778259277344,277444500,0.0,0.0,NVDA,1d
2024-12-19 00:00:00-05:00,131.7168244915274,133.98608501684748,129.50755712091288,130.63717651367188,209719200,0.0,0.0,NVDA,1d
2024-12-20 00:00:00-05:00,129.76747112979962,135.2356803497186,128.1779956829599,134.65586853027344,306528600,0.0,0.0,NVDA,1d
2024-12-23 00:00:00-05:00,136.23534836132282,139.7441928628519,135.07572475974197,139.62423706054688,176053500,0.0,0.0,NVDA,1d
2024-12-24 00:00:00-05:00,139.9541431061549,141.85351466107915,138.60457919611483,140.174072265625,105157000,0.0,0.0,NVDA,1d
2024-12-26 00:00:00-05:00,139.65423488647767,140.8038673288582,137.68487898660138,139.8841552734375,116205600,0.0,0.0,NVDA,1d
2024-12-27 00:00:00-05:00,138.50462254046806,138.97446981750295,134.66588395063462,136.96511840820312,170582600,0.0,0.0,NVDA,1d
2024-12-30 00:00:00-05:00,134.78581438230358,140.22403398735426,133.97608228188028,137.4449462890625,167734700,0.0,0.0,NVDA,1d
2024-12-31 00:00:00-05:00,137.98479821279548,138.02479365615312,133.7861766339878,134.2460174560547,155659200,0.0,0.0,NVDA,1d
2025-01-02 00:00:00-05:00,135.95545329338754,138.8345148325783,134.58590691715995,138.2646942138672,198247200,0.0,0.0,NVDA,1d
2025-01-03 00:00:00-05:00,139.96413776465596,144.85253555834646,139.68423069189672,144.4226837158203,229322500,0.0,0.0,NVDA,1d
2025-01-06 00:00:00-05:00,148.5413213081193,152.11015917129038,147.77158452702758,149.38104248046875,265377400,0.0,0.0,NVDA,1d
2025-01-07 00:00:00-05:00,152.97986196669754,153.07983530547875,139.9641234037018,140.09408569335938,351782200,0.0,0.0,NVDA,1d
2025-01-08 00:00:00-05:00,142.5332942493383,143.90284057175748,137.51493447299714,140.06410217285156,227349900,0.0,0.0,NVDA,1d
2025-01-10 00:00:00-05:00,137.40498271998055,139.87417502688794,134.17604480086774,135.86549377441406,207602500,0.0,0.0,NVDA,1d
2025-01-13 00:00:00-05:00,129.94742663109315,133.4462801889749,129.4675728747113,133.1863555908203,204808900,0.0,0.0,NVDA,1d
2025-01-14 00:00:00-05:00,136.00543044799826,136.33532416409136,130.00739616366573,131.71682739257812,195590500,0.0,0.0,NVDA,1d
2025-01-15 00:00:00-05:00,133.60622538989423,136.4053114797544,131.24699764678536,136.1953887939453,185217300,0.0,0.0,NVDA,1d
2025-01-16 00:00:00-05:00,138.59459191383036,138.70455649670012,133.44628474718112,133.52626037597656,209235600,0.0,0.0,NVDA,1d
2025-01-17 00:00:00-05:00,136.6452315490251,138.45463626831489,135.41563868932835,137.66490173339844,201188800,0.0,0.0,NVDA,1d
2025-01-21 00:00:00-05:00,139.1144233323199,141.78354697270905,137.0450940162502,140.78387451171875,197749000,0.0,0.0,NVDA,1d
2025-01-22 00:00:00-05:00,144.61262104889417,147.74158546149795,143.62293982675303,147.02183532714844,237651400,0.0,0.0,NVDA,1d
2025-01-23 00:00:00-05:00,145.0024960002277,147.18177468068177,143.67292977388993,147.17178344726562,155915500,0.0,0.0,NVDA,1d
2025-01-24 00:00:00-05:00,148.32140487495408,148.92121448023644,141.8335400716498,142.5732879638672,234657600,0.0,0.0,NVDA,1d
2025-01-27 00:00:00-05:00,124.75912547322825,128.3579371600633,116.66177248371496,118.38121032714844,818830900,0.0,0.0,NVDA,1d
2025-01-28 00:00:00-05:00,121.77009783396647,128.95774513931468,116.21192149182427,128.94775390625,579666400,0.0,0.0,NVDA,1d
2025-01-29 00:00:00-05:00,126.45856310434583,126.8484347440811,120.01067894543576,123.65947723388672,467120600,0.0,0.0,NVDA,1d
2025-01-30 00:00:00-05:00,123.05968123503551,124.9590604797062,118.06131881584726,124.60917663574219,392925500,0.0,0.0,NVDA,1d
2025-01-31 00:00:00-05:00,123.73945402173636,127.80812056780856,119.15096116009843,120.03067016601562,388161100,0.0,0.0,NVDA,1d
2025-02-03 00:00:00-05:00,114.71241004430098,118.53115837860842,112.97298217131676,116.62178802490234,371235700,0.0,0.0,NVDA,1d
2025-02-04 00:00:00-05:00,116.92168099297385,121.16028976109213,116.66176403787988,118.61112976074219,256550000,0.0,0.0,NVDA,1d
2025-02-05 00:00:00-05:00,121.72012173666313,124.95905839472358,120.72044926950534,124.78911590576172,262230800,0.0,0.0,NVDA,1d
2025-02-06 00:00:00-05:00,127.37828117148048,128.72784528628156,125.16900563533248,128.6378631591797,251483600,0.0,0.0,NVDA,1d
2025-02-07 00:00:00-05:00,129.17766285547097,130.32727996151158,124.95904429961287,129.79745483398438,228186300,0.0,0.0,NVDA,1d
2025-02-10 00:00:00-05:00,130.04738916543755,134.955784699492,129.91744211571256,133.52626037597656,216989100,0.0,0.0,NVDA,1d
2025-02-11 00:00:00-05:00,132.53657109173992,134.43594258561095,130.9770845592916,132.75650024414062,178902400,0.0,0.0,NVDA,1d
2025-02-12 00:00:00-05:00,129.97743275203294,132.19670709360815,129.03773808890557,131.09706115722656,160278600,0.0,0.0,NVDA,1d
2025-02-13 00:00:00-05:00,131.51689288233604,136.455276767875,131.12702127315083,135.24566650390625,197430000,0.0,0.0,NVDA,1d
2025-02-14 00:00:00-05:00,136.43528567888637,139.20438251414282,135.45561099221797,138.8045196533203,195479600,0.0,0.0,NVDA,1d
2025-02-18 00:00:00-05:00,141.22373753647113,143.3930250185803,137.8848198127303,139.35433959960938,219176600,0.0,0.0,NVDA,1d
2025-02-19 00:00:00-05:00,139.46429426521587,141.3136943495984,137.17505112782226,139.18438720703125,167536000,0.0,0.0,NVDA,1d
2025-02-20 00:00:00-05:00,139.98412654948388,140.61392504988532,136.74518244514988,140.06410217285156,143903600,0.0,0.0,NVDA,1d
2025-02-21 00:00:00-05:00,139.99411868487,141.41366694156105,133.98609294492073,134.38595581054688,228217600,0.0,0.0,NVDA,1d
2025-02-24 00:00:00-05:00,136.51527743543022,138.544611438826,130.03740375103862,130.23733520507812,251381100,0.0,0.0,NVDA,1d
2025-02-25 00:00:00-05:00,129.93742515974864,130.1573543264651,124.39924631174091,126.5885238647461,271428700,0.0,0.0,NVDA,1d
2025-02-26 00:00:00-05:00,129.9474287481865,133.68619399137987,128.44792005609298,131.23699951171875,322553800,0.0,0.0,NVDA,1d
2025-02-27 00:00:00-05:00,134.9557838016939,134.96577503505506,119.97069557287365,120.11064910888672,443175800,0.0,0.0,NVDA,1d
2025-02-28 00:00:00-05:00,117.98133302681437,125.04901657384264,116.3618686236696,124.87907409667969,389091100,0.0,0.0,NVDA,1d
2025-03-03 00:00:00-05:00,123.46954557652553,123.65947815441595,112.2432206852501,114.02263641357422,411381400,0.0,0.0,NVDA,1d
2025-03-04 00:00:00-05:00,110.61375634258967,119.27091565466138,110.07393231302608,115.9520034790039,398163300,0.0,0.0,NVDA,1d
2025-03-05 00:00:00-05:00,117.54148848655969,118.2412561507128,114.47249437052442,117.26158142089844,284337900,0.0,0.0,NVDA,1d
2025-03-06 00:00:00-05:00,113.49281250827367,115.31221606989396,110.18389912538346,110.53378295898438,321181900,0.0,0.0,NVDA,1d
2025-03-07 00:00:00-05:00,111.21356065439609,113.44283358559466,107.52476685365718,112.65309143066406,341755500,0.0,0.0,NVDA,1d
2025-03-10 00:00:00-04:00,109.86400325750407,111.81336147496829,105.42545516002185,106.94496154785156,366487400,0.0,0.0,NVDA,1d
2025-03-11 00:00:00-04:00,106.95494843650206,112.20322856084239,104.73567447790636,108.72437286376953,354865700,0.0,0.0,NVDA,1d
2025-03-12 00:00:00-04:00,114.09311694895557,116.73249437499013,112.85340359157789,115.71273040771484,323857500,0.01,0.0,NVDA,1d
2025-03-13 00:00:00-04:00,117.0024278677365,117.73225924433854,113.76319330991835,115.55277252197266,299033100,0.0,0.0,NVDA,1d
2025-03-14 00:00:00-04:00,118.5820578648422,121.85128414551467,118.12216714928688,121.6413345336914,277593500,0.0,0.0,NVDA,1d
2025-03-17 00:00:00-04:00,122.711081524258,122.86104771124882,118.00219206936818,119.50183868408203,255501500,0.0,0.0,NVDA,1d
2025-03-18 00:00:00-04:00,117.97220343827061,118.99195980676369,114.51301940530757,115.4028091430664,299686900,0.0,0.0,NVDA,1d
2025-03-19 00:00:00-04:00,117.24236846895431,120.4216195833343,115.65274672556286,117.4923095703125,273426200,0.0,0.0,NVDA,1d
2025-03-20 00:00:00-04:00,116.52253841801043,120.17167220516042,116.44255543913019,118.50206756591797,248829700,0.0,0.0,NVDA,1d
2025-03-21 00:00:00-04:00,116.91244866461768,117.9621966837067,115.39280254041711,117.6722640991211,266498500,0.0,0.0,NVDA,1d
2025-03-24 00:00:00-04:00,119.8517551027078,122.19120779583362,119.31188140429414,121.38140106201172,228452500,0.0,0.0,NVDA,1d
2025-03-25 00:00:00-04:00,120.5216012824151,121.26142480153007,118.89198043130345,120.66156768798828,167447200,0.0,0.0,NVDA,1d
2025-03-26 00:00:00-04:00,118.70203035263671,118.81199741904777,112.68344440410922,113.73320007324219,293463300,0.0,0.0,NVDA,1d
2025-03-27 00:00:00-04:00,111.32377219977147,114.42304053099558,110.6339399022949,111.40375518798828,236902100,0.0,0.0,NVDA,1d
2025-03-28 00:00:00-04:00,111.46373602695421,112.84341584506377,109.04430789656145,109.6441650390625,229872500,0.0,0.0,NVDA,1d
2025-03-31 00:00:00-04:00,105.10522740758995,110.9338556226425,103.6255803841977,108.35446166992188,299212700,0.0,0.0,NVDA,1d
2025-04-01 00:00:00-04:00,108.49443304563391,110.17403760023085,106.4449205320371,110.12405395507812,222614000,0.0,0.0,NVDA,1d
2025-04-02 00:00:00-04:00,107.26472214391917,111.95361956622256,106.76483994973236,110.39398193359375,220601200,0.0,0.0,NVDA,1d
2025-04-03 00:00:00-04:00,103.48562015563714,105.60511590388697,101.57606639857329,101.7760238647461,338769400,0.0,0.0,NVDA,1d
2025-04-04 00:00:00-04:00,98.88670323249266,100.10640942744341,92.08830207120735,94.28778076171875,532273800,0.0,0.0,NVDA,1d
2025-04-07 00:00:00-04:00,87.43939472630683,101.72602911656392,86.59959627985899,97.61699676513672,611041300,0.0,0.0,NVDA,1d
2025-04-08 00:00:00-04:00,103.78553826456235,105.82505852328022,94.43774279946976,96.27731323242188,476243400,0.0,0.0,NVDA,1d
2025-04-09 00:00:00-04:00,98.86670469924479,115.07288532975399,97.50702445286697,114.30307006835938,612918300,0.0,0.0,NVDA,1d
2025-04-10 00:00:00-04:00,109.34423379452805,110.83388059600858,99.12664053501021,107.5446548461914,437812400,0.0,0.0,NVDA,1d
2025-04-11 00:00:00-04:00,108.47443427245335,111.52371865557488,107.45467796999777,110.90386199951172,313417300,0.0,0.0,NVDA,1d
2025-04-14 00:00:00-04:00,114.08311462021162,114.2630725146749,109.04430120283689,110.68391418457031,264705000,0.0,0.0,NVDA,1d
2025-04-15 00:00:00-04:00,110.94385517244878,113.5932323217664,110.47396469045397,112.1735610961914,228966900,0.0,0.0,NVDA,1d
2025-04-16 00:00:00-04:00,104.52537649088836,106.76484672728219,100.4263361362673,104.46538543701172,397016900,0.0,0.0,NVDA,1d
2025-04-17 00:00:00-04:00,104.4253812132841,104.44538077133734,100.02642426353728,101.46607971191406,292517500,0.0,0.0,NVDA,1d
2025-04-21 00:00:00-04:00,98.74673137333838,99.41657935183265,95.01761424618036,96.88717651367188,288501100,0.0,0.0,NVDA,1d
2025-04-22 00:00:00-04:00,98.75672452641882,99.78648062043173,97.2570779520085,98.86669921875,241004800,0.0,0.0,NVDA,1d
2025-04-23 00:00:00-04:00,104.4953697335839,104.77531016741209,101.99595878138034,102.68579864501953,247526000,0.0,0.0,NVDA,1d
2025-04-24 00:00:00-04:00,103.45562063709751,106.51489717654988,103.08570507328525,106.40492248535156,220815000,0.0,0.0,NVDA,1d
2025-04-25 00:00:00-04:00,106.82483233532861,111.8936379045766,105.70510100806126,110.98385620117188,251064700,0.0,0.0,NVDA,1d
2025-04-28 00:00:00-04:00,109.66416443154382,110.34400455936343,105.9950231207954,108.70439147949219,207708500,0.0,0.0,NVDA,1d
2025-04-29 00:00:00-04:00,107.64462809509338,110.1740307356611,107.41468656100368,108.99430847167969,170444300,0.0,0.0,NVDA,1d
2025-04-30 00:00:00-04:00,104.44538450923935,108.89433288574219,104.05547701680861,108.89433288574219,235044600,0.0,0.0,NVDA,1d
2025-05-01 00:00:00-04:00,113.05335693358144,114.91291927434723,111.27377757314032,111.58370208740234,236121500,0.0,0.0,NVDA,1d
2025-05-02 00:00:00-04:00,114.15310576985596,115.37281962529518,113.34329900218786,114.47303009033203,190194800,0.0,0.0,NVDA,1d
2025-05-05 00:00:00-04:00,112.88340074602954,114.64298057759626,112.63345964895049,113.79318237304688,133163200,0.0,0.0,NVDA,1d
2025-05-06 00:00:00-04:00,111.4537475013017,114.7129742117387,110.7938992837595,113.51325988769531,158525600,0.0,0.0,NVDA,1d
2025-05-07 00:00:00-04:00,113.02337494499027,117.65228163619798,112.25355204144066,117.03242492675781,206758800,0.0,0.0,NVDA,1d
2025-05-08 00:00:00-04:00,118.22214377270919,118.65204278244111,115.82270761670769,117.34235382080078,198428100,0.0,0.0,NVDA,1d
2025-05-09 00:00:00-04:00,117.32235248570746,118.20215005190205,115.18285724943865,116.62252044677734,132972200,0.0,0.0,NVDA,1d
2025-05-12 00:00:00-04:00,121.94126742822685,122.97102355957031,120.25166311897564,122.97102355957031,225023300,0.0,0.0,NVDA,1d
2025-05-13 00:00:00-04:00,124.95056035306071,131.18908818741485,124.44067836400953,129.89938354492188,330430100,0.0,0.0,NVDA,1d
2025-05-14 00:00:00-04:00,133.16861033831793,135.40808800730593,131.6489642323906,135.30810546875,281180800,0.0,0.0,NVDA,1d
2025-05-15 00:00:00-04:00,134.258351724734,136.2678878895653,132.6287461607251,134.79823303222656,226632600,0.0,0.0,NVDA,1d
2025-05-16 00:00:00-04:00,136.18791721457987,136.31789147723805,133.42857277146337,135.36810302734375,226542500,0.0,0.0,NVDA,1d
2025-05-19 00:00:00-04:00,132.35879696756518,135.83797251007488,132.35879696756518,135.53805541992188,193154600,0.0,0.0,NVDA,1d
2025-05-20 00:00:00-04:00,134.2583677555072,134.5483080029045,132.58876287408052,134.34835815429688,161514200,0.0,0.0,NVDA,1d
2025-05-21 00:00:00-04:00,133.02864907239967,137.36762292180558,130.55922977564506,131.76895141601562,270608700,0.0,0.0,NVDA,1d
2025-05-22 00:00:00-04:00,132.19884131725317,134.21836966107523,131.51900885300861,132.7987060546875,187344000,0.0,0.0,NVDA,1d
2025-05-23 00:00:00-04:00,129.96937433382988,132.64873565144939,129.12957588399638,131.25906372070312,198821300,0.0,0.0,NVDA,1d
2025-05-27 00:00:00-04:00,134.1183754403962,135.6280293045703,133.27857708527512,135.4680633544922,192953600,0.0,0.0,NVDA,1d
2025-05-28 00:00:00-04:00,135.9979578766118,137.2176717346689,134.75824445795843,134.7782440185547,304021100,0.0,0.0,NVDA,1d
2025-05-29 00:00:00-04:00,142.21648797143945,143.45620133736625,137.87751407348716,139.15721130371094,369241900,0.0,0.0,NVDA,1d
2025-05-30 00:00:00-04:00,138.6873257641086,139.58710766728817,132.88868890141003,135.09817504882812,333170900,0.0,0.0,NVDA,1d
2025-06-02 00:00:00-04:00,135.45808684638126,138.08745689917103,135.36809645457458,137.34764099121094,197663100,0.0,0.0,NVDA,1d
2025-06-03 00:00:00-04:00,138.74729436292043,141.9665367692297,137.91748812723765,141.1867218017578,225578800,0.0,0.0,NVDA,1d
2025-06-04 00:00:00-04:00,142.15650682982962,142.3564566649135,139.5071219355859,141.88656616210938,167120800,0.0,0.0,NVDA,1d
2025-06-05 00:00:00-04:00,142.13651043477643,143.96608121416313,138.79730082341692,139.95703125,231397900,0.0,0.0,NVDA,1d
2025-06-06 00:00:00-04:00,142.47640682683559,143.23623746842864,141.47664251332282,141.6865997314453,153986200,0.0,0.0,NVDA,1d
2025-06-09 00:00:00-04:00,143.15627066728982,144.96584183837217,141.9065651342004,142.59640502929688,185114500,0.0,0.0,NVDA,1d
2025-06-10 00:00:00-04:00,142.65638139553192,144.25599524562207,141.4966510569608,143.92608642578125,155881900,0.0,0.0,NVDA,1d
2025-06-11 00:00:00-04:00,144.5859620448177,144.96590375929992,141.84641202362192,142.80625915527344,167694000,0.01,0.0,NVDA,1d
2025-06-12 00:00:00-04:00,141.94641106631286,144.9759063720703,141.82643588786814,144.9759063720703,162365000,0.0,0.0,NVDA,1d
2025-06-13 00:00:00-04:00,142.4563055840922,143.556128789635,140.8265869783813,141.94639587402344,180820600,0.0,0.0,NVDA,1d
2025-06-16 00:00:00-04:00,143.32618096280035,146.1556971839991,143.1761967394354,144.66595458984375,183133700,0.0,0.0,NVDA,1d
2025-06-17 00:00:00-04:00,144.46598768948277,145.1958620737219,143.75609899624828,144.09603881835938,139108000,0.0,0.0,NVDA,1d
2025-06-18 00:00:00-04:00,143.9860537050978,145.62578045463974,143.0962022725339,145.455810546875,161494100,0.0,0.0,NVDA,1d
2025-06-20 00:00:00-04:00,145.42582047781178,146.17569581398777,142.6262828381709,143.8260955810547,242956200,0.0,0.0,NVDA,1d
2025-06-23 00:00:00-04:00,142.47632119978937,144.7559411184857,142.00639807778802,144.1460418701172,154308900,0.0,0.0,NVDA,1d
2025-06-24 00:00:00-04:00,145.53580457152245,147.9354148301798,145.4758169849003,147.8754119873047,187566100,0.0,0.0,NVDA,1d
2025-06-25 00:00:00-04:00,149.24520677628502,154.4243389252029,149.23519867353343,154.28436279296875,269146500,0.0,0.0,NVDA,1d
2025-06-26 00:00:00-04:00,155.95406403411533,156.69394650127538,153.97439748110884,154.99423217773438,198145700,0.0,0.0,NVDA,1d
2025-06-27 00:00:00-04:00,156.01406285223712,158.68363258213975,155.23419369167684,157.72378540039062,263234500,0.0,0.0,NVDA,1d
2025-06-30 00:00:00-04:00,158.37368067249696,158.6336472456001,155.93409881773164,157.96376037597656,194580300,0.0,0.0,NVDA,1d
2025-07-01 00:00:00-04:00,156.26402965591922,157.17388214393176,151.46483925954294,153.2745361328125,213143600,0.0,0.0,NVDA,1d
2025-07-02 00:00:00-04:00,152.9545671877056,157.57380961936815,152.94457434216997,157.22386169433594,171224100,0.0,0.0,NVDA,1d
2025-07-03 00:00:00-04:00,158.34368228178877,160.95324924613055,157.74379112425564,159.3135223388672,143716100,0.0,0.0,NVDA,1d
2025-07-07 00:00:00-04:00,158.17371270193448,159.28352889047815,157.31385497697042,158.21371459960938,140139000,0.0,0.0,NVDA,1d
2025-07-08 00:00:00-04:00,159.3035323273478,160.19338386133896,158.36368604860908,159.97341918945312,138133000,0.0,0.0,NVDA,1d
2025-07-09 00:00:00-04:00,161.1932080055649,164.39267314506114,161.13322041798892,162.85293579101562,183656400,0.0,0.0,NVDA,1d
2025-07-10 00:00:00-04:00,164.29270331195812,164.4726660794993,161.5831469026993,164.07273864746094,167704100,0.0,0.0,NVDA,1d
2025-07-11 00:00:00-04:00,163.6927958392512,167.862101078866,163.44283738179527,164.89259338378906,193633300,0.0,0.0,NVDA,1d
2025-07-14 00:00:00-04:00,165.3425116109199,165.4625020418882,161.99307751467913,164.04273986816406,136975800,0.0,0.0,NVDA,1d
2025-07-15 00:00:00-04:00,171.1615549258278,172.37134531045626,169.17188012202328,170.671630859375,230627400,0.0,0.0,NVDA,1d
2025-07-16 00:00:00-04:00,171.03157616389174,171.72146396229547,168.87193138356372,171.34152221679688,158831500,0.0,0.0,NVDA,1d
2025-07-17 00:00:00-04:00,171.99141956059896,174.13106334471073,170.80161486292053,172.97125244140625,160841100,0.0,0.0,NVDA,1d
2025-07-18 00:00:00-04:00,173.61115431570738,174.22105359276725,171.23154479926822,172.38136291503906,146456400,0.0,0.0,NVDA,1d
2025-07-21 00:00:00-04:00,172.72129949000853,173.35119970444802,170.97159023323564,171.35153198242188,123126100,0.0,0.0,NVDA,1d
2025-07-22 00:00:00-04:00,171.31154005146294,171.36153479867312,164.55266825003173,167.00225830078125,193114300,0.0,0.0,NVDA,1d
2025-07-23 00:00:00-04:00,169.5018251648929,171.23153339032083,167.94208685699226,170.75161743164062,154082200,0.0,0.0,NVDA,1d
2025-07-24 00:00:00-04:00,172.41134882841166,173.80111724784433,171.27153886755505,173.7111358642578,128984600,0.0,0.0,NVDA,1d
2025-07-25 00:00:00-04:00,173.58115848322245,174.69097468726906,172.9312725713388,173.47117614746094,122316800,0.0,0.0,NVDA,1d
2025-07-28 00:00:00-04:00,173.99108478739527,176.97058528484683,173.94109004538618,176.7206268310547,140023500,0.0,0.0,NVDA,1d
2025-07-29 00:00:00-04:00,177.93045559033015,179.350217961682,174.99094135061006,175.48085021972656,154077500,0.0,0.0,NVDA,1d
2025-07-30 00:00:00-04:00,176.48066791766442,179.86011122312902,176.01074478620916,179.24021911621094,174312200,0.0,0.0,NVDA,1d
2025-07-31 00:00:00-04:00,182.86960179799485,183.26954448460754,175.9007587673991,177.84043884277344,221685400,0.0,0.0,NVDA,1d
2025-08-01 00:00:00-04:00,174.06106522140865,176.51065501732398,170.86160006411595,173.69113159179688,204529000,0.0,0.0,NVDA,1d
2025-08-04 00:00:00-04:00,175.1309006070304,180.17005649193501,174.49100755408614,179.9700927734375,148174600,0.0,0.0,NVDA,1d
2025-08-05 00:00:00-04:00,179.59015184800575,180.23004490386853,175.87076869322405,178.23037719726562,156407600,0.0,0.0,NVDA,1d
2025-08-06 00:00:00-04:00,176.30069964693718,179.87009845787975,176.22071111043454,179.3901824951172,137192300,0.0,0.0,NVDA,1d
2025-08-07 00:00:00-04:00,181.53982980547644,183.84944343505214,178.77028591662776,180.73995971679688,151878400,0.0,0.0,NVDA,1d
2025-08-08 00:00:00-04:00,181.51982919208731,183.26953833968557,180.3700111699138,182.6696319580078,123396700,0.0,0.0,NVDA,1d
2025-08-11 00:00:00-04:00,182.01974653412333,183.80944232526838,180.2200426409657,182.0297393798828,138323200,0.0,0.0,NVDA,1d
2025-08-12 00:00:00-04:00,182.9295986692803,184.44933506001817,179.4301803710301,183.1295623779297,145485700,0.0,0.0,NVDA,1d
2025-08-13 00:00:00-04:00,182.5896420373941,183.93942375779682,179.3201965252013,181.559814453125,179871700,0.0,0.0,NVDA,1d
2025-08-14 00:00:00-04:00,179.72011917648817,182.98957985829236,179.43017409752198,181.98974609375,129554000,0.0,0.0,NVDA,1d
2025-08-15 00:00:00-04:00,181.84978375259033,181.86976944489334,178.01041021115256,180.42001342773438,156602200,0.0,0.0,NVDA,1d
2025-08-18 00:00:00-04:00,180.56998232776263,182.90958965389834,180.55997422620712,181.979736328125,132008000,0.0,0.0,NVDA,1d
2025-08-19 00:00:00-04:00,182.39967416584764,182.46966985536903,175.46084035755914,175.61080932617188,185229200,0.0,0.0,NVDA,1d
2025-08-20 00:00:00-04:00,175.1408920976954,175.9707560164781,168.77195541250927,175.370849609375,215142700,0.0,0.0,NVDA,1d
2025-08-21 00:00:00-04:00,174.8209444570093,176.87059152353538,173.78110877087863,174.95091247558594,140040900,0.0,0.0,NVDA,1d
2025-08-22 00:00:00-04:00,172.58132291943235,178.56032512128596,171.17155351749952,177.96043395996094,172789400,0.0,0.0,NVDA,1d
2025-08-25 00:00:00-04:00,178.3203719824875,181.87977802218637,176.54066896263805,179.78012084960938,163012800,0.0,0.0,NVDA,1d
2025-08-26 00:00:00-04:00,180.03006938032237,182.35968393651802,178.7802771456414,181.7397918701172,168688200,0.0,0.0,NVDA,1d
2025-08-27 00:00:00-04:00,181.94975068857377,182.45967569067753,179.07023971825097,181.56982421875,235518900,0.0,0.0,NVDA,1d
2025-08-28 00:00:00-04:00,180.7899615720414,184.43934897141472,176.3806906932069,180.1400604248047,281787800,0.0,0.0,NVDA,1d
2025-08-29 00:00:00-04:00,178.08040158317536,178.12038822306508,173.12121914292007,174.1510467529297,243257900,0.0,0.0,NVDA,1d
2025-09-02 00:00:00-04:00,169.9717482776903,172.351357635579,167.19221149694363,170.75161743164062,231164900,0.0,0.0,NVDA,1d
2025-09-03 00:00:00-04:00,171.03158891427162,172.38137081666613,168.851958278929,170.59165954589844,164424900,0.0,0.0,NVDA,1d
2025-09-04 00:00:00-04:00,170.54166973363456,171.83144870716828,169.381858788342,171.63148498535156,141670100,0.0,0.0,NVDA,1d
2025-09-05 00:00:00-04:00,168.00209055003162,169.0019244592772,164.04275681292185,166.9922637939453,224441400,0.0,0.0,NVDA,1d
2025-09-08 00:00:00-04:00,167.5221599855096,170.93159698121408,167.32219627229085,168.2820281982422,163769100,0.0,0.0,NVDA,1d
2025-09-09 00:00:00-04:00,169.0618925540675,170.95157781434446,166.71229229208453,170.7316131591797,157548400,0.0,0.0,NVDA,1d
2025-09-10 00:00:00-04:00,176.61064931709572,179.26020289704138,175.44084555219968,177.300537109375,226852000,0.0,0.0,NVDA,1d
2025-09-11 00:00:00-04:00,179.66027757334626,180.26021784214308,176.4606317396978,177.1505584716797,151159300,0.01,0.0,NVDA,1d
2025-09-12 00:00:00-04:00,177.75047851465564,178.5803891806412,176.43061617633268,177.80047607421875,124911000,0.0,0.0,NVDA,1d
2025-09-15 00:00:00-04:00,175.65071055071581,178.830369337568,174.49083425075145,177.73048400878906,147061600,0.0,0.0,NVDA,1d
2025-09-16 00:00:00-04:00,176.98057174387853,177.4805168617991,174.36086420825131,174.86080932617188,140737800,0.0,0.0,NVDA,1d
2025-09-17 00:00:00-04:00,172.62104942275718,173.18098551277336,168.39151800406466,170.27130126953125,211843800,0.0,0.0,NVDA,1d
2025-09-18 00:00:00-04:00,173.96089569350613,177.08056354559588,172.94101865721873,176.2206573486328,191763300,0.0,0.0,NVDA,1d
2025-09-19 00:00:00-04:00,175.7506939671915,178.06043774665943,175.16074718989944,176.6505889892578,237182100,0.0,0.0,NVDA,1d
2025-09-22 00:00:00-04:00,175.28075846993005,184.52974299714734,174.69082690233378,183.58984375,269637000,0.0,0.0,NVDA,1d
2025-09-23 00:00:00-04:00,181.95002022927713,182.3999677661597,176.19065819152993,178.410400390625,192559600,0.0,0.0,NVDA,1d
2025-09-24 00:00:00-04:00,179.75025700209653,179.76025041106172,175.38072666046574,176.9505615234375,143564100,0.0,0.0,NVDA,1d
2025-09-25 00:00:00-04:00,174.4608472798892,180.2402117285651,173.11100459099512,177.67050170898438,191586700,0.0,0.0,NVDA,1d
2025-09-26 00:00:00-04:00,178.15043859744398,179.750269051669,174.91078879333958,178.17044067382812,148573700,0.0,0.0,NVDA,1d
2025-09-29 00:00:00-04:00,180.41019002973698,183.97980553666213,180.30021674934378,181.83004760742188,193063500,0.0,0.0,NVDA,1d
2025-09-30 00:00:00-04:00,182.06000352373024,187.32942897828707,181.4600633204032,186.55950927734375,236981000,0.0,0.0,NVDA,1d
2025-10-01 00:00:00-04:00,185.21967144700423,188.11934700723293,183.87980694521147,187.21945190429688,173844900,0.0,0.0,NVDA,1d
2025-10-02 00:00:00-04:00,189.57919146332628,191.0290292282152,188.03935198339767,188.8692626953125,136805800,0.0,0.0,NVDA,1d
2025-10-03 00:00:00-04:00,189.1692307003317,190.33910041164867,185.35965145286306,187.59939575195312,137596900,0.0,0.0,NVDA,1d
2025-10-06 00:00:00-04:00,185.4796339074747,187.20943969833962,183.3098739831843,185.51962280273438,157678100,0.0,0.0,NVDA,1d
2025-10-07 00:00:00-04:00,186.20955566811082,189.03924688644503,183.97980469837793,185.01968383789062,140088000,0.0,0.0,NVDA,1d
2025-10-08 00:00:00-04:00,186.5495190429729,189.57918508139647,186.51950830089396,189.0892333984375,130168900,0.0,0.0,NVDA,1d
2025-10-09 00:00:00-04:00,192.20888438710807,195.27855455286462,191.039014711271,192.54885864257812,182997200,0.0,0.0,NVDA,1d
2025-10-10 00:00:00-04:00,193.4887469873255,195.59851591827854,182.03001384654092,183.139892578125,268774400,0.0,0.0,NVDA,1d
2025-10-13 00:00:00-04:00,187.9493639887039,190.08912842775598,185.93959015922437,188.29933166503906,153482800,0.0,0.0,NVDA,1d
2025-10-14 00:00:00-04:00,184.74970821605342,184.77970370013514,179.6802578066599,180.01022338867188,205641400,0.0,0.0,NVDA,1d
2025-10-15 00:00:00-04:00,184.77971248532194,184.84969686580231,177.2705272995106,179.8102569580078,214450500,0.0,0.0,NVDA,1d
2025-10-16 00:00:00-04:00,182.20999112544493,183.2598789113643,179.75026972003684,181.7900390625,179723300,0.0,0.0,NVDA,1d
2025-10-17 00:00:00-04:00,180.1602152773484,184.07979842608083,179.7302697995737,183.19989013671875,173135200,0.0,0.0,NVDA,1d
2025-10-20 00:00:00-04:00,183.10990104163824,185.1796658652692,181.7100455780644,182.6199493408203,128544700,0.0,0.0,NVDA,1d
2025-10-21 00:00:00-04:00,182.76991679751694,182.76991679751694,179.7802549646251,181.14010620117188,124240200,0.0,0.0,NVDA,1d
2025-10-22 00:00:00-04:00,181.12011433169937,183.4198648953589,176.74059027394597,180.2602081298828,162249600,0.0,0.0,NVDA,1d
2025-10-23 00:00:00-04:00,180.4001849787377,183.0098989665471,179.7702492811968,182.13999938964844,111363700,0.0,0.0,NVDA,1d
2025-10-24 00:00:00-04:00,183.81980015643103,187.44940625639555,183.47984116964938,186.23953247070312,131296700,0.0,0.0,NVDA,1d
2025-10-27 00:00:00-04:00,189.9691435897376,191.97891738858848,188.4093020699799,191.46897888183594,153452700,0.0,0.0,NVDA,1d
2025-10-28 00:00:00-04:00,193.0288146936141,203.12769700573313,191.8889404255143,201.0079345703125,297986200,0.0,0.0,NVDA,1d
2025-10-29 00:00:00-04:00,207.95717223581016,212.1667169482571,204.7575264516481,207.01727294921875,308829600,0.0,0.0,NVDA,1d
2025-10-30 00:00:00-04:00,205.12746791137428,206.13736677538768,201.38788833732997,202.8677215576172,178864400,0.0,0.0,NVDA,1d
2025-10-31 00:00:00-04:00,206.42733011185774,207.94716749796044,202.04782138155986,202.4677734375,179802200,0.0,0.0,NVDA,1d
2025-11-03 00:00:00-05:00,208.05714970598171,211.31678618801203,205.53742218982754,206.85728454589844,180267300,0.0,0.0,NVDA,1d
2025-11-04 00:00:00-05:00,202.9777066091775,203.9476013046771,197.90825607143535,198.66818237304688,188919300,0.0,0.0,NVDA,1d
2025-11-05 00:00:00-05:00,198.7481902403631,202.89772869539195,194.6286320152979,195.18858337402344,171350300,0.0,0.0,NVDA,1d
2025-11-06 00:00:00-05:00,196.39843756369172,197.59830279082226,186.35954634625867,188.05935668945312,223029800,0.0,0.0,NVDA,1d
2025-11-07 00:00:00-05:00,184.87970536775757,188.29934352754728,178.8903723972709,188.1293487548828,264942300,0.0,0.0,NVDA,1d
2025-11-10 00:00:00-05:00,195.08858253564551,199.91805415635875,193.76872011438098,199.0281524658203,198897100,0.0,0.0,NVDA,1d
2025-11-11 00:00:00-05:00,195.13857433756354,195.3985402959953,191.2789975702345,193.1387939453125,176483300,0.0,0.0,NVDA,1d
2025-11-12 00:00:00-05:00,195.69851973704638,195.86849924763862,191.1090271797132,193.7787322998047,154935300,0.0,0.0,NVDA,1d
2025-11-13 00:00:00-05:00,191.02901978717685,191.4189763426968,183.82981362374773,186.8394775390625,207423100,0.0,0.0,NVDA,1d
2025-11-14 00:00:00-05:00,182.8399289693184,190.98902828114038,180.56018045425046,190.1491241455078,186591900,0.0,0.0,NVDA,1d
2025-11-17 00:00:00-05:00,185.9495778546046,188.9792438771453,184.29976516169708,186.5795135498047,173628900,0.0,0.0,NVDA,1d
2025-11-18 00:00:00-05:00,183.3598703733926,184.7797126313021,179.6302689297591,181.340087890625,213598900,0.0,0.0,NVDA,1d
2025-11-19 00:00:00-05:00,184.76969080502667,187.8393608341106,182.80991469001526,186.49951171875,247246400,0.0,0.0,NVDA,1d
2025-11-20 00:00:00-05:00,195.92847930218133,195.97847686300787,179.83025642841662,180.6201629638672,343504800,0.0,0.0,NVDA,1d
2025-11-21 00:00:00-05:00,181.22010834266524,184.5397359279593,172.91100782704066,178.86036682128906,346926200,0.0,0.0,NVDA,1d
2025-11-24 00:00:00-05:00,179.47030653663683,183.4798609481747,176.4606271183833,182.52996826171875,256618300,0.0,0.0,NVDA,1d
2025-11-25 00:00:00-05:00,174.89079203873564,178.14043506786686,169.53138015579162,177.80047607421875,320600300,0.0,0.0,NVDA,1d
2025-11-26 00:00:00-05:00,181.6100638206842,182.8899220695924,178.22043661727494,180.24020385742188,183852000,0.0,0.0,NVDA,1d
2025-11-28 00:00:00-05:00,178.99033405428943,179.2703020816569,176.48061521713345,176.98056030273438,121332800,0.0,0.0,NVDA,1d
2025-12-01 00:00:00-05:00,174.7408159055669,180.2802164760195,173.66093259662904,179.90025329589844,188131000,0.0,0.0,NVDA,1d
2025-12-02 00:00:00-05:00,181.7400335835938,185.63961443898967,179.98023235974816,181.44007873535156,182632200,0.0,0.0,NVDA,1d
2025-12-03 00:00:00-05:00,181.06012391136443,182.4299686383783,179.09033894604931,179.57028198242188,165138000,0.0,0.0,NVDA,1d
2025-12-04 00:00:00-05:00,181.61017209543593,184.51002440204854,179.95027347354184,183.37008666992188,167364900,0.01,0.0,NVDA,1d
2025-12-05 00:00:00-05:00,183.88004685245298,184.6500094505641,180.9002124089338,182.40013122558594,143971100,0.0,0.0,NVDA,1d
2025-12-08 00:00:00-05:00,182.6301165694494,187.98982714518382,182.39012406320575,185.5399627685547,204378100,0.0,0.0,NVDA,1d
2025-12-09 00:00:00-05:00,185.54995586495326,185.70995086836587,183.31008684903045,184.95999145507812,144719700,0.0,0.0,NVDA,1d
2025-12-10 00:00:00-05:00,184.9599880707457,185.46995496958337,182.03013874897007,183.77005004882812,162785400,0.0,0.0,NVDA,1d
2025-12-11 00:00:00-05:00,180.27023782951787,181.31019006496976,176.61043233199788,180.92019653320312,182136600,0.0,0.0,NVDA,1d
2025-12-12 00:00:00-05:00,181.10019518559332,182.81010931847595,174.61054106596097,175.01052856445312,204274900,0.0,0.0,NVDA,1d
2025-12-15 00:00:00-05:00,177.93037643785232,178.4103461991077,175.02053019793698,176.28045654296875,164775600,0.0,0.0,NVDA,1d
2025-12-16 00:00:00-05:00,176.25046044282257,178.48035080582065,174.8905333961456,177.71038818359375,148588100,0.0,0.0,NVDA,1d
2025-12-17 00:00:00-05:00,176.0904801521757,176.12047730871902,170.30078481189744,170.93075561523438,222775500,0.0,0.0,NVDA,1d
2025-12-18 00:00:00-05:00,174.52054772862792,176.14045512074784,171.8107030234881,174.1305694580078,176096000,0.0,0.0,NVDA,1d
2025-12-19 00:00:00-05:00,176.6604358481607,181.4401759084778,176.3304518785618,180.98020935058594,324925900,0.0,0.0,NVDA,1d
2025-12-22 00:00:00-05:00,183.91003698180788,184.15002947616998,182.34012994783166,183.6800537109375,129064400,0.0,0.0,NVDA,1d
2025-12-23 00:00:00-05:00,182.96010023623109,189.31975669034466,182.89009670029142,189.19976806640625,174873600,0.0,0.0,NVDA,1d
2025-12-24 00:00:00-05:00,187.92983057380172,188.899779295176,186.57989753660073,188.59979248046875,65528500,0.0,0.0,NVDA,1d
2025-12-26 00:00:00-05:00,189.9097162518428,192.67957056140054,187.98982202804387,190.51968383789062,139740300,0.0,0.0,NVDA,1d
2025-12-29 00:00:00-05:00,187.6998414610299,188.749772392931,185.8999358866866,188.20980834960938,120006100,0.0,0.0,NVDA,1d
2025-12-30 00:00:00-05:00,188.22982052336855,188.9797799436452,186.91987858592935,187.52984619140625,97687300,0.0,0.0,NVDA,1d
2025-12-31 00:00:00-05:00,189.55975523635485,190.54969193131708,186.47991997410415,186.4899139404297,120100500,0.0,0.0,NVDA,1d
2026-01-02 00:00:00-05:00,189.82971935613102,192.91954841717475,188.24980305842183,188.83978271484375,148240500,0.0,0.0,NVDA,1d
2026-01-05 00:00:00-05:00,191.74961996436147,193.61952916959007,186.13992286460274,188.1098175048828,183529700,0.0,0.0,NVDA,1d
2026-01-06 00:00:00-05:00,190.50969495089785,192.15959956375178,186.80989821500853,187.22987365722656,176862600,0.0,0.0,NVDA,1d
2026-01-07 00:00:00-05:00,188.55979791265688,191.35963411085106,186.54989697142676,189.09976196289062,153543200,0.0,0.0,NVDA,1d
2026-01-08 00:00:00-05:00,189.09977067708235,189.53974931649188,183.70006889406122,185.0299835205078,172457000,0.0,0.0,NVDA,1d
2026-01-09 00:00:00-05:00,185.06998015284367,186.32990643372668,183.66005283935564,184.84999084472656,131327500,0.0,0.0,NVDA,1d
2026-01-12 00:00:00-05:00,183.2100845491025,187.10986736077922,183.010098425574,184.92999267578125,137968500,0.0,0.0,NVDA,1d
2026-01-13 00:00:00-05:00,184.9899882929175,188.0998205983224,183.3900687774691,185.79994201660156,160128900,0.0,0.0,NVDA,1d
2026-01-14 00:00:00-05:00,184.3100252062831,184.45001701406107,180.79021156477043,183.1300811767578,159586100,0.0,0.0,NVDA,1d
2026-01-15 00:00:00-05:00,186.48991316970114,189.6897370464893,186.31992419508657,187.03988647460938,206188600,0.0,0.0,NVDA,1d
2026-01-16 00:00:00-05:00,189.06976141755646,190.4296883714215,186.06992389502736,186.21990966796875,187967200,0.0,0.0,NVDA,1d
2026-01-20 00:00:00-05:00,181.89014292514364,182.37012791600927,177.60038196777572,178.06036376953125,223345300,0.0,0.0,NVDA,1d
2026-01-21 00:00:00-05:00,179.04031586008543,185.3699752173061,178.3903418724365,183.31008911132812,200381000,0.0,0.0,NVDA,1d
2026-01-22 00:00:00-05:00,184.7399951080077,186.15991637882954,183.92003219020145,184.82998657226562,139636600,0.0,0.0,NVDA,1d
2026-01-23 00:00:00-05:00,187.48984685190618,189.58973923983262,186.80989099781206,187.6598358154297,142748100,0.0,0.0,NVDA,1d
2026-01-26 00:00:00-05:00,187.1498802806874,189.1097657209082,185.97994539629804,186.4599151611328,124799600,0.0,0.0,NVDA,1d
2026-01-27 00:00:00-05:00,187.22986667366473,189.9897117301412,185.6899415183402,188.50979614257812,143711600,0.0,0.0,NVDA,1d
2026-01-28 00:00:00-05:00,191.25965707901594,192.33960048487265,189.82972650403363,191.5096435546875,148552700,0.0,0.0,NVDA,1d
2026-01-29 00:00:00-05:00,191.32963792417547,193.46952146246272,186.04992498376654,192.49957275390625,171764400,0.0,0.0,NVDA,1d
2026-01-30 00:00:00-05:00,191.19965692455457,194.47947816452233,189.45974561417185,191.11965942382812,179489500,0.0,0.0,NVDA,1d
2026-02-02 00:00:00-05:00,187.1898706566695,190.2897090701948,184.87000408758857,185.59996032714844,165794100,0.0,0.0,NVDA,1d
2026-02-03 00:00:00-05:00,186.22992037566058,186.25991753048794,176.22045266395375,180.33023071289062,204019600,0.0,0.0,NVDA,1d
2026-02-04 00:00:00-05:00,179.45029148582987,179.57028010697434,171.90069716024271,174.18057250976562,207014100,0.0,0.0,NVDA,1d
2026-02-05 00:00:00-05:00,174.92051964769362,176.81043194569037,171.020736948564,171.87069702148438,206312900,0.0,0.0,NVDA,1d
2026-02-06 00:00:00-05:00,176.6804343618602,186.98987361565233,174.59055120100808,185.39996337890625,231346200,0.0,0.0,NVDA,1d
2026-02-09 00:00:00-05:00,184.25002288009932,193.64952333361757,183.9400420976916,190.0297088623047,196387400,0.0,0.0,NVDA,1d
2026-02-10 00:00:00-05:00,191.36964298604585,192.46957427391544,188.10980972728564,188.52978515625,136764800,0.0,0.0,NVDA,1d
2026-02-11 00:00:00-05:00,192.43958265041238,193.24953637655122,188.75978911487715,190.0397186279297,144192700,0.0,0.0,NVDA,1d
2026-02-12 00:00:00-05:00,193.01955263160718,193.5995230748733,186.49990120030046,186.9298858642578,189932500,0.0,0.0,NVDA,1d
2026-02-13 00:00:00-05:00,187.4698554447334,187.4898586352177,181.58017462912434,182.80010986328125,161888000,0.0,0.0,NVDA,1d
2026-02-17 00:00:00-05:00,181.74016448672575,187.13986615921206,179.17029624003743,184.95999145507812,162276900,0.0,0.0,NVDA,1d
2026-02-18 00:00:00-05:00,188.73978069812654,190.3596881055438,186.7498829478333,187.96981811523438,164749100,0.0,0.0,NVDA,1d
2026-02-19 00:00:00-05:00,187.04988063530703,188.41980165789556,185.64996245587088,187.88983154296875,126554500,0.0,0.0,NVDA,1d
2026-02-20 00:00:00-05:00,186.5599139825128,190.31970507557438,185.92994318264132,189.8097381591797,178422300,0.0,0.0,NVDA,1d
2026-02-23 00:00:00-05:00,191.3896412925324,193.93950641757905,189.56974766836524,191.53964233398438,171584800,0.0,0.0,NVDA,1d
2026-02-24 00:00:00-05:00,191.47964208446245,193.75951747058733,187.38985183856119,192.83956909179688,175123600,0.0,0.0,NVDA,1d
2026-02-25 00:00:00-05:00,194.43946745531196,197.61930319203404,193.77949953248776,195.54940795898438,250637100,0.0,0.0,NVDA,1d
2026-02-26 00:00:00-05:00,194.25948668244985,194.27947461393586,184.31002841741252,184.87998962402344,360807900,0.0,0.0,NVDA,1d
2026-02-27 00:00:00-05:00,181.2401979138715,182.5801217841234,176.3704661683341,177.180419921875,311636500,0.0,0.0,NVDA,1d
2026-03-02 00:00:00-05:00,175.00052620838028,183.45008125730604,174.63055110847353,182.47012329101562,209095300,0.0,0.0,NVDA,1d
2026-03-03 00:00:00-05:00,178.4803396065267,180.8901975001603,176.91041730394699,180.04025268554688,178099400,0.0,0.0,NVDA,1d
2026-03-04 00:00:00-05:00,180.4302401537762,184.69000418349444,180.0502558302461,183.03009033203125,177731200,0.0,0.0,NVDA,1d
2026-03-05 00:00:00-05:00,181.1601973472636,184.05004039552568,177.87038204113773,183.330078125,198779700,0.0,0.0,NVDA,1d
2026-03-06 00:00:00-05:00,179.83025866705609,182.7500987288974,176.81043317462274,177.8103790283203,189021900,0.0,0.0,NVDA,1d
2026-03-09 00:00:00-04:00,176.82042919903367,182.90010189125664,175.55049367782217,182.64010620117188,177213600,0.0,0.0,NVDA,1d
2026-03-10 00:00:00-04:00,182.39012758732315,186.42991760168223,182.00014929336922,184.760009765625,179118500,0.0,0.0,NVDA,1d
2026-03-11 00:00:00-04:00,185.91000366210938,187.6199951171875,184.4499969482422,186.02999877929688,145280400,0.01,0.0,NVDA,1d
2026-03-12 00:00:00-04:00,184.0500030517578,184.94000244140625,181.75,183.13999938964844,155762700,0.0,0.0,NVDA,1d
2026-03-13 00:00:00-04:00,184.9199981689453,186.08999633789062,179.94000244140625,180.25,160988400,0.0,0.0,NVDA,1d
2026-03-16 00:00:00-04:00,182.97000122070312,188.8800048828125,181.41000366210938,183.22000122070312,217307400,0.0,0.0,NVDA,1d
2026-03-17 00:00:00-04:00,185.05999755859375,185.39999389648438,181.67999267578125,181.92999267578125,182497800,0.0,0.0,NVDA,1d
2026-03-18 00:00:00-04:00,182.47999572753906,183.3800048828125,180.3300018310547,180.39999389648438,156683100,0.0,0.0,NVDA,1d
2026-03-19 00:00:00-04:00,178.00999450683594,179.97999572753906,175.7899932861328,178.55999755859375,170968500,0.0,0.0,NVDA,1d
2026-03-20 00:00:00-04:00,178.0,178.25999450683594,171.72000122070312,172.6999969482422,241323500,0.0,0.0,NVDA,1d
2026-03-23 00:00:00-04:00,177.25999450683594,178.3699951171875,174.75999450683594,175.63999938964844,182836300,0.0,0.0,NVDA,1d
2026-03-24 00:00:00-04:00,174.8300018310547,176.22000122070312,173.97999572753906,175.1999969482422,147667800,0.0,0.0,NVDA,1d
2026-03-25 00:00:00-04:00,177.10000610351562,181.22000122070312,176.85000610351562,178.67999267578125,162602100,0.0,0.0,NVDA,1d
2026-03-26 00:00:00-04:00,176.07000732421875,176.50999450683594,171.13999938964844,171.24000549316406,186152200,0.0,0.0,NVDA,1d
2026-03-27 00:00:00-04:00,170.0,170.97000122070312,167.00999450683594,167.52000427246094,196212700,0.0,0.0,NVDA,1d
2026-03-30 00:00:00-04:00,168.77999877929688,169.4499969482422,164.27000427246094,165.1699981689453,185627000,0.0,0.0,NVDA,1d
2026-03-31 00:00:00-04:00,166.97000122070312,174.6199951171875,166.9600067138672,174.39999389648438,226181300,0.0,0.0,NVDA,1d
2026-04-01 00:00:00-04:00,176.0,177.3699951171875,174.75,175.75,168132000,0.0,0.0,NVDA,1d
2026-04-02 00:00:00-04:00,172.17999267578125,177.49000549316406,171.3699951171875,177.38999938964844,143143200,0.0,0.0,NVDA,1d
2026-04-06 00:00:00-04:00,177.16000366210938,177.7899932861328,175.75999450683594,177.63999938964844,107564300,0.0,0.0,NVDA,1d
2026-04-07 00:00:00-04:00,175.72999572753906,178.22999572753906,173.66000366210938,178.10000610351562,132534900,0.0,0.0,NVDA,1d
2026-04-08 00:00:00-04:00,184.5,185.25999450683594,180.3000030517578,182.0800018310547,147732700,0.0,0.0,NVDA,1d
2026-04-09 00:00:00-04:00,181.83999633789062,184.0800018310547,180.6199951171875,183.91000366210938,116428500,0.0,0.0,NVDA,1d
2026-04-10 00:00:00-04:00,184.4199981689453,190.0,184.3000030517578,188.6300048828125,159395820,0.0,0.0,NVDA,1d
