datetime,open,high,low,close,volume,dividends,stock_splits,ticker,interval
2026-01-22 09:30:00-05:00,2.440000057220459,2.4839999675750732,2.440000057220459,2.4600000381469727,5278,0.0,0.0,AFCG,5m
2026-01-22 09:35:00-05:00,2.4690001010894775,2.494999885559082,2.4690001010894775,2.4902000427246094,5248,0.0,0.0,AFCG,5m
2026-01-22 09:40:00-05:00,2.499000072479248,2.499000072479248,2.4900999069213867,2.494999885559082,3436,0.0,0.0,AFCG,5m
2026-01-22 09:45:00-05:00,2.494999885559082,2.5299999713897705,2.494999885559082,2.5299999713897705,3950,0.0,0.0,AFCG,5m
2026-01-22 09:50:00-05:00,2.5299999713897705,2.569999933242798,2.5199999809265137,2.5415000915527344,7067,0.0,0.0,AFCG,5m
2026-01-22 09:55:00-05:00,2.546299934387207,2.5599000453948975,2.546299934387207,2.5599000453948975,1250,0.0,0.0,AFCG,5m
2026-01-22 10:00:00-05:00,2.549999952316284,2.549999952316284,2.549999952316284,2.549999952316284,739,0.0,0.0,AFCG,5m
2026-01-22 10:05:00-05:00,2.5399999618530273,2.5399999618530273,2.5399999618530273,2.5399999618530273,199,0.0,0.0,AFCG,5m
2026-01-22 10:10:00-05:00,2.5199999809265137,2.5362000465393066,2.5199999809265137,2.5362000465393066,1793,0.0,0.0,AFCG,5m
2026-01-22 10:15:00-05:00,2.549999952316284,2.549999952316284,2.549999952316284,2.549999952316284,693,0.0,0.0,AFCG,5m
2026-01-22 10:20:00-05:00,2.526400089263916,2.5299999713897705,2.5,2.517400026321411,3635,0.0,0.0,AFCG,5m
2026-01-22 10:25:00-05:00,2.515000104904175,2.529900074005127,2.515000104904175,2.529900074005127,1181,0.0,0.0,AFCG,5m
2026-01-22 10:30:00-05:00,2.5199999809265137,2.5199999809265137,2.5199999809265137,2.5199999809265137,2200,0.0,0.0,AFCG,5m
2026-01-22 10:35:00-05:00,2.5299999713897705,2.5299999713897705,2.5250000953674316,2.5299999713897705,949,0.0,0.0,AFCG,5m
2026-01-22 10:40:00-05:00,2.519200086593628,2.519200086593628,2.509999990463257,2.509999990463257,595,0.0,0.0,AFCG,5m
2026-01-22 10:50:00-05:00,2.509999990463257,2.509999990463257,2.509999990463257,2.509999990463257,722,0.0,0.0,AFCG,5m
2026-01-22 10:55:00-05:00,2.51990008354187,2.51990008354187,2.51990008354187,2.51990008354187,481,0.0,0.0,AFCG,5m
2026-01-22 11:00:00-05:00,2.51990008354187,2.51990008354187,2.51990008354187,2.51990008354187,379,0.0,0.0,AFCG,5m
2026-01-22 11:05:00-05:00,2.5199999809265137,2.5199999809265137,2.515000104904175,2.5179998874664307,1057,0.0,0.0,AFCG,5m
2026-01-22 11:10:00-05:00,2.509999990463257,2.509999990463257,2.509999990463257,2.509999990463257,1065,0.0,0.0,AFCG,5m
2026-01-22 11:15:00-05:00,2.5199999809265137,2.5199999809265137,2.509999990463257,2.510999917984009,2715,0.0,0.0,AFCG,5m
2026-01-22 11:20:00-05:00,2.513000011444092,2.513000011444092,2.513000011444092,2.513000011444092,307,0.0,0.0,AFCG,5m
2026-01-22 11:25:00-05:00,2.509999990463257,2.509999990463257,2.509999990463257,2.509999990463257,799,0.0,0.0,AFCG,5m
2026-01-22 11:35:00-05:00,2.4951999187469482,2.4951999187469482,2.4951999187469482,2.4951999187469482,522,0.0,0.0,AFCG,5m
2026-01-22 11:40:00-05:00,2.494999885559082,2.494999885559082,2.494999885559082,2.494999885559082,365,0.0,0.0,AFCG,5m
2026-01-22 11:45:00-05:00,2.5,2.5,2.5,2.5,1717,0.0,0.0,AFCG,5m
2026-01-22 11:55:00-05:00,2.484999895095825,2.484999895095825,2.484999895095825,2.484999895095825,451,0.0,0.0,AFCG,5m
2026-01-22 12:10:00-05:00,2.5,2.5,2.5,2.5,315,0.0,0.0,AFCG,5m
2026-01-22 12:25:00-05:00,2.489000082015991,2.497299909591675,2.489000082015991,2.497299909591675,234,0.0,0.0,AFCG,5m
2026-01-22 12:30:00-05:00,2.4800000190734863,2.4800000190734863,2.4800000190734863,2.4800000190734863,126,0.0,0.0,AFCG,5m
2026-01-22 12:35:00-05:00,2.490000009536743,2.497999906539917,2.490000009536743,2.497999906539917,672,0.0,0.0,AFCG,5m
2026-01-22 12:40:00-05:00,2.490000009536743,2.490000009536743,2.4700000286102295,2.4800000190734863,3484,0.0,0.0,AFCG,5m
2026-01-22 12:45:00-05:00,2.489799976348877,2.494999885559082,2.484999895095825,2.490000009536743,10451,0.0,0.0,AFCG,5m
2026-01-22 12:50:00-05:00,2.509999990463257,2.509999990463257,2.5,2.5,637,0.0,0.0,AFCG,5m
2026-01-22 12:55:00-05:00,2.4916000366210938,2.4916000366210938,2.490000009536743,2.490000009536743,641,0.0,0.0,AFCG,5m
2026-01-22 13:05:00-05:00,2.5,2.5,2.5,2.5,167,0.0,0.0,AFCG,5m
2026-01-22 13:15:00-05:00,2.5007998943328857,2.5007998943328857,2.5,2.5,1265,0.0,0.0,AFCG,5m
2026-01-22 13:20:00-05:00,2.4909000396728516,2.494999885559082,2.490000009536743,2.490000009536743,556,0.0,0.0,AFCG,5m
2026-01-22 13:25:00-05:00,2.4800000190734863,2.4800000190734863,2.4800000190734863,2.4800000190734863,883,0.0,0.0,AFCG,5m
2026-01-22 13:35:00-05:00,2.474600076675415,2.474600076675415,2.474600076675415,2.474600076675415,579,0.0,0.0,AFCG,5m
2026-01-22 13:40:00-05:00,2.4600000381469727,2.4600000381469727,2.4600000381469727,2.4600000381469727,536,0.0,0.0,AFCG,5m
2026-01-22 13:45:00-05:00,2.4600000381469727,2.4700000286102295,2.4600000381469727,2.4700000286102295,775,0.0,0.0,AFCG,5m
2026-01-22 13:50:00-05:00,2.4700000286102295,2.4700000286102295,2.4700000286102295,2.4700000286102295,230,0.0,0.0,AFCG,5m
2026-01-22 13:55:00-05:00,2.4700000286102295,2.4700000286102295,2.4700000286102295,2.4700000286102295,123,0.0,0.0,AFCG,5m
2026-01-22 14:00:00-05:00,2.4800000190734863,2.4800000190734863,2.4800000190734863,2.4800000190734863,178,0.0,0.0,AFCG,5m
2026-01-22 14:05:00-05:00,2.4798998832702637,2.4800000190734863,2.4798998832702637,2.4800000190734863,5683,0.0,0.0,AFCG,5m
2026-01-22 14:10:00-05:00,2.490000009536743,2.490000009536743,2.490000009536743,2.490000009536743,217,0.0,0.0,AFCG,5m
2026-01-22 14:15:00-05:00,2.492500066757202,2.5,2.492500066757202,2.5,530,0.0,0.0,AFCG,5m
2026-01-22 14:20:00-05:00,2.5,2.5,2.5,2.5,0,0.0,0.0,AFCG,5m
2026-01-22 14:25:00-05:00,2.490000009536743,2.490000009536743,2.490000009536743,2.490000009536743,3595,0.0,0.0,AFCG,5m
2026-01-22 14:30:00-05:00,2.492000102996826,2.492000102996826,2.492000102996826,2.492000102996826,103,0.0,0.0,AFCG,5m
2026-01-22 14:35:00-05:00,2.490000009536743,2.490000009536743,2.490000009536743,2.490000009536743,265,0.0,0.0,AFCG,5m
2026-01-22 14:40:00-05:00,2.490299940109253,2.490299940109253,2.490299940109253,2.490299940109253,291,0.0,0.0,AFCG,5m
2026-01-22 14:45:00-05:00,2.490000009536743,2.490000009536743,2.490000009536743,2.490000009536743,1031,0.0,0.0,AFCG,5m
2026-01-22 14:50:00-05:00,2.5,2.5,2.5,2.5,276,0.0,0.0,AFCG,5m
2026-01-22 14:55:00-05:00,2.490000009536743,2.490000009536743,2.490000009536743,2.490000009536743,3428,0.0,0.0,AFCG,5m
2026-01-22 15:00:00-05:00,2.490000009536743,2.494999885559082,2.490000009536743,2.494999885559082,793,0.0,0.0,AFCG,5m
2026-01-22 15:15:00-05:00,2.494999885559082,2.494999885559082,2.490000009536743,2.490000009536743,4097,0.0,0.0,AFCG,5m
2026-01-22 15:20:00-05:00,2.494999885559082,2.494999885559082,2.494999885559082,2.494999885559082,105,0.0,0.0,AFCG,5m
2026-01-22 15:25:00-05:00,2.494999885559082,2.494999885559082,2.490000009536743,2.490000009536743,759,0.0,0.0,AFCG,5m
2026-01-22 15:30:00-05:00,2.5,2.5,2.494999885559082,2.5,4630,0.0,0.0,AFCG,5m
2026-01-22 15:45:00-05:00,2.515000104904175,2.515000104904175,2.515000104904175,2.515000104904175,299,0.0,0.0,AFCG,5m
2026-01-22 15:50:00-05:00,2.518699884414673,2.518699884414673,2.5,2.505000114440918,4136,0.0,0.0,AFCG,5m
2026-01-22 15:55:00-05:00,2.505000114440918,2.505000114440918,2.5,2.5,3587,0.0,0.0,AFCG,5m
2026-01-23 09:30:00-05:00,2.5,2.5290000438690186,2.490000009536743,2.494999885559082,6432,0.0,0.0,AFCG,5m
2026-01-23 09:55:00-05:00,2.4798998832702637,2.4798998832702637,2.4798998832702637,2.4798998832702637,149,0.0,0.0,AFCG,5m
2026-01-23 10:00:00-05:00,2.476799964904785,2.4800000190734863,2.476799964904785,2.4791998863220215,520,0.0,0.0,AFCG,5m
2026-01-23 10:05:00-05:00,2.489799976348877,2.489799976348877,2.489799976348877,2.489799976348877,1190,0.0,0.0,AFCG,5m
2026-01-23 10:10:00-05:00,2.4649999141693115,2.4700000286102295,2.4600000381469727,2.4700000286102295,1361,0.0,0.0,AFCG,5m
2026-01-23 10:15:00-05:00,2.4600000381469727,2.4600000381469727,2.444999933242798,2.444999933242798,5511,0.0,0.0,AFCG,5m
2026-01-23 10:20:00-05:00,2.4590001106262207,2.4798998832702637,2.4590001106262207,2.4798998832702637,3065,0.0,0.0,AFCG,5m
2026-01-23 10:25:00-05:00,2.464600086212158,2.4649999141693115,2.4505999088287354,2.4516000747680664,5574,0.0,0.0,AFCG,5m
2026-01-23 10:30:00-05:00,2.4609999656677246,2.4609999656677246,2.452399969100952,2.452399969100952,436,0.0,0.0,AFCG,5m
2026-01-23 10:35:00-05:00,2.450000047683716,2.4600000381469727,2.450000047683716,2.4600000381469727,2273,0.0,0.0,AFCG,5m
2026-01-23 10:40:00-05:00,2.450000047683716,2.4583001136779785,2.450000047683716,2.4512999057769775,1585,0.0,0.0,AFCG,5m
2026-01-23 10:45:00-05:00,2.450000047683716,2.450000047683716,2.450000047683716,2.450000047683716,130,0.0,0.0,AFCG,5m
2026-01-23 10:50:00-05:00,2.4549999237060547,2.4549999237060547,2.4549999237060547,2.4549999237060547,266,0.0,0.0,AFCG,5m
2026-01-23 10:55:00-05:00,2.4593000411987305,2.4593000411987305,2.4593000411987305,2.4593000411987305,337,0.0,0.0,AFCG,5m
2026-01-23 11:00:00-05:00,2.450000047683716,2.450000047683716,2.450000047683716,2.450000047683716,269,0.0,0.0,AFCG,5m
2026-01-23 11:05:00-05:00,2.4549999237060547,2.4549999237060547,2.4549999237060547,2.4549999237060547,235,0.0,0.0,AFCG,5m
2026-01-23 11:10:00-05:00,2.459700107574463,2.459700107574463,2.4549999237060547,2.4549999237060547,830,0.0,0.0,AFCG,5m
2026-01-23 11:15:00-05:00,2.4649999141693115,2.4700000286102295,2.4649999141693115,2.4700000286102295,529,0.0,0.0,AFCG,5m
2026-01-23 11:25:00-05:00,2.4700000286102295,2.4700000286102295,2.4700000286102295,2.4700000286102295,306,0.0,0.0,AFCG,5m
2026-01-23 11:30:00-05:00,2.4709999561309814,2.4709999561309814,2.4709999561309814,2.4709999561309814,174,0.0,0.0,AFCG,5m
2026-01-23 11:35:00-05:00,2.4749999046325684,2.4749999046325684,2.4649999141693115,2.4649999141693115,1036,0.0,0.0,AFCG,5m
2026-01-23 12:00:00-05:00,2.4649999141693115,2.4700000286102295,2.4644999504089355,2.4700000286102295,2337,0.0,0.0,AFCG,5m
2026-01-23 12:05:00-05:00,2.4798998832702637,2.4800000190734863,2.4644999504089355,2.4800000190734863,4439,0.0,0.0,AFCG,5m
2026-01-23 12:10:00-05:00,2.490000009536743,2.490000009536743,2.490000009536743,2.490000009536743,710,0.0,0.0,AFCG,5m
2026-01-23 12:15:00-05:00,2.490000009536743,2.490000009536743,2.4800000190734863,2.4800000190734863,227,0.0,0.0,AFCG,5m
2026-01-23 12:20:00-05:00,2.490000009536743,2.490000009536743,2.490000009536743,2.490000009536743,648,0.0,0.0,AFCG,5m
2026-01-23 12:25:00-05:00,2.4986000061035156,2.4986000061035156,2.4899001121520996,2.4899001121520996,751,0.0,0.0,AFCG,5m
2026-01-23 12:35:00-05:00,2.494999885559082,2.494999885559082,2.490000009536743,2.490000009536743,1704,0.0,0.0,AFCG,5m
2026-01-23 12:45:00-05:00,2.4900999069213867,2.4900999069213867,2.4900999069213867,2.4900999069213867,2896,0.0,0.0,AFCG,5m
2026-01-23 12:50:00-05:00,2.4986000061035156,2.4986000061035156,2.4986000061035156,2.4986000061035156,385,0.0,0.0,AFCG,5m
2026-01-23 12:55:00-05:00,2.490000009536743,2.5,2.490000009536743,2.5,3969,0.0,0.0,AFCG,5m
2026-01-23 13:00:00-05:00,2.4911999702453613,2.494999885559082,2.490000009536743,2.490000009536743,1682,0.0,0.0,AFCG,5m
2026-01-23 13:05:00-05:00,2.5,2.5,2.494999885559082,2.5,567,0.0,0.0,AFCG,5m
2026-01-23 13:10:00-05:00,2.494999885559082,2.494999885559082,2.494999885559082,2.494999885559082,277,0.0,0.0,AFCG,5m
2026-01-23 13:15:00-05:00,2.5,2.5,2.5,2.5,378,0.0,0.0,AFCG,5m
2026-01-23 13:20:00-05:00,2.5,2.5,2.5,2.5,347,0.0,0.0,AFCG,5m
2026-01-23 13:25:00-05:00,2.5,2.5,2.490000009536743,2.494999885559082,605,0.0,0.0,AFCG,5m
2026-01-23 13:30:00-05:00,2.5,2.5,2.494999885559082,2.494999885559082,5769,0.0,0.0,AFCG,5m
2026-01-23 13:40:00-05:00,2.5,2.5,2.5,2.5,391,0.0,0.0,AFCG,5m
2026-01-23 13:45:00-05:00,2.5,2.5,2.5,2.5,950,0.0,0.0,AFCG,5m
2026-01-23 13:50:00-05:00,2.5199999809265137,2.5199999809265137,2.5199999809265137,2.5199999809265137,256,0.0,0.0,AFCG,5m
2026-01-23 13:55:00-05:00,2.509999990463257,2.509999990463257,2.509999990463257,2.509999990463257,337,0.0,0.0,AFCG,5m
2026-01-23 14:05:00-05:00,2.512700080871582,2.512700080871582,2.509999990463257,2.509999990463257,3795,0.0,0.0,AFCG,5m
2026-01-23 14:10:00-05:00,2.505000114440918,2.505000114440918,2.505000114440918,2.505000114440918,139,0.0,0.0,AFCG,5m
2026-01-23 14:15:00-05:00,2.505000114440918,2.505000114440918,2.505000114440918,2.505000114440918,120,0.0,0.0,AFCG,5m
2026-01-23 14:25:00-05:00,2.505000114440918,2.505000114440918,2.505000114440918,2.505000114440918,165,0.0,0.0,AFCG,5m
2026-01-23 14:30:00-05:00,2.509999990463257,2.509999990463257,2.505000114440918,2.505000114440918,3347,0.0,0.0,AFCG,5m
2026-01-23 14:35:00-05:00,2.5053999423980713,2.5053999423980713,2.5053999423980713,2.5053999423980713,1005,0.0,0.0,AFCG,5m
2026-01-23 14:40:00-05:00,2.5,2.5,2.490000009536743,2.494999885559082,21746,0.0,0.0,AFCG,5m
2026-01-23 14:45:00-05:00,2.5,2.5,2.494999885559082,2.5,0,0.0,0.0,AFCG,5m
2026-01-23 14:50:00-05:00,2.5,2.509999990463257,2.494999885559082,2.509999990463257,3055,0.0,0.0,AFCG,5m
2026-01-23 14:55:00-05:00,2.5100998878479004,2.5100998878479004,2.509999990463257,2.509999990463257,342,0.0,0.0,AFCG,5m
2026-01-23 15:00:00-05:00,2.505000114440918,2.509999990463257,2.505000114440918,2.509999990463257,443,0.0,0.0,AFCG,5m
2026-01-23 15:05:00-05:00,2.509999990463257,2.509999990463257,2.509999990463257,2.509999990463257,617,0.0,0.0,AFCG,5m
2026-01-23 15:10:00-05:00,2.509999990463257,2.509999990463257,2.5,2.5,1547,0.0,0.0,AFCG,5m
2026-01-23 15:15:00-05:00,2.5,2.5,2.5,2.5,952,0.0,0.0,AFCG,5m
2026-01-23 15:20:00-05:00,2.5,2.5,2.494999885559082,2.4999001026153564,2567,0.0,0.0,AFCG,5m
2026-01-23 15:25:00-05:00,2.505000114440918,2.505000114440918,2.505000114440918,2.505000114440918,688,0.0,0.0,AFCG,5m
2026-01-23 15:35:00-05:00,2.509999990463257,2.509999990463257,2.509999990463257,2.509999990463257,760,0.0,0.0,AFCG,5m
2026-01-23 15:50:00-05:00,2.509999990463257,2.515000104904175,2.505000114440918,2.509999990463257,1141,0.0,0.0,AFCG,5m
2026-01-23 15:55:00-05:00,2.509999990463257,2.509999990463257,2.5,2.5,5208,0.0,0.0,AFCG,5m
2026-01-26 09:30:00-05:00,2.490000009536743,2.5,2.4800000190734863,2.490000009536743,7161,0.0,0.0,AFCG,5m
2026-01-26 09:35:00-05:00,2.4809999465942383,2.488800048828125,2.4600000381469727,2.4600000381469727,3107,0.0,0.0,AFCG,5m
2026-01-26 09:40:00-05:00,2.45989990234375,2.45989990234375,2.45989990234375,2.45989990234375,200,0.0,0.0,AFCG,5m
2026-01-26 09:45:00-05:00,2.4549999237060547,2.4576001167297363,2.4519999027252197,2.4519999027252197,1622,0.0,0.0,AFCG,5m
2026-01-26 09:50:00-05:00,2.4509999752044678,2.4509999752044678,2.430000066757202,2.430000066757202,5629,0.0,0.0,AFCG,5m
2026-01-26 09:55:00-05:00,2.440999984741211,2.440999984741211,2.440000057220459,2.440000057220459,1258,0.0,0.0,AFCG,5m
2026-01-26 10:00:00-05:00,2.430000066757202,2.450000047683716,2.430000066757202,2.440000057220459,6345,0.0,0.0,AFCG,5m
2026-01-26 10:05:00-05:00,2.440000057220459,2.440000057220459,2.440000057220459,2.440000057220459,330,0.0,0.0,AFCG,5m
2026-01-26 10:10:00-05:00,2.4300999641418457,2.4300999641418457,2.4300999641418457,2.4300999641418457,295,0.0,0.0,AFCG,5m
2026-01-26 10:15:00-05:00,2.439500093460083,2.4600000381469727,2.439500093460083,2.4507999420166016,5763,0.0,0.0,AFCG,5m
2026-01-26 10:30:00-05:00,2.440000057220459,2.450000047683716,2.440000057220459,2.450000047683716,2357,0.0,0.0,AFCG,5m
2026-01-26 10:35:00-05:00,2.455399990081787,2.455399990081787,2.455399990081787,2.455399990081787,1015,0.0,0.0,AFCG,5m
2026-01-26 10:40:00-05:00,2.4549999237060547,2.4549999237060547,2.4516000747680664,2.4516000747680664,646,0.0,0.0,AFCG,5m
2026-01-26 10:45:00-05:00,2.4577999114990234,2.469899892807007,2.4577999114990234,2.469899892807007,10941,0.0,0.0,AFCG,5m
2026-01-26 10:50:00-05:00,2.460099935531616,2.4691998958587646,2.460099935531616,2.4691998958587646,346,0.0,0.0,AFCG,5m
2026-01-26 10:55:00-05:00,2.458699941635132,2.458699941635132,2.458699941635132,2.458699941635132,251,0.0,0.0,AFCG,5m
2026-01-26 11:05:00-05:00,2.4526000022888184,2.4526000022888184,2.4526000022888184,2.4526000022888184,1732,0.0,0.0,AFCG,5m
2026-01-26 11:10:00-05:00,2.4549999237060547,2.4549999237060547,2.450000047683716,2.450000047683716,2070,0.0,0.0,AFCG,5m
2026-01-26 11:15:00-05:00,2.4509999752044678,2.4509999752044678,2.4509999752044678,2.4509999752044678,978,0.0,0.0,AFCG,5m
2026-01-26 11:25:00-05:00,2.4600000381469727,2.4600000381469727,2.4598000049591064,2.4598000049591064,2054,0.0,0.0,AFCG,5m
2026-01-26 11:30:00-05:00,2.4798998832702637,2.4798998832702637,2.4700000286102295,2.4700000286102295,705,0.0,0.0,AFCG,5m
2026-01-26 11:50:00-05:00,2.450000047683716,2.450000047683716,2.450000047683716,2.450000047683716,796,0.0,0.0,AFCG,5m
2026-01-26 11:55:00-05:00,2.4697999954223633,2.4697999954223633,2.4697999954223633,2.4697999954223633,1278,0.0,0.0,AFCG,5m
2026-01-26 12:15:00-05:00,2.4649999141693115,2.4800000190734863,2.4649999141693115,2.4800000190734863,726,0.0,0.0,AFCG,5m
2026-01-26 12:25:00-05:00,2.4700000286102295,2.4700000286102295,2.4700000286102295,2.4700000286102295,2484,0.0,0.0,AFCG,5m
2026-01-26 12:35:00-05:00,2.4800000190734863,2.4800000190734863,2.4742000102996826,2.4742000102996826,563,0.0,0.0,AFCG,5m
2026-01-26 12:45:00-05:00,2.478600025177002,2.484999895095825,2.478600025177002,2.484999895095825,580,0.0,0.0,AFCG,5m
2026-01-26 13:00:00-05:00,2.490000009536743,2.490000009536743,2.490000009536743,2.490000009536743,360,0.0,0.0,AFCG,5m
2026-01-26 13:05:00-05:00,2.4700000286102295,2.4700000286102295,2.4700000286102295,2.4700000286102295,169,0.0,0.0,AFCG,5m
2026-01-26 13:10:00-05:00,2.4800000190734863,2.4800000190734863,2.4800000190734863,2.4800000190734863,1292,0.0,0.0,AFCG,5m
2026-01-26 13:15:00-05:00,2.4800000190734863,2.4800000190734863,2.4800000190734863,2.4800000190734863,466,0.0,0.0,AFCG,5m
2026-01-26 13:20:00-05:00,2.4800000190734863,2.490000009536743,2.4800000190734863,2.490000009536743,18,0.0,0.0,AFCG,5m
2026-01-26 13:25:00-05:00,2.490000009536743,2.490000009536743,2.490000009536743,2.490000009536743,389,0.0,0.0,AFCG,5m
2026-01-26 13:45:00-05:00,2.490000009536743,2.490000009536743,2.490000009536743,2.490000009536743,366,0.0,0.0,AFCG,5m
2026-01-26 13:50:00-05:00,2.5,2.5,2.490000009536743,2.490000009536743,1145,0.0,0.0,AFCG,5m
2026-01-26 13:55:00-05:00,2.490000009536743,2.490000009536743,2.490000009536743,2.490000009536743,318,0.0,0.0,AFCG,5m
2026-01-26 14:15:00-05:00,2.490000009536743,2.490000009536743,2.490000009536743,2.490000009536743,1148,0.0,0.0,AFCG,5m
2026-01-26 14:20:00-05:00,2.494999885559082,2.5,2.494999885559082,2.5,357,0.0,0.0,AFCG,5m
2026-01-26 14:25:00-05:00,2.5006000995635986,2.5006000995635986,2.5006000995635986,2.5006000995635986,170,0.0,0.0,AFCG,5m
2026-01-26 14:30:00-05:00,2.509999990463257,2.509999990463257,2.5,2.5,1465,0.0,0.0,AFCG,5m
2026-01-26 14:40:00-05:00,2.490000009536743,2.490000009536743,2.490000009536743,2.490000009536743,633,0.0,0.0,AFCG,5m
2026-01-26 14:45:00-05:00,2.494999885559082,2.494999885559082,2.490000009536743,2.490000009536743,420,0.0,0.0,AFCG,5m
2026-01-26 14:50:00-05:00,2.490000009536743,2.490000009536743,2.490000009536743,2.490000009536743,551,0.0,0.0,AFCG,5m
2026-01-26 15:00:00-05:00,2.484999895095825,2.490000009536743,2.484999895095825,2.490000009536743,800,0.0,0.0,AFCG,5m
2026-01-26 15:10:00-05:00,2.5,2.5,2.5,2.5,1005,0.0,0.0,AFCG,5m
2026-01-26 15:15:00-05:00,2.502500057220459,2.502500057220459,2.502500057220459,2.502500057220459,850,0.0,0.0,AFCG,5m
2026-01-26 15:30:00-05:00,2.5,2.5,2.5,2.5,290,0.0,0.0,AFCG,5m
2026-01-26 15:35:00-05:00,2.494999885559082,2.494999885559082,2.494999885559082,2.494999885559082,320,0.0,0.0,AFCG,5m
2026-01-26 15:40:00-05:00,2.494999885559082,2.5,2.490000009536743,2.494999885559082,9542,0.0,0.0,AFCG,5m
2026-01-26 15:45:00-05:00,2.4941999912261963,2.4941999912261963,2.490000009536743,2.49180006980896,0,0.0,0.0,AFCG,5m
2026-01-26 15:50:00-05:00,2.494999885559082,2.505000114440918,2.494999885559082,2.505000114440918,4895,0.0,0.0,AFCG,5m
2026-01-26 15:55:00-05:00,2.5,2.5,2.490000009536743,2.490000009536743,7744,0.0,0.0,AFCG,5m
2026-01-27 09:30:00-05:00,2.4800000190734863,2.509999990463257,2.4800000190734863,2.484999895095825,3448,0.0,0.0,AFCG,5m
2026-01-27 09:35:00-05:00,2.484999895095825,2.484999895095825,2.484999895095825,2.484999895095825,504,0.0,0.0,AFCG,5m
2026-01-27 09:40:00-05:00,2.484600067138672,2.492500066757202,2.4800000190734863,2.492500066757202,648,0.0,0.0,AFCG,5m
2026-01-27 09:45:00-05:00,2.484999895095825,2.490000009536743,2.484999895095825,2.490000009536743,1288,0.0,0.0,AFCG,5m
2026-01-27 09:50:00-05:00,2.4800000190734863,2.481600046157837,2.4800000190734863,2.481600046157837,1465,0.0,0.0,AFCG,5m
2026-01-27 09:55:00-05:00,2.4700000286102295,2.5127999782562256,2.4700000286102295,2.5127999782562256,1921,0.0,0.0,AFCG,5m
2026-01-27 10:00:00-05:00,2.4818999767303467,2.5,2.4818999767303467,2.5,2487,0.0,0.0,AFCG,5m
2026-01-27 10:10:00-05:00,2.490000009536743,2.490000009536743,2.490000009536743,2.490000009536743,165,0.0,0.0,AFCG,5m
2026-01-27 10:15:00-05:00,2.490000009536743,2.494999885559082,2.490000009536743,2.494999885559082,1960,0.0,0.0,AFCG,5m
2026-01-27 10:30:00-05:00,2.490000009536743,2.490000009536743,2.4800000190734863,2.490000009536743,562,0.0,0.0,AFCG,5m
2026-01-27 10:40:00-05:00,2.4892001152038574,2.490000009536743,2.4892001152038574,2.490000009536743,2143,0.0,0.0,AFCG,5m
2026-01-27 10:50:00-05:00,2.482300043106079,2.497499942779541,2.482300043106079,2.497499942779541,374,0.0,0.0,AFCG,5m
2026-01-27 10:55:00-05:00,2.490000009536743,2.490000009536743,2.490000009536743,2.490000009536743,1295,0.0,0.0,AFCG,5m
2026-01-27 11:00:00-05:00,2.490000009536743,2.490000009536743,2.490000009536743,2.490000009536743,331,0.0,0.0,AFCG,5m
2026-01-27 11:05:00-05:00,2.484999895095825,2.494999885559082,2.484999895095825,2.490000009536743,2818,0.0,0.0,AFCG,5m
2026-01-27 11:10:00-05:00,2.494999885559082,2.5,2.494999885559082,2.5,510,0.0,0.0,AFCG,5m
2026-01-27 11:25:00-05:00,2.494999885559082,2.5,2.494999885559082,2.5,2478,0.0,0.0,AFCG,5m
2026-01-27 11:30:00-05:00,2.500999927520752,2.500999927520752,2.500999927520752,2.500999927520752,197,0.0,0.0,AFCG,5m
2026-01-27 11:40:00-05:00,2.509999990463257,2.509999990463257,2.509999990463257,2.509999990463257,328,0.0,0.0,AFCG,5m
2026-01-27 11:50:00-05:00,2.509999990463257,2.509999990463257,2.5,2.509999990463257,4188,0.0,0.0,AFCG,5m
2026-01-27 12:05:00-05:00,2.5099000930786133,2.509999990463257,2.5099000930786133,2.509999990463257,8985,0.0,0.0,AFCG,5m
2026-01-27 12:10:00-05:00,2.509999990463257,2.509999990463257,2.509999990463257,2.509999990463257,416,0.0,0.0,AFCG,5m
2026-01-27 12:15:00-05:00,2.5199999809265137,2.5199999809265137,2.509999990463257,2.509999990463257,12135,0.0,0.0,AFCG,5m
2026-01-27 12:20:00-05:00,2.509999990463257,2.509999990463257,2.509999990463257,2.509999990463257,263,0.0,0.0,AFCG,5m
2026-01-27 12:35:00-05:00,2.500200033187866,2.500200033187866,2.500200033187866,2.500200033187866,979,0.0,0.0,AFCG,5m
2026-01-27 12:40:00-05:00,2.509999990463257,2.509999990463257,2.509999990463257,2.509999990463257,233,0.0,0.0,AFCG,5m
2026-01-27 12:45:00-05:00,2.509999990463257,2.518399953842163,2.509999990463257,2.518399953842163,2456,0.0,0.0,AFCG,5m
2026-01-27 12:50:00-05:00,2.509999990463257,2.509999990463257,2.509999990463257,2.509999990463257,263,0.0,0.0,AFCG,5m
2026-01-27 12:55:00-05:00,2.513000011444092,2.513000011444092,2.513000011444092,2.513000011444092,225,0.0,0.0,AFCG,5m
2026-01-27 13:00:00-05:00,2.509999990463257,2.509999990463257,2.509999990463257,2.509999990463257,201,0.0,0.0,AFCG,5m
2026-01-27 13:05:00-05:00,2.509999990463257,2.5100998878479004,2.5,2.5,12835,0.0,0.0,AFCG,5m
2026-01-27 13:10:00-05:00,2.490000009536743,2.490000009536743,2.490000009536743,2.490000009536743,529,0.0,0.0,AFCG,5m
2026-01-27 13:15:00-05:00,2.4800000190734863,2.490000009536743,2.4800000190734863,2.490000009536743,724,0.0,0.0,AFCG,5m
2026-01-27 13:30:00-05:00,2.490000009536743,2.490000009536743,2.490000009536743,2.490000009536743,200,0.0,0.0,AFCG,5m
2026-01-27 13:35:00-05:00,2.4814000129699707,2.4876999855041504,2.4814000129699707,2.4876999855041504,1404,0.0,0.0,AFCG,5m
2026-01-27 14:00:00-05:00,2.4899001121520996,2.4899001121520996,2.4800000190734863,2.4800000190734863,1326,0.0,0.0,AFCG,5m
2026-01-27 14:05:00-05:00,2.4800000190734863,2.4800000190734863,2.4800000190734863,2.4800000190734863,638,0.0,0.0,AFCG,5m
2026-01-27 14:25:00-05:00,2.484999895095825,2.484999895095825,2.484999895095825,2.484999895095825,729,0.0,0.0,AFCG,5m
2026-01-27 14:30:00-05:00,2.484999895095825,2.490000009536743,2.484999895095825,2.490000009536743,495,0.0,0.0,AFCG,5m
2026-01-27 14:35:00-05:00,2.4800000190734863,2.4800000190734863,2.4749999046325684,2.4800000190734863,1179,0.0,0.0,AFCG,5m
2026-01-27 14:40:00-05:00,2.4749999046325684,2.4800000190734863,2.4749999046325684,2.4800000190734863,287,0.0,0.0,AFCG,5m
2026-01-27 14:45:00-05:00,2.4749999046325684,2.4800000190734863,2.4749999046325684,2.4800000190734863,1408,0.0,0.0,AFCG,5m
2026-01-27 14:50:00-05:00,2.4800000190734863,2.4800000190734863,2.4800000190734863,2.4800000190734863,389,0.0,0.0,AFCG,5m
2026-01-27 14:55:00-05:00,2.4749999046325684,2.4800000190734863,2.4749999046325684,2.4800000190734863,614,0.0,0.0,AFCG,5m
2026-01-27 15:00:00-05:00,2.4800000190734863,2.4800000190734863,2.4800000190734863,2.4800000190734863,753,0.0,0.0,AFCG,5m
2026-01-27 15:10:00-05:00,2.484999895095825,2.484999895095825,2.4800000190734863,2.484999895095825,1299,0.0,0.0,AFCG,5m
2026-01-27 15:15:00-05:00,2.490000009536743,2.5,2.490000009536743,2.5,3240,0.0,0.0,AFCG,5m
2026-01-27 15:20:00-05:00,2.5,2.5,2.5,2.5,158,0.0,0.0,AFCG,5m
2026-01-27 15:30:00-05:00,2.4900999069213867,2.493299961090088,2.490000009536743,2.493299961090088,3534,0.0,0.0,AFCG,5m
2026-01-27 15:35:00-05:00,2.490000009536743,2.490000009536743,2.490000009536743,2.490000009536743,404,0.0,0.0,AFCG,5m
2026-01-27 15:40:00-05:00,2.490000009536743,2.494999885559082,2.4842000007629395,2.484999895095825,2607,0.0,0.0,AFCG,5m
2026-01-27 15:45:00-05:00,2.490000009536743,2.490000009536743,2.490000009536743,2.490000009536743,1307,0.0,0.0,AFCG,5m
2026-01-27 15:50:00-05:00,2.490000009536743,2.509999990463257,2.490000009536743,2.509999990463257,3820,0.0,0.0,AFCG,5m
2026-01-27 15:55:00-05:00,2.515000104904175,2.5199999809265137,2.509999990463257,2.5199999809265137,5250,0.0,0.0,AFCG,5m
2026-01-28 09:30:00-05:00,2.5,2.5107998847961426,2.5,2.5107998847961426,2623,0.0,0.0,AFCG,5m
2026-01-28 09:35:00-05:00,2.5199999809265137,2.5799999237060547,2.5199999809265137,2.5299999713897705,13329,0.0,0.0,AFCG,5m
2026-01-28 09:40:00-05:00,2.5399999618530273,2.559999942779541,2.5399999618530273,2.549999952316284,4443,0.0,0.0,AFCG,5m
2026-01-28 09:45:00-05:00,2.549999952316284,2.561199903488159,2.549999952316284,2.561199903488159,4118,0.0,0.0,AFCG,5m
2026-01-28 09:50:00-05:00,2.559999942779541,2.559999942779541,2.5299999713897705,2.5399999618530273,10914,0.0,0.0,AFCG,5m
2026-01-28 09:55:00-05:00,2.5350000858306885,2.5350000858306885,2.5299999713897705,2.5299999713897705,577,0.0,0.0,AFCG,5m
2026-01-28 10:00:00-05:00,2.5399999618530273,2.5445001125335693,2.5399999618530273,2.5445001125335693,890,0.0,0.0,AFCG,5m
2026-01-28 10:10:00-05:00,2.5399999618530273,2.5399999618530273,2.5299999713897705,2.538599967956543,1435,0.0,0.0,AFCG,5m
2026-01-28 10:15:00-05:00,2.5250000953674316,2.5250000953674316,2.5130999088287354,2.5199999809265137,933,0.0,0.0,AFCG,5m
2026-01-28 10:45:00-05:00,2.5201001167297363,2.5201001167297363,2.5201001167297363,2.5201001167297363,148,0.0,0.0,AFCG,5m
2026-01-28 10:50:00-05:00,2.529099941253662,2.529099941253662,2.5201001167297363,2.5201001167297363,1180,0.0,0.0,AFCG,5m
2026-01-28 11:05:00-05:00,2.5299999713897705,2.5299999713897705,2.5299999713897705,2.5299999713897705,2336,0.0,0.0,AFCG,5m
2026-01-28 11:20:00-05:00,2.52020001411438,2.5299999713897705,2.509999990463257,2.509999990463257,1899,0.0,0.0,AFCG,5m
2026-01-28 11:30:00-05:00,2.5299999713897705,2.5299999713897705,2.5,2.5,1299,0.0,0.0,AFCG,5m
2026-01-28 11:35:00-05:00,2.5,2.5,2.5,2.5,2108,0.0,0.0,AFCG,5m
2026-01-28 11:45:00-05:00,2.5,2.5,2.5,2.5,170,0.0,0.0,AFCG,5m
2026-01-28 11:55:00-05:00,2.5,2.5,2.5,2.5,153,0.0,0.0,AFCG,5m
2026-01-28 12:00:00-05:00,2.5,2.5,2.5,2.5,386,0.0,0.0,AFCG,5m
2026-01-28 12:05:00-05:00,2.5,2.5,2.5,2.5,140,0.0,0.0,AFCG,5m
2026-01-28 12:10:00-05:00,2.5,2.5,2.5,2.5,102,0.0,0.0,AFCG,5m
2026-01-28 12:15:00-05:00,2.5,2.5,2.5,2.5,202,0.0,0.0,AFCG,5m
2026-01-28 12:25:00-05:00,2.5,2.5,2.5,2.5,100,0.0,0.0,AFCG,5m
2026-01-28 12:35:00-05:00,2.490000009536743,2.5,2.490000009536743,2.490000009536743,3372,0.0,0.0,AFCG,5m
2026-01-28 12:40:00-05:00,2.499799966812134,2.499799966812134,2.490000009536743,2.490000009536743,740,0.0,0.0,AFCG,5m
2026-01-28 12:45:00-05:00,2.490000009536743,2.490000009536743,2.490000009536743,2.490000009536743,315,0.0,0.0,AFCG,5m
2026-01-28 12:50:00-05:00,2.494999885559082,2.494999885559082,2.494999885559082,2.494999885559082,143,0.0,0.0,AFCG,5m
2026-01-28 12:55:00-05:00,2.4999001026153564,2.4999001026153564,2.4900999069213867,2.4900999069213867,1289,0.0,0.0,AFCG,5m
2026-01-28 13:05:00-05:00,2.490000009536743,2.490000009536743,2.490000009536743,2.490000009536743,548,0.0,0.0,AFCG,5m
2026-01-28 13:10:00-05:00,2.490000009536743,2.490000009536743,2.4839999675750732,2.4839999675750732,549,0.0,0.0,AFCG,5m
2026-01-28 13:20:00-05:00,2.4800000190734863,2.4800000190734863,2.4800000190734863,2.4800000190734863,571,0.0,0.0,AFCG,5m
2026-01-28 13:25:00-05:00,2.4800000190734863,2.4800000190734863,2.4700000286102295,2.4700000286102295,1702,0.0,0.0,AFCG,5m
2026-01-28 13:30:00-05:00,2.477099895477295,2.477099895477295,2.477099895477295,2.477099895477295,2033,0.0,0.0,AFCG,5m
2026-01-28 13:35:00-05:00,2.4800000190734863,2.4870998859405518,2.4719998836517334,2.4719998836517334,558,0.0,0.0,AFCG,5m
2026-01-28 13:40:00-05:00,2.4800000190734863,2.4800000190734863,2.4749999046325684,2.4749999046325684,1047,0.0,0.0,AFCG,5m
2026-01-28 13:45:00-05:00,2.4700000286102295,2.4700000286102295,2.4700000286102295,2.4700000286102295,248,0.0,0.0,AFCG,5m
2026-01-28 13:55:00-05:00,2.4800000190734863,2.4800000190734863,2.4800000190734863,2.4800000190734863,594,0.0,0.0,AFCG,5m
2026-01-28 14:15:00-05:00,2.4800000190734863,2.4800000190734863,2.4700000286102295,2.4700000286102295,2709,0.0,0.0,AFCG,5m
2026-01-28 14:20:00-05:00,2.4700000286102295,2.4700000286102295,2.4600000381469727,2.4600000381469727,2343,0.0,0.0,AFCG,5m
2026-01-28 14:25:00-05:00,2.4700000286102295,2.4700000286102295,2.4700000286102295,2.4700000286102295,275,0.0,0.0,AFCG,5m
2026-01-28 14:30:00-05:00,2.4700000286102295,2.490000009536743,2.4700000286102295,2.490000009536743,1863,0.0,0.0,AFCG,5m
2026-01-28 14:35:00-05:00,2.490000009536743,2.490000009536743,2.4749999046325684,2.4749999046325684,1037,0.0,0.0,AFCG,5m
2026-01-28 14:40:00-05:00,2.4749999046325684,2.4749999046325684,2.4749999046325684,2.4749999046325684,239,0.0,0.0,AFCG,5m
2026-01-28 14:45:00-05:00,2.4749999046325684,2.4800000190734863,2.4749999046325684,2.4800000190734863,500,0.0,0.0,AFCG,5m
2026-01-28 14:50:00-05:00,2.4800000190734863,2.4800000190734863,2.4800000190734863,2.4800000190734863,212,0.0,0.0,AFCG,5m
2026-01-28 14:55:00-05:00,2.4749999046325684,2.4749999046325684,2.4749999046325684,2.4749999046325684,345,0.0,0.0,AFCG,5m
2026-01-28 15:00:00-05:00,2.4800000190734863,2.4800000190734863,2.4800000190734863,2.4800000190734863,385,0.0,0.0,AFCG,5m
2026-01-28 15:10:00-05:00,2.4800000190734863,2.484999895095825,2.4800000190734863,2.484999895095825,777,0.0,0.0,AFCG,5m
2026-01-28 15:15:00-05:00,2.4899001121520996,2.4899001121520996,2.4800000190734863,2.4899001121520996,1637,0.0,0.0,AFCG,5m
2026-01-28 15:30:00-05:00,2.4700000286102295,2.4700000286102295,2.4649999141693115,2.4700000286102295,1618,0.0,0.0,AFCG,5m
2026-01-28 15:35:00-05:00,2.4649999141693115,2.4700000286102295,2.4600000381469727,2.4700000286102295,3744,0.0,0.0,AFCG,5m
2026-01-28 15:40:00-05:00,2.4749999046325684,2.4749999046325684,2.4749999046325684,2.4749999046325684,446,0.0,0.0,AFCG,5m
2026-01-28 15:45:00-05:00,2.4700000286102295,2.4700000286102295,2.4649999141693115,2.4700000286102295,1121,0.0,0.0,AFCG,5m
2026-01-28 15:50:00-05:00,2.4700000286102295,2.4700000286102295,2.4600000381469727,2.4600000381469727,2100,0.0,0.0,AFCG,5m
2026-01-28 15:55:00-05:00,2.4600000381469727,2.4600000381469727,2.450000047683716,2.450000047683716,5200,0.0,0.0,AFCG,5m
2026-01-29 09:30:00-05:00,2.4600000381469727,2.4600000381469727,2.450000047683716,2.450000047683716,6966,0.0,0.0,AFCG,5m
2026-01-29 09:35:00-05:00,2.450000047683716,2.450000047683716,2.4200000762939453,2.4200000762939453,46574,0.0,0.0,AFCG,5m
2026-01-29 09:40:00-05:00,2.430000066757202,2.4398999214172363,2.430000066757202,2.434999942779541,1337,0.0,0.0,AFCG,5m
2026-01-29 09:50:00-05:00,2.4300999641418457,2.434999942779541,2.40120005607605,2.4137001037597656,13322,0.0,0.0,AFCG,5m
2026-01-29 10:00:00-05:00,2.4184999465942383,2.4184999465942383,2.390000104904175,2.3949999809265137,8436,0.0,0.0,AFCG,5m
2026-01-29 10:05:00-05:00,2.4000000953674316,2.4000000953674316,2.3989999294281006,2.3989999294281006,1059,0.0,0.0,AFCG,5m
2026-01-29 10:10:00-05:00,2.3996999263763428,2.4000000953674316,2.3996999263763428,2.4000000953674316,1154,0.0,0.0,AFCG,5m
2026-01-29 10:15:00-05:00,2.390000104904175,2.390000104904175,2.390000104904175,2.390000104904175,2000,0.0,0.0,AFCG,5m
2026-01-29 10:20:00-05:00,2.3949999809265137,2.3949999809265137,2.390199899673462,2.3949999809265137,1743,0.0,0.0,AFCG,5m
2026-01-29 10:25:00-05:00,2.3889999389648438,2.3889999389648438,2.3889999389648438,2.3889999389648438,167,0.0,0.0,AFCG,5m
2026-01-29 10:30:00-05:00,2.380000114440918,2.3801000118255615,2.359999895095825,2.365000009536743,7412,0.0,0.0,AFCG,5m
2026-01-29 10:35:00-05:00,2.368000030517578,2.369999885559082,2.368000030517578,2.369999885559082,853,0.0,0.0,AFCG,5m
2026-01-29 10:40:00-05:00,2.365000009536743,2.3687000274658203,2.350100040435791,2.350100040435791,3114,0.0,0.0,AFCG,5m
2026-01-29 10:45:00-05:00,2.3550000190734863,2.359999895095825,2.3550000190734863,2.359999895095825,1138,0.0,0.0,AFCG,5m
2026-01-29 10:50:00-05:00,2.359999895095825,2.359999895095825,2.359999895095825,2.359999895095825,919,0.0,0.0,AFCG,5m
2026-01-29 10:55:00-05:00,2.365000009536743,2.390000104904175,2.365000009536743,2.384999990463257,10439,0.0,0.0,AFCG,5m
2026-01-29 11:00:00-05:00,2.384999990463257,2.384999990463257,2.380000114440918,2.380000114440918,347,0.0,0.0,AFCG,5m
2026-01-29 11:05:00-05:00,2.369999885559082,2.3775999546051025,2.369999885559082,2.3775999546051025,673,0.0,0.0,AFCG,5m
2026-01-29 11:10:00-05:00,2.360100030899048,2.369999885559082,2.360100030899048,2.369999885559082,647,0.0,0.0,AFCG,5m
2026-01-29 11:20:00-05:00,2.359999895095825,2.359999895095825,2.359999895095825,2.359999895095825,998,0.0,0.0,AFCG,5m
2026-01-29 11:25:00-05:00,2.359999895095825,2.359999895095825,2.359999895095825,2.359999895095825,210,0.0,0.0,AFCG,5m
2026-01-29 11:30:00-05:00,2.359999895095825,2.359999895095825,2.359999895095825,2.359999895095825,879,0.0,0.0,AFCG,5m
2026-01-29 11:35:00-05:00,2.3550000190734863,2.3550000190734863,2.3550000190734863,2.3550000190734863,250,0.0,0.0,AFCG,5m
2026-01-29 11:40:00-05:00,2.359800100326538,2.359800100326538,2.359800100326538,2.359800100326538,562,0.0,0.0,AFCG,5m
2026-01-29 11:45:00-05:00,2.3515000343322754,2.359999895095825,2.3515000343322754,2.359999895095825,354,0.0,0.0,AFCG,5m
2026-01-29 11:55:00-05:00,2.365000009536743,2.365000009536743,2.365000009536743,2.365000009536743,258,0.0,0.0,AFCG,5m
2026-01-29 12:00:00-05:00,2.365000009536743,2.365000009536743,2.365000009536743,2.365000009536743,295,0.0,0.0,AFCG,5m
2026-01-29 12:05:00-05:00,2.360100030899048,2.365000009536743,2.360100030899048,2.365000009536743,705,0.0,0.0,AFCG,5m
2026-01-29 12:10:00-05:00,2.369999885559082,2.380000114440918,2.369999885559082,2.380000114440918,2409,0.0,0.0,AFCG,5m
2026-01-29 12:15:00-05:00,2.384999990463257,2.384999990463257,2.3801000118255615,2.3801000118255615,2171,0.0,0.0,AFCG,5m
2026-01-29 12:20:00-05:00,2.380000114440918,2.380000114440918,2.380000114440918,2.380000114440918,312,0.0,0.0,AFCG,5m
2026-01-29 12:25:00-05:00,2.380000114440918,2.388700008392334,2.380000114440918,2.388700008392334,11886,0.0,0.0,AFCG,5m
2026-01-29 12:30:00-05:00,2.390000104904175,2.4000000953674316,2.375,2.375,24058,0.0,0.0,AFCG,5m
2026-01-29 12:35:00-05:00,2.369999885559082,2.369999885559082,2.365000009536743,2.369999885559082,3378,0.0,0.0,AFCG,5m
2026-01-29 12:40:00-05:00,2.365000009536743,2.365000009536743,2.3610000610351562,2.361999988555908,865,0.0,0.0,AFCG,5m
2026-01-29 12:45:00-05:00,2.361999988555908,2.361999988555908,2.3612000942230225,2.3612000942230225,480,0.0,0.0,AFCG,5m
2026-01-29 12:50:00-05:00,2.3613998889923096,2.3613998889923096,2.359999895095825,2.359999895095825,1425,0.0,0.0,AFCG,5m
2026-01-29 13:00:00-05:00,2.3550000190734863,2.359999895095825,2.3519999980926514,2.359999895095825,3232,0.0,0.0,AFCG,5m
2026-01-29 13:05:00-05:00,2.365000009536743,2.365000009536743,2.365000009536743,2.365000009536743,567,0.0,0.0,AFCG,5m
2026-01-29 13:15:00-05:00,2.365000009536743,2.365000009536743,2.3612000942230225,2.365000009536743,1429,0.0,0.0,AFCG,5m
2026-01-29 13:20:00-05:00,2.359999895095825,2.368499994277954,2.359999895095825,2.361999988555908,1417,0.0,0.0,AFCG,5m
2026-01-29 13:25:00-05:00,2.361999988555908,2.365000009536743,2.361999988555908,2.365000009536743,235,0.0,0.0,AFCG,5m
2026-01-29 13:30:00-05:00,2.365000009536743,2.3682000637054443,2.3612000942230225,2.3612000942230225,792,0.0,0.0,AFCG,5m
2026-01-29 13:35:00-05:00,2.360100030899048,2.360100030899048,2.360100030899048,2.360100030899048,3117,0.0,0.0,AFCG,5m
2026-01-29 13:40:00-05:00,2.359999895095825,2.361799955368042,2.359999895095825,2.359999895095825,863,0.0,0.0,AFCG,5m
2026-01-29 13:45:00-05:00,2.3612000942230225,2.3612000942230225,2.3612000942230225,2.3612000942230225,259,0.0,0.0,AFCG,5m
2026-01-29 13:55:00-05:00,2.359999895095825,2.361799955368042,2.3299999237060547,2.3299999237060547,10341,0.0,0.0,AFCG,5m
2026-01-29 14:00:00-05:00,2.325000047683716,2.3287999629974365,2.319999933242798,2.3287999629974365,2717,0.0,0.0,AFCG,5m
2026-01-29 14:05:00-05:00,2.325000047683716,2.325000047683716,2.322000026702881,2.322000026702881,1573,0.0,0.0,AFCG,5m
2026-01-29 14:10:00-05:00,2.322000026702881,2.325000047683716,2.322000026702881,2.325000047683716,2006,0.0,0.0,AFCG,5m
2026-01-29 14:15:00-05:00,2.325000047683716,2.329900026321411,2.319999933242798,2.3208999633789062,3239,0.0,0.0,AFCG,5m
2026-01-29 14:20:00-05:00,2.325000047683716,2.325000047683716,2.325000047683716,2.325000047683716,1652,0.0,0.0,AFCG,5m
2026-01-29 14:25:00-05:00,2.309999942779541,2.3399999141693115,2.309999942779541,2.315000057220459,19354,0.0,0.0,AFCG,5m
2026-01-29 14:30:00-05:00,2.309999942779541,2.309999942779541,2.30049991607666,2.302000045776367,3611,0.0,0.0,AFCG,5m
2026-01-29 14:35:00-05:00,2.305000066757202,2.305000066757202,2.305000066757202,2.305000066757202,196,0.0,0.0,AFCG,5m
2026-01-29 14:40:00-05:00,2.309999942779541,2.309999942779541,2.305000066757202,2.3099000453948975,1467,0.0,0.0,AFCG,5m
2026-01-29 14:45:00-05:00,2.305000066757202,2.315000057220459,2.305000066757202,2.315000057220459,3621,0.0,0.0,AFCG,5m
2026-01-29 14:50:00-05:00,2.315000057220459,2.3197999000549316,2.309999942779541,2.309999942779541,2613,0.0,0.0,AFCG,5m
2026-01-29 14:55:00-05:00,2.311300039291382,2.315000057220459,2.309999942779541,2.309999942779541,2915,0.0,0.0,AFCG,5m
2026-01-29 15:00:00-05:00,2.315000057220459,2.315000057220459,2.305000066757202,2.305000066757202,3184,0.0,0.0,AFCG,5m
2026-01-29 15:05:00-05:00,2.305000066757202,2.315000057220459,2.305000066757202,2.315000057220459,4532,0.0,0.0,AFCG,5m
2026-01-29 15:10:00-05:00,2.319999933242798,2.319999933242798,2.319999933242798,2.319999933242798,4936,0.0,0.0,AFCG,5m
2026-01-29 15:15:00-05:00,2.319999933242798,2.3217999935150146,2.319999933242798,2.3217999935150146,519,0.0,0.0,AFCG,5m
2026-01-29 15:20:00-05:00,2.325000047683716,2.3250999450683594,2.325000047683716,2.325000047683716,9060,0.0,0.0,AFCG,5m
2026-01-29 15:25:00-05:00,2.325000047683716,2.3299999237060547,2.325000047683716,2.325000047683716,2072,0.0,0.0,AFCG,5m
2026-01-29 15:30:00-05:00,2.319999933242798,2.319999933242798,2.309999942779541,2.309999942779541,1305,0.0,0.0,AFCG,5m
2026-01-29 15:35:00-05:00,2.309999942779541,2.315000057220459,2.305000066757202,2.305000066757202,7549,0.0,0.0,AFCG,5m
2026-01-29 15:40:00-05:00,2.309999942779541,2.3299999237060547,2.309999942779541,2.325000047683716,42425,0.0,0.0,AFCG,5m
2026-01-29 15:45:00-05:00,2.325000047683716,2.325000047683716,2.319999933242798,2.325000047683716,620,0.0,0.0,AFCG,5m
2026-01-29 15:50:00-05:00,2.3350000381469727,2.3450000286102295,2.3350000381469727,2.341200113296509,3650,0.0,0.0,AFCG,5m
2026-01-29 15:55:00-05:00,2.3299999237060547,2.3299999237060547,2.319999933242798,2.325000047683716,15414,0.0,0.0,AFCG,5m
2026-01-30 09:30:00-05:00,2.319999933242798,2.3399999141693115,2.319999933242798,2.3399999141693115,4086,0.0,0.0,AFCG,5m
2026-01-30 09:35:00-05:00,2.3468000888824463,2.3494999408721924,2.3438000679016113,2.3438000679016113,2854,0.0,0.0,AFCG,5m
2026-01-30 09:40:00-05:00,2.331899881362915,2.3399999141693115,2.331899881362915,2.3399999141693115,1323,0.0,0.0,AFCG,5m
2026-01-30 09:50:00-05:00,2.3499999046325684,2.3499999046325684,2.3299999237060547,2.3399999141693115,671,0.0,0.0,AFCG,5m
2026-01-30 09:55:00-05:00,2.3399999141693115,2.3399999141693115,2.3399999141693115,2.3399999141693115,843,0.0,0.0,AFCG,5m
2026-01-30 10:00:00-05:00,2.3499999046325684,2.3499999046325684,2.3499999046325684,2.3499999046325684,367,0.0,0.0,AFCG,5m
2026-01-30 10:05:00-05:00,2.3499999046325684,2.3499999046325684,2.3420000076293945,2.3420000076293945,12479,0.0,0.0,AFCG,5m
2026-01-30 10:10:00-05:00,2.319999933242798,2.319999933242798,2.309999942779541,2.309999942779541,619,0.0,0.0,AFCG,5m
2026-01-30 10:15:00-05:00,2.319999933242798,2.319999933242798,2.309999942779541,2.309999942779541,1145,0.0,0.0,AFCG,5m
2026-01-30 10:25:00-05:00,2.309999942779541,2.309999942779541,2.2899999618530273,2.2899999618530273,16692,0.0,0.0,AFCG,5m
2026-01-30 10:30:00-05:00,2.2950000762939453,2.2964999675750732,2.2950000762939453,2.2950000762939453,1353,0.0,0.0,AFCG,5m
2026-02-02 14:00:00-05:00,2.2225000858306885,2.2225000858306885,2.2225000858306885,2.2225000858306885,135498,0.0,0.0,AFCG,5m
2026-02-02 14:10:00-05:00,2.2249999046325684,2.2279000282287598,2.2249999046325684,2.2249999046325684,399,0.0,0.0,AFCG,5m
2026-02-02 14:15:00-05:00,2.2200000286102295,2.2249999046325684,2.2200000286102295,2.2249999046325684,1165,0.0,0.0,AFCG,5m
2026-02-02 14:20:00-05:00,2.2300000190734863,2.2300000190734863,2.2300000190734863,2.2300000190734863,191,0.0,0.0,AFCG,5m
2026-02-02 14:25:00-05:00,2.2255001068115234,2.2255001068115234,2.2255001068115234,2.2255001068115234,1136,0.0,0.0,AFCG,5m
2026-02-02 14:30:00-05:00,2.2200000286102295,2.2200000286102295,2.2149999141693115,2.2149999141693115,7788,0.0,0.0,AFCG,5m
2026-02-02 14:35:00-05:00,2.2200000286102295,2.2249999046325684,2.2200000286102295,2.2200000286102295,898,0.0,0.0,AFCG,5m
2026-02-02 14:40:00-05:00,2.2300000190734863,2.2300000190734863,2.2249999046325684,2.2249999046325684,8103,0.0,0.0,AFCG,5m
2026-02-02 14:45:00-05:00,2.2300000190734863,2.240000009536743,2.2300000190734863,2.240000009536743,10299,0.0,0.0,AFCG,5m
2026-02-02 14:50:00-05:00,2.2409000396728516,2.25,2.240000009536743,2.25,4357,0.0,0.0,AFCG,5m
2026-02-02 14:55:00-05:00,2.244999885559082,2.25,2.244999885559082,2.25,1324,0.0,0.0,AFCG,5m
2026-02-02 15:05:00-05:00,2.2399001121520996,2.2399001121520996,2.234999895095825,2.234999895095825,1714,0.0,0.0,AFCG,5m
2026-02-02 15:15:00-05:00,2.240000009536743,2.240000009536743,2.234999895095825,2.234999895095825,502,0.0,0.0,AFCG,5m
2026-02-02 15:25:00-05:00,2.2300000190734863,2.2355000972747803,2.2300000190734863,2.2355000972747803,646,0.0,0.0,AFCG,5m
2026-02-02 15:30:00-05:00,2.240000009536743,2.240000009536743,2.234999895095825,2.240000009536743,9816,0.0,0.0,AFCG,5m
2026-02-02 15:35:00-05:00,2.244999885559082,2.244999885559082,2.240000009536743,2.244999885559082,4927,0.0,0.0,AFCG,5m
2026-02-02 15:40:00-05:00,2.244999885559082,2.25,2.2300000190734863,2.25,13230,0.0,0.0,AFCG,5m
2026-02-02 15:50:00-05:00,2.240999937057495,2.244800090789795,2.240999937057495,2.244800090789795,693,0.0,0.0,AFCG,5m
2026-02-02 15:55:00-05:00,2.240000009536743,2.25,2.234999895095825,2.240000009536743,8307,0.0,0.0,AFCG,5m
2026-02-03 09:30:00-05:00,2.200000047683716,2.224400043487549,2.200000047683716,2.2100000381469727,18448,0.0,0.0,AFCG,5m
2026-02-03 09:35:00-05:00,2.200000047683716,2.2100000381469727,2.1700000762939453,2.2100000381469727,16200,0.0,0.0,AFCG,5m
2026-02-03 09:40:00-05:00,2.2100000381469727,2.2100000381469727,2.190000057220459,2.190000057220459,23250,0.0,0.0,AFCG,5m
2026-02-03 09:45:00-05:00,2.200000047683716,2.2049999237060547,2.200000047683716,2.2049999237060547,1395,0.0,0.0,AFCG,5m
2026-02-03 09:50:00-05:00,2.200000047683716,2.200000047683716,2.1500000953674316,2.180000066757202,24062,0.0,0.0,AFCG,5m
2026-02-03 09:55:00-05:00,2.180000066757202,2.184999942779541,2.180000066757202,2.180000066757202,30246,0.0,0.0,AFCG,5m
2026-02-03 10:00:00-05:00,2.1700000762939453,2.174999952316284,2.1600000858306885,2.1649999618530273,10438,0.0,0.0,AFCG,5m
2026-02-03 10:05:00-05:00,2.1602001190185547,2.184999942779541,2.1602001190185547,2.1700000762939453,42368,0.0,0.0,AFCG,5m
2026-02-03 10:10:00-05:00,2.180000066757202,2.190000057220459,2.1700000762939453,2.180000066757202,0,0.0,0.0,AFCG,5m
2026-02-03 10:15:00-05:00,2.180000066757202,2.190000057220459,2.174999952316284,2.174999952316284,12943,0.0,0.0,AFCG,5m
2026-02-03 10:20:00-05:00,2.170099973678589,2.190000057220459,2.170099973678589,2.185499906539917,4287,0.0,0.0,AFCG,5m
2026-02-03 10:25:00-05:00,2.180000066757202,2.190000057220459,2.1700000762939453,2.174999952316284,21401,0.0,0.0,AFCG,5m
2026-02-03 10:30:00-05:00,2.171299934387207,2.180000066757202,2.1500000953674316,2.1500000953674316,25102,0.0,0.0,AFCG,5m
2026-02-03 10:35:00-05:00,2.1600000858306885,2.1600000858306885,2.1500000953674316,2.1600000858306885,11308,0.0,0.0,AFCG,5m
2026-02-03 10:40:00-05:00,2.1500000953674316,2.1600000858306885,2.1500000953674316,2.1600000858306885,2224,0.0,0.0,AFCG,5m
2026-02-03 10:45:00-05:00,2.1500000953674316,2.1500000953674316,2.140000104904175,2.140000104904175,5063,0.0,0.0,AFCG,5m
2026-02-03 10:50:00-05:00,2.1501998901367188,2.1600000858306885,2.1500000953674316,2.1500000953674316,1736,0.0,0.0,AFCG,5m
2026-02-03 10:55:00-05:00,2.1500000953674316,2.1500000953674316,2.1398000717163086,2.1398000717163086,20515,0.0,0.0,AFCG,5m
2026-02-03 11:00:00-05:00,2.1303000450134277,2.1500000953674316,2.1303000450134277,2.1486001014709473,10888,0.0,0.0,AFCG,5m
2026-02-03 11:05:00-05:00,2.140000104904175,2.140000104904175,2.137700080871582,2.140000104904175,3131,0.0,0.0,AFCG,5m
2026-02-03 11:10:00-05:00,2.1449999809265137,2.1500000953674316,2.140000104904175,2.1449999809265137,4210,0.0,0.0,AFCG,5m
2026-02-03 11:15:00-05:00,2.1429998874664307,2.1449999809265137,2.1429998874664307,2.1449999809265137,3005,0.0,0.0,AFCG,5m
2026-02-03 11:20:00-05:00,2.1500000953674316,2.1500000953674316,2.141400098800659,2.141400098800659,308,0.0,0.0,AFCG,5m
2026-02-03 11:25:00-05:00,2.1500000953674316,2.1500000953674316,2.1449999809265137,2.1449999809265137,376,0.0,0.0,AFCG,5m
2026-02-03 11:30:00-05:00,2.1500000953674316,2.1500000953674316,2.1298000812530518,2.1298999786376953,7589,0.0,0.0,AFCG,5m
2026-02-03 11:35:00-05:00,2.125,2.140000104904175,2.125,2.134999990463257,3233,0.0,0.0,AFCG,5m
2026-02-03 11:40:00-05:00,2.140000104904175,2.140000104904175,2.140000104904175,2.140000104904175,1355,0.0,0.0,AFCG,5m
2026-02-03 11:45:00-05:00,2.140000104904175,2.140000104904175,2.1301000118255615,2.1301000118255615,3120,0.0,0.0,AFCG,5m
2026-02-03 11:50:00-05:00,2.139899969100952,2.139899969100952,2.139899969100952,2.139899969100952,333,0.0,0.0,AFCG,5m
2026-02-03 11:55:00-05:00,2.132999897003174,2.132999897003174,2.132999897003174,2.132999897003174,633,0.0,0.0,AFCG,5m
2026-02-03 12:00:00-05:00,2.140000104904175,2.140000104904175,2.134999990463257,2.134999990463257,619,0.0,0.0,AFCG,5m
2026-02-03 12:05:00-05:00,2.140000104904175,2.140000104904175,2.134999990463257,2.140000104904175,7489,0.0,0.0,AFCG,5m
2026-02-03 12:10:00-05:00,2.140000104904175,2.140000104904175,2.130000114440918,2.131700038909912,2801,0.0,0.0,AFCG,5m
2026-02-03 12:15:00-05:00,2.140000104904175,2.140000104904175,2.130000114440918,2.140000104904175,2006,0.0,0.0,AFCG,5m
2026-02-03 12:25:00-05:00,2.1382999420166016,2.1382999420166016,2.130000114440918,2.130000114440918,6072,0.0,0.0,AFCG,5m
2026-02-03 12:30:00-05:00,2.130000114440918,2.130000114440918,2.130000114440918,2.130000114440918,2407,0.0,0.0,AFCG,5m
2026-02-03 12:35:00-05:00,2.1301000118255615,2.1301000118255615,2.1301000118255615,2.1301000118255615,652,0.0,0.0,AFCG,5m
2026-02-03 12:40:00-05:00,2.130199909210205,2.130199909210205,2.130199909210205,2.130199909210205,499,0.0,0.0,AFCG,5m
2026-02-03 12:45:00-05:00,2.134999990463257,2.1379001140594482,2.134999990463257,2.1379001140594482,476,0.0,0.0,AFCG,5m
2026-02-03 12:50:00-05:00,2.134999990463257,2.134999990463257,2.134999990463257,2.134999990463257,365,0.0,0.0,AFCG,5m
2026-02-03 12:55:00-05:00,2.134500026702881,2.134500026702881,2.134500026702881,2.134500026702881,451,0.0,0.0,AFCG,5m
2026-02-03 13:05:00-05:00,2.140000104904175,2.140000104904175,2.134999990463257,2.134999990463257,633,0.0,0.0,AFCG,5m
2026-02-03 13:10:00-05:00,2.130000114440918,2.130000114440918,2.130000114440918,2.130000114440918,4890,0.0,0.0,AFCG,5m
2026-02-03 13:15:00-05:00,2.125,2.130000114440918,2.119999885559082,2.128000020980835,1874,0.0,0.0,AFCG,5m
2026-02-03 13:20:00-05:00,2.130000114440918,2.140000104904175,2.130000114440918,2.140000104904175,7804,0.0,0.0,AFCG,5m
2026-02-03 13:25:00-05:00,2.1449999809265137,2.1496999263763428,2.140000104904175,2.1449999809265137,3125,0.0,0.0,AFCG,5m
2026-02-03 13:30:00-05:00,2.1449999809265137,2.1498000621795654,2.1449999809265137,2.1449999809265137,962,0.0,0.0,AFCG,5m
2026-02-03 13:35:00-05:00,2.1401000022888184,2.1500000953674316,2.1401000022888184,2.1449999809265137,3348,0.0,0.0,AFCG,5m
2026-02-03 13:40:00-05:00,2.1449999809265137,2.1449999809265137,2.140000104904175,2.1449999809265137,2407,0.0,0.0,AFCG,5m
2026-02-03 13:45:00-05:00,2.1449999809265137,2.1482999324798584,2.1449999809265137,2.1449999809265137,569,0.0,0.0,AFCG,5m
2026-02-03 13:50:00-05:00,2.1449999809265137,2.1449999809265137,2.1449999809265137,2.1449999809265137,446,0.0,0.0,AFCG,5m
2026-02-03 13:55:00-05:00,2.1500000953674316,2.1500000953674316,2.1449999809265137,2.1449999809265137,2000,0.0,0.0,AFCG,5m
2026-02-03 14:00:00-05:00,2.1500000953674316,2.1500000953674316,2.140399932861328,2.140399932861328,2291,0.0,0.0,AFCG,5m
2026-02-03 14:05:00-05:00,2.1500000953674316,2.1500000953674316,2.1449999809265137,2.1449999809265137,976,0.0,0.0,AFCG,5m
2026-02-03 14:10:00-05:00,2.1500000953674316,2.1549999713897705,2.1500000953674316,2.1549999713897705,464,0.0,0.0,AFCG,5m
2026-02-03 14:15:00-05:00,2.1549999713897705,2.1549999713897705,2.1500000953674316,2.1531999111175537,3477,0.0,0.0,AFCG,5m
2026-02-03 14:20:00-05:00,2.1547999382019043,2.1596999168395996,2.140000104904175,2.1449999809265137,9264,0.0,0.0,AFCG,5m
2026-02-03 14:25:00-05:00,2.140000104904175,2.1449999809265137,2.134999990463257,2.140000104904175,1627,0.0,0.0,AFCG,5m
2026-02-03 14:30:00-05:00,2.140000104904175,2.1424999237060547,2.140000104904175,2.1424999237060547,419,0.0,0.0,AFCG,5m
2026-02-03 14:35:00-05:00,2.1500000953674316,2.1500000953674316,2.1500000953674316,2.1500000953674316,313,0.0,0.0,AFCG,5m
2026-02-03 14:40:00-05:00,2.1500000953674316,2.1500000953674316,2.1500000953674316,2.1500000953674316,586,0.0,0.0,AFCG,5m
2026-02-03 14:45:00-05:00,2.1500000953674316,2.1500000953674316,2.1500000953674316,2.1500000953674316,280,0.0,0.0,AFCG,5m
2026-02-03 14:50:00-05:00,2.149899959564209,2.149899959564209,2.1419999599456787,2.1449999809265137,5736,0.0,0.0,AFCG,5m
2026-02-03 14:55:00-05:00,2.1500000953674316,2.1579999923706055,2.1500000953674316,2.1579999923706055,1112,0.0,0.0,AFCG,5m
2026-02-03 15:00:00-05:00,2.150099992752075,2.150099992752075,2.150099992752075,2.150099992752075,39,0.0,0.0,AFCG,5m
2026-02-03 15:05:00-05:00,2.1549999713897705,2.1549999713897705,2.1549999713897705,2.1549999713897705,775,0.0,0.0,AFCG,5m
2026-02-03 15:10:00-05:00,2.1500000953674316,2.1549999713897705,2.1500000953674316,2.1549999713897705,1286,0.0,0.0,AFCG,5m
2026-02-03 15:20:00-05:00,2.1600000858306885,2.1600000858306885,2.1600000858306885,2.1600000858306885,1003,0.0,0.0,AFCG,5m
2026-02-03 15:25:00-05:00,2.1649999618530273,2.1649999618530273,2.1649999618530273,2.1649999618530273,5148,0.0,0.0,AFCG,5m
2026-02-03 15:30:00-05:00,2.1700000762939453,2.1700000762939453,2.1700000762939453,2.1700000762939453,486,0.0,0.0,AFCG,5m
2026-02-03 15:35:00-05:00,2.174999952316284,2.174999952316284,2.1700000762939453,2.1700000762939453,6207,0.0,0.0,AFCG,5m
2026-02-03 15:40:00-05:00,2.1649999618530273,2.1700000762939453,2.1649999618530273,2.1700000762939453,848,0.0,0.0,AFCG,5m
2026-02-03 15:45:00-05:00,2.1700000762939453,2.1700000762939453,2.1700000762939453,2.1700000762939453,857,0.0,0.0,AFCG,5m
2026-02-03 15:50:00-05:00,2.1700000762939453,2.174999952316284,2.1700000762939453,2.1700000762939453,5110,0.0,0.0,AFCG,5m
2026-02-03 15:55:00-05:00,2.174999952316284,2.174999952316284,2.1449999809265137,2.1449999809265137,10376,0.0,0.0,AFCG,5m
2026-02-04 09:30:00-05:00,2.109999895095825,2.203000068664551,2.109999895095825,2.203000068664551,64062,0.0,0.0,AFCG,5m
2026-02-04 09:40:00-05:00,2.1500000953674316,2.1500000953674316,2.140000104904175,2.140000104904175,1209,0.0,0.0,AFCG,5m
2026-02-04 09:45:00-05:00,2.1549999713897705,2.1549999713897705,2.130000114440918,2.130000114440918,1035,0.0,0.0,AFCG,5m
2026-02-04 09:50:00-05:00,2.140500068664551,2.1500000953674316,2.1401000022888184,2.1401000022888184,3067,0.0,0.0,AFCG,5m
2026-02-04 09:55:00-05:00,2.140000104904175,2.140000104904175,2.134999990463257,2.134999990463257,1140,0.0,0.0,AFCG,5m
2026-02-04 10:00:00-05:00,2.119999885559082,2.134000062942505,2.119999885559082,2.130000114440918,2140,0.0,0.0,AFCG,5m
2026-02-04 10:05:00-05:00,2.119999885559082,2.119999885559082,2.119999885559082,2.119999885559082,261,0.0,0.0,AFCG,5m
2026-02-04 10:10:00-05:00,2.130000114440918,2.130000114440918,2.119999885559082,2.119999885559082,3990,0.0,0.0,AFCG,5m
2026-02-04 10:15:00-05:00,2.119999885559082,2.125,2.119999885559082,2.125,392,0.0,0.0,AFCG,5m
2026-02-04 10:20:00-05:00,2.1201000213623047,2.1466000080108643,2.1201000213623047,2.1449999809265137,8177,0.0,0.0,AFCG,5m
2026-02-04 10:25:00-05:00,2.140000104904175,2.1500000953674316,2.140000104904175,2.1500000953674316,18940,0.0,0.0,AFCG,5m
2026-02-04 10:30:00-05:00,2.1419999599456787,2.1449999809265137,2.134999990463257,2.134999990463257,0,0.0,0.0,AFCG,5m
2026-02-04 10:35:00-05:00,2.134999990463257,2.134999990463257,2.119999885559082,2.130000114440918,2700,0.0,0.0,AFCG,5m
2026-02-04 10:40:00-05:00,2.129699945449829,2.129699945449829,2.1201000213623047,2.1284000873565674,1735,0.0,0.0,AFCG,5m
2026-02-04 10:45:00-05:00,2.130000114440918,2.130000114440918,2.124500036239624,2.125,833,0.0,0.0,AFCG,5m
2026-02-04 10:55:00-05:00,2.1201000213623047,2.125,2.119999885559082,2.119999885559082,1847,0.0,0.0,AFCG,5m
2026-02-04 11:10:00-05:00,2.121500015258789,2.1289000511169434,2.121500015258789,2.1289000511169434,1352,0.0,0.0,AFCG,5m
2026-02-04 11:15:00-05:00,2.125,2.125,2.119999885559082,2.125,2353,0.0,0.0,AFCG,5m
2026-02-04 11:25:00-05:00,2.119999885559082,2.119999885559082,2.119999885559082,2.119999885559082,173,0.0,0.0,AFCG,5m
2026-02-04 11:30:00-05:00,2.119999885559082,2.125,2.119999885559082,2.119999885559082,2486,0.0,0.0,AFCG,5m
2026-02-04 11:35:00-05:00,2.115000009536743,2.118000030517578,2.115000009536743,2.118000030517578,1142,0.0,0.0,AFCG,5m
2026-02-04 11:40:00-05:00,2.109999895095825,2.109999895095825,2.0999999046325684,2.0999999046325684,1125,0.0,0.0,AFCG,5m
2026-02-04 11:45:00-05:00,2.100800037384033,2.100800037384033,2.0799999237060547,2.0799999237060547,8863,0.0,0.0,AFCG,5m
2026-02-04 11:50:00-05:00,2.0799999237060547,2.0897998809814453,2.0799999237060547,2.0866000652313232,1215,0.0,0.0,AFCG,5m
2026-02-04 11:55:00-05:00,2.0850000381469727,2.0950000286102295,2.0850000381469727,2.0950000286102295,1691,0.0,0.0,AFCG,5m
2026-02-04 12:00:00-05:00,2.0915000438690186,2.0950000286102295,2.0915000438690186,2.0950000286102295,471,0.0,0.0,AFCG,5m
2026-02-04 12:05:00-05:00,2.0950000286102295,2.109999895095825,2.0950000286102295,2.0999999046325684,4797,0.0,0.0,AFCG,5m
2026-02-04 12:10:00-05:00,2.1050000190734863,2.109999895095825,2.1050000190734863,2.1050000190734863,3757,0.0,0.0,AFCG,5m
2026-02-04 12:15:00-05:00,2.1050000190734863,2.109999895095825,2.1050000190734863,2.109999895095825,3885,0.0,0.0,AFCG,5m
2026-02-04 12:20:00-05:00,2.119999885559082,2.119999885559082,2.115000009536743,2.115000009536743,1162,0.0,0.0,AFCG,5m
2026-02-04 12:25:00-05:00,2.109999895095825,2.109999895095825,2.0999999046325684,2.0999999046325684,1575,0.0,0.0,AFCG,5m
2026-02-04 12:30:00-05:00,2.0899999141693115,2.0899999141693115,2.0850000381469727,2.0850000381469727,923,0.0,0.0,AFCG,5m
2026-02-04 12:35:00-05:00,2.0850000381469727,2.0850000381469727,2.0850000381469727,2.0850000381469727,852,0.0,0.0,AFCG,5m
2026-02-04 12:40:00-05:00,2.0799999237060547,2.0899999141693115,2.0799999237060547,2.0899999141693115,2937,0.0,0.0,AFCG,5m
2026-02-04 12:45:00-05:00,2.090100049972534,2.090100049972534,2.069999933242798,2.0899999141693115,18383,0.0,0.0,AFCG,5m
2026-02-04 13:00:00-05:00,2.0899999141693115,2.0999999046325684,2.0899999141693115,2.0950000286102295,3769,0.0,0.0,AFCG,5m
2026-02-04 13:10:00-05:00,2.0934998989105225,2.0934998989105225,2.0899999141693115,2.0899999141693115,672,0.0,0.0,AFCG,5m
2026-02-04 13:15:00-05:00,2.0950000286102295,2.1050000190734863,2.0950000286102295,2.0999999046325684,57181,0.0,0.0,AFCG,5m
2026-02-04 13:20:00-05:00,2.0950000286102295,2.109999895095825,2.0950000286102295,2.1050000190734863,0,0.0,0.0,AFCG,5m
2026-02-04 13:25:00-05:00,2.1050000190734863,2.109999895095825,2.1050000190734863,2.109999895095825,964,0.0,0.0,AFCG,5m
2026-02-04 13:30:00-05:00,2.1185998916625977,2.130000114440918,2.1185998916625977,2.130000114440918,1771,0.0,0.0,AFCG,5m
2026-02-04 13:35:00-05:00,2.134999990463257,2.138700008392334,2.130000114440918,2.138700008392334,1119,0.0,0.0,AFCG,5m
2026-02-04 13:45:00-05:00,2.130000114440918,2.130000114440918,2.130000114440918,2.130000114440918,190,0.0,0.0,AFCG,5m
2026-02-04 13:50:00-05:00,2.119999885559082,2.119999885559082,2.1050000190734863,2.1050000190734863,608,0.0,0.0,AFCG,5m
2026-02-04 13:55:00-05:00,2.1050000190734863,2.109999895095825,2.1050000190734863,2.109999895095825,579,0.0,0.0,AFCG,5m
2026-02-04 14:00:00-05:00,2.1182000637054443,2.1182000637054443,2.1182000637054443,2.1182000637054443,209,0.0,0.0,AFCG,5m
2026-02-04 14:10:00-05:00,2.1101999282836914,2.1101999282836914,2.110100030899048,2.110100030899048,1625,0.0,0.0,AFCG,5m
2026-02-04 14:15:00-05:00,2.11299991607666,2.11299991607666,2.11299991607666,2.11299991607666,328,0.0,0.0,AFCG,5m
2026-02-04 14:25:00-05:00,2.109999895095825,2.115000009536743,2.109999895095825,2.115000009536743,281,0.0,0.0,AFCG,5m
2026-02-04 14:30:00-05:00,2.119999885559082,2.119999885559082,2.115000009536743,2.115000009536743,800,0.0,0.0,AFCG,5m
2026-02-04 14:40:00-05:00,2.115000009536743,2.115000009536743,2.115000009536743,2.115000009536743,928,0.0,0.0,AFCG,5m
2026-02-04 14:45:00-05:00,2.115000009536743,2.130000114440918,2.115000009536743,2.130000114440918,19394,0.0,0.0,AFCG,5m
2026-02-04 14:50:00-05:00,2.134999990463257,2.180000066757202,2.134999990463257,2.180000066757202,2364,0.0,0.0,AFCG,5m
2026-02-04 14:55:00-05:00,2.174999952316284,2.174999952316284,2.174999952316284,2.174999952316284,2007,0.0,0.0,AFCG,5m
2026-02-04 15:00:00-05:00,2.174299955368042,2.184999942779541,2.174299955368042,2.184999942779541,887,0.0,0.0,AFCG,5m
2026-02-04 15:05:00-05:00,2.180000066757202,2.1814000606536865,2.1700000762939453,2.1700000762939453,802,0.0,0.0,AFCG,5m
2026-02-04 15:10:00-05:00,2.1700000762939453,2.1700000762939453,2.1700000762939453,2.1700000762939453,509,0.0,0.0,AFCG,5m
2026-02-04 15:15:00-05:00,2.1700000762939453,2.1700000762939453,2.1700000762939453,2.1700000762939453,432,0.0,0.0,AFCG,5m
2026-02-04 15:20:00-05:00,2.1700000762939453,2.1700000762939453,2.1700000762939453,2.1700000762939453,146,0.0,0.0,AFCG,5m
2026-02-04 15:25:00-05:00,2.174999952316284,2.174999952316284,2.1600000858306885,2.1600000858306885,5806,0.0,0.0,AFCG,5m
2026-02-04 15:30:00-05:00,2.1649999618530273,2.1649999618530273,2.1649999618530273,2.1649999618530273,355,0.0,0.0,AFCG,5m
2026-02-04 15:35:00-05:00,2.1649999618530273,2.1649999618530273,2.1600000858306885,2.1600000858306885,337,0.0,0.0,AFCG,5m
2026-02-04 15:40:00-05:00,2.1600000858306885,2.174999952316284,2.1600000858306885,2.1700000762939453,990,0.0,0.0,AFCG,5m
2026-02-04 15:45:00-05:00,2.174999952316284,2.174999952316284,2.174999952316284,2.174999952316284,366,0.0,0.0,AFCG,5m
2026-02-04 15:50:00-05:00,2.180000066757202,2.184999942779541,2.1700000762939453,2.180000066757202,6974,0.0,0.0,AFCG,5m
2026-02-04 15:55:00-05:00,2.1700000762939453,2.1700000762939453,2.1649999618530273,2.1700000762939453,3708,0.0,0.0,AFCG,5m
2026-02-05 09:30:00-05:00,2.140000104904175,2.140000104904175,2.119999885559082,2.119999885559082,2753,0.0,0.0,AFCG,5m
2026-02-05 09:35:00-05:00,2.1212000846862793,2.1554999351501465,2.119999885559082,2.119999885559082,4153,0.0,0.0,AFCG,5m
2026-02-05 09:45:00-05:00,2.140000104904175,2.140000104904175,2.140000104904175,2.140000104904175,482,0.0,0.0,AFCG,5m
2026-02-05 09:50:00-05:00,2.140000104904175,2.140000104904175,2.0999999046325684,2.0999999046325684,19366,0.0,0.0,AFCG,5m
2026-02-05 09:55:00-05:00,2.0899999141693115,2.0899999141693115,2.0899999141693115,2.0899999141693115,337,0.0,0.0,AFCG,5m
2026-02-05 10:00:00-05:00,2.0810999870300293,2.0899999141693115,2.059999942779541,2.059999942779541,2859,0.0,0.0,AFCG,5m
2026-02-05 10:05:00-05:00,2.059999942779541,2.0799999237060547,2.059999942779541,2.0799999237060547,1304,0.0,0.0,AFCG,5m
2026-02-05 10:15:00-05:00,2.069999933242798,2.0799999237060547,2.069999933242798,2.075000047683716,397,0.0,0.0,AFCG,5m
2026-02-05 10:20:00-05:00,2.069999933242798,2.0750999450683594,2.069999933242798,2.075000047683716,5156,0.0,0.0,AFCG,5m
2026-02-05 10:25:00-05:00,2.0799999237060547,2.080899953842163,2.075000047683716,2.080899953842163,3212,0.0,0.0,AFCG,5m
2026-02-05 10:30:00-05:00,2.0850000381469727,2.0850000381469727,2.069999933242798,2.069999933242798,2677,0.0,0.0,AFCG,5m
2026-02-05 10:35:00-05:00,2.0701000690460205,2.0799999237060547,2.059999942779541,2.0799999237060547,21945,0.0,0.0,AFCG,5m
2026-02-05 10:40:00-05:00,2.0850000381469727,2.0850000381469727,2.075000047683716,2.075000047683716,0,0.0,0.0,AFCG,5m
2026-02-05 10:45:00-05:00,2.075000047683716,2.075000047683716,2.068000078201294,2.075000047683716,5396,0.0,0.0,AFCG,5m
2026-02-05 10:55:00-05:00,2.075000047683716,2.075000047683716,2.075000047683716,2.075000047683716,813,0.0,0.0,AFCG,5m
2026-02-05 11:00:00-05:00,2.0769999027252197,2.0769999027252197,2.0769999027252197,2.0769999027252197,635,0.0,0.0,AFCG,5m
2026-02-05 11:10:00-05:00,2.0764999389648438,2.0769999027252197,2.075000047683716,2.075000047683716,1394,0.0,0.0,AFCG,5m
2026-02-05 11:20:00-05:00,2.069999933242798,2.069999933242798,2.059999942779541,2.065000057220459,5156,0.0,0.0,AFCG,5m
2026-02-05 11:25:00-05:00,2.069999933242798,2.069999933242798,2.069999933242798,2.069999933242798,3982,0.0,0.0,AFCG,5m
2026-02-05 11:30:00-05:00,2.069999933242798,2.069999933242798,2.069999933242798,2.069999933242798,153,0.0,0.0,AFCG,5m
2026-02-05 11:35:00-05:00,2.073499917984009,2.0790998935699463,2.073499917984009,2.0790998935699463,960,0.0,0.0,AFCG,5m
2026-02-05 11:40:00-05:00,2.075000047683716,2.0799999237060547,2.075000047683716,2.0799999237060547,7289,0.0,0.0,AFCG,5m
2026-02-05 11:45:00-05:00,2.0799999237060547,2.088200092315674,2.0799999237060547,2.088200092315674,840,0.0,0.0,AFCG,5m
2026-02-05 11:50:00-05:00,2.0799999237060547,2.0810999870300293,2.0799999237060547,2.0810999870300293,1442,0.0,0.0,AFCG,5m
2026-02-05 11:55:00-05:00,2.083699941635132,2.0999999046325684,2.083699941635132,2.0950000286102295,7750,0.0,0.0,AFCG,5m
2026-02-05 12:00:00-05:00,2.0899999141693115,2.0899999141693115,2.0899999141693115,2.0899999141693115,214,0.0,0.0,AFCG,5m
2026-02-05 12:05:00-05:00,2.0850000381469727,2.0850000381469727,2.0850000381469727,2.0850000381469727,305,0.0,0.0,AFCG,5m
2026-02-05 12:10:00-05:00,2.080899953842163,2.080899953842163,2.080899953842163,2.080899953842163,729,0.0,0.0,AFCG,5m
2026-02-05 12:20:00-05:00,2.080899953842163,2.0850000381469727,2.0799999237060547,2.0799999237060547,2865,0.0,0.0,AFCG,5m
2026-02-05 12:25:00-05:00,2.0850000381469727,2.0887999534606934,2.0850000381469727,2.0887999534606934,352,0.0,0.0,AFCG,5m
2026-02-05 12:30:00-05:00,2.0899999141693115,2.0899999141693115,2.0850000381469727,2.0850000381469727,1959,0.0,0.0,AFCG,5m
2026-02-05 12:40:00-05:00,2.0850000381469727,2.088399887084961,2.0850000381469727,2.088399887084961,320,0.0,0.0,AFCG,5m
2026-02-05 12:45:00-05:00,2.0799999237060547,2.0799999237060547,2.075000047683716,2.075000047683716,10776,0.0,0.0,AFCG,5m
2026-02-05 12:50:00-05:00,2.0701000690460205,2.0701000690460205,2.0701000690460205,2.0701000690460205,679,0.0,0.0,AFCG,5m
2026-02-05 13:00:00-05:00,2.075000047683716,2.075000047683716,2.075000047683716,2.075000047683716,613,0.0,0.0,AFCG,5m
2026-02-05 13:10:00-05:00,2.069999933242798,2.0701000690460205,2.069999933242798,2.0701000690460205,2292,0.0,0.0,AFCG,5m
2026-02-05 13:15:00-05:00,2.069999933242798,2.069999933242798,2.069999933242798,2.069999933242798,133,0.0,0.0,AFCG,5m
2026-02-05 13:20:00-05:00,2.069999933242798,2.075000047683716,2.069999933242798,2.075000047683716,283,0.0,0.0,AFCG,5m
2026-02-05 13:25:00-05:00,2.069999933242798,2.069999933242798,2.069999933242798,2.069999933242798,3840,0.0,0.0,AFCG,5m
2026-02-05 13:30:00-05:00,2.075000047683716,2.075000047683716,2.065000057220459,2.069999933242798,21266,0.0,0.0,AFCG,5m
2026-02-05 13:35:00-05:00,2.069999933242798,2.0750999450683594,2.069999933242798,2.0750999450683594,891,0.0,0.0,AFCG,5m
2026-02-05 13:40:00-05:00,2.075000047683716,2.075000047683716,2.075000047683716,2.075000047683716,436,0.0,0.0,AFCG,5m
2026-02-05 13:55:00-05:00,2.072200059890747,2.075000047683716,2.072200059890747,2.075000047683716,205,0.0,0.0,AFCG,5m
2026-02-05 14:05:00-05:00,2.079900026321411,2.0850000381469727,2.079900026321411,2.0850000381469727,937,0.0,0.0,AFCG,5m
2026-02-05 14:10:00-05:00,2.0850000381469727,2.0850000381469727,2.080399990081787,2.080399990081787,1575,0.0,0.0,AFCG,5m
2026-02-05 14:15:00-05:00,2.088599920272827,2.088599920272827,2.088599920272827,2.088599920272827,238,0.0,0.0,AFCG,5m
2026-02-05 14:20:00-05:00,2.088599920272827,2.0887999534606934,2.0801000595092773,2.0887999534606934,1010,0.0,0.0,AFCG,5m
2026-02-05 14:25:00-05:00,2.083400011062622,2.0899999141693115,2.0799999237060547,2.0799999237060547,3887,0.0,0.0,AFCG,5m
2026-02-05 14:30:00-05:00,2.075000047683716,2.0850000381469727,2.075000047683716,2.081199884414673,2949,0.0,0.0,AFCG,5m
2026-02-05 14:35:00-05:00,2.0899999141693115,2.0899999141693115,2.0864999294281006,2.0864999294281006,803,0.0,0.0,AFCG,5m
2026-02-05 14:40:00-05:00,2.0820999145507812,2.0820999145507812,2.0820999145507812,2.0820999145507812,0,0.0,0.0,AFCG,5m
2026-02-05 14:55:00-05:00,2.089900016784668,2.089900016784668,2.0799999237060547,2.0799999237060547,5356,0.0,0.0,AFCG,5m
2026-02-05 15:00:00-05:00,2.0850000381469727,2.0850000381469727,2.0799999237060547,2.080199956893921,4090,0.0,0.0,AFCG,5m
2026-02-05 15:05:00-05:00,2.0799999237060547,2.0850000381469727,2.0799999237060547,2.0850000381469727,0,0.0,0.0,AFCG,5m
2026-02-05 15:10:00-05:00,2.0850000381469727,2.0850000381469727,2.0850000381469727,2.0850000381469727,101,0.0,0.0,AFCG,5m
2026-02-05 15:15:00-05:00,2.0799999237060547,2.0799999237060547,2.0799999237060547,2.0799999237060547,52999,0.0,0.0,AFCG,5m
2026-02-05 15:20:00-05:00,2.0799999237060547,2.0799999237060547,2.075000047683716,2.0799999237060547,0,0.0,0.0,AFCG,5m
2026-02-05 15:35:00-05:00,2.0799999237060547,2.099299907684326,2.0799999237060547,2.099299907684326,2875,0.0,0.0,AFCG,5m
2026-02-05 15:40:00-05:00,2.0899999141693115,2.0899999141693115,2.0896999835968018,2.0899999141693115,1963,0.0,0.0,AFCG,5m
2026-02-05 15:50:00-05:00,2.0799999237060547,2.0850000381469727,2.0799999237060547,2.0799999237060547,2874,0.0,0.0,AFCG,5m
2026-02-05 15:55:00-05:00,2.0799999237060547,2.0899999141693115,2.0799999237060547,2.0899999141693115,3143,0.0,0.0,AFCG,5m
2026-02-06 09:30:00-05:00,2.0799999237060547,2.11080002784729,2.0799999237060547,2.11080002784729,4466,0.0,0.0,AFCG,5m
2026-02-06 09:35:00-05:00,2.071700096130371,2.071700096130371,2.068700075149536,2.068700075149536,305,0.0,0.0,AFCG,5m
2026-02-06 09:40:00-05:00,2.066999912261963,2.075000047683716,2.065000057220459,2.075000047683716,2784,0.0,0.0,AFCG,5m
2026-02-06 09:45:00-05:00,2.075000047683716,2.140000104904175,2.075000047683716,2.119999885559082,6976,0.0,0.0,AFCG,5m
2026-02-06 09:50:00-05:00,2.0899999141693115,2.0899999141693115,2.0799999237060547,2.0799999237060547,1467,0.0,0.0,AFCG,5m
2026-02-06 09:55:00-05:00,2.078000068664551,2.0799999237060547,2.075000047683716,2.0799999237060547,1219,0.0,0.0,AFCG,5m
2026-02-06 10:00:00-05:00,2.0799999237060547,2.0799999237060547,2.069999933242798,2.0799999237060547,1586,0.0,0.0,AFCG,5m
2026-02-06 10:05:00-05:00,2.0799999237060547,2.0799999237060547,2.0799999237060547,2.0799999237060547,1523,0.0,0.0,AFCG,5m
2026-02-06 10:15:00-05:00,2.094399929046631,2.094399929046631,2.094399929046631,2.094399929046631,158,0.0,0.0,AFCG,5m
2026-02-06 10:25:00-05:00,2.0999999046325684,2.109999895095825,2.0999999046325684,2.0999999046325684,3153,0.0,0.0,AFCG,5m
2026-02-06 10:30:00-05:00,2.1050000190734863,2.1050000190734863,2.0950000286102295,2.0950000286102295,1938,0.0,0.0,AFCG,5m
2026-02-06 10:35:00-05:00,2.1050000190734863,2.1050000190734863,2.094899892807007,2.0999999046325684,2907,0.0,0.0,AFCG,5m
2026-02-06 10:55:00-05:00,2.100100040435791,2.100100040435791,2.100100040435791,2.100100040435791,4250,0.0,0.0,AFCG,5m
2026-02-06 11:00:00-05:00,2.109999895095825,2.109999895095825,2.109999895095825,2.109999895095825,531,0.0,0.0,AFCG,5m
2026-02-06 11:15:00-05:00,2.119999885559082,2.119999885559082,2.119999885559082,2.119999885559082,1442,0.0,0.0,AFCG,5m
2026-02-06 11:20:00-05:00,2.119999885559082,2.119999885559082,2.119999885559082,2.119999885559082,398,0.0,0.0,AFCG,5m
2026-02-06 11:30:00-05:00,2.128000020980835,2.135499954223633,2.128000020980835,2.130000114440918,5864,0.0,0.0,AFCG,5m
2026-02-06 11:35:00-05:00,2.125,2.134999990463257,2.125,2.134999990463257,1086,0.0,0.0,AFCG,5m
2026-02-06 11:45:00-05:00,2.140000104904175,2.140000104904175,2.130000114440918,2.130000114440918,1390,0.0,0.0,AFCG,5m
2026-02-06 11:50:00-05:00,2.130000114440918,2.130000114440918,2.1113998889923096,2.115000009536743,8442,0.0,0.0,AFCG,5m
2026-02-06 12:00:00-05:00,2.1113998889923096,2.1113998889923096,2.1113998889923096,2.1113998889923096,380,0.0,0.0,AFCG,5m
2026-02-06 12:05:00-05:00,2.115000009536743,2.130000114440918,2.115000009536743,2.130000114440918,5700,0.0,0.0,AFCG,5m
2026-02-06 12:10:00-05:00,2.134999990463257,2.140000104904175,2.134999990463257,2.140000104904175,759,0.0,0.0,AFCG,5m
2026-02-06 12:15:00-05:00,2.13919997215271,2.13919997215271,2.13919997215271,2.13919997215271,444,0.0,0.0,AFCG,5m
2026-02-06 12:20:00-05:00,2.134999990463257,2.134999990463257,2.123500108718872,2.125,3113,0.0,0.0,AFCG,5m
2026-02-06 12:25:00-05:00,2.124500036239624,2.125,2.124500036239624,2.125,523,0.0,0.0,AFCG,5m
2026-02-06 12:30:00-05:00,2.1277999877929688,2.134999990463257,2.124000072479248,2.134999990463257,3357,0.0,0.0,AFCG,5m
2026-02-06 12:35:00-05:00,2.134999990463257,2.137200117111206,2.130000114440918,2.137200117111206,1928,0.0,0.0,AFCG,5m
2026-02-06 12:55:00-05:00,2.1231000423431396,2.1231000423431396,2.1231000423431396,2.1231000423431396,1103,0.0,0.0,AFCG,5m
2026-02-06 13:25:00-05:00,2.128000020980835,2.128000020980835,2.128000020980835,2.128000020980835,221,0.0,0.0,AFCG,5m
2026-02-06 13:30:00-05:00,2.125,2.125,2.125,2.125,675,0.0,0.0,AFCG,5m
2026-02-06 13:45:00-05:00,2.130000114440918,2.130000114440918,2.130000114440918,2.130000114440918,520,0.0,0.0,AFCG,5m
2026-02-06 13:50:00-05:00,2.130000114440918,2.130000114440918,2.125,2.130000114440918,1880,0.0,0.0,AFCG,5m
2026-02-06 14:05:00-05:00,2.125,2.125,2.125,2.125,200,0.0,0.0,AFCG,5m
2026-02-06 14:10:00-05:00,2.119999885559082,2.119999885559082,2.119999885559082,2.119999885559082,8004,0.0,0.0,AFCG,5m
2026-02-06 14:15:00-05:00,2.1201000213623047,2.1201000213623047,2.1201000213623047,2.1201000213623047,280,0.0,0.0,AFCG,5m
2026-02-06 14:25:00-05:00,2.125,2.140000104904175,2.125,2.140000104904175,2330,0.0,0.0,AFCG,5m
2026-02-06 15:00:00-05:00,2.1500000953674316,2.1500000953674316,2.1449999809265137,2.1500000953674316,14397,0.0,0.0,AFCG,5m
2026-02-06 15:05:00-05:00,2.1565001010894775,2.1565001010894775,2.1549999713897705,2.1549999713897705,1416,0.0,0.0,AFCG,5m
2026-02-06 15:20:00-05:00,2.1600000858306885,2.1649999618530273,2.1600000858306885,2.1649999618530273,1027,0.0,0.0,AFCG,5m
2026-02-06 15:25:00-05:00,2.1600000858306885,2.1649999618530273,2.1600000858306885,2.1649999618530273,637,0.0,0.0,AFCG,5m
2026-02-06 15:35:00-05:00,2.1649999618530273,2.1649999618530273,2.1624999046325684,2.1624999046325684,1220,0.0,0.0,AFCG,5m
2026-02-06 15:40:00-05:00,2.1610000133514404,2.1610000133514404,2.1610000133514404,2.1610000133514404,135,0.0,0.0,AFCG,5m
2026-02-06 15:45:00-05:00,2.1614999771118164,2.1614999771118164,2.1600000858306885,2.1600000858306885,1229,0.0,0.0,AFCG,5m
2026-02-06 15:50:00-05:00,2.1549999713897705,2.180000066757202,2.1549999713897705,2.170099973678589,3169,0.0,0.0,AFCG,5m
2026-02-06 15:55:00-05:00,2.1700000762939453,2.190000057220459,2.1700000762939453,2.190000057220459,5242,0.0,0.0,AFCG,5m
2026-02-09 09:30:00-05:00,2.1700000762939453,2.1700000762939453,2.1677000522613525,2.1677000522613525,2157,0.0,0.0,AFCG,5m
2026-02-09 09:35:00-05:00,2.1500000953674316,2.1500000953674316,2.1500000953674316,2.1500000953674316,421,0.0,0.0,AFCG,5m
2026-02-09 09:45:00-05:00,2.1435000896453857,2.1435000896453857,2.1259000301361084,2.1259000301361084,4098,0.0,0.0,AFCG,5m
2026-02-09 09:50:00-05:00,2.1500000953674316,2.1500000953674316,2.130000114440918,2.130000114440918,1356,0.0,0.0,AFCG,5m
2026-02-09 10:10:00-05:00,2.125,2.125,2.119999885559082,2.1201999187469482,8228,0.0,0.0,AFCG,5m
2026-02-09 10:15:00-05:00,2.125,2.130000114440918,2.125,2.130000114440918,292,0.0,0.0,AFCG,5m
2026-02-09 10:20:00-05:00,2.1389000415802,2.1389000415802,2.1389000415802,2.1389000415802,318,0.0,0.0,AFCG,5m
2026-02-09 10:25:00-05:00,2.134999990463257,2.1700000762939453,2.13100004196167,2.13100004196167,21337,0.0,0.0,AFCG,5m
2026-02-09 10:30:00-05:00,2.134999990463257,2.134999990463257,2.134999990463257,2.134999990463257,1815,0.0,0.0,AFCG,5m
2026-02-09 10:35:00-05:00,2.138700008392334,2.138700008392334,2.119999885559082,2.121299982070923,4564,0.0,0.0,AFCG,5m
2026-02-09 10:45:00-05:00,2.119999885559082,2.119999885559082,2.119999885559082,2.119999885559082,1190,0.0,0.0,AFCG,5m
2026-02-09 11:00:00-05:00,2.126499891281128,2.130000114440918,2.126499891281128,2.130000114440918,358,0.0,0.0,AFCG,5m
2026-02-09 11:05:00-05:00,2.119999885559082,2.119999885559082,2.119999885559082,2.119999885559082,2146,0.0,0.0,AFCG,5m
2026-02-09 11:10:00-05:00,2.126199960708618,2.126199960708618,2.126199960708618,2.126199960708618,470,0.0,0.0,AFCG,5m
2026-02-09 11:15:00-05:00,2.119999885559082,2.119999885559082,2.1050000190734863,2.108599901199341,2635,0.0,0.0,AFCG,5m
2026-02-09 11:20:00-05:00,2.0999999046325684,2.0999999046325684,2.0999999046325684,2.0999999046325684,382,0.0,0.0,AFCG,5m
2026-02-09 11:25:00-05:00,2.1050000190734863,2.1050000190734863,2.1050000190734863,2.1050000190734863,296,0.0,0.0,AFCG,5m
2026-02-09 11:35:00-05:00,2.1050000190734863,2.1050000190734863,2.1050000190734863,2.1050000190734863,344,0.0,0.0,AFCG,5m
2026-02-09 11:45:00-05:00,2.1034998893737793,2.1034998893737793,2.1034998893737793,2.1034998893737793,1320,0.0,0.0,AFCG,5m
2026-02-09 12:00:00-05:00,2.1050000190734863,2.1050000190734863,2.1050000190734863,2.1050000190734863,1920,0.0,0.0,AFCG,5m
2026-02-09 12:10:00-05:00,2.101300001144409,2.101300001144409,2.1008999347686768,2.1008999347686768,696,0.0,0.0,AFCG,5m
2026-02-09 12:15:00-05:00,2.109999895095825,2.109999895095825,2.109999895095825,2.109999895095825,151,0.0,0.0,AFCG,5m
2026-02-09 12:20:00-05:00,2.100100040435791,2.100100040435791,2.100100040435791,2.100100040435791,1236,0.0,0.0,AFCG,5m
2026-02-09 12:25:00-05:00,2.1050000190734863,2.1050000190734863,2.1050000190734863,2.1050000190734863,116,0.0,0.0,AFCG,5m
2026-02-09 12:30:00-05:00,2.1013998985290527,2.1013998985290527,2.1013998985290527,2.1013998985290527,423,0.0,0.0,AFCG,5m
2026-02-09 12:35:00-05:00,2.109999895095825,2.119999885559082,2.109999895095825,2.119999885559082,5479,0.0,0.0,AFCG,5m
2026-02-09 12:45:00-05:00,2.1185998916625977,2.1185998916625977,2.1185998916625977,2.1185998916625977,396,0.0,0.0,AFCG,5m
2026-02-09 12:50:00-05:00,2.119999885559082,2.134999990463257,2.119999885559082,2.134999990463257,1270,0.0,0.0,AFCG,5m
2026-02-09 13:00:00-05:00,2.140000104904175,2.1449999809265137,2.140000104904175,2.1449999809265137,1206,0.0,0.0,AFCG,5m
2026-02-09 13:05:00-05:00,2.1449999809265137,2.1449999809265137,2.1449999809265137,2.1449999809265137,2000,0.0,0.0,AFCG,5m
2026-02-09 13:10:00-05:00,2.1449999809265137,2.1449999809265137,2.1449999809265137,2.1449999809265137,0,0.0,0.0,AFCG,5m
2026-02-09 13:20:00-05:00,2.140000104904175,2.140000104904175,2.134999990463257,2.140000104904175,936,0.0,0.0,AFCG,5m
2026-02-09 13:30:00-05:00,2.1449999809265137,2.1449999809265137,2.1449999809265137,2.1449999809265137,479,0.0,0.0,AFCG,5m
2026-02-09 13:35:00-05:00,2.1449999809265137,2.1449999809265137,2.1449999809265137,2.1449999809265137,569,0.0,0.0,AFCG,5m
2026-02-09 13:40:00-05:00,2.1449999809265137,2.1449999809265137,2.1449999809265137,2.1449999809265137,589,0.0,0.0,AFCG,5m
2026-02-09 13:45:00-05:00,2.1500000953674316,2.1500000953674316,2.119999885559082,2.119999885559082,2534,0.0,0.0,AFCG,5m
2026-02-09 13:50:00-05:00,2.1285998821258545,2.1285998821258545,2.1285998821258545,2.1285998821258545,250,0.0,0.0,AFCG,5m
2026-02-09 14:00:00-05:00,2.1201999187469482,2.1201999187469482,2.119999885559082,2.119999885559082,5139,0.0,0.0,AFCG,5m
2026-02-09 14:05:00-05:00,2.1135001182556152,2.1135001182556152,2.1135001182556152,2.1135001182556152,593,0.0,0.0,AFCG,5m
2026-02-09 14:15:00-05:00,2.115000009536743,2.115000009536743,2.1110000610351562,2.1110000610351562,551,0.0,0.0,AFCG,5m
2026-02-09 14:45:00-05:00,2.115000009536743,2.115000009536743,2.115000009536743,2.115000009536743,291,0.0,0.0,AFCG,5m
2026-02-09 14:55:00-05:00,2.115000009536743,2.134999990463257,2.115000009536743,2.134999990463257,8563,0.0,0.0,AFCG,5m
2026-02-09 15:00:00-05:00,2.1310999393463135,2.1310999393463135,2.1310999393463135,2.1310999393463135,522,0.0,0.0,AFCG,5m
2026-02-09 15:05:00-05:00,2.1500000953674316,2.200000047683716,2.1500000953674316,2.190000057220459,16432,0.0,0.0,AFCG,5m
2026-02-09 15:10:00-05:00,2.184999942779541,2.185499906539917,2.174999952316284,2.180000066757202,1750,0.0,0.0,AFCG,5m
2026-02-09 15:15:00-05:00,2.174999952316284,2.174999952316284,2.174999952316284,2.174999952316284,240,0.0,0.0,AFCG,5m
2026-02-09 15:20:00-05:00,2.174999952316284,2.200000047683716,2.1700000762939453,2.200000047683716,8348,0.0,0.0,AFCG,5m
2026-02-09 15:25:00-05:00,2.2049999237060547,2.2100000381469727,2.2049999237060547,2.2100000381469727,2570,0.0,0.0,AFCG,5m
2026-02-09 15:30:00-05:00,2.2049999237060547,2.2300000190734863,2.2049999237060547,2.2300000190734863,15093,0.0,0.0,AFCG,5m
2026-02-09 15:35:00-05:00,2.2149999141693115,2.2149999141693115,2.2149999141693115,2.2149999141693115,309,0.0,0.0,AFCG,5m
2026-02-09 15:40:00-05:00,2.2049999237060547,2.2049999237060547,2.2049999237060547,2.2049999237060547,624,0.0,0.0,AFCG,5m
2026-02-09 15:45:00-05:00,2.2100000381469727,2.2149999141693115,2.2049999237060547,2.2049999237060547,3975,0.0,0.0,AFCG,5m
2026-02-09 15:50:00-05:00,2.202500104904175,2.2300000190734863,2.200000047683716,2.2300000190734863,12288,0.0,0.0,AFCG,5m
2026-02-09 15:55:00-05:00,2.2200000286102295,2.2200000286102295,2.2100000381469727,2.2100000381469727,121402,0.0,0.0,AFCG,5m
2026-02-10 09:30:00-05:00,2.2300000190734863,2.2300000190734863,2.2249999046325684,2.2249999046325684,5862,0.0,0.0,AFCG,5m
2026-02-10 09:35:00-05:00,2.2149999141693115,2.240000009536743,2.2149999141693115,2.240000009536743,1968,0.0,0.0,AFCG,5m
2026-02-10 09:40:00-05:00,2.240000009536743,2.25,2.240000009536743,2.240000009536743,2543,0.0,0.0,AFCG,5m
2026-02-10 09:45:00-05:00,2.2400999069213867,2.2400999069213867,2.240000009536743,2.240000009536743,475,0.0,0.0,AFCG,5m
2026-02-10 09:50:00-05:00,2.242500066757202,2.242500066757202,2.240000009536743,2.240000009536743,944,0.0,0.0,AFCG,5m
2026-02-10 09:55:00-05:00,2.247299909591675,2.25,2.247299909591675,2.25,838,0.0,0.0,AFCG,5m
2026-02-10 10:00:00-05:00,2.259999990463257,2.259999990463257,2.25,2.25,1398,0.0,0.0,AFCG,5m
2026-02-10 10:05:00-05:00,2.255000114440918,2.2699999809265137,2.25,2.2699999809265137,3554,0.0,0.0,AFCG,5m
2026-02-10 10:10:00-05:00,2.265000104904175,2.329900026321411,2.265000104904175,2.329900026321411,7759,0.0,0.0,AFCG,5m
2026-02-10 10:15:00-05:00,2.3250999450683594,2.3250999450683594,2.3201000690460205,2.3201000690460205,5802,0.0,0.0,AFCG,5m
2026-02-10 10:20:00-05:00,2.3287999629974365,2.3650999069213867,2.3287999629974365,2.359999895095825,10634,0.0,0.0,AFCG,5m
2026-02-10 10:25:00-05:00,2.3399999141693115,2.3399999141693115,2.319999933242798,2.3252999782562256,6988,0.0,0.0,AFCG,5m
2026-02-10 10:30:00-05:00,2.319999933242798,2.3201000690460205,2.319999933242798,2.3201000690460205,1024,0.0,0.0,AFCG,5m
2026-02-10 10:35:00-05:00,2.3101000785827637,2.315000057220459,2.3101000785827637,2.315000057220459,870,0.0,0.0,AFCG,5m
2026-02-10 10:40:00-05:00,2.315000057220459,2.3399999141693115,2.315000057220459,2.3399999141693115,3383,0.0,0.0,AFCG,5m
2026-02-10 10:55:00-05:00,2.3299999237060547,2.3299999237060547,2.3299999237060547,2.3299999237060547,940,0.0,0.0,AFCG,5m
2026-02-10 11:00:00-05:00,2.3299999237060547,2.3299999237060547,2.3299999237060547,2.3299999237060547,110,0.0,0.0,AFCG,5m
2026-02-10 11:05:00-05:00,2.3299999237060547,2.3450000286102295,2.3299999237060547,2.3399999141693115,11170,0.0,0.0,AFCG,5m
2026-02-10 11:10:00-05:00,2.3469998836517334,2.3469998836517334,2.3469998836517334,2.3469998836517334,706,0.0,0.0,AFCG,5m
2026-02-10 11:15:00-05:00,2.348299980163574,2.3550000190734863,2.3399999141693115,2.3399999141693115,28368,0.0,0.0,AFCG,5m
2026-02-10 11:20:00-05:00,2.3399999141693115,2.3399999141693115,2.3399999141693115,2.3399999141693115,411,0.0,0.0,AFCG,5m
2026-02-10 11:30:00-05:00,2.3299999237060547,2.3299999237060547,2.3299999237060547,2.3299999237060547,3216,0.0,0.0,AFCG,5m
2026-02-10 11:35:00-05:00,2.3299999237060547,2.339900016784668,2.3299999237060547,2.339900016784668,1761,0.0,0.0,AFCG,5m
2026-02-10 11:50:00-05:00,2.3399999141693115,2.3399999141693115,2.319999933242798,2.3299999237060547,3441,0.0,0.0,AFCG,5m
2026-02-10 11:55:00-05:00,2.333199977874756,2.333199977874756,2.333199977874756,2.333199977874756,373,0.0,0.0,AFCG,5m
2026-02-10 12:05:00-05:00,2.3364999294281006,2.3364999294281006,2.3364999294281006,2.3364999294281006,1296,0.0,0.0,AFCG,5m
2026-02-10 12:10:00-05:00,2.339900016784668,2.350100040435791,2.339900016784668,2.350100040435791,569,0.0,0.0,AFCG,5m
2026-02-10 12:15:00-05:00,2.3554000854492188,2.3554000854492188,2.3554000854492188,2.3554000854492188,445,0.0,0.0,AFCG,5m
2026-02-10 12:20:00-05:00,2.3499999046325684,2.3533999919891357,2.3499999046325684,2.3508999347686768,3934,0.0,0.0,AFCG,5m
2026-02-10 12:25:00-05:00,2.3413000106811523,2.3499999046325684,2.3413000106811523,2.3499999046325684,736,0.0,0.0,AFCG,5m
2026-02-10 12:35:00-05:00,2.3399999141693115,2.3399999141693115,2.3399999141693115,2.3399999141693115,1180,0.0,0.0,AFCG,5m
2026-02-10 12:45:00-05:00,2.3499999046325684,2.359999895095825,2.3499999046325684,2.3524999618530273,1156,0.0,0.0,AFCG,5m
2026-02-10 12:50:00-05:00,2.3550000190734863,2.3550000190734863,2.3534998893737793,2.3534998893737793,96,0.0,0.0,AFCG,5m
2026-02-10 12:55:00-05:00,2.3499999046325684,2.3499999046325684,2.3499999046325684,2.3499999046325684,1069,0.0,0.0,AFCG,5m
2026-02-10 13:00:00-05:00,2.34089994430542,2.3424999713897705,2.34089994430542,2.3424999713897705,607,0.0,0.0,AFCG,5m
2026-02-10 13:05:00-05:00,2.3350000381469727,2.3350000381469727,2.3350000381469727,2.3350000381469727,287,0.0,0.0,AFCG,5m
2026-02-10 13:10:00-05:00,2.3350000381469727,2.3350000381469727,2.3299999237060547,2.3299999237060547,1064,0.0,0.0,AFCG,5m
2026-02-10 13:25:00-05:00,2.3299999237060547,2.336199998855591,2.3299999237060547,2.336199998855591,1633,0.0,0.0,AFCG,5m
2026-02-10 13:30:00-05:00,2.3350000381469727,2.3350000381469727,2.3350000381469727,2.3350000381469727,323,0.0,0.0,AFCG,5m
2026-02-10 13:45:00-05:00,2.3350000381469727,2.3350000381469727,2.3350000381469727,2.3350000381469727,134,0.0,0.0,AFCG,5m
2026-02-10 13:50:00-05:00,2.3350000381469727,2.3350000381469727,2.3350000381469727,2.3350000381469727,533,0.0,0.0,AFCG,5m
2026-02-10 13:55:00-05:00,2.3399999141693115,2.3485000133514404,2.3399999141693115,2.3450000286102295,1963,0.0,0.0,AFCG,5m
2026-02-10 14:05:00-05:00,2.349900007247925,2.3499999046325684,2.349900007247925,2.3499999046325684,945,0.0,0.0,AFCG,5m
2026-02-10 14:10:00-05:00,2.3499999046325684,2.3499999046325684,2.3499999046325684,2.3499999046325684,905,0.0,0.0,AFCG,5m
2026-02-10 14:20:00-05:00,2.3399999141693115,2.3399999141693115,2.3399999141693115,2.3399999141693115,2252,0.0,0.0,AFCG,5m
2026-02-10 14:30:00-05:00,2.3499999046325684,2.3499999046325684,2.3499999046325684,2.3499999046325684,561,0.0,0.0,AFCG,5m
2026-02-10 14:45:00-05:00,2.3550000190734863,2.369999885559082,2.3550000190734863,2.359999895095825,7553,0.0,0.0,AFCG,5m
2026-02-10 14:50:00-05:00,2.359999895095825,2.359999895095825,2.359999895095825,2.359999895095825,445,0.0,0.0,AFCG,5m
2026-02-10 14:55:00-05:00,2.359999895095825,2.359999895095825,2.359299898147583,2.359999895095825,1065,0.0,0.0,AFCG,5m
2026-02-10 15:00:00-05:00,2.365000009536743,2.365000009536743,2.3499999046325684,2.3499999046325684,5005,0.0,0.0,AFCG,5m
2026-02-10 15:05:00-05:00,2.3450000286102295,2.3450000286102295,2.3399999141693115,2.3399999141693115,1515,0.0,0.0,AFCG,5m
2026-02-10 15:10:00-05:00,2.3450000286102295,2.3450000286102295,2.3450000286102295,2.3450000286102295,1000,0.0,0.0,AFCG,5m
2026-02-10 15:15:00-05:00,2.3399999141693115,2.3450000286102295,2.3399999141693115,2.3450000286102295,0,0.0,0.0,AFCG,5m
2026-02-10 15:25:00-05:00,2.3399999141693115,2.3399999141693115,2.3399999141693115,2.3399999141693115,412,0.0,0.0,AFCG,5m
2026-02-10 15:35:00-05:00,2.3350000381469727,2.3350000381469727,2.3299999237060547,2.3299999237060547,738,0.0,0.0,AFCG,5m
2026-02-10 15:40:00-05:00,2.325000047683716,2.325000047683716,2.305000066757202,2.305000066757202,6788,0.0,0.0,AFCG,5m
2026-02-10 15:45:00-05:00,2.305000066757202,2.305000066757202,2.305000066757202,2.305000066757202,569,0.0,0.0,AFCG,5m
2026-02-10 15:50:00-05:00,2.305000066757202,2.305000066757202,2.2950000762939453,2.2950000762939453,1060,0.0,0.0,AFCG,5m
2026-02-10 15:55:00-05:00,2.2950000762939453,2.325000047683716,2.2899999618530273,2.299999952316284,7299,0.0,0.0,AFCG,5m
2026-02-11 09:30:00-05:00,2.309999942779541,2.309999942779541,2.25,2.25,2194,0.0,0.0,AFCG,5m
2026-02-11 09:50:00-05:00,2.25,2.25,2.2200000286102295,2.25,3093,0.0,0.0,AFCG,5m
2026-02-11 10:00:00-05:00,2.25,2.2899999618530273,2.25,2.2899999618530273,3998,0.0,0.0,AFCG,5m
2026-02-11 10:05:00-05:00,2.2799999713897705,2.2799999713897705,2.2699999809265137,2.2699999809265137,1496,0.0,0.0,AFCG,5m
2026-02-11 10:10:00-05:00,2.25,2.25,2.25,2.25,512,0.0,0.0,AFCG,5m
2026-02-11 10:15:00-05:00,2.25,2.25,2.25,2.25,10191,0.0,0.0,AFCG,5m
2026-02-11 10:20:00-05:00,2.25,2.25,2.25,2.25,452,0.0,0.0,AFCG,5m
2026-02-11 10:25:00-05:00,2.2532999515533447,2.258699893951416,2.2532999515533447,2.258699893951416,990,0.0,0.0,AFCG,5m
2026-02-11 10:30:00-05:00,2.25,2.259999990463257,2.25,2.259999990463257,2741,0.0,0.0,AFCG,5m
2026-02-11 10:35:00-05:00,2.259999990463257,2.259999990463257,2.259999990463257,2.259999990463257,170,0.0,0.0,AFCG,5m
2026-02-11 10:40:00-05:00,2.259700059890747,2.259700059890747,2.259700059890747,2.259700059890747,170,0.0,0.0,AFCG,5m
2026-02-11 10:50:00-05:00,2.259999990463257,2.259999990463257,2.259999990463257,2.259999990463257,8788,0.0,0.0,AFCG,5m
2026-02-11 11:05:00-05:00,2.25,2.25,2.25,2.25,187,0.0,0.0,AFCG,5m
2026-02-11 11:15:00-05:00,2.255000114440918,2.265500068664551,2.255000114440918,2.265500068664551,2207,0.0,0.0,AFCG,5m
2026-02-11 11:20:00-05:00,2.2744998931884766,2.2744998931884766,2.2744998931884766,2.2744998931884766,944,0.0,0.0,AFCG,5m
2026-02-11 11:25:00-05:00,2.2799999713897705,2.2899999618530273,2.2799999713897705,2.2899999618530273,4279,0.0,0.0,AFCG,5m
2026-02-11 11:30:00-05:00,2.2899999618530273,2.2899999618530273,2.2899999618530273,2.2899999618530273,231,0.0,0.0,AFCG,5m
2026-02-11 11:40:00-05:00,2.2808001041412354,2.2808001041412354,2.2808001041412354,2.2808001041412354,582,0.0,0.0,AFCG,5m
2026-02-11 11:45:00-05:00,2.280100107192993,2.280100107192993,2.280100107192993,2.280100107192993,794,0.0,0.0,AFCG,5m
2026-02-11 11:50:00-05:00,2.2899999618530273,2.299999952316284,2.2899999618530273,2.299999952316284,1830,0.0,0.0,AFCG,5m
2026-02-11 12:00:00-05:00,2.299999952316284,2.299999952316284,2.2899999618530273,2.2899999618530273,370,0.0,0.0,AFCG,5m
2026-02-11 12:10:00-05:00,2.2899999618530273,2.2899999618530273,2.2827999591827393,2.2827999591827393,2264,0.0,0.0,AFCG,5m
2026-02-11 12:20:00-05:00,2.285599946975708,2.285599946975708,2.285599946975708,2.285599946975708,434,0.0,0.0,AFCG,5m
2026-02-11 12:40:00-05:00,2.2899999618530273,2.2899999618530273,2.2850000858306885,2.2850000858306885,1824,0.0,0.0,AFCG,5m
2026-02-11 12:45:00-05:00,2.2799999713897705,2.2799999713897705,2.2799999713897705,2.2799999713897705,614,0.0,0.0,AFCG,5m
2026-02-11 12:50:00-05:00,2.283400058746338,2.283400058746338,2.283400058746338,2.283400058746338,1013,0.0,0.0,AFCG,5m
2026-02-11 13:05:00-05:00,2.2699999809265137,2.2699999809265137,2.2699999809265137,2.2699999809265137,176,0.0,0.0,AFCG,5m
2026-02-11 13:10:00-05:00,2.2809998989105225,2.2850000858306885,2.2809998989105225,2.2850000858306885,2364,0.0,0.0,AFCG,5m
2026-02-11 13:15:00-05:00,2.2844998836517334,2.2844998836517334,2.2844998836517334,2.2844998836517334,404,0.0,0.0,AFCG,5m
2026-02-11 13:30:00-05:00,2.2850000858306885,2.2852001190185547,2.2850000858306885,2.2852001190185547,5411,0.0,0.0,AFCG,5m
2026-02-11 13:35:00-05:00,2.2999000549316406,2.2999000549316406,2.2999000549316406,2.2999000549316406,770,0.0,0.0,AFCG,5m
2026-02-11 13:40:00-05:00,2.280100107192993,2.2850000858306885,2.2600998878479004,2.265000104904175,25097,0.0,0.0,AFCG,5m
2026-02-11 13:45:00-05:00,2.265000104904175,2.265000104904175,2.25,2.25,3669,0.0,0.0,AFCG,5m
2026-02-11 13:50:00-05:00,2.25,2.25,2.25,2.25,125,0.0,0.0,AFCG,5m
2026-02-11 14:00:00-05:00,2.25,2.2699999809265137,2.25,2.2699999809265137,409,0.0,0.0,AFCG,5m
2026-02-11 14:05:00-05:00,2.2699999809265137,2.2699999809265137,2.2699999809265137,2.2699999809265137,240,0.0,0.0,AFCG,5m
2026-02-11 14:10:00-05:00,2.262200117111206,2.270900011062622,2.262200117111206,2.270900011062622,795,0.0,0.0,AFCG,5m
2026-02-11 14:15:00-05:00,2.279900074005127,2.2799999713897705,2.279900074005127,2.2799999713897705,3199,0.0,0.0,AFCG,5m
2026-02-11 14:20:00-05:00,2.2899999618530273,2.2899999618530273,2.2899999618530273,2.2899999618530273,250,0.0,0.0,AFCG,5m
2026-02-11 14:25:00-05:00,2.2899999618530273,2.2899999618530273,2.2899999618530273,2.2899999618530273,205,0.0,0.0,AFCG,5m
2026-02-11 14:35:00-05:00,2.2887001037597656,2.2887001037597656,2.2887001037597656,2.2887001037597656,1011,0.0,0.0,AFCG,5m
2026-02-11 14:40:00-05:00,2.2869999408721924,2.2869999408721924,2.2869999408721924,2.2869999408721924,2000,0.0,0.0,AFCG,5m
2026-02-11 14:45:00-05:00,2.2799999713897705,2.2850000858306885,2.2799999713897705,2.2850000858306885,0,0.0,0.0,AFCG,5m
2026-02-11 14:50:00-05:00,2.2822999954223633,2.289900064468384,2.2822999954223633,2.289900064468384,436,0.0,0.0,AFCG,5m
2026-02-11 14:55:00-05:00,2.2899999618530273,2.2899999618530273,2.2850000858306885,2.2850000858306885,486,0.0,0.0,AFCG,5m
2026-02-11 15:00:00-05:00,2.2950000762939453,2.2950000762939453,2.2852001190185547,2.2852001190185547,2851,0.0,0.0,AFCG,5m
2026-02-11 15:05:00-05:00,2.299999952316284,2.299999952316284,2.299999952316284,2.299999952316284,158,0.0,0.0,AFCG,5m
2026-02-11 15:10:00-05:00,2.2950000762939453,2.2950000762939453,2.2950000762939453,2.2950000762939453,215,0.0,0.0,AFCG,5m
2026-02-11 15:15:00-05:00,2.299999952316284,2.299999952316284,2.299999952316284,2.299999952316284,1009,0.0,0.0,AFCG,5m
2026-02-11 15:20:00-05:00,2.299999952316284,2.299999952316284,2.2999000549316406,2.299999952316284,2842,0.0,0.0,AFCG,5m
2026-02-11 15:25:00-05:00,2.305500030517578,2.305500030517578,2.305500030517578,2.305500030517578,690,0.0,0.0,AFCG,5m
2026-02-11 15:40:00-05:00,2.309999942779541,2.309999942779541,2.309999942779541,2.309999942779541,362,0.0,0.0,AFCG,5m
2026-02-11 15:45:00-05:00,2.309999942779541,2.319999933242798,2.309999942779541,2.319999933242798,1762,0.0,0.0,AFCG,5m
2026-02-11 15:50:00-05:00,2.319999933242798,2.3250999450683594,2.319999933242798,2.325000047683716,7464,0.0,0.0,AFCG,5m
2026-02-11 15:55:00-05:00,2.325000047683716,2.3399999141693115,2.305000066757202,2.3350000381469727,10080,0.0,0.0,AFCG,5m
2026-02-12 09:30:00-05:00,2.299999952316284,2.319999933242798,2.299999952316284,2.299999952316284,6209,0.0,0.0,AFCG,5m
2026-02-12 09:40:00-05:00,2.309999942779541,2.309999942779541,2.309999942779541,2.309999942779541,175,0.0,0.0,AFCG,5m
2026-02-12 09:45:00-05:00,2.2899999618530273,2.2899999618530273,2.2699999809265137,2.2699999809265137,1404,0.0,0.0,AFCG,5m
2026-02-12 09:50:00-05:00,2.259999990463257,2.259999990463257,2.259999990463257,2.259999990463257,709,0.0,0.0,AFCG,5m
2026-02-12 09:55:00-05:00,2.2699999809265137,2.2699999809265137,2.25,2.25,3087,0.0,0.0,AFCG,5m
2026-02-12 10:15:00-05:00,2.259999990463257,2.259999990463257,2.259999990463257,2.259999990463257,160,0.0,0.0,AFCG,5m
2026-02-12 10:20:00-05:00,2.258699893951416,2.258699893951416,2.258699893951416,2.258699893951416,215,0.0,0.0,AFCG,5m
2026-02-12 10:25:00-05:00,2.2500998973846436,2.2500998973846436,2.244999885559082,2.2499001026153564,3094,0.0,0.0,AFCG,5m
2026-02-12 10:30:00-05:00,2.240000009536743,2.240000009536743,2.234999895095825,2.234999895095825,1852,0.0,0.0,AFCG,5m
2026-02-12 10:35:00-05:00,2.2149999141693115,2.2269999980926514,2.2149999141693115,2.2269999980926514,2870,0.0,0.0,AFCG,5m
2026-02-12 10:40:00-05:00,2.228600025177002,2.228600025177002,2.2249999046325684,2.2249999046325684,406,0.0,0.0,AFCG,5m
2026-02-12 10:45:00-05:00,2.2249999046325684,2.240000009536743,2.2249999046325684,2.240000009536743,5024,0.0,0.0,AFCG,5m
2026-02-12 11:00:00-05:00,2.2300000190734863,2.234999895095825,2.2300000190734863,2.2300000190734863,2807,0.0,0.0,AFCG,5m
2026-02-12 11:05:00-05:00,2.2300000190734863,2.2311999797821045,2.2300000190734863,2.2311999797821045,443,0.0,0.0,AFCG,5m
2026-02-12 11:10:00-05:00,2.2300000190734863,2.2300000190734863,2.2249999046325684,2.2300000190734863,8169,0.0,0.0,AFCG,5m
2026-02-12 11:15:00-05:00,2.2300000190734863,2.244999885559082,2.2300000190734863,2.240000009536743,2122,0.0,0.0,AFCG,5m
2026-02-12 11:20:00-05:00,2.240000009536743,2.240000009536743,2.2300000190734863,2.2355000972747803,987,0.0,0.0,AFCG,5m
2026-02-12 11:40:00-05:00,2.234999895095825,2.2385001182556152,2.234999895095825,2.2385001182556152,619,0.0,0.0,AFCG,5m
2026-02-12 11:45:00-05:00,2.234999895095825,2.234999895095825,2.2300000190734863,2.234999895095825,2338,0.0,0.0,AFCG,5m
2026-02-12 11:55:00-05:00,2.240000009536743,2.240000009536743,2.240000009536743,2.240000009536743,624,0.0,0.0,AFCG,5m
2026-02-12 12:00:00-05:00,2.2300000190734863,2.2300000190734863,2.2149999141693115,2.2149999141693115,9272,0.0,0.0,AFCG,5m
2026-02-12 12:05:00-05:00,2.2149999141693115,2.2149999141693115,2.2149999141693115,2.2149999141693115,445,0.0,0.0,AFCG,5m
2026-02-12 12:10:00-05:00,2.2149999141693115,2.2149999141693115,2.2149999141693115,2.2149999141693115,124,0.0,0.0,AFCG,5m
2026-02-12 12:15:00-05:00,2.2100000381469727,2.2100000381469727,2.200000047683716,2.2100000381469727,7366,0.0,0.0,AFCG,5m
2026-02-12 12:25:00-05:00,2.2100000381469727,2.2100000381469727,2.2100000381469727,2.2100000381469727,3329,0.0,0.0,AFCG,5m
2026-02-12 13:00:00-05:00,2.2149999141693115,2.2149999141693115,2.2149999141693115,2.2149999141693115,1441,0.0,0.0,AFCG,5m
2026-02-12 13:05:00-05:00,2.2149999141693115,2.2149999141693115,2.2149999141693115,2.2149999141693115,133,0.0,0.0,AFCG,5m
2026-02-12 13:10:00-05:00,2.2149999141693115,2.2200000286102295,2.2149999141693115,2.2149999141693115,1118,0.0,0.0,AFCG,5m
2026-02-12 13:15:00-05:00,2.219899892807007,2.219899892807007,2.219899892807007,2.219899892807007,254,0.0,0.0,AFCG,5m
2026-02-12 13:25:00-05:00,2.2200000286102295,2.2200000286102295,2.2200000286102295,2.2200000286102295,143,0.0,0.0,AFCG,5m
2026-02-12 13:40:00-05:00,2.220099925994873,2.220099925994873,2.220099925994873,2.220099925994873,578,0.0,0.0,AFCG,5m
2026-02-12 13:55:00-05:00,2.2283999919891357,2.2283999919891357,2.2283999919891357,2.2283999919891357,131,0.0,0.0,AFCG,5m
2026-02-12 14:00:00-05:00,2.2249999046325684,2.2249999046325684,2.2200000286102295,2.2200000286102295,250,0.0,0.0,AFCG,5m
2026-02-12 14:10:00-05:00,2.2300000190734863,2.2300000190734863,2.2300000190734863,2.2300000190734863,1089,0.0,0.0,AFCG,5m
2026-02-12 14:15:00-05:00,2.240000009536743,2.240000009536743,2.240000009536743,2.240000009536743,314,0.0,0.0,AFCG,5m
2026-02-12 14:20:00-05:00,2.2300000190734863,2.234999895095825,2.2300000190734863,2.234999895095825,2468,0.0,0.0,AFCG,5m
2026-02-12 14:35:00-05:00,2.234999895095825,2.234999895095825,2.234999895095825,2.234999895095825,145,0.0,0.0,AFCG,5m
2026-02-12 14:40:00-05:00,2.234999895095825,2.234999895095825,2.2300000190734863,2.2300000190734863,1885,0.0,0.0,AFCG,5m
2026-02-12 14:45:00-05:00,2.2249999046325684,2.2249999046325684,2.2200000286102295,2.2200000286102295,1665,0.0,0.0,AFCG,5m
2026-02-12 14:50:00-05:00,2.2200000286102295,2.2200000286102295,2.2200000286102295,2.2200000286102295,1307,0.0,0.0,AFCG,5m
2026-02-12 14:55:00-05:00,2.2249999046325684,2.2249999046325684,2.2149999141693115,2.2149999141693115,2209,0.0,0.0,AFCG,5m
2026-02-12 15:00:00-05:00,2.2149999141693115,2.2300000190734863,2.2149999141693115,2.2300000190734863,3525,0.0,0.0,AFCG,5m
2026-02-12 15:05:00-05:00,2.2300000190734863,2.2300000190734863,2.2249999046325684,2.2249999046325684,1043,0.0,0.0,AFCG,5m
2026-02-12 15:10:00-05:00,2.2200000286102295,2.2200000286102295,2.2200000286102295,2.2200000286102295,1392,0.0,0.0,AFCG,5m
2026-02-12 15:15:00-05:00,2.2200000286102295,2.2200000286102295,2.2200000286102295,2.2200000286102295,1301,0.0,0.0,AFCG,5m
2026-02-12 15:20:00-05:00,2.2249999046325684,2.2249999046325684,2.2200000286102295,2.2249999046325684,1260,0.0,0.0,AFCG,5m
2026-02-12 15:25:00-05:00,2.2300000190734863,2.2300000190734863,2.2249999046325684,2.2249999046325684,1096,0.0,0.0,AFCG,5m
2026-02-12 15:30:00-05:00,2.2249999046325684,2.2298998832702637,2.2249999046325684,2.2298998832702637,1442,0.0,0.0,AFCG,5m
2026-02-12 15:35:00-05:00,2.2249999046325684,2.2249999046325684,2.2200000286102295,2.2249999046325684,5012,0.0,0.0,AFCG,5m
2026-02-12 15:40:00-05:00,2.2249999046325684,2.240000009536743,2.2200000286102295,2.240000009536743,11912,0.0,0.0,AFCG,5m
2026-02-12 15:45:00-05:00,2.2300000190734863,2.2300000190734863,2.2300000190734863,2.2300000190734863,1725,0.0,0.0,AFCG,5m
2026-02-12 15:50:00-05:00,2.2300000190734863,2.2300000190734863,2.2200000286102295,2.2200000286102295,2729,0.0,0.0,AFCG,5m
2026-02-12 15:55:00-05:00,2.2249999046325684,2.2249999046325684,2.2100000381469727,2.2149999141693115,9500,0.0,0.0,AFCG,5m
2026-02-13 09:30:00-05:00,2.2300000190734863,2.2300000190734863,2.2100000381469727,2.2100000381469727,2421,0.0,0.0,AFCG,5m
2026-02-13 09:45:00-05:00,2.2200000286102295,2.240000009536743,2.2000999450683594,2.212100028991699,13066,0.0,0.0,AFCG,5m
2026-02-13 09:55:00-05:00,2.2100000381469727,2.2100000381469727,2.2100000381469727,2.2100000381469727,334,0.0,0.0,AFCG,5m
2026-02-13 10:15:00-05:00,2.2084999084472656,2.2084999084472656,2.200000047683716,2.200000047683716,766,0.0,0.0,AFCG,5m
2026-02-13 10:20:00-05:00,2.180000066757202,2.180000066757202,2.1700000762939453,2.1700000762939453,19087,0.0,0.0,AFCG,5m
2026-02-13 10:25:00-05:00,2.1649999618530273,2.1649999618530273,2.150099992752075,2.150099992752075,22779,0.0,0.0,AFCG,5m
2026-02-13 10:30:00-05:00,2.1600000858306885,2.1600000858306885,2.1600000858306885,2.1600000858306885,307,0.0,0.0,AFCG,5m
2026-02-13 10:35:00-05:00,2.1700000762939453,2.1700000762939453,2.1700000762939453,2.1700000762939453,312,0.0,0.0,AFCG,5m
2026-02-13 10:40:00-05:00,2.174999952316284,2.174999952316284,2.170099973678589,2.170099973678589,5053,0.0,0.0,AFCG,5m
2026-02-13 10:50:00-05:00,2.174999952316284,2.184999942779541,2.174999952316284,2.184999942779541,832,0.0,0.0,AFCG,5m
2026-02-13 11:00:00-05:00,2.194499969482422,2.194499969482422,2.190000057220459,2.190000057220459,735,0.0,0.0,AFCG,5m
2026-02-13 11:05:00-05:00,2.1858999729156494,2.200000047683716,2.1858999729156494,2.190700054168701,21980,0.0,0.0,AFCG,5m
2026-02-13 11:10:00-05:00,2.190000057220459,2.190000057220459,2.1500000953674316,2.1600000858306885,44433,0.0,0.0,AFCG,5m
2026-02-13 11:15:00-05:00,2.169800043106079,2.1700000762939453,2.169800043106079,2.1700000762939453,3376,0.0,0.0,AFCG,5m
2026-02-13 11:20:00-05:00,2.190000057220459,2.190000057220459,2.190000057220459,2.190000057220459,420,0.0,0.0,AFCG,5m
2026-02-13 11:25:00-05:00,2.1700000762939453,2.1700000762939453,2.1700000762939453,2.1700000762939453,2400,0.0,0.0,AFCG,5m
2026-02-13 11:30:00-05:00,2.176300048828125,2.190000057220459,2.176300048828125,2.190000057220459,73,0.0,0.0,AFCG,5m
2026-02-13 11:40:00-05:00,2.190000057220459,2.190000057220459,2.190000057220459,2.190000057220459,364,0.0,0.0,AFCG,5m
2026-02-13 11:45:00-05:00,2.184000015258789,2.199899911880493,2.184000015258789,2.199899911880493,11636,0.0,0.0,AFCG,5m
2026-02-13 12:00:00-05:00,2.194999933242798,2.194999933242798,2.194999933242798,2.194999933242798,5014,0.0,0.0,AFCG,5m
2026-02-13 12:05:00-05:00,2.194999933242798,2.2246999740600586,2.190000057220459,2.2200000286102295,22424,0.0,0.0,AFCG,5m
2026-02-13 12:10:00-05:00,2.2300000190734863,2.2300000190734863,2.2200000286102295,2.2200000286102295,1110,0.0,0.0,AFCG,5m
2026-02-13 12:15:00-05:00,2.2249999046325684,2.2300000190734863,2.2249999046325684,2.2300000190734863,5448,0.0,0.0,AFCG,5m
2026-02-13 12:20:00-05:00,2.244499921798706,2.244499921798706,2.244499921798706,2.244499921798706,1225,0.0,0.0,AFCG,5m
2026-02-13 12:30:00-05:00,2.246000051498413,2.246000051498413,2.240000009536743,2.240000009536743,3153,0.0,0.0,AFCG,5m
2026-02-13 12:35:00-05:00,2.237299919128418,2.265000104904175,2.2365000247955322,2.259999990463257,9985,0.0,0.0,AFCG,5m
2026-02-13 13:00:00-05:00,2.25,2.25,2.25,2.25,632,0.0,0.0,AFCG,5m
2026-02-13 13:05:00-05:00,2.240000009536743,2.244999885559082,2.240000009536743,2.244999885559082,566,0.0,0.0,AFCG,5m
2026-02-13 13:15:00-05:00,2.25,2.259700059890747,2.25,2.259700059890747,763,0.0,0.0,AFCG,5m
2026-02-13 13:40:00-05:00,2.258699893951416,2.258699893951416,2.258699893951416,2.258699893951416,151,0.0,0.0,AFCG,5m
2026-02-13 13:45:00-05:00,2.25,2.25,2.2300000190734863,2.2300000190734863,4020,0.0,0.0,AFCG,5m
2026-02-13 13:55:00-05:00,2.240000009536743,2.240000009536743,2.240000009536743,2.240000009536743,5207,0.0,0.0,AFCG,5m
2026-02-13 14:00:00-05:00,2.25,2.25,2.25,2.25,435,0.0,0.0,AFCG,5m
2026-02-13 14:15:00-05:00,2.25,2.25,2.2400999069213867,2.2400999069213867,626,0.0,0.0,AFCG,5m
2026-02-13 14:40:00-05:00,2.244999885559082,2.244999885559082,2.240000009536743,2.240000009536743,727,0.0,0.0,AFCG,5m
2026-02-13 15:00:00-05:00,2.240000009536743,2.240000009536743,2.240000009536743,2.240000009536743,805,0.0,0.0,AFCG,5m
2026-02-13 15:15:00-05:00,2.232100009918213,2.232100009918213,2.2300000190734863,2.2300000190734863,847,0.0,0.0,AFCG,5m
2026-02-13 15:20:00-05:00,2.240000009536743,2.240000009536743,2.240000009536743,2.240000009536743,143,0.0,0.0,AFCG,5m
2026-02-13 15:25:00-05:00,2.2300000190734863,2.2300000190734863,2.2100000381469727,2.2100000381469727,695,0.0,0.0,AFCG,5m
2026-02-13 15:30:00-05:00,2.210099935531616,2.210099935531616,2.210099935531616,2.210099935531616,1172,0.0,0.0,AFCG,5m
2026-02-13 15:50:00-05:00,2.2200000286102295,2.2300000190734863,2.2149999141693115,2.2300000190734863,12322,0.0,0.0,AFCG,5m
2026-02-13 15:55:00-05:00,2.2200000286102295,2.2249999046325684,2.2100000381469727,2.2100000381469727,47046,0.0,0.0,AFCG,5m
2026-02-17 09:30:00-05:00,2.2200000286102295,2.25,2.2172000408172607,2.25,17099,0.0,0.0,AFCG,5m
2026-02-17 09:45:00-05:00,2.2300000190734863,2.259999990463257,2.226599931716919,2.259999990463257,8605,0.0,0.0,AFCG,5m
2026-02-17 09:50:00-05:00,2.265000104904175,2.265000104904175,2.265000104904175,2.265000104904175,367,0.0,0.0,AFCG,5m
2026-02-17 10:00:00-05:00,2.265000104904175,2.2799999713897705,2.265000104904175,2.273200035095215,4509,0.0,0.0,AFCG,5m
2026-02-17 10:05:00-05:00,2.2799999713897705,2.299999952316284,2.2799999713897705,2.299999952316284,10310,0.0,0.0,AFCG,5m
2026-02-17 10:10:00-05:00,2.2950000762939453,2.305000066757202,2.2950000762939453,2.305000066757202,8538,0.0,0.0,AFCG,5m
2026-02-17 10:15:00-05:00,2.305000066757202,2.3097000122070312,2.299999952316284,2.299999952316284,1734,0.0,0.0,AFCG,5m
2026-02-17 10:20:00-05:00,2.283099889755249,2.2899999618530273,2.283099889755249,2.2899999618530273,1335,0.0,0.0,AFCG,5m
2026-02-17 10:25:00-05:00,2.2720000743865967,2.2750000953674316,2.259999990463257,2.259999990463257,2352,0.0,0.0,AFCG,5m
2026-02-17 10:30:00-05:00,2.265000104904175,2.265000104904175,2.265000104904175,2.265000104904175,412,0.0,0.0,AFCG,5m
2026-02-17 10:35:00-05:00,2.265000104904175,2.265000104904175,2.265000104904175,2.265000104904175,1236,0.0,0.0,AFCG,5m
2026-02-17 10:40:00-05:00,2.25,2.255000114440918,2.25,2.255000114440918,1439,0.0,0.0,AFCG,5m
2026-02-17 10:45:00-05:00,2.252000093460083,2.2600998878479004,2.25,2.2600998878479004,4440,0.0,0.0,AFCG,5m
2026-02-17 11:10:00-05:00,2.25,2.255000114440918,2.25,2.2511000633239746,831,0.0,0.0,AFCG,5m
2026-02-17 11:15:00-05:00,2.259999990463257,2.259999990463257,2.259999990463257,2.259999990463257,124,0.0,0.0,AFCG,5m
2026-02-17 11:40:00-05:00,2.2600998878479004,2.2600998878479004,2.259999990463257,2.259999990463257,2918,0.0,0.0,AFCG,5m
2026-02-17 11:45:00-05:00,2.268699884414673,2.268699884414673,2.268699884414673,2.268699884414673,289,0.0,0.0,AFCG,5m
2026-02-17 11:50:00-05:00,2.261699914932251,2.261699914932251,2.261699914932251,2.261699914932251,117,0.0,0.0,AFCG,5m
2026-02-17 11:55:00-05:00,2.265000104904175,2.265000104904175,2.265000104904175,2.265000104904175,1818,0.0,0.0,AFCG,5m
2026-02-17 12:05:00-05:00,2.265000104904175,2.2750000953674316,2.265000104904175,2.265000104904175,8304,0.0,0.0,AFCG,5m
2026-02-17 12:10:00-05:00,2.259999990463257,2.259999990463257,2.244999885559082,2.244999885559082,1098,0.0,0.0,AFCG,5m
2026-02-17 12:20:00-05:00,2.244999885559082,2.244999885559082,2.240000009536743,2.240000009536743,765,0.0,0.0,AFCG,5m
2026-02-17 12:25:00-05:00,2.240000009536743,2.240000009536743,2.240000009536743,2.240000009536743,4863,0.0,0.0,AFCG,5m
2026-02-17 12:30:00-05:00,2.2409000396728516,2.2409000396728516,2.2409000396728516,2.2409000396728516,368,0.0,0.0,AFCG,5m
2026-02-17 12:35:00-05:00,2.244999885559082,2.244999885559082,2.244999885559082,2.244999885559082,110,0.0,0.0,AFCG,5m
2026-02-17 12:45:00-05:00,2.25,2.25,2.25,2.25,144,0.0,0.0,AFCG,5m
2026-02-17 13:00:00-05:00,2.25,2.25,2.25,2.25,246,0.0,0.0,AFCG,5m
2026-02-17 13:10:00-05:00,2.25,2.25,2.25,2.25,271,0.0,0.0,AFCG,5m
2026-02-17 13:15:00-05:00,2.244999885559082,2.2497000694274902,2.240000009536743,2.240000009536743,5441,0.0,0.0,AFCG,5m
2026-02-17 13:20:00-05:00,2.234999895095825,2.234999895095825,2.234999895095825,2.234999895095825,149,0.0,0.0,AFCG,5m
2026-02-17 13:30:00-05:00,2.234999895095825,2.244999885559082,2.2300000190734863,2.244999885559082,2615,0.0,0.0,AFCG,5m
2026-02-17 13:35:00-05:00,2.2499001026153564,2.25,2.2499001026153564,2.25,3390,0.0,0.0,AFCG,5m
2026-02-17 13:45:00-05:00,2.259999990463257,2.2750000953674316,2.259999990463257,2.2750000953674316,498,0.0,0.0,AFCG,5m
2026-02-17 13:50:00-05:00,2.278599977493286,2.2799999713897705,2.278599977493286,2.2799999713897705,138,0.0,0.0,AFCG,5m
2026-02-17 13:55:00-05:00,2.2750000953674316,2.2750000953674316,2.2750000953674316,2.2750000953674316,328,0.0,0.0,AFCG,5m
2026-02-17 14:00:00-05:00,2.2799999713897705,2.2799999713897705,2.276599884033203,2.276599884033203,173,0.0,0.0,AFCG,5m
2026-02-17 14:05:00-05:00,2.2797999382019043,2.2797999382019043,2.2797999382019043,2.2797999382019043,664,0.0,0.0,AFCG,5m
2026-02-17 14:10:00-05:00,2.2899999618530273,2.2899999618530273,2.2899999618530273,2.2899999618530273,688,0.0,0.0,AFCG,5m
2026-02-17 14:20:00-05:00,2.299999952316284,2.299999952316284,2.2950000762939453,2.2950000762939453,5200,0.0,0.0,AFCG,5m
2026-02-17 14:25:00-05:00,2.2950000762939453,2.2950000762939453,2.2950000762939453,2.2950000762939453,23831,0.0,0.0,AFCG,5m
2026-02-17 14:30:00-05:00,2.299999952316284,2.299999952316284,2.299999952316284,2.299999952316284,0,0.0,0.0,AFCG,5m
2026-02-17 14:35:00-05:00,2.2950000762939453,2.2950000762939453,2.2899999618530273,2.2899999618530273,1565,0.0,0.0,AFCG,5m
2026-02-17 14:45:00-05:00,2.288800001144409,2.288800001144409,2.2850000858306885,2.2850000858306885,448,0.0,0.0,AFCG,5m
2026-02-17 14:55:00-05:00,2.288800001144409,2.288800001144409,2.2850000858306885,2.2850000858306885,502,0.0,0.0,AFCG,5m
2026-02-17 15:00:00-05:00,2.2899999618530273,2.299999952316284,2.2899999618530273,2.299999952316284,813,0.0,0.0,AFCG,5m
2026-02-17 15:05:00-05:00,2.303499937057495,2.303499937057495,2.299999952316284,2.299999952316284,848,0.0,0.0,AFCG,5m
2026-02-17 15:10:00-05:00,2.2999000549316406,2.2999000549316406,2.2999000549316406,2.2999000549316406,1436,0.0,0.0,AFCG,5m
2026-02-17 15:15:00-05:00,2.2950000762939453,2.2950000762939453,2.2899999618530273,2.2899999618530273,2541,0.0,0.0,AFCG,5m
2026-02-17 15:20:00-05:00,2.2899999618530273,2.299999952316284,2.2899999618530273,2.299999952316284,8834,0.0,0.0,AFCG,5m
2026-02-17 15:25:00-05:00,2.305000066757202,2.305000066757202,2.305000066757202,2.305000066757202,157,0.0,0.0,AFCG,5m
2026-02-17 15:30:00-05:00,2.305000066757202,2.305000066757202,2.2799999713897705,2.305000066757202,13956,0.0,0.0,AFCG,5m
2026-02-17 15:40:00-05:00,2.309999942779541,2.309999942779541,2.309999942779541,2.309999942779541,270,0.0,0.0,AFCG,5m
2026-02-17 15:50:00-05:00,2.299999952316284,2.305000066757202,2.299999952316284,2.299999952316284,2020,0.0,0.0,AFCG,5m
2026-02-17 15:55:00-05:00,2.2850000858306885,2.2899999618530273,2.2699999809265137,2.2699999809265137,6084,0.0,0.0,AFCG,5m
2026-02-18 09:30:00-05:00,2.2799999713897705,2.3094000816345215,2.2750000953674316,2.2750000953674316,3345,0.0,0.0,AFCG,5m
2026-02-18 09:35:00-05:00,2.2427000999450684,2.2427000999450684,2.2427000999450684,2.2427000999450684,289,0.0,0.0,AFCG,5m
2026-02-18 09:45:00-05:00,2.2597999572753906,2.2597999572753906,2.2597999572753906,2.2597999572753906,699,0.0,0.0,AFCG,5m
2026-02-18 09:50:00-05:00,2.259999990463257,2.259999990463257,2.259999990463257,2.259999990463257,1262,0.0,0.0,AFCG,5m
2026-02-18 10:00:00-05:00,2.259999990463257,2.259999990463257,2.259999990463257,2.259999990463257,1227,0.0,0.0,AFCG,5m
2026-02-18 10:05:00-05:00,2.2699999809265137,2.2799999713897705,2.2699999809265137,2.2799999713897705,1306,0.0,0.0,AFCG,5m
2026-02-18 10:10:00-05:00,2.288300037384033,2.299999952316284,2.288300037384033,2.299999952316284,4269,0.0,0.0,AFCG,5m
2026-02-18 10:15:00-05:00,2.3099000453948975,2.3099000453948975,2.3099000453948975,2.3099000453948975,523,0.0,0.0,AFCG,5m
2026-02-18 10:25:00-05:00,2.309999942779541,2.309999942779541,2.309999942779541,2.309999942779541,150,0.0,0.0,AFCG,5m
2026-02-18 10:35:00-05:00,2.30649995803833,2.30649995803833,2.30649995803833,2.30649995803833,1235,0.0,0.0,AFCG,5m
2026-02-18 10:40:00-05:00,2.299999952316284,2.299999952316284,2.2799999713897705,2.2799999713897705,987,0.0,0.0,AFCG,5m
2026-02-18 10:45:00-05:00,2.2750000953674316,2.2750000953674316,2.265000104904175,2.265000104904175,561,0.0,0.0,AFCG,5m
2026-02-18 10:50:00-05:00,2.2699999809265137,2.2750000953674316,2.2699999809265137,2.2750000953674316,1653,0.0,0.0,AFCG,5m
2026-02-18 11:05:00-05:00,2.271699905395508,2.2799999713897705,2.271699905395508,2.2799999713897705,681,0.0,0.0,AFCG,5m
2026-02-18 11:15:00-05:00,2.2850000858306885,2.2850000858306885,2.2850000858306885,2.2850000858306885,1000,0.0,0.0,AFCG,5m
2026-02-18 11:20:00-05:00,2.2799999713897705,2.2799999713897705,2.2799999713897705,2.2799999713897705,502,0.0,0.0,AFCG,5m
2026-02-18 11:25:00-05:00,2.2899999618530273,2.2899999618530273,2.2899999618530273,2.2899999618530273,119,0.0,0.0,AFCG,5m
2026-02-18 11:30:00-05:00,2.2899999618530273,2.2899999618530273,2.282900094985962,2.2852001190185547,798,0.0,0.0,AFCG,5m
2026-02-18 11:35:00-05:00,2.280100107192993,2.2818000316619873,2.280100107192993,2.2818000316619873,862,0.0,0.0,AFCG,5m
2026-02-18 11:45:00-05:00,2.2799999713897705,2.2799999713897705,2.2750000953674316,2.2750000953674316,634,0.0,0.0,AFCG,5m
2026-02-18 12:00:00-05:00,2.2799999713897705,2.2799999713897705,2.2750000953674316,2.2799999713897705,1243,0.0,0.0,AFCG,5m
2026-02-18 12:10:00-05:00,2.2899999618530273,2.305000066757202,2.2899999618530273,2.305000066757202,6775,0.0,0.0,AFCG,5m
2026-02-18 12:15:00-05:00,2.309999942779541,2.309999942779541,2.299999952316284,2.299999952316284,554,0.0,0.0,AFCG,5m
2026-02-18 12:25:00-05:00,2.299999952316284,2.299999952316284,2.299999952316284,2.299999952316284,609,0.0,0.0,AFCG,5m
2026-02-18 12:35:00-05:00,2.299799919128418,2.299999952316284,2.2950000762939453,2.299999952316284,6003,0.0,0.0,AFCG,5m
2026-02-18 12:45:00-05:00,2.309999942779541,2.309999942779541,2.309999942779541,2.309999942779541,145,0.0,0.0,AFCG,5m
2026-02-18 12:50:00-05:00,2.301300048828125,2.301300048828125,2.301300048828125,2.301300048828125,372,0.0,0.0,AFCG,5m
2026-02-18 12:55:00-05:00,2.309999942779541,2.309999942779541,2.309999942779541,2.309999942779541,158,0.0,0.0,AFCG,5m
2026-02-18 13:00:00-05:00,2.309999942779541,2.309999942779541,2.309999942779541,2.309999942779541,196,0.0,0.0,AFCG,5m
2026-02-18 13:05:00-05:00,2.305000066757202,2.305000066757202,2.2950000762939453,2.2950000762939453,900,0.0,0.0,AFCG,5m
2026-02-18 13:10:00-05:00,2.2999000549316406,2.2999000549316406,2.2999000549316406,2.2999000549316406,155,0.0,0.0,AFCG,5m
2026-02-18 13:20:00-05:00,2.2899999618530273,2.2999000549316406,2.2899999618530273,2.2999000549316406,691,0.0,0.0,AFCG,5m
2026-02-18 13:25:00-05:00,2.2950000762939453,2.2950000762939453,2.2950000762939453,2.2950000762939453,231,0.0,0.0,AFCG,5m
2026-02-18 13:30:00-05:00,2.2899999618530273,2.2899999618530273,2.2750000953674316,2.2750000953674316,5450,0.0,0.0,AFCG,5m
2026-02-18 13:35:00-05:00,2.2799999713897705,2.288300037384033,2.2799999713897705,2.288300037384033,819,0.0,0.0,AFCG,5m
2026-02-18 13:40:00-05:00,2.2799999713897705,2.2799999713897705,2.2799999713897705,2.2799999713897705,294,0.0,0.0,AFCG,5m
2026-02-18 13:45:00-05:00,2.2850000858306885,2.2850000858306885,2.2850000858306885,2.2850000858306885,242,0.0,0.0,AFCG,5m
2026-02-18 13:55:00-05:00,2.2899999618530273,2.2899999618530273,2.2799999713897705,2.2799999713897705,953,0.0,0.0,AFCG,5m
2026-02-18 14:00:00-05:00,2.2850000858306885,2.2850000858306885,2.2850000858306885,2.2850000858306885,0,0.0,0.0,AFCG,5m
2026-02-18 14:10:00-05:00,2.2713000774383545,2.2713000774383545,2.2713000774383545,2.2713000774383545,260,0.0,0.0,AFCG,5m
2026-02-18 14:20:00-05:00,2.2750000953674316,2.2750000953674316,2.2750000953674316,2.2750000953674316,380,0.0,0.0,AFCG,5m
2026-02-18 14:25:00-05:00,2.2750000953674316,2.2750000953674316,2.2699999809265137,2.2699999809265137,1317,0.0,0.0,AFCG,5m
2026-02-18 14:40:00-05:00,2.259999990463257,2.259999990463257,2.259999990463257,2.259999990463257,554,0.0,0.0,AFCG,5m
2026-02-18 14:50:00-05:00,2.268699884414673,2.268699884414673,2.268699884414673,2.268699884414673,446,0.0,0.0,AFCG,5m
2026-02-18 15:10:00-05:00,2.265000104904175,2.265000104904175,2.265000104904175,2.265000104904175,214,0.0,0.0,AFCG,5m
2026-02-18 15:15:00-05:00,2.2799999713897705,2.2799999713897705,2.2799999713897705,2.2799999713897705,111,0.0,0.0,AFCG,5m
2026-02-18 15:25:00-05:00,2.2799999713897705,2.2799999713897705,2.2799999713897705,2.2799999713897705,225,0.0,0.0,AFCG,5m
2026-02-18 15:30:00-05:00,2.2799999713897705,2.2799999713897705,2.2750000953674316,2.2799999713897705,605,0.0,0.0,AFCG,5m
2026-02-18 15:40:00-05:00,2.2850000858306885,2.2850000858306885,2.2850000858306885,2.2850000858306885,342,0.0,0.0,AFCG,5m
2026-02-18 15:45:00-05:00,2.2899999618530273,2.2899999618530273,2.2799999713897705,2.2850000858306885,2022,0.0,0.0,AFCG,5m
2026-02-18 15:50:00-05:00,2.2799999713897705,2.2799999713897705,2.2799999713897705,2.2799999713897705,1065,0.0,0.0,AFCG,5m
2026-02-18 15:55:00-05:00,2.2899999618530273,2.299999952316284,2.2899999618530273,2.2950000762939453,3528,0.0,0.0,AFCG,5m
2026-02-19 09:30:00-05:00,2.240000009536743,2.2699999809265137,2.240000009536743,2.2699999809265137,16008,0.0,0.0,AFCG,5m
2026-02-19 09:35:00-05:00,2.2699999809265137,2.2699999809265137,2.240000009536743,2.2541000843048096,1573,0.0,0.0,AFCG,5m
2026-02-19 09:40:00-05:00,2.2599000930786133,2.2599000930786133,2.224900007247925,2.224900007247925,3362,0.0,0.0,AFCG,5m
2026-02-19 09:45:00-05:00,2.2200000286102295,2.2200000286102295,2.2049999237060547,2.2049999237060547,3002,0.0,0.0,AFCG,5m
2026-02-19 09:50:00-05:00,2.2065000534057617,2.20989990234375,2.2065000534057617,2.20989990234375,577,0.0,0.0,AFCG,5m
2026-02-19 10:00:00-05:00,2.2100000381469727,2.2200000286102295,2.2100000381469727,2.2200000286102295,5890,0.0,0.0,AFCG,5m
2026-02-19 10:05:00-05:00,2.200000047683716,2.200000047683716,2.194999933242798,2.194999933242798,821,0.0,0.0,AFCG,5m
2026-02-19 10:10:00-05:00,2.194999933242798,2.199899911880493,2.194999933242798,2.194999933242798,1814,0.0,0.0,AFCG,5m
2026-02-19 10:15:00-05:00,2.194999933242798,2.194999933242798,2.1903998851776123,2.1903998851776123,688,0.0,0.0,AFCG,5m
2026-02-19 10:20:00-05:00,2.191699981689453,2.194999933242798,2.191699981689453,2.194999933242798,10247,0.0,0.0,AFCG,5m
2026-02-19 10:25:00-05:00,2.194999933242798,2.199899911880493,2.190000057220459,2.194999933242798,5460,0.0,0.0,AFCG,5m
2026-02-19 10:30:00-05:00,2.194999933242798,2.2100000381469727,2.194999933242798,2.2065999507904053,12055,0.0,0.0,AFCG,5m
2026-02-19 10:35:00-05:00,2.2167999744415283,2.2249999046325684,2.2149999141693115,2.2249999046325684,5774,0.0,0.0,AFCG,5m
2026-02-19 10:40:00-05:00,2.2200000286102295,2.2200000286102295,2.2200000286102295,2.2200000286102295,468,0.0,0.0,AFCG,5m
2026-02-19 10:45:00-05:00,2.2149999141693115,2.216599941253662,2.2149999141693115,2.216599941253662,1690,0.0,0.0,AFCG,5m
2026-02-19 10:55:00-05:00,2.2165000438690186,2.2165000438690186,2.2165000438690186,2.2165000438690186,273,0.0,0.0,AFCG,5m
2026-02-19 11:10:00-05:00,2.2149999141693115,2.2149999141693115,2.2149999141693115,2.2149999141693115,206,0.0,0.0,AFCG,5m
2026-02-19 11:15:00-05:00,2.2100000381469727,2.2200000286102295,2.2100000381469727,2.2200000286102295,3205,0.0,0.0,AFCG,5m
2026-02-19 11:25:00-05:00,2.2200000286102295,2.2200000286102295,2.2100000381469727,2.2100000381469727,5421,0.0,0.0,AFCG,5m
2026-02-19 11:40:00-05:00,2.203399896621704,2.203399896621704,2.200000047683716,2.200000047683716,247,0.0,0.0,AFCG,5m
2026-02-19 11:45:00-05:00,2.20989990234375,2.20989990234375,2.20989990234375,2.20989990234375,596,0.0,0.0,AFCG,5m
2026-02-19 11:50:00-05:00,2.2049999237060547,2.2100000381469727,2.2049999237060547,2.2100000381469727,985,0.0,0.0,AFCG,5m
2026-02-19 11:55:00-05:00,2.2100000381469727,2.2100000381469727,2.2100000381469727,2.2100000381469727,268,0.0,0.0,AFCG,5m
2026-02-19 12:05:00-05:00,2.2149999141693115,2.2149999141693115,2.2149999141693115,2.2149999141693115,180,0.0,0.0,AFCG,5m
2026-02-19 12:10:00-05:00,2.2165000438690186,2.2165000438690186,2.2100000381469727,2.2100000381469727,648,0.0,0.0,AFCG,5m
2026-02-19 12:20:00-05:00,2.2149999141693115,2.2149999141693115,2.2149999141693115,2.2149999141693115,2413,0.0,0.0,AFCG,5m
2026-02-19 12:30:00-05:00,2.2200000286102295,2.2200000286102295,2.2200000286102295,2.2200000286102295,599,0.0,0.0,AFCG,5m
2026-02-19 12:50:00-05:00,2.210099935531616,2.210099935531616,2.2049999237060547,2.2049999237060547,1297,0.0,0.0,AFCG,5m
2026-02-19 13:05:00-05:00,2.2049999237060547,2.2049999237060547,2.2049999237060547,2.2049999237060547,346,0.0,0.0,AFCG,5m
2026-02-19 13:15:00-05:00,2.200000047683716,2.200000047683716,2.200000047683716,2.200000047683716,123,0.0,0.0,AFCG,5m
2026-02-19 13:20:00-05:00,2.200000047683716,2.2100000381469727,2.200000047683716,2.2100000381469727,6930,0.0,0.0,AFCG,5m
2026-02-19 13:30:00-05:00,2.2197000980377197,2.2197000980377197,2.2197000980377197,2.2197000980377197,485,0.0,0.0,AFCG,5m
2026-02-19 13:40:00-05:00,2.2100000381469727,2.2100000381469727,2.2100000381469727,2.2100000381469727,1234,0.0,0.0,AFCG,5m
2026-02-19 13:45:00-05:00,2.2149999141693115,2.2149999141693115,2.2149999141693115,2.2149999141693115,482,0.0,0.0,AFCG,5m
2026-02-19 13:55:00-05:00,2.2100000381469727,2.2100000381469727,2.2100000381469727,2.2100000381469727,1566,0.0,0.0,AFCG,5m
2026-02-19 14:20:00-05:00,2.2100000381469727,2.2100000381469727,2.2049999237060547,2.2049999237060547,410,0.0,0.0,AFCG,5m
2026-02-19 14:25:00-05:00,2.2049999237060547,2.2049999237060547,2.2049999237060547,2.2049999237060547,614,0.0,0.0,AFCG,5m
2026-02-19 14:35:00-05:00,2.2049999237060547,2.2049999237060547,2.2049999237060547,2.2049999237060547,413,0.0,0.0,AFCG,5m
2026-02-19 14:50:00-05:00,2.2049999237060547,2.2100000381469727,2.2049999237060547,2.2049999237060547,4794,0.0,0.0,AFCG,5m
2026-02-19 15:00:00-05:00,2.2049999237060547,2.2100000381469727,2.2049999237060547,2.2100000381469727,1644,0.0,0.0,AFCG,5m
2026-02-19 15:10:00-05:00,2.2149999141693115,2.2149999141693115,2.2149999141693115,2.2149999141693115,442,0.0,0.0,AFCG,5m
2026-02-19 15:20:00-05:00,2.2100000381469727,2.2100000381469727,2.2100000381469727,2.2100000381469727,742,0.0,0.0,AFCG,5m
2026-02-19 15:35:00-05:00,2.2149999141693115,2.2149999141693115,2.2114999294281006,2.2114999294281006,763,0.0,0.0,AFCG,5m
2026-02-19 15:40:00-05:00,2.2200000286102295,2.2298998832702637,2.2200000286102295,2.2298998832702637,807,0.0,0.0,AFCG,5m
2026-02-19 15:45:00-05:00,2.2249999046325684,2.2249999046325684,2.2249999046325684,2.2249999046325684,303,0.0,0.0,AFCG,5m
2026-02-19 15:50:00-05:00,2.2300000190734863,2.234999895095825,2.2249999046325684,2.234999895095825,2454,0.0,0.0,AFCG,5m
2026-02-19 15:55:00-05:00,2.234999895095825,2.236599922180176,2.2249999046325684,2.2300000190734863,56008,0.0,0.0,AFCG,5m
2026-02-20 09:30:00-05:00,2.2300000190734863,2.255000114440918,2.2300000190734863,2.255000114440918,3037,0.0,0.0,AFCG,5m
2026-02-20 09:40:00-05:00,2.240000009536743,2.25,2.240000009536743,2.240000009536743,973,0.0,0.0,AFCG,5m
2026-02-20 09:45:00-05:00,2.2300000190734863,2.2300000190734863,2.2300000190734863,2.2300000190734863,299,0.0,0.0,AFCG,5m
2026-02-20 09:50:00-05:00,2.2476000785827637,2.2476000785827637,2.2476000785827637,2.2476000785827637,598,0.0,0.0,AFCG,5m
2026-02-20 09:55:00-05:00,2.240000009536743,2.240000009536743,2.240000009536743,2.240000009536743,151,0.0,0.0,AFCG,5m
2026-02-20 10:00:00-05:00,2.25,2.259999990463257,2.25,2.259999990463257,2977,0.0,0.0,AFCG,5m
2026-02-20 10:05:00-05:00,2.259999990463257,2.2899999618530273,2.259999990463257,2.2899999618530273,1784,0.0,0.0,AFCG,5m
2026-02-20 10:15:00-05:00,2.2850000858306885,2.2850000858306885,2.2799999713897705,2.2799999713897705,435,0.0,0.0,AFCG,5m
2026-02-20 10:20:00-05:00,2.2799999713897705,2.2799999713897705,2.2799999713897705,2.2799999713897705,892,0.0,0.0,AFCG,5m
2026-02-20 10:40:00-05:00,2.2774999141693115,2.2774999141693115,2.2774999141693115,2.2774999141693115,323,0.0,0.0,AFCG,5m
2026-02-20 10:45:00-05:00,2.2799999713897705,2.2899999618530273,2.2799999713897705,2.2799999713897705,1386,0.0,0.0,AFCG,5m
2026-02-20 10:55:00-05:00,2.2699999809265137,2.2699999809265137,2.259999990463257,2.2699999809265137,1527,0.0,0.0,AFCG,5m
2026-02-20 11:00:00-05:00,2.279400110244751,2.279400110244751,2.279400110244751,2.279400110244751,380,0.0,0.0,AFCG,5m
2026-02-20 11:05:00-05:00,2.2750000953674316,2.2750000953674316,2.2750000953674316,2.2750000953674316,503,0.0,0.0,AFCG,5m
2026-02-20 11:10:00-05:00,2.289900064468384,2.289900064468384,2.289900064468384,2.289900064468384,821,0.0,0.0,AFCG,5m
2026-02-20 11:15:00-05:00,2.25,2.25,2.25,2.25,299,0.0,0.0,AFCG,5m
2026-02-20 11:30:00-05:00,2.25,2.25,2.25,2.25,200,0.0,0.0,AFCG,5m
2026-02-20 11:35:00-05:00,2.2499001026153564,2.25,2.2499001026153564,2.25,1063,0.0,0.0,AFCG,5m
2026-02-20 11:40:00-05:00,2.255000114440918,2.255000114440918,2.255000114440918,2.255000114440918,189,0.0,0.0,AFCG,5m
2026-02-20 11:50:00-05:00,2.240299940109253,2.240299940109253,2.240299940109253,2.240299940109253,1696,0.0,0.0,AFCG,5m
2026-02-20 11:55:00-05:00,2.25,2.25,2.25,2.25,1147,0.0,0.0,AFCG,5m
2026-02-20 12:10:00-05:00,2.234999895095825,2.234999895095825,2.234999895095825,2.234999895095825,463,0.0,0.0,AFCG,5m
2026-02-20 12:20:00-05:00,2.2300000190734863,2.234999895095825,2.2300000190734863,2.234999895095825,650,0.0,0.0,AFCG,5m
2026-02-20 12:25:00-05:00,2.240000009536743,2.240000009536743,2.240000009536743,2.240000009536743,427,0.0,0.0,AFCG,5m
2026-02-20 12:30:00-05:00,2.234999895095825,2.234999895095825,2.234999895095825,2.234999895095825,1727,0.0,0.0,AFCG,5m
2026-02-20 13:00:00-05:00,2.244999885559082,2.244999885559082,2.244999885559082,2.244999885559082,152,0.0,0.0,AFCG,5m
2026-02-20 13:05:00-05:00,2.240000009536743,2.240000009536743,2.240000009536743,2.240000009536743,1124,0.0,0.0,AFCG,5m
2026-02-20 13:15:00-05:00,2.240299940109253,2.240299940109253,2.240299940109253,2.240299940109253,350,0.0,0.0,AFCG,5m
2026-02-20 13:20:00-05:00,2.240000009536743,2.240000009536743,2.240000009536743,2.240000009536743,260,0.0,0.0,AFCG,5m
2026-02-20 13:30:00-05:00,2.234999895095825,2.240000009536743,2.234999895095825,2.240000009536743,730,0.0,0.0,AFCG,5m
2026-02-20 13:35:00-05:00,2.240000009536743,2.240000009536743,2.240000009536743,2.240000009536743,205,0.0,0.0,AFCG,5m
2026-02-20 13:45:00-05:00,2.255000114440918,2.255000114440918,2.25,2.25,1053,0.0,0.0,AFCG,5m
2026-02-20 13:50:00-05:00,2.25,2.25,2.25,2.25,197,0.0,0.0,AFCG,5m
2026-02-20 13:55:00-05:00,2.255000114440918,2.255000114440918,2.255000114440918,2.255000114440918,409,0.0,0.0,AFCG,5m
2026-02-20 14:15:00-05:00,2.240000009536743,2.240000009536743,2.240000009536743,2.240000009536743,137,0.0,0.0,AFCG,5m
2026-02-20 14:20:00-05:00,2.240000009536743,2.2499001026153564,2.240000009536743,2.2499001026153564,978,0.0,0.0,AFCG,5m
2026-02-20 14:30:00-05:00,2.244999885559082,2.244999885559082,2.244999885559082,2.244999885559082,5224,0.0,0.0,AFCG,5m
2026-02-20 14:35:00-05:00,2.240000009536743,2.244999885559082,2.240000009536743,2.244999885559082,11598,0.0,0.0,AFCG,5m
2026-02-20 14:40:00-05:00,2.244999885559082,2.244999885559082,2.244999885559082,2.244999885559082,2130,0.0,0.0,AFCG,5m
2026-02-20 14:45:00-05:00,2.2448999881744385,2.244999885559082,2.243499994277954,2.24429988861084,3550,0.0,0.0,AFCG,5m
2026-02-20 14:50:00-05:00,2.244999885559082,2.244999885559082,2.244999885559082,2.244999885559082,115,0.0,0.0,AFCG,5m
2026-02-20 14:55:00-05:00,2.244999885559082,2.244999885559082,2.244999885559082,2.244999885559082,116,0.0,0.0,AFCG,5m
2026-02-20 15:00:00-05:00,2.249799966812134,2.2899999618530273,2.249799966812134,2.2699999809265137,16519,0.0,0.0,AFCG,5m
2026-02-20 15:25:00-05:00,2.265000104904175,2.265000104904175,2.265000104904175,2.265000104904175,110,0.0,0.0,AFCG,5m
2026-02-20 15:30:00-05:00,2.265000104904175,2.265000104904175,2.265000104904175,2.265000104904175,216,0.0,0.0,AFCG,5m
2026-02-20 15:35:00-05:00,2.265000104904175,2.265000104904175,2.265000104904175,2.265000104904175,3477,0.0,0.0,AFCG,5m
2026-02-20 15:40:00-05:00,2.265000104904175,2.265000104904175,2.259999990463257,2.259999990463257,950,0.0,0.0,AFCG,5m
2026-02-20 15:45:00-05:00,2.255000114440918,2.255000114440918,2.255000114440918,2.255000114440918,296,0.0,0.0,AFCG,5m
2026-02-20 15:50:00-05:00,2.259999990463257,2.259999990463257,2.259999990463257,2.259999990463257,272,0.0,0.0,AFCG,5m
2026-02-20 15:55:00-05:00,2.255000114440918,2.259999990463257,2.25,2.259999990463257,9589,0.0,0.0,AFCG,5m
2026-02-23 09:30:00-05:00,2.259999990463257,2.2799999713897705,2.259999990463257,2.2799999713897705,26925,0.0,0.0,AFCG,5m
2026-02-23 09:35:00-05:00,2.25,2.25,2.25,2.25,100,0.0,0.0,AFCG,5m
2026-02-23 09:40:00-05:00,2.2565999031066895,2.2565999031066895,2.2300000190734863,2.2300000190734863,3904,0.0,0.0,AFCG,5m
2026-02-23 09:45:00-05:00,2.2300000190734863,2.2300000190734863,2.2300000190734863,2.2300000190734863,6046,0.0,0.0,AFCG,5m
2026-02-23 09:50:00-05:00,2.2300000190734863,2.2300000190734863,2.2300000190734863,2.2300000190734863,316,0.0,0.0,AFCG,5m
2026-02-23 09:55:00-05:00,2.2235000133514404,2.2235000133514404,2.209700107574463,2.2100000381469727,3123,0.0,0.0,AFCG,5m
2026-02-23 10:00:00-05:00,2.2149999141693115,2.2200000286102295,2.2100000381469727,2.2100000381469727,3264,0.0,0.0,AFCG,5m
2026-02-23 10:05:00-05:00,2.200000047683716,2.200000047683716,2.194999933242798,2.194999933242798,1071,0.0,0.0,AFCG,5m
2026-02-23 10:20:00-05:00,2.190000057220459,2.190000057220459,2.184999942779541,2.184999942779541,2197,0.0,0.0,AFCG,5m
2026-02-23 10:35:00-05:00,2.199899911880493,2.199899911880493,2.199899911880493,2.199899911880493,200,0.0,0.0,AFCG,5m
2026-02-23 10:40:00-05:00,2.199899911880493,2.199899911880493,2.194999933242798,2.194999933242798,1258,0.0,0.0,AFCG,5m
2026-02-23 10:50:00-05:00,2.194999933242798,2.1986000537872314,2.184999942779541,2.184999942779541,1302,0.0,0.0,AFCG,5m
2026-02-23 11:00:00-05:00,2.186500072479248,2.190000057220459,2.184999942779541,2.190000057220459,11384,0.0,0.0,AFCG,5m
2026-02-23 11:30:00-05:00,2.200000047683716,2.200000047683716,2.200000047683716,2.200000047683716,150,0.0,0.0,AFCG,5m
2026-02-23 11:35:00-05:00,2.1993000507354736,2.200000047683716,2.194999933242798,2.200000047683716,4615,0.0,0.0,AFCG,5m
2026-02-23 11:40:00-05:00,2.194999933242798,2.194999933242798,2.194999933242798,2.194999933242798,308,0.0,0.0,AFCG,5m
2026-02-23 11:45:00-05:00,2.194999933242798,2.200000047683716,2.191699981689453,2.191699981689453,379,0.0,0.0,AFCG,5m
2026-02-23 11:50:00-05:00,2.194999933242798,2.200000047683716,2.194999933242798,2.200000047683716,699,0.0,0.0,AFCG,5m
2026-02-23 12:00:00-05:00,2.200000047683716,2.200000047683716,2.200000047683716,2.200000047683716,277,0.0,0.0,AFCG,5m
2026-02-23 12:05:00-05:00,2.194999933242798,2.194999933242798,2.190000057220459,2.190000057220459,2343,0.0,0.0,AFCG,5m
2026-02-23 12:10:00-05:00,2.194999933242798,2.194999933242798,2.190000057220459,2.190000057220459,1736,0.0,0.0,AFCG,5m
2026-02-23 12:15:00-05:00,2.190000057220459,2.190000057220459,2.184999942779541,2.184999942779541,2117,0.0,0.0,AFCG,5m
2026-02-23 12:20:00-05:00,2.1895999908447266,2.1895999908447266,2.184999942779541,2.184999942779541,16167,0.0,0.0,AFCG,5m
2026-02-23 12:30:00-05:00,2.190000057220459,2.190000057220459,2.190000057220459,2.190000057220459,0,0.0,0.0,AFCG,5m
2026-02-23 12:40:00-05:00,2.190000057220459,2.190000057220459,2.180000066757202,2.180000066757202,1517,0.0,0.0,AFCG,5m
2026-02-23 12:45:00-05:00,2.186000108718872,2.186000108718872,2.174999952316284,2.174999952316284,539,0.0,0.0,AFCG,5m
2026-02-23 12:50:00-05:00,2.174999952316284,2.174999952316284,2.174999952316284,2.174999952316284,236,0.0,0.0,AFCG,5m
2026-02-23 12:55:00-05:00,2.172499895095825,2.172499895095825,2.172499895095825,2.172499895095825,200,0.0,0.0,AFCG,5m
2026-02-23 13:00:00-05:00,2.174999952316284,2.174999952316284,2.174999952316284,2.174999952316284,967,0.0,0.0,AFCG,5m
2026-02-23 13:10:00-05:00,2.174999952316284,2.174999952316284,2.174999952316284,2.174999952316284,227,0.0,0.0,AFCG,5m
2026-02-23 13:15:00-05:00,2.180000066757202,2.180000066757202,2.180000066757202,2.180000066757202,17026,0.0,0.0,AFCG,5m
2026-02-23 13:20:00-05:00,2.180000066757202,2.184999942779541,2.180000066757202,2.184999942779541,1317,0.0,0.0,AFCG,5m
2026-02-23 13:30:00-05:00,2.190000057220459,2.190000057220459,2.188800096511841,2.188800096511841,0,0.0,0.0,AFCG,5m
2026-02-23 13:35:00-05:00,2.187000036239624,2.190000057220459,2.183500051498413,2.183500051498413,648,0.0,0.0,AFCG,5m
2026-02-23 13:40:00-05:00,2.184999942779541,2.184999942779541,2.184999942779541,2.184999942779541,170,0.0,0.0,AFCG,5m
2026-02-23 13:45:00-05:00,2.190000057220459,2.190000057220459,2.190000057220459,2.190000057220459,160,0.0,0.0,AFCG,5m
2026-02-23 13:50:00-05:00,2.184999942779541,2.184999942779541,2.184999942779541,2.184999942779541,305,0.0,0.0,AFCG,5m
2026-02-23 13:55:00-05:00,2.190000057220459,2.190000057220459,2.190000057220459,2.190000057220459,418,0.0,0.0,AFCG,5m
2026-02-23 14:00:00-05:00,2.190000057220459,2.200000047683716,2.190000057220459,2.200000047683716,887,0.0,0.0,AFCG,5m
2026-02-23 14:10:00-05:00,2.200000047683716,2.200000047683716,2.200000047683716,2.200000047683716,18490,0.0,0.0,AFCG,5m
2026-02-23 14:20:00-05:00,2.190000057220459,2.200000047683716,2.190000057220459,2.200000047683716,0,0.0,0.0,AFCG,5m
2026-02-23 14:25:00-05:00,2.190000057220459,2.190000057220459,2.180000066757202,2.180000066757202,770,0.0,0.0,AFCG,5m
2026-02-23 14:30:00-05:00,2.190000057220459,2.194999933242798,2.184999942779541,2.191499948501587,2379,0.0,0.0,AFCG,5m
2026-02-23 14:35:00-05:00,2.190000057220459,2.200000047683716,2.190000057220459,2.194999933242798,1871,0.0,0.0,AFCG,5m
2026-02-23 14:40:00-05:00,2.194999933242798,2.196500062942505,2.191499948501587,2.196500062942505,1060,0.0,0.0,AFCG,5m
2026-02-23 14:45:00-05:00,2.194999933242798,2.194999933242798,2.194999933242798,2.194999933242798,182,0.0,0.0,AFCG,5m
2026-02-23 14:50:00-05:00,2.194999933242798,2.194999933242798,2.194999933242798,2.194999933242798,68,0.0,0.0,AFCG,5m
2026-02-23 15:00:00-05:00,2.200000047683716,2.200000047683716,2.1900999546051025,2.194999933242798,4426,0.0,0.0,AFCG,5m
2026-02-23 15:05:00-05:00,2.194999933242798,2.199899911880493,2.194999933242798,2.194999933242798,331,0.0,0.0,AFCG,5m
2026-02-23 15:10:00-05:00,2.194999933242798,2.200000047683716,2.194999933242798,2.194999933242798,7756,0.0,0.0,AFCG,5m
2026-02-23 15:15:00-05:00,2.194999933242798,2.194999933242798,2.191800117492676,2.191800117492676,206,0.0,0.0,AFCG,5m
2026-02-23 15:20:00-05:00,2.194999933242798,2.194999933242798,2.194999933242798,2.194999933242798,206,0.0,0.0,AFCG,5m
2026-02-23 15:25:00-05:00,2.190000057220459,2.194999933242798,2.190000057220459,2.194999933242798,491,0.0,0.0,AFCG,5m
2026-02-23 15:30:00-05:00,2.200000047683716,2.200000047683716,2.194999933242798,2.194999933242798,10753,0.0,0.0,AFCG,5m
2026-02-23 15:35:00-05:00,2.194999933242798,2.194999933242798,2.194999933242798,2.194999933242798,206,0.0,0.0,AFCG,5m
2026-02-23 15:40:00-05:00,2.194999933242798,2.200000047683716,2.194999933242798,2.200000047683716,4202,0.0,0.0,AFCG,5m
2026-02-23 15:45:00-05:00,2.194999933242798,2.194999933242798,2.194999933242798,2.194999933242798,603,0.0,0.0,AFCG,5m
2026-02-23 15:50:00-05:00,2.194999933242798,2.194999933242798,2.190000057220459,2.190000057220459,2540,0.0,0.0,AFCG,5m
2026-02-23 15:55:00-05:00,2.194999933242798,2.194999933242798,2.190000057220459,2.194999933242798,5619,0.0,0.0,AFCG,5m
2026-02-24 09:30:00-05:00,2.1500000953674316,2.1500000953674316,2.1500000953674316,2.1500000953674316,18410,0.0,0.0,AFCG,5m
2026-02-24 09:35:00-05:00,2.1600000858306885,2.1700000762939453,2.1600000858306885,2.1700000762939453,1159,0.0,0.0,AFCG,5m
2026-02-24 09:40:00-05:00,2.166300058364868,2.166300058364868,2.166300058364868,2.166300058364868,750,0.0,0.0,AFCG,5m
2026-02-24 09:50:00-05:00,2.19950008392334,2.200000047683716,2.19950008392334,2.200000047683716,550,0.0,0.0,AFCG,5m
2026-02-24 09:55:00-05:00,2.2100000381469727,2.2100000381469727,2.2100000381469727,2.2100000381469727,109,0.0,0.0,AFCG,5m
2026-02-24 10:00:00-05:00,2.2049999237060547,2.2100000381469727,2.2049999237060547,2.2049999237060547,1009,0.0,0.0,AFCG,5m
2026-02-24 10:10:00-05:00,2.2100000381469727,2.219899892807007,2.20989990234375,2.219899892807007,1357,0.0,0.0,AFCG,5m
2026-02-24 10:15:00-05:00,2.2149999141693115,2.219899892807007,2.2149999141693115,2.219099998474121,832,0.0,0.0,AFCG,5m
2026-02-24 10:20:00-05:00,2.2300000190734863,2.240000009536743,2.2300000190734863,2.240000009536743,3060,0.0,0.0,AFCG,5m
2026-02-24 10:25:00-05:00,2.255500078201294,2.255500078201294,2.255500078201294,2.255500078201294,524,0.0,0.0,AFCG,5m
2026-02-24 10:30:00-05:00,2.255000114440918,2.2699999809265137,2.255000114440918,2.2699999809265137,2691,0.0,0.0,AFCG,5m
2026-02-24 10:35:00-05:00,2.2664999961853027,2.2664999961853027,2.2664999961853027,2.2664999961853027,556,0.0,0.0,AFCG,5m
2026-02-24 10:40:00-05:00,2.260999917984009,2.260999917984009,2.260999917984009,2.260999917984009,461,0.0,0.0,AFCG,5m
2026-02-24 10:50:00-05:00,2.260999917984009,2.260999917984009,2.25,2.25,2395,0.0,0.0,AFCG,5m
2026-02-24 10:55:00-05:00,2.25,2.25,2.25,2.25,247,0.0,0.0,AFCG,5m
2026-02-24 11:00:00-05:00,2.255000114440918,2.255000114440918,2.255000114440918,2.255000114440918,183,0.0,0.0,AFCG,5m
2026-02-24 11:10:00-05:00,2.25,2.25,2.240000009536743,2.240000009536743,11662,0.0,0.0,AFCG,5m
2026-02-24 11:15:00-05:00,2.234999895095825,2.234999895095825,2.234999895095825,2.234999895095825,550,0.0,0.0,AFCG,5m
2026-02-24 11:20:00-05:00,2.234999895095825,2.234999895095825,2.234999895095825,2.234999895095825,511,0.0,0.0,AFCG,5m
2026-02-24 11:30:00-05:00,2.22979998588562,2.2300000190734863,2.2249999046325684,2.2300000190734863,396,0.0,0.0,AFCG,5m
2026-02-24 11:35:00-05:00,2.2249999046325684,2.2249999046325684,2.2249999046325684,2.2249999046325684,1156,0.0,0.0,AFCG,5m
2026-02-24 11:55:00-05:00,2.240000009536743,2.259999990463257,2.240000009536743,2.259999990463257,12632,0.0,0.0,AFCG,5m
2026-02-24 12:10:00-05:00,2.265000104904175,2.2899999618530273,2.259999990463257,2.2899999618530273,3762,0.0,0.0,AFCG,5m
2026-02-24 12:20:00-05:00,2.2950000762939453,2.299999952316284,2.2950000762939453,2.299999952316284,7229,0.0,0.0,AFCG,5m
2026-02-24 12:25:00-05:00,2.2899999618530273,2.2899999618530273,2.2850000858306885,2.2850000858306885,594,0.0,0.0,AFCG,5m
2026-02-24 12:30:00-05:00,2.2899999618530273,2.2899999618530273,2.2899999618530273,2.2899999618530273,1067,0.0,0.0,AFCG,5m
2026-02-24 12:40:00-05:00,2.2964999675750732,2.2999000549316406,2.2964999675750732,2.2999000549316406,757,0.0,0.0,AFCG,5m
2026-02-24 12:50:00-05:00,2.299999952316284,2.316499948501587,2.2999000549316406,2.299999952316284,12694,0.0,0.0,AFCG,5m
2026-02-24 12:55:00-05:00,2.305000066757202,2.305000066757202,2.305000066757202,2.305000066757202,464,0.0,0.0,AFCG,5m
2026-02-24 13:00:00-05:00,2.309999942779541,2.309999942779541,2.309999942779541,2.309999942779541,0,0.0,0.0,AFCG,5m
2026-02-24 13:05:00-05:00,2.319999933242798,2.319999933242798,2.311000108718872,2.311000108718872,1208,0.0,0.0,AFCG,5m
2026-02-24 13:15:00-05:00,2.305000066757202,2.305000066757202,2.305000066757202,2.305000066757202,1040,0.0,0.0,AFCG,5m
2026-02-24 13:20:00-05:00,2.305000066757202,2.305000066757202,2.299999952316284,2.299999952316284,288,0.0,0.0,AFCG,5m
2026-02-24 13:25:00-05:00,2.2950000762939453,2.2950000762939453,2.2950000762939453,2.2950000762939453,280,0.0,0.0,AFCG,5m
2026-02-24 13:35:00-05:00,2.292799949645996,2.292799949645996,2.292799949645996,2.292799949645996,1080,0.0,0.0,AFCG,5m
2026-02-24 13:40:00-05:00,2.299999952316284,2.299999952316284,2.299999952316284,2.299999952316284,121,0.0,0.0,AFCG,5m
2026-02-24 13:45:00-05:00,2.299999952316284,2.3299999237060547,2.299999952316284,2.309999942779541,10233,0.0,0.0,AFCG,5m
2026-02-24 13:55:00-05:00,2.3101000785827637,2.3101000785827637,2.309999942779541,2.3101000785827637,2335,0.0,0.0,AFCG,5m
2026-02-24 14:00:00-05:00,2.300100088119507,2.300100088119507,2.300100088119507,2.300100088119507,2184,0.0,0.0,AFCG,5m
2026-02-24 14:05:00-05:00,2.299999952316284,2.325000047683716,2.2964999675750732,2.325000047683716,3917,0.0,0.0,AFCG,5m
2026-02-24 14:20:00-05:00,2.319999933242798,2.3266000747680664,2.319999933242798,2.3266000747680664,2910,0.0,0.0,AFCG,5m
2026-02-24 14:25:00-05:00,2.319999933242798,2.319999933242798,2.319999933242798,2.319999933242798,120,0.0,0.0,AFCG,5m
2026-02-24 14:30:00-05:00,2.325000047683716,2.325000047683716,2.325000047683716,2.325000047683716,328,0.0,0.0,AFCG,5m
2026-02-24 14:35:00-05:00,2.3292999267578125,2.3292999267578125,2.3292999267578125,2.3292999267578125,836,0.0,0.0,AFCG,5m
2026-02-24 14:40:00-05:00,2.325000047683716,2.325000047683716,2.325000047683716,2.325000047683716,0,0.0,0.0,AFCG,5m
2026-02-24 14:50:00-05:00,2.325000047683716,2.3299999237060547,2.325000047683716,2.3299999237060547,763,0.0,0.0,AFCG,5m
2026-02-24 15:00:00-05:00,2.3299999237060547,2.3299999237060547,2.3299999237060547,2.3299999237060547,123,0.0,0.0,AFCG,5m
2026-02-24 15:05:00-05:00,2.3399999141693115,2.3399999141693115,2.3399999141693115,2.3399999141693115,111,0.0,0.0,AFCG,5m
2026-02-24 15:10:00-05:00,2.3334999084472656,2.3334999084472656,2.3299999237060547,2.3299999237060547,497,0.0,0.0,AFCG,5m
2026-02-24 15:20:00-05:00,2.3299999237060547,2.3350000381469727,2.3299999237060547,2.3350000381469727,1717,0.0,0.0,AFCG,5m
2026-02-24 15:25:00-05:00,2.338099956512451,2.3450000286102295,2.3350000381469727,2.3450000286102295,7302,0.0,0.0,AFCG,5m
2026-02-24 15:30:00-05:00,2.3399999141693115,2.3399999141693115,2.3350000381469727,2.3350000381469727,744,0.0,0.0,AFCG,5m
2026-02-24 15:35:00-05:00,2.3350000381469727,2.3350000381469727,2.3299999237060547,2.3299999237060547,762,0.0,0.0,AFCG,5m
2026-02-24 15:40:00-05:00,2.325000047683716,2.3299999237060547,2.319999933242798,2.3299999237060547,1578,0.0,0.0,AFCG,5m
2026-02-24 15:45:00-05:00,2.3299999237060547,2.3299999237060547,2.3299999237060547,2.3299999237060547,294,0.0,0.0,AFCG,5m
2026-02-24 15:50:00-05:00,2.3350000381469727,2.3399999141693115,2.3299999237060547,2.3299999237060547,1810,0.0,0.0,AFCG,5m
2026-02-24 15:55:00-05:00,2.315000057220459,2.319999933242798,2.309999942779541,2.319999933242798,4967,0.0,0.0,AFCG,5m
2026-02-25 09:30:00-05:00,2.3299999237060547,2.3399999141693115,2.325000047683716,2.3399999141693115,4041,0.0,0.0,AFCG,5m
2026-02-25 09:35:00-05:00,2.3299999237060547,2.3299999237060547,2.3299999237060547,2.3299999237060547,265,0.0,0.0,AFCG,5m
2026-02-25 09:50:00-05:00,2.3299999237060547,2.3299999237060547,2.3299999237060547,2.3299999237060547,236,0.0,0.0,AFCG,5m
2026-02-25 09:55:00-05:00,2.329900026321411,2.329900026321411,2.319999933242798,2.319999933242798,3843,0.0,0.0,AFCG,5m
2026-02-25 10:10:00-05:00,2.3499999046325684,2.3499999046325684,2.3436999320983887,2.3450000286102295,766,0.0,0.0,AFCG,5m
2026-02-25 10:15:00-05:00,2.3450000286102295,2.3450000286102295,2.340100049972534,2.3450000286102295,591,0.0,0.0,AFCG,5m
2026-02-25 10:20:00-05:00,2.3499999046325684,2.3550000190734863,2.3499999046325684,2.3550000190734863,5301,0.0,0.0,AFCG,5m
2026-02-25 10:30:00-05:00,2.3501999378204346,2.3501999378204346,2.3501999378204346,2.3501999378204346,284,0.0,0.0,AFCG,5m
2026-02-25 10:50:00-05:00,2.3499999046325684,2.3499999046325684,2.3399999141693115,2.3399999141693115,1681,0.0,0.0,AFCG,5m
2026-02-25 11:05:00-05:00,2.3299999237060547,2.3299999237060547,2.3299999237060547,2.3299999237060547,106,0.0,0.0,AFCG,5m
2026-02-25 11:10:00-05:00,2.325000047683716,2.325000047683716,2.3201000690460205,2.3201000690460205,933,0.0,0.0,AFCG,5m
2026-02-25 11:30:00-05:00,2.3399999141693115,2.3399999141693115,2.3399999141693115,2.3399999141693115,103,0.0,0.0,AFCG,5m
2026-02-25 11:35:00-05:00,2.3350000381469727,2.3399999141693115,2.3350000381469727,2.3399999141693115,972,0.0,0.0,AFCG,5m
2026-02-25 11:45:00-05:00,2.3499999046325684,2.3499999046325684,2.3499999046325684,2.3499999046325684,47,0.0,0.0,AFCG,5m
2026-02-25 12:00:00-05:00,2.3499999046325684,2.3499999046325684,2.3499999046325684,2.3499999046325684,140,0.0,0.0,AFCG,5m
2026-02-25 12:05:00-05:00,2.3499999046325684,2.365000009536743,2.3499999046325684,2.365000009536743,3235,0.0,0.0,AFCG,5m
2026-02-25 12:10:00-05:00,2.36899995803833,2.369999885559082,2.36899995803833,2.369999885559082,1115,0.0,0.0,AFCG,5m
2026-02-25 12:15:00-05:00,2.3698999881744385,2.3698999881744385,2.3698999881744385,2.3698999881744385,170,0.0,0.0,AFCG,5m
2026-02-25 12:20:00-05:00,2.369800090789795,2.3798999786376953,2.360100030899048,2.3798999786376953,24890,0.0,0.0,AFCG,5m
2026-02-25 12:25:00-05:00,2.384999990463257,2.384999990463257,2.384999990463257,2.384999990463257,0,0.0,0.0,AFCG,5m
2026-02-25 12:35:00-05:00,2.384999990463257,2.390000104904175,2.384999990463257,2.384999990463257,1550,0.0,0.0,AFCG,5m
2026-02-25 12:40:00-05:00,2.390000104904175,2.390000104904175,2.390000104904175,2.390000104904175,0,0.0,0.0,AFCG,5m
2026-02-25 12:55:00-05:00,2.384999990463257,2.390000104904175,2.384999990463257,2.390000104904175,1216,0.0,0.0,AFCG,5m
2026-02-25 13:05:00-05:00,2.390000104904175,2.3901000022888184,2.390000104904175,2.3901000022888184,23517,0.0,0.0,AFCG,5m
2026-02-25 13:10:00-05:00,2.4000000953674316,2.4000000953674316,2.4000000953674316,2.4000000953674316,0,0.0,0.0,AFCG,5m
2026-02-25 13:15:00-05:00,2.3949999809265137,2.4000000953674316,2.3949999809265137,2.4000000953674316,1015,0.0,0.0,AFCG,5m
2026-02-25 13:20:00-05:00,2.3949999809265137,2.3949999809265137,2.3949999809265137,2.3949999809265137,2427,0.0,0.0,AFCG,5m
2026-02-25 13:25:00-05:00,2.4000000953674316,2.4000000953674316,2.4000000953674316,2.4000000953674316,238,0.0,0.0,AFCG,5m
2026-02-25 13:35:00-05:00,2.3949999809265137,2.3949999809265137,2.3949999809265137,2.3949999809265137,5315,0.0,0.0,AFCG,5m
2026-02-25 13:55:00-05:00,2.3949999809265137,2.3949999809265137,2.3949999809265137,2.3949999809265137,223,0.0,0.0,AFCG,5m
2026-02-25 14:00:00-05:00,2.3949999809265137,2.3949999809265137,2.3949999809265137,2.3949999809265137,266,0.0,0.0,AFCG,5m
2026-02-25 14:10:00-05:00,2.3989999294281006,2.3989999294281006,2.3989999294281006,2.3989999294281006,611,0.0,0.0,AFCG,5m
2026-02-25 14:35:00-05:00,2.3901000022888184,2.3901000022888184,2.3901000022888184,2.3901000022888184,2522,0.0,0.0,AFCG,5m
2026-02-25 14:45:00-05:00,2.4000000953674316,2.4000000953674316,2.4000000953674316,2.4000000953674316,136,0.0,0.0,AFCG,5m
2026-02-25 15:00:00-05:00,2.3949999809265137,2.3949999809265137,2.390199899673462,2.390199899673462,7827,0.0,0.0,AFCG,5m
2026-02-25 15:05:00-05:00,2.3980000019073486,2.4200000762939453,2.3949999809265137,2.4200000762939453,6312,0.0,0.0,AFCG,5m
2026-02-25 15:10:00-05:00,2.4149999618530273,2.4149999618530273,2.4100000858306885,2.4100000858306885,32890,0.0,0.0,AFCG,5m
2026-02-25 15:35:00-05:00,2.4149999618530273,2.4149999618530273,2.4149999618530273,2.4149999618530273,0,0.0,0.0,AFCG,5m
2026-02-25 15:40:00-05:00,2.4200000762939453,2.4200000762939453,2.4100000858306885,2.4100000858306885,876,0.0,0.0,AFCG,5m
2026-02-25 15:45:00-05:00,2.406599998474121,2.4100000858306885,2.4049999713897705,2.4049999713897705,653,0.0,0.0,AFCG,5m
2026-02-25 15:50:00-05:00,2.400099992752075,2.4100000858306885,2.400099992752075,2.4100000858306885,2765,0.0,0.0,AFCG,5m
2026-02-25 15:55:00-05:00,2.4049999713897705,2.4200000762939453,2.4000000953674316,2.4100000858306885,37322,0.0,0.0,AFCG,5m
2026-02-26 09:30:00-05:00,2.4000000953674316,2.4000000953674316,2.380000114440918,2.380000114440918,1640,0.0,0.0,AFCG,5m
2026-02-26 09:35:00-05:00,2.390000104904175,2.390000104904175,2.390000104904175,2.390000104904175,856,0.0,0.0,AFCG,5m
2026-02-26 09:40:00-05:00,2.3949999809265137,2.4200000762939453,2.3949999809265137,2.4149999618530273,1431,0.0,0.0,AFCG,5m
2026-02-26 09:45:00-05:00,2.3951001167297363,2.408900022506714,2.390000104904175,2.4049999713897705,2819,0.0,0.0,AFCG,5m
2026-02-26 10:00:00-05:00,2.3949999809265137,2.3949999809265137,2.3949999809265137,2.3949999809265137,446,0.0,0.0,AFCG,5m
2026-02-26 10:15:00-05:00,2.3901000022888184,2.3901000022888184,2.3901000022888184,2.3901000022888184,2543,0.0,0.0,AFCG,5m
2026-02-26 10:20:00-05:00,2.390000104904175,2.4100000858306885,2.390000104904175,2.4100000858306885,8567,0.0,0.0,AFCG,5m
2026-02-26 10:35:00-05:00,2.410099983215332,2.410099983215332,2.410099983215332,2.410099983215332,571,0.0,0.0,AFCG,5m
2026-02-26 10:50:00-05:00,2.421099901199341,2.424999952316284,2.421099901199341,2.424999952316284,1663,0.0,0.0,AFCG,5m
2026-02-26 11:05:00-05:00,2.430000066757202,2.4368999004364014,2.430000066757202,2.4368999004364014,9589,0.0,0.0,AFCG,5m
2026-02-26 11:10:00-05:00,2.430000066757202,2.430000066757202,2.424999952316284,2.424999952316284,1664,0.0,0.0,AFCG,5m
2026-02-26 11:30:00-05:00,2.4200000762939453,2.4200000762939453,2.4200000762939453,2.4200000762939453,243,0.0,0.0,AFCG,5m
2026-02-26 11:35:00-05:00,2.4049999713897705,2.4049999713897705,2.4049999713897705,2.4049999713897705,262,0.0,0.0,AFCG,5m
2026-02-26 11:40:00-05:00,2.4000000953674316,2.4000000953674316,2.3949999809265137,2.3980000019073486,4705,0.0,0.0,AFCG,5m
2026-02-26 11:45:00-05:00,2.369999885559082,2.369999885559082,2.369999885559082,2.369999885559082,233,0.0,0.0,AFCG,5m
2026-02-26 11:50:00-05:00,2.375,2.375,2.375,2.375,618,0.0,0.0,AFCG,5m
2026-02-26 11:55:00-05:00,2.375,2.375,2.375,2.375,861,0.0,0.0,AFCG,5m
2026-02-26 12:15:00-05:00,2.359999895095825,2.359999895095825,2.359999895095825,2.359999895095825,400,0.0,0.0,AFCG,5m
2026-02-26 12:20:00-05:00,2.359999895095825,2.359999895095825,2.359999895095825,2.359999895095825,150,0.0,0.0,AFCG,5m
2026-02-26 12:25:00-05:00,2.359999895095825,2.380000114440918,2.359999895095825,2.369999885559082,13962,0.0,0.0,AFCG,5m
2026-02-26 12:30:00-05:00,2.36899995803833,2.36899995803833,2.36899995803833,2.36899995803833,12935,0.0,0.0,AFCG,5m
2026-02-26 12:45:00-05:00,2.365000009536743,2.375,2.365000009536743,2.375,0,0.0,0.0,AFCG,5m
2026-02-26 12:50:00-05:00,2.3701999187469482,2.3701999187469482,2.3701000213623047,2.3701000213623047,4442,0.0,0.0,AFCG,5m
2026-02-26 12:55:00-05:00,2.369999885559082,2.369999885559082,2.369999885559082,2.369999885559082,2079,0.0,0.0,AFCG,5m
2026-02-26 13:00:00-05:00,2.359999895095825,2.359999895095825,2.325000047683716,2.325000047683716,4417,0.0,0.0,AFCG,5m
2026-02-26 13:05:00-05:00,2.3210999965667725,2.3222999572753906,2.319999933242798,2.319999933242798,748,0.0,0.0,AFCG,5m
2026-02-26 13:15:00-05:00,2.3299999237060547,2.3299999237060547,2.3299999237060547,2.3299999237060547,204,0.0,0.0,AFCG,5m
2026-02-26 13:30:00-05:00,2.3350000381469727,2.3350000381469727,2.3350000381469727,2.3350000381469727,111,0.0,0.0,AFCG,5m
2026-02-26 13:35:00-05:00,2.3350000381469727,2.3387999534606934,2.3350000381469727,2.3387999534606934,34191,0.0,0.0,AFCG,5m
2026-02-26 13:40:00-05:00,2.3399999141693115,2.3399999141693115,2.3399999141693115,2.3399999141693115,0,0.0,0.0,AFCG,5m
2026-02-26 13:45:00-05:00,2.3450000286102295,2.3450000286102295,2.3450000286102295,2.3450000286102295,145,0.0,0.0,AFCG,5m
2026-02-26 13:50:00-05:00,2.3450000286102295,2.3450000286102295,2.3450000286102295,2.3450000286102295,428,0.0,0.0,AFCG,5m
2026-02-26 13:55:00-05:00,2.3450000286102295,2.3450000286102295,2.3450000286102295,2.3450000286102295,133,0.0,0.0,AFCG,5m
2026-02-26 14:00:00-05:00,2.3427999019622803,2.3427999019622803,2.3427999019622803,2.3427999019622803,619,0.0,0.0,AFCG,5m
2026-02-26 14:15:00-05:00,2.3499999046325684,2.3499999046325684,2.3499999046325684,2.3499999046325684,436,0.0,0.0,AFCG,5m
2026-02-26 14:25:00-05:00,2.359999895095825,2.359999895095825,2.3550000190734863,2.3550000190734863,372,0.0,0.0,AFCG,5m
2026-02-26 14:35:00-05:00,2.3550000190734863,2.359999895095825,2.3550000190734863,2.359999895095825,515,0.0,0.0,AFCG,5m
2026-02-26 14:55:00-05:00,2.365000009536743,2.375,2.365000009536743,2.375,1392,0.0,0.0,AFCG,5m
2026-02-26 15:05:00-05:00,2.375,2.375,2.375,2.375,116,0.0,0.0,AFCG,5m
2026-02-26 15:10:00-05:00,2.369999885559082,2.369999885559082,2.369999885559082,2.369999885559082,447,0.0,0.0,AFCG,5m
2026-02-26 15:30:00-05:00,2.365000009536743,2.365000009536743,2.365000009536743,2.365000009536743,337,0.0,0.0,AFCG,5m
2026-02-26 15:35:00-05:00,2.365000009536743,2.375,2.365000009536743,2.375,615,0.0,0.0,AFCG,5m
2026-02-26 15:40:00-05:00,2.380000114440918,2.380000114440918,2.380000114440918,2.380000114440918,2170,0.0,0.0,AFCG,5m
2026-02-26 15:45:00-05:00,2.384999990463257,2.384999990463257,2.3499999046325684,2.359999895095825,21037,0.0,0.0,AFCG,5m
2026-02-26 15:55:00-05:00,2.365000009536743,2.369999885559082,2.359999895095825,2.359999895095825,1199,0.0,0.0,AFCG,5m
2026-02-27 09:30:00-05:00,2.319999933242798,2.319999933242798,2.309999942779541,2.309999942779541,10037,0.0,0.0,AFCG,5m
2026-02-27 09:35:00-05:00,2.299999952316284,2.299999952316284,2.299999952316284,2.299999952316284,518,0.0,0.0,AFCG,5m
2026-02-27 09:40:00-05:00,2.255000114440918,2.259999990463257,2.255000114440918,2.259999990463257,3765,0.0,0.0,AFCG,5m
2026-02-27 09:45:00-05:00,2.2699999809265137,2.2799999713897705,2.2699999809265137,2.2699999809265137,1959,0.0,0.0,AFCG,5m
2026-02-27 09:50:00-05:00,2.259999990463257,2.267199993133545,2.25,2.267199993133545,3144,0.0,0.0,AFCG,5m
2026-02-27 09:55:00-05:00,2.259999990463257,2.259999990463257,2.240000009536743,2.253200054168701,5723,0.0,0.0,AFCG,5m
2026-02-27 10:05:00-05:00,2.2551000118255615,2.2551000118255615,2.255000114440918,2.255000114440918,518,0.0,0.0,AFCG,5m
2026-02-27 10:10:00-05:00,2.255000114440918,2.2899999618530273,2.255000114440918,2.2899999618530273,10144,0.0,0.0,AFCG,5m
2026-02-27 10:15:00-05:00,2.2799999713897705,2.2799999713897705,2.2799999713897705,2.2799999713897705,383,0.0,0.0,AFCG,5m
2026-02-27 10:20:00-05:00,2.2950000762939453,2.2950000762939453,2.2950000762939453,2.2950000762939453,163,0.0,0.0,AFCG,5m
2026-02-27 10:25:00-05:00,2.296299934387207,2.3099000453948975,2.296299934387207,2.3099000453948975,2295,0.0,0.0,AFCG,5m
2026-02-27 10:30:00-05:00,2.309999942779541,2.309999942779541,2.305000066757202,2.305000066757202,1670,0.0,0.0,AFCG,5m
2026-02-27 10:35:00-05:00,2.32450008392334,2.325000047683716,2.32450008392334,2.325000047683716,1260,0.0,0.0,AFCG,5m
2026-02-27 10:40:00-05:00,2.319999933242798,2.3299999237060547,2.319999933242798,2.3299999237060547,12341,0.0,0.0,AFCG,5m
2026-02-27 10:45:00-05:00,2.325000047683716,2.329900026321411,2.325000047683716,2.329900026321411,3045,0.0,0.0,AFCG,5m
2026-02-27 10:55:00-05:00,2.3299999237060547,2.3299999237060547,2.3299999237060547,2.3299999237060547,836,0.0,0.0,AFCG,5m
2026-02-27 11:00:00-05:00,2.3299999237060547,2.3299999237060547,2.319999933242798,2.319999933242798,1067,0.0,0.0,AFCG,5m
2026-02-27 11:05:00-05:00,2.315000057220459,2.315000057220459,2.309999942779541,2.315000057220459,1114,0.0,0.0,AFCG,5m
2026-02-27 11:15:00-05:00,2.3185999393463135,2.3185999393463135,2.3185999393463135,2.3185999393463135,305,0.0,0.0,AFCG,5m
2026-02-27 11:20:00-05:00,2.309999942779541,2.309999942779541,2.309999942779541,2.309999942779541,1069,0.0,0.0,AFCG,5m
2026-02-27 11:25:00-05:00,2.315000057220459,2.315000057220459,2.315000057220459,2.315000057220459,923,0.0,0.0,AFCG,5m
2026-02-27 11:30:00-05:00,2.319999933242798,2.329900026321411,2.319999933242798,2.329900026321411,1758,0.0,0.0,AFCG,5m
2026-02-27 11:35:00-05:00,2.3289999961853027,2.3289999961853027,2.3289999961853027,2.3289999961853027,2361,0.0,0.0,AFCG,5m
2026-02-27 11:50:00-05:00,2.319999933242798,2.319999933242798,2.319999933242798,2.319999933242798,982,0.0,0.0,AFCG,5m
2026-02-27 11:55:00-05:00,2.3029000759124756,2.3029000759124756,2.3029000759124756,2.3029000759124756,691,0.0,0.0,AFCG,5m
2026-02-27 12:00:00-05:00,2.309999942779541,2.315000057220459,2.309999942779541,2.315000057220459,2377,0.0,0.0,AFCG,5m
2026-02-27 12:10:00-05:00,2.319000005722046,2.319000005722046,2.319000005722046,2.319000005722046,613,0.0,0.0,AFCG,5m
2026-02-27 12:20:00-05:00,2.309999942779541,2.309999942779541,2.309999942779541,2.309999942779541,200,0.0,0.0,AFCG,5m
2026-02-27 12:25:00-05:00,2.3087000846862793,2.309999942779541,2.3087000846862793,2.309999942779541,858,0.0,0.0,AFCG,5m
2026-02-27 12:30:00-05:00,2.315000057220459,2.315000057220459,2.315000057220459,2.315000057220459,116,0.0,0.0,AFCG,5m
2026-02-27 12:50:00-05:00,2.3099000453948975,2.309999942779541,2.3099000453948975,2.309999942779541,4654,0.0,0.0,AFCG,5m
2026-02-27 13:00:00-05:00,2.319999933242798,2.3299999237060547,2.319999933242798,2.319999933242798,9310,0.0,0.0,AFCG,5m
2026-02-27 13:05:00-05:00,2.325000047683716,2.325000047683716,2.325000047683716,2.325000047683716,2282,0.0,0.0,AFCG,5m
2026-02-27 13:10:00-05:00,2.319999933242798,2.319999933242798,2.319999933242798,2.319999933242798,339,0.0,0.0,AFCG,5m
2026-02-27 13:30:00-05:00,2.319999933242798,2.3299999237060547,2.315000057220459,2.3299999237060547,2338,0.0,0.0,AFCG,5m
2026-02-27 13:35:00-05:00,2.325000047683716,2.325000047683716,2.325000047683716,2.325000047683716,1161,0.0,0.0,AFCG,5m
2026-02-27 13:40:00-05:00,2.319999933242798,2.319999933242798,2.315000057220459,2.3185999393463135,376,0.0,0.0,AFCG,5m
2026-02-27 13:55:00-05:00,2.315000057220459,2.315000057220459,2.3134000301361084,2.3134000301361084,320,0.0,0.0,AFCG,5m
2026-02-27 14:00:00-05:00,2.315000057220459,2.315000057220459,2.315000057220459,2.315000057220459,101,0.0,0.0,AFCG,5m
2026-02-27 14:05:00-05:00,2.311000108718872,2.311000108718872,2.299999952316284,2.299999952316284,1204,0.0,0.0,AFCG,5m
2026-02-27 14:10:00-05:00,2.2950000762939453,2.2950000762939453,2.2950000762939453,2.2950000762939453,503,0.0,0.0,AFCG,5m
2026-02-27 14:20:00-05:00,2.2990000247955322,2.2990000247955322,2.2990000247955322,2.2990000247955322,111,0.0,0.0,AFCG,5m
2026-02-27 14:25:00-05:00,2.2950000762939453,2.2950000762939453,2.2950000762939453,2.2950000762939453,206,0.0,0.0,AFCG,5m
2026-02-27 14:45:00-05:00,2.2936999797821045,2.2936999797821045,2.2936999797821045,2.2936999797821045,121,0.0,0.0,AFCG,5m
2026-02-27 14:50:00-05:00,2.2899999618530273,2.2906999588012695,2.2899999618530273,2.2899999618530273,1011,0.0,0.0,AFCG,5m
2026-02-27 15:25:00-05:00,2.2899999618530273,2.2950000762939453,2.2899999618530273,2.2950000762939453,1244,0.0,0.0,AFCG,5m
2026-02-27 15:30:00-05:00,2.296299934387207,2.296299934387207,2.296299934387207,2.296299934387207,131,0.0,0.0,AFCG,5m
2026-02-27 15:35:00-05:00,2.2950000762939453,2.2950000762939453,2.2899999618530273,2.2899999618530273,513,0.0,0.0,AFCG,5m
2026-02-27 15:45:00-05:00,2.2990000247955322,2.2990000247955322,2.2950000762939453,2.2950000762939453,1079,0.0,0.0,AFCG,5m
2026-02-27 15:50:00-05:00,2.2999000549316406,2.2999000549316406,2.2850000858306885,2.2899999618530273,2321,0.0,0.0,AFCG,5m
2026-02-27 15:55:00-05:00,2.2950000762939453,2.309999942779541,2.2950000762939453,2.305000066757202,999,0.0,0.0,AFCG,5m
2026-03-02 09:30:00-05:00,2.2100000381469727,2.240000009536743,2.2100000381469727,2.2383999824523926,7196,0.0,0.0,AFCG,5m
2026-03-02 09:35:00-05:00,2.2249999046325684,2.259999990463257,2.2249999046325684,2.240000009536743,4266,0.0,0.0,AFCG,5m
2026-03-02 09:40:00-05:00,2.240000009536743,2.252000093460083,2.240000009536743,2.252000093460083,1649,0.0,0.0,AFCG,5m
2026-03-02 09:45:00-05:00,2.26990008354187,2.299999952316284,2.259999990463257,2.2802000045776367,19958,0.0,0.0,AFCG,5m
2026-03-02 09:50:00-05:00,2.2799999713897705,2.2799999713897705,2.2799999713897705,2.2799999713897705,1413,0.0,0.0,AFCG,5m
2026-03-02 09:55:00-05:00,2.259999990463257,2.2600998878479004,2.259999990463257,2.2600998878479004,0,0.0,0.0,AFCG,5m
2026-03-02 10:00:00-05:00,2.289799928665161,2.2899999618530273,2.2799999713897705,2.2899999618530273,1178,0.0,0.0,AFCG,5m
2026-03-02 10:10:00-05:00,2.2799999713897705,2.2899999618530273,2.255000114440918,2.2699999809265137,11435,0.0,0.0,AFCG,5m
2026-03-02 10:20:00-05:00,2.2799999713897705,2.2899999618530273,2.2799999713897705,2.2799999713897705,2282,0.0,0.0,AFCG,5m
2026-03-02 10:25:00-05:00,2.2850000858306885,2.2850000858306885,2.2850000858306885,2.2850000858306885,109,0.0,0.0,AFCG,5m
2026-03-02 10:30:00-05:00,2.2899999618530273,2.2899999618530273,2.2899999618530273,2.2899999618530273,445,0.0,0.0,AFCG,5m
2026-03-02 10:35:00-05:00,2.2799999713897705,2.280100107192993,2.2799999713897705,2.280100107192993,782,0.0,0.0,AFCG,5m
2026-03-02 10:40:00-05:00,2.2750000953674316,2.2750000953674316,2.2699999809265137,2.2699999809265137,972,0.0,0.0,AFCG,5m
2026-03-02 10:45:00-05:00,2.2799999713897705,2.2799999713897705,2.2799999713897705,2.2799999713897705,1236,0.0,0.0,AFCG,5m
2026-03-02 11:05:00-05:00,2.2808001041412354,2.2808001041412354,2.2808001041412354,2.2808001041412354,415,0.0,0.0,AFCG,5m
2026-03-02 11:15:00-05:00,2.280600070953369,2.2899999618530273,2.280600070953369,2.2899999618530273,1074,0.0,0.0,AFCG,5m
2026-03-02 11:20:00-05:00,2.299999952316284,2.299999952316284,2.299999952316284,2.299999952316284,454,0.0,0.0,AFCG,5m
2026-03-02 11:25:00-05:00,2.2899999618530273,2.2899999618530273,2.2899999618530273,2.2899999618530273,2670,0.0,0.0,AFCG,5m
2026-03-02 11:35:00-05:00,2.2899999618530273,2.2899999618530273,2.2899999618530273,2.2899999618530273,1576,0.0,0.0,AFCG,5m
2026-03-02 11:40:00-05:00,2.299999952316284,2.299999952316284,2.299999952316284,2.299999952316284,317,0.0,0.0,AFCG,5m
2026-03-02 12:05:00-05:00,2.2899999618530273,2.299999952316284,2.2899999618530273,2.299999952316284,2738,0.0,0.0,AFCG,5m
2026-03-02 12:10:00-05:00,2.2899999618530273,2.299999952316284,2.2899999618530273,2.299999952316284,523,0.0,0.0,AFCG,5m
2026-03-02 12:15:00-05:00,2.3029000759124756,2.3090999126434326,2.3029000759124756,2.305000066757202,4005,0.0,0.0,AFCG,5m
2026-03-02 12:20:00-05:00,2.305000066757202,2.305000066757202,2.305000066757202,2.305000066757202,0,0.0,0.0,AFCG,5m
2026-03-02 12:35:00-05:00,2.299999952316284,2.305000066757202,2.299999952316284,2.305000066757202,885,0.0,0.0,AFCG,5m
2026-03-02 13:00:00-05:00,2.299999952316284,2.299999952316284,2.299999952316284,2.299999952316284,111,0.0,0.0,AFCG,5m
2026-03-02 13:10:00-05:00,2.3099000453948975,2.3099000453948975,2.3099000453948975,2.3099000453948975,935,0.0,0.0,AFCG,5m
2026-03-02 13:25:00-05:00,2.305000066757202,2.305000066757202,2.305000066757202,2.305000066757202,339,0.0,0.0,AFCG,5m
2026-03-02 13:30:00-05:00,2.299999952316284,2.305000066757202,2.299999952316284,2.305000066757202,311,0.0,0.0,AFCG,5m
2026-03-02 13:35:00-05:00,2.309999942779541,2.309999942779541,2.309999942779541,2.309999942779541,327,0.0,0.0,AFCG,5m
2026-03-02 13:40:00-05:00,2.309999942779541,2.309999942779541,2.309999942779541,2.309999942779541,130,0.0,0.0,AFCG,5m
2026-03-02 13:45:00-05:00,2.3092000484466553,2.309999942779541,2.3092000484466553,2.309999942779541,358,0.0,0.0,AFCG,5m
2026-03-02 13:55:00-05:00,2.3052000999450684,2.3052000999450684,2.299999952316284,2.299999952316284,676,0.0,0.0,AFCG,5m
2026-03-02 14:15:00-05:00,2.2950000762939453,2.299999952316284,2.2950000762939453,2.299999952316284,1132,0.0,0.0,AFCG,5m
2026-03-02 14:30:00-05:00,2.309999942779541,2.319999933242798,2.309999942779541,2.319999933242798,318,0.0,0.0,AFCG,5m
2026-03-02 14:40:00-05:00,2.319999933242798,2.319999933242798,2.319999933242798,2.319999933242798,451,0.0,0.0,AFCG,5m
2026-03-02 14:45:00-05:00,2.319999933242798,2.319999933242798,2.3199000358581543,2.3199000358581543,2137,0.0,0.0,AFCG,5m
2026-03-02 14:50:00-05:00,2.315000057220459,2.315000057220459,2.309999942779541,2.309999942779541,577,0.0,0.0,AFCG,5m
2026-03-02 15:00:00-05:00,2.309999942779541,2.315000057220459,2.309999942779541,2.315000057220459,20295,0.0,0.0,AFCG,5m
2026-03-02 15:05:00-05:00,2.315000057220459,2.315000057220459,2.315000057220459,2.315000057220459,441,0.0,0.0,AFCG,5m
2026-03-02 15:10:00-05:00,2.309999942779541,2.309999942779541,2.2899999618530273,2.299999952316284,1477,0.0,0.0,AFCG,5m
2026-03-02 15:15:00-05:00,2.2950000762939453,2.2950000762939453,2.2950000762939453,2.2950000762939453,110,0.0,0.0,AFCG,5m
2026-03-02 15:20:00-05:00,2.2899999618530273,2.2899999618530273,2.2899999618530273,2.2899999618530273,1440,0.0,0.0,AFCG,5m
2026-03-02 15:35:00-05:00,2.2899999618530273,2.2899999618530273,2.2899999618530273,2.2899999618530273,3311,0.0,0.0,AFCG,5m
2026-03-02 15:45:00-05:00,2.305000066757202,2.305000066757202,2.299999952316284,2.305000066757202,8594,0.0,0.0,AFCG,5m
2026-03-02 15:50:00-05:00,2.309999942779541,2.309999942779541,2.309999942779541,2.309999942779541,1827,0.0,0.0,AFCG,5m
2026-03-02 15:55:00-05:00,2.309999942779541,2.319999933242798,2.309999942779541,2.309999942779541,3029,0.0,0.0,AFCG,5m
2026-03-03 09:30:00-05:00,2.2300000190734863,2.2300000190734863,2.2300000190734863,2.2300000190734863,4540,0.0,0.0,AFCG,5m
2026-03-03 09:35:00-05:00,2.2300000190734863,2.240000009536743,2.2204999923706055,2.231300115585327,3341,0.0,0.0,AFCG,5m
2026-03-03 09:40:00-05:00,2.2100000381469727,2.2200000286102295,2.2100000381469727,2.2200000286102295,2062,0.0,0.0,AFCG,5m
2026-03-03 09:45:00-05:00,2.21589994430542,2.2300000190734863,2.2135000228881836,2.2200000286102295,1212,0.0,0.0,AFCG,5m
2026-03-03 09:50:00-05:00,2.2100000381469727,2.2100000381469727,2.2100000381469727,2.2100000381469727,5244,0.0,0.0,AFCG,5m
2026-03-03 10:00:00-05:00,2.200000047683716,2.200000047683716,2.200000047683716,2.200000047683716,6211,0.0,0.0,AFCG,5m
2026-03-03 10:05:00-05:00,2.190000057220459,2.200000047683716,2.190000057220459,2.1914000511169434,2992,0.0,0.0,AFCG,5m
2026-03-03 10:10:00-05:00,2.194999933242798,2.2200000286102295,2.194999933242798,2.219899892807007,7950,0.0,0.0,AFCG,5m
2026-03-03 10:15:00-05:00,2.2149999141693115,2.2249999046325684,2.2114999294281006,2.2200000286102295,4532,0.0,0.0,AFCG,5m
2026-03-03 10:20:00-05:00,2.2100000381469727,2.2100000381469727,2.2100000381469727,2.2100000381469727,397,0.0,0.0,AFCG,5m
2026-03-03 10:25:00-05:00,2.200000047683716,2.200000047683716,2.200000047683716,2.200000047683716,3695,0.0,0.0,AFCG,5m
2026-03-03 10:30:00-05:00,2.207900047302246,2.207900047302246,2.2049999237060547,2.2049999237060547,339,0.0,0.0,AFCG,5m
2026-03-03 10:35:00-05:00,2.2049999237060547,2.2049999237060547,2.2049999237060547,2.2049999237060547,424,0.0,0.0,AFCG,5m
2026-03-03 10:40:00-05:00,2.2049999237060547,2.2049999237060547,2.2049999237060547,2.2049999237060547,269,0.0,0.0,AFCG,5m
2026-03-03 10:45:00-05:00,2.2100000381469727,2.2100000381469727,2.2100000381469727,2.2100000381469727,1804,0.0,0.0,AFCG,5m
2026-03-03 10:55:00-05:00,2.2149999141693115,2.2149999141693115,2.2149999141693115,2.2149999141693115,107,0.0,0.0,AFCG,5m
2026-03-03 11:05:00-05:00,2.2200000286102295,2.2300000190734863,2.2200000286102295,2.2300000190734863,1458,0.0,0.0,AFCG,5m
2026-03-03 11:15:00-05:00,2.2300000190734863,2.240000009536743,2.2265000343322754,2.2388999462127686,3681,0.0,0.0,AFCG,5m
2026-03-03 11:20:00-05:00,2.234999895095825,2.234999895095825,2.234999895095825,2.234999895095825,1052,0.0,0.0,AFCG,5m
2026-03-03 11:30:00-05:00,2.234999895095825,2.2699999809265137,2.234999895095825,2.26990008354187,26767,0.0,0.0,AFCG,5m
2026-03-03 11:40:00-05:00,2.2599000930786133,2.2599000930786133,2.255000114440918,2.255000114440918,2333,0.0,0.0,AFCG,5m
2026-03-03 11:50:00-05:00,2.259999990463257,2.259999990463257,2.259999990463257,2.259999990463257,1029,0.0,0.0,AFCG,5m
2026-03-03 12:10:00-05:00,2.255000114440918,2.259999990463257,2.255000114440918,2.259999990463257,453,0.0,0.0,AFCG,5m
2026-03-03 12:20:00-05:00,2.25,2.25,2.244999885559082,2.244999885559082,1430,0.0,0.0,AFCG,5m
2026-03-03 12:25:00-05:00,2.240000009536743,2.240000009536743,2.240000009536743,2.240000009536743,332,0.0,0.0,AFCG,5m
2026-03-03 12:40:00-05:00,2.2300000190734863,2.2300000190734863,2.2300000190734863,2.2300000190734863,3500,0.0,0.0,AFCG,5m
2026-03-03 12:45:00-05:00,2.234999895095825,2.234999895095825,2.234999895095825,2.234999895095825,2000,0.0,0.0,AFCG,5m
2026-03-03 12:50:00-05:00,2.234999895095825,2.234999895095825,2.2300000190734863,2.2300000190734863,402,0.0,0.0,AFCG,5m
2026-03-03 12:55:00-05:00,2.2300000190734863,2.2300000190734863,2.2290000915527344,2.2290000915527344,2804,0.0,0.0,AFCG,5m
2026-03-03 13:00:00-05:00,2.2300000190734863,2.234999895095825,2.2300000190734863,2.234999895095825,1842,0.0,0.0,AFCG,5m
2026-03-03 13:15:00-05:00,2.234999895095825,2.234999895095825,2.234999895095825,2.234999895095825,670,0.0,0.0,AFCG,5m
2026-03-03 13:20:00-05:00,2.234999895095825,2.25,2.234999895095825,2.25,1022,0.0,0.0,AFCG,5m
2026-03-03 13:30:00-05:00,2.255000114440918,2.265000104904175,2.255000114440918,2.265000104904175,540,0.0,0.0,AFCG,5m
2026-03-03 13:40:00-05:00,2.266900062561035,2.266900062561035,2.265500068664551,2.265500068664551,576,0.0,0.0,AFCG,5m
2026-03-03 13:45:00-05:00,2.265000104904175,2.265000104904175,2.259999990463257,2.259999990463257,3550,0.0,0.0,AFCG,5m
2026-03-03 13:55:00-05:00,2.265000104904175,2.265000104904175,2.265000104904175,2.265000104904175,601,0.0,0.0,AFCG,5m
2026-03-03 14:00:00-05:00,2.259999990463257,2.259999990463257,2.259999990463257,2.259999990463257,0,0.0,0.0,AFCG,5m
2026-03-03 14:05:00-05:00,2.265000104904175,2.26990008354187,2.259999990463257,2.26990008354187,4046,0.0,0.0,AFCG,5m
2026-03-03 14:15:00-05:00,2.2662999629974365,2.2662999629974365,2.2400999069213867,2.244999885559082,3676,0.0,0.0,AFCG,5m
2026-03-03 14:20:00-05:00,2.244999885559082,2.244999885559082,2.244999885559082,2.244999885559082,103,0.0,0.0,AFCG,5m
2026-03-03 14:25:00-05:00,2.240000009536743,2.240000009536743,2.2300000190734863,2.2314000129699707,6432,0.0,0.0,AFCG,5m
2026-03-03 14:30:00-05:00,2.23799991607666,2.244999885559082,2.234999895095825,2.244999885559082,8204,0.0,0.0,AFCG,5m
2026-03-03 14:35:00-05:00,2.240000009536743,2.25,2.240000009536743,2.240000009536743,2012,0.0,0.0,AFCG,5m
2026-03-03 14:40:00-05:00,2.244999885559082,2.25,2.244999885559082,2.2499001026153564,2092,0.0,0.0,AFCG,5m
2026-03-03 14:45:00-05:00,2.2551000118255615,2.2551000118255615,2.2551000118255615,2.2551000118255615,71,0.0,0.0,AFCG,5m
2026-03-03 14:50:00-05:00,2.251499891281128,2.251499891281128,2.251499891281128,2.251499891281128,203,0.0,0.0,AFCG,5m
2026-03-03 14:55:00-05:00,2.250200033187866,2.2504000663757324,2.25,2.25,3622,0.0,0.0,AFCG,5m
2026-03-03 15:00:00-05:00,2.245500087738037,2.245500087738037,2.245500087738037,2.245500087738037,420,0.0,0.0,AFCG,5m
2026-03-03 15:10:00-05:00,2.244999885559082,2.244999885559082,2.244999885559082,2.244999885559082,804,0.0,0.0,AFCG,5m
2026-03-03 15:20:00-05:00,2.240000009536743,2.240000009536743,2.240000009536743,2.240000009536743,8151,0.0,0.0,AFCG,5m
2026-03-03 15:25:00-05:00,2.244999885559082,2.244999885559082,2.240000009536743,2.240000009536743,3726,0.0,0.0,AFCG,5m
2026-03-03 15:40:00-05:00,2.240000009536743,2.2400999069213867,2.2100000381469727,2.210099935531616,22032,0.0,0.0,AFCG,5m
2026-03-03 15:45:00-05:00,2.210099935531616,2.210099935531616,2.2049999237060547,2.2049999237060547,12253,0.0,0.0,AFCG,5m
2026-03-03 15:50:00-05:00,2.2049999237060547,2.2100000381469727,2.2049999237060547,2.2100000381469727,1762,0.0,0.0,AFCG,5m
2026-03-03 15:55:00-05:00,2.2149999141693115,2.2200000286102295,2.2100000381469727,2.2100000381469727,7602,0.0,0.0,AFCG,5m
2026-03-04 09:30:00-05:00,2.2100000381469727,2.3099000453948975,2.2100000381469727,2.259999990463257,10982,0.0,0.0,AFCG,5m
2026-03-04 09:40:00-05:00,2.25,2.299999952316284,2.2300000190734863,2.294800043106079,17738,0.0,0.0,AFCG,5m
2026-03-04 09:45:00-05:00,2.2699999809265137,2.3450000286102295,2.2699999809265137,2.299999952316284,39349,0.0,0.0,AFCG,5m
2026-03-04 09:50:00-05:00,2.2899999618530273,2.2899999618530273,2.2100000381469727,2.2100000381469727,15671,0.0,0.0,AFCG,5m
2026-03-04 09:55:00-05:00,2.2100000381469727,2.2100000381469727,2.2100000381469727,2.2100000381469727,957,0.0,0.0,AFCG,5m
2026-03-04 10:00:00-05:00,2.2200000286102295,2.2200000286102295,2.2200000286102295,2.2200000286102295,1037,0.0,0.0,AFCG,5m
2026-03-04 10:05:00-05:00,2.2300000190734863,2.240000009536743,2.2149999141693115,2.2258999347686768,8042,0.0,0.0,AFCG,5m
2026-03-04 10:10:00-05:00,2.2249999046325684,2.244999885559082,2.2249999046325684,2.23799991607666,5977,0.0,0.0,AFCG,5m
2026-03-04 10:25:00-05:00,2.2300000190734863,2.2899999618530273,2.2300000190734863,2.2850000858306885,7662,0.0,0.0,AFCG,5m
2026-03-04 10:30:00-05:00,2.2799999713897705,2.2799999713897705,2.265199899673462,2.2750000953674316,7751,0.0,0.0,AFCG,5m
2026-03-04 10:35:00-05:00,2.2750000953674316,2.2750000953674316,2.25,2.25,1550,0.0,0.0,AFCG,5m
2026-03-04 10:40:00-05:00,2.2499001026153564,2.2499001026153564,2.2499001026153564,2.2499001026153564,220,0.0,0.0,AFCG,5m
2026-03-04 10:45:00-05:00,2.2486000061035156,2.2486000061035156,2.2486000061035156,2.2486000061035156,211,0.0,0.0,AFCG,5m
2026-03-04 10:50:00-05:00,2.25,2.25,2.25,2.25,606,0.0,0.0,AFCG,5m
2026-03-04 10:55:00-05:00,2.256200075149536,2.256200075149536,2.255000114440918,2.255000114440918,2331,0.0,0.0,AFCG,5m
2026-03-04 11:05:00-05:00,2.259999990463257,2.259999990463257,2.259999990463257,2.259999990463257,720,0.0,0.0,AFCG,5m
2026-03-04 11:10:00-05:00,2.265000104904175,2.265000104904175,2.265000104904175,2.265000104904175,600,0.0,0.0,AFCG,5m
2026-03-04 11:15:00-05:00,2.265000104904175,2.2799999713897705,2.265000104904175,2.2699999809265137,20021,0.0,0.0,AFCG,5m
2026-03-04 11:20:00-05:00,2.2750000953674316,2.2750000953674316,2.2750000953674316,2.2750000953674316,2098,0.0,0.0,AFCG,5m
2026-03-04 11:25:00-05:00,2.2750000953674316,2.2750000953674316,2.2750000953674316,2.2750000953674316,2000,0.0,0.0,AFCG,5m
2026-03-04 11:30:00-05:00,2.2799999713897705,2.2850000858306885,2.2799999713897705,2.2850000858306885,2592,0.0,0.0,AFCG,5m
2026-03-04 11:35:00-05:00,2.2850000858306885,2.2950000762939453,2.2850000858306885,2.2950000762939453,2695,0.0,0.0,AFCG,5m
2026-03-04 11:40:00-05:00,2.299999952316284,2.308300018310547,2.299999952316284,2.308300018310547,2346,0.0,0.0,AFCG,5m
2026-03-04 11:45:00-05:00,2.305000066757202,2.305000066757202,2.305000066757202,2.305000066757202,106,0.0,0.0,AFCG,5m
2026-03-04 11:50:00-05:00,2.299999952316284,2.299999952316284,2.299999952316284,2.299999952316284,3492,0.0,0.0,AFCG,5m
2026-03-04 11:55:00-05:00,2.301100015640259,2.301100015640259,2.301100015640259,2.301100015640259,1013,0.0,0.0,AFCG,5m
2026-03-04 12:00:00-05:00,2.305000066757202,2.305000066757202,2.299999952316284,2.299999952316284,6499,0.0,0.0,AFCG,5m
2026-03-04 12:05:00-05:00,2.309999942779541,2.319999933242798,2.309999942779541,2.319999933242798,18748,0.0,0.0,AFCG,5m
2026-03-04 12:10:00-05:00,2.319999933242798,2.3264999389648438,2.319999933242798,2.3264999389648438,5100,0.0,0.0,AFCG,5m
2026-03-04 12:20:00-05:00,2.3299999237060547,2.3299999237060547,2.3299999237060547,2.3299999237060547,205,0.0,0.0,AFCG,5m
2026-03-04 12:25:00-05:00,2.319999933242798,2.319999933242798,2.299999952316284,2.309999942779541,11387,0.0,0.0,AFCG,5m
2026-03-04 12:30:00-05:00,2.311500072479248,2.311500072479248,2.311500072479248,2.311500072479248,1652,0.0,0.0,AFCG,5m
2026-03-04 12:50:00-05:00,2.319999933242798,2.3399999141693115,2.319999933242798,2.3299999237060547,10137,0.0,0.0,AFCG,5m
2026-03-04 12:55:00-05:00,2.3450000286102295,2.3499999046325684,2.3450000286102295,2.3450000286102295,2185,0.0,0.0,AFCG,5m
2026-03-04 13:05:00-05:00,2.3399999141693115,2.3399999141693115,2.3399999141693115,2.3399999141693115,3130,0.0,0.0,AFCG,5m
2026-03-04 13:20:00-05:00,2.338900089263916,2.338900089263916,2.331199884414673,2.331199884414673,875,0.0,0.0,AFCG,5m
2026-03-04 13:25:00-05:00,2.3399999141693115,2.3550000190734863,2.3397998809814453,2.3499999046325684,15215,0.0,0.0,AFCG,5m
2026-03-04 13:30:00-05:00,2.3499999046325684,2.3499999046325684,2.3499999046325684,2.3499999046325684,767,0.0,0.0,AFCG,5m
2026-03-04 13:35:00-05:00,2.3499999046325684,2.3801000118255615,2.3499999046325684,2.380000114440918,21069,0.0,0.0,AFCG,5m
2026-03-04 13:40:00-05:00,2.380000114440918,2.390000104904175,2.375,2.375499963760376,7460,0.0,0.0,AFCG,5m
2026-03-04 13:45:00-05:00,2.369999885559082,2.369999885559082,2.359999895095825,2.369999885559082,4867,0.0,0.0,AFCG,5m
2026-03-04 13:50:00-05:00,2.375,2.380000114440918,2.369999885559082,2.369999885559082,1386,0.0,0.0,AFCG,5m
2026-03-04 14:00:00-05:00,2.365000009536743,2.365000009536743,2.365000009536743,2.365000009536743,297,0.0,0.0,AFCG,5m
2026-03-04 14:05:00-05:00,2.3615000247955322,2.365000009536743,2.3615000247955322,2.365000009536743,4308,0.0,0.0,AFCG,5m
2026-03-04 14:10:00-05:00,2.3694000244140625,2.3694000244140625,2.3694000244140625,2.3694000244140625,0,0.0,0.0,AFCG,5m
2026-03-04 14:15:00-05:00,2.369999885559082,2.369999885559082,2.365000009536743,2.365000009536743,2586,0.0,0.0,AFCG,5m
2026-03-04 14:20:00-05:00,2.3657000064849854,2.368499994277954,2.3499999046325684,2.3499999046325684,13790,0.0,0.0,AFCG,5m
2026-03-04 14:25:00-05:00,2.353800058364868,2.353800058364868,2.350100040435791,2.350100040435791,608,0.0,0.0,AFCG,5m
2026-03-04 14:30:00-05:00,2.3550000190734863,2.3550000190734863,2.3550000190734863,2.3550000190734863,364,0.0,0.0,AFCG,5m
2026-03-04 14:35:00-05:00,2.3550000190734863,2.3550000190734863,2.3550000190734863,2.3550000190734863,238,0.0,0.0,AFCG,5m
2026-03-04 14:40:00-05:00,2.359999895095825,2.359999895095825,2.359999895095825,2.359999895095825,310,0.0,0.0,AFCG,5m
2026-03-04 14:45:00-05:00,2.3550000190734863,2.3550000190734863,2.3550000190734863,2.3550000190734863,241,0.0,0.0,AFCG,5m
2026-03-04 14:50:00-05:00,2.3550000190734863,2.369999885559082,2.3550000190734863,2.365000009536743,2768,0.0,0.0,AFCG,5m
2026-03-04 14:55:00-05:00,2.3661999702453613,2.378499984741211,2.365000009536743,2.375,6363,0.0,0.0,AFCG,5m
2026-03-04 15:00:00-05:00,2.369999885559082,2.369999885559082,2.359999895095825,2.359999895095825,4706,0.0,0.0,AFCG,5m
2026-03-04 15:05:00-05:00,2.3561999797821045,2.369999885559082,2.3499999046325684,2.369999885559082,7070,0.0,0.0,AFCG,5m
2026-03-04 15:15:00-05:00,2.369999885559082,2.380000114440918,2.369999885559082,2.369999885559082,8497,0.0,0.0,AFCG,5m
2026-03-04 15:20:00-05:00,2.380000114440918,2.390000104904175,2.380000114440918,2.390000104904175,9002,0.0,0.0,AFCG,5m
2026-03-04 15:25:00-05:00,2.3896000385284424,2.390000104904175,2.384999990463257,2.384999990463257,4454,0.0,0.0,AFCG,5m
2026-03-04 15:30:00-05:00,2.3838000297546387,2.389699935913086,2.3838000297546387,2.384999990463257,3279,0.0,0.0,AFCG,5m
2026-03-04 15:35:00-05:00,2.390000104904175,2.4200000762939453,2.390000104904175,2.4200000762939453,10547,0.0,0.0,AFCG,5m
2026-03-04 15:40:00-05:00,2.4149999618530273,2.4149999618530273,2.385499954223633,2.385499954223633,13735,0.0,0.0,AFCG,5m
2026-03-04 15:45:00-05:00,2.384999990463257,2.384999990463257,2.384999990463257,2.384999990463257,341,0.0,0.0,AFCG,5m
2026-03-04 15:50:00-05:00,2.384999990463257,2.4100000858306885,2.384999990463257,2.399899959564209,25643,0.0,0.0,AFCG,5m
2026-03-04 15:55:00-05:00,2.3949999809265137,2.4100000858306885,2.390000104904175,2.4100000858306885,15171,0.0,0.0,AFCG,5m
2026-03-05 09:30:00-05:00,2.390000104904175,2.5,2.373699903488159,2.490000009536743,105504,0.0,0.0,AFCG,5m
2026-03-05 09:35:00-05:00,2.5,2.559999942779541,2.5,2.559999942779541,39304,0.0,0.0,AFCG,5m
2026-03-05 09:40:00-05:00,2.559999942779541,2.559999942779541,2.549999952316284,2.551100015640259,19182,0.0,0.0,AFCG,5m
2026-03-05 09:45:00-05:00,2.559999942779541,2.630000114440918,2.5599000453948975,2.625,42864,0.0,0.0,AFCG,5m
2026-03-05 09:50:00-05:00,2.619999885559082,2.700000047683716,2.615000009536743,2.700000047683716,63151,0.0,0.0,AFCG,5m
2026-03-05 09:55:00-05:00,2.7100000381469727,2.7100000381469727,2.690000057220459,2.700000047683716,13181,0.0,0.0,AFCG,5m
2026-03-05 10:00:00-05:00,2.690000057220459,2.7200000286102295,2.690000057220459,2.7049999237060547,27522,0.0,0.0,AFCG,5m
2026-03-05 10:05:00-05:00,2.7049999237060547,2.7049999237060547,2.630000114440918,2.6449999809265137,17971,0.0,0.0,AFCG,5m
2026-03-05 10:10:00-05:00,2.6600000858306885,2.6600000858306885,2.640000104904175,2.649899959564209,6317,0.0,0.0,AFCG,5m
2026-03-05 10:15:00-05:00,2.6500000953674316,2.6500000953674316,2.5799999237060547,2.5799999237060547,26586,0.0,0.0,AFCG,5m
2026-03-05 10:20:00-05:00,2.5850000381469727,2.5920000076293945,2.5,2.566200017929077,109304,0.0,0.0,AFCG,5m
2026-03-05 10:25:00-05:00,2.559999942779541,2.5810999870300293,2.559999942779541,2.5810999870300293,3861,0.0,0.0,AFCG,5m
2026-03-05 10:30:00-05:00,2.5799999237060547,2.5799999237060547,2.569999933242798,2.5701000690460205,11003,0.0,0.0,AFCG,5m
2026-03-05 10:35:00-05:00,2.5799999237060547,2.5799999237060547,2.5199999809265137,2.5434000492095947,29582,0.0,0.0,AFCG,5m
2026-03-05 10:40:00-05:00,2.5199999809265137,2.549999952316284,2.5199999809265137,2.5299999713897705,18182,0.0,0.0,AFCG,5m
2026-03-05 10:45:00-05:00,2.539900064468384,2.569999933242798,2.539900064468384,2.569999933242798,14226,0.0,0.0,AFCG,5m
2026-03-05 10:50:00-05:00,2.559999942779541,2.559999942779541,2.559999942779541,2.559999942779541,1042,0.0,0.0,AFCG,5m
2026-03-05 10:55:00-05:00,2.565000057220459,2.569999933242798,2.565000057220459,2.569999933242798,2419,0.0,0.0,AFCG,5m
2026-03-05 11:00:00-05:00,2.5799999237060547,2.5799999237060547,2.5799999237060547,2.5799999237060547,858,0.0,0.0,AFCG,5m
2026-03-05 11:05:00-05:00,2.569999933242798,2.569999933242798,2.5399999618530273,2.5399999618530273,9200,0.0,0.0,AFCG,5m
2026-03-05 11:10:00-05:00,2.5299999713897705,2.5299999713897705,2.493799924850464,2.5,5685,0.0,0.0,AFCG,5m
2026-03-05 11:15:00-05:00,2.509999990463257,2.509999990463257,2.5,2.509999990463257,2023,0.0,0.0,AFCG,5m
2026-03-05 11:20:00-05:00,2.5113000869750977,2.5113000869750977,2.5113000869750977,2.5113000869750977,307,0.0,0.0,AFCG,5m
2026-03-05 11:25:00-05:00,2.515000104904175,2.515000104904175,2.466200113296509,2.484999895095825,9366,0.0,0.0,AFCG,5m
2026-03-05 11:30:00-05:00,2.484999895095825,2.490000009536743,2.4800000190734863,2.4800000190734863,7345,0.0,0.0,AFCG,5m
2026-03-05 11:40:00-05:00,2.490000009536743,2.494999885559082,2.490000009536743,2.494999885559082,1758,0.0,0.0,AFCG,5m
2026-03-05 11:45:00-05:00,2.5,2.505000114440918,2.5,2.505000114440918,2602,0.0,0.0,AFCG,5m
2026-03-05 11:50:00-05:00,2.5,2.5,2.5,2.5,0,0.0,0.0,AFCG,5m
2026-03-05 11:55:00-05:00,2.505000114440918,2.5250000953674316,2.505000114440918,2.5250000953674316,2231,0.0,0.0,AFCG,5m
2026-03-05 12:00:00-05:00,2.524899959564209,2.5299999713897705,2.518199920654297,2.5199999809265137,4301,0.0,0.0,AFCG,5m
2026-03-05 12:05:00-05:00,2.5250000953674316,2.5299999713897705,2.5250000953674316,2.5299999713897705,806,0.0,0.0,AFCG,5m
2026-03-05 12:10:00-05:00,2.5199999809265137,2.5199999809265137,2.5199999809265137,2.5199999809265137,658,0.0,0.0,AFCG,5m
2026-03-05 12:15:00-05:00,2.509999990463257,2.509999990463257,2.50219988822937,2.50219988822937,1315,0.0,0.0,AFCG,5m
2026-03-05 12:20:00-05:00,2.502500057220459,2.509999990463257,2.502500057220459,2.509999990463257,1214,0.0,0.0,AFCG,5m
2026-03-05 12:25:00-05:00,2.5,2.5000998973846436,2.5,2.5000998973846436,601,0.0,0.0,AFCG,5m
2026-03-05 12:30:00-05:00,2.4983999729156494,2.508500099182129,2.4983999729156494,2.508500099182129,2945,0.0,0.0,AFCG,5m
2026-03-05 12:35:00-05:00,2.505000114440918,2.509999990463257,2.505000114440918,2.508699893951416,1935,0.0,0.0,AFCG,5m
2026-03-05 12:40:00-05:00,2.5179998874664307,2.5199999809265137,2.5179998874664307,2.5199999809265137,1570,0.0,0.0,AFCG,5m
2026-03-05 12:45:00-05:00,2.5380001068115234,2.5399999618530273,2.533400058746338,2.5350000858306885,9357,0.0,0.0,AFCG,5m
2026-03-05 12:50:00-05:00,2.5394999980926514,2.5399999618530273,2.5383999347686768,2.5399999618530273,0,0.0,0.0,AFCG,5m
2026-03-05 12:55:00-05:00,2.5481998920440674,2.549999952316284,2.5481998920440674,2.5499000549316406,2872,0.0,0.0,AFCG,5m
2026-03-05 13:00:00-05:00,2.5399999618530273,2.5399999618530273,2.5350000858306885,2.5399999618530273,1774,0.0,0.0,AFCG,5m
2026-03-05 13:05:00-05:00,2.549299955368042,2.553499937057495,2.549299955368042,2.553499937057495,3736,0.0,0.0,AFCG,5m
2026-03-05 13:10:00-05:00,2.550299882888794,2.559999942779541,2.550299882888794,2.559999942779541,731,0.0,0.0,AFCG,5m
2026-03-05 13:15:00-05:00,2.555000066757202,2.559999942779541,2.555000066757202,2.559999942779541,2900,0.0,0.0,AFCG,5m
2026-03-05 13:20:00-05:00,2.555000066757202,2.5732998847961426,2.555000066757202,2.569999933242798,1529,0.0,0.0,AFCG,5m
2026-03-05 13:25:00-05:00,2.569999933242798,2.5752999782562256,2.569999933242798,2.5752999782562256,1789,0.0,0.0,AFCG,5m
2026-03-05 13:30:00-05:00,2.575000047683716,2.5799999237060547,2.575000047683716,2.5799999237060547,1760,0.0,0.0,AFCG,5m
2026-03-05 13:40:00-05:00,2.5850000381469727,2.5850000381469727,2.5850000381469727,2.5850000381469727,440,0.0,0.0,AFCG,5m
2026-03-05 13:45:00-05:00,2.5850000381469727,2.5850000381469727,2.569999933242798,2.569999933242798,3824,0.0,0.0,AFCG,5m
2026-03-05 13:50:00-05:00,2.579900026321411,2.5799999237060547,2.579900026321411,2.5799999237060547,4350,0.0,0.0,AFCG,5m
2026-03-05 13:55:00-05:00,2.5799999237060547,2.5999999046325684,2.5799999237060547,2.5799999237060547,3653,0.0,0.0,AFCG,5m
2026-03-05 14:00:00-05:00,2.6050000190734863,2.6082000732421875,2.6050000190734863,2.6082000732421875,2681,0.0,0.0,AFCG,5m
2026-03-05 14:05:00-05:00,2.5999999046325684,2.5999999046325684,2.5999999046325684,2.5999999046325684,205,0.0,0.0,AFCG,5m
2026-03-05 14:10:00-05:00,2.600100040435791,2.600100040435791,2.600100040435791,2.600100040435791,245,0.0,0.0,AFCG,5m
2026-03-05 14:15:00-05:00,2.609999895095825,2.609999895095825,2.5999999046325684,2.5999999046325684,1700,0.0,0.0,AFCG,5m
2026-03-05 14:20:00-05:00,2.5999999046325684,2.60509991645813,2.5950000286102295,2.5950000286102295,3301,0.0,0.0,AFCG,5m
2026-03-05 14:25:00-05:00,2.5901999473571777,2.5901999473571777,2.575000047683716,2.575000047683716,10081,0.0,0.0,AFCG,5m
2026-03-05 14:30:00-05:00,2.575000047683716,2.575000047683716,2.575000047683716,2.575000047683716,600,0.0,0.0,AFCG,5m
2026-03-05 14:35:00-05:00,2.5799999237060547,2.5850000381469727,2.5799999237060547,2.5850000381469727,728,0.0,0.0,AFCG,5m
2026-03-05 14:40:00-05:00,2.580199956893921,2.580199956893921,2.569000005722046,2.569000005722046,9496,0.0,0.0,AFCG,5m
2026-03-05 14:45:00-05:00,2.569999933242798,2.6050000190734863,2.569999933242798,2.6050000190734863,7876,0.0,0.0,AFCG,5m
2026-03-05 14:50:00-05:00,2.6070001125335693,2.6070001125335693,2.6070001125335693,2.6070001125335693,2126,0.0,0.0,AFCG,5m
2026-03-05 14:55:00-05:00,2.609999895095825,2.630000114440918,2.609999895095825,2.630000114440918,4875,0.0,0.0,AFCG,5m
2026-03-05 15:00:00-05:00,2.634999990463257,2.635499954223633,2.634999990463257,2.635499954223633,1152,0.0,0.0,AFCG,5m
2026-03-05 15:05:00-05:00,2.640000104904175,2.6649999618530273,2.640000104904175,2.6500000953674316,8052,0.0,0.0,AFCG,5m
2026-03-05 15:10:00-05:00,2.6449999809265137,2.6449999809265137,2.640000104904175,2.6449999809265137,1813,0.0,0.0,AFCG,5m
2026-03-05 15:15:00-05:00,2.640000104904175,2.640000104904175,2.6310999393463135,2.634999990463257,3765,0.0,0.0,AFCG,5m
2026-03-05 15:20:00-05:00,2.634999990463257,2.634999990463257,2.609999895095825,2.609999895095825,5901,0.0,0.0,AFCG,5m
2026-03-05 15:25:00-05:00,2.615000009536743,2.615000009536743,2.5999999046325684,2.5999999046325684,3290,0.0,0.0,AFCG,5m
2026-03-05 15:30:00-05:00,2.5950000286102295,2.5996999740600586,2.5799999237060547,2.5799999237060547,3251,0.0,0.0,AFCG,5m
2026-03-05 15:35:00-05:00,2.5799999237060547,2.5999999046325684,2.575000047683716,2.5999999046325684,3887,0.0,0.0,AFCG,5m
2026-03-05 15:40:00-05:00,2.5899999141693115,2.595099925994873,2.5899999141693115,2.5899999141693115,6943,0.0,0.0,AFCG,5m
2026-03-05 15:45:00-05:00,2.5899999141693115,2.5899999141693115,2.569999933242798,2.5850000381469727,5577,0.0,0.0,AFCG,5m
2026-03-05 15:50:00-05:00,2.5850000381469727,2.5850000381469727,2.575000047683716,2.5799999237060547,7756,0.0,0.0,AFCG,5m
2026-03-05 15:55:00-05:00,2.5850000381469727,2.5850000381469727,2.559999942779541,2.569999933242798,23491,0.0,0.0,AFCG,5m
2026-03-06 09:30:00-05:00,2.509999990463257,2.518899917602539,2.509999990463257,2.518899917602539,5187,0.0,0.0,AFCG,5m
2026-03-06 09:35:00-05:00,2.509999990463257,2.5199999809265137,2.509999990463257,2.5199999809265137,1477,0.0,0.0,AFCG,5m
2026-03-06 09:40:00-05:00,2.5,2.5,2.430000066757202,2.4700000286102295,11204,0.0,0.0,AFCG,5m
2026-03-06 09:45:00-05:00,2.4600000381469727,2.478800058364868,2.4400999546051025,2.478800058364868,1637,0.0,0.0,AFCG,5m
2026-03-06 09:50:00-05:00,2.4649999141693115,2.515000104904175,2.4649999141693115,2.515000104904175,3332,0.0,0.0,AFCG,5m
2026-03-06 09:55:00-05:00,2.5,2.5,2.5,2.5,280,0.0,0.0,AFCG,5m
2026-03-06 10:00:00-05:00,2.5299999713897705,2.569999933242798,2.5299999713897705,2.565000057220459,6329,0.0,0.0,AFCG,5m
2026-03-06 10:05:00-05:00,2.565000057220459,2.565000057220459,2.5399999618530273,2.549999952316284,2063,0.0,0.0,AFCG,5m
2026-03-06 10:10:00-05:00,2.569999933242798,2.5799999237060547,2.569999933242798,2.5799999237060547,2055,0.0,0.0,AFCG,5m
2026-03-06 10:15:00-05:00,2.5899999141693115,2.5899999141693115,2.565000057220459,2.565000057220459,8477,0.0,0.0,AFCG,5m
2026-03-06 10:20:00-05:00,2.565000057220459,2.565000057220459,2.564500093460083,2.564500093460083,1058,0.0,0.0,AFCG,5m
2026-03-06 10:25:00-05:00,2.5699000358581543,2.5699000358581543,2.561300039291382,2.561300039291382,899,0.0,0.0,AFCG,5m
2026-03-06 10:30:00-05:00,2.575500011444092,2.5999999046325684,2.575500011444092,2.5950000286102295,2579,0.0,0.0,AFCG,5m
2026-03-06 10:35:00-05:00,2.5999999046325684,2.609999895095825,2.5999999046325684,2.601099967956543,9099,0.0,0.0,AFCG,5m
2026-03-06 10:40:00-05:00,2.6050000190734863,2.6050000190734863,2.6003000736236572,2.6050000190734863,1398,0.0,0.0,AFCG,5m
2026-03-06 10:45:00-05:00,2.615000009536743,2.615000009536743,2.6108999252319336,2.6108999252319336,690,0.0,0.0,AFCG,5m
2026-03-06 10:50:00-05:00,2.609999895095825,2.609999895095825,2.5899999141693115,2.5899999141693115,4843,0.0,0.0,AFCG,5m
2026-03-06 10:55:00-05:00,2.5999999046325684,2.6050000190734863,2.5999999046325684,2.5999999046325684,3189,0.0,0.0,AFCG,5m
2026-03-06 11:00:00-05:00,2.5999999046325684,2.6050000190734863,2.5999999046325684,2.6050000190734863,653,0.0,0.0,AFCG,5m
2026-03-06 11:05:00-05:00,2.6050000190734863,2.6050000190734863,2.6050000190734863,2.6050000190734863,463,0.0,0.0,AFCG,5m
2026-03-06 11:10:00-05:00,2.5999999046325684,2.5999999046325684,2.5899999141693115,2.5899999141693115,971,0.0,0.0,AFCG,5m
2026-03-06 11:15:00-05:00,2.5899999141693115,2.5899999141693115,2.5850000381469727,2.5850000381469727,475,0.0,0.0,AFCG,5m
2026-03-06 11:20:00-05:00,2.5899999141693115,2.5899999141693115,2.5850000381469727,2.5850000381469727,5321,0.0,0.0,AFCG,5m
2026-03-06 11:25:00-05:00,2.5850000381469727,2.5850000381469727,2.5850000381469727,2.5850000381469727,345,0.0,0.0,AFCG,5m
2026-03-06 11:30:00-05:00,2.5813000202178955,2.585400104522705,2.5799999237060547,2.5799999237060547,3470,0.0,0.0,AFCG,5m
2026-03-06 11:35:00-05:00,2.588599920272827,2.588599920272827,2.588599920272827,2.588599920272827,260,0.0,0.0,AFCG,5m
2026-03-06 11:55:00-05:00,2.5850000381469727,2.5850000381469727,2.5799999237060547,2.5850000381469727,1587,0.0,0.0,AFCG,5m
2026-03-06 12:00:00-05:00,2.589200019836426,2.5899999141693115,2.5850000381469727,2.5899999141693115,901,0.0,0.0,AFCG,5m
2026-03-06 12:05:00-05:00,2.5899999141693115,2.5899999141693115,2.5899999141693115,2.5899999141693115,1323,0.0,0.0,AFCG,5m
2026-03-06 12:10:00-05:00,2.5999999046325684,2.5999999046325684,2.5850000381469727,2.5861001014709473,3638,0.0,0.0,AFCG,5m
2026-03-06 12:15:00-05:00,2.580199956893921,2.5850000381469727,2.575000047683716,2.5799999237060547,5453,0.0,0.0,AFCG,5m
2026-03-06 12:20:00-05:00,2.5950000286102295,2.5950000286102295,2.5950000286102295,2.5950000286102295,665,0.0,0.0,AFCG,5m
2026-03-06 12:40:00-05:00,2.5899999141693115,2.5899999141693115,2.559999942779541,2.559999942779541,5952,0.0,0.0,AFCG,5m
2026-03-06 12:45:00-05:00,2.559999942779541,2.5653998851776123,2.559999942779541,2.5653998851776123,390,0.0,0.0,AFCG,5m
2026-03-06 12:50:00-05:00,2.569999933242798,2.569999933242798,2.569999933242798,2.569999933242798,1674,0.0,0.0,AFCG,5m
2026-03-06 12:55:00-05:00,2.569999933242798,2.569999933242798,2.569999933242798,2.569999933242798,146,0.0,0.0,AFCG,5m
2026-03-06 13:10:00-05:00,2.5850000381469727,2.5850000381469727,2.5850000381469727,2.5850000381469727,490,0.0,0.0,AFCG,5m
2026-03-06 13:30:00-05:00,2.5850000381469727,2.5850000381469727,2.5850000381469727,2.5850000381469727,258,0.0,0.0,AFCG,5m
2026-03-06 13:35:00-05:00,2.5799999237060547,2.5799999237060547,2.5799999237060547,2.5799999237060547,1510,0.0,0.0,AFCG,5m
2026-03-06 13:40:00-05:00,2.5820000171661377,2.5820000171661377,2.5820000171661377,2.5820000171661377,450,0.0,0.0,AFCG,5m
2026-03-06 13:45:00-05:00,2.5899999141693115,2.5899999141693115,2.5899999141693115,2.5899999141693115,312,0.0,0.0,AFCG,5m
2026-03-06 13:50:00-05:00,2.5799999237060547,2.5799999237060547,2.569999933242798,2.569999933242798,2209,0.0,0.0,AFCG,5m
2026-03-06 13:55:00-05:00,2.575000047683716,2.5799999237060547,2.575000047683716,2.5799999237060547,651,0.0,0.0,AFCG,5m
2026-03-06 14:00:00-05:00,2.5799999237060547,2.5799999237060547,2.5799999237060547,2.5799999237060547,163,0.0,0.0,AFCG,5m
2026-03-06 14:25:00-05:00,2.5799999237060547,2.5799999237060547,2.5799999237060547,2.5799999237060547,1151,0.0,0.0,AFCG,5m
2026-03-06 14:40:00-05:00,2.569999933242798,2.575000047683716,2.559999942779541,2.559999942779541,6638,0.0,0.0,AFCG,5m
2026-03-06 14:55:00-05:00,2.569999933242798,2.5799999237060547,2.569999933242798,2.5799999237060547,7194,0.0,0.0,AFCG,5m
2026-03-06 15:00:00-05:00,2.5899999141693115,2.5950000286102295,2.5899999141693115,2.5899999141693115,2464,0.0,0.0,AFCG,5m
2026-03-06 15:10:00-05:00,2.5799999237060547,2.5799999237060547,2.569999933242798,2.569999933242798,3338,0.0,0.0,AFCG,5m
2026-03-06 15:15:00-05:00,2.565000057220459,2.565000057220459,2.565000057220459,2.565000057220459,328,0.0,0.0,AFCG,5m
2026-03-06 15:20:00-05:00,2.565000057220459,2.575000047683716,2.565000057220459,2.575000047683716,4699,0.0,0.0,AFCG,5m
2026-03-06 15:30:00-05:00,2.5799999237060547,2.5799999237060547,2.569999933242798,2.575000047683716,4285,0.0,0.0,AFCG,5m
2026-03-06 15:35:00-05:00,2.575000047683716,2.5799999237060547,2.575000047683716,2.5799999237060547,3821,0.0,0.0,AFCG,5m
2026-03-06 15:40:00-05:00,2.5850000381469727,2.5899999141693115,2.5850000381469727,2.5899999141693115,5733,0.0,0.0,AFCG,5m
2026-03-06 15:45:00-05:00,2.5899999141693115,2.609999895095825,2.5899999141693115,2.609999895095825,6395,0.0,0.0,AFCG,5m
2026-03-06 15:50:00-05:00,2.609999895095825,2.630000114440918,2.5999999046325684,2.609999895095825,20703,0.0,0.0,AFCG,5m
2026-03-06 15:55:00-05:00,2.6050000190734863,2.625,2.5999999046325684,2.615000009536743,23161,0.0,0.0,AFCG,5m
2026-03-09 09:30:00-04:00,2.549999952316284,2.549999952316284,2.509999990463257,2.5399999618530273,6909,0.0,0.0,AFCG,5m
2026-03-09 09:35:00-04:00,2.5343000888824463,2.5343000888824463,2.510499954223633,2.510499954223633,2189,0.0,0.0,AFCG,5m
2026-03-09 09:40:00-04:00,2.52810001373291,2.52810001373291,2.5167999267578125,2.5167999267578125,600,0.0,0.0,AFCG,5m
2026-03-09 09:45:00-04:00,2.509999990463257,2.569999933242798,2.5,2.549999952316284,6791,0.0,0.0,AFCG,5m
2026-03-09 09:50:00-04:00,2.565000057220459,2.615000009536743,2.565000057220459,2.609999895095825,11525,0.0,0.0,AFCG,5m
2026-03-09 09:55:00-04:00,2.5799999237060547,2.5799999237060547,2.5799999237060547,2.5799999237060547,1234,0.0,0.0,AFCG,5m
2026-03-09 10:00:00-04:00,2.5999999046325684,2.609999895095825,2.5799999237060547,2.5799999237060547,7200,0.0,0.0,AFCG,5m
2026-03-09 10:05:00-04:00,2.5850000381469727,2.5850000381469727,2.509999990463257,2.509999990463257,17534,0.0,0.0,AFCG,5m
2026-03-09 10:10:00-04:00,2.509999990463257,2.5244998931884766,2.4800000190734863,2.4800000190734863,18059,0.0,0.0,AFCG,5m
2026-03-09 10:15:00-04:00,2.484999895095825,2.484999895095825,2.48009991645813,2.48009991645813,1213,0.0,0.0,AFCG,5m
2026-03-09 10:20:00-04:00,2.4749999046325684,2.4800000190734863,2.4749999046325684,2.4800000190734863,1153,0.0,0.0,AFCG,5m
2026-03-09 10:25:00-04:00,2.484999895095825,2.484999895095825,2.4749999046325684,2.476099967956543,1801,0.0,0.0,AFCG,5m
2026-03-09 10:30:00-04:00,2.4749999046325684,2.505000114440918,2.4749999046325684,2.5,10762,0.0,0.0,AFCG,5m
2026-03-09 10:35:00-04:00,2.5,2.509999990463257,2.5,2.509999990463257,4853,0.0,0.0,AFCG,5m
2026-03-09 10:40:00-04:00,2.5,2.5,2.494999885559082,2.494999885559082,2377,0.0,0.0,AFCG,5m
2026-03-09 10:45:00-04:00,2.494999885559082,2.5,2.490000009536743,2.5,4819,0.0,0.0,AFCG,5m
2026-03-09 10:50:00-04:00,2.5199999809265137,2.560800075531006,2.5199999809265137,2.559999942779541,17920,0.0,0.0,AFCG,5m
2026-03-09 10:55:00-04:00,2.569999933242798,2.569999933242798,2.559999942779541,2.559999942779541,2480,0.0,0.0,AFCG,5m
2026-03-09 11:00:00-04:00,2.569999933242798,2.569999933242798,2.569999933242798,2.569999933242798,996,0.0,0.0,AFCG,5m
2026-03-09 11:05:00-04:00,2.569999933242798,2.569999933242798,2.569999933242798,2.569999933242798,2252,0.0,0.0,AFCG,5m
2026-03-09 11:10:00-04:00,2.559999942779541,2.5601000785827637,2.559999942779541,2.5601000785827637,1545,0.0,0.0,AFCG,5m
2026-03-09 11:15:00-04:00,2.5660998821258545,2.5660998821258545,2.5660998821258545,2.5660998821258545,363,0.0,0.0,AFCG,5m
2026-03-09 11:25:00-04:00,2.565000057220459,2.5799999237060547,2.565000057220459,2.5799999237060547,4915,0.0,0.0,AFCG,5m
2026-03-09 11:30:00-04:00,2.5950000286102295,2.5999999046325684,2.5950000286102295,2.599900007247925,8275,0.0,0.0,AFCG,5m
2026-03-09 11:35:00-04:00,2.5999999046325684,2.5999999046325684,2.5850000381469727,2.5999999046325684,18057,0.0,0.0,AFCG,5m
2026-03-09 11:40:00-04:00,2.599600076675415,2.599600076675415,2.5899999141693115,2.5899999141693115,5071,0.0,0.0,AFCG,5m
2026-03-09 11:55:00-04:00,2.600100040435791,2.600100040435791,2.4800000190734863,2.555000066757202,52250,0.0,0.0,AFCG,5m
2026-03-09 12:00:00-04:00,2.555000066757202,2.555000066757202,2.509999990463257,2.509999990463257,28333,0.0,0.0,AFCG,5m
2026-03-09 12:05:00-04:00,2.510200023651123,2.5199999809265137,2.4700000286102295,2.515000104904175,67944,0.0,0.0,AFCG,5m
2026-03-09 12:10:00-04:00,2.5100998878479004,2.565000057220459,2.484999895095825,2.559999942779541,69902,0.0,0.0,AFCG,5m
2026-03-09 12:15:00-04:00,2.5350000858306885,2.5450000762939453,2.5199999809265137,2.529900074005127,21026,0.0,0.0,AFCG,5m
2026-03-09 12:20:00-04:00,2.5450000762939453,2.5597000122070312,2.5264999866485596,2.552000045776367,8784,0.0,0.0,AFCG,5m
2026-03-09 12:25:00-04:00,2.549999952316284,2.565000057220459,2.5250000953674316,2.5250000953674316,15670,0.0,0.0,AFCG,5m
2026-03-09 12:35:00-04:00,2.5199999809265137,2.5350000858306885,2.515000104904175,2.5350000858306885,30865,0.0,0.0,AFCG,5m
2026-03-09 12:40:00-04:00,2.5350000858306885,2.5350000858306885,2.505000114440918,2.5250000953674316,11550,0.0,0.0,AFCG,5m
2026-03-09 12:45:00-04:00,2.526099920272827,2.526099920272827,2.5250000953674316,2.5250000953674316,1233,0.0,0.0,AFCG,5m
2026-03-09 12:50:00-04:00,2.5299999713897705,2.5299999713897705,2.5299999713897705,2.5299999713897705,2318,0.0,0.0,AFCG,5m
2026-03-09 13:00:00-04:00,2.555000066757202,2.565000057220459,2.555000066757202,2.565000057220459,1957,0.0,0.0,AFCG,5m
2026-03-09 13:05:00-04:00,2.559999942779541,2.559999942779541,2.536099910736084,2.536099910736084,7476,0.0,0.0,AFCG,5m
2026-03-09 13:10:00-04:00,2.5334999561309814,2.5399999618530273,2.5299999713897705,2.5399999618530273,13336,0.0,0.0,AFCG,5m
2026-03-09 13:15:00-04:00,2.5399999618530273,2.5634000301361084,2.5299999713897705,2.549999952316284,39574,0.0,0.0,AFCG,5m
2026-03-09 13:20:00-04:00,2.5450000762939453,2.549999952316284,2.5399999618530273,2.549999952316284,2759,0.0,0.0,AFCG,5m
2026-03-09 13:25:00-04:00,2.555000066757202,2.565000057220459,2.555000066757202,2.560800075531006,3871,0.0,0.0,AFCG,5m
2026-03-09 13:30:00-04:00,2.569999933242798,2.5899999141693115,2.5599000453948975,2.559999942779541,22625,0.0,0.0,AFCG,5m
2026-03-09 13:35:00-04:00,2.559999942779541,2.559999942779541,2.5199999809265137,2.5350000858306885,10518,0.0,0.0,AFCG,5m
2026-03-09 13:40:00-04:00,2.5350000858306885,2.5350000858306885,2.5350000858306885,2.5350000858306885,0,0.0,0.0,AFCG,5m
2026-03-09 13:45:00-04:00,2.5350000858306885,2.5399999618530273,2.5299999713897705,2.5299999713897705,5487,0.0,0.0,AFCG,5m
2026-03-09 13:50:00-04:00,2.5250000953674316,2.5350000858306885,2.5250000953674316,2.5350000858306885,3103,0.0,0.0,AFCG,5m
2026-03-09 13:55:00-04:00,2.5334999561309814,2.549999952316284,2.5199999809265137,2.546099901199341,21508,0.0,0.0,AFCG,5m
2026-03-09 14:00:00-04:00,2.555000066757202,2.555000066757202,2.555000066757202,2.555000066757202,471,0.0,0.0,AFCG,5m
2026-03-09 14:10:00-04:00,2.5599000453948975,2.569999933242798,2.559799909591675,2.569999933242798,2633,0.0,0.0,AFCG,5m
2026-03-09 14:15:00-04:00,2.5799999237060547,2.5850000381469727,2.5799999237060547,2.5850000381469727,703,0.0,0.0,AFCG,5m
2026-03-09 14:20:00-04:00,2.5799999237060547,2.5799999237060547,2.5799999237060547,2.5799999237060547,2576,0.0,0.0,AFCG,5m
2026-03-09 14:30:00-04:00,2.5799999237060547,2.5899999141693115,2.5799999237060547,2.5899999141693115,723,0.0,0.0,AFCG,5m
2026-03-09 14:35:00-04:00,2.5866000652313232,2.5950000286102295,2.5866000652313232,2.5950000286102295,2515,0.0,0.0,AFCG,5m
2026-03-09 14:40:00-04:00,2.5950000286102295,2.59879994392395,2.5799999237060547,2.5799999237060547,4316,0.0,0.0,AFCG,5m
2026-03-09 14:45:00-04:00,2.579699993133545,2.5799999237060547,2.579699993133545,2.5799999237060547,1479,0.0,0.0,AFCG,5m
2026-03-09 14:50:00-04:00,2.5899999141693115,2.5899999141693115,2.5899999141693115,2.5899999141693115,726,0.0,0.0,AFCG,5m
2026-03-09 15:00:00-04:00,2.5999999046325684,2.5999999046325684,2.5999999046325684,2.5999999046325684,309,0.0,0.0,AFCG,5m
2026-03-09 15:05:00-04:00,2.608599901199341,2.608799934387207,2.608599901199341,2.608799934387207,425,0.0,0.0,AFCG,5m
2026-03-09 15:10:00-04:00,2.609999895095825,2.609999895095825,2.609999895095825,2.609999895095825,380,0.0,0.0,AFCG,5m
2026-03-09 15:15:00-04:00,2.609999895095825,2.609999895095825,2.609999895095825,2.609999895095825,2648,0.0,0.0,AFCG,5m
2026-03-09 15:20:00-04:00,2.619999885559082,2.630000114440918,2.619999885559082,2.630000114440918,4354,0.0,0.0,AFCG,5m
2026-03-09 15:25:00-04:00,2.634999990463257,2.6500000953674316,2.634999990463257,2.6500000953674316,5357,0.0,0.0,AFCG,5m
2026-03-09 15:30:00-04:00,2.6500000953674316,2.6500000953674316,2.625,2.630000114440918,9224,0.0,0.0,AFCG,5m
2026-03-09 15:35:00-04:00,2.634999990463257,2.6500000953674316,2.634999990463257,2.6500000953674316,4549,0.0,0.0,AFCG,5m
2026-03-09 15:40:00-04:00,2.640000104904175,2.640000104904175,2.5999999046325684,2.5999999046325684,5299,0.0,0.0,AFCG,5m
2026-03-09 15:45:00-04:00,2.6050000190734863,2.6050000190734863,2.6050000190734863,2.6050000190734863,765,0.0,0.0,AFCG,5m
2026-03-09 15:50:00-04:00,2.5999999046325684,2.5999999046325684,2.5999999046325684,2.5999999046325684,1261,0.0,0.0,AFCG,5m
2026-03-09 15:55:00-04:00,2.5999999046325684,2.5999999046325684,2.572200059890747,2.572200059890747,19627,0.0,0.0,AFCG,5m
2026-03-10 09:30:00-04:00,2.5899999141693115,2.5899999141693115,2.5899999141693115,2.5899999141693115,7215,0.0,0.0,AFCG,5m
2026-03-10 09:35:00-04:00,2.5799999237060547,2.5799999237060547,2.569999933242798,2.575000047683716,2796,0.0,0.0,AFCG,5m
2026-03-10 09:40:00-04:00,2.569999933242798,2.569999933242798,2.569999933242798,2.569999933242798,488,0.0,0.0,AFCG,5m
2026-03-10 09:45:00-04:00,2.559999942779541,2.5799999237060547,2.559999942779541,2.5799999237060547,2502,0.0,0.0,AFCG,5m
2026-03-10 09:50:00-04:00,2.5950000286102295,2.5950000286102295,2.5950000286102295,2.5950000286102295,199,0.0,0.0,AFCG,5m
2026-03-10 10:00:00-04:00,2.5899999141693115,2.5899999141693115,2.5899999141693115,2.5899999141693115,173,0.0,0.0,AFCG,5m
2026-03-10 10:05:00-04:00,2.5999999046325684,2.6050000190734863,2.5999999046325684,2.6050000190734863,624,0.0,0.0,AFCG,5m
2026-03-10 10:10:00-04:00,2.600100040435791,2.640000104904175,2.600100040435791,2.640000104904175,13341,0.0,0.0,AFCG,5m
2026-03-10 10:15:00-04:00,2.6500000953674316,2.6700000762939453,2.6500000953674316,2.6700000762939453,3824,0.0,0.0,AFCG,5m
2026-03-10 10:20:00-04:00,2.6942999362945557,2.700000047683716,2.6942999362945557,2.700000047683716,15399,0.0,0.0,AFCG,5m
2026-03-10 10:30:00-04:00,2.6898000240325928,2.7049999237060547,2.6898000240325928,2.7049999237060547,5732,0.0,0.0,AFCG,5m
2026-03-10 10:35:00-04:00,2.70989990234375,2.734999895095825,2.70989990234375,2.7249999046325684,28316,0.0,0.0,AFCG,5m
2026-03-10 10:40:00-04:00,2.7209999561309814,2.73009991645813,2.690000057220459,2.7200000286102295,23517,0.0,0.0,AFCG,5m
2026-03-10 10:45:00-04:00,2.7149999141693115,2.7149999141693115,2.7049999237060547,2.7049999237060547,955,0.0,0.0,AFCG,5m
2026-03-10 10:50:00-04:00,2.7100000381469727,2.7111001014709473,2.6960999965667725,2.700000047683716,3203,0.0,0.0,AFCG,5m
2026-03-10 11:00:00-04:00,2.7049999237060547,2.7249999046325684,2.7049999237060547,2.7249999046325684,4905,0.0,0.0,AFCG,5m
2026-03-10 11:05:00-04:00,2.7249999046325684,2.7249999046325684,2.720099925994873,2.720099925994873,564,0.0,0.0,AFCG,5m
2026-03-10 11:10:00-04:00,2.7249999046325684,2.7249999046325684,2.721400022506714,2.721400022506714,2140,0.0,0.0,AFCG,5m
2026-03-10 11:15:00-04:00,2.7249999046325684,2.7388999462127686,2.7249999046325684,2.7249999046325684,4071,0.0,0.0,AFCG,5m
2026-03-10 11:20:00-04:00,2.7149999141693115,2.7197999954223633,2.7149999141693115,2.7197999954223633,463,0.0,0.0,AFCG,5m
2026-03-10 11:25:00-04:00,2.7121999263763428,2.719899892807007,2.7121999263763428,2.719899892807007,867,0.0,0.0,AFCG,5m
2026-03-10 11:30:00-04:00,2.7149999141693115,2.7149999141693115,2.7149999141693115,2.7149999141693115,245,0.0,0.0,AFCG,5m
2026-03-10 11:35:00-04:00,2.713399887084961,2.713399887084961,2.7111001014709473,2.7111001014709473,603,0.0,0.0,AFCG,5m
2026-03-10 11:40:00-04:00,2.7049999237060547,2.7049999237060547,2.690000057220459,2.690000057220459,1481,0.0,0.0,AFCG,5m
2026-03-10 11:50:00-04:00,2.7049999237060547,2.7049999237060547,2.700000047683716,2.700000047683716,363,0.0,0.0,AFCG,5m
2026-03-10 12:00:00-04:00,2.694999933242798,2.7049999237060547,2.690000057220459,2.690000057220459,3316,0.0,0.0,AFCG,5m
2026-03-10 12:10:00-04:00,2.690000057220459,2.690000057220459,2.672800064086914,2.672800064086914,2574,0.0,0.0,AFCG,5m
2026-03-10 12:15:00-04:00,2.6700000762939453,2.6700000762939453,2.6700000762939453,2.6700000762939453,470,0.0,0.0,AFCG,5m
2026-03-10 12:20:00-04:00,2.6700000762939453,2.6700000762939453,2.6698999404907227,2.6700000762939453,2572,0.0,0.0,AFCG,5m
2026-03-10 12:25:00-04:00,2.680000066757202,2.680000066757202,2.680000066757202,2.680000066757202,481,0.0,0.0,AFCG,5m
2026-03-10 12:50:00-04:00,2.684999942779541,2.690000057220459,2.684999942779541,2.690000057220459,676,0.0,0.0,AFCG,5m
2026-03-10 12:55:00-04:00,2.690000057220459,2.7049999237060547,2.690000057220459,2.7049999237060547,15259,0.0,0.0,AFCG,5m
2026-03-10 13:00:00-04:00,2.7049999237060547,2.7049999237060547,2.690000057220459,2.694999933242798,1419,0.0,0.0,AFCG,5m
2026-03-10 13:05:00-04:00,2.694999933242798,2.694999933242798,2.694999933242798,2.694999933242798,210,0.0,0.0,AFCG,5m
2026-03-10 13:10:00-04:00,2.694999933242798,2.694999933242798,2.690000057220459,2.694999933242798,1993,0.0,0.0,AFCG,5m
2026-03-10 13:15:00-04:00,2.694999933242798,2.6960999965667725,2.694999933242798,2.694999933242798,1989,0.0,0.0,AFCG,5m
2026-03-10 13:30:00-04:00,2.694999933242798,2.7049999237060547,2.694999933242798,2.7049999237060547,1820,0.0,0.0,AFCG,5m
2026-03-10 13:35:00-04:00,2.7049999237060547,2.7049999237060547,2.684999942779541,2.684999942779541,1420,0.0,0.0,AFCG,5m
2026-03-10 13:40:00-04:00,2.684999942779541,2.690000057220459,2.684999942779541,2.690000057220459,628,0.0,0.0,AFCG,5m
2026-03-10 13:50:00-04:00,2.680000066757202,2.680000066757202,2.680000066757202,2.680000066757202,585,0.0,0.0,AFCG,5m
2026-03-10 13:55:00-04:00,2.677799940109253,2.684999942779541,2.677799940109253,2.684999942779541,8447,0.0,0.0,AFCG,5m
2026-03-10 14:05:00-04:00,2.688999891281128,2.7049999237060547,2.688999891281128,2.7049999237060547,5432,0.0,0.0,AFCG,5m
2026-03-10 14:10:00-04:00,2.700000047683716,2.700000047683716,2.694999933242798,2.694999933242798,4092,0.0,0.0,AFCG,5m
2026-03-10 14:15:00-04:00,2.680000066757202,2.680000066757202,2.6793999671936035,2.6793999671936035,1229,0.0,0.0,AFCG,5m
2026-03-10 14:20:00-04:00,2.6600000858306885,2.6649999618530273,2.6600000858306885,2.6600000858306885,2639,0.0,0.0,AFCG,5m
2026-03-10 14:25:00-04:00,2.6649999618530273,2.6649999618530273,2.6649999618530273,2.6649999618530273,608,0.0,0.0,AFCG,5m
2026-03-10 14:35:00-04:00,2.6700000762939453,2.6700000762939453,2.6700000762939453,2.6700000762939453,208,0.0,0.0,AFCG,5m
2026-03-10 14:45:00-04:00,2.666599988937378,2.6698999404907227,2.666599988937378,2.6698999404907227,1239,0.0,0.0,AFCG,5m
2026-03-10 14:50:00-04:00,2.6649999618530273,2.674999952316284,2.6649999618530273,2.674999952316284,6033,0.0,0.0,AFCG,5m
2026-03-10 14:55:00-04:00,2.674999952316284,2.674999952316284,2.674999952316284,2.674999952316284,315,0.0,0.0,AFCG,5m
2026-03-10 15:00:00-04:00,2.670099973678589,2.680000066757202,2.6600000858306885,2.6600000858306885,2415,0.0,0.0,AFCG,5m
2026-03-10 15:05:00-04:00,2.6545000076293945,2.6549999713897705,2.6545000076293945,2.6549999713897705,469,0.0,0.0,AFCG,5m
2026-03-10 15:10:00-04:00,2.6500000953674316,2.6500000953674316,2.634999990463257,2.640000104904175,2703,0.0,0.0,AFCG,5m
2026-03-10 15:20:00-04:00,2.6449999809265137,2.6449999809265137,2.6449999809265137,2.6449999809265137,223,0.0,0.0,AFCG,5m
2026-03-10 15:25:00-04:00,2.6449999809265137,2.6449999809265137,2.634999990463257,2.634999990463257,919,0.0,0.0,AFCG,5m
2026-03-10 15:30:00-04:00,2.630000114440918,2.630000114440918,2.630000114440918,2.630000114440918,318,0.0,0.0,AFCG,5m
2026-03-10 15:40:00-04:00,2.630000114440918,2.634999990463257,2.630000114440918,2.634999990463257,1517,0.0,0.0,AFCG,5m
2026-03-10 15:45:00-04:00,2.630000114440918,2.630000114440918,2.630000114440918,2.630000114440918,786,0.0,0.0,AFCG,5m
2026-03-10 15:50:00-04:00,2.630000114440918,2.634999990463257,2.619999885559082,2.619999885559082,4660,0.0,0.0,AFCG,5m
2026-03-10 15:55:00-04:00,2.625,2.640000104904175,2.5999999046325684,2.640000104904175,34204,0.0,0.0,AFCG,5m
2026-03-11 09:30:00-04:00,2.6549999713897705,2.740000009536743,2.640000104904175,2.680000066757202,21366,0.0,0.0,AFCG,5m
2026-03-11 09:35:00-04:00,2.7200000286102295,2.7200000286102295,2.7200000286102295,2.7200000286102295,209,0.0,0.0,AFCG,5m
2026-03-11 09:40:00-04:00,2.7202999591827393,2.7249999046325684,2.7200000286102295,2.7200000286102295,818,0.0,0.0,AFCG,5m
2026-03-11 09:50:00-04:00,2.714099884033203,2.7899999618530273,2.7100000381469727,2.7899999618530273,19481,0.0,0.0,AFCG,5m
2026-03-11 09:55:00-04:00,2.7799999713897705,2.7799999713897705,2.7520999908447266,2.765000104904175,2040,0.0,0.0,AFCG,5m
2026-03-11 10:00:00-04:00,2.7699999809265137,2.7899999618530273,2.759999990463257,2.7699999809265137,8992,0.0,0.0,AFCG,5m
2026-03-11 10:05:00-04:00,2.740000009536743,2.740000009536743,2.7300000190734863,2.7300000190734863,672,0.0,0.0,AFCG,5m
2026-03-11 10:10:00-04:00,2.7300000190734863,2.7300000190734863,2.7249999046325684,2.7249999046325684,655,0.0,0.0,AFCG,5m
2026-03-11 10:15:00-04:00,2.720099925994873,2.720099925994873,2.720099925994873,2.720099925994873,167,0.0,0.0,AFCG,5m
2026-03-11 10:20:00-04:00,2.7300000190734863,2.734999895095825,2.700000047683716,2.7093000411987305,3229,0.0,0.0,AFCG,5m
2026-03-11 10:25:00-04:00,2.6802000999450684,2.690000057220459,2.6802000999450684,2.690000057220459,1186,0.0,0.0,AFCG,5m
2026-03-11 10:30:00-04:00,2.694999933242798,2.7100000381469727,2.690000057220459,2.694999933242798,5006,0.0,0.0,AFCG,5m
2026-03-11 10:35:00-04:00,2.7100000381469727,2.7300000190734863,2.7100000381469727,2.7300000190734863,1158,0.0,0.0,AFCG,5m
2026-03-11 10:40:00-04:00,2.7200000286102295,2.7200000286102295,2.7200000286102295,2.7200000286102295,932,0.0,0.0,AFCG,5m
2026-03-11 10:45:00-04:00,2.700000047683716,2.700000047683716,2.700000047683716,2.700000047683716,645,0.0,0.0,AFCG,5m
2026-03-11 10:50:00-04:00,2.700000047683716,2.7100000381469727,2.700000047683716,2.7100000381469727,3329,0.0,0.0,AFCG,5m
2026-03-11 10:55:00-04:00,2.7149999141693115,2.7200000286102295,2.7149999141693115,2.7200000286102295,3691,0.0,0.0,AFCG,5m
2026-03-11 11:00:00-04:00,2.7149999141693115,2.7149999141693115,2.7149999141693115,2.7149999141693115,603,0.0,0.0,AFCG,5m
2026-03-11 11:05:00-04:00,2.7100000381469727,2.7100000381469727,2.690000057220459,2.694999933242798,5353,0.0,0.0,AFCG,5m
2026-03-11 11:15:00-04:00,2.6600000858306885,2.6649999618530273,2.6600000858306885,2.6600000858306885,361,0.0,0.0,AFCG,5m
2026-03-11 11:20:00-04:00,2.659899950027466,2.659899950027466,2.630000114440918,2.6449999809265137,15861,0.0,0.0,AFCG,5m
2026-03-11 11:25:00-04:00,2.6600000858306885,2.6649999618530273,2.6600000858306885,2.6600000858306885,941,0.0,0.0,AFCG,5m
2026-03-11 11:35:00-04:00,2.6500000953674316,2.6500000953674316,2.6500000953674316,2.6500000953674316,163,0.0,0.0,AFCG,5m
2026-03-11 11:40:00-04:00,2.6500000953674316,2.6500000953674316,2.6500000953674316,2.6500000953674316,243,0.0,0.0,AFCG,5m
2026-03-11 11:45:00-04:00,2.6600000858306885,2.6600000858306885,2.6449999809265137,2.6449999809265137,683,0.0,0.0,AFCG,5m
2026-03-11 11:50:00-04:00,2.653599977493286,2.653599977493286,2.653599977493286,2.653599977493286,646,0.0,0.0,AFCG,5m
2026-03-11 11:55:00-04:00,2.640199899673462,2.640199899673462,2.640199899673462,2.640199899673462,540,0.0,0.0,AFCG,5m
2026-03-11 12:00:00-04:00,2.6500000953674316,2.6500000953674316,2.6500000953674316,2.6500000953674316,439,0.0,0.0,AFCG,5m
2026-03-11 12:20:00-04:00,2.630000114440918,2.630000114440918,2.630000114440918,2.630000114440918,512,0.0,0.0,AFCG,5m
2026-03-11 12:30:00-04:00,2.634999990463257,2.634999990463257,2.634999990463257,2.634999990463257,394,0.0,0.0,AFCG,5m
2026-03-11 12:35:00-04:00,2.6461000442504883,2.6461000442504883,2.6449999809265137,2.6449999809265137,498,0.0,0.0,AFCG,5m
2026-03-11 12:40:00-04:00,2.6449999809265137,2.6449999809265137,2.6449999809265137,2.6449999809265137,465,0.0,0.0,AFCG,5m
2026-03-11 12:55:00-04:00,2.6301000118255615,2.634999990463257,2.6301000118255615,2.634999990463257,1294,0.0,0.0,AFCG,5m
2026-03-11 13:05:00-04:00,2.625,2.6298000812530518,2.625,2.6298000812530518,514,0.0,0.0,AFCG,5m
2026-03-11 13:10:00-04:00,2.625,2.640000104904175,2.625,2.640000104904175,4424,0.0,0.0,AFCG,5m
2026-03-11 13:20:00-04:00,2.6298999786376953,2.630000114440918,2.625,2.630000114440918,762,0.0,0.0,AFCG,5m
2026-03-11 13:25:00-04:00,2.630000114440918,2.6361000537872314,2.630000114440918,2.6361000537872314,250,0.0,0.0,AFCG,5m
2026-03-11 13:30:00-04:00,2.639899969100952,2.639899969100952,2.639899969100952,2.639899969100952,604,0.0,0.0,AFCG,5m
2026-03-11 13:35:00-04:00,2.640000104904175,2.680000066757202,2.630000114440918,2.6549999713897705,12341,0.0,0.0,AFCG,5m
2026-03-11 13:40:00-04:00,2.6600000858306885,2.6600000858306885,2.6600000858306885,2.6600000858306885,679,0.0,0.0,AFCG,5m
2026-03-11 13:50:00-04:00,2.6549999713897705,2.6549999713897705,2.6549999713897705,2.6549999713897705,206,0.0,0.0,AFCG,5m
2026-03-11 14:05:00-04:00,2.650099992752075,2.650099992752075,2.650099992752075,2.650099992752075,572,0.0,0.0,AFCG,5m
2026-03-11 14:15:00-04:00,2.6449999809265137,2.6449999809265137,2.6449999809265137,2.6449999809265137,255,0.0,0.0,AFCG,5m
2026-03-11 14:25:00-04:00,2.6465001106262207,2.6600000858306885,2.6449999809265137,2.6549999713897705,2990,0.0,0.0,AFCG,5m
2026-03-11 14:30:00-04:00,2.659899950027466,2.6600000858306885,2.659899950027466,2.6600000858306885,1924,0.0,0.0,AFCG,5m
2026-03-11 14:50:00-04:00,2.6449999809265137,2.6449999809265137,2.6449999809265137,2.6449999809265137,113,0.0,0.0,AFCG,5m
2026-03-11 14:55:00-04:00,2.649899959564209,2.6500000953674316,2.649899959564209,2.6500000953674316,1118,0.0,0.0,AFCG,5m
2026-03-11 15:00:00-04:00,2.6412999629974365,2.6500000953674316,2.6412999629974365,2.6500000953674316,1736,0.0,0.0,AFCG,5m
2026-03-11 15:05:00-04:00,2.6549999713897705,2.6549999713897705,2.6549999713897705,2.6549999713897705,317,0.0,0.0,AFCG,5m
2026-03-11 15:10:00-04:00,2.6500000953674316,2.6500000953674316,2.6500000953674316,2.6500000953674316,390,0.0,0.0,AFCG,5m
2026-03-11 15:20:00-04:00,2.6449999809265137,2.6449999809265137,2.6449999809265137,2.6449999809265137,423,0.0,0.0,AFCG,5m
2026-03-11 15:25:00-04:00,2.6449999809265137,2.6449999809265137,2.6449999809265137,2.6449999809265137,1192,0.0,0.0,AFCG,5m
2026-03-11 15:30:00-04:00,2.630000114440918,2.630000114440918,2.630000114440918,2.630000114440918,425,0.0,0.0,AFCG,5m
2026-03-11 15:35:00-04:00,2.6301000118255615,2.6301000118255615,2.6301000118255615,2.6301000118255615,651,0.0,0.0,AFCG,5m
2026-03-11 15:50:00-04:00,2.630000114440918,2.634999990463257,2.630000114440918,2.634999990463257,1351,0.0,0.0,AFCG,5m
2026-03-11 15:55:00-04:00,2.640000104904175,2.659899950027466,2.619999885559082,2.619999885559082,14207,0.0,0.0,AFCG,5m
2026-03-12 09:30:00-04:00,2.6500000953674316,2.6500000953674316,2.5899999141693115,2.5999999046325684,9861,0.0,0.0,AFCG,5m
2026-03-12 09:40:00-04:00,2.6700000762939453,2.6700000762939453,2.6700000762939453,2.6700000762939453,137,0.0,0.0,AFCG,5m
2026-03-12 09:50:00-04:00,2.6649999618530273,2.6649999618530273,2.619999885559082,2.630000114440918,1713,0.0,0.0,AFCG,5m
2026-03-12 09:55:00-04:00,2.6449999809265137,2.6449999809265137,2.6449999809265137,2.6449999809265137,896,0.0,0.0,AFCG,5m
2026-03-12 10:00:00-04:00,2.609999895095825,2.659899950027466,2.5999999046325684,2.659899950027466,7944,0.0,0.0,AFCG,5m
2026-03-12 10:05:00-04:00,2.6500000953674316,2.6600000858306885,2.6480000019073486,2.659899950027466,6696,0.0,0.0,AFCG,5m
2026-03-12 10:15:00-04:00,2.659899950027466,2.6649999618530273,2.6549999713897705,2.6649999618530273,7637,0.0,0.0,AFCG,5m
2026-03-12 10:20:00-04:00,2.658600091934204,2.658600091934204,2.634999990463257,2.6500000953674316,2131,0.0,0.0,AFCG,5m
2026-03-12 10:25:00-04:00,2.6686999797821045,2.6700000762939453,2.6686999797821045,2.6700000762939453,471,0.0,0.0,AFCG,5m
2026-03-12 10:30:00-04:00,2.6600000858306885,2.6600000858306885,2.6600000858306885,2.6600000858306885,240,0.0,0.0,AFCG,5m
2026-03-12 10:35:00-04:00,2.650099992752075,2.6600000858306885,2.650099992752075,2.6600000858306885,1348,0.0,0.0,AFCG,5m
2026-03-12 10:40:00-04:00,2.6649999618530273,2.6649999618530273,2.651700019836426,2.6549999713897705,4601,0.0,0.0,AFCG,5m
2026-03-12 10:45:00-04:00,2.6600000858306885,2.6600000858306885,2.649899959564209,2.649899959564209,737,0.0,0.0,AFCG,5m
2026-03-12 10:55:00-04:00,2.6549999713897705,2.6549999713897705,2.6549999713897705,2.6549999713897705,907,0.0,0.0,AFCG,5m
2026-03-12 11:00:00-04:00,2.6600000858306885,2.661600112915039,2.6600000858306885,2.6600000858306885,1256,0.0,0.0,AFCG,5m
2026-03-12 11:10:00-04:00,2.6333999633789062,2.639699935913086,2.632699966430664,2.634999990463257,3279,0.0,0.0,AFCG,5m
2026-03-12 11:20:00-04:00,2.630000114440918,2.630000114440918,2.630000114440918,2.630000114440918,700,0.0,0.0,AFCG,5m
2026-03-12 11:25:00-04:00,2.625,2.625,2.619999885559082,2.619999885559082,453,0.0,0.0,AFCG,5m
2026-03-12 11:30:00-04:00,2.619999885559082,2.619999885559082,2.615000009536743,2.615000009536743,897,0.0,0.0,AFCG,5m
2026-03-12 11:35:00-04:00,2.619999885559082,2.6201000213623047,2.619999885559082,2.6201000213623047,891,0.0,0.0,AFCG,5m
2026-03-12 11:40:00-04:00,2.630000114440918,2.630000114440918,2.630000114440918,2.630000114440918,827,0.0,0.0,AFCG,5m
2026-03-12 11:50:00-04:00,2.61899995803833,2.61899995803833,2.61899995803833,2.61899995803833,370,0.0,0.0,AFCG,5m
2026-03-12 12:00:00-04:00,2.606100082397461,2.6098999977111816,2.6050000190734863,2.6050000190734863,5088,0.0,0.0,AFCG,5m
2026-03-12 12:05:00-04:00,2.609999895095825,2.609999895095825,2.609999895095825,2.609999895095825,419,0.0,0.0,AFCG,5m
2026-03-12 12:15:00-04:00,2.630000114440918,2.630000114440918,2.630000114440918,2.630000114440918,869,0.0,0.0,AFCG,5m
2026-03-12 12:35:00-04:00,2.619999885559082,2.619999885559082,2.619999885559082,2.619999885559082,424,0.0,0.0,AFCG,5m
2026-03-12 12:45:00-04:00,2.625,2.625,2.625,2.625,114,0.0,0.0,AFCG,5m
2026-03-12 12:50:00-04:00,2.6298999786376953,2.6298999786376953,2.6298999786376953,2.6298999786376953,235,0.0,0.0,AFCG,5m
2026-03-12 12:55:00-04:00,2.619999885559082,2.630000114440918,2.619999885559082,2.630000114440918,1910,0.0,0.0,AFCG,5m
2026-03-12 13:05:00-04:00,2.630000114440918,2.630000114440918,2.625,2.625,400,0.0,0.0,AFCG,5m
2026-03-12 13:10:00-04:00,2.625,2.625,2.619999885559082,2.619999885559082,655,0.0,0.0,AFCG,5m
2026-03-12 13:20:00-04:00,2.619999885559082,2.619999885559082,2.619999885559082,2.619999885559082,1124,0.0,0.0,AFCG,5m
2026-03-12 13:45:00-04:00,2.640000104904175,2.640000104904175,2.634999990463257,2.640000104904175,1681,0.0,0.0,AFCG,5m
2026-03-12 13:50:00-04:00,2.6449999809265137,2.6449999809265137,2.6449999809265137,2.6449999809265137,272,0.0,0.0,AFCG,5m
2026-03-12 13:55:00-04:00,2.640000104904175,2.640000104904175,2.640000104904175,2.640000104904175,164,0.0,0.0,AFCG,5m
2026-03-12 14:00:00-04:00,2.634999990463257,2.640000104904175,2.634999990463257,2.640000104904175,1153,0.0,0.0,AFCG,5m
2026-03-12 14:05:00-04:00,2.640000104904175,2.640000104904175,2.640000104904175,2.640000104904175,1177,0.0,0.0,AFCG,5m
2026-03-12 14:10:00-04:00,2.649899959564209,2.649899959564209,2.6449999809265137,2.6449999809265137,2959,0.0,0.0,AFCG,5m
2026-03-12 14:20:00-04:00,2.659899950027466,2.660099983215332,2.656599998474121,2.660099983215332,1097,0.0,0.0,AFCG,5m
2026-03-12 14:25:00-04:00,2.6600000858306885,2.6600000858306885,2.6500000953674316,2.6500000953674316,1411,0.0,0.0,AFCG,5m
2026-03-12 14:35:00-04:00,2.6449999809265137,2.6449999809265137,2.6449999809265137,2.6449999809265137,103,0.0,0.0,AFCG,5m
2026-03-12 14:40:00-04:00,2.640000104904175,2.640000104904175,2.640000104904175,2.640000104904175,188,0.0,0.0,AFCG,5m
2026-03-12 15:00:00-04:00,2.630000114440918,2.634999990463257,2.630000114440918,2.634999990463257,2070,0.0,0.0,AFCG,5m
2026-03-12 15:05:00-04:00,2.630000114440918,2.630000114440918,2.630000114440918,2.630000114440918,257,0.0,0.0,AFCG,5m
2026-03-12 15:10:00-04:00,2.630000114440918,2.634999990463257,2.619999885559082,2.619999885559082,1312,0.0,0.0,AFCG,5m
2026-03-12 15:20:00-04:00,2.6201000213623047,2.630000114440918,2.6201000213623047,2.6266000270843506,2094,0.0,0.0,AFCG,5m
2026-03-12 15:25:00-04:00,2.6298999786376953,2.6366000175476074,2.6298999786376953,2.634999990463257,901,0.0,0.0,AFCG,5m
2026-03-12 15:30:00-04:00,2.634999990463257,2.634999990463257,2.634999990463257,2.634999990463257,496,0.0,0.0,AFCG,5m
2026-03-12 15:35:00-04:00,2.633699893951416,2.640000104904175,2.633699893951416,2.640000104904175,1465,0.0,0.0,AFCG,5m
2026-03-12 15:40:00-04:00,2.640000104904175,2.640000104904175,2.640000104904175,2.640000104904175,687,0.0,0.0,AFCG,5m
2026-03-12 15:45:00-04:00,2.630000114440918,2.634999990463257,2.630000114440918,2.634999990463257,1473,0.0,0.0,AFCG,5m
2026-03-12 15:50:00-04:00,2.634999990463257,2.6549999713897705,2.634999990463257,2.6500000953674316,3842,0.0,0.0,AFCG,5m
2026-03-12 15:55:00-04:00,2.640000104904175,2.640000104904175,2.609999895095825,2.615000009536743,10146,0.0,0.0,AFCG,5m
2026-03-13 09:30:00-04:00,2.619999885559082,2.619999885559082,2.5899999141693115,2.5899999141693115,7904,0.0,0.0,AFCG,5m
2026-03-13 09:35:00-04:00,2.5899999141693115,2.5999999046325684,2.5829999446868896,2.5999999046325684,9746,0.0,0.0,AFCG,5m
2026-03-13 09:40:00-04:00,2.5999999046325684,2.5999999046325684,2.5999999046325684,2.5999999046325684,2593,0.0,0.0,AFCG,5m
2026-03-13 09:50:00-04:00,2.625,2.625,2.625,2.625,365,0.0,0.0,AFCG,5m
2026-03-13 10:00:00-04:00,2.619999885559082,2.619999885559082,2.5999999046325684,2.609999895095825,2535,0.0,0.0,AFCG,5m
2026-03-13 10:05:00-04:00,2.6171000003814697,2.630000114440918,2.6166000366210938,2.623199939727783,23194,0.0,0.0,AFCG,5m
2026-03-13 10:10:00-04:00,2.630000114440918,2.630000114440918,2.6266000270843506,2.6266000270843506,693,0.0,0.0,AFCG,5m
2026-03-13 10:20:00-04:00,2.610100030899048,2.615000009536743,2.610100030899048,2.615000009536743,800,0.0,0.0,AFCG,5m
2026-03-13 10:25:00-04:00,2.615000009536743,2.615000009536743,2.615000009536743,2.615000009536743,1236,0.0,0.0,AFCG,5m
2026-03-13 10:30:00-04:00,2.630199909210205,2.630199909210205,2.630000114440918,2.630000114440918,3571,0.0,0.0,AFCG,5m
2026-03-13 10:35:00-04:00,2.6166000366210938,2.6166000366210938,2.615000009536743,2.615000009536743,1125,0.0,0.0,AFCG,5m
2026-03-13 10:40:00-04:00,2.615000009536743,2.625,2.606600046157837,2.619999885559082,11541,0.0,0.0,AFCG,5m
2026-03-13 10:45:00-04:00,2.6198999881744385,2.619999885559082,2.615000009536743,2.6166000366210938,2804,0.0,0.0,AFCG,5m
2026-03-13 10:50:00-04:00,2.6161000728607178,2.619999885559082,2.615000009536743,2.6166000366210938,4858,0.0,0.0,AFCG,5m
2026-03-13 10:55:00-04:00,2.6161000728607178,2.6201000213623047,2.615000009536743,2.6201000213623047,3582,0.0,0.0,AFCG,5m
2026-03-13 11:00:00-04:00,2.609999895095825,2.609999895095825,2.6050000190734863,2.6050000190734863,724,0.0,0.0,AFCG,5m
2026-03-13 11:15:00-04:00,2.5999999046325684,2.5999999046325684,2.5999999046325684,2.5999999046325684,329,0.0,0.0,AFCG,5m
2026-03-13 11:20:00-04:00,2.5950000286102295,2.5999999046325684,2.5950000286102295,2.5999999046325684,5258,0.0,0.0,AFCG,5m
2026-03-13 11:25:00-04:00,2.6098999977111816,2.6098999977111816,2.6098999977111816,2.6098999977111816,1000,0.0,0.0,AFCG,5m
2026-03-13 11:30:00-04:00,2.6050000190734863,2.6187000274658203,2.6050000190734863,2.6187000274658203,1443,0.0,0.0,AFCG,5m
2026-03-13 11:35:00-04:00,2.609999895095825,2.609999895095825,2.609999895095825,2.609999895095825,300,0.0,0.0,AFCG,5m
2026-03-13 11:40:00-04:00,2.615000009536743,2.6187000274658203,2.615000009536743,2.6187000274658203,900,0.0,0.0,AFCG,5m
2026-03-13 11:45:00-04:00,2.619999885559082,2.619999885559082,2.619999885559082,2.619999885559082,343,0.0,0.0,AFCG,5m
2026-03-13 11:50:00-04:00,2.619800090789795,2.619999885559082,2.615000009536743,2.615000009536743,1765,0.0,0.0,AFCG,5m
2026-03-13 11:55:00-04:00,2.6198999881744385,2.619999885559082,2.615000009536743,2.6166000366210938,3103,0.0,0.0,AFCG,5m
2026-03-13 12:10:00-04:00,2.609999895095825,2.609999895095825,2.609999895095825,2.609999895095825,352,0.0,0.0,AFCG,5m
2026-03-13 12:20:00-04:00,2.619999885559082,2.625,2.6177000999450684,2.625,1545,0.0,0.0,AFCG,5m
2026-03-13 12:35:00-04:00,2.619999885559082,2.625,2.619999885559082,2.625,840,0.0,0.0,AFCG,5m
2026-03-13 12:55:00-04:00,2.615000009536743,2.615000009536743,2.615000009536743,2.615000009536743,183,0.0,0.0,AFCG,5m
2026-03-13 13:00:00-04:00,2.615000009536743,2.619999885559082,2.615000009536743,2.6166000366210938,2636,0.0,0.0,AFCG,5m
2026-03-13 13:05:00-04:00,2.619999885559082,2.619999885559082,2.5899999141693115,2.609999895095825,20849,0.0,0.0,AFCG,5m
2026-03-13 13:15:00-04:00,2.619999885559082,2.619999885559082,2.619999885559082,2.619999885559082,10494,0.0,0.0,AFCG,5m
2026-03-13 13:35:00-04:00,2.625,2.625,2.625,2.625,201,0.0,0.0,AFCG,5m
2026-03-13 13:45:00-04:00,2.6284000873565674,2.6284000873565674,2.6284000873565674,2.6284000873565674,264,0.0,0.0,AFCG,5m
2026-03-13 13:50:00-04:00,2.619999885559082,2.619999885559082,2.619999885559082,2.619999885559082,353,0.0,0.0,AFCG,5m
2026-03-13 14:05:00-04:00,2.5999999046325684,2.5999999046325684,2.5999999046325684,2.5999999046325684,6034,0.0,0.0,AFCG,5m
2026-03-13 14:15:00-04:00,2.6050000190734863,2.6098999977111816,2.6050000190734863,2.6098999977111816,4209,0.0,0.0,AFCG,5m
2026-03-13 14:20:00-04:00,2.606100082397461,2.609999895095825,2.6050000190734863,2.609999895095825,5087,0.0,0.0,AFCG,5m
2026-03-13 14:25:00-04:00,2.6166000366210938,2.6187000274658203,2.615000009536743,2.6187000274658203,1354,0.0,0.0,AFCG,5m
2026-03-13 14:50:00-04:00,2.619999885559082,2.630000114440918,2.619999885559082,2.630000114440918,1766,0.0,0.0,AFCG,5m
2026-03-13 14:55:00-04:00,2.634999990463257,2.640000104904175,2.634999990463257,2.640000104904175,1125,0.0,0.0,AFCG,5m
2026-03-13 15:05:00-04:00,2.640000104904175,2.640000104904175,2.640000104904175,2.640000104904175,1138,0.0,0.0,AFCG,5m
2026-03-13 15:10:00-04:00,2.6549999713897705,2.6649999618530273,2.6549999713897705,2.6649999618530273,5065,0.0,0.0,AFCG,5m
2026-03-13 15:15:00-04:00,2.6649999618530273,2.6700000762939453,2.6549999713897705,2.6600000858306885,7932,0.0,0.0,AFCG,5m
2026-03-13 15:20:00-04:00,2.6500000953674316,2.6500000953674316,2.6384999752044678,2.6384999752044678,2052,0.0,0.0,AFCG,5m
2026-03-13 15:30:00-04:00,2.630000114440918,2.630000114440918,2.630000114440918,2.630000114440918,554,0.0,0.0,AFCG,5m
2026-03-13 15:35:00-04:00,2.625,2.625,2.619999885559082,2.619999885559082,326,0.0,0.0,AFCG,5m
2026-03-13 15:40:00-04:00,2.624799966812134,2.624799966812134,2.624799966812134,2.624799966812134,386,0.0,0.0,AFCG,5m
2026-03-13 15:45:00-04:00,2.630000114440918,2.630000114440918,2.615000009536743,2.615000009536743,1991,0.0,0.0,AFCG,5m
2026-03-13 15:50:00-04:00,2.619800090789795,2.634999990463257,2.615000009536743,2.634999990463257,8711,0.0,0.0,AFCG,5m
2026-03-13 15:55:00-04:00,2.634999990463257,2.640000104904175,2.6138999462127686,2.640000104904175,12952,0.0,0.0,AFCG,5m
2026-03-16 09:30:00-04:00,2.630000114440918,2.630000114440918,2.5,2.5,25936,0.0,0.0,AFCG,5m
2026-03-16 09:35:00-04:00,2.5899999141693115,2.623500108718872,2.5850000381469727,2.623500108718872,7760,0.0,0.0,AFCG,5m
2026-03-16 09:40:00-04:00,2.63700008392334,2.63700008392334,2.619999885559082,2.619999885559082,697,0.0,0.0,AFCG,5m
2026-03-16 09:45:00-04:00,2.640000104904175,2.6500000953674316,2.609999895095825,2.609999895095825,4245,0.0,0.0,AFCG,5m
2026-03-16 09:55:00-04:00,2.630000114440918,2.6449999809265137,2.630000114440918,2.6449999809265137,807,0.0,0.0,AFCG,5m
2026-03-16 10:00:00-04:00,2.630000114440918,2.630000114440918,2.619999885559082,2.619999885559082,532,0.0,0.0,AFCG,5m
2026-03-16 10:05:00-04:00,2.630000114440918,2.630000114440918,2.630000114440918,2.630000114440918,336,0.0,0.0,AFCG,5m
2026-03-16 10:10:00-04:00,2.630000114440918,2.630000114440918,2.630000114440918,2.630000114440918,408,0.0,0.0,AFCG,5m
2026-03-16 10:15:00-04:00,2.619999885559082,2.619999885559082,2.6159000396728516,2.616300106048584,941,0.0,0.0,AFCG,5m
2026-03-16 10:20:00-04:00,2.615000009536743,2.615000009536743,2.615000009536743,2.615000009536743,350,0.0,0.0,AFCG,5m
2026-03-16 10:25:00-04:00,2.615000009536743,2.617500066757202,2.615000009536743,2.617500066757202,400,0.0,0.0,AFCG,5m
2026-03-16 10:30:00-04:00,2.610100030899048,2.610100030899048,2.6050000190734863,2.6050000190734863,487,0.0,0.0,AFCG,5m
2026-03-16 10:35:00-04:00,2.5999999046325684,2.5999999046325684,2.5999999046325684,2.5999999046325684,369,0.0,0.0,AFCG,5m
2026-03-16 10:45:00-04:00,2.5999999046325684,2.609999895095825,2.5950000286102295,2.609999895095825,772,0.0,0.0,AFCG,5m
2026-03-16 10:50:00-04:00,2.609999895095825,2.609999895095825,2.5999999046325684,2.6050000190734863,1401,0.0,0.0,AFCG,5m
2026-03-16 11:00:00-04:00,2.6112000942230225,2.6112000942230225,2.6112000942230225,2.6112000942230225,239,0.0,0.0,AFCG,5m
2026-03-16 11:05:00-04:00,2.6101999282836914,2.6101999282836914,2.5850000381469727,2.5850000381469727,8704,0.0,0.0,AFCG,5m
2026-03-16 11:10:00-04:00,2.5850000381469727,2.5999999046325684,2.5850000381469727,2.5999999046325684,5717,0.0,0.0,AFCG,5m
2026-03-16 11:15:00-04:00,2.5999999046325684,2.600100040435791,2.5899999141693115,2.600100040435791,5372,0.0,0.0,AFCG,5m
2026-03-16 11:25:00-04:00,2.600800037384033,2.600800037384033,2.5899999141693115,2.5899999141693115,4981,0.0,0.0,AFCG,5m
2026-03-16 11:30:00-04:00,2.5950000286102295,2.6098999977111816,2.5950000286102295,2.6098999977111816,1615,0.0,0.0,AFCG,5m
2026-03-16 11:35:00-04:00,2.6059999465942383,2.6059999465942383,2.6059999465942383,2.6059999465942383,561,0.0,0.0,AFCG,5m
2026-03-16 11:40:00-04:00,2.5999999046325684,2.5999999046325684,2.5999999046325684,2.5999999046325684,743,0.0,0.0,AFCG,5m
2026-03-16 11:45:00-04:00,2.6050000190734863,2.6050000190734863,2.6050000190734863,2.6050000190734863,735,0.0,0.0,AFCG,5m
2026-03-16 11:50:00-04:00,2.5999999046325684,2.609999895095825,2.5999999046325684,2.6064999103546143,23886,0.0,0.0,AFCG,5m
2026-03-16 11:55:00-04:00,2.6050000190734863,2.609999895095825,2.5999999046325684,2.609999895095825,0,0.0,0.0,AFCG,5m
2026-03-16 12:00:00-04:00,2.59660005569458,2.59660005569458,2.59660005569458,2.59660005569458,160,0.0,0.0,AFCG,5m
2026-03-16 12:05:00-04:00,2.5998001098632812,2.5999999046325684,2.5850000381469727,2.5999999046325684,8103,0.0,0.0,AFCG,5m
2026-03-16 12:10:00-04:00,2.6050000190734863,2.609999895095825,2.5999999046325684,2.606600046157837,11258,0.0,0.0,AFCG,5m
2026-03-16 12:20:00-04:00,2.609999895095825,2.609999895095825,2.609999895095825,2.609999895095825,265,0.0,0.0,AFCG,5m
2026-03-16 12:30:00-04:00,2.5999999046325684,2.5999999046325684,2.5999999046325684,2.5999999046325684,159,0.0,0.0,AFCG,5m
2026-03-16 12:35:00-04:00,2.6050000190734863,2.6050000190734863,2.6012001037597656,2.6050000190734863,2205,0.0,0.0,AFCG,5m
2026-03-16 12:40:00-04:00,2.5999999046325684,2.5999999046325684,2.5999999046325684,2.5999999046325684,314,0.0,0.0,AFCG,5m
2026-03-16 12:45:00-04:00,2.5999999046325684,2.6050000190734863,2.5950000286102295,2.5999999046325684,9913,0.0,0.0,AFCG,5m
2026-03-16 12:50:00-04:00,2.5999999046325684,2.615000009536743,2.5999999046325684,2.615000009536743,5044,0.0,0.0,AFCG,5m
2026-03-16 13:00:00-04:00,2.609999895095825,2.609999895095825,2.609999895095825,2.609999895095825,100,0.0,0.0,AFCG,5m
2026-03-16 13:05:00-04:00,2.6171998977661133,2.6171998977661133,2.6171998977661133,2.6171998977661133,443,0.0,0.0,AFCG,5m
2026-03-16 13:15:00-04:00,2.610100030899048,2.6189000606536865,2.610100030899048,2.6189000606536865,1855,0.0,0.0,AFCG,5m
2026-03-16 13:20:00-04:00,2.609999895095825,2.609999895095825,2.609999895095825,2.609999895095825,164,0.0,0.0,AFCG,5m
2026-03-16 13:35:00-04:00,2.5999999046325684,2.5999999046325684,2.5999999046325684,2.5999999046325684,303,0.0,0.0,AFCG,5m
2026-03-16 13:45:00-04:00,2.6085000038146973,2.609999895095825,2.6085000038146973,2.609999895095825,672,0.0,0.0,AFCG,5m
2026-03-16 13:50:00-04:00,2.609999895095825,2.609999895095825,2.609999895095825,2.609999895095825,23446,0.0,0.0,AFCG,5m
2026-03-16 13:55:00-04:00,2.5999999046325684,2.609999895095825,2.5999999046325684,2.609999895095825,0,0.0,0.0,AFCG,5m
2026-03-16 14:10:00-04:00,2.615000009536743,2.619999885559082,2.615000009536743,2.6166000366210938,4732,0.0,0.0,AFCG,5m
2026-03-16 14:20:00-04:00,2.630000114440918,2.630000114440918,2.630000114440918,2.630000114440918,534,0.0,0.0,AFCG,5m
2026-03-16 14:25:00-04:00,2.6205999851226807,2.6205999851226807,2.619999885559082,2.619999885559082,315,0.0,0.0,AFCG,5m
2026-03-16 14:30:00-04:00,2.619999885559082,2.619999885559082,2.615000009536743,2.615000009536743,1449,0.0,0.0,AFCG,5m
2026-03-16 14:40:00-04:00,2.619999885559082,2.619999885559082,2.615000009536743,2.615000009536743,1090,0.0,0.0,AFCG,5m
2026-03-16 14:50:00-04:00,2.609999895095825,2.609999895095825,2.6084001064300537,2.6084001064300537,340,0.0,0.0,AFCG,5m
2026-03-16 14:55:00-04:00,2.6050000190734863,2.6050000190734863,2.6050000190734863,2.6050000190734863,3562,0.0,0.0,AFCG,5m
2026-03-16 15:10:00-04:00,2.615000009536743,2.619999885559082,2.615000009536743,2.619999885559082,532,0.0,0.0,AFCG,5m
2026-03-16 15:15:00-04:00,2.619999885559082,2.619999885559082,2.619999885559082,2.619999885559082,366,0.0,0.0,AFCG,5m
2026-03-16 15:25:00-04:00,2.619999885559082,2.619999885559082,2.619999885559082,2.619999885559082,224,0.0,0.0,AFCG,5m
2026-03-16 15:30:00-04:00,2.619999885559082,2.619999885559082,2.619999885559082,2.619999885559082,799,0.0,0.0,AFCG,5m
2026-03-16 15:35:00-04:00,2.619999885559082,2.619999885559082,2.609999895095825,2.609999895095825,760,0.0,0.0,AFCG,5m
2026-03-16 15:40:00-04:00,2.609999895095825,2.609999895095825,2.5950000286102295,2.5999999046325684,2999,0.0,0.0,AFCG,5m
2026-03-16 15:45:00-04:00,2.609999895095825,2.615000009536743,2.609999895095825,2.609999895095825,2426,0.0,0.0,AFCG,5m
2026-03-16 15:50:00-04:00,2.6001999378204346,2.609999895095825,2.5999999046325684,2.6098999977111816,12755,0.0,0.0,AFCG,5m
2026-03-16 15:55:00-04:00,2.6050000190734863,2.615000009536743,2.5999999046325684,2.5999999046325684,11660,0.0,0.0,AFCG,5m
2026-03-17 09:30:00-04:00,2.6500000953674316,2.6500000953674316,2.6184000968933105,2.6449999809265137,10111,0.0,0.0,AFCG,5m
2026-03-17 09:35:00-04:00,2.6505000591278076,2.6505000591278076,2.630000114440918,2.630000114440918,912,0.0,0.0,AFCG,5m
2026-03-17 09:40:00-04:00,2.6449999809265137,2.6449999809265137,2.6440999507904053,2.6440999507904053,766,0.0,0.0,AFCG,5m
2026-03-17 09:45:00-04:00,2.640000104904175,2.6791999340057373,2.640000104904175,2.6791999340057373,1995,0.0,0.0,AFCG,5m
2026-03-17 09:50:00-04:00,2.679500102996826,2.700000047683716,2.679500102996826,2.6837000846862793,2101,0.0,0.0,AFCG,5m
2026-03-17 09:55:00-04:00,2.690000057220459,2.700000047683716,2.690000057220459,2.700000047683716,787,0.0,0.0,AFCG,5m
2026-03-17 10:00:00-04:00,2.7100000381469727,2.7100000381469727,2.6900999546051025,2.700000047683716,2167,0.0,0.0,AFCG,5m
2026-03-17 10:05:00-04:00,2.7100000381469727,2.734999895095825,2.7100000381469727,2.7200000286102295,4002,0.0,0.0,AFCG,5m
2026-03-17 10:10:00-04:00,2.720099925994873,2.720099925994873,2.7200000286102295,2.7200000286102295,761,0.0,0.0,AFCG,5m
2026-03-17 10:15:00-04:00,2.7149999141693115,2.7200000286102295,2.710099935531616,2.7200000286102295,746,0.0,0.0,AFCG,5m
2026-03-17 10:20:00-04:00,2.7249999046325684,2.7249999046325684,2.7100000381469727,2.7100000381469727,2142,0.0,0.0,AFCG,5m
2026-03-17 10:30:00-04:00,2.7249999046325684,2.740000009536743,2.7200000286102295,2.740000009536743,2276,0.0,0.0,AFCG,5m
2026-03-17 10:35:00-04:00,2.7300000190734863,2.740000009536743,2.7200000286102295,2.7200000286102295,4250,0.0,0.0,AFCG,5m
2026-03-17 10:40:00-04:00,2.7249999046325684,2.75,2.7249999046325684,2.75,1725,0.0,0.0,AFCG,5m
2026-03-17 10:45:00-04:00,2.734999895095825,2.734999895095825,2.734999895095825,2.734999895095825,305,0.0,0.0,AFCG,5m
2026-03-17 10:50:00-04:00,2.7300000190734863,2.7300000190734863,2.7300000190734863,2.7300000190734863,704,0.0,0.0,AFCG,5m
2026-03-17 10:55:00-04:00,2.740000009536743,2.740000009536743,2.740000009536743,2.740000009536743,495,0.0,0.0,AFCG,5m
2026-03-17 11:05:00-04:00,2.7302000522613525,2.7302000522613525,2.7302000522613525,2.7302000522613525,258,0.0,0.0,AFCG,5m
2026-03-17 11:10:00-04:00,2.7300000190734863,2.7300000190734863,2.694999933242798,2.694999933242798,2736,0.0,0.0,AFCG,5m
2026-03-17 11:15:00-04:00,2.700000047683716,2.700000047683716,2.690000057220459,2.690000057220459,598,0.0,0.0,AFCG,5m
2026-03-17 11:20:00-04:00,2.700000047683716,2.7200000286102295,2.700000047683716,2.700000047683716,1891,0.0,0.0,AFCG,5m
2026-03-17 11:25:00-04:00,2.7200000286102295,2.720099925994873,2.7200000286102295,2.720099925994873,699,0.0,0.0,AFCG,5m
2026-03-17 11:30:00-04:00,2.720099925994873,2.7249999046325684,2.7149999141693115,2.7149999141693115,684,0.0,0.0,AFCG,5m
2026-03-17 11:35:00-04:00,2.7100000381469727,2.7149999141693115,2.7100000381469727,2.7100000381469727,2846,0.0,0.0,AFCG,5m
2026-03-17 11:40:00-04:00,2.7139999866485596,2.7139999866485596,2.7139999866485596,2.7139999866485596,217,0.0,0.0,AFCG,5m
2026-03-17 11:45:00-04:00,2.7149999141693115,2.7149999141693115,2.7100000381469727,2.7135000228881836,1636,0.0,0.0,AFCG,5m
2026-03-17 11:50:00-04:00,2.710099935531616,2.718899965286255,2.7049999237060547,2.7100000381469727,3597,0.0,0.0,AFCG,5m
2026-03-17 11:55:00-04:00,2.7100000381469727,2.7177999019622803,2.7049999237060547,2.7049999237060547,1070,0.0,0.0,AFCG,5m
2026-03-17 12:00:00-04:00,2.708400011062622,2.708400011062622,2.708400011062622,2.708400011062622,239,0.0,0.0,AFCG,5m
2026-03-17 12:05:00-04:00,2.7049999237060547,2.7100000381469727,2.7049999237060547,2.7049999237060547,19117,0.0,0.0,AFCG,5m
2026-03-17 12:10:00-04:00,2.703399896621704,2.7049999237060547,2.700000047683716,2.700000047683716,0,0.0,0.0,AFCG,5m
2026-03-17 12:15:00-04:00,2.700000047683716,2.7049999237060547,2.700000047683716,2.7039999961853027,1180,0.0,0.0,AFCG,5m
2026-03-17 12:20:00-04:00,2.7000999450683594,2.7049999237060547,2.7000999450683594,2.7039999961853027,712,0.0,0.0,AFCG,5m
2026-03-17 12:25:00-04:00,2.7049999237060547,2.7049999237060547,2.700000047683716,2.700000047683716,1851,0.0,0.0,AFCG,5m
2026-03-17 12:30:00-04:00,2.700000047683716,2.700000047683716,2.700000047683716,2.700000047683716,3850,0.0,0.0,AFCG,5m
2026-03-17 12:35:00-04:00,2.700000047683716,2.700000047683716,2.700000047683716,2.700000047683716,24855,0.0,0.0,AFCG,5m
2026-03-17 12:40:00-04:00,2.7049999237060547,2.7049999237060547,2.700000047683716,2.700000047683716,0,0.0,0.0,AFCG,5m
2026-03-17 12:45:00-04:00,2.7054998874664307,2.7100000381469727,2.7054998874664307,2.7100000381469727,476,0.0,0.0,AFCG,5m
2026-03-17 12:55:00-04:00,2.7149999141693115,2.7149999141693115,2.7049999237060547,2.7100000381469727,4247,0.0,0.0,AFCG,5m
2026-03-17 13:00:00-04:00,2.7172999382019043,2.7200000286102295,2.7172999382019043,2.7200000286102295,470,0.0,0.0,AFCG,5m
2026-03-17 13:05:00-04:00,2.7200000286102295,2.7200000286102295,2.7200000286102295,2.7200000286102295,2000,0.0,0.0,AFCG,5m
2026-03-17 13:10:00-04:00,2.7209999561309814,2.7209999561309814,2.7200000286102295,2.7200000286102295,0,0.0,0.0,AFCG,5m
2026-03-17 13:25:00-04:00,2.7200000286102295,2.7200000286102295,2.7100000381469727,2.7100000381469727,3810,0.0,0.0,AFCG,5m
2026-03-17 13:30:00-04:00,2.710099935531616,2.710099935531616,2.710099935531616,2.710099935531616,400,0.0,0.0,AFCG,5m
2026-03-17 13:35:00-04:00,2.7118000984191895,2.7118000984191895,2.7118000984191895,2.7118000984191895,604,0.0,0.0,AFCG,5m
2026-03-17 13:45:00-04:00,2.7149999141693115,2.7177999019622803,2.7135000228881836,2.7149999141693115,2209,0.0,0.0,AFCG,5m
2026-03-17 13:50:00-04:00,2.7100000381469727,2.7200000286102295,2.7100000381469727,2.7200000286102295,876,0.0,0.0,AFCG,5m
2026-03-17 13:55:00-04:00,2.7200000286102295,2.7200000286102295,2.7149999141693115,2.7149999141693115,734,0.0,0.0,AFCG,5m
2026-03-17 14:00:00-04:00,2.7200000286102295,2.7200000286102295,2.718600034713745,2.7186999320983887,582,0.0,0.0,AFCG,5m
2026-03-17 14:05:00-04:00,2.7149999141693115,2.7149999141693115,2.7149999141693115,2.7149999141693115,1821,0.0,0.0,AFCG,5m
2026-03-17 14:10:00-04:00,2.7130000591278076,2.719899892807007,2.7130000591278076,2.719899892807007,678,0.0,0.0,AFCG,5m
2026-03-17 14:20:00-04:00,2.7100000381469727,2.7149999141693115,2.7100000381469727,2.7149999141693115,260,0.0,0.0,AFCG,5m
2026-03-17 14:25:00-04:00,2.7149999141693115,2.7149999141693115,2.700000047683716,2.700000047683716,18319,0.0,0.0,AFCG,5m
2026-03-17 14:30:00-04:00,2.691699981689453,2.691699981689453,2.680000066757202,2.680000066757202,1305,0.0,0.0,AFCG,5m
2026-03-17 14:40:00-04:00,2.680000066757202,2.684999942779541,2.680000066757202,2.684999942779541,714,0.0,0.0,AFCG,5m
2026-03-17 14:45:00-04:00,2.690000057220459,2.6933999061584473,2.690000057220459,2.6933999061584473,2836,0.0,0.0,AFCG,5m
2026-03-17 14:50:00-04:00,2.694999933242798,2.694999933242798,2.684999942779541,2.684999942779541,2739,0.0,0.0,AFCG,5m
2026-03-17 14:55:00-04:00,2.684999942779541,2.684999942779541,2.684999942779541,2.684999942779541,129,0.0,0.0,AFCG,5m
2026-03-17 15:00:00-04:00,2.684999942779541,2.684999942779541,2.684999942779541,2.684999942779541,195,0.0,0.0,AFCG,5m
2026-03-17 15:05:00-04:00,2.680000066757202,2.680000066757202,2.663300037384033,2.6659998893737793,1125,0.0,0.0,AFCG,5m
2026-03-17 15:10:00-04:00,2.6649999618530273,2.6700000762939453,2.6649999618530273,2.6700000762939453,1001,0.0,0.0,AFCG,5m
2026-03-17 15:15:00-04:00,2.680000066757202,2.680000066757202,2.674999952316284,2.678999900817871,589,0.0,0.0,AFCG,5m
2026-03-17 15:20:00-04:00,2.674999952316284,2.674999952316284,2.674999952316284,2.674999952316284,733,0.0,0.0,AFCG,5m
2026-03-17 15:25:00-04:00,2.6798999309539795,2.680000066757202,2.674999952316284,2.680000066757202,1642,0.0,0.0,AFCG,5m
2026-03-17 15:30:00-04:00,2.6884000301361084,2.6884000301361084,2.684999942779541,2.684999942779541,325,0.0,0.0,AFCG,5m
2026-03-17 15:35:00-04:00,2.684999942779541,2.684999942779541,2.6700000762939453,2.6700000762939453,731,0.0,0.0,AFCG,5m
2026-03-17 15:40:00-04:00,2.6700000762939453,2.674999952316284,2.6700000762939453,2.6700000762939453,650,0.0,0.0,AFCG,5m
2026-03-17 15:45:00-04:00,2.6700000762939453,2.674999952316284,2.6700000762939453,2.674999952316284,1220,0.0,0.0,AFCG,5m
2026-03-17 15:50:00-04:00,2.680000066757202,2.690000057220459,2.674999952316284,2.684999942779541,46720,0.0,0.0,AFCG,5m
2026-03-17 15:55:00-04:00,2.684999942779541,2.684999942779541,2.670099973678589,2.680000066757202,0,0.0,0.0,AFCG,5m
2026-03-18 09:30:00-04:00,2.690000057220459,2.690000057220459,2.5999999046325684,2.639899969100952,4931,0.0,0.0,AFCG,5m
2026-03-18 09:35:00-04:00,2.5999999046325684,2.5999999046325684,2.5999999046325684,2.5999999046325684,200,0.0,0.0,AFCG,5m
2026-03-18 09:40:00-04:00,2.600100040435791,2.619999885559082,2.600100040435791,2.619999885559082,1106,0.0,0.0,AFCG,5m
2026-03-18 09:50:00-04:00,2.609999895095825,2.609999895095825,2.609999895095825,2.609999895095825,257,0.0,0.0,AFCG,5m
2026-03-18 09:55:00-04:00,2.610100030899048,2.610100030899048,2.610100030899048,2.610100030899048,1214,0.0,0.0,AFCG,5m
2026-03-18 10:00:00-04:00,2.609999895095825,2.609999895095825,2.609999895095825,2.609999895095825,881,0.0,0.0,AFCG,5m
2026-03-18 10:05:00-04:00,2.614000082015991,2.614000082015991,2.614000082015991,2.614000082015991,298,0.0,0.0,AFCG,5m
2026-03-18 10:10:00-04:00,2.6050000190734863,2.6075000762939453,2.5959999561309814,2.5959999561309814,3638,0.0,0.0,AFCG,5m
2026-03-18 10:15:00-04:00,2.5950000286102295,2.609999895095825,2.5950000286102295,2.609999895095825,5500,0.0,0.0,AFCG,5m
2026-03-18 10:25:00-04:00,2.6050000190734863,2.6050000190734863,2.590100049972534,2.5950000286102295,7392,0.0,0.0,AFCG,5m
2026-03-18 10:30:00-04:00,2.5959999561309814,2.6050000190734863,2.5950000286102295,2.6050000190734863,3903,0.0,0.0,AFCG,5m
2026-03-18 10:35:00-04:00,2.609999895095825,2.609999895095825,2.609999895095825,2.609999895095825,354,0.0,0.0,AFCG,5m
2026-03-18 10:40:00-04:00,2.6050000190734863,2.6050000190734863,2.6001999378204346,2.6001999378204346,718,0.0,0.0,AFCG,5m
2026-03-18 10:50:00-04:00,2.6050000190734863,2.609999895095825,2.6050000190734863,2.6050000190734863,301,0.0,0.0,AFCG,5m
2026-03-18 10:55:00-04:00,2.6050000190734863,2.615000009536743,2.6050000190734863,2.615000009536743,994,0.0,0.0,AFCG,5m
2026-03-18 11:00:00-04:00,2.619999885559082,2.619999885559082,2.619999885559082,2.619999885559082,317,0.0,0.0,AFCG,5m
2026-03-18 11:05:00-04:00,2.619999885559082,2.625,2.619999885559082,2.625,2902,0.0,0.0,AFCG,5m
2026-03-18 11:30:00-04:00,2.625,2.625,2.625,2.625,159,0.0,0.0,AFCG,5m
2026-03-18 11:40:00-04:00,2.622499942779541,2.622499942779541,2.622499942779541,2.622499942779541,548,0.0,0.0,AFCG,5m
2026-03-18 11:45:00-04:00,2.615000009536743,2.615000009536743,2.5899999141693115,2.5999999046325684,14849,0.0,0.0,AFCG,5m
2026-03-18 11:50:00-04:00,2.5899999141693115,2.5899999141693115,2.559999942779541,2.559999942779541,11379,0.0,0.0,AFCG,5m
2026-03-18 11:55:00-04:00,2.559999942779541,2.559999942779541,2.559999942779541,2.559999942779541,715,0.0,0.0,AFCG,5m
2026-03-18 12:00:00-04:00,2.555000066757202,2.555000066757202,2.5299999713897705,2.549999952316284,2023,0.0,0.0,AFCG,5m
2026-03-18 12:05:00-04:00,2.555000066757202,2.555000066757202,2.555000066757202,2.555000066757202,3125,0.0,0.0,AFCG,5m
2026-03-18 12:10:00-04:00,2.555000066757202,2.5999999046325684,2.555000066757202,2.5999999046325684,10992,0.0,0.0,AFCG,5m
2026-03-18 12:15:00-04:00,2.5950000286102295,2.5950000286102295,2.5920000076293945,2.5920000076293945,1167,0.0,0.0,AFCG,5m
2026-03-18 12:20:00-04:00,2.5950000286102295,2.5999999046325684,2.5950000286102295,2.5999999046325684,1636,0.0,0.0,AFCG,5m
2026-03-18 12:40:00-04:00,2.5999999046325684,2.5999999046325684,2.599900007247925,2.5999999046325684,896,0.0,0.0,AFCG,5m
2026-03-18 12:50:00-04:00,2.6034998893737793,2.6034998893737793,2.6034998893737793,2.6034998893737793,685,0.0,0.0,AFCG,5m
2026-03-18 12:55:00-04:00,2.6050000190734863,2.6050000190734863,2.6050000190734863,2.6050000190734863,329,0.0,0.0,AFCG,5m
2026-03-18 13:05:00-04:00,2.6050000190734863,2.6050000190734863,2.601599931716919,2.601599931716919,1723,0.0,0.0,AFCG,5m
2026-03-18 13:10:00-04:00,2.6050000190734863,2.609999895095825,2.6050000190734863,2.609999895095825,754,0.0,0.0,AFCG,5m
2026-03-18 13:15:00-04:00,2.615000009536743,2.615000009536743,2.609999895095825,2.609999895095825,606,0.0,0.0,AFCG,5m
2026-03-18 13:20:00-04:00,2.6171998977661133,2.6171998977661133,2.615499973297119,2.615499973297119,707,0.0,0.0,AFCG,5m
2026-03-18 13:40:00-04:00,2.615000009536743,2.6198999881744385,2.615000009536743,2.6198999881744385,583,0.0,0.0,AFCG,5m
2026-03-18 13:45:00-04:00,2.619999885559082,2.619999885559082,2.619999885559082,2.619999885559082,609,0.0,0.0,AFCG,5m
2026-03-18 13:55:00-04:00,2.615000009536743,2.615000009536743,2.615000009536743,2.615000009536743,638,0.0,0.0,AFCG,5m
2026-03-18 14:15:00-04:00,2.5999999046325684,2.5999999046325684,2.5950000286102295,2.5999999046325684,927,0.0,0.0,AFCG,5m
2026-03-18 14:20:00-04:00,2.5899999141693115,2.5899999141693115,2.569999933242798,2.5759999752044678,3528,0.0,0.0,AFCG,5m
2026-03-18 14:25:00-04:00,2.575000047683716,2.619999885559082,2.575000047683716,2.619999885559082,13979,0.0,0.0,AFCG,5m
2026-03-18 14:35:00-04:00,2.609999895095825,2.609999895095825,2.5999999046325684,2.5999999046325684,1467,0.0,0.0,AFCG,5m
2026-03-18 14:40:00-04:00,2.5899999141693115,2.5899999141693115,2.569999933242798,2.569999933242798,1543,0.0,0.0,AFCG,5m
2026-03-18 14:50:00-04:00,2.569999933242798,2.569999933242798,2.565000057220459,2.565000057220459,4007,0.0,0.0,AFCG,5m
2026-03-18 14:55:00-04:00,2.565000057220459,2.5999999046325684,2.565000057220459,2.5950000286102295,25813,0.0,0.0,AFCG,5m
2026-03-18 15:00:00-04:00,2.5999999046325684,2.5999999046325684,2.575000047683716,2.589900016784668,17107,0.0,0.0,AFCG,5m
2026-03-18 15:05:00-04:00,2.5850000381469727,2.5899999141693115,2.5850000381469727,2.5899999141693115,3606,0.0,0.0,AFCG,5m
2026-03-18 15:10:00-04:00,2.5899999141693115,2.615000009536743,2.5899999141693115,2.615000009536743,4294,0.0,0.0,AFCG,5m
2026-03-18 15:15:00-04:00,2.609999895095825,2.609999895095825,2.609999895095825,2.609999895095825,379,0.0,0.0,AFCG,5m
2026-03-18 15:25:00-04:00,2.609999895095825,2.609999895095825,2.609999895095825,2.609999895095825,501,0.0,0.0,AFCG,5m
2026-03-18 15:30:00-04:00,2.615000009536743,2.619999885559082,2.615000009536743,2.615000009536743,730,0.0,0.0,AFCG,5m
2026-03-18 15:35:00-04:00,2.615000009536743,2.615000009536743,2.615000009536743,2.615000009536743,215,0.0,0.0,AFCG,5m
2026-03-18 15:40:00-04:00,2.609999895095825,2.609999895095825,2.609999895095825,2.609999895095825,151,0.0,0.0,AFCG,5m
2026-03-18 15:45:00-04:00,2.609999895095825,2.615000009536743,2.6050000190734863,2.609999895095825,4141,0.0,0.0,AFCG,5m
2026-03-18 15:50:00-04:00,2.619999885559082,2.6649999618530273,2.619999885559082,2.6649999618530273,8919,0.0,0.0,AFCG,5m
2026-03-18 15:55:00-04:00,2.6600000858306885,2.674999952316284,2.619999885559082,2.674999952316284,10946,0.0,0.0,AFCG,5m
2026-03-19 09:30:00-04:00,2.619999885559082,2.619999885559082,2.5199999809265137,2.5199999809265137,5688,0.0,0.0,AFCG,5m
2026-03-19 09:35:00-04:00,2.5899999141693115,2.5899999141693115,2.549999952316284,2.569999933242798,4238,0.0,0.0,AFCG,5m
2026-03-19 09:40:00-04:00,2.5799999237060547,2.5799999237060547,2.5799999237060547,2.5799999237060547,175,0.0,0.0,AFCG,5m
2026-03-19 09:45:00-04:00,2.5999999046325684,2.5999999046325684,2.5799999237060547,2.5950000286102295,656,0.0,0.0,AFCG,5m
2026-03-19 09:50:00-04:00,2.5799999237060547,2.5799999237060547,2.569999933242798,2.5799999237060547,10298,0.0,0.0,AFCG,5m
2026-03-19 09:55:00-04:00,2.5999999046325684,2.5999999046325684,2.5999999046325684,2.5999999046325684,537,0.0,0.0,AFCG,5m
2026-03-19 10:00:00-04:00,2.609999895095825,2.609999895095825,2.5899999141693115,2.5899999141693115,1460,0.0,0.0,AFCG,5m
2026-03-19 10:05:00-04:00,2.5959999561309814,2.5959999561309814,2.5950000286102295,2.5959999561309814,2178,0.0,0.0,AFCG,5m
2026-03-19 10:10:00-04:00,2.5950000286102295,2.609999895095825,2.5950000286102295,2.5999999046325684,2358,0.0,0.0,AFCG,5m
2026-03-19 10:15:00-04:00,2.6050000190734863,2.6050000190734863,2.6050000190734863,2.6050000190734863,520,0.0,0.0,AFCG,5m
2026-03-19 10:20:00-04:00,2.596400022506714,2.5999999046325684,2.5899999141693115,2.5899999141693115,4538,0.0,0.0,AFCG,5m
2026-03-19 10:25:00-04:00,2.5950000286102295,2.609999895095825,2.5950000286102295,2.599900007247925,7903,0.0,0.0,AFCG,5m
2026-03-19 10:30:00-04:00,2.619999885559082,2.625999927520752,2.619999885559082,2.625999927520752,308,0.0,0.0,AFCG,5m
2026-03-19 10:35:00-04:00,2.630000114440918,2.630000114440918,2.6050000190734863,2.6050000190734863,2175,0.0,0.0,AFCG,5m
2026-03-19 10:45:00-04:00,2.609999895095825,2.609999895095825,2.609999895095825,2.609999895095825,1489,0.0,0.0,AFCG,5m
2026-03-19 10:50:00-04:00,2.5999999046325684,2.5999999046325684,2.5950000286102295,2.5950000286102295,208,0.0,0.0,AFCG,5m
2026-03-19 10:55:00-04:00,2.5850000381469727,2.5899999141693115,2.5850000381469727,2.5899999141693115,579,0.0,0.0,AFCG,5m
2026-03-19 11:00:00-04:00,2.5950000286102295,2.599900007247925,2.5950000286102295,2.5964999198913574,17680,0.0,0.0,AFCG,5m
2026-03-19 11:05:00-04:00,2.5950000286102295,2.609999895095825,2.5950000286102295,2.609999895095825,0,0.0,0.0,AFCG,5m
2026-03-19 11:10:00-04:00,2.608299970626831,2.608299970626831,2.601900100708008,2.601900100708008,462,0.0,0.0,AFCG,5m
2026-03-19 11:20:00-04:00,2.5999999046325684,2.5999999046325684,2.5899999141693115,2.598099946975708,11089,0.0,0.0,AFCG,5m
2026-03-19 11:25:00-04:00,2.5977001190185547,2.5977001190185547,2.5950000286102295,2.5950000286102295,2125,0.0,0.0,AFCG,5m
2026-03-19 11:30:00-04:00,2.5950000286102295,2.5999999046325684,2.5950000286102295,2.5999999046325684,3041,0.0,0.0,AFCG,5m
2026-03-19 11:35:00-04:00,2.5999999046325684,2.5999999046325684,2.5959999561309814,2.5999999046325684,1142,0.0,0.0,AFCG,5m
2026-03-19 11:45:00-04:00,2.6008999347686768,2.6008999347686768,2.6008999347686768,2.6008999347686768,507,0.0,0.0,AFCG,5m
2026-03-19 11:50:00-04:00,2.5999999046325684,2.5999999046325684,2.5899999141693115,2.5999999046325684,11849,0.0,0.0,AFCG,5m
2026-03-19 11:55:00-04:00,2.609999895095825,2.609999895095825,2.609999895095825,2.609999895095825,290,0.0,0.0,AFCG,5m
2026-03-19 12:00:00-04:00,2.619999885559082,2.619999885559082,2.619999885559082,2.619999885559082,296,0.0,0.0,AFCG,5m
2026-03-19 12:05:00-04:00,2.619999885559082,2.630000114440918,2.619999885559082,2.630000114440918,1947,0.0,0.0,AFCG,5m
2026-03-19 12:10:00-04:00,2.615000009536743,2.615000009536743,2.609999895095825,2.609999895095825,909,0.0,0.0,AFCG,5m
2026-03-19 12:15:00-04:00,2.5999999046325684,2.5999999046325684,2.5999999046325684,2.5999999046325684,139,0.0,0.0,AFCG,5m
2026-03-19 12:20:00-04:00,2.609999895095825,2.609999895095825,2.609999895095825,2.609999895095825,456,0.0,0.0,AFCG,5m
2026-03-19 12:30:00-04:00,2.6015000343322754,2.6015000343322754,2.6015000343322754,2.6015000343322754,275,0.0,0.0,AFCG,5m
2026-03-19 12:40:00-04:00,2.6050000190734863,2.6050000190734863,2.6050000190734863,2.6050000190734863,30045,0.0,0.0,AFCG,5m
2026-03-19 12:50:00-04:00,2.6050000190734863,2.609999895095825,2.5999999046325684,2.609999895095825,0,0.0,0.0,AFCG,5m
2026-03-19 12:55:00-04:00,2.609999895095825,2.609999895095825,2.6012001037597656,2.6012001037597656,740,0.0,0.0,AFCG,5m
2026-03-19 13:00:00-04:00,2.6050000190734863,2.6050000190734863,2.6050000190734863,2.6050000190734863,593,0.0,0.0,AFCG,5m
2026-03-19 13:05:00-04:00,2.5999999046325684,2.6050000190734863,2.5950000286102295,2.5999999046325684,2651,0.0,0.0,AFCG,5m
2026-03-19 13:10:00-04:00,2.5950000286102295,2.5999999046325684,2.5950000286102295,2.5999999046325684,5080,0.0,0.0,AFCG,5m
2026-03-19 13:15:00-04:00,2.609999895095825,2.609999895095825,2.6045000553131104,2.609999895095825,2533,0.0,0.0,AFCG,5m
2026-03-19 13:20:00-04:00,2.609999895095825,2.609999895095825,2.609999895095825,2.609999895095825,329,0.0,0.0,AFCG,5m
2026-03-19 13:25:00-04:00,2.6050000190734863,2.6050000190734863,2.6050000190734863,2.6050000190734863,887,0.0,0.0,AFCG,5m
2026-03-19 13:55:00-04:00,2.5999999046325684,2.609999895095825,2.5850000381469727,2.609999895095825,8664,0.0,0.0,AFCG,5m
2026-03-19 14:05:00-04:00,2.609999895095825,2.615000009536743,2.5999999046325684,2.6050000190734863,3065,0.0,0.0,AFCG,5m
2026-03-19 14:10:00-04:00,2.5999999046325684,2.5999999046325684,2.5999999046325684,2.5999999046325684,240,0.0,0.0,AFCG,5m
2026-03-19 14:20:00-04:00,2.602299928665161,2.602299928665161,2.5899999141693115,2.5950000286102295,8452,0.0,0.0,AFCG,5m
2026-03-19 14:25:00-04:00,2.5959999561309814,2.6050000190734863,2.5899999141693115,2.5999999046325684,16173,0.0,0.0,AFCG,5m
2026-03-19 14:35:00-04:00,2.609999895095825,2.609999895095825,2.609999895095825,2.609999895095825,215,0.0,0.0,AFCG,5m
2026-03-19 14:40:00-04:00,2.615000009536743,2.615000009536743,2.6113998889923096,2.6113998889923096,540,0.0,0.0,AFCG,5m
2026-03-19 14:50:00-04:00,2.615000009536743,2.615000009536743,2.615000009536743,2.615000009536743,237,0.0,0.0,AFCG,5m
2026-03-19 14:55:00-04:00,2.619999885559082,2.6500000953674316,2.619999885559082,2.6500000953674316,1570,0.0,0.0,AFCG,5m
2026-03-19 15:00:00-04:00,2.6649999618530273,2.674999952316284,2.6649999618530273,2.6700000762939453,1066,0.0,0.0,AFCG,5m
2026-03-19 15:10:00-04:00,2.690000057220459,2.7049999237060547,2.690000057220459,2.697499990463257,1614,0.0,0.0,AFCG,5m
2026-03-19 15:20:00-04:00,2.690000057220459,2.690000057220459,2.690000057220459,2.690000057220459,870,0.0,0.0,AFCG,5m
2026-03-19 15:30:00-04:00,2.684999942779541,2.684999942779541,2.684999942779541,2.684999942779541,225,0.0,0.0,AFCG,5m
2026-03-19 15:35:00-04:00,2.690000057220459,2.690000057220459,2.690000057220459,2.690000057220459,755,0.0,0.0,AFCG,5m
2026-03-19 15:40:00-04:00,2.694999933242798,2.694999933242798,2.694999933242798,2.694999933242798,124,0.0,0.0,AFCG,5m
2026-03-19 15:45:00-04:00,2.694999933242798,2.694999933242798,2.690000057220459,2.694999933242798,451,0.0,0.0,AFCG,5m
2026-03-19 15:50:00-04:00,2.690000057220459,2.700000047683716,2.690000057220459,2.694999933242798,1999,0.0,0.0,AFCG,5m
2026-03-19 15:55:00-04:00,2.6970999240875244,2.7249999046325684,2.690000057220459,2.7249999046325684,7382,0.0,0.0,AFCG,5m
2026-03-20 09:30:00-04:00,2.7699999809265137,2.7699999809265137,2.700000047683716,2.700000047683716,11799,0.0,0.0,AFCG,5m
2026-03-20 09:35:00-04:00,2.7200000286102295,2.7200000286102295,2.6700000762939453,2.6700000762939453,1884,0.0,0.0,AFCG,5m
2026-03-20 09:40:00-04:00,2.6649999618530273,2.6700000762939453,2.6649999618530273,2.6700000762939453,1478,0.0,0.0,AFCG,5m
2026-03-20 09:55:00-04:00,2.6700000762939453,2.6700000762939453,2.6700000762939453,2.6700000762939453,225,0.0,0.0,AFCG,5m
2026-03-20 10:00:00-04:00,2.6549999713897705,2.6549999713897705,2.630000114440918,2.6301000118255615,5950,0.0,0.0,AFCG,5m
2026-03-20 10:05:00-04:00,2.649899959564209,2.6500000953674316,2.649899959564209,2.6500000953674316,1930,0.0,0.0,AFCG,5m
2026-03-20 10:15:00-04:00,2.6500000953674316,2.6500000953674316,2.6500000953674316,2.6500000953674316,938,0.0,0.0,AFCG,5m
2026-03-20 10:30:00-04:00,2.619999885559082,2.621999979019165,2.619999885559082,2.621999979019165,534,0.0,0.0,AFCG,5m
2026-03-20 10:35:00-04:00,2.625,2.625,2.619999885559082,2.619999885559082,611,0.0,0.0,AFCG,5m
2026-03-20 10:40:00-04:00,2.6110000610351562,2.6110000610351562,2.6110000610351562,2.6110000610351562,404,0.0,0.0,AFCG,5m
2026-03-20 10:45:00-04:00,2.609999895095825,2.615000009536743,2.609999895095825,2.615000009536743,3042,0.0,0.0,AFCG,5m
2026-03-20 10:50:00-04:00,2.609999895095825,2.609999895095825,2.6050000190734863,2.6050000190734863,2464,0.0,0.0,AFCG,5m
2026-03-20 10:55:00-04:00,2.5999999046325684,2.625,2.5999999046325684,2.6201000213623047,12939,0.0,0.0,AFCG,5m
2026-03-20 11:05:00-04:00,2.615000009536743,2.615000009536743,2.609999895095825,2.609999895095825,659,0.0,0.0,AFCG,5m
2026-03-20 11:10:00-04:00,2.615000009536743,2.615000009536743,2.615000009536743,2.615000009536743,1736,0.0,0.0,AFCG,5m
2026-03-20 11:15:00-04:00,2.6222000122070312,2.630000114440918,2.6222000122070312,2.6266000270843506,5004,0.0,0.0,AFCG,5m
2026-03-20 11:20:00-04:00,2.628999948501587,2.6500000953674316,2.628999948501587,2.6500000953674316,4359,0.0,0.0,AFCG,5m
2026-03-20 11:25:00-04:00,2.6449999809265137,2.649899959564209,2.634999990463257,2.634999990463257,1383,0.0,0.0,AFCG,5m
2026-03-20 11:30:00-04:00,2.639899969100952,2.659899950027466,2.639899969100952,2.656599998474121,2548,0.0,0.0,AFCG,5m
2026-03-20 11:35:00-04:00,2.6698999404907227,2.6698999404907227,2.6698999404907227,2.6698999404907227,192,0.0,0.0,AFCG,5m
2026-03-20 11:40:00-04:00,2.6649999618530273,2.6649999618530273,2.6649999618530273,2.6649999618530273,358,0.0,0.0,AFCG,5m
2026-03-20 11:45:00-04:00,2.6600000858306885,2.6600000858306885,2.6600000858306885,2.6600000858306885,1645,0.0,0.0,AFCG,5m
2026-03-20 11:50:00-04:00,2.6649999618530273,2.6649999618530273,2.6649999618530273,2.6649999618530273,115,0.0,0.0,AFCG,5m
2026-03-20 11:55:00-04:00,2.6600000858306885,2.6600000858306885,2.6600000858306885,2.6600000858306885,496,0.0,0.0,AFCG,5m
2026-03-20 12:10:00-04:00,2.6600000858306885,2.6600000858306885,2.6600000858306885,2.6600000858306885,580,0.0,0.0,AFCG,5m
2026-03-20 12:25:00-04:00,2.6649999618530273,2.6649999618530273,2.6649999618530273,2.6649999618530273,358,0.0,0.0,AFCG,5m
2026-03-20 12:30:00-04:00,2.6649999618530273,2.665299892425537,2.6649999618530273,2.6649999618530273,1078,0.0,0.0,AFCG,5m
2026-03-20 12:45:00-04:00,2.6649999618530273,2.6649999618530273,2.6649999618530273,2.6649999618530273,974,0.0,0.0,AFCG,5m
2026-03-20 13:00:00-04:00,2.6649999618530273,2.6649999618530273,2.6649999618530273,2.6649999618530273,1076,0.0,0.0,AFCG,5m
2026-03-20 13:05:00-04:00,2.6600000858306885,2.6600000858306885,2.6600000858306885,2.6600000858306885,3291,0.0,0.0,AFCG,5m
2026-03-20 13:10:00-04:00,2.6600000858306885,2.6600000858306885,2.6600000858306885,2.6600000858306885,863,0.0,0.0,AFCG,5m
2026-03-20 13:15:00-04:00,2.658900022506714,2.658900022506714,2.658900022506714,2.658900022506714,445,0.0,0.0,AFCG,5m
2026-03-20 13:25:00-04:00,2.6500000953674316,2.6549999713897705,2.6500000953674316,2.6549999713897705,1419,0.0,0.0,AFCG,5m
2026-03-20 13:30:00-04:00,2.6549999713897705,2.6549999713897705,2.640000104904175,2.640000104904175,2181,0.0,0.0,AFCG,5m
2026-03-20 13:40:00-04:00,2.6500000953674316,2.6500000953674316,2.640000104904175,2.640000104904175,2104,0.0,0.0,AFCG,5m
2026-03-20 13:55:00-04:00,2.6500000953674316,2.6600000858306885,2.649899959564209,2.6600000858306885,3749,0.0,0.0,AFCG,5m
2026-03-20 14:10:00-04:00,2.6649999618530273,2.6649999618530273,2.6649999618530273,2.6649999618530273,329,0.0,0.0,AFCG,5m
2026-03-20 14:15:00-04:00,2.6602001190185547,2.6686999797821045,2.6602001190185547,2.6686999797821045,816,0.0,0.0,AFCG,5m
2026-03-20 14:20:00-04:00,2.6649999618530273,2.6649999618530273,2.6649999618530273,2.6649999618530273,412,0.0,0.0,AFCG,5m
2026-03-20 14:30:00-04:00,2.6549999713897705,2.6549999713897705,2.6549999713897705,2.6549999713897705,205,0.0,0.0,AFCG,5m
2026-03-20 14:40:00-04:00,2.6500000953674316,2.6500000953674316,2.6500000953674316,2.6500000953674316,472,0.0,0.0,AFCG,5m
2026-03-20 14:45:00-04:00,2.6582999229431152,2.6582999229431152,2.6565001010894775,2.6565001010894775,1626,0.0,0.0,AFCG,5m
2026-03-20 14:50:00-04:00,2.6500000953674316,2.6500000953674316,2.6500000953674316,2.6500000953674316,7575,0.0,0.0,AFCG,5m
2026-03-20 14:55:00-04:00,2.6449999809265137,2.6449999809265137,2.6449999809265137,2.6449999809265137,323,0.0,0.0,AFCG,5m
2026-03-20 15:00:00-04:00,2.6449999809265137,2.6449999809265137,2.640000104904175,2.6449999809265137,838,0.0,0.0,AFCG,5m
2026-03-20 15:05:00-04:00,2.640000104904175,2.640000104904175,2.640000104904175,2.640000104904175,6725,0.0,0.0,AFCG,5m
2026-03-20 15:15:00-04:00,2.6449999809265137,2.6449999809265137,2.6449999809265137,2.6449999809265137,1012,0.0,0.0,AFCG,5m
2026-03-20 15:20:00-04:00,2.640000104904175,2.684999942779541,2.640000104904175,2.680000066757202,5335,0.0,0.0,AFCG,5m
2026-03-20 15:25:00-04:00,2.674999952316284,2.674999952316284,2.674999952316284,2.674999952316284,709,0.0,0.0,AFCG,5m
2026-03-20 15:30:00-04:00,2.674999952316284,2.674999952316284,2.6449999809265137,2.6449999809265137,5622,0.0,0.0,AFCG,5m
2026-03-20 15:35:00-04:00,2.640000104904175,2.640000104904175,2.640000104904175,2.640000104904175,277,0.0,0.0,AFCG,5m
2026-03-20 15:40:00-04:00,2.640000104904175,2.6449999809265137,2.640000104904175,2.6449999809265137,677,0.0,0.0,AFCG,5m
2026-03-20 15:45:00-04:00,2.6449999809265137,2.6449999809265137,2.640000104904175,2.640000104904175,1422,0.0,0.0,AFCG,5m
2026-03-20 15:50:00-04:00,2.640000104904175,2.640000104904175,2.4600000381469727,2.509999990463257,137715,0.0,0.0,AFCG,5m
2026-03-20 15:55:00-04:00,2.505000114440918,2.5850000381469727,2.4800000190734863,2.5399999618530273,229066,0.0,0.0,AFCG,5m
2026-03-23 09:30:00-04:00,2.640000104904175,2.6500000953674316,2.625,2.6500000953674316,28187,0.0,0.0,AFCG,5m
2026-03-23 09:40:00-04:00,2.5920000076293945,2.609999895095825,2.5920000076293945,2.5999999046325684,1440,0.0,0.0,AFCG,5m
2026-03-23 09:45:00-04:00,2.5999999046325684,2.5999999046325684,2.5999999046325684,2.5999999046325684,654,0.0,0.0,AFCG,5m
2026-03-23 09:55:00-04:00,2.5999999046325684,2.609999895095825,2.5799999237060547,2.609999895095825,5372,0.0,0.0,AFCG,5m
2026-03-23 10:00:00-04:00,2.609999895095825,2.609999895095825,2.609999895095825,2.609999895095825,2102,0.0,0.0,AFCG,5m
2026-03-23 10:15:00-04:00,2.609999895095825,2.619999885559082,2.609999895095825,2.619999885559082,1181,0.0,0.0,AFCG,5m
2026-03-23 10:20:00-04:00,2.630000114440918,2.630000114440918,2.6201000213623047,2.6201000213623047,308,0.0,0.0,AFCG,5m
2026-03-23 10:25:00-04:00,2.6201000213623047,2.6201000213623047,2.609999895095825,2.609999895095825,474,0.0,0.0,AFCG,5m
2026-03-23 10:30:00-04:00,2.6050000190734863,2.6050000190734863,2.6050000190734863,2.6050000190734863,701,0.0,0.0,AFCG,5m
2026-03-23 10:35:00-04:00,2.6050000190734863,2.6050000190734863,2.6050000190734863,2.6050000190734863,1444,0.0,0.0,AFCG,5m
2026-03-23 10:40:00-04:00,2.619999885559082,2.619999885559082,2.615000009536743,2.615000009536743,315,0.0,0.0,AFCG,5m
2026-03-23 10:45:00-04:00,2.619999885559082,2.630000114440918,2.619999885559082,2.630000114440918,945,0.0,0.0,AFCG,5m
2026-03-23 10:50:00-04:00,2.634999990463257,2.634999990463257,2.634999990463257,2.634999990463257,1014,0.0,0.0,AFCG,5m
2026-03-23 10:55:00-04:00,2.640000104904175,2.6500000953674316,2.640000104904175,2.6500000953674316,2425,0.0,0.0,AFCG,5m
2026-03-23 11:00:00-04:00,2.6600000858306885,2.6600000858306885,2.6600000858306885,2.6600000858306885,529,0.0,0.0,AFCG,5m
2026-03-23 11:05:00-04:00,2.6649999618530273,2.6649999618530273,2.6649999618530273,2.6649999618530273,200,0.0,0.0,AFCG,5m
2026-03-23 11:10:00-04:00,2.6649999618530273,2.6649999618530273,2.6649999618530273,2.6649999618530273,206,0.0,0.0,AFCG,5m
2026-03-23 11:15:00-04:00,2.6600000858306885,2.6600000858306885,2.6505000591278076,2.6505000591278076,424,0.0,0.0,AFCG,5m
2026-03-23 11:20:00-04:00,2.6500000953674316,2.6500000953674316,2.6449999809265137,2.6500000953674316,1223,0.0,0.0,AFCG,5m
2026-03-23 11:30:00-04:00,2.6500000953674316,2.6500000953674316,2.6500000953674316,2.6500000953674316,736,0.0,0.0,AFCG,5m
2026-03-23 11:40:00-04:00,2.640000104904175,2.640000104904175,2.6098999977111816,2.609999895095825,5113,0.0,0.0,AFCG,5m
2026-03-23 11:45:00-04:00,2.619999885559082,2.619999885559082,2.619999885559082,2.619999885559082,188,0.0,0.0,AFCG,5m
2026-03-23 11:50:00-04:00,2.609999895095825,2.609999895095825,2.609999895095825,2.609999895095825,662,0.0,0.0,AFCG,5m
2026-03-23 11:55:00-04:00,2.5998001098632812,2.5999999046325684,2.5950000286102295,2.5999999046325684,3669,0.0,0.0,AFCG,5m
2026-03-23 12:00:00-04:00,2.615000009536743,2.615000009536743,2.615000009536743,2.615000009536743,1720,0.0,0.0,AFCG,5m
2026-03-23 12:05:00-04:00,2.630000114440918,2.630000114440918,2.630000114440918,2.630000114440918,773,0.0,0.0,AFCG,5m
2026-03-23 12:15:00-04:00,2.6301000118255615,2.6301000118255615,2.6301000118255615,2.6301000118255615,507,0.0,0.0,AFCG,5m
2026-03-23 12:30:00-04:00,2.634999990463257,2.634999990463257,2.634999990463257,2.634999990463257,105,0.0,0.0,AFCG,5m
2026-03-23 12:40:00-04:00,2.6301000118255615,2.6301000118255615,2.6301000118255615,2.6301000118255615,376,0.0,0.0,AFCG,5m
2026-03-23 12:50:00-04:00,2.634999990463257,2.634999990463257,2.630000114440918,2.630000114440918,311,0.0,0.0,AFCG,5m
2026-03-23 12:55:00-04:00,2.6301000118255615,2.6301000118255615,2.609999895095825,2.609999895095825,1458,0.0,0.0,AFCG,5m
2026-03-23 13:00:00-04:00,2.615000009536743,2.615000009536743,2.5799999237060547,2.5999999046325684,18501,0.0,0.0,AFCG,5m
2026-03-23 13:05:00-04:00,2.6050000190734863,2.609999895095825,2.6050000190734863,2.609999895095825,1330,0.0,0.0,AFCG,5m
2026-03-23 13:10:00-04:00,2.609999895095825,2.615000009536743,2.609999895095825,2.615000009536743,990,0.0,0.0,AFCG,5m
2026-03-23 13:15:00-04:00,2.615000009536743,2.615000009536743,2.615000009536743,2.615000009536743,288,0.0,0.0,AFCG,5m
2026-03-23 13:25:00-04:00,2.611999988555908,2.615000009536743,2.611999988555908,2.615000009536743,593,0.0,0.0,AFCG,5m
2026-03-23 13:30:00-04:00,2.619999885559082,2.6549999713897705,2.619999885559082,2.6549999713897705,2664,0.0,0.0,AFCG,5m
2026-03-23 13:35:00-04:00,2.6600000858306885,2.6649999618530273,2.6600000858306885,2.6649999618530273,1449,0.0,0.0,AFCG,5m
2026-03-23 13:40:00-04:00,2.6649999618530273,2.6649999618530273,2.6549999713897705,2.6549999713897705,1907,0.0,0.0,AFCG,5m
2026-03-23 13:45:00-04:00,2.6500000953674316,2.6500000953674316,2.6500000953674316,2.6500000953674316,205,0.0,0.0,AFCG,5m
2026-03-23 13:50:00-04:00,2.6500000953674316,2.6549999713897705,2.6500000953674316,2.6549999713897705,1709,0.0,0.0,AFCG,5m
2026-03-23 13:55:00-04:00,2.6700000762939453,2.6700000762939453,2.6700000762939453,2.6700000762939453,215,0.0,0.0,AFCG,5m
2026-03-23 14:00:00-04:00,2.6649999618530273,2.6649999618530273,2.6649999618530273,2.6649999618530273,210,0.0,0.0,AFCG,5m
2026-03-23 14:05:00-04:00,2.6649999618530273,2.6649999618530273,2.6600000858306885,2.6600000858306885,500,0.0,0.0,AFCG,5m
2026-03-23 14:10:00-04:00,2.6549999713897705,2.6649999618530273,2.6549999713897705,2.6649999618530273,1700,0.0,0.0,AFCG,5m
2026-03-23 14:15:00-04:00,2.6700000762939453,2.6700000762939453,2.6700000762939453,2.6700000762939453,6538,0.0,0.0,AFCG,5m
2026-03-23 14:20:00-04:00,2.6602001190185547,2.6602001190185547,2.6500000953674316,2.6500000953674316,9092,0.0,0.0,AFCG,5m
2026-03-23 14:25:00-04:00,2.640000104904175,2.640000104904175,2.640000104904175,2.640000104904175,200,0.0,0.0,AFCG,5m
2026-03-23 14:30:00-04:00,2.640199899673462,2.6500000953674316,2.640000104904175,2.6500000953674316,2316,0.0,0.0,AFCG,5m
2026-03-23 14:35:00-04:00,2.6549999713897705,2.6549999713897705,2.6549999713897705,2.6549999713897705,2404,0.0,0.0,AFCG,5m
2026-03-23 14:45:00-04:00,2.6649999618530273,2.6649999618530273,2.6600000858306885,2.6600000858306885,650,0.0,0.0,AFCG,5m
2026-03-23 14:50:00-04:00,2.6549999713897705,2.6549999713897705,2.6500000953674316,2.6500000953674316,300,0.0,0.0,AFCG,5m
2026-03-23 14:55:00-04:00,2.6500000953674316,2.6500000953674316,2.6500000953674316,2.6500000953674316,738,0.0,0.0,AFCG,5m
2026-03-23 15:00:00-04:00,2.6519999504089355,2.6549999713897705,2.6500000953674316,2.6549999713897705,3321,0.0,0.0,AFCG,5m
2026-03-23 15:05:00-04:00,2.6500000953674316,2.6549999713897705,2.6500000953674316,2.6549999713897705,1088,0.0,0.0,AFCG,5m
2026-03-23 15:10:00-04:00,2.6500000953674316,2.655100107192993,2.625,2.625,8392,0.0,0.0,AFCG,5m
2026-03-23 15:15:00-04:00,2.619999885559082,2.619999885559082,2.619999885559082,2.619999885559082,300,0.0,0.0,AFCG,5m
2026-03-23 15:20:00-04:00,2.619999885559082,2.625,2.619999885559082,2.625,2193,0.0,0.0,AFCG,5m
2026-03-23 15:25:00-04:00,2.630000114440918,2.630000114440918,2.630000114440918,2.630000114440918,1299,0.0,0.0,AFCG,5m
2026-03-23 15:30:00-04:00,2.630000114440918,2.630000114440918,2.630000114440918,2.630000114440918,885,0.0,0.0,AFCG,5m
2026-03-23 15:35:00-04:00,2.634999990463257,2.634999990463257,2.634999990463257,2.634999990463257,44,0.0,0.0,AFCG,5m
2026-03-23 15:40:00-04:00,2.630000114440918,2.630000114440918,2.625,2.625,996,0.0,0.0,AFCG,5m
2026-03-23 15:45:00-04:00,2.619999885559082,2.619999885559082,2.619999885559082,2.619999885559082,1185,0.0,0.0,AFCG,5m
2026-03-23 15:50:00-04:00,2.6419999599456787,2.6500000953674316,2.634999990463257,2.6500000953674316,5168,0.0,0.0,AFCG,5m
2026-03-23 15:55:00-04:00,2.6649999618530273,2.694999933242798,2.6649999618530273,2.690000057220459,20401,0.0,0.0,AFCG,5m
2026-03-24 09:30:00-04:00,2.6600000858306885,2.6600000858306885,2.5999999046325684,2.5999999046325684,3136,0.0,0.0,AFCG,5m
2026-03-24 09:35:00-04:00,2.6500000953674316,2.6500000953674316,2.6500000953674316,2.6500000953674316,554,0.0,0.0,AFCG,5m
2026-03-24 09:40:00-04:00,2.640000104904175,2.640000104904175,2.6201000213623047,2.634999990463257,844,0.0,0.0,AFCG,5m
2026-03-24 09:50:00-04:00,2.609999895095825,2.609999895095825,2.609999895095825,2.609999895095825,1406,0.0,0.0,AFCG,5m
2026-03-24 10:00:00-04:00,2.6050000190734863,2.6050000190734863,2.5999999046325684,2.5999999046325684,1881,0.0,0.0,AFCG,5m
2026-03-24 10:05:00-04:00,2.6180999279022217,2.6180999279022217,2.6180999279022217,2.6180999279022217,1234,0.0,0.0,AFCG,5m
2026-03-24 10:10:00-04:00,2.5999999046325684,2.609999895095825,2.5999999046325684,2.609999895095825,807,0.0,0.0,AFCG,5m
2026-03-24 10:15:00-04:00,2.609999895095825,2.609999895095825,2.609999895095825,2.609999895095825,341,0.0,0.0,AFCG,5m
2026-03-24 10:20:00-04:00,2.619999885559082,2.630000114440918,2.619999885559082,2.630000114440918,668,0.0,0.0,AFCG,5m
2026-03-24 10:25:00-04:00,2.625,2.630000114440918,2.625,2.630000114440918,2670,0.0,0.0,AFCG,5m
2026-03-24 10:30:00-04:00,2.619999885559082,2.619999885559082,2.5999999046325684,2.5999999046325684,12431,0.0,0.0,AFCG,5m
2026-03-24 10:35:00-04:00,2.609999895095825,2.6303000450134277,2.609999895095825,2.6303000450134277,6048,0.0,0.0,AFCG,5m
2026-03-24 10:40:00-04:00,2.625,2.6298999786376953,2.625,2.6298999786376953,594,0.0,0.0,AFCG,5m
2026-03-24 10:45:00-04:00,2.625,2.630000114440918,2.625,2.625,3372,0.0,0.0,AFCG,5m
2026-03-24 10:50:00-04:00,2.640000104904175,2.640000104904175,2.640000104904175,2.640000104904175,2092,0.0,0.0,AFCG,5m
2026-03-24 10:55:00-04:00,2.640000104904175,2.6480000019073486,2.634999990463257,2.634999990463257,713,0.0,0.0,AFCG,5m
2026-03-24 11:00:00-04:00,2.640000104904175,2.640000104904175,2.640000104904175,2.640000104904175,932,0.0,0.0,AFCG,5m
2026-03-24 11:10:00-04:00,2.630000114440918,2.6301000118255615,2.630000114440918,2.630000114440918,2196,0.0,0.0,AFCG,5m
2026-03-24 11:15:00-04:00,2.625,2.625,2.625,2.625,1054,0.0,0.0,AFCG,5m
2026-03-24 11:20:00-04:00,2.634999990463257,2.634999990463257,2.634999990463257,2.634999990463257,4407,0.0,0.0,AFCG,5m
2026-03-24 11:25:00-04:00,2.640000104904175,2.640000104904175,2.640000104904175,2.640000104904175,685,0.0,0.0,AFCG,5m
2026-03-24 11:40:00-04:00,2.634999990463257,2.634999990463257,2.634999990463257,2.634999990463257,270,0.0,0.0,AFCG,5m
2026-03-24 11:45:00-04:00,2.634999990463257,2.6449999809265137,2.634999990463257,2.6449999809265137,2712,0.0,0.0,AFCG,5m
2026-03-24 11:50:00-04:00,2.6500000953674316,2.6600000858306885,2.6500000953674316,2.6600000858306885,2727,0.0,0.0,AFCG,5m
2026-03-24 11:55:00-04:00,2.6600000858306885,2.6600000858306885,2.6600000858306885,2.6600000858306885,166,0.0,0.0,AFCG,5m
2026-03-24 12:00:00-04:00,2.6500000953674316,2.6500000953674316,2.6475000381469727,2.6475000381469727,378,0.0,0.0,AFCG,5m
2026-03-24 12:05:00-04:00,2.6449999809265137,2.6449999809265137,2.6449999809265137,2.6449999809265137,172,0.0,0.0,AFCG,5m
2026-03-24 12:10:00-04:00,2.640000104904175,2.6449999809265137,2.640000104904175,2.6449999809265137,770,0.0,0.0,AFCG,5m
2026-03-24 12:20:00-04:00,2.640000104904175,2.6600000858306885,2.640000104904175,2.6600000858306885,1609,0.0,0.0,AFCG,5m
2026-03-24 12:25:00-04:00,2.6600000858306885,2.6600000858306885,2.6600000858306885,2.6600000858306885,469,0.0,0.0,AFCG,5m
2026-03-24 12:30:00-04:00,2.6649999618530273,2.6649999618530273,2.6649999618530273,2.6649999618530273,829,0.0,0.0,AFCG,5m
2026-03-24 12:35:00-04:00,2.6649999618530273,2.6698999404907227,2.6649999618530273,2.6649999618530273,2661,0.0,0.0,AFCG,5m
2026-03-24 12:40:00-04:00,2.6649999618530273,2.6649999618530273,2.6649999618530273,2.6649999618530273,495,0.0,0.0,AFCG,5m
2026-03-24 12:45:00-04:00,2.6600000858306885,2.6600000858306885,2.6600000858306885,2.6600000858306885,1966,0.0,0.0,AFCG,5m
2026-03-24 12:50:00-04:00,2.6549999713897705,2.6549999713897705,2.6549999713897705,2.6549999713897705,172,0.0,0.0,AFCG,5m
2026-03-24 12:55:00-04:00,2.6500000953674316,2.6500000953674316,2.640000104904175,2.6500000953674316,2260,0.0,0.0,AFCG,5m
2026-03-24 13:00:00-04:00,2.640000104904175,2.640000104904175,2.640000104904175,2.640000104904175,3681,0.0,0.0,AFCG,5m
2026-03-24 13:05:00-04:00,2.619999885559082,2.619999885559082,2.619999885559082,2.619999885559082,824,0.0,0.0,AFCG,5m
2026-03-24 13:10:00-04:00,2.625,2.625,2.625,2.625,376,0.0,0.0,AFCG,5m
2026-03-24 13:15:00-04:00,2.625,2.625,2.625,2.625,245,0.0,0.0,AFCG,5m
2026-03-24 13:20:00-04:00,2.630000114440918,2.630000114440918,2.630000114440918,2.630000114440918,620,0.0,0.0,AFCG,5m
2026-03-24 13:25:00-04:00,2.619999885559082,2.619999885559082,2.619999885559082,2.619999885559082,300,0.0,0.0,AFCG,5m
2026-03-24 13:30:00-04:00,2.625,2.625,2.625,2.625,116,0.0,0.0,AFCG,5m
2026-03-24 13:35:00-04:00,2.625,2.625,2.6212000846862793,2.6212000846862793,419,0.0,0.0,AFCG,5m
2026-03-24 13:40:00-04:00,2.619999885559082,2.619999885559082,2.619999885559082,2.619999885559082,230,0.0,0.0,AFCG,5m
2026-03-24 13:45:00-04:00,2.615000009536743,2.615000009536743,2.6050000190734863,2.6050000190734863,9215,0.0,0.0,AFCG,5m
2026-03-24 13:50:00-04:00,2.609999895095825,2.609999895095825,2.609999895095825,2.609999895095825,2484,0.0,0.0,AFCG,5m
2026-03-24 13:55:00-04:00,2.615000009536743,2.619999885559082,2.615000009536743,2.619999885559082,1788,0.0,0.0,AFCG,5m
2026-03-24 14:10:00-04:00,2.609999895095825,2.609999895095825,2.609999895095825,2.609999895095825,702,0.0,0.0,AFCG,5m
2026-03-24 14:15:00-04:00,2.615000009536743,2.619999885559082,2.615000009536743,2.619999885559082,874,0.0,0.0,AFCG,5m
2026-03-24 14:20:00-04:00,2.615000009536743,2.615000009536743,2.615000009536743,2.615000009536743,606,0.0,0.0,AFCG,5m
2026-03-24 14:25:00-04:00,2.615000009536743,2.619999885559082,2.615000009536743,2.619999885559082,1005,0.0,0.0,AFCG,5m
2026-03-24 14:30:00-04:00,2.625,2.630000114440918,2.625,2.630000114440918,804,0.0,0.0,AFCG,5m
2026-03-24 14:35:00-04:00,2.640000104904175,2.640000104904175,2.640000104904175,2.640000104904175,638,0.0,0.0,AFCG,5m
2026-03-24 14:40:00-04:00,2.640000104904175,2.640000104904175,2.640000104904175,2.640000104904175,2058,0.0,0.0,AFCG,5m
2026-03-24 14:45:00-04:00,2.640000104904175,2.640000104904175,2.6050000190734863,2.6078999042510986,8011,0.0,0.0,AFCG,5m
2026-03-24 14:50:00-04:00,2.6050000190734863,2.6050000190734863,2.6050000190734863,2.6050000190734863,1484,0.0,0.0,AFCG,5m
2026-03-24 14:55:00-04:00,2.609999895095825,2.609999895095825,2.609999895095825,2.609999895095825,564,0.0,0.0,AFCG,5m
2026-03-24 15:00:00-04:00,2.619999885559082,2.634999990463257,2.619999885559082,2.630000114440918,917,0.0,0.0,AFCG,5m
2026-03-24 15:10:00-04:00,2.625,2.625,2.615000009536743,2.615000009536743,3741,0.0,0.0,AFCG,5m
2026-03-24 15:15:00-04:00,2.609999895095825,2.609999895095825,2.609999895095825,2.609999895095825,439,0.0,0.0,AFCG,5m
2026-03-24 15:20:00-04:00,2.609999895095825,2.609999895095825,2.5899999141693115,2.5899999141693115,7934,0.0,0.0,AFCG,5m
2026-03-24 15:25:00-04:00,2.5950000286102295,2.615000009536743,2.5950000286102295,2.6050000190734863,24495,0.0,0.0,AFCG,5m
2026-03-24 15:30:00-04:00,2.6050000190734863,2.6050000190734863,2.569999933242798,2.575000047683716,9239,0.0,0.0,AFCG,5m
2026-03-24 15:35:00-04:00,2.569999933242798,2.5797998905181885,2.569999933242798,2.5797998905181885,2535,0.0,0.0,AFCG,5m
2026-03-24 15:40:00-04:00,2.575000047683716,2.6050000190734863,2.569999933242798,2.600100040435791,38803,0.0,0.0,AFCG,5m
2026-03-24 15:45:00-04:00,2.5950000286102295,2.6050000190734863,2.5899999141693115,2.5999999046325684,18492,0.0,0.0,AFCG,5m
2026-03-24 15:50:00-04:00,2.6050000190734863,2.630000114440918,2.5950000286102295,2.5999999046325684,20466,0.0,0.0,AFCG,5m
2026-03-24 15:55:00-04:00,2.5999999046325684,2.619999885559082,2.5850000381469727,2.6050000190734863,85859,0.0,0.0,AFCG,5m
2026-03-25 09:30:00-04:00,2.6449999809265137,2.6475000381469727,2.619999885559082,2.640000104904175,37136,0.0,0.0,AFCG,5m
2026-03-25 09:35:00-04:00,2.6500000953674316,2.674999952316284,2.6500000953674316,2.6600000858306885,5513,0.0,0.0,AFCG,5m
2026-03-25 09:45:00-04:00,2.6500000953674316,2.6500000953674316,2.6500000953674316,2.6500000953674316,2980,0.0,0.0,AFCG,5m
2026-03-25 09:50:00-04:00,2.619999885559082,2.619999885559082,2.615000009536743,2.615000009536743,2986,0.0,0.0,AFCG,5m
2026-03-25 09:55:00-04:00,2.615000009536743,2.630000114440918,2.615000009536743,2.630000114440918,5626,0.0,0.0,AFCG,5m
2026-03-25 10:00:00-04:00,2.615000009536743,2.640000104904175,2.615000009536743,2.640000104904175,2592,0.0,0.0,AFCG,5m
2026-03-25 10:05:00-04:00,2.630000114440918,2.6449999809265137,2.619999885559082,2.6449999809265137,16037,0.0,0.0,AFCG,5m
2026-03-25 10:10:00-04:00,2.6342999935150146,2.6549999713897705,2.6342999935150146,2.6549999713897705,4026,0.0,0.0,AFCG,5m
2026-03-25 10:15:00-04:00,2.6405999660491943,2.6500000953674316,2.6405999660491943,2.6449999809265137,5096,0.0,0.0,AFCG,5m
2026-03-25 10:20:00-04:00,2.6500000953674316,2.650099992752075,2.640000104904175,2.640000104904175,1193,0.0,0.0,AFCG,5m
2026-03-25 10:25:00-04:00,2.640000104904175,2.6449999809265137,2.640000104904175,2.6449999809265137,1732,0.0,0.0,AFCG,5m
2026-03-25 10:35:00-04:00,2.6600000858306885,2.674999952316284,2.6600000858306885,2.674999952316284,869,0.0,0.0,AFCG,5m
2026-03-25 10:40:00-04:00,2.6700000762939453,2.6700000762939453,2.6649999618530273,2.6649999618530273,2020,0.0,0.0,AFCG,5m
2026-03-25 10:45:00-04:00,2.6649999618530273,2.6649999618530273,2.6600000858306885,2.6600000858306885,2300,0.0,0.0,AFCG,5m
2026-03-25 10:55:00-04:00,2.6549999713897705,2.6600000858306885,2.6549999713897705,2.6600000858306885,746,0.0,0.0,AFCG,5m
2026-03-25 11:00:00-04:00,2.6549999713897705,2.6549999713897705,2.6549999713897705,2.6549999713897705,944,0.0,0.0,AFCG,5m
2026-03-25 11:05:00-04:00,2.650099992752075,2.6549999713897705,2.640000104904175,2.640000104904175,1772,0.0,0.0,AFCG,5m
2026-03-25 11:10:00-04:00,2.630000114440918,2.630000114440918,2.615000009536743,2.6150999069213867,4620,0.0,0.0,AFCG,5m
2026-03-25 11:15:00-04:00,2.609999895095825,2.615000009536743,2.609999895095825,2.615000009536743,1276,0.0,0.0,AFCG,5m
2026-03-25 11:20:00-04:00,2.619999885559082,2.619999885559082,2.619999885559082,2.619999885559082,1874,0.0,0.0,AFCG,5m
2026-03-25 11:30:00-04:00,2.630000114440918,2.6310999393463135,2.630000114440918,2.6310999393463135,711,0.0,0.0,AFCG,5m
2026-03-25 11:35:00-04:00,2.634999990463257,2.6500000953674316,2.634999990463257,2.640000104904175,4949,0.0,0.0,AFCG,5m
2026-03-25 11:40:00-04:00,2.634999990463257,2.640000104904175,2.634999990463257,2.640000104904175,1200,0.0,0.0,AFCG,5m
2026-03-25 11:45:00-04:00,2.63100004196167,2.6310999393463135,2.628999948501587,2.628999948501587,1223,0.0,0.0,AFCG,5m
2026-03-25 11:55:00-04:00,2.630000114440918,2.639899969100952,2.630000114440918,2.639899969100952,2305,0.0,0.0,AFCG,5m
2026-03-25 12:10:00-04:00,2.625,2.630000114440918,2.625,2.630000114440918,2896,0.0,0.0,AFCG,5m
2026-03-25 12:15:00-04:00,2.621999979019165,2.621999979019165,2.621999979019165,2.621999979019165,1219,0.0,0.0,AFCG,5m
2026-03-25 12:30:00-04:00,2.640000104904175,2.6549999713897705,2.640000104904175,2.6500000953674316,4930,0.0,0.0,AFCG,5m
2026-03-25 12:35:00-04:00,2.6500000953674316,2.6600000858306885,2.6401000022888184,2.6600000858306885,6593,0.0,0.0,AFCG,5m
2026-03-25 12:40:00-04:00,2.6700000762939453,2.680000066757202,2.6700000762939453,2.680000066757202,6199,0.0,0.0,AFCG,5m
2026-03-25 12:45:00-04:00,2.6800999641418457,2.684999942779541,2.6709001064300537,2.6709001064300537,4370,0.0,0.0,AFCG,5m
2026-03-25 12:50:00-04:00,2.680000066757202,2.680000066757202,2.680000066757202,2.680000066757202,129,0.0,0.0,AFCG,5m
2026-03-25 12:55:00-04:00,2.674999952316284,2.690000057220459,2.674999952316284,2.690000057220459,2277,0.0,0.0,AFCG,5m
2026-03-25 13:00:00-04:00,2.680000066757202,2.690000057220459,2.680000066757202,2.6800999641418457,3757,0.0,0.0,AFCG,5m
2026-03-25 13:05:00-04:00,2.680000066757202,2.680000066757202,2.6723999977111816,2.680000066757202,2101,0.0,0.0,AFCG,5m
2026-03-25 13:10:00-04:00,2.674999952316284,2.674999952316284,2.6649999618530273,2.6700000762939453,6555,0.0,0.0,AFCG,5m
2026-03-25 13:15:00-04:00,2.6649999618530273,2.6649999618530273,2.660099983215332,2.6649999618530273,900,0.0,0.0,AFCG,5m
2026-03-25 13:20:00-04:00,2.6649999618530273,2.6700000762939453,2.6500000953674316,2.6500000953674316,5388,0.0,0.0,AFCG,5m
2026-03-25 13:35:00-04:00,2.6600000858306885,2.6700000762939453,2.6600000858306885,2.6700000762939453,1493,0.0,0.0,AFCG,5m
2026-03-25 13:40:00-04:00,2.6700000762939453,2.670099973678589,2.6700000762939453,2.670099973678589,1191,0.0,0.0,AFCG,5m
2026-03-25 13:45:00-04:00,2.6600000858306885,2.6600000858306885,2.6600000858306885,2.6600000858306885,639,0.0,0.0,AFCG,5m
2026-03-25 13:55:00-04:00,2.6600000858306885,2.6600000858306885,2.6600000858306885,2.6600000858306885,284,0.0,0.0,AFCG,5m
2026-03-25 14:10:00-04:00,2.6549999713897705,2.6549999713897705,2.6549999713897705,2.6549999713897705,1093,0.0,0.0,AFCG,5m
2026-03-25 14:35:00-04:00,2.6500000953674316,2.6500000953674316,2.6500000953674316,2.6500000953674316,1296,0.0,0.0,AFCG,5m
2026-03-25 14:45:00-04:00,2.648200035095215,2.6549999713897705,2.648200035095215,2.6549999713897705,881,0.0,0.0,AFCG,5m
2026-03-25 14:50:00-04:00,2.6549999713897705,2.6549999713897705,2.6549999713897705,2.6549999713897705,483,0.0,0.0,AFCG,5m
2026-03-25 14:55:00-04:00,2.6500000953674316,2.6500000953674316,2.6500000953674316,2.6500000953674316,349,0.0,0.0,AFCG,5m
2026-03-25 15:05:00-04:00,2.6449999809265137,2.6449999809265137,2.6449999809265137,2.6449999809265137,205,0.0,0.0,AFCG,5m
2026-03-25 15:10:00-04:00,2.6500000953674316,2.6500000953674316,2.6500000953674316,2.6500000953674316,201,0.0,0.0,AFCG,5m
2026-03-25 15:25:00-04:00,2.6500000953674316,2.6500000953674316,2.6500000953674316,2.6500000953674316,293,0.0,0.0,AFCG,5m
2026-03-25 15:30:00-04:00,2.6500000953674316,2.6500000953674316,2.6500000953674316,2.6500000953674316,165,0.0,0.0,AFCG,5m
2026-03-25 15:35:00-04:00,2.6482999324798584,2.6500000953674316,2.6482999324798584,2.6500000953674316,1750,0.0,0.0,AFCG,5m
2026-03-25 15:45:00-04:00,2.6449999809265137,2.6449999809265137,2.6449999809265137,2.6449999809265137,2715,0.0,0.0,AFCG,5m
2026-03-25 15:55:00-04:00,2.630000114440918,2.630000114440918,2.615000009536743,2.615000009536743,9198,0.0,0.0,AFCG,5m
2026-03-26 09:30:00-04:00,2.609999895095825,2.6449999809265137,2.609999895095825,2.615000009536743,9498,0.0,0.0,AFCG,5m
2026-03-26 09:35:00-04:00,2.619999885559082,2.619999885559082,2.609999895095825,2.609999895095825,1445,0.0,0.0,AFCG,5m
2026-03-26 09:40:00-04:00,2.615000009536743,2.619999885559082,2.615000009536743,2.619999885559082,1542,0.0,0.0,AFCG,5m
2026-03-26 09:50:00-04:00,2.619999885559082,2.619999885559082,2.619999885559082,2.619999885559082,2237,0.0,0.0,AFCG,5m
2026-03-26 09:55:00-04:00,2.619999885559082,2.630000114440918,2.619999885559082,2.630000114440918,683,0.0,0.0,AFCG,5m
2026-03-26 10:00:00-04:00,2.638000011444092,2.638200044631958,2.634999990463257,2.634999990463257,840,0.0,0.0,AFCG,5m
2026-03-26 10:05:00-04:00,2.630000114440918,2.634999990463257,2.630000114440918,2.630000114440918,597,0.0,0.0,AFCG,5m
2026-03-26 10:10:00-04:00,2.630000114440918,2.630000114440918,2.630000114440918,2.630000114440918,513,0.0,0.0,AFCG,5m
2026-03-26 10:15:00-04:00,2.6303000450134277,2.6303000450134277,2.619999885559082,2.619999885559082,2464,0.0,0.0,AFCG,5m
2026-03-26 10:25:00-04:00,2.615000009536743,2.615000009536743,2.615000009536743,2.615000009536743,433,0.0,0.0,AFCG,5m
2026-03-26 10:30:00-04:00,2.6296000480651855,2.6296000480651855,2.6296000480651855,2.6296000480651855,389,0.0,0.0,AFCG,5m
2026-03-26 10:35:00-04:00,2.634999990463257,2.6394999027252197,2.630000114440918,2.630000114440918,1287,0.0,0.0,AFCG,5m
2026-03-26 10:40:00-04:00,2.640000104904175,2.640000104904175,2.628000020980835,2.628000020980835,664,0.0,0.0,AFCG,5m
2026-03-26 10:45:00-04:00,2.630000114440918,2.630000114440918,2.630000114440918,2.630000114440918,378,0.0,0.0,AFCG,5m
2026-03-26 10:50:00-04:00,2.619999885559082,2.630000114440918,2.619999885559082,2.630000114440918,4151,0.0,0.0,AFCG,5m
2026-03-26 10:55:00-04:00,2.630000114440918,2.634999990463257,2.630000114440918,2.634999990463257,680,0.0,0.0,AFCG,5m
2026-03-26 11:00:00-04:00,2.634999990463257,2.634999990463257,2.634999990463257,2.634999990463257,120,0.0,0.0,AFCG,5m
2026-03-26 11:05:00-04:00,2.630000114440918,2.630000114440918,2.630000114440918,2.630000114440918,437,0.0,0.0,AFCG,5m
2026-03-26 11:10:00-04:00,2.625,2.625,2.609999895095825,2.619999885559082,12856,0.0,0.0,AFCG,5m
2026-03-26 11:15:00-04:00,2.609999895095825,2.609999895095825,2.609999895095825,2.609999895095825,155,0.0,0.0,AFCG,5m
2026-03-26 11:20:00-04:00,2.615000009536743,2.615000009536743,2.6089000701904297,2.6089000701904297,799,0.0,0.0,AFCG,5m
2026-03-26 11:25:00-04:00,2.6050000190734863,2.6050000190734863,2.5999999046325684,2.5999999046325684,7392,0.0,0.0,AFCG,5m
2026-03-26 11:30:00-04:00,2.5999999046325684,2.6050000190734863,2.5999999046325684,2.6050000190734863,613,0.0,0.0,AFCG,5m
2026-03-26 11:35:00-04:00,2.6054999828338623,2.6054999828338623,2.6050000190734863,2.6050000190734863,4173,0.0,0.0,AFCG,5m
2026-03-26 11:40:00-04:00,2.6050000190734863,2.6050000190734863,2.6050000190734863,2.6050000190734863,1152,0.0,0.0,AFCG,5m
2026-03-26 11:45:00-04:00,2.6050000190734863,2.609999895095825,2.6050000190734863,2.609999895095825,1396,0.0,0.0,AFCG,5m
2026-03-26 11:50:00-04:00,2.615000009536743,2.615000009536743,2.615000009536743,2.615000009536743,748,0.0,0.0,AFCG,5m
2026-03-26 11:55:00-04:00,2.609999895095825,2.609999895095825,2.5999999046325684,2.609999895095825,6339,0.0,0.0,AFCG,5m
2026-03-26 12:00:00-04:00,2.5999999046325684,2.6050000190734863,2.5999999046325684,2.6050000190734863,2393,0.0,0.0,AFCG,5m
2026-03-26 12:10:00-04:00,2.609999895095825,2.609999895095825,2.609999895095825,2.609999895095825,4561,0.0,0.0,AFCG,5m
2026-03-26 12:15:00-04:00,2.6050000190734863,2.6050000190734863,2.6050000190734863,2.6050000190734863,1866,0.0,0.0,AFCG,5m
2026-03-26 12:30:00-04:00,2.5950000286102295,2.599900007247925,2.5950000286102295,2.599900007247925,645,0.0,0.0,AFCG,5m
2026-03-26 12:40:00-04:00,2.5950000286102295,2.5950000286102295,2.5950000286102295,2.5950000286102295,551,0.0,0.0,AFCG,5m
2026-03-26 12:50:00-04:00,2.5950000286102295,2.5950000286102295,2.5950000286102295,2.5950000286102295,331,0.0,0.0,AFCG,5m
2026-03-26 12:55:00-04:00,2.5998001098632812,2.5999999046325684,2.5950000286102295,2.5999999046325684,2465,0.0,0.0,AFCG,5m
2026-03-26 13:15:00-04:00,2.5999999046325684,2.6050000190734863,2.5950000286102295,2.6050000190734863,3401,0.0,0.0,AFCG,5m
2026-03-26 13:25:00-04:00,2.5999999046325684,2.5999999046325684,2.5950000286102295,2.5999999046325684,5545,0.0,0.0,AFCG,5m
2026-03-26 14:20:00-04:00,2.6050000190734863,2.6050000190734863,2.6050000190734863,2.6050000190734863,1738,0.0,0.0,AFCG,5m
2026-03-26 14:25:00-04:00,2.6050000190734863,2.6050000190734863,2.6050000190734863,2.6050000190734863,2572,0.0,0.0,AFCG,5m
2026-03-26 14:35:00-04:00,2.6087000370025635,2.6087000370025635,2.6087000370025635,2.6087000370025635,1000,0.0,0.0,AFCG,5m
2026-03-26 14:40:00-04:00,2.6050000190734863,2.6050000190734863,2.6050000190734863,2.6050000190734863,296,0.0,0.0,AFCG,5m
2026-03-26 14:55:00-04:00,2.6050000190734863,2.609999895095825,2.6050000190734863,2.609999895095825,364,0.0,0.0,AFCG,5m
2026-03-26 15:00:00-04:00,2.6001999378204346,2.6050000190734863,2.6001999378204346,2.6050000190734863,989,0.0,0.0,AFCG,5m
2026-03-26 15:05:00-04:00,2.5999999046325684,2.6050000190734863,2.5999999046325684,2.6050000190734863,571,0.0,0.0,AFCG,5m
2026-03-26 15:10:00-04:00,2.6050000190734863,2.609999895095825,2.5999999046325684,2.609999895095825,3424,0.0,0.0,AFCG,5m
2026-03-26 15:25:00-04:00,2.5950000286102295,2.615000009536743,2.5950000286102295,2.615000009536743,11609,0.0,0.0,AFCG,5m
2026-03-26 15:30:00-04:00,2.6198999881744385,2.6198999881744385,2.6198999881744385,2.6198999881744385,813,0.0,0.0,AFCG,5m
2026-03-26 15:45:00-04:00,2.615000009536743,2.615000009536743,2.615000009536743,2.615000009536743,1042,0.0,0.0,AFCG,5m
2026-03-26 15:50:00-04:00,2.615000009536743,2.615000009536743,2.615000009536743,2.615000009536743,481,0.0,0.0,AFCG,5m
2026-03-26 15:55:00-04:00,2.619999885559082,2.619999885559082,2.5950000286102295,2.6050000190734863,17156,0.0,0.0,AFCG,5m
2026-03-27 09:30:00-04:00,2.5899999141693115,2.619999885559082,2.5850000381469727,2.5850000381469727,6080,0.0,0.0,AFCG,5m
2026-03-27 09:35:00-04:00,2.5999999046325684,2.630000114440918,2.5999999046325684,2.6214001178741455,16456,0.0,0.0,AFCG,5m
2026-03-27 09:40:00-04:00,2.625,2.625,2.609999895095825,2.625,4288,0.0,0.0,AFCG,5m
2026-03-27 09:45:00-04:00,2.625,2.625,2.625,2.625,125,0.0,0.0,AFCG,5m
2026-03-27 09:50:00-04:00,2.625,2.630000114440918,2.619999885559082,2.619999885559082,2986,0.0,0.0,AFCG,5m
2026-03-27 09:55:00-04:00,2.615000009536743,2.615000009536743,2.615000009536743,2.615000009536743,2588,0.0,0.0,AFCG,5m
2026-03-27 10:00:00-04:00,2.5999999046325684,2.609999895095825,2.5999999046325684,2.609999895095825,9446,0.0,0.0,AFCG,5m
2026-03-27 10:05:00-04:00,2.609999895095825,2.609999895095825,2.5999999046325684,2.5999999046325684,1634,0.0,0.0,AFCG,5m
2026-03-27 10:10:00-04:00,2.5850000381469727,2.5899999141693115,2.5850000381469727,2.5899999141693115,1120,0.0,0.0,AFCG,5m
2026-03-27 10:15:00-04:00,2.5950000286102295,2.6050000190734863,2.5950000286102295,2.6050000190734863,3475,0.0,0.0,AFCG,5m
2026-03-27 10:20:00-04:00,2.6050000190734863,2.6050000190734863,2.6050000190734863,2.6050000190734863,910,0.0,0.0,AFCG,5m
2026-03-27 10:25:00-04:00,2.6050000190734863,2.609999895095825,2.5999999046325684,2.5999999046325684,2933,0.0,0.0,AFCG,5m
2026-03-27 10:40:00-04:00,2.615000009536743,2.615000009536743,2.6050000190734863,2.6050000190734863,3036,0.0,0.0,AFCG,5m
2026-03-27 10:45:00-04:00,2.6050000190734863,2.6050000190734863,2.5999999046325684,2.5999999046325684,817,0.0,0.0,AFCG,5m
2026-03-27 10:50:00-04:00,2.5950000286102295,2.609999895095825,2.5933001041412354,2.5999999046325684,4250,0.0,0.0,AFCG,5m
2026-03-27 11:00:00-04:00,2.5999999046325684,2.6050000190734863,2.5999999046325684,2.6050000190734863,570,0.0,0.0,AFCG,5m
2026-03-27 11:05:00-04:00,2.609999895095825,2.615000009536743,2.6050000190734863,2.6050000190734863,4203,0.0,0.0,AFCG,5m
2026-03-27 11:20:00-04:00,2.5950000286102295,2.630000114440918,2.5950000286102295,2.630000114440918,12296,0.0,0.0,AFCG,5m
2026-03-27 11:25:00-04:00,2.6449999809265137,2.6449999809265137,2.6449999809265137,2.6449999809265137,13388,0.0,0.0,AFCG,5m
2026-03-27 11:30:00-04:00,2.6449999809265137,2.6449999809265137,2.6449999809265137,2.6449999809265137,593,0.0,0.0,AFCG,5m
2026-03-27 11:35:00-04:00,2.6449999809265137,2.6549999713897705,2.6449999809265137,2.6549999713897705,2627,0.0,0.0,AFCG,5m
2026-03-27 11:40:00-04:00,2.6549999713897705,2.6600000858306885,2.6512999534606934,2.6600000858306885,740,0.0,0.0,AFCG,5m
2026-03-27 11:45:00-04:00,2.6700000762939453,2.6700000762939453,2.6670000553131104,2.6670000553131104,860,0.0,0.0,AFCG,5m
2026-03-27 11:50:00-04:00,2.670300006866455,2.670300006866455,2.670300006866455,2.670300006866455,575,0.0,0.0,AFCG,5m
2026-03-27 11:55:00-04:00,2.674999952316284,2.680000066757202,2.674999952316284,2.674999952316284,3661,0.0,0.0,AFCG,5m
2026-03-27 12:00:00-04:00,2.671999931335449,2.671999931335449,2.6700000762939453,2.6700000762939453,1342,0.0,0.0,AFCG,5m
2026-03-27 12:05:00-04:00,2.6649999618530273,2.6649999618530273,2.6500000953674316,2.6500000953674316,2654,0.0,0.0,AFCG,5m
2026-03-27 12:10:00-04:00,2.6501998901367188,2.6501998901367188,2.6501998901367188,2.6501998901367188,306,0.0,0.0,AFCG,5m
2026-03-27 12:15:00-04:00,2.6600000858306885,2.6600000858306885,2.6600000858306885,2.6600000858306885,844,0.0,0.0,AFCG,5m
2026-03-27 12:20:00-04:00,2.6600000858306885,2.6600000858306885,2.6600000858306885,2.6600000858306885,438,0.0,0.0,AFCG,5m
2026-03-27 12:30:00-04:00,2.6500000953674316,2.6500000953674316,2.6500000953674316,2.6500000953674316,1358,0.0,0.0,AFCG,5m
2026-03-27 12:35:00-04:00,2.6549999713897705,2.6600000858306885,2.6500000953674316,2.6600000858306885,2875,0.0,0.0,AFCG,5m
2026-03-27 12:40:00-04:00,2.6649999618530273,2.6700000762939453,2.6649999618530273,2.6700000762939453,1989,0.0,0.0,AFCG,5m
2026-03-27 12:45:00-04:00,2.6649999618530273,2.6649999618530273,2.6649999618530273,2.6649999618530273,149,0.0,0.0,AFCG,5m
2026-03-27 12:50:00-04:00,2.6649999618530273,2.6649999618530273,2.6600000858306885,2.6649999618530273,4370,0.0,0.0,AFCG,5m
2026-03-27 12:55:00-04:00,2.6549999713897705,2.6549999713897705,2.6549999713897705,2.6549999713897705,543,0.0,0.0,AFCG,5m
2026-03-27 13:00:00-04:00,2.6579999923706055,2.6579999923706055,2.6579999923706055,2.6579999923706055,308,0.0,0.0,AFCG,5m
2026-03-27 13:05:00-04:00,2.6600000858306885,2.6700000762939453,2.6600000858306885,2.6649999618530273,2357,0.0,0.0,AFCG,5m
2026-03-27 13:10:00-04:00,2.6600000858306885,2.684999942779541,2.6600000858306885,2.680000066757202,12541,0.0,0.0,AFCG,5m
2026-03-27 13:15:00-04:00,2.680000066757202,2.680000066757202,2.674999952316284,2.674999952316284,438,0.0,0.0,AFCG,5m
2026-03-27 13:20:00-04:00,2.680000066757202,2.690000057220459,2.680000066757202,2.690000057220459,6748,0.0,0.0,AFCG,5m
2026-03-27 13:25:00-04:00,2.690000057220459,2.694999933242798,2.690000057220459,2.694999933242798,1280,0.0,0.0,AFCG,5m
2026-03-27 13:35:00-04:00,2.690000057220459,2.690000057220459,2.690000057220459,2.690000057220459,178,0.0,0.0,AFCG,5m
2026-03-27 13:40:00-04:00,2.698499917984009,2.7100000381469727,2.694999933242798,2.7100000381469727,8062,0.0,0.0,AFCG,5m
2026-03-27 13:45:00-04:00,2.700000047683716,2.7200000286102295,2.700000047683716,2.7100000381469727,52333,0.0,0.0,AFCG,5m
2026-03-27 13:50:00-04:00,2.700000047683716,2.700000047683716,2.700000047683716,2.700000047683716,1420,0.0,0.0,AFCG,5m
2026-03-27 13:55:00-04:00,2.694999933242798,2.694999933242798,2.684999942779541,2.684999942779541,2862,0.0,0.0,AFCG,5m
2026-03-27 14:00:00-04:00,2.684999942779541,2.684999942779541,2.680000066757202,2.680000066757202,2121,0.0,0.0,AFCG,5m
2026-03-27 14:05:00-04:00,2.680000066757202,2.70989990234375,2.680000066757202,2.700000047683716,6425,0.0,0.0,AFCG,5m
2026-03-27 14:10:00-04:00,2.700000047683716,2.7049999237060547,2.694999933242798,2.694999933242798,10718,0.0,0.0,AFCG,5m
2026-03-27 14:15:00-04:00,2.700000047683716,2.7049999237060547,2.690000057220459,2.6998000144958496,3295,0.0,0.0,AFCG,5m
2026-03-27 14:20:00-04:00,2.7049999237060547,2.7149999141693115,2.7049999237060547,2.7149999141693115,3290,0.0,0.0,AFCG,5m
2026-03-27 14:25:00-04:00,2.7100000381469727,2.7100000381469727,2.7100000381469727,2.7100000381469727,648,0.0,0.0,AFCG,5m
2026-03-27 14:35:00-04:00,2.7100000381469727,2.7100000381469727,2.7100000381469727,2.7100000381469727,2691,0.0,0.0,AFCG,5m
2026-03-27 14:40:00-04:00,2.7100000381469727,2.720099925994873,2.7100000381469727,2.720099925994873,9436,0.0,0.0,AFCG,5m
2026-03-27 14:50:00-04:00,2.7149999141693115,2.7184998989105225,2.7149999141693115,2.7184998989105225,1286,0.0,0.0,AFCG,5m
2026-03-27 14:55:00-04:00,2.7149999141693115,2.7249999046325684,2.7149999141693115,2.7235000133514404,6619,0.0,0.0,AFCG,5m
2026-03-27 15:00:00-04:00,2.7249999046325684,2.7249999046325684,2.7200000286102295,2.7200000286102295,1526,0.0,0.0,AFCG,5m
2026-03-27 15:05:00-04:00,2.7149999141693115,2.7149999141693115,2.694999933242798,2.694999933242798,4334,0.0,0.0,AFCG,5m
2026-03-27 15:10:00-04:00,2.694999933242798,2.694999933242798,2.694999933242798,2.694999933242798,1231,0.0,0.0,AFCG,5m
2026-03-27 15:15:00-04:00,2.694999933242798,2.694999933242798,2.694999933242798,2.694999933242798,550,0.0,0.0,AFCG,5m
2026-03-27 15:20:00-04:00,2.694999933242798,2.694999933242798,2.690000057220459,2.694999933242798,6187,0.0,0.0,AFCG,5m
2026-03-27 15:25:00-04:00,2.694999933242798,2.694999933242798,2.694999933242798,2.694999933242798,200,0.0,0.0,AFCG,5m
2026-03-27 15:30:00-04:00,2.694999933242798,2.694999933242798,2.684999942779541,2.684999942779541,9706,0.0,0.0,AFCG,5m
2026-03-27 15:35:00-04:00,2.684999942779541,2.684999942779541,2.680000066757202,2.684999942779541,1021,0.0,0.0,AFCG,5m
2026-03-27 15:40:00-04:00,2.684999942779541,2.684999942779541,2.684999942779541,2.684999942779541,1446,0.0,0.0,AFCG,5m
2026-03-27 15:45:00-04:00,2.680000066757202,2.684999942779541,2.680000066757202,2.680000066757202,5135,0.0,0.0,AFCG,5m
2026-03-27 15:50:00-04:00,2.680000066757202,2.680000066757202,2.674999952316284,2.674999952316284,3036,0.0,0.0,AFCG,5m
2026-03-27 15:55:00-04:00,2.674999952316284,2.680000066757202,2.6500000953674316,2.6600000858306885,9487,0.0,0.0,AFCG,5m
2026-03-30 09:30:00-04:00,2.700000047683716,2.700000047683716,2.674999952316284,2.690000057220459,12180,0.0,0.0,AFCG,5m
2026-03-30 09:35:00-04:00,2.700000047683716,2.7100000381469727,2.700000047683716,2.7100000381469727,5015,0.0,0.0,AFCG,5m
2026-03-30 09:40:00-04:00,2.7200000286102295,2.7200000286102295,2.690700054168701,2.7100000381469727,1936,0.0,0.0,AFCG,5m
2026-03-30 09:45:00-04:00,2.719399929046631,2.7300000190734863,2.719399929046631,2.7300000190734863,5136,0.0,0.0,AFCG,5m
2026-03-30 09:50:00-04:00,2.7100000381469727,2.7100000381469727,2.7100000381469727,2.7100000381469727,2260,0.0,0.0,AFCG,5m
2026-03-30 09:55:00-04:00,2.7100000381469727,2.7100000381469727,2.7100000381469727,2.7100000381469727,3164,0.0,0.0,AFCG,5m
2026-03-30 10:00:00-04:00,2.7100000381469727,2.7200000286102295,2.7049999237060547,2.7100000381469727,8117,0.0,0.0,AFCG,5m
2026-03-30 10:05:00-04:00,2.690000057220459,2.690000057220459,2.680000066757202,2.690000057220459,3830,0.0,0.0,AFCG,5m
2026-03-30 10:10:00-04:00,2.690000057220459,2.700000047683716,2.690000057220459,2.694999933242798,1141,0.0,0.0,AFCG,5m
2026-03-30 10:15:00-04:00,2.690000057220459,2.690000057220459,2.680000066757202,2.690000057220459,5161,0.0,0.0,AFCG,5m
2026-03-30 10:20:00-04:00,2.6858999729156494,2.700000047683716,2.6858999729156494,2.700000047683716,3545,0.0,0.0,AFCG,5m
2026-03-30 10:25:00-04:00,2.694999933242798,2.694999933242798,2.690000057220459,2.690000057220459,401,0.0,0.0,AFCG,5m
2026-03-30 10:30:00-04:00,2.694999933242798,2.700000047683716,2.684999942779541,2.700000047683716,5457,0.0,0.0,AFCG,5m
2026-03-30 10:35:00-04:00,2.697999954223633,2.7200000286102295,2.697999954223633,2.7149999141693115,3157,0.0,0.0,AFCG,5m
2026-03-30 10:40:00-04:00,2.7149999141693115,2.7149999141693115,2.7049999237060547,2.7049999237060547,2215,0.0,0.0,AFCG,5m
2026-03-30 10:45:00-04:00,2.7149999141693115,2.7149999141693115,2.7149999141693115,2.7149999141693115,341,0.0,0.0,AFCG,5m
2026-03-30 10:50:00-04:00,2.7114999294281006,2.7200000286102295,2.7100000381469727,2.7200000286102295,1063,0.0,0.0,AFCG,5m
2026-03-30 11:00:00-04:00,2.7300000190734863,2.7300000190734863,2.7249999046325684,2.7300000190734863,1459,0.0,0.0,AFCG,5m
2026-03-30 11:05:00-04:00,2.734999895095825,2.734999895095825,2.7200000286102295,2.7200000286102295,2800,0.0,0.0,AFCG,5m
2026-03-30 11:15:00-04:00,2.7100000381469727,2.7100000381469727,2.7100000381469727,2.7100000381469727,417,0.0,0.0,AFCG,5m
2026-03-30 11:20:00-04:00,2.7200000286102295,2.7300000190734863,2.7200000286102295,2.7300000190734863,850,0.0,0.0,AFCG,5m
2026-03-30 11:25:00-04:00,2.720099925994873,2.7300000190734863,2.720099925994873,2.7300000190734863,2084,0.0,0.0,AFCG,5m
2026-03-30 11:30:00-04:00,2.7249999046325684,2.7249999046325684,2.7249999046325684,2.7249999046325684,307,0.0,0.0,AFCG,5m
2026-03-30 11:35:00-04:00,2.7300000190734863,2.7300000190734863,2.7300000190734863,2.7300000190734863,347,0.0,0.0,AFCG,5m
2026-03-30 11:45:00-04:00,2.7200000286102295,2.720099925994873,2.7049999237060547,2.7100000381469727,22765,0.0,0.0,AFCG,5m
2026-03-30 11:50:00-04:00,2.7049999237060547,2.7049999237060547,2.7049999237060547,2.7049999237060547,2154,0.0,0.0,AFCG,5m
2026-03-30 11:55:00-04:00,2.7049999237060547,2.7049999237060547,2.7049999237060547,2.7049999237060547,209,0.0,0.0,AFCG,5m
2026-03-30 12:00:00-04:00,2.7049999237060547,2.734999895095825,2.7049999237060547,2.734999895095825,72923,0.0,0.0,AFCG,5m
2026-03-30 12:05:00-04:00,2.734999895095825,2.734999895095825,2.734999895095825,2.734999895095825,1173,0.0,0.0,AFCG,5m
2026-03-30 12:10:00-04:00,2.740000009536743,2.740000009536743,2.734999895095825,2.734999895095825,4831,0.0,0.0,AFCG,5m
2026-03-30 12:15:00-04:00,2.734999895095825,2.734999895095825,2.73009991645813,2.734999895095825,1729,0.0,0.0,AFCG,5m
2026-03-30 12:20:00-04:00,2.740000009536743,2.740000009536743,2.7300000190734863,2.7300000190734863,5445,0.0,0.0,AFCG,5m
2026-03-30 12:30:00-04:00,2.740000009536743,2.744999885559082,2.740000009536743,2.740000009536743,7499,0.0,0.0,AFCG,5m
2026-03-30 12:35:00-04:00,2.744999885559082,2.75,2.744999885559082,2.75,987,0.0,0.0,AFCG,5m
2026-03-30 12:40:00-04:00,2.740000009536743,2.740000009536743,2.734999895095825,2.740000009536743,5671,0.0,0.0,AFCG,5m
2026-03-30 12:45:00-04:00,2.740000009536743,2.740000009536743,2.740000009536743,2.740000009536743,1047,0.0,0.0,AFCG,5m
2026-03-30 12:50:00-04:00,2.739799976348877,2.740000009536743,2.734999895095825,2.734999895095825,1370,0.0,0.0,AFCG,5m
2026-03-30 12:55:00-04:00,2.7300000190734863,2.7300000190734863,2.7300000190734863,2.7300000190734863,1542,0.0,0.0,AFCG,5m
2026-03-30 13:00:00-04:00,2.7249999046325684,2.7249999046325684,2.7249999046325684,2.7249999046325684,486,0.0,0.0,AFCG,5m
2026-03-30 13:05:00-04:00,2.7249999046325684,2.7249999046325684,2.7249999046325684,2.7249999046325684,1750,0.0,0.0,AFCG,5m
2026-03-30 13:10:00-04:00,2.7200000286102295,2.7200000286102295,2.7100000381469727,2.7100000381469727,780,0.0,0.0,AFCG,5m
2026-03-30 13:20:00-04:00,2.700000047683716,2.700000047683716,2.684999942779541,2.690000057220459,11616,0.0,0.0,AFCG,5m
2026-03-30 13:25:00-04:00,2.690000057220459,2.690000057220459,2.680000066757202,2.680000066757202,1423,0.0,0.0,AFCG,5m
2026-03-30 13:35:00-04:00,2.674999952316284,2.680000066757202,2.674999952316284,2.680000066757202,5290,0.0,0.0,AFCG,5m
2026-03-30 13:40:00-04:00,2.680000066757202,2.690000057220459,2.679800033569336,2.690000057220459,6272,0.0,0.0,AFCG,5m
2026-03-30 13:45:00-04:00,2.6882998943328857,2.6882998943328857,2.6882998943328857,2.6882998943328857,210,0.0,0.0,AFCG,5m
2026-03-30 13:50:00-04:00,2.684999942779541,2.684999942779541,2.678299903869629,2.680000066757202,884,0.0,0.0,AFCG,5m
2026-03-30 13:55:00-04:00,2.674499988555908,2.674499988555908,2.674499988555908,2.674499988555908,362,0.0,0.0,AFCG,5m
2026-03-30 14:35:00-04:00,2.674999952316284,2.674999952316284,2.674999952316284,2.674999952316284,450,0.0,0.0,AFCG,5m
2026-03-30 14:40:00-04:00,2.6700000762939453,2.6700000762939453,2.6549999713897705,2.6600000858306885,5210,0.0,0.0,AFCG,5m
2026-03-30 14:45:00-04:00,2.6500000953674316,2.6500000953674316,2.6410000324249268,2.6500000953674316,1737,0.0,0.0,AFCG,5m
2026-03-30 14:50:00-04:00,2.640000104904175,2.640000104904175,2.630000114440918,2.634999990463257,4105,0.0,0.0,AFCG,5m
2026-03-30 14:55:00-04:00,2.630000114440918,2.630000114440918,2.619999885559082,2.625,6807,0.0,0.0,AFCG,5m
2026-03-30 15:00:00-04:00,2.625,2.625,2.625,2.625,493,0.0,0.0,AFCG,5m
2026-03-30 15:05:00-04:00,2.619999885559082,2.619999885559082,2.619999885559082,2.619999885559082,1141,0.0,0.0,AFCG,5m
2026-03-30 15:10:00-04:00,2.609999895095825,2.619999885559082,2.609999895095825,2.619999885559082,5243,0.0,0.0,AFCG,5m
2026-03-30 15:15:00-04:00,2.625,2.625,2.625,2.625,141,0.0,0.0,AFCG,5m
2026-03-30 15:20:00-04:00,2.630000114440918,2.630000114440918,2.630000114440918,2.630000114440918,308,0.0,0.0,AFCG,5m
2026-03-30 15:25:00-04:00,2.625,2.630000114440918,2.625,2.630000114440918,1084,0.0,0.0,AFCG,5m
2026-03-30 15:30:00-04:00,2.630000114440918,2.640000104904175,2.630000114440918,2.640000104904175,4188,0.0,0.0,AFCG,5m
2026-03-30 15:35:00-04:00,2.640000104904175,2.6600000858306885,2.640000104904175,2.6600000858306885,18658,0.0,0.0,AFCG,5m
2026-03-30 15:40:00-04:00,2.6600000858306885,2.6600000858306885,2.6549999713897705,2.6549999713897705,5849,0.0,0.0,AFCG,5m
2026-03-30 15:45:00-04:00,2.6600000858306885,2.6649999618530273,2.6600000858306885,2.6649999618530273,2351,0.0,0.0,AFCG,5m
2026-03-30 15:50:00-04:00,2.6649999618530273,2.674999952316284,2.6649999618530273,2.6700000762939453,15161,0.0,0.0,AFCG,5m
2026-03-30 15:55:00-04:00,2.6649999618530273,2.6679999828338623,2.630000114440918,2.640000104904175,16791,0.0,0.0,AFCG,5m
2026-03-31 09:30:00-04:00,2.619999885559082,2.6500000953674316,2.619999885559082,2.630000114440918,4192,0.05,0.0,AFCG,5m
2026-03-31 09:35:00-04:00,2.640000104904175,2.6600000858306885,2.630000114440918,2.6600000858306885,3549,0.0,0.0,AFCG,5m
2026-03-31 09:40:00-04:00,2.6631999015808105,2.6631999015808105,2.6631999015808105,2.6631999015808105,2909,0.0,0.0,AFCG,5m
2026-03-31 09:45:00-04:00,2.6500000953674316,2.6500000953674316,2.6500000953674316,2.6500000953674316,658,0.0,0.0,AFCG,5m
2026-03-31 09:50:00-04:00,2.6700000762939453,2.6700000762939453,2.6700000762939453,2.6700000762939453,166,0.0,0.0,AFCG,5m
2026-03-31 09:55:00-04:00,2.669300079345703,2.669300079345703,2.669300079345703,2.669300079345703,198,0.0,0.0,AFCG,5m
2026-03-31 10:00:00-04:00,2.6696999073028564,2.6700000762939453,2.6600000858306885,2.6600000858306885,5417,0.0,0.0,AFCG,5m
2026-03-31 10:05:00-04:00,2.6500000953674316,2.680000066757202,2.640000104904175,2.680000066757202,7787,0.0,0.0,AFCG,5m
2026-03-31 10:10:00-04:00,2.690000057220459,2.690000057220459,2.690000057220459,2.690000057220459,156,0.0,0.0,AFCG,5m
2026-03-31 10:15:00-04:00,2.690000057220459,2.690000057220459,2.690000057220459,2.690000057220459,121,0.0,0.0,AFCG,5m
2026-03-31 10:20:00-04:00,2.699899911880493,2.7049999237060547,2.694999933242798,2.7049999237060547,7564,0.0,0.0,AFCG,5m
2026-03-31 10:25:00-04:00,2.7049999237060547,2.7049999237060547,2.690000057220459,2.690000057220459,9300,0.0,0.0,AFCG,5m
2026-03-31 10:30:00-04:00,2.684999942779541,2.700000047683716,2.684999942779541,2.700000047683716,4653,0.0,0.0,AFCG,5m
2026-03-31 10:35:00-04:00,2.7049999237060547,2.7049999237060547,2.694999933242798,2.7019999027252197,1475,0.0,0.0,AFCG,5m
2026-03-31 10:40:00-04:00,2.694999933242798,2.7049999237060547,2.694999933242798,2.7049999237060547,3575,0.0,0.0,AFCG,5m
2026-03-31 10:45:00-04:00,2.7100000381469727,2.7100000381469727,2.7100000381469727,2.7100000381469727,1710,0.0,0.0,AFCG,5m
2026-03-31 10:50:00-04:00,2.719899892807007,2.7249999046325684,2.719899892807007,2.7249999046325684,3030,0.0,0.0,AFCG,5m
2026-03-31 10:55:00-04:00,2.7149999141693115,2.7200000286102295,2.7149999141693115,2.7155001163482666,1412,0.0,0.0,AFCG,5m
2026-03-31 11:00:00-04:00,2.7149999141693115,2.7249999046325684,2.7149999141693115,2.7249999046325684,10089,0.0,0.0,AFCG,5m
2026-03-31 11:05:00-04:00,2.744999885559082,2.744999885559082,2.7300000190734863,2.740000009536743,2852,0.0,0.0,AFCG,5m
2026-03-31 11:10:00-04:00,2.7300000190734863,2.734999895095825,2.7300000190734863,2.734999895095825,4777,0.0,0.0,AFCG,5m
2026-03-31 11:20:00-04:00,2.75,2.755000114440918,2.740000009536743,2.740000009536743,8350,0.0,0.0,AFCG,5m
2026-03-31 11:25:00-04:00,2.740000009536743,2.740000009536743,2.734999895095825,2.734999895095825,2862,0.0,0.0,AFCG,5m
2026-03-31 11:30:00-04:00,2.734999895095825,2.734999895095825,2.734999895095825,2.734999895095825,2073,0.0,0.0,AFCG,5m
2026-03-31 11:35:00-04:00,2.75,2.75,2.744999885559082,2.744999885559082,1363,0.0,0.0,AFCG,5m
2026-03-31 11:45:00-04:00,2.734999895095825,2.734999895095825,2.734999895095825,2.734999895095825,482,0.0,0.0,AFCG,5m
2026-03-31 12:00:00-04:00,2.740000009536743,2.740000009536743,2.740000009536743,2.740000009536743,3950,0.0,0.0,AFCG,5m
2026-03-31 12:05:00-04:00,2.740000009536743,2.740000009536743,2.740000009536743,2.740000009536743,984,0.0,0.0,AFCG,5m
2026-03-31 12:30:00-04:00,2.740000009536743,2.740000009536743,2.740000009536743,2.740000009536743,541,0.0,0.0,AFCG,5m
2026-03-31 12:35:00-04:00,2.740000009536743,2.740000009536743,2.740000009536743,2.740000009536743,185,0.0,0.0,AFCG,5m
2026-03-31 12:40:00-04:00,2.75,2.805000066757202,2.75,2.759999990463257,21317,0.0,0.0,AFCG,5m
2026-03-31 12:45:00-04:00,2.7683000564575195,2.7683000564575195,2.7516000270843506,2.7516000270843506,1814,0.0,0.0,AFCG,5m
2026-03-31 12:55:00-04:00,2.759999990463257,2.759999990463257,2.759999990463257,2.759999990463257,649,0.0,0.0,AFCG,5m
2026-03-31 13:05:00-04:00,2.759999990463257,2.759999990463257,2.759999990463257,2.759999990463257,518,0.0,0.0,AFCG,5m
2026-03-31 13:10:00-04:00,2.755000114440918,2.7750000953674316,2.755000114440918,2.7699999809265137,9462,0.0,0.0,AFCG,5m
2026-03-31 13:15:00-04:00,2.7750000953674316,2.7750000953674316,2.7699999809265137,2.7750000953674316,3422,0.0,0.0,AFCG,5m
2026-03-31 13:20:00-04:00,2.7699999809265137,2.7799999713897705,2.7699999809265137,2.7799999713897705,4113,0.0,0.0,AFCG,5m
2026-03-31 13:25:00-04:00,2.7820000648498535,2.7820000648498535,2.7799999713897705,2.7799999713897705,1076,0.0,0.0,AFCG,5m
2026-03-31 13:30:00-04:00,2.7699999809265137,2.7699999809265137,2.7699999809265137,2.7699999809265137,1127,0.0,0.0,AFCG,5m
2026-03-31 13:35:00-04:00,2.7699999809265137,2.7699999809265137,2.7699999809265137,2.7699999809265137,508,0.0,0.0,AFCG,5m
2026-03-31 13:40:00-04:00,2.770900011062622,2.770900011062622,2.770900011062622,2.770900011062622,366,0.0,0.0,AFCG,5m
2026-03-31 14:00:00-04:00,2.7701001167297363,2.7701001167297363,2.7699999809265137,2.7699999809265137,1027,0.0,0.0,AFCG,5m
2026-03-31 14:05:00-04:00,2.765000104904175,2.7950000762939453,2.765000104904175,2.7920000553131104,15390,0.0,0.0,AFCG,5m
2026-03-31 14:10:00-04:00,2.79010009765625,2.7950000762939453,2.7850000858306885,2.7899999618530273,11894,0.0,0.0,AFCG,5m
2026-03-31 14:15:00-04:00,2.7920000553131104,2.7950000762939453,2.7899999618530273,2.7899999618530273,3433,0.0,0.0,AFCG,5m
2026-03-31 14:20:00-04:00,2.7964999675750732,2.799999952316284,2.7911999225616455,2.7950000762939453,16309,0.0,0.0,AFCG,5m
2026-03-31 14:25:00-04:00,2.7950000762939453,2.799999952316284,2.7899999618530273,2.799999952316284,2217,0.0,0.0,AFCG,5m
2026-03-31 14:30:00-04:00,2.7950000762939453,2.859999895095825,2.7950000762939453,2.859999895095825,44022,0.0,0.0,AFCG,5m
2026-03-31 14:35:00-04:00,2.865000009536743,2.865000009536743,2.8399999141693115,2.8420000076293945,5619,0.0,0.0,AFCG,5m
2026-03-31 14:40:00-04:00,2.8410000801086426,2.8410000801086426,2.8399999141693115,2.8403000831604004,2239,0.0,0.0,AFCG,5m
2026-03-31 14:45:00-04:00,2.8399999141693115,2.8450000286102295,2.8299999237060547,2.839900016784668,5640,0.0,0.0,AFCG,5m
2026-03-31 14:50:00-04:00,2.8350000381469727,2.8350000381469727,2.8350000381469727,2.8350000381469727,633,0.0,0.0,AFCG,5m
2026-03-31 14:55:00-04:00,2.8350000381469727,2.8350000381469727,2.8350000381469727,2.8350000381469727,814,0.0,0.0,AFCG,5m
2026-03-31 15:00:00-04:00,2.8350000381469727,2.8450000286102295,2.8350000381469727,2.8450000286102295,5170,0.0,0.0,AFCG,5m
2026-03-31 15:05:00-04:00,2.8399999141693115,2.8399999141693115,2.815000057220459,2.815000057220459,2997,0.0,0.0,AFCG,5m
2026-03-31 15:10:00-04:00,2.815000057220459,2.815000057220459,2.7899999618530273,2.795099973678589,48352,0.0,0.0,AFCG,5m
2026-03-31 15:15:00-04:00,2.799999952316284,2.799999952316284,2.799999952316284,2.799999952316284,1029,0.0,0.0,AFCG,5m
2026-03-31 15:20:00-04:00,2.7999000549316406,2.805000066757202,2.7916998863220215,2.805000066757202,9058,0.0,0.0,AFCG,5m
2026-03-31 15:30:00-04:00,2.805000066757202,2.825000047683716,2.805000066757202,2.825000047683716,16001,0.0,0.0,AFCG,5m
2026-03-31 15:35:00-04:00,2.825000047683716,2.825000047683716,2.825000047683716,2.825000047683716,192,0.0,0.0,AFCG,5m
2026-03-31 15:40:00-04:00,2.825000047683716,2.8299999237060547,2.812000036239624,2.812000036239624,9271,0.0,0.0,AFCG,5m
2026-03-31 15:45:00-04:00,2.8197999000549316,2.8397998809814453,2.815000057220459,2.8397998809814453,30648,0.0,0.0,AFCG,5m
2026-03-31 15:50:00-04:00,2.8350000381469727,2.8396999835968018,2.815000057220459,2.815000057220459,14392,0.0,0.0,AFCG,5m
2026-03-31 15:55:00-04:00,2.815000057220459,2.819999933242798,2.805000066757202,2.809999942779541,16206,0.0,0.0,AFCG,5m
2026-04-01 09:30:00-04:00,2.8399999141693115,2.9000000953674316,2.8399999141693115,2.9000000953674316,17306,0.0,0.0,AFCG,5m
2026-04-01 09:35:00-04:00,2.890000104904175,2.950000047683716,2.890000104904175,2.950000047683716,24140,0.0,0.0,AFCG,5m
2026-04-01 09:40:00-04:00,2.940000057220459,2.950000047683716,2.930000066757202,2.946899890899658,7680,0.0,0.0,AFCG,5m
2026-04-01 09:45:00-04:00,2.930000066757202,2.930000066757202,2.923099994659424,2.9260001182556152,1910,0.0,0.0,AFCG,5m
2026-04-01 09:50:00-04:00,2.9200000762939453,2.930000066757202,2.9149999618530273,2.930000066757202,2855,0.0,0.0,AFCG,5m
2026-04-01 09:55:00-04:00,2.950000047683716,2.950000047683716,2.940200090408325,2.940200090408325,14543,0.0,0.0,AFCG,5m
2026-04-01 10:00:00-04:00,2.940000057220459,2.940000057220459,2.930000066757202,2.930000066757202,1825,0.0,0.0,AFCG,5m
2026-04-01 10:05:00-04:00,2.940000057220459,2.944999933242798,2.934999942779541,2.940000057220459,5527,0.0,0.0,AFCG,5m
2026-04-01 10:10:00-04:00,2.940000057220459,2.944999933242798,2.940000057220459,2.940000057220459,7779,0.0,0.0,AFCG,5m
2026-04-01 10:20:00-04:00,2.9200000762939453,2.924999952316284,2.890000104904175,2.890000104904175,5656,0.0,0.0,AFCG,5m
2026-04-01 10:25:00-04:00,2.890000104904175,2.9165000915527344,2.890000104904175,2.9165000915527344,7493,0.0,0.0,AFCG,5m
2026-04-01 10:30:00-04:00,2.910099983215332,2.910099983215332,2.910099983215332,2.910099983215332,1417,0.0,0.0,AFCG,5m
2026-04-01 10:35:00-04:00,2.924999952316284,2.924999952316284,2.924999952316284,2.924999952316284,263,0.0,0.0,AFCG,5m
2026-04-01 10:40:00-04:00,2.9200000762939453,2.934999942779541,2.9200000762939453,2.9200000762939453,5692,0.0,0.0,AFCG,5m
2026-04-01 10:45:00-04:00,2.9200000762939453,2.9200000762939453,2.910799980163574,2.910799980163574,308,0.0,0.0,AFCG,5m
2026-04-01 10:50:00-04:00,2.9198999404907227,2.930000066757202,2.9198999404907227,2.9277000427246094,6041,0.0,0.0,AFCG,5m
2026-04-01 10:55:00-04:00,2.934999942779541,2.934999942779541,2.930000066757202,2.930000066757202,4197,0.0,0.0,AFCG,5m
2026-04-01 11:05:00-04:00,2.934999942779541,2.944999933242798,2.934999942779541,2.944999933242798,4302,0.0,0.0,AFCG,5m
2026-04-01 11:10:00-04:00,2.944999933242798,2.950000047683716,2.934999942779541,2.940000057220459,12957,0.0,0.0,AFCG,5m
2026-04-01 11:15:00-04:00,2.934999942779541,2.934999942779541,2.924999952316284,2.924999952316284,5093,0.0,0.0,AFCG,5m
2026-04-01 11:20:00-04:00,2.924999952316284,2.940000057220459,2.884999990463257,2.884999990463257,6544,0.0,0.0,AFCG,5m
2026-04-01 11:25:00-04:00,2.8810999393463135,2.884999990463257,2.880000114440918,2.880000114440918,3556,0.0,0.0,AFCG,5m
2026-04-01 11:30:00-04:00,2.880000114440918,2.880000114440918,2.869999885559082,2.869999885559082,1094,0.0,0.0,AFCG,5m
2026-04-01 11:40:00-04:00,2.8598999977111816,2.859999895095825,2.8598999977111816,2.859999895095825,1129,0.0,0.0,AFCG,5m
2026-04-01 11:45:00-04:00,2.859999895095825,2.859999895095825,2.8499999046325684,2.8499999046325684,1078,0.0,0.0,AFCG,5m
2026-04-01 11:50:00-04:00,2.8450000286102295,2.8450000286102295,2.8399999141693115,2.8399999141693115,3298,0.0,0.0,AFCG,5m
2026-04-01 12:00:00-04:00,2.841200113296509,2.841200113296509,2.8399999141693115,2.8399999141693115,1327,0.0,0.0,AFCG,5m
2026-04-01 12:05:00-04:00,2.8299999237060547,2.838900089263916,2.8299999237060547,2.838900089263916,2840,0.0,0.0,AFCG,5m
2026-04-01 12:20:00-04:00,2.8397998809814453,2.8397998809814453,2.8350000381469727,2.8350000381469727,1725,0.0,0.0,AFCG,5m
2026-04-01 12:25:00-04:00,2.8399999141693115,2.8450000286102295,2.8399999141693115,2.8399999141693115,1856,0.0,0.0,AFCG,5m
2026-04-01 12:30:00-04:00,2.825000047683716,2.825000047683716,2.825000047683716,2.825000047683716,1044,0.0,0.0,AFCG,5m
2026-04-01 12:45:00-04:00,2.825000047683716,2.825000047683716,2.809999942779541,2.815000057220459,3379,0.0,0.0,AFCG,5m
2026-04-01 12:50:00-04:00,2.8099000453948975,2.8099000453948975,2.8099000453948975,2.8099000453948975,464,0.0,0.0,AFCG,5m
2026-04-01 13:05:00-04:00,2.805000066757202,2.805000066757202,2.805000066757202,2.805000066757202,266,0.0,0.0,AFCG,5m
2026-04-01 13:10:00-04:00,2.805000066757202,2.805000066757202,2.805000066757202,2.805000066757202,586,0.0,0.0,AFCG,5m
2026-04-01 13:30:00-04:00,2.805000066757202,2.805000066757202,2.805000066757202,2.805000066757202,310,0.0,0.0,AFCG,5m
2026-04-01 13:35:00-04:00,2.799999952316284,2.799999952316284,2.7950000762939453,2.7950000762939453,4919,0.0,0.0,AFCG,5m
2026-04-01 13:50:00-04:00,2.7899999618530273,2.7899999618530273,2.7850000858306885,2.7850000858306885,578,0.0,0.0,AFCG,5m
2026-04-01 14:00:00-04:00,2.7799999713897705,2.7799999713897705,2.7799999713897705,2.7799999713897705,902,0.0,0.0,AFCG,5m
2026-04-01 14:15:00-04:00,2.7699999809265137,2.7699999809265137,2.759999990463257,2.759999990463257,1743,0.0,0.0,AFCG,5m
2026-04-01 14:20:00-04:00,2.759999990463257,2.759999990463257,2.759999990463257,2.759999990463257,785,0.0,0.0,AFCG,5m
2026-04-01 14:25:00-04:00,2.759999990463257,2.759999990463257,2.759999990463257,2.759999990463257,1342,0.0,0.0,AFCG,5m
2026-04-01 14:30:00-04:00,2.759999990463257,2.759999990463257,2.755000114440918,2.755000114440918,1670,0.0,0.0,AFCG,5m
2026-04-01 14:55:00-04:00,2.755000114440918,2.755000114440918,2.755000114440918,2.755000114440918,1187,0.0,0.0,AFCG,5m
2026-04-01 15:15:00-04:00,2.755000114440918,2.755000114440918,2.755000114440918,2.755000114440918,1157,0.0,0.0,AFCG,5m
2026-04-01 15:20:00-04:00,2.765000104904175,2.765000104904175,2.765000104904175,2.765000104904175,1043,0.0,0.0,AFCG,5m
2026-04-01 15:40:00-04:00,2.765000104904175,2.765000104904175,2.765000104904175,2.765000104904175,206,0.0,0.0,AFCG,5m
2026-04-01 15:45:00-04:00,2.765000104904175,2.765000104904175,2.765000104904175,2.765000104904175,923,0.0,0.0,AFCG,5m
2026-04-01 15:50:00-04:00,2.765000104904175,2.765000104904175,2.765000104904175,2.765000104904175,1240,0.0,0.0,AFCG,5m
2026-04-01 15:55:00-04:00,2.765000104904175,2.7750000953674316,2.759999990463257,2.7699999809265137,11551,0.0,0.0,AFCG,5m
2026-04-02 09:30:00-04:00,2.7100000381469727,2.7100000381469727,2.690000057220459,2.690000057220459,3521,0.0,0.0,AFCG,5m
2026-04-02 09:35:00-04:00,2.6963000297546387,2.6986000537872314,2.690000057220459,2.690000057220459,1204,0.0,0.0,AFCG,5m
2026-04-02 09:40:00-04:00,2.719099998474121,2.719099998474121,2.719099998474121,2.719099998474121,417,0.0,0.0,AFCG,5m
2026-04-02 09:45:00-04:00,2.699899911880493,2.699899911880493,2.699899911880493,2.699899911880493,278,0.0,0.0,AFCG,5m
2026-04-02 09:50:00-04:00,2.694999933242798,2.694999933242798,2.694999933242798,2.694999933242798,524,0.0,0.0,AFCG,5m
2026-04-02 09:55:00-04:00,2.694999933242798,2.717400074005127,2.680000066757202,2.717400074005127,837,0.0,0.0,AFCG,5m
2026-04-02 10:00:00-04:00,2.7197999954223633,2.719899892807007,2.7100000381469727,2.719899892807007,2532,0.0,0.0,AFCG,5m
2026-04-02 10:10:00-04:00,2.694999933242798,2.699899911880493,2.694999933242798,2.694999933242798,795,0.0,0.0,AFCG,5m
2026-04-02 10:15:00-04:00,2.699899911880493,2.699899911880493,2.699899911880493,2.699899911880493,1360,0.0,0.0,AFCG,5m
2026-04-02 10:25:00-04:00,2.7249999046325684,2.7300000190734863,2.7249999046325684,2.7249999046325684,1218,0.0,0.0,AFCG,5m
2026-04-02 10:30:00-04:00,2.7200000286102295,2.748699903488159,2.7200000286102295,2.748699903488159,1033,0.0,0.0,AFCG,5m
2026-04-02 10:35:00-04:00,2.75,2.799999952316284,2.75,2.7699999809265137,7876,0.0,0.0,AFCG,5m
2026-04-02 10:50:00-04:00,2.759999990463257,2.7699999809265137,2.755000114440918,2.7699999809265137,1402,0.0,0.0,AFCG,5m
2026-04-02 10:55:00-04:00,2.7699999809265137,2.7699999809265137,2.765000104904175,2.7699999809265137,1093,0.0,0.0,AFCG,5m
2026-04-02 11:05:00-04:00,2.75,2.75,2.75,2.75,7526,0.0,0.0,AFCG,5m
2026-04-02 11:10:00-04:00,2.744999885559082,2.75,2.744999885559082,2.75,948,0.0,0.0,AFCG,5m
2026-04-02 11:15:00-04:00,2.75,2.75,2.75,2.75,231,0.0,0.0,AFCG,5m
2026-04-02 11:20:00-04:00,2.740000009536743,2.740000009536743,2.7200000286102295,2.7200000286102295,3459,0.0,0.0,AFCG,5m
2026-04-02 11:25:00-04:00,2.7149999141693115,2.740000009536743,2.7149999141693115,2.740000009536743,1898,0.0,0.0,AFCG,5m
2026-04-02 11:35:00-04:00,2.734999895095825,2.740000009536743,2.734999895095825,2.740000009536743,668,0.0,0.0,AFCG,5m
2026-04-02 11:40:00-04:00,2.7300000190734863,2.7300000190734863,2.7249999046325684,2.7249999046325684,1144,0.0,0.0,AFCG,5m
2026-04-02 11:50:00-04:00,2.7300000190734863,2.7300000190734863,2.7300000190734863,2.7300000190734863,651,0.0,0.0,AFCG,5m
2026-04-02 12:00:00-04:00,2.7249999046325684,2.7249999046325684,2.7249999046325684,2.7249999046325684,368,0.0,0.0,AFCG,5m
2026-04-02 12:05:00-04:00,2.7249999046325684,2.7249999046325684,2.7249999046325684,2.7249999046325684,781,0.0,0.0,AFCG,5m
2026-04-02 12:10:00-04:00,2.7249999046325684,2.7249999046325684,2.7249999046325684,2.7249999046325684,315,0.0,0.0,AFCG,5m
2026-04-02 12:15:00-04:00,2.7249999046325684,2.7249999046325684,2.7249999046325684,2.7249999046325684,1969,0.0,0.0,AFCG,5m
2026-04-02 12:20:00-04:00,2.7200000286102295,2.7300000190734863,2.7200000286102295,2.7300000190734863,3758,0.0,0.0,AFCG,5m
2026-04-02 12:25:00-04:00,2.734999895095825,2.734999895095825,2.734999895095825,2.734999895095825,2049,0.0,0.0,AFCG,5m
2026-04-02 12:40:00-04:00,2.744999885559082,2.744999885559082,2.744999885559082,2.744999885559082,257,0.0,0.0,AFCG,5m
2026-04-02 12:55:00-04:00,2.740000009536743,2.740000009536743,2.740000009536743,2.740000009536743,219,0.0,0.0,AFCG,5m
2026-04-02 13:00:00-04:00,2.744999885559082,2.744999885559082,2.744999885559082,2.744999885559082,328,0.0,0.0,AFCG,5m
2026-04-02 13:15:00-04:00,2.747999906539917,2.759999990463257,2.744999885559082,2.759999990463257,5088,0.0,0.0,AFCG,5m
2026-04-02 13:30:00-04:00,2.765000104904175,2.765000104904175,2.765000104904175,2.765000104904175,827,0.0,0.0,AFCG,5m
2026-04-02 13:45:00-04:00,2.765000104904175,2.765000104904175,2.765000104904175,2.765000104904175,552,0.0,0.0,AFCG,5m
2026-04-02 14:00:00-04:00,2.765000104904175,2.765000104904175,2.765000104904175,2.765000104904175,1309,0.0,0.0,AFCG,5m
2026-04-02 14:30:00-04:00,2.7750000953674316,2.7750000953674316,2.7750000953674316,2.7750000953674316,215,0.0,0.0,AFCG,5m
2026-04-02 14:35:00-04:00,2.7750000953674316,2.7799999713897705,2.7750000953674316,2.7799999713897705,1750,0.0,0.0,AFCG,5m
2026-04-02 14:40:00-04:00,2.7899999618530273,2.805000066757202,2.7899999618530273,2.805000066757202,2406,0.0,0.0,AFCG,5m
2026-04-02 14:55:00-04:00,2.799999952316284,2.799999952316284,2.799999952316284,2.799999952316284,122,0.0,0.0,AFCG,5m
2026-04-02 15:00:00-04:00,2.8010001182556152,2.805000066757202,2.799999952316284,2.805000066757202,2172,0.0,0.0,AFCG,5m
2026-04-02 15:05:00-04:00,2.80049991607666,2.805000066757202,2.80049991607666,2.805000066757202,1015,0.0,0.0,AFCG,5m
2026-04-02 15:10:00-04:00,2.809999942779541,2.815000057220459,2.805000066757202,2.815000057220459,5078,0.0,0.0,AFCG,5m
2026-04-02 15:20:00-04:00,2.815000057220459,2.815000057220459,2.809999942779541,2.809999942779541,6378,0.0,0.0,AFCG,5m
2026-04-02 15:25:00-04:00,2.809999942779541,2.809999942779541,2.809999942779541,2.809999942779541,192,0.0,0.0,AFCG,5m
2026-04-02 15:30:00-04:00,2.809999942779541,2.815000057220459,2.805000066757202,2.805000066757202,4450,0.0,0.0,AFCG,5m
2026-04-02 15:35:00-04:00,2.805000066757202,2.805000066757202,2.805000066757202,2.805000066757202,6730,0.0,0.0,AFCG,5m
2026-04-02 15:40:00-04:00,2.805000066757202,2.809999942779541,2.805000066757202,2.805000066757202,2374,0.0,0.0,AFCG,5m
2026-04-02 15:45:00-04:00,2.805000066757202,2.805000066757202,2.805000066757202,2.805000066757202,709,0.0,0.0,AFCG,5m
2026-04-02 15:50:00-04:00,2.809999942779541,2.819999933242798,2.809999942779541,2.819999933242798,4273,0.0,0.0,AFCG,5m
2026-04-02 15:55:00-04:00,2.819999933242798,2.825000047683716,2.809999942779541,2.819999933242798,18450,0.0,0.0,AFCG,5m
2026-04-06 09:30:00-04:00,2.819999933242798,2.819999933242798,2.819999933242798,2.819999933242798,4241,0.0,0.0,AFCG,5m
2026-04-06 09:35:00-04:00,2.825000047683716,2.8399999141693115,2.825000047683716,2.8399999141693115,847,0.0,0.0,AFCG,5m
2026-04-06 09:40:00-04:00,2.8399999141693115,2.8399999141693115,2.8399999141693115,2.8399999141693115,887,0.0,0.0,AFCG,5m
2026-04-06 09:45:00-04:00,2.8499999046325684,2.8499999046325684,2.8399999141693115,2.8499999046325684,2129,0.0,0.0,AFCG,5m
2026-04-06 09:50:00-04:00,2.8499999046325684,2.865000009536743,2.8499999046325684,2.865000009536743,3696,0.0,0.0,AFCG,5m
2026-04-06 10:00:00-04:00,2.869999885559082,2.875,2.8299999237060547,2.8299999237060547,4442,0.0,0.0,AFCG,5m
2026-04-06 10:05:00-04:00,2.8399999141693115,2.8399999141693115,2.8399999141693115,2.8399999141693115,725,0.0,0.0,AFCG,5m
2026-04-06 10:10:00-04:00,2.8350000381469727,2.8350000381469727,2.8350000381469727,2.8350000381469727,2123,0.0,0.0,AFCG,5m
2026-04-06 10:15:00-04:00,2.8550000190734863,2.8550000190734863,2.8550000190734863,2.8550000190734863,1676,0.0,0.0,AFCG,5m
2026-04-06 10:20:00-04:00,2.859999895095825,2.869999885559082,2.8499999046325684,2.8499999046325684,3010,0.0,0.0,AFCG,5m
2026-04-06 10:25:00-04:00,2.8450000286102295,2.8450000286102295,2.8450000286102295,2.8450000286102295,684,0.0,0.0,AFCG,5m
2026-04-06 10:30:00-04:00,2.8450000286102295,2.8450000286102295,2.8399999141693115,2.8399999141693115,409,0.0,0.0,AFCG,5m
2026-04-06 10:35:00-04:00,2.825000047683716,2.829900026321411,2.819999933242798,2.819999933242798,2506,0.0,0.0,AFCG,5m
2026-04-06 10:40:00-04:00,2.8350000381469727,2.8350000381469727,2.8350000381469727,2.8350000381469727,426,0.0,0.0,AFCG,5m
2026-04-06 10:50:00-04:00,2.8496999740600586,2.8496999740600586,2.8496999740600586,2.8496999740600586,742,0.0,0.0,AFCG,5m
2026-04-06 10:55:00-04:00,2.859999895095825,2.865000009536743,2.859999895095825,2.865000009536743,1054,0.0,0.0,AFCG,5m
2026-04-06 11:00:00-04:00,2.859999895095825,2.859999895095825,2.859999895095825,2.859999895095825,692,0.0,0.0,AFCG,5m
2026-04-06 11:05:00-04:00,2.859999895095825,2.859999895095825,2.859999895095825,2.859999895095825,512,0.0,0.0,AFCG,5m
2026-04-06 11:15:00-04:00,2.8550000190734863,2.8550000190734863,2.8550000190734863,2.8550000190734863,874,0.0,0.0,AFCG,5m
2026-04-06 11:20:00-04:00,2.8550000190734863,2.8550000190734863,2.8550000190734863,2.8550000190734863,881,0.0,0.0,AFCG,5m
2026-04-06 11:40:00-04:00,2.859999895095825,2.859999895095825,2.859999895095825,2.859999895095825,865,0.0,0.0,AFCG,5m
2026-04-06 11:55:00-04:00,2.869999885559082,2.869999885559082,2.869999885559082,2.869999885559082,1875,0.0,0.0,AFCG,5m
2026-04-06 12:05:00-04:00,2.8550000190734863,2.8550000190734863,2.8550000190734863,2.8550000190734863,1007,0.0,0.0,AFCG,5m
2026-04-06 12:20:00-04:00,2.8598999977111816,2.8598999977111816,2.8550000190734863,2.8550000190734863,654,0.0,0.0,AFCG,5m
2026-04-06 12:25:00-04:00,2.8515000343322754,2.8515000343322754,2.8515000343322754,2.8515000343322754,752,0.0,0.0,AFCG,5m
2026-04-06 12:45:00-04:00,2.859999895095825,2.859999895095825,2.8550000190734863,2.8550000190734863,525,0.0,0.0,AFCG,5m
2026-04-06 12:55:00-04:00,2.8550000190734863,2.8550000190734863,2.8550000190734863,2.8550000190734863,2983,0.0,0.0,AFCG,5m
2026-04-06 13:10:00-04:00,2.8399999141693115,2.8399999141693115,2.8399999141693115,2.8399999141693115,1870,0.0,0.0,AFCG,5m
2026-04-06 13:25:00-04:00,2.8499999046325684,2.8550000190734863,2.8499999046325684,2.8550000190734863,724,0.0,0.0,AFCG,5m
2026-04-06 13:35:00-04:00,2.8598999977111816,2.8598999977111816,2.8598999977111816,2.8598999977111816,1799,0.0,0.0,AFCG,5m
2026-04-06 13:40:00-04:00,2.865000009536743,2.865000009536743,2.865000009536743,2.865000009536743,1006,0.0,0.0,AFCG,5m
2026-04-06 13:55:00-04:00,2.865000009536743,2.865000009536743,2.865000009536743,2.865000009536743,678,0.0,0.0,AFCG,5m
2026-04-06 14:10:00-04:00,2.869999885559082,2.869999885559082,2.865000009536743,2.865000009536743,2042,0.0,0.0,AFCG,5m
2026-04-06 14:15:00-04:00,2.861599922180176,2.861599922180176,2.861599922180176,2.861599922180176,462,0.0,0.0,AFCG,5m
2026-04-06 14:20:00-04:00,2.865000009536743,2.865000009536743,2.865000009536743,2.865000009536743,2808,0.0,0.0,AFCG,5m
2026-04-06 14:30:00-04:00,2.869999885559082,2.869999885559082,2.869999885559082,2.869999885559082,856,0.0,0.0,AFCG,5m
2026-04-06 14:45:00-04:00,2.869999885559082,2.869999885559082,2.869999885559082,2.869999885559082,611,0.0,0.0,AFCG,5m
2026-04-06 15:10:00-04:00,2.865000009536743,2.865000009536743,2.859999895095825,2.859999895095825,5625,0.0,0.0,AFCG,5m
2026-04-06 15:35:00-04:00,2.858599901199341,2.858599901199341,2.858599901199341,2.858599901199341,986,0.0,0.0,AFCG,5m
2026-04-06 15:45:00-04:00,2.859999895095825,2.859999895095825,2.859999895095825,2.859999895095825,311,0.0,0.0,AFCG,5m
2026-04-06 15:50:00-04:00,2.8550000190734863,2.859999895095825,2.8550000190734863,2.859999895095825,6648,0.0,0.0,AFCG,5m
2026-04-06 15:55:00-04:00,2.869999885559082,2.880000114440918,2.859999895095825,2.880000114440918,11382,0.0,0.0,AFCG,5m
2026-04-07 09:30:00-04:00,2.869999885559082,2.869999885559082,2.869999885559082,2.869999885559082,426,0.0,0.0,AFCG,5m
2026-04-07 09:35:00-04:00,2.859999895095825,2.859999895095825,2.8499999046325684,2.8499999046325684,1802,0.0,0.0,AFCG,5m
2026-04-07 09:40:00-04:00,2.8499999046325684,2.8499999046325684,2.8499999046325684,2.8499999046325684,1045,0.0,0.0,AFCG,5m
2026-04-07 09:50:00-04:00,2.869999885559082,2.869999885559082,2.869999885559082,2.869999885559082,1108,0.0,0.0,AFCG,5m
2026-04-07 09:55:00-04:00,2.859999895095825,2.859999895095825,2.859999895095825,2.859999895095825,439,0.0,0.0,AFCG,5m
2026-04-07 10:00:00-04:00,2.859999895095825,2.859999895095825,2.8550000190734863,2.859999895095825,822,0.0,0.0,AFCG,5m
2026-04-07 10:05:00-04:00,2.865000009536743,2.865000009536743,2.865000009536743,2.865000009536743,775,0.0,0.0,AFCG,5m
2026-04-07 10:10:00-04:00,2.865000009536743,2.865000009536743,2.865000009536743,2.865000009536743,159,0.0,0.0,AFCG,5m
2026-04-07 10:20:00-04:00,2.865000009536743,2.865000009536743,2.865000009536743,2.865000009536743,176,0.0,0.0,AFCG,5m
2026-04-07 10:25:00-04:00,2.865000009536743,2.865000009536743,2.865000009536743,2.865000009536743,746,0.0,0.0,AFCG,5m
2026-04-07 10:45:00-04:00,2.8499999046325684,2.8499999046325684,2.8450000286102295,2.8450000286102295,896,0.0,0.0,AFCG,5m
2026-04-07 10:50:00-04:00,2.8350000381469727,2.839900016784668,2.8350000381469727,2.839900016784668,671,0.0,0.0,AFCG,5m
2026-04-07 10:55:00-04:00,2.8350000381469727,2.8399999141693115,2.8350000381469727,2.8399999141693115,1271,0.0,0.0,AFCG,5m
2026-04-07 11:05:00-04:00,2.8299999237060547,2.8299999237060547,2.825000047683716,2.8299999237060547,1678,0.0,0.0,AFCG,5m
2026-04-07 11:10:00-04:00,2.8299999237060547,2.8299999237060547,2.8299999237060547,2.8299999237060547,403,0.0,0.0,AFCG,5m
2026-04-07 11:15:00-04:00,2.8399999141693115,2.8399999141693115,2.8399999141693115,2.8399999141693115,568,0.0,0.0,AFCG,5m
2026-04-07 11:20:00-04:00,2.8350000381469727,2.8350000381469727,2.8350000381469727,2.8350000381469727,1109,0.0,0.0,AFCG,5m
2026-04-07 11:25:00-04:00,2.8350000381469727,2.8350000381469727,2.8350000381469727,2.8350000381469727,987,0.0,0.0,AFCG,5m
2026-04-07 11:45:00-04:00,2.8399999141693115,2.8399999141693115,2.8350000381469727,2.8350000381469727,1341,0.0,0.0,AFCG,5m
2026-04-07 11:55:00-04:00,2.8450000286102295,2.8450000286102295,2.8450000286102295,2.8450000286102295,954,0.0,0.0,AFCG,5m
2026-04-07 12:00:00-04:00,2.8499999046325684,2.9000000953674316,2.8496999740600586,2.875,4575,0.0,0.0,AFCG,5m
2026-04-07 12:10:00-04:00,2.859999895095825,2.859999895095825,2.859999895095825,2.859999895095825,740,0.0,0.0,AFCG,5m
2026-04-07 12:25:00-04:00,2.865000009536743,2.8698999881744385,2.865000009536743,2.8698999881744385,579,0.0,0.0,AFCG,5m
2026-04-07 12:35:00-04:00,2.865000009536743,2.865000009536743,2.865000009536743,2.865000009536743,644,0.0,0.0,AFCG,5m
2026-04-07 13:05:00-04:00,2.865000009536743,2.865000009536743,2.859999895095825,2.859999895095825,1532,0.0,0.0,AFCG,5m
2026-04-07 13:30:00-04:00,2.869999885559082,2.869999885559082,2.869999885559082,2.869999885559082,1266,0.0,0.0,AFCG,5m
2026-04-07 13:35:00-04:00,2.8857998847961426,2.8857998847961426,2.8857998847961426,2.8857998847961426,742,0.0,0.0,AFCG,5m
2026-04-07 14:00:00-04:00,2.880000114440918,2.880000114440918,2.880000114440918,2.880000114440918,228,0.0,0.0,AFCG,5m
2026-04-07 14:05:00-04:00,2.880000114440918,2.880000114440918,2.874500036239624,2.875,1501,0.0,0.0,AFCG,5m
2026-04-07 14:10:00-04:00,2.875,2.875,2.875,2.875,1222,0.0,0.0,AFCG,5m
2026-04-07 14:25:00-04:00,2.869999885559082,2.869999885559082,2.869999885559082,2.869999885559082,261,0.0,0.0,AFCG,5m
2026-04-07 14:35:00-04:00,2.880000114440918,2.880000114440918,2.875,2.875,2477,0.0,0.0,AFCG,5m
2026-04-07 14:40:00-04:00,2.869999885559082,2.869999885559082,2.869999885559082,2.869999885559082,1252,0.0,0.0,AFCG,5m
2026-04-07 14:55:00-04:00,2.865000009536743,2.865000009536743,2.865000009536743,2.865000009536743,2866,0.0,0.0,AFCG,5m
2026-04-07 15:05:00-04:00,2.865000009536743,2.865000009536743,2.865000009536743,2.865000009536743,474,0.0,0.0,AFCG,5m
2026-04-07 15:10:00-04:00,2.859999895095825,2.859999895095825,2.859999895095825,2.859999895095825,758,0.0,0.0,AFCG,5m
2026-04-07 15:15:00-04:00,2.859999895095825,2.859999895095825,2.859999895095825,2.859999895095825,1131,0.0,0.0,AFCG,5m
2026-04-07 15:20:00-04:00,2.8701000213623047,2.875,2.8701000213623047,2.875,5400,0.0,0.0,AFCG,5m
2026-04-07 15:25:00-04:00,2.875,2.875,2.875,2.875,824,0.0,0.0,AFCG,5m
2026-04-07 15:35:00-04:00,2.869999885559082,2.869999885559082,2.865000009536743,2.865000009536743,1485,0.0,0.0,AFCG,5m
2026-04-07 15:45:00-04:00,2.869999885559082,2.875,2.869999885559082,2.869999885559082,1822,0.0,0.0,AFCG,5m
2026-04-07 15:50:00-04:00,2.869999885559082,2.869999885559082,2.861799955368042,2.861799955368042,1194,0.0,0.0,AFCG,5m
2026-04-07 15:55:00-04:00,2.865000009536743,2.865000009536743,2.8550000190734863,2.859999895095825,6652,0.0,0.0,AFCG,5m
2026-04-08 09:30:00-04:00,2.950000047683716,2.950000047683716,2.9200000762939453,2.9200000762939453,9999,0.0,0.0,AFCG,5m
2026-04-08 09:35:00-04:00,2.924999952316284,2.924999952316284,2.924999952316284,2.924999952316284,237,0.0,0.0,AFCG,5m
2026-04-08 09:40:00-04:00,2.924999952316284,2.930000066757202,2.924999952316284,2.9274001121520996,1647,0.0,0.0,AFCG,5m
2026-04-08 09:45:00-04:00,2.930000066757202,2.930000066757202,2.9200000762939453,2.9200000762939453,3441,0.0,0.0,AFCG,5m
2026-04-08 09:50:00-04:00,2.930000066757202,2.930000066757202,2.9200000762939453,2.9200000762939453,816,0.0,0.0,AFCG,5m
2026-04-08 10:00:00-04:00,2.9100000858306885,2.9100000858306885,2.9000000953674316,2.9000000953674316,4449,0.0,0.0,AFCG,5m
2026-04-08 10:05:00-04:00,2.9100000858306885,2.9149999618530273,2.9049999713897705,2.9049999713897705,2644,0.0,0.0,AFCG,5m
2026-04-08 10:15:00-04:00,2.900099992752075,2.9100000858306885,2.9000000953674316,2.9100000858306885,3550,0.0,0.0,AFCG,5m
2026-04-08 10:20:00-04:00,2.9000000953674316,2.9000000953674316,2.9000000953674316,2.9000000953674316,620,0.0,0.0,AFCG,5m
2026-04-08 10:30:00-04:00,2.890000104904175,2.890000104904175,2.890000104904175,2.890000104904175,1429,0.0,0.0,AFCG,5m
2026-04-08 10:45:00-04:00,2.8901000022888184,2.8901000022888184,2.8901000022888184,2.8901000022888184,2486,0.0,0.0,AFCG,5m
2026-04-08 10:55:00-04:00,2.869999885559082,2.875,2.869999885559082,2.875,621,0.0,0.0,AFCG,5m
2026-04-08 11:00:00-04:00,2.8949999809265137,2.8949999809265137,2.8949999809265137,2.8949999809265137,1505,0.0,0.0,AFCG,5m
2026-04-08 11:05:00-04:00,2.8949999809265137,2.9000000953674316,2.890000104904175,2.890000104904175,2510,0.0,0.0,AFCG,5m
2026-04-08 11:15:00-04:00,2.890000104904175,2.890000104904175,2.890000104904175,2.890000104904175,820,0.0,0.0,AFCG,5m
2026-04-08 11:20:00-04:00,2.889899969100952,2.889899969100952,2.889899969100952,2.889899969100952,645,0.0,0.0,AFCG,5m
2026-04-08 11:25:00-04:00,2.890000104904175,2.890000104904175,2.880000114440918,2.884999990463257,1241,0.0,0.0,AFCG,5m
2026-04-08 11:30:00-04:00,2.890000104904175,2.890000104904175,2.884999990463257,2.884999990463257,1188,0.0,0.0,AFCG,5m
2026-04-08 11:35:00-04:00,2.8949999809265137,2.8949999809265137,2.8949999809265137,2.8949999809265137,309,0.0,0.0,AFCG,5m
2026-04-08 11:40:00-04:00,2.8989999294281006,2.8989999294281006,2.884999990463257,2.8889000415802,1557,0.0,0.0,AFCG,5m
2026-04-08 12:05:00-04:00,2.8949999809265137,2.8949999809265137,2.890000104904175,2.890000104904175,617,0.0,0.0,AFCG,5m
2026-04-08 12:10:00-04:00,2.8803000450134277,2.890000104904175,2.8803000450134277,2.890000104904175,4851,0.0,0.0,AFCG,5m
2026-04-08 12:15:00-04:00,2.8949999809265137,2.8949999809265137,2.890000104904175,2.890000104904175,1090,0.0,0.0,AFCG,5m
2026-04-08 12:25:00-04:00,2.890000104904175,2.890000104904175,2.890000104904175,2.890000104904175,377,0.0,0.0,AFCG,5m
2026-04-08 12:30:00-04:00,2.884999990463257,2.884999990463257,2.884999990463257,2.884999990463257,202,0.0,0.0,AFCG,5m
2026-04-08 12:35:00-04:00,2.880000114440918,2.880000114440918,2.880000114440918,2.880000114440918,4911,0.0,0.0,AFCG,5m
2026-04-08 12:45:00-04:00,2.884999990463257,2.890000104904175,2.884999990463257,2.890000104904175,321,0.0,0.0,AFCG,5m
2026-04-08 12:50:00-04:00,2.884999990463257,2.890000104904175,2.884999990463257,2.890000104904175,404,0.0,0.0,AFCG,5m
2026-04-08 12:55:00-04:00,2.884999990463257,2.884999990463257,2.884999990463257,2.884999990463257,460,0.0,0.0,AFCG,5m
2026-04-08 13:05:00-04:00,2.869999885559082,2.869999885559082,2.8631999492645264,2.865000009536743,976,0.0,0.0,AFCG,5m
2026-04-08 13:10:00-04:00,2.865000009536743,2.865000009536743,2.859999895095825,2.859999895095825,583,0.0,0.0,AFCG,5m
2026-04-08 13:15:00-04:00,2.865000009536743,2.865000009536743,2.865000009536743,2.865000009536743,501,0.0,0.0,AFCG,5m
2026-04-08 13:20:00-04:00,2.865000009536743,2.865000009536743,2.865000009536743,2.865000009536743,173,0.0,0.0,AFCG,5m
2026-04-08 13:25:00-04:00,2.859999895095825,2.859999895095825,2.8550000190734863,2.8550000190734863,706,0.0,0.0,AFCG,5m
2026-04-08 13:30:00-04:00,2.8571999073028564,2.8571999073028564,2.8571999073028564,2.8571999073028564,300,0.0,0.0,AFCG,5m
2026-04-08 13:35:00-04:00,2.859999895095825,2.869999885559082,2.859999895095825,2.869999885559082,4527,0.0,0.0,AFCG,5m
2026-04-08 13:40:00-04:00,2.875,2.880000114440918,2.875,2.880000114440918,2145,0.0,0.0,AFCG,5m
2026-04-08 13:55:00-04:00,2.875,2.890000104904175,2.875,2.890000104904175,1151,0.0,0.0,AFCG,5m
2026-04-08 14:20:00-04:00,2.865000009536743,2.865000009536743,2.865000009536743,2.865000009536743,1150,0.0,0.0,AFCG,5m
2026-04-08 14:35:00-04:00,2.875,2.875,2.875,2.875,1525,0.0,0.0,AFCG,5m
2026-04-08 14:55:00-04:00,2.869999885559082,2.880000114440918,2.869999885559082,2.880000114440918,1909,0.0,0.0,AFCG,5m
2026-04-08 15:10:00-04:00,2.880000114440918,2.884999990463257,2.880000114440918,2.884999990463257,1451,0.0,0.0,AFCG,5m
2026-04-08 15:15:00-04:00,2.890000104904175,2.890000104904175,2.890000104904175,2.890000104904175,102,0.0,0.0,AFCG,5m
2026-04-08 15:20:00-04:00,2.890000104904175,2.890000104904175,2.890000104904175,2.890000104904175,137,0.0,0.0,AFCG,5m
2026-04-08 15:25:00-04:00,2.884999990463257,2.884999990463257,2.884999990463257,2.884999990463257,817,0.0,0.0,AFCG,5m
2026-04-08 15:30:00-04:00,2.884999990463257,2.884999990463257,2.884999990463257,2.884999990463257,379,0.0,0.0,AFCG,5m
2026-04-08 15:35:00-04:00,2.890000104904175,2.8949999809265137,2.890000104904175,2.890000104904175,821,0.0,0.0,AFCG,5m
2026-04-08 15:40:00-04:00,2.9000000953674316,2.9000000953674316,2.8949999809265137,2.8949999809265137,1651,0.0,0.0,AFCG,5m
2026-04-08 15:45:00-04:00,2.9000000953674316,2.9000000953674316,2.9000000953674316,2.9000000953674316,598,0.0,0.0,AFCG,5m
2026-04-08 15:50:00-04:00,2.9000000953674316,2.9100000858306885,2.9000000953674316,2.9100000858306885,2618,0.0,0.0,AFCG,5m
2026-04-08 15:55:00-04:00,2.9100000858306885,2.9100000858306885,2.9000000953674316,2.9100000858306885,8559,0.0,0.0,AFCG,5m
2026-04-09 09:30:00-04:00,2.859999895095825,2.9000000953674316,2.859999895095825,2.9000000953674316,10192,0.0,0.0,AFCG,5m
2026-04-09 09:40:00-04:00,2.869999885559082,2.869999885559082,2.859999895095825,2.865000009536743,959,0.0,0.0,AFCG,5m
2026-04-09 09:45:00-04:00,2.865000009536743,2.865000009536743,2.840100049972534,2.847599983215332,20761,0.0,0.0,AFCG,5m
2026-04-09 09:50:00-04:00,2.8299999237060547,2.8299999237060547,2.7200000286102295,2.7699999809265137,43614,0.0,0.0,AFCG,5m
2026-04-09 09:55:00-04:00,2.7899999618530273,2.799799919128418,2.7699999809265137,2.7750000953674316,1480,0.0,0.0,AFCG,5m
2026-04-09 10:00:00-04:00,2.7799999713897705,2.7799999713897705,2.7690000534057617,2.76990008354187,1341,0.0,0.0,AFCG,5m
2026-04-09 10:05:00-04:00,2.7750000953674316,2.7799999713897705,2.7699999809265137,2.7799999713897705,5599,0.0,0.0,AFCG,5m
2026-04-09 10:10:00-04:00,2.7699999809265137,2.7850000858306885,2.7699999809265137,2.7699999809265137,1500,0.0,0.0,AFCG,5m
2026-04-09 10:20:00-04:00,2.779900074005127,2.7899999618530273,2.7699999809265137,2.7699999809265137,3030,0.0,0.0,AFCG,5m
2026-04-09 10:25:00-04:00,2.759999990463257,2.759999990463257,2.759999990463257,2.759999990463257,398,0.0,0.0,AFCG,5m
2026-04-09 10:30:00-04:00,2.759999990463257,2.759999990463257,2.759999990463257,2.759999990463257,327,0.0,0.0,AFCG,5m
2026-04-09 10:40:00-04:00,2.755000114440918,2.755000114440918,2.75,2.75,230,0.0,0.0,AFCG,5m
2026-04-09 10:45:00-04:00,2.7400999069213867,2.7400999069213867,2.7400999069213867,2.7400999069213867,484,0.0,0.0,AFCG,5m
2026-04-09 10:50:00-04:00,2.744999885559082,2.744999885559082,2.744999885559082,2.744999885559082,549,0.0,0.0,AFCG,5m
2026-04-09 10:55:00-04:00,2.7499001026153564,2.7499001026153564,2.740000009536743,2.740000009536743,1427,0.0,0.0,AFCG,5m
2026-04-09 11:00:00-04:00,2.740000009536743,2.740000009536743,2.7300000190734863,2.739500045776367,2242,0.0,0.0,AFCG,5m
2026-04-09 11:05:00-04:00,2.740000009536743,2.75,2.736599922180176,2.744999885559082,2840,0.0,0.0,AFCG,5m
2026-04-09 11:10:00-04:00,2.7499001026153564,2.7499001026153564,2.7499001026153564,2.7499001026153564,1100,0.0,0.0,AFCG,5m
2026-04-09 11:15:00-04:00,2.744999885559082,2.744999885559082,2.744999885559082,2.744999885559082,212,0.0,0.0,AFCG,5m
2026-04-09 11:20:00-04:00,2.744999885559082,2.744999885559082,2.740000009536743,2.740000009536743,777,0.0,0.0,AFCG,5m
2026-04-09 11:30:00-04:00,2.739000082015991,2.739000082015991,2.739000082015991,2.739000082015991,1177,0.0,0.0,AFCG,5m
2026-04-09 11:35:00-04:00,2.75,2.75,2.75,2.75,374,0.0,0.0,AFCG,5m
2026-04-09 11:40:00-04:00,2.744999885559082,2.744999885559082,2.744999885559082,2.744999885559082,931,0.0,0.0,AFCG,5m
2026-04-09 11:45:00-04:00,2.7400999069213867,2.7400999069213867,2.734999895095825,2.734999895095825,735,0.0,0.0,AFCG,5m
2026-04-09 11:50:00-04:00,2.734999895095825,2.734999895095825,2.734999895095825,2.734999895095825,126,0.0,0.0,AFCG,5m
2026-04-09 12:00:00-04:00,2.734999895095825,2.740000009536743,2.734999895095825,2.740000009536743,1872,0.0,0.0,AFCG,5m
2026-04-09 12:05:00-04:00,2.7414000034332275,2.7414000034332275,2.7214999198913574,2.7249999046325684,6308,0.0,0.0,AFCG,5m
2026-04-09 12:10:00-04:00,2.734999895095825,2.734999895095825,2.7300000190734863,2.7300000190734863,988,0.0,0.0,AFCG,5m
2026-04-09 12:15:00-04:00,2.740000009536743,2.740000009536743,2.7388999462127686,2.7388999462127686,1464,0.0,0.0,AFCG,5m
2026-04-09 12:20:00-04:00,2.740000009536743,2.740000009536743,2.740000009536743,2.740000009536743,1000,0.0,0.0,AFCG,5m
2026-04-09 12:25:00-04:00,2.7300000190734863,2.7300000190734863,2.7300000190734863,2.7300000190734863,0,0.0,0.0,AFCG,5m
2026-04-09 12:35:00-04:00,2.7300000190734863,2.7300000190734863,2.7300000190734863,2.7300000190734863,575,0.0,0.0,AFCG,5m
2026-04-09 12:50:00-04:00,2.740000009536743,2.740000009536743,2.740000009536743,2.740000009536743,303,0.0,0.0,AFCG,5m
2026-04-09 12:55:00-04:00,2.740000009536743,2.740000009536743,2.740000009536743,2.740000009536743,884,0.0,0.0,AFCG,5m
2026-04-09 13:00:00-04:00,2.7300000190734863,2.7300000190734863,2.7300000190734863,2.7300000190734863,135,0.0,0.0,AFCG,5m
2026-04-09 13:05:00-04:00,2.720099925994873,2.7249999046325684,2.7200000286102295,2.7249999046325684,8433,0.0,0.0,AFCG,5m
2026-04-09 13:10:00-04:00,2.7300000190734863,2.7334001064300537,2.7200000286102295,2.723400115966797,8760,0.0,0.0,AFCG,5m
2026-04-09 13:20:00-04:00,2.7399001121520996,2.7399001121520996,2.7399001121520996,2.7399001121520996,694,0.0,0.0,AFCG,5m
2026-04-09 13:25:00-04:00,2.73009991645813,2.734999895095825,2.7300000190734863,2.734999895095825,1256,0.0,0.0,AFCG,5m
2026-04-09 13:40:00-04:00,2.734999895095825,2.734999895095825,2.734999895095825,2.734999895095825,110,0.0,0.0,AFCG,5m
2026-04-09 13:45:00-04:00,2.734999895095825,2.740000009536743,2.7300000190734863,2.7300000190734863,1827,0.0,0.0,AFCG,5m
2026-04-09 13:55:00-04:00,2.7249999046325684,2.7249999046325684,2.7249999046325684,2.7249999046325684,1062,0.0,0.0,AFCG,5m
2026-04-09 14:00:00-04:00,2.7200000286102295,2.7200000286102295,2.7149999141693115,2.7149999141693115,621,0.0,0.0,AFCG,5m
2026-04-09 14:15:00-04:00,2.7149999141693115,2.7249999046325684,2.7149999141693115,2.7249999046325684,1115,0.0,0.0,AFCG,5m
2026-04-09 14:30:00-04:00,2.7200000286102295,2.7200000286102295,2.7200000286102295,2.7200000286102295,753,0.0,0.0,AFCG,5m
2026-04-09 14:40:00-04:00,2.7100000381469727,2.7100000381469727,2.7100000381469727,2.7100000381469727,542,0.0,0.0,AFCG,5m
2026-04-09 14:45:00-04:00,2.7149999141693115,2.7149999141693115,2.7114999294281006,2.7144999504089355,2396,0.0,0.0,AFCG,5m
2026-04-09 14:55:00-04:00,2.7100000381469727,2.7149999141693115,2.7100000381469727,2.7149999141693115,2765,0.0,0.0,AFCG,5m
2026-04-09 15:05:00-04:00,2.7100000381469727,2.7100000381469727,2.7100000381469727,2.7100000381469727,1595,0.0,0.0,AFCG,5m
2026-04-09 15:15:00-04:00,2.709199905395508,2.709199905395508,2.700000047683716,2.7007999420166016,3343,0.0,0.0,AFCG,5m
2026-04-09 15:30:00-04:00,2.700000047683716,2.700000047683716,2.684999942779541,2.684999942779541,4616,0.0,0.0,AFCG,5m
2026-04-09 15:35:00-04:00,2.684999942779541,2.690000057220459,2.680000066757202,2.680000066757202,6545,0.0,0.0,AFCG,5m
2026-04-09 15:40:00-04:00,2.6600000858306885,2.6602001190185547,2.6549999713897705,2.6549999713897705,6015,0.0,0.0,AFCG,5m
2026-04-09 15:45:00-04:00,2.6549999713897705,2.6600000858306885,2.6500000953674316,2.6600000858306885,9052,0.0,0.0,AFCG,5m
2026-04-09 15:50:00-04:00,2.6500000953674316,2.6549999713897705,2.6500000953674316,2.6549999713897705,5785,0.0,0.0,AFCG,5m
2026-04-09 15:55:00-04:00,2.6500000953674316,2.6500000953674316,2.625,2.6449999809265137,21727,0.0,0.0,AFCG,5m
2026-04-10 09:30:00-04:00,2.680000066757202,2.680000066757202,2.6500000953674316,2.6649999618530273,4988,0.0,0.0,AFCG,5m
2026-04-10 09:35:00-04:00,2.6649999618530273,2.6649999618530273,2.6500000953674316,2.6500000953674316,692,0.0,0.0,AFCG,5m
2026-04-10 09:40:00-04:00,2.6600000858306885,2.6600000858306885,2.6449999809265137,2.654400110244751,1213,0.0,0.0,AFCG,5m
2026-04-10 09:50:00-04:00,2.630000114440918,2.630000114440918,2.615000009536743,2.6226000785827637,5159,0.0,0.0,AFCG,5m
2026-04-10 09:55:00-04:00,2.630000114440918,2.640000104904175,2.619999885559082,2.619999885559082,1867,0.0,0.0,AFCG,5m
2026-04-10 10:00:00-04:00,2.625,2.630000114440918,2.609999895095825,2.615600109100342,4473,0.0,0.0,AFCG,5m
2026-04-10 10:05:00-04:00,2.609999895095825,2.609999895095825,2.5899999141693115,2.5899999141693115,3642,0.0,0.0,AFCG,5m
2026-04-10 10:25:00-04:00,2.5850000381469727,2.5850000381469727,2.555000066757202,2.565000057220459,11401,0.0,0.0,AFCG,5m
2026-04-10 10:30:00-04:00,2.5671000480651855,2.569999933242798,2.565000057220459,2.565000057220459,539,0.0,0.0,AFCG,5m
2026-04-10 10:35:00-04:00,2.565000057220459,2.569999933242798,2.565000057220459,2.569999933242798,8621,0.0,0.0,AFCG,5m
2026-04-10 10:45:00-04:00,2.565000057220459,2.5899999141693115,2.565000057220459,2.5899999141693115,7894,0.0,0.0,AFCG,5m
2026-04-10 10:50:00-04:00,2.5808000564575195,2.5850000381469727,2.5808000564575195,2.5850000381469727,1375,0.0,0.0,AFCG,5m
2026-04-10 10:55:00-04:00,2.5850000381469727,2.5850000381469727,2.5850000381469727,2.5850000381469727,442,0.0,0.0,AFCG,5m
2026-04-10 11:00:00-04:00,2.578399896621704,2.578399896621704,2.578399896621704,2.578399896621704,445,0.0,0.0,AFCG,5m
2026-04-10 11:10:00-04:00,2.575000047683716,2.575000047683716,2.575000047683716,2.575000047683716,1262,0.0,0.0,AFCG,5m
2026-04-10 11:15:00-04:00,2.5799999237060547,2.5799999237060547,2.569999933242798,2.575000047683716,4044,0.0,0.0,AFCG,5m
2026-04-10 11:25:00-04:00,2.565000057220459,2.565000057220459,2.565000057220459,2.565000057220459,570,0.0,0.0,AFCG,5m
2026-04-10 11:30:00-04:00,2.565000057220459,2.565000057220459,2.5601000785827637,2.5601000785827637,352,0.0,0.0,AFCG,5m
2026-04-10 11:35:00-04:00,2.5685999393463135,2.5685999393463135,2.565000057220459,2.565000057220459,719,0.0,0.0,AFCG,5m
2026-04-10 11:40:00-04:00,2.575000047683716,2.575000047683716,2.575000047683716,2.575000047683716,1574,0.0,0.0,AFCG,5m
2026-04-10 11:55:00-04:00,2.575000047683716,2.575000047683716,2.569999933242798,2.575000047683716,2100,0.0,0.0,AFCG,5m
2026-04-10 12:15:00-04:00,2.575000047683716,2.575000047683716,2.575000047683716,2.575000047683716,738,0.0,0.0,AFCG,5m
2026-04-10 12:20:00-04:00,2.565000057220459,2.565000057220459,2.565000057220459,2.565000057220459,306,0.0,0.0,AFCG,5m
2026-04-10 12:35:00-04:00,2.565000057220459,2.565000057220459,2.565000057220459,2.565000057220459,308,0.0,0.0,AFCG,5m
2026-04-10 13:10:00-04:00,2.569999933242798,2.569999933242798,2.569999933242798,2.569999933242798,778,0.0,0.0,AFCG,5m
2026-04-10 13:15:00-04:00,2.565000057220459,2.565000057220459,2.565000057220459,2.565000057220459,2759,0.0,0.0,AFCG,5m
2026-04-10 13:40:00-04:00,2.559999942779541,2.5683000087738037,2.559999942779541,2.565000057220459,973,0.0,0.0,AFCG,5m
2026-04-10 13:50:00-04:00,2.565000057220459,2.565000057220459,2.565000057220459,2.565000057220459,1200,0.0,0.0,AFCG,5m
2026-04-10 13:55:00-04:00,2.565000057220459,2.565000057220459,2.559999942779541,2.559999942779541,2133,0.0,0.0,AFCG,5m
2026-04-10 14:00:00-04:00,2.555000066757202,2.559999942779541,2.555000066757202,2.559999942779541,1356,0.0,0.0,AFCG,5m
2026-04-10 14:10:00-04:00,2.565000057220459,2.56850004196167,2.565000057220459,2.565000057220459,1551,0.0,0.0,AFCG,5m
2026-04-10 14:20:00-04:00,2.559999942779541,2.559999942779541,2.559999942779541,2.559999942779541,239,0.0,0.0,AFCG,5m
2026-04-10 14:25:00-04:00,2.559999942779541,2.559999942779541,2.559999942779541,2.559999942779541,332,0.0,0.0,AFCG,5m
2026-04-10 14:35:00-04:00,2.559999942779541,2.559999942779541,2.555000066757202,2.559799909591675,3091,0.0,0.0,AFCG,5m
2026-04-10 14:40:00-04:00,2.559999942779541,2.565000057220459,2.555000066757202,2.565000057220459,2353,0.0,0.0,AFCG,5m
2026-04-10 14:45:00-04:00,2.565000057220459,2.565000057220459,2.560699939727783,2.560699939727783,633,0.0,0.0,AFCG,5m
2026-04-10 14:55:00-04:00,2.565000057220459,2.565000057220459,2.565000057220459,2.565000057220459,670,0.0,0.0,AFCG,5m
2026-04-10 15:10:00-04:00,2.565000057220459,2.565000057220459,2.565000057220459,2.565000057220459,4821,0.0,0.0,AFCG,5m
2026-04-10 15:15:00-04:00,2.565000057220459,2.565000057220459,2.565000057220459,2.565000057220459,5092,0.0,0.0,AFCG,5m
2026-04-10 15:20:00-04:00,2.565000057220459,2.565000057220459,2.559999942779541,2.559999942779541,862,0.0,0.0,AFCG,5m
2026-04-10 15:25:00-04:00,2.555000066757202,2.555000066757202,2.549999952316284,2.549999952316284,641,0.0,0.0,AFCG,5m
2026-04-10 15:30:00-04:00,2.5585999488830566,2.559999942779541,2.549999952316284,2.558500051498413,1877,0.0,0.0,AFCG,5m
2026-04-10 15:35:00-04:00,2.549999952316284,2.549999952316284,2.5299999713897705,2.5299999713897705,6053,0.0,0.0,AFCG,5m
2026-04-10 15:40:00-04:00,2.5399999618530273,2.555000066757202,2.5399999618530273,2.555000066757202,3464,0.0,0.0,AFCG,5m
2026-04-10 15:50:00-04:00,2.555000066757202,2.555000066757202,2.549999952316284,2.555000066757202,6543,0.0,0.0,AFCG,5m
2026-04-10 15:55:00-04:00,2.549999952316284,2.5799999237060547,2.5399999618530273,2.565000057220459,14658,0.0,0.0,AFCG,5m
2026-04-13 09:30:00-04:00,2.5399999618530273,2.559999942779541,2.5399999618530273,2.559999942779541,3050,0.0,0.0,AFCG,5m
2026-04-13 09:45:00-04:00,2.559999942779541,2.559999942779541,2.5,2.549999952316284,10590,0.0,0.0,AFCG,5m
2026-04-13 09:50:00-04:00,2.5350000858306885,2.5350000858306885,2.5350000858306885,2.5350000858306885,2550,0.0,0.0,AFCG,5m
2026-04-13 10:10:00-04:00,2.5571000576019287,2.5571000576019287,2.5450000762939453,2.5450000762939453,1240,0.0,0.0,AFCG,5m
2026-04-13 10:20:00-04:00,2.5350000858306885,2.5350000858306885,2.5350000858306885,2.5350000858306885,580,0.0,0.0,AFCG,5m
2026-04-13 10:25:00-04:00,2.5399999618530273,2.5399999618530273,2.5399999618530273,2.5399999618530273,817,0.0,0.0,AFCG,5m
2026-04-13 10:30:00-04:00,2.549999952316284,2.549999952316284,2.549999952316284,2.549999952316284,129,0.0,0.0,AFCG,5m
2026-04-13 10:35:00-04:00,2.5510001182556152,2.5510001182556152,2.5510001182556152,2.5510001182556152,411,0.0,0.0,AFCG,5m
2026-04-13 10:40:00-04:00,2.555000066757202,2.5599000453948975,2.555000066757202,2.5599000453948975,604,0.0,0.0,AFCG,5m
2026-04-13 10:45:00-04:00,2.559999942779541,2.559999942779541,2.549999952316284,2.549999952316284,884,0.0,0.0,AFCG,5m
2026-04-13 10:50:00-04:00,2.5450000762939453,2.5450000762939453,2.5450000762939453,2.5450000762939453,650,0.0,0.0,AFCG,5m
2026-04-13 11:00:00-04:00,2.558500051498413,2.558500051498413,2.5399999618530273,2.5399999618530273,1671,0.0,0.0,AFCG,5m
2026-04-13 11:05:00-04:00,2.5350000858306885,2.5350000858306885,2.5350000858306885,2.5350000858306885,275,0.0,0.0,AFCG,5m
2026-04-13 11:10:00-04:00,2.5450000762939453,2.5450000762939453,2.5450000762939453,2.5450000762939453,1828,0.0,0.0,AFCG,5m
2026-04-13 11:20:00-04:00,2.5399999618530273,2.5450000762939453,2.5399999618530273,2.5450000762939453,322,0.0,0.0,AFCG,5m
2026-04-13 11:25:00-04:00,2.5390000343322754,2.5390000343322754,2.5350000858306885,2.5350000858306885,2174,0.0,0.0,AFCG,5m
2026-04-13 11:30:00-04:00,2.5350000858306885,2.5450000762939453,2.5250000953674316,2.5450000762939453,16190,0.0,0.0,AFCG,5m
2026-04-13 11:35:00-04:00,2.5450000762939453,2.5450000762939453,2.5450000762939453,2.5450000762939453,261,0.0,0.0,AFCG,5m
2026-04-13 11:50:00-04:00,2.5450000762939453,2.555000066757202,2.5399999618530273,2.5450000762939453,12457,0.0,0.0,AFCG,5m
2026-04-13 11:55:00-04:00,2.5450000762939453,2.5450000762939453,2.5450000762939453,2.5450000762939453,419,0.0,0.0,AFCG,5m
2026-04-13 12:05:00-04:00,2.5399999618530273,2.5450000762939453,2.5299999713897705,2.5450000762939453,16970,0.0,0.0,AFCG,5m
2026-04-13 12:10:00-04:00,2.555000066757202,2.555000066757202,2.555000066757202,2.555000066757202,1259,0.0,0.0,AFCG,5m
2026-04-13 12:15:00-04:00,2.555000066757202,2.5601000785827637,2.555000066757202,2.5601000785827637,4752,0.0,0.0,AFCG,5m
2026-04-13 12:20:00-04:00,2.565000057220459,2.565000057220459,2.565000057220459,2.565000057220459,1174,0.0,0.0,AFCG,5m
2026-04-13 12:40:00-04:00,2.569999933242798,2.575000047683716,2.569999933242798,2.575000047683716,971,0.0,0.0,AFCG,5m
2026-04-13 12:45:00-04:00,2.5701000690460205,2.5701000690460205,2.5701000690460205,2.5701000690460205,2716,0.0,0.0,AFCG,5m
2026-04-13 13:00:00-04:00,2.5799999237060547,2.5850000381469727,2.5799999237060547,2.5850000381469727,1558,0.0,0.0,AFCG,5m
2026-04-13 13:30:00-04:00,2.5820999145507812,2.5850000381469727,2.5820999145507812,2.5850000381469727,5558,0.0,0.0,AFCG,5m
2026-04-13 13:40:00-04:00,2.5850000381469727,2.5850000381469727,2.5850000381469727,2.5850000381469727,200,0.0,0.0,AFCG,5m
2026-04-13 13:45:00-04:00,2.5899999141693115,2.5899999141693115,2.5850000381469727,2.5850000381469727,1517,0.0,0.0,AFCG,5m
2026-04-13 13:50:00-04:00,2.5799999237060547,2.5850000381469727,2.5799999237060547,2.5850000381469727,2538,0.0,0.0,AFCG,5m
2026-04-13 14:00:00-04:00,2.5850000381469727,2.5850000381469727,2.5850000381469727,2.5850000381469727,2476,0.0,0.0,AFCG,5m
2026-04-13 14:05:00-04:00,2.5799999237060547,2.5799999237060547,2.5799999237060547,2.5799999237060547,306,0.0,0.0,AFCG,5m
2026-04-13 14:20:00-04:00,2.5850000381469727,2.5850000381469727,2.5799999237060547,2.5799999237060547,4742,0.0,0.0,AFCG,5m
2026-04-13 14:25:00-04:00,2.569999933242798,2.569999933242798,2.569999933242798,2.569999933242798,1827,0.0,0.0,AFCG,5m
2026-04-13 14:30:00-04:00,2.569999933242798,2.569999933242798,2.569999933242798,2.569999933242798,800,0.0,0.0,AFCG,5m
2026-04-13 14:45:00-04:00,2.5620999336242676,2.565000057220459,2.549999952316284,2.555000066757202,5960,0.0,0.0,AFCG,5m
2026-04-13 14:50:00-04:00,2.555000066757202,2.555000066757202,2.555000066757202,2.555000066757202,433,0.0,0.0,AFCG,5m
2026-04-13 14:55:00-04:00,2.555000066757202,2.555000066757202,2.555000066757202,2.555000066757202,450,0.0,0.0,AFCG,5m
2026-04-13 15:00:00-04:00,2.555000066757202,2.555000066757202,2.549999952316284,2.549999952316284,4805,0.0,0.0,AFCG,5m
2026-04-13 15:05:00-04:00,2.549799919128418,2.5499000549316406,2.5450000762939453,2.5450000762939453,1922,0.0,0.0,AFCG,5m
2026-04-13 15:10:00-04:00,2.5399999618530273,2.5450000762939453,2.5399999618530273,2.5450000762939453,930,0.0,0.0,AFCG,5m
2026-04-13 15:15:00-04:00,2.5399999618530273,2.5450000762939453,2.5399999618530273,2.5450000762939453,1435,0.0,0.0,AFCG,5m
2026-04-13 15:20:00-04:00,2.5450000762939453,2.5450000762939453,2.5450000762939453,2.5450000762939453,800,0.0,0.0,AFCG,5m
2026-04-13 15:25:00-04:00,2.5450000762939453,2.5450000762939453,2.5450000762939453,2.5450000762939453,1099,0.0,0.0,AFCG,5m
2026-04-13 15:30:00-04:00,2.5450000762939453,2.5450000762939453,2.5399999618530273,2.5450000762939453,4332,0.0,0.0,AFCG,5m
2026-04-13 15:35:00-04:00,2.5450000762939453,2.5450000762939453,2.5450000762939453,2.5450000762939453,858,0.0,0.0,AFCG,5m
2026-04-13 15:40:00-04:00,2.5399999618530273,2.5399999618530273,2.5399999618530273,2.5399999618530273,2152,0.0,0.0,AFCG,5m
2026-04-13 15:45:00-04:00,2.5299999713897705,2.5450000762939453,2.5299999713897705,2.5450000762939453,8932,0.0,0.0,AFCG,5m
2026-04-13 15:50:00-04:00,2.5450000762939453,2.5450000762939453,2.5399999618530273,2.5399999618530273,4030,0.0,0.0,AFCG,5m
2026-04-13 15:55:00-04:00,2.5450000762939453,2.5450000762939453,2.5299999713897705,2.5299999713897705,13124,0.0,0.0,AFCG,5m
2026-04-14 09:30:00-04:00,2.559999942779541,2.5999999046325684,2.5450000762939453,2.559999942779541,9600,0.0,0.0,AFCG,5m
2026-04-14 09:40:00-04:00,2.609999895095825,2.609999895095825,2.609999895095825,2.609999895095825,389,0.0,0.0,AFCG,5m
2026-04-14 09:45:00-04:00,2.5999999046325684,2.5999999046325684,2.5999999046325684,2.5999999046325684,2547,0.0,0.0,AFCG,5m
2026-04-14 09:50:00-04:00,2.6050000190734863,2.6050000190734863,2.5799999237060547,2.5850000381469727,4535,0.0,0.0,AFCG,5m
2026-04-14 09:55:00-04:00,2.5969998836517334,2.5969998836517334,2.5799999237060547,2.5799999237060547,4964,0.0,0.0,AFCG,5m
2026-04-14 10:00:00-04:00,2.5850000381469727,2.5899999141693115,2.5850000381469727,2.5899999141693115,1816,0.0,0.0,AFCG,5m
2026-04-14 10:05:00-04:00,2.5899999141693115,2.5899999141693115,2.5850000381469727,2.5850000381469727,7008,0.0,0.0,AFCG,5m
2026-04-14 10:10:00-04:00,2.5889999866485596,2.5899999141693115,2.5799999237060547,2.5799999237060547,768,0.0,0.0,AFCG,5m
2026-04-14 10:15:00-04:00,2.5850000381469727,2.5850000381469727,2.5799999237060547,2.5850000381469727,617,0.0,0.0,AFCG,5m
2026-04-14 10:20:00-04:00,2.5899999141693115,2.5899999141693115,2.5899999141693115,2.5899999141693115,112,0.0,0.0,AFCG,5m
2026-04-14 10:25:00-04:00,2.5850000381469727,2.5899999141693115,2.5850000381469727,2.5850000381469727,2085,0.0,0.0,AFCG,5m
2026-04-14 10:30:00-04:00,2.5850000381469727,2.5950000286102295,2.5850000381469727,2.5950000286102295,2220,0.0,0.0,AFCG,5m
2026-04-14 10:35:00-04:00,2.6050000190734863,2.6050000190734863,2.6050000190734863,2.6050000190734863,948,0.0,0.0,AFCG,5m
2026-04-14 10:40:00-04:00,2.609999895095825,2.609999895095825,2.609999895095825,2.609999895095825,1023,0.0,0.0,AFCG,5m
2026-04-14 10:45:00-04:00,2.6050000190734863,2.6050000190734863,2.6050000190734863,2.6050000190734863,912,0.0,0.0,AFCG,5m
2026-04-14 10:50:00-04:00,2.6050000190734863,2.6050000190734863,2.6050000190734863,2.6050000190734863,414,0.0,0.0,AFCG,5m
2026-04-14 10:55:00-04:00,2.6050000190734863,2.6050000190734863,2.6050000190734863,2.6050000190734863,1112,0.0,0.0,AFCG,5m
2026-04-14 11:00:00-04:00,2.6050000190734863,2.6050000190734863,2.6050000190734863,2.6050000190734863,125,0.0,0.0,AFCG,5m
2026-04-14 11:05:00-04:00,2.6050000190734863,2.6050000190734863,2.6050000190734863,2.6050000190734863,754,0.0,0.0,AFCG,5m
2026-04-14 11:15:00-04:00,2.6050000190734863,2.6050000190734863,2.5999999046325684,2.5999999046325684,1050,0.0,0.0,AFCG,5m
2026-04-14 11:20:00-04:00,2.6050000190734863,2.6050000190734863,2.5999999046325684,2.5999999046325684,2526,0.0,0.0,AFCG,5m
2026-04-14 11:25:00-04:00,2.5950000286102295,2.5999999046325684,2.5950000286102295,2.5999999046325684,972,0.0,0.0,AFCG,5m
2026-04-14 11:30:00-04:00,2.5950000286102295,2.5950000286102295,2.590100049972534,2.590100049972534,308,0.0,0.0,AFCG,5m
2026-04-14 11:35:00-04:00,2.5950000286102295,2.5950000286102295,2.5950000286102295,2.5950000286102295,326,0.0,0.0,AFCG,5m
2026-04-14 11:40:00-04:00,2.5950000286102295,2.5950000286102295,2.5950000286102295,2.5950000286102295,231,0.0,0.0,AFCG,5m
2026-04-14 11:45:00-04:00,2.5950000286102295,2.5950000286102295,2.5950000286102295,2.5950000286102295,220,0.0,0.0,AFCG,5m
2026-04-14 11:50:00-04:00,2.5950000286102295,2.5950000286102295,2.5950000286102295,2.5950000286102295,502,0.0,0.0,AFCG,5m
2026-04-14 11:55:00-04:00,2.5950000286102295,2.5950000286102295,2.5950000286102295,2.5950000286102295,110,0.0,0.0,AFCG,5m
2026-04-14 12:00:00-04:00,2.5950000286102295,2.5950000286102295,2.5899999141693115,2.5899999141693115,578,0.0,0.0,AFCG,5m
2026-04-14 12:05:00-04:00,2.5899999141693115,2.5899999141693115,2.569999933242798,2.569999933242798,7621,0.0,0.0,AFCG,5m
2026-04-14 12:10:00-04:00,2.575000047683716,2.575000047683716,2.569999933242798,2.569999933242798,507,0.0,0.0,AFCG,5m
2026-04-14 12:15:00-04:00,2.575000047683716,2.575000047683716,2.575000047683716,2.575000047683716,119,0.0,0.0,AFCG,5m
2026-04-14 12:20:00-04:00,2.569999933242798,2.569999933242798,2.569999933242798,2.569999933242798,795,0.0,0.0,AFCG,5m
2026-04-14 12:30:00-04:00,2.575000047683716,2.575000047683716,2.565000057220459,2.565000057220459,2423,0.0,0.0,AFCG,5m
2026-04-14 12:40:00-04:00,2.565000057220459,2.565000057220459,2.565000057220459,2.565000057220459,343,0.0,0.0,AFCG,5m
2026-04-14 12:45:00-04:00,2.565000057220459,2.569999933242798,2.565000057220459,2.565000057220459,3641,0.0,0.0,AFCG,5m
2026-04-14 12:50:00-04:00,2.565000057220459,2.565000057220459,2.565000057220459,2.565000057220459,131,0.0,0.0,AFCG,5m
2026-04-14 12:55:00-04:00,2.565000057220459,2.565000057220459,2.565000057220459,2.565000057220459,381,0.0,0.0,AFCG,5m
2026-04-14 13:00:00-04:00,2.565000057220459,2.565000057220459,2.565000057220459,2.565000057220459,11182,0.0,0.0,AFCG,5m
2026-04-14 13:05:00-04:00,2.565000057220459,2.565000057220459,2.565000057220459,2.565000057220459,296,0.0,0.0,AFCG,5m
2026-04-14 13:10:00-04:00,2.565000057220459,2.565000057220459,2.559999942779541,2.559999942779541,2035,0.0,0.0,AFCG,5m
2026-04-14 13:15:00-04:00,2.565000057220459,2.565000057220459,2.565000057220459,2.565000057220459,768,0.0,0.0,AFCG,5m
2026-04-14 13:20:00-04:00,2.560800075531006,2.565000057220459,2.560800075531006,2.565000057220459,760,0.0,0.0,AFCG,5m
2026-04-14 13:25:00-04:00,2.565000057220459,2.565000057220459,2.565000057220459,2.565000057220459,2095,0.0,0.0,AFCG,5m
2026-04-14 13:30:00-04:00,2.565000057220459,2.569999933242798,2.565000057220459,2.565000057220459,753,0.0,0.0,AFCG,5m
2026-04-14 13:35:00-04:00,2.565000057220459,2.565000057220459,2.565000057220459,2.565000057220459,802,0.0,0.0,AFCG,5m
2026-04-14 13:40:00-04:00,2.565000057220459,2.575000047683716,2.565000057220459,2.575000047683716,4175,0.0,0.0,AFCG,5m
2026-04-14 13:45:00-04:00,2.575000047683716,2.575000047683716,2.575000047683716,2.575000047683716,0,0.0,0.0,AFCG,5m
2026-04-14 13:50:00-04:00,2.569999933242798,2.571000099182129,2.559999942779541,2.565000057220459,3967,0.0,0.0,AFCG,5m
2026-04-14 13:55:00-04:00,2.565000057220459,2.565000057220459,2.565000057220459,2.565000057220459,373,0.0,0.0,AFCG,5m
2026-04-14 14:00:00-04:00,2.559999942779541,2.559999942779541,2.559999942779541,2.559999942779541,335,0.0,0.0,AFCG,5m
2026-04-14 14:05:00-04:00,2.565000057220459,2.565000057220459,2.565000057220459,2.565000057220459,529,0.0,0.0,AFCG,5m
2026-04-14 14:10:00-04:00,2.559999942779541,2.559999942779541,2.555000066757202,2.555000066757202,1865,0.0,0.0,AFCG,5m
2026-04-14 14:15:00-04:00,2.549999952316284,2.549999952316284,2.5450000762939453,2.5450000762939453,736,0.0,0.0,AFCG,5m
2026-04-14 14:20:00-04:00,2.5450000762939453,2.5450000762939453,2.5350000858306885,2.5350000858306885,4289,0.0,0.0,AFCG,5m
2026-04-14 14:35:00-04:00,2.5350000858306885,2.5350000858306885,2.5350000858306885,2.5350000858306885,583,0.0,0.0,AFCG,5m
2026-04-14 14:45:00-04:00,2.5350000858306885,2.5350000858306885,2.5350000858306885,2.5350000858306885,564,0.0,0.0,AFCG,5m
2026-04-14 14:50:00-04:00,2.5299999713897705,2.5299999713897705,2.5299999713897705,2.5299999713897705,160,0.0,0.0,AFCG,5m
2026-04-14 14:55:00-04:00,2.5299999713897705,2.5299999713897705,2.5250000953674316,2.5250000953674316,5024,0.0,0.0,AFCG,5m
2026-04-14 15:00:00-04:00,2.529400110244751,2.529400110244751,2.5250000953674316,2.529400110244751,4769,0.0,0.0,AFCG,5m
2026-04-14 15:15:00-04:00,2.5250000953674316,2.5250000953674316,2.5250000953674316,2.5250000953674316,691,0.0,0.0,AFCG,5m
2026-04-14 15:20:00-04:00,2.5250000953674316,2.5250000953674316,2.5250000953674316,2.5250000953674316,1482,0.0,0.0,AFCG,5m
2026-04-14 15:30:00-04:00,2.5250000953674316,2.5299999713897705,2.5250000953674316,2.5299999713897705,7830,0.0,0.0,AFCG,5m
2026-04-14 15:35:00-04:00,2.5299999713897705,2.5299999713897705,2.5250000953674316,2.5299999713897705,2771,0.0,0.0,AFCG,5m
2026-04-14 15:40:00-04:00,2.5299999713897705,2.5350000858306885,2.5250000953674316,2.5299999713897705,4007,0.0,0.0,AFCG,5m
2026-04-14 15:45:00-04:00,2.5350000858306885,2.5350000858306885,2.5299999713897705,2.5299999713897705,4700,0.0,0.0,AFCG,5m
2026-04-14 15:50:00-04:00,2.5299999713897705,2.5299999713897705,2.5250000953674316,2.5250000953674316,7712,0.0,0.0,AFCG,5m
2026-04-14 15:55:00-04:00,2.5250000953674316,2.5299999713897705,2.5199999809265137,2.5299999713897705,18242,0.0,0.0,AFCG,5m
2026-04-15 09:30:00-04:00,2.559999942779541,2.5899999141693115,2.555000066757202,2.5899999141693115,20713,0.0,0.0,AFCG,5m
2026-04-15 09:35:00-04:00,2.561800003051758,2.561800003051758,2.561800003051758,2.561800003051758,1494,0.0,0.0,AFCG,5m
2026-04-15 09:40:00-04:00,2.5799999237060547,2.5999999046325684,2.5701000690460205,2.5701000690460205,8613,0.0,0.0,AFCG,5m
2026-04-15 09:45:00-04:00,2.569999933242798,2.569999933242798,2.569999933242798,2.569999933242798,190,0.0,0.0,AFCG,5m
2026-04-15 09:55:00-04:00,2.565000057220459,2.565000057220459,2.565000057220459,2.565000057220459,977,0.0,0.0,AFCG,5m
2026-04-15 10:00:00-04:00,2.565000057220459,2.575000047683716,2.565000057220459,2.575000047683716,3145,0.0,0.0,AFCG,5m
2026-04-15 10:05:00-04:00,2.575000047683716,2.5799999237060547,2.575000047683716,2.5799999237060547,2044,0.0,0.0,AFCG,5m
2026-04-15 10:10:00-04:00,2.5850000381469727,2.589900016784668,2.5850000381469727,2.587599992752075,6586,0.0,0.0,AFCG,5m
2026-04-15 10:15:00-04:00,2.5899999141693115,2.5899999141693115,2.5850000381469727,2.5850000381469727,1729,0.0,0.0,AFCG,5m
2026-04-15 10:20:00-04:00,2.5850000381469727,2.5850000381469727,2.5801000595092773,2.5850000381469727,996,0.0,0.0,AFCG,5m
2026-04-15 10:25:00-04:00,2.5850000381469727,2.5899999141693115,2.5850000381469727,2.5899999141693115,3397,0.0,0.0,AFCG,5m
2026-04-15 10:30:00-04:00,2.5850000381469727,2.5899999141693115,2.5850000381469727,2.5899999141693115,1322,0.0,0.0,AFCG,5m
2026-04-15 10:35:00-04:00,2.5950000286102295,2.5950000286102295,2.5950000286102295,2.5950000286102295,411,0.0,0.0,AFCG,5m
2026-04-15 10:40:00-04:00,2.5950000286102295,2.5999999046325684,2.5950000286102295,2.5989999771118164,1741,0.0,0.0,AFCG,5m
2026-04-15 10:45:00-04:00,2.5950000286102295,2.615000009536743,2.5950000286102295,2.615000009536743,3519,0.0,0.0,AFCG,5m
2026-04-15 10:50:00-04:00,2.615000009536743,2.615000009536743,2.609999895095825,2.610300064086914,1450,0.0,0.0,AFCG,5m
2026-04-15 10:55:00-04:00,2.615000009536743,2.619800090789795,2.615000009536743,2.619800090789795,1017,0.0,0.0,AFCG,5m
2026-04-15 11:00:00-04:00,2.619999885559082,2.634999990463257,2.619999885559082,2.634999990463257,4792,0.0,0.0,AFCG,5m
2026-04-15 11:05:00-04:00,2.640000104904175,2.640000104904175,2.640000104904175,2.640000104904175,4304,0.0,0.0,AFCG,5m
2026-04-15 11:10:00-04:00,2.6449999809265137,2.6449999809265137,2.6449999809265137,2.6449999809265137,664,0.0,0.0,AFCG,5m
2026-04-15 11:15:00-04:00,2.6600000858306885,2.6600000858306885,2.6549999713897705,2.6549999713897705,629,0.0,0.0,AFCG,5m
2026-04-15 11:20:00-04:00,2.6600000858306885,2.6600000858306885,2.6600000858306885,2.6600000858306885,589,0.0,0.0,AFCG,5m
2026-04-15 11:25:00-04:00,2.6603000164031982,2.6603000164031982,2.6603000164031982,2.6603000164031982,293,0.0,0.0,AFCG,5m
2026-04-15 11:30:00-04:00,2.6649999618530273,2.6649999618530273,2.6649999618530273,2.6649999618530273,1000,0.0,0.0,AFCG,5m
2026-04-15 11:35:00-04:00,2.6649999618530273,2.6649999618530273,2.6649999618530273,2.6649999618530273,1329,0.0,0.0,AFCG,5m
2026-04-15 11:40:00-04:00,2.6649999618530273,2.6649999618530273,2.6649999618530273,2.6649999618530273,1144,0.0,0.0,AFCG,5m
2026-04-15 11:45:00-04:00,2.6600000858306885,2.6600000858306885,2.6500000953674316,2.6500000953674316,15282,0.0,0.0,AFCG,5m
2026-04-15 11:50:00-04:00,2.6549999713897705,2.6549999713897705,2.650700092315674,2.650700092315674,1053,0.0,0.0,AFCG,5m
2026-04-15 11:55:00-04:00,2.6500000953674316,2.6702001094818115,2.6500000953674316,2.6702001094818115,3836,0.0,0.0,AFCG,5m
2026-04-15 12:00:00-04:00,2.674999952316284,2.674999952316284,2.674999952316284,2.674999952316284,757,0.0,0.0,AFCG,5m
2026-04-15 12:05:00-04:00,2.674999952316284,2.674999952316284,2.670099973678589,2.670099973678589,1521,0.0,0.0,AFCG,5m
2026-04-15 12:10:00-04:00,2.674999952316284,2.674999952316284,2.674999952316284,2.674999952316284,1253,0.0,0.0,AFCG,5m
2026-04-15 12:15:00-04:00,2.6702001094818115,2.674999952316284,2.6702001094818115,2.674999952316284,3424,0.0,0.0,AFCG,5m
2026-04-15 12:25:00-04:00,2.674999952316284,2.680000066757202,2.674999952316284,2.680000066757202,1740,0.0,0.0,AFCG,5m
2026-04-15 12:30:00-04:00,2.684999942779541,2.684999942779541,2.680000066757202,2.680000066757202,7131,0.0,0.0,AFCG,5m
2026-04-15 12:35:00-04:00,2.674999952316284,2.674999952316284,2.674999952316284,2.674999952316284,424,0.0,0.0,AFCG,5m
2026-04-15 12:45:00-04:00,2.6700000762939453,2.6700000762939453,2.6649999618530273,2.6700000762939453,3747,0.0,0.0,AFCG,5m
2026-04-15 12:55:00-04:00,2.6710000038146973,2.674999952316284,2.6600000858306885,2.6600000858306885,3654,0.0,0.0,AFCG,5m
2026-04-15 13:00:00-04:00,2.660099983215332,2.670099973678589,2.660099983215332,2.670099973678589,1456,0.0,0.0,AFCG,5m
2026-04-15 13:05:00-04:00,2.680000066757202,2.684999942779541,2.6700000762939453,2.684999942779541,3143,0.0,0.0,AFCG,5m
2026-04-15 13:10:00-04:00,2.684999942779541,2.684999942779541,2.684999942779541,2.684999942779541,300,0.0,0.0,AFCG,5m
2026-04-15 13:15:00-04:00,2.684999942779541,2.684999942779541,2.684999942779541,2.684999942779541,228,0.0,0.0,AFCG,5m
2026-04-15 13:20:00-04:00,2.684999942779541,2.684999942779541,2.684999942779541,2.684999942779541,3026,0.0,0.0,AFCG,5m
2026-04-15 13:25:00-04:00,2.684999942779541,2.684999942779541,2.684999942779541,2.684999942779541,325,0.0,0.0,AFCG,5m
2026-04-15 13:30:00-04:00,2.684999942779541,2.700000047683716,2.684999942779541,2.700000047683716,1294,0.0,0.0,AFCG,5m
2026-04-15 13:35:00-04:00,2.700000047683716,2.700000047683716,2.694999933242798,2.694999933242798,2070,0.0,0.0,AFCG,5m
2026-04-15 13:40:00-04:00,2.690000057220459,2.690000057220459,2.690000057220459,2.690000057220459,2925,0.0,0.0,AFCG,5m
2026-04-15 13:45:00-04:00,2.694999933242798,2.694999933242798,2.694999933242798,2.694999933242798,1825,0.0,0.0,AFCG,5m
2026-04-15 13:50:00-04:00,2.694999933242798,2.694999933242798,2.694999933242798,2.694999933242798,243,0.0,0.0,AFCG,5m
2026-04-15 13:55:00-04:00,2.700000047683716,2.7049999237060547,2.700000047683716,2.7049999237060547,3493,0.0,0.0,AFCG,5m
2026-04-15 14:00:00-04:00,2.7049999237060547,2.7049999237060547,2.7049999237060547,2.7049999237060547,1535,0.0,0.0,AFCG,5m
2026-04-15 14:05:00-04:00,2.7100000381469727,2.7200000286102295,2.7100000381469727,2.7200000286102295,1842,0.0,0.0,AFCG,5m
2026-04-15 14:10:00-04:00,2.7100000381469727,2.7100000381469727,2.7100000381469727,2.7100000381469727,1263,0.0,0.0,AFCG,5m
2026-04-15 14:15:00-04:00,2.7149999141693115,2.7149999141693115,2.7149999141693115,2.7149999141693115,500,0.0,0.0,AFCG,5m
2026-04-15 14:20:00-04:00,2.7149999141693115,2.7149999141693115,2.7149999141693115,2.7149999141693115,1234,0.0,0.0,AFCG,5m
2026-04-15 14:25:00-04:00,2.7149999141693115,2.7149999141693115,2.7149999141693115,2.7149999141693115,831,0.0,0.0,AFCG,5m
2026-04-15 14:30:00-04:00,2.7149999141693115,2.7249999046325684,2.7149999141693115,2.7249999046325684,5915,0.0,0.0,AFCG,5m
2026-04-15 14:35:00-04:00,2.7249999046325684,2.7249999046325684,2.7249999046325684,2.7249999046325684,2625,0.0,0.0,AFCG,5m
2026-04-15 14:40:00-04:00,2.7295000553131104,2.7295000553131104,2.7249999046325684,2.7249999046325684,1852,0.0,0.0,AFCG,5m
2026-04-15 14:45:00-04:00,2.7293999195098877,2.734999895095825,2.7249999046325684,2.734999895095825,3313,0.0,0.0,AFCG,5m
2026-04-15 14:50:00-04:00,2.734999895095825,2.744999885559082,2.734999895095825,2.744999885559082,1241,0.0,0.0,AFCG,5m
2026-04-15 14:55:00-04:00,2.75,2.75,2.7411000728607178,2.75,1597,0.0,0.0,AFCG,5m
2026-04-15 15:00:00-04:00,2.744999885559082,2.744999885559082,2.740000009536743,2.744999885559082,7806,0.0,0.0,AFCG,5m
2026-04-15 15:05:00-04:00,2.740000009536743,2.744999885559082,2.740000009536743,2.740000009536743,9078,0.0,0.0,AFCG,5m
2026-04-15 15:15:00-04:00,2.744999885559082,2.744999885559082,2.744999885559082,2.744999885559082,2313,0.0,0.0,AFCG,5m
2026-04-15 15:20:00-04:00,2.744999885559082,2.744999885559082,2.740799903869629,2.740799903869629,2653,0.0,0.0,AFCG,5m
2026-04-15 15:25:00-04:00,2.740000009536743,2.740000009536743,2.734999895095825,2.734999895095825,3880,0.0,0.0,AFCG,5m
2026-04-15 15:30:00-04:00,2.734999895095825,2.740000009536743,2.734999895095825,2.740000009536743,1544,0.0,0.0,AFCG,5m
2026-04-15 15:35:00-04:00,2.744999885559082,2.75,2.744999885559082,2.744999885559082,10654,0.0,0.0,AFCG,5m
2026-04-15 15:40:00-04:00,2.740000009536743,2.740000009536743,2.734999895095825,2.734999895095825,2573,0.0,0.0,AFCG,5m
2026-04-15 15:45:00-04:00,2.7249999046325684,2.7249999046325684,2.720099925994873,2.720099925994873,1549,0.0,0.0,AFCG,5m
2026-04-15 15:50:00-04:00,2.7300000190734863,2.7300000190734863,2.7249999046325684,2.7300000190734863,11412,0.0,0.0,AFCG,5m
2026-04-15 15:55:00-04:00,2.734999895095825,2.744999885559082,2.7100000381469727,2.7100000381469727,19560,0.0,0.0,AFCG,5m
2026-04-16 09:30:00-04:00,2.7300000190734863,2.7300000190734863,2.609999895095825,2.609999895095825,5342,0.0,0.0,AFCG,5m
2026-04-16 09:40:00-04:00,2.6700000762939453,2.674999952316284,2.6700000762939453,2.674999952316284,1820,0.0,0.0,AFCG,5m
2026-04-16 09:45:00-04:00,2.6630001068115234,2.6898999214172363,2.6630001068115234,2.6898999214172363,3621,0.0,0.0,AFCG,5m
2026-04-16 09:50:00-04:00,2.6900999546051025,2.7249999046325684,2.6900999546051025,2.7249999046325684,1761,0.0,0.0,AFCG,5m
2026-04-16 10:00:00-04:00,2.690000057220459,2.690000057220459,2.6700000762939453,2.6700000762939453,2510,0.0,0.0,AFCG,5m
2026-04-16 10:05:00-04:00,2.680000066757202,2.680000066757202,2.680000066757202,2.680000066757202,749,0.0,0.0,AFCG,5m
2026-04-16 10:10:00-04:00,2.700000047683716,2.700000047683716,2.6910998821258545,2.6910998821258545,528,0.0,0.0,AFCG,5m
2026-04-16 10:15:00-04:00,2.699899911880493,2.699899911880493,2.694999933242798,2.694999933242798,908,0.0,0.0,AFCG,5m
2026-04-16 10:25:00-04:00,2.674999952316284,2.674999952316284,2.6656999588012695,2.6656999588012695,698,0.0,0.0,AFCG,5m
2026-04-16 10:30:00-04:00,2.6649999618530273,2.6649999618530273,2.6649999618530273,2.6649999618530273,1054,0.0,0.0,AFCG,5m
2026-04-16 10:40:00-04:00,2.6649999618530273,2.684999942779541,2.6649999618530273,2.684999942779541,6613,0.0,0.0,AFCG,5m
2026-04-16 10:50:00-04:00,2.674999952316284,2.674999952316284,2.674999952316284,2.674999952316284,1017,0.0,0.0,AFCG,5m
2026-04-16 10:55:00-04:00,2.6649999618530273,2.674999952316284,2.660599946975708,2.674999952316284,10908,0.0,0.0,AFCG,5m
2026-04-16 11:00:00-04:00,2.674999952316284,2.674999952316284,2.674999952316284,2.674999952316284,2334,0.0,0.0,AFCG,5m
2026-04-16 11:05:00-04:00,2.674999952316284,2.674999952316284,2.6600000858306885,2.6707000732421875,1526,0.0,0.0,AFCG,5m
2026-04-16 11:10:00-04:00,2.684999942779541,2.684999942779541,2.684999942779541,2.684999942779541,3530,0.0,0.0,AFCG,5m
2026-04-16 11:20:00-04:00,2.694999933242798,2.7149999141693115,2.694999933242798,2.7149999141693115,7920,0.0,0.0,AFCG,5m
2026-04-16 11:25:00-04:00,2.7249999046325684,2.7249999046325684,2.700000047683716,2.700000047683716,1750,0.0,0.0,AFCG,5m
2026-04-16 11:30:00-04:00,2.6900999546051025,2.6900999546051025,2.690000057220459,2.690000057220459,441,0.0,0.0,AFCG,5m
2026-04-16 11:45:00-04:00,2.719899892807007,2.719899892807007,2.7100000381469727,2.7100000381469727,1309,0.0,0.0,AFCG,5m
2026-04-16 12:00:00-04:00,2.7249999046325684,2.7249999046325684,2.720099925994873,2.7249999046325684,1075,0.0,0.0,AFCG,5m
2026-04-16 12:05:00-04:00,2.7298998832702637,2.7300000190734863,2.7298998832702637,2.7300000190734863,4894,0.0,0.0,AFCG,5m
2026-04-16 12:10:00-04:00,2.744999885559082,2.744999885559082,2.744999885559082,2.744999885559082,1168,0.0,0.0,AFCG,5m
2026-04-16 12:15:00-04:00,2.75,2.75,2.75,2.75,579,0.0,0.0,AFCG,5m
2026-04-16 12:25:00-04:00,2.748199939727783,2.75,2.748199939727783,2.75,2577,0.0,0.0,AFCG,5m
2026-04-16 12:30:00-04:00,2.765000104904175,2.765000104904175,2.75,2.755000114440918,2293,0.0,0.0,AFCG,5m
2026-04-16 12:35:00-04:00,2.755000114440918,2.755000114440918,2.7500998973846436,2.7500998973846436,1394,0.0,0.0,AFCG,5m
2026-04-16 12:40:00-04:00,2.755000114440918,2.755000114440918,2.755000114440918,2.755000114440918,591,0.0,0.0,AFCG,5m
2026-04-16 12:50:00-04:00,2.755000114440918,2.755000114440918,2.7200000286102295,2.7200000286102295,4053,0.0,0.0,AFCG,5m
2026-04-16 12:55:00-04:00,2.7100000381469727,2.7249999046325684,2.7100000381469727,2.7249999046325684,2233,0.0,0.0,AFCG,5m
2026-04-16 13:00:00-04:00,2.710700035095215,2.710700035095215,2.710700035095215,2.710700035095215,662,0.0,0.0,AFCG,5m
2026-04-16 13:10:00-04:00,2.7149999141693115,2.7149999141693115,2.7149999141693115,2.7149999141693115,712,0.0,0.0,AFCG,5m
2026-04-16 13:15:00-04:00,2.7049999237060547,2.7049999237060547,2.7049999237060547,2.7049999237060547,307,0.0,0.0,AFCG,5m
2026-04-16 13:30:00-04:00,2.7049999237060547,2.7049999237060547,2.690000057220459,2.690000057220459,1993,0.0,0.0,AFCG,5m
2026-04-16 13:35:00-04:00,2.680000066757202,2.684999942779541,2.680000066757202,2.684999942779541,1109,0.0,0.0,AFCG,5m
2026-04-16 13:40:00-04:00,2.684999942779541,2.690000057220459,2.684999942779541,2.690000057220459,1847,0.0,0.0,AFCG,5m
2026-04-16 13:45:00-04:00,2.694999933242798,2.694999933242798,2.694999933242798,2.694999933242798,254,0.0,0.0,AFCG,5m
2026-04-16 13:50:00-04:00,2.694999933242798,2.694999933242798,2.694999933242798,2.694999933242798,2427,0.0,0.0,AFCG,5m
2026-04-16 14:00:00-04:00,2.694999933242798,2.694999933242798,2.684999942779541,2.684999942779541,1310,0.0,0.0,AFCG,5m
2026-04-16 14:05:00-04:00,2.690000057220459,2.690000057220459,2.684999942779541,2.684999942779541,600,0.0,0.0,AFCG,5m
2026-04-16 14:15:00-04:00,2.690000057220459,2.6900999546051025,2.6700000762939453,2.684999942779541,14133,0.0,0.0,AFCG,5m
2026-04-16 14:20:00-04:00,2.690000057220459,2.694999933242798,2.690000057220459,2.694999933242798,1441,0.0,0.0,AFCG,5m
2026-04-16 14:25:00-04:00,2.674999952316284,2.674999952316284,2.674999952316284,2.674999952316284,788,0.0,0.0,AFCG,5m
2026-04-16 14:30:00-04:00,2.690000057220459,2.690000057220459,2.6800999641418457,2.6800999641418457,2046,0.0,0.0,AFCG,5m
2026-04-16 14:45:00-04:00,2.680000066757202,2.680000066757202,2.680000066757202,2.680000066757202,4706,0.0,0.0,AFCG,5m
2026-04-16 15:00:00-04:00,2.6902999877929688,2.6902999877929688,2.6902999877929688,2.6902999877929688,308,0.0,0.0,AFCG,5m
2026-04-16 15:05:00-04:00,2.699899911880493,2.699899911880493,2.699899911880493,2.699899911880493,213,0.0,0.0,AFCG,5m
2026-04-16 15:10:00-04:00,2.699899911880493,2.705199956893921,2.699899911880493,2.705199956893921,4059,0.0,0.0,AFCG,5m
2026-04-16 15:15:00-04:00,2.7049999237060547,2.7100000381469727,2.7049999237060547,2.7100000381469727,2019,0.0,0.0,AFCG,5m
2026-04-16 15:40:00-04:00,2.7040998935699463,2.7149999141693115,2.7040998935699463,2.7149999141693115,3567,0.0,0.0,AFCG,5m
2026-04-16 15:45:00-04:00,2.7149999141693115,2.7149999141693115,2.7149999141693115,2.7149999141693115,200,0.0,0.0,AFCG,5m
2026-04-16 15:50:00-04:00,2.7049999237060547,2.7100000381469727,2.7049999237060547,2.7100000381469727,851,0.0,0.0,AFCG,5m
2026-04-16 15:55:00-04:00,2.7149999141693115,2.7149999141693115,2.700000047683716,2.7049999237060547,4973,0.0,0.0,AFCG,5m
2026-04-17 09:30:00-04:00,2.674999952316284,2.7300000190734863,2.674999952316284,2.7300000190734863,15734,0.0,0.0,AFCG,5m
2026-04-17 09:35:00-04:00,2.7137999534606934,2.7137999534606934,2.7137999534606934,2.7137999534606934,1169,0.0,0.0,AFCG,5m
2026-04-17 09:45:00-04:00,2.7399001121520996,2.7399001121520996,2.7399001121520996,2.7399001121520996,962,0.0,0.0,AFCG,5m
2026-04-17 09:50:00-04:00,2.740000009536743,2.755000114440918,2.740000009536743,2.755000114440918,3725,0.0,0.0,AFCG,5m
2026-04-17 09:55:00-04:00,2.7506000995635986,2.7506000995635986,2.7506000995635986,2.7506000995635986,534,0.0,0.0,AFCG,5m
2026-04-17 10:00:00-04:00,2.755000114440918,2.7699999809265137,2.755000114440918,2.7699999809265137,5054,0.0,0.0,AFCG,5m
2026-04-17 10:05:00-04:00,2.7699999809265137,2.7750000953674316,2.76990008354187,2.76990008354187,5075,0.0,0.0,AFCG,5m
2026-04-17 10:15:00-04:00,2.765000104904175,2.7750000953674316,2.759999990463257,2.7750000953674316,16714,0.0,0.0,AFCG,5m
2026-04-17 10:20:00-04:00,2.7899999618530273,2.7950000762939453,2.7899999618530273,2.7950000762939453,1332,0.0,0.0,AFCG,5m
2026-04-17 10:25:00-04:00,2.805000066757202,2.815000057220459,2.805000066757202,2.815000057220459,1147,0.0,0.0,AFCG,5m
2026-04-17 10:30:00-04:00,2.815000057220459,2.8299999237060547,2.815000057220459,2.8299999237060547,3201,0.0,0.0,AFCG,5m
2026-04-17 10:35:00-04:00,2.825000047683716,2.825000047683716,2.799999952316284,2.799999952316284,7321,0.0,0.0,AFCG,5m
2026-04-17 10:40:00-04:00,2.809999942779541,2.809999942779541,2.809999942779541,2.809999942779541,122,0.0,0.0,AFCG,5m
2026-04-17 10:45:00-04:00,2.805000066757202,2.805000066757202,2.800100088119507,2.800100088119507,2530,0.0,0.0,AFCG,5m
2026-04-17 10:55:00-04:00,2.799999952316284,2.799999952316284,2.799999952316284,2.799999952316284,1222,0.0,0.0,AFCG,5m
2026-04-17 11:00:00-04:00,2.799999952316284,2.805000066757202,2.799999952316284,2.805000066757202,269,0.0,0.0,AFCG,5m
2026-04-17 11:05:00-04:00,2.799999952316284,2.799999952316284,2.7999000549316406,2.7999000549316406,1955,0.0,0.0,AFCG,5m
2026-04-17 11:10:00-04:00,2.7899999618530273,2.7899999618530273,2.789900064468384,2.789900064468384,446,0.0,0.0,AFCG,5m
2026-04-17 11:15:00-04:00,2.7899999618530273,2.7899999618530273,2.7899999618530273,2.7899999618530273,347,0.0,0.0,AFCG,5m
2026-04-17 11:20:00-04:00,2.7899999618530273,2.7920000553131104,2.7750000953674316,2.7750000953674316,5016,0.0,0.0,AFCG,5m
2026-04-17 11:45:00-04:00,2.798799991607666,2.798799991607666,2.798799991607666,2.798799991607666,110,0.0,0.0,AFCG,5m
2026-04-17 11:50:00-04:00,2.799999952316284,2.799999952316284,2.799999952316284,2.799999952316284,545,0.0,0.0,AFCG,5m
2026-04-17 12:00:00-04:00,2.799999952316284,2.799999952316284,2.799999952316284,2.799999952316284,200,0.0,0.0,AFCG,5m
2026-04-17 12:05:00-04:00,2.800800085067749,2.805000066757202,2.800800085067749,2.805000066757202,2672,0.0,0.0,AFCG,5m
2026-04-17 12:10:00-04:00,2.799999952316284,2.8024001121520996,2.799999952316284,2.8024001121520996,3070,0.0,0.0,AFCG,5m
2026-04-17 12:15:00-04:00,2.805000066757202,2.805000066757202,2.805000066757202,2.805000066757202,128,0.0,0.0,AFCG,5m
2026-04-17 12:25:00-04:00,2.805000066757202,2.805000066757202,2.8013999462127686,2.8013999462127686,610,0.0,0.0,AFCG,5m
2026-04-17 12:35:00-04:00,2.805000066757202,2.805000066757202,2.805000066757202,2.805000066757202,151,0.0,0.0,AFCG,5m
2026-04-17 12:40:00-04:00,2.805000066757202,2.819999933242798,2.805000066757202,2.819999933242798,4340,0.0,0.0,AFCG,5m
2026-04-17 12:45:00-04:00,2.819999933242798,2.8201000690460205,2.809999942779541,2.819999933242798,13196,0.0,0.0,AFCG,5m
2026-04-17 12:55:00-04:00,2.805000066757202,2.805000066757202,2.805000066757202,2.805000066757202,1360,0.0,0.0,AFCG,5m
2026-04-17 13:05:00-04:00,2.799999952316284,2.799999952316284,2.7950000762939453,2.7950000762939453,1413,0.0,0.0,AFCG,5m
2026-04-17 13:10:00-04:00,2.805000066757202,2.805000066757202,2.805000066757202,2.805000066757202,142,0.0,0.0,AFCG,5m
2026-04-17 13:15:00-04:00,2.799999952316284,2.800100088119507,2.799999952316284,2.799999952316284,3615,0.0,0.0,AFCG,5m
2026-04-17 13:20:00-04:00,2.7899999618530273,2.7899999618530273,2.7899999618530273,2.7899999618530273,1449,0.0,0.0,AFCG,5m
2026-04-17 13:25:00-04:00,2.7899999618530273,2.7899999618530273,2.7899999618530273,2.7899999618530273,2358,0.0,0.0,AFCG,5m
2026-04-17 13:30:00-04:00,2.7850000858306885,2.7850000858306885,2.7850000858306885,2.7850000858306885,1040,0.0,0.0,AFCG,5m
2026-04-17 13:35:00-04:00,2.7799999713897705,2.7799999713897705,2.7750000953674316,2.7750000953674316,1117,0.0,0.0,AFCG,5m
2026-04-17 13:40:00-04:00,2.779900074005127,2.779900074005127,2.779900074005127,2.779900074005127,816,0.0,0.0,AFCG,5m
2026-04-17 13:45:00-04:00,2.7750000953674316,2.7799999713897705,2.7750000953674316,2.7799999713897705,1936,0.0,0.0,AFCG,5m
2026-04-17 14:10:00-04:00,2.7799999713897705,2.7799999713897705,2.7799999713897705,2.7799999713897705,1361,0.0,0.0,AFCG,5m
2026-04-17 14:25:00-04:00,2.7799999713897705,2.7799999713897705,2.7799999713897705,2.7799999713897705,963,0.0,0.0,AFCG,5m
2026-04-17 14:30:00-04:00,2.7799999713897705,2.7850000858306885,2.7799999713897705,2.7850000858306885,3433,0.0,0.0,AFCG,5m
2026-04-17 14:40:00-04:00,2.7799999713897705,2.7799999713897705,2.7699999809265137,2.7699999809265137,2647,0.0,0.0,AFCG,5m
2026-04-17 14:50:00-04:00,2.765000104904175,2.765000104904175,2.765000104904175,2.765000104904175,1720,0.0,0.0,AFCG,5m
2026-04-17 15:00:00-04:00,2.7697999477386475,2.7799999713897705,2.7697999477386475,2.7799999713897705,6203,0.0,0.0,AFCG,5m
2026-04-17 15:15:00-04:00,2.7799999713897705,2.7799999713897705,2.7799999713897705,2.7799999713897705,2164,0.0,0.0,AFCG,5m
2026-04-17 15:35:00-04:00,2.7699999809265137,2.7699999809265137,2.7699999809265137,2.7699999809265137,5057,0.0,0.0,AFCG,5m
2026-04-17 15:55:00-04:00,2.7850000858306885,2.7899999618530273,2.7799999713897705,2.7899999618530273,6167,0.0,0.0,AFCG,5m
